pitch_type,game_date,release_speed,release_pos_x,release_pos_z,player_name,batter,pitcher,events,description,spin_dir,spin_rate_deprecated,break_angle_deprecated,break_length_deprecated,zone,des,game_type,stand,p_throws,home_team,away_team,type,hit_location,bb_type,balls,strikes,game_year,pfx_x,pfx_z,plate_x,plate_z,on_3b,on_2b,on_1b,outs_when_up,inning,inning_topbot,hc_x,hc_y,tfs_deprecated,tfs_zulu_deprecated,umpire,sv_id,vx0,vy0,vz0,ax,ay,az,sz_top,sz_bot,hit_distance_sc,launch_speed,launch_angle,effective_speed,release_spin_rate,release_extension,game_pk,fielder_2,fielder_3,fielder_4,fielder_5,fielder_6,fielder_7,fielder_8,fielder_9,release_pos_y,estimated_ba_using_speedangle,estimated_woba_using_speedangle,woba_value,woba_denom,babip_value,iso_value,launch_speed_angle,at_bat_number,pitch_number,pitch_name,home_score,away_score,bat_score,fld_score,post_away_score,post_home_score,post_bat_score,post_fld_score,if_fielding_alignment,of_fielding_alignment,spin_axis,delta_home_win_exp,delta_run_exp,bat_speed,swing_length,estimated_slg_using_speedangle,delta_pitcher_run_exp,hyper_speed,home_score_diff,bat_score_diff,home_win_exp,bat_win_exp,age_pit_legacy,age_bat_legacy,age_pit,age_bat,n_thruorder_pitcher,n_priorpa_thisgame_player_at_bat,pitcher_days_since_prev_game,batter_days_since_prev_game,pitcher_days_until_next_game,batter_days_until_next_game,api_break_z_with_gravity,api_break_x_arm,api_break_x_batter_in,arm_angle,attack_angle,attack_direction,swing_path_tilt,intercept_ball_minus_batter_pos_x_inches,intercept_ball_minus_batter_pos_y_inches
FF,2018-10-09,92.2,-1.61,6.15,"Judge, Aaron",592450,519144,field_out,hit_into_play,,,,,2.0,Aaron Judge flies out to right fielder Mookie Betts.,D,R,R,NYY,BOS,X,9.0,fly_ball,1,2,2018,-0.74,1.65,-0.06,3.2,,,,0,4,Bot,183.99,84.87,,,,,5.49802932500563,-134.045403481731,-5.16515310226716,-10.0308688387987,29.5960900126183,-11.6547978389948,3.76,1.75,304.0,94.8,44.0,91.6,2552.0,6.0,563376,543877,456665,435079,456488,593428,643217,598265,605141,54.47,0.013,0.022,0.0,1.0,0.0,0.0,3.0,32,4,4-Seam Fastball,0,4,0,4,4,0,0,4,Infield shift,Standard,204.0,-0.015,-0.187,,,0.04,0.187,94.8,-4,-4,0.139,0.139,29,26,30,26,2,1,4.0,1.0,5.0,,1.08,0.74,0.74,,,,,,
FF,2018-10-09,96.6,-1.65,6.32,"Judge, Aaron",592450,598264,field_out,hit_into_play,,,,,4.0,"Aaron Judge grounds out, shortstop Xander Bogaerts to first baseman Steve Pearce.",D,R,R,NYY,BOS,X,6.0,ground_ball,3,2,2018,-0.78,1.43,-0.55,2.72,,,,0,6,Bot,120.42,145.1,,,,,4.79271898247489,-140.568825665831,-7.39946746270692,-11.7090571054153,34.1463014195033,-11.3898209746164,3.76,1.75,9.0,90.0,-15.0,97.4,2312.0,6.9,563376,543877,456665,435079,456488,593428,643217,598265,605141,53.6,0.093,0.131,0.0,1.0,0.0,0.0,2.0,48,7,4-Seam Fastball,1,4,1,4,4,1,1,4,Strategic,Standard,209.0,-0.035,-0.338,,,0.093,0.338,90.0,-3,-3,0.17,0.17,28,26,28,26,1,2,4.0,1.0,4.0,,0.98,0.78,0.78,,,,,,
SL,2018-10-09,86.9,-1.7,6.34,"Judge, Aaron",592450,519144,field_out,hit_into_play,,,,,5.0,"Aaron Judge grounds out, shortstop Xander Bogaerts to first baseman Steve Pearce.",D,R,R,NYY,BOS,X,6.0,ground_ball,1,2,2018,0.14,0.3,0.04,3.03,,,,1,1,Bot,105.71,162.34,,,,,3.85688314782865,-126.513081935982,-2.39227356780941,0.722179008872812,23.1672840245117,-28.7973772885326,3.76,1.75,12.0,95.9,-13.0,86.4,2468.0,5.7,563376,543877,456665,435079,456488,593428,643217,598265,605141,54.79,0.26,0.251,0.0,1.0,0.0,0.0,2.0,8,4,Slider,0,0,0,0,0,0,0,0,Infield shift,Standard,156.0,-0.012,-0.185,,,0.334,0.185,95.9,0,0,0.522,0.522,29,26,30,26,1,0,4.0,1.0,5.0,,2.76,-0.14,-0.14,,,,,,
FF,2018-10-08,98.1,-2.6,5.83,"Judge, Aaron",592450,543135,single,hit_into_play,,,,,4.0,Aaron Judge singles on a line drive to right fielder Mookie Betts.,D,R,R,NYY,BOS,X,9.0,line_drive,0,0,2018,-1.05,1.06,-0.55,2.85,,,,0,6,Bot,192.62,113.68,,,,,7.87085414047716,-142.521200612179,-4.97305307107251,-15.9284380557802,31.5233747289509,-16.9626499775824,3.76,1.75,258.0,90.1,19.0,97.5,2181.0,5.9,563375,543877,456665,571788,646240,593428,643217,598265,605141,54.56,0.44,0.441,0.9,1.0,1.0,0.0,4.0,54,1,4-Seam Fastball,1,10,1,10,10,1,1,10,Standard,Standard,225.0,0.003,0.435,,,0.595,-0.435,90.1,-9,-9,0.005,0.005,28,26,28,26,3,2,9.0,2.0,8.0,1.0,1.34,1.05,1.05,,,,,,
FC,2018-10-08,92.4,-2.45,5.9,"Judge, Aaron",592450,543135,force_out,hit_into_play,,,,,8.0,"Aaron Judge grounds into a force out, shortstop Xander Bogaerts to second baseman Brock Holt.   Brett Gardner out at 2nd.    Aaron Judge to 1st.",D,R,R,NYY,BOS,X,6.0,ground_ball,0,1,2018,0.23,0.4,0.12,2.18,,,458731.0,2,3,Bot,107.24,160.82,,,,,6.0110424505031,-134.258447582748,-4.4473564841819,1.37295825989414,29.2504328331263,-26.7274051375994,3.76,1.75,14.0,104.5,-7.0,91.5,2389.0,5.8,563375,543877,456665,571788,646240,593428,643217,598265,605141,54.68,0.38,0.368,0.0,1.0,0.0,0.0,2.0,26,2,Cutter,0,3,0,3,3,0,0,3,Standard,Standard,151.0,-0.019,-0.217,,,0.463,0.217,104.5,-3,-3,0.205,0.205,28,26,28,26,2,1,9.0,2.0,8.0,1.0,2.33,-0.23,-0.23,,,,,,
FF,2018-10-08,100.9,-2.66,5.69,"Judge, Aaron",592450,543135,field_out,hit_into_play,,,,,5.0,Aaron Judge lines out sharply to right fielder Mookie Betts.,D,R,R,NYY,BOS,X,9.0,line_drive,2,2,2018,-0.97,1.11,-0.05,2.84,,,,1,1,Bot,185.89,68.83,,,,,9.49495381597705,-146.559628253118,-5.14805115352223,-16.1451977416085,34.9398220785291,-15.3689032048631,3.76,1.75,339.0,109.5,17.0,100.3,2225.0,6.1,563375,543877,456665,571788,646240,593428,643217,598265,605141,54.44,0.747,1.033,0.0,1.0,0.0,0.0,6.0,6,9,4-Seam Fastball,0,0,0,0,0,0,0,0,Standard,Standard,221.0,-0.014,-0.234,,,1.724,0.234,109.5,0,0,0.524,0.524,28,26,28,26,1,0,9.0,2.0,8.0,1.0,1.16,0.97,0.97,,,,,,
CH,2018-10-06,87.7,1.71,5.78,"Judge, Aaron",592450,593958,single,hit_into_play,,,,,14.0,Aaron Judge singles on a ground ball to first baseman Mitch Moreland.,D,R,L,BOS,NYY,X,3.0,ground_ball,1,2,2018,1.62,0.44,0.83,1.57,,,,0,7,Top,137.25,175.59,,,,,-5.45702055529013,-127.51425114492,-4.93030993625896,18.7460821774392,26.2819942170213,-26.5978966521345,3.76,1.75,,90.3,-17.0,87.5,1872.0,6.2,563374,506702,519048,435079,456488,593428,643217,598265,605141,54.31,0.133,0.147,0.9,1.0,1.0,0.0,2.0,51,4,Changeup,1,3,3,1,3,1,3,1,Standard,Standard,105.0,-0.027,0.506,,,0.149,-0.506,90.3,-2,2,0.189,0.8109999999999999,25,26,25,26,1,3,6.0,1.0,2.0,2.0,2.55,1.62,-1.62,,,,,,
FC,2018-10-06,90.8,3.51,5.6,"Judge, Aaron",592450,456034,home_run,hit_into_play,,,,,5.0,Aaron Judge homers (2) on a fly ball to center field.,D,R,L,BOS,NYY,X,,fly_ball,1,2,2018,0.11,0.78,0.22,2.48,,,,1,1,Top,95.48,12.19,,,,,-8.37661120365009,-131.842750037011,-3.4556772766713,3.11057933899271,29.0230823989021,-22.7644756556059,3.76,1.75,445.0,113.3,27.0,89.8,2124.0,5.9,563374,506702,519048,435079,456488,593428,643217,598265,605141,54.6,1.0,2.032,2.0,1.0,0.0,3.0,6.0,2,4,Cutter,0,0,0,0,1,0,1,0,Infield shift,Standard,172.0,-0.102,1.661,,,3.993,-1.661,113.3,0,0,0.526,0.474,32,26,33,26,1,0,10.0,1.0,8.0,2.0,2.06,0.11,-0.11,,,,,,
CH,2018-10-06,89.0,-1.45,5.47,"Judge, Aaron",592450,518489,field_error,hit_into_play,,,,,1.0,Aaron Judge reaches on a throwing error by third baseman Eduardo Nunez.   Aaron Judge to 2nd.,D,R,R,BOS,NYY,X,5.0,ground_ball,0,2,2018,-1.26,0.24,-0.34,3.44,,,,1,5,Top,101.69,161.87,,,,,5.42207042451137,-129.48005392644,0.556629052812806,-15.4227901797832,27.2530765620664,-29.7951070438092,3.76,1.75,48.0,109.3,-1.0,89.3,1949.0,6.5,563374,506702,519048,435079,456488,593428,643217,598265,605141,54.01,0.48,0.435,0.9,1.0,0.0,0.0,4.0,36,3,Changeup,1,3,3,1,3,1,3,1,Standard,Standard,259.0,-0.039,0.565,,,0.526,-0.565,109.3,-2,2,0.272,0.728,30,26,31,26,1,2,1.0,1.0,3.0,2.0,2.63,1.26,1.26,,,,,,
FF,2018-10-06,98.6,-1.64,5.55,"Judge, Aaron",592450,523260,field_out,hit_into_play,,,,,2.0,Aaron Judge lines out sharply to right fielder Mookie Betts.,D,R,R,BOS,NYY,X,9.0,line_drive,0,1,2018,-1.0,1.25,0.17,3.22,458731.0,,457705.0,2,2,Top,192.11,92.28,,,,,7.16155556481328,-143.229238439849,-3.62987001780604,-15.3355821905393,36.2306414999524,-14.7239380871736,3.76,1.75,323.0,109.8,18.0,97.4,2338.0,5.9,563374,506702,519048,435079,456488,593428,643217,598265,605141,54.57,0.867,1.281,0.0,1.0,0.0,0.0,6.0,15,2,4-Seam Fastball,0,3,3,0,3,0,3,0,Standard,Standard,219.0,0.026,-0.242,,,2.192,0.242,109.8,-3,3,0.227,0.773,30,26,30,26,1,1,6.0,1.0,7.0,2.0,1.16,1.0,1.0,,,,,,
SI,2018-10-05,94.2,3.18,5.13,"Judge, Aaron",592450,519242,single,hit_into_play,,,,,5.0,Aaron Judge singles on a sharp line drive to center fielder Jackie Bradley Jr.,D,R,L,BOS,NYY,X,8.0,line_drive,3,1,2018,1.59,0.26,-0.08,2.84,,,,0,6,Top,113.66,71.41,,,,,-11.9574779406884,-136.73631776289,-0.807370384753704,22.5165021209751,28.8174768115527,-28.9069914564897,4.14,2.11,305.0,110.4,13.0,94.1,2199.0,6.3,563348,506702,456665,435079,456488,593428,643217,598265,605141,54.21,0.767,0.838,0.9,1.0,1.0,0.0,5.0,44,5,Sinker,5,0,0,5,0,5,0,5,Standard,Strategic,99.0,-0.012,0.264,,,1.229,-0.264,110.4,5,-5,0.944,0.056,29,26,29,26,3,2,9.0,2.0,4.0,1.0,2.32,1.59,-1.59,,,,,,
FF,2018-10-05,96.2,3.19,5.27,"Judge, Aaron",592450,519242,force_out,hit_into_play,,,,,11.0,"Aaron Judge grounds into a force out, fielded by second baseman Ian Kinsler.   Gleyber Torres out at 2nd.    Aaron Judge to 1st.",D,R,L,BOS,NYY,X,4.0,ground_ball,1,1,2018,1.12,1.03,-0.87,3.38,,,650402.0,2,3,Top,135.21,150.19,,,,,-13.2134326897359,-139.315605277935,-1.66407374104623,17.6487073397185,33.6837323178796,-18.6842327249669,4.0,1.98,6.0,68.1,-30.0,95.3,2430.0,6.2,563348,506702,456665,435079,456488,593428,643217,598265,605141,54.28,0.033,0.041,0.0,1.0,0.0,0.0,2.0,20,3,4-Seam Fastball,3,0,0,3,0,3,0,3,Standard,Standard,133.0,0.019,-0.252,,,0.033,0.252,88.0,3,-3,0.82,0.18,29,26,29,26,2,1,9.0,2.0,4.0,1.0,1.48,1.12,-1.12,,,,,,
FC,2018-10-05,86.3,-2.22,6.05,"Judge, Aaron",592450,519443,single,hit_into_play,,,,,5.0,Aaron Judge singles on a line drive to center fielder Jackie Bradley Jr.  Andrew McCutchen to 2nd.,D,R,R,BOS,NYY,X,8.0,line_drive,0,2,2018,0.14,0.33,0.08,3.33,,,457705.0,0,7,Top,122.01,84.15,,,,,5.22811518295367,-125.757059087301,-0.941502135376264,0.434904595609793,25.7722633035467,-28.6112130414644,4.08,2.09,273.0,86.9,20.0,87.1,2091.0,6.8,563348,506702,456665,435079,456488,593428,643217,598265,605141,53.74,0.46,0.452,0.9,1.0,1.0,0.0,4.0,57,3,Cutter,5,2,2,5,2,5,2,5,Standard,Standard,157.0,-0.088,0.517,,,0.584,-0.517,88.0,3,-3,0.863,0.137,29,26,30,26,1,3,6.0,2.0,1.0,1.0,2.68,-0.14,-0.14,,,,,,
KC,2018-10-05,87.1,-2.82,5.07,"Judge, Aaron",592450,518886,home_run,hit_into_play,,,,,7.0,Aaron Judge homers (1) on a fly ball to right center field.,D,R,R,BOS,NYY,X,,fly_ball,1,1,2018,1.06,-0.81,-0.42,2.5,,,,0,9,Top,195.94,52.57,,,,,3.57497718100123,-126.722560159259,1.64688334404494,10.5664742518417,26.2458546264318,-41.3573381209087,4.03,2.03,382.0,108.8,23.0,86.6,2783.0,6.0,563348,506702,519048,435079,456488,593428,643217,598265,605141,54.51,0.973,1.898,2.0,1.0,0.0,3.0,6.0,73,3,Knuckle Curve,5,3,3,5,4,5,4,5,Standard,Standard,53.0,-0.091,1.123,,,3.701,-1.123,108.8,2,-2,0.926,0.0739999999999999,30,26,30,26,1,4,5.0,2.0,4.0,1.0,3.86,-1.06,-1.06,,,,,,
FF,2018-10-03,96.4,-1.93,6.05,"Judge, Aaron",592450,521230,home_run,hit_into_play,,,,,4.0,Aaron Judge homers (1) on a fly ball to left field.   Andrew McCutchen scores.,F,R,R,NYY,ATH,X,,fly_ball,2,1,2018,-0.9,1.37,-0.63,2.78,,,457705.0,0,1,Bot,29.05,64.34,,,,,5.51309912145709,-140.280441523974,-6.2718147177129,-13.1392648385841,32.3799551019781,-12.7493341234241,3.8,1.77,427.0,116.1,22.0,96.7,2415.0,6.5,563346,518960,621566,476704,656305,543760,605361,657656,572039,54.01,0.987,1.9,2.0,1.0,0.0,3.0,6.0,5,4,4-Seam Fastball,0,0,0,0,0,2,2,0,Standard,Standard,213.0,0.144,1.021,,,3.65,-1.021,116.1,0,0,0.588,0.588,29,26,29,26,1,0,4.0,3.0,,2.0,1.07,0.9,0.9,,,,,,
SI,2018-10-03,95.1,-2.33,6.11,"Judge, Aaron",592450,407845,double,hit_into_play,,,,,11.0,Aaron Judge doubles (1) on a ground ball to right fielder Stephen Piscotty.,F,R,R,NYY,ATH,X,9.0,ground_ball,0,1,2018,-1.31,1.21,-1.12,2.79,,,,0,6,Bot,194.14,136.98,,,,,5.95624806902746,-138.1317741733,-5.64332539786785,-17.7701455883727,30.7982835453272,-15.9429332399496,3.75,1.77,9.0,89.2,-17.0,94.1,2164.0,5.8,563346,518960,621566,476704,656305,543760,605361,657656,572039,54.72,0.147,0.143,1.25,1.0,1.0,1.0,2.0,45,2,Sinker,2,0,2,0,0,2,2,0,Strategic,Standard,227.0,0.038,0.743,,,0.207,-0.743,89.2,2,2,0.843,0.843,41,26,41,26,1,2,4.0,3.0,,2.0,1.37,1.31,1.31,,,,,,
KC,2018-09-30,87.7,-1.74,5.64,"Judge, Aaron",592450,523260,grounded_into_double_play,hit_into_play,,,,,4.0,"Aaron Judge grounds into a double play, second baseman Ian Kinsler to first baseman Mitch Moreland.   Adeiny Hechavarria out at 2nd.    Aaron Judge out at 1st.",R,R,R,BOS,NYY,X,4.0,ground_ball,3,2,2018,0.65,-1.12,-0.47,2.89,,435522.0,588751.0,1,3,Top,126.07,140.03,,,,,1.72481658348775,-127.501302159815,1.64456128356772,6.56281103642214,25.4996749775803,-44.5588733314261,3.76,1.75,12.0,82.7,-11.0,86.2,3042.0,5.3,531831,506702,519048,435079,456488,593428,571788,624407,598265,55.18,0.113,0.111,0.0,1.0,0.0,0.0,2.0,25,6,Knuckle Curve,7,0,0,7,0,7,0,7,Standard,Strategic,30.0,0.031,-0.392,,,0.131,0.392,88.0,7,-7,0.944,0.056,30,26,30,26,1,1,2.0,2.0,6.0,3.0,4.19,-0.65,-0.65,,,,,,
CH,2018-09-30,82.1,-1.55,6.09,"Judge, Aaron",592450,519144,field_out,hit_into_play,,,,,11.0,"Aaron Judge grounds out, second baseman Ian Kinsler to first baseman Mitch Moreland.",R,R,R,BOS,NYY,X,4.0,ground_ball,2,2,2018,-1.12,0.51,-1.4,3.67,,,,1,1,Top,121.25,150.31,,,,,2.49835084981839,-119.57989261891,0.0533734117859161,-11.1916049339096,22.5711903064808,-27.5435217270517,3.76,1.75,99.0,53.9,16.0,82.1,1505.0,6.2,531831,506702,519048,435079,456488,593428,571788,598265,605141,54.31,0.14,0.163,0.0,1.0,0.0,0.0,1.0,2,5,Changeup,0,0,0,0,0,0,0,0,Infield shift,Standard,245.0,0.014,-0.234,,,0.158,0.234,88.0,0,0,0.524,0.476,29,26,30,26,1,0,8.0,2.0,5.0,3.0,2.88,1.12,1.12,,,,,,
CU,2018-09-28,77.2,-1.44,5.75,"Judge, Aaron",592450,571035,single,hit_into_play,,,,,8.0,Aaron Judge singles on a ground ball to right fielder J.  D. Martinez.   Andrew McCutchen to 2nd.,R,R,R,BOS,NYY,X,9.0,ground_ball,1,2,2018,1.58,0.03,-0.12,2.2,,,457705.0,1,4,Top,173.82,134.95,,,,,-0.0191696504362206,-112.163085473596,-0.489013371302403,12.9144653647437,24.1907738627294,-32.1101130855305,3.82,1.9,94.0,63.0,13.0,75.8,2419.0,5.8,531801,596119,456665,435079,646240,593428,643217,605141,502110,54.67,0.207,0.186,0.9,1.0,1.0,0.0,2.0,29,4,Curveball,0,5,5,0,5,0,5,0,Standard,Standard,91.0,-0.012,0.485,,,0.22,-0.485,88.0,-5,5,0.081,0.919,27,26,28,26,1,2,5.0,1.0,,2.0,3.94,-1.58,-1.58,,,,,,
FF,2018-09-28,89.6,1.62,6.06,"Judge, Aaron",592450,598271,field_out,hit_into_play,,,,,8.0,Aaron Judge flies out sharply to right fielder J.  D. Martinez.,R,R,L,BOS,NYY,X,9.0,fly_ball,0,1,2018,0.54,1.44,0.08,2.39,,,,1,1,Top,209.38,76.03,,,,,-4.95955890813265,-130.400454992361,-6.17228513286953,7.17152260722817,26.455173684788,-14.5684284501884,3.87,1.93,347.0,100.1,37.0,90.1,2317.0,6.5,531801,596119,456665,435079,646240,593428,643217,605141,502110,53.98,0.24,0.471,0.0,1.0,0.0,0.0,5.0,2,2,4-Seam Fastball,0,0,0,0,0,0,0,0,Standard,Strategic,160.0,0.014,-0.222,,,0.909,0.222,100.1,0,0,0.524,0.476,27,26,28,26,1,0,6.0,1.0,,2.0,1.38,0.54,-0.54,,,,,,
FF,2018-09-28,90.9,2.29,5.45,"Judge, Aaron",592450,596074,home_run,hit_into_play,,,,,4.0,Aaron Judge homers (27) on a fly ball to center field.,R,R,L,BOS,NYY,X,,fly_ball,0,0,2018,0.97,1.5,-0.57,3.18,,,,0,8,Top,102.7,32.34,,,,,-9.0594387821051,-131.902149324133,-2.81713406034015,12.975949958352,28.3581285728462,-14.8102703142628,3.96,1.98,399.0,105.2,31.0,89.5,2321.0,5.6,531801,596119,456665,435079,646240,593428,643217,605141,502110,54.86,0.88,1.736,2.0,1.0,0.0,3.0,6.0,65,1,4-Seam Fastball,4,10,10,4,11,4,11,4,Standard,Strategic,147.0,-0.004,1.114,,,3.397,-1.114,105.2,-6,6,0.008,0.992,25,26,26,26,1,4,5.0,1.0,2.0,2.0,1.35,0.97,-0.97,,,,,,
SL,2018-09-27,86.5,-0.12,5.96,"Judge, Aaron",592450,643493,sac_fly,hit_into_play,,,,,9.0,Aaron Judge out on a sacrifice fly to center fielder Mallex Smith.   Austin Romine scores.,R,R,R,TB,NYY,X,8.0,line_drive,0,1,2018,0.66,0.11,0.46,2.22,519222.0,,458731.0,1,4,Top,146.84,73.9,,,,,0.117600725062986,-125.59470763354,-2.76042477198385,6.56781703421742,27.9166369394134,-30.8004167923267,3.68,1.67,329.0,98.9,20.0,84.0,2548.0,5.0,531789,491696,641343,664040,621563,642715,502054,605480,460576,55.49,0.38,0.49,0.0,1.0,0.0,0.0,5.0,29,2,Slider,0,5,5,0,6,0,6,0,Infield shift,Standard,99.0,-0.01,-0.098,,,0.804,0.098,98.9,-5,5,0.064,0.936,28,26,29,26,2,2,6.0,1.0,3.0,1.0,3.13,-0.66,-0.66,,,,,,
FF,2018-09-27,92.3,-1.95,6.12,"Judge, Aaron",592450,552640,sac_fly,hit_into_play,,,,,2.0,Aaron Judge out on a sacrifice fly to right fielder Carlos Gomez.   Brett Gardner scores.,R,R,R,TB,NYY,X,9.0,fly_ball,2,1,2018,-0.63,1.26,-0.09,3.42,458731.0,,,1,6,Top,183.12,60.08,,,,,6.15510914908736,-134.38210062735,-3.82556765504874,-9.02080176868711,29.1431548606044,-16.1329827176154,3.78,1.74,354.0,101.5,37.0,92.9,2144.0,6.6,531789,491696,641343,664040,621563,642715,502054,605480,460576,53.87,0.387,0.747,0.0,1.0,0.0,0.0,5.0,46,4,4-Seam Fastball,0,8,8,0,9,0,9,0,Infield shift,Standard,206.0,-0.001,-0.172,,,1.445,0.172,101.5,-8,8,0.006,0.994,28,26,28,26,1,3,2.0,1.0,,1.0,1.39,0.63,0.63,,,,,,
SL,2018-09-27,86.8,-0.37,5.94,"Judge, Aaron",592450,643493,field_out,hit_into_play,,,,,4.0,"Aaron Judge grounds out, third baseman Joey Wendle to first baseman Jake Bauers.",R,R,R,TB,NYY,X,5.0,ground_ball,0,0,2018,0.1,0.27,-0.5,2.6,,,,0,3,Top,100.2,165.36,,,,,-0.484905483225217,-126.229529226738,-2.32307511526693,1.10704743178494,23.6885589463802,-29.2432754434015,3.51,1.6,5.0,84.0,-25.0,85.0,2414.0,5.0,531789,491696,641343,664040,621563,642715,502054,605480,460576,55.53,0.087,0.094,0.0,1.0,0.0,0.0,2.0,17,1,Slider,0,4,4,0,4,0,4,0,Infield shift,Standard,160.0,0.009,-0.258,,,0.092,0.258,88.0,-4,4,0.142,0.858,28,26,29,26,1,1,6.0,1.0,3.0,1.0,2.9,-0.1,-0.1,,,,,,
SI,2018-09-26,93.7,-0.17,6.46,"Judge, Aaron",592450,630023,single,hit_into_play,,,,,4.0,Aaron Judge singles on a line drive to left fielder Tommy Pham.   Andrew McCutchen to 2nd.,R,R,R,TB,NYY,X,7.0,line_drive,1,1,2018,-1.35,0.95,-0.69,2.77,,,457705.0,1,5,Top,67.75,101.88,,,,,1.67211386987328,-136.469565553013,-5.92462098086142,-17.3137282668274,32.1207173724999,-19.081621169789,3.76,1.75,216.0,94.4,13.0,94.2,2275.0,6.7,531779,624419,641343,664040,621563,642715,502054,605480,640457,53.82,0.94,0.893,0.9,1.0,1.0,0.0,4.0,39,3,Sinker,4,3,3,4,3,4,3,4,Infield shift,Strategic,235.0,-0.057,0.423,,,1.101,-0.423,94.4,1,-1,0.636,0.364,24,26,25,26,2,2,6.0,1.0,,1.0,1.63,1.35,1.35,,,,,,
SL,2018-09-26,76.1,-2.99,4.65,"Judge, Aaron",592450,489265,single,hit_into_play,,,,,9.0,Aaron Judge singles on a line drive to left fielder Tommy Pham.   Gary Sanchez scores.    Brett Gardner to 3rd.    Andrew McCutchen to 2nd.,R,R,R,TB,NYY,X,7.0,line_drive,1,1,2018,1.56,0.24,0.29,1.96,596142.0,458731.0,457705.0,1,9,Top,65.41,104.73,,,,,4.08959922763377,-110.581648531572,1.10496472928312,11.5375134043552,22.9467424277089,-30.7494254396465,3.76,1.75,184.0,84.9,13.0,74.9,2881.0,5.8,531779,624419,641343,664040,621563,642715,502054,605480,640457,54.65,0.853,0.791,0.9,1.0,1.0,0.0,4.0,77,3,Slider,8,3,3,8,4,8,4,8,Infield shift,Strategic,99.0,-0.056,0.476,,,0.961,-0.476,88.0,5,-5,0.963,0.037,35,26,35,26,1,4,3.0,1.0,2.0,1.0,3.83,-1.56,-1.56,,,,,,
FC,2018-09-25,89.2,2.32,5.99,"Judge, Aaron",592450,656222,single,hit_into_play,,,,,11.0,"Yankees challenged (play at 1st), call on the field was overturned: Aaron Judge singles on a soft ground ball to first baseman Jake Bauers.",R,R,L,TB,NYY,X,3.0,ground_ball,1,0,2018,0.22,1.4,-0.72,3.97,,,,2,6,Top,134.37,173.85,,,,,-7.93066442130591,-129.705034188878,-1.85811115917636,4.19335290353199,27.5404657925969,-16.2705905673536,3.76,1.75,9.0,38.9,-21.0,89.1,2158.0,6.3,531764,446192,641343,664040,621563,642715,502054,595281,605480,54.2,0.34,0.322,0.9,1.0,1.0,0.0,1.0,51,2,Cutter,2,8,8,2,8,2,8,2,Infield shift,Standard,171.0,-0.001,0.277,,,0.399,-0.277,88.0,-6,6,0.031,0.969,24,26,25,26,2,3,4.0,1.0,,1.0,1.48,0.22,-0.22,,,,,,
FF,2018-09-25,94.0,-1.81,6.29,"Judge, Aaron",592450,607188,field_out,hit_into_play,,,,,2.0,Aaron Judge lines out sharply to pitcher Jake Faria.,R,R,R,TB,NYY,X,1.0,line_drive,3,2,2018,0.28,1.7,0.23,3.76,458731.0,,457705.0,0,3,Top,127.72,178.92,,,,,4.62983096183926,-136.616217900591,-4.42505949653453,2.23715149728361,33.8214512544741,-10.6084992855906,3.76,1.75,109.0,108.9,5.0,92.7,2330.0,5.9,531764,446192,596847,664040,621563,642715,502054,595281,605480,54.64,0.633,0.581,0.0,1.0,0.0,0.0,4.0,21,7,4-Seam Fastball,0,1,1,0,1,0,1,0,Standard,Standard,171.0,0.055,-0.227,,,0.714,0.227,108.9,-1,1,0.268,0.732,24,26,25,26,2,1,6.0,1.0,,1.0,0.96,-0.28,-0.28,,,,,,
FF,2018-09-25,91.0,-1.83,5.68,"Judge, Aaron",592450,629496,field_out,hit_into_play,,,,,1.0,Aaron Judge flies out sharply to center fielder Kevin Kiermaier.,R,R,R,TB,NYY,X,8.0,fly_ball,0,1,2018,-0.38,1.4,-0.49,3.51,,,457705.0,1,8,Top,136.55,49.24,,,,,4.08973837483584,-132.256854229535,-2.38416779568972,-5.2278699530134,30.6803356122555,-15.9761129229455,3.76,1.75,355.0,102.4,41.0,89.5,2232.0,5.6,531764,446192,641343,664040,623205,642715,502054,595281,605480,54.89,0.12,0.211,0.0,1.0,0.0,0.0,5.0,67,2,4-Seam Fastball,2,8,8,2,8,2,8,2,Infield shift,Standard,195.0,0.002,-0.222,,,0.425,0.222,102.4,-6,6,0.008,0.992,24,26,25,26,1,4,63.0,1.0,2.0,1.0,1.45,0.38,0.38,,,,,,
SL,2018-09-24,93.0,-1.06,6.39,"Judge, Aaron",592450,650895,field_out,hit_into_play,,,,,5.0,Aaron Judge pops out to first baseman Jake Bauers in foul territory.,R,R,R,TB,NYY,X,3.0,popup,1,2,2018,-0.1,0.67,0.05,3.09,,,,1,1,Top,168.66,179.29,,,,,3.02033641687987,-135.341836848253,-4.11041096540474,-1.74864552127117,26.0168335114932,-23.584299286076,3.76,1.75,,80.0,69.0,91.9,2361.0,5.3,531749,624419,641343,664040,622110,621563,502054,605480,640457,55.16,0.0,0.0,0.0,1.0,0.0,0.0,3.0,2,4,Slider,0,0,0,0,0,0,0,0,Standard,Standard,188.0,0.012,-0.185,,,0.0,0.185,88.0,0,0,0.526,0.474,24,26,24,26,1,0,3.0,1.0,5.0,1.0,2.04,0.1,0.1,,,,,,
SL,2018-09-22,84.8,-2.8,5.11,"Judge, Aaron",592450,612434,field_out,hit_into_play,,,,,4.0,"Aaron Judge grounds out softly, pitcher Miguel Castro to first baseman Trey Mancini.",R,R,R,NYY,BAL,X,1.0,ground_ball,2,1,2018,0.32,0.1,-0.72,3.02,,,457705.0,2,7,Bot,134.71,183.72,,,,,4.20233651722481,-123.330365405207,1.283878401193,2.34727755503698,25.984180491512,-31.6974244152533,3.76,1.75,3.0,47.6,-50.0,84.0,,6.0,531713,543376,641820,591971,592859,542340,621466,656775,430945,54.55,0.18,0.178,0.0,1.0,0.0,0.0,1.0,59,4,Slider,2,2,2,2,2,2,2,2,Standard,Standard,108.0,-0.045,-0.299,,,0.195,0.299,88.0,0,0,0.545,0.545,23,26,24,26,1,3,3.0,1.0,,1.0,3.14,-0.32,-0.32,,,,,,
SL,2018-09-21,84.6,2.83,5.06,"Judge, Aaron",592450,643316,double,hit_into_play,,,,,5.0,Aaron Judge doubles (21) on a line drive to right fielder Adam Jones.   Aaron Hicks scores.,R,R,L,NYY,BAL,X,9.0,line_drive,0,1,2018,-1.01,-0.16,0.03,2.71,,,543305.0,2,8,Bot,200.8,111.86,,,,,-4.51811340119213,-123.008898142026,1.12295660148527,-9.15334228042362,23.2607609016159,-34.203332430859,4.05,2.04,272.0,86.8,25.0,83.7,2572.0,5.6,531698,642851,448801,542340,600524,542921,621466,656775,430945,54.85,0.08,0.072,1.25,1.0,1.0,1.0,3.0,77,2,Slider,9,8,9,8,8,10,10,8,Standard,Standard,279.0,0.087,0.932,,,0.116,-0.932,88.0,1,1,0.848,0.848,25,26,26,26,1,4,3.0,1.0,1.0,1.0,3.42,-1.01,1.01,,,,,,
FF,2018-09-21,94.6,-1.95,5.59,"Judge, Aaron",592450,606162,single,hit_into_play,,,,,1.0,Aaron Judge singles on a line drive to left fielder Joey Rickard.   Aaron Hicks to 2nd.,R,R,R,NYY,BAL,X,7.0,line_drive,2,2,2018,-0.79,1.21,-0.77,3.64,,,543305.0,0,1,Bot,87.47,108.54,,,,,4.83873302287806,-137.742429101341,-2.09604801626495,-11.089112320787,31.1531066130982,-16.5290782428986,3.89,1.99,200.0,96.4,10.0,94.7,2312.0,6.4,531698,642851,448801,542340,600524,542921,572073,656775,430945,54.14,0.787,0.762,0.9,1.0,1.0,0.0,4.0,6,6,4-Seam Fastball,0,0,0,0,0,0,0,0,Standard,Standard,213.0,0.056,0.458,,,0.939,-0.458,96.4,0,0,0.58,0.58,24,26,25,26,1,0,6.0,1.0,8.0,1.0,1.34,0.79,0.79,,,,,,
FF,2018-09-21,91.0,-0.86,6.32,"Judge, Aaron",592450,664682,field_out,hit_into_play,,,,,2.0,"Aaron Judge grounds out, shortstop Tim Beckham to first baseman Chris Davis.",R,R,R,NYY,BAL,X,6.0,ground_ball,0,0,2018,-0.31,1.25,-0.04,3.47,,,,2,4,Bot,111.85,147.14,,,,,2.76771051933285,-132.650828691795,-4.08795815770936,-4.22974637230669,26.2413666834166,-16.4759210937811,4.07,2.06,53.0,105.6,0.0,92.1,2118.0,6.7,531698,642851,448801,542340,600524,542921,572073,656775,430945,53.8,0.407,0.366,0.0,1.0,0.0,0.0,4.0,36,1,4-Seam Fastball,6,0,6,0,0,6,6,0,Infield shift,Standard,194.0,-0.002,-0.259,,,0.426,0.259,105.6,6,6,0.964,0.964,24,26,24,26,1,2,5.0,1.0,2.0,1.0,1.44,0.31,0.31,,,,,,
FC,2018-09-20,88.7,2.08,5.51,"Judge, Aaron",592450,593958,field_out,hit_into_play,,,,,6.0,Aaron Judge lines out to right fielder J.  D. Martinez.,R,R,L,NYY,BOS,X,9.0,line_drive,3,2,2018,-0.17,0.64,0.48,2.45,,,457705.0,2,2,Bot,187.21,112.84,,,,,-3.5302990276802,-129.100488424676,-2.76462918006357,-1.22115355095415,25.7876928817454,-24.79554803889,3.76,1.75,252.0,82.9,22.0,88.3,2344.0,5.9,531690,543877,596119,571788,646240,593428,643217,598265,502110,54.58,0.34,0.306,0.0,1.0,0.0,0.0,4.0,22,6,Cutter,2,3,2,3,3,2,2,3,Standard,Standard,195.0,-0.029,-0.305,,,0.384,0.305,88.0,-1,-1,0.417,0.417,25,26,25,26,2,1,7.0,1.0,4.0,1.0,2.29,-0.17,0.17,,,,,,
KN,2018-09-20,79.2,-0.85,5.83,"Judge, Aaron",592450,453214,field_out,hit_into_play,,,,,6.0,Aaron Judge pops out to second baseman Brock Holt.,R,R,R,NYY,BOS,X,4.0,popup,3,2,2018,0.36,0.48,0.52,2.65,,,,2,6,Bot,136.74,125.3,,,,,2.33011616898492,-115.340009379149,-1.05668669731585,2.76299775731351,21.202305155846,-27.9736111333403,3.76,1.75,187.0,73.7,53.0,79.0,,6.0,531690,543877,596119,571788,646240,593428,643217,598265,502110,54.45,0.12,0.151,0.0,1.0,0.0,0.0,3.0,54,6,Knuckleball,6,5,6,5,5,6,6,5,Standard,Standard,143.0,-0.013,-0.311,,,0.198,0.311,88.0,1,1,0.705,0.705,33,26,34,26,1,3,4.0,1.0,3.0,1.0,3.19,-0.36,-0.36,,,,,,
SI,2018-09-19,93.7,3.0,5.82,"Judge, Aaron",592450,456034,field_out,hit_into_play,,,,,13.0,"Aaron Judge grounds out, pitcher David Price to first baseman Mitch Moreland.",R,R,L,NYY,BOS,X,1.0,ground_ball,1,2,2018,1.42,0.9,-0.84,2.48,,,,2,4,Bot,129.12,178.13,,,,,-12.8628716961818,-135.759515679157,-4.76838547671619,19.9895930395159,27.1422365244407,-20.4597236032174,3.76,1.75,11.0,81.0,-11.0,93.0,2302.0,5.9,531676,506702,519048,435079,456488,593428,643217,598265,502110,54.59,0.08,0.078,0.0,1.0,0.0,0.0,2.0,35,4,Sinker,4,0,4,0,0,4,4,0,Infield shift,Standard,122.0,-0.003,-0.174,,,0.089,0.174,88.0,4,4,0.899,0.899,32,26,33,26,3,2,7.0,1.0,7.0,1.0,1.75,1.42,-1.42,,,,,,
FC,2018-09-19,89.8,3.25,5.72,"Judge, Aaron",592450,456034,field_error,hit_into_play,,,,,5.0,Aaron Judge reaches on a fielding error by third baseman Eduardo Nunez.   Gary Sanchez scores.    Luke Voit scores.    Andrew McCutchen to 3rd.    Aaron Judge to 2nd.,R,R,L,NYY,BOS,X,5.0,ground_ball,0,0,2018,-0.04,0.67,0.06,2.46,596142.0,572228.0,457705.0,2,2,Bot,101.69,157.81,,,,,-7.77076214682681,-130.466559562764,-3.41070091668214,1.25631597577139,28.7031478856027,-24.0953555899081,3.76,1.75,49.0,81.9,1.0,89.0,2188.0,6.0,531676,506702,519048,435079,456488,593428,643217,598265,502110,54.53,0.207,0.224,0.9,1.0,0.0,0.0,2.0,19,1,Cutter,1,0,1,0,0,3,3,0,Strategic,Standard,183.0,0.148,0.443,,,0.207,-0.443,88.0,1,1,0.677,0.677,32,26,33,26,2,1,7.0,1.0,7.0,1.0,2.21,-0.04,0.04,,,,,,
SI,2018-09-19,100.8,-1.83,5.45,"Judge, Aaron",592450,523260,single,hit_into_play,,,,,11.0,Aaron Judge singles on a line drive to right fielder J.  D. Martinez.   Andrew McCutchen to 3rd.,R,R,R,NYY,BOS,X,9.0,line_drive,1,2,2018,-1.33,0.98,-0.48,3.94,,,457705.0,2,6,Bot,172.63,139.77,,,,,6.76348009221372,-146.509086757254,-1.11295443445469,-20.3221008172559,35.7692883226496,-18.3075898393736,3.76,1.75,183.0,70.0,20.0,99.6,2290.0,5.8,531676,506702,519048,435079,456488,593428,643217,598265,502110,54.71,0.9,0.82,0.9,1.0,1.0,0.0,4.0,53,4,Sinker,6,1,6,1,1,6,6,1,Standard,Standard,233.0,0.004,0.409,,,0.963,-0.409,88.0,5,5,0.97,0.97,30,26,30,26,1,3,3.0,1.0,3.0,1.0,1.32,1.33,1.33,,,,,,
CH,2018-09-19,85.1,3.09,5.81,"Judge, Aaron",592450,456034,field_out,hit_into_play,,,,,14.0,Aaron Judge lines out to second baseman Ian Kinsler.,R,R,L,NYY,BOS,X,4.0,line_drive,2,2,2018,1.26,0.51,1.19,2.38,,,457705.0,0,1,Bot,125.94,137.15,,,,,-6.96660630888605,-123.746589771876,-2.77362222744199,14.2773099378987,23.1361800960578,-26.6181192035285,3.76,1.75,186.0,88.8,10.0,85.2,1568.0,6.2,531676,506702,519048,435079,456488,593428,643217,598265,502110,54.25,0.667,0.628,0.0,1.0,0.0,0.0,4.0,7,6,Changeup,0,0,0,0,0,0,0,0,Standard,Standard,112.0,-0.029,-0.23,,,0.749,0.23,88.8,0,0,0.58,0.58,32,26,33,26,1,0,7.0,1.0,7.0,1.0,2.64,1.26,-1.26,,,,,,
FF,2018-09-18,96.9,-2.61,5.86,"Judge, Aaron",592450,543135,field_out,hit_into_play,,,,,2.0,Aaron Judge flies out to right fielder J.  D. Martinez.   Gleyber Torres to 3rd.,R,R,R,NYY,BOS,X,9.0,fly_ball,0,1,2018,-0.7,1.22,-0.09,3.87,,650402.0,,1,6,Bot,222.73,102.63,,,,,8.23999592617965,-140.919339949869,-2.51560524058367,-11.0397710729118,30.3818970477556,-15.7151448577385,3.79,1.76,321.0,94.9,37.0,96.6,2128.0,6.0,531661,543877,456665,435079,408252,593428,571788,598265,502110,54.46,0.073,0.121,0.0,1.0,0.0,0.0,3.0,45,2,4-Seam Fastball,0,1,0,1,1,0,0,1,Standard,Standard,210.0,-0.045,-0.236,,,0.24,0.236,94.9,-1,-1,0.422,0.422,28,26,28,26,3,2,7.0,54.0,6.0,1.0,1.23,0.7,0.7,,,,,,
FC,2018-09-18,93.6,-2.67,5.93,"Judge, Aaron",592450,543135,grounded_into_double_play,hit_into_play,,,,,6.0,"Aaron Judge grounds into a double play, shortstop Xander Bogaerts to second baseman Ian Kinsler to first baseman Steve Pearce.   Andrew McCutchen out at 2nd.    Aaron Judge out at 1st.",R,R,R,NYY,BOS,X,6.0,ground_ball,0,0,2018,0.19,0.82,0.51,3.0,,435522.0,457705.0,1,3,Bot,109.82,154.25,,,,,7.73214859443704,-136.128661844278,-3.60417907059967,0.767029329283416,27.6463337503093,-21.6229400893041,3.74,1.76,114.0,93.9,6.0,93.2,2415.0,5.9,531661,543877,456665,435079,408252,593428,571788,598265,502110,54.58,0.607,0.59,0.0,1.0,0.0,0.0,4.0,25,1,Cutter,0,1,0,1,1,0,0,1,Standard,Standard,167.0,-0.109,-0.322,,,0.716,0.322,93.9,-1,-1,0.486,0.486,28,26,28,26,2,1,7.0,54.0,6.0,1.0,1.82,-0.19,-0.19,,,,,,
FF,2018-09-18,99.0,-2.75,5.66,"Judge, Aaron",592450,543135,field_out,hit_into_play,,,,,5.0,Aaron Judge lines out sharply to right fielder J.  D. Martinez.,R,R,R,NYY,BOS,X,9.0,line_drive,1,0,2018,-0.71,0.84,0.22,2.97,,,,1,1,Bot,176.17,92.1,,,,,9.82391712820649,-144.016363646829,-3.97470462167766,-12.1270245809529,30.5021036436406,-19.6085536147135,3.79,1.76,281.0,112.1,14.0,99.9,2059.0,6.6,531661,543877,456665,435079,408252,593428,571788,598265,502110,53.91,0.74,0.854,0.0,1.0,0.0,0.0,6.0,6,2,4-Seam Fastball,0,0,0,0,0,0,0,0,Strategic,Standard,220.0,-0.019,-0.306,,,1.305,0.306,112.1,0,0,0.529,0.529,28,26,28,26,1,0,7.0,54.0,6.0,1.0,1.45,0.71,0.71,,,,,,
SL,2018-07-26,82.5,-2.15,5.75,"Judge, Aaron",592450,596001,single,hit_into_play,,,,,7.0,Aaron Judge singles on a soft ground ball to pitcher Jakob Junis.,R,R,R,NYY,KC,X,1.0,ground_ball,1,2,2018,1.68,-0.4,-0.29,2.35,,,,0,3,Bot,143.34,164.41,,,,,1.08087934669173,-119.842275495524,-0.429342331865878,15.2815570727021,24.4643842932181,-36.0470136305665,3.81,1.79,2.0,79.7,-42.0,80.5,2742.0,5.2,530947,521692,446263,593160,519058,609275,460086,571718,594011,55.34,0.047,0.059,0.9,1.0,1.0,0.0,2.0,23,4,Slider,2,0,2,0,0,2,2,0,Strategic,Standard,77.0,0.029,0.506,,,0.047,-0.506,88.0,2,2,0.76,0.76,25,26,26,26,2,1,5.0,1.0,6.0,54.0,3.92,-1.68,-1.68,,,,,,
FC,2018-07-25,82.6,0.33,6.65,"Judge, Aaron",592450,621237,field_out,hit_into_play,,,,,11.0,Aaron Judge pops out to second baseman Daniel Robertson.,R,R,L,TB,NYY,X,4.0,popup,1,2,2018,-0.1,0.19,-0.9,3.42,,,458731.0,0,8,Top,124.06,131.95,,,,,-2.60029402250419,-120.184417528189,-1.20141254761632,-0.4572706291153,22.7981615671005,-30.3822286372013,3.76,1.75,165.0,65.6,54.0,82.1,2254.0,5.9,530938,446192,641343,621002,622110,642715,621563,595281,460576,54.57,0.06,0.054,0.0,1.0,0.0,0.0,3.0,56,4,Cutter,3,1,1,3,1,3,1,3,Standard,Standard,208.0,0.045,-0.19,,,0.065,0.19,88.0,2,-2,0.808,0.1919999999999999,23,26,23,26,1,3,2.0,1.0,3.0,1.0,3.2,-0.1,0.1,,,,,,
SI,2018-07-25,96.1,-1.23,6.33,"Judge, Aaron",592450,650895,field_out,hit_into_play,,,,,11.0,"Aaron Judge grounds out, third baseman Matt Duffy to first baseman Jake Bauers.",R,R,R,TB,NYY,X,5.0,ground_ball,0,0,2018,-1.11,1.2,-0.93,3.34,,,,0,6,Top,95.89,166.73,,,,,3.18521566217854,-139.754463560559,-4.90817671538687,-14.817774236547,30.5103506143208,-16.0333553655658,3.76,1.75,12.0,63.3,-16.0,94.9,2098.0,5.5,530938,446192,641343,621002,622110,642715,621563,595281,460576,54.96,0.087,0.096,0.0,1.0,0.0,0.0,2.0,37,1,Sinker,0,1,1,0,1,0,1,0,Infield shift,Standard,223.0,0.025,-0.258,,,0.097,0.258,88.0,-1,1,0.34,0.6599999999999999,24,26,24,26,1,2,2.0,1.0,4.0,1.0,1.34,1.11,1.11,,,,,,
FF,2018-07-25,97.9,-0.35,6.7,"Judge, Aaron",592450,592773,single,hit_into_play,,,,,5.0,"Aaron Judge singles on a sharp ground ball to second baseman Daniel Robertson, deflected by pitcher Ryne Stanek.",R,R,R,TB,NYY,X,1.0,ground_ball,2,2,2018,-0.79,1.67,0.05,2.4,,,,1,1,Top,125.05,177.47,,,,,2.83519233505981,-142.098881407586,-9.77768553566684,-11.1941706946359,33.7487661614624,-7.81708791779334,3.76,1.75,20.0,112.2,-6.0,97.0,2389.0,6.0,530938,446192,641343,621002,622110,642715,621563,595281,460576,54.52,0.413,0.417,0.9,1.0,1.0,0.0,2.0,2,7,4-Seam Fastball,0,0,0,0,0,0,0,0,Standard,Strategic,205.0,-0.026,0.436,,,0.455,-0.436,112.2,0,0,0.524,0.476,26,26,27,26,1,0,2.0,1.0,3.0,1.0,0.76,0.79,0.79,,,,,,
SI,2018-07-24,96.1,-0.31,6.54,"Judge, Aaron",592450,630023,field_out,hit_into_play,,,,,5.0,"Aaron Judge grounds out, shortstop Willy Adames to first baseman C.  J. Cron.",R,R,R,TB,NYY,X,6.0,ground_ball,0,1,2018,-1.46,0.8,-0.03,2.85,,,,2,3,Top,112.58,155.91,,,,,4.05174562600767,-139.802746603514,-5.93267356574783,-19.9561526033447,33.5088618129789,-20.6192655658015,3.92,1.76,7.0,98.8,-23.0,95.8,2253.0,6.3,530924,491696,543068,621002,622110,642715,641343,595281,605480,54.23,0.16,0.168,0.0,1.0,0.0,0.0,2.0,17,2,Sinker,0,1,1,0,1,0,1,0,Infield shift,Standard,241.0,0.009,-0.218,,,0.16,0.218,98.8,-1,1,0.428,0.5720000000000001,24,26,25,26,2,1,87.0,1.0,5.0,1.0,1.69,1.46,1.46,,,,,,
SL,2018-07-24,88.3,-0.57,6.73,"Judge, Aaron",592450,630023,single,hit_into_play,,,,,8.0,Aaron Judge singles on a line drive to left fielder Jake Bauers.   Brett Gardner to 2nd.,R,R,R,TB,NYY,X,7.0,line_drive,0,2,2018,0.11,0.35,0.09,2.2,,,458731.0,0,1,Top,87.63,112.93,,,,,1.34859025096442,-128.421799332851,-5.5997993366778,0.944146334819597,28.8364705790095,-27.3512506890379,3.92,1.76,225.0,87.4,16.0,87.7,2397.0,6.2,530924,491696,543068,621002,622110,642715,641343,595281,605480,54.34,0.94,0.879,0.9,1.0,1.0,0.0,4.0,2,3,Slider,0,0,0,0,0,0,0,0,Standard,Standard,162.0,-0.066,0.517,,,1.085,-0.517,88.0,0,0,0.476,0.524,24,26,25,26,1,0,87.0,1.0,5.0,1.0,2.62,-0.11,-0.11,,,,,,
CU,2018-07-23,81.8,-2.44,5.7,"Judge, Aaron",592450,542882,field_out,hit_into_play,,,,,13.0,Aaron Judge flies out to right fielder Mallex Smith.,R,R,R,TB,NYY,X,9.0,fly_ball,1,2,2018,0.64,-1.16,-1.16,2.18,,,,1,3,Top,154.82,93.43,,,,,1.67925643605492,-118.765512936686,0.77382305870881,5.35830809289815,24.4760458142157,-43.0242981491978,3.76,1.75,261.0,96.2,54.0,79.3,2655.0,4.9,530910,491696,641343,621002,622110,642715,621563,595281,605480,55.62,0.0,0.0,0.0,1.0,0.0,0.0,3.0,20,6,Curveball,1,1,1,1,1,1,1,1,Standard,Standard,29.0,0.013,-0.185,,,0.0,0.185,96.2,0,0,0.53,0.47,28,26,29,26,1,1,8.0,2.0,4.0,1.0,4.79,-0.64,-0.64,,,,,,
SL,2018-07-21,88.0,0.79,5.78,"Judge, Aaron",592450,571927,double,hit_into_play,,,,,5.0,Aaron Judge doubles (20) on a line drive to center fielder Matthew den Dekker.,R,R,L,NYY,NYM,X,8.0,line_drive,1,1,2018,0.21,0.24,-0.07,3.03,,,,0,5,Bot,93.56,46.56,,,,,-2.51788648017261,-128.107580802793,-1.05091199967688,2.80456637195828,26.6089064097955,-29.5374877585069,3.8,1.78,341.0,112.1,15.0,88.1,1864.0,6.3,530883,608700,527038,408314,430832,642708,624424,544925,607043,54.19,0.747,0.93,1.25,1.0,1.0,1.0,6.0,40,3,Slider,4,1,4,1,1,4,4,1,Standard,Standard,139.0,0.026,0.712,,,1.49,-0.712,112.1,3,3,0.884,0.884,27,26,27,26,3,2,9.0,1.0,5.0,2.0,2.71,0.21,-0.21,,,,,,
SL,2018-07-21,88.9,0.85,5.85,"Judge, Aaron",592450,571927,field_out,hit_into_play,,,,,1.0,Aaron Judge flies out to center fielder Matthew den Dekker.,R,R,L,NYY,NYM,X,8.0,fly_ball,0,0,2018,0.12,0.42,-0.53,3.4,,,543305.0,2,3,Bot,151.06,62.35,,,,,-3.653934787678,-129.593902893935,-0.879662163524304,2.12291150870231,25.3314711322641,-27.4811117612318,3.79,1.78,329.0,95.6,39.0,89.4,1963.0,6.3,530883,608700,527038,408314,430832,642708,624424,544925,607043,54.16,0.047,0.083,0.0,1.0,0.0,0.0,3.0,21,1,Slider,0,1,0,1,1,0,0,1,Infield shade,Standard,163.0,-0.027,-0.264,,,0.162,0.264,95.6,-1,-1,0.404,0.404,27,26,27,26,2,1,9.0,1.0,5.0,2.0,2.44,0.12,-0.12,,,,,,
FF,2018-07-21,90.1,0.33,6.21,"Judge, Aaron",592450,623402,home_run,hit_into_play,,,,,13.0,Aaron Judge homers (26) on a fly ball to left center field.,R,R,R,NYY,NYM,X,,fly_ball,1,1,2018,-0.28,1.7,-1.05,2.18,,,,0,7,Bot,55.46,29.29,,,,,-2.82204533057316,-130.964819800801,-7.61161449660591,-2.61193272527466,28.1624603692567,-11.3092452815419,4.12,1.79,407.0,107.3,22.0,89.9,2276.0,6.3,530883,608700,527038,408314,430832,642708,624424,544925,607043,54.21,0.94,1.657,2.0,1.0,0.0,3.0,6.0,58,3,4-Seam Fastball,5,3,5,3,3,6,6,3,Standard,Standard,189.0,0.055,1.123,,,3.097,-1.123,107.3,2,2,0.886,0.886,27,26,27,26,1,3,6.0,1.0,4.0,2.0,1.13,0.28,0.28,,,,,,
SI,2018-07-21,93.1,0.73,5.93,"Judge, Aaron",592450,571927,single,hit_into_play,,,,,5.0,Aaron Judge singles on a sharp ground ball to shortstop Amed Rosario.,R,R,L,NYY,NYM,X,6.0,ground_ball,0,0,2018,1.35,0.72,0.05,2.9,,,,1,1,Bot,102.2,154.25,,,,,-4.72675277441774,-135.509379287543,-3.55748954726184,17.672292375071,32.2378638468493,-22.7733668025042,3.77,1.76,82.0,107.8,3.0,93.0,2149.0,6.4,530883,608700,527038,408314,430832,642708,624424,544925,607043,54.09,0.567,0.533,0.9,1.0,1.0,0.0,4.0,5,1,Sinker,0,0,0,0,0,0,0,0,Standard,Standard,118.0,0.025,0.406,,,0.644,-0.406,107.8,0,0,0.526,0.526,27,26,27,26,1,0,9.0,1.0,5.0,2.0,1.93,1.35,-1.35,,,,,,
SI,2018-07-20,95.9,-0.63,6.43,"Judge, Aaron",592450,592789,single,hit_into_play,,,,,2.0,Aaron Judge singles on a ground ball to right fielder Brandon Nimmo.,R,R,R,NYY,NYM,X,9.0,ground_ball,2,2,2018,-1.01,0.79,-0.05,3.03,,,,0,5,Bot,190.08,123.77,,,,,3.85787989781711,-139.802332859154,-5.3240523439599,-14.3121673409236,27.4644123923802,-20.7851370846489,3.49,1.72,6.0,104.1,-24.0,97.2,2149.0,6.6,530868,519023,527038,452678,430832,642708,624424,544925,607043,53.87,0.213,0.21,0.9,1.0,1.0,0.0,2.0,47,5,Sinker,1,6,1,6,6,1,1,6,Infield shift,Standard,232.0,0.027,0.458,,,0.23,-0.458,104.1,-5,-5,0.074,0.074,25,26,26,26,3,2,7.0,5.0,12.0,1.0,1.63,1.01,1.01,,,,,,
SI,2018-07-20,95.7,-0.78,6.49,"Judge, Aaron",592450,592789,single,hit_into_play,,,,,11.0,Aaron Judge singles on a line drive to left fielder Michael Conforto.   Brett Gardner to 3rd.,R,R,R,NYY,NYM,X,7.0,line_drive,2,0,2018,-1.12,1.23,-1.01,2.89,,,458731.0,0,3,Bot,68.16,121.74,,,,,1.91711963739552,-139.34567413323,-6.68020182953137,-14.9961119931141,30.4257738938021,-14.8467858327676,3.48,1.71,189.0,86.5,15.0,96.0,2245.0,6.4,530868,519023,527038,452678,430832,642708,624424,544925,607043,54.11,0.953,0.888,0.9,1.0,1.0,0.0,4.0,25,3,Sinker,0,4,0,4,4,0,0,4,Standard,Strategic,222.0,0.058,0.329,,,1.091,-0.329,88.0,-4,-4,0.213,0.213,25,26,26,26,2,1,7.0,5.0,12.0,1.0,1.25,1.12,1.12,,,,,,
SI,2018-07-20,92.9,-1.2,5.32,"Judge, Aaron",592450,607625,field_out,hit_into_play,,,,,11.0,Aaron Judge lines out to first baseman Wilmer Flores.,R,R,R,NYY,NYM,X,3.0,line_drive,0,1,2018,-1.17,0.93,-1.0,2.84,,435522.0,,2,6,Bot,148.93,163.4,,,,,3.11159180176146,-135.344012043438,-2.65521211976273,-15.1600471433371,29.292634612586,-20.3078415227413,3.47,1.65,112.0,57.6,15.0,93.6,2216.0,6.6,530868,519023,527038,452678,430832,642708,624424,544925,607043,53.9,0.173,0.192,0.0,1.0,0.0,0.0,1.0,60,2,Sinker,3,6,3,6,6,3,3,6,Standard,Standard,232.0,-0.028,-0.246,,,0.209,0.246,88.0,-3,-3,0.135,0.135,28,26,29,26,1,3,5.0,5.0,4.0,1.0,1.68,1.17,1.17,,,,,,
SI,2018-07-20,95.1,-1.62,6.05,"Judge, Aaron",592450,607229,single,hit_into_play,,,,,4.0,Aaron Judge singles on a ground ball to left fielder Michael Conforto.   Brett Gardner to 3rd.,R,R,R,NYY,NYM,X,7.0,ground_ball,1,1,2018,-1.46,0.96,-0.75,2.37,,,458731.0,1,8,Bot,102.7,99.39,,,,,5.53544077856818,-138.240627635311,-6.09607198263993,-19.8981453349118,31.6072271013575,-18.7913486440913,3.52,1.72,48.0,97.8,1.0,94.8,2243.0,6.2,530868,519023,527038,452678,430832,642708,624424,544925,607043,54.28,0.407,0.373,0.9,1.0,1.0,0.0,4.0,76,3,Sinker,3,6,3,6,6,3,3,6,Standard,Standard,237.0,0.079,0.423,,,0.471,-0.423,97.8,-3,-3,0.09,0.09,24,26,25,26,1,4,7.0,5.0,3.0,1.0,1.58,1.46,1.46,,,,,,
SI,2018-07-20,98.8,-0.86,6.55,"Judge, Aaron",592450,592789,field_out,hit_into_play,,,,,4.0,"Aaron Judge grounds out sharply, third baseman Jose Bautista to first baseman Wilmer Flores.",R,R,R,NYY,NYM,X,5.0,ground_ball,2,2,2018,-1.24,1.16,-0.56,2.76,,,,1,1,Bot,98.13,164.41,,,,,3.68203417704345,-143.595288929871,-7.53420432850026,-17.9891753935326,34.4774311243527,-14.7075459303457,3.48,1.71,109.0,103.1,6.0,98.5,2141.0,6.3,530868,519023,527038,452678,430832,642708,624424,544925,607043,54.24,0.633,0.578,0.0,1.0,0.0,0.0,4.0,9,5,Sinker,0,3,0,3,3,0,0,3,Infield shift,Standard,227.0,-0.014,-0.234,,,0.696,0.234,103.1,-3,-3,0.245,0.245,25,26,26,26,1,0,7.0,5.0,12.0,1.0,1.2,1.24,1.24,,,,,,
FF,2018-07-15,93.3,-1.37,5.69,"Judge, Aaron",592450,545333,single,hit_into_play,,,,,1.0,Aaron Judge singles on a sharp line drive to left fielder Michael Brantley.,R,R,R,CLE,NYY,X,7.0,line_drive,0,0,2018,-0.71,1.37,-0.35,3.24,,,,1,1,Top,50.93,82.64,,,,,4.19921906833365,-135.795282641915,-3.57262088936539,-9.70446544078605,28.508738522697,-14.7161203144735,3.86,1.7,326.0,113.9,15.0,93.5,2294.0,6.3,530848,547379,475174,543401,608070,596019,488726,656185,571980,54.22,0.773,0.947,0.9,1.0,1.0,0.0,6.0,2,1,4-Seam Fastball,0,0,0,0,0,0,0,0,Standard,Standard,208.0,-0.024,0.406,,,1.517,-0.406,113.9,0,0,0.522,0.478,27,26,27,26,1,0,5.0,1.0,5.0,5.0,1.25,0.71,0.71,,,,,,
ST,2018-07-14,81.0,-1.52,5.11,"Judge, Aaron",592450,605182,single,hit_into_play,,,,,14.0,Aaron Judge singles on a line drive to left fielder Michael Brantley. Brett Gardner to 2nd.,R,R,R,CLE,NYY,X,7.0,line_drive,1,2,2018,1.5,0.17,0.54,1.45,,,458731.0,0,1,Top,70.19,126.82,,,,,1.78342273104072,-117.899008524062,-1.8520481951029,13.4393036739849,22.3985995860897,-30.469723056592,4.02,2.16,170.0,69.8,17.0,80.5,2490.0,5.9,530833,543228,429665,570481,608070,596019,488726,434658,446386,54.58,0.673,0.606,0.9,1.0,1.0,0.0,4.0,2,6,Sweeper,0,0,0,0,0,0,0,0,Standard,Standard,97.0,-0.063,0.498,,,0.728,-0.498,88.0,0,0,0.473,0.527,27,26,28,26,1,0,5.0,1.0,8.0,1.0,3.36,-1.5,-1.5,,,,,,
SL,2018-07-13,81.7,-1.29,5.7,"Judge, Aaron",592450,669456,field_out,hit_into_play,,,,,5.0,Aaron Judge flies out to center fielder Greg Allen.,R,R,R,CLE,NYY,X,8.0,fly_ball,0,2,2018,0.16,-0.39,-0.18,2.76,,642180.0,,2,5,Top,114.39,58.25,,,,,2.18304145392622,-119.066834336255,0.549691535904362,1.16894795066133,18.9591338441636,-36.0953977161547,3.86,1.7,369.0,105.1,39.0,81.6,2260.0,5.7,530818,543228,475174,543401,608070,596019,488726,656185,571980,54.77,0.507,1.044,0.0,1.0,0.0,0.0,6.0,39,3,Slider,4,3,3,4,3,4,3,4,Standard,Standard,23.0,0.031,-0.181,,,2.013,0.181,105.1,1,-1,0.677,0.3229999999999999,23,26,23,26,3,2,5.0,1.0,11.0,1.0,3.82,-0.16,-0.16,,,,,,
FF,2018-07-13,93.9,-1.38,5.71,"Judge, Aaron",592450,669456,field_out,hit_into_play,,,,,4.0,"Aaron Judge grounds out, shortstop Francisco Lindor to first baseman Yonder Alonso.",R,R,R,CLE,NYY,X,6.0,ground_ball,1,0,2018,-0.76,1.36,-0.65,2.89,,,,1,1,Top,118.0,182.71,,,,,3.54779431194748,-136.756557163962,-4.59658823684325,-10.2185203997951,29.2227862087694,-14.44919605532,3.86,1.7,14.0,94.9,-11.0,94.0,2385.0,6.2,530818,543228,475174,543401,608070,596019,488726,656185,571980,54.3,0.213,0.21,0.0,1.0,0.0,0.0,2.0,2,2,4-Seam Fastball,0,0,0,0,0,0,0,0,Standard,Standard,209.0,0.018,-0.306,,,0.265,0.306,94.9,0,0,0.52,0.48,23,26,23,26,1,0,5.0,1.0,11.0,1.0,1.23,0.76,0.76,,,,,,
FC,2018-07-12,90.6,-2.08,5.05,"Judge, Aaron",592450,446372,field_out,hit_into_play,,,,,8.0,Aaron Judge flies out sharply to right fielder Tyler Naquin.,R,R,R,CLE,NYY,X,9.0,fly_ball,0,0,2018,0.32,0.38,-0.2,2.52,,,,2,7,Top,182.28,60.3,,,,,3.98955685354927,-131.910289845794,-1.23485238858437,2.96839933019662,24.6136445988018,-27.8143189154346,4.03,2.12,353.0,101.7,36.0,90.2,2551.0,5.7,530805,543228,475174,543401,608070,596019,488726,656185,571980,54.75,0.453,0.871,0.0,1.0,0.0,0.0,6.0,55,1,Cutter,4,4,4,4,4,4,4,4,Standard,Standard,140.0,0.02,-0.259,,,1.694,0.259,101.7,0,0,0.568,0.432,32,26,32,26,4,3,5.0,1.0,11.0,1.0,2.43,-0.32,-0.32,,,,,,
CU,2018-07-12,86.2,-2.06,5.1,"Judge, Aaron",592450,446372,double,hit_into_play,,,,,14.0,Aaron Judge doubles (19) on a line drive to left fielder Michael Brantley.,R,R,R,CLE,NYY,X,7.0,line_drive,3,2,2018,1.17,0.39,0.01,1.81,,,,1,5,Top,48.47,117.78,,,,,2.56617868876187,-125.587657261802,-2.48722228191818,11.9573561505162,20.3394896017428,-27.8518864290255,3.95,2.06,207.0,95.9,13.0,86.3,2596.0,5.9,530805,543228,475174,543401,608070,596019,488726,656185,571980,54.65,0.933,0.883,1.25,1.0,1.0,1.0,4.0,38,7,Curveball,3,4,4,3,4,3,4,3,Standard,Standard,108.0,-0.042,0.605,,,1.096,-0.605,95.9,-1,1,0.382,0.618,32,26,32,26,3,2,5.0,1.0,11.0,1.0,2.68,-1.17,-1.17,,,,,,
SI,2018-07-12,92.6,-2.32,5.05,"Judge, Aaron",592450,446372,field_out,hit_into_play,,,,,5.0,Aaron Judge flies out to right fielder Tyler Naquin.,R,R,R,CLE,NYY,X,9.0,fly_ball,0,0,2018,-1.07,0.26,-0.15,3.42,,,,2,3,Top,212.84,101.62,,,,,7.81387215026961,-134.722534862239,1.00635180422724,-14.4833792094768,25.1182382346697,-29.4219390330865,4.1,2.12,308.0,93.4,28.0,92.7,2144.0,6.0,530805,543228,475174,543401,608070,596019,488726,656185,571980,54.45,0.14,0.211,0.0,1.0,0.0,0.0,3.0,21,1,Sinker,2,2,2,2,2,2,2,2,Standard,Standard,256.0,0.012,-0.259,,,0.393,0.259,93.4,0,0,0.543,0.4569999999999999,32,26,32,26,2,1,5.0,1.0,11.0,1.0,2.4,1.07,1.07,,,,,,
CU,2018-07-12,85.2,-2.31,5.22,"Judge, Aaron",592450,446372,field_out,hit_into_play,,,,,6.0,Aaron Judge flies out to right fielder Tyler Naquin.,R,R,R,CLE,NYY,X,9.0,fly_ball,1,0,2018,1.14,0.11,0.61,3.04,,,,1,1,Top,167.84,112.01,,,,,4.58782930366645,-124.009127993367,0.872737903859886,10.7709789010757,21.769745750451,-31.3899191625347,4.0,2.19,231.0,88.4,53.0,84.8,2540.0,5.7,530805,543228,475174,543401,608070,596019,488726,656185,571980,54.76,0.013,0.014,0.0,1.0,0.0,0.0,3.0,2,2,Curveball,0,0,0,0,0,0,0,0,Standard,Standard,96.0,0.018,-0.306,,,0.02,0.306,88.4,0,0,0.52,0.48,32,26,32,26,1,0,5.0,1.0,11.0,1.0,3.07,-1.14,-1.14,,,,,,
FF,2018-07-12,96.3,-1.92,5.32,"Judge, Aaron",592450,502083,field_out,hit_into_play,,,,,6.0,"Aaron Judge grounds out sharply, shortstop Francisco Lindor to first baseman Yonder Alonso.",R,R,R,CLE,NYY,X,6.0,ground_ball,1,1,2018,-1.1,0.78,0.37,2.87,,,,2,9,Top,110.83,151.71,,,,,8.70163186255662,-140.115856137058,-2.77608800503714,-16.6527518465851,29.756083683519,-21.2864648390107,4.0,2.12,16.0,112.2,-9.0,97.4,2244.0,6.8,530805,543228,475174,543401,608070,596019,488726,656185,571980,53.69,0.387,0.375,0.0,1.0,0.0,0.0,2.0,71,3,4-Seam Fastball,4,7,7,4,7,4,7,4,Standard,Standard,235.0,0.002,-0.247,,,0.446,0.247,112.2,-3,3,0.041,0.959,30,26,31,26,1,4,4.0,1.0,8.0,1.0,1.63,1.1,1.1,,,,,,
CH,2018-07-11,84.7,-1.43,5.97,"Judge, Aaron",592450,605164,field_out,hit_into_play,,,,,5.0,Aaron Judge flies out to right fielder Danny Valencia.,R,R,R,BAL,NYY,X,9.0,fly_ball,0,0,2018,-1.08,0.5,-0.23,2.55,519222.0,642180.0,,1,4,Top,148.6,80.82,,,,,4.82148479707923,-123.307633549159,-2.68129605190444,-11.6830218245859,20.9293637528035,-26.945033134577,3.64,1.48,286.0,98.6,51.0,84.3,1528.0,5.7,530794,543376,448801,570731,542921,592518,572073,430945,502143,54.83,0.007,0.006,0.0,1.0,0.0,0.0,3.0,31,1,Changeup,0,5,5,0,5,0,5,0,Strategic,Standard,245.0,0.021,-0.178,,,0.007,0.178,98.6,-5,5,0.056,0.944,25,26,26,26,3,2,5.0,1.0,9.0,1.0,2.72,1.08,1.08,,,,,,
FF,2018-07-11,92.4,-1.29,6.21,"Judge, Aaron",592450,605164,single,hit_into_play,,,,,11.0,Aaron Judge singles on a line drive to left fielder Joey Rickard.   Brett Gardner to 3rd.,R,R,R,BAL,NYY,X,7.0,line_drive,0,2,2018,-0.66,1.6,-0.94,2.79,,,458731.0,1,3,Top,94.58,84.15,,,,,2.27027501278702,-134.272996557874,-6.17816038929169,-8.27002759816078,31.039563325246,-12.1679198097048,3.73,1.57,207.0,91.6,13.0,91.2,2505.0,5.8,530794,543376,448801,570731,542921,592518,572073,430945,502143,54.74,0.933,0.878,0.9,1.0,1.0,0.0,4.0,19,3,4-Seam Fastball,0,0,0,0,0,0,0,0,Standard,Standard,202.0,-0.084,0.501,,,1.092,-0.501,91.6,0,0,0.509,0.491,25,26,26,26,2,1,5.0,1.0,9.0,1.0,1.15,0.66,0.66,,,,,,
SL,2018-07-11,79.8,-1.35,6.08,"Judge, Aaron",592450,605164,field_out,hit_into_play,,,,,5.0,Aaron Judge flies out to right fielder Danny Valencia.,R,R,R,BAL,NYY,X,9.0,fly_ball,0,2,2018,0.38,-0.11,-0.24,2.67,,,458731.0,0,1,Top,179.92,98.88,,,,,1.72006802694471,-116.335704943208,-0.736403961404428,3.1353379512015,17.0684739310282,-33.2825717864958,3.83,1.67,263.0,88.4,46.0,79.2,2530.0,5.3,530794,543376,448801,570731,542921,592518,572073,430945,502143,55.19,0.0,0.0,0.0,1.0,0.0,0.0,3.0,2,3,Slider,0,0,0,0,0,0,0,0,Standard,Standard,74.0,0.022,-0.171,,,0.0,0.171,88.4,0,0,0.476,0.524,25,26,26,26,1,0,5.0,1.0,9.0,1.0,3.75,-0.38,-0.38,,,,,,
SI,2018-07-10,92.7,-0.7,6.57,"Judge, Aaron",592450,488768,single,hit_into_play,,,,,5.0,Aaron Judge singles on a ground ball to right fielder Joey Rickard.,R,R,R,BAL,NYY,X,9.0,ground_ball,0,0,2018,-1.2,1.22,0.21,2.54,,,,1,6,Top,166.71,83.14,,,,,4.76798369439984,-134.657456905937,-6.97427653438624,-15.1970627965465,26.9017940587185,-16.5953892773465,3.64,1.48,31.0,116.0,-3.0,91.4,2106.0,5.4,530779,543376,448801,570731,542921,592518,641820,430945,572073,55.09,0.527,0.518,0.9,1.0,1.0,0.0,4.0,44,1,Sinker,3,3,3,3,3,3,3,3,Infield shift,Standard,225.0,-0.037,0.406,,,0.631,-0.406,116.0,0,0,0.534,0.4659999999999999,31,26,32,26,3,2,5.0,1.0,12.0,1.0,1.52,1.2,1.2,,,,,,
SL,2018-07-10,85.8,-1.09,6.47,"Judge, Aaron",592450,488768,field_out,hit_into_play,,,,,14.0,"Aaron Judge grounds out, shortstop Manny Machado to first baseman Chris Davis.",R,R,R,BAL,NYY,X,6.0,ground_ball,1,2,2018,0.17,0.46,0.97,2.11,,,,1,4,Top,100.16,154.25,,,,,4.4288951107007,-124.721374437791,-4.91243668323076,0.973419765736712,22.3387293879006,-26.8605300917681,4.0,1.86,10.0,72.0,-10.0,84.5,2261.0,5.2,530779,543376,448801,570731,542921,592518,641820,430945,572073,55.25,0.08,0.078,0.0,1.0,0.0,0.0,2.0,23,4,Slider,0,0,0,0,0,0,0,0,Infield shift,Standard,159.0,0.015,-0.185,,,0.105,0.185,88.0,0,0,0.532,0.4679999999999999,31,26,32,26,2,1,5.0,1.0,12.0,1.0,2.74,-0.17,-0.17,,,,,,
SI,2018-07-10,93.1,-1.04,6.62,"Judge, Aaron",592450,488768,field_out,hit_into_play,,,,,11.0,"Aaron Judge grounds out, first baseman Chris Davis to pitcher Andrew Cashner.",R,R,R,BAL,NYY,X,3.0,ground_ball,0,1,2018,-1.21,1.19,-1.04,3.04,,,,1,1,Top,148.42,159.33,,,,,2.51662461853753,-135.332113116062,-5.85437421738714,-15.0102490101032,27.406345896395,-16.9761718621659,3.83,1.67,88.0,72.7,6.0,91.8,2117.0,5.4,530779,543376,448801,570731,542921,592518,641820,430945,572073,55.07,0.207,0.217,0.0,1.0,0.0,0.0,2.0,2,2,Sinker,0,0,0,0,0,0,0,0,Infield shift,Standard,225.0,0.014,-0.222,,,0.207,0.222,88.0,0,0,0.524,0.476,31,26,32,26,1,0,5.0,1.0,12.0,1.0,1.52,1.21,1.21,,,,,,
SL,2018-07-09,87.4,-2.05,6.07,"Judge, Aaron",592450,606162,single,hit_into_play,,,,,9.0,Aaron Judge singles on a ground ball to left fielder Jace Peterson.,R,R,R,BAL,NYY,X,7.0,ground_ball,1,2,2018,-0.05,0.57,0.45,2.15,,,,2,4,Top,101.01,88.79,,,,,6.04904957097047,-127.027885202527,-4.41380404325263,-1.7074192283043,24.3733407604414,-25.4877843811569,3.83,1.67,126.0,101.5,6.0,86.6,2409.0,5.7,530767,642082,448801,570731,542921,592518,607054,572073,502143,54.82,0.607,0.567,0.9,1.0,1.0,0.0,4.0,33,4,Slider,0,3,3,0,3,0,3,0,Infield shift,Standard,185.0,-0.009,0.399,,,0.692,-0.399,101.5,-3,3,0.211,0.789,24,26,25,26,3,2,5.0,0.0,5.0,1.0,2.48,0.05,0.05,,,,,,
FF,2018-07-09,91.9,-2.58,5.68,"Judge, Aaron",592450,606162,force_out,hit_into_play,,,,,11.0,"Aaron Judge grounds into a force out, shortstop Manny Machado to second baseman Jonathan Schoop.   Brett Gardner out at 2nd.    Aaron Judge to 1st.",R,R,R,BAL,NYY,X,6.0,ground_ball,1,1,2018,-0.56,1.49,-0.99,3.32,,,458731.0,2,2,Top,114.9,151.21,,,,,5.20714598449251,-133.649257998893,-3.29635137179481,-7.72517936390378,29.2699174488159,-14.093225863892,3.83,1.66,94.0,88.7,5.0,91.4,2326.0,6.1,530767,642082,448801,570731,542921,592518,607054,572073,502143,54.45,0.513,0.484,0.0,1.0,0.0,0.0,4.0,15,3,4-Seam Fastball,0,1,1,0,1,0,1,0,Infield shift,Standard,200.0,0.02,-0.252,,,0.581,0.252,88.7,-1,1,0.423,0.577,24,26,25,26,2,1,5.0,0.0,5.0,1.0,1.25,0.56,0.56,,,,,,
FF,2018-07-09,98.3,2.16,6.0,"Judge, Aaron",592450,656945,single,hit_into_play,,,,,2.0,Aaron Judge singles on a line drive to right fielder Danny Valencia.   Austin Romine scores.    Brett Gardner to 2nd.,R,R,L,BAL,NYY,X,9.0,line_drive,1,1,2018,0.83,1.18,-0.01,3.17,519222.0,,458731.0,2,9,Top,168.74,90.25,,,,,-7.6511465683862,-142.89797636327,-4.8208001421805,12.8212604279417,30.1012910725044,-15.5848842617242,3.83,1.67,196.0,109.3,6.0,97.4,2277.0,5.6,530767,642082,448801,570731,542921,592518,641820,572073,502143,54.87,0.673,0.625,0.9,1.0,1.0,0.0,4.0,79,3,4-Seam Fastball,2,9,9,2,10,2,10,2,Infield shift,Standard,145.0,0.0,0.642,,,0.776,-0.642,109.3,-7,7,0.001,0.999,23,26,24,26,2,5,2.0,0.0,3.0,1.0,1.23,0.83,-0.83,,,,,,
SL,2018-07-09,90.1,-2.36,5.83,"Judge, Aaron",592450,606162,field_out,hit_into_play,,,,,9.0,Aaron Judge flies out to right fielder Danny Valencia.   Brett Gardner to 2nd.,R,R,R,BAL,NYY,X,9.0,fly_ball,0,2,2018,-0.02,0.62,0.3,2.01,,,458731.0,0,1,Top,197.69,70.95,,,,,6.60360378058485,-130.969231627583,-4.77458623942869,-1.57313222775911,27.6779717615363,-24.3787028747025,3.83,1.66,363.0,101.9,28.0,89.6,2599.0,6.0,530767,642082,448801,570731,542921,592518,607054,572073,502143,54.47,0.78,1.511,0.0,1.0,0.0,0.0,6.0,2,3,Slider,0,0,0,0,0,0,0,0,Standard,Standard,181.0,0.005,-0.171,,,2.921,0.171,101.9,0,0,0.476,0.524,24,26,25,26,1,0,5.0,0.0,5.0,1.0,2.23,0.02,0.02,,,,,,
SI,2018-07-08,92.1,2.91,5.87,"Judge, Aaron",592450,621366,field_out,hit_into_play,,,,,7.0,Aaron Judge flies out sharply to right fielder Randal Grichuk.,R,R,L,TOR,NYY,X,9.0,fly_ball,0,2,2018,1.18,0.79,-0.62,2.27,,,,0,3,Top,179.58,47.7,,,,,-11.4952772553344,-133.724387651157,-5.02791556074783,16.502525700876,25.812373494151,-21.8874260930694,3.83,1.67,378.0,100.8,34.0,92.3,2419.0,6.3,530754,431145,475253,581527,500208,666971,606192,607680,545341,54.19,0.433,0.82,0.0,1.0,0.0,0.0,6.0,18,3,Sinker,0,1,1,0,1,0,1,0,Standard,Standard,124.0,0.014,-0.161,,,1.626,0.161,100.8,-1,1,0.396,0.604,24,26,24,26,2,1,6.0,1.0,5.0,1.0,1.89,1.18,-1.18,,,,,,
SI,2018-07-08,92.3,3.21,5.95,"Judge, Aaron",592450,621366,single,hit_into_play,,,,,9.0,Aaron Judge singles on a sharp ground ball to center fielder Kevin Pillar.,R,R,L,TOR,NYY,X,8.0,ground_ball,2,2,2018,1.37,0.53,0.48,2.32,,,,1,1,Top,128.1,114.63,,,,,-9.82772447716111,-133.989406188746,-4.52903920174588,18.4493193421774,26.618374582808,-25.1417824354491,3.83,1.67,66.0,114.8,1.0,92.0,2325.0,6.1,530754,431145,475253,581527,500208,666971,606192,607680,545341,54.41,0.6,0.567,0.9,1.0,1.0,0.0,4.0,2,5,Sinker,0,0,0,0,0,0,0,0,Standard,Standard,111.0,-0.026,0.436,,,0.687,-0.436,114.8,0,0,0.524,0.476,24,26,24,26,1,0,6.0,1.0,5.0,1.0,2.17,1.37,-1.37,,,,,,
FC,2018-07-08,84.2,-2.98,5.6,"Judge, Aaron",592450,493200,single,hit_into_play,,,,,5.0,Aaron Judge singles on a line drive to left fielder Teoscar Hernandez.,R,R,R,TOR,NYY,X,7.0,line_drive,0,0,2018,0.38,0.3,-0.25,2.45,,,,0,8,Top,110.83,111.08,,,,,5.53761990325223,-122.592499944252,-1.63017588286483,2.90168725170987,19.0646538390654,-29.1439386394507,3.83,1.67,176.0,86.4,14.0,83.9,2322.0,5.6,530754,431145,475253,581527,500208,666971,606192,607680,545341,54.88,0.933,0.866,0.9,1.0,1.0,0.0,4.0,58,1,Cutter,1,1,1,1,1,1,1,1,Standard,Standard,129.0,-0.068,0.435,,,1.042,-0.435,88.0,0,0,0.5,0.5,35,26,36,26,1,3,2.0,1.0,2.0,1.0,2.95,-0.38,-0.38,,,,,,
FF,2018-07-07,92.9,1.79,6.02,"Judge, Aaron",592450,457918,home_run,hit_into_play,,,,,6.0,Aaron Judge homers (25) on a fly ball to right center field.,R,R,L,TOR,NYY,X,,fly_ball,2,1,2018,0.43,1.46,0.63,2.67,,,,0,1,Top,190.51,39.96,,,,,-3.89432103718924,-135.20131313714,-6.02086261748476,6.13124589846793,28.3415639994195,-13.1694146533492,3.85,1.68,404.0,109.2,24.0,93.0,2384.0,6.3,530739,571912,475253,666971,500208,649557,434158,607680,545341,54.23,0.987,1.958,2.0,1.0,0.0,3.0,6.0,2,4,4-Seam Fastball,0,1,1,0,2,0,2,0,Standard,Standard,164.0,-0.087,1.067,,,3.831,-1.067,109.2,-1,1,0.401,0.599,35,26,36,26,1,0,6.0,1.0,5.0,1.0,1.18,0.43,-0.43,,,,,,
SI,2018-07-06,87.8,-0.92,5.59,"Judge, Aaron",592450,543208,field_error,hit_into_play,,,,,14.0,Aaron Judge reaches on a fielding error by third baseman Yangervis Solarte.   Austin Romine to 3rd.    Brett Gardner to 2nd.,R,R,R,TOR,NYY,X,5.0,ground_ball,1,2,2018,-1.58,0.29,0.86,2.3,,519222.0,458731.0,1,5,Top,112.12,155.83,,,,,7.71577035413845,-127.639388215794,-2.36748949291843,-19.1836849713574,31.3066365600892,-28.5888774930618,3.91,2.03,1.0,71.8,-65.0,87.9,2017.0,6.8,530724,431145,475253,581527,500208,649557,606192,607680,545341,53.65,0.26,0.251,0.9,1.0,0.0,0.0,2.0,44,4,Sinker,5,1,1,5,1,5,1,5,Standard,Standard,259.0,-0.066,0.531,,,0.284,-0.531,88.0,4,-4,0.87,0.13,28,26,28,26,3,2,6.0,2.0,5.0,1.0,2.66,1.58,1.58,,,,,,
FF,2018-07-06,90.2,-1.64,5.97,"Judge, Aaron",592450,461325,field_out,hit_into_play,,,,,2.0,Aaron Judge flies out to right fielder Randal Grichuk.,R,R,R,TOR,NYY,X,9.0,fly_ball,3,2,2018,-0.33,1.81,-0.12,3.48,,,,2,9,Top,184.81,97.13,,,,,4.47095805698171,-131.174379414594,-3.96454685327992,-4.82973155104589,30.7944886701233,-10.9192637191118,3.97,1.82,279.0,95.5,51.0,89.6,2378.0,6.2,530724,431145,475253,581527,500208,649557,606192,607680,545341,54.28,0.007,0.008,0.0,1.0,0.0,0.0,3.0,77,9,4-Seam Fastball,6,2,2,6,2,6,2,6,Standard,Standard,190.0,0.001,-0.311,,,0.017,0.311,95.5,4,-4,0.999,0.001,33,26,33,26,1,4,3.0,2.0,2.0,1.0,1.04,0.33,0.33,,,,,,
FF,2018-07-04,94.1,1.44,6.54,"Judge, Aaron",592450,627894,home_run,hit_into_play,,,,,8.0,Aaron Judge homers (24) on a fly ball to right field.,R,R,L,NYY,ATL,X,,fly_ball,2,1,2018,0.86,1.35,-0.24,2.32,,,,1,7,Bot,231.45,96.09,,,,,-6.20392017488013,-136.727767298336,-8.15265614529183,11.9880974311545,27.2117065698902,-13.9184719840413,3.85,1.69,346.0,102.7,45.0,93.8,2144.0,6.0,530693,435559,518586,645277,622666,621020,542454,542255,455976,54.53,0.12,0.233,2.0,1.0,0.0,3.0,3.0,61,4,4-Seam Fastball,5,2,5,2,2,6,6,2,Infield shift,Standard,147.0,0.031,1.535,,,0.443,-1.535,102.7,3,3,0.937,0.937,21,26,22,26,1,3,19.0,1.0,4.0,2.0,1.25,0.86,-0.86,,,,,,
CU,2018-07-03,81.5,-2.71,6.31,"Judge, Aaron",592450,592426,single,hit_into_play,,,,,5.0,Aaron Judge singles on a line drive to left fielder Ronald Acuna.,R,R,R,NYY,ATL,X,7.0,line_drive,0,0,2018,0.58,-1.16,-0.07,2.4,,,,1,6,Bot,69.79,107.23,,,,,4.82685508844586,-118.610215717835,0.0051464921440798,4.59336350172406,21.6271001471339,-43.3672730523498,3.83,1.67,255.0,93.5,17.0,81.6,2480.0,6.2,530678,452095,518692,645277,622666,621020,660670,542255,455976,54.26,0.633,0.623,0.9,1.0,1.0,0.0,4.0,57,1,Curveball,6,3,6,3,3,6,6,3,Infield shift,Standard,27.0,0.008,0.406,,,0.85,-0.406,93.5,3,3,0.904,0.904,26,26,27,26,2,3,4.0,1.0,5.0,1.0,4.6,-0.58,-0.58,,,,,,
SI,2018-07-03,94.0,-2.76,6.16,"Judge, Aaron",592450,623465,force_out,hit_into_play,,,,,11.0,"Aaron Judge grounds into a force out, shortstop Dansby Swanson to second baseman Ozzie Albies.   Brett Gardner out at 2nd.    Aaron Judge to 1st.",R,R,R,NYY,ATL,X,6.0,ground_ball,2,2,2018,-1.14,1.15,-0.89,3.12,,,458731.0,1,8,Bot,106.77,128.85,,,,,7.20465339687199,-136.49707463878,-4.56857997573514,-15.5281934928298,30.2734827014033,-17.330092117487,3.83,1.67,6.0,82.9,-25.0,92.8,2435.0,5.7,530678,452095,518692,645277,622666,621020,660670,542255,455976,54.81,0.1,0.098,0.0,1.0,0.0,0.0,2.0,76,5,Sinker,6,5,6,5,5,6,6,5,Strategic,Standard,225.0,-0.015,-0.281,,,0.13,0.281,88.0,1,1,0.865,0.865,23,26,24,26,1,4,,1.0,5.0,1.0,1.5,1.14,1.14,,,,,,
SL,2018-07-03,86.8,-2.4,6.54,"Judge, Aaron",592450,592426,single,hit_into_play,,,,,5.0,Aaron Judge singles on a sharp line drive to left fielder Ronald Acuna.   Brett Gardner to 3rd.,R,R,R,NYY,ATL,X,7.0,line_drive,1,1,2018,-0.09,-0.28,-0.12,2.39,,458731.0,,0,4,Bot,71.04,91.09,,,,,5.63724232249552,-126.217201249585,-3.12628023679283,-2.09478775323625,26.0843450359205,-34.7790623656844,3.83,1.67,206.0,107.8,10.0,86.6,2254.0,6.3,530678,452095,518692,645277,622666,621020,660670,542255,455976,54.25,0.907,0.908,0.9,1.0,1.0,0.0,4.0,36,3,Slider,5,0,5,0,0,5,5,0,Infield shift,Standard,343.0,0.011,0.514,,,1.191,-0.514,107.8,5,5,0.958,0.958,26,26,27,26,1,2,4.0,1.0,5.0,1.0,3.33,0.09,0.09,,,,,,
FF,2018-07-03,93.4,2.15,6.6,"Judge, Aaron",592450,656794,field_out,hit_into_play,,,,,1.0,Aaron Judge flies out to right fielder Nick Markakis.,R,R,L,NYY,ATL,X,9.0,fly_ball,1,0,2018,0.54,1.56,-0.49,3.22,,,,1,1,Bot,189.06,98.38,,,,,-7.92325579608517,-135.647983942712,-6.29989572273888,8.23236418659612,28.4713176044809,-11.8832055537046,3.83,1.67,276.0,89.5,47.0,93.1,2098.0,6.1,530678,452095,518692,645277,622666,621020,660670,542255,455976,54.4,0.0,0.0,0.0,1.0,0.0,0.0,3.0,6,2,4-Seam Fastball,0,0,0,0,0,0,0,0,Infield shift,Standard,161.0,-0.019,-0.306,,,0.0,0.306,89.5,0,0,0.529,0.529,25,26,25,26,1,0,6.0,1.0,5.0,1.0,1.08,0.54,-0.54,,,,,,
FF,2018-07-02,96.1,1.46,6.34,"Judge, Aaron",592450,518693,field_out,hit_into_play,,,,,4.0,Aaron Judge lines out to right fielder Charlie Culberson.,R,R,L,NYY,ATL,X,9.0,line_drive,1,0,2018,0.57,1.42,-0.57,2.63,,650402.0,458731.0,0,7,Bot,190.16,106.81,,,,,-6.52723874345399,-139.542195428763,-7.23313089930289,8.6574018067026,31.1053328516321,-12.7963208672789,3.83,1.67,267.0,82.6,30.0,94.7,2029.0,5.6,530668,435559,518692,645277,622666,621020,660670,542255,518586,54.91,0.02,0.018,0.0,1.0,0.0,0.0,3.0,57,2,4-Seam Fastball,3,3,3,3,3,3,3,3,Standard,Standard,158.0,-0.085,-0.265,,,0.028,0.265,88.0,0,0,0.733,0.733,31,26,31,26,1,3,2.0,1.0,3.0,1.0,1.13,0.57,-0.57,,,,,,
FC,2018-07-02,86.2,-0.35,6.01,"Judge, Aaron",592450,434671,home_run,hit_into_play,,,,,6.0,Aaron Judge homers (23) on a fly ball to right field.,R,R,R,NYY,ATL,X,,fly_ball,0,2,2018,0.32,0.47,0.82,2.95,,,,1,1,Bot,202.27,76.68,,,,,2.12603178927496,-125.481807660118,-1.98736410862705,2.89558365742907,24.1877800261537,-27.0951718936658,3.83,1.67,340.0,97.6,33.0,85.9,2289.0,6.0,530668,435559,518692,645277,622666,621020,660670,542255,518586,54.55,0.253,0.45,2.0,1.0,0.0,3.0,5.0,5,3,Cutter,0,0,0,0,0,1,1,0,Infield shift,Standard,146.0,0.106,1.683,,,0.879,-1.683,97.6,0,0,0.52,0.52,34,26,34,26,1,0,6.0,1.0,5.0,1.0,2.63,-0.32,-0.32,,,,,,
FC,2018-07-01,90.6,2.47,5.89,"Judge, Aaron",592450,456034,field_out,hit_into_play,,,,,5.0,Aaron Judge flies out to right fielder Mookie Betts.,R,R,L,NYY,BOS,X,9.0,fly_ball,1,1,2018,-0.02,0.93,-0.24,3.03,,,,1,2,Bot,196.97,129.3,,,,,-6.66124048337963,-131.785278282319,-3.15459646651833,1.11001199712731,26.2410261008082,-21.1069873638162,3.83,1.67,236.0,83.0,50.0,90.0,2177.0,5.8,530654,543877,519048,571788,646240,593428,643217,598265,605141,54.68,0.027,0.031,0.0,1.0,0.0,0.0,3.0,18,3,Cutter,6,0,6,0,0,6,6,0,Standard,Standard,181.0,-0.003,-0.253,,,0.047,0.253,88.0,6,6,0.944,0.944,32,26,33,26,2,1,5.0,1.0,6.0,1.0,1.89,-0.02,0.02,,,,,,
FF,2018-07-01,92.3,-1.53,6.46,"Judge, Aaron",592450,595234,single,hit_into_play,,,,,5.0,"Aaron Judge singles on a sharp line drive to center fielder Jackie Bradley Jr. , deflected by pitcher Justin Haley.   Aaron Hicks to 2nd.",R,R,R,NYY,BOS,X,1.0,line_drive,1,0,2018,-0.34,1.3,0.21,3.15,,,543305.0,0,6,Bot,132.67,116.66,,,,,5.25410238562488,-134.455073563736,-5.58717545895473,-5.3239895977576,27.7847137523655,-15.0731028447664,3.83,1.67,129.0,114.8,4.0,93.6,2112.0,6.9,530654,543877,519048,571788,646240,593428,643217,598265,605141,53.61,0.667,0.633,0.9,1.0,1.0,0.0,5.0,52,2,4-Seam Fastball,9,0,9,0,0,9,9,0,Standard,Standard,195.0,0.001,0.4,,,0.81,-0.4,114.8,9,9,0.998,0.998,27,26,27,26,2,3,2.0,1.0,,1.0,1.31,0.34,0.34,,,,,,
SI,2018-07-01,93.8,2.43,6.05,"Judge, Aaron",592450,456034,home_run,hit_into_play,,,,,1.0,Aaron Judge homers (22) on a fly ball to center field.,R,R,L,NYY,BOS,X,,fly_ball,2,2,2018,1.4,0.82,-0.62,3.19,,,,1,1,Bot,142.52,26.5,,,,,-10.7659685636365,-136.058246869643,-3.40889013403581,19.3216218775234,28.2982183314349,-21.6407821492229,3.83,1.67,409.0,109.2,38.0,92.8,2117.0,5.8,530654,543877,519048,571788,646240,593428,643217,598265,605141,54.73,0.693,1.4,2.0,1.0,0.0,3.0,6.0,6,5,Sinker,0,0,0,0,0,1,1,0,Standard,Standard,121.0,0.102,1.612,,,2.738,-1.612,109.2,0,0,0.524,0.524,32,26,33,26,1,0,5.0,1.0,6.0,1.0,1.83,1.4,-1.4,,,,,,
SL,2018-07-01,87.7,-1.88,6.55,"Judge, Aaron",592450,595234,single,hit_into_play,,,,,5.0,Aaron Judge singles on a ground ball to left fielder Andrew Benintendi.,R,R,R,NYY,BOS,X,7.0,ground_ball,0,1,2018,0.64,0.7,0.09,3.07,,,,1,4,Bot,80.35,111.08,,,,,3.43995960943845,-127.82462521895,-3.81316754612625,6.40898796759674,25.0186637325362,-23.8403167606487,3.83,1.67,27.0,94.8,-5.0,88.4,2354.0,6.5,530654,543877,519048,571788,646240,593428,643217,598265,605141,54.0,0.247,0.296,0.9,1.0,1.0,0.0,2.0,35,2,Slider,8,0,8,0,0,8,8,0,Standard,Standard,138.0,0.001,0.448,,,0.247,-0.448,94.8,8,8,0.989,0.989,27,26,27,26,1,2,2.0,1.0,,1.0,2.22,-0.64,-0.64,,,,,,
CH,2018-06-30,87.3,-1.86,5.61,"Judge, Aaron",592450,584171,field_out,hit_into_play,,,,,5.0,"Aaron Judge grounds out, third baseman Rafael Devers to first baseman Steve Pearce.",R,R,R,NYY,BOS,X,5.0,ground_ball,2,1,2018,-0.51,0.5,-0.09,2.72,,,,0,9,Bot,99.66,163.4,,,,,5.33428490966397,-127.18981832763,-1.87934175920627,-6.6003841539401,24.1995968360744,-26.5384892013084,3.83,1.67,24.0,77.5,-5.0,87.7,1109.0,6.3,530639,596119,456665,571788,646240,593428,643217,598265,605141,54.18,0.12,0.118,0.0,1.0,0.0,0.0,2.0,75,4,Changeup,0,11,0,11,11,0,0,11,Standard,Standard,225.0,0.0,-0.306,,,0.133,0.306,88.0,-11,-11,0.001,0.001,29,26,30,26,1,3,2.0,1.0,1.0,1.0,2.47,0.51,0.51,,,,,,
FF,2018-06-29,95.9,1.83,5.61,"Judge, Aaron",592450,593958,field_out,hit_into_play,,,,,11.0,Aaron Judge lines out to center fielder Jackie Bradley Jr.,R,R,L,NYY,BOS,X,8.0,line_drive,3,1,2018,0.88,1.15,-0.89,3.17,,,,2,3,Bot,150.29,83.71,,,,,-8.97201723217227,-139.231833145083,-3.29151850904648,13.0980955031065,31.558432346061,-17.1910188861808,3.95,1.79,281.0,84.6,23.0,94.3,2248.0,5.5,530624,543877,456665,456488,646240,593428,643217,598265,605141,55.01,0.26,0.281,0.0,1.0,0.0,0.0,3.0,23,5,4-Seam Fastball,1,0,1,0,0,1,1,0,Standard,Standard,143.0,-0.014,-0.396,,,0.394,0.396,88.0,1,1,0.637,0.637,25,26,25,26,2,1,6.0,3.0,5.0,1.0,1.42,0.88,-0.88,,,,,,
FF,2018-06-29,92.0,-1.83,6.51,"Judge, Aaron",592450,595234,home_run,hit_into_play,,,,,5.0,Aaron Judge homers (21) on a fly ball to right center field.    Aaron Hicks scores.,R,R,R,NYY,BOS,X,,fly_ball,3,2,2018,-0.11,1.34,0.16,3.2,,,543305.0,1,7,Bot,193.54,64.66,,,,,5.34634481618506,-133.980908261172,-5.6229513712286,-2.43596563770971,26.5664336296087,-14.7002599656887,3.92,1.76,355.0,102.5,35.0,93.3,2031.0,6.8,530624,543877,456665,456488,646240,593428,643217,598265,605141,53.68,0.513,0.965,2.0,1.0,0.0,3.0,6.0,57,7,4-Seam Fastball,5,1,5,1,1,7,7,1,Standard,Standard,185.0,0.02,1.399,,,1.937,-1.399,102.5,4,4,0.972,0.972,27,26,27,26,1,3,3.0,3.0,2.0,1.0,1.28,0.11,0.11,,,,,,
FC,2018-06-29,90.6,1.78,5.79,"Judge, Aaron",592450,593958,field_out,hit_into_play,,,,,4.0,Aaron Judge lines out sharply to center fielder Jackie Bradley Jr.,R,R,L,NYY,BOS,X,8.0,line_drive,0,1,2018,0.0,0.9,-0.64,2.89,,,,1,1,Bot,133.85,52.21,,,,,-5.97530397179534,-131.754438849979,-3.18325238529428,1.19927327148335,26.3274405004844,-21.507247178054,3.83,1.67,348.0,103.6,17.0,89.8,2260.0,5.7,530624,543877,456665,456488,646240,593428,643217,598265,605141,54.77,0.607,0.728,0.0,1.0,0.0,0.0,5.0,5,2,Cutter,0,0,0,0,0,0,0,0,Standard,Standard,180.0,-0.014,-0.222,,,1.136,0.222,103.6,0,0,0.524,0.524,25,26,25,26,1,0,6.0,3.0,5.0,1.0,1.93,0.0,0.0,,,,,,
CH,2018-06-26,89.6,-3.39,6.02,"Judge, Aaron",592450,453562,single,hit_into_play,,,,,8.0,Aaron Judge singles on a sharp line drive to left fielder Rhys Hoskins.   Aaron Hicks to 2nd.,R,R,R,PHI,NYY,X,7.0,line_drive,0,1,2018,-1.17,0.44,-0.13,2.4,,,543305.0,1,3,Top,78.66,100.85,,,,,10.3801498907903,-129.918668428316,-3.77833651177336,-15.2691890624278,27.3041148380714,-26.7175429121775,4.03,1.99,209.0,103.9,10.0,88.7,2513.0,5.9,530592,595284,467793,514917,596748,664068,656555,546318,608384,54.59,0.853,0.799,0.9,1.0,1.0,0.0,4.0,17,2,Changeup,0,1,1,0,1,0,1,0,Standard,Standard,249.0,-0.04,0.446,,,0.994,-0.446,103.9,-1,1,0.39,0.61,32,26,32,26,2,1,6.0,1.0,5.0,3.0,2.47,1.17,1.17,,,,,,
SI,2018-06-26,95.4,-3.25,6.24,"Judge, Aaron",592450,453562,field_out,hit_into_play,,,,,7.0,"Aaron Judge grounds out, third baseman Maikel Franco to first baseman Carlos Santana.",R,R,R,PHI,NYY,X,5.0,ground_ball,0,0,2018,-1.23,0.84,-0.79,2.63,,,,0,1,Top,110.15,162.31,,,,,9.15597603527852,-138.487753754157,-5.68831101917359,-17.676080962851,29.427476166597,-20.4134869838482,4.03,2.14,4.0,89.0,-30.0,95.0,2375.0,6.1,530592,595284,467793,514917,596748,664068,656555,546318,608384,54.4,0.067,0.069,0.0,1.0,0.0,0.0,2.0,2,1,Sinker,0,1,1,0,1,0,1,0,Infield shift,Standard,236.0,0.02,-0.258,,,0.081,0.258,89.0,-1,1,0.404,0.596,32,26,32,26,1,0,6.0,1.0,5.0,3.0,1.69,1.23,1.23,,,,,,
SL,2018-06-25,86.3,-2.2,5.78,"Judge, Aaron",592450,592826,home_run,hit_into_play,,,,,5.0,Aaron Judge homers (20) on a line drive to left field.,R,R,R,PHI,NYY,X,,line_drive,2,2,2018,0.41,0.03,-0.27,2.59,,,,2,5,Top,19.21,91.81,,,,,3.76472578282767,-125.729131193965,-1.53037483188733,3.77331831776784,20.6656339035273,-31.8358273241942,3.93,1.75,355.0,110.9,19.0,86.6,2497.0,6.0,530577,595751,467793,514917,596748,664068,656555,546318,608384,54.47,0.907,1.432,2.0,1.0,0.0,3.0,6.0,32,5,Slider,0,1,1,0,2,0,2,0,Standard,Strategic,94.0,-0.125,2.633,,,2.561,-2.633,110.9,-1,1,0.405,0.595,26,26,26,26,3,2,6.0,1.0,5.0,1.0,3.02,-0.41,-0.41,,,,,,
SL,2018-06-25,84.3,-2.28,5.82,"Judge, Aaron",592450,592826,field_out,hit_into_play,,,,,7.0,Aaron Judge flies out to center fielder Odubel Herrera.,R,R,R,PHI,NYY,X,8.0,fly_ball,1,0,2018,0.35,0.13,-0.56,2.28,,,,0,3,Top,117.94,102.44,,,,,3.30216908441097,-122.851843995966,-2.21923279565412,2.93940383222362,19.8003171323504,-30.6987363525309,3.94,1.75,318.0,93.2,42.0,84.1,2231.0,5.7,530577,595751,467793,514917,596748,664068,656555,546318,608384,54.81,0.007,0.006,0.0,1.0,0.0,0.0,3.0,17,2,Slider,0,1,1,0,1,0,1,0,Infield shift,Standard,111.0,0.025,-0.298,,,0.007,0.298,93.2,-1,1,0.385,0.615,26,26,26,26,2,1,6.0,1.0,5.0,1.0,3.1,-0.35,-0.35,,,,,,
FF,2018-06-25,95.4,2.3,6.06,"Judge, Aaron",592450,656354,single,hit_into_play,,,,,5.0,Aaron Judge singles on a sharp ground ball to left fielder Rhys Hoskins.   Brett Gardner to 3rd.,R,R,L,PHI,NYY,X,7.0,ground_ball,0,0,2018,0.53,1.21,0.17,2.52,,,458731.0,2,9,Top,101.69,103.46,,,,,-6.85385507514438,-138.648980879431,-6.40510072670473,8.4820944399227,32.281466344395,-15.1960539982262,3.94,1.75,11.0,115.3,-12.0,95.7,2206.0,6.6,530577,595751,467793,514917,596748,664068,656555,546318,608384,53.88,0.36,0.372,0.9,1.0,1.0,0.0,2.0,69,1,4-Seam Fastball,1,4,4,1,4,1,4,1,Infield shift,Standard,156.0,-0.005,0.336,,,0.36,-0.336,115.3,-3,3,0.039,0.961,25,26,25,26,1,4,1.0,1.0,4.0,1.0,1.29,0.53,-0.53,,,,,,
CU,2018-06-24,80.5,-2.46,5.78,"Judge, Aaron",592450,542882,field_out,hit_into_play,,,,,5.0,"Aaron Judge grounds out sharply, shortstop Adeiny Hechavarria to first baseman Jake Bauers.",R,R,R,TB,NYY,X,6.0,ground_ball,1,2,2018,0.74,-1.02,-0.25,2.51,,,,1,3,Top,108.34,153.48,,,,,3.48739772161005,-116.949569999896,1.27164850508854,5.83711126289174,23.0013494328144,-41.670961638978,3.91,1.75,41.0,111.4,-1.0,78.8,2692.0,5.2,530565,491696,641343,642715,621563,588751,605480,595281,460576,55.25,0.467,0.42,0.0,1.0,0.0,0.0,4.0,22,4,Curveball,3,3,3,3,3,3,3,3,Standard,Strategic,36.0,0.013,-0.185,,,0.489,0.185,111.4,0,0,0.53,0.47,28,26,29,26,2,1,6.0,1.0,8.0,1.0,4.7,-0.74,-0.74,,,,,,
CH,2018-06-24,85.7,-2.82,5.61,"Judge, Aaron",592450,542882,field_out,hit_into_play,,,,,11.0,"Aaron Judge grounds out, third baseman Joey Wendle to first baseman Jake Bauers.",R,R,R,TB,NYY,X,5.0,ground_ball,2,1,2018,-0.46,0.17,-0.87,2.97,,,,1,1,Top,103.49,171.05,,,,,5.39574426383382,-124.63669286038,-0.331916897276456,-5.68663296153256,22.8556465091838,-30.6451708416049,3.91,1.75,122.0,96.8,7.0,84.4,2183.0,5.3,530565,491696,641343,642715,621563,588751,605480,595281,460576,55.21,0.613,0.569,0.0,1.0,0.0,0.0,4.0,2,4,Changeup,0,0,0,0,0,0,0,0,Infield shift,Standard,250.0,0.018,-0.312,,,0.674,0.312,96.8,0,0,0.52,0.48,28,26,29,26,1,0,6.0,1.0,8.0,1.0,3.04,0.46,0.46,,,,,,
SL,2018-06-24,88.0,-1.29,6.2,"Judge, Aaron",592450,650895,field_out,hit_into_play,,,,,9.0,Aaron Judge lines out to center fielder Kevin Kiermaier.,R,R,R,TB,NYY,X,8.0,line_drive,2,2,2018,0.64,0.32,0.79,2.12,,,458731.0,1,5,Top,137.41,82.01,,,,,3.68935630624018,-127.824407568827,-4.31394100056357,6.00115079275381,26.7338421260865,-28.2006057194327,3.91,1.75,312.0,88.8,21.0,86.2,2359.0,5.2,530565,491696,641343,642715,621563,588751,605480,595281,460576,55.25,0.347,0.413,0.0,1.0,0.0,0.0,3.0,42,5,Slider,6,3,3,6,3,6,3,6,Standard,Standard,116.0,0.027,-0.218,,,0.618,0.218,88.8,3,-3,0.836,0.164,24,26,24,26,1,2,2.0,1.0,2.0,1.0,2.76,-0.64,-0.64,,,,,,
FC,2018-06-24,86.8,2.99,5.32,"Judge, Aaron",592450,642232,field_out,hit_into_play,,,,,11.0,"Aaron Judge grounds out softly, second baseman Willy Adames to first baseman Jake Bauers.   Brett Gardner to 2nd.",R,R,L,TB,NYY,X,4.0,ground_ball,2,2,2018,0.24,0.74,-0.87,3.49,,,458731.0,0,12,Top,125.9,165.6,,,,,-9.62155637974344,-125.866734596511,0.390376692977155,4.54395037269088,26.6759123077787,-24.8381075630142,3.91,1.75,5.0,58.6,-35.0,85.6,2206.0,5.8,530565,467092,641343,642715,621563,588751,605480,595281,460576,54.67,0.08,0.078,0.0,1.0,0.0,0.0,1.0,94,5,Cutter,6,6,6,6,6,6,6,6,Standard,Strategic,162.0,0.011,-0.323,,,0.092,0.323,88.0,0,0,0.427,0.573,26,26,27,26,1,5,2.0,1.0,4.0,1.0,2.38,0.24,-0.24,,,,,,
CU,2018-06-23,76.1,-2.05,6.35,"Judge, Aaron",592450,521655,field_out,hit_into_play,,,,,8.0,"Aaron Judge grounds out, third baseman Matt Duffy to first baseman C.  J. Cron.",R,R,R,TB,NYY,X,5.0,ground_ball,3,2,2018,0.84,-1.18,0.18,2.35,,519222.0,,2,3,Top,100.83,167.78,,,,,3.16773941968527,-110.739749302169,0.926136885444508,6.2978919357168,22.7406928924857,-42.3351603307196,3.91,1.75,14.0,95.4,-9.0,76.2,2484.0,6.7,530550,467092,543068,621002,622110,642715,621563,595281,605480,53.8,0.24,0.234,0.0,1.0,0.0,0.0,2.0,23,6,Curveball,3,0,0,3,0,3,0,3,Standard,Standard,36.0,0.03,-0.286,,,0.272,0.286,95.4,3,-3,0.809,0.1909999999999999,28,26,28,26,2,1,6.0,1.0,6.0,1.0,5.12,-0.84,-0.84,,,,,,
SL,2018-06-23,75.0,-3.0,4.84,"Judge, Aaron",592450,489265,field_out,hit_into_play,,,,,7.0,Aaron Judge flies out to left fielder Mallex Smith.,R,R,R,TB,NYY,X,7.0,fly_ball,1,1,2018,1.84,0.42,-0.3,2.29,,,,0,9,Top,80.84,106.0,,,,,2.36175663605491,-108.87299293142,1.37877021893263,13.421238655796,24.5495253267355,-29.649937818103,3.91,1.75,259.0,85.1,49.0,73.0,2952.0,5.5,530550,467092,543068,621002,622110,642715,605480,595281,608654,54.97,0.007,0.006,0.0,1.0,0.0,0.0,3.0,65,3,Slider,4,0,0,4,0,4,0,4,Infield shift,Strategic,103.0,0.009,-0.249,,,0.007,0.249,88.0,4,-4,0.985,0.015,35,26,35,26,1,3,1.0,1.0,1.0,1.0,3.88,-1.84,-1.84,,,,,,
SI,2018-06-22,92.6,-1.99,6.02,"Judge, Aaron",592450,475054,single,hit_into_play,,,,,1.0,Aaron Judge singles on a soft line drive to right fielder Carlos Gomez. Gleyber Torres scores. Brett Gardner to 2nd.,R,R,R,TB,NYY,X,9.0,line_drive,0,0,2018,-1.25,0.58,-0.81,3.65,650402.0,,458731.0,1,7,Top,174.36,115.93,,,,,5.73573798222052,-134.79058660513,-1.50882883809803,-16.484771103837,29.9931059420433,-25.0177539213528,3.91,1.75,124.0,82.1,19.0,92.5,2182.0,6.3,530535,467092,641343,621002,622110,642715,608654,595281,460576,54.22,0.893,0.838,0.9,1.0,1.0,0.0,4.0,58,1,Sinker,2,0,0,2,1,2,1,2,Standard,Standard,245.0,-0.102,0.459,,,1.03,-0.459,88.0,2,-2,0.716,0.284,31,26,32,26,1,3,4.0,1.0,1.0,1.0,2.09,1.25,1.25,,,,,,
FF,2018-06-21,97.0,2.3,6.35,"Judge, Aaron",592450,572020,field_out,hit_into_play,,,,,4.0,Aaron Judge lines out to right fielder Ben Gamel.,R,R,L,NYY,SEA,X,9.0,line_drive,3,2,2018,0.83,1.26,-0.36,3.11,,,640449.0,1,4,Bot,167.69,96.57,,,,,-8.99076518713266,-140.828406195758,-5.95638980772626,13.1358157986196,34.0117100707178,-14.1845426336978,4.12,2.07,264.0,83.0,23.0,96.7,2243.0,6.4,530525,572287,592387,543829,572122,461865,452655,571745,592325,54.08,0.28,0.283,0.0,1.0,0.0,0.0,3.0,36,6,4-Seam Fastball,4,2,4,2,2,4,4,2,Standard,Standard,147.0,-0.024,-0.32,,,0.393,0.32,88.0,2,2,0.791,0.791,29,26,30,26,3,2,6.0,1.0,5.0,1.0,1.18,0.83,-0.83,,,,,,
FF,2018-06-21,95.8,2.47,6.36,"Judge, Aaron",592450,572020,home_run,hit_into_play,,,,,7.0,Aaron Judge homers (19) on a fly ball to right center field.    Clint Frazier scores.,R,R,L,NYY,SEA,X,,fly_ball,3,2,2018,0.83,1.27,-0.51,2.0,,,640449.0,0,1,Bot,174.31,44.69,,,,,-9.70752912975942,-138.93951641333,-8.69720994840327,12.8873323650216,30.875127804953,-14.080731993652,4.02,1.98,382.0,107.8,30.0,95.5,2350.0,6.3,530525,572287,592387,543829,572122,461865,452655,571745,592325,54.24,0.967,1.962,2.0,1.0,0.0,3.0,6.0,5,6,4-Seam Fastball,0,0,0,0,0,2,2,0,Standard,Standard,147.0,0.141,0.99,,,3.865,-0.99,107.8,0,0,0.591,0.591,29,26,30,26,1,0,6.0,1.0,5.0,1.0,1.24,0.83,-0.83,,,,,,
CH,2018-06-20,86.1,-2.46,6.0,"Judge, Aaron",592450,433587,single,hit_into_play,,,,,11.0,"Aaron Judge singles on a ground ball to center fielder Mitch Haniger, deflected by left fielder Denard Span.   Miguel Andujar scores.    Aaron Hicks scores.    Aaron Judge to 2nd.  Fielding error by left fielder Denard Span.",R,R,R,NYY,SEA,X,7.0,ground_ball,3,2,2018,-0.53,-0.28,-0.91,3.28,,609280.0,543305.0,2,5,Bot,108.1,126.07,,,,,4.78029505391112,-125.446597886892,0.26473184581142,-6.48947751572685,22.2119135234406,-35.4302000490853,3.83,1.67,125.0,81.7,9.0,86.9,1524.0,6.4,530514,572287,592387,543829,572122,516416,452655,571745,592325,54.08,0.453,0.429,0.9,1.0,1.0,0.0,4.0,46,7,Changeup,0,5,0,5,5,2,2,5,Strategic,Standard,298.0,0.094,0.501,,,0.518,-0.501,88.0,-5,-5,0.076,0.076,32,26,32,26,3,2,6.0,1.0,5.0,1.0,3.31,0.53,0.53,,,,,,
SI,2018-06-20,95.1,1.49,5.39,"Judge, Aaron",592450,572021,single,hit_into_play,,,,,2.0,Aaron Judge singles on a sharp line drive to left fielder Ben Gamel.   Clint Frazier to 3rd.,R,R,L,NYY,SEA,X,7.0,line_drive,1,1,2018,0.93,0.95,0.17,3.23,,640449.0,,1,7,Bot,88.42,107.52,,,,,-5.54489505035678,-138.491752647593,-2.17956256789321,13.1972623563477,28.7944504695544,-19.7222902060179,3.83,1.67,165.0,115.8,7.0,95.4,1880.0,6.2,530514,572287,592387,543829,572122,516416,592325,628338,571745,54.25,0.793,0.826,0.9,1.0,1.0,0.0,5.0,62,3,Sinker,2,5,2,5,5,2,2,5,Standard,Standard,135.0,0.066,0.556,,,1.106,-0.556,115.8,-3,-3,0.144,0.144,27,26,27,26,1,3,6.0,1.0,2.0,1.0,1.57,0.93,-0.93,,,,,,
SI,2018-06-20,90.3,-2.41,6.05,"Judge, Aaron",592450,433587,double,hit_into_play,,,,,5.0,Aaron Judge doubles (18) on a sharp ground ball to left fielder Denard Span.,R,R,R,NYY,SEA,X,7.0,ground_ball,0,0,2018,-0.72,0.78,-0.13,3.06,,,,1,1,Bot,38.45,113.62,,,,,7.22658176558563,-131.374394645741,-3.15894359922087,-9.85895366324451,27.0857457966525,-22.7088612884295,3.82,1.69,17.0,105.7,-9.0,90.6,2070.0,6.4,530514,572287,592387,543829,572122,516416,452655,571745,592325,54.08,0.38,0.368,1.25,1.0,1.0,1.0,2.0,6,1,Sinker,0,0,0,0,0,0,0,0,Strategic,Strategic,223.0,0.041,0.677,,,0.44,-0.677,105.7,0,0,0.526,0.526,32,26,32,26,1,0,6.0,1.0,5.0,1.0,2.01,0.72,0.72,,,,,,
FC,2018-06-19,87.3,2.58,5.58,"Judge, Aaron",592450,594835,field_out,hit_into_play,,,,,11.0,"Aaron Judge grounds out, third baseman Kyle Seager to first baseman Ryon Healy.",R,R,L,NYY,SEA,X,5.0,ground_ball,0,1,2018,-0.34,0.93,-1.14,2.96,,,,0,5,Bot,101.69,157.3,,,,,-8.20889494327112,-126.898144739243,-2.03542259016413,-1.97146468715938,25.8825532383268,-21.9904896426254,3.9,1.74,80.0,90.6,4.0,86.8,2305.0,6.1,530500,572287,592387,543829,572122,516416,452655,628338,571745,54.45,0.46,0.419,0.0,1.0,0.0,0.0,4.0,37,2,Cutter,5,1,5,1,1,5,5,1,Infield shift,Standard,200.0,-0.005,-0.218,,,0.515,0.218,90.6,4,4,0.93,0.93,26,26,26,26,3,2,6.0,1.0,5.0,1.0,2.1,-0.34,0.34,,,,,,
FF,2018-06-19,91.9,2.54,5.58,"Judge, Aaron",592450,594835,field_out,hit_into_play,,,,,9.0,Aaron Judge flies out to right fielder Mitch Haniger.,R,R,L,NYY,SEA,X,9.0,fly_ball,1,1,2018,1.31,0.99,0.79,2.34,,,543305.0,0,3,Bot,192.11,111.58,,,,,-7.24455258591515,-133.438146945393,-4.40315196124295,17.1945719330226,31.0195137799962,-19.7054410597411,3.82,1.66,281.0,91.1,28.0,91.2,2325.0,6.2,530500,572287,592387,543829,572122,516416,452655,628338,571745,54.31,0.1,0.132,0.0,1.0,0.0,0.0,3.0,22,3,4-Seam Fastball,1,1,1,1,1,1,1,1,Standard,Standard,127.0,-0.035,-0.24,,,0.239,0.24,91.1,0,0,0.593,0.593,26,26,26,26,2,1,6.0,1.0,5.0,1.0,1.76,1.31,-1.31,,,,,,
FF,2018-06-19,94.2,-0.25,5.74,"Judge, Aaron",592450,592705,single,hit_into_play,,,,,7.0,Aaron Judge singles on a sharp line drive to left fielder Denard Span.   Miguel Andujar scores.    Aaron Hicks to 2nd.,R,R,R,NYY,SEA,X,7.0,line_drive,1,1,2018,-0.48,1.47,-0.59,1.9,609280.0,,543305.0,1,7,Bot,87.47,99.39,,,,,0.190893377799194,-137.084545547489,-7.55861729351628,-6.11965429865867,31.3177507535329,-12.0505822030786,3.69,1.53,176.0,114.6,8.0,94.5,2018.0,6.5,530500,572287,592387,543829,572122,516416,452655,628338,571745,53.96,0.793,0.807,0.9,1.0,1.0,0.0,5.0,53,3,4-Seam Fastball,5,2,5,2,2,6,6,2,Standard,Standard,198.0,0.017,0.484,,,1.093,-0.484,114.6,3,3,0.958,0.958,26,26,27,26,1,3,5.0,1.0,2.0,1.0,1.09,0.48,0.48,,,,,,
FF,2018-06-17,96.7,-2.2,6.42,"Judge, Aaron",592450,521655,field_out,hit_into_play,,,,,7.0,"Aaron Judge grounds out sharply, third baseman Matt Duffy to first baseman Jake Bauers.",R,R,R,NYY,TB,X,5.0,ground_ball,1,0,2018,-0.63,1.36,-0.39,2.33,,,,1,3,Bot,94.07,164.41,,,,,6.31987833935123,-140.585223079048,-8.52008185732501,-9.89452570946366,30.4861411037174,-12.2919855115274,3.84,1.68,51.0,107.8,0.0,97.4,2482.0,6.7,530478,467092,641343,642715,622110,588751,608701,608654,460576,53.84,0.54,0.525,0.0,1.0,0.0,0.0,4.0,24,2,4-Seam Fastball,0,3,0,3,3,0,0,3,Infield shift,Standard,205.0,-0.019,-0.306,,,0.635,0.306,107.8,-3,-3,0.215,0.215,28,26,28,26,2,1,4.0,1.0,6.0,1.0,1.05,0.63,0.63,,,,,,
FC,2018-06-16,87.7,2.81,5.27,"Judge, Aaron",592450,642232,field_error,hit_into_play,,,,,8.0,Aaron Judge reaches on a fielding error by shortstop Willy Adames.,R,R,L,NYY,TB,X,6.0,ground_ball,3,2,2018,0.01,0.61,-0.22,2.22,,,,2,4,Bot,99.66,156.28,,,,,-7.27135688137367,-127.478103581297,-2.4946735148949,1.49189230081788,24.289762980022,-25.3263932744622,4.14,2.0,3.0,73.1,-32.0,87.0,2198.0,5.8,530463,491696,543068,621563,622110,642715,608654,605480,460576,54.74,0.073,0.071,0.9,1.0,0.0,0.0,2.0,34,6,Cutter,2,0,2,0,0,2,2,0,Strategic,Standard,179.0,0.007,0.295,,,0.087,-0.295,88.0,2,2,0.76,0.76,26,26,27,26,2,2,5.0,1.0,6.0,1.0,2.4,0.01,-0.01,,,,,,
CH,2018-06-16,80.9,2.51,5.63,"Judge, Aaron",592450,642232,double,hit_into_play,,,,,14.0,Aaron Judge doubles (17) on a sharp line drive to right fielder Carlos Gomez.,R,R,L,NYY,TB,X,9.0,line_drive,2,1,2018,1.3,0.37,0.28,1.87,,,,0,3,Bot,142.77,24.98,,,,,-7.31671729204842,-117.637583611972,-2.45594953273874,13.1701434877542,20.1973605304984,-28.5911727586439,4.22,2.06,411.0,109.2,18.0,80.5,1917.0,5.9,530463,491696,543068,621563,622110,642715,608654,605480,460576,54.64,0.807,1.151,1.25,1.0,1.0,1.0,6.0,21,4,Changeup,1,0,1,0,0,1,1,0,Strategic,Strategic,106.0,0.053,0.655,,,1.974,-0.655,109.2,1,1,0.672,0.672,26,26,27,26,1,1,5.0,1.0,6.0,1.0,3.16,1.3,-1.3,,,,,,
SL,2018-06-16,87.9,-1.25,6.38,"Judge, Aaron",592450,592773,double,hit_into_play,,,,,4.0,Aaron Judge doubles (16) on a ground ball to left fielder Johnny Field.,R,R,R,NYY,TB,X,7.0,ground_ball,3,2,2018,0.24,-0.01,-0.34,2.72,,,,1,1,Bot,94.58,67.9,,,,,1.71125491895925,-127.953318362178,-2.78016592605144,2.24939958814186,23.5197273611477,-32.0103528669425,4.05,1.94,153.0,102.9,6.0,87.0,2403.0,5.5,530463,491696,543068,621563,622110,642715,608654,605480,460576,55.03,0.633,0.578,1.25,1.0,1.0,1.0,4.0,5,7,Slider,0,0,0,0,0,0,0,0,Strategic,Standard,88.0,0.037,0.605,,,0.696,-0.605,102.9,0,0,0.53,0.53,26,26,27,26,1,0,4.0,1.0,2.0,1.0,3.03,-0.24,-0.24,,,,,,
SL,2018-06-16,88.0,-0.65,5.83,"Judge, Aaron",592450,643493,field_out,hit_into_play,,,,,14.0,"Aaron Judge grounds out, pitcher Austin Pruitt to second baseman Joey Wendle to first baseman C. J. Cron.",R,R,R,NYY,TB,X,1.0,ground_ball,2,1,2018,0.2,0.29,0.33,1.76,,,,2,6,Bot,136.74,157.3,,,,,1.94989045094062,-128.114451124597,-4.3336490447544,1.7728890121951,22.9170961736056,-28.5482709645678,4.11,1.91,16.0,85.9,-5.0,86.8,2523.0,5.2,530463,491696,543068,621563,622110,642715,608654,605480,460576,55.29,0.18,0.181,0.0,1.0,0.0,0.0,2.0,49,4,Slider,4,0,4,0,0,4,4,0,Infield shift,Standard,146.0,-0.002,-0.297,,,0.196,0.297,88.0,4,4,0.943,0.943,28,26,29,26,1,3,4.0,1.0,4.0,1.0,2.74,-0.2,-0.2,,,,,,
SL,2018-06-15,86.7,-2.91,6.18,"Judge, Aaron",592450,543135,single,hit_into_play,,,,,14.0,Aaron Judge singles on a ground ball to left fielder Rob Refsnyder.,R,R,R,NYY,TB,X,7.0,ground_ball,2,2,2018,0.34,0.04,0.34,1.52,,,,1,8,Bot,106.77,101.42,,,,,7.02625932211199,-126.072650257464,-5.01919087221606,2.24147221371116,23.6297469925949,-31.0631913667082,3.82,1.66,38.0,96.6,1.0,86.2,2143.0,5.8,530448,467092,641343,621563,624414,642715,608701,605480,608654,54.69,0.44,0.45,0.9,1.0,1.0,0.0,4.0,60,5,Slider,2,0,2,0,0,2,2,0,Strategic,Standard,97.0,0.007,0.436,,,0.566,-0.436,96.6,2,2,0.932,0.932,28,26,28,26,4,3,5.0,1.0,5.0,1.0,3.04,-0.34,-0.34,,,,,,
FC,2018-06-15,94.5,-3.17,6.05,"Judge, Aaron",592450,543135,double,hit_into_play,,,,,4.0,Aaron Judge doubles (15) on a sharp line drive to right fielder Johnny Field.,R,R,R,NYY,TB,X,9.0,line_drive,1,1,2018,-0.42,0.86,-0.6,2.42,,,,0,6,Bot,183.6,122.97,,,,,7.50509574333711,-137.264419563912,-5.52711212464259,-6.90099553816315,30.6853266705118,-20.6194344269403,3.82,1.66,208.0,108.1,8.0,93.2,2366.0,5.7,530448,467092,641343,621563,624414,642715,608701,605480,608654,54.85,0.76,0.726,1.25,1.0,1.0,1.0,4.0,44,3,Cutter,1,0,1,0,0,1,1,0,Strategic,Standard,206.0,0.059,0.712,,,0.923,-0.712,108.1,1,1,0.739,0.739,28,26,28,26,3,2,5.0,1.0,5.0,1.0,1.77,0.42,0.42,,,,,,
SL,2018-06-15,87.8,-2.84,6.1,"Judge, Aaron",592450,543135,field_out,hit_into_play,,,,,7.0,"Aaron Judge grounds out sharply, third baseman Christian Arroyo to first baseman Jake Bauers.",R,R,R,NYY,TB,X,5.0,ground_ball,3,2,2018,0.13,0.38,-0.42,2.17,,,,1,3,Bot,96.61,165.43,,,,,5.55483303098504,-127.78035838695,-4.16153033218728,0.363080681496489,24.4049915640191,-27.5446503437834,3.82,1.66,52.0,109.9,0.0,87.4,2286.0,5.8,530448,467092,641343,621563,624414,642715,608701,605480,608654,54.66,0.513,0.479,0.0,1.0,0.0,0.0,4.0,21,7,Slider,0,0,0,0,0,0,0,0,Strategic,Standard,161.0,-0.022,-0.336,,,0.563,0.336,109.9,0,0,0.534,0.534,28,26,28,26,2,1,5.0,1.0,5.0,1.0,2.62,-0.13,-0.13,,,,,,
CH,2018-06-14,90.1,1.81,6.52,"Judge, Aaron",592450,605483,single,hit_into_play,,,,,14.0,Aaron Judge singles on a sharp ground ball to center fielder Mallex Smith.,R,R,L,NYY,TB,X,8.0,ground_ball,1,0,2018,0.95,1.17,0.24,1.88,,,,1,5,Bot,106.97,84.15,,,,,-5.96989116392273,-131.020860878923,-8.10079308407653,12.3381853677782,26.9594666666748,-17.1426920419986,3.86,2.02,104.0,109.6,4.0,90.6,1769.0,6.6,530434,467092,641343,621563,622110,642715,608654,605480,460576,53.9,0.607,0.556,0.9,1.0,1.0,0.0,4.0,39,2,Changeup,1,2,1,2,2,1,1,2,Strategic,Standard,141.0,0.034,0.364,,,0.69,-0.364,109.6,-1,-1,0.386,0.386,25,26,26,26,3,2,5.0,1.0,5.0,1.0,1.62,0.95,-0.95,,,,,,
SL,2018-06-14,83.0,1.44,6.12,"Judge, Aaron",592450,573064,single,hit_into_play,,,,,14.0,Aaron Judge singles on a line drive to left fielder Johnny Field.,R,R,L,NYY,TB,X,7.0,line_drive,1,2,2018,-0.8,-0.02,0.05,1.5,,,,1,7,Bot,79.32,100.23,,,,,-1.63700438908883,-120.799370408084,-4.05407553659387,-7.32685650247291,21.4509844915977,-31.9189989347092,3.88,1.91,210.0,91.9,13.0,81.7,,5.2,530434,467092,641343,621563,622110,642715,608654,605480,460576,55.29,0.933,0.878,0.9,1.0,1.0,0.0,4.0,56,4,Slider,4,3,4,3,3,4,4,3,Infield shift,Standard,271.0,0.024,0.485,,,1.092,-0.485,91.9,1,1,0.766,0.766,30,26,31,26,1,3,6.0,1.0,10.0,1.0,3.45,-0.8,0.8,,,,,,
CU,2018-06-13,78.8,-1.82,6.15,"Judge, Aaron",592450,607200,double,hit_into_play,,,,,1.0,Aaron Judge doubles (14) on a sharp fly ball to center fielder Bryce Harper.,R,R,R,NYY,WSH,X,8.0,fly_ball,3,2,2018,0.73,-0.92,-0.56,3.21,,,,1,3,Bot,67.19,42.97,,,,,1.41667588244544,-114.57541057518,2.10417036619465,5.93389065942735,22.5556771307922,-40.7191660232154,3.82,1.67,392.0,109.3,22.0,77.7,2249.0,5.7,530425,571851,571431,594694,543685,607208,665742,547180,594809,54.82,0.973,1.837,1.25,1.0,1.0,1.0,6.0,24,6,Curveball,2,1,2,1,1,2,2,1,Standard,Standard,38.0,0.036,0.605,,,3.528,-0.605,109.3,1,1,0.651,0.651,25,26,25,26,2,1,21.0,1.0,5.0,1.0,4.71,-0.73,-0.73,,,,,,
SL,2018-06-13,82.7,-1.52,5.86,"Judge, Aaron",592450,607200,sac_fly,hit_into_play,,,,,9.0,Aaron Judge out on a sacrifice fly to center fielder Bryce Harper.   Brett Gardner scores.,R,R,R,NYY,WSH,X,8.0,fly_ball,2,2,2018,0.74,-0.25,0.53,2.32,458731.0,,,0,1,Bot,142.83,50.63,,,,,3.22876224344762,-120.330239414925,-1.08176080558102,6.46579491491402,23.526553150224,-34.5452872576526,3.82,1.67,359.0,96.5,32.0,82.0,2395.0,5.9,530425,571851,571431,594694,543685,607208,665742,547180,594809,54.65,0.26,0.472,0.0,1.0,0.0,0.0,5.0,7,5,Slider,0,1,0,1,1,1,1,1,Standard,Standard,72.0,-0.004,-0.123,,,0.897,0.123,96.5,-1,-1,0.53,0.53,25,26,25,26,1,0,21.0,1.0,5.0,1.0,3.64,-0.74,-0.74,,,,,,
FF,2018-06-13,97.1,-1.59,6.34,"Judge, Aaron",592450,425492,field_out,hit_into_play,,,,,5.0,Aaron Judge flies out to right fielder Bryce Harper.,R,R,R,NYY,WSH,X,9.0,fly_ball,2,2,2018,-0.96,1.3,0.0,2.86,,,,0,8,Bot,175.85,79.07,,,,,6.48521489914063,-141.205123010557,-6.7881372433426,-14.3639944308254,30.0485578910471,-13.4167219580359,3.8,1.64,282.0,102.8,54.0,97.5,2233.0,6.4,530425,571851,571431,594694,543685,607208,665742,572191,547180,54.08,0.007,0.006,0.0,1.0,0.0,0.0,3.0,62,5,4-Seam Fastball,4,5,4,5,5,4,4,5,Strategic,Standard,217.0,-0.057,-0.235,,,0.007,0.235,102.8,-1,-1,0.302,0.302,37,26,38,26,1,3,4.0,1.0,4.0,1.0,1.1,0.96,0.96,,,,,,
SL,2018-06-12,85.5,-2.84,5.9,"Judge, Aaron",592450,543699,field_out,hit_into_play,,,,,6.0,Aaron Judge flies out to center fielder Michael A.   Taylor.,R,R,R,NYY,WSH,X,8.0,fly_ball,2,1,2018,0.33,0.65,0.45,2.65,,,,1,3,Bot,149.33,59.98,,,,,7.04028687156244,-124.401626141449,-2.68372952675011,2.05251745982822,22.6753713467468,-25.2450729941646,3.82,1.66,333.0,90.0,31.0,85.0,2328.0,5.8,530410,600474,448602,594694,543685,607208,594809,572191,547180,54.71,0.08,0.12,0.0,1.0,0.0,0.0,3.0,25,4,Slider,2,0,2,0,0,2,2,0,Standard,Standard,153.0,-0.014,-0.312,,,0.224,0.312,90.0,2,2,0.751,0.751,31,26,32,26,2,1,6.0,2.0,5.0,1.0,2.51,-0.33,-0.33,,,,,,
SI,2018-06-12,93.7,-2.64,5.99,"Judge, Aaron",592450,543699,field_out,hit_into_play,,,,,5.0,Aaron Judge lines out sharply to second baseman Wilmer Difo.,R,R,R,NYY,WSH,X,4.0,line_drive,2,2,2018,-1.13,1.06,0.22,2.69,,,,1,1,Bot,149.44,133.93,,,,,9.66054050954089,-135.95165245687,-5.00219471613044,-15.702369722186,27.5651003551232,-18.4866386405221,3.82,1.66,178.0,111.3,8.0,92.7,2100.0,5.7,530410,600474,448602,594694,543685,607208,594809,572191,547180,54.82,0.773,0.741,0.0,1.0,0.0,0.0,5.0,6,5,Sinker,0,0,0,0,0,0,0,0,Standard,Standard,227.0,-0.014,-0.234,,,0.967,0.234,111.3,0,0,0.524,0.524,31,26,32,26,1,0,6.0,2.0,5.0,1.0,1.6,1.13,1.13,,,,,,
SI,2018-06-12,91.6,0.96,6.11,"Judge, Aaron",592450,594840,single,hit_into_play,,,,,9.0,Aaron Judge singles on a sharp ground ball to second baseman Wilmer Difo.   Brett Gardner to 3rd.,R,R,L,NYY,WSH,X,4.0,ground_ball,0,0,2018,1.56,0.31,0.32,1.94,,,458731.0,1,7,Bot,161.63,131.9,,,,,-4.88277421763704,-133.167277510082,-5.22215774853844,19.2916948709229,30.16506613922,-27.6679278005664,3.82,1.66,83.0,81.0,5.0,90.7,1809.0,5.9,530410,600474,448602,594694,543685,607208,594809,572191,547180,54.56,0.313,0.307,0.9,1.0,1.0,0.0,2.0,59,1,Sinker,3,0,3,0,0,3,3,0,Standard,Standard,101.0,0.017,0.406,,,0.357,-0.406,88.0,3,3,0.942,0.942,29,26,30,26,1,3,2.0,2.0,6.0,1.0,2.47,1.56,-1.56,,,,,,
SI,2018-06-10,93.4,-1.35,6.05,"Judge, Aaron",592450,607229,fielders_choice,hit_into_play,,,,,1.0,"Yankees challenged (force play), call on the field was overturned: Aaron Judge reaches on a fielder's choice, fielded by shortstop Amed Rosario.   Miguel Andujar to 2nd.  Miguel Andujar advances to 2nd,  Aaron Judge advances to 1st, on a missed catch error by second baseman Jose Reyes, assist to shortstop Amed Rosario.  Aaron Judge advances to 1st, on a throwing error by second baseman Jose Reyes.",R,R,R,NYM,NYY,X,6.0,ground_ball,0,0,2018,-1.5,1.01,-0.63,3.15,,,609280.0,1,8,Top,114.35,159.26,,,,,5.00419965379921,-135.801441189607,-3.83093388274529,-19.2452397928634,29.6071833030046,-19.3429438865184,3.77,1.61,7.0,76.4,-25.0,92.4,2232.0,5.7,530382,519023,408236,408314,453943,642708,607043,624424,457803,54.79,0.053,0.054,0.9,1.0,0.0,0.0,2.0,55,1,Sinker,2,0,0,2,0,2,0,2,Standard,Strategic,236.0,-0.073,0.462,,,0.053,-0.462,88.0,2,-2,0.853,0.147,24,26,25,26,1,0,1.0,1.0,6.0,2.0,1.67,1.5,1.5,,,,,,
SL,2018-06-09,87.4,0.88,5.53,"Judge, Aaron",592450,571927,field_out,hit_into_play,,,,,8.0,"Aaron Judge grounds out, second baseman Asdrubal Cabrera to first baseman Adrian Gonzalez.",R,R,L,NYM,NYY,X,4.0,ground_ball,1,1,2018,0.14,0.36,0.16,2.18,544369.0,593334.0,543305.0,2,5,Top,117.94,143.08,,,,,-2.03354107510265,-127.285089209775,-2.67716497560836,1.93113195616309,26.7899802550005,-27.8467730115677,3.77,1.61,6.0,101.2,-19.0,88.0,2001.0,6.7,530367,608700,408236,452678,453943,642708,607043,624424,457803,53.83,0.207,0.218,0.0,1.0,0.0,0.0,2.0,39,3,Slider,3,1,1,3,1,3,1,3,Infield shift,Standard,159.0,0.093,-0.239,,,0.23,0.239,101.2,2,-2,0.719,0.281,27,26,27,26,3,2,6.0,1.0,7.0,1.0,2.59,0.14,-0.14,,,,,,
SL,2018-06-09,85.7,0.87,5.46,"Judge, Aaron",592450,571927,field_out,hit_into_play,,,,,4.0,"Aaron Judge grounds out, shortstop Amed Rosario to first baseman Adrian Gonzalez.",R,R,L,NYM,NYY,X,6.0,ground_ball,3,2,2018,-0.17,-0.19,-0.5,2.89,,,,2,3,Top,100.67,153.75,,,,,-2.89867102228936,-124.745463356105,0.574376842967966,-1.15478298810731,24.8378478305097,-34.5273675498892,3.77,1.61,4.0,69.1,-36.0,85.7,2123.0,6.3,530367,608700,408236,452678,453943,642708,607043,624424,457803,54.24,0.067,0.065,0.0,1.0,0.0,0.0,2.0,21,6,Slider,3,1,1,3,1,3,1,3,Infield shift,Standard,319.0,0.012,-0.311,,,0.067,0.311,88.0,2,-2,0.752,0.248,27,26,27,26,2,1,6.0,1.0,7.0,1.0,3.3,-0.17,0.17,,,,,,
SI,2018-06-09,93.1,0.87,5.76,"Judge, Aaron",592450,571927,field_out,hit_into_play,,,,,4.0,"Aaron Judge grounds out sharply, shortstop Amed Rosario to first baseman Adrian Gonzalez.",R,R,L,NYM,NYY,X,6.0,ground_ball,3,0,2018,1.06,0.75,-0.67,2.34,,543305.0,,0,1,Top,110.32,149.17,,,,,-6.36506325341452,-135.595687709376,-4.79724571453346,14.6091371299796,25.3731341291966,-21.9189630352239,3.77,1.61,8.0,109.0,-16.0,94.5,1886.0,6.7,530367,608700,408236,452678,453943,642708,607043,624424,457803,53.77,0.34,0.325,0.0,1.0,0.0,0.0,2.0,2,4,Sinker,0,0,0,0,0,0,0,0,Standard,Standard,125.0,0.059,-0.357,,,0.371,0.357,109.0,0,0,0.422,0.5780000000000001,27,26,27,26,1,0,6.0,1.0,7.0,1.0,1.81,1.06,-1.06,,,,,,
SL,2018-06-09,84.4,-1.2,6.11,"Judge, Aaron",592450,461872,home_run,hit_into_play,,,,,5.0,Aaron Judge homers (18) on a fly ball to left center field.,R,R,R,NYM,NYY,X,,fly_ball,0,0,2018,0.18,-0.22,-0.03,2.78,,,,0,8,Top,53.94,56.72,,,,,2.3304967835435,-122.762557432709,-0.936816410663539,1.29056363061963,24.6545546429728,-34.4197221046947,3.77,1.61,356.0,96.9,36.0,83.4,2421.0,5.7,530367,608700,408236,452678,453943,642708,607043,624424,457803,54.79,0.14,0.228,2.0,1.0,0.0,3.0,3.0,58,1,Slider,3,3,3,3,4,3,4,3,Infield shift,Strategic,39.0,-0.245,1.114,,,0.453,-1.114,96.9,0,0,0.5,0.5,32,26,33,26,1,3,4.0,1.0,1.0,1.0,3.5,-0.18,-0.18,,,,,,
SI,2018-06-08,96.0,-1.0,5.39,"Judge, Aaron",592450,594798,sac_fly,hit_into_play,,,,,5.0,Aaron Judge out on a sacrifice fly to right fielder Jay Bruce.   Masahiro Tanaka scores.    Gleyber Torres to 3rd.    Brett Gardner to 2nd.,R,R,R,NYM,NYY,X,9.0,fly_ball,0,1,2018,-0.66,0.84,-0.22,2.73,547888.0,650402.0,458731.0,1,6,Top,199.63,115.65,,,,,3.67987263134226,-139.966386475706,-3.50105519042844,-9.73623718622652,31.1394488400257,-20.1665133752699,3.79,1.63,264.0,82.3,34.0,98.0,2192.0,7.3,530352,519023,408236,452678,453943,642708,607043,624424,457803,53.21,0.0,0.0,0.0,1.0,0.0,0.0,3.0,36,2,Sinker,1,0,0,1,1,1,1,1,Standard,Standard,218.0,-0.026,-0.11,,,0.0,0.11,88.0,1,-1,0.515,0.485,30,26,30,26,3,2,6.0,2.0,5.0,1.0,1.54,0.66,0.66,,,,,,
SI,2018-06-08,95.6,-0.96,5.38,"Judge, Aaron",592450,594798,grounded_into_double_play,hit_into_play,,,,,8.0,"Aaron Judge grounds into a double play, third baseman Todd Frazier to second baseman Asdrubal Cabrera to first baseman Adrian Gonzalez.   Brett Gardner out at 2nd.    Aaron Judge out at 1st.",R,R,R,NYM,NYY,X,5.0,ground_ball,1,0,2018,-1.16,0.84,-0.01,2.19,,,458731.0,0,4,Top,108.6,172.03,,,,,5.26280624911165,-139.190816624908,-4.78921603534429,-16.6912522996531,32.2323474347684,-20.093806471584,3.79,1.63,4.0,96.6,-31.0,96.9,2308.0,7.0,530352,519023,408236,452678,453943,642708,607043,624424,457803,53.45,0.107,0.113,0.0,1.0,0.0,0.0,2.0,21,2,Sinker,1,0,0,1,0,1,0,1,Standard,Standard,234.0,0.103,-0.381,,,0.112,0.381,96.6,1,-1,0.569,0.431,30,26,30,26,2,1,6.0,2.0,5.0,1.0,1.6,1.16,1.16,,,,,,
SI,2018-06-06,85.8,-0.83,5.66,"Judge, Aaron",592450,543208,field_out,hit_into_play,,,,,4.0,"Aaron Judge grounds out, shortstop Aledmys Diaz to first baseman Justin Smoak.",R,R,R,TOR,NYY,X,6.0,ground_ball,1,1,2018,-1.1,1.02,-0.31,2.57,,,,2,3,Top,110.91,155.83,,,,,3.48150977856238,-124.980482199149,-3.13059632475542,-12.2956624002889,25.3971135088245,-21.0491965854267,3.81,1.94,13.0,100.2,-11.0,86.1,1959.0,6.5,530328,431145,475253,581527,500208,649557,606192,607680,434158,54.03,0.24,0.237,0.0,1.0,0.0,0.0,2.0,17,3,Sinker,0,0,0,0,0,0,0,0,Standard,Standard,227.0,0.011,-0.247,,,0.24,0.247,100.2,0,0,0.544,0.4559999999999999,28,26,28,26,2,1,7.0,2.0,5.0,2.0,2.06,1.1,1.1,,,,,,
CU,2018-06-06,77.7,-1.75,6.62,"Judge, Aaron",592450,607352,home_run,hit_into_play,,,,,8.0,Aaron Judge homers (17) on a fly ball to center field.   Brett Gardner scores.,R,R,R,TOR,NYY,X,,fly_ball,1,2,2018,0.71,-1.75,-0.14,1.91,,,458731.0,1,13,Top,98.19,23.79,,,,,2.15357153712588,-112.784091487909,0.0453453662319012,5.22083439010302,24.8275508172965,-46.5792410944525,3.83,1.9,404.0,102.7,28.0,75.2,3005.0,5.1,530328,431145,475253,581527,500208,649557,606192,607680,434158,55.39,0.827,1.653,2.0,1.0,0.0,3.0,6.0,87,5,Curveball,0,0,0,0,2,0,2,0,Standard,Standard,22.0,-0.434,1.536,,,3.226,-1.536,102.7,0,0,0.518,0.482,28,26,28,26,1,5,1.0,2.0,3.0,2.0,5.78,-0.71,-0.71,,,,,,
SL,2018-06-06,83.8,-1.09,5.76,"Judge, Aaron",592450,543208,field_out,hit_into_play,,,,,14.0,"Aaron Judge grounds out, second baseman Devon Travis to first baseman Justin Smoak.",R,R,R,TOR,NYY,X,4.0,ground_ball,2,2,2018,0.14,0.1,0.92,1.98,,,,1,1,Top,149.67,154.01,,,,,4.34570295254452,-122.024616010995,-2.56190850431662,0.586994987949537,21.9380367075827,-30.8966835700267,3.92,1.87,26.0,77.7,-2.0,83.6,2292.0,6.0,530328,431145,475253,581527,500208,649557,606192,607680,434158,54.54,0.133,0.145,0.0,1.0,0.0,0.0,2.0,2,5,Slider,0,0,0,0,0,0,0,0,Standard,Standard,128.0,0.014,-0.234,,,0.133,0.234,88.0,0,0,0.524,0.476,28,26,28,26,1,0,7.0,2.0,5.0,2.0,3.16,-0.14,-0.14,,,,,,
FC,2018-06-06,90.7,-2.24,5.82,"Judge, Aaron",592450,572193,field_out,hit_into_play,,,,,6.0,"Aaron Judge grounds out, shortstop Aledmys Diaz to first baseman Justin Smoak.",R,R,R,TOR,NYY,X,6.0,ground_ball,2,0,2018,0.39,0.57,0.55,2.8,,,,1,8,Top,107.27,157.04,,,,,6.13551661873721,-131.983379357946,-2.87096673461357,3.37097960001343,26.1044639285399,-25.1682412409121,3.83,1.9,35.0,89.9,-1.0,90.5,2475.0,6.0,530328,431145,475253,581527,500208,649557,606192,607680,434158,54.47,0.353,0.335,0.0,1.0,0.0,0.0,2.0,52,3,Cutter,0,0,0,0,0,0,0,0,Standard,Standard,146.0,0.05,-0.383,,,0.482,0.383,89.9,0,0,0.532,0.4679999999999999,30,26,31,26,1,3,3.0,2.0,2.0,2.0,2.22,-0.39,-0.39,,,,,,
SI,2018-06-04,93.8,-1.65,6.33,"Judge, Aaron",592450,572403,field_out,hit_into_play,,,,,7.0,"Aaron Judge grounds out, shortstop Jose Iglesias to first baseman Niko Goodrum.",R,R,R,DET,NYY,X,6.0,ground_ball,2,1,2018,-0.89,1.03,-0.3,2.36,,,,2,3,Top,113.88,149.17,,,,,5.51482394653353,-136.425703081332,-6.91266843498198,-12.4776540925882,30.3842367324682,-17.7709896108422,3.84,1.68,22.0,116.7,-5.0,94.5,2325.0,6.8,529619,543308,592348,553988,600869,578428,592444,547982,592206,53.74,0.48,0.461,0.0,1.0,0.0,0.0,4.0,19,4,Sinker,1,1,1,1,1,1,1,1,Standard,Standard,221.0,0.013,-0.297,,,0.566,0.297,116.7,0,0,0.542,0.4579999999999999,27,26,28,26,2,1,43.0,2.0,6.0,0.0,1.53,0.89,0.89,,,,,,
SL,2018-06-02,84.7,-1.7,5.88,"Judge, Aaron",592450,592332,double,hit_into_play,,,,,4.0,Aaron Judge doubles (13) on a sharp line drive to left fielder Trey Mancini.,R,R,R,BAL,NYY,X,7.0,line_drive,0,1,2018,0.12,0.22,-0.79,2.53,,,,2,5,Top,59.27,141.47,,,,,1.86273660384335,-123.31942393196,-1.89784122636729,0.849683415939804,25.6644374228184,-29.822481711273,3.82,1.66,151.0,110.3,8.0,84.1,2213.0,5.9,530277,642082,448801,570731,502143,592518,641820,430945,572073,54.56,0.747,0.713,1.25,1.0,1.0,1.0,4.0,37,2,Slider,2,4,4,2,4,2,4,2,Infield shift,Standard,151.0,-0.02,0.627,,,0.931,-0.627,110.3,-2,2,0.281,0.719,27,26,27,26,3,2,6.0,1.0,7.0,2.0,3.02,-0.12,-0.12,,,,,,
SI,2018-06-02,94.9,-2.75,5.47,"Judge, Aaron",592450,612434,field_out,hit_into_play,,,,,8.0,Aaron Judge lines out to first baseman Chris Davis.,R,R,R,BAL,NYY,X,3.0,line_drive,1,1,2018,-1.25,0.91,-0.01,2.18,,,,0,7,Top,153.5,164.41,,,,,9.90441377865237,-137.828351410686,-4.93353415354262,-18.0333990964317,29.8248981421837,-19.820038137231,3.82,1.66,157.0,108.4,5.0,94.6,2168.0,6.2,530277,642082,448801,570731,502143,592518,641820,430945,572073,54.34,0.647,0.587,0.0,1.0,0.0,0.0,4.0,56,3,Sinker,4,6,6,4,6,4,6,4,Infield shift,Standard,234.0,0.015,-0.249,,,0.703,0.249,108.4,-2,2,0.186,0.8140000000000001,23,26,24,26,1,3,3.0,1.0,5.0,2.0,1.65,1.25,1.25,,,,,,
CH,2018-06-01,83.9,-0.85,6.58,"Judge, Aaron",592450,488768,field_out,hit_into_play,,,,,11.0,Aaron Judge flies out to center fielder Adam Jones.,R,R,R,BAL,NYY,X,8.0,fly_ball,3,2,2018,-1.21,0.5,-0.97,3.36,,458731.0,,1,5,Top,112.86,86.19,,,,,2.01016817085301,-122.102656626258,-2.0057596881703,-12.205763462791,23.0895609796994,-27.1609461776632,3.95,1.9,260.0,80.1,44.0,83.2,1432.0,5.7,530262,642082,448801,570731,607054,592518,641820,430945,572073,54.79,0.007,0.006,0.0,1.0,0.0,0.0,3.0,35,6,Changeup,1,1,1,1,1,1,1,1,Infield shift,Standard,247.0,0.052,-0.298,,,0.007,0.298,88.0,0,0,0.469,0.531,31,26,32,26,3,2,6.0,2.0,7.0,1.0,2.81,1.21,1.21,,,,,,
SL,2018-06-01,88.4,2.36,5.94,"Judge, Aaron",592450,656945,home_run,hit_into_play,,,,,4.0,Aaron Judge homers (16) on a fly ball to left field.,R,R,L,BAL,NYY,X,,fly_ball,2,2,2018,-0.33,-0.38,-0.49,2.61,,,,1,7,Top,19.76,45.24,,,,,-6.15890899055664,-128.465539913708,-1.27073895819553,-2.25280491418465,25.9415655357922,-36.2693878970706,3.9,1.98,438.0,108.9,27.0,86.6,,5.2,530262,642082,448801,570731,607054,592518,641820,430945,572073,55.33,0.973,2.0,2.0,1.0,0.0,3.0,6.0,51,5,Slider,1,3,3,1,4,1,4,1,Infield shift,Standard,319.0,-0.086,1.612,,,3.884,-1.612,108.9,-2,2,0.202,0.798,23,26,24,26,1,3,3.0,2.0,7.0,1.0,3.43,-0.33,0.33,,,,,,
SI,2018-06-01,93.8,-0.8,6.64,"Judge, Aaron",592450,488768,field_out,hit_into_play,,,,,8.0,"Aaron Judge grounds out, shortstop Manny Machado to first baseman Chris Davis.",R,R,R,BAL,NYY,X,6.0,ground_ball,0,0,2018,-1.18,1.24,-0.15,2.42,,,,1,1,Top,98.64,150.19,,,,,4.07655297444072,-136.11619666975,-7.59338084530798,-14.9570724376144,30.7960100587056,-15.9189652641263,4.0,2.11,35.0,94.4,-3.0,91.6,2137.0,5.2,530262,642082,448801,570731,607054,592518,641820,430945,572073,55.31,0.24,0.247,0.0,1.0,0.0,0.0,2.0,2,1,Sinker,0,0,0,0,0,0,0,0,Infield shift,Standard,223.0,0.016,-0.264,,,0.254,0.264,94.4,0,0,0.522,0.478,31,26,32,26,1,0,6.0,2.0,7.0,1.0,1.48,1.18,1.18,,,,,,
FF,2018-05-30,90.2,0.48,6.4,"Judge, Aaron",592450,572971,single,hit_into_play,,,,,4.0,Aaron Judge singles on a fly ball to right fielder Tony Kemp.   Austin Romine to 3rd.,R,R,L,NYY,HOU,X,9.0,fly_ball,2,0,2018,-0.23,0.93,-0.66,3.54,,,519222.0,2,5,Bot,177.86,140.97,,,,,-2.3378063722977,-131.359467835789,-3.10810717859014,-2.15566061169732,26.602833107825,-21.1744524752369,4.19,2.2,187.0,67.9,46.0,89.9,2231.0,5.9,530232,545358,493329,514888,608324,621043,503556,545350,643393,54.55,0.267,0.267,0.9,1.0,1.0,0.0,3.0,38,3,4-Seam Fastball,1,2,1,2,2,1,1,2,Infield shift,Standard,194.0,0.031,0.244,,,0.334,-0.244,88.0,-1,-1,0.385,0.385,30,26,30,26,3,2,5.0,1.0,6.0,2.0,1.9,-0.23,0.23,,,,,,
ST,2018-05-30,78.6,-1.98,5.61,"Judge, Aaron",592450,543521,field_out,hit_into_play,,,,,13.0,"Aaron Judge grounds out, third baseman Alex Bregman to first baseman Yuli Gurriel.",R,R,R,NYY,HOU,X,5.0,ground_ball,0,1,2018,1.54,-0.25,-0.09,1.66,,543305.0,,2,6,Bot,108.51,176.6,,,,,1.26857441760933,-114.307355025489,-1.17258269896782,12.9363595356222,24.0808469697597,-34.3270893538856,4.25,2.2,2.0,66.4,-41.0,77.8,2768.0,6.1,530232,545358,493329,514888,608324,621043,503556,545350,643393,54.42,0.093,0.107,0.0,1.0,0.0,0.0,2.0,51,2,Sweeper,5,2,5,2,2,5,5,2,Infield shift,Standard,81.0,-0.011,-0.246,,,0.093,0.246,88.0,3,3,0.904,0.904,31,26,31,26,1,3,3.0,1.0,4.0,2.0,4.02,-1.54,-1.54,,,,,,
FC,2018-05-30,84.9,0.42,6.42,"Judge, Aaron",592450,572971,single,hit_into_play,,,,,4.0,Aaron Judge singles on a sharp line drive to left fielder Marwin Gonzalez.   Aaron Hicks to 3rd.,R,R,L,NYY,HOU,X,7.0,line_drive,1,0,2018,0.15,0.98,-0.62,3.09,,,543305.0,0,1,Bot,55.25,90.63,,,,,-2.7077149101134,-123.509940614355,-3.37435385896406,2.00508582319907,23.1045917242683,-21.9353850194988,4.12,2.05,199.0,112.9,13.0,84.1,,5.7,530232,545358,493329,514888,608324,621043,503556,545350,643393,54.83,0.793,0.9,0.9,1.0,1.0,0.0,6.0,5,2,Cutter,0,0,0,0,0,0,0,0,Infield shift,Standard,171.0,0.076,0.4,,,1.35,-0.4,112.9,0,0,0.588,0.588,30,26,30,26,1,0,5.0,1.0,6.0,2.0,2.25,0.15,-0.15,,,,,,
SI,2018-05-29,96.2,-1.82,5.73,"Judge, Aaron",592450,450203,home_run,hit_into_play,,,,,6.0,Aaron Judge homers (15) on a fly ball to right field.,R,R,R,NYY,HOU,X,,fly_ball,0,0,2018,-1.29,0.81,0.56,3.13,,,,0,5,Bot,224.05,70.02,,,,,9.1248520356887,-139.778694985062,-3.10322168134195,-18.7633711876512,31.203540698751,-21.2263722322374,3.82,1.66,381.0,109.1,24.0,95.5,2348.0,5.9,530217,545358,605204,514888,493329,608324,503556,643393,543807,54.57,0.987,1.958,2.0,1.0,0.0,3.0,6.0,45,1,Sinker,2,5,2,5,5,3,3,5,Infield shift,Standard,238.0,0.097,1.114,,,3.831,-1.114,109.1,-3,-3,0.192,0.192,34,26,35,26,3,2,5.0,1.0,5.0,1.0,1.7,1.29,1.29,,,,,,
FF,2018-05-29,96.9,-0.06,6.51,"Judge, Aaron",592450,606965,double,hit_into_play,,,,,12.0,Aaron Judge doubles (12) on a ground ball to right fielder George Springer.,R,R,R,NYY,HOU,X,9.0,ground_ball,1,1,2018,-0.66,1.0,0.86,3.04,,,,1,9,Bot,205.31,105.49,,,,,3.84245122250542,-140.924339220703,-5.89775330577921,-9.40613078298538,30.3245823303294,-18.0864575151189,3.82,1.66,68.0,105.4,1.0,95.7,2392.0,5.5,530217,545358,493329,514888,608324,503556,643393,545350,543807,54.97,0.513,0.492,1.25,1.0,1.0,1.0,4.0,80,3,4-Seam Fastball,5,5,5,5,5,5,5,5,Strategic,Standard,213.0,0.123,0.688,,,0.594,-0.688,105.4,0,0,0.58,0.58,27,26,28,26,1,4,1.0,1.0,3.0,1.0,1.49,0.66,0.66,,,,,,
SI,2018-05-29,97.7,-1.81,5.88,"Judge, Aaron",592450,450203,field_out,hit_into_play,,,,,1.0,"Aaron Judge grounds out, third baseman Yuli Gurriel to first baseman J.  D. Davis.",R,R,R,NYY,HOU,X,5.0,ground_ball,0,0,2018,-1.31,0.43,-0.38,3.2,,,,0,1,Bot,103.72,159.33,,,,,6.74924942166837,-142.061799111348,-2.69495076954842,-18.899507815901,30.3130175596487,-26.0799275291071,3.82,1.66,4.0,80.5,-38.0,97.0,2062.0,5.8,530217,545358,605204,514888,493329,608324,503556,643393,543807,54.7,0.067,0.073,0.0,1.0,0.0,0.0,2.0,6,1,Sinker,1,0,1,0,0,1,1,0,Infield shift,Standard,252.0,-0.019,-0.258,,,0.067,0.258,88.0,1,1,0.645,0.645,34,26,35,26,1,0,5.0,1.0,5.0,1.0,2.0,1.31,1.31,,,,,,
SL,2018-05-28,86.5,-2.33,6.54,"Judge, Aaron",592450,434378,field_out,hit_into_play,,,,,9.0,"Aaron Judge grounds out, shortstop Carlos Correa to first baseman J.  D. Davis.",R,R,R,NYY,HOU,X,6.0,ground_ball,3,2,2018,0.53,0.15,0.76,1.88,,,,1,6,Bot,104.74,155.78,,,,,6.26052501151507,-125.808730548239,-5.20296380910235,4.42490866819475,22.9792089382013,-29.8158973440795,3.83,1.67,32.0,93.9,-2.0,86.1,2590.0,5.8,530202,435263,605204,514888,493329,621043,503556,545350,543807,54.67,0.367,0.351,0.0,1.0,0.0,0.0,2.0,46,7,Slider,0,4,0,4,4,0,0,4,Standard,Standard,107.0,-0.015,-0.336,,,0.46,0.336,93.9,-4,-4,0.081,0.081,35,26,35,26,3,2,5.0,1.0,5.0,1.0,2.93,-0.53,-0.53,,,,,,
FF,2018-05-28,95.8,-1.96,6.84,"Judge, Aaron",592450,434378,field_out,hit_into_play,,,,,5.0,Aaron Judge flies out to right fielder George Springer.,R,R,R,NYY,HOU,X,9.0,fly_ball,1,2,2018,-0.78,1.78,-0.22,3.13,,,,0,4,Bot,205.58,101.96,,,,,6.26029576835029,-139.001436943585,-7.96863806340941,-11.4529589207989,33.5067921682058,-7.92341665187753,3.83,1.67,296.0,96.7,50.0,94.6,2594.0,5.9,530202,435263,605204,514888,493329,621043,503556,545350,543807,54.61,0.013,0.02,0.0,1.0,0.0,0.0,3.0,29,4,4-Seam Fastball,0,4,0,4,4,0,0,4,Standard,Standard,204.0,-0.015,-0.187,,,0.03,0.187,96.7,-4,-4,0.139,0.139,35,26,35,26,2,1,5.0,1.0,5.0,1.0,0.78,0.78,0.78,,,,,,
SI,2018-05-27,95.1,-2.31,5.92,"Judge, Aaron",592450,572070,single,hit_into_play,,,,,5.0,Aaron Judge singles on a sharp line drive to center fielder Mike Trout.,R,R,R,NYY,LAA,X,8.0,line_drive,0,0,2018,-0.38,0.79,-0.16,2.7,,,,0,3,Bot,154.39,80.02,,,,,6.40005241663611,-138.319893843691,-4.52255596675212,-6.14366924686593,29.3608485120991,-21.4849377634465,3.82,1.66,221.0,119.9,11.0,94.5,2320.0,5.9,530191,455117,472528,435079,446359,592743,455759,545361,594777,54.62,0.813,0.9,0.9,1.0,1.0,0.0,6.0,22,1,Sinker,0,0,0,0,0,0,0,0,Strategic,Standard,206.0,0.04,0.435,,,1.313,-0.435,119.9,0,0,0.555,0.555,30,26,30,26,2,1,5.0,1.0,6.0,1.0,1.77,0.38,0.38,,,,,,
SL,2018-05-26,83.0,-1.26,6.5,"Judge, Aaron",592450,642545,single,hit_into_play,,,,,14.0,Aaron Judge singles on a soft ground ball to pitcher Jaime Barria.,R,R,R,NYY,LAA,X,1.0,ground_ball,1,1,2018,0.34,0.2,0.4,1.85,,,,1,5,Bot,125.06,190.83,,,,,3.14093358385625,-120.803960412899,-4.59814742972015,2.77578637814741,20.2163252807536,-29.6624193348147,4.21,2.11,,90.3,-17.0,82.8,2405.0,5.8,530176,593993,405395,446359,472528,592743,457708,545361,594777,54.65,0.133,0.147,0.9,1.0,1.0,0.0,2.0,46,3,Slider,4,5,4,5,5,4,4,5,Standard,Standard,121.0,0.039,0.417,,,0.149,-0.417,90.3,-1,-1,0.381,0.381,21,26,22,26,3,2,11.0,1.0,6.0,1.0,3.13,-0.34,-0.34,,,,,,
SI,2018-05-26,93.6,-1.42,6.54,"Judge, Aaron",592450,642545,home_run,hit_into_play,,,,,6.0,Aaron Judge homers (14) on a fly ball to center field.,R,R,R,NYY,LAA,X,,fly_ball,1,1,2018,-0.62,1.48,0.6,3.09,,,,0,1,Bot,161.77,14.67,,,,,6.4849840585491,-135.876791822111,-6.24416505701874,-8.97929204960576,30.1589259697553,-13.0875099958247,4.16,2.07,442.0,112.5,23.0,92.4,2299.0,5.7,530176,593993,405395,446359,472528,592743,457708,545361,594777,54.76,0.987,2.0,2.0,1.0,0.0,3.0,6.0,7,3,Sinker,1,1,1,1,1,2,2,1,Standard,Standard,203.0,0.098,1.123,,,3.814,-1.123,112.5,0,0,0.547,0.547,21,26,22,26,1,0,11.0,1.0,6.0,1.0,1.19,0.62,0.62,,,,,,
CH,2018-05-25,83.8,3.47,5.37,"Judge, Aaron",592450,571760,field_out,hit_into_play,,,,,9.0,Aaron Judge lines out to left fielder Justin Upton.,R,R,L,NYY,LAA,X,7.0,line_drive,0,1,2018,1.46,0.41,0.34,1.96,,,,1,3,Bot,81.45,66.31,,,,,-9.83948494439608,-121.507235665503,-2.17322136275637,15.9847886825946,24.0708882117739,-28.0820163239271,4.03,2.02,331.0,90.9,24.0,82.4,1934.0,5.6,530161,455117,405395,435079,446359,592743,457708,545361,594777,54.94,0.113,0.102,0.0,1.0,0.0,0.0,3.0,23,2,Changeup,1,0,1,0,0,1,1,0,Strategic,Standard,106.0,-0.013,-0.222,,,0.176,0.222,90.9,1,1,0.646,0.646,27,26,27,26,2,1,6.0,2.0,6.0,1.0,2.96,1.46,-1.46,,,,,,
SL,2018-05-22,82.8,3.45,5.26,"Judge, Aaron",592450,518617,field_out,hit_into_play,,,,,8.0,Aaron Judge grounds out to first baseman Ronald Guzman.,R,R,L,TEX,NYY,X,3.0,ground_ball,2,2,2018,-0.74,-0.05,0.03,2.03,,,,0,8,Top,160.53,164.56,,,,,-6.34502520669486,-120.431450257838,-0.804664037204145,-6.01782820089177,22.0494234642268,-32.7478756388505,3.85,1.69,7.0,61.1,-16.0,82.5,2757.0,6.0,530126,455139,608597,596059,643396,595777,608336,592261,608577,54.5,0.087,0.087,0.0,1.0,0.0,0.0,2.0,63,5,Slider,6,2,2,6,2,6,2,6,Standard,Standard,274.0,0.012,-0.235,,,0.101,0.235,88.0,4,-4,0.965,0.035,31,26,31,26,1,3,3.0,1.0,3.0,1.0,3.41,-0.74,0.74,,,,,,
SI,2018-05-21,85.5,-1.28,5.49,"Judge, Aaron",592450,112526,home_run,hit_into_play,,,,,4.0,Aaron Judge homers (12) on a fly ball to center field.,R,R,R,TEX,NYY,X,,fly_ball,1,1,2018,-1.26,0.74,-0.38,2.54,,,,0,5,Top,115.77,13.99,,,,,4.49249487788946,-124.227078807887,-2.04239261526818,-13.5586102697286,25.9087577663315,-24.6315568556862,3.85,1.69,436.0,113.9,23.0,83.8,2174.0,5.4,530114,455139,608597,596059,643396,595777,608336,592261,608577,55.13,1.0,1.976,2.0,1.0,0.0,3.0,6.0,39,3,Sinker,4,4,4,4,5,4,5,4,Standard,Standard,240.0,-0.139,1.123,,,3.84,-1.123,113.9,0,0,0.501,0.499,45,26,45,26,3,2,5.0,1.0,5.0,1.0,2.51,1.26,1.26,,,,,,
CH,2018-05-21,81.0,-1.3,5.5,"Judge, Aaron",592450,112526,field_out,hit_into_play,,,,,7.0,"Aaron Judge grounds out, third baseman Isiah Kiner-Falefa to first baseman Ronald Guzman.",R,R,R,TEX,NYY,X,5.0,ground_ball,2,1,2018,-1.15,0.75,-0.58,2.21,,458731.0,,2,2,Top,98.2,173.98,,,,,3.64275306564336,-117.660500620576,-1.99874110229097,-10.9967746404014,23.6893053808273,-25.4190719150041,3.85,1.69,3.0,63.6,-39.0,79.1,1778.0,5.2,530114,455139,608597,596059,643396,595777,608336,592261,608577,55.28,0.08,0.082,0.0,1.0,0.0,0.0,2.0,16,4,Changeup,0,3,3,0,3,0,3,0,Standard,Standard,237.0,0.022,-0.302,,,0.084,0.302,88.0,-3,3,0.231,0.769,45,26,45,26,2,1,5.0,1.0,5.0,1.0,2.9,1.15,1.15,,,,,,
SI,2018-05-21,85.6,-1.56,5.47,"Judge, Aaron",592450,112526,field_out,hit_into_play,,,,,4.0,"Aaron Judge grounds out sharply, shortstop Jurickson Profar to first baseman Ronald Guzman.   Brett Gardner to 3rd.",R,R,R,TEX,NYY,X,6.0,ground_ball,0,0,2018,-1.24,0.62,-0.68,2.68,,458731.0,,0,1,Top,114.25,158.5,,,,,4.34051399746635,-124.328711189,-1.39797227341349,-13.1654495350494,27.2266559733183,-26.0863868660403,3.85,1.69,16.0,104.3,-9.0,83.3,2052.0,5.1,530114,455139,608597,596059,643396,595777,608336,592261,608577,55.41,0.273,0.263,0.0,1.0,0.0,0.0,2.0,2,1,Sinker,0,0,0,0,0,0,0,0,Standard,Standard,243.0,0.013,-0.19,,,0.3,0.19,104.3,0,0,0.441,0.5589999999999999,45,26,45,26,1,0,5.0,1.0,5.0,1.0,2.68,1.24,1.24,,,,,,
FF,2018-05-21,96.2,-0.99,5.61,"Judge, Aaron",592450,456713,double,hit_into_play,,,,,4.0,Aaron Judge doubles (11) on a line drive to left fielder Joey Gallo.   Brett Gardner to 3rd.,R,R,R,TEX,NYY,X,7.0,line_drive,1,1,2018,-0.5,1.54,-0.56,2.72,,,458731.0,1,6,Top,78.51,132.46,,,,,2.22968105052836,-139.903871029618,-5.42278185516717,-6.87725392442951,33.1382112819385,-11.3599514645673,3.85,1.69,201.0,112.4,10.0,95.1,2543.0,5.8,530114,455139,608597,596059,643396,595777,608336,592261,608577,54.72,0.88,0.922,1.25,1.0,1.0,1.0,5.0,51,3,4-Seam Fastball,4,6,6,4,6,4,6,4,Standard,Standard,198.0,-0.065,0.802,,,1.254,-0.802,112.4,-2,2,0.221,0.779,32,26,32,26,1,3,27.0,1.0,3.0,1.0,0.99,0.5,0.5,,,,,,
FF,2018-05-20,91.0,3.08,5.86,"Judge, Aaron",592450,607215,field_out,hit_into_play,,,,,4.0,"Aaron Judge grounds out, shortstop Alcides Escobar to first baseman Hunter Dozier.",R,R,L,KC,NYY,X,6.0,ground_ball,1,0,2018,0.65,1.22,-0.56,2.93,,,,0,5,Top,106.77,149.68,,,,,-10.4967335608449,-132.121206609107,-4.06822464166881,9.67304869037985,25.6660167224463,-17.2354507229116,3.76,1.6,109.0,95.0,7.0,91.2,2303.0,6.3,530101,460077,641531,593160,519058,444876,460086,445055,624585,54.18,0.593,0.564,0.0,1.0,0.0,0.0,4.0,32,2,4-Seam Fastball,0,3,3,0,3,0,3,0,Infield shift,Strategic,152.0,0.014,-0.298,,,0.7,0.298,95.0,-3,3,0.162,0.838,25,26,26,26,3,2,6.0,1.0,5.0,1.0,1.53,0.65,-0.65,,,,,,
SI,2018-05-20,90.8,2.99,5.84,"Judge, Aaron",592450,607215,field_out,hit_into_play,,,,,5.0,Aaron Judge flies out to right fielder Jorge Soler.,R,R,L,KC,NYY,X,9.0,fly_ball,1,1,2018,1.11,1.13,0.12,2.8,,,458731.0,1,3,Top,204.3,73.99,,,,,-9.55883598120073,-131.929473766816,-4.10090862316877,14.9761467242244,27.1660785838559,-18.3347188361272,3.75,1.59,376.0,108.2,30.0,90.8,2354.0,6.3,530101,460077,641531,593160,519058,444876,460086,445055,624585,54.2,0.967,1.962,0.0,1.0,0.0,0.0,6.0,17,3,Sinker,0,0,0,0,0,0,0,0,Infield shift,Strategic,135.0,0.031,-0.246,,,3.865,0.246,108.2,0,0,0.499,0.501,25,26,26,26,2,1,6.0,1.0,5.0,1.0,1.64,1.11,-1.11,,,,,,
SI,2018-05-20,91.3,2.31,6.38,"Judge, Aaron",592450,543169,field_out,hit_into_play,,,,,3.0,Aaron Judge flies out to center fielder Jon Jay.,R,R,L,KC,NYY,X,8.0,fly_ball,1,1,2018,1.26,0.59,0.75,3.03,,,458731.0,2,6,Top,136.66,72.85,,,,,-6.65022864118027,-132.870053200745,-3.81427598770668,16.3332597330719,28.1354649182749,-24.5910870379695,3.65,1.49,301.0,83.3,33.0,91.5,2252.0,6.4,530101,460077,641531,593160,519058,444876,460086,445055,624585,54.11,0.0,0.0,0.0,1.0,0.0,0.0,3.0,45,3,Sinker,0,6,6,0,6,0,6,0,Infield shift,Strategic,115.0,0.002,-0.252,,,0.0,0.252,88.0,-6,6,0.03,0.97,28,26,28,26,1,3,7.0,1.0,5.0,1.0,2.14,1.26,-1.26,,,,,,
CH,2018-05-19,83.6,2.24,5.52,"Judge, Aaron",592450,518633,field_out,hit_into_play,,,,,9.0,Aaron Judge flies out sharply to center fielder Jon Jay.,R,R,L,KC,NYY,X,8.0,fly_ball,0,1,2018,1.04,1.0,0.39,2.36,,,543305.0,0,4,Top,167.22,49.61,,,,,-6.31847119471264,-121.714832417942,-2.86296365878118,11.5458637042361,22.3100011606101,-21.9223022350336,3.91,1.94,386.0,101.6,31.0,83.9,2375.0,6.3,530086,521692,641531,593160,572365,444876,460086,445055,624585,54.2,0.733,1.483,0.0,1.0,0.0,0.0,6.0,34,2,Changeup,2,5,5,2,5,2,5,2,Infield shift,Strategic,134.0,0.016,-0.212,,,2.882,0.212,101.6,-3,3,0.169,0.831,29,26,30,26,3,2,6.0,1.0,5.0,1.0,2.25,1.04,-1.04,,,,,,
FF,2018-05-19,94.3,-2.02,5.74,"Judge, Aaron",592450,430641,field_out,hit_into_play,,,,,8.0,"Aaron Judge grounds out sharply, second baseman Whit Merrifield to first baseman Hunter Dozier.",R,R,R,KC,NYY,X,4.0,ground_ball,3,1,2018,-0.35,1.2,0.03,1.97,,,,0,9,Top,127.09,146.13,,,,,6.01851441407656,-137.019472781209,-6.66263034343002,-5.59122424486657,27.7124257940836,-16.1357914726205,4.08,1.94,25.0,114.6,-4.0,93.7,2285.0,5.8,530086,521692,641531,593160,572365,444876,460086,445055,624585,54.66,0.48,0.458,0.0,1.0,0.0,0.0,4.0,71,5,4-Seam Fastball,3,6,6,3,6,3,6,3,Infield shift,Strategic,196.0,0.006,-0.429,,,0.563,0.429,114.6,-3,3,0.032,0.968,36,26,37,26,1,4,3.0,1.0,2.0,1.0,1.4,0.35,0.35,,,,,,
SL,2018-05-18,83.8,-2.38,5.49,"Judge, Aaron",592450,596001,field_out,hit_into_play,,,,,2.0,Aaron Judge flies out to right fielder Jorge Soler.,R,R,R,KC,NYY,X,9.0,fly_ball,2,2,2018,1.43,0.0,-0.09,3.24,,650402.0,458731.0,1,5,Top,182.67,81.56,,,,,2.52665985656614,-121.936557981066,1.13317529073132,13.3876689052025,22.5688851203072,-32.6017964873674,3.76,1.6,309.0,91.3,35.0,82.7,2379.0,5.4,530071,521692,641531,593160,519058,444876,445055,501659,624585,55.09,0.06,0.109,0.0,1.0,0.0,0.0,3.0,40,6,Slider,3,0,0,3,0,3,0,3,Standard,Standard,90.0,0.046,-0.224,,,0.2,0.224,91.3,3,-3,0.794,0.2059999999999999,25,26,26,26,3,2,6.0,3.0,5.0,1.0,3.34,-1.43,-1.43,,,,,,
SL,2018-05-18,84.6,-2.32,5.52,"Judge, Aaron",592450,596001,field_out,hit_into_play,,,,,8.0,"Aaron Judge grounds out, shortstop Alcides Escobar to first baseman Hunter Dozier.",R,R,R,KC,NYY,X,6.0,ground_ball,1,2,2018,0.7,-0.39,0.14,2.07,,,650402.0,2,3,Top,109.82,156.28,,,,,4.31085316985883,-123.010813999152,-0.95284504669547,6.12859975056316,23.1723567253533,-36.0653103104967,3.76,1.6,4.0,68.4,-32.0,83.5,2332.0,5.5,530071,521692,641531,593160,519058,444876,445055,501659,624585,55.03,0.06,0.06,0.0,1.0,0.0,0.0,2.0,19,4,Slider,1,0,0,1,0,1,0,1,Infield shift,Standard,61.0,0.02,-0.191,,,0.07,0.191,88.0,1,-1,0.649,0.351,25,26,26,26,2,1,6.0,3.0,5.0,1.0,3.67,-0.7,-0.7,,,,,,
SI,2018-05-18,92.5,-2.32,5.57,"Judge, Aaron",592450,596001,field_out,hit_into_play,,,,,7.0,"Aaron Judge grounds out, third baseman Mike Moustakas to first baseman Hunter Dozier.",R,R,R,KC,NYY,X,5.0,ground_ball,1,1,2018,-1.14,0.58,-0.62,2.14,,,,1,1,Top,92.04,165.94,,,,,6.70393195979308,-134.480791469555,-4.18384092904504,-14.9942978674066,26.2424598054849,-24.6358161251078,3.76,1.6,16.0,101.9,-7.0,92.1,1991.0,5.9,530071,521692,641531,593160,519058,444876,445055,501659,624585,54.64,0.32,0.302,0.0,1.0,0.0,0.0,2.0,2,3,Sinker,0,0,0,0,0,0,0,0,Infield shift,Standard,243.0,0.015,-0.253,,,0.361,0.253,101.9,0,0,0.523,0.477,25,26,26,26,1,0,6.0,3.0,5.0,1.0,2.12,1.14,1.14,,,,,,
SI,2018-05-18,93.1,-2.87,5.69,"Judge, Aaron",592450,641838,field_out,hit_into_play,,,,,4.0,"Aaron Judge grounds out, shortstop Alcides Escobar to first baseman Hunter Dozier.",R,R,R,KC,NYY,X,6.0,ground_ball,3,1,2018,-1.1,0.34,-0.43,2.59,,,,0,7,Top,108.29,155.78,,,,,8.70564320138664,-135.411794837467,-2.96685266103521,-15.4052201478937,26.6288184315663,-27.5706046949313,3.76,1.6,8.0,102.4,-18.0,93.6,2216.0,6.4,530071,521692,641531,593160,519058,444876,445055,501659,624585,54.1,0.207,0.211,0.0,1.0,0.0,0.0,2.0,56,5,Sinker,4,2,2,4,2,4,2,4,Infield shift,Standard,253.0,0.058,-0.429,,,0.216,0.429,102.4,2,-2,0.791,0.2089999999999999,26,26,26,26,1,3,3.0,3.0,5.0,1.0,2.27,1.1,1.1,,,,,,
CH,2018-05-13,83.1,1.33,6.45,"Judge, Aaron",592450,474463,field_out,hit_into_play,,,,,8.0,"Aaron Judge grounds out, third baseman Matt Chapman to first baseman Matt Olson.",R,R,L,NYY,ATH,X,5.0,ground_ball,1,0,2018,1.23,0.91,0.2,2.06,,,458731.0,2,2,Bot,106.26,153.24,,,,,-4.84169964841197,-120.758630038874,-5.23067886743367,12.6199719696237,24.0973667004683,-22.7009847262346,3.83,1.67,14.0,92.9,-7.0,81.8,1604.0,5.6,530010,518960,621566,476704,656305,543760,459964,641583,592192,54.93,0.167,0.184,0.0,1.0,0.0,0.0,2.0,18,2,Changeup,3,0,3,0,0,3,3,0,Standard,Standard,127.0,-0.014,-0.303,,,0.167,0.303,92.9,3,3,0.808,0.808,30,26,30,26,2,1,6.0,1.0,5.0,2.0,2.5,1.23,-1.23,,,,,,
FF,2018-05-13,95.1,-1.04,6.47,"Judge, Aaron",592450,521655,single,hit_into_play,,,,,5.0,Aaron Judge singles on a sharp ground ball to right fielder Mark Canha.   Miguel Andujar scores.,R,R,R,NYY,ATH,X,9.0,ground_ball,1,1,2018,-0.26,1.45,-0.22,2.76,,609280.0,,2,8,Bot,173.82,110.57,,,,,2.7682784100063,-138.464991480476,-7.44491473034259,-4.0768597268513,31.8479075857663,-11.7634900894591,3.83,1.67,121.0,112.6,4.0,96.0,2194.0,6.9,530010,518960,621566,476704,656305,543760,459964,641583,592192,53.63,0.7,0.687,0.9,1.0,1.0,0.0,4.0,70,3,4-Seam Fastball,5,1,5,1,1,6,6,1,Standard,Standard,190.0,0.007,0.644,,,0.854,-0.644,112.6,4,4,0.987,0.987,28,26,28,26,1,4,6.0,1.0,7.0,2.0,1.03,0.26,0.26,,,,,,
SI,2018-05-13,90.4,1.31,6.54,"Judge, Aaron",592450,474463,double,hit_into_play,,,,,6.0,Aaron Judge doubles (10) on a fly ball to right fielder Mark Canha.   Brett Gardner to 3rd.,R,R,L,NYY,ATH,X,9.0,fly_ball,1,0,2018,1.38,0.83,0.59,2.92,,,458731.0,0,1,Bot,220.92,100.21,,,,,-4.58950949563063,-131.3033376178,-4.68250621733509,16.5034299653274,29.4389169061445,-22.0485421846117,3.83,1.67,321.0,99.2,29.0,89.0,3305.0,5.6,530010,518960,621566,476704,656305,543760,459964,641583,592192,54.85,0.5,0.92,1.25,1.0,1.0,1.0,6.0,6,2,Sinker,0,0,0,0,0,0,0,0,Standard,Standard,121.0,0.093,0.68,,,1.692,-0.68,99.2,0,0,0.588,0.588,30,26,30,26,1,0,6.0,1.0,5.0,2.0,2.06,1.38,-1.38,,,,,,
CU,2018-05-12,75.3,-4.7,5.11,"Judge, Aaron",592450,592811,home_run,hit_into_play,,,,,11.0,Aaron Judge homers (11) on a fly ball to left field.   Brett Gardner scores.,R,R,R,NYY,ATH,X,,fly_ball,1,0,2018,1.18,0.12,-1.05,2.92,,,458731.0,0,5,Bot,22.25,78.56,,,,,5.46274721462001,-109.396087911764,2.37308373065944,8.20696727623701,19.7670518397877,-31.9417056188331,3.65,1.52,373.0,104.7,39.0,74.2,2577.0,5.6,529995,622194,621566,476704,656305,543760,459964,641583,592192,54.91,0.507,1.044,2.0,1.0,0.0,3.0,6.0,42,2,Curveball,2,6,2,6,6,4,4,6,Standard,Standard,96.0,0.126,1.025,,,2.013,-1.025,104.7,-4,-4,0.163,0.163,29,26,29,26,3,2,6.0,1.0,5.0,1.0,4.04,-1.18,-1.18,,,,,,
FF,2018-05-12,89.1,-0.86,5.66,"Judge, Aaron",592450,433589,field_out,hit_into_play,,,,,5.0,Aaron Judge flies out to center fielder Dustin Fowler.   Brett Gardner to 2nd.,R,R,R,NYY,ATH,X,8.0,fly_ball,0,1,2018,-0.34,1.3,0.14,2.92,,,458731.0,0,8,Bot,86.45,39.96,,,,,3.27512933454557,-129.896514138734,-3.59059466813156,-4.67886880634371,26.7898806374731,-16.4988842772619,3.68,1.55,401.0,104.4,25.0,90.7,2080.0,7.1,529995,622194,621566,476704,656305,543760,459964,641583,592192,53.4,0.9,1.694,0.0,1.0,0.0,0.0,6.0,69,2,4-Seam Fastball,6,6,6,6,6,6,6,6,Standard,Standard,195.0,-0.005,-0.212,,,3.232,0.212,104.4,0,0,0.661,0.661,33,26,34,26,1,4,1.0,1.0,2.0,1.0,1.48,0.34,0.34,,,,,,
SI,2018-05-11,94.3,-1.26,5.53,"Judge, Aaron",592450,608665,home_run,hit_into_play,,,,,5.0,Aaron Judge homers (10) on a fly ball to right center field.    Miguel Andujar scores.    Brett Gardner scores.,R,R,R,NYY,ATH,X,,fly_ball,0,0,2018,-1.46,0.95,-0.11,2.58,,609280.0,458731.0,2,5,Bot,197.75,49.35,,,,,6.24468991719835,-137.252337308431,-4.08225791701646,-19.8463900874743,29.0995460747689,-19.4899758089036,3.81,1.65,391.0,111.1,27.0,94.5,2530.0,6.3,529980,518960,621566,476704,656305,543760,459964,641583,592192,54.18,1.0,2.036,2.0,1.0,0.0,3.0,6.0,47,1,Sinker,1,5,1,5,5,4,4,5,Standard,Standard,237.0,0.239,1.664,,,3.998,-1.664,111.1,-4,-4,0.118,0.118,27,26,28,26,3,2,16.0,1.0,,1.0,1.61,1.46,1.46,,,,,,
SI,2018-05-11,95.2,-2.94,6.23,"Judge, Aaron",592450,595014,grounded_into_double_play,hit_into_play,,,,,9.0,"Aaron Judge grounds into a double play, second baseman Jed Lowrie to shortstop Marcus Semien to first baseman Matt Olson.   Brett Gardner out at 2nd.    Aaron Judge out at 1st.",R,R,R,NYY,ATH,X,4.0,ground_ball,0,1,2018,-1.27,0.57,0.36,2.5,,,458731.0,1,9,Bot,142.51,148.16,,,,,11.2831937113219,-137.98021075985,-5.31167434920983,-18.3917599947189,29.6561261132197,-24.1377468218914,4.04,2.0,7.0,113.2,-20.0,94.0,2488.0,5.7,529980,518960,621566,476704,656305,543760,459964,641583,592192,54.78,0.3,0.3,0.0,1.0,0.0,0.0,2.0,86,2,Sinker,5,10,5,10,10,5,5,10,Standard,Standard,246.0,-0.006,-0.286,,,0.328,0.286,113.2,-5,-5,0.006,0.006,30,26,30,26,1,4,5.0,1.0,1.0,1.0,2.02,1.27,1.27,,,,,,
KC,2018-05-10,85.7,-2.61,5.06,"Judge, Aaron",592450,518886,field_out,hit_into_play,,,,,8.0,Aaron Judge flies out to center fielder Mookie Betts.,R,R,R,NYY,BOS,X,8.0,fly_ball,2,2,2018,1.4,-0.63,-0.22,2.0,,,,1,9,Bot,126.96,73.09,,,,,2.81396660304148,-124.791686084386,0.345883787270632,13.9180567268048,26.7130359280081,-39.0379911080113,3.84,1.68,299.0,94.3,44.0,85.4,2731.0,6.2,529963,543877,519048,456488,646240,593428,643217,605141,502110,54.31,0.027,0.045,0.0,1.0,0.0,0.0,3.0,76,5,Knuckle Curve,4,5,4,5,5,4,4,5,Standard,Standard,66.0,-0.061,-0.234,,,0.074,0.234,94.3,-1,-1,0.108,0.108,30,26,30,26,1,4,1.0,1.0,2.0,1.0,3.77,-1.4,-1.4,,,,,,
FF,2018-05-10,98.4,-1.58,5.91,"Judge, Aaron",592450,523260,single,hit_into_play,,,,,5.0,Aaron Judge singles on a sharp ground ball to left fielder Andrew Benintendi.   Gleyber Torres scores.    Neil Walker to 3rd.    Brett Gardner to 2nd.,R,R,R,NYY,BOS,X,7.0,ground_ball,1,0,2018,-1.04,1.33,-0.25,2.37,650402.0,435522.0,458731.0,1,7,Bot,87.97,116.66,,,,,5.86832383065307,-142.913476985686,-7.00324505384389,-15.2812365152065,35.0863868747378,-12.9937776228794,3.82,1.67,7.0,104.2,-18.0,96.8,2283.0,5.7,529963,543877,519048,456488,646240,593428,643217,605141,502110,54.84,0.233,0.256,0.9,1.0,1.0,0.0,2.0,59,2,4-Seam Fastball,1,4,1,4,4,2,2,4,Standard,Standard,218.0,0.115,0.419,,,0.234,-0.419,104.2,-3,-3,0.293,0.293,30,26,30,26,1,3,2.0,1.0,2.0,1.0,1.11,1.04,1.04,,,,,,
CU,2018-05-09,75.4,-2.58,6.0,"Judge, Aaron",592450,519144,single,hit_into_play,,,,,8.0,"Aaron Judge singles on a soft ground ball to pitcher Rick Porcello.   Aaron Judge to 2nd.  Aaron Judge advances to 2nd, on a throwing error by pitcher Rick Porcello.",R,R,R,NYY,BOS,X,1.0,ground_ball,0,0,2018,1.18,-0.86,0.12,1.76,,,,0,5,Bot,120.48,192.35,,,,,3.52681833194394,-109.538739073543,-0.183040101720301,8.35045636531762,20.6192585839166,-39.0269558365174,3.94,1.78,,90.3,-17.0,73.4,2865.0,5.0,529950,506702,519048,456488,646240,593428,643217,605141,502110,55.49,0.133,0.147,0.9,1.0,1.0,0.0,2.0,42,1,Curveball,4,3,4,3,3,4,4,3,Standard,Standard,54.0,0.059,0.435,,,0.149,-0.435,90.3,1,1,0.708,0.708,29,26,30,26,3,2,5.0,1.0,5.0,1.0,5.1,-1.18,-1.18,,,,,,
CU,2018-05-09,76.9,1.65,6.4,"Judge, Aaron",592450,598271,field_out,hit_into_play,,,,,14.0,Aaron Judge flies out to right fielder J.  D. Martinez.,R,R,L,NYY,BOS,X,9.0,fly_ball,1,2,2018,-0.67,-1.11,0.86,2.55,,,458731.0,2,6,Bot,157.06,86.19,,,,,-0.473056729510349,-111.915032224498,0.849038394837045,-5.48258110426989,21.0869904456469,-41.7733159096285,3.94,1.78,292.0,82.0,31.0,76.4,2457.0,6.0,529950,506702,519048,456488,646240,593428,643217,605141,502110,54.46,0.007,0.006,0.0,1.0,0.0,0.0,3.0,55,4,Curveball,5,4,5,4,4,5,5,4,Standard,Standard,329.0,-0.017,-0.191,,,0.007,0.191,88.0,1,1,0.709,0.709,27,26,28,26,1,3,8.0,1.0,2.0,1.0,5.02,-0.67,0.67,,,,,,
FF,2018-05-09,96.8,-2.94,4.88,"Judge, Aaron",592450,518886,home_run,hit_into_play,,,,,5.0,Aaron Judge homers (9) on a line drive to center field.   Brett Gardner scores.,R,R,R,NYY,BOS,X,,line_drive,1,2,2018,-0.95,1.36,0.28,3.13,458731.0,,,1,8,Bot,136.34,17.1,,,,,10.5939979283249,-140.473173585324,-2.11479686394131,-14.8118013744778,32.7337054131249,-14.1988665241201,3.97,1.81,429.0,117.0,16.0,95.7,2470.0,5.9,529950,543877,519048,456488,646240,593428,643217,605141,502110,54.61,0.84,1.186,2.0,1.0,0.0,3.0,6.0,76,4,4-Seam Fastball,7,6,7,6,6,9,9,6,Strategic,Standard,215.0,0.076,1.102,,,2.025,-1.102,117.0,1,1,0.894,0.894,30,26,30,26,1,4,4.0,1.0,1.0,1.0,1.13,0.95,0.95,,,,,,
SI,2018-05-09,91.9,-2.54,5.77,"Judge, Aaron",592450,519144,single,hit_into_play,,,,,4.0,Aaron Judge singles on a sharp ground ball to center fielder Mookie Betts.   Brett Gardner scores.,R,R,R,NYY,BOS,X,8.0,ground_ball,0,0,2018,-1.4,0.45,-0.46,2.68,,458731.0,,0,1,Bot,125.06,108.54,,,,,8.28641950179452,-133.562533816488,-2.91773691285329,-18.4628730843916,29.2987259616257,-26.3686057133649,3.85,1.69,25.0,110.8,-5.0,91.7,2282.0,6.3,529950,506702,519048,456488,646240,593428,643217,605141,502110,54.2,0.42,0.396,0.9,1.0,1.0,0.0,4.0,5,1,Sinker,0,0,0,0,0,1,1,0,Standard,Standard,252.0,0.069,0.487,,,0.477,-0.487,110.8,0,0,0.607,0.607,29,26,30,26,1,0,5.0,1.0,5.0,1.0,2.26,1.4,1.4,,,,,,
FF,2018-05-06,94.1,-1.23,5.84,"Judge, Aaron",592450,592102,double,hit_into_play,,,,,8.0,Aaron Judge doubles (9) on a sharp line drive to right fielder Tyler Naquin. Tyler Austin scores. Brett Gardner scores.,R,R,R,NYY,CLE,X,9.0,line_drive,2,2,2018,-0.97,1.54,0.24,1.68,592122.0,,458731.0,2,8,Bot,189.83,99.1,,,,,6.0278444571504,-136.746171958648,-8.58062877119001,-13.644532582796,30.2634430699164,-10.9002662993347,3.79,1.63,281.0,105.8,12.0,94.8,2519.0,6.8,529914,543228,570481,543401,608070,596019,488726,656185,571980,53.74,0.907,0.909,1.25,1.0,1.0,1.0,4.0,59,5,4-Seam Fastball,1,4,1,4,4,3,3,4,Standard,Standard,212.0,0.183,0.926,,,1.201,-0.926,105.8,-3,-3,0.084,0.084,29,26,30,26,1,3,2.0,1.0,6.0,2.0,1.01,0.97,0.97,,,,,,
SL,2018-05-05,83.2,-1.43,5.13,"Judge, Aaron",592450,664701,field_out,hit_into_play,,,,,5.0,Aaron Judge grounds out to first baseman Yonder Alonso.,R,R,R,NYY,CLE,X,3.0,ground_ball,1,0,2018,0.15,0.57,0.21,2.55,,458731.0,,2,7,Bot,149.44,163.4,,,,,3.48607319367201,-121.373571862237,-0.69025945106631,0.966403704993634,20.0857188686446,-26.5547089744647,3.83,1.67,23.0,68.2,-3.0,84.3,1893.0,6.5,529898,547379,475174,543401,608070,596019,488726,571980,446386,53.99,0.093,0.096,0.0,1.0,0.0,0.0,2.0,56,2,Slider,5,2,5,2,2,5,5,2,Standard,Standard,165.0,-0.01,-0.31,,,0.104,0.31,88.0,3,3,0.938,0.938,25,26,26,26,1,3,2.0,1.0,22.0,1.0,2.65,-0.15,-0.15,,,,,,
FC,2018-05-04,86.2,-1.3,5.77,"Judge, Aaron",592450,458708,grounded_into_double_play,hit_into_play,,,,,14.0,"Aaron Judge grounds into a double play, second baseman Jason Kipnis to shortstop Francisco Lindor to first baseman Yonder Alonso.   Brett Gardner out at 2nd.    Aaron Judge out at 1st.",R,R,R,NYY,CLE,X,4.0,ground_ball,1,2,2018,0.04,0.8,0.84,2.13,,,458731.0,1,6,Bot,138.26,145.62,,,,,4.92447250448318,-125.435933275253,-3.97094149594886,-0.496726115478177,22.8929057403309,-23.4976145529519,3.83,1.67,131.0,98.0,8.0,85.2,2562.0,5.4,529883,543228,475174,543401,608070,596019,434658,605548,446386,55.08,0.6,0.565,0.0,1.0,0.0,0.0,4.0,49,4,Cutter,5,0,5,0,0,5,5,0,Standard,Standard,177.0,-0.005,-0.247,,,0.685,0.247,98.0,5,5,0.973,0.973,33,26,34,26,4,3,5.0,1.0,11.0,1.0,2.35,-0.04,-0.04,,,,,,
CU,2018-05-04,76.5,-1.48,5.56,"Judge, Aaron",592450,458708,home_run,hit_into_play,,,,,14.0,Aaron Judge homers (8) on a line drive to left field.,R,R,R,NYY,CLE,X,,line_drive,1,2,2018,0.82,-0.86,0.04,1.47,,,,1,4,Bot,21.27,86.19,,,,,1.74296777949649,-111.112380014091,-0.136650721967854,6.17054555337369,19.7359091387998,-39.1912532012983,3.83,1.67,361.0,99.1,23.0,74.5,2761.0,4.9,529883,543228,475174,543401,608070,596019,434658,605548,446386,55.61,0.473,0.67,2.0,1.0,0.0,3.0,5.0,33,4,Curveball,3,0,3,0,0,4,4,0,Standard,Standard,44.0,0.057,1.661,,,1.156,-1.661,99.1,3,3,0.848,0.848,33,26,34,26,3,2,5.0,1.0,11.0,1.0,4.97,-0.82,-0.82,,,,,,
FC,2018-05-04,86.7,-1.41,5.77,"Judge, Aaron",592450,458708,field_out,hit_into_play,,,,,2.0,Aaron Judge flies out to center fielder Bradley Zimmer.,R,R,R,NYY,CLE,X,8.0,fly_ball,2,1,2018,0.4,0.86,-0.26,3.22,435522.0,609280.0,458731.0,2,2,Bot,142.03,73.59,,,,,1.92988027945325,-126.211242025824,-1.63983349512022,3.83150565749683,23.7401568977668,-23.1063997208313,3.83,1.67,300.0,99.3,49.0,86.0,2555.0,5.6,529883,543228,475174,543401,608070,596019,434658,605548,446386,54.85,0.02,0.031,0.0,1.0,0.0,0.0,3.0,18,4,Cutter,0,0,0,0,0,0,0,0,Standard,Standard,155.0,-0.087,-0.304,,,0.054,0.304,99.3,0,0,0.587,0.587,33,26,34,26,2,1,5.0,1.0,11.0,1.0,2.23,-0.4,-0.4,,,,,,
FC,2018-05-04,86.6,-1.7,5.75,"Judge, Aaron",592450,458708,double,hit_into_play,,,,,7.0,Aaron Judge doubles (8) on a line drive to left fielder Rajai Davis.,R,R,R,NYY,CLE,X,7.0,line_drive,3,1,2018,0.12,0.86,-0.29,2.29,,,,1,1,Bot,53.09,129.51,,,,,3.09595092626839,-125.990575440743,-3.76224256521872,0.648984243407507,24.0934364375876,-22.7195706067576,3.83,1.67,190.0,99.9,13.0,85.8,2702.0,5.6,529883,543228,475174,543401,608070,596019,434658,605548,446386,54.85,0.86,0.839,1.25,1.0,1.0,1.0,4.0,5,5,Cutter,0,0,0,0,0,0,0,0,Standard,Standard,172.0,0.031,0.497,,,1.074,-0.497,99.9,0,0,0.536,0.536,33,26,34,26,1,0,5.0,1.0,11.0,1.0,2.25,-0.12,-0.12,,,,,,
SI,2018-05-02,90.9,1.18,6.15,"Judge, Aaron",592450,572971,double,hit_into_play,,,,,14.0,Aaron Judge doubles (7) on a line drive to right fielder Josh Reddick.,R,R,L,HOU,NYY,X,9.0,line_drive,2,2,2018,0.89,0.6,0.92,2.54,,,,1,6,Top,201.76,112.6,,,,,-2.51504970115838,-132.497114113634,-4.49875029320066,10.9040242333884,23.1752501945379,-24.502316285644,3.8,1.64,134.0,88.3,7.0,91.2,2194.0,6.0,529863,545358,493329,514888,608324,621043,503556,605233,502210,54.53,0.527,0.527,1.25,1.0,1.0,1.0,4.0,37,5,Sinker,0,3,3,0,3,0,3,0,Infield shift,Standard,124.0,-0.022,0.707,,,0.648,-0.707,88.3,-3,3,0.149,0.851,30,26,30,26,3,2,5.0,1.0,5.0,1.0,2.15,0.89,-0.89,,,,,,
SI,2018-05-02,89.1,0.89,6.26,"Judge, Aaron",592450,572971,double_play,hit_into_play,,,,,6.0,"Aaron Judge lines into a double play, right fielder Josh Reddick to first baseman Yuli Gurriel.   Gleyber Torres out at 1st.",R,R,L,HOU,NYY,X,9.0,line_drive,0,0,2018,0.6,0.45,0.76,2.81,,,650402.0,1,3,Top,207.85,102.95,,,,,-1.57253153254234,-129.707868155151,-3.4169859643917,7.05298561380651,26.4723509642432,-26.6258265016935,3.82,1.66,328.0,97.1,24.0,89.2,2066.0,6.3,529863,545358,493329,514888,608324,621043,503556,605233,502210,54.24,0.36,0.528,0.0,1.0,0.0,0.0,5.0,18,1,Sinker,0,2,2,0,2,0,2,0,Infield shift,Standard,127.0,0.041,-0.262,,,0.915,0.262,97.1,-2,2,0.287,0.7130000000000001,30,26,30,26,2,1,5.0,1.0,5.0,1.0,2.42,0.6,-0.6,,,,,,
SL,2018-05-02,87.4,-1.76,5.63,"Judge, Aaron",592450,444468,field_out,hit_into_play,,,,,9.0,"Aaron Judge grounds out, shortstop Carlos Correa to first baseman Yuli Gurriel.",R,R,R,HOU,NYY,X,6.0,ground_ball,1,2,2018,0.42,-0.1,0.73,1.8,,543305.0,,0,8,Top,116.93,150.19,,,,,5.11469650672687,-127.308448068724,-2.9842193807639,3.70315230444972,22.6418609423121,-32.9158107658345,3.83,1.67,22.0,70.6,-2.0,87.6,2258.0,6.1,529863,435263,493329,514888,608324,621043,503556,605233,502210,54.41,0.16,0.157,0.0,1.0,0.0,0.0,2.0,55,4,Slider,0,3,3,0,3,0,3,0,Infield shift,Standard,77.0,0.009,-0.107,,,0.193,0.107,88.0,-3,3,0.056,0.944,30,26,30,26,1,3,4.0,1.0,3.0,1.0,3.07,-0.42,-0.42,,,,,,
SI,2018-05-02,89.2,0.9,6.36,"Judge, Aaron",592450,572971,field_out,hit_into_play,,,,,14.0,"Aaron Judge grounds out, pitcher Dallas Keuchel to first baseman Yuli Gurriel.",R,R,L,HOU,NYY,X,1.0,ground_ball,2,1,2018,1.18,0.8,0.94,2.41,,,,1,1,Top,130.64,181.68,,,,,-2.34741569558626,-129.87469447308,-5.37045909851845,13.6975318312411,25.9469453943466,-22.3257028329278,3.82,1.66,5.0,84.4,-24.0,89.1,2084.0,6.1,529863,545358,493329,514888,608324,621043,503556,605233,502210,54.42,0.087,0.086,0.0,1.0,0.0,0.0,2.0,2,4,Sinker,0,0,0,0,0,0,0,0,Infield shift,Standard,124.0,0.018,-0.312,,,0.101,0.312,88.0,0,0,0.52,0.48,30,26,30,26,1,0,5.0,1.0,5.0,1.0,2.08,1.18,-1.18,,,,,,
SL,2018-05-01,88.1,-2.01,6.52,"Judge, Aaron",592450,434378,field_out,hit_into_play,,,,,5.0,Aaron Judge flies out to right fielder George Springer.,R,R,R,HOU,NYY,X,9.0,fly_ball,2,2,2018,0.08,0.25,0.21,2.88,,,,1,3,Top,159.5,112.78,,,,,5.20765067663228,-128.12486091945,-3.2325436838673,-0.234363158209588,26.3846916051345,-29.0443297265947,3.78,1.62,222.0,70.3,41.0,87.6,2439.0,6.0,529848,435263,493329,514888,608324,621043,503556,545350,543807,54.52,0.347,0.341,0.0,1.0,0.0,0.0,3.0,18,5,Slider,0,0,0,0,0,0,0,0,Strategic,Standard,163.0,0.016,-0.234,,,0.426,0.234,88.0,0,0,0.527,0.473,35,26,35,26,2,1,6.0,1.0,5.0,1.0,2.73,-0.08,-0.08,,,,,,
FF,2018-05-01,97.2,-1.89,6.09,"Judge, Aaron",592450,571704,single,hit_into_play,,,,,9.0,Aaron Judge singles on a sharp line drive to right fielder Josh Reddick.,R,R,R,HOU,NYY,X,9.0,line_drive,3,1,2018,-0.97,1.74,0.5,2.06,,,,0,9,Top,162.65,111.08,,,,,8.44530342201831,-140.846515263719,-8.93412702234551,-14.5930511103066,34.4869620543536,-7.77680887920948,3.76,1.6,277.0,111.8,11.0,95.4,2530.0,5.7,529848,435263,493329,514888,608324,621043,503556,543807,502210,54.82,0.873,0.925,0.9,1.0,1.0,0.0,5.0,59,5,4-Seam Fastball,0,0,0,0,0,0,0,0,Infield shift,Standard,209.0,-0.049,0.264,,,1.301,-0.264,111.8,0,0,0.468,0.532,27,26,28,26,1,3,1.0,1.0,7.0,1.0,0.77,0.97,0.97,,,,,,
FF,2018-04-29,91.7,2.44,5.82,"Judge, Aaron",592450,501625,field_out,hit_into_play,,,,,11.0,Aaron Judge lines out to center fielder Mike Trout.,R,R,L,LAA,NYY,X,8.0,line_drive,1,2,2018,0.63,1.39,-0.92,2.78,,,,1,8,Top,149.7,63.44,,,,,-9.83533496299128,-133.142284478959,-4.80378410143233,9.55381918085548,28.4462332247923,-14.7993272394324,3.81,1.65,327.0,90.5,26.0,91.6,2294.0,6.3,529824,425784,405395,435079,527043,446359,457708,545361,455759,54.18,0.087,0.093,0.0,1.0,0.0,0.0,3.0,57,4,4-Seam Fastball,1,2,2,1,2,1,2,1,Standard,Standard,156.0,0.013,-0.185,,,0.164,0.185,90.5,-1,1,0.283,0.7170000000000001,29,26,29,26,1,3,1.0,1.0,2.0,1.0,1.33,0.63,-0.63,,,,,,
SL,2018-04-28,88.1,-1.86,6.09,"Judge, Aaron",592450,572070,double,hit_into_play,,,,,8.0,Aaron Judge doubles (6) on a line drive to left fielder Justin Upton.   Brett Gardner scores.,R,R,R,LAA,NYY,X,7.0,line_drive,1,2,2018,0.04,-0.51,-0.14,2.33,,,458731.0,0,2,Top,104.58,114.36,,,,,4.03701835416414,-128.042009992097,-1.94306955187958,-0.448188865974325,27.4319626784394,-37.4917373018639,3.83,1.67,222.0,115.4,7.0,86.4,2860.0,5.4,529809,455117,527043,435079,472528,446359,457708,545361,594777,55.12,0.767,0.769,1.25,1.0,1.0,1.0,5.0,14,4,Slider,0,5,5,0,6,0,6,0,Standard,Standard,4.0,-0.042,0.778,,,1.027,-0.778,115.4,-5,5,0.1,0.9,30,26,30,26,2,1,7.0,1.0,6.0,1.0,3.57,-0.04,-0.04,,,,,,
FF,2018-04-28,93.0,-2.79,5.46,"Judge, Aaron",592450,622161,single,hit_into_play,,,,,4.0,Aaron Judge singles on a line drive to left fielder Justin Upton.,R,R,R,LAA,NYY,X,7.0,line_drive,2,2,2018,-1.16,1.37,-0.65,3.1,,,,0,3,Top,104.39,107.9,,,,,7.70297571133602,-134.813326077642,-2.99163511587894,-15.2170883745879,31.0942224581818,-15.9383623955304,3.89,1.73,226.0,90.6,16.0,90.4,2187.0,5.0,529809,455117,527043,435079,472528,446359,457708,545361,594777,55.46,0.867,0.851,0.9,1.0,1.0,0.0,4.0,26,5,4-Seam Fastball,0,10,10,0,10,0,10,0,Standard,Standard,220.0,-0.002,0.458,,,1.096,-0.458,90.6,-10,10,0.009,0.991,23,26,23,26,1,2,3.0,1.0,4.0,1.0,1.43,1.16,1.16,,,,,,
FF,2018-04-28,97.1,-2.0,6.01,"Judge, Aaron",592450,572070,single,hit_into_play,,,,,7.0,Aaron Judge singles on a ground ball to center fielder Mike Trout.,R,R,R,LAA,NYY,X,8.0,ground_ball,1,2,2018,-0.18,0.77,-0.32,1.73,,,,1,1,Top,111.25,108.3,,,,,4.81409230936773,-141.138468356093,-7.56894239341328,-3.31939407231885,29.9600860678706,-20.764709808763,3.81,1.65,23.0,118.1,-3.0,96.1,2690.0,5.6,529809,455117,527043,435079,472528,446359,457708,545361,594777,54.87,0.54,0.536,0.9,1.0,1.0,0.0,4.0,2,5,4-Seam Fastball,0,0,0,0,0,0,0,0,Standard,Standard,193.0,-0.028,0.485,,,0.655,-0.485,118.1,0,0,0.526,0.474,30,26,30,26,1,0,7.0,1.0,6.0,1.0,1.71,0.18,0.18,,,,,,
FF,2018-04-27,92.3,-0.73,6.64,"Judge, Aaron",592450,453284,field_out,hit_into_play,,,,,2.0,Aaron Judge flies out to right fielder Kole Calhoun.,R,R,R,LAA,NYY,X,9.0,fly_ball,2,0,2018,-0.37,1.38,-0.18,3.61,,,,0,10,Top,183.93,141.61,,,,,2.21612503616858,-134.427293713978,-4.90260079684176,-4.94412079301234,28.111738900724,-14.6030094393284,3.81,1.65,211.0,97.9,61.0,92.6,2099.0,6.3,529794,455117,405395,435079,446359,592743,457708,545361,594777,54.17,0.007,0.007,0.0,1.0,0.0,0.0,3.0,69,3,4-Seam Fastball,3,3,3,3,3,3,3,3,Standard,Standard,195.0,0.082,-0.37,,,0.008,0.37,97.9,0,0,0.476,0.524,33,26,33,26,1,4,2.0,1.0,1.0,1.0,1.29,0.37,0.37,,,,,,
FF,2018-04-25,92.2,-1.96,5.88,"Judge, Aaron",592450,458681,sac_fly,hit_into_play,,,,,5.0,Aaron Judge out on a sacrifice fly to right fielder Robbie Grossman.   Gleyber Torres scores.    Brett Gardner to 2nd.,R,R,R,NYY,MIN,X,9.0,fly_ball,2,0,2018,-0.36,1.35,0.03,2.71,650402.0,,458731.0,1,4,Bot,159.62,107.35,,,,,5.85342018227846,-134.181537620242,-5.19304106514502,-5.6656815850662,28.7875007646712,-14.9233732187268,3.88,1.72,233.0,97.9,57.0,92.4,2289.0,6.4,529768,488771,408045,572821,593934,500871,592696,596146,543257,54.14,0.007,0.009,0.0,1.0,0.0,0.0,3.0,39,3,4-Seam Fastball,5,3,5,3,3,6,6,3,Standard,Standard,195.0,0.016,-0.233,,,0.01,0.233,97.9,2,2,0.837,0.837,31,26,31,26,3,2,5.0,1.0,5.0,1.0,1.33,0.36,0.36,,,,,,
FF,2018-04-25,94.3,-1.96,5.92,"Judge, Aaron",592450,458681,single,hit_into_play,,,,,5.0,Aaron Judge singles on a sharp ground ball to left fielder Eddie Rosario.   Brett Gardner to 3rd.,R,R,R,NYY,MIN,X,7.0,ground_ball,3,2,2018,-0.65,1.22,-0.1,3.12,,,458731.0,0,1,Bot,94.07,80.6,,,,,6.24801770177813,-137.136319956799,-4.28507259864555,-9.4654722807107,28.648671412272,-16.1670862424442,3.76,1.75,56.0,109.0,1.0,94.3,2421.0,6.2,529768,488771,408045,572821,593934,500871,592696,596146,543257,54.28,0.553,0.542,0.9,1.0,1.0,0.0,4.0,7,7,4-Seam Fastball,0,2,0,2,2,0,0,2,Standard,Standard,208.0,0.077,0.366,,,0.643,-0.366,109.0,-2,-2,0.399,0.399,31,26,31,26,1,0,5.0,1.0,5.0,1.0,1.35,0.65,0.65,,,,,,
SI,2018-04-24,93.4,-3.67,5.51,"Judge, Aaron",592450,621244,single,hit_into_play,,,,,6.0,Aaron Judge singles on a sharp ground ball to second baseman Brian Dozier.,R,R,R,NYY,MIN,X,4.0,ground_ball,3,1,2018,-1.43,1.13,0.34,2.63,,,,0,5,Bot,120.48,125.81,,,,,13.3824334648884,-135.255806480423,-4.01896791131574,-20.5085707265469,32.3011685813768,-17.8026356330696,3.83,1.67,57.0,110.9,1.0,92.5,2371.0,6.2,529753,641598,489149,572821,500871,501303,592696,534606,596146,54.28,0.567,0.523,0.9,1.0,1.0,0.0,4.0,39,5,Sinker,3,1,3,1,1,3,3,1,Infield shift,Standard,232.0,0.013,0.264,,,0.617,-0.264,110.9,2,2,0.821,0.821,24,26,24,26,3,2,6.0,1.0,5.0,1.0,1.55,1.43,1.43,,,,,,
FF,2018-04-24,94.3,-3.56,5.63,"Judge, Aaron",592450,621244,double,hit_into_play,,,,,4.0,Aaron Judge doubles (5) on a sharp line drive to left fielder Eddie Rosario.   Brett Gardner to 3rd.,R,R,R,NYY,MIN,X,7.0,line_drive,3,1,2018,-0.63,1.28,-0.6,2.97,,,458731.0,1,3,Bot,67.66,84.15,,,,,9.03043184257212,-137.012488872771,-4.04411903472324,-9.73765369686472,28.1896611926208,-15.4583488803658,3.83,1.67,327.0,106.6,19.0,94.2,2210.0,6.2,529753,641598,489149,572821,500871,501303,592696,534606,596146,54.34,0.773,1.098,1.25,1.0,1.0,1.0,6.0,22,5,4-Seam Fastball,1,1,1,1,1,1,1,1,Standard,Standard,206.0,0.077,0.635,,,1.877,-0.635,106.6,0,0,0.574,0.574,24,26,24,26,2,1,6.0,1.0,5.0,1.0,1.3,0.63,0.63,,,,,,
FF,2018-04-24,92.2,-2.8,6.17,"Judge, Aaron",592450,608648,home_run,hit_into_play,,,,,4.0,Aaron Judge homers (7) on a line drive to right field.,R,R,R,NYY,MIN,X,,line_drive,1,2,2018,-0.24,1.13,-0.3,2.39,,,,0,7,Bot,213.95,54.18,,,,,6.92685537393653,-134.124689598472,-6.27147637559741,-4.44744973203723,29.9822182157827,-17.2603725134766,3.83,1.67,371.0,108.4,23.0,92.6,2183.0,6.6,529753,641598,408045,572821,500871,501303,592696,596146,543257,53.87,0.987,1.884,2.0,1.0,0.0,3.0,6.0,57,4,4-Seam Fastball,5,2,5,2,2,6,6,2,Infield shift,Standard,192.0,0.031,1.186,,,3.632,-1.186,108.4,3,3,0.94,0.94,27,26,28,26,1,3,,1.0,3.0,1.0,1.54,0.24,0.24,,,,,,
FF,2018-04-23,90.1,-1.19,6.16,"Judge, Aaron",592450,543606,field_out,hit_into_play,,,,,2.0,Aaron Judge flies out to right fielder Max Kepler.,R,R,R,NYY,MIN,X,9.0,fly_ball,1,2,2018,-0.35,1.63,0.25,3.98,,,,0,5,Bot,191.49,78.91,,,,,4.23210349364953,-130.953258679734,-2.74856230728956,-4.82986320001504,29.639400788879,-13.592087289166,3.92,1.35,323.0,98.4,41.0,88.7,2273.0,5.6,529740,488771,408045,572821,593934,500871,592696,534606,596146,54.88,0.06,0.111,0.0,1.0,0.0,0.0,3.0,40,5,4-Seam Fastball,4,1,4,1,1,4,4,1,Infield shift,Standard,192.0,-0.007,-0.187,,,0.228,0.187,98.4,3,3,0.882,0.882,28,26,28,26,3,2,6.0,1.0,5.0,1.0,1.27,0.35,0.35,,,,,,
SI,2018-04-23,88.8,-3.62,4.57,"Judge, Aaron",592450,657610,double,hit_into_play,,,,,4.0,Aaron Judge doubles (4) on a sharp line drive to center fielder Ryan LaMarre.,R,R,R,NYY,MIN,X,8.0,line_drive,1,0,2018,-1.49,0.05,-0.5,2.64,,,,0,7,Bot,171.28,63.27,,,,,10.4308513775388,-128.655730328362,1.2085560508705,-18.161705359681,26.1339659158639,-32.1076774551419,3.83,1.67,339.0,111.3,16.0,87.2,1906.0,5.5,529740,488771,408045,572821,593934,500871,592696,534606,596146,55.0,0.727,0.942,1.25,1.0,1.0,1.0,6.0,57,2,Sinker,5,1,5,1,1,5,5,1,Infield shift,Standard,268.0,0.008,0.663,,,1.545,-0.663,111.3,4,4,0.971,0.971,27,26,28,26,1,3,1.0,1.0,2.0,1.0,2.95,1.49,1.49,,,,,,
FF,2018-04-22,87.8,1.19,6.26,"Judge, Aaron",592450,448802,field_out,hit_into_play,,,,,4.0,"Aaron Judge grounds out sharply, third baseman Yangervis Solarte to first baseman Justin Smoak.",R,R,L,NYY,TOR,X,5.0,ground_ball,0,0,2018,-0.16,1.14,-0.58,2.79,,,,0,3,Bot,99.66,163.4,,,,,-3.92608068137885,-127.729929997887,-4.54151394134112,-0.882453739701676,25.9346142380223,-19.2381855370097,3.83,1.67,78.0,113.4,3.0,87.0,2241.0,5.8,529734,431145,475253,581527,500208,666971,606192,607680,434158,54.74,0.66,0.634,0.0,1.0,0.0,0.0,4.0,22,1,4-Seam Fastball,3,0,3,0,0,3,3,0,Standard,Standard,188.0,-0.011,-0.258,,,0.774,0.258,113.4,3,3,0.839,0.839,31,26,32,26,2,1,5.0,1.0,6.0,1.0,1.88,-0.16,0.16,,,,,,
FF,2018-04-22,92.0,-1.39,5.33,"Judge, Aaron",592450,592130,field_out,hit_into_play,,,,,5.0,Aaron Judge flies out to center fielder Kevin Pillar.,R,R,R,NYY,TOR,X,8.0,fly_ball,3,2,2018,-1.16,1.61,-0.28,2.51,,,543305.0,0,7,Bot,134.22,73.36,,,,,5.17011167245832,-133.524927395722,-4.53698974960915,-14.5392854872093,31.3587457430961,-12.8525059673278,3.56,1.4,300.0,89.0,38.0,90.1,2235.0,5.5,529734,431145,475253,581527,500208,666971,606192,607680,434158,55.02,0.0,0.0,0.0,1.0,0.0,0.0,3.0,55,6,4-Seam Fastball,4,1,4,1,1,4,4,1,Standard,Standard,216.0,-0.01,-0.322,,,0.0,0.322,89.0,3,3,0.952,0.952,28,26,29,26,1,3,2.0,1.0,3.0,1.0,1.21,1.16,1.16,,,,,,
SI,2018-04-21,96.1,-1.07,6.31,"Judge, Aaron",592450,446099,single,hit_into_play,,,,,11.0,Aaron Judge singles on a ground ball to left fielder Teoscar Hernandez.   Austin Romine scores.    Ronald Torreyes to 3rd.,R,R,R,NYY,TOR,X,7.0,ground_ball,1,2,2018,-0.88,1.16,-1.31,3.46,,519222.0,591720.0,2,6,Bot,67.15,112.6,,,,,1.38625772029777,-140.033158209238,-4.69820095465149,-11.9665540823803,27.9693691625949,-15.9378404834859,3.83,1.67,122.0,102.4,7.0,97.0,2043.0,6.5,529719,571912,456665,666971,500208,649557,606192,607680,545341,54.04,0.68,0.643,0.9,1.0,1.0,0.0,4.0,54,5,Sinker,8,1,8,1,1,9,9,1,Standard,Standard,217.0,0.003,0.599,,,0.785,-0.599,102.4,7,7,0.993,0.993,35,26,35,26,1,3,2.0,1.0,1.0,1.0,1.27,0.88,0.88,,,,,,
SI,2018-04-21,91.3,4.35,4.3,"Judge, Aaron",592450,571901,field_out,hit_into_play,,,,,9.0,"Aaron Judge grounds out, shortstop Aledmys Diaz to first baseman Steve Pearce.",R,R,L,NYY,TOR,X,6.0,ground_ball,1,0,2018,1.51,0.24,0.33,2.08,,,,1,8,Bot,114.9,157.3,,,,,-13.1161063911297,-132.232875538174,-0.147396057616733,20.1558828278161,28.8707870303059,-29.6152034874859,3.83,1.67,32.0,82.9,0.0,90.0,2215.0,5.8,529719,571912,456665,666971,500208,649557,606192,607680,545341,54.71,0.233,0.229,0.0,1.0,0.0,0.0,2.0,69,2,Sinker,9,1,9,1,1,9,9,1,Standard,Standard,99.0,0.0,-0.306,,,0.282,0.306,88.0,8,8,0.999,0.999,30,26,31,26,1,4,3.0,1.0,5.0,1.0,2.58,1.51,-1.51,,,,,,
SI,2018-04-21,92.8,-1.27,5.56,"Judge, Aaron",592450,573186,field_out,hit_into_play,,,,,6.0,"Aaron Judge grounds out, shortstop Aledmys Diaz to first baseman Steve Pearce.",R,R,R,NYY,TOR,X,6.0,ground_ball,1,1,2018,-0.65,0.24,0.34,2.56,,,,1,1,Bot,104.74,159.84,,,,,5.41518879413921,-134.986976360471,-2.41992849360198,-8.80418575640092,26.6562383617641,-29.1157182951528,3.67,1.51,31.0,109.4,-3.0,91.8,2300.0,5.5,529719,571912,456665,666971,500208,649557,606192,607680,545341,55.0,0.46,0.438,0.0,1.0,0.0,0.0,4.0,5,3,Sinker,0,0,0,0,0,0,0,0,Standard,Standard,250.0,-0.015,-0.253,,,0.544,0.253,109.4,0,0,0.525,0.525,27,26,27,26,1,0,8.0,1.0,6.0,1.0,2.48,0.65,0.65,,,,,,
SI,2018-04-19,92.2,-1.77,5.86,"Judge, Aaron",592450,592717,force_out,hit_into_play,,,,,5.0,"Aaron Judge grounds into a force out, third baseman Yangervis Solarte to second baseman Devon Travis.   Ronald Torreyes to 3rd.    Brett Gardner out at 2nd.    Aaron Judge to 1st.",R,R,R,NYY,TOR,X,5.0,ground_ball,1,1,2018,-1.6,0.94,-0.11,2.73,,591720.0,458731.0,1,5,Bot,106.97,165.94,,,,,7.76848141122431,-134.064295798414,-4.1764509218695,-21.1549896373659,30.1318810248426,-20.0807323209017,3.76,1.75,5.0,89.5,-26.0,92.6,2110.0,6.7,529690,571912,475253,581527,500208,649557,606192,607680,545341,53.84,0.1,0.117,0.0,1.0,0.0,0.0,2.0,42,3,Sinker,2,2,2,2,2,2,2,2,Standard,Standard,240.0,-0.047,-0.313,,,0.114,0.313,89.5,0,0,0.614,0.614,25,26,26,26,3,2,9.0,2.0,6.0,1.0,1.73,1.6,1.6,,,,,,
FS,2018-04-19,81.3,-0.98,6.24,"Judge, Aaron",592450,461325,home_run,hit_into_play,,,,,5.0,Aaron Judge homers (5) on a fly ball to left field.,R,R,R,NYY,TOR,X,,fly_ball,3,2,2018,0.04,0.6,-0.24,2.57,,,,1,7,Bot,16.12,71.7,,,,,1.55986996180689,-118.343315009443,-2.69358828851679,0.0481024555554038,23.4959144860229,-26.3892408464278,3.79,1.63,394.0,105.8,37.0,80.3,1970.0,5.7,529690,571912,475253,581527,500208,649557,606192,607680,545341,54.8,0.707,1.446,2.0,1.0,0.0,3.0,6.0,57,6,Split-Finger,3,2,3,2,2,4,4,2,Standard,Standard,176.0,0.103,1.511,,,2.82,-1.511,105.8,1,1,0.773,0.773,33,26,33,26,1,3,2.0,2.0,2.0,1.0,2.94,-0.04,-0.04,,,,,,
CH,2018-04-17,81.1,1.72,6.18,"Judge, Aaron",592450,606424,field_out,hit_into_play,,,,,6.0,Aaron Judge lines out to center fielder Cameron Maybin.,R,R,L,NYY,MIA,X,8.0,line_drive,3,2,2018,1.64,0.4,0.79,2.42,609280.0,,,2,5,Bot,129.73,77.06,,,,,-5.3036424882734,-117.953896210552,-2.51193093893823,16.489264358845,23.4805649847602,-28.1656154961055,3.83,1.67,300.0,91.0,19.0,81.4,2078.0,6.6,529663,592663,542513,516770,605119,500743,518618,457727,543776,53.87,0.427,0.42,0.0,1.0,0.0,0.0,4.0,45,6,Changeup,0,7,0,7,7,0,0,7,Infield shift,Standard,104.0,-0.007,-0.316,,,0.567,0.316,91.0,-7,-7,0.022,0.022,25,26,25,26,3,2,6.0,1.0,6.0,2.0,3.05,1.64,-1.64,,,,,,
FF,2018-04-16,91.7,1.66,6.2,"Judge, Aaron",592450,592761,home_run,hit_into_play,,,,,8.0,Aaron Judge homers (4) on a fly ball to right center field.,R,R,L,NYY,MIA,X,,fly_ball,2,1,2018,1.08,1.32,-0.04,2.17,,,,2,2,Bot,177.66,43.8,,,,,-6.40234638151945,-133.086467109696,-6.86925927451598,13.743410192192,28.6862219839058,-15.8971190183206,3.83,1.67,386.0,108.2,31.0,89.8,2519.0,5.3,529649,592407,571506,516770,605119,500743,518618,457727,543776,55.2,0.987,2.02,2.0,1.0,0.0,3.0,6.0,18,4,4-Seam Fastball,2,0,2,0,0,3,3,0,Infield shift,Standard,141.0,0.079,2.557,,,3.957,-2.557,108.2,2,2,0.721,0.721,26,26,27,26,2,1,6.0,3.0,6.0,1.0,1.52,1.08,-1.08,,,,,,
SI,2018-04-16,91.4,-2.42,5.29,"Judge, Aaron",592450,543031,single,hit_into_play,,,,,8.0,Aaron Judge singles on a line drive to left fielder Derek Dietrich.   Miguel Andujar scores.    Ronald Torreyes to 3rd.    Brett Gardner to 2nd.,R,R,R,NYY,MIA,X,7.0,line_drive,2,2,2018,-1.09,1.04,0.09,1.89,609280.0,591720.0,458731.0,0,5,Bot,79.85,115.14,,,,,8.80745516682916,-132.886509488088,-5.037866303333,-15.0273180444506,26.8973570816087,-18.7681987686908,3.83,1.67,157.0,110.4,6.0,92.5,2206.0,6.9,529649,592407,571506,516770,605119,500743,518618,457727,543776,53.63,0.707,0.68,0.9,1.0,1.0,0.0,4.0,46,5,Sinker,8,0,8,0,0,9,9,0,Standard,Standard,226.0,0.001,0.443,,,0.85,-0.443,110.4,8,8,0.997,0.997,31,26,31,26,2,3,5.0,3.0,21.0,1.0,1.63,1.09,1.09,,,,,,
SI,2018-04-16,88.8,-2.76,5.39,"Judge, Aaron",592450,543031,field_out,hit_into_play,,,,,11.0,Aaron Judge flies out to center fielder Cameron Maybin.,R,R,R,NYY,MIA,X,8.0,fly_ball,3,2,2018,-1.03,1.0,-1.01,2.83,,,,1,4,Bot,148.93,76.53,,,,,6.54480048571321,-129.267610727399,-2.38870001100135,-13.1070170639076,27.3032984012201,-20.4144424095234,3.83,1.67,289.0,87.1,41.0,89.7,2239.0,6.8,529649,592407,571506,516770,605119,500743,518618,457727,543776,53.65,0.0,0.0,0.0,1.0,0.0,0.0,3.0,34,7,Sinker,5,0,5,0,0,5,5,0,Standard,Standard,226.0,-0.004,-0.336,,,0.0,0.336,88.0,5,5,0.943,0.943,31,26,31,26,1,2,5.0,3.0,21.0,1.0,1.84,1.03,1.03,,,,,,
FC,2018-04-16,80.9,3.26,6.33,"Judge, Aaron",592450,622217,field_out,hit_into_play,,,,,6.0,"Aaron Judge grounds out, third baseman Brian Anderson to first baseman Justin Bour.",R,R,L,NYY,MIA,X,5.0,ground_ball,2,1,2018,-0.23,0.51,0.28,2.81,,609280.0,458731.0,2,6,Bot,97.63,166.44,,,,,-6.14515125366503,-117.713544218432,-2.1860733483206,-1.06588808339377,20.3133134637774,-27.3608664504605,3.83,1.67,102.0,108.4,4.0,80.5,,5.8,529649,592407,571506,516770,605119,500743,518618,457727,543776,54.71,0.573,0.516,0.0,1.0,0.0,0.0,4.0,58,4,Cutter,11,0,11,0,0,11,11,0,Infield shift,Standard,204.0,0.0,-0.321,,,0.589,0.321,108.4,11,11,0.999,0.999,28,26,28,26,1,4,5.0,3.0,,1.0,3.02,-0.23,0.23,,,,,,
SI,2018-04-13,87.9,-1.24,5.91,"Judge, Aaron",592450,571666,single,hit_into_play,,,,,6.0,Aaron Judge singles on a ground ball to center fielder Leonys Martin.   Brett Gardner scores.,R,R,R,DET,NYY,X,8.0,ground_ball,3,2,2018,-1.28,1.02,0.37,2.48,,458731.0,,1,5,Top,158.01,82.62,,,,,6.44920746332235,-127.716639273507,-4.22913716625562,-15.1352006732279,25.4547202825942,-20.5121681341946,3.85,1.69,19.0,105.5,-7.0,87.2,1997.0,5.9,529604,543510,408234,553988,600869,578428,592444,547982,592206,54.62,0.373,0.359,0.9,1.0,1.0,0.0,2.0,34,6,Sinker,0,3,3,0,4,0,4,0,Infield shift,Standard,231.0,-0.048,0.522,,,0.43,-0.522,105.5,-3,3,0.151,0.849,33,26,33,26,3,2,5.0,1.0,8.0,3.0,1.98,1.28,1.28,,,,,,
FF,2018-04-13,87.7,-0.93,6.08,"Judge, Aaron",592450,571666,field_out,hit_into_play,,,,,5.0,"Yankees challenged (force play), call on the field was overturned: Aaron Judge grounds out, shortstop Jose Iglesias to second baseman Dixon Machado to first baseman Miguel Cabrera.   Ronald Torreyes to 2nd.",R,R,R,DET,NYY,X,6.0,ground_ball,3,2,2018,-0.8,1.27,0.13,3.08,,,591720.0,1,3,Top,114.32,151.73,,,,,4.18531633361712,-127.644194906032,-3.7586540272571,-9.5266068133245,24.3951582657814,-17.8132441574556,3.85,1.69,61.0,110.4,0.0,87.6,2003.0,6.1,529604,543510,408234,553988,600869,578428,592444,547982,592206,54.45,0.513,0.479,0.0,1.0,0.0,0.0,4.0,18,6,4-Seam Fastball,0,2,2,0,2,0,2,0,Infield shift,Standard,212.0,0.017,-0.383,,,0.563,0.383,110.4,-2,2,0.283,0.7170000000000001,33,26,33,26,2,1,5.0,1.0,8.0,3.0,1.7,0.8,0.8,,,,,,
FF,2018-04-11,95.3,-0.95,5.47,"Judge, Aaron",592450,592390,single,hit_into_play,,,,,13.0,Aaron Judge singles on a ground ball to left fielder J.  D. Martinez.   Brett Gardner to 2nd.,R,R,R,BOS,NYY,X,7.0,ground_ball,3,2,2018,-0.93,1.4,-1.04,2.61,,,458731.0,0,4,Top,85.43,119.2,,,,,1.86295531804425,-138.646138143381,-4.94724756458686,-12.3506230974955,34.395634200482,-13.2611314359225,3.76,1.6,23.0,90.5,-4.0,94.9,2432.0,6.3,529582,543877,519048,456488,646240,571788,502110,598265,605141,54.15,0.24,0.234,0.9,1.0,1.0,0.0,2.0,32,8,4-Seam Fastball,1,5,5,1,5,1,5,1,Standard,Strategic,214.0,-0.017,0.366,,,0.264,-0.366,90.5,-4,4,0.107,0.893,29,26,29,26,1,2,3.0,1.0,2.0,1.0,1.13,0.93,0.93,,,,,,
CU,2018-04-11,72.8,2.65,5.42,"Judge, Aaron",592450,596074,single,hit_into_play,,,,,5.0,Aaron Judge singles on a sharp line drive to left fielder J.  D. Martinez.   Brett Gardner to 2nd.,R,R,L,BOS,NYY,X,7.0,line_drive,1,0,2018,-0.47,-0.77,0.06,2.97,,,458731.0,1,2,Top,95.17,128.33,,,,,-4.29425943894221,-105.569563176054,3.66318675147998,-2.57272993874568,18.9810203095272,-38.5881550833692,3.76,1.6,187.0,114.7,10.0,70.4,2251.0,4.8,529582,543877,519048,456488,646240,571788,502110,598265,605141,55.74,0.813,0.842,0.9,1.0,1.0,0.0,6.0,17,2,Curveball,1,4,4,1,4,1,4,1,Standard,Strategic,328.0,-0.02,0.374,,,1.179,-0.374,114.7,-3,3,0.219,0.781,25,26,26,26,1,1,3.0,1.0,23.0,1.0,5.38,-0.47,0.47,,,,,,
FF,2018-04-10,92.9,3.58,5.01,"Judge, Aaron",592450,519242,home_run,hit_into_play,,,,,6.0,Aaron Judge homers (3) on a fly ball to center field.,R,R,L,BOS,NYY,X,,fly_ball,1,0,2018,1.22,0.97,0.47,2.75,,,,2,5,Top,127.81,10.16,,,,,-10.4523869194689,-134.694159008672,-2.00912633193877,16.9422714645364,30.8398921676419,-20.3973150955586,3.9,1.69,444.0,116.3,22.0,91.5,2223.0,5.8,529568,543877,434670,456488,646240,571788,643217,598265,605141,54.7,0.987,2.0,2.0,1.0,0.0,3.0,6.0,42,2,4-Seam Fastball,5,0,0,5,1,5,1,5,Strategic,Strategic,129.0,-0.03,2.558,,,3.65,-2.558,116.3,5,-5,0.955,0.045,29,26,29,26,3,2,7.0,2.0,5.0,1.0,1.75,1.22,-1.22,,,,,,
FF,2018-04-10,92.7,3.32,4.85,"Judge, Aaron",592450,519242,single,hit_into_play,,,,,8.0,Aaron Judge singles on a line drive to center fielder Jackie Bradley Jr.  Neil Walker to 2nd.,R,R,L,BOS,NYY,X,8.0,line_drive,0,1,2018,1.59,0.97,-0.06,2.22,,,435522.0,1,3,Top,104.39,89.69,,,,,-11.9609077735886,-134.272677728216,-2.87824929172758,21.7254232444588,32.5511392125385,-20.249399844539,3.85,1.74,265.0,87.4,20.0,91.4,2216.0,6.1,529568,543877,434670,456488,646240,571788,643217,598265,605141,54.44,0.46,0.452,0.9,1.0,1.0,0.0,4.0,25,2,4-Seam Fastball,4,0,0,4,0,4,0,4,Standard,Strategic,121.0,-0.035,0.446,,,0.584,-0.446,88.0,4,-4,0.859,0.141,29,26,29,26,2,1,7.0,2.0,5.0,1.0,1.77,1.59,-1.59,,,,,,
SI,2018-04-10,97.8,-1.69,5.56,"Judge, Aaron",592450,523260,grounded_into_double_play,hit_into_play,,,,,11.0,"Aaron Judge grounds into a double play, shortstop Tzu-Wei Lin to second baseman Brock Holt to first baseman Blake Swihart.   Tyler Wade out at 2nd.    Aaron Judge out at 1st.",R,R,R,BOS,NYY,X,6.0,ground_ball,1,2,2018,-1.43,1.06,-0.89,3.58,,,642180.0,1,7,Top,112.86,148.16,,,,,5.32223324716252,-142.204674982188,-2.18061346266496,-20.1915332933858,33.7706927683943,-17.8716962918162,3.97,1.74,38.0,90.8,-2.0,96.6,2130.0,5.7,529568,543877,596119,571788,646240,624407,643217,598265,605141,54.79,0.3,0.32,0.0,1.0,0.0,0.0,2.0,67,4,Sinker,14,1,1,14,1,14,1,14,Standard,Standard,233.0,0.0,-0.247,,,0.351,0.247,90.8,13,-13,0.999,0.001,30,26,30,26,1,3,7.0,2.0,1.0,1.0,1.39,1.43,1.43,,,,,,
SL,2018-04-10,79.3,3.36,5.21,"Judge, Aaron",592450,519242,single,hit_into_play,,,,,8.0,Aaron Judge singles on a line drive to left fielder Andrew Benintendi.,R,R,L,BOS,NYY,X,7.0,line_drive,1,1,2018,-1.02,-0.19,0.17,2.28,,,,1,1,Top,75.22,131.2,,,,,-5.02375874561427,-115.091749659748,0.81821144861118,-7.72719479850552,24.0063928902199,-34.2899714267013,3.78,1.67,202.0,95.9,13.0,77.6,2309.0,5.5,529568,543877,434670,456488,646240,571788,643217,598265,605141,54.96,0.933,0.883,0.9,1.0,1.0,0.0,4.0,2,3,Slider,0,0,0,0,0,0,0,0,Standard,Standard,281.0,-0.025,0.417,,,1.096,-0.417,95.9,0,0,0.523,0.477,29,26,29,26,1,0,7.0,2.0,5.0,1.0,3.98,-1.02,1.02,,,,,,
CH,2018-04-08,85.8,-3.42,5.67,"Judge, Aaron",592450,542960,grounded_into_double_play,hit_into_play,,,,,7.0,"Aaron Judge grounds into a double play, pitcher Brad Brach to catcher Caleb Joseph to third baseman Tim Beckham.   Austin Romine out at home.    Didi Gregorius out at 3rd.    Brett Gardner to 2nd.    Aaron Judge to 1st.",R,R,R,NYY,BAL,X,1.0,ground_ball,0,1,2018,-1.1,0.24,-0.34,1.7,519222.0,544369.0,458731.0,0,12,Bot,128.61,180.16,,,,,9.28523240535499,-124.482243321257,-3.54680406036986,-12.9291448566456,23.7554262713673,-29.2943179721113,3.83,1.67,5.0,76.9,-21.0,84.7,2039.0,5.6,529534,543376,641820,570731,542921,592518,502226,430945,623993,54.87,0.04,0.046,0.0,1.0,0.0,0.0,2.0,111,2,Changeup,7,8,7,8,8,7,7,8,Strategic,Standard,258.0,-0.526,-0.25,,,0.042,0.25,88.0,-1,-1,0.702,0.702,32,26,32,26,1,6,2.0,1.0,3.0,2.0,2.95,1.1,1.1,,,,,,
SL,2018-04-08,78.3,-2.75,3.52,"Judge, Aaron",592450,503285,single,hit_into_play,,,,,8.0,Aaron Judge singles on a soft ground ball to first baseman Trey Mancini.,R,R,R,NYY,BAL,X,3.0,ground_ball,1,1,2018,0.26,0.43,0.23,1.84,,,,1,8,Bot,162.65,161.87,,,,,5.93482570414269,-113.978308165452,2.40104082158009,1.28753264044917,19.6911944143378,-29.0420378374363,3.76,1.75,9.0,59.1,-12.0,78.5,2015.0,6.3,529534,543376,641820,570731,542921,592518,502226,430945,623993,54.2,0.08,0.08,0.9,1.0,1.0,0.0,1.0,77,3,Slider,7,7,7,7,7,7,7,7,Standard,Standard,149.0,0.048,0.417,,,0.087,-0.417,88.0,0,0,0.56,0.56,35,26,36,26,1,4,3.0,1.0,2.0,2.0,3.28,-0.26,-0.26,,,,,,
CU,2018-04-08,80.5,-1.46,6.32,"Judge, Aaron",592450,605541,single,hit_into_play,,,,,8.0,Aaron Judge singles on a line drive to right fielder Anthony Santander.   Brett Gardner to 3rd.,R,R,R,NYY,BAL,X,9.0,line_drive,1,1,2018,0.79,-0.37,-0.21,1.8,,,458731.0,0,1,Bot,163.93,150.43,,,,,1.29446555546214,-116.866585610458,-2.43445663885396,6.60010985518258,27.1156363865073,-35.1882237063594,3.77,1.61,149.0,69.6,20.0,78.1,2280.0,5.3,529534,543376,641820,570731,542921,592518,502226,430945,623993,55.23,0.9,0.82,0.9,1.0,1.0,0.0,4.0,7,3,Curveball,0,0,0,0,0,0,0,0,Standard,Standard,65.0,0.083,0.448,,,0.963,-0.448,88.0,0,0,0.581,0.581,28,26,28,26,1,0,5.0,1.0,5.0,2.0,4.12,-0.79,-0.79,,,,,,
SL,2018-04-07,83.5,-2.65,6.45,"Judge, Aaron",592450,501957,field_out,hit_into_play,,,,,14.0,"Aaron Judge grounds out, shortstop Manny Machado to first baseman Chris Davis.   Ronald Torreyes scores.    Brett Gardner to 3rd.",R,R,R,NYY,BAL,X,6.0,ground_ball,3,2,2018,0.51,0.08,0.56,1.49,591720.0,458731.0,,1,5,Bot,102.2,155.78,,,,,6.3812021461922,-121.44497160428,-5.19569275946997,4.01960971685797,20.8980601161666,-30.698556077175,3.98,1.98,12.0,83.8,-7.0,83.8,2398.0,6.2,529519,642082,448801,570731,542921,592518,641820,430945,623993,54.27,0.093,0.112,0.0,1.0,0.0,0.0,2.0,40,7,Slider,2,3,2,3,3,3,3,3,Standard,Standard,99.0,0.004,-0.208,,,0.093,0.208,88.0,-1,-1,0.55,0.55,30,26,30,26,3,2,5.0,1.0,6.0,1.0,3.18,-0.51,-0.51,,,,,,
KC,2018-04-07,74.2,-2.55,6.5,"Judge, Aaron",592450,501957,field_out,hit_into_play,,,,,8.0,Aaron Judge flies out to left fielder Trey Mancini.,R,R,R,NYY,BAL,X,7.0,fly_ball,2,1,2018,0.42,-1.56,0.16,2.06,,,,0,3,Bot,75.56,85.47,,,,,4.64364336481172,-107.468275720054,0.781194964693474,2.09400216572962,20.9699924679344,-43.8166638869716,3.91,1.86,293.0,85.5,37.0,70.8,1971.0,4.2,529519,642082,448801,570731,542921,592518,641820,430945,623993,56.3,0.02,0.035,0.0,1.0,0.0,0.0,3.0,23,4,Knuckle Curve,2,2,2,2,2,2,2,2,Infield shift,Standard,15.0,-0.029,-0.306,,,0.051,0.306,88.0,0,0,0.559,0.559,30,26,30,26,2,1,5.0,1.0,6.0,1.0,6.12,-0.42,-0.42,,,,,,
SL,2018-04-07,83.5,-2.54,5.55,"Judge, Aaron",592450,642231,double,hit_into_play,,,,,7.0,Aaron Judge doubles (2) on a sharp line drive to left fielder Trey Mancini.   Brett Gardner scores.,R,R,R,NYY,BAL,X,7.0,line_drive,1,1,2018,0.93,0.36,-0.31,2.12,,,458731.0,0,7,Bot,64.19,126.06,,,,,3.29990640038485,-121.431414022561,-2.14201093654996,8.26166610033256,22.7212116546493,-28.543106027474,4.0,1.96,227.0,110.7,12.0,82.1,2424.0,5.3,529519,642082,448801,570731,542921,592518,641820,430945,623993,55.2,0.867,0.962,1.25,1.0,1.0,1.0,5.0,59,3,Slider,5,3,5,3,3,6,6,3,Standard,Standard,112.0,0.056,0.728,,,1.399,-0.728,110.7,2,2,0.901,0.901,26,26,26,26,1,3,,1.0,35.0,1.0,3.02,-0.93,-0.93,,,,,,
FF,2018-04-07,90.3,-2.62,6.65,"Judge, Aaron",592450,501957,field_out,hit_into_play,,,,,6.0,Aaron Judge flies out sharply to right fielder Anthony Santander.   Brett Gardner to 3rd.,R,R,R,NYY,BAL,X,9.0,fly_ball,0,0,2018,-0.17,1.51,0.45,3.05,,458731.0,,0,1,Bot,210.39,88.38,,,,,7.98761693009731,-131.299928828508,-6.21179226140143,-3.46486707977827,24.5803326738991,-13.7829489009319,4.14,2.09,327.0,102.8,40.0,90.4,2163.0,6.1,529519,642082,448801,570731,542921,592518,641820,430945,623993,54.38,0.207,0.401,0.0,1.0,0.0,0.0,5.0,5,1,4-Seam Fastball,0,0,0,0,0,0,0,0,Standard,Standard,186.0,-0.012,-0.263,,,0.787,0.263,102.8,0,0,0.607,0.607,30,26,30,26,1,0,5.0,1.0,6.0,1.0,1.29,0.17,0.17,,,,,,
FF,2018-04-06,94.5,-1.61,6.23,"Judge, Aaron",592450,592332,single,hit_into_play,,,,,11.0,Aaron Judge singles on a fly ball to center fielder Adam Jones.   Brett Gardner scores.,R,R,R,NYY,BAL,X,8.0,fly_ball,2,2,2018,-0.93,1.3,-1.0,3.5,,458731.0,,0,3,Bot,119.46,104.08,,,,,3.6193385012572,-137.43169286883,-4.26852251414742,-12.5039098678459,31.0987227487678,-15.1489496873135,3.83,1.67,229.0,69.9,26.0,94.0,2217.0,6.1,529509,543376,448801,570731,542921,592518,641820,430945,623993,54.43,0.967,0.887,0.9,1.0,1.0,0.0,4.0,24,6,4-Seam Fastball,1,2,1,2,2,2,2,2,Standard,Standard,216.0,0.09,0.528,,,1.051,-0.528,88.0,-1,-1,0.505,0.505,27,26,27,26,2,1,5.0,1.0,5.0,1.0,1.29,0.93,0.93,,,,,,
SL,2018-04-05,89.4,-1.01,6.27,"Judge, Aaron",592450,488768,home_run,hit_into_play,,,,,9.0,Aaron Judge homers (2) on a fly ball to right center field.,R,R,R,NYY,BAL,X,,fly_ball,2,1,2018,-0.22,0.56,0.57,2.16,,,,2,6,Bot,181.57,40.95,,,,,4.27844820471326,-129.929623575836,-5.19150239577797,-3.3118009398194,26.3534224833242,-25.241348900993,3.83,1.67,395.0,105.5,25.0,88.2,2115.0,5.5,529498,642082,448801,570731,542921,592518,641820,430945,623993,55.0,0.947,1.84,2.0,1.0,0.0,3.0,6.0,41,4,Slider,0,0,0,0,0,1,1,0,Infield shift,Standard,202.0,0.184,2.557,,,3.587,-2.557,105.5,0,0,0.519,0.519,31,26,32,26,3,2,5.0,1.0,5.0,1.0,2.39,0.22,0.22,,,,,,
SL,2018-04-05,88.8,-1.16,6.38,"Judge, Aaron",592450,488768,field_out,hit_into_play,,,,,4.0,Aaron Judge flies out sharply to right fielder Anthony Santander.,R,R,R,NYY,BAL,X,9.0,fly_ball,1,1,2018,-0.27,0.78,-0.62,2.65,642180.0,,,2,3,Bot,166.65,62.78,,,,,1.83460877935436,-129.230747613392,-4.62223346969366,-3.32123087077454,25.7920608873727,-23.0033351118363,3.83,1.67,336.0,100.4,30.0,87.7,2027.0,5.5,529498,642082,448801,570731,542921,592518,641820,430945,623993,55.0,0.613,1.16,0.0,1.0,0.0,0.0,6.0,22,3,Slider,0,0,0,0,0,0,0,0,Standard,Standard,199.0,-0.041,-0.276,,,2.247,0.276,100.4,0,0,0.541,0.541,31,26,32,26,2,1,5.0,1.0,5.0,1.0,2.19,0.27,0.27,,,,,,
FF,2018-04-05,87.3,-2.69,3.96,"Judge, Aaron",592450,503285,field_out,hit_into_play,,,,,11.0,Aaron Judge lines out to second baseman Jonathan Schoop.,R,R,R,NYY,BAL,X,4.0,line_drive,0,2,2018,-1.26,0.84,-1.1,3.21,,,458731.0,0,8,Bot,142.57,142.48,,,,,6.51818096275769,-127.071730587984,2.62672976061809,-15.2024466815459,26.7201026011297,-23.7079827079574,3.83,1.67,159.0,71.9,15.0,87.9,2352.0,6.7,529498,642082,448801,570731,542921,592518,641820,430945,623993,53.78,0.507,0.456,0.0,1.0,0.0,0.0,4.0,63,3,4-Seam Fastball,2,5,2,5,5,2,2,5,Standard,Standard,236.0,-0.031,-0.171,,,0.515,0.171,88.0,-3,-3,0.123,0.123,35,26,36,26,1,3,3.0,1.0,3.0,1.0,2.11,1.26,1.26,,,,,,
SL,2018-04-05,88.5,-1.1,6.42,"Judge, Aaron",592450,488768,field_out,hit_into_play,,,,,5.0,Aaron Judge flies out to right fielder Anthony Santander.,R,R,R,NYY,BAL,X,9.0,fly_ball,3,2,2018,-0.14,0.76,-0.05,2.78,,,,1,1,Bot,181.67,91.26,,,,,2.77047991009673,-128.60203692457,-4.22235263613156,-2.07849478110157,26.6279660016528,-23.4704501061313,3.83,1.67,266.0,99.2,53.0,86.4,2146.0,5.0,529498,642082,448801,570731,542921,592518,641820,430945,623993,55.45,0.0,0.0,0.0,1.0,0.0,0.0,3.0,6,7,Slider,0,0,0,0,0,0,0,0,Infield shift,Strategic,190.0,-0.02,-0.336,,,0.0,0.336,99.2,0,0,0.53,0.53,31,26,32,26,1,0,5.0,1.0,5.0,1.0,2.29,0.14,0.14,,,,,,
CH,2018-04-04,86.2,-2.46,5.54,"Judge, Aaron",592450,542882,home_run,hit_into_play,,,,,8.0,Aaron Judge homers (1) on a fly ball to left field.   Ronald Torreyes scores.,R,R,R,NYY,TB,X,,fly_ball,3,2,2018,-0.31,0.14,0.18,1.85,,,591720.0,2,4,Bot,26.97,50.36,,,,,6.7488188568223,-125.322302660552,-2.81120663816035,-4.39464494334763,22.3991832826222,-30.4824212940714,3.83,1.67,419.0,108.9,24.0,85.0,2418.0,5.3,529494,467092,543543,621563,621002,588751,452655,595281,605480,55.2,0.987,1.958,2.0,1.0,0.0,3.0,6.0,35,8,Changeup,5,1,5,1,1,7,7,1,Standard,Standard,245.0,0.059,2.191,,,3.831,-2.191,108.9,4,4,0.905,0.905,28,26,29,26,1,2,5.0,1.0,4.0,1.0,3.02,0.31,0.31,,,,,,
CH,2018-04-04,87.0,1.94,6.62,"Judge, Aaron",592450,605483,field_out,hit_into_play,,,,,6.0,Aaron Judge pops out to first baseman Brad Miller in foul territory.,R,R,L,NYY,TB,X,3.0,popup,2,2,2018,1.1,1.28,0.62,2.35,,,458731.0,0,1,Bot,172.8,173.56,,,,,-5.54091106754651,-126.557229794933,-6.82485680729644,13.1384358000983,25.8797684546704,-16.9794058833483,3.75,1.6,,80.0,69.0,88.0,1815.0,6.9,529494,467092,543543,621563,621002,588751,452655,595281,605480,53.56,0.0,0.0,0.0,1.0,0.0,0.0,3.0,7,5,Changeup,0,1,0,1,1,0,0,1,Strategic,Standard,139.0,-0.032,-0.23,,,0.0,0.23,88.0,-1,-1,0.482,0.482,25,26,26,26,1,0,5.0,1.0,6.0,1.0,1.68,1.1,-1.1,,,,,,
SL,2018-04-03,88.6,-1.97,6.57,"Judge, Aaron",592450,502042,single,hit_into_play,,,,,9.0,Aaron Judge singles on a line drive to left fielder Rob Refsnyder.   Brett Gardner to 3rd.,R,R,R,NYY,TB,X,7.0,line_drive,3,2,2018,0.76,0.3,0.61,2.32,,,458731.0,0,3,Bot,106.92,113.11,,,,,4.6901314832323,-128.916605080471,-4.8998586552821,7.43391378956213,25.6311432318002,-28.1968108590551,3.83,1.67,213.0,98.5,11.0,87.8,2449.0,5.7,529468,491696,543068,621002,622110,588751,608701,595281,460576,54.79,0.84,0.783,0.9,1.0,1.0,0.0,4.0,22,6,Slider,1,1,1,1,1,1,1,1,Standard,Strategic,111.0,0.083,0.366,,,0.956,-0.366,98.5,0,0,0.604,0.604,29,26,30,26,2,1,5.0,2.0,6.0,1.0,2.67,-0.76,-0.76,,,,,,
SL,2018-04-03,85.8,-0.21,6.09,"Judge, Aaron",592450,643493,single,hit_into_play,,,,,11.0,Aaron Judge singles on a fly ball to center fielder Kevin Kiermaier.   Brett Gardner to 3rd.,R,R,R,NYY,TB,X,8.0,fly_ball,3,2,2018,-0.04,0.1,-0.84,2.79,,458731.0,,0,7,Bot,125.79,98.57,,,,,-1.38424663174889,-124.662893496403,-1.62168186037467,-0.0684787618165583,27.4162628812706,-31.1491052343666,3.83,1.67,241.0,73.3,30.0,83.6,3133.0,5.1,529468,491696,543068,543543,622110,588751,452655,595281,460576,55.39,0.507,0.474,0.9,1.0,1.0,0.0,4.0,60,6,Slider,5,4,5,4,4,5,5,4,Infield shift,Strategic,200.0,0.043,0.482,,,0.569,-0.482,88.0,1,1,0.844,0.844,28,26,29,26,1,3,5.0,2.0,4.0,1.0,3.17,0.04,0.04,,,,,,
FC,2018-04-01,83.3,-3.35,5.13,"Judge, Aaron",592450,493200,single,hit_into_play,,,,,14.0,Aaron Judge singles on a line drive to left fielder Curtis Granderson.,R,R,R,TOR,NYY,X,7.0,line_drive,0,2,2018,0.3,0.37,0.84,2.11,,,,2,9,Top,69.58,112.01,,,,,8.9069594155971,-120.824106434646,-1.14279381150159,1.0728822801724,24.3285489507874,-28.6503627559558,3.87,1.91,246.0,85.2,19.0,81.9,2255.0,5.6,529452,431145,475253,581527,500208,649557,434158,607680,545341,54.88,0.673,0.609,0.9,1.0,1.0,0.0,4.0,78,3,Cutter,7,4,4,7,4,7,4,7,Standard,Standard,141.0,-0.009,0.42,,,0.767,-0.42,88.0,3,-3,0.997,0.003,35,26,36,26,1,4,3.0,1.0,1.0,2.0,3.03,-0.3,-0.3,,,,,,
FF,2018-03-31,88.0,-0.82,6.5,"Judge, Aaron",592450,462136,field_out,hit_into_play,,,,,2.0,Aaron Judge pops out to third baseman Yangervis Solarte.,R,R,R,TOR,NYY,X,5.0,popup,0,1,2018,-0.48,1.97,-0.12,3.88,,,,0,6,Top,109.01,166.38,,,,,2.59273765996232,-127.696859304003,-3.94559358240313,-5.60897432681171,29.6380032635875,-11.1195476850975,4.06,1.93,,80.0,69.0,85.4,2328.0,5.1,529439,571912,475253,547912,500208,649557,456665,607680,545341,55.44,0.0,0.0,0.0,1.0,0.0,0.0,3.0,42,2,4-Seam Fastball,2,2,2,2,2,2,2,2,Standard,Standard,194.0,0.029,-0.218,,,0.0,0.218,88.0,0,0,0.505,0.495,34,26,35,26,3,2,,1.0,6.0,1.0,1.16,0.48,0.48,,,,,,
FF,2018-03-31,89.9,-1.01,6.41,"Judge, Aaron",592450,462136,field_out,hit_into_play,,,,,1.0,Aaron Judge pops out to first baseman Justin Smoak in foul territory.,R,R,R,TOR,NYY,X,3.0,popup,1,2,2018,-0.55,1.82,-0.5,3.75,,,,2,3,Top,169.05,175.21,,,,,2.3270671206658,-130.632437758003,-4.20457460672509,-6.5743925587523,26.811643410056,-11.5581423637944,3.82,1.66,,80.0,69.0,88.0,2342.0,5.1,529439,571912,475253,547912,500208,649557,456665,607680,545341,55.38,0.0,0.0,0.0,1.0,0.0,0.0,3.0,20,4,4-Seam Fastball,1,0,0,1,0,1,0,1,Standard,Standard,197.0,0.009,-0.174,,,0.0,0.174,88.0,1,-1,0.66,0.3399999999999999,34,26,35,26,2,1,,1.0,6.0,1.0,1.13,0.55,0.55,,,,,,
FF,2018-03-31,89.1,-0.69,6.38,"Judge, Aaron",592450,462136,grounded_into_double_play,hit_into_play,,,,,4.0,"Aaron Judge grounds into a double play, third baseman Yangervis Solarte to second baseman Gift Ngoepe to first baseman Justin Smoak.   Neil Walker out at 2nd.    Aaron Judge out at 1st.",R,R,R,TOR,NYY,X,5.0,ground_ball,0,2,2018,-0.71,1.76,-0.48,2.87,,,435522.0,0,1,Top,113.94,175.21,,,,,1.93425823876581,-129.505795577459,-6.15114605220617,-8.22267937937516,27.106905391535,-11.6715297046572,3.82,1.66,78.0,110.6,3.0,88.2,2325.0,5.8,529439,571912,475253,547912,500208,649557,456665,607680,545341,54.68,0.62,0.59,0.0,1.0,0.0,0.0,4.0,2,3,4-Seam Fastball,0,0,0,0,0,0,0,0,Standard,Standard,202.0,0.062,-0.264,,,0.732,0.264,110.6,0,0,0.476,0.524,34,26,35,26,1,0,,1.0,6.0,1.0,1.17,0.71,0.71,,,,,,
SI,2018-03-30,93.5,-1.84,5.63,"Judge, Aaron",592450,592717,grounded_into_double_play,hit_into_play,,,,,1.0,"Aaron Judge grounds into a double play, third baseman Yangervis Solarte to second baseman Devon Travis to first baseman Justin Smoak.   Brett Gardner out at 2nd.    Aaron Judge out at 1st.",R,R,R,TOR,NYY,X,5.0,ground_ball,2,1,2018,-1.63,0.83,-0.54,3.52,,,458731.0,0,5,Top,99.92,166.38,,,,,6.88867492462226,-135.963954905542,-1.47300313599755,-21.5324855716776,30.7723205621628,-21.8679568640553,3.81,1.65,24.0,102.0,-7.0,93.0,2176.0,6.1,529427,431145,475253,581527,500208,649557,434158,607680,545341,54.39,0.32,0.302,0.0,1.0,0.0,0.0,2.0,35,4,Sinker,1,2,2,1,2,1,2,1,Standard,Standard,243.0,0.084,-0.384,,,0.361,0.384,102.0,-1,1,0.32,0.6799999999999999,25,26,26,26,3,2,,1.0,5.0,1.0,1.81,1.63,1.63,,,,,,
FF,2018-03-30,95.7,-1.86,5.69,"Judge, Aaron",592450,592717,field_out,hit_into_play,,,,,7.0,Aaron Judge lines out to right fielder Randal Grichuk.,R,R,R,TOR,NYY,X,9.0,line_drive,2,1,2018,-1.28,1.08,-0.28,2.24,,,,1,3,Top,203.01,90.2,,,,,7.11998200841928,-139.131879067434,-5.99181409604341,-18.4331491272117,31.1448680259239,-16.8132350281278,3.81,1.65,315.0,98.1,24.0,96.3,2240.0,6.7,529427,431145,475253,581527,500208,649557,434158,607680,545341,53.82,0.427,0.607,0.0,1.0,0.0,0.0,5.0,20,4,4-Seam Fastball,1,1,1,1,1,1,1,1,Standard,Standard,230.0,0.021,-0.312,,,1.054,0.312,98.1,0,0,0.522,0.478,25,26,26,26,2,1,,1.0,5.0,1.0,1.38,1.28,1.28,,,,,,
SI,2018-03-30,96.4,-1.84,5.57,"Judge, Aaron",592450,592717,grounded_into_double_play,hit_into_play,,,,,1.0,"Aaron Judge grounds into a double play, pitcher Aaron Sanchez to second baseman Devon Travis to first baseman Justin Smoak.   Brett Gardner out at 2nd.    Aaron Judge out at 1st.",R,R,R,TOR,NYY,X,1.0,ground_ball,0,0,2018,-1.5,0.78,-0.55,3.21,,,458731.0,0,1,Top,130.81,182.73,,,,,6.80079552040665,-140.160426824994,-2.43137977914004,-21.2307543086323,32.9746920246537,-21.6264123317832,3.82,1.66,22.0,91.2,-7.0,96.0,2140.0,6.2,529427,431145,475253,581527,500208,649557,434158,607680,545341,54.32,0.233,0.229,0.0,1.0,0.0,0.0,2.0,2,1,Sinker,0,0,0,0,0,0,0,0,Standard,Standard,242.0,0.074,-0.341,,,0.233,0.341,91.2,0,0,0.464,0.536,25,26,26,26,1,0,,1.0,5.0,1.0,1.7,1.5,1.5,,,,,,
SL,2018-03-29,89.5,1.64,6.14,"Judge, Aaron",592450,457918,double,hit_into_play,,,,,4.0,Aaron Judge doubles (1) on a sharp line drive to left fielder Curtis Granderson.,R,R,L,TOR,NYY,X,7.0,line_drive,2,2,2018,-0.18,0.94,-0.57,2.83,,,,2,3,Top,39.39,110.68,,,,,-5.04487003477179,-130.169714127925,-4.06876506591899,-0.975966889864299,26.239493709088,-21.068112975581,3.82,1.66,291.0,106.3,17.0,88.9,2276.0,5.8,529415,431145,475253,581527,518626,649557,434158,607680,545341,54.67,0.687,0.901,1.25,1.0,1.0,1.0,5.0,19,5,Slider,0,2,2,0,2,0,2,0,Standard,Standard,191.0,-0.02,0.624,,,1.412,-0.624,106.3,-2,2,0.32,0.6799999999999999,35,26,36,26,2,1,,,5.0,1.0,1.95,-0.18,0.18,,,,,,
SL,2018-03-29,82.8,-1.59,5.34,"Judge, Aaron",592450,592130,single,hit_into_play,,,,,14.0,Aaron Judge singles on a line drive to center fielder Kevin Pillar.,R,R,R,TOR,NYY,X,8.0,line_drive,2,2,2018,0.59,0.21,1.13,2.68,,,,0,7,Top,126.45,90.72,,,,,5.00796701371393,-120.409453051809,-0.0095260140132514,4.64937061217714,22.6504219803036,-30.4432300618949,3.82,1.66,259.0,81.2,19.0,81.6,2431.0,5.5,529415,431145,475253,581527,518626,649557,434158,607680,545341,55.05,0.92,0.86,0.9,1.0,1.0,0.0,4.0,51,5,Slider,0,5,5,0,5,0,5,0,Standard,Standard,110.0,-0.004,0.458,,,1.052,-0.458,88.0,-5,5,0.032,0.968,28,26,29,26,1,3,,,1.0,1.0,3.22,-0.59,-0.59,,,,,,
SI,2018-03-26,98.5,-1.03,5.83,"Judge, Aaron",592450,527055,double,hit_into_play,,,,,5.0,Aaron Judge doubles (1) on a sharp line drive to right fielder Nick Markakis.,S,R,R,ATL,NYY,X,9.0,line_drive,1,2,2018,-1.24,1.29,0.15,2.7,,,,1,5,Top,180.17,137.53,,,,,5.95791306710555,-142.960508046513,-5.80588814215212,-18.0678596838675,37.8289114392844,-13.7447957372128,3.84,1.68,196.0,101.8,9.0,96.8,2485.0,5.8,547725,452095,518692,645277,475247,621020,572669,542255,455976,54.72,0.767,,1.25,,1.0,1.0,4.0,34,4,Sinker,1,4,4,1,4,1,4,1,Infield shift,Standard,224.0,-0.026,0.755,,,0.918,-0.755,101.8,-3,3,0.178,0.8220000000000001,27,26,28,26,1,2,,,,,1.15,1.24,1.24,,,,,,
,2018-03-24,,,,"Judge, Aaron",592450,570702,single,hit_into_play,,,,,,Aaron Judge singles on a ground ball to right fielder Randal Grichuk.,S,R,R,NYY,TOR,X,9.0,ground_ball,0,0,2018,,,,,,,,1,5,Bot,164.31,120.28,,,,,,,,,,,,,,,,,,,534226,624512,475253,457787,500208,649557,434158,607680,545341,,,,0.9,,1.0,0.0,,42,1,,3,3,3,3,3,3,3,3,,,,0.032,0.406,,,,-0.406,,0,0,0.537,0.537,27,26,27,26,1,2,,,,,,,,,,,,,
,2018-03-23,,,,"Judge, Aaron",592450,598271,grounded_into_double_play,hit_into_play,,,,,,"Aaron Judge grounds into a double play, second baseman Ivan De Jesus to first baseman Sam Travis.   Brett Gardner out at 2nd.    Aaron Judge out at 1st.",S,R,L,NYY,BOS,X,4.0,ground_ball,0,0,2018,,,,,,,458731.0,1,3,Bot,132.88,153.24,,,,,,,,,,,,,,,,,,,534203,506702,607752,474443,646240,571918,596119,643217,657017,,,,0.0,,0.0,0.0,,21,1,,0,1,0,1,1,0,0,1,,,,-0.063,-0.325,,,,0.325,,-1,-1,0.44,0.44,27,26,28,26,2,1,,,,,,,,,,,,,
,2018-03-23,,,,"Judge, Aaron",592450,595234,single,hit_into_play,,,,,,Aaron Judge singles on a ground ball to left fielder Blake Swihart.,S,R,R,NYY,BOS,X,7.0,ground_ball,0,0,2018,,,,,,,,0,6,Bot,71.03,101.02,,,,,,,,,,,,,,,,,,,534203,506702,607752,606019,646240,474443,596119,643217,657017,,,,0.9,,1.0,0.0,,42,1,,0,1,0,1,1,0,0,1,,,,0.064,0.435,,,,-0.435,,-1,-1,0.396,0.396,27,26,27,26,1,2,,,,,,,,,,,,,
,2018-03-18,,,,"Judge, Aaron",592450,592593,field_out,hit_into_play,,,,,,Aaron Judge lines out to center fielder JB Shuck.,S,R,L,NYY,MIA,X,8.0,line_drive,0,0,2018,,,,,,,622197.0,0,7,Bot,109.05,77.19,,,,,,,,,,,,,,,,,,,534136,542513,595453,657669,493472,542436,657658,543776,669626,,,,0.0,,0.0,0.0,,60,1,,7,4,7,4,4,7,7,4,,,,-0.008,-0.248,,,,0.248,,3,3,0.95,0.95,26,26,27,26,1,3,,,,,,,,,,,,,
,2018-03-18,,,,"Judge, Aaron",592450,592761,field_out,hit_into_play,,,,,,Aaron Judge flies out to right fielder Garrett Cooper.,S,R,L,NYY,MIA,X,9.0,fly_ball,0,0,2018,,,,,,,458731.0,0,1,Bot,195.23,119.78,,,,,,,,,,,,,,,,,,,534136,592407,475100,573041,605119,592680,543194,621446,643265,,,,0.0,,0.0,0.0,,7,1,,0,0,0,0,0,0,0,0,,,,-0.032,-0.248,,,,0.248,,0,0,0.583,0.583,26,26,27,26,1,0,,,,,,,,,,,,,
,2018-03-18,,,,"Judge, Aaron",592450,622217,field_out,hit_into_play,,,,,,Aaron Judge lines out to right fielder Garrett Cooper.,S,R,L,NYY,MIA,X,9.0,line_drive,0,0,2018,,,,,,,,1,5,Bot,203.85,89.36,,,,,,,,,,,,,,,,,,,534136,592407,475100,657669,605119,592680,543194,621446,643265,,,,0.0,,0.0,0.0,,42,1,,5,3,5,3,3,5,5,3,,,,-0.011,-0.264,,,,0.264,,2,2,0.797,0.797,28,26,28,26,1,2,,,,,,,,,,,,,
,2018-03-15,,,,"Judge, Aaron",592450,605195,single,hit_into_play,,,,,,Aaron Judge singles on a ground ball to left fielder Jordan Luplow.   Zack Zehner to 2nd.,S,R,R,NYY,PIT,X,7.0,ground_ball,0,0,2018,,,,,,,657446.0,1,6,Bot,78.63,114.71,,,,,,,,,,,,,,,,,,,534090,465041,591741,543281,592567,446481,656669,607471,518490,,,,0.9,,1.0,0.0,,56,1,,8,5,8,5,5,8,8,5,,,,0.012,0.406,,,,-0.406,,3,3,0.912,0.912,25,26,26,26,1,3,,,,,,,,,,,,,
,2018-03-15,,,,"Judge, Aaron",592450,605397,double,hit_into_play,,,,,,Aaron Judge doubles (1) on a fly ball to right fielder Bryce Brentz.   Brett Gardner scores.,S,R,R,NYY,PIT,X,9.0,fly_ball,0,0,2018,,,,,,,458731.0,0,1,Bot,179.52,49.31,,,,,,,,,,,,,,,,,,,534090,465041,591741,543281,592567,446481,656669,607471,518490,,,,1.25,,1.0,1.0,,7,1,,0,2,0,2,2,1,1,2,,,,0.12,0.719,,,,-0.719,,-2,-2,0.39,0.39,25,26,26,26,1,0,,,,,,,,,,,,,
