pitch_type,game_date,release_speed,release_pos_x,release_pos_z,player_name,batter,pitcher,events,description,spin_dir,spin_rate_deprecated,break_angle_deprecated,break_length_deprecated,zone,des,game_type,stand,p_throws,home_team,away_team,type,hit_location,bb_type,balls,strikes,game_year,pfx_x,pfx_z,plate_x,plate_z,on_3b,on_2b,on_1b,outs_when_up,inning,inning_topbot,hc_x,hc_y,tfs_deprecated,tfs_zulu_deprecated,umpire,sv_id,vx0,vy0,vz0,ax,ay,az,sz_top,sz_bot,hit_distance_sc,launch_speed,launch_angle,effective_speed,release_spin_rate,release_extension,game_pk,fielder_2,fielder_3,fielder_4,fielder_5,fielder_6,fielder_7,fielder_8,fielder_9,release_pos_y,estimated_ba_using_speedangle,estimated_woba_using_speedangle,woba_value,woba_denom,babip_value,iso_value,launch_speed_angle,at_bat_number,pitch_number,pitch_name,home_score,away_score,bat_score,fld_score,post_away_score,post_home_score,post_bat_score,post_fld_score,if_fielding_alignment,of_fielding_alignment,spin_axis,delta_home_win_exp,delta_run_exp,bat_speed,swing_length,estimated_slg_using_speedangle,delta_pitcher_run_exp,hyper_speed,home_score_diff,bat_score_diff,home_win_exp,bat_win_exp,age_pit_legacy,age_bat_legacy,age_pit,age_bat,n_thruorder_pitcher,n_priorpa_thisgame_player_at_bat,pitcher_days_since_prev_game,batter_days_since_prev_game,pitcher_days_until_next_game,batter_days_until_next_game,api_break_z_with_gravity,api_break_x_arm,api_break_x_batter_in,arm_angle,attack_angle,attack_direction,swing_path_tilt,intercept_ball_minus_batter_pos_x_inches,intercept_ball_minus_batter_pos_y_inches
CU,2019-10-19,82.0,-1.35,6.33,"Judge, Aaron",592450,501789,single,hit_into_play,,,,,9.0,"Aaron Judge singles on a line drive to left fielder Michael Brantley, deflected by shortstop Carlos Correa.",L,R,R,HOU,NYY,X,6.0,line_drive,0,2,2019,1.08,-1.06,0.69,2.25,,,,0,7,Top,95.35,129.46,,,,,2.53653814024395,-119.28289641587,-0.562061600406474,9.5368074809781,25.9310354571052,-42.1535049948498,3.96,1.9,184.0,85.2,12.0,81.0,2817.0,5.9,599362,455117,493329,514888,608324,621043,488726,543807,502210,54.58,0.707,0.675,0.9,1.0,1.0,0.0,4.0,54,3,Curveball,4,2,2,4,2,4,2,4,Infield shift,Standard,46.0,-0.073,0.557,,,0.819,-0.557,88.0,2,-2,0.827,0.173,34,27,35,27,1,3,2.0,1.0,3.0,,4.54,-1.08,-1.08,,,,,,
SI,2019-10-19,92.3,-1.29,5.17,"Judge, Aaron",592450,502748,field_out,hit_into_play,,,,,1.0,"Aaron Judge grounds out sharply, shortstop Carlos Correa to first baseman Yuli Gurriel.",L,R,R,HOU,NYY,X,6.0,ground_ball,0,0,2019,-1.61,0.94,-0.33,2.99,,,,1,1,Top,107.4,152.09,,,,,5.83093989392491,-134.19738794328,-1.70928940301377,-20.4421796387241,29.6914842820753,-20.8516715429914,3.19,1.51,20.0,103.4,-7.0,91.6,2352.0,6.0,599362,455117,493329,514888,608324,621043,488726,543807,502210,54.53,0.307,0.295,0.0,1.0,0.0,0.0,2.0,2,1,Sinker,0,0,0,0,0,0,0,0,Infield shift,Standard,240.0,0.016,-0.281,,,0.323,0.281,103.4,0,0,0.522,0.478,31,27,31,27,1,0,1.0,1.0,6.0,,1.78,1.61,1.61,,,,,,
SL,2019-10-18,88.0,-1.56,6.86,"Judge, Aaron",592450,434378,field_out,hit_into_play,,,,,2.0,"Aaron Judge grounds out, third baseman Alex Bregman to first baseman Yuli Gurriel.",L,R,R,NYY,HOU,X,5.0,ground_ball,1,2,2019,0.38,0.55,0.11,2.72,,,,0,3,Bot,96.59,168.93,,,,,3.24437245563234,-128.079042036949,-5.0437904175179,3.46502950472411,24.3780648626757,-25.4642075462948,3.16,1.5,30.0,92.6,-3.0,87.5,2692.0,5.8,599361,455139,493329,514888,608324,621043,488726,545350,543807,54.74,0.353,0.34,0.0,1.0,0.0,0.0,2.0,25,4,Slider,4,1,4,1,1,4,4,1,Infield shift,Standard,146.0,-0.008,-0.195,,,0.449,0.195,92.6,3,3,0.836,0.836,36,27,36,27,2,1,5.0,1.0,5.0,1.0,2.44,-0.38,-0.38,,,,,,
FF,2019-10-18,94.7,-1.3,7.07,"Judge, Aaron",592450,434378,single,hit_into_play,,,,,11.0,Aaron Judge singles on a sharp line drive to left fielder Michael Brantley.,L,R,R,NYY,HOU,X,7.0,line_drive,1,1,2019,-1.06,1.65,-0.15,3.67,,,,0,1,Bot,64.43,94.31,,,,,5.28204959977551,-137.466089082965,-6.66253879382586,-14.3496188556924,32.7760656890176,-10.4534234469771,3.16,1.5,232.0,106.9,12.0,93.4,2530.0,5.9,599361,455139,493329,514888,608324,621043,488726,545350,543807,54.65,0.9,0.905,0.9,1.0,1.0,0.0,5.0,7,3,4-Seam Fastball,1,1,1,1,1,1,1,1,Infield shift,Standard,213.0,0.036,0.469,,,1.249,-0.469,106.9,0,0,0.547,0.547,36,27,36,27,1,0,5.0,1.0,5.0,1.0,0.97,1.06,1.06,,,,,,
SL,2019-10-17,84.8,-1.23,6.32,"Judge, Aaron",592450,425844,force_out,hit_into_play,,,,,9.0,"Aaron Judge lines into a force out, shortstop Carlos Correa to second baseman Jose Altuve.   DJ LeMahieu out at 2nd.    Aaron Judge to 1st.",L,R,R,NYY,HOU,X,6.0,line_drive,2,2,2019,0.47,0.06,0.57,1.88,,,518934.0,0,1,Bot,98.62,160.82,,,,,3.2372437357507,-123.237298001715,-4.05809324754568,3.94004141789495,24.9256029608819,-31.057579631223,3.94,1.88,150.0,99.5,6.0,83.2,2435.0,5.4,599360,455139,493329,514888,608324,621043,488726,543807,502210,55.13,0.6,0.565,0.0,1.0,0.0,0.0,4.0,6,6,Slider,0,0,0,0,0,0,0,0,Infield shift,Standard,97.0,-0.029,-0.234,,,0.717,0.234,99.5,0,0,0.58,0.58,35,27,36,27,1,0,5.0,2.0,8.0,1.0,3.24,-0.47,-0.47,,,,,,
FF,2019-10-17,98.5,-0.74,6.2,"Judge, Aaron",592450,532077,field_out,hit_into_play,,,,,4.0,"Aaron Judge grounds out, shortstop Carlos Correa to first baseman Yuli Gurriel.",L,R,R,NYY,HOU,X,6.0,ground_ball,0,0,2019,-1.16,1.58,-0.29,2.85,,,,1,9,Bot,111.74,158.62,,,,,3.8213020718787,-143.118822893899,-7.13755003072171,-16.4536924183187,34.0229736940664,-9.44613892977818,3.48,1.69,6.0,90.4,-24.0,97.4,2593.0,5.8,599360,455139,493329,514888,608324,621043,488726,545350,543807,54.7,0.147,0.146,0.0,1.0,0.0,0.0,2.0,81,1,4-Seam Fastball,3,8,3,8,8,3,3,8,Infield shift,Standard,216.0,-0.002,-0.281,,,0.196,0.281,90.4,-5,-5,0.003,0.003,24,27,24,27,1,4,2.0,2.0,2.0,1.0,0.83,1.16,1.16,,,,,,
FF,2019-10-15,97.0,-1.98,5.71,"Judge, Aaron",592450,543037,field_out,hit_into_play,,,,,1.0,Aaron Judge pops out to second baseman Jose Altuve.,L,R,R,NYY,HOU,X,4.0,popup,1,0,2019,-0.89,1.46,-0.81,4.16,,,,0,5,Bot,141.63,109.85,,,,,5.19412516397271,-141.060560207742,-1.88046190592624,-13.1401309020654,37.3861353495672,-12.5809376106164,4.15,2.08,219.0,88.3,57.0,96.7,2528.0,6.6,599359,455117,493329,514888,608324,621043,488726,543807,502210,53.94,0.013,0.012,0.0,1.0,0.0,0.0,3.0,44,2,4-Seam Fastball,0,2,0,2,2,0,0,2,Infield shift,Standard,211.0,-0.037,-0.318,,,0.018,0.318,88.3,-2,-2,0.294,0.294,28,27,29,27,3,2,5.0,2.0,7.0,2.0,0.99,0.89,0.89,,,,,,
FF,2019-10-15,95.6,-2.04,5.8,"Judge, Aaron",592450,543037,single,hit_into_play,,,,,9.0,Aaron Judge singles on a ground ball to right fielder Josh Reddick.   DJ LeMahieu to 2nd.,L,R,R,NYY,HOU,X,9.0,ground_ball,0,0,2019,-1.06,1.7,0.8,2.31,,,518934.0,0,1,Bot,177.2,122.29,,,,,9.8073324659431,-138.625405486805,-7.24390366518786,-15.903295890608,33.3348591163765,-9.06469920500158,4.19,2.09,5.0,71.2,-24.0,94.8,2452.0,6.2,599359,455117,493329,514888,608324,621043,488726,543807,502210,54.34,0.047,0.06,0.9,1.0,1.0,0.0,2.0,9,1,4-Seam Fastball,0,1,0,1,1,0,0,1,Infield shift,Standard,212.0,0.058,0.45,,,0.047,-0.45,88.0,-1,-1,0.486,0.486,28,27,29,27,1,0,5.0,2.0,7.0,2.0,0.85,1.06,1.06,,,,,,
FF,2019-10-13,93.6,-1.6,7.08,"Judge, Aaron",592450,434378,field_out,hit_into_play,,,,,2.0,Aaron Judge lines out sharply to right fielder Kyle Tucker.,L,R,R,HOU,NYY,X,9.0,line_drive,1,0,2019,-0.94,1.56,-0.03,2.97,,,518934.0,0,6,Top,183.79,71.59,,,,,6.00750138721988,-135.827910032648,-8.05708486560985,-12.7686727292793,31.752062224635,-11.731967052206,3.16,1.52,346.0,98.0,29.0,92.1,2477.0,5.7,599358,455139,493329,514888,608324,621043,488726,543807,663656,54.8,0.44,0.797,0.0,1.0,0.0,0.0,6.0,43,2,4-Seam Fastball,2,2,2,2,2,2,2,2,Standard,Standard,211.0,0.058,-0.311,,,1.559,0.311,98.0,0,0,0.439,0.5609999999999999,36,27,36,27,3,2,5.0,1.0,5.0,2.0,1.13,0.94,0.94,,,,,,
SL,2019-10-13,87.4,-1.49,7.04,"Judge, Aaron",592450,434378,home_run,hit_into_play,,,,,6.0,Aaron Judge homers (1) on a fly ball to center field.   DJ LeMahieu scores.,L,R,R,HOU,NYY,X,,fly_ball,0,1,2019,0.54,0.3,0.35,2.94,,,518934.0,0,4,Top,163.18,23.36,,,,,3.32093958886585,-127.112020211239,-4.28399802712011,5.00152001193426,26.7927003620694,-28.315256988743,3.97,1.88,423.0,110.9,24.0,86.5,2696.0,5.8,599358,455139,493329,514888,608324,621043,488726,545350,543807,54.72,1.0,1.927,2.0,1.0,0.0,3.0,6.0,25,2,Slider,1,0,0,1,2,1,2,1,Standard,Standard,120.0,-0.205,1.092,,,3.962,-1.092,110.9,1,-1,0.582,0.418,36,27,36,27,2,1,5.0,1.0,5.0,2.0,2.76,-0.54,-0.54,,,,,,
FF,2019-10-13,89.6,-2.64,3.18,"Judge, Aaron",592450,501925,field_out,hit_into_play,,,,,5.0,"Aaron Judge grounds out softly, pitcher Joe Smith to first baseman Yuli Gurriel.",L,R,R,HOU,NYY,X,1.0,ground_ball,1,2,2019,-1.35,0.47,-0.08,2.54,,,,0,11,Top,136.64,185.66,,,,,9.20554630518535,-130.02404186335,3.47746874887295,-17.3620381425588,29.0901235408332,-27.8035460504542,3.97,1.88,,82.9,-21.0,89.4,2198.0,6.5,599358,455139,493329,514888,608324,621043,488726,543807,502210,54.02,0.073,0.068,0.0,1.0,0.0,0.0,2.0,80,4,4-Seam Fastball,2,2,2,2,2,2,2,2,Standard,Standard,251.0,0.044,-0.195,,,0.073,0.195,88.0,0,0,0.514,0.486,35,27,35,27,1,4,5.0,1.0,2.0,2.0,2.39,1.35,1.35,,,,,,
FF,2019-10-12,91.3,-1.09,6.3,"Judge, Aaron",592450,425844,field_out,hit_into_play,,,,,6.0,Aaron Judge flies out to center fielder George Springer.,L,R,R,HOU,NYY,X,8.0,fly_ball,2,1,2019,-0.22,1.38,0.54,2.56,,,,0,6,Top,162.72,73.22,,,,,4.5357213626319,-132.752283578394,-6.38493274652964,-3.49422773276624,28.2210192567591,-15.0236122894695,3.16,1.52,310.0,86.6,32.0,90.5,2453.0,5.8,599357,455139,493329,514888,608324,621043,488726,543807,663656,54.68,0.047,0.072,0.0,1.0,0.0,0.0,3.0,35,4,4-Seam Fastball,0,1,1,0,1,0,1,0,Infield shift,Standard,189.0,0.029,-0.323,,,0.11,0.323,88.0,-1,1,0.336,0.6639999999999999,35,27,36,27,3,2,5.0,5.0,5.0,1.0,1.41,0.22,0.22,,,,,,
FF,2019-10-12,94.2,-0.52,6.01,"Judge, Aaron",592450,519151,single,hit_into_play,,,,,3.0,Aaron Judge singles on a sharp line drive to right fielder Kyle Tucker.   Didi Gregorius to 3rd.    DJ LeMahieu to 2nd.,L,R,R,HOU,NYY,X,9.0,line_drive,1,0,2019,0.18,1.13,0.59,3.52,,544369.0,518934.0,2,7,Top,178.36,93.64,,,,,2.46693691230828,-137.18380320675,-3.25153361278842,1.74272829756722,28.9498763030223,-17.5918318470798,4.02,1.9,226.0,107.1,10.0,93.8,2620.0,5.9,599357,455139,493329,514888,608324,621043,488726,543807,663656,54.58,0.913,0.926,0.9,1.0,1.0,0.0,4.0,47,2,4-Seam Fastball,0,3,3,0,3,0,3,0,Standard,Standard,171.0,-0.01,0.518,,,1.244,-0.518,107.1,-3,3,0.108,0.892,30,27,31,27,1,3,4.0,5.0,1.0,1.0,1.46,-0.18,-0.18,,,,,,
FF,2019-10-12,94.7,-2.22,5.74,"Judge, Aaron",592450,650556,single,hit_into_play,,,,,1.0,Aaron Judge singles on a sharp line drive to left fielder Aledmys Diaz.   DJ LeMahieu to 3rd.,L,R,R,HOU,NYY,X,7.0,line_drive,3,0,2019,-0.82,1.39,-0.34,3.51,,,518934.0,1,9,Top,105.28,75.45,,,,,6.75732259910924,-137.792784316318,-3.22089170745493,-11.9905251159178,32.2519244332418,-14.0111571738066,4.02,1.9,254.0,104.1,13.0,94.7,2307.0,6.4,599357,455139,493329,514888,608324,621043,649557,543807,488726,54.11,0.847,0.861,0.9,1.0,1.0,0.0,4.0,64,4,4-Seam Fastball,0,6,6,0,6,0,6,0,Infield shift,Standard,211.0,0.0,0.235,,,1.223,-0.235,104.1,-6,6,0.002,0.998,22,27,22,27,1,4,13.0,5.0,,1.0,1.16,0.82,0.82,,,,,,
FF,2019-10-12,91.0,-1.32,6.16,"Judge, Aaron",592450,425844,field_out,hit_into_play,,,,,5.0,Aaron Judge flies out sharply to center fielder George Springer.,L,R,R,HOU,NYY,X,8.0,fly_ball,0,0,2019,-0.32,1.4,0.12,2.64,,,,1,1,Top,107.12,38.41,,,,,4.21353275592947,-132.215137635005,-5.72625247038242,-4.53568814002119,28.0175930547944,-15.2430194464225,3.85,1.84,380.0,102.7,32.0,89.6,2293.0,5.5,599357,455139,493329,514888,608324,621043,488726,543807,663656,55.01,0.773,1.479,0.0,1.0,0.0,0.0,6.0,2,1,4-Seam Fastball,0,0,0,0,0,0,0,0,Infield shift,Standard,193.0,0.016,-0.281,,,3.003,0.281,102.7,0,0,0.522,0.478,35,27,36,27,1,0,5.0,5.0,5.0,1.0,1.45,0.32,0.32,,,,,,
FF,2019-10-07,92.8,-1.28,6.07,"Judge, Aaron",592450,543606,field_out,hit_into_play,,,,,2.0,Aaron Judge flies out to right fielder Eddie Rosario.,D,R,R,MIN,NYY,X,9.0,fly_ball,0,0,2019,-0.9,1.56,0.11,4.01,,,,2,5,Top,200.08,83.85,,,,,5.45531584767625,-134.99237783369,-2.80740032917117,-12.016188930294,30.6614534933202,-13.0015866417922,4.18,1.95,323.0,93.8,32.0,92.0,2333.0,5.9,599344,641598,503556,650333,593934,593871,595909,596146,592696,54.56,0.18,0.26,0.0,1.0,0.0,0.0,3.0,37,1,4-Seam Fastball,0,2,2,0,2,0,2,0,Standard,Standard,210.0,0.009,-0.298,,,0.502,0.298,93.8,-2,2,0.28,0.72,29,27,29,27,3,2,13.0,2.0,,5.0,1.14,0.9,0.9,,,,,,
SL,2019-10-07,79.0,-3.05,4.7,"Judge, Aaron",592450,489265,field_out,hit_into_play,,,,,14.0,Aaron Judge flies out to center fielder Max Kepler.,D,R,R,MIN,NYY,X,8.0,fly_ball,2,2,2019,0.86,0.96,0.86,2.16,,,,1,8,Top,113.83,94.03,,,,,6.9000903953728,-114.881085878155,-0.547556554383336,6.43675848847587,18.7729561912226,-23.7861714991052,4.0,1.88,252.0,81.6,38.0,78.9,2963.0,6.0,599344,641598,543068,650333,593934,593871,503556,596146,592696,54.51,0.013,0.021,0.0,1.0,0.0,0.0,3.0,59,5,Slider,0,3,3,0,3,0,3,0,Infield shift,Strategic,138.0,0.005,-0.247,,,0.032,0.247,88.0,-3,3,0.079,0.921,36,27,36,27,1,3,2.0,2.0,,5.0,2.71,-0.86,-0.86,,,,,,
SI,2019-10-05,91.7,-1.9,5.54,"Judge, Aaron",592450,677976,single,hit_into_play,,,,,6.0,Aaron Judge singles on a sharp ground ball to right fielder Eddie Rosario.,D,R,R,NYY,MIN,X,9.0,ground_ball,0,0,2019,-0.96,0.06,0.38,3.12,,,,0,3,Bot,177.7,102.01,,,,,7.64905312324271,-133.139252592092,-0.365611843280911,-12.7706348443201,28.0618233103823,-31.6481761190308,3.98,1.51,60.0,115.2,1.0,90.3,1865.0,5.5,599343,641598,503556,650333,593934,593871,595909,596146,592696,54.96,0.607,0.546,0.9,1.0,1.0,0.0,4.0,21,1,Sinker,1,0,1,0,0,1,1,0,Infield shift,Standard,266.0,0.032,0.455,,,0.648,-0.455,115.2,1,1,0.669,0.669,24,27,24,27,2,1,10.0,1.0,,2.0,2.74,0.96,0.96,,,,,,
CH,2019-10-05,83.6,2.37,5.62,"Judge, Aaron",592450,656970,single,hit_into_play,,,,,14.0,Aaron Judge singles on a line drive to right fielder Eddie Rosario.   DJ LeMahieu to 2nd.,D,R,L,NYY,MIN,X,9.0,line_drive,2,2,2019,1.54,0.23,1.01,2.79,,,518934.0,2,3,Bot,155.46,123.9,,,,,-6.06110446040522,-121.430487442218,-0.519987800394248,16.1513073204093,24.6249850411483,-30.0589093556933,4.1,1.87,194.0,73.5,20.0,82.7,1728.0,5.8,599343,641598,503556,650333,593934,593871,595909,596146,592696,54.66,0.96,0.864,0.9,1.0,1.0,0.0,4.0,30,5,Changeup,7,0,7,0,0,7,7,0,Infield shift,Standard,99.0,0.002,0.402,,,0.994,-0.402,88.0,7,7,0.972,0.972,23,27,24,27,1,2,9.0,1.0,,2.0,3.11,1.54,-1.54,,,,,,
FF,2019-10-05,96.1,-1.09,5.63,"Judge, Aaron",592450,543507,field_out,hit_into_play,,,,,4.0,Aaron Judge flies out sharply to center fielder Max Kepler.,D,R,R,NYY,MIN,X,8.0,fly_ball,0,0,2019,-0.44,1.39,-0.4,2.89,544369.0,,570482.0,2,7,Bot,163.42,51.36,,,,,2.915536955749,-140.026387119747,-5.00673528613836,-6.60090686669221,31.8385232085878,-12.4312878749523,3.35,1.99,359.0,101.4,29.0,97.7,2373.0,7.1,599343,641598,503556,650333,593934,593871,595909,596146,592696,53.35,0.74,1.399,0.0,1.0,0.0,0.0,6.0,64,1,4-Seam Fastball,8,1,8,1,1,8,8,1,Infield shift,Standard,198.0,-0.001,-0.314,,,2.85,0.314,101.4,7,7,0.997,0.997,29,27,30,27,1,4,7.0,1.0,2.0,2.0,1.0,0.44,0.44,,,,,,
FF,2019-10-04,94.7,-3.27,5.48,"Judge, Aaron",592450,621244,single,hit_into_play,,,,,7.0,Aaron Judge singles on a sharp line drive to center fielder Max Kepler.   DJ LeMahieu to 2nd.,D,R,R,NYY,MIN,X,8.0,line_drive,1,2,2019,-1.21,1.29,-0.72,2.13,,,518934.0,0,3,Bot,119.07,85.41,,,,,9.35747453078236,-137.569966143547,-5.93162073990629,-17.47985387158,30.216478939661,-14.6875773966306,3.96,1.51,208.0,100.9,10.0,94.7,2182.0,6.4,599342,641598,543068,650333,593934,593871,503556,596146,592696,54.12,0.833,0.838,0.9,1.0,1.0,0.0,4.0,24,4,4-Seam Fastball,0,2,0,2,2,0,0,2,Infield shift,Strategic,223.0,0.078,0.522,,,1.074,-0.522,100.9,-2,-2,0.362,0.362,25,27,25,27,2,1,7.0,5.0,,1.0,1.26,1.21,1.21,,,,,,
CH,2019-10-04,85.8,-2.38,6.11,"Judge, Aaron",592450,502043,field_out,hit_into_play,,,,,1.0,Aaron Judge flies out to center fielder Max Kepler.,D,R,R,NYY,MIN,X,8.0,fly_ball,0,1,2019,-1.13,0.77,-0.74,2.78,,518934.0,,2,7,Bot,134.41,69.09,,,,,6.34172793629472,-125.029409245635,-3.29668661938313,-13.5170034067643,25.0279554716524,-23.3842170911952,3.1,1.51,309.0,95.5,44.0,87.3,1684.0,7.2,599342,641598,543068,650333,593934,593871,503556,596146,592696,53.34,0.027,0.054,0.0,1.0,0.0,0.0,3.0,69,2,Changeup,10,4,10,4,4,10,10,4,Infield shift,Standard,236.0,-0.001,-0.267,,,0.102,0.267,95.5,6,6,0.993,0.993,31,27,32,27,1,4,5.0,5.0,,1.0,2.23,1.13,1.13,,,,,,
FF,2019-10-04,92.6,-1.2,5.84,"Judge, Aaron",592450,664054,field_out,hit_into_play,,,,,11.0,Aaron Judge flies out sharply to left fielder Marwin Gonzalez.,D,R,R,NYY,MIN,X,7.0,fly_ball,1,2,2019,-0.7,1.64,-1.04,3.27,,,,1,6,Bot,35.44,111.3,,,,,1.92821465267951,-134.728581035158,-4.2840807956415,-8.9124775457633,29.6014716796318,-11.6729726766222,4.0,1.91,295.0,109.6,54.0,92.3,2324.0,6.2,599342,641598,543068,650333,593934,593871,503556,596146,592696,54.35,0.073,0.117,0.0,1.0,0.0,0.0,3.0,56,7,4-Seam Fastball,6,4,6,4,4,6,6,4,Infield shift,Standard,203.0,-0.008,-0.198,,,0.21,0.198,109.6,2,2,0.83,0.83,25,27,25,27,1,3,6.0,5.0,1.0,1.0,1.04,0.7,0.7,,,,,,
FF,2019-09-29,96.8,-3.18,5.6,"Judge, Aaron",592450,458681,home_run,hit_into_play,,,,,2.0,Aaron Judge homers (27) on a fly ball to left center field.,R,R,R,TEX,NYY,X,,fly_ball,2,2,2019,-0.44,1.23,0.14,3.61,,,,2,3,Top,46.56,44.88,,,,,9.90610458131645,-140.747392523317,-2.55596206105222,-8.15509397164906,32.1719996232096,-15.3984741870411,3.97,1.9,408.0,104.7,21.0,97.0,2473.0,6.5,566848,624431,608597,596059,669256,462101,641432,592261,542454,54.02,0.86,1.322,2.0,1.0,0.0,3.0,6.0,19,5,4-Seam Fastball,1,0,0,1,1,1,1,1,Standard,Standard,200.0,-0.115,2.636,,,2.449,-2.636,104.7,1,-1,0.658,0.3419999999999999,32,27,32,27,2,1,7.0,1.0,,5.0,1.2,0.44,0.44,,,,,,
FC,2019-09-29,87.7,-3.54,5.41,"Judge, Aaron",592450,458681,field_out,hit_into_play,,,,,5.0,Aaron Judge lines out sharply to center fielder Delino DeShields.,R,R,R,TEX,NYY,X,8.0,line_drive,1,0,2019,0.37,0.2,0.05,2.64,,,,1,1,Top,110.11,54.45,,,,,7.84577380246245,-127.414464106488,-0.995902531355641,2.48864627051655,24.3944048579937,-30.0365929258946,3.97,1.9,344.0,108.0,15.0,86.9,2561.0,5.7,566848,624431,608597,596059,669256,462101,641432,592261,542454,54.8,0.613,0.653,0.0,1.0,0.0,0.0,5.0,2,2,Cutter,0,0,0,0,0,0,0,0,Standard,Standard,119.0,0.018,-0.326,,,1.029,0.326,108.0,0,0,0.52,0.48,32,27,32,27,1,0,7.0,1.0,,5.0,2.83,-0.37,-0.37,,,,,,
FC,2019-09-28,100.2,-0.5,6.06,"Judge, Aaron",592450,661403,grounded_into_double_play,hit_into_play,,,,,8.0,"Aaron Judge grounds into a double play, third baseman Isiah Kiner-Falefa to second baseman Rougned Odor to first baseman Ronald Guzman.   DJ LeMahieu out at 2nd.    Aaron Judge out at 1st.",R,R,R,TEX,NYY,X,5.0,ground_ball,3,1,2019,-0.04,1.28,0.0,2.19,,,518934.0,1,6,Top,99.92,162.74,,,,,1.48222820686962,-145.722581527191,-8.3048016017451,-0.999422951473688,37.7601074818934,-12.1466249184046,3.93,1.88,4.0,90.6,-29.0,99.8,2574.0,6.3,566847,624431,608597,596059,643396,462101,641432,542454,595981,54.15,0.087,0.092,0.0,1.0,0.0,0.0,2.0,46,5,Cutter,3,1,1,3,1,3,1,3,Standard,Standard,182.0,0.094,-0.487,,,0.09,0.487,90.6,2,-2,0.751,0.249,21,27,21,27,1,2,4.0,3.0,,1.0,1.01,0.04,0.04,,,,,,
FF,2019-09-28,92.9,-2.15,6.99,"Judge, Aaron",592450,608652,triple,hit_into_play,,,,,5.0,Aaron Judge triples (1) on a sharp fly ball to center fielder Danny Santana.,R,R,R,TEX,NYY,X,8.0,fly_ball,3,2,2019,-0.33,1.48,-0.13,3.17,,,,1,1,Top,72.24,30.8,,,,,5.83056688564911,-134.886772355646,-7.11656932426565,-5.25768481732367,31.1504688085845,-12.9407859389747,3.93,1.88,414.0,111.3,33.0,92.0,2552.0,6.0,566847,624431,608597,596059,643396,462101,641432,542454,595981,54.48,0.987,1.924,1.6,1.0,1.0,2.0,6.0,2,7,4-Seam Fastball,0,0,0,0,0,0,0,0,Standard,Standard,192.0,-0.064,0.996,,,3.946,-0.996,111.3,0,0,0.518,0.482,28,27,28,27,1,0,3.0,3.0,,1.0,1.21,0.33,0.33,,,,,,
SI,2019-09-24,93.8,-0.53,6.73,"Judge, Aaron",592450,630023,field_out,hit_into_play,,,,,8.0,"Aaron Judge grounds out, third baseman Matt Duffy to first baseman Ji-Man Choi.",R,R,R,TB,NYY,X,5.0,ground_ball,0,0,2019,-1.47,0.92,-0.21,1.99,,,,1,1,Top,103.18,171.97,,,,,4.04100282544618,-136.341646040396,-8.49213598871353,-19.058942489016,30.3165917547621,-19.0909629737802,3.34,1.62,,82.9,-21.0,93.5,2193.0,6.2,566743,518595,596847,621563,622110,642715,502054,595281,640457,54.32,0.073,0.068,0.0,1.0,0.0,0.0,2.0,2,1,Sinker,0,0,0,0,0,0,0,0,Infield shift,Standard,238.0,0.016,-0.281,,,0.073,0.281,88.0,0,0,0.522,0.478,25,27,26,27,1,0,3.0,2.0,5.0,1.0,1.69,1.47,1.47,,,,,,
SI,2019-09-24,95.1,-1.81,5.68,"Judge, Aaron",592450,552640,single,hit_into_play,,,,,4.0,Aaron Judge singles on a ground ball to second baseman Joey Wendle.,R,R,R,TB,NYY,X,4.0,ground_ball,1,1,2019,-1.39,1.03,-0.6,2.78,,,,0,4,Top,114.33,145.61,,,,,6.30423974297384,-138.295691342477,-4.24600309688155,-19.2551381899235,32.0354904183699,-18.1967499553155,3.93,1.87,97.0,81.1,7.0,95.2,2335.0,6.5,566743,518595,596847,621563,622110,642715,502054,595281,640457,54.05,0.327,0.323,0.9,1.0,1.0,0.0,2.0,23,3,Sinker,0,1,1,0,1,0,1,0,Infield shift,Standard,233.0,-0.037,0.469,,,0.331,-0.469,88.0,-1,1,0.378,0.622,29,27,29,27,1,1,2.0,2.0,1.0,1.0,1.49,1.39,1.39,,,,,,
SI,2019-09-22,94.9,-0.63,5.46,"Judge, Aaron",592450,663423,single,hit_into_play,,,,,5.0,"Blue Jays challenged (force play), call on the field was upheld: Aaron Judge singles on a ground ball to shortstop Richard Urena.   DJ LeMahieu to 2nd.",R,R,R,NYY,TOR,X,6.0,ground_ball,2,2,2019,-0.85,1.06,-0.25,3.06,,,518934.0,0,5,Bot,102.2,147.14,,,,,2.90488253188687,-138.226616081768,-3.0310127408144,-11.5850519544692,29.1241526382599,-18.0784004729866,3.96,1.88,95.0,98.1,4.0,95.4,2203.0,6.4,567536,624512,642133,624415,592273,620446,605233,545341,641856,54.12,0.493,0.444,0.9,1.0,1.0,0.0,4.0,39,5,Sinker,6,0,6,0,0,6,6,0,Standard,Strategic,219.0,0.004,0.479,,,0.554,-0.479,98.1,6,6,0.981,0.981,25,27,26,27,2,2,5.0,1.0,6.0,2.0,1.45,0.85,0.85,,,,,,
SL,2019-09-22,83.0,-2.87,6.42,"Judge, Aaron",592450,521655,home_run,hit_into_play,,,,,4.0,Aaron Judge homers (26) on a fly ball to center field.,R,R,R,NYY,TOR,X,,fly_ball,1,0,2019,0.43,-0.2,-0.37,2.84,,,,1,1,Bot,103.79,22.29,,,,,4.88407422634832,-120.864752613347,-1.37613513901144,3.36200339548236,22.3032823564565,-34.0501777046283,3.96,1.88,420.0,102.7,27.0,83.4,,6.4,567536,624512,642133,624415,592273,620446,605233,545341,641856,54.13,0.94,1.766,2.0,1.0,0.0,3.0,6.0,6,2,Slider,0,0,0,0,0,1,1,0,Standard,Strategic,66.0,0.097,1.537,,,3.571,-1.537,102.7,0,0,0.529,0.529,29,27,29,27,1,0,3.0,1.0,2.0,2.0,3.49,-0.43,-0.43,,,,,,
SI,2019-09-21,91.2,-1.39,6.71,"Judge, Aaron",592450,643615,double,hit_into_play,,,,,5.0,Aaron Judge doubles (18) on a sharp line drive to center fielder Jonathan Davis.,R,R,R,NYY,TOR,X,8.0,line_drive,0,0,2019,-1.26,0.72,0.17,2.83,,,,0,4,Bot,105.44,49.98,,,,,6.53253753117491,-132.629870349238,-5.41339049860379,-16.002633571036,24.9937720256259,-22.9003781280358,3.94,1.87,356.0,114.2,15.0,91.0,2179.0,5.9,567535,571912,592273,624415,665489,620446,606192,641505,545341,54.56,0.807,0.992,1.25,1.0,1.0,1.0,6.0,26,1,Sinker,0,1,0,1,1,0,0,1,Standard,Standard,240.0,0.081,0.711,,,1.59,-0.711,114.2,-1,-1,0.428,0.428,23,27,24,27,2,1,6.0,1.0,6.0,1.0,2.04,1.26,1.26,,,,,,
SI,2019-09-21,94.0,-3.31,4.82,"Judge, Aaron",592450,592779,field_out,hit_into_play,,,,,11.0,Aaron Judge flies out to center fielder Jonathan Davis.,R,R,R,NYY,TOR,X,8.0,fly_ball,1,2,2019,-0.93,0.96,-0.86,2.91,,,543309.0,2,6,Bot,105.75,51.64,,,,,8.4073542083757,-136.624078729725,-1.36428014706319,-13.5432444804719,30.0218966883342,-20.0129880440728,3.94,1.87,361.0,97.0,34.0,94.1,2340.0,6.4,567535,571912,592273,624415,665489,620446,606192,641505,545341,54.07,0.26,0.479,0.0,1.0,0.0,0.0,5.0,50,6,Sinker,6,1,6,1,1,6,6,1,Standard,Strategic,224.0,-0.002,-0.192,,,0.957,0.192,97.0,5,5,0.97,0.97,27,27,28,27,1,3,3.0,1.0,3.0,1.0,1.62,0.93,0.93,,,,,,
SI,2019-09-20,90.1,-0.38,6.43,"Judge, Aaron",592450,621097,field_out,hit_into_play,,,,,5.0,Aaron Judge flies out sharply to center fielder Teoscar Hernandez.,R,R,R,NYY,TOR,X,8.0,fly_ball,3,1,2019,-0.89,1.36,-0.21,3.3,,518934.0,,2,5,Bot,92.75,62.66,,,,,2.37330839988275,-131.248745034061,-4.79204354468344,-10.9306700129712,27.6682443130378,-15.4119687816648,4.05,1.87,331.0,107.5,49.0,90.9,1909.0,6.7,567534,643376,475253,624415,665489,620446,546990,606192,545341,53.81,0.107,0.179,0.0,1.0,0.0,0.0,5.0,39,5,Sinker,3,2,3,2,2,3,3,2,Infield shift,Strategic,213.0,-0.037,-0.351,,,0.356,0.351,107.5,1,1,0.697,0.697,25,27,26,27,3,2,6.0,2.0,5.0,1.0,1.4,0.89,0.89,,,,,,
SI,2019-09-20,90.3,-0.62,6.52,"Judge, Aaron",592450,621097,home_run,hit_into_play,,,,,7.0,Aaron Judge homers (25) on a fly ball to left center field.,R,R,R,NYY,TOR,X,,fly_ball,2,1,2019,-0.84,1.56,-0.35,2.64,,,,0,4,Bot,54.05,47.51,,,,,2.45871975958616,-131.463976454884,-7.06427877602602,-10.2639096706281,26.4072357970496,-12.8151205830217,4.08,1.99,427.0,105.9,27.0,90.6,1898.0,6.3,567534,643376,475253,624415,665489,620446,546990,606192,545341,54.17,0.98,1.897,2.0,1.0,0.0,3.0,6.0,26,4,Sinker,0,1,0,1,1,1,1,1,Standard,Strategic,208.0,0.127,1.068,,,3.9,-1.068,105.9,-1,-1,0.433,0.433,25,27,26,27,2,1,6.0,2.0,5.0,1.0,1.22,0.84,0.84,,,,,,
SL,2019-09-20,85.5,-0.35,6.48,"Judge, Aaron",592450,571882,double,hit_into_play,,,,,7.0,Aaron Judge doubles (17) on a sharp line drive to left fielder Teoscar Hernandez.,R,R,R,NYY,TOR,X,7.0,line_drive,2,1,2019,0.35,-0.4,-0.37,2.18,,,,2,8,Bot,49.37,113.62,,,,,-0.736993332261088,-124.516496680879,-3.08029325127197,3.73732960259364,23.8212057788152,-35.9272331614641,4.02,1.87,238.0,100.3,14.0,85.0,,5.8,567534,643376,475253,624415,665489,620446,606192,641505,545341,54.66,0.84,0.8,1.25,1.0,1.0,1.0,4.0,59,4,Slider,3,4,3,4,4,3,3,4,Standard,Strategic,41.0,0.066,0.552,,,1.078,-0.552,100.3,-1,-1,0.201,0.201,28,27,29,27,1,3,2.0,2.0,3.0,1.0,3.56,-0.35,-0.35,,,,,,
FF,2019-09-18,90.8,1.39,5.67,"Judge, Aaron",592450,596071,home_run,hit_into_play,,,,,5.0,Aaron Judge homers (24) on a fly ball to right center field.    DJ LeMahieu scores.,R,R,L,NYY,LAA,X,,fly_ball,0,0,2019,0.39,1.35,0.23,2.69,,,518934.0,0,3,Bot,194.63,44.54,,,,,-3.68771474355357,-132.057853710847,-4.33575306866085,5.24302065841244,28.7024770901475,-15.9528146127453,3.91,1.87,398.0,109.5,22.0,90.1,2086.0,5.9,567532,607345,405395,664058,642136,592743,641684,571718,594777,54.59,0.993,1.857,2.0,1.0,0.0,3.0,6.0,27,1,4-Seam Fastball,0,2,0,2,2,2,2,2,Infield shift,Standard,164.0,0.183,1.048,,,3.776,-1.048,109.5,-2,-2,0.372,0.372,26,27,27,27,2,1,7.0,1.0,6.0,2.0,1.47,0.39,-0.39,,,,,,
SL,2019-09-18,88.5,-1.87,5.78,"Judge, Aaron",592450,572703,field_out,hit_into_play,,,,,8.0,"Aaron Judge grounds out, shortstop Andrelton Simmons to first baseman Albert Pujols.",R,R,R,NYY,LAA,X,6.0,ground_ball,2,1,2019,0.23,0.39,0.22,2.07,,,,0,5,Bot,102.2,154.25,,,,,4.58150075593714,-128.770541028572,-3.81245067249017,1.73617871954496,22.9597999907573,-27.3869284878597,3.91,1.87,52.0,91.8,2.0,87.9,2866.0,5.6,567532,607345,405395,664058,642136,592743,641684,571718,594777,54.87,0.333,0.355,0.0,1.0,0.0,0.0,2.0,45,4,Slider,2,2,2,2,2,2,2,2,Infield shift,Standard,150.0,-0.035,-0.323,,,0.35,0.323,91.8,0,0,0.572,0.572,28,27,29,27,1,2,5.0,1.0,3.0,2.0,2.56,-0.23,-0.23,,,,,,
SL,2019-09-18,83.9,-2.36,6.54,"Judge, Aaron",592450,621142,field_out,hit_into_play,,,,,8.0,"Aaron Judge grounds out, third baseman Matt Thaiss to first baseman Albert Pujols.",R,R,R,NYY,LAA,X,5.0,ground_ball,0,0,2019,0.3,-0.25,0.01,1.84,,,,0,8,Bot,96.61,164.41,,,,,4.80939093670243,-121.804443189348,-3.86114864599788,1.89851721944066,25.4496145695577,-34.0182350254072,3.91,1.87,8.0,73.1,-11.0,82.1,1908.0,5.4,567532,607345,405395,664058,642136,592743,641684,571718,594777,55.12,0.1,0.096,0.0,1.0,0.0,0.0,2.0,69,1,Slider,2,3,2,3,3,2,2,3,Strategic,Standard,51.0,-0.063,-0.277,,,0.122,0.277,88.0,-1,-1,0.308,0.308,26,27,26,27,1,3,3.0,1.0,3.0,2.0,3.64,-0.3,-0.3,,,,,,
CH,2019-09-17,82.3,1.91,5.3,"Judge, Aaron",592450,660761,field_out,hit_into_play,,,,,14.0,Aaron Judge lines out to center fielder Brian Goodwin.,R,R,L,NYY,LAA,X,8.0,line_drive,1,2,2019,0.25,0.82,1.14,2.31,570482.0,457727.0,518934.0,2,2,Bot,141.06,61.31,,,,,-2.2164178788853,-119.829143290235,-1.86134382981814,2.81271578952562,21.1338711335469,-24.2018669827894,3.25,1.53,328.0,91.4,21.0,82.0,1753.0,5.9,567531,621532,665120,650859,664058,592743,641684,571718,594777,54.64,0.253,0.304,0.0,1.0,0.0,0.0,3.0,18,5,Changeup,2,0,2,0,0,2,2,0,Infield shift,Standard,163.0,-0.038,-0.159,,,0.475,0.159,91.4,2,2,0.75,0.75,21,27,21,27,1,1,7.0,2.0,5.0,1.0,2.57,0.25,-0.25,,,,,,
FF,2019-09-15,95.6,-2.63,6.58,"Judge, Aaron",592450,521655,home_run,hit_into_play,,,,,5.0,Aaron Judge homers (23) on a fly ball to right field.,R,R,R,TOR,NYY,X,,fly_ball,0,2,2019,-0.61,1.55,0.21,2.95,,,,1,1,Top,226.97,90.62,,,,,8.80948629451055,-138.67147644916,-7.33532869957629,-9.92830786066523,32.9556928453452,-10.8111750348069,3.93,1.87,348.0,102.2,28.0,94.9,2373.0,6.2,566938,624512,592273,624415,620446,666182,641856,606192,545341,54.28,0.847,1.599,2.0,1.0,0.0,3.0,6.0,2,3,4-Seam Fastball,0,0,0,0,1,0,1,0,Standard,Standard,202.0,-0.104,1.695,,,3.264,-1.695,102.2,0,0,0.528,0.472,29,27,29,27,1,0,2.0,1.0,4.0,2.0,0.98,0.61,0.61,,,,,,
FC,2019-09-14,87.5,-0.77,6.29,"Judge, Aaron",592450,621097,single,hit_into_play,,,,,8.0,Aaron Judge singles on a sharp line drive to left fielder Teoscar Hernandez.   DJ LeMahieu to 3rd.,R,R,R,TOR,NYY,X,7.0,line_drive,0,0,2019,0.29,0.75,0.17,2.0,,,518934.0,0,3,Top,100.83,50.82,,,,,1.68894299648474,-127.460124666091,-5.81749405106763,2.80845694695495,25.1408138649673,-23.0290734239229,3.92,1.86,293.0,103.7,14.0,88.1,1991.0,6.5,566937,643376,475253,592273,665489,666182,606192,641505,545341,53.99,0.74,0.755,0.9,1.0,1.0,0.0,4.0,19,1,Cutter,0,1,1,0,1,0,1,0,Standard,Strategic,159.0,-0.08,0.45,,,1.102,-0.45,103.7,-1,1,0.353,0.647,25,27,26,27,2,1,6.0,1.0,6.0,1.0,2.2,-0.29,-0.29,,,,,,
FF,2019-09-14,94.0,-2.57,5.93,"Judge, Aaron",592450,672773,field_out,hit_into_play,,,,,11.0,Aaron Judge lines out to shortstop Bo Bichette.,R,R,R,TOR,NYY,X,6.0,line_drive,0,0,2019,-1.48,1.44,-0.92,3.39,,642731.0,518934.0,0,7,Top,108.27,134.01,,,,,7.35311579945653,-136.436621492554,-3.83105310548801,-19.6654769051595,33.8536630220791,-14.1048559939399,3.92,1.86,165.0,68.6,17.0,92.2,2390.0,5.7,566937,643376,475253,592273,665489,666182,606192,641505,546990,54.83,0.613,0.552,0.0,1.0,0.0,0.0,4.0,64,1,4-Seam Fastball,1,9,9,1,9,1,9,1,Standard,Strategic,226.0,0.001,-0.248,,,0.671,0.248,88.0,-8,8,0.003,0.997,19,27,19,27,1,4,94.0,1.0,4.0,1.0,1.25,1.48,1.48,,,,,,
SL,2019-09-12,84.6,-1.81,5.62,"Judge, Aaron",592450,605513,field_out,hit_into_play,,,,,5.0,Aaron Judge flies out sharply to center fielder Harold Castro.,R,R,R,DET,NYY,X,8.0,fly_ball,3,2,2019,0.36,0.06,-0.26,2.78,518934.0,,,2,2,Top,121.89,43.11,,,,,2.88459042986622,-123.173536475832,-0.403835108188649,3.06139645748393,24.0382306652551,-31.7697469659299,3.98,1.88,368.0,103.3,40.0,83.9,2300.0,5.7,565579,606988,543308,493596,600869,474568,641525,605612,622682,54.76,0.313,0.568,0.0,1.0,0.0,0.0,5.0,14,6,Slider,0,3,3,0,3,0,3,0,Standard,Standard,99.0,0.026,-0.315,,,1.17,0.315,103.3,-3,3,0.227,0.773,26,27,27,27,2,1,6.0,0.0,6.0,1.0,3.19,-0.36,-0.36,,,,,,
FF,2019-09-12,90.2,2.2,5.23,"Judge, Aaron",592450,664180,single,hit_into_play,,,,,2.0,Aaron Judge singles on a ground ball to right fielder Travis Demeritte.   Austin Romine to 2nd.,R,R,L,DET,NYY,X,9.0,ground_ball,0,1,2019,0.25,1.23,-0.2,3.29,,,519222.0,1,8,Top,168.45,114.64,,,,,-6.4374944603775,-131.316382065803,-1.48486775387211,4.06304218386744,25.146051076445,-17.9617319972096,3.93,1.88,8.0,93.4,-23.0,90.0,2207.0,5.9,565580,668670,600869,500135,608475,650489,621514,622682,641513,54.56,0.113,0.113,0.9,1.0,1.0,0.0,2.0,70,2,4-Seam Fastball,3,7,7,3,7,3,7,3,Infield shift,Strategic,169.0,-0.006,0.484,,,0.113,-0.484,93.4,-4,4,0.037,0.963,25,27,26,27,1,4,5.0,3.0,3.0,0.0,1.59,0.25,-0.25,,,,,,
FF,2019-09-12,92.0,-3.65,4.39,"Judge, Aaron",592450,670167,grounded_into_double_play,hit_into_play,,,,,5.0,"Aaron Judge grounds into a double play, second baseman Gordon Beckham to first baseman John Hicks.   Tyler Wade to 3rd.    DJ LeMahieu out at 2nd.    Aaron Judge out at 1st.",R,R,R,DET,NYY,X,4.0,ground_ball,2,2,2019,-0.5,0.82,-0.09,2.9,,642180.0,518934.0,0,9,Top,143.61,160.07,,,,,10.0877129772264,-133.602689860063,0.296603763901638,-8.0463771869752,27.7893737472764,-22.6304731452364,3.94,1.87,,82.9,-21.0,91.9,2025.0,6.2,565579,606988,543308,493596,600869,474568,641525,605612,622682,54.26,0.073,0.068,0.0,1.0,0.0,0.0,2.0,70,5,4-Seam Fastball,2,6,6,2,6,2,6,2,Standard,Standard,211.0,0.005,-0.321,,,0.073,0.321,88.0,-4,4,0.01,0.99,25,27,25,27,1,4,2.0,0.0,2.0,1.0,1.89,0.5,0.5,,,,,,
FF,2019-09-12,93.7,-1.76,5.73,"Judge, Aaron",592450,605513,home_run,hit_into_play,,,,,2.0,Aaron Judge homers (22) on a fly ball to right center field.    DJ LeMahieu scores.,R,R,R,DET,NYY,X,,fly_ball,2,2,2019,0.15,0.73,-0.25,3.45,,,518934.0,0,1,Top,198.53,57.99,,,,,3.55003550173602,-136.408697917297,-1.74489940215141,1.06661537666526,29.3431588548007,-23.0763356279811,4.08,2.01,374.0,104.1,40.0,93.1,2420.0,5.9,565579,606988,543308,493596,600869,474568,641525,605612,622682,54.65,0.413,0.779,2.0,1.0,0.0,3.0,5.0,2,5,4-Seam Fastball,0,0,0,0,2,0,2,0,Standard,Standard,168.0,-0.153,1.077,,,1.601,-1.077,104.1,0,0,0.467,0.5329999999999999,26,27,27,27,1,0,6.0,0.0,6.0,1.0,1.91,-0.15,-0.15,,,,,,
FF,2019-09-12,94.4,2.42,5.77,"Judge, Aaron",592450,571510,field_error,hit_into_play,,,,,5.0,Aaron Judge reaches on a fielding error by third baseman Dawel Lugo.,R,R,L,DET,NYY,X,5.0,ground_ball,1,2,2019,0.73,1.17,-0.04,3.01,,,,1,1,Top,99.4,167.94,,,,,-7.99066148450494,-137.321518857302,-4.13989572072341,10.8041362319554,26.0494578285948,-16.7399048642174,3.91,1.87,55.0,110.6,0.0,94.6,2295.0,6.1,565580,668670,600869,500135,608475,650489,621514,622682,641513,54.38,0.56,0.515,0.9,1.0,0.0,0.0,4.0,2,4,4-Seam Fastball,0,0,0,0,0,0,0,0,Infield shift,Standard,148.0,-0.028,0.572,,,0.648,-0.572,110.6,0,0,0.526,0.474,28,27,28,27,1,0,7.0,3.0,10.0,0.0,1.38,0.73,-0.73,,,,,,
FF,2019-09-09,94.8,1.86,5.66,"Judge, Aaron",592450,593958,single,hit_into_play,,,,,11.0,Aaron Judge singles on a line drive to left fielder Gorkys Hernandez.,R,R,L,BOS,NYY,X,7.0,line_drive,3,1,2019,0.94,1.05,-0.9,3.44,,,,2,5,Top,106.75,93.23,,,,,-9.19262399044142,-137.748633642105,-2.44413757283448,13.6960054476728,27.2900781856701,-18.6846822022149,3.21,1.5,257.0,80.4,25.0,94.3,2270.0,5.9,565101,543877,607752,571788,646240,593428,491676,598265,605141,54.65,0.267,0.24,0.9,1.0,1.0,0.0,3.0,35,5,4-Seam Fastball,0,1,1,0,1,0,1,0,Standard,Standard,138.0,-0.008,0.184,,,0.267,-0.184,88.0,-1,1,0.399,0.601,26,27,26,27,3,2,5.0,1.0,5.0,3.0,1.52,0.94,-0.94,,,,,,
SI,2019-09-09,94.5,1.7,5.96,"Judge, Aaron",592450,593958,field_out,hit_into_play,,,,,6.0,"Aaron Judge grounds out, shortstop Xander Bogaerts to first baseman Sam Travis.",R,R,L,BOS,NYY,X,6.0,ground_ball,2,2,2019,1.39,0.48,0.8,3.12,,,519222.0,2,3,Top,105.75,153.75,,,,,-5.33878152380014,-137.478091032398,-2.75319816305344,18.5278350559359,30.985246500145,-25.834597898234,3.92,1.87,7.0,84.2,-23.0,93.8,2057.0,5.9,565101,543877,607752,571788,646240,593428,491676,598265,605141,54.59,0.053,0.058,0.0,1.0,0.0,0.0,2.0,18,7,Sinker,0,0,0,0,0,0,0,0,Standard,Standard,109.0,0.022,-0.229,,,0.066,0.229,88.0,0,0,0.533,0.4669999999999999,26,27,26,27,2,1,5.0,1.0,5.0,3.0,2.12,1.39,-1.39,,,,,,
FF,2019-09-09,89.0,-5.04,4.13,"Judge, Aaron",592450,665001,double,hit_into_play,,,,,5.0,Aaron Judge doubles (16) on a sharp line drive to center fielder Jackie Bradley Jr.  DJ LeMahieu to 3rd.,R,R,R,BOS,NYY,X,8.0,line_drive,0,0,2019,-1.34,0.49,-0.13,2.81,,,518934.0,1,7,Top,97.63,56.72,,,,,14.7976659404609,-128.848555085872,1.78433906354844,-17.8162653081236,24.2804293129364,-27.2330853841863,3.92,1.87,184.0,109.4,9.0,89.1,2261.0,6.4,565101,543877,607752,571788,646240,593428,491676,598265,605141,54.09,0.793,0.776,1.25,1.0,1.0,1.0,4.0,53,1,4-Seam Fastball,0,3,3,0,3,0,3,0,Standard,Standard,250.0,-0.035,0.818,,,1.073,-0.818,109.4,-3,3,0.106,0.894,26,27,27,27,1,3,1.0,1.0,2.0,3.0,2.39,1.34,1.34,,,,,,
FF,2019-09-08,91.4,-1.23,6.18,"Judge, Aaron",592450,519144,single,hit_into_play,,,,,8.0,Aaron Judge singles on a sharp line drive to left fielder Andrew Benintendi.   Mike Tauchman scores.    DJ LeMahieu to 3rd.,R,R,R,BOS,NYY,X,7.0,line_drive,1,2,2019,-0.82,1.33,-0.02,2.32,,643565.0,518934.0,0,3,Top,53.92,91.8,,,,,4.79852241400927,-132.93031274741,-6.71020734941902,-10.6946141570067,26.073499672856,-15.281988200678,3.92,1.87,252.0,114.2,10.0,91.4,2464.0,6.1,565100,506702,519048,571788,646240,593428,643217,598265,605141,54.38,0.86,0.9,0.9,1.0,1.0,0.0,6.0,18,4,4-Seam Fastball,0,2,2,0,3,0,3,0,Standard,Standard,212.0,-0.095,0.562,,,1.255,-0.562,114.2,-2,2,0.23,0.77,30,27,31,27,2,1,5.0,1.0,7.0,1.0,1.4,0.82,0.82,,,,,,
SL,2019-09-08,82.2,-0.99,6.06,"Judge, Aaron",592450,468504,field_out,hit_into_play,,,,,8.0,Aaron Judge lines out sharply to third baseman Rafael Devers.,R,R,R,BOS,NYY,X,5.0,line_drive,2,2,2019,1.47,0.38,-0.2,1.76,,,518934.0,2,6,Top,104.74,165.43,,,,,-0.956622133117217,-119.420364559623,-3.80856075574112,13.8229112249117,24.9326663543752,-28.0961963967002,3.63,1.7,155.0,105.3,8.0,80.7,2552.0,5.5,565100,506702,519048,571788,646240,593428,643217,598265,605141,54.95,0.667,0.613,0.0,1.0,0.0,0.0,4.0,50,5,Slider,4,8,8,4,8,4,8,4,Standard,Standard,105.0,0.007,-0.229,,,0.765,0.229,105.3,-4,4,0.091,0.909,31,27,31,27,1,3,2.0,1.0,4.0,1.0,3.12,-1.47,-1.47,,,,,,
SL,2019-09-08,86.8,-1.43,5.28,"Judge, Aaron",592450,519393,field_out,hit_into_play,,,,,8.0,Aaron Judge pops out to third baseman Rafael Devers.,R,R,R,BOS,NYY,X,5.0,popup,3,2,2019,0.63,0.24,-0.06,2.04,,,,0,9,Top,114.39,187.78,,,,,1.98801858291829,-126.5892560756,-2.12656862414073,6.46990062143292,24.2368874873923,-29.3671850407999,3.92,1.87,,80.0,69.0,87.7,,6.6,565100,506702,519048,571788,646240,593428,643217,598265,605141,53.89,0.0,0.0,0.0,1.0,0.0,0.0,3.0,69,10,Slider,5,8,8,5,8,5,8,5,Standard,Standard,111.0,0.005,-0.357,,,0.0,0.357,88.0,-3,3,0.033,0.967,30,27,31,27,1,4,2.0,1.0,4.0,1.0,2.73,-0.63,-0.63,,,,,,
SI,2019-09-08,90.6,-1.33,6.32,"Judge, Aaron",592450,519144,field_out,hit_into_play,,,,,11.0,"Aaron Judge grounds out, third baseman Rafael Devers to first baseman Mitch Moreland.",R,R,R,BOS,NYY,X,5.0,ground_ball,1,1,2019,-1.42,0.96,-0.98,3.37,,,,1,1,Top,101.69,169.49,,,,,3.79190924669888,-131.8094775859,-3.39554042375677,-17.013532207627,27.8671922413,-20.7863506511846,3.92,1.87,35.0,73.5,-1.0,89.6,2400.0,5.7,565100,506702,519048,571788,646240,593428,643217,598265,605141,54.83,0.1,0.109,0.0,1.0,0.0,0.0,2.0,2,3,Sinker,0,0,0,0,0,0,0,0,Standard,Standard,236.0,0.015,-0.268,,,0.103,0.268,88.0,0,0,0.523,0.477,30,27,31,27,1,0,5.0,1.0,7.0,1.0,1.89,1.42,1.42,,,,,,
SL,2019-09-08,85.2,-1.2,5.72,"Judge, Aaron",592450,518489,home_run,hit_into_play,,,,,5.0,Aaron Judge homers (21) on a fly ball to left center field.,R,R,R,BOS,NYY,X,,fly_ball,0,1,2019,0.64,0.58,0.08,2.71,,,,0,5,Top,59.9,54.38,,,,,1.71568352200434,-124.107546937416,-1.9764678894324,6.35536657408305,23.3716811071036,-25.9909690906525,3.92,1.87,375.0,99.1,35.0,85.7,2503.0,6.4,565100,506702,519048,571788,646240,593428,643217,598265,605141,54.11,0.333,0.61,2.0,1.0,0.0,3.0,5.0,38,2,Slider,4,6,6,4,7,4,7,4,Standard,Standard,132.0,-0.088,1.158,,,1.246,-1.158,99.1,-2,2,0.252,0.748,31,27,32,27,1,2,4.0,1.0,2.0,1.0,2.54,-0.64,-0.64,,,,,,
SL,2019-09-07,85.8,-2.02,5.41,"Judge, Aaron",592450,642067,field_out,hit_into_play,,,,,6.0,Aaron Judge flies out to center fielder Mookie Betts.,R,R,R,BOS,NYY,X,8.0,fly_ball,0,1,2019,-0.03,0.16,0.39,2.65,,,,0,9,Top,151.71,87.97,,,,,5.74766546088143,-124.845457186972,-0.651401166683819,-1.33833684263176,22.4342504151712,-30.5679714865291,3.91,1.87,271.0,80.2,38.0,85.9,2637.0,6.1,565099,543877,519048,571788,646240,593428,643217,605141,502110,54.4,0.0,0.0,0.0,1.0,0.0,0.0,3.0,66,2,Slider,0,4,4,0,4,0,4,0,Standard,Standard,190.0,0.002,-0.233,,,0.0,0.233,88.0,-4,4,0.015,0.985,24,27,25,27,1,4,70.0,1.0,2.0,1.0,2.94,0.03,0.03,,,,,,
SL,2019-09-07,83.2,-5.29,3.93,"Judge, Aaron",592450,665001,field_out,hit_into_play,,,,,6.0,Aaron Judge lines out to center fielder Mookie Betts.,R,R,R,BOS,NYY,X,8.0,line_drive,0,0,2019,0.12,0.34,0.49,2.61,,,518934.0,0,5,Top,125.38,45.35,,,,,12.9510626123438,-120.538014338598,2.75251074696085,-1.03663318776264,20.8262469109167,-29.5359733230183,3.91,1.87,363.0,97.2,22.0,83.1,2394.0,6.2,565099,543877,519048,571788,646240,593428,643217,605141,502110,54.31,0.3,0.377,0.0,1.0,0.0,0.0,5.0,33,1,Slider,0,4,4,0,4,0,4,0,Standard,Standard,160.0,0.012,-0.262,,,0.622,0.262,97.2,-4,4,0.091,0.909,26,27,27,27,1,2,67.0,1.0,1.0,1.0,2.97,-0.12,-0.12,,,,,,
SL,2019-09-07,84.0,-2.04,5.59,"Judge, Aaron",592450,595001,field_out,hit_into_play,,,,,4.0,Aaron Judge flies out to left fielder Andrew Benintendi.,R,R,R,BOS,NYY,X,7.0,fly_ball,0,0,2019,0.51,0.34,-0.52,3.01,,,,0,7,Top,98.89,92.49,,,,,2.52609191449946,-122.377934910964,-0.309820790687342,4.61564327142153,22.1813408136686,-28.9535014628565,3.91,1.87,261.0,94.6,53.0,83.5,2883.0,5.7,565099,543877,519048,571788,646240,593428,643217,605141,502110,54.76,0.0,0.0,0.0,1.0,0.0,0.0,3.0,49,1,Slider,0,4,4,0,4,0,4,0,Standard,Standard,124.0,0.005,-0.277,,,0.0,0.277,94.6,-4,4,0.059,0.941,31,27,32,27,1,3,7.0,1.0,1.0,1.0,2.93,-0.51,-0.51,,,,,,
FF,2019-09-06,96.9,2.75,5.43,"Judge, Aaron",592450,650382,field_out,hit_into_play,,,,,3.0,Aaron Judge lines out to right fielder Mookie Betts.,R,R,L,BOS,NYY,X,9.0,line_drive,1,2,2019,0.04,1.08,0.3,3.25,,,518934.0,2,8,Top,187.75,77.52,,,,,-6.67675622466263,-141.109245061893,-2.8311993877058,1.94424831519509,29.5862859275297,-17.2129748682161,3.33,1.63,323.0,94.0,26.0,97.7,2204.0,6.5,565098,543877,519048,571788,646240,593428,643217,598265,605141,53.99,0.22,0.308,0.0,1.0,0.0,0.0,3.0,60,5,4-Seam Fastball,6,1,1,6,1,6,1,6,Standard,Standard,178.0,0.003,-0.192,,,0.561,0.192,94.0,5,-5,0.992,0.008,22,27,23,27,1,3,2.0,2.0,3.0,1.0,1.32,0.04,-0.04,,,,,,
SI,2019-09-06,90.6,-1.68,5.1,"Judge, Aaron",592450,543901,field_out,hit_into_play,,,,,8.0,"Yankees challenged (play at 1st), call on the field was upheld: Aaron Judge grounds out, third baseman Rafael Devers to first baseman Mitch Moreland.",R,R,R,BOS,NYY,X,5.0,ground_ball,2,1,2019,-1.81,-0.06,0.03,2.27,,,,1,6,Top,94.07,165.94,,,,,7.74013742898092,-131.507752629569,-0.96935512747926,-21.7480691444284,28.1969175358308,-32.9038172271246,3.92,1.87,5.0,87.5,-26.0,88.4,2044.0,5.1,565098,543877,519048,571788,646240,593428,643217,598265,605141,55.45,0.08,0.077,0.0,1.0,0.0,0.0,2.0,44,4,Sinker,6,1,1,6,1,6,1,6,Standard,Standard,272.0,0.008,-0.331,,,0.093,0.331,88.0,5,-5,0.962,0.038,28,27,29,27,1,2,5.0,2.0,1.0,1.0,2.99,1.81,1.81,,,,,,
FF,2019-09-04,97.1,-3.13,5.65,"Judge, Aaron",592450,458681,home_run,hit_into_play,,,,,1.0,Aaron Judge homers (20) on a fly ball to right center field.    Brett Gardner scores.,R,R,R,NYY,TEX,X,,fly_ball,1,2,2019,-0.66,1.26,-0.3,3.57,,,458731.0,1,3,Bot,189.31,57.46,,,,,9.09435414073193,-141.191235619773,-2.92875277950996,-10.9318836990706,31.8655104308202,-14.8189554527908,4.03,1.87,366.0,101.1,26.0,97.2,2555.0,6.3,567530,425772,608597,596059,669256,462101,641432,595981,542454,54.15,0.793,1.409,2.0,1.0,0.0,3.0,6.0,23,4,4-Seam Fastball,0,0,0,0,0,2,2,0,Standard,Standard,208.0,0.199,1.527,,,2.767,-1.527,101.1,0,0,0.55,0.55,32,27,32,27,2,1,6.0,1.0,6.0,2.0,1.16,0.66,0.66,,,,,,
SI,2019-09-03,92.9,-1.38,6.13,"Judge, Aaron",592450,642558,single,hit_into_play,,,,,2.0,Aaron Judge singles on a ground ball to right fielder Shin-Soo Choo.   DJ LeMahieu to 2nd.,R,R,R,NYY,TEX,X,9.0,ground_ball,0,1,2019,-1.28,0.66,-0.13,3.54,,,518934.0,0,6,Bot,178.9,102.44,,,,,5.93810629737494,-135.249225359702,-2.34062567296901,-16.7958452172598,26.9102766897493,-23.8302043801746,4.03,1.9,74.0,94.4,1.0,92.9,1839.0,6.0,567529,624431,542454,523253,643396,462101,641432,592261,425783,54.45,0.447,0.474,0.9,1.0,1.0,0.0,2.0,40,2,Sinker,2,0,2,0,0,2,2,0,Standard,Standard,243.0,0.031,0.494,,,0.522,-0.494,94.4,2,2,0.862,0.862,23,27,23,27,2,2,6.0,1.0,8.0,1.0,1.99,1.28,1.28,,,,,,
SI,2019-09-03,95.0,-1.55,5.13,"Judge, Aaron",592450,606160,field_out,hit_into_play,,,,,13.0,"Aaron Judge grounds out, third baseman Isiah Kiner-Falefa to first baseman Ronald Guzman.",R,R,R,NYY,TEX,X,5.0,ground_ball,1,0,2019,-1.31,0.97,-0.89,2.97,,,,0,7,Bot,97.77,163.38,,,,,4.52553146645896,-138.294454700661,-2.14033549467597,-17.416737741043,28.9724427880235,-19.6950663160318,4.02,1.96,16.0,61.0,-9.0,94.3,2301.0,5.7,567529,624431,608597,523253,643396,542454,641432,592261,595981,54.78,0.04,0.065,0.0,1.0,0.0,0.0,2.0,52,2,Sinker,8,0,8,0,0,8,8,0,Standard,Standard,233.0,0.0,-0.318,,,0.04,0.318,88.0,8,8,0.998,0.998,28,27,29,27,1,3,6.0,1.0,2.0,1.0,1.6,1.31,1.31,,,,,,
FF,2019-09-02,92.6,1.1,5.9,"Judge, Aaron",592450,501985,field_out,hit_into_play,,,,,1.0,Aaron Judge flies out to right fielder Nomar Mazara.,R,R,L,NYY,TEX,X,9.0,fly_ball,1,1,2019,0.24,1.34,-0.42,3.39,,,,1,6,Bot,173.49,114.73,,,,,-4.38573014303556,-134.883571775176,-3.53734976979542,3.75049377198467,26.8320165607305,-15.4183810104401,3.92,1.87,232.0,76.2,43.0,92.7,2653.0,6.1,567528,624431,608597,596059,542454,462101,641432,592261,608577,54.39,0.093,0.086,0.0,1.0,0.0,0.0,3.0,46,3,4-Seam Fastball,0,2,0,2,2,0,0,2,Standard,Standard,170.0,-0.024,-0.268,,,0.115,0.268,88.0,-2,-2,0.224,0.224,31,27,32,27,3,2,6.0,1.0,6.0,1.0,1.32,0.24,-0.24,,,,,,
FF,2019-09-02,93.9,1.09,5.95,"Judge, Aaron",592450,501985,field_out,hit_into_play,,,,,11.0,"Aaron Judge grounds out, shortstop Elvis Andrus to first baseman Ronald Guzman.",R,R,L,NYY,TEX,X,6.0,ground_ball,2,2,2019,0.32,1.37,-1.09,3.27,,,,1,1,Bot,109.82,153.75,,,,,-6.23404878596503,-136.463446809513,-4.09525264534417,5.19557660862198,27.4944917432552,-14.9525867778667,3.92,1.87,96.0,73.4,8.0,92.7,2788.0,5.4,567528,624431,608597,596059,542454,462101,641432,592261,608577,55.06,0.267,0.276,0.0,1.0,0.0,0.0,2.0,7,5,4-Seam Fastball,0,1,0,1,1,0,0,1,Standard,Standard,167.0,-0.015,-0.247,,,0.302,0.247,88.0,-1,-1,0.422,0.422,31,27,32,27,1,0,6.0,1.0,6.0,1.0,1.3,0.32,-0.32,,,,,,
SL,2019-09-02,83.0,-1.16,5.68,"Judge, Aaron",592450,518875,field_out,hit_into_play,,,,,1.0,Aaron Judge lines out to center fielder Delino DeShields.,R,R,R,NYY,TEX,X,8.0,line_drive,1,1,2019,0.51,0.09,-0.6,2.79,640449.0,642180.0,,2,8,Bot,117.99,71.41,,,,,0.311883042606499,-121.040764403974,-0.42606248995928,4.9241405679099,19.9215843955336,-31.4415850722905,3.21,1.51,304.0,85.0,25.0,83.3,2321.0,6.0,567528,624431,608597,596059,542454,462101,641432,592261,608577,54.49,0.147,0.191,0.0,1.0,0.0,0.0,3.0,65,3,Slider,0,6,0,6,6,0,0,6,Strategic,Standard,100.0,-0.007,-0.269,,,0.312,0.269,88.0,-6,-6,0.01,0.01,35,27,35,27,1,3,3.0,1.0,5.0,1.0,3.21,-0.51,-0.51,,,,,,
CH,2019-09-01,83.7,4.23,5.6,"Judge, Aaron",592450,640455,field_out,hit_into_play,,,,,8.0,Aaron Judge flies out to right fielder Chad Pinder.,R,R,L,NYY,ATH,X,9.0,fly_ball,1,2,2019,1.32,0.3,0.12,2.29,,,,1,1,Bot,162.71,97.83,,,,,-12.0163326933527,-121.302458204054,-1.74391525909931,15.3162208735434,23.4834421768451,-29.128672206931,3.95,1.9,256.0,82.4,48.0,83.3,1525.0,6.2,567527,572033,621566,641914,656305,543760,595777,592192,640461,54.26,0.007,0.006,0.0,1.0,0.0,0.0,3.0,5,4,Changeup,0,0,0,0,0,0,0,0,Strategic,Standard,103.0,-0.012,-0.198,,,0.007,0.198,88.0,0,0,0.522,0.522,27,27,27,27,1,0,,1.0,7.0,1.0,2.99,1.32,-1.32,,,,,,
FC,2019-09-01,86.0,-0.82,5.66,"Judge, Aaron",592450,433589,field_out,hit_into_play,,,,,2.0,Aaron Judge flies out sharply to center fielder Mark Canha.,R,R,R,NYY,ATH,X,8.0,fly_ball,3,2,2019,0.16,1.07,0.23,4.02,,,,1,6,Bot,134.85,65.6,,,,,2.19520922516021,-125.497724467598,0.0825986041042671,1.30472621178163,24.125641161482,-20.7113827554317,3.95,1.9,317.0,101.0,47.0,87.5,2247.0,7.0,567527,572033,621566,641914,656305,543760,595777,592192,640461,53.52,0.033,0.049,0.0,1.0,0.0,0.0,3.0,41,6,Cutter,0,0,0,0,0,0,0,0,Strategic,Standard,172.0,-0.03,-0.366,,,0.1,0.366,101.0,0,0,0.547,0.547,34,27,35,27,1,2,2.0,1.0,2.0,1.0,1.91,-0.16,-0.16,,,,,,
FF,2019-08-31,93.6,-1.66,5.86,"Judge, Aaron",592450,465657,home_run,hit_into_play,,,,,9.0,Aaron Judge homers (19) on a fly ball to right field.,R,R,R,NYY,ATH,X,,fly_ball,0,1,2019,-0.35,1.42,0.31,2.41,,,,2,8,Bot,222.93,74.33,,,,,5.84654786236332,-136.180406117254,-6.34323868363176,-5.47318176693057,26.6616163345373,-13.3455746741593,4.0,1.93,371.0,101.9,32.0,94.1,2259.0,6.3,567526,543302,621566,641914,656305,543760,664913,592192,543257,54.15,0.667,1.248,2.0,1.0,0.0,3.0,6.0,69,2,4-Seam Fastball,2,3,2,3,3,3,3,3,Strategic,Standard,194.0,0.334,2.643,,,2.586,-2.643,101.9,-1,-1,0.192,0.192,35,27,35,27,1,3,2.0,1.0,3.0,1.0,1.16,0.35,0.35,,,,,,
FF,2019-08-31,94.6,-1.85,6.49,"Judge, Aaron",592450,456701,field_out,hit_into_play,,,,,11.0,"Aaron Judge grounds out, first baseman Matt Olson to pitcher Homer Bailey.",R,R,R,NYY,ATH,X,3.0,ground_ball,3,2,2019,-0.55,1.27,-1.2,3.02,,,,1,1,Bot,141.36,163.66,,,,,2.90164864709818,-137.724992060484,-6.21513886549905,-7.56156639399153,27.3620498968036,-14.9711984217988,4.0,1.93,50.0,55.4,4.0,94.8,2100.0,6.2,567526,543302,621566,641914,656305,543760,664913,592192,543257,54.34,0.127,0.133,0.0,1.0,0.0,0.0,1.0,5,6,4-Seam Fastball,0,0,0,0,0,0,0,0,Strategic,Standard,203.0,-0.02,-0.366,,,0.141,0.366,88.0,0,0,0.53,0.53,33,27,33,27,1,0,5.0,1.0,6.0,1.0,1.27,0.55,0.55,,,,,,
SI,2019-08-30,92.1,1.76,6.14,"Judge, Aaron",592450,474463,force_out,hit_into_play,,,,,3.0,"Aaron Judge grounds into a force out, shortstop Marcus Semien to second baseman Jurickson Profar.   DJ LeMahieu out at 2nd.",R,R,L,NYY,ATH,X,6.0,ground_ball,0,0,2019,1.22,0.35,0.8,2.8,458731.0,,518934.0,2,4,Bot,102.7,150.19,,,,,-4.96230350553128,-133.953487610012,-3.35959679059926,15.4579566602996,27.885362919344,-27.5709543209803,3.19,1.51,74.0,94.6,3.0,91.4,1641.0,5.8,567525,572033,621566,595777,656305,543760,543257,592192,640461,54.72,0.487,0.457,0.0,1.0,0.0,0.0,4.0,36,1,Sinker,2,1,2,1,1,2,2,1,Strategic,Standard,106.0,-0.048,-0.304,,,0.565,0.304,94.6,1,1,0.686,0.686,31,27,31,27,3,2,5.0,2.0,6.0,1.0,2.39,1.22,-1.22,,,,,,
SI,2019-08-30,91.6,1.77,6.21,"Judge, Aaron",592450,474463,single,hit_into_play,,,,,6.0,Aaron Judge singles on a ground ball to right fielder Chad Pinder.   DJ LeMahieu to 2nd.,R,R,L,NYY,ATH,X,9.0,ground_ball,1,1,2019,1.34,0.09,0.47,2.35,,,518934.0,1,3,Bot,172.8,91.26,,,,,-6.06516431435915,-133.151929289567,-4.03029831552981,16.94052284097,27.1842393469527,-30.5515525050848,3.19,1.51,12.0,99.9,-9.0,90.9,,5.8,567525,572033,621566,595777,656305,543760,543257,592192,640461,54.7,0.273,0.263,0.9,1.0,1.0,0.0,2.0,23,3,Sinker,0,1,0,1,1,0,0,1,Standard,Standard,94.0,0.048,0.452,,,0.302,-0.452,99.9,-1,-1,0.438,0.438,31,27,31,27,2,1,5.0,2.0,6.0,1.0,2.68,1.34,-1.34,,,,,,
FF,2019-08-30,89.6,1.51,6.27,"Judge, Aaron",592450,474463,single,hit_into_play,,,,,5.0,Aaron Judge singles on a sharp line drive to left fielder Robbie Grossman.,R,R,L,NYY,ATH,X,7.0,line_drive,2,0,2019,0.25,0.86,-0.08,2.64,,,,1,1,Bot,71.21,110.57,,,,,-4.41885342538276,-130.327044425377,-4.73941364066492,3.72079124839211,25.0912018387339,-21.7824358473585,3.19,1.51,162.0,115.1,8.0,89.1,1990.0,5.8,567525,572033,621566,595777,656305,543760,543257,592192,640461,54.67,0.773,0.748,0.9,1.0,1.0,0.0,5.0,6,3,4-Seam Fastball,0,0,0,0,0,0,0,0,Strategic,Standard,164.0,0.018,0.305,,,1.021,-0.305,115.1,0,0,0.533,0.533,31,27,31,27,1,0,5.0,2.0,6.0,1.0,2.02,0.25,-0.25,,,,,,
FF,2019-08-30,89.2,-0.68,5.67,"Judge, Aaron",592450,433589,field_out,hit_into_play,,,,,6.0,Aaron Judge grounds out to first baseman Matt Olson.,R,R,R,NYY,ATH,X,3.0,ground_ball,0,0,2019,-0.43,1.2,0.46,3.07,,,,2,7,Bot,155.03,165.94,,,,,3.80960689677537,-130.060273780684,-3.08893772949433,-5.76703415295545,25.3936371981739,-17.5728929241919,3.94,1.88,37.0,67.1,1.0,91.4,2019.0,7.4,567525,572033,621566,595777,656305,543760,664913,592192,543257,53.15,0.14,0.14,0.0,1.0,0.0,0.0,2.0,62,1,4-Seam Fastball,2,6,2,6,6,2,2,6,Strategic,Standard,200.0,-0.006,-0.298,,,0.184,0.298,88.0,-4,-4,0.042,0.042,34,27,35,27,1,3,1.0,2.0,2.0,1.0,1.54,0.43,0.43,,,,,,
FF,2019-08-28,94.0,1.79,5.38,"Judge, Aaron",592450,656954,field_out,hit_into_play,,,,,8.0,Aaron Judge flies out to right fielder Dylan Moore.,R,R,L,SEA,NYY,X,9.0,fly_ball,3,2,2019,0.55,0.98,0.16,2.23,,,,1,3,Top,197.22,80.2,,,,,-5.34260669653023,-136.765286815312,-4.59157315542791,7.78556808293554,23.7367254079661,-19.477101540516,3.97,1.91,327.0,96.3,31.0,93.5,2036.0,5.5,566440,608596,543592,543829,572122,641487,621005,542979,664238,54.96,0.327,0.572,0.0,1.0,0.0,0.0,5.0,17,6,4-Seam Fastball,0,2,2,0,2,0,2,0,Infield shift,Standard,151.0,0.016,-0.366,,,1.111,0.366,96.3,-2,2,0.303,0.6970000000000001,23,27,23,27,2,1,5.0,1.0,5.0,2.0,1.64,0.55,-0.55,,,,,,
FC,2019-08-28,85.8,3.02,5.48,"Judge, Aaron",592450,453281,double,hit_into_play,,,,,8.0,Aaron Judge doubles (15) on a sharp line drive to left fielder Tim Lopes.,R,R,L,SEA,NYY,X,7.0,line_drive,3,2,2019,0.23,0.94,0.17,2.11,,,,1,9,Top,47.93,104.38,,,,,-7.19867844060421,-124.850549780504,-3.67288545470499,3.66113262039182,20.7030219376375,-21.8545961543838,3.97,1.91,252.0,105.6,15.0,86.2,2015.0,6.1,566440,608596,543592,543829,572122,641487,621005,641584,664238,54.37,0.593,0.63,1.25,1.0,1.0,1.0,5.0,69,6,Cutter,2,7,7,2,7,2,7,2,Infield shift,Standard,166.0,-0.001,0.588,,,0.955,-0.588,105.6,-5,5,0.007,0.993,34,27,35,27,2,4,2.0,1.0,6.0,2.0,2.14,0.23,-0.23,,,,,,
SI,2019-08-28,88.7,2.69,5.63,"Judge, Aaron",592450,453281,double,hit_into_play,,,,,5.0,Aaron Judge doubles (14) on a sharp line drive to center fielder Keon Broxton.   DJ LeMahieu to 3rd.,R,R,L,SEA,NYY,X,8.0,line_drive,1,2,2019,1.03,0.69,-0.17,2.6,,,518934.0,0,7,Top,171.98,55.67,,,,,-9.09676338385265,-129.044407870567,-2.87376546584178,13.1416333633364,22.4479984425745,-24.1491241557498,3.97,1.91,356.0,109.7,16.0,89.0,1915.0,6.1,566440,608596,543592,543829,572122,641487,621005,542979,664238,54.36,0.767,0.988,1.25,1.0,1.0,1.0,6.0,53,4,Sinker,2,6,6,2,6,2,6,2,Standard,Standard,124.0,-0.024,0.814,,,1.63,-0.814,109.7,-4,4,0.053,0.947,34,27,35,27,1,3,2.0,1.0,6.0,2.0,2.2,1.03,-1.03,,,,,,
SL,2019-08-28,84.8,-1.01,6.25,"Judge, Aaron",592450,605538,home_run,hit_into_play,,,,,5.0,Aaron Judge homers (18) on a fly ball to left field.   DJ LeMahieu scores.,R,R,R,SEA,NYY,X,,fly_ball,2,2,2019,0.0,0.44,0.09,2.93,,,518934.0,1,5,Top,26.35,73.89,,,,,2.53052647978242,-123.593396535419,-2.39766575689826,-0.417679683393559,19.1741496663075,-27.5692279320855,3.97,1.91,376.0,106.5,42.0,84.2,2555.0,5.3,566440,608596,543592,543829,572122,641487,621005,542979,664238,55.19,0.413,0.802,2.0,1.0,0.0,3.0,6.0,37,6,Slider,2,4,4,2,6,2,6,2,Standard,Standard,180.0,-0.137,1.482,,,1.622,-1.482,106.5,-2,2,0.249,0.751,26,27,27,27,1,2,2.0,1.0,3.0,2.0,2.78,0.0,0.0,,,,,,
FF,2019-08-27,91.6,2.28,5.73,"Judge, Aaron",592450,579328,field_out,hit_into_play,,,,,7.0,"Aaron Judge grounds out, third baseman Kyle Seager to first baseman Daniel Vogelbach.",R,R,L,SEA,NYY,X,5.0,ground_ball,2,2,2019,0.81,1.25,-0.55,2.05,,,,1,4,Top,100.65,162.85,,,,,-8.89751626205435,-133.099404040395,-6.19328936419861,11.4142607699319,26.1904968348607,-16.1263578923881,4.01,2.0,,82.9,-21.0,92.1,2079.0,6.5,566439,608596,596129,543829,572122,641487,621005,605480,664238,54.04,0.073,0.068,0.0,1.0,0.0,0.0,2.0,29,5,4-Seam Fastball,0,5,5,0,5,0,5,0,Infield shift,Standard,147.0,0.004,-0.247,,,0.073,0.247,88.0,-5,5,0.086,0.914,28,27,28,27,3,2,9.0,1.0,5.0,1.0,1.44,0.81,-0.81,,,,,,
SI,2019-08-27,93.2,-3.17,5.68,"Judge, Aaron",592450,596035,single,hit_into_play,,,,,8.0,Aaron Judge singles on a soft ground ball to third baseman Kyle Seager.   DJ LeMahieu to 2nd.,R,R,R,SEA,NYY,X,5.0,ground_ball,0,0,2019,-1.57,0.35,0.02,2.45,,,518934.0,0,6,Top,113.32,180.08,,,,,11.4994523340144,-135.197056935801,-3.27858758236911,-21.40306918757,27.1636616751597,-27.4418294661165,4.01,1.97,0.0,101.2,-82.0,92.8,2151.0,6.0,566439,608596,596129,543829,572122,641487,621005,605480,664238,54.47,0.26,0.251,0.9,1.0,1.0,0.0,2.0,46,1,Sinker,0,6,6,0,6,0,6,0,Standard,Standard,257.0,-0.005,0.45,,,0.279,-0.45,101.2,-6,6,0.023,0.977,26,27,27,27,1,3,3.0,1.0,6.0,1.0,2.3,1.57,1.57,,,,,,
FF,2019-08-27,92.4,2.15,5.86,"Judge, Aaron",592450,579328,home_run,hit_into_play,,,,,5.0,Aaron Judge homers (17) on a fly ball to center field.   DJ LeMahieu scores.,R,R,L,SEA,NYY,X,,fly_ball,0,0,2019,0.63,0.82,-0.05,3.05,,,518934.0,0,1,Top,125.67,2.3,,,,,-6.98959066957026,-134.496768539406,-3.22937725857369,9.04677700065762,24.636217324401,-21.6759526082511,4.03,2.0,462.0,114.1,20.0,93.2,1774.0,6.4,566439,608596,596129,543829,572122,641487,621005,605480,664238,54.08,0.967,2.0,2.0,1.0,0.0,3.0,6.0,2,1,4-Seam Fastball,0,0,0,0,2,0,2,0,Standard,Standard,142.0,-0.15,1.048,,,3.401,-1.048,114.1,0,0,0.464,0.536,28,27,28,27,1,0,9.0,1.0,5.0,1.0,1.81,0.63,-0.63,,,,,,
CH,2019-08-26,78.7,3.48,5.95,"Judge, Aaron",592450,543548,force_out,hit_into_play,,,,,14.0,"Aaron Judge grounds into a force out, third baseman Kyle Seager to second baseman Dylan Moore.   DJ LeMahieu out at 2nd.    Aaron Judge to 1st.",R,R,L,SEA,NYY,X,5.0,ground_ball,3,2,2019,1.54,0.68,0.51,1.63,,,518934.0,1,4,Top,103.18,169.44,,,,,-9.22669405388236,-114.145445680571,-3.71949358316855,15.0942719529145,21.9661294050678,-25.7728935421229,3.95,1.89,37.0,80.3,1.0,78.1,1882.0,6.2,566438,553882,543592,664238,572122,641487,621005,641584,605480,54.33,0.253,0.244,0.0,1.0,0.0,0.0,2.0,32,6,Changeup,3,5,5,3,5,3,5,3,Standard,Standard,114.0,0.027,-0.403,,,0.304,0.403,88.0,-2,2,0.265,0.735,32,27,32,27,2,2,6.0,1.0,5.0,1.0,3.06,1.54,-1.54,,,,,,
CH,2019-08-26,80.4,3.38,6.06,"Judge, Aaron",592450,543548,single,hit_into_play,,,,,14.0,Aaron Judge singles on a soft ground ball to pitcher Tommy Milone.   DJ LeMahieu to 3rd.,R,R,L,SEA,NYY,X,1.0,ground_ball,1,1,2019,1.37,0.48,0.57,1.46,,518934.0,,2,2,Top,122.44,191.24,,,,,-8.7674391760218,-116.726874205672,-4.39190215159264,14.021965988036,20.9848568648327,-27.2629071272199,3.95,1.89,,90.3,-17.0,80.2,1783.0,6.2,566438,553882,543592,664238,572122,641487,621005,641584,542979,54.34,0.147,0.146,0.9,1.0,1.0,0.0,2.0,14,3,Changeup,0,4,4,0,4,0,4,0,Infield shift,Standard,109.0,-0.008,0.673,,,0.176,-0.673,90.3,-4,4,0.166,0.834,32,27,32,27,1,1,6.0,1.0,5.0,1.0,3.08,1.37,-1.37,,,,,,
CU,2019-08-25,73.7,1.18,6.52,"Judge, Aaron",592450,477132,home_run,hit_into_play,,,,,3.0,Aaron Judge homers (16) on a fly ball to center field.,R,R,L,LAD,NYY,X,,fly_ball,1,1,2019,-0.3,-1.35,0.46,3.58,,,,2,3,Top,168.36,33.06,,,,,-0.961033199813225,-107.215093716742,3.56738773467936,-2.1008562338377,18.3272024371086,-43.2365893620122,3.94,1.88,404.0,104.6,31.0,73.1,2506.0,5.8,565868,605131,607461,571970,457759,608369,592626,621035,641355,54.7,0.9,1.731,2.0,1.0,0.0,3.0,6.0,20,3,Curveball,1,1,1,1,2,1,2,1,Infield shift,Standard,347.0,-0.118,2.612,,,3.544,-2.612,104.6,0,0,0.544,0.4559999999999999,31,27,31,27,2,1,5.0,1.0,6.0,1.0,5.63,-0.3,0.3,,,,,,
FF,2019-08-25,96.4,-0.6,6.38,"Judge, Aaron",592450,520980,field_out,hit_into_play,,,,,4.0,Aaron Judge flies out sharply to center fielder A.  J. Pollock.,R,R,R,LAD,NYY,X,8.0,fly_ball,0,0,2019,-0.52,1.49,-0.34,2.96,,,518934.0,1,8,Top,156.66,45.88,,,,,1.83096030971245,-140.335262987897,-6.8849593332759,-7.19092470049736,30.0927441257639,-11.3653562953446,3.94,1.88,369.0,101.0,37.0,96.3,2394.0,6.1,565868,605131,607461,571970,457759,608369,621035,572041,641355,54.4,0.327,0.606,0.0,1.0,0.0,0.0,5.0,57,1,4-Seam Fastball,1,3,3,1,3,1,3,1,Infield shift,Standard,199.0,0.016,-0.273,,,1.24,0.273,101.0,-2,2,0.137,0.863,31,27,31,27,1,3,1.0,1.0,3.0,1.0,0.98,0.52,0.52,,,,,,
FF,2019-08-25,90.9,1.47,6.4,"Judge, Aaron",592450,477132,field_out,hit_into_play,,,,,5.0,Aaron Judge flies out to center fielder Chris Taylor.,R,R,L,LAD,NYY,X,8.0,fly_ball,0,0,2019,-0.04,1.67,-0.22,2.96,,,,0,1,Top,159.01,63.97,,,,,-4.12634317233047,-132.165904353323,-6.20733780669776,0.385601347403352,27.3047655046102,-11.7329741928927,3.89,2.03,329.0,89.4,32.0,90.5,2508.0,6.0,565868,605131,607461,571970,457759,608369,592626,621035,641355,54.47,0.053,0.067,0.0,1.0,0.0,0.0,3.0,2,1,4-Seam Fastball,0,1,1,0,1,0,1,0,Infield shift,Standard,181.0,0.02,-0.277,,,0.133,0.277,89.4,-1,1,0.404,0.596,31,27,31,27,1,0,5.0,1.0,6.0,1.0,1.12,-0.04,0.04,,,,,,
FF,2019-08-24,93.9,-0.98,6.34,"Judge, Aaron",592450,664062,home_run,hit_into_play,,,,,5.0,Aaron Judge homers (15) on a fly ball to center field.,R,R,R,LAD,NYY,X,,fly_ball,3,2,2019,-1.06,1.33,0.01,2.74,,,,0,4,Top,139.45,19.53,,,,,4.83071346059233,-136.472737174707,-6.42990342850927,-14.0777147420361,28.6880015738557,-14.6214673882468,3.97,1.99,424.0,108.5,24.0,93.2,2450.0,5.9,565867,669257,576397,571970,457759,621035,571771,572041,641355,54.64,1.0,1.922,2.0,1.0,0.0,3.0,6.0,26,6,4-Seam Fastball,2,0,0,2,1,2,1,2,Infield shift,Standard,218.0,-0.099,1.034,,,3.933,-1.034,108.5,2,-2,0.722,0.278,25,27,25,27,2,1,6.0,1.0,6.0,1.0,1.3,1.06,1.06,,,,,,
CH,2019-08-23,81.5,2.52,5.57,"Judge, Aaron",592450,547943,single,hit_into_play,,,,,14.0,Aaron Judge singles on a fly ball to right fielder Cody Bellinger.   DJ LeMahieu to 2nd.,R,R,L,LAD,NYY,X,9.0,fly_ball,2,2,2019,1.04,0.23,1.34,1.97,,,518934.0,0,5,Top,151.81,123.79,,,,,-4.75667376621063,-118.841308680236,-2.07661450900997,10.9745989518692,19.4082331412631,-29.728302692345,4.07,1.95,192.0,61.1,35.0,83.1,1477.0,6.9,565866,669257,571970,571771,457759,608369,621035,572041,641355,53.6,0.527,0.474,0.9,1.0,1.0,0.0,4.0,35,5,Changeup,1,2,2,1,2,1,2,1,Infield shift,Standard,103.0,-0.058,0.479,,,0.58,-0.479,88.0,-1,1,0.329,0.671,32,27,32,27,3,2,6.0,1.0,6.0,1.0,3.08,1.04,-1.04,,,,,,
CH,2019-08-23,80.8,2.58,5.6,"Judge, Aaron",592450,547943,home_run,hit_into_play,,,,,9.0,Aaron Judge homers (14) on a line drive to left center field.,R,R,L,LAD,NYY,X,,line_drive,1,2,2019,1.05,0.4,0.43,2.46,,,,1,3,Top,71.03,32.09,,,,,-6.90662127434155,-117.69705564573,-1.24028501942902,11.1452410072986,18.7834940280607,-28.3481726105442,4.05,1.98,414.0,108.9,20.0,82.3,1437.0,6.9,565866,669257,571970,571771,457759,608369,621035,572041,641355,53.62,0.933,1.499,2.0,1.0,0.0,3.0,6.0,18,4,Changeup,0,0,0,0,1,0,1,0,Strategic,Standard,111.0,-0.12,1.666,,,2.856,-1.666,108.9,0,0,0.53,0.47,32,27,32,27,2,1,6.0,1.0,6.0,1.0,2.98,1.05,-1.05,,,,,,
SI,2019-08-23,94.0,-1.26,5.76,"Judge, Aaron",592450,594987,single,hit_into_play,,,,,8.0,Aaron Judge singles on a line drive to left fielder Matt Beaty.   Mike Ford scores.,R,R,R,LAD,NYY,X,7.0,line_drive,0,1,2019,-1.35,0.79,0.06,1.98,,645801.0,,1,8,Top,98.87,86.54,,,,,6.39246994686568,-136.716729156155,-5.82495918277432,-18.3038961924105,28.9710381299447,-21.2351631122585,4.14,1.95,207.0,98.9,11.0,94.1,2313.0,6.3,565866,669257,571970,571771,431145,621035,607461,572041,592626,54.21,0.913,0.889,0.9,1.0,1.0,0.0,4.0,65,2,Sinker,2,8,8,2,9,2,9,2,Infield shift,Standard,240.0,-0.004,0.575,,,1.137,-0.575,98.9,-6,6,0.008,0.992,28,27,29,27,1,4,1.0,1.0,3.0,1.0,1.79,1.35,1.35,,,,,,
FF,2019-08-23,92.8,-3.0,5.05,"Judge, Aaron",592450,554340,field_out,hit_into_play,,,,,4.0,"Aaron Judge grounds out sharply, shortstop Corey Seager to first baseman Max Muncy.",R,R,R,LAD,NYY,X,6.0,ground_ball,0,0,2019,-0.28,0.85,-0.34,2.82,,,,1,6,Top,103.86,152.09,,,,,7.34931088786578,-135.03719546166,-1.79960882143777,-4.83760187848783,25.738993398815,-21.6945328883716,4.12,1.95,22.0,105.2,-6.0,92.5,2540.0,5.8,565866,669257,571970,571771,457759,608369,621035,572041,641355,54.69,0.34,0.328,0.0,1.0,0.0,0.0,2.0,48,1,4-Seam Fastball,1,7,7,1,7,1,7,1,Infield shift,Standard,198.0,0.002,-0.281,,,0.395,0.281,105.2,-6,6,0.029,0.971,28,27,29,27,1,3,1.0,1.0,3.0,1.0,1.82,0.28,0.28,,,,,,
SI,2019-08-22,93.0,-1.96,6.04,"Judge, Aaron",592450,543699,single,hit_into_play,,,,,9.0,Aaron Judge singles on a line drive to left fielder Robbie Grossman.,R,R,R,ATH,NYY,X,7.0,line_drive,3,1,2019,-0.95,1.13,0.42,2.39,,,,0,6,Top,80.34,71.75,,,,,8.05964668558612,-135.090934085454,-5.98368891333188,-13.1135645749565,26.6213168277858,-17.5460647964412,4.13,2.01,222.0,95.0,13.0,92.6,1951.0,5.9,566150,572033,621566,543377,656305,543760,543257,592192,572039,54.58,0.92,0.852,0.9,1.0,1.0,0.0,4.0,43,5,Sinker,5,1,1,5,1,5,1,5,Strategic,Standard,220.0,-0.019,0.274,,,1.071,-0.274,95.0,4,-4,0.906,0.0939999999999999,32,27,33,27,3,2,6.0,1.0,6.0,1.0,1.54,0.95,0.95,,,,,,
FF,2019-08-22,89.9,-2.02,5.99,"Judge, Aaron",592450,543699,field_out,hit_into_play,,,,,8.0,Aaron Judge lines out sharply to left fielder Robbie Grossman.,R,R,R,ATH,NYY,X,7.0,line_drive,0,0,2019,-0.19,1.0,0.24,2.06,,,,2,3,Top,73.43,77.33,,,,,5.96407060790823,-130.806908790004,-5.87832177984074,-3.32778047976472,24.7949237191029,-19.8448139271496,4.1,2.03,313.0,104.7,15.0,89.9,2218.0,6.1,566150,572033,621566,543377,656305,543760,543257,592192,572039,54.42,0.607,0.644,0.0,1.0,0.0,0.0,5.0,21,1,4-Seam Fastball,3,0,0,3,0,3,0,3,Standard,Standard,191.0,0.008,-0.298,,,0.996,0.298,104.7,3,-3,0.831,0.169,32,27,33,27,2,1,6.0,1.0,6.0,1.0,1.83,0.19,0.19,,,,,,
SI,2019-08-22,93.6,-2.12,6.11,"Judge, Aaron",592450,543699,double,hit_into_play,,,,,9.0,Aaron Judge doubles (13) on a sharp line drive to center fielder Mark Canha.,R,R,R,ATH,NYY,X,8.0,line_drive,2,0,2019,-1.21,1.19,0.28,2.37,,,,1,1,Top,184.19,57.16,,,,,8.74912109420723,-136.004007252653,-6.49563336714628,-16.7102453803795,26.5207551037173,-16.4213178491366,4.06,1.97,184.0,112.2,7.0,93.4,2023.0,6.0,566150,572033,621566,543377,656305,543760,543257,592192,572039,54.51,0.747,0.71,1.25,1.0,1.0,1.0,5.0,2,3,Sinker,0,0,0,0,0,0,0,0,Standard,Standard,226.0,-0.034,0.549,,,0.913,-0.549,112.2,0,0,0.515,0.485,32,27,33,27,1,0,6.0,1.0,6.0,1.0,1.43,1.21,1.21,,,,,,
SL,2019-08-21,82.5,-1.38,6.27,"Judge, Aaron",592450,571666,field_out,hit_into_play,,,,,7.0,"Aaron Judge grounds out, third baseman Matt Chapman to first baseman Matt Olson.",R,R,R,ATH,NYY,X,5.0,ground_ball,2,1,2019,0.55,0.11,-0.55,2.25,,,,2,5,Top,96.82,166.88,,,,,0.837004174532847,-120.09878230624,-2.84394608374196,5.06101679369835,22.0500221084232,-30.8650285326068,3.94,1.88,2.0,62.6,-45.0,81.6,2484.0,5.5,566149,572033,621566,595777,656305,543760,640461,592192,572039,54.96,0.107,0.114,0.0,1.0,0.0,0.0,2.0,36,4,Slider,4,1,1,4,1,4,1,4,Standard,Standard,101.0,0.01,-0.343,,,0.107,0.343,88.0,3,-3,0.874,0.126,34,27,34,27,3,2,6.0,1.0,6.0,1.0,3.32,-0.55,-0.55,,,,,,
SI,2019-08-21,90.9,-1.41,6.17,"Judge, Aaron",592450,571666,field_out,hit_into_play,,,,,11.0,"Aaron Judge grounds out softly, shortstop Marcus Semien to first baseman Matt Olson.",R,R,R,ATH,NYY,X,6.0,ground_ball,0,1,2019,-1.06,1.15,-1.19,4.0,,,,1,3,Top,125.73,160.04,,,,,2.72599063235416,-132.341768712145,-1.95473811886786,-12.7024690165489,25.7516050090962,-18.8252069689356,3.24,1.59,51.0,46.6,7.0,90.1,2239.0,5.6,566149,572033,621566,595777,656305,543760,640461,592192,572039,54.93,0.14,0.178,0.0,1.0,0.0,0.0,1.0,19,2,Sinker,2,1,1,2,1,2,1,2,Standard,Standard,223.0,0.016,-0.233,,,0.14,0.233,88.0,1,-1,0.641,0.359,34,27,34,27,2,1,6.0,1.0,6.0,1.0,1.67,1.06,1.06,,,,,,
FF,2019-08-21,90.0,-1.28,6.41,"Judge, Aaron",592450,571666,field_out,hit_into_play,,,,,4.0,"Aaron Judge grounds out sharply, third baseman Matt Chapman to first baseman Matt Olson.",R,R,R,ATH,NYY,X,5.0,ground_ball,0,0,2019,-0.66,1.46,-0.46,2.66,,,,1,1,Top,98.35,163.32,,,,,3.36549837499301,-130.823693505181,-6.32715819943107,-8.16466501842047,27.0818716061173,-14.5581487053664,3.94,1.88,26.0,103.1,-4.0,89.5,2258.0,6.0,566149,572033,621566,595777,656305,543760,640461,592192,572039,54.51,0.293,0.311,0.0,1.0,0.0,0.0,2.0,2,1,4-Seam Fastball,0,0,0,0,0,0,0,0,Standard,Standard,204.0,0.016,-0.281,,,0.293,0.281,103.1,0,0,0.522,0.478,34,27,34,27,1,0,6.0,1.0,6.0,1.0,1.4,0.66,0.66,,,,,,
FF,2019-08-20,93.9,-2.01,6.44,"Judge, Aaron",592450,456701,field_out,hit_into_play,,,,,9.0,Aaron Judge flies out to right fielder Stephen Piscotty.,R,R,R,ATH,NYY,X,9.0,fly_ball,2,0,2019,-0.64,1.44,0.53,2.31,,,518934.0,0,3,Top,175.2,115.49,,,,,8.04249891629468,-136.504587029098,-8.25160114738744,-9.77030441029886,28.1514762619248,-12.4331640270013,3.91,1.87,231.0,76.1,43.0,94.6,2234.0,6.6,566148,543302,621566,543377,656305,543760,543257,592192,572039,53.89,0.093,0.086,0.0,1.0,0.0,0.0,3.0,21,3,4-Seam Fastball,4,1,1,4,1,4,1,4,Standard,Standard,204.0,0.052,-0.386,,,0.115,0.386,88.0,3,-3,0.74,0.26,33,27,33,27,2,1,6.0,2.0,6.0,1.0,1.12,0.64,0.64,,,,,,
FF,2019-08-20,90.0,-2.05,6.01,"Judge, Aaron",592450,465657,home_run,hit_into_play,,,,,5.0,Aaron Judge homers (13) on a fly ball to left center field.,R,R,R,ATH,NYY,X,,fly_ball,1,0,2019,-0.37,1.68,-0.26,3.13,,,,0,8,Top,40.07,19.15,,,,,5.23732063490643,-130.898723867003,-4.756674560512,-5.39946931955824,27.6243357716271,-12.0363171184423,3.91,1.87,467.0,116.0,24.0,90.0,2290.0,6.3,566148,543302,621566,543377,656305,543760,543257,592192,572039,54.16,1.0,1.93,2.0,1.0,0.0,3.0,6.0,60,2,4-Seam Fastball,6,1,1,6,2,6,2,6,Standard,Standard,192.0,-0.017,1.073,,,3.965,-1.073,116.0,5,-5,0.981,0.019,35,27,35,27,1,3,4.0,2.0,2.0,1.0,1.14,0.37,0.37,,,,,,
FF,2019-08-18,96.7,-1.48,5.61,"Judge, Aaron",592450,605182,field_out,hit_into_play,,,,,11.0,Aaron Judge lines out sharply to left fielder Oscar Mercado.,R,R,R,NYY,CLE,X,7.0,line_drive,2,2,2019,-0.73,1.43,-0.44,3.75,,,,2,5,Bot,78.4,76.36,,,,,4.47792255163869,-140.884646945383,-2.74262421507782,-10.7898470122621,30.8988191048059,-12.4363540571008,3.44,1.6,312.0,101.6,17.0,97.6,2658.0,6.6,567524,547379,467793,543401,502273,596019,640458,656185,624577,53.86,0.54,0.62,0.0,1.0,0.0,0.0,5.0,46,5,4-Seam Fastball,0,5,0,5,5,0,0,5,Standard,Standard,207.0,-0.004,-0.258,,,0.953,0.258,101.6,-5,-5,0.052,0.052,28,27,29,27,3,2,5.0,2.0,6.0,2.0,0.97,0.73,0.73,,,,,,
FF,2019-08-18,97.6,-1.54,5.46,"Judge, Aaron",592450,605182,single,hit_into_play,,,,,8.0,Aaron Judge singles on a sharp ground ball to center fielder Greg Allen.,R,R,R,NYY,CLE,X,8.0,ground_ball,0,0,2019,-0.66,1.52,-0.22,1.81,,,,1,3,Bot,137.25,87.2,,,,,5.13420218905633,-142.05605940319,-7.9570222053482,-10.1634494651307,29.5213340741511,-9.73086163917492,3.92,1.88,89.0,104.9,4.0,98.7,2537.0,6.7,567524,547379,467793,543401,502273,596019,640458,656185,624577,53.83,0.593,0.565,0.9,1.0,1.0,0.0,4.0,28,1,4-Seam Fastball,0,4,0,4,4,0,0,4,Standard,Standard,203.0,0.022,0.427,,,0.709,-0.427,104.9,-4,-4,0.144,0.144,28,27,29,27,2,1,5.0,2.0,6.0,2.0,0.83,0.66,0.66,,,,,,
FF,2019-08-18,95.4,2.47,6.11,"Judge, Aaron",592450,543272,double,hit_into_play,,,,,7.0,Aaron Judge doubles (12) on a sharp line drive to left fielder Oscar Mercado. Mike Tauchman scores. DJ LeMahieu to 3rd.,R,R,L,NYY,CLE,X,7.0,line_drive,3,2,2019,0.74,1.51,-0.73,2.48,,643565.0,518934.0,1,9,Bot,42.03,81.82,,,,,-9.82211907829578,-138.245330812104,-6.98194410756243,11.3592449689064,31.1197914001272,-12.1676503986063,3.92,1.88,339.0,100.6,23.0,93.5,2487.0,5.4,567524,547379,467793,543401,502273,596019,640458,656185,571980,55.09,0.68,1.059,1.25,1.0,1.0,1.0,6.0,81,6,4-Seam Fastball,3,8,3,8,8,4,4,8,Standard,Standard,154.0,0.04,0.735,,,1.942,-0.735,100.6,-5,-5,0.023,0.023,29,27,29,27,1,4,6.0,2.0,3.0,2.0,1.11,0.74,-0.74,,,,,,
SI,2019-08-16,92.7,-1.47,5.82,"Judge, Aaron",592450,650644,double,hit_into_play,,,,,2.0,Aaron Judge doubles (11) on a line drive to right fielder Yasiel Puig.,R,R,R,NYY,CLE,X,9.0,line_drive,0,0,2019,-1.2,0.66,-0.2,3.58,,,,2,5,Bot,208.18,112.16,,,,,5.73060534491309,-134.792937934329,-1.34876842869884,-15.5500332895092,27.1203031827265,-24.2228474126001,3.94,1.89,283.0,91.8,23.0,91.8,2230.0,5.6,567522,547379,467793,543401,608070,596019,571980,656185,624577,54.87,0.213,0.263,1.25,1.0,1.0,1.0,3.0,37,1,Sinker,2,1,2,1,1,2,2,1,Strategic,Standard,241.0,0.023,0.596,,,0.419,-0.596,91.8,1,1,0.671,0.671,24,27,24,27,3,2,5.0,1.0,6.0,2.0,2.05,1.2,1.2,,,,,,
SI,2019-08-16,93.7,-1.35,5.87,"Judge, Aaron",592450,650644,field_out,hit_into_play,,,,,2.0,Aaron Judge lines out sharply to right fielder Yasiel Puig.,R,R,R,NYY,CLE,X,9.0,line_drive,3,2,2019,-1.0,1.01,-0.08,3.94,,,,0,3,Bot,186.32,84.31,,,,,5.32081972204947,-136.324743562826,-1.46063551741806,-13.1897741202662,26.9091991260004,-19.794483074367,4.03,1.89,308.0,103.2,17.0,92.7,2330.0,5.5,567522,547379,467793,543401,608070,596019,571980,656185,624577,55.04,0.473,0.492,0.0,1.0,0.0,0.0,5.0,21,6,Sinker,2,1,2,1,1,2,2,1,Strategic,Standard,225.0,-0.026,-0.357,,,0.768,0.357,103.2,1,1,0.674,0.674,24,27,24,27,2,1,5.0,1.0,6.0,2.0,1.65,1.0,1.0,,,,,,
FC,2019-08-16,88.5,-1.2,6.13,"Judge, Aaron",592450,650644,single,hit_into_play,,,,,8.0,Aaron Judge singles on a sharp line drive to left fielder Tyler Naquin.,R,R,R,NYY,CLE,X,7.0,line_drive,2,1,2019,0.49,0.9,0.24,2.01,,,,1,1,Bot,77.01,84.0,,,,,2.48950369654411,-128.853370640846,-5.83868830811802,4.91007289909465,23.0671461818247,-21.4633473916016,3.43,1.64,237.0,104.9,11.0,87.9,2654.0,5.6,567522,547379,467793,543401,608070,596019,571980,656185,624577,54.93,0.907,0.879,0.9,1.0,1.0,0.0,4.0,5,4,Cutter,0,0,0,0,0,0,0,0,Strategic,Strategic,152.0,0.022,0.378,,,1.134,-0.378,104.9,0,0,0.529,0.529,24,27,24,27,1,0,5.0,1.0,6.0,2.0,2.06,-0.49,-0.49,,,,,,
FF,2019-08-15,92.3,-1.54,6.16,"Judge, Aaron",592450,592644,field_out,hit_into_play,,,,,9.0,"Aaron Judge grounds out, pitcher Adam Plutko to second baseman Jason Kipnis to first baseman Carlos Santana.",R,R,R,NYY,CLE,X,1.0,ground_ball,2,2,2019,0.01,1.36,0.63,2.05,,,645801.0,2,2,Bot,144.36,147.14,,,,,5.43638052220882,-134.185437358839,-7.55910524197982,-0.908259115189794,25.7382346594115,-14.6011288593563,3.96,1.87,8.0,89.4,-13.0,92.1,2244.0,6.0,567521,547379,467793,543401,608070,596019,571980,656185,624577,54.52,0.113,0.134,0.0,1.0,0.0,0.0,2.0,26,5,4-Seam Fastball,1,9,1,9,9,1,1,9,Strategic,Standard,180.0,-0.005,-0.229,,,0.118,0.229,89.4,-8,-8,0.029,0.029,27,27,28,27,2,1,5.0,1.0,6.0,1.0,1.33,-0.01,-0.01,,,,,,
SI,2019-08-14,91.9,-2.48,6.39,"Judge, Aaron",592450,605164,force_out,hit_into_play,,,,,13.0,"Aaron Judge grounds into a force out, shortstop Richie Martin to second baseman Jonathan Villar.   Brett Gardner out at 2nd.    Aaron Judge to 1st.",R,R,R,NYY,BAL,X,6.0,ground_ball,0,0,2019,-1.09,1.17,-1.21,2.69,,,458731.0,0,1,Bot,104.74,151.71,,,,,5.38975072840498,-133.596499359619,-5.92799107202969,-13.76959096076,26.2819154770072,-17.5525386416664,3.89,1.88,8.0,85.7,-17.0,90.9,2154.0,5.5,567520,600474,641820,542340,593643,621006,607054,592859,623993,54.97,0.053,0.054,0.0,1.0,0.0,0.0,2.0,9,1,Sinker,0,1,0,1,1,0,0,1,Infield shift,Standard,223.0,-0.036,-0.374,,,0.064,0.374,88.0,-1,-1,0.486,0.486,26,27,27,27,1,0,5.0,1.0,6.0,1.0,1.6,1.09,1.09,,,,,,
CH,2019-08-13,80.1,0.87,6.41,"Judge, Aaron",592450,607644,double,hit_into_play,,,,,8.0,Aaron Judge doubles (10) on a line drive to left fielder Jace Peterson.   Austin Romine scores.    Mike Tauchman scores.,R,R,L,NYY,BAL,X,7.0,line_drive,2,0,2019,1.16,1.47,0.0,2.19,,519222.0,643565.0,2,4,Bot,46.28,111.08,,,,,-4.06771630164906,-116.507387022613,-5.31602847678255,11.2085257737687,21.5024840627864,-18.1983103021311,3.87,1.93,279.0,98.3,20.0,79.7,2215.0,6.0,567519,642082,600524,593643,547004,542340,607054,592859,623993,54.49,0.387,0.477,1.25,1.0,1.0,1.0,4.0,35,3,Changeup,3,1,3,1,1,5,5,1,Infield shift,Standard,142.0,0.121,0.889,,,0.769,-0.889,98.3,2,2,0.787,0.787,26,27,26,27,3,2,6.0,1.0,6.0,1.0,2.13,1.16,-1.16,,,,,,
SL,2019-08-13,85.2,-1.82,5.63,"Judge, Aaron",592450,605469,field_out,hit_into_play,,,,,5.0,Aaron Judge lines out sharply to center fielder Stevie Wilkerson.,R,R,R,NYY,BAL,X,8.0,line_drive,0,0,2019,0.57,0.46,0.22,2.68,519222.0,643565.0,518934.0,2,7,Bot,136.24,44.58,,,,,3.65081494554886,-124.165342346971,-1.59294156080925,5.26899907427718,23.5577261763168,-27.3141382483475,3.95,1.95,365.0,105.4,19.0,85.7,2080.0,6.4,567519,642082,600524,593643,547004,542340,607054,592859,623993,54.11,0.68,0.922,0.0,1.0,0.0,0.0,6.0,64,1,Slider,8,2,8,2,2,8,8,2,Infield shift,Standard,129.0,-0.002,-0.267,,,1.568,0.267,105.4,6,6,0.994,0.994,26,27,27,27,2,4,,1.0,25.0,1.0,2.66,-0.57,-0.57,,,,,,
FF,2019-08-13,92.7,0.65,6.55,"Judge, Aaron",592450,607644,field_out,hit_into_play,,,,,4.0,"Aaron Judge grounds out, second baseman Hanser Alberto to first baseman Renato Nunez.",R,R,L,NYY,BAL,X,4.0,ground_ball,2,2,2019,0.46,1.59,-0.39,2.76,,,,0,3,Bot,115.17,130.41,,,,,-3.58903414107414,-134.755202476323,-7.21404061263399,6.30388263373734,30.0197095853574,-11.7414296524871,3.79,1.86,110.0,93.1,6.0,91.8,2389.0,5.9,567519,642082,600524,593643,547004,542340,607054,592859,623993,54.63,0.52,0.479,0.0,1.0,0.0,0.0,4.0,22,5,4-Seam Fastball,3,0,3,0,0,3,3,0,Infield shift,Standard,164.0,-0.01,-0.242,,,0.578,0.242,93.1,3,3,0.838,0.838,26,27,26,27,2,1,6.0,1.0,6.0,1.0,1.12,0.46,-0.46,,,,,,
FF,2019-08-13,92.8,0.88,6.57,"Judge, Aaron",592450,607644,field_out,hit_into_play,,,,,7.0,"Aaron Judge grounds out sharply, third baseman Rio Ruiz to first baseman Renato Nunez.",R,R,L,NYY,BAL,X,5.0,ground_ball,3,0,2019,0.71,1.44,-0.33,2.3,,,,0,1,Bot,100.16,173.56,,,,,-4.52557921755521,-134.890539797691,-8.14169564381596,9.31732651668642,25.3322074233242,-13.5408148524671,3.85,1.91,98.0,115.3,3.0,92.0,2443.0,5.6,567519,642082,600524,593643,547004,542340,607054,592859,623993,54.94,0.647,0.583,0.0,1.0,0.0,0.0,4.0,5,4,4-Seam Fastball,1,0,1,0,0,1,1,0,Infield shift,Standard,154.0,-0.038,-0.546,,,0.715,0.546,115.3,1,1,0.664,0.664,26,27,26,27,1,0,6.0,1.0,6.0,1.0,1.26,0.71,-0.71,,,,,,
CU,2019-08-12,77.5,-1.08,5.49,"Judge, Aaron",592450,664045,field_out,hit_into_play,,,,,9.0,Aaron Judge lines out to right fielder Trey Mancini.,R,R,R,NYY,BAL,X,9.0,line_drive,0,1,2019,0.41,-0.74,0.58,2.13,,,518934.0,1,8,Bot,171.14,68.48,,,,,2.78909815474013,-112.732010616567,1.07868929347004,2.97253030929154,20.2491155390454,-38.8535047518693,3.92,1.87,327.0,89.6,26.0,77.0,1992.0,5.9,567518,642082,448801,593643,547004,542340,607054,623993,641820,54.61,0.12,0.129,0.0,1.0,0.0,0.0,3.0,69,2,Curveball,11,6,11,6,6,11,11,6,Infield shift,Standard,29.0,-0.001,-0.227,,,0.221,0.227,89.6,5,5,0.995,0.995,25,27,25,27,2,4,2.0,1.0,4.0,1.0,4.6,-0.41,-0.41,,,,,,
CH,2019-08-12,81.0,2.69,6.45,"Judge, Aaron",592450,621389,field_out,hit_into_play,,,,,6.0,Aaron Judge flies out to center fielder Anthony Santander.,R,R,L,NYY,BAL,X,8.0,fly_ball,2,1,2019,1.3,0.61,0.32,2.38,,,518934.0,0,1,Bot,123.85,50.35,,,,,-7.29486308354156,-117.378562831287,-3.36785749551114,12.6124769985186,22.2026963324768,-26.5995955223992,3.45,1.65,351.0,96.8,39.0,78.1,1911.0,4.5,567518,642082,448801,593643,547004,542340,607054,623993,641820,56.04,0.147,0.269,0.0,1.0,0.0,0.0,3.0,5,4,Changeup,0,0,0,0,0,0,0,0,Infield shift,Standard,115.0,-0.037,-0.315,,,0.522,0.315,96.8,0,0,0.588,0.588,28,27,29,27,1,0,23.0,1.0,6.0,1.0,3.14,1.3,-1.3,,,,,,
CH,2019-08-12,80.4,-1.28,5.46,"Judge, Aaron",592450,664045,fielders_choice_out,hit_into_play,,,,,14.0,"Aaron Judge reaches on a fielder's choice out, third baseman Rio Ruiz to catcher Chance Sisco.   Breyvic Valera out at home.    DJ LeMahieu to 2nd.",R,R,R,NYY,BAL,X,5.0,ground_ball,2,2,2019,-0.49,0.59,0.46,1.72,591971.0,,518934.0,0,6,Bot,104.74,167.97,,,,,4.78701643603751,-117.137728669021,-2.82268727880296,-5.35019300932893,20.0664572312338,-26.4172971924624,3.92,1.87,11.0,75.8,-9.0,80.9,1185.0,6.4,567518,642082,448801,593643,547004,542340,607054,623993,641820,54.13,0.047,0.057,0.0,1.0,0.0,0.0,2.0,51,6,Changeup,8,3,8,3,3,8,8,3,Infield shift,Standard,220.0,-0.007,-0.285,,,0.047,0.285,88.0,5,5,0.985,0.985,25,27,25,27,1,3,2.0,1.0,4.0,1.0,2.9,0.49,0.49,,,,,,
FC,2019-08-11,88.3,-1.33,5.14,"Judge, Aaron",592450,663423,single,hit_into_play,,,,,8.0,"Yankees challenged (play at 1st), call on the field was overturned: Aaron Judge singles on a soft ground ball to pitcher Trent Thornton.   DJ LeMahieu to 2nd.",R,R,R,TOR,NYY,X,1.0,ground_ball,3,1,2019,0.14,0.44,-0.25,2.05,,,518934.0,1,6,Top,132.71,192.77,,,,,2.32716615826173,-128.590243976576,-2.41000911389407,1.16303001855263,21.9622963526713,-27.1912737547905,3.9,1.88,,90.3,-17.0,88.0,2776.0,5.7,566921,624512,475253,520471,592273,666182,605233,606192,545341,54.82,0.147,0.146,0.9,1.0,1.0,0.0,2.0,36,5,Cutter,0,1,1,0,1,0,1,0,Standard,Strategic,162.0,-0.023,0.299,,,0.176,-0.299,90.3,-1,1,0.322,0.6779999999999999,25,27,26,27,3,2,5.0,1.0,6.0,1.0,2.51,-0.14,-0.14,,,,,,
SL,2019-08-11,84.6,-1.11,5.43,"Judge, Aaron",592450,543208,field_out,hit_into_play,,,,,9.0,Aaron Judge flies out to right fielder Randal Grichuk.,R,R,R,TOR,NYY,X,9.0,fly_ball,2,1,2019,0.36,0.28,0.39,2.16,,,,0,9,Top,191.82,101.55,,,,,2.80257730813828,-123.442156349853,-1.97795512143192,3.29699263088241,20.262091723782,-29.1568621764276,3.96,1.87,278.0,94.6,50.0,85.7,2309.0,6.5,566921,624512,475253,520471,592273,666182,605233,606192,545341,54.04,0.007,0.007,0.0,1.0,0.0,0.0,3.0,54,4,Slider,0,1,1,0,1,0,1,0,Standard,Standard,128.0,0.018,-0.323,,,0.012,0.323,94.6,-1,1,0.163,0.837,29,27,29,27,1,3,5.0,1.0,6.0,1.0,2.84,-0.36,-0.36,,,,,,
FC,2019-08-11,90.4,-1.76,5.04,"Judge, Aaron",592450,663423,field_out,hit_into_play,,,,,8.0,"Aaron Judge grounds out, second baseman Freddy Galvis to first baseman Justin Smoak.",R,R,R,TOR,NYY,X,4.0,ground_ball,3,1,2019,0.02,0.63,0.11,2.29,,,,1,1,Top,150.88,154.01,,,,,4.57684489257086,-131.7105024011,-2.32663465709497,-0.498461688546605,22.2598575321815,-24.6924549250006,3.91,1.94,64.0,78.7,4.0,90.1,2740.0,5.6,566921,624512,475253,520471,592273,666182,605233,606192,545341,54.89,0.233,0.236,0.0,1.0,0.0,0.0,2.0,2,5,Cutter,0,0,0,0,0,0,0,0,Standard,Strategic,178.0,0.026,-0.462,,,0.25,0.462,88.0,0,0,0.512,0.488,25,27,26,27,1,0,5.0,1.0,6.0,1.0,2.18,-0.02,-0.02,,,,,,
SL,2019-08-10,86.2,-0.97,6.19,"Judge, Aaron",592450,621097,single,hit_into_play,,,,,9.0,Aaron Judge singles on a sharp line drive to left fielder Derek Fisher.,R,R,R,TOR,NYY,X,7.0,line_drive,1,2,2019,0.59,0.21,0.43,2.34,,,,0,6,Top,84.32,61.31,,,,,2.13968974496917,-125.569368881984,-3.39043160280162,5.82849138731474,24.3517535646874,-29.4705207619573,4.1,1.92,231.0,102.7,11.0,86.4,2089.0,6.3,566920,643376,475253,624415,665489,520471,605233,606192,545341,54.24,0.913,0.889,0.9,1.0,1.0,0.0,4.0,43,5,Slider,3,1,1,3,1,3,1,3,Standard,Strategic,110.0,-0.063,0.537,,,1.121,-0.537,102.7,2,-2,0.787,0.2129999999999999,25,27,26,27,2,2,5.0,1.0,6.0,1.0,2.85,-0.59,-0.59,,,,,,
SI,2019-08-10,89.8,-0.74,6.33,"Judge, Aaron",592450,621097,field_out,hit_into_play,,,,,13.0,"Aaron Judge grounds out, third baseman Vladimir Guerrero Jr.  to first baseman Justin Smoak.",R,R,R,TOR,NYY,X,5.0,ground_ball,2,1,2019,-1.05,1.24,-0.98,2.99,,,,0,4,Top,98.11,167.59,,,,,1.63802238341507,-130.68749367633,-4.91176705274548,-12.4174447605873,27.3861350672039,-17.1231905636672,4.06,1.94,8.0,82.9,-22.0,89.9,1890.0,6.3,566920,643376,475253,624415,665489,520471,605233,606192,545341,54.19,0.073,0.071,0.0,1.0,0.0,0.0,2.0,24,4,Sinker,0,0,0,0,0,0,0,0,Standard,Standard,220.0,0.031,-0.323,,,0.077,0.323,88.0,0,0,0.496,0.504,25,27,26,27,1,1,5.0,1.0,6.0,1.0,1.59,1.05,1.05,,,,,,
FF,2019-08-10,96.2,-2.39,6.53,"Judge, Aaron",592450,521655,field_out,hit_into_play,,,,,4.0,Aaron Judge flies out sharply to center fielder Teoscar Hernandez.,R,R,R,TOR,NYY,X,8.0,fly_ball,3,2,2019,-0.22,1.42,-0.54,3.27,,,,1,1,Top,150.19,43.76,,,,,5.52130218885379,-140.015278779604,-6.46717297003851,-4.28088375653171,34.3433726066563,-11.6005612183691,4.05,1.99,370.0,104.0,39.0,97.7,2401.0,7.3,566920,643376,475253,624415,665489,520471,605233,606192,545341,53.16,0.5,0.962,0.0,1.0,0.0,0.0,6.0,2,6,4-Seam Fastball,0,0,0,0,0,0,0,0,Standard,Strategic,189.0,0.02,-0.366,,,1.944,0.366,104.0,0,0,0.518,0.482,29,27,29,27,1,0,3.0,1.0,3.0,1.0,0.98,0.22,0.22,,,,,,
CH,2019-08-08,81.1,2.36,5.02,"Judge, Aaron",592450,623381,field_out,hit_into_play,,,,,8.0,"Aaron Judge grounds out softly, catcher Reese McGuire to first baseman Justin Smoak.   Breyvic Valera to 3rd.    DJ LeMahieu to 2nd.",R,R,L,TOR,NYY,X,2.0,ground_ball,1,1,2019,1.21,0.84,0.16,2.05,,591971.0,518934.0,0,3,Top,126.66,197.62,,,,,-7.09635689396898,-117.588670880528,-1.40338474473148,12.4573272052836,26.4675607934591,-24.6266684282141,3.92,1.86,,82.9,-21.0,79.5,1782.0,5.8,566918,624512,475253,624415,665489,666182,666971,605233,545341,54.73,0.073,0.068,0.0,1.0,0.0,0.0,2.0,18,3,Changeup,0,2,2,0,2,0,2,0,Standard,Strategic,125.0,-0.002,-0.317,,,0.073,0.317,88.0,-2,2,0.222,0.778,25,27,25,27,2,1,5.0,1.0,5.0,1.0,2.78,1.21,-1.21,,,,,,
FF,2019-08-08,95.0,-2.27,5.74,"Judge, Aaron",592450,592094,field_out,hit_into_play,,,,,5.0,Aaron Judge flies out to right fielder Randal Grichuk.,R,R,R,TOR,NYY,X,9.0,fly_ball,3,0,2019,-0.83,1.45,-0.2,2.91,519222.0,,645801.0,2,8,Top,193.03,114.69,,,,,7.28428307153045,-138.178350164276,-5.02837685878539,-12.2168251139839,30.0251480558589,-12.6566219377345,3.5,1.64,256.0,90.7,52.0,95.2,2571.0,6.4,566918,624512,475253,624415,665489,666182,666971,605233,545341,54.14,0.013,0.016,0.0,1.0,0.0,0.0,3.0,72,4,4-Seam Fastball,5,10,10,5,10,5,10,5,Standard,Strategic,210.0,0.005,-0.412,,,0.023,0.412,90.7,-5,5,0.017,0.983,27,27,28,27,2,4,2.0,1.0,2.0,1.0,1.07,0.83,0.83,,,,,,
SI,2019-08-08,90.5,-1.27,5.92,"Judge, Aaron",592450,643327,field_out,hit_into_play,,,,,2.0,Aaron Judge flies out to right fielder Randal Grichuk.,R,R,R,TOR,NYY,X,9.0,fly_ball,2,2,2019,-1.29,0.48,0.05,2.97,,,,2,4,Top,198.46,69.77,,,,,5.80979121382499,-131.513787811383,-2.32885077347636,-15.6142416894393,28.493390217619,-26.5537739148286,3.51,1.68,349.0,96.6,29.0,88.7,2288.0,5.3,566918,624512,475253,624415,665489,666182,666971,605233,545341,55.22,0.347,0.589,0.0,1.0,0.0,0.0,5.0,32,5,Sinker,0,8,8,0,8,0,8,0,Standard,Strategic,249.0,0.001,-0.258,,,1.16,0.258,96.6,-8,8,0.02,0.98,29,27,29,27,1,2,5.0,1.0,6.0,1.0,2.42,1.29,1.29,,,,,,
CH,2019-08-08,82.5,2.19,5.16,"Judge, Aaron",592450,623381,field_out,hit_into_play,,,,,6.0,Aaron Judge flies out to center fielder Derek Fisher.   DJ LeMahieu to 3rd.,R,R,L,TOR,NYY,X,8.0,fly_ball,3,1,2019,1.4,0.86,0.76,2.7,,518934.0,,0,1,Top,158.58,45.1,,,,,-5.87007136971603,-119.784256014422,-0.626881598636731,14.4284742011312,25.8773858064297,-24.2376468216229,3.92,1.86,370.0,97.2,29.0,81.4,1835.0,5.9,566918,624512,475253,624415,665489,666182,666971,605233,545341,54.57,0.347,0.589,0.0,1.0,0.0,0.0,5.0,2,5,Changeup,0,0,0,0,0,0,0,0,Standard,Strategic,122.0,0.025,-0.419,,,1.16,0.419,97.2,0,0,0.429,0.571,25,27,25,27,1,0,5.0,1.0,5.0,1.0,2.59,1.4,-1.4,,,,,,
FF,2019-08-08,94.5,-2.12,5.77,"Judge, Aaron",592450,592094,field_out,hit_into_play,,,,,5.0,Aaron Judge pops out to second baseman Cavan Biggio.,R,R,R,TOR,NYY,X,4.0,popup,3,1,2019,-0.64,1.36,-0.27,3.13,,,518934.0,1,6,Top,171.48,143.11,,,,,6.27393699629887,-137.416226410392,-4.19533477756655,-9.56985740372517,32.7639056486762,-14.2299752343055,3.92,1.86,,80.0,69.0,94.5,2560.0,6.5,566918,624512,475253,624415,665489,666182,666971,605233,545341,53.98,0.0,0.0,0.0,1.0,0.0,0.0,3.0,54,5,4-Seam Fastball,4,10,10,4,10,4,10,4,Standard,Strategic,205.0,0.005,-0.412,,,0.0,0.412,88.0,-6,6,0.025,0.975,27,27,28,27,1,3,2.0,1.0,2.0,1.0,1.2,0.64,0.64,,,,,,
CH,2019-08-07,79.3,1.02,6.51,"Judge, Aaron",592450,607644,field_out,hit_into_play,,,,,7.0,Aaron Judge pops out to first baseman Chris Davis in foul territory.,R,R,L,BAL,NYY,X,3.0,popup,0,0,2019,0.93,1.72,-0.51,2.39,,,,0,4,Top,155.53,190.83,,,,,-4.94851946525857,-115.296079142815,-5.28937633973584,8.98337668655164,19.8971331505386,-16.5047577294204,3.91,1.87,138.0,74.3,79.0,78.3,2312.0,5.5,564987,600474,448801,542340,600524,621006,593643,592859,641820,55.02,0.007,0.008,0.0,1.0,0.0,0.0,3.0,21,1,Changeup,0,0,0,0,0,0,0,0,Infield shift,Standard,152.0,0.027,-0.277,,,0.009,0.277,88.0,0,0,0.5,0.5,26,27,26,27,2,1,14.0,1.0,6.0,1.0,2.0,0.93,-0.93,,,,,,
SI,2019-08-07,93.8,-3.32,5.77,"Judge, Aaron",592450,605463,single,hit_into_play,,,,,8.0,Aaron Judge singles on a line drive to center fielder Stevie Wilkerson.   DJ LeMahieu scores.,R,R,R,BAL,NYY,X,8.0,line_drive,3,1,2019,-1.49,0.87,-0.19,1.99,,518934.0,,1,6,Top,107.54,81.25,,,,,11.0554650020691,-135.90430260954,-5.7824550923374,-20.3579168143788,28.6114853207931,-20.7659048708306,3.91,1.87,284.0,93.7,15.0,92.2,2284.0,5.5,564987,600474,600524,542340,593643,621006,607054,592859,641820,55.01,0.793,0.735,0.9,1.0,1.0,0.0,4.0,47,5,Sinker,1,7,7,1,8,1,8,1,Infield shift,Standard,240.0,-0.009,0.417,,,0.946,-0.417,93.7,-6,6,0.024,0.976,27,27,27,27,1,3,1.0,1.0,3.0,1.0,1.82,1.49,1.49,,,,,,
SI,2019-08-07,98.0,-2.71,4.97,"Judge, Aaron",592450,612434,field_error,hit_into_play,,,,,5.0,Aaron Judge reaches on a throwing error by second baseman Jonathan Villar.,R,R,R,BAL,NYY,X,4.0,ground_ball,2,1,2019,-1.49,0.6,-0.18,2.7,,,,0,5,Top,118.45,145.11,,,,,10.3143784245629,-142.453802458226,-2.05090329617544,-22.696560631093,31.7552301974243,-23.7013877393005,3.91,1.87,13.0,110.7,-11.0,98.3,2234.0,6.4,564987,600474,448801,542340,600524,621006,593643,592859,641820,54.06,0.313,0.34,0.9,1.0,0.0,0.0,2.0,35,4,Sinker,1,4,4,1,4,1,4,1,Infield shift,Standard,248.0,-0.017,0.457,,,0.319,-0.457,110.7,-3,3,0.162,0.838,24,27,25,27,1,2,1.0,1.0,2.0,1.0,1.77,1.49,1.49,,,,,,
SL,2019-08-05,86.0,-1.86,5.33,"Judge, Aaron",592450,593679,field_out,hit_into_play,,,,,9.0,Aaron Judge flies out to center fielder Stevie Wilkerson.,R,R,R,BAL,NYY,X,8.0,fly_ball,1,2,2019,0.29,0.02,0.34,2.46,,,,2,3,Top,130.61,42.54,,,,,4.54814461345505,-125.060217491994,-0.649357381292312,2.13809764529728,23.0429888121123,-32.1225460115926,3.91,1.87,369.0,99.1,36.0,84.7,2333.0,5.3,564985,642082,448801,593643,607054,542340,623993,592859,641820,55.2,0.227,0.366,0.0,1.0,0.0,0.0,5.0,19,4,Slider,0,1,1,0,1,0,1,0,Standard,Standard,94.0,0.008,-0.209,,,0.75,0.209,99.1,-1,1,0.429,0.571,26,27,26,27,2,1,3.0,1.0,7.0,1.0,3.17,-0.29,-0.29,,,,,,
SI,2019-08-05,95.6,-1.37,5.51,"Judge, Aaron",592450,593679,double,hit_into_play,,,,,1.0,Aaron Judge doubles (9) on a line drive to right fielder Trey Mancini.,R,R,R,BAL,NYY,X,9.0,line_drive,0,0,2019,-1.45,0.34,-0.3,3.43,,,,1,1,Top,188.12,144.09,,,,,5.84074931790301,-138.957159733427,-0.600721861652261,-19.438668171629,29.6824296623919,-27.9654418833305,3.91,1.87,162.0,81.4,13.0,94.1,1922.0,5.4,564985,642082,448801,593643,607054,542340,623993,592859,641820,55.12,0.7,0.636,1.25,1.0,1.0,1.0,4.0,2,1,Sinker,0,0,0,0,0,0,0,0,Infield shift,Standard,257.0,-0.041,0.672,,,0.771,-0.672,88.0,0,0,0.522,0.478,26,27,26,27,1,0,3.0,1.0,7.0,1.0,2.23,1.45,1.45,,,,,,
SI,2019-08-04,91.1,-1.87,5.01,"Judge, Aaron",592450,543901,field_out,hit_into_play,,,,,9.0,"Aaron Judge grounds out, shortstop Xander Bogaerts to first baseman Sam Travis.",R,R,R,NYY,BOS,X,6.0,ground_ball,2,2,2019,-1.82,0.14,0.48,1.9,,,,2,8,Bot,108.29,156.28,,,,,9.48563567430729,-132.142583664043,-2.16084230613393,-22.6670569505513,27.3369706262277,-30.3690744397821,3.93,1.88,,82.9,-21.0,89.5,2158.0,5.4,567517,543877,607752,656308,646240,593428,643217,598265,605141,55.07,0.073,0.068,0.0,1.0,0.0,0.0,2.0,70,5,Sinker,7,4,7,4,4,7,7,4,Standard,Standard,265.0,-0.001,-0.258,,,0.073,0.258,88.0,3,3,0.967,0.967,28,27,29,27,2,4,16.0,1.0,6.0,1.0,2.71,1.82,1.82,,,,,,
SI,2019-08-04,91.1,-1.84,5.11,"Judge, Aaron",592450,543901,field_out,hit_into_play,,,,,9.0,"Aaron Judge grounds out, third baseman Rafael Devers to first baseman Sam Travis.",R,R,R,NYY,BOS,X,5.0,ground_ball,2,1,2019,-1.7,0.04,0.72,2.29,,,,0,6,Bot,108.8,174.06,,,,,9.67695397578507,-132.126063352081,-1.21612173073377,-21.1652323434341,28.1571648538586,-31.7038531987898,3.93,1.88,4.0,79.8,-29.0,89.1,2209.0,5.2,567517,543877,607752,656308,646240,593428,643217,598265,605141,55.29,0.033,0.043,0.0,1.0,0.0,0.0,2.0,55,4,Sinker,7,4,7,4,4,7,7,4,Standard,Standard,268.0,-0.008,-0.323,,,0.033,0.323,88.0,3,3,0.912,0.912,28,27,29,27,1,3,16.0,1.0,6.0,1.0,2.84,1.7,1.7,,,,,,
SI,2019-08-04,92.2,3.02,5.55,"Judge, Aaron",592450,456034,home_run,hit_into_play,,,,,4.0,Aaron Judge homers (12) on a fly ball to right center field.,R,R,L,NYY,BOS,X,,fly_ball,2,2,2019,1.19,0.57,-0.72,2.59,,,,1,1,Bot,198.04,50.21,,,,,-11.9171861838962,-133.778541821636,-2.91821845159202,16.4414153229004,24.4826723483161,-25.0731456697523,3.93,1.88,389.0,106.7,36.0,91.8,2162.0,5.9,567517,543877,607752,656308,646240,593428,643217,598265,605141,54.62,0.733,1.426,2.0,1.0,0.0,3.0,6.0,5,7,Sinker,0,0,0,0,0,1,1,0,Standard,Standard,115.0,0.102,1.617,,,2.906,-1.617,106.7,0,0,0.524,0.524,33,27,34,27,1,0,5.0,1.0,28.0,1.0,2.14,1.19,-1.19,,,,,,
FF,2019-08-04,96.1,2.62,5.34,"Judge, Aaron",592450,650382,force_out,hit_into_play,,,,,4.0,"Aaron Judge grounds into a force out, third baseman Rafael Devers to second baseman Michael Chavis.   Gleyber Torres out at 2nd.",R,R,L,NYY,BOS,X,5.0,ground_ball,1,0,2019,0.13,1.07,-0.75,3.07,,643565.0,650402.0,2,3,Bot,107.78,172.03,,,,,-9.30878397302355,-139.829481585078,-2.94624401995776,3.62282378988665,27.668968096633,-17.4561705125119,3.93,1.88,14.0,88.6,-12.0,97.2,2481.0,6.6,567517,543877,607752,656308,646240,593428,643217,598265,605141,53.87,0.127,0.157,0.0,1.0,0.0,0.0,2.0,31,2,4-Seam Fastball,7,0,7,0,0,7,7,0,Standard,Standard,173.0,-0.004,-0.318,,,0.127,0.318,88.6,7,7,0.974,0.974,22,27,23,27,1,2,3.0,1.0,2.0,1.0,1.35,0.13,-0.13,,,,,,
SL,2019-08-03,79.0,3.32,5.11,"Judge, Aaron",592450,519242,double,hit_into_play,,,,,1.0,Aaron Judge hits a ground-rule double (8) on a line drive down the left-field line.,R,R,L,NYY,BOS,X,,line_drive,3,2,2019,-0.75,-0.41,-0.48,3.29,,,,2,4,Bot,34.85,102.65,,,,,-6.84215358549554,-114.81474166604,3.52808228771214,-5.41166006842294,19.8295596780185,-36.6388488348693,3.93,1.87,311.0,103.0,25.0,78.6,2225.0,5.9,567516,506702,519048,571788,646240,593428,643217,598265,605141,54.56,0.853,1.547,1.25,1.0,1.0,1.0,6.0,36,6,Slider,7,1,7,1,1,7,7,1,Standard,Standard,299.0,0.003,0.537,,,3.13,-0.537,103.0,6,6,0.964,0.964,30,27,30,27,3,2,6.0,1.0,5.0,0.0,4.11,-0.75,0.75,,,,,,
CH,2019-08-03,87.5,3.19,4.99,"Judge, Aaron",592450,519242,grounded_into_double_play,hit_into_play,,,,,8.0,"Aaron Judge grounds into a double play, shortstop Xander Bogaerts to second baseman Brock Holt to first baseman Mitch Moreland.   DJ LeMahieu out at 2nd.    Aaron Judge out at 1st.",R,R,L,NYY,BOS,X,6.0,ground_ball,0,0,2019,1.66,0.01,-0.17,1.93,,,518934.0,1,3,Bot,110.42,143.93,,,,,-11.5128099582434,-126.982056452956,-1.29970890515881,20.2126951242304,23.1730466015001,-32.0271391304779,3.93,1.87,106.0,82.5,10.0,87.8,1953.0,6.4,567516,506702,519048,571788,646240,593428,643217,598265,605141,54.14,0.487,0.489,0.0,1.0,0.0,0.0,4.0,22,1,Changeup,1,1,1,1,1,1,1,1,Standard,Standard,90.0,-0.058,-0.348,,,0.588,0.348,88.0,0,0,0.558,0.558,30,27,30,27,2,1,6.0,1.0,5.0,0.0,2.96,1.66,-1.66,,,,,,
KC,2019-08-03,86.5,-1.76,6.36,"Judge, Aaron",592450,598264,field_out,hit_into_play,,,,,4.0,"Aaron Judge grounds out, shortstop Xander Bogaerts to first baseman Brock Holt.",R,R,R,NYY,BOS,X,6.0,ground_ball,3,2,2019,0.73,-1.13,-0.37,2.81,,,518934.0,2,6,Bot,114.39,159.33,,,,,1.83285319526073,-125.94883237169,0.0072973202942752,7.39189389589626,25.0333406197996,-44.3283688005186,3.93,1.88,68.0,111.6,2.0,86.5,2334.0,6.2,567487,543877,571788,593523,646240,593428,607752,643217,605141,54.31,0.647,0.612,0.0,1.0,0.0,0.0,4.0,57,8,Knuckle Curve,4,4,4,4,4,4,4,4,Standard,Standard,33.0,-0.04,-0.307,,,0.742,0.307,111.6,0,0,0.54,0.54,29,27,29,27,1,3,4.0,0.0,2.0,1.0,4.18,-0.73,-0.73,,,,,,
SL,2019-08-03,77.9,1.8,5.9,"Judge, Aaron",592450,598271,single,hit_into_play,,,,,4.0,Aaron Judge singles on a line drive to center fielder Andrew Benintendi.,R,R,L,NYY,BOS,X,8.0,line_drive,3,2,2019,-1.09,-0.24,-0.43,2.78,,,,1,1,Bot,138.38,110.22,,,,,-2.78700861660442,-113.471570635622,0.603599299108252,-8.83647988472012,20.7570588361149,-34.5281458398006,3.93,1.88,217.0,83.8,17.0,77.7,2623.0,6.1,567487,543877,656308,593523,646240,593428,607752,643217,605141,54.39,0.933,0.843,0.9,1.0,1.0,0.0,4.0,5,6,Slider,0,0,0,0,0,0,0,0,Standard,Standard,282.0,0.021,0.343,,,1.034,-0.343,88.0,0,0,0.53,0.53,28,27,29,27,1,0,42.0,0.0,6.0,1.0,4.02,-1.09,1.09,,,,,,
KC,2019-08-03,80.9,-1.69,6.36,"Judge, Aaron",592450,519443,single,hit_into_play,,,,,5.0,Aaron Judge singles on a sharp line drive to center fielder Andrew Benintendi.,R,R,R,NYY,BOS,X,8.0,line_drive,1,1,2019,0.54,-1.25,0.01,3.03,,,,0,8,Bot,111.34,68.44,,,,,2.7549599807234,-117.803921681332,1.62509433136952,4.60052781669192,22.1705985854266,-44.3956061888879,3.93,1.88,244.0,108.6,13.0,81.5,2659.0,6.6,567487,543877,571788,593523,646240,593428,607752,643217,605141,53.88,0.72,0.715,0.9,1.0,1.0,0.0,5.0,76,3,Knuckle Curve,6,4,6,4,4,6,6,4,Standard,Standard,24.0,0.01,0.469,,,1.036,-0.469,108.6,2,2,0.938,0.938,30,27,31,27,1,4,7.0,0.0,2.0,1.0,4.69,-0.54,-0.54,,,,,,
SI,2019-08-02,94.3,1.62,5.8,"Judge, Aaron",592450,593958,single,hit_into_play,,,,,4.0,Aaron Judge singles on a ground ball to third baseman Rafael Devers.,R,R,L,NYY,BOS,X,5.0,ground_ball,1,2,2019,1.13,0.74,-0.78,2.67,,,,0,3,Bot,93.56,160.35,,,,,-8.67185071622562,-137.103761291629,-4.10986473784231,15.8581897603711,26.1602215930952,-22.2838328721901,3.93,1.89,7.0,94.3,-21.0,94.3,2029.0,6.0,567515,543877,607752,656308,646240,593428,643217,598265,605141,54.48,0.133,0.148,0.9,1.0,1.0,0.0,2.0,22,4,Sinker,4,2,4,2,2,4,4,2,Standard,Standard,123.0,0.029,0.537,,,0.161,-0.537,94.3,2,2,0.76,0.76,26,27,26,27,2,1,6.0,2.0,5.0,1.0,1.83,1.13,-1.13,,,,,,
FF,2019-07-31,89.8,-2.17,6.28,"Judge, Aaron",592450,673633,single,hit_into_play,,,,,5.0,Aaron Judge singles on a line drive to left fielder David Peralta.,R,R,R,NYY,AZ,X,7.0,line_drive,0,0,2019,-0.88,1.44,-0.14,2.77,,,,0,8,Bot,54.38,91.29,,,,,6.84250485478135,-130.542826876314,-5.69228257282176,-11.3849247918392,25.7488909383239,-14.9349937174589,3.94,1.86,260.0,89.0,19.0,89.6,2197.0,6.1,567514,608348,527038,606466,500871,605113,444482,502481,641796,54.43,0.493,0.51,0.9,1.0,1.0,0.0,4.0,64,1,4-Seam Fastball,4,3,4,3,3,4,4,3,Strategic,Standard,212.0,0.019,0.455,,,0.689,-0.455,89.0,1,1,0.867,0.867,35,27,35,27,1,3,1.0,1.0,3.0,2.0,1.41,0.88,0.88,,,,,,
FF,2019-07-30,93.3,-1.41,6.09,"Judge, Aaron",592450,664199,field_error,hit_into_play,,,,,8.0,Aaron Judge reaches on a fielding error by right fielder Adam Jones.   Aaron Judge to 2nd.,R,R,R,NYY,AZ,X,9.0,line_drive,1,1,2019,-0.48,1.27,0.16,2.46,,,,0,6,Bot,177.27,79.59,,,,,5.05930063868756,-135.791937573871,-6.34666203613346,-6.90303702187829,27.5254052921869,-15.4763266484815,3.88,1.85,308.0,112.7,14.0,93.3,2293.0,6.1,567513,608348,572233,527038,500871,605113,444482,606466,430945,54.39,0.74,0.803,0.9,1.0,0.0,0.0,6.0,46,3,4-Seam Fastball,0,3,0,3,3,0,0,3,Strategic,Standard,201.0,0.071,0.517,,,1.244,-0.517,112.7,-3,-3,0.162,0.162,26,27,26,27,3,2,6.0,2.0,5.0,1.0,1.36,0.48,0.48,,,,,,
FC,2019-07-28,93.0,-1.3,5.27,"Judge, Aaron",592450,519393,field_out,hit_into_play,,,,,7.0,"Aaron Judge grounds out, shortstop Xander Bogaerts to first baseman Mitch Moreland.",R,R,R,BOS,NYY,X,6.0,ground_ball,3,2,2019,0.28,0.52,-0.74,2.47,,,543305.0,2,8,Top,118.75,144.85,,,,,0.815657317179596,-135.767790580861,-2.71944749593977,3.36490310291944,23.7091564977676,-25.2549690131212,4.03,2.0,8.0,84.9,-16.0,94.9,2477.0,6.8,565079,543877,519048,571788,646240,593428,643217,598265,605141,53.71,0.067,0.062,0.0,1.0,0.0,0.0,2.0,68,6,Cutter,4,9,9,4,9,4,9,4,Standard,Strategic,152.0,0.002,-0.307,,,0.092,0.307,88.0,-5,5,0.02,0.98,30,27,31,27,1,4,2.0,1.0,2.0,2.0,2.02,-0.28,-0.28,,,,,,
CH,2019-07-28,85.7,3.42,5.13,"Judge, Aaron",592450,519242,field_out,hit_into_play,,,,,14.0,"Aaron Judge grounds out softly, catcher Sandy Leon to first baseman Mitch Moreland.",R,R,L,BOS,NYY,X,2.0,ground_ball,0,0,2019,1.55,-0.11,0.84,2.02,,,,1,1,Top,123.02,195.91,,,,,-9.12229498261466,-124.434963354569,-0.863151827483431,17.750913492855,23.9119292595432,-33.4087157243372,4.17,1.88,,82.9,-21.0,85.4,2084.0,6.1,565079,506702,519048,571788,646240,593428,643217,598265,605141,54.4,0.073,0.068,0.0,1.0,0.0,0.0,2.0,2,1,Changeup,0,0,0,0,0,0,0,0,Standard,Standard,86.0,0.016,-0.281,,,0.073,0.281,88.0,0,0,0.522,0.478,30,27,30,27,1,0,5.0,1.0,6.0,2.0,3.25,1.55,-1.55,,,,,,
SI,2019-07-27,93.1,1.57,5.99,"Judge, Aaron",592450,593958,grounded_into_double_play,hit_into_play,,,,,11.0,"Aaron Judge grounds into a double play, second baseman Michael Chavis to first baseman Sam Travis.   Aaron Hicks out at 2nd.    Aaron Judge out at 1st.",R,R,L,BOS,NYY,X,4.0,ground_ball,1,2,2019,1.09,0.74,-0.85,3.33,,,543305.0,0,3,Top,134.71,141.55,,,,,-8.48324470435157,-135.359303051901,-2.65808358452458,14.9842147553586,27.6180398404694,-22.9030092475846,4.22,2.15,115.0,104.4,3.0,92.6,1918.0,5.9,565078,543877,607752,656308,646240,593428,643217,598265,605141,54.61,0.533,0.48,0.0,1.0,0.0,0.0,4.0,18,5,Sinker,1,1,1,1,1,1,1,1,Standard,Standard,124.0,0.074,-0.303,,,0.574,0.303,104.4,0,0,0.469,0.531,26,27,26,27,2,1,5.0,1.0,6.0,1.0,1.93,1.09,-1.09,,,,,,
CH,2019-07-27,89.4,1.83,5.89,"Judge, Aaron",592450,593958,field_out,hit_into_play,,,,,9.0,Aaron Judge lines out to right fielder Mookie Betts.,R,R,L,BOS,NYY,X,9.0,line_drive,2,2,2019,1.4,0.8,0.68,2.16,,,,1,1,Top,179.54,93.96,,,,,-5.74651604961801,-129.993204772701,-4.87489316449893,16.9288927336419,25.5034193100968,-22.3894636497816,4.25,1.86,280.0,83.9,23.0,89.4,1975.0,6.2,565078,543877,607752,656308,646240,593428,643217,598265,605141,54.31,0.313,0.313,0.0,1.0,0.0,0.0,3.0,2,5,Changeup,0,0,0,0,0,0,0,0,Standard,Standard,120.0,0.014,-0.247,,,0.436,0.247,88.0,0,0,0.524,0.476,26,27,26,27,1,0,5.0,1.0,6.0,1.0,2.06,1.4,-1.4,,,,,,
KC,2019-07-27,80.2,-1.77,6.28,"Judge, Aaron",592450,519443,field_out,hit_into_play,,,,,4.0,"Aaron Judge grounds out, second baseman Brock Holt to first baseman Sam Travis.",R,R,R,BOS,NYY,X,4.0,ground_ball,2,2,2019,0.4,-1.33,-0.72,2.86,,,,0,9,Top,146.39,143.59,,,,,1.57668322221637,-116.787504425299,1.68960306483138,3.34835357084733,22.4894677013156,-44.9466319702431,4.2,2.05,120.0,89.8,8.0,80.5,2520.0,6.5,565078,543877,607752,571788,646240,593428,643217,598265,605141,53.98,0.573,0.555,0.0,1.0,0.0,0.0,4.0,77,5,Knuckle Curve,9,5,5,9,5,9,5,9,Standard,Standard,17.0,0.008,-0.242,,,0.685,0.242,89.8,4,-4,0.986,0.014,30,27,31,27,1,4,1.0,1.0,7.0,1.0,4.86,-0.4,-0.4,,,,,,
CH,2019-07-26,86.7,-0.61,6.55,"Judge, Aaron",592450,488768,double,hit_into_play,,,,,6.0,Aaron Judge doubles (7) on a sharp fly ball to center fielder Jackie Bradley Jr.,R,R,R,BOS,NYY,X,8.0,fly_ball,0,0,2019,-0.75,0.94,0.38,2.9,,,,2,7,Top,141.15,24.04,,,,,3.87685568307902,-126.331566109853,-4.52503758531655,-8.75205178868427,21.4700134924218,-21.5550020309884,3.95,1.87,413.0,103.5,23.0,87.1,1541.0,6.1,565077,543877,607752,656308,646240,593428,643217,598265,605141,54.43,0.867,1.465,1.25,1.0,1.0,1.0,6.0,59,1,Changeup,9,3,3,9,3,9,3,9,Standard,Standard,219.0,-0.003,0.596,,,2.836,-0.596,103.5,6,-6,0.992,0.008,32,27,33,27,4,3,5.0,1.0,6.0,1.0,2.08,0.75,0.75,,,,,,
CH,2019-07-26,85.6,-0.57,6.66,"Judge, Aaron",592450,488768,field_out,hit_into_play,,,,,9.0,"Aaron Judge grounds out, third baseman Rafael Devers to first baseman Sam Travis.",R,R,R,BOS,NYY,X,5.0,ground_ball,1,1,2019,-0.88,0.93,0.7,2.37,,,,1,6,Top,108.29,156.28,,,,,4.71464651887645,-124.560445359967,-5.71543435177143,-9.94766115679242,22.4710821072632,-21.7033972803855,3.95,1.87,7.0,75.0,-19.0,85.5,1491.0,6.0,565077,543877,607752,656308,646240,593428,643217,598265,605141,54.53,0.02,0.052,0.0,1.0,0.0,0.0,2.0,44,3,Changeup,7,0,0,7,0,7,0,7,Standard,Strategic,223.0,0.003,-0.268,,,0.02,0.268,88.0,7,-7,0.989,0.011,32,27,33,27,3,2,5.0,1.0,6.0,1.0,2.2,0.88,0.88,,,,,,
FF,2019-07-26,95.5,-0.79,6.39,"Judge, Aaron",592450,488768,field_out,hit_into_play,,,,,8.0,"Aaron Judge grounds out, second baseman Michael Chavis to first baseman Sam Travis.",R,R,R,BOS,NYY,X,4.0,ground_ball,2,2,2019,-0.71,1.39,0.26,2.5,,,,0,4,Top,137.25,140.03,,,,,4.19184017067798,-138.777014269448,-7.46832095424297,-9.80120497770048,28.9614829664236,-13.5118789134838,3.95,1.87,10.0,113.1,-13.0,93.8,2274.0,5.2,565077,543877,607752,656308,646240,593428,643217,598265,605141,55.28,0.293,0.282,0.0,1.0,0.0,0.0,2.0,26,5,4-Seam Fastball,5,0,0,5,0,5,0,5,Standard,Strategic,207.0,0.012,-0.242,,,0.295,0.242,113.1,5,-5,0.922,0.0779999999999999,32,27,33,27,2,1,5.0,1.0,6.0,1.0,1.21,0.71,0.71,,,,,,
FC,2019-07-26,84.6,-1.8,6.25,"Judge, Aaron",592450,519443,field_error,hit_into_play,,,,,5.0,Aaron Judge reaches on a fielding error by shortstop Xander Bogaerts.   Austin Romine to 3rd.    DJ LeMahieu to 2nd.,R,R,R,BOS,NYY,X,6.0,line_drive,0,0,2019,0.57,0.22,0.2,2.96,,519222.0,518934.0,0,9,Top,111.74,144.32,,,,,3.55190710040963,-123.485483928406,-1.90203068843777,5.3627925977132,21.7950580735839,-29.6820109886594,3.95,1.87,179.0,112.0,9.0,86.4,2025.0,7.0,565077,543877,607752,656308,646240,593428,643217,598265,605141,53.49,0.833,0.834,0.9,1.0,0.0,0.0,5.0,76,1,Cutter,10,4,4,10,4,10,4,10,Standard,Strategic,111.0,-0.023,0.476,,,1.148,-0.476,112.0,6,-6,0.985,0.015,30,27,31,27,1,4,3.0,1.0,1.0,1.0,2.84,-0.57,-0.57,,,,,,
CH,2019-07-25,81.3,-1.9,6.1,"Judge, Aaron",592450,519144,field_out,hit_into_play,,,,,4.0,Aaron Judge flies out sharply to center fielder Jackie Bradley Jr.,R,R,R,BOS,NYY,X,8.0,fly_ball,1,0,2019,-1.14,0.89,-0.73,2.97,,,,1,5,Top,142.27,48.28,,,,,4.75087305721996,-118.354466425566,-2.14944904910284,-11.4899261890612,20.6373337238681,-23.6659458177928,3.93,1.88,358.0,103.6,40.0,81.2,1701.0,6.0,565076,543877,519048,656308,646240,593428,643217,598265,605141,54.5,0.413,0.779,0.0,1.0,0.0,0.0,5.0,49,2,Changeup,12,3,3,12,3,12,3,12,Standard,Standard,232.0,0.001,-0.326,,,1.601,0.326,103.6,9,-9,0.995,0.005,30,27,31,27,3,2,5.0,1.0,6.0,1.0,2.57,1.14,1.14,,,,,,
SL,2019-07-25,84.0,-1.88,6.17,"Judge, Aaron",592450,519144,field_out,hit_into_play,,,,,6.0,Aaron Judge flies out to center fielder Jackie Bradley Jr.,R,R,R,BOS,NYY,X,8.0,fly_ball,3,2,2019,0.48,0.01,0.33,2.31,650402.0,643565.0,518934.0,2,2,Top,151.06,40.48,,,,,4.12878082660764,-122.241731957569,-2.57135176635004,3.88957216422965,22.2109379777474,-31.8396475365102,3.5,1.61,378.0,99.2,27.0,82.8,2603.0,5.3,565076,543877,519048,571788,646240,593428,643217,598265,605141,55.18,0.553,0.907,0.0,1.0,0.0,0.0,6.0,22,6,Slider,7,2,2,7,2,7,2,7,Standard,Strategic,92.0,0.054,-0.319,,,1.751,0.319,99.2,5,-5,0.865,0.135,30,27,31,27,2,1,5.0,1.0,6.0,1.0,3.32,-0.48,-0.48,,,,,,
SI,2019-07-25,90.4,-1.94,6.21,"Judge, Aaron",592450,519144,field_out,hit_into_play,,,,,7.0,"Aaron Judge grounds out, third baseman Rafael Devers to first baseman Mitch Moreland.",R,R,R,BOS,NYY,X,5.0,ground_ball,1,2,2019,-1.22,0.45,-0.81,2.41,,,,1,1,Top,100.67,170.0,,,,,5.32084256873532,-131.419441615671,-4.44538864606893,-15.0676545290806,26.3648918939233,-26.3670574061436,3.93,1.88,6.0,85.0,-21.0,89.8,2343.0,5.8,565076,543877,519048,571788,646240,593428,643217,598265,605141,54.65,0.067,0.067,0.0,1.0,0.0,0.0,2.0,2,4,Sinker,0,0,0,0,0,0,0,0,Standard,Standard,250.0,0.012,-0.198,,,0.071,0.198,88.0,0,0,0.526,0.474,30,27,31,27,1,0,5.0,1.0,6.0,1.0,2.38,1.22,1.22,,,,,,
CU,2019-07-25,82.5,-2.06,6.63,"Judge, Aaron",592450,605155,field_out,hit_into_play,,,,,9.0,"Aaron Judge grounds out, shortstop Xander Bogaerts to first baseman Christian Vazquez.",R,R,R,BOS,NYY,X,6.0,ground_ball,1,2,2019,1.13,-1.3,0.33,2.12,,,,0,8,Top,100.67,143.59,,,,,3.24634928318598,-119.99505334872,-1.23770412413536,9.91481602468381,25.1168601471875,-44.3589190377935,3.93,1.88,8.0,81.9,-14.0,81.1,2875.0,5.5,565076,506702,543877,656308,646240,593428,607752,643217,598265,54.96,0.08,0.077,0.0,1.0,0.0,0.0,2.0,73,4,Curveball,16,3,3,16,3,16,3,16,Standard,Standard,41.0,0.0,-0.195,,,0.1,0.195,88.0,13,-13,0.999,0.001,26,27,27,27,1,3,1.0,1.0,3.0,1.0,4.78,-1.13,-1.13,,,,,,
FC,2019-07-24,87.4,-0.69,6.1,"Judge, Aaron",592450,543606,single,hit_into_play,,,,,9.0,Aaron Judge singles on a ground ball to center fielder Jake Cave.   DJ LeMahieu to 3rd.,R,R,R,MIN,NYY,X,8.0,ground_ball,1,1,2019,0.45,0.72,0.44,2.27,,,518934.0,1,4,Top,125.76,106.47,,,,,1.82392135696116,-127.340516705363,-4.68757846525579,4.6015298089332,20.8410890970024,-23.678908634958,3.93,1.86,109.0,78.9,9.0,87.9,2192.0,6.1,567013,641598,593934,570731,650333,593871,592696,595909,503556,54.44,0.413,0.411,0.9,1.0,1.0,0.0,4.0,33,3,Cutter,3,6,6,3,6,3,6,3,Standard,Standard,148.0,-0.039,0.452,,,0.499,-0.452,88.0,-3,3,0.186,0.8140000000000001,29,27,29,27,3,2,5.0,1.0,6.0,1.0,2.24,-0.45,-0.45,,,,,,
FC,2019-07-24,84.4,2.44,5.6,"Judge, Aaron",592450,656970,field_out,hit_into_play,,,,,4.0,Aaron Judge flies out to center fielder Jake Cave.,R,R,L,MIN,NYY,X,8.0,fly_ball,0,1,2019,-0.4,0.47,-0.55,2.58,,,518934.0,1,8,Top,90.85,45.85,,,,,-6.10564357969998,-122.687747144584,-1.55879726685255,-2.86155455636809,22.9616441823057,-27.483662853106,3.93,1.86,372.0,108.5,41.0,83.6,2281.0,5.7,567013,641598,593934,570731,650333,593871,592696,595909,503556,54.81,0.58,1.128,0.0,1.0,0.0,0.0,6.0,70,2,Cutter,7,9,9,7,9,7,9,7,Infield shift,Standard,221.0,0.014,-0.227,,,2.296,0.227,108.5,-2,2,0.139,0.861,23,27,24,27,2,4,17.0,1.0,11.0,1.0,2.8,-0.4,0.4,,,,,,
CU,2019-07-24,78.7,2.52,5.54,"Judge, Aaron",592450,656970,single,hit_into_play,,,,,5.0,Aaron Judge singles on a sharp line drive to left fielder Eddie Rosario.,R,R,L,MIN,NYY,X,7.0,line_drive,1,2,2019,-0.9,-0.63,-0.08,2.28,,,,0,6,Top,85.43,87.89,,,,,-3.94441218169223,-114.43942997612,0.769079088274843,-7.05639657640387,18.3903214964082,-37.9349630137309,3.49,1.69,202.0,102.0,12.0,77.6,2836.0,5.3,567013,641598,593934,570731,650333,593871,592696,595909,503556,55.24,0.913,0.874,0.9,1.0,1.0,0.0,4.0,53,4,Curveball,7,9,9,7,9,7,9,7,Standard,Standard,305.0,-0.03,0.537,,,1.133,-0.537,102.0,-2,2,0.225,0.775,23,27,24,27,1,3,17.0,1.0,11.0,1.0,4.43,-0.9,0.9,,,,,,
CU,2019-07-23,79.5,-1.99,6.21,"Judge, Aaron",592450,502043,single,hit_into_play,,,,,14.0,Aaron Judge singles on a line drive to left fielder Eddie Rosario.,R,R,R,MIN,NYY,X,7.0,line_drive,2,2,2019,0.75,-0.93,0.08,1.66,,,,1,5,Top,100.19,102.32,,,,,3.13790249821436,-115.887543007132,-1.50435247295682,6.21371414829917,20.8415363163751,-40.5936686285064,4.03,1.83,240.0,78.9,22.0,80.1,2490.0,6.5,567012,488771,501303,650333,593934,593871,592696,596146,503556,53.97,0.753,0.686,0.9,1.0,1.0,0.0,4.0,46,6,Curveball,8,2,2,8,2,8,2,8,Standard,Standard,39.0,-0.01,0.461,,,0.861,-0.461,88.0,6,-6,0.971,0.029,31,27,32,27,3,2,5.0,1.0,5.0,1.0,4.5,-0.75,-0.75,,,,,,
SI,2019-07-23,92.6,-1.72,6.48,"Judge, Aaron",592450,502043,grounded_into_double_play,hit_into_play,,,,,5.0,"Aaron Judge grounds into a double play, second baseman Luis Arraez to first baseman Ehire Adrianza.   Aaron Hicks out at 2nd.    Aaron Judge out at 1st.",R,R,R,MIN,NYY,X,4.0,ground_ball,0,0,2019,-0.96,0.93,0.09,3.26,,,543305.0,0,3,Top,125.97,149.42,,,,,6.76897329912381,-134.842796929366,-4.57527259642239,-13.2036855035592,25.3992260088427,-19.9741020958738,4.0,1.83,10.0,103.1,-18.0,93.7,2176.0,6.6,567012,488771,501303,650333,593934,593871,592696,596146,503556,53.91,0.26,0.25,0.0,1.0,0.0,0.0,2.0,21,1,Sinker,1,2,2,1,2,1,2,1,Infield shift,Standard,226.0,0.073,-0.374,,,0.288,0.374,103.1,-1,1,0.353,0.647,31,27,32,27,2,1,5.0,1.0,5.0,1.0,1.68,0.96,0.96,,,,,,
CU,2019-07-23,75.9,-0.64,6.35,"Judge, Aaron",592450,453284,double,hit_into_play,,,,,8.0,"Aaron Judge doubles (5) on a sharp fly ball to right fielder Marwin Gonzalez, deflected by center fielder Max Kepler.   Gio Urshela scores.    Mike Tauchman scores.",R,R,R,MIN,NYY,X,8.0,fly_ball,2,1,2019,0.61,-0.91,-0.21,2.44,570482.0,643565.0,,1,8,Top,151.41,28.33,,,,,-0.226624289035075,-110.760155723423,0.492828705082726,5.24525100420489,17.9476393019932,-40.1735484284195,3.94,1.95,405.0,105.1,38.0,77.5,2202.0,7.0,567012,488771,501303,650333,593934,593871,592696,596146,503556,53.47,0.567,1.087,1.25,1.0,1.0,1.0,6.0,76,4,Curveball,9,6,6,9,8,9,8,9,Standard,Standard,34.0,-0.137,0.663,,,2.225,-0.663,105.1,3,-3,0.833,0.167,34,27,34,27,1,4,3.0,1.0,9.0,1.0,4.72,-0.61,-0.61,,,,,,
ST,2019-07-23,84.2,1.71,5.45,"Judge, Aaron",592450,573124,double,hit_into_play,,,,,4.0,Aaron Judge doubles (6) on a sharp line drive to left fielder Eddie Rosario.,R,R,L,MIN,NYY,X,7.0,line_drive,0,2,2019,-0.95,0.41,-0.81,2.6,,,,2,9,Top,47.37,77.47,,,,,-3.99219725311789,-122.530693527353,-1.0471107458236,-8.55439468103908,22.7370931210873,-28.1980879927758,3.88,1.99,340.0,107.1,20.0,83.2,,5.5,567012,488771,501303,650333,593934,593871,592696,596146,503556,54.99,0.86,1.296,1.25,1.0,1.0,1.0,6.0,90,3,Sweeper,11,12,12,11,12,11,12,11,Infield shift,Standard,246.0,-0.023,0.713,,,2.39,-0.713,107.1,-1,1,0.198,0.802,28,27,29,27,1,5,1.0,1.0,7.0,1.0,2.89,-0.95,0.95,,,,,,
SL,2019-07-22,86.2,2.01,5.66,"Judge, Aaron",592450,626929,grounded_into_double_play,hit_into_play,,,,,8.0,"Aaron Judge grounds into a double play, shortstop Jorge Polanco to second baseman Jonathan Schoop to first baseman Miguel Sano.   DJ LeMahieu out at 2nd.    Aaron Judge out at 1st.",R,R,L,MIN,NYY,X,6.0,ground_ball,0,0,2019,-0.04,0.69,-0.12,2.1,,643565.0,518934.0,1,6,Top,108.03,144.33,,,,,-5.05062821806681,-125.681518611087,-3.80007759890461,0.525718129255471,22.84692434839,-24.0823611655343,3.93,1.86,43.0,102.2,-1.0,87.8,1964.0,7.0,567011,641598,593934,570731,650333,593871,592696,596146,503556,53.54,0.42,0.389,0.0,1.0,0.0,0.0,4.0,55,1,Slider,7,6,6,7,6,7,6,7,Infield shift,Standard,183.0,0.147,-0.345,,,0.455,0.345,102.2,1,-1,0.593,0.407,23,27,24,27,1,3,22.0,1.0,4.0,1.0,2.27,-0.04,0.04,,,,,,
SI,2019-07-22,96.3,1.69,5.46,"Judge, Aaron",592450,573124,single,hit_into_play,,,,,8.0,Aaron Judge singles on a ground ball to left fielder Eddie Rosario.,R,R,L,MIN,NYY,X,7.0,ground_ball,0,0,2019,1.38,0.76,-0.1,2.27,,,,1,9,Top,87.38,99.06,,,,,-7.68167925034555,-139.941217053158,-4.55025909585766,19.3378998218531,27.8197380991282,-21.5992900543936,3.93,1.86,29.0,116.4,-3.0,95.6,2116.0,5.7,567011,641598,593934,570731,650333,593871,592696,596146,503556,54.83,0.533,0.486,0.9,1.0,1.0,0.0,4.0,74,1,Sinker,8,6,6,8,6,8,6,8,Infield shift,Standard,119.0,-0.053,0.427,,,0.595,-0.427,116.4,2,-2,0.963,0.037,28,27,29,27,1,4,2.0,1.0,1.0,1.0,1.74,1.38,-1.38,,,,,,
SI,2019-07-21,96.2,-2.56,5.83,"Judge, Aaron",592450,608566,single,hit_into_play,,,,,5.0,Aaron Judge singles on a ground ball to right fielder Charlie Blackmon.,R,R,R,NYY,COL,X,9.0,ground_ball,2,0,2019,-1.25,0.61,-0.21,2.3,,,,0,6,Bot,181.44,95.33,,,,,8.76167160644214,-139.71662486677,-5.0428993715127,-17.6211773389955,28.1885895970155,-23.6911742940389,3.46,1.69,33.0,111.7,-2.0,94.5,2310.0,5.2,567512,547172,502517,641857,571448,596115,621311,435622,453568,55.31,0.553,0.537,0.9,1.0,1.0,0.0,4.0,50,3,Sinker,2,7,2,7,7,2,2,7,Standard,Standard,244.0,0.017,0.338,,,0.665,-0.338,111.7,-5,-5,0.064,0.064,24,27,24,27,3,2,6.0,1.0,5.0,1.0,1.95,1.25,1.25,,,,,,
FF,2019-07-20,90.9,-1.93,6.4,"Judge, Aaron",592450,622608,double,hit_into_play,,,,,1.0,Aaron Judge doubles (4) on a sharp line drive to left fielder Raimel Tapia.   DJ LeMahieu scores.,R,R,R,NYY,COL,X,7.0,line_drive,2,2,2019,-0.34,1.14,-0.67,3.46,,,518934.0,0,1,Bot,84.17,53.87,,,,,3.85474183333465,-132.405907385317,-3.96530251842359,-4.66854078703913,23.4791800186083,-18.1704011855852,3.93,1.87,356.0,111.4,17.0,91.4,2091.0,6.2,567511,547172,502517,641857,571448,596115,606132,435622,621311,54.34,0.82,1.091,1.25,1.0,1.0,1.0,6.0,5,5,4-Seam Fastball,0,0,0,0,0,1,1,0,Standard,Strategic,196.0,0.117,0.771,,,1.877,-0.771,111.4,0,0,0.58,0.58,24,27,24,27,1,0,6.0,1.0,36.0,1.0,1.6,0.34,0.34,,,,,,
FF,2019-07-19,96.5,-2.01,5.6,"Judge, Aaron",592450,622075,home_run,hit_into_play,,,,,5.0,Aaron Judge homers (11) on a fly ball to right center field. DJ LeMahieu scores.,R,R,R,NYY,COL,X,,fly_ball,2,1,2019,-0.89,1.15,0.03,2.77,,,518934.0,1,6,Bot,202.27,41.99,,,,,7.45735380110791,-140.330158849707,-4.55911617404379,-13.4700762521326,31.5587386032541,-16.2235756971501,4.06,2.0,413.0,109.7,37.0,96.5,2323.0,6.3,567510,455104,448602,641857,571448,596115,641658,435622,453568,54.18,0.853,1.685,2.0,1.0,0.0,3.0,6.0,56,4,4-Seam Fastball,6,2,6,2,2,8,8,2,Standard,Standard,218.0,0.033,1.409,,,3.423,-1.409,109.7,4,4,0.952,0.952,25,27,25,27,1,3,4.0,1.0,29.0,1.0,1.31,0.89,0.89,,,,,,
CH,2019-07-19,88.4,1.59,5.84,"Judge, Aaron",592450,607536,field_out,hit_into_play,,,,,9.0,"Aaron Judge grounds out, shortstop Trevor Story to first baseman Mark Reynolds.",R,R,L,NYY,COL,X,6.0,ground_ball,3,2,2019,0.84,0.66,0.66,2.12,,,,1,1,Bot,106.77,147.65,,,,,-4.05385709888971,-128.721639535715,-4.43348008118238,10.2690958462707,25.6072330418943,-24.088430684715,4.04,2.04,19.0,89.4,-4.0,89.2,1485.0,6.6,567510,455104,448602,641857,571448,596115,641658,435622,453568,53.87,0.2,0.214,0.0,1.0,0.0,0.0,2.0,7,6,Changeup,0,0,0,0,0,0,0,0,Infield shift,Strategic,128.0,-0.02,-0.366,,,0.22,0.366,89.4,0,0,0.53,0.53,26,27,26,27,1,0,6.0,1.0,5.0,1.0,2.22,0.84,-0.84,,,,,,
SI,2019-07-18,94.3,-0.03,6.52,"Judge, Aaron",592450,630023,single,hit_into_play,,,,,8.0,Aaron Judge singles on a sharp line drive to center fielder Kevin Kiermaier.,R,R,R,NYY,TB,X,8.0,line_drive,2,0,2019,-1.26,0.88,-0.06,2.35,,,,0,5,Bot,115.64,42.96,,,,,2.66727055499401,-137.217879949305,-7.0688529578079,-16.3357683671145,30.1391821879645,-19.8081759991205,3.87,1.83,310.0,109.0,14.0,94.1,2247.0,6.1,567509,518595,596847,621563,650490,642715,640457,595281,541645,54.35,0.7,0.756,0.9,1.0,1.0,0.0,5.0,39,3,Sinker,2,2,2,2,2,2,2,2,Infield shift,Standard,235.0,0.032,0.338,,,1.117,-0.338,109.0,0,0,0.581,0.581,25,27,26,27,3,2,6.0,2.0,5.0,0.0,1.7,1.26,1.26,,,,,,
SI,2019-07-18,96.2,-0.19,6.49,"Judge, Aaron",592450,630023,field_out,hit_into_play,,,,,1.0,Aaron Judge flies out to right fielder Avisail Garcia.,R,R,R,NYY,TB,X,9.0,fly_ball,3,2,2019,-1.38,0.8,-0.41,3.45,,,,0,3,Bot,180.61,111.68,,,,,2.55060833255085,-140.135692441094,-4.33089977857781,-18.7729927563295,28.4259655948587,-20.9744912472551,3.87,1.83,246.0,75.9,32.0,96.6,2261.0,6.3,567509,518595,596847,621563,650490,642715,640457,595281,541645,54.24,0.113,0.115,0.0,1.0,0.0,0.0,3.0,23,6,Sinker,2,2,2,2,2,2,2,2,Infield shift,Strategic,240.0,-0.031,-0.357,,,0.161,0.357,88.0,0,0,0.561,0.561,25,27,26,27,2,1,6.0,2.0,5.0,0.0,1.65,1.38,1.38,,,,,,
SL,2019-07-18,87.7,-2.13,5.8,"Judge, Aaron",592450,552640,double_play,hit_into_play,,,,,8.0,"Aaron Judge grounds into a double play, third baseman Michael Brosseau to first baseman Nate Lowe to shortstop Willy Adames.   Brett Gardner out at 3rd.    Aaron Judge out at 1st.",R,R,R,NYY,TB,X,5.0,ground_ball,1,2,2019,0.43,0.34,0.09,2.15,,458731.0,,0,7,Bot,101.69,171.52,,,,,4.4537610219772,-127.6966242877,-3.42517831910798,3.88157733723435,24.0021186806767,-28.0762689015094,3.93,1.86,5.0,92.0,-22.0,87.8,2709.0,6.1,567508,572287,663993,621563,670712,642715,502054,595281,640457,54.37,0.107,0.11,0.0,1.0,0.0,0.0,2.0,60,4,Slider,5,1,5,1,1,5,5,1,Infield shade,Standard,128.0,-0.011,-0.126,,,0.114,0.126,92.0,4,4,0.977,0.977,29,27,29,27,1,3,3.0,0.0,1.0,1.0,2.63,-0.43,-0.43,,,,,,
CH,2019-07-16,88.7,0.46,6.0,"Judge, Aaron",592450,656222,single,hit_into_play,,,,,8.0,Aaron Judge singles on a ground ball to center fielder Kevin Kiermaier.,R,R,L,NYY,TB,X,8.0,ground_ball,3,2,2019,1.25,0.49,-0.24,1.99,,,,1,6,Bot,153.5,80.09,,,,,-4.36948433492912,-129.155256158483,-4.84611993772915,15.0168752072884,25.2964488192509,-25.871173547359,3.84,1.83,164.0,114.5,5.0,89.3,1606.0,6.5,567507,572287,518595,670712,650490,642715,640457,595281,541645,54.01,0.667,0.6,0.9,1.0,1.0,0.0,5.0,43,6,Changeup,2,3,2,3,3,2,2,3,Infield shift,Standard,111.0,0.038,0.343,,,0.767,-0.343,114.5,-1,-1,0.363,0.363,25,27,26,27,2,2,19.0,1.0,6.0,2.0,2.37,1.25,-1.25,,,,,,
FF,2019-07-16,95.6,1.42,6.23,"Judge, Aaron",592450,621363,home_run,hit_into_play,,,,,9.0,Aaron Judge homers (10) on a fly ball to right center field.    Gleyber Torres scores.,R,R,L,NYY,TB,X,,fly_ball,3,2,2019,0.44,1.62,0.59,2.42,,,650402.0,2,8,Bot,194.87,59.67,,,,,-3.23219251740138,-139.137034623067,-8.17310687765765,6.55974059718896,31.301821584655,-9.23943719560122,3.87,1.83,367.0,100.9,32.0,96.3,2284.0,6.7,567507,572287,518595,670712,650490,642715,640457,595281,541645,53.84,0.647,1.184,2.0,1.0,0.0,3.0,6.0,60,7,4-Seam Fastball,2,3,2,3,3,4,4,3,Strategic,Strategic,165.0,0.601,2.206,,,2.395,-2.206,100.9,-1,-1,0.242,0.242,25,27,25,27,1,3,3.0,1.0,3.0,2.0,0.84,0.44,-0.44,,,,,,
CH,2019-07-15,87.0,1.88,6.39,"Judge, Aaron",592450,605483,field_out,hit_into_play,,,,,9.0,Aaron Judge lines out to left fielder Tommy Pham.,R,R,L,NYY,TB,X,7.0,line_drive,1,1,2019,0.98,1.02,0.29,2.04,,,518934.0,1,3,Bot,84.97,59.46,,,,,-5.90978315806225,-126.476470039647,-6.39861390686835,11.8348603641017,25.7673455689971,-20.0133345524514,3.48,1.75,343.0,90.9,25.0,87.6,1871.0,6.7,567506,518595,650490,621563,670712,642715,502054,595281,628338,53.78,0.167,0.196,0.0,1.0,0.0,0.0,3.0,23,3,Changeup,0,2,0,2,2,0,0,2,Infield shift,Standard,136.0,-0.032,-0.259,,,0.334,0.259,90.9,-2,-2,0.329,0.329,26,27,27,27,2,1,9.0,1.0,6.0,1.0,1.96,0.98,-0.98,,,,,,
FF,2019-07-15,97.6,1.5,6.77,"Judge, Aaron",592450,605483,grounded_into_double_play,hit_into_play,,,,,5.0,"Aaron Judge grounds into a double play, shortstop Willy Adames to second baseman Joey Wendle to first baseman Yandy Diaz.   DJ LeMahieu out at 2nd.    Aaron Judge out at 1st.",R,R,L,NYY,TB,X,6.0,ground_ball,3,2,2019,0.49,1.54,-0.22,2.48,,,518934.0,0,1,Bot,107.78,158.32,,,,,-5.81871925676228,-141.873930191658,-9.6833634318135,8.05869982149637,31.5830981386019,-9.12793130443971,3.88,1.83,14.0,111.5,-10.0,98.4,2386.0,6.7,567506,518595,650490,621563,670712,642715,502054,595281,628338,53.78,0.34,0.363,0.0,1.0,0.0,0.0,2.0,7,7,4-Seam Fastball,0,1,0,1,1,0,0,1,Infield shift,Standard,162.0,-0.088,-0.468,,,0.34,0.468,111.5,-1,-1,0.495,0.495,26,27,27,27,1,0,9.0,1.0,6.0,1.0,0.82,0.49,-0.49,,,,,,
SV,2019-07-14,86.7,-1.42,5.33,"Judge, Aaron",592450,573186,field_out,hit_into_play,,,,,6.0,Aaron Judge flies out to right fielder Randal Grichuk.,R,R,R,NYY,TOR,X,9.0,fly_ball,3,2,2019,0.76,0.08,0.6,2.44,,,,1,3,Bot,163.19,69.11,,,,,3.29326709084819,-126.145184498002,-0.887721933519628,7.24156716806418,25.1096764582357,-31.4117688089622,3.32,1.63,320.0,89.3,36.0,85.7,2785.0,5.6,567505,643376,475253,519299,665489,520471,666971,606192,545341,54.92,0.033,0.044,0.0,1.0,0.0,0.0,3.0,23,6,Slurve,2,0,2,0,0,2,2,0,Strategic,Strategic,96.0,-0.015,-0.366,,,0.074,0.366,89.3,2,2,0.752,0.752,28,27,28,27,2,1,15.0,1.0,5.0,1.0,3.03,-0.76,-0.76,,,,,,
FF,2019-07-14,94.3,-0.36,6.47,"Judge, Aaron",592450,571882,single,hit_into_play,,,,,8.0,Aaron Judge singles on a sharp line drive to center fielder Randal Grichuk.   DJ LeMahieu to 2nd.,R,R,R,NYY,TOR,X,8.0,line_drive,2,2,2019,-0.21,1.25,-0.23,2.36,,,518934.0,1,7,Bot,130.73,60.94,,,,,0.813621649270424,-137.290253106753,-7.84629087248176,-2.88477831615385,29.0751906131202,-14.7111717151972,3.87,1.83,267.0,113.7,11.0,95.0,2063.0,6.6,567505,643376,475253,592273,665489,520471,666971,545341,519299,53.95,0.84,0.873,0.9,1.0,1.0,0.0,6.0,58,5,4-Seam Fastball,4,2,4,2,2,4,4,2,Standard,Standard,190.0,0.017,0.472,,,1.236,-0.472,113.7,2,2,0.886,0.886,28,27,29,27,1,3,8.0,1.0,1.0,1.0,1.28,0.21,0.21,,,,,,
FC,2019-07-14,92.7,-1.53,5.41,"Judge, Aaron",592450,573186,single,hit_into_play,,,,,2.0,Aaron Judge singles on a sharp ground ball to left fielder Lourdes Gurriel Jr.,R,R,R,NYY,TOR,X,7.0,ground_ball,2,2,2019,-0.11,0.56,-0.04,3.4,,,,1,1,Bot,89.5,108.54,,,,,4.00683921695327,-135.062415996263,-0.63529093672263,-2.01774824744439,24.7573378692227,-25.458890485803,3.87,1.83,13.0,101.3,-14.0,92.4,2443.0,5.7,567505,643376,475253,519299,665489,520471,666971,606192,545341,54.84,0.287,0.275,0.9,1.0,1.0,0.0,2.0,6,5,Cutter,0,0,0,0,0,0,0,0,Standard,Strategic,191.0,0.027,0.461,,,0.328,-0.461,101.3,0,0,0.524,0.524,28,27,28,27,1,0,15.0,1.0,5.0,1.0,2.12,0.11,0.11,,,,,,
FF,2019-07-13,96.3,-2.74,5.23,"Judge, Aaron",592450,543339,single,hit_into_play,,,,,13.0,Aaron Judge singles on a sharp ground ball to third baseman Brandon Drury.   Aaron Hicks scores.    DJ LeMahieu to 3rd.,R,R,R,NYY,TOR,X,5.0,ground_ball,0,0,2019,-0.9,1.24,-1.26,2.86,,543305.0,518934.0,2,9,Bot,69.69,135.97,,,,,5.94464344667936,-140.153714310271,-3.54180136550322,-13.0386308422894,28.0572445064439,-15.3656773183109,3.97,2.06,14.0,100.5,-11.0,96.4,2501.0,6.1,567504,571912,624415,519299,592273,520471,666971,606192,545341,54.42,0.273,0.27,0.9,1.0,1.0,0.0,2.0,75,1,4-Seam Fastball,0,2,0,2,2,1,1,2,Infield shift,Strategic,216.0,0.105,0.547,,,0.294,-0.547,100.5,-2,-2,0.097,0.097,32,27,32,27,1,4,6.0,1.0,3.0,1.0,1.22,0.9,0.9,,,,,,
SL,2019-07-13,81.9,2.13,5.56,"Judge, Aaron",592450,453385,single,hit_into_play,,,,,8.0,Aaron Judge singles on a sharp ground ball to left fielder Lourdes Gurriel Jr.,R,R,L,NYY,TOR,X,7.0,ground_ball,0,1,2019,-0.06,-0.11,-0.13,2.49,,,,1,1,Bot,80.35,115.65,,,,,-4.91229799986607,-119.249102830233,-0.301434824294733,0.248158330338972,18.6013461707191,-33.4109221634912,4.03,2.05,84.0,106.6,3.0,80.8,2256.0,5.1,567504,571912,642133,624415,592273,520471,666971,545341,519299,55.39,0.593,0.542,0.9,1.0,1.0,0.0,4.0,5,2,Slider,0,0,0,0,0,0,0,0,Infield shift,Strategic,333.0,0.027,0.475,,,0.646,-0.475,106.6,0,0,0.524,0.524,35,27,36,27,1,0,7.0,1.0,,1.0,3.61,-0.06,0.06,,,,,,
FF,2019-07-13,93.4,-1.93,6.31,"Judge, Aaron",592450,592468,single,hit_into_play,,,,,8.0,Aaron Judge singles on a sharp ground ball to center fielder Randal Grichuk.,R,R,R,NYY,TOR,X,8.0,ground_ball,0,0,2019,-0.58,1.23,-0.04,2.14,,,,2,3,Bot,134.71,95.33,,,,,5.99893805753971,-135.636826145583,-7.50290018696024,-8.12030082758272,26.5063120606673,-16.1345264366045,4.05,1.95,44.0,111.8,1.0,92.2,2172.0,5.4,567504,571912,642133,624415,592273,520471,666971,545341,519299,55.05,0.6,0.553,0.9,1.0,1.0,0.0,4.0,22,1,4-Seam Fastball,0,0,0,0,0,0,0,0,Infield shift,Strategic,205.0,0.014,0.332,,,0.676,-0.332,111.8,0,0,0.512,0.512,27,27,28,27,1,1,7.0,1.0,4.0,1.0,1.46,0.58,0.58,,,,,,
SI,2019-07-13,94.0,-1.19,7.01,"Judge, Aaron",592450,607352,single,hit_into_play,,,,,5.0,Aaron Judge singles on a sharp ground ball to right fielder Eric Sogard.   Brett Gardner to 2nd.,R,R,R,NYY,TOR,X,9.0,ground_ball,0,0,2019,-1.15,1.26,-0.07,3.09,,,458731.0,2,5,Bot,177.38,108.54,,,,,5.30144481406325,-136.58477094325,-7.05262927405814,-15.2202288196445,28.6238108679557,-15.5318224010762,3.94,2.08,26.0,108.8,-5.0,92.9,2139.0,5.6,567504,571912,642133,624415,592273,520471,666971,545341,519299,54.89,0.413,0.399,0.9,1.0,1.0,0.0,2.0,39,1,Sinker,0,0,0,0,0,0,0,0,Infield shift,Strategic,222.0,0.028,0.339,,,0.424,-0.339,108.8,0,0,0.531,0.531,29,27,29,27,1,2,8.0,1.0,2.0,1.0,1.39,1.15,1.15,,,,,,
FF,2019-07-12,93.4,-1.9,5.67,"Judge, Aaron",592450,592717,single,hit_into_play,,,,,7.0,Aaron Judge singles on a sharp line drive to center fielder Teoscar Hernandez.,R,R,R,NYY,TOR,X,8.0,line_drive,2,0,2019,-1.37,0.97,-0.71,2.06,,,,1,5,Bot,119.06,59.57,,,,,6.05283035640997,-135.786092844565,-5.68074615442937,-18.2514224747639,28.2994134671271,-19.1560847616035,3.48,1.69,249.0,108.7,12.0,93.4,2279.0,6.2,567503,643376,475253,624415,665489,520471,666971,606192,545341,54.27,0.827,0.819,0.9,1.0,1.0,0.0,5.0,36,3,4-Seam Fastball,1,0,1,0,0,1,1,0,Infield shift,Standard,235.0,0.016,0.305,,,1.134,-0.305,108.7,1,1,0.694,0.694,26,27,27,27,3,2,7.0,5.0,5.0,1.0,1.65,1.37,1.37,,,,,,
SI,2019-07-12,94.4,-2.06,5.74,"Judge, Aaron",592450,592717,field_out,hit_into_play,,,,,4.0,"Aaron Judge grounds out, shortstop Freddy Galvis to first baseman Justin Smoak.",R,R,R,NYY,TOR,X,6.0,ground_ball,1,0,2019,-1.43,0.65,-0.71,2.49,,,,1,1,Bot,104.74,151.71,,,,,6.65299481297435,-137.379979593788,-4.26858348747405,-19.4561652943469,26.2116889024871,-23.2819926173148,3.89,1.84,7.0,100.6,-18.0,94.7,2237.0,6.1,567503,643376,475253,624415,665489,520471,666971,606192,545341,54.36,0.227,0.22,0.0,1.0,0.0,0.0,2.0,6,2,Sinker,0,0,0,0,0,0,0,0,Infield shift,Strategic,245.0,-0.019,-0.326,,,0.253,0.326,100.6,0,0,0.529,0.529,26,27,27,27,1,0,7.0,5.0,5.0,1.0,1.9,1.43,1.43,,,,,,
SI,2019-07-07,96.4,-2.2,5.84,"Judge, Aaron",592450,552640,field_out,hit_into_play,,,,,5.0,"Aaron Judge grounds out, shortstop Willy Adames to first baseman Yandy Diaz.",R,R,R,TB,NYY,X,6.0,ground_ball,0,1,2019,-1.39,1.02,-0.01,2.28,,,,1,8,Top,110.15,161.36,,,,,9.09669861260304,-140.031206356692,-6.25143609163241,-20.5865119294017,32.1559911756968,-17.3985525726697,3.34,1.63,6.0,94.4,-21.0,97.0,2306.0,6.8,566711,572287,650490,621563,670712,642715,502054,595281,541645,53.72,0.133,0.148,0.0,1.0,0.0,0.0,2.0,58,2,Sinker,2,1,1,2,1,2,1,2,Infield shift,Standard,234.0,0.035,-0.233,,,0.161,0.233,94.4,1,-1,0.805,0.1949999999999999,29,27,29,27,1,3,2.0,1.0,6.0,5.0,1.41,1.39,1.39,,,,,,
FF,2019-07-06,95.6,1.65,6.82,"Judge, Aaron",592450,605483,field_out,hit_into_play,,,,,2.0,Aaron Judge flies out to right fielder Avisail Garcia.,R,R,L,TB,NYY,X,9.0,fly_ball,2,2,2019,0.56,1.69,-0.08,3.43,650402.0,643565.0,518934.0,1,5,Top,171.16,95.75,,,,,-5.8106479971621,-138.885981762345,-7.06969942911629,8.57710965547798,31.4423475706116,-9.05307218040013,3.95,2.0,269.0,86.6,44.0,95.3,2260.0,6.2,566710,518595,663993,670712,650490,642715,628338,595281,541645,54.28,0.007,0.011,0.0,1.0,0.0,0.0,3.0,36,5,4-Seam Fastball,1,1,1,1,1,1,1,1,Standard,Standard,162.0,0.088,-0.147,,,0.017,0.147,88.0,0,0,0.381,0.619,26,27,27,27,3,2,6.0,1.0,9.0,1.0,0.83,0.56,-0.56,,,,,,
FS,2019-07-06,84.9,0.46,6.26,"Judge, Aaron",592450,543118,field_out,hit_into_play,,,,,6.0,Aaron Judge lines out sharply to center fielder Kevin Kiermaier.,R,R,R,TB,NYY,X,8.0,line_drive,0,1,2019,-0.32,0.05,0.63,2.87,,,,1,9,Top,172.54,80.19,,,,,1.03895830141787,-123.731225912369,-1.72482681206445,-3.50174659377096,24.5224824110486,-31.5306317756014,3.9,1.97,353.0,110.2,19.0,85.3,817.0,6.5,566710,518595,663993,621563,670712,642715,628338,595281,541645,54.02,0.907,1.468,0.0,1.0,0.0,0.0,6.0,70,2,Split-Finger,3,2,2,3,2,3,2,3,Infield shift,Standard,261.0,0.047,-0.233,,,2.806,0.233,110.2,1,-1,0.916,0.0839999999999999,32,27,32,27,1,4,2.0,1.0,8.0,1.0,3.09,0.32,0.32,,,,,,
FF,2019-07-05,93.7,0.9,6.08,"Judge, Aaron",592450,656713,field_out,hit_into_play,,,,,2.0,"Aaron Judge grounds out sharply, second baseman Joey Wendle to first baseman Nate Lowe.",R,R,L,TB,NYY,X,4.0,ground_ball,1,2,2019,0.52,1.52,0.09,3.62,,,,0,4,Top,137.41,138.34,,,,,-3.21594294850544,-136.352071474508,-3.93780681619256,7.1302078083178,30.2670306265929,-12.7969279616207,3.93,1.88,66.0,105.6,0.0,93.3,2199.0,6.0,566709,572287,663993,621563,670712,642715,502054,595281,640457,54.45,0.44,0.397,0.0,1.0,0.0,0.0,4.0,24,5,4-Seam Fastball,0,1,1,0,1,0,1,0,Strategic,Standard,161.0,0.017,-0.195,,,0.476,0.195,105.6,-1,1,0.383,0.617,23,27,24,27,2,1,6.0,1.0,8.0,1.0,1.11,0.52,-0.52,,,,,,
FC,2019-07-05,89.6,0.9,6.09,"Judge, Aaron",592450,656713,home_run,hit_into_play,,,,,4.0,Aaron Judge homers (8) on a fly ball to right center field.,R,R,L,TB,NYY,X,,fly_ball,2,0,2019,-0.02,0.63,-0.58,3.21,,,,1,1,Top,201.6,58.23,,,,,-3.60401688257341,-130.366523606893,-2.41925650775818,0.546585788161221,27.3358101849998,-24.7818675740277,3.93,1.88,376.0,104.1,38.0,89.3,2038.0,6.1,566709,572287,663993,621563,670712,642715,502054,595281,640457,54.39,0.553,1.083,2.0,1.0,0.0,3.0,6.0,2,3,Cutter,0,0,0,0,1,0,1,0,Infield shift,Standard,182.0,-0.091,1.46,,,2.176,-1.46,104.1,0,0,0.515,0.485,23,27,24,27,1,0,6.0,1.0,8.0,1.0,2.24,-0.02,0.02,,,,,,
FC,2019-07-05,86.4,-1.79,5.55,"Judge, Aaron",592450,641941,grounded_into_double_play,hit_into_play,,,,,11.0,"Aaron Judge grounds into a double play, third baseman Michael Brosseau to second baseman Joey Wendle to first baseman Nate Lowe.   DJ LeMahieu out at 2nd.    Aaron Judge out at 1st.",R,R,R,TB,NYY,X,5.0,ground_ball,0,1,2019,0.06,0.2,-1.12,2.97,,,518934.0,0,8,Top,99.19,162.8,,,,,1.50042228046234,-125.947516177216,-0.381717087421515,0.327676304637528,24.8966213659598,-30.1967279883992,3.93,1.88,14.0,63.4,-11.0,86.8,2162.0,6.4,566709,518595,663993,621563,670712,642715,502054,595281,628338,54.12,0.073,0.068,0.0,1.0,0.0,0.0,2.0,59,2,Cutter,4,4,4,4,4,4,4,4,Infield shift,Standard,164.0,0.14,-0.33,,,0.096,0.33,88.0,0,0,0.442,0.558,28,27,28,27,1,3,1.0,1.0,2.0,1.0,2.84,-0.06,-0.06,,,,,,
FF,2019-07-05,98.4,-0.04,6.71,"Judge, Aaron",592450,592773,home_run,hit_into_play,,,,,2.0,Aaron Judge homers (9) on a line drive to center field.,R,R,R,TB,NYY,X,,line_drive,0,0,2019,-0.83,1.53,0.26,3.53,,,,0,11,Top,99.45,13.03,,,,,2.66588603132898,-142.943235250981,-6.4986303506346,-11.7598448332661,36.3626667928847,-10.373993584668,3.93,1.88,442.0,116.3,19.0,96.8,2374.0,5.7,566709,518595,663993,621563,670712,642715,502054,595281,628338,54.78,0.953,1.614,2.0,1.0,0.0,3.0,6.0,79,1,4-Seam Fastball,4,4,4,4,5,4,5,4,Infield shift,Standard,208.0,-0.335,1.114,,,3.115,-1.114,116.3,0,0,0.5,0.5,27,27,28,27,1,4,2.0,1.0,9.0,1.0,0.9,0.83,0.83,,,,,,
SI,2019-07-03,92.6,-2.14,6.6,"Judge, Aaron",592450,521655,field_out,hit_into_play,,,,,4.0,"Aaron Judge grounds out, third baseman Todd Frazier to first baseman Pete Alonso.",R,R,R,NYM,NYY,X,5.0,ground_ball,3,2,2019,-0.95,1.26,-0.57,2.66,,518934.0,,0,7,Top,110.83,169.49,,,,,6.20436677201262,-134.772384105438,-7.18909020780348,-13.1415125815114,28.0830808952884,-15.0423753179376,3.91,1.88,3.0,72.5,-41.0,94.1,2233.0,7.1,566029,467092,624413,429664,453943,642708,642086,624424,643446,53.43,0.073,0.069,0.0,1.0,0.0,0.0,2.0,52,6,Sinker,1,4,4,1,4,1,4,1,Standard,Standard,217.0,0.017,-0.25,,,0.09,0.25,88.0,-3,3,0.08,0.92,29,27,29,27,1,3,3.0,1.0,4.0,1.0,1.32,0.95,0.95,,,,,,
SI,2019-07-03,86.5,2.9,5.35,"Judge, Aaron",592450,450306,double,hit_into_play,,,,,5.0,Aaron Judge doubles (3) on a sharp line drive to center fielder Michael Conforto.   DJ LeMahieu scores.,R,R,L,NYM,NYY,X,8.0,line_drive,3,2,2019,1.27,0.75,0.1,2.63,,518934.0,,0,1,Top,85.79,50.32,,,,,-9.21089693611389,-125.685137022003,-1.83348669534831,15.1429441699848,22.8556580657124,-24.0907160068464,3.91,1.88,363.0,108.6,17.0,86.5,2137.0,6.2,566029,467092,624413,429664,453943,642708,642086,624424,643446,54.34,0.727,0.923,1.25,1.0,1.0,1.0,6.0,2,6,Sinker,0,0,0,0,1,0,1,0,Infield shade,Standard,121.0,-0.086,0.711,,,1.519,-0.711,108.6,0,0,0.436,0.5640000000000001,36,27,36,27,1,0,7.0,1.0,9.0,1.0,2.3,1.27,-1.27,,,,,,
SI,2019-07-02,97.9,-1.58,5.63,"Judge, Aaron",592450,554430,field_out,hit_into_play,,,,,7.0,"Aaron Judge grounds out, shortstop Amed Rosario to first baseman Pete Alonso.",R,R,R,NYM,NYY,X,6.0,ground_ball,3,1,2019,-1.32,0.96,-0.42,2.42,,,,0,3,Top,119.98,159.33,,,,,6.29914129852061,-142.445781275066,-5.49851796366856,-19.7359749226999,32.7670551905479,-17.7301310970769,3.86,1.84,3.0,100.0,-36.0,98.9,2270.0,6.9,566028,467092,624413,429664,453943,642708,605204,624424,643446,53.63,0.133,0.132,0.0,1.0,0.0,0.0,2.0,18,5,Sinker,0,2,2,0,2,0,2,0,Standard,Standard,234.0,0.029,-0.458,,,0.157,0.458,100.0,-2,2,0.277,0.723,29,27,29,27,2,1,5.0,2.0,5.0,1.0,1.37,1.32,1.32,,,,,,
SI,2019-07-02,93.7,-1.08,5.37,"Judge, Aaron",592450,607625,field_out,hit_into_play,,,,,11.0,Aaron Judge lines out to center fielder Michael Conforto.,R,R,R,NYM,NYY,X,8.0,line_drive,3,1,2019,-1.2,0.99,-0.86,2.9,,,,1,8,Top,104.88,59.9,,,,,3.25722526582776,-136.509367769849,-2.92228821461144,-15.836892663027,28.2581533506456,-19.2298600490999,3.86,1.84,333.0,97.1,22.0,94.6,2301.0,6.6,566028,467092,624413,429664,453943,642708,605204,624424,643446,53.9,0.3,0.377,0.0,1.0,0.0,0.0,5.0,57,5,Sinker,1,2,2,1,2,1,2,1,Standard,Standard,230.0,0.028,-0.462,,,0.622,0.462,97.1,-1,1,0.268,0.732,29,27,30,27,1,3,3.0,2.0,3.0,1.0,1.57,1.2,1.2,,,,,,
FF,2019-06-30,93.8,1.84,5.62,"Judge, Aaron",592450,593958,single,hit_into_play,,,,,11.0,Aaron Judge singles on a ground ball to left fielder Sam Travis.,R,R,L,BOS,NYY,X,7.0,ground_ball,2,1,2019,0.68,1.38,-1.23,2.91,,,,0,5,Top,73.82,122.56,,,,,-9.311572618,-136.1096859,-4.187580257,10.35433629,29.9779961,-14.63750484,3.93,1.83,,85.8,11.0,92.8,2328.0,5.8,565068,543877,656308,456488,646240,593428,607752,598265,605141,54.66,0.68,0.631,0.9,1.0,1.0,0.0,4.0,38,4,4-Seam Fastball,4,2,2,4,2,4,2,4,,,154.0,-0.044,0.409,,,0.761,-0.409,88.0,2,-2,0.746,0.254,26,27,26,27,3,2,6.0,1.0,5.0,2.0,1.27,0.68,-0.68,,,,,,
FF,2019-06-29,92.6,-2.2,5.33,"Judge, Aaron",592450,642067,home_run,hit_into_play,,,,,2.0,Aaron Judge homers (7) on a line drive to right field.    DJ LeMahieu scores.,R,R,R,BOS,NYY,X,,line_drive,0,1,2019,-1.07,0.97,0.19,3.39,,518934.0,,2,4,Top,224.24,73.07,,,,,8.368185682,-134.5981921,-1.249785227,-14.63367896,27.63126909,-20.43213695,3.96,1.85,375.0,105.8,25.0,92.4,2143.0,6.1,565067,543877,656308,571788,646240,593428,643217,598265,605141,54.37,0.98,1.846,2.0,1.0,0.0,3.0,6.0,48,2,4-Seam Fastball,6,12,12,6,14,6,14,6,,,228.0,-0.033,1.639,,,3.763,-1.639,105.8,-6,6,0.053,0.947,24,27,25,27,1,3,7.0,3.0,70.0,1.0,1.71,1.07,1.07,,,,,,
FF,2019-06-29,95.0,2.01,5.91,"Judge, Aaron",592450,657031,field_out,hit_into_play,,,,,5.0,Aaron Judge flies out to right fielder Mookie Betts.,R,R,L,BOS,NYY,X,9.0,fly_ball,3,1,2019,0.19,1.32,0.03,3.2,,650402.0,518934.0,2,5,Top,172.39,98.09,,,,,-5.669249876,-138.3539472,-4.48333477,3.726240466,29.86869383,-14.2185818,3.96,1.85,,85.8,49.0,95.9,2273.0,6.7,565067,543877,656308,571788,646240,593428,643217,598265,605141,53.81,0.007,0.01,0.0,1.0,0.0,0.0,3.0,61,5,4-Seam Fastball,6,17,17,6,17,6,17,6,,,172.0,0.0,-0.369,,,0.015,0.369,88.0,-11,11,0.002,0.998,26,27,26,27,1,4,3.0,3.0,1.0,1.0,1.17,0.19,-0.19,,,,,,
KN,2019-06-29,75.8,-0.74,5.75,"Judge, Aaron",592450,453214,single,hit_into_play,,,,,6.0,Aaron Judge singles on a sharp line drive to left fielder Andrew Benintendi.,R,R,R,BOS,NYY,X,7.0,line_drive,2,2,2019,-0.18,0.35,0.77,2.81,,,,0,2,Top,86.27,73.57,,,,,3.417625122,-110.2054906,0.33887887,-2.075353327,20.22984478,-29.67257153,3.96,1.85,,104.1,11.0,,,5.8,565067,543877,656308,571788,646240,593428,643217,598265,605141,54.74,0.887,0.878,0.9,1.0,1.0,0.0,4.0,21,5,Knuckleball,6,6,6,6,6,6,6,6,,,207.0,-0.04,0.49,,,1.169,-0.49,104.1,0,0,0.502,0.498,34,27,35,27,1,1,3.0,3.0,1.0,1.0,3.72,0.18,0.18,,,,,,
SL,2019-06-29,83.5,-2.06,6.48,"Judge, Aaron",592450,519144,field_out,hit_into_play,,,,,5.0,Aaron Judge flies out sharply to center fielder Jackie Bradley Jr.,R,R,R,BOS,NYY,X,8.0,fly_ball,0,1,2019,0.35,0.04,0.06,2.89,,,518934.0,0,1,Top,150.6,47.13,,,,,4.121275268,-121.3313763,-1.861484928,2.536485493,23.51243494,-31.73402399,3.96,1.85,,106.2,44.0,81.8,2691.0,5.2,565067,543877,656308,571788,646240,593428,643217,598265,605141,55.3,0.28,0.531,0.0,1.0,0.0,0.0,5.0,2,2,Slider,0,0,0,0,0,0,0,0,,,96.0,0.029,-0.219,,,1.079,0.219,106.2,0,0,0.469,0.531,30,27,31,27,1,0,6.0,3.0,7.0,1.0,3.38,-0.35,-0.35,,,,,,
FC,2019-06-26,88.8,-1.14,5.38,"Judge, Aaron",592450,663423,single,hit_into_play,,,,,6.0,Aaron Judge singles on a ground ball to left fielder Lourdes Gurriel Jr.  Aaron Hicks scores.    Gleyber Torres scores.    DJ LeMahieu to 3rd.,R,R,R,NYY,TOR,X,7.0,ground_ball,1,1,2019,0.39,0.56,0.6,3.2,543305.0,650402.0,518934.0,2,2,Bot,94.07,107.01,,,,,3.40862863619718,-129.254155067994,-0.477049877071525,3.69090955766007,24.2131174271229,-26.1414317187924,3.9,1.85,14.0,102.8,-11.0,88.1,2575.0,5.6,567502,643376,642133,624415,592273,520471,666971,606192,545341,54.86,0.307,0.297,0.9,1.0,1.0,0.0,2.0,24,3,Cutter,1,5,1,5,5,3,3,5,Standard,Standard,145.0,0.138,0.566,,,0.334,-0.566,102.8,-4,-4,0.203,0.203,25,27,26,27,2,1,5.0,1.0,6.0,3.0,2.38,-0.39,-0.39,,,,,,
FF,2019-06-26,97.8,-2.54,5.22,"Judge, Aaron",592450,543339,single,hit_into_play,,,,,7.0,Aaron Judge singles on a ground ball to left fielder Lourdes Gurriel Jr.  Brett Gardner to 3rd.,R,R,R,NYY,TOR,X,7.0,ground_ball,3,2,2019,-0.96,1.16,-0.77,2.44,,,458731.0,1,8,Bot,79.85,97.36,,,,,6.95798588736743,-142.234867563638,-4.68408346279064,-14.5294376849765,30.8722715709055,-15.5227102637836,3.9,1.85,19.0,106.1,-7.0,98.1,2456.0,6.4,567502,643376,642133,624415,592273,520471,666971,606192,545341,54.15,0.313,0.324,0.9,1.0,1.0,0.0,2.0,73,10,4-Seam Fastball,7,6,7,6,6,7,7,6,Infield shift,Strategic,219.0,0.038,0.383,,,0.339,-0.383,106.1,1,1,0.87,0.87,32,27,32,27,1,4,4.0,1.0,2.0,3.0,1.21,0.96,0.96,,,,,,
SI,2019-06-26,93.7,-1.06,6.96,"Judge, Aaron",592450,607352,single,hit_into_play,,,,,7.0,Aaron Judge singles on a sharp line drive to left fielder Lourdes Gurriel Jr.,R,R,R,NYY,TOR,X,7.0,line_drive,2,0,2019,-0.9,1.19,-0.34,2.43,,,,2,6,Bot,81.52,61.72,,,,,3.79130474042447,-136.346043433821,-8.57562696884896,-11.9549934062926,25.0304552695635,-16.0374265472838,3.9,1.85,251.0,116.3,10.0,93.7,2179.0,5.9,567502,643376,642133,624415,592273,520471,666971,606192,545341,54.56,0.827,0.836,0.9,1.0,1.0,0.0,6.0,57,3,Sinker,6,6,6,6,6,6,6,6,Infield shift,Strategic,217.0,0.013,0.228,,,1.158,-0.228,116.3,0,0,0.522,0.522,29,27,29,27,1,3,2.0,1.0,2.0,3.0,1.42,0.9,0.9,,,,,,
SI,2019-06-25,89.7,2.27,5.36,"Judge, Aaron",592450,453385,single,hit_into_play,,,,,6.0,Aaron Judge singles on a line drive to center fielder Teoscar Hernandez.,R,R,L,NYY,TOR,X,8.0,line_drive,1,0,2019,1.14,0.31,0.59,2.72,,,,0,6,Bot,144.07,80.32,,,,,-6.38821212249299,-130.402823664355,-1.19410274012052,13.9811678462846,25.5706913132776,-28.7395385150885,3.9,1.85,286.0,97.1,17.0,88.5,2262.0,5.5,567501,643376,642133,624415,665489,520471,666971,606192,545341,55.03,0.493,0.476,0.9,1.0,1.0,0.0,4.0,43,2,Sinker,3,2,3,2,2,3,3,2,Infield shift,Strategic,105.0,0.029,0.414,,,0.71,-0.414,97.1,1,1,0.743,0.743,35,27,36,27,3,2,5.0,2.0,6.0,1.0,2.61,1.14,-1.14,,,,,,
SI,2019-06-25,90.3,2.38,5.28,"Judge, Aaron",592450,453385,field_out,hit_into_play,,,,,8.0,"Aaron Judge grounds out, third baseman Vladimir Guerrero Jr.  to first baseman Rowdy Tellez.",R,R,L,NYY,TOR,X,5.0,ground_ball,0,0,2019,1.53,0.18,-0.22,2.41,,,,1,3,Bot,99.66,161.87,,,,,-9.47902558250249,-131.206890978429,-1.60189303935885,19.0840951992351,23.7803460752774,-30.0592281682919,3.9,1.85,7.0,75.0,-18.0,89.4,2084.0,5.5,567501,643376,642133,624415,665489,520471,666971,606192,545341,55.0,0.027,0.04,0.0,1.0,0.0,0.0,2.0,20,1,Sinker,3,0,3,0,0,3,3,0,Infield shift,Strategic,97.0,-0.009,-0.281,,,0.027,0.281,88.0,3,3,0.828,0.828,35,27,36,27,2,1,5.0,2.0,6.0,1.0,2.68,1.53,-1.53,,,,,,
SL,2019-06-25,80.7,2.02,5.5,"Judge, Aaron",592450,453385,home_run,hit_into_play,,,,,6.0,Aaron Judge homers (6) on a fly ball to right center field.,R,R,L,NYY,TOR,X,,fly_ball,1,1,2019,0.04,-0.24,0.71,3.2,,,,0,1,Bot,189.18,38.79,,,,,-2.94623706471711,-117.492737900996,1.80012590465446,0.836865741706323,17.5175391053244,-34.8405258076849,3.9,1.85,405.0,106.7,22.0,79.8,2344.0,5.2,567501,643376,642133,624415,665489,520471,666971,606192,545341,55.32,0.947,1.664,2.0,1.0,0.0,3.0,6.0,5,3,Slider,1,0,1,0,0,2,2,0,Infield shift,Strategic,10.0,0.088,1.128,,,3.309,-1.128,106.7,1,1,0.644,0.644,35,27,36,27,1,0,5.0,2.0,6.0,1.0,3.83,0.04,-0.04,,,,,,
FF,2019-06-23,94.3,-1.5,6.94,"Judge, Aaron",592450,434378,field_out,hit_into_play,,,,,9.0,Aaron Judge lines out to second baseman Jose Altuve.,R,R,R,NYY,HOU,X,4.0,line_drive,0,0,2019,-0.65,1.57,0.42,2.36,,,,0,4,Bot,131.63,126.82,,,,,6.39765945265445,-137.015026738245,-9.68513872426789,-9.48936559106256,27.3748346634169,-10.6334396299148,3.93,1.85,176.0,80.9,15.0,94.3,2513.0,6.2,567499,455139,643603,514888,493329,608324,488726,545350,502210,54.31,0.927,0.852,0.0,1.0,0.0,0.0,4.0,31,1,4-Seam Fastball,0,6,0,6,6,0,0,6,Standard,Standard,202.0,-0.01,-0.277,,,1.03,0.277,88.0,-6,-6,0.058,0.058,36,27,36,27,2,1,5.0,1.0,6.0,2.0,1.0,0.65,0.65,,,,,,
CH,2019-06-23,86.3,-0.9,6.85,"Judge, Aaron",592450,606965,field_out,hit_into_play,,,,,8.0,"Aaron Judge grounds out softly, third baseman Yuli Gurriel to first baseman Tyler White.   DJ LeMahieu scores.",R,R,R,NYY,HOU,X,5.0,ground_ball,2,2,2019,-1.13,0.71,0.25,1.88,518934.0,,,1,8,Bot,115.18,171.64,,,,,4.89434505285902,-125.518987368539,-6.98374485908416,-12.6077588604314,21.9210584804884,-23.7481140068369,3.93,1.85,3.0,57.6,-34.0,85.7,1866.0,5.6,567499,455139,643603,514888,493329,608324,488726,545350,502210,54.86,0.073,0.076,0.0,1.0,0.0,0.0,1.0,65,6,Changeup,3,9,3,9,9,4,4,9,Standard,Standard,238.0,-0.004,-0.17,,,0.073,0.17,88.0,-6,-6,0.012,0.012,28,27,29,27,1,3,2.0,1.0,3.0,2.0,2.4,1.13,1.13,,,,,,
FF,2019-06-23,96.4,-1.49,7.08,"Judge, Aaron",592450,434378,field_out,hit_into_play,,,,,2.0,Aaron Judge flies out to right fielder Josh Reddick.,R,R,R,NYY,HOU,X,9.0,fly_ball,3,2,2019,-0.83,1.68,0.26,2.98,,,518934.0,0,1,Bot,183.5,78.22,,,,,6.4513396313997,-140.074526607742,-9.00694927257005,-12.1459984052095,28.5984349167226,-8.65037358719244,3.5,1.71,316.0,93.2,39.0,96.0,2678.0,5.9,567499,455139,643603,514888,493329,608324,488726,545350,502210,54.6,0.04,0.065,0.0,1.0,0.0,0.0,3.0,7,6,4-Seam Fastball,0,1,0,1,1,0,0,1,Standard,Standard,206.0,-0.045,-0.357,,,0.134,0.357,93.2,-1,-1,0.495,0.495,36,27,36,27,1,0,5.0,1.0,6.0,2.0,0.8,0.83,0.83,,,,,,
FC,2019-06-22,86.8,1.43,6.59,"Judge, Aaron",592450,489119,grounded_into_double_play,hit_into_play,,,,,7.0,"Aaron Judge grounds into a double play, third baseman Yuli Gurriel to second baseman Jose Altuve to first baseman Tyler White.   DJ LeMahieu out at 2nd.    Aaron Judge out at 1st.",R,R,L,NYY,HOU,X,5.0,ground_ball,2,0,2019,-0.28,0.57,-0.29,2.41,,,518934.0,0,1,Bot,104.74,169.49,,,,,-3.51573419091376,-126.300843435001,-4.95303246829253,-2.25043291092441,23.1704971037295,-25.4957243586255,3.97,1.89,5.0,94.5,-27.0,86.1,2223.0,5.6,567498,545358,643603,514888,493329,608324,488726,545350,502210,54.89,0.127,0.127,0.0,1.0,0.0,0.0,2.0,6,3,Cutter,0,0,0,0,0,0,0,0,Infield shift,Standard,206.0,-0.089,-0.498,,,0.161,0.498,94.5,0,0,0.599,0.599,32,27,33,27,1,0,5.0,1.0,6.0,1.0,2.51,-0.28,0.28,,,,,,
FF,2019-06-21,94.9,-1.4,5.83,"Judge, Aaron",592450,444468,field_out,hit_into_play,,,,,8.0,Aaron Judge lines out to right fielder Josh Reddick.,R,R,R,NYY,HOU,X,9.0,line_drive,0,0,2019,-0.64,1.22,0.15,2.02,,543305.0,,2,7,Bot,206.99,109.12,,,,,5.49303305668286,-138.066463191544,-7.08672351835145,-9.41808834235531,28.7694991406074,-15.190065108173,3.36,1.6,285.0,89.5,29.0,95.4,2030.0,6.5,567497,455139,643603,514888,493329,608324,488726,664702,502210,54.04,0.087,0.111,0.0,1.0,0.0,0.0,3.0,59,1,4-Seam Fastball,4,1,4,1,1,4,4,1,Infield shift,Standard,208.0,-0.01,-0.305,,,0.197,0.305,89.5,3,3,0.938,0.938,31,27,31,27,1,3,1.0,62.0,5.0,1.0,1.29,0.64,0.64,,,,,,
SI,2019-06-21,91.7,-1.8,5.0,"Judge, Aaron",592450,502748,field_out,hit_into_play,,,,,9.0,Aaron Judge grounds out to first baseman Tyler White.,R,R,R,NYY,HOU,X,3.0,ground_ball,3,2,2019,-1.5,0.66,0.51,1.92,,,,0,1,Bot,150.45,171.52,,,,,8.93834499680956,-133.254975952967,-3.34314906879221,-19.4536001352402,26.264055795417,-23.9021761712118,3.89,1.8,33.0,98.0,-1.0,91.3,2305.0,6.0,567497,455139,643603,514888,493329,608324,664702,545350,488726,54.55,0.4,0.393,0.0,1.0,0.0,0.0,2.0,4,7,Sinker,0,0,0,0,0,0,0,0,Infield shift,Standard,246.0,-0.027,-0.357,,,0.429,0.357,98.0,0,0,0.553,0.553,31,27,31,27,1,0,5.0,62.0,6.0,1.0,2.08,1.5,1.5,,,,,,
SL,2019-04-20,83.7,-1.1,5.95,"Judge, Aaron",592450,641571,field_out,hit_into_play,,,,,5.0,"Aaron Judge grounds out sharply, shortstop Adalberto Mondesi to first baseman Ryan O'Hearn.",R,R,R,NYY,KC,X,6.0,ground_ball,0,0,2019,0.18,-0.19,-0.1,2.37,,,,1,4,Bot,111.85,157.81,,,,,1.95323018522386,-121.780544786857,-1.52349404600086,1.3610092685758,21.6757893025074,-33.9635444118185,3.5,1.67,98.0,114.4,4.0,82.7,2517.0,5.4,567469,595956,656811,593160,641531,609275,460086,571740,624585,55.06,0.647,0.582,0.0,1.0,0.0,0.0,4.0,35,1,Slider,6,0,6,0,0,6,6,0,Infield shift,Standard,44.0,-0.002,-0.281,,,0.699,0.281,114.4,6,6,0.966,0.966,25,27,25,27,3,2,5.0,1.0,6.0,62.0,3.53,-0.18,-0.18,,,,,,
FF,2019-04-20,93.0,-0.75,6.02,"Judge, Aaron",592450,641571,field_out,hit_into_play,,,,,11.0,Aaron Judge flies out to right fielder Jorge Soler.,R,R,R,NYY,KC,X,9.0,fly_ball,3,2,2019,-0.3,1.34,-0.84,3.13,,,518934.0,0,3,Bot,179.92,120.73,,,,,0.411822821679273,-135.432828556414,-4.54667132777793,-3.71730674449626,29.1514265867683,-15.0678951561117,3.5,1.67,243.0,81.3,37.0,92.6,2288.0,6.0,567469,595956,656811,593160,641531,609275,460086,571740,624585,54.5,0.0,0.0,0.0,1.0,0.0,0.0,3.0,23,6,4-Seam Fastball,2,0,2,0,0,2,2,0,Infield shift,Standard,192.0,-0.028,-0.357,,,0.0,0.357,88.0,2,2,0.794,0.794,25,27,25,27,2,1,5.0,1.0,6.0,62.0,1.32,0.3,0.3,,,,,,
FF,2019-04-20,93.9,-2.3,5.33,"Judge, Aaron",592450,642098,single,hit_into_play,,,,,7.0,Aaron Judge singles on a line drive to right fielder Jorge Soler.   Mike Tauchman to 3rd.,R,R,R,NYY,KC,X,9.0,line_drive,2,1,2019,-0.6,1.44,-0.43,2.2,,,643565.0,1,6,Bot,197.41,110.9,,,,,6.20196271218395,-136.540989891867,-5.6151315267085,-8.94711164835006,30.4407332639812,-12.9746896745882,3.5,1.67,269.0,91.7,19.0,94.2,2211.0,6.5,567469,595956,656811,593160,641531,609275,460086,571740,624585,53.95,0.413,0.424,0.9,1.0,1.0,0.0,4.0,52,4,4-Seam Fastball,6,1,6,1,1,6,6,1,Infield shift,Standard,203.0,0.007,0.399,,,0.643,-0.399,91.7,5,5,0.974,0.974,27,27,27,27,1,3,9.0,1.0,11.0,62.0,1.13,0.6,0.6,,,,,,
SL,2019-04-20,81.1,-1.09,5.98,"Judge, Aaron",592450,641571,home_run,hit_into_play,,,,,6.0,Aaron Judge homers (5) on a fly ball to right field.,R,R,R,NYY,KC,X,,fly_ball,2,1,2019,0.38,-0.43,0.41,2.56,,,,1,1,Bot,207.95,65.47,,,,,2.59963421000359,-118.005951912209,-0.272794338433271,2.9762191456803,21.1410648959349,-36.3170101441962,3.5,1.67,369.0,105.2,36.0,80.0,2413.0,5.4,567469,595956,656811,593160,641531,609275,460086,571740,624585,55.06,0.58,1.08,2.0,1.0,0.0,3.0,6.0,7,4,Slider,0,0,0,0,0,1,1,0,Infield shift,Standard,41.0,0.097,1.533,,,2.243,-1.533,105.2,0,0,0.529,0.529,25,27,25,27,1,0,5.0,1.0,6.0,62.0,4.0,-0.38,-0.38,,,,,,
SI,2019-04-19,92.2,-1.96,5.73,"Judge, Aaron",592450,596001,double,hit_into_play,,,,,7.0,"Aaron Judge doubles (2) on a sharp line drive to center fielder Billy Hamilton, deflected by right fielder Terrance Gore.",R,R,R,NYY,KC,X,9.0,line_drive,2,2,2019,-0.99,0.66,-0.56,2.31,,,,0,6,Bot,204.81,84.03,,,,,5.60444113375186,-134.111704987597,-4.30867767452742,-12.9119314480999,25.2963928212583,-23.6501776897111,3.97,1.87,329.0,102.9,20.0,91.9,1979.0,5.8,567468,455117,593160,572008,641531,609275,460086,571740,605253,54.66,0.633,0.836,1.25,1.0,1.0,1.0,5.0,46,6,Sinker,3,2,3,2,2,3,3,2,Infield shift,Standard,236.0,0.06,0.746,,,1.432,-0.746,102.9,1,1,0.738,0.738,26,27,27,27,3,2,5.0,1.0,5.0,1.0,2.04,0.99,0.99,,,,,,
SL,2019-04-19,83.1,-2.07,5.79,"Judge, Aaron",592450,596001,field_out,hit_into_play,,,,,9.0,"Aaron Judge grounds out, shortstop Adalberto Mondesi to first baseman Whit Merrifield.",R,R,R,NYY,KC,X,6.0,ground_ball,0,2,2019,1.23,-0.37,0.41,2.07,,,,1,3,Bot,109.82,148.16,,,,,3.31885463193255,-120.892428000961,-1.38111734088922,11.0421201630956,22.4594249207962,-35.6470150455338,3.55,1.69,22.0,94.9,-4.0,81.8,2495.0,5.3,567468,455117,593160,572008,641531,609275,460086,571740,605253,55.17,0.24,0.292,0.0,1.0,0.0,0.0,2.0,25,3,Slider,2,1,2,1,1,2,2,1,Infield shift,Standard,74.0,-0.01,-0.169,,,0.24,0.169,94.9,1,1,0.643,0.643,26,27,27,27,2,1,5.0,1.0,5.0,1.0,3.78,-1.23,-1.23,,,,,,
SI,2019-04-19,91.3,-1.88,6.03,"Judge, Aaron",592450,596001,grounded_into_double_play,hit_into_play,,,,,11.0,"Aaron Judge grounds into a double play, third baseman Hunter Dozier to second baseman Chris Owings to first baseman Whit Merrifield.   Brett Gardner out at 2nd.    Aaron Judge out at 1st.",R,R,R,NYY,KC,X,5.0,ground_ball,0,1,2019,-1.01,1.07,-1.17,3.05,,,458731.0,0,1,Bot,97.63,166.44,,,,,3.84442432076601,-132.837974776821,-3.85777016190316,-12.4480788094923,26.3129257324031,-19.213441147383,3.55,1.69,53.0,91.9,1.0,90.5,1870.0,5.6,567468,455117,593160,572008,641531,609275,460086,571740,605253,54.88,0.333,0.346,0.0,1.0,0.0,0.0,2.0,5,2,Sinker,0,0,0,0,0,0,0,0,Infield shift,Standard,223.0,-0.068,-0.33,,,0.355,0.33,91.9,0,0,0.578,0.578,26,27,27,27,1,0,5.0,1.0,5.0,1.0,1.72,1.01,1.01,,,,,,
FF,2019-04-18,92.8,-2.39,6.25,"Judge, Aaron",592450,456701,field_out,hit_into_play,,,,,1.0,"Aaron Judge grounds out sharply, second baseman Whit Merrifield to first baseman Ryan O'Hearn.",R,R,R,NYY,KC,X,4.0,ground_ball,2,2,2019,-0.68,1.18,-0.54,3.16,,,,1,3,Bot,136.23,143.08,,,,,6.2165893237208,-135.047209889956,-4.69802378788248,-9.55705244125305,28.6241880038647,-16.9687408239933,3.5,1.65,50.0,102.5,-1.0,92.8,2032.0,6.2,567467,455117,656811,593160,641531,609275,460086,571740,624585,54.27,0.4,0.36,0.0,1.0,0.0,0.0,4.0,24,5,4-Seam Fastball,1,2,1,2,2,1,1,2,Infield shift,Standard,210.0,-0.017,-0.247,,,0.421,0.247,102.5,-1,-1,0.407,0.407,33,27,33,27,2,1,5.0,1.0,5.0,1.0,1.47,0.68,0.68,,,,,,
FF,2019-04-18,91.5,-2.39,6.3,"Judge, Aaron",592450,456701,single,hit_into_play,,,,,11.0,Aaron Judge singles on a sharp ground ball to shortstop Adalberto Mondesi.,R,R,R,NYY,KC,X,6.0,ground_ball,0,0,2019,-0.65,1.09,-0.92,2.68,,,,1,1,Bot,102.7,151.21,,,,,5.08552544884426,-133.15578772142,-5.67093238324945,-8.74372693407409,26.4981236820013,-18.1827265800297,3.5,1.65,17.0,106.0,-8.0,91.9,1974.0,6.3,567467,455117,656811,593160,641531,609275,460086,571740,624585,54.16,0.327,0.321,0.9,1.0,1.0,0.0,2.0,7,1,4-Seam Fastball,0,1,0,1,1,0,0,1,Infield shift,Standard,211.0,0.026,0.427,,,0.354,-0.427,106.0,-1,-1,0.424,0.424,33,27,33,27,1,0,5.0,1.0,5.0,1.0,1.62,0.65,0.65,,,,,,
SL,2019-04-17,84.4,-2.14,5.91,"Judge, Aaron",592450,543135,field_out,hit_into_play,,,,,6.0,Aaron Judge flies out to right fielder Mookie Betts.,R,R,R,NYY,BOS,X,9.0,fly_ball,2,2,2019,0.65,-0.21,0.49,2.85,,,,2,5,Bot,157.57,132.92,,,,,4.81323941789224,-122.864499451472,-0.401218721526033,5.73489655499868,22.1805341034475,-34.4213799136533,3.88,1.78,,89.2,39.0,84.4,2331.0,6.1,567466,543877,456665,456488,646240,593428,502110,598265,605141,54.44,0.013,0.017,0.0,1.0,0.0,0.0,3.0,40,5,Slider,1,3,1,3,3,1,1,3,Standard,Standard,72.0,-0.013,-0.258,,,0.036,0.258,89.2,-2,-2,0.234,0.234,29,27,29,27,3,2,6.0,1.0,96.0,1.0,3.42,-0.65,-0.65,,,,,,
FF,2019-04-17,98.9,-2.3,5.75,"Judge, Aaron",592450,543135,field_out,hit_into_play,,,,,6.0,"Aaron Judge grounds out sharply, second baseman Eduardo Nunez to first baseman Steve Pearce.",R,R,R,NYY,BOS,X,4.0,ground_ball,2,2,2019,-0.67,1.22,0.54,3.37,,,,2,3,Bot,139.28,151.21,,,,,9.25760100243732,-143.601838180776,-3.80020124944523,-11.3645342438006,34.6769788795129,-14.7785819474142,4.13,1.97,101.0,110.5,4.0,98.3,2205.0,6.2,567466,543877,456665,456488,646240,593428,502110,598265,605141,54.33,0.62,0.558,0.0,1.0,0.0,0.0,4.0,24,5,4-Seam Fastball,0,3,0,3,3,0,0,3,Standard,Standard,209.0,-0.009,-0.258,,,0.688,0.258,110.5,-3,-3,0.195,0.195,29,27,29,27,2,1,6.0,1.0,96.0,1.0,1.15,0.67,0.67,,,,,,
FF,2019-04-16,95.2,3.13,5.42,"Judge, Aaron",592450,519242,single,hit_into_play,,,,,4.0,Aaron Judge singles on a sharp line drive to left fielder J.  D. Martinez.,R,R,L,NYY,BOS,X,7.0,line_drive,1,2,2019,1.23,0.93,-0.45,2.74,,,,0,5,Bot,73.86,70.65,,,,,-12.1351315580224,-138.060837272237,-3.38727367290512,18.5352819378226,33.6443912047401,-19.709034970846,3.97,1.84,273.0,103.9,16.0,94.7,2384.0,6.4,567465,506702,519048,456488,646240,593428,502110,598265,605141,54.12,0.633,0.689,0.9,1.0,1.0,0.0,5.0,38,4,4-Seam Fastball,4,0,4,0,0,4,4,0,Standard,Standard,127.0,0.011,0.537,,,1.063,-0.537,103.9,4,4,0.929,0.929,30,27,30,27,3,2,7.0,2.0,7.0,1.0,1.62,1.23,-1.23,,,,,,
FF,2019-04-16,90.8,-1.38,5.04,"Judge, Aaron",592450,541640,single,hit_into_play,,,,,2.0,Aaron Judge singles on a sharp line drive to right fielder Mookie Betts.,R,R,R,NYY,BOS,X,9.0,line_drive,1,2,2019,-0.7,1.32,0.16,3.88,,,,2,6,Bot,197.44,74.24,,,,,5.36602005807948,-132.124814860353,0.195741606679123,-9.41615406057361,29.1569151110286,-16.9618953953734,4.01,1.89,339.0,111.3,18.0,90.8,2214.0,6.4,567465,506702,519048,456488,646240,593428,502110,598265,605141,54.13,0.887,1.32,0.9,1.0,1.0,0.0,6.0,50,4,4-Seam Fastball,7,0,7,0,0,7,7,0,Standard,Standard,208.0,0.0,0.422,,,2.399,-0.422,111.3,7,7,0.992,0.992,29,27,29,27,1,3,,2.0,,1.0,1.45,0.7,0.7,,,,,,
FF,2019-04-16,94.5,3.33,5.33,"Judge, Aaron",592450,519242,field_out,hit_into_play,,,,,5.0,Aaron Judge flies out sharply to center fielder Jackie Bradley.,R,R,L,NYY,BOS,X,8.0,fly_ball,2,1,2019,1.29,0.94,0.03,2.87,,,,1,1,Bot,153.35,60.65,,,,,-11.272015376987,-137.021716086665,-2.71789403964439,18.4855351854409,29.5371331882355,-20.1449183397618,4.04,1.98,333.0,106.6,45.0,93.5,2228.0,5.9,567465,506702,519048,456488,646240,593428,502110,598265,605141,54.64,0.267,0.498,0.0,1.0,0.0,0.0,5.0,5,4,4-Seam Fastball,0,0,0,0,0,0,0,0,Standard,Standard,126.0,-0.019,-0.331,,,1.006,0.331,106.6,0,0,0.529,0.529,30,27,30,27,1,0,7.0,2.0,7.0,1.0,1.67,1.29,-1.29,,,,,,
FF,2019-04-14,93.2,2.21,6.85,"Judge, Aaron",592450,607074,field_out,hit_into_play,,,,,9.0,Aaron Judge lines out to right fielder Daniel Palka.,R,R,L,NYY,CWS,X,9.0,line_drive,0,0,2019,1.02,1.3,0.49,2.19,,,,2,5,Bot,194.64,80.0,,,,,-6.46705574031706,-135.376161726791,-8.88077976320227,13.5562215457737,25.63114107004,-15.0033173987398,3.49,1.6,324.0,96.2,22.0,92.2,2361.0,5.5,567464,543510,475174,570560,660162,641313,650391,544725,594953,55.01,0.28,0.343,0.0,1.0,0.0,0.0,3.0,44,1,4-Seam Fastball,2,5,2,5,5,2,2,5,Infield shift,Strategic,142.0,-0.011,-0.298,,,0.58,0.298,96.2,-3,-3,0.148,0.148,26,27,27,27,3,2,6.0,1.0,5.0,2.0,1.39,1.02,-1.02,,,,,,
FF,2019-04-14,96.0,2.16,6.89,"Judge, Aaron",592450,607074,single,hit_into_play,,,,,5.0,Aaron Judge singles on a line drive to right fielder Daniel Palka.   Mike Tauchman scores.,R,R,L,NYY,CWS,X,9.0,line_drive,1,2,2019,0.79,1.17,-0.16,3.01,,643565.0,,1,3,Bot,173.3,127.53,,,,,-7.73525773913446,-139.49367592395,-7.19060158514514,11.5787909921469,25.9023405735379,-16.0438210200224,3.86,1.79,206.0,85.5,14.0,95.2,2344.0,5.5,567464,543510,475174,570560,660162,641313,650391,544725,594953,55.0,0.913,0.837,0.9,1.0,1.0,0.0,4.0,21,7,4-Seam Fastball,1,0,1,0,0,2,2,0,Standard,Standard,146.0,0.087,0.614,,,1.013,-0.614,88.0,1,1,0.679,0.679,26,27,27,27,2,1,6.0,1.0,5.0,2.0,1.35,0.79,-0.79,,,,,,
FF,2019-04-14,94.2,-2.29,6.15,"Judge, Aaron",592450,516969,field_error,hit_into_play,,,,,11.0,Aaron Judge reaches on a throwing error by shortstop Tim Anderson.,R,R,R,NYY,CWS,X,6.0,ground_ball,1,0,2019,-0.76,1.32,-1.03,3.0,,,,2,8,Bot,114.9,145.11,,,,,4.85352450164339,-136.907197800954,-5.26990133810257,-10.3353492146875,30.0130202869966,-15.0334983781096,3.86,1.79,16.0,88.6,-10.0,93.0,2192.0,5.6,567464,543510,475174,570560,660162,641313,650391,641553,544725,54.88,0.193,0.19,0.9,1.0,0.0,0.0,2.0,65,2,4-Seam Fastball,2,5,2,5,5,2,2,5,Standard,Standard,210.0,0.012,0.339,,,0.22,-0.339,88.6,-3,-3,0.044,0.044,29,27,30,27,1,3,4.0,1.0,2.0,2.0,1.32,0.76,0.76,,,,,,
FC,2019-04-13,85.9,-1.75,6.42,"Judge, Aaron",592450,621114,home_run,hit_into_play,,,,,5.0,Aaron Judge homers (4) on a fly ball to right field.,R,R,R,NYY,CWS,X,,fly_ball,0,1,2019,0.46,-0.25,0.19,2.66,,,,0,8,Bot,218.48,91.11,,,,,3.68447369633209,-125.151051572878,-2.19686192636224,4.17344546762698,24.2856995128722,-34.601232393109,3.87,1.79,335.0,101.6,30.0,86.5,2475.0,6.5,567463,456078,547989,570560,660162,641313,650391,641553,544725,54.01,0.82,1.567,2.0,1.0,0.0,3.0,6.0,55,2,Cutter,3,0,3,0,0,4,4,0,Infield shift,Standard,62.0,0.016,1.158,,,3.187,-1.158,101.6,3,3,0.972,0.972,25,27,25,27,1,3,3.0,1.0,4.0,1.0,3.31,-0.46,-0.46,,,,,,
FC,2019-04-13,86.7,-2.38,6.21,"Judge, Aaron",592450,467100,field_out,hit_into_play,,,,,9.0,Aaron Judge flies out to right fielder Leury Garcia.,R,R,R,NYY,CWS,X,9.0,fly_ball,2,2,2019,-0.07,0.6,0.48,2.33,,,458731.0,0,1,Bot,173.19,105.37,,,,,6.89203350368884,-126.018830191355,-4.22155561108946,-2.04482608643471,24.6010856751547,-25.34506609845,3.9,1.79,249.0,78.6,39.0,85.9,2103.0,5.8,567463,456078,547989,602922,660162,641313,650391,641553,544725,54.73,0.013,0.015,0.0,1.0,0.0,0.0,3.0,5,6,Cutter,0,0,0,0,0,0,0,0,Infield shift,Standard,186.0,-0.029,-0.234,,,0.025,0.234,88.0,0,0,0.58,0.58,32,27,32,27,1,0,6.0,1.0,5.0,1.0,2.5,0.07,0.07,,,,,,
FF,2019-04-12,92.4,-1.46,6.67,"Judge, Aaron",592450,608337,sac_fly,hit_into_play,,,,,1.0,Aaron Judge out on a sacrifice fly to left fielder Eloy Jimenez.   Gio Urshela scores.,R,R,R,NYY,CWS,X,7.0,line_drive,0,0,2019,-0.67,1.63,-0.75,2.95,570482.0,,519222.0,1,2,Bot,63.43,93.16,,,,,3.31907056378614,-134.509062960319,-7.36914024004872,-8.92254681994327,28.9168058054158,-10.6691677936783,3.48,1.63,290.0,111.9,15.0,93.3,2205.0,6.8,567462,543510,547989,602922,660162,641313,650391,641553,544725,53.7,0.733,0.86,0.0,1.0,0.0,0.0,6.0,21,1,4-Seam Fastball,3,1,3,1,1,4,4,1,Standard,Standard,202.0,0.013,-0.168,,,1.409,0.168,111.9,2,2,0.794,0.794,24,27,25,27,2,1,6.0,2.0,5.0,1.0,0.99,0.67,0.67,,,,,,
FF,2019-04-12,94.7,-1.26,6.74,"Judge, Aaron",592450,608337,field_error,hit_into_play,,,,,8.0,Aaron Judge reaches on a throwing error by shortstop Tim Anderson.,R,R,R,NYY,CWS,X,6.0,ground_ball,1,0,2019,-0.25,1.64,-0.07,1.95,,,,1,1,Bot,104.74,155.27,,,,,3.65376738540041,-137.617697345149,-10.4876479248123,-3.9105265365135,29.0057332265837,-9.29651403615217,3.86,1.79,99.0,96.0,5.0,94.6,2350.0,6.2,567462,543510,547989,602922,660162,641313,650391,641553,544725,54.28,0.553,0.517,0.9,1.0,0.0,0.0,4.0,7,2,4-Seam Fastball,0,1,0,1,1,0,0,1,Infield shift,Standard,189.0,0.023,0.443,,,0.647,-0.443,96.0,-1,-1,0.427,0.427,24,27,25,27,1,0,6.0,2.0,5.0,1.0,0.91,0.25,0.25,,,,,,
CU,2019-04-10,83.4,-0.62,6.15,"Judge, Aaron",592450,519151,single,hit_into_play,,,,,4.0,Aaron Judge singles on a sharp line drive to left fielder Michael Brantley.,R,R,R,HOU,NYY,X,7.0,line_drive,0,2,2019,0.97,-1.06,-0.78,2.88,,,,1,9,Top,61.11,80.23,,,,,-2.20981140994138,-121.292701802771,0.946729627673352,9.80185112138742,23.5887496502993,-42.8808030904852,3.76,1.75,259.0,106.9,11.0,82.6,3158.0,5.8,565611,545358,649557,514888,493329,621043,488726,545350,543807,54.72,0.927,0.921,0.9,1.0,1.0,0.0,4.0,80,3,Curveball,8,6,6,8,6,8,6,8,Standard,Standard,42.0,-0.062,0.54,,,1.247,-0.54,106.9,2,-2,0.972,0.028,30,27,31,27,1,4,2.0,1.0,3.0,2.0,4.41,-0.97,-0.97,,,,,,
FF,2019-04-09,99.7,-2.22,5.93,"Judge, Aaron",592450,543037,field_out,hit_into_play,,,,,11.0,Aaron Judge flies out to right fielder Josh Reddick.,R,R,R,HOU,NYY,X,9.0,fly_ball,3,2,2019,-0.91,1.64,-0.81,4.29,570482.0,,,2,3,Top,169.57,123.46,,,,,5.98678081437665,-144.961596625052,-2.88042890330575,-14.2167302980251,36.9328981110247,-8.89096255380239,3.84,1.6,210.0,75.5,50.0,99.1,2420.0,6.2,565610,455139,493329,514888,608324,621043,643393,543807,502210,54.3,0.127,0.139,0.0,1.0,0.0,0.0,3.0,20,6,4-Seam Fastball,1,1,1,1,1,1,1,1,Infield shift,Standard,209.0,0.044,-0.315,,,0.179,0.315,88.0,0,0,0.511,0.489,28,27,29,27,2,1,6.0,1.0,5.0,1.0,0.69,0.91,0.91,,,,,,
FF,2019-04-09,97.7,-1.61,5.87,"Judge, Aaron",592450,444468,single,hit_into_play,,,,,5.0,Aaron Judge singles on a ground ball to right fielder Josh Reddick.,R,R,R,HOU,NYY,X,9.0,ground_ball,2,1,2019,-0.56,1.16,0.09,2.78,,,,1,8,Top,175.34,114.63,,,,,5.86926759513489,-142.020779119454,-5.45813070516113,-8.98787840657135,33.9753481495616,-15.4787030470124,3.77,1.75,20.0,111.4,-7.0,97.5,1983.0,6.3,565610,455139,493329,514888,608324,621043,643393,543807,502210,54.19,0.5,0.507,0.9,1.0,1.0,0.0,2.0,61,4,4-Seam Fastball,3,3,3,3,3,3,3,3,Infield shift,Standard,206.0,-0.043,0.378,,,0.572,-0.378,111.4,0,0,0.541,0.4589999999999999,31,27,31,27,1,3,2.0,1.0,1.0,1.0,1.25,0.56,0.56,,,,,,
FF,2019-04-09,95.3,-2.0,5.98,"Judge, Aaron",592450,543037,field_out,hit_into_play,,,,,4.0,"Aaron Judge grounds out sharply, shortstop Carlos Correa to first baseman Yuli Gurriel.",R,R,R,HOU,NYY,X,6.0,ground_ball,0,0,2019,-0.99,1.58,-0.29,2.79,,,,1,1,Top,104.23,149.17,,,,,6.59504193871601,-138.296404992048,-6.05189801299656,-14.0030807893844,35.9347098992026,-11.1607723289545,3.49,1.6,92.0,110.4,4.0,93.7,2399.0,5.9,565610,455139,493329,514888,608324,621043,643393,543807,502210,54.62,0.62,0.558,0.0,1.0,0.0,0.0,4.0,2,1,4-Seam Fastball,0,0,0,0,0,0,0,0,Infield shift,Standard,212.0,0.016,-0.281,,,0.688,0.281,110.4,0,0,0.522,0.478,28,27,29,27,1,0,6.0,1.0,5.0,1.0,1.02,0.99,0.99,,,,,,
FF,2019-04-08,95.7,-1.99,6.65,"Judge, Aaron",592450,434378,home_run,hit_into_play,,,,,3.0,Aaron Judge homers (3) on a fly ball to right field.,R,R,R,HOU,NYY,X,,fly_ball,1,2,2019,-1.01,1.49,0.49,3.48,,,,1,5,Top,228.55,92.9,,,,,8.88041488033227,-139.046698730871,-6.12393194154089,-15.2642175707401,32.1545517226127,-11.5321347446192,3.76,1.75,347.0,103.8,24.0,96.0,2657.0,6.6,565609,455139,493329,514888,608324,621043,488726,543807,502210,53.89,0.887,1.577,2.0,1.0,0.0,3.0,6.0,34,4,4-Seam Fastball,1,1,1,1,2,1,2,1,Standard,Strategic,214.0,-0.15,1.666,,,3.145,-1.666,103.8,0,0,0.536,0.4639999999999999,36,27,36,27,3,2,6.0,1.0,5.0,1.0,0.99,1.01,1.01,,,,,,
FF,2019-04-08,96.9,-0.68,6.3,"Judge, Aaron",592450,532077,field_out,hit_into_play,,,,,6.0,Aaron Judge lines out sharply to right fielder George Springer.,R,R,R,HOU,NYY,X,9.0,line_drive,0,0,2019,-0.6,1.47,0.35,2.54,,,,2,9,Top,196.1,91.73,,,,,4.10147883957026,-140.903085171328,-7.78786180516259,-8.88426567393913,31.7505015692202,-11.2117291472815,3.76,1.75,303.0,109.1,13.0,96.5,2463.0,6.1,565609,455139,493329,514888,608324,621043,488726,545350,543807,54.43,0.72,0.715,0.0,1.0,0.0,0.0,5.0,72,1,4-Seam Fastball,4,3,3,4,3,4,3,4,Infield shift,Standard,202.0,0.037,-0.298,,,1.036,0.298,109.1,1,-1,0.963,0.037,24,27,24,27,1,4,1.0,1.0,1.0,1.0,0.98,0.6,0.6,,,,,,
FF,2019-04-08,94.4,-1.84,7.1,"Judge, Aaron",592450,434378,single,hit_into_play,,,,,8.0,Aaron Judge singles on a line drive to left fielder Michael Brantley.,R,R,R,HOU,NYY,X,7.0,line_drive,0,1,2019,-0.86,1.74,0.27,2.22,,,,1,1,Top,63.64,107.65,,,,,7.23461988374977,-136.872928429653,-10.6204215711163,-12.1363484211964,29.5002845674278,-8.63374028713788,3.76,1.75,262.0,84.1,20.0,93.3,2600.0,5.8,565609,455139,493329,514888,608324,621043,488726,543807,502210,54.72,0.693,0.682,0.9,1.0,1.0,0.0,4.0,2,2,4-Seam Fastball,0,0,0,0,0,0,0,0,Strategic,Standard,206.0,-0.026,0.475,,,0.888,-0.475,88.0,0,0,0.524,0.476,36,27,36,27,1,0,6.0,1.0,5.0,1.0,0.89,0.86,0.86,,,,,,
FF,2019-04-07,92.8,-2.36,5.86,"Judge, Aaron",592450,605276,field_out,hit_into_play,,,,,12.0,Aaron Judge flies out to center fielder Cedric Mullins.,R,R,R,BAL,NYY,X,8.0,fly_ball,0,1,2019,-0.12,1.71,0.31,3.89,,458731.0,,0,3,Top,149.44,109.55,,,,,6.97418677426667,-134.562827869864,-2.65348205235465,-3.27886734468268,37.2598468304852,-11.8735713214238,3.76,1.75,279.0,97.1,50.0,90.3,2296.0,5.6,564932,491696,448801,593643,547004,542340,596105,656775,641820,54.89,0.02,0.033,0.0,1.0,0.0,0.0,3.0,17,2,4-Seam Fastball,0,2,2,0,2,0,2,0,Standard,Standard,184.0,0.027,-0.237,,,0.054,0.237,97.1,-2,2,0.245,0.755,25,27,26,27,2,1,6.0,1.0,5.0,1.0,1.09,0.12,0.12,,,,,,
SL,2019-04-07,87.4,-2.87,6.04,"Judge, Aaron",592450,605541,grounded_into_double_play,hit_into_play,,,,,5.0,"Aaron Judge grounds into a double play, third baseman Rio Ruiz to second baseman Hanser Alberto to first baseman Chris Davis.   Brett Gardner out at 2nd.    Aaron Judge out at 1st.",R,R,R,BAL,NYY,X,5.0,ground_ball,1,2,2019,0.43,0.11,0.16,2.82,,,458731.0,0,7,Top,99.66,169.49,,,,,6.36695109176082,-127.186798679752,-1.89266848776743,3.42307367509033,23.0929172161196,-30.844532561219,3.76,1.75,10.0,100.7,-16.0,86.6,2288.0,5.5,564932,491696,448801,593643,547004,542340,596105,656775,641820,54.98,0.287,0.275,0.0,1.0,0.0,0.0,2.0,49,4,Slider,0,5,5,0,5,0,5,0,Standard,Standard,105.0,0.008,-0.303,,,0.359,0.303,100.7,-5,5,0.029,0.971,29,27,29,27,1,3,3.0,1.0,3.0,1.0,2.93,-0.43,-0.43,,,,,,
SL,2019-04-07,82.8,-2.75,6.02,"Judge, Aaron",592450,573185,field_out,hit_into_play,,,,,4.0,Aaron Judge pops out to second baseman Hanser Alberto in foul territory.,R,R,R,BAL,NYY,X,4.0,popup,2,2,2019,0.75,0.47,-0.78,2.83,,,458731.0,0,8,Top,195.66,143.08,,,,,3.02636639047067,-120.546471272813,-1.69616465723377,6.65336766496895,21.8040266009826,-27.6426111739885,3.76,1.75,,80.0,69.0,82.1,2617.0,5.6,564932,491696,448801,593643,547004,542340,596105,572073,641820,54.87,0.0,0.0,0.0,1.0,0.0,0.0,3.0,66,5,Slider,3,9,9,3,9,3,9,3,Standard,Standard,122.0,0.001,-0.234,,,0.0,0.234,88.0,-6,6,0.007,0.993,30,27,31,27,1,4,,1.0,3.0,1.0,2.92,-0.75,-0.75,,,,,,
CH,2019-04-07,85.8,-2.45,5.8,"Judge, Aaron",592450,605276,field_out,hit_into_play,,,,,4.0,"Aaron Judge grounds out sharply, third baseman Rio Ruiz to first baseman Chris Davis.",R,R,R,BAL,NYY,X,5.0,ground_ball,1,1,2019,-1.44,0.93,-0.52,2.44,,,,1,1,Top,98.79,172.18,,,,,7.2538076927863,-124.31062824272,-3.24749553045382,-16.0655229345172,31.1336254779246,-22.535361176666,3.76,1.75,8.0,91.4,-17.0,83.4,1780.0,5.5,564932,491696,448801,593643,547004,542340,596105,656775,641820,54.99,0.153,0.154,0.0,1.0,0.0,0.0,2.0,2,3,Changeup,0,0,0,0,0,0,0,0,Standard,Standard,237.0,0.015,-0.268,,,0.167,0.268,91.4,0,0,0.523,0.477,25,27,26,27,1,0,6.0,1.0,5.0,1.0,2.36,1.44,1.44,,,,,,
SL,2019-04-06,79.0,-2.42,6.13,"Judge, Aaron",592450,605164,home_run,hit_into_play,,,,,5.0,Aaron Judge homers (2) on a fly ball to center field.   Brett Gardner scores.,R,R,R,BAL,NYY,X,,fly_ball,3,2,2019,0.59,0.04,0.25,3.01,,458731.0,,1,3,Top,111.42,22.33,,,,,4.6757488528573,-114.825243031137,-0.0708632879929021,4.1089615711645,21.2830628979496,-32.0838283533059,3.76,1.75,418.0,109.4,29.0,77.4,2626.0,5.2,564931,600474,641820,542340,593643,621006,596105,656775,572073,55.32,0.993,1.927,2.0,1.0,0.0,3.0,6.0,20,6,Slider,1,1,1,1,3,1,3,1,Standard,Standard,94.0,-0.169,1.251,,,3.965,-1.251,109.4,0,0,0.475,0.525,26,27,27,27,2,1,6.0,2.0,5.0,1.0,3.78,-0.59,-0.59,,,,,,
SL,2019-04-06,84.5,2.63,5.18,"Judge, Aaron",592450,643316,field_out,hit_into_play,,,,,5.0,"Aaron Judge grounds out, shortstop Richie Martin to first baseman Trey Mancini.",R,R,L,BAL,NYY,X,6.0,ground_ball,3,2,2019,-1.63,-0.53,0.24,2.74,,,,1,7,Top,123.54,148.81,,,,,-2.37115829265531,-122.856783451806,1.73414528292534,-15.4875629215224,26.1423899361301,-38.0496289828121,3.49,1.6,3.0,85.5,-39.0,83.1,2701.0,5.6,564931,600474,641820,542340,593643,621006,596105,656775,572073,54.92,0.053,0.059,0.0,1.0,0.0,0.0,2.0,55,6,Slider,2,3,3,2,3,2,3,2,Standard,Standard,288.0,0.023,-0.366,,,0.053,0.366,88.0,-1,1,0.328,0.6719999999999999,26,27,27,27,1,3,4.0,2.0,6.0,1.0,3.84,-1.63,1.63,,,,,,
FF,2019-04-06,91.7,-2.18,6.35,"Judge, Aaron",592450,605164,home_run,hit_into_play,,,,,8.0,Aaron Judge homers (1) on a fly ball to center field.,R,R,R,BAL,NYY,X,,fly_ball,2,2,2019,-0.47,1.71,0.24,2.37,,,,1,1,Top,145.65,25.6,,,,,7.03283973168838,-133.120594809211,-7.72369671588928,-6.97700712240411,28.1456901522642,-10.8109715575738,3.76,1.75,412.0,110.3,28.0,90.8,2503.0,5.9,564931,600474,641820,542340,593643,621006,596105,656775,572073,54.64,1.0,1.937,2.0,1.0,0.0,3.0,6.0,2,6,4-Seam Fastball,0,0,0,0,1,0,1,0,Standard,Standard,195.0,-0.1,1.617,,,3.989,-1.617,110.3,0,0,0.524,0.476,26,27,27,27,1,0,6.0,2.0,5.0,1.0,1.06,0.47,0.47,,,,,,
SI,2019-04-04,93.6,-1.8,6.06,"Judge, Aaron",592450,502171,force_out,hit_into_play,,,,,6.0,"Aaron Judge lines into a force out, second baseman Jonathan Villar to shortstop Richie Martin.   Brett Gardner out at 2nd.    Aaron Judge to 1st.",R,R,R,BAL,NYY,X,4.0,line_drive,1,2,2019,-1.09,1.1,0.4,2.71,,,458731.0,0,1,Top,144.41,152.59,,,,,7.74203618460817,-135.743239759601,-5.06807236178125,-14.5604190853758,28.5120146348698,-18.3686700608696,3.76,1.75,187.0,118.1,7.0,91.3,2023.0,5.0,564930,491696,448801,542340,547004,621006,596105,572073,641820,55.48,0.747,0.713,0.0,1.0,0.0,0.0,6.0,2,4,Sinker,0,0,0,0,0,0,0,0,Standard,Standard,225.0,0.025,-0.191,,,0.965,0.191,118.1,0,0,0.473,0.527,31,27,32,27,1,0,,1.0,16.0,2.0,1.64,1.09,1.09,,,,,,
FF,2019-04-03,91.5,2.25,5.47,"Judge, Aaron",592450,571510,single,hit_into_play,,,,,2.0,Aaron Judge singles on a sharp line drive to right fielder Nicholas Castellanos.   DJ LeMahieu scores.,R,R,L,NYY,DET,X,9.0,line_drive,1,1,2019,0.88,1.32,-0.07,3.14,,518934.0,,1,3,Bot,190.79,105.4,,,,,-7.68328040149969,-133.073748081806,-2.8418158327752,11.9386895349588,26.7597275771933,-16.2068646512494,3.76,1.75,220.0,104.7,10.0,91.4,2560.0,6.1,567461,543308,408234,543281,493596,474568,621514,592348,592206,54.41,0.867,0.867,0.9,1.0,1.0,0.0,4.0,21,3,4-Seam Fastball,0,0,0,0,0,1,1,0,Infield shift,Standard,146.0,0.096,0.55,,,1.127,-0.55,104.7,0,0,0.575,0.575,28,27,28,27,2,1,5.0,1.0,7.0,1.0,1.42,0.88,-0.88,,,,,,
FF,2019-04-03,91.4,2.34,5.49,"Judge, Aaron",592450,571510,field_out,hit_into_play,,,,,5.0,Aaron Judge lines out to right fielder Nicholas Castellanos.,R,R,L,NYY,DET,X,9.0,line_drive,0,0,2019,1.03,1.13,0.07,2.48,,,,1,1,Bot,207.32,96.79,,,,,-7.95140363242369,-132.826120778353,-4.13601328166967,13.9356620083085,28.7422524673401,-18.105790714219,3.49,1.6,308.0,99.5,20.0,91.5,2414.0,6.4,567461,543308,408234,543281,493596,474568,621514,592348,592206,54.06,0.4,0.491,0.0,1.0,0.0,0.0,5.0,5,1,4-Seam Fastball,0,0,0,0,0,0,0,0,Infield shift,Standard,138.0,-0.016,-0.281,,,0.805,0.281,99.5,0,0,0.526,0.526,28,27,28,27,1,0,5.0,1.0,7.0,1.0,1.6,1.03,-1.03,,,,,,
CU,2019-04-02,80.7,-2.21,5.74,"Judge, Aaron",592450,519455,single,hit_into_play,,,,,8.0,Aaron Judge singles on a sharp ground ball to center fielder Dustin Peterson.,R,R,R,NYY,DET,X,8.0,ground_ball,2,2,2019,0.54,-0.43,-0.03,2.27,,,,2,3,Bot,118.96,93.3,,,,,3.7945148136444,-117.427735921591,-0.339448723367702,4.24019404215262,20.0286926698812,-36.2743815204798,3.76,1.75,30.0,113.5,-2.0,79.8,2502.0,5.5,567460,606988,543308,543281,600869,474568,621514,640460,592206,55.03,0.573,0.563,0.9,1.0,1.0,0.0,4.0,23,5,Curveball,1,0,1,0,0,1,1,0,Standard,Standard,51.0,0.012,0.373,,,0.685,-0.373,113.5,1,1,0.632,0.632,33,27,33,27,2,1,5.0,1.0,7.0,1.0,4.02,-0.54,-0.54,,,,,,
FF,2019-04-01,88.5,-1.84,6.63,"Judge, Aaron",592450,475115,field_out,hit_into_play,,,,,5.0,"Aaron Judge grounds out, pitcher Tyson Ross to first baseman Niko Goodrum.",R,R,R,NYY,DET,X,1.0,ground_ball,2,1,2019,-0.01,0.47,0.23,2.39,,,,1,3,Bot,128.61,180.67,,,,,4.97436737556867,-128.751971489042,-5.19370763831292,-1.01428624758086,23.2646505315348,-26.4313908370852,3.76,1.75,23.0,74.1,-3.0,87.3,2807.0,5.2,567459,606988,592348,543281,600869,474568,621514,543484,592206,55.26,0.107,0.119,0.0,1.0,0.0,0.0,2.0,24,4,4-Seam Fastball,1,0,1,0,0,1,1,0,Standard,Standard,181.0,-0.017,-0.331,,,0.109,0.331,88.0,1,1,0.65,0.65,32,27,32,27,2,1,,1.0,6.0,1.0,2.53,0.01,0.01,,,,,,
FF,2019-04-01,95.9,-2.2,5.75,"Judge, Aaron",592450,657585,double,hit_into_play,,,,,8.0,Aaron Judge doubles (1) on a sharp fly ball to center fielder Mikie Mahtook.,R,R,R,NYY,DET,X,8.0,fly_ball,1,2,2019,-0.61,1.29,0.23,2.33,,,,2,7,Bot,167.58,41.29,,,,,7.70258768892393,-139.296399013332,-6.23307070196734,-9.51005858268671,31.5865198017514,-14.5092887149614,3.76,1.75,384.0,106.8,22.0,94.8,2194.0,5.8,567459,606988,592348,543281,600869,474568,621514,543484,592206,54.7,0.947,1.664,1.25,1.0,1.0,1.0,6.0,57,4,4-Seam Fastball,3,1,3,1,1,3,3,1,Standard,Standard,205.0,0.013,0.685,,,3.309,-0.685,106.8,2,2,0.867,0.867,26,27,26,27,1,3,3.0,1.0,8.0,1.0,1.25,0.61,0.61,,,,,,
FF,2019-03-31,92.2,0.33,6.93,"Judge, Aaron",592450,607644,single,hit_into_play,,,,,4.0,Aaron Judge singles on a line drive to right fielder Trey Mancini.   Greg Bird scores.    DJ LeMahieu scores.    Brett Gardner to 3rd.,R,R,L,NYY,BAL,X,9.0,line_drive,1,1,2019,0.39,1.67,-0.33,2.51,595885.0,518934.0,458731.0,2,4,Bot,190.32,118.93,,,,,-2.47989601893552,-133.954080782612,-8.88397193248443,5.1337714420938,29.0189517199392,-10.6878947887703,3.76,1.75,245.0,96.5,16.0,91.4,2260.0,5.9,567458,600474,448801,542340,547004,621006,596105,572073,641820,54.61,0.633,0.604,0.9,1.0,1.0,0.0,4.0,37,3,4-Seam Fastball,1,4,1,4,4,3,3,4,Strategic,Standard,167.0,0.183,0.566,,,0.874,-0.566,96.5,-3,-3,0.245,0.245,26,27,26,27,1,2,,1.0,4.0,1.0,1.07,0.39,-0.39,,,,,,
SI,2019-03-30,93.5,-2.58,5.71,"Judge, Aaron",592450,642231,field_out,hit_into_play,,,,,11.0,"Aaron Judge grounds out, second baseman Jonathan Villar to first baseman Trey Mancini.",R,R,R,NYY,BAL,X,4.0,ground_ball,0,0,2019,-1.24,1.0,-1.25,3.22,,,,0,5,Bot,150.45,152.22,,,,,6.02728866971666,-135.91620563749,-2.79328955723776,-16.3563694676485,29.86609012633,-19.6424564465437,3.76,1.75,29.0,68.7,-3.0,92.4,2275.0,5.7,567457,491696,641820,542340,547004,621006,596105,623515,572073,54.81,0.093,0.097,0.0,1.0,0.0,0.0,2.0,36,1,Sinker,1,0,1,0,0,1,1,0,Standard,Standard,231.0,-0.021,-0.277,,,0.1,0.277,88.0,1,1,0.708,0.708,27,27,27,27,2,2,,2.0,4.0,1.0,1.67,1.24,1.24,,,,,,
SL,2019-03-30,83.1,-2.89,5.01,"Judge, Aaron",592450,612434,field_out,hit_into_play,,,,,4.0,"Aaron Judge grounds out sharply, third baseman Rio Ruiz to first baseman Trey Mancini.",R,R,R,NYY,BAL,X,5.0,ground_ball,3,2,2019,1.0,0.17,-0.35,2.59,,,,1,7,Bot,91.23,163.46,,,,,3.89190007116322,-121.011087619171,0.477571950620583,9.02299632787983,20.1166487665886,-30.8204570192426,3.77,1.72,63.0,111.0,1.0,82.8,,5.7,567457,491696,641820,542340,547004,621006,596105,656775,572073,54.79,0.6,0.566,0.0,1.0,0.0,0.0,4.0,56,6,Slider,1,3,1,3,3,1,1,3,Standard,Standard,100.0,-0.034,-0.366,,,0.698,0.366,111.0,-2,-2,0.188,0.188,24,27,25,27,1,3,,2.0,3.0,1.0,3.17,-1.0,-1.0,,,,,,
SI,2019-03-30,87.5,2.8,6.09,"Judge, Aaron",592450,542947,single,hit_into_play,,,,,5.0,Aaron Judge singles on a line drive to left fielder Dwight Smith.   DJ LeMahieu to 3rd.,R,R,L,NYY,BAL,X,7.0,line_drive,2,2,2019,1.13,0.42,0.2,2.59,,518934.0,,1,9,Bot,84.73,93.97,,,,,-8.50131377248695,-127.081460231267,-3.14019449754782,13.7618934929263,24.430615875024,-27.2915690174993,3.76,1.75,269.0,98.2,15.0,87.1,1886.0,6.0,567457,491696,641820,542340,547004,621006,596105,656775,572073,54.51,0.693,0.682,0.9,1.0,1.0,0.0,4.0,75,5,Sinker,2,5,2,5,5,2,2,5,Standard,Standard,110.0,0.07,0.565,,,0.971,-0.565,98.2,-3,-3,0.048,0.048,32,27,32,27,1,4,,2.0,2.0,1.0,2.6,1.13,-1.13,,,,,,
CH,2019-03-28,84.1,-0.67,6.63,"Judge, Aaron",592450,488768,single,hit_into_play,,,,,11.0,Aaron Judge singles on a soft ground ball to second baseman Jonathan Villar.,R,R,R,NYY,BAL,X,4.0,ground_ball,3,2,2019,-1.08,0.76,-0.91,2.98,,,,0,3,Bot,124.13,149.05,,,,,1.51064404803003,-122.437842657737,-3.54342773790149,-10.8814168670856,23.0682816088414,-24.2834905710227,3.76,1.75,4.0,68.2,-35.0,83.2,1344.0,5.5,567456,491696,448801,542340,547004,621006,596105,656775,572073,54.97,0.067,0.063,0.9,1.0,1.0,0.0,2.0,21,7,Changeup,3,0,3,0,0,3,3,0,Standard,Standard,235.0,0.015,0.375,,,0.072,-0.375,88.0,3,3,0.842,0.842,32,27,33,27,2,1,,,5.0,2.0,2.54,1.08,1.08,,,,,,
FF,2019-03-28,93.6,-0.84,6.6,"Judge, Aaron",592450,488768,single,hit_into_play,,,,,2.0,Aaron Judge singles on a ground ball to right fielder Joey Rickard.,R,R,R,NYY,BAL,X,9.0,ground_ball,0,1,2019,-1.12,1.37,0.0,3.55,,,,1,1,Bot,173.31,101.9,,,,,4.42732463343239,-135.844314663008,-4.79672637370454,-14.238125104897,33.3103443343846,-15.1954791425681,3.76,1.75,98.0,108.4,5.0,91.0,2263.0,5.1,567456,491696,448801,542340,547004,621006,596105,656775,572073,55.37,0.667,0.623,0.9,1.0,1.0,0.0,4.0,6,2,4-Seam Fastball,0,0,0,0,0,0,0,0,Infield shift,Standard,219.0,0.027,0.475,,,0.764,-0.475,108.4,0,0,0.524,0.524,32,27,33,27,1,0,,,5.0,2.0,1.39,1.12,1.12,,,,,,
,2019-03-19,,,,"Judge, Aaron",592450,607192,single,hit_into_play,,,,,,Aaron Judge singles on a line drive to center fielder Kevin Kiermaier.   Brett Gardner scores.,S,R,R,NYY,TB,X,8.0,line_drive,1,0,2019,,,,,,458731.0,,1,3,Bot,115.13,86.83,,,,,,,,,,,,,,,,,,,567453,605421,596847,642221,621002,621563,519295,595281,628338,,,,0.9,,1.0,0.0,,22,2,,1,1,1,1,1,2,2,1,,,,0.092,0.493,,,,-0.493,,0,0,0.579,0.579,25,27,26,27,2,1,,,,,,,,,,,,,
,2019-03-18,,,,"Judge, Aaron",592450,669060,field_out,hit_into_play,,,,,,"Aaron Judge grounds out, second baseman Charlie Culberson to first baseman Freddie Freeman.",S,R,R,ATL,NYY,X,4.0,ground_ball,0,0,2019,,,,,,,,0,3,Top,122.0,144.29,,,,,,,,,,,,,,,,,,,567152,435263,518692,518586,518626,621020,660670,542255,455976,,,,0.0,,0.0,0.0,,18,1,,0,3,3,0,3,0,3,0,,,,0.013,-0.277,,,,0.277,,-3,3,0.206,0.794,21,27,22,27,2,1,,,,,,,,,,,,,
,2019-03-18,,,,"Judge, Aaron",592450,595926,triple,hit_into_play,,,,,,Aaron Judge triples (1) on a line drive to right fielder Nick Markakis.   Ryan Lavarnway scores.    Brett Gardner scores.,S,R,R,ATL,NYY,X,9.0,line_drive,0,0,2019,,,,,543432.0,,458731.0,0,5,Top,189.23,67.37,,,,,,,,,,,,,,,,,,,567152,435263,518692,518586,518626,621020,660670,542255,455976,,,,1.6,,1.0,2.0,,35,1,,1,3,3,1,5,1,5,1,,,,-0.086,,,,,,,-2,2,0.157,0.843,27,27,27,27,1,2,,,,,,,,,,,,,
,2019-03-16,,,,"Judge, Aaron",592450,623381,field_out,hit_into_play,,,,,,Aaron Judge flies out to right fielder Anthony Alford.,S,R,L,NYY,TOR,X,9.0,fly_ball,1,0,2019,,,,,,458731.0,,1,2,Bot,170.9,120.28,,,,,,,,,,,,,,,,,,,567452,643376,475253,620446,519299,666182,606192,607680,546990,,,,0.0,,0.0,0.0,,22,2,,5,3,5,3,3,5,5,3,,,,-0.026,-0.326,,,,0.326,,2,2,0.762,0.762,25,27,25,27,2,1,,,,,,,,,,,,,
,2019-03-16,,,,"Judge, Aaron",592450,623381,home_run,hit_into_play,,,,,,Aaron Judge homers (6) on a fly ball to left field.,S,R,L,NYY,TOR,X,,fly_ball,2,2,2019,,,,,,,,1,1,Bot,12.22,75.67,,,,,,,,,,,,,,,,,,,567452,643376,475253,620446,519299,666182,606192,607680,546990,,,,2.0,,0.0,3.0,,6,5,,0,0,0,0,0,1,1,0,,,,0.102,1.617,,,,-1.617,,0,0,0.524,0.524,25,27,25,27,1,0,,,,,,,,,,,,,
,2019-03-15,,,,"Judge, Aaron",592450,584171,double,hit_into_play,,,,,,Aaron Judge doubles (4) on a line drive to right fielder J.  D. Martinez.,S,R,R,NYY,BOS,X,9.0,line_drive,0,0,2019,,,,,,,,1,1,Bot,211.96,107.1,,,,,,,,,,,,,,,,,,,567451,596119,456665,664750,646240,641453,643217,491676,502110,,,,1.25,,1.0,1.0,,6,1,,0,0,0,0,0,0,0,0,,,,0.041,0.672,,,,-0.672,,0,0,0.526,0.526,30,27,31,27,1,0,,,,,,,,,,,,,
,2019-03-15,,,,"Judge, Aaron",592450,665142,home_run,hit_into_play,,,,,,Aaron Judge homers (5) on a fly ball to right center field.    Greg Bird scores.    DJ LeMahieu scores.,S,R,R,NYY,BOS,X,,fly_ball,0,0,2019,,,,,595885.0,,518934.0,2,2,Bot,175.97,33.6,,,,,,,,,,,,,,,,,,,567451,596119,456665,664750,646240,641453,643217,491676,502110,,,,2.0,,0.0,3.0,,19,1,,2,0,2,0,0,5,5,0,,,,0.162,1.531,,,,-1.531,,2,2,0.747,0.747,24,27,25,27,1,1,,,,,,,,,,,,,
