pitch_type,game_date,release_speed,release_pos_x,release_pos_z,player_name,batter,pitcher,events,description,spin_dir,spin_rate_deprecated,break_angle_deprecated,break_length_deprecated,zone,des,game_type,stand,p_throws,home_team,away_team,type,hit_location,bb_type,balls,strikes,game_year,pfx_x,pfx_z,plate_x,plate_z,on_3b,on_2b,on_1b,outs_when_up,inning,inning_topbot,hc_x,hc_y,tfs_deprecated,tfs_zulu_deprecated,umpire,sv_id,vx0,vy0,vz0,ax,ay,az,sz_top,sz_bot,hit_distance_sc,launch_speed,launch_angle,effective_speed,release_spin_rate,release_extension,game_pk,fielder_2,fielder_3,fielder_4,fielder_5,fielder_6,fielder_7,fielder_8,fielder_9,release_pos_y,estimated_ba_using_speedangle,estimated_woba_using_speedangle,woba_value,woba_denom,babip_value,iso_value,launch_speed_angle,at_bat_number,pitch_number,pitch_name,home_score,away_score,bat_score,fld_score,post_away_score,post_home_score,post_bat_score,post_fld_score,if_fielding_alignment,of_fielding_alignment,spin_axis,delta_home_win_exp,delta_run_exp,bat_speed,swing_length,estimated_slg_using_speedangle,delta_pitcher_run_exp,hyper_speed,home_score_diff,bat_score_diff,home_win_exp,bat_win_exp,age_pit_legacy,age_bat_legacy,age_pit,age_bat,n_thruorder_pitcher,n_priorpa_thisgame_player_at_bat,pitcher_days_since_prev_game,batter_days_since_prev_game,pitcher_days_until_next_game,batter_days_until_next_game,api_break_z_with_gravity,api_break_x_arm,api_break_x_batter_in,arm_angle,attack_angle,attack_direction,swing_path_tilt,intercept_ball_minus_batter_pos_x_inches,intercept_ball_minus_batter_pos_y_inches
FF,2021-10-05,98.9,-2.31,5.17,"Judge, Aaron",592450,543135,single,hit_into_play,,,,,4.0,Aaron Judge singles on a ground ball to shortstop Xander Bogaerts.,F,R,R,BOS,NYY,X,6.0,ground_ball,0,2,2021,-1.22,1.04,-0.37,2.97,,,,1,6,Top,114.46,169.58,,,,,8.144134461657641,-143.68920980149812,-2.964006169981141,-18.795876860069537,35.88781110658298,-17.27984709046881,3.76,1.75,3.0,97.7,-42.0,98.8,2107.0,6.5,660938,608700,666915,624414,646240,593428,657077,571771,592669,53.98,0.06,0.096,0.9,1.0,1.0,0.0,2.0,40,3,4-Seam Fastball,3,1,1,3,1,3,1,3,Standard,Standard,235.0,-0.044,0.514,,,0.06,-0.514,97.7,2,-2,0.818,0.182,31,29,31,29,3,2,6.0,2.0,5.0,,1.31,1.22,1.22,25.5,,,,,
FF,2021-10-05,98.7,-2.31,5.41,"Judge, Aaron",592450,543135,field_out,hit_into_play,,,,,4.0,Aaron Judge flies out to center fielder Enrique Hernandez.,F,R,R,BOS,NYY,X,8.0,fly_ball,0,0,2021,-1.11,1.24,-0.46,3.0,,,,2,3,Top,173.2,63.58,,,,,7.68649804716325,-143.39425029190664,-3.990405536126121,-17.153077843703233,35.407225951301776,-14.382264843404904,3.76,1.75,355.0,100.0,29.0,99.2,2076.0,6.8,660938,608700,666915,624414,646240,593428,657077,571771,592669,53.72,0.5298461538461539,1.00125641025641,0.0,1.0,0.0,0.0,6.0,20,1,4-Seam Fastball,2,0,0,2,0,2,0,2,Standard,Standard,230.0,0.01,-0.269,,,1.970102564102565,0.269,100.0,2,-2,0.754,0.246,31,29,31,29,2,1,6.0,2.0,5.0,,1.12,1.11,1.11,31.2,,,,,
FF,2021-10-05,97.9,-2.38,5.31,"Judge, Aaron",592450,543135,field_out,hit_into_play,,,,,11.0,Aaron Judge flies out to right fielder Hunter Renfroe.,F,R,R,BOS,NYY,X,9.0,fly_ball,0,1,2021,-1.25,1.19,-0.92,3.64,,,,1,1,Top,173.46,126.47,,,,,6.883323709019577,-142.3357512613732,-1.7462748853933938,-18.633744351299804,34.00234374313588,-15.87358837729766,3.76,1.75,218.0,73.7,46.0,98.3,2119.0,6.7,660938,608700,666915,624414,646240,593428,657077,571771,592669,53.85,0.167,0.178,0.0,1.0,0.0,0.0,3.0,2,2,4-Seam Fastball,0,0,0,0,0,0,0,0,Standard,Standard,232.0,0.014,-0.216,,,0.235,0.216,88.0,0,0,0.524,0.476,31,29,31,29,1,0,6.0,2.0,5.0,,1.2,1.25,1.25,29.4,,,,,
SI,2021-10-05,94.5,-1.69,5.35,"Judge, Aaron",592450,676477,field_out,hit_into_play,,,,,11.0,"Aaron Judge grounds out, shortstop Xander Bogaerts to first baseman Bobby Dalbec.",F,R,R,BOS,NYY,X,6.0,ground_ball,0,1,2021,-1.32,1.03,-1.36,3.06,,,,0,9,Top,111.37,152.11,,,,,3.8488313666082776,-137.5435234673176,-2.607643556343815,-17.581590487764505,30.236585320130896,-18.77659677579139,3.76,1.75,9.0,58.2,-16.0,96.1,2019.0,7.2,660938,543877,666915,624414,646240,593428,657077,571771,592669,53.33,0.049,0.1,0.0,1.0,0.0,0.0,1.0,64,2,Sinker,6,1,1,6,1,6,1,6,Standard,Standard,228.0,0.003,-0.227,,,0.049,0.227,88.0,5,-5,0.995,0.005,25,29,25,29,1,3,2.0,2.0,5.0,,1.52,1.32,1.32,36.2,,,,,
FF,2021-10-03,94.4,-1.56,6.42,"Judge, Aaron",592450,608379,grounded_into_double_play,hit_into_play,,,,,5.0,"Aaron Judge grounds into a double play, shortstop Wander Franco to second baseman Brandon Lowe to first baseman Ji-Man Choi.   Anthony Rizzo out at 2nd.    Aaron Judge out at 1st.",R,R,R,NYY,TB,X,6.0,ground_ball,0,0,2021,-0.62,1.53,-0.01,2.54,,,519203.0,1,1,Bot,105.52,140.93,,,,,5.485114328422111,-137.2991097124281,-7.91949450096755,-9.030533839435488,29.719133681553785,-11.239852682819771,3.76,1.75,85.0,118.6,3.0,95.6,2198.0,6.9,632239,572287,596847,664040,621563,677551,640457,595281,668227,53.56,0.66,0.633,0.0,1.0,0.0,0.0,5.0,7,1,4-Seam Fastball,0,0,0,0,0,0,0,0,Standard,Standard,207.0,-0.051,-0.326,,,0.78,0.326,118.6,0,0,0.551,0.551,29,29,30,29,1,0,5.0,1.0,5.0,2.0,1.02,0.62,0.62,52.4,,,,,
SL,2021-10-03,90.4,-1.16,5.99,"Judge, Aaron",592450,552640,single,hit_into_play,,,,,9.0,"Aaron Judge singles on a sharp ground ball to second baseman Brandon Lowe, deflected by pitcher Andrew Kittredge.   Tyler Wade scores.    Anthony Rizzo to 3rd.",R,R,R,NYY,TB,X,1.0,ground_ball,2,2,2021,0.58,-0.09,0.73,2.06,642180.0,519203.0,,1,9,Bot,130.83,160.49,,,,,3.483752806750228,-131.69377094164193,-3.7603416376612726,6.195497034081647,25.00601750633938,-32.687870561787285,3.76,1.75,93.0,104.4,4.0,91.1,2636.0,6.4,632239,572287,596847,664040,621563,677551,622534,621433,668227,54.06,0.551,0.512,0.9,1.0,1.0,0.0,4.0,66,5,Slider,0,0,0,0,0,1,1,0,Infield shift,Standard,132.0,0.178,0.604,,,0.616,-0.604,104.4,0,0,0.822,0.822,31,29,31,29,1,3,2.0,1.0,7.0,2.0,2.85,-0.58,-0.58,48.4,,,,,
ST,2021-10-03,79.7,-2.49,5.13,"Judge, Aaron",592450,543521,field_out,hit_into_play,,,,,5.0,"Aaron Judge grounds out, second baseman Brandon Lowe to first baseman Ji-Man Choi.",R,R,R,NYY,TB,X,4.0,ground_ball,1,1,2021,1.35,-0.29,-0.15,2.52,,,,0,7,Bot,132.28,163.25,,,,,2.626898428131547,-116.0091676330559,1.6143893170847097,11.562262303905522,23.92948872586637,-35.338847373932744,3.76,1.75,35.0,69.5,-1.0,79.7,2865.0,6.5,632239,572287,596847,664040,621563,677551,640457,595281,668227,54.03,0.101,0.102,0.0,1.0,0.0,0.0,2.0,49,3,Sweeper,0,0,0,0,0,0,0,0,Standard,Standard,53.0,-0.036,-0.257,,,0.11,0.257,88.0,0,0,0.586,0.586,34,29,34,29,1,2,3.0,1.0,5.0,2.0,3.91,-1.35,-1.35,22.8,,,,,
SL,2021-10-02,86.6,-2.12,5.97,"Judge, Aaron",592450,672715,field_out,hit_into_play,,,,,13.0,"Aaron Judge grounds out sharply, third baseman Yandy Diaz to first baseman Francisco Mejia.",R,R,R,NYY,TB,X,5.0,ground_ball,1,1,2021,0.17,0.21,-0.9,2.34,,,519203.0,2,5,Bot,96.09,170.0,,,,,2.5926840039567427,-126.24897940851385,-2.945207793096978,1.3098412054602575,24.37237805833163,-29.603095603669058,3.76,1.75,55.0,110.2,0.0,87.2,2630.0,6.4,632259,572287,642336,664040,650490,677551,640457,622534,668227,54.06,0.551,0.511,0.0,1.0,0.0,0.0,4.0,46,3,Slider,2,7,2,7,7,2,2,7,Standard,Standard,111.0,-0.01,-0.255,,,0.62,0.255,110.2,-5,-5,0.058,0.058,21,29,22,29,1,2,3.0,1.0,8.0,1.0,2.81,-0.17,-0.17,47.9,,,,,
SL,2021-10-02,79.6,-2.49,5.23,"Judge, Aaron",592450,607391,single,hit_into_play,,,,,8.0,Aaron Judge singles on a line drive to center fielder Manuel Margot.,R,R,R,NYY,TB,X,8.0,line_drive,0,1,2021,0.97,0.56,0.26,1.81,,,,1,8,Bot,140.12,91.43,,,,,4.261801975979286,-115.87434460695792,-1.8011550087395478,7.914593637428713,22.58525598316652,-27.00719701926848,3.76,1.75,230.0,75.0,24.0,80.5,2399.0,7.0,632259,572287,642336,664040,650490,677551,640457,622534,668227,53.54,0.852,0.794,0.9,1.0,1.0,0.0,4.0,73,2,Slider,2,12,2,12,12,2,2,12,Standard,Standard,82.0,0.0,0.458,,,0.94,-0.458,88.0,-10,-10,0.001,0.001,31,29,32,29,1,3,36.0,1.0,,1.0,3.05,-0.97,-0.97,26.2,,,,,
FF,2021-10-02,92.9,-0.14,6.34,"Judge, Aaron",592450,656420,field_out,hit_into_play,,,,,3.0,Aaron Judge flies out to right fielder Randy Arozarena.,R,R,R,NYY,TB,X,9.0,fly_ball,3,2,2021,-0.44,1.7,0.82,3.21,,,519203.0,2,3,Bot,197.41,83.11,,,,,3.405777152442336,-135.12618225543636,-5.853491287135947,-6.185575294798653,32.64664473283961,-10.37113018341171,3.76,1.75,336.0,97.8,38.0,92.0,2603.0,6.0,632259,572287,642336,664040,650490,677551,640457,622534,668227,54.48,0.2026666666666666,0.3939999999999999,0.0,1.0,0.0,0.0,3.0,30,6,4-Seam Fastball,1,7,1,7,7,1,1,7,Standard,Standard,199.0,-0.011,-0.314,,,0.7859999999999999,0.314,97.8,-6,-6,0.06,0.06,28,29,28,29,1,1,2.0,1.0,5.0,1.0,0.97,0.44,0.44,53.9,,,,,
FF,2021-10-01,96.4,0.69,6.18,"Judge, Aaron",592450,663556,field_out,hit_into_play,,,,,9.0,"Aaron Judge grounds out, shortstop Wander Franco to first baseman Ji-Man Choi.",R,R,L,NYY,TB,X,6.0,ground_ball,2,0,2021,0.91,1.44,0.8,2.31,,,,2,3,Bot,113.32,151.0,,,,,-1.8212156413127745,-140.1025908743705,-8.0346508109136,12.364035489044614,33.54517126875031,-11.59441431553756,3.76,1.75,4.0,68.3,-30.0,97.2,2333.0,7.0,632282,642336,596847,621563,650490,677551,668227,595281,622534,53.53,0.041,0.077,0.0,1.0,0.0,0.0,2.0,24,3,4-Seam Fastball,1,2,1,2,2,1,1,2,Standard,Standard,139.0,-0.017,-0.371,,,0.041,0.371,88.0,-1,-1,0.394,0.394,24,29,24,29,2,1,6.0,1.0,6.0,1.0,1.03,0.91,-0.91,41.6,,,,,
SL,2021-10-01,82.3,-2.2,5.27,"Judge, Aaron",592450,545343,single,hit_into_play,,,,,13.0,Aaron Judge singles on a fly ball to right fielder Manuel Margot.,R,R,R,NYY,TB,X,9.0,fly_ball,2,2,2021,1.02,-0.53,-1.0,1.82,,,,1,6,Bot,169.4,121.03,,,,,0.7644100568054466,-119.92426659129347,-0.276581320175657,9.617920274750874,24.292491737666005,-37.43389199966214,3.76,1.75,194.0,67.0,32.0,81.7,2594.0,5.9,632282,642336,596847,621563,650490,677551,668227,595281,622534,54.57,0.882,0.852,0.9,1.0,1.0,0.0,4.0,44,5,Slider,1,2,1,2,2,1,1,2,Standard,Standard,47.0,0.048,0.449,,,0.991,-0.449,88.0,-1,-1,0.353,0.353,31,29,31,29,1,2,2.0,1.0,,1.0,3.9,-1.02,-1.02,37.3,,,,,
SI,2021-10-01,96.5,-1.29,5.82,"Judge, Aaron",592450,552640,field_out,hit_into_play,,,,,8.0,"Aaron Judge grounds out, third baseman Yandy Diaz to first baseman Ji-Man Choi.",R,R,R,NYY,TB,X,5.0,ground_ball,2,1,2021,-1.66,0.82,0.01,2.19,,,,0,9,Bot,94.82,147.61,,,,,7.256765614782514,-140.06926506470734,-5.859426568223865,-23.44407506011718,36.5811929968972,-20.209329001705264,3.76,1.75,4.0,99.6,-27.0,96.1,2496.0,6.5,632282,572287,596847,621563,650490,677551,621433,595281,622534,53.95,0.112,0.104,0.0,1.0,0.0,0.0,2.0,69,4,Sinker,1,4,1,4,4,1,1,4,Standard,Standard,218.0,-0.03,-0.315,,,0.124,0.315,99.6,-3,-3,0.048,0.048,31,29,31,29,1,3,3.0,1.0,2.0,1.0,1.67,1.66,1.66,40.4,,,,,
FF,2021-09-30,94.8,2.16,6.05,"Judge, Aaron",592450,592662,home_run,hit_into_play,,,,,5.0,Aaron Judge homers (39) on a line drive to center field.,R,R,L,TOR,NYY,X,,line_drive,1,1,2021,1.03,1.5,0.11,2.61,,,,1,6,Top,140.37,20.97,,,,,-7.720811394382407,-137.72429600515432,-6.6669268069063135,14.898931105838775,33.12318155443014,-11.798155330190449,3.76,1.75,441.0,115.3,21.0,95.0,2406.0,6.7,632280,672386,665489,543760,669289,666182,606192,543807,545341,53.84,0.9728333333333334,2.0,2.0,1.0,0.0,3.0,6.0,44,3,4-Seam Fastball,2,2,2,2,3,2,3,2,Standard,Standard,146.0,-0.17,1.593,,,3.6755,-1.593,115.3,0,0,0.535,0.4649999999999999,29,29,30,29,3,2,5.0,1.0,,1.0,1.06,1.03,-1.03,48.2,,,,,
FF,2021-09-30,95.0,2.25,6.15,"Judge, Aaron",592450,592662,field_out,hit_into_play,,,,,5.0,Aaron Judge flies out to right fielder Randal Grichuk.,R,R,L,TOR,NYY,X,9.0,fly_ball,3,2,2021,0.81,1.49,-0.04,2.96,,,,2,3,Top,163.67,74.63,,,,,-7.818656073215447,-138.01072632056932,-5.975548112056996,12.21060858645902,34.72861967401783,-11.964510228292191,3.76,1.75,323.0,91.3,32.0,94.6,2320.0,6.4,632280,672386,665489,543760,669289,666182,606192,543807,545341,54.07,0.047,0.065,0.0,1.0,0.0,0.0,3.0,20,6,4-Seam Fastball,1,1,1,1,1,1,1,1,Infield shift,Standard,149.0,0.014,-0.348,,,0.125,0.348,91.3,0,0,0.541,0.4589999999999999,29,29,30,29,2,1,5.0,1.0,,1.0,1.07,0.81,-0.81,48.2,,,,,
FF,2021-09-30,94.6,2.57,6.14,"Judge, Aaron",592450,592662,home_run,hit_into_play,,,,,5.0,Aaron Judge homers (38) on a fly ball to center field.,R,R,L,TOR,NYY,X,,fly_ball,0,0,2021,0.77,1.56,0.26,2.81,,,,2,1,Top,129.42,15.52,,,,,-7.754694206491306,-137.3678767308956,-6.431794169938118,11.534536040418566,33.41116661670438,-11.128476883144064,3.76,1.75,455.0,114.6,32.0,94.5,2282.0,6.6,632280,672386,665489,543760,669289,666182,606192,543807,545341,53.93,0.9905,2.0,2.0,1.0,0.0,3.0,6.0,3,1,4-Seam Fastball,0,0,0,0,1,0,1,0,Standard,Standard,151.0,-0.1,2.595,,,3.963,-2.595,114.6,0,0,0.538,0.4619999999999999,29,29,30,29,1,0,5.0,1.0,,1.0,1.01,0.77,-0.77,47.5,,,,,
SI,2021-09-29,93.4,-3.21,5.52,"Judge, Aaron",592450,621244,sac_fly,hit_into_play,,,,,4.0,Aaron Judge out on a sacrifice fly to right fielder Teoscar Hernandez.   DJ LeMahieu scores.,R,R,R,TOR,NYY,X,9.0,line_drive,0,0,2021,-1.31,1.07,-0.6,2.58,518934.0,,,1,6,Top,191.48,85.28,,,,,9.631965417309834,-135.53001346627804,-4.123148210683138,-18.299531923699572,31.91194814021781,-18.281169374264017,3.76,1.75,325.0,100.7,21.0,93.4,2042.0,6.6,632296,624512,665489,543760,669289,666182,572816,543807,606192,53.87,0.383,0.5954285714285714,0.0,1.0,0.0,0.0,5.0,44,1,Sinker,5,2,2,5,3,5,3,5,Standard,Strategic,219.0,0.005,-0.139,,,1.0797142857142858,0.139,100.7,3,-3,0.827,0.173,27,29,27,29,3,2,5.0,1.0,,1.0,1.57,1.31,1.31,42.4,,,,,
SI,2021-09-29,93.8,-3.28,5.63,"Judge, Aaron",592450,621244,field_out,hit_into_play,,,,,11.0,"Aaron Judge grounds out, second baseman Marcus Semien to first baseman Vladimir Guerrero.",R,R,R,TOR,NYY,X,4.0,ground_ball,3,2,2021,-1.43,1.02,-0.88,3.32,,,,2,4,Top,139.74,135.85,,,,,9.37360337714972,-136.20946003018605,-2.4209223978844285,-19.94097919888297,33.15516022965918,-19.158469810703128,3.76,1.75,10.0,72.4,-17.0,93.5,2108.0,6.4,632296,624512,665489,543760,669289,666182,572816,543807,606192,54.06,0.049,0.086,0.0,1.0,0.0,0.0,2.0,27,7,Sinker,4,0,0,4,0,4,0,4,Infield shift,Strategic,224.0,0.007,-0.348,,,0.049,0.348,88.0,4,-4,0.905,0.0949999999999999,27,29,27,29,2,1,5.0,1.0,,1.0,1.6,1.43,1.43,39.0,,,,,
SI,2021-09-29,88.3,-3.85,2.07,"Judge, Aaron",592450,643256,field_out,hit_into_play,,,,,9.0,"Aaron Judge grounds out, pitcher Adam Cimber to first baseman Vladimir Guerrero.",R,R,R,TOR,NYY,X,1.0,ground_ball,0,2,2021,-1.28,-1.11,0.82,2.21,,,,1,8,Top,124.9,167.95,,,,,13.973164523018257,-127.31137404478908,8.967149191062813,-17.054116319562496,30.438962359252184,-46.81924567514343,3.76,1.75,5.0,78.9,-23.0,87.2,2115.0,6.5,632296,624512,665489,543760,669289,666182,572816,543807,606192,54.01,0.044,0.088,0.0,1.0,0.0,0.0,2.0,60,3,Sinker,5,5,5,5,5,5,5,5,Infield shift,Strategic,295.0,0.023,-0.16,,,0.048,0.16,88.0,0,0,0.559,0.4409999999999999,30,29,31,29,1,3,1.0,1.0,2.0,1.0,4.13,1.28,1.28,-30.5,,,,,
SI,2021-09-28,92.2,2.13,5.71,"Judge, Aaron",592450,547943,home_run,hit_into_play,,,,,5.0,Aaron Judge homers (37) on a fly ball to right field.,R,R,L,TOR,NYY,X,,fly_ball,3,2,2021,1.59,0.51,0.04,2.71,,,,2,3,Top,209.96,76.61,,,,,-8.804000559024859,-134.02873554667153,-2.8969557987077663,21.020435164506655,28.877201091467033,-25.56374294416043,3.76,1.75,366.0,106.4,23.0,92.7,1973.0,6.6,632288,643376,665489,543760,669289,666182,572816,543807,606192,53.88,0.831901960784314,1.5678627450980398,2.0,1.0,0.0,3.0,6.0,20,6,Sinker,1,0,0,1,1,1,1,1,Standard,Strategic,121.0,-0.112,2.516,,,3.0568235294117647,-2.516,106.4,1,-1,0.655,0.345,34,29,34,29,2,1,11.0,2.0,5.0,1.0,2.17,1.59,-1.59,35.2,,,,,
SI,2021-09-28,92.8,2.34,5.85,"Judge, Aaron",592450,547943,single,hit_into_play,,,,,9.0,Aaron Judge singles on a line drive to right fielder Teoscar Hernandez.   Anthony Rizzo to 3rd.    Aaron Judge to 2nd.,R,R,L,TOR,NYY,X,9.0,line_drive,0,0,2021,1.78,0.8,0.54,2.09,,,519203.0,1,1,Top,201.47,109.15,,,,,-8.534037444468106,-134.69225105310696,-5.503338978044965,23.591539667843357,33.05095188026351,-21.35340545355802,3.76,1.75,253.0,90.1,18.0,92.5,2034.0,6.5,632288,643376,665489,543760,669289,666182,572816,543807,606192,53.98,0.668,0.633,0.9,1.0,1.0,0.0,4.0,3,1,Sinker,0,0,0,0,0,0,0,0,Standard,Standard,129.0,-0.083,0.404,,,0.811,-0.404,90.1,0,0,0.498,0.502,34,29,34,29,1,0,11.0,2.0,5.0,1.0,1.89,1.78,-1.78,36.2,,,,,
SI,2021-09-28,87.1,-4.3,2.09,"Judge, Aaron",592450,643256,sac_fly,hit_into_play,,,,,4.0,Aaron Judge out on a sacrifice fly to right fielder Teoscar Hernandez.   DJ LeMahieu scores.,R,R,R,TOR,NYY,X,9.0,line_drive,0,0,2021,-1.23,-0.76,-0.58,2.8,518934.0,519203.0,,1,5,Top,197.28,104.19,,,,,11.413165336755508,-125.86731775191636,9.56258297698768,-15.522305374531616,28.14995690682632,-42.78181696303564,3.76,1.75,294.0,103.4,17.0,86.3,2159.0,6.4,632288,643376,665489,543760,669289,666182,572816,543807,606192,54.09,0.493,0.572,0.0,1.0,0.0,0.0,5.0,38,1,Sinker,2,2,2,2,3,2,3,2,Infield shade,Standard,282.0,-0.006,-0.17,,,0.901,0.17,103.4,0,0,0.384,0.616,30,29,31,29,1,2,2.0,2.0,1.0,1.0,3.83,1.23,1.23,-29.8,,,,,
FF,2021-09-26,97.4,-2.3,5.66,"Judge, Aaron",592450,493603,double,hit_into_play,,,,,6.0,Aaron Judge doubles (24) on a sharp line drive to center fielder Enrique Hernandez.   DJ LeMahieu scores.    Anthony Rizzo scores.,R,R,R,BOS,NYY,X,8.0,line_drive,1,2,2021,-0.63,1.14,0.31,2.69,518934.0,519203.0,,1,8,Top,105.62,30.9,,,,,8.570292631486662,-141.51520366809592,-5.1187768915757434,-10.406057901345084,32.3252457653297,-15.858720100930412,3.76,1.75,357.0,118.4,13.0,98.8,2446.0,7.2,632345,543877,666915,578428,646240,593428,656941,571771,657077,53.33,0.827,0.971,1.25,1.0,1.0,1.0,6.0,59,8,4-Seam Fastball,3,2,2,3,4,3,4,3,Infield shade,Standard,221.0,-0.345,0.819,,,1.472,-0.819,118.4,1,-1,0.578,0.422,35,29,36,29,1,3,4.0,1.0,4.0,2.0,1.27,0.63,0.63,33.7,,,,,
SL,2021-09-26,90.3,-1.04,5.42,"Judge, Aaron",592450,570663,field_out,hit_into_play,,,,,8.0,Aaron Judge lines out to left fielder Alex Verdugo.,R,R,R,BOS,NYY,X,7.0,line_drive,0,0,2021,-0.02,0.54,0.24,2.32,,,,0,6,Top,71.0,81.85,,,,,3.221128295511922,-131.59863932106438,-3.007086227430107,-0.8584571017176669,24.66586144420422,-25.42781187252124,3.76,1.75,320.0,89.8,22.0,90.3,2284.0,6.0,632345,543877,666915,624414,646240,593428,657077,571771,592669,54.54,0.244,0.278,0.0,1.0,0.0,0.0,3.0,42,1,Slider,1,2,2,1,2,1,2,1,Standard,Standard,189.0,0.025,-0.269,,,0.422,0.269,89.8,-1,1,0.34,0.6599999999999999,30,29,31,29,1,2,1.0,1.0,2.0,2.0,2.22,0.02,0.02,37.4,,,,,
SL,2021-09-25,86.2,-1.7,6.35,"Judge, Aaron",592450,601713,field_out,hit_into_play,,,,,9.0,"Aaron Judge grounds out softly, pitcher Nick Pivetta to first baseman Bobby Dalbec.",R,R,R,BOS,NYY,X,1.0,ground_ball,1,0,2021,0.01,0.32,0.31,1.67,,,,0,4,Top,121.62,176.68,,,,,4.787609077528032,-125.47280170881312,-5.551429884676357,-0.9179238840111036,25.76848488137078,-27.90314471424601,3.76,1.75,1.0,59.3,-51.0,86.7,2197.0,6.6,632354,608700,666915,578428,646240,593428,656941,571771,592669,53.91,0.236,0.231,0.0,1.0,0.0,0.0,1.0,21,2,Slider,1,0,0,1,0,1,0,1,Infield shift,Strategic,144.0,0.034,-0.312,,,0.252,0.312,88.0,1,-1,0.618,0.382,28,29,28,29,2,1,7.0,1.0,5.0,1.0,2.75,-0.01,-0.01,54.0,,,,,
FF,2021-09-25,96.4,-1.61,6.41,"Judge, Aaron",592450,601713,field_out,hit_into_play,,,,,11.0,Aaron Judge pops out to second baseman Jose Iglesias.,R,R,R,BOS,NYY,X,4.0,popup,3,2,2021,-0.38,1.73,-1.05,2.77,,,,1,1,Top,154.15,153.46,,,,,2.376187239797307,-140.3149816442024,-8.130587552672818,-5.5346199983683615,28.640149682202125,-7.651004545091013,3.76,1.75,138.0,98.5,65.0,97.4,2336.0,6.6,632354,608700,666915,578428,646240,593428,656941,571771,592669,53.86,0.008,0.008,0.0,1.0,0.0,0.0,3.0,2,7,4-Seam Fastball,0,0,0,0,0,0,0,0,Standard,Strategic,198.0,0.02,-0.337,,,0.01,0.337,98.5,0,0,0.518,0.482,28,29,28,29,1,0,7.0,1.0,5.0,1.0,0.7,0.38,0.38,56.2,,,,,
FF,2021-09-25,98.8,-0.94,5.3,"Judge, Aaron",592450,570663,fielders_choice_out,hit_into_play,,,,,8.0,"Aaron Judge reaches on a fielder's choice out, third baseman Rafael Devers to catcher Kevin Plawecki.   Brett Gardner out at home.",R,R,R,BOS,NYY,X,5.0,ground_ball,1,0,2021,-1.09,1.39,0.14,1.91,458731.0,,,1,6,Top,106.03,169.86,,,,,5.451743538988899,-143.80627701190056,-7.067502824697777,-16.327194450205045,30.97916057673094,-11.418768215356838,3.76,1.75,4.0,95.9,-27.0,98.9,2444.0,6.1,632354,608700,666915,578428,646240,593428,656941,571771,592669,54.35,0.082,0.077,0.0,1.0,0.0,0.0,2.0,40,2,4-Seam Fastball,2,1,1,2,1,2,1,2,Strategic,Strategic,222.0,0.123,-0.26,,,0.099,0.26,95.9,1,-1,0.58,0.42,30,29,31,29,1,2,4.0,1.0,1.0,1.0,0.93,1.09,1.09,37.9,,,,,
FS,2021-09-24,84.7,-2.36,5.65,"Judge, Aaron",592450,543135,double,hit_into_play,,,,,1.0,Aaron Judge doubles (23) on a sharp line drive to center fielder Enrique Hernandez.   DJ LeMahieu scores.    Anthony Rizzo to 3rd.,R,R,R,BOS,NYY,X,8.0,line_drive,1,2,2021,-0.34,0.33,-0.44,3.21,,518934.0,519203.0,0,1,Top,119.21,40.02,,,,,5.221926633387129,-123.4397279841625,-0.0864028856105187,-4.467306901582182,21.871904311659065,-28.98258545161972,3.76,1.75,368.0,112.7,18.0,85.9,1547.0,6.7,632373,543877,656941,578428,646240,593428,657077,571771,592669,53.77,0.8033750000000001,1.3873749999999998,1.25,1.0,1.0,1.0,6.0,3,4,Split-Finger,0,0,0,0,1,0,1,0,Standard,Standard,238.0,-0.139,0.807,,,2.620125,-0.807,112.7,0,0,0.422,0.5780000000000001,31,29,31,29,1,0,5.0,2.0,5.0,1.0,2.81,0.34,0.34,34.9,,,,,
FF,2021-09-24,95.5,-1.65,5.72,"Judge, Aaron",592450,617228,field_out,hit_into_play,,,,,1.0,Aaron Judge flies out sharply to center fielder Enrique Hernandez.,R,R,R,BOS,NYY,X,8.0,fly_ball,0,0,2021,-0.65,1.34,-0.54,3.49,,,,0,4,Top,127.83,58.05,,,,,4.401395195789658,-139.18256853814148,-3.333480475100058,-9.420139179231509,27.79181255984777,-14.15297094592426,3.76,1.75,349.0,109.3,50.0,96.2,2006.0,6.3,632373,543877,656941,578428,646240,593428,657077,571771,592669,54.17,0.115,0.237,0.0,1.0,0.0,0.0,5.0,32,1,4-Seam Fastball,0,7,7,0,7,0,7,0,Infield shift,Standard,209.0,0.002,-0.269,,,0.446,0.269,109.3,-7,7,0.03,0.97,33,29,33,29,1,2,5.0,2.0,9.0,1.0,1.13,0.65,0.65,51.5,,,,,
FF,2021-09-24,94.1,-1.39,6.16,"Judge, Aaron",592450,598264,field_out,hit_into_play,,,,,5.0,Aaron Judge flies out sharply to center fielder Enrique Hernandez.,R,R,R,BOS,NYY,X,8.0,fly_ball,1,2,2021,-0.8,1.4,0.04,2.85,,,,1,6,Top,139.73,47.73,,,,,5.574617704523734,-136.91249991821846,-6.064048672356849,-11.3373762617659,29.76161837272425,-13.435195169952072,3.76,1.75,375.0,103.8,36.0,95.5,2236.0,7.0,632373,543877,656941,578428,646240,593428,657077,571771,592669,53.46,0.5306774193548388,1.0439999999999998,0.0,1.0,0.0,0.0,6.0,48,5,4-Seam Fastball,0,7,7,0,7,0,7,0,Infield shift,Standard,219.0,0.001,-0.181,,,2.084354838709677,0.181,103.8,-7,7,0.016,0.984,31,29,31,29,1,3,2.0,2.0,5.0,1.0,1.17,0.8,0.8,44.9,,,,,
SL,2021-09-22,84.9,-1.79,5.09,"Judge, Aaron",592450,607359,field_out,hit_into_play,,,,,9.0,Aaron Judge pops out to first baseman Nathaniel Lowe.,R,R,R,NYY,TEX,X,3.0,popup,2,2,2021,1.04,-0.24,0.36,2.32,,,,0,8,Bot,163.24,159.26,,,,,2.959239244181646,-123.73346106847472,0.2967165853118283,10.126512868051108,24.015520692094334,-34.963139915110816,3.76,1.75,138.0,82.2,63.0,85.4,1999.0,6.5,632381,624431,663993,660634,571788,643396,641432,656847,666969,54.04,0.005,0.005,0.0,1.0,0.0,0.0,3.0,63,5,Slider,3,3,3,3,3,3,3,3,Strategic,Standard,59.0,-0.041,-0.241,,,0.005,0.241,88.0,0,0,0.603,0.603,33,29,33,29,1,3,2.0,1.0,4.0,2.0,3.39,-1.04,-1.04,34.8,,,,,
FC,2021-09-21,84.8,2.07,5.33,"Judge, Aaron",592450,663465,home_run,hit_into_play,,,,,5.0,Aaron Judge homers (36) on a fly ball to right center field.    DJ LeMahieu scores.    Anthony Rizzo scores.,R,R,L,NYY,TEX,X,,fly_ball,1,0,2021,-0.25,0.2,-0.14,2.74,,518934.0,519203.0,1,7,Bot,185.71,41.72,,,,,-4.65173868528039,-123.50054213796068,-0.1347876086775427,-1.6906778295868627,23.902151613249213,-30.333091693636938,3.76,1.75,415.0,109.1,29.0,84.5,2147.0,6.0,632396,624431,628451,669256,660634,643396,641432,665750,666969,54.5,0.9776666666666668,1.9593333333333336,2.0,1.0,0.0,3.0,6.0,55,2,Cutter,4,1,4,1,1,7,7,1,Standard,Standard,183.0,0.041,1.139,,,3.904555555555557,-1.139,109.1,3,3,0.951,0.951,23,29,24,29,2,3,5.0,1.0,5.0,1.0,2.96,-0.25,0.25,45.8,,,,,
FF,2021-09-21,91.0,1.99,5.36,"Judge, Aaron",592450,663465,force_out,hit_into_play,,,,,5.0,"Aaron Judge grounds into a force out, third baseman Yonny Hernandez to second baseman Nick Solak.   DJ LeMahieu to 3rd.    Anthony Rizzo out at 2nd.    Aaron Judge to 1st.",R,R,L,NYY,TEX,X,5.0,ground_ball,0,1,2021,0.63,1.19,-0.14,3.05,,518934.0,519203.0,0,5,Bot,84.89,157.26,,,,,-6.691820662817955,-132.41704431086887,-2.426931664425859,8.922247405903589,29.61738093457501,-17.855164500851743,3.76,1.75,18.0,106.2,-9.0,90.7,2020.0,6.2,632396,624431,628451,669256,660634,643396,641432,665750,666969,54.28,0.307,0.296,0.0,1.0,0.0,0.0,2.0,39,2,4-Seam Fastball,3,1,3,1,1,3,3,1,Standard,Standard,152.0,-0.005,-0.3,,,0.331,0.3,106.2,2,2,0.861,0.861,23,29,24,29,1,2,5.0,1.0,5.0,1.0,1.57,0.63,-0.63,49.3,,,,,
SI,2021-09-21,91.9,-2.76,5.34,"Judge, Aaron",592450,641540,double,hit_into_play,,,,,1.0,Aaron Judge doubles (22) on a sharp fly ball to right fielder Adolis Garcia.   Anthony Rizzo to 3rd.,R,R,R,NYY,TEX,X,9.0,fly_ball,3,2,2021,-0.96,0.57,-0.48,3.7,,,519203.0,1,1,Bot,168.22,54.89,,,,,7.89137134467495,-133.76305972151107,0.4248290745913514,-13.139138586549189,26.499413160115697,-25.539982903589667,3.76,1.75,371.0,104.0,25.0,92.8,2031.0,6.6,632396,624431,628451,669256,660634,643396,641432,665750,666969,53.89,0.7424262295081966,1.4207704918032789,1.25,1.0,1.0,1.0,6.0,7,6,Sinker,0,0,0,0,0,0,0,0,Standard,Standard,222.0,0.077,0.713,,,2.783049180327869,-0.713,104.0,0,0,0.556,0.556,26,29,27,29,1,0,6.0,1.0,5.0,1.0,2.11,0.96,0.96,34.5,,,,,
SL,2021-09-20,81.5,-1.58,5.78,"Judge, Aaron",592450,669935,single,hit_into_play,,,,,8.0,Aaron Judge singles on a line drive to center fielder Leody Taveras.   DJ LeMahieu scores.    Anthony Rizzo to 3rd.    Aaron Judge to 2nd.,R,R,R,NYY,TEX,X,8.0,line_drive,0,0,2021,0.83,-0.05,0.1,1.91,,518934.0,519203.0,1,3,Bot,112.72,78.7,,,,,2.1997783444244896,-118.75309266869095,-2.0495997503263537,7.398689333016566,22.585599535812523,-32.44625830033394,3.76,1.75,275.0,89.4,18.0,82.2,2379.0,6.7,632414,641680,663993,669256,518586,643396,656847,665750,666969,53.84,0.712,0.694,0.9,1.0,1.0,0.0,4.0,23,1,Slider,1,0,1,0,0,2,2,0,Standard,Standard,74.0,0.121,0.481,,,0.878,-0.481,89.4,1,1,0.704,0.704,23,29,23,29,2,1,7.0,1.0,8.0,1.0,3.47,-0.83,-0.83,43.4,,,,,
SI,2021-09-20,93.5,1.6,6.36,"Judge, Aaron",592450,656685,single,hit_into_play,,,,,8.0,"Aaron Judge singles on a sharp ground ball to second baseman Nick Solak, deflected by first baseman Nathaniel Lowe.",R,R,L,NYY,TEX,X,3.0,ground_ball,0,2,2021,1.65,0.71,-0.16,1.79,,,,0,7,Bot,159.87,147.73,,,,,-8.139242578230846,-135.71306077529337,-7.540370791091716,22.22230241277039,30.34544176911141,-21.89962157386266,3.76,1.75,89.0,100.6,3.0,93.0,2200.0,6.2,632414,641680,663993,669256,518586,643396,656847,665750,666969,54.33,0.523,0.488,0.9,1.0,1.0,0.0,4.0,58,3,Sinker,4,3,4,3,3,4,4,3,Standard,Standard,142.0,0.035,0.55,,,0.583,-0.55,100.6,1,1,0.782,0.782,26,29,26,29,1,3,1.0,1.0,5.0,1.0,1.92,1.65,-1.65,42.5,,,,,
CH,2021-09-20,79.8,-1.18,6.3,"Judge, Aaron",592450,605194,field_out,hit_into_play,,,,,2.0,Aaron Judge flies out sharply to center fielder Leody Taveras.,R,R,R,NYY,TEX,X,8.0,fly_ball,1,0,2021,-1.11,0.84,-0.28,3.16,,518934.0,519203.0,1,4,Bot,130.38,68.62,,,,,3.978437907044408,-116.1423669701212,-1.7087551342874532,-10.81592236132544,22.59351690244658,-24.506926600584215,3.76,1.75,324.0,105.8,44.0,77.9,2258.0,5.0,632414,641680,663993,669256,518586,643396,656847,665750,666969,55.45,0.258,0.513,0.0,1.0,0.0,0.0,5.0,37,2,Changeup,4,0,4,0,0,4,4,0,Standard,Standard,249.0,-0.015,-0.292,,,1.003,0.292,105.8,4,4,0.925,0.925,29,29,29,29,1,2,3.0,1.0,2.0,1.0,2.75,1.11,1.11,52.8,,,,,
CH,2021-09-19,73.9,-0.92,5.82,"Judge, Aaron",592450,669212,field_out,hit_into_play,,,,,13.0,Aaron Judge flies out to center fielder Myles Straw.,R,R,R,NYY,CLE,X,8.0,fly_ball,0,2,2021,-1.84,0.22,-0.69,1.42,,518934.0,519203.0,1,3,Bot,139.38,92.02,,,,,3.651005176889635,-107.41849725989536,-1.9176837906312645,-14.782616933135808,22.452984051200673,-30.339837048004608,3.76,1.75,269.0,75.9,34.0,72.9,1941.0,6.0,632380,547379,656252,676391,644374,665926,640458,664702,605548,54.47,0.137,0.123,0.0,1.0,0.0,0.0,3.0,29,3,Changeup,1,5,1,5,5,1,1,5,Standard,Standard,261.0,-0.027,-0.148,,,0.159,0.148,88.0,-4,-4,0.187,0.187,25,29,25,29,2,1,9.0,1.0,6.0,1.0,4.03,1.84,1.84,46.6,,,,,
FF,2021-09-19,90.4,-0.59,5.86,"Judge, Aaron",592450,669212,field_out,hit_into_play,,,,,2.0,"Aaron Judge grounds out sharply, shortstop Andres Gimenez to first baseman Bobby Bradley.",R,R,R,NYY,CLE,X,6.0,ground_ball,1,2,2021,-0.86,1.46,0.17,3.21,,,,2,1,Bot,107.55,146.94,,,,,3.7298912178348447,-131.57915388907327,-3.8056439018317434,-10.74964267805288,26.4738698209913,-14.600430164493767,3.76,1.75,13.0,101.1,-12.0,90.7,2282.0,6.4,632380,547379,656252,676391,644374,665926,640458,605548,623912,54.15,0.175,0.224,0.0,1.0,0.0,0.0,2.0,9,4,4-Seam Fastball,0,2,0,2,2,0,0,2,Standard,Standard,212.0,-0.008,-0.188,,,0.175,0.188,101.1,-2,-2,0.31,0.31,25,29,25,29,1,0,9.0,1.0,6.0,1.0,1.32,0.86,0.86,52.2,,,,,
SI,2021-09-18,90.6,-0.95,5.9,"Judge, Aaron",592450,650644,grounded_into_double_play,hit_into_play,,,,,9.0,"Aaron Judge grounds into a double play, shortstop Andres Gimenez to second baseman Owen Miller to first baseman Yu Chang. Luke Voit out at 2nd. Aaron Judge out at 1st.",R,R,R,NYY,CLE,X,6.0,ground_ball,3,1,2021,-1.13,1.15,0.42,2.08,,518934.0,572228.0,1,6,Bot,101.59,132.06,,,,,5.789631226295163,-131.8302296371816,-6.069539502261954,-14.369792133505529,26.772111637605057,-17.67858433237634,3.76,1.75,7.0,100.4,-16.0,90.2,2467.0,6.0,632441,595978,644374,680911,608070,665926,640458,664702,623912,54.53,0.189,0.2,0.0,1.0,0.0,0.0,2.0,55,5,Sinker,0,10,0,10,10,0,0,10,Standard,Standard,199.0,-0.005,-0.489,,,0.203,0.489,100.4,-10,-10,0.006,0.006,26,29,26,29,3,2,6.0,1.0,5.0,1.0,1.62,1.13,1.13,44.0,,,,,
FC,2021-09-18,85.4,-0.67,6.14,"Judge, Aaron",592450,650644,field_out,hit_into_play,,,,,5.0,Aaron Judge flies out sharply to center fielder Myles Straw.,R,R,R,NYY,CLE,X,8.0,fly_ball,3,2,2021,0.44,0.24,0.12,3.1,,,,1,4,Bot,109.54,85.27,,,,,0.9818973543258248,-124.52317756273432,-1.455908612785806,4.443595022486535,21.92483874143978,-29.61345142605951,3.76,1.75,286.0,103.9,52.0,85.1,2668.0,5.7,632441,595978,644374,680911,608070,665926,640458,664702,623912,54.79,0.033,0.053,0.0,1.0,0.0,0.0,3.0,31,7,Cutter,0,1,0,1,1,0,0,1,Standard,Standard,98.0,-0.027,-0.337,,,0.09,0.337,103.9,-1,-1,0.403,0.403,26,29,26,29,2,1,6.0,1.0,5.0,1.0,2.84,-0.44,-0.44,49.5,,,,,
FS,2021-09-18,85.3,-0.94,6.03,"Judge, Aaron",592450,650644,grounded_into_double_play,hit_into_play,,,,,11.0,"Aaron Judge grounds into a double play, shortstop Andres Gimenez to second baseman Owen Miller to first baseman Yu Chang. DJ LeMahieu to 3rd. Luke Voit out at 2nd. Aaron Judge out at 1st.",R,R,R,NYY,CLE,X,6.0,ground_ball,0,1,2021,-0.73,0.3,-1.16,3.13,,518934.0,572228.0,0,1,Bot,111.11,150.6,,,,,0.9320743517802632,-124.44928874614892,-1.2513120013354673,-7.818579932783158,21.23416777535946,-28.999061336398356,3.76,1.75,46.0,82.9,1.0,85.6,1568.0,6.0,632441,595978,644374,680911,608070,665926,640458,664702,623912,54.51,0.274,0.267,0.0,1.0,0.0,0.0,2.0,7,2,Split-Finger,0,0,0,0,0,0,0,0,Standard,Standard,177.0,-0.092,-0.3,,,0.355,0.3,88.0,0,0,0.629,0.629,26,29,26,29,1,0,6.0,1.0,5.0,1.0,2.78,0.73,0.73,45.7,,,,,
FF,2021-09-17,92.9,-0.43,6.04,"Judge, Aaron",592450,668676,home_run,hit_into_play,,,,,5.0,Aaron Judge homers (35) on a fly ball to center field.,R,R,R,NYY,CLE,X,,fly_ball,1,2,2021,-0.92,1.69,0.15,2.65,,,,0,4,Bot,165.54,39.95,,,,,3.521785059833134,-135.1099018691336,-6.538089056863231,-12.08445380411585,32.424346653415775,-10.29222650415827,3.76,1.75,405.0,107.4,24.0,92.5,2195.0,6.3,632458,547379,656252,680911,608070,665926,623912,664702,605548,54.2,0.9188793103448278,1.787396551724138,2.0,1.0,0.0,3.0,6.0,28,4,4-Seam Fastball,1,0,1,0,0,2,2,0,Standard,Standard,214.0,0.106,1.19,,,3.530344827586208,-1.19,107.4,1,1,0.68,0.68,26,29,26,29,2,1,6.0,1.0,6.0,1.0,0.98,0.92,0.92,53.7,,,,,
SL,2021-09-17,83.7,-0.57,6.03,"Judge, Aaron",592450,668676,single,hit_into_play,,,,,6.0,Aaron Judge singles on a line drive to left fielder Harold Ramirez.   DJ LeMahieu to 2nd.,R,R,R,NYY,CLE,X,7.0,line_drive,1,2,2021,0.14,0.63,0.28,2.98,,,518934.0,1,1,Bot,69.58,135.14,,,,,1.6826454416393186,-121.86597238960748,-1.8616863341319596,1.029475613444227,24.47737474322012,-25.71320868161093,3.76,1.75,129.0,106.9,6.0,83.6,2000.0,6.3,632458,547379,656252,680911,608070,665926,623912,664702,605548,54.24,0.652,0.608,0.9,1.0,1.0,0.0,4.0,7,5,Slider,0,0,0,0,0,0,0,0,Standard,Standard,210.0,0.043,0.48,,,0.749,-0.48,106.9,0,0,0.544,0.544,26,29,26,29,1,0,6.0,1.0,6.0,1.0,2.62,-0.14,-0.14,53.4,,,,,
SI,2021-09-17,93.6,-1.51,5.58,"Judge, Aaron",592450,650496,field_out,hit_into_play,,,,,6.0,Aaron Judge lines out sharply to right fielder Bradley Zimmer.,R,R,R,NYY,CLE,X,9.0,line_drive,1,1,2021,-1.23,0.4,0.46,2.52,,,,0,8,Bot,205.28,92.76,,,,,7.732803539793808,-136.06301641911872,-2.945999490605054,-16.984819262499222,32.143399860435935,-26.792616867625327,3.76,1.75,328.0,103.3,17.0,92.7,2253.0,6.0,632458,547379,644374,680911,608070,665926,623912,664702,605548,54.51,0.493,0.572,0.0,1.0,0.0,0.0,5.0,59,3,Sinker,6,0,6,0,0,6,6,0,Strategic,Standard,230.0,0.0,-0.257,,,0.901,0.257,103.3,6,6,0.998,0.998,24,29,25,29,1,3,44.0,1.0,3.0,1.0,2.23,1.23,1.23,27.7,,,,,
FF,2021-09-16,92.6,-1.16,6.41,"Judge, Aaron",592450,595939,field_out,hit_into_play,,,,,8.0,Aaron Judge flies out sharply to right fielder Anthony Santander.,R,R,R,BAL,NYY,X,9.0,fly_ball,0,0,2021,-0.95,1.45,0.12,2.29,,,,0,3,Top,199.59,117.01,,,,,5.3763004334149365,-134.41851844615624,-7.790165561707715,-12.701363232510422,34.11894726693809,-13.009731662671884,3.76,1.75,272.0,103.6,48.0,92.3,2244.0,6.6,632452,642851,663624,642162,602104,621006,669720,663630,623993,53.88,0.074,0.142,0.0,1.0,0.0,0.0,3.0,19,1,4-Seam Fastball,0,2,2,0,2,0,2,0,Standard,Standard,221.0,0.018,-0.269,,,0.265,0.269,103.6,-2,2,0.288,0.712,28,29,29,29,2,1,6.0,1.0,9.0,1.0,1.25,0.95,0.95,41.3,,,,,
SI,2021-09-16,97.1,-2.03,5.46,"Judge, Aaron",592450,622253,force_out,hit_into_play,,,,,8.0,"Aaron Judge grounds into a force out, third baseman Ramon Urias to second baseman Pat Valaika. Giancarlo Stanton out at 2nd. Aaron Judge to 1st.",R,R,R,BAL,NYY,X,5.0,ground_ball,2,2,2021,-1.38,0.11,-0.21,1.73,,,519317.0,1,7,Top,107.91,166.77,,,,,8.008343595957504,-141.0572135899489,-4.657293107561728,-20.320955923399108,33.348880554870604,-29.756037357675627,3.76,1.75,2.0,70.4,-44.0,96.8,1914.0,6.3,632452,642851,663624,642162,602104,621006,621466,669720,623993,54.21,0.121,0.132,0.0,1.0,0.0,0.0,2.0,55,6,Sinker,1,2,2,1,2,1,2,1,Standard,Standard,234.0,0.029,-0.291,,,0.121,0.291,88.0,-1,1,0.309,0.6910000000000001,27,29,27,29,1,3,1.0,1.0,3.0,1.0,2.32,1.38,1.38,31.5,,,,,
CH,2021-09-16,84.7,-1.73,5.94,"Judge, Aaron",592450,642121,field_out,hit_into_play,,,,,7.0,"Aaron Judge grounds out sharply, third baseman Kelvin Gutierrez to first baseman Ryan Mountcastle.",R,R,R,BAL,NYY,X,5.0,ground_ball,2,0,2021,-0.86,0.49,-0.45,1.95,,458731.0,,0,10,Top,85.95,154.84,,,,,4.729024281380359,-123.24421155965663,-3.924268046500996,-9.76526222988924,26.469691851748532,-26.628018035802583,3.76,1.75,11.0,102.4,-10.0,84.9,1607.0,6.6,632452,642851,663624,602104,642721,621006,642162,669720,623993,53.88,0.263,0.268,0.0,1.0,0.0,0.0,2.0,75,3,Changeup,2,2,2,2,2,2,2,2,Standard,Standard,219.0,0.124,-0.315,,,0.295,0.315,102.4,0,0,0.485,0.515,31,29,31,29,1,4,1.0,1.0,3.0,1.0,2.71,0.86,0.86,48.0,,,,,
KC,2021-09-15,81.4,0.32,6.54,"Judge, Aaron",592450,607644,field_out,hit_into_play,,,,,8.0,"Aaron Judge grounds out, shortstop Pat Valaika to first baseman Ryan Mountcastle.",R,R,L,BAL,NYY,X,6.0,ground_ball,2,2,2021,-0.96,-0.58,0.16,1.67,,,,2,5,Top,108.04,161.61,,,,,1.4889047992285271,-118.55576029194964,-3.1634412736388393,-9.348769566929011,24.709965385182027,-37.19144210235944,3.76,1.75,24.0,82.6,-2.0,81.0,2275.0,6.2,632494,642851,663624,602104,642721,642162,663630,656775,669720,54.33,0.186,0.182,0.0,1.0,0.0,0.0,2.0,34,5,Knuckle Curve,0,2,2,0,2,0,2,0,Standard,Standard,324.0,0.008,-0.236,,,0.193,0.236,88.0,-2,2,0.281,0.719,28,29,28,29,3,2,6.0,1.0,5.0,1.0,4.04,-0.96,0.96,,,,,,
FF,2021-09-15,94.4,0.24,6.55,"Judge, Aaron",592450,607644,field_out,hit_into_play,,,,,9.0,"Aaron Judge grounds out, second baseman Ramon Urias to first baseman Ryan Mountcastle.",R,R,L,BAL,NYY,X,4.0,ground_ball,2,2,2021,0.54,1.47,0.78,1.71,,,,1,3,Top,127.23,144.04,,,,,0.1782794729123686,-137.12899849501764,-10.119249526940902,6.752101397026306,32.668268494050004,-11.505873716521773,3.76,1.75,30.0,84.5,-1.0,94.0,2440.0,6.3,632494,642851,663624,602104,642721,642162,663630,656775,669720,54.16,0.241,0.237,0.0,1.0,0.0,0.0,2.0,19,5,4-Seam Fastball,0,2,2,0,2,0,2,0,Standard,Standard,158.0,0.012,-0.225,,,0.279,0.225,88.0,-2,2,0.307,0.6930000000000001,28,29,28,29,2,1,6.0,1.0,5.0,1.0,1.11,0.54,-0.54,,,,,,
SI,2021-09-15,98.5,-1.86,5.74,"Judge, Aaron",592450,622253,field_out,hit_into_play,,,,,4.0,"Aaron Judge grounds out, second baseman Pat Valaika to first baseman Ryan Mountcastle.",R,R,R,BAL,NYY,X,4.0,ground_ball,0,2,2021,-1.58,0.56,-0.28,3.0,570482.0,,518934.0,2,9,Top,122.34,158.16,,,,,7.909028874388084,-143.1327207736428,-3.230279350457815,-23.50355025754821,35.82694183432638,-23.91709306649194,3.76,1.75,11.0,94.3,-14.0,98.0,2136.0,6.2,632494,642851,663624,642162,642721,621006,663630,656775,669720,54.25,0.151,0.144,0.0,1.0,0.0,0.0,2.0,70,3,Sinker,3,4,4,3,4,3,4,3,Standard,Standard,234.0,0.025,-0.182,,,0.168,0.182,94.3,-1,1,0.179,0.821,27,29,27,29,1,4,4.0,1.0,1.0,1.0,1.81,1.58,1.58,,,,,,
SL,2021-09-14,81.4,3.1,6.49,"Judge, Aaron",592450,649144,field_out,hit_into_play,,,,,4.0,Aaron Judge flies out to center fielder Cedric Mullins.,R,R,L,BAL,NYY,X,8.0,fly_ball,1,2,2021,-0.15,0.33,-0.28,3.01,,,,0,3,Top,146.45,68.28,,,,,-7.204470790321421,-118.30967326321635,-1.7806938995446189,0.0667654090185028,23.89872406587901,-28.973868560661497,3.76,1.75,329.0,88.7,29.0,80.3,2355.0,5.7,632500,600474,663624,602104,642721,642162,669720,656775,623993,54.79,0.063,0.089,0.0,1.0,0.0,0.0,3.0,20,4,Slider,0,2,2,0,2,0,2,0,Standard,Standard,259.0,0.014,-0.194,,,0.148,0.194,88.7,-2,2,0.292,0.708,24,29,24,29,2,1,7.0,1.0,5.0,1.0,3.14,-0.15,0.15,56.6,,,,,
CU,2021-09-14,81.2,-0.78,6.33,"Judge, Aaron",592450,657093,field_out,hit_into_play,,,,,8.0,"Aaron Judge grounds out, third baseman Kelvin Gutierrez to first baseman Ryan Mountcastle.",R,R,R,BAL,NYY,X,5.0,ground_ball,2,2,2021,0.07,-0.79,0.1,2.03,,,,0,9,Top,93.02,170.04,,,,,1.8408926986887044,-118.37267968145784,-1.5458453927615388,0.3370772626330899,22.397836773261456,-39.48322243103171,3.76,1.75,47.0,75.4,1.0,81.6,2322.0,6.5,632500,642851,663624,602104,642721,642162,669720,656775,623993,54.05,0.17,0.164,0.0,1.0,0.0,0.0,2.0,70,5,Curveball,1,7,7,1,7,1,7,1,Standard,Standard,33.0,0.0,-0.241,,,0.202,0.241,88.0,-6,6,0.003,0.997,28,29,29,29,1,4,2.0,1.0,3.0,1.0,4.23,-0.07,-0.07,61.3,,,,,
CH,2021-09-14,85.1,3.49,6.42,"Judge, Aaron",592450,649144,home_run,hit_into_play,,,,,9.0,Aaron Judge homers (34) on a fly ball to right center field.    DJ LeMahieu scores.,R,R,L,BAL,NYY,X,,fly_ball,2,1,2021,1.27,0.87,0.39,2.24,,,518934.0,0,1,Top,205.23,57.24,,,,,-9.701333230418792,-123.3860128128366,-5.1167294373580585,15.002140245666794,26.517504305002703,-22.370280372376143,3.76,1.75,400.0,108.0,24.0,83.9,1674.0,5.9,632500,600474,663624,602104,642721,642162,669720,656775,623993,54.64,0.9365121951219508,1.830707317073171,2.0,1.0,0.0,3.0,6.0,2,4,Changeup,0,0,0,0,2,0,2,0,Standard,Standard,122.0,-0.145,1.014,,,3.6232195121951216,-1.014,108.0,0,0,0.459,0.5409999999999999,24,29,24,29,1,0,7.0,1.0,5.0,1.0,2.32,1.27,-1.27,50.5,,,,,
FF,2021-09-13,92.4,0.27,6.03,"Judge, Aaron",592450,573204,field_out,hit_into_play,,,,,4.0,Aaron Judge flies out to center fielder Byron Buxton.,R,R,L,NYY,MIN,X,8.0,fly_ball,0,0,2021,0.02,1.71,-0.81,2.46,,,,1,4,Bot,149.41,57.21,,,,,-2.8131747824980233,-134.35597454479787,-6.9580068619717474,0.8754350952111355,30.342554691559712,-10.22370822692658,3.76,1.75,356.0,98.5,38.0,92.3,2376.0,6.4,632730,680777,593934,650333,518626,592743,608701,621439,596146,54.12,0.2026666666666666,0.3939999999999999,0.0,1.0,0.0,0.0,3.0,29,1,4-Seam Fastball,0,5,0,5,5,0,0,5,Standard,Standard,162.0,-0.009,-0.259,,,0.7859999999999999,0.259,98.5,-5,-5,0.078,0.078,34,29,34,29,1,1,2.0,1.0,6.0,1.0,0.98,0.02,-0.02,55.1,,,,,
FC,2021-09-13,91.9,-1.57,6.27,"Judge, Aaron",592450,517008,home_run,hit_into_play,,,,,2.0,Aaron Judge homers (33) on a fly ball to right center field.    Anthony Rizzo scores.    Brett Gardner scores.,R,R,R,NYY,MIN,X,,fly_ball,2,1,2021,0.03,0.76,-0.26,3.49,,519203.0,458731.0,2,8,Bot,186.37,51.32,,,,,3.246862504543586,-133.81537457586867,-2.849603379134539,-0.3069743190111427,28.671202428509165,-22.68157688325779,3.76,1.75,394.0,107.3,30.0,91.7,2167.0,6.1,632730,680777,593934,650333,518626,592743,608701,621439,596146,54.4,0.94,1.88388,2.0,1.0,0.0,3.0,6.0,64,4,Cutter,2,5,2,5,5,5,5,5,Infield shade,Standard,187.0,0.434,1.618,,,3.75608,-1.618,107.3,-3,-3,0.092,0.092,32,29,33,29,1,3,3.0,1.0,1.0,1.0,1.94,-0.03,-0.03,57.1,,,,,
CS,2021-09-13,75.0,-3.0,5.92,"Judge, Aaron",592450,608648,field_out,hit_into_play,,,,,6.0,"Aaron Judge grounds out, shortstop Andrelton Simmons to first baseman Miguel Sano.",R,R,R,NYY,MIN,X,6.0,ground_ball,0,0,2021,0.72,-1.07,0.61,2.42,,458731.0,,2,6,Bot,102.65,149.14,,,,,6.192227943566688,-108.9765163343384,1.8576056100857896,4.654463141088857,19.578407384943507,-41.25001010940813,3.76,1.75,70.0,74.6,5.0,74.8,2295.0,6.3,632730,680777,593934,650333,518626,592743,608701,621439,596146,54.19,0.197,0.216,0.0,1.0,0.0,0.0,2.0,47,1,Slow Curve,1,5,1,5,5,1,1,5,Infield shade,Standard,39.0,-0.022,-0.286,,,0.219,0.286,88.0,-4,-4,0.081,0.081,30,29,31,29,1,2,3.0,1.0,4.0,1.0,5.14,-0.72,-0.72,34.3,,,,,
FF,2021-09-11,95.9,-1.81,6.29,"Judge, Aaron",592450,592836,home_run,hit_into_play,,,,,4.0,Aaron Judge homers (31) on a fly ball to center field.,R,R,R,NYM,NYY,X,,fly_ball,3,2,2021,-0.75,1.59,-0.74,3.11,,,,2,2,Top,81.09,33.36,,,,,4.492752220395812,-139.59388422065533,-6.394737843635767,-10.75330224341524,30.404280255589097,-10.154906832285551,3.76,1.75,424.0,108.5,36.0,96.0,2286.0,6.3,632551,543510,624413,595879,542340,596019,643446,607680,624424,54.22,0.8613333333333334,1.721,2.0,1.0,0.0,3.0,6.0,16,7,4-Seam Fastball,0,4,4,0,5,0,5,0,Infield shift,Standard,215.0,-0.053,2.516,,,3.411666666666667,-2.516,108.5,-4,4,0.175,0.825,28,29,29,29,2,1,6.0,1.0,6.0,1.0,0.88,0.75,0.75,43.5,,,,,
CH,2021-09-11,86.0,-0.83,5.83,"Judge, Aaron",592450,543507,home_run,hit_into_play,,,,,1.0,Aaron Judge homers (32) on a fly ball to left center field.   Brett Gardner scores.,R,R,R,NYM,NYY,X,,fly_ball,1,0,2021,-0.84,1.28,-0.59,3.66,,,458731.0,0,8,Top,54.07,47.48,,,,,2.301845441205756,-125.32729304464245,-1.5348666007791216,-9.317186795873102,24.958333888747006,-18.57002568086813,3.76,1.75,413.0,110.6,42.0,87.2,1604.0,6.9,632551,543510,624413,595879,542340,596019,643446,607680,624424,53.58,0.637,1.294,2.0,1.0,0.0,3.0,6.0,65,2,Changeup,7,5,5,7,7,7,7,7,Standard,Standard,216.0,-0.282,1.016,,,2.557,-1.016,110.6,2,-2,0.782,0.2179999999999999,31,29,32,29,1,3,4.0,1.0,3.0,1.0,1.79,0.84,0.84,52.8,,,,,
CH,2021-09-10,85.6,-1.63,5.55,"Judge, Aaron",592450,656731,grounded_into_double_play,hit_into_play,,,,,5.0,"Aaron Judge grounds into a double play, third baseman Jonathan Villar to second baseman Javier Baez to first baseman Pete Alonso.   Brett Gardner out at 2nd.    Aaron Judge out at 1st.",R,R,R,NYM,NYY,X,5.0,ground_ball,0,0,2021,-1.61,1.02,-0.04,2.7,,,458731.0,1,6,Top,97.49,170.47,,,,,7.09329989636669,-124.26411744618542,-2.3796513208211207,-18.13204021318735,29.641763720067495,-21.42356096671116,3.76,1.75,12.0,100.5,-12.0,86.0,1733.0,7.1,632552,543510,624413,595879,542340,596019,643446,607680,624424,53.38,0.203,0.23,0.0,1.0,0.0,0.0,2.0,48,1,Changeup,8,2,2,8,2,8,2,8,Standard,Standard,230.0,0.013,-0.326,,,0.208,0.326,100.5,6,-6,0.973,0.027,25,29,26,29,3,2,6.0,1.0,5.0,1.0,2.15,1.61,1.61,38.1,,,,,
FF,2021-09-10,94.8,-1.52,5.77,"Judge, Aaron",592450,656731,field_out,hit_into_play,,,,,5.0,"Aaron Judge grounds out sharply, second baseman Javier Baez to first baseman Pete Alonso.   Brett Gardner scores.",R,R,R,NYM,NYY,X,4.0,ground_ball,3,0,2021,-1.17,1.35,-0.24,2.45,458731.0,,,1,1,Top,126.62,140.46,,,,,6.085187404520525,-137.71208854601304,-5.996382859009622,-16.2929658561586,37.17405826699621,-13.85838994408924,3.76,1.75,17.0,113.3,-7.0,95.3,2183.0,7.2,632552,543510,624413,595879,542340,596019,643446,607680,624424,53.33,0.411,0.401,0.0,1.0,0.0,0.0,2.0,3,4,4-Seam Fastball,0,0,0,0,1,0,1,0,Standard,Standard,222.0,-0.005,-0.369,,,0.424,0.369,113.3,0,0,0.443,0.5569999999999999,25,29,26,29,1,0,6.0,1.0,5.0,1.0,1.24,1.17,1.17,39.3,,,,,
SL,2021-09-10,87.2,-0.75,5.83,"Judge, Aaron",592450,592390,field_out,hit_into_play,,,,,6.0,Aaron Judge flies out to right fielder Michael Conforto.,R,R,R,NYM,NYY,X,9.0,fly_ball,1,0,2021,0.58,0.33,0.34,2.54,,572228.0,518934.0,2,8,Top,179.6,118.45,,,,,1.436827427767433,-126.87446153317254,-2.331773846403483,5.812953048671804,29.76978405915852,-28.396511789384935,3.76,1.75,241.0,76.6,37.0,86.8,2917.0,6.4,632552,543510,624413,595879,542340,596019,643446,607680,624424,54.11,0.079,0.072,0.0,1.0,0.0,0.0,3.0,66,2,Slider,10,2,2,10,2,10,2,10,Strategic,Standard,120.0,0.0,-0.318,,,0.095,0.318,88.0,8,-8,0.999,0.001,32,29,32,29,1,3,6.0,1.0,3.0,1.0,2.71,-0.58,-0.58,43.1,,,,,
SV,2021-09-09,83.3,-3.5,5.13,"Judge, Aaron",592450,621244,single,hit_into_play,,,,,13.0,Aaron Judge singles on a ground ball to shortstop Bo Bichette.,R,R,R,NYY,TOR,X,6.0,ground_ball,1,2,2021,1.24,-0.19,-0.08,1.37,,,,1,6,Bot,86.32,153.07,,,,,5.4136570588748265,-121.21474267784684,-1.7795290218192743,11.070691897029198,25.323401414121168,-33.85439575130931,3.76,1.75,21.0,73.9,-2.0,83.2,2260.0,6.4,632546,643376,665489,543760,675656,666182,666971,545341,606192,54.15,0.145,0.138,0.9,1.0,1.0,0.0,2.0,43,4,Slurve,0,2,0,2,2,0,0,2,Standard,Standard,47.0,0.047,0.493,,,0.187,-0.493,88.0,-2,-2,0.219,0.219,27,29,27,29,3,2,5.0,1.0,5.0,1.0,3.49,-1.24,-1.24,35.3,,,,,
SI,2021-09-09,93.9,-3.19,5.4,"Judge, Aaron",592450,621244,single,hit_into_play,,,,,7.0,Aaron Judge singles on a sharp ground ball to right fielder Teoscar Hernandez.   Gio Urshela to 2nd.,R,R,R,NYY,TOR,X,9.0,ground_ball,0,0,2021,-1.28,0.97,-0.36,2.31,,,570482.0,2,3,Bot,180.18,107.17,,,,,10.194468770744884,-136.38486019472737,-4.449633895742346,-18.18281681308923,28.99486203104609,-19.235371739137612,3.76,1.75,9.0,108.8,-13.0,94.5,2045.0,6.7,632546,643376,665489,543760,675656,666182,666971,545341,606192,53.81,0.274,0.284,0.9,1.0,1.0,0.0,2.0,23,1,Sinker,0,1,0,1,1,0,0,1,Standard,Standard,223.0,0.026,0.328,,,0.296,-0.328,108.8,-1,-1,0.404,0.404,27,29,27,29,2,1,5.0,1.0,5.0,1.0,1.62,1.28,1.28,40.4,,,,,
SI,2021-09-09,93.8,1.43,6.46,"Judge, Aaron",592450,641835,single,hit_into_play,,,,,6.0,Aaron Judge singles on a line drive to left fielder Lourdes Gurriel.   DJ LeMahieu to 2nd.,R,R,L,NYY,TOR,X,7.0,line_drive,3,2,2021,1.36,0.93,0.75,2.43,,,518934.0,0,8,Bot,85.98,94.42,,,,,-4.745632986849578,-136.4599272372517,-6.727923250456905,18.065332360535688,29.959911117463943,-19.31382226905599,3.76,1.75,233.0,91.5,14.0,93.7,2059.0,6.2,632546,643376,665489,543760,571875,666182,666971,545341,606192,54.28,0.953,0.903,0.9,1.0,1.0,0.0,4.0,66,6,Sinker,2,4,2,4,4,2,2,4,Standard,Standard,140.0,0.103,0.387,,,1.109,-0.387,91.5,-2,-2,0.267,0.267,29,29,29,29,1,3,2.0,1.0,5.0,1.0,1.67,1.36,-1.36,46.6,,,,,
SI,2021-09-09,94.0,-3.24,5.47,"Judge, Aaron",592450,621244,force_out,hit_into_play,,,,,11.0,"Aaron Judge grounds into a force out, shortstop Bo Bichette to second baseman Marcus Semien.   Brett Gardner out at 2nd.  Aaron Judge advances to 2nd, on a throwing error by second baseman Marcus Semien.",R,R,R,NYY,TOR,X,6.0,ground_ball,2,2,2021,-1.25,0.94,-1.08,2.9,,,458731.0,0,1,Bot,113.32,141.9,,,,,8.400106564975264,-136.6347412709255,-3.042800007172633,-17.446149869537713,29.417749729196977,-19.844887450602855,3.76,1.75,14.0,88.4,-10.0,94.4,2098.0,6.6,632546,643376,665489,543760,675656,666182,666971,545341,606192,53.94,0.121,0.112,0.0,1.0,0.0,0.0,2.0,8,5,Sinker,0,1,0,1,1,0,0,1,Standard,Standard,221.0,-0.015,-0.325,,,0.133,0.325,88.4,-1,-1,0.482,0.482,27,29,27,29,1,0,5.0,1.0,5.0,1.0,1.64,1.25,1.25,39.4,,,,,
SL,2021-09-08,80.0,-2.42,5.63,"Judge, Aaron",592450,666201,field_out,hit_into_play,,,,,6.0,Aaron Judge grounds out softly to first baseman Vladimir Guerrero.,R,R,R,NYY,TOR,X,3.0,ground_ball,0,1,2021,0.89,-0.05,0.57,2.41,,,,2,5,Bot,145.83,168.03,,,,,4.947859011730563,-116.44586063772348,-0.3115406790277203,7.1992577557837,21.122439890443236,-32.777881987219246,3.76,1.75,21.0,56.8,-3.0,80.5,2172.0,6.5,632567,643376,665489,543760,571875,666182,666971,572816,606192,53.96,0.09,0.106,0.0,1.0,0.0,0.0,1.0,45,2,Slider,3,3,3,3,3,3,3,3,Standard,Standard,61.0,-0.013,-0.222,,,0.09,0.222,88.0,0,0,0.513,0.513,23,29,23,29,3,2,5.0,1.0,5.0,1.0,3.6,-0.89,-0.89,37.8,,,,,
SL,2021-09-08,81.9,-2.48,5.71,"Judge, Aaron",592450,666201,field_out,hit_into_play,,,,,14.0,"Aaron Judge grounds out, second baseman Marcus Semien to first baseman Vladimir Guerrero.",R,R,R,NYY,TOR,X,4.0,ground_ball,3,2,2021,1.63,-0.09,0.99,2.14,,,,2,3,Bot,132.86,139.84,,,,,4.699681311419988,-119.13663694048071,-1.2615111885061934,14.51386155113781,24.370295739841684,-33.038111522770855,3.76,1.75,49.0,72.7,2.0,82.4,2311.0,6.8,632567,643376,665489,543760,571875,666182,666971,572816,606192,53.74,0.11,0.173,0.0,1.0,0.0,0.0,2.0,25,6,Slider,0,0,0,0,0,0,0,0,Standard,Standard,56.0,-0.014,-0.348,,,0.11,0.348,88.0,0,0,0.514,0.514,23,29,23,29,2,1,5.0,1.0,5.0,1.0,3.51,-1.63,-1.63,43.5,,,,,
CH,2021-09-08,87.7,-2.57,5.71,"Judge, Aaron",592450,666201,field_out,hit_into_play,,,,,7.0,"Aaron Judge grounds out sharply, shortstop Bo Bichette to first baseman Vladimir Guerrero.",R,R,R,NYY,TOR,X,6.0,ground_ball,1,2,2021,-1.11,0.33,-0.51,2.01,,,,1,1,Bot,97.16,145.9,,,,,7.326403356079958,-127.4403762878633,-3.4881653165056052,-13.646819317802292,26.62397482324473,-28.069283325261207,3.76,1.75,8.0,103.9,-13.0,88.3,2145.0,6.8,632567,643376,665489,543760,571875,666182,666971,572816,606192,53.71,0.271,0.265,0.0,1.0,0.0,0.0,2.0,7,4,Changeup,0,0,0,0,0,0,0,0,Standard,Standard,228.0,-0.012,-0.181,,,0.306,0.181,103.9,0,0,0.522,0.522,23,29,23,29,1,0,5.0,1.0,5.0,1.0,2.65,1.11,1.11,40.7,,,,,
SI,2021-09-08,87.6,-4.21,1.99,"Judge, Aaron",592450,643256,single,hit_into_play,,,,,8.0,Aaron Judge singles on a sharp ground ball to second baseman Marcus Semien.   Brett Gardner to 2nd.,R,R,R,NYY,TOR,X,4.0,ground_ball,2,1,2021,-0.85,-0.62,-0.21,2.04,,,458731.0,2,7,Bot,121.94,132.9,,,,,11.427460385434031,-126.8914743611061,7.528382440911361,-11.310439700058303,22.89121916107479,-40.62688111402959,3.76,1.75,11.0,109.8,-10.0,88.0,2099.0,6.5,632567,643376,665489,543760,571875,666182,666971,545341,606192,53.97,0.321,0.35,0.9,1.0,1.0,0.0,2.0,62,4,Sinker,3,4,3,4,4,3,3,4,Standard,Standard,283.0,0.041,0.294,,,0.325,-0.294,109.8,-1,-1,0.311,0.311,30,29,31,29,1,3,2.0,1.0,2.0,1.0,3.59,0.85,0.85,-26.0,,,,,
CU,2021-09-07,75.5,2.23,5.55,"Judge, Aaron",592450,571927,field_out,hit_into_play,,,,,4.0,Aaron Judge flies out to right fielder Teoscar Hernandez.,R,R,L,NYY,TOR,X,9.0,fly_ball,0,0,2021,-1.01,-0.79,-0.33,2.69,,,,1,5,Bot,182.12,78.03,,,,,-3.548674392591232,-109.9168396774314,2.6209175903146957,-7.531811560995016,20.217795766475053,-39.27425501627478,3.76,1.75,330.0,96.8,25.0,75.7,2319.0,6.5,632577,624512,665489,543760,571875,666182,666971,572816,606192,54.01,0.285,0.4751428571428571,0.0,1.0,0.0,0.0,5.0,43,1,Curveball,1,4,1,4,4,1,1,4,Standard,Standard,319.0,-0.017,-0.259,,,0.8961428571428571,0.259,96.8,-3,-3,0.165,0.165,30,29,30,29,3,2,6.0,1.0,5.0,1.0,4.8,-1.01,1.01,42.3,,,,,
CH,2021-09-07,85.2,2.46,5.49,"Judge, Aaron",592450,571927,field_out,hit_into_play,,,,,8.0,Aaron Judge flies out to center fielder Corey Dickerson.   Andrew Velazquez to 3rd.,R,R,L,NYY,TOR,X,8.0,fly_ball,0,0,2021,1.6,0.57,0.04,1.99,,623205.0,,1,3,Bot,157.93,59.13,,,,,-8.951729718933143,-123.70827726841618,-3.058645154034921,18.186669782458953,24.08879663770361,-25.89037569215533,3.76,1.75,355.0,99.9,37.0,85.8,2269.0,6.7,632577,624512,665489,543760,571875,666182,666971,572816,606192,53.77,0.332375,0.6503749999999999,0.0,1.0,0.0,0.0,5.0,24,1,Changeup,0,1,0,1,1,0,0,1,Standard,Standard,101.0,-0.038,-0.269,,,1.2915,0.269,99.9,-1,-1,0.46,0.46,30,29,30,29,2,1,6.0,1.0,5.0,1.0,2.58,1.6,-1.6,38.7,,,,,
SI,2021-09-07,94.8,2.09,5.6,"Judge, Aaron",592450,571927,field_out,hit_into_play,,,,,4.0,Aaron Judge flies out to right fielder Teoscar Hernandez.,R,R,L,NYY,TOR,X,9.0,fly_ball,3,2,2021,1.36,1.2,-0.33,2.62,,,,1,1,Bot,214.17,100.05,,,,,-9.405360963230644,-137.6555387616338,-4.821509339956417,19.369299295379538,29.54889870983935,-15.954511411347754,3.76,1.75,327.0,96.4,41.0,95.3,2068.0,6.6,632577,624512,665489,543760,571875,666182,666971,572816,606192,53.88,0.06,0.116,0.0,1.0,0.0,0.0,3.0,6,10,Sinker,0,0,0,0,0,0,0,0,Infield shift,Standard,125.0,-0.02,-0.337,,,0.217,0.337,96.4,0,0,0.53,0.53,30,29,30,29,1,0,6.0,1.0,5.0,1.0,1.34,1.36,-1.36,41.8,,,,,
SI,2021-09-07,94.3,1.72,6.39,"Judge, Aaron",592450,641835,field_out,hit_into_play,,,,,6.0,Aaron Judge lines out to right fielder Randal Grichuk.,R,R,L,NYY,TOR,X,9.0,line_drive,3,1,2021,1.44,0.72,0.8,2.62,,,,0,8,Bot,183.26,102.86,,,,,-5.563032419219277,-137.1864852292982,-5.720842952510873,19.37726827114056,29.49795690362822,-21.961002933577426,3.76,1.75,278.0,84.8,25.0,94.3,1967.0,6.2,632577,624512,665489,543760,675656,666182,606192,502481,545341,54.28,0.156,0.17,0.0,1.0,0.0,0.0,3.0,63,5,Sinker,1,5,1,5,5,1,1,5,Standard,Standard,133.0,-0.028,-0.44,,,0.258,0.44,88.0,-4,-4,0.056,0.056,29,29,29,29,1,3,1.0,1.0,2.0,1.0,1.83,1.44,-1.44,43.5,,,,,
FF,2021-09-06,93.3,2.08,5.52,"Judge, Aaron",592450,547943,field_out,hit_into_play,,,,,13.0,"Aaron Judge grounds out, shortstop Bo Bichette to first baseman Vladimir Guerrero.",R,R,L,NYY,TOR,X,6.0,ground_ball,2,2,2021,1.0,0.84,-1.04,2.44,,,,1,4,Bot,110.93,147.55,,,,,-10.300353995248534,-135.38415379754056,-3.989700194540487,14.613481559149433,31.420969362081713,-21.127105720010817,3.76,1.75,8.0,95.0,-16.0,93.5,1936.0,6.7,632593,643376,665489,543760,675656,666182,666971,572816,606192,53.78,0.145,0.178,0.0,1.0,0.0,0.0,2.0,28,5,4-Seam Fastball,0,2,0,2,2,0,0,2,Infield shift,Standard,128.0,-0.018,-0.225,,,0.145,0.225,95.0,-2,-2,0.28,0.28,34,29,34,29,2,1,6.0,1.0,5.0,1.0,1.81,1.0,-1.0,36.6,,,,,
SI,2021-09-06,88.4,-4.14,1.91,"Judge, Aaron",592450,643256,grounded_into_double_play,hit_into_play,,,,,13.0,"Aaron Judge grounds into a double play, second baseman Marcus Semien to first baseman Vladimir Guerrero.   DJ LeMahieu out at 2nd.    Aaron Judge out at 1st.",R,R,R,NYY,TOR,X,4.0,ground_ball,0,1,2021,-1.07,-0.66,-1.05,2.52,,,518934.0,1,9,Bot,126.99,134.42,,,,,9.745448353733376,-128.03816192376314,9.010321028161409,-13.835761441789142,26.94738063525454,-41.66307356245672,3.76,1.75,9.0,107.3,-15.0,88.1,2242.0,6.4,632593,643376,665489,543760,675656,666182,606192,502481,545341,54.11,0.247,0.269,0.0,1.0,0.0,0.0,2.0,70,2,Sinker,0,8,0,8,8,0,0,8,Standard,Standard,278.0,-0.001,-0.285,,,0.263,0.285,107.3,-8,-8,0.001,0.001,30,29,31,29,1,3,2.0,1.0,2.0,1.0,3.61,1.07,1.07,-28.8,,,,,
FF,2021-09-06,93.9,1.99,5.67,"Judge, Aaron",592450,547943,field_out,hit_into_play,,,,,13.0,"Aaron Judge grounds out sharply, shortstop Bo Bichette to first baseman Vladimir Guerrero.",R,R,L,NYY,TOR,X,6.0,ground_ball,2,2,2021,0.92,1.0,-0.88,1.55,,,,2,1,Bot,97.57,138.54,,,,,-9.535117422522625,-136.3034363335972,-7.160716371685743,13.604204299567972,29.94477529218499,-18.264678961633415,3.76,1.75,8.0,106.9,-10.0,94.3,2082.0,6.7,632593,643376,665489,543760,675656,666182,666971,572816,606192,53.83,0.301,0.308,0.0,1.0,0.0,0.0,2.0,8,5,4-Seam Fastball,0,2,0,2,2,0,0,2,Infield shift,Standard,135.0,-0.01,-0.236,,,0.313,0.236,106.9,-2,-2,0.312,0.312,34,29,34,29,1,0,6.0,1.0,5.0,1.0,1.6,0.92,-0.92,41.0,,,,,
SL,2021-09-05,84.8,-1.72,5.79,"Judge, Aaron",592450,641632,field_out,hit_into_play,,,,,9.0,Aaron Judge flies out to center fielder Cedric Mullins.,R,R,R,NYY,BAL,X,8.0,fly_ball,3,2,2021,0.54,0.25,0.59,2.06,,518934.0,608336.0,0,5,Bot,102.62,67.04,,,,,4.327223676120181,-123.43225155778596,-2.912732523217331,4.711127184904121,23.837470415313533,-29.291760641846132,3.76,1.75,332.0,88.9,31.0,85.3,2466.0,6.5,632582,600474,641820,622761,642721,602104,669720,656775,623993,54.0,0.038,0.042,0.0,1.0,0.0,0.0,3.0,45,6,Slider,4,2,4,2,2,4,4,2,Standard,Standard,123.0,-0.036,-0.367,,,0.073,0.367,88.9,2,2,0.872,0.872,26,29,26,29,1,2,2.0,1.0,1.0,1.0,2.91,-0.54,-0.54,40.9,,,,,
FF,2021-09-05,93.6,-0.99,5.87,"Judge, Aaron",592450,650959,field_out,hit_into_play,,,,,5.0,Aaron Judge flies out sharply to right fielder Anthony Santander.,R,R,R,NYY,BAL,X,9.0,fly_ball,3,1,2021,0.01,1.36,-0.19,2.55,,,,0,7,Bot,208.03,103.3,,,,,2.0543260650755304,-136.30825759380852,-5.9375906005482895,-0.3693505516707565,29.157085069928527,-14.054561709005611,3.76,1.75,311.0,102.8,47.0,94.9,2213.0,6.9,632582,600474,641820,663330,642721,622761,669720,656775,623993,53.58,0.077,0.136,0.0,1.0,0.0,0.0,3.0,68,5,4-Seam Fastball,7,8,7,8,8,7,7,8,Standard,Standard,193.0,-0.079,-0.44,,,0.254,0.44,102.8,-1,-1,0.395,0.395,24,29,25,29,1,3,1.0,1.0,3.0,1.0,1.23,-0.01,-0.01,57.4,,,,,
FF,2021-09-05,96.8,-0.77,6.7,"Judge, Aaron",592450,669330,field_out,hit_into_play,,,,,4.0,Aaron Judge flies out sharply to right fielder Anthony Santander.,R,R,R,NYY,BAL,X,9.0,fly_ball,1,2,2021,-0.46,1.67,-0.3,2.93,,,,0,9,Bot,201.42,126.47,,,,,2.319427643187571,-140.67814888990534,-8.222680497263154,-6.674536097986927,35.70562889169856,-8.3241219042545,3.76,1.75,259.0,101.0,56.0,96.0,2428.0,6.2,632582,600474,641820,663330,642721,622761,669720,656775,623993,54.32,0.008,0.01,0.0,1.0,0.0,0.0,3.0,83,6,4-Seam Fastball,7,8,7,8,8,7,7,8,Standard,Standard,202.0,-0.067,-0.194,,,0.016,0.194,101.0,-1,-1,0.182,0.182,26,29,27,29,1,4,2.0,1.0,2.0,1.0,0.79,0.46,0.46,51.8,,,,,
FF,2021-09-04,92.6,-1.43,6.1,"Judge, Aaron",592450,595939,field_out,hit_into_play,,,,,4.0,Aaron Judge flies out sharply to center fielder Cedric Mullins.,R,R,R,NYY,BAL,X,8.0,fly_ball,0,0,2021,-1.21,1.32,-0.5,2.38,,,,0,4,Bot,111.38,33.81,,,,,5.086720744586853,-134.6371953124477,-6.583429956594785,-15.870859457003103,31.333116358774568,-14.83938307859047,3.76,1.75,409.0,103.8,26.0,93.0,2398.0,6.8,632622,600474,663624,663330,602104,622761,663630,656775,669720,53.74,0.788666666666667,1.5279833333333328,0.0,1.0,0.0,0.0,6.0,29,1,4-Seam Fastball,0,1,0,1,1,0,0,1,Standard,Standard,221.0,-0.03,-0.269,,,3.0096333333333334,0.269,103.8,-1,-1,0.428,0.428,28,29,29,29,2,1,5.0,1.0,6.0,1.0,1.36,1.21,1.21,40.7,,,,,
SL,2021-09-04,85.8,-1.54,6.14,"Judge, Aaron",592450,595939,double,hit_into_play,,,,,5.0,Aaron Judge doubles (21) on a sharp line drive to left fielder Ryan McKenna.,R,R,R,NYY,BAL,X,7.0,line_drive,3,2,2021,0.27,-0.09,-0.1,2.84,,,,2,1,Bot,83.03,65.41,,,,,2.8618635994480086,-125.04078266753076,-1.4415269223181555,2.3294001197874716,23.077382566400328,-33.00422924708122,3.76,1.75,347.0,114.9,17.0,86.3,2502.0,6.4,632622,600474,663624,663330,602104,622761,663630,656775,669720,54.14,0.8160000000000001,1.4012,1.25,1.0,1.0,1.0,6.0,6,7,Slider,0,0,0,0,0,0,0,0,Standard,Standard,55.0,0.021,0.485,,,2.6358,-0.485,114.9,0,0,0.512,0.512,28,29,29,29,1,0,5.0,1.0,6.0,1.0,3.15,-0.27,-0.27,43.0,,,,,
CH,2021-09-03,84.4,0.42,6.26,"Judge, Aaron",592450,607644,field_out,hit_into_play,,,,,6.0,Aaron Judge flies out to right fielder Anthony Santander.,R,R,L,NYY,BAL,X,9.0,fly_ball,3,2,2021,1.21,1.51,0.41,2.86,,,,1,4,Bot,198.89,92.71,,,,,-2.4499038193081204,-122.85866484455909,-4.508170944939903,12.72010172202146,26.057210306316783,-16.2155356037171,3.76,1.75,318.0,94.0,44.0,84.2,2327.0,6.3,632642,642851,663624,663330,602104,622761,669720,656775,623993,54.19,0.005,0.008,0.0,1.0,0.0,0.0,3.0,28,6,Changeup,0,0,0,0,0,0,0,0,Standard,Standard,133.0,-0.024,-0.337,,,0.015,0.337,94.0,0,0,0.537,0.537,28,29,28,29,2,1,6.0,2.0,6.0,1.0,1.7,1.21,-1.21,49.3,,,,,
FF,2021-09-03,96.7,-0.97,6.73,"Judge, Aaron",592450,669330,field_error,hit_into_play,,,,,8.0,Aaron Judge reaches on a fielding error by shortstop Ramon Urias.,R,R,R,NYY,BAL,X,6.0,ground_ball,2,2,2021,-0.22,1.73,0.12,1.86,,,,1,8,Bot,115.96,156.0,,,,,3.401065210505188,-140.46968667529902,-11.303432174380491,-3.725439023512219,31.87519690858072,-6.943715256304781,3.76,1.75,5.0,108.6,-18.0,96.3,2504.0,6.2,632642,642851,663624,622761,642721,602104,669720,656775,623993,54.35,0.211,0.207,0.9,1.0,0.0,0.0,2.0,62,6,4-Seam Fastball,2,2,2,2,2,2,2,2,Standard,Standard,197.0,0.05,0.481,,,0.242,-0.481,108.6,0,0,0.558,0.558,26,29,27,29,1,3,3.0,2.0,2.0,1.0,0.72,0.22,0.22,55.2,,,,,
SL,2021-09-03,83.6,-1.78,5.92,"Judge, Aaron",592450,641632,double,hit_into_play,,,,,7.0,Aaron Judge doubles (20) on a sharp line drive to left fielder Austin Hays.,R,R,R,NYY,BAL,X,7.0,line_drive,3,1,2021,0.16,0.18,-0.46,2.35,,,,0,6,Bot,67.25,120.41,,,,,2.7404413081354853,-121.7481887061148,-2.1419296618809573,1.0072351411810645,25.03644986620706,-30.180881311687703,3.76,1.75,166.0,113.9,8.0,83.6,2342.0,6.3,632642,642851,663624,663330,602104,622761,669720,656775,623993,54.15,0.789,0.778,1.25,1.0,1.0,1.0,5.0,44,5,Slider,2,1,2,1,1,2,2,1,Standard,Standard,188.0,0.045,0.542,,,1.015,-0.542,113.9,1,1,0.753,0.753,26,29,26,29,1,2,2.0,2.0,2.0,1.0,3.09,-0.16,-0.16,41.7,,,,,
SI,2021-09-03,94.5,-2.23,5.3,"Judge, Aaron",592450,622253,field_out,hit_into_play,,,,,2.0,Aaron Judge grounds out sharply to first baseman Ryan Mountcastle.,R,R,R,NYY,BAL,X,3.0,ground_ball,1,1,2021,-1.4,0.14,-0.21,3.33,518934.0,,,2,10,Bot,151.35,161.11,,,,,8.33425138267601,-137.35290063766735,0.2734758854885031,-19.581618323062443,31.441508814342335,-30.655263443105294,3.76,1.75,6.0,113.3,-26.0,94.1,1913.0,6.2,632642,600474,663624,622761,642721,602104,669720,656775,623993,54.33,0.153,0.171,0.0,1.0,0.0,0.0,2.0,79,3,Sinker,3,3,3,3,3,3,3,3,Standard,Standard,242.0,-0.124,-0.283,,,0.164,0.283,113.3,0,0,0.624,0.624,27,29,27,29,1,4,2.0,2.0,4.0,1.0,2.42,1.4,1.4,24.8,,,,,
SL,2021-09-01,77.6,-3.22,4.11,"Judge, Aaron",592450,518553,home_run,hit_into_play,,,,,4.0,Aaron Judge homers (30) on a fly ball to left field.,R,R,R,LAA,NYY,X,,fly_ball,1,2,2021,1.44,-0.24,-0.32,2.65,,,,0,8,Top,41.9,61.6,,,,,3.599155715447064,-112.88667323892147,4.379056745678315,11.559697148739032,22.08141296284511,-35.32421862679314,3.76,1.75,397.0,100.6,34.0,78.5,2348.0,7.1,632655,545358,665120,664058,594838,608686,666176,669016,501571,53.38,0.5049677419354839,0.985451612903226,2.0,1.0,0.0,3.0,6.0,55,5,Slider,1,3,3,1,4,1,4,1,Standard,Standard,75.0,-0.069,1.19,,,1.9552580645161284,-1.19,100.6,-2,2,0.141,0.859,35,29,35,29,1,3,2.0,1.0,2.0,2.0,4.05,-1.44,-1.44,1.7,,,,,
FF,2021-09-01,91.1,1.74,5.74,"Judge, Aaron",592450,676050,single,hit_into_play,,,,,2.0,Aaron Judge singles on a sharp ground ball to left fielder Justin Upton.,R,R,L,LAA,NYY,X,7.0,ground_ball,1,1,2021,0.82,1.3,-0.25,3.72,,,,2,1,Top,67.64,111.39,,,,,-6.665393493478124,-132.429155803341,-1.8926907368238075,11.117623083394994,30.634856058409788,-16.796995732645723,3.76,1.75,123.0,110.0,6.0,89.8,2093.0,5.7,632655,545358,665120,664058,594838,608686,457708,669016,666176,54.79,0.666,0.604,0.9,1.0,1.0,0.0,4.0,3,3,4-Seam Fastball,0,0,0,0,0,0,0,0,Infield shift,Standard,135.0,-0.012,0.325,,,0.75,-0.325,110.0,0,0,0.538,0.4619999999999999,25,29,25,29,1,0,5.0,1.0,6.0,2.0,1.47,0.82,-0.82,39.0,,,,,
FF,2021-08-31,92.7,-1.7,6.41,"Judge, Aaron",592450,642545,single,hit_into_play,,,,,4.0,"Aaron Judge singles on a sharp ground ball to left fielder Jo Adell, deflected by third baseman Phil Gosselin.",R,R,R,LAA,NYY,X,5.0,ground_ball,1,2,2021,-0.21,1.54,-0.54,2.64,,,,0,4,Top,89.77,125.63,,,,,3.396166685758363,-134.84915867533203,-7.173317850084495,-3.249544523534653,29.527977462490796,-12.08066109228158,3.76,1.75,32.0,104.0,-3.0,92.5,2328.0,6.2,632675,545358,665120,664058,594838,608686,666176,669016,501571,54.32,0.4,0.388,0.9,1.0,1.0,0.0,2.0,21,5,4-Seam Fastball,0,1,1,0,1,0,1,0,Standard,Standard,185.0,-0.042,0.525,,,0.416,-0.525,104.0,-1,1,0.383,0.617,24,29,25,29,2,1,5.0,1.0,6.0,1.0,1.12,0.21,0.21,62.4,,,,,
SI,2021-08-31,88.6,-2.8,4.43,"Judge, Aaron",592450,623474,single,hit_into_play,,,,,5.0,Aaron Judge singles on a sharp line drive to right fielder Juan Lagares.,R,R,R,LAA,NYY,X,9.0,line_drive,1,1,2021,-1.4,-0.13,-0.27,2.68,,,,0,6,Top,176.69,107.18,,,,,8.8858439208632,-128.70094154328052,2.007662848455604,-17.411393032135287,26.085764932465164,-34.28217921061107,3.76,1.75,263.0,108.6,11.0,86.7,2090.0,5.1,632675,545358,665120,664058,594838,608686,666176,669016,501571,55.37,0.929,0.942,0.9,1.0,1.0,0.0,5.0,43,3,Sinker,6,2,2,6,2,6,2,6,Infield shift,Standard,269.0,-0.032,0.462,,,1.232,-0.462,108.6,4,-4,0.919,0.0809999999999999,27,29,28,29,1,2,24.0,1.0,5.0,1.0,3.04,1.4,1.4,-9.6,,,,,
SI,2021-08-31,93.2,-1.38,5.82,"Judge, Aaron",592450,448855,single,hit_into_play,,,,,11.0,Aaron Judge singles on a ground ball to right fielder Juan Lagares.   DJ LeMahieu scores.    Anthony Rizzo to 3rd.,R,R,R,LAA,NYY,X,9.0,ground_ball,2,0,2021,-1.22,0.97,-0.91,3.42,518934.0,519203.0,,0,8,Top,155.49,121.66,,,,,3.871246183326319,-135.75381016185275,-2.5620953334509395,-15.882515124695432,28.953677501367817,-19.810301634181386,3.76,1.75,128.0,79.5,10.0,93.4,1904.0,6.3,632675,545358,665120,664058,594838,608686,666176,669016,501571,54.18,0.458,0.446,0.9,1.0,1.0,0.0,4.0,59,3,Sinker,6,2,2,6,3,6,3,6,Infield shift,Standard,209.0,-0.059,0.405,,,0.533,-0.405,88.0,4,-4,0.849,0.151,36,29,36,29,1,3,1.0,1.0,8.0,1.0,1.64,1.22,1.22,43.0,,,,,
SL,2021-08-30,84.0,-2.58,5.82,"Judge, Aaron",592450,594577,single,hit_into_play,,,,,7.0,Aaron Judge singles on a sharp ground ball to left fielder Jo Adell.   Anthony Rizzo to 3rd.,R,R,R,LAA,NYY,X,7.0,ground_ball,1,0,2021,0.05,0.07,-0.6,2.15,,519203.0,,0,1,Top,94.87,112.82,,,,,4.474358088147509,-122.23306925508535,-2.2369690164451397,-0.4193818599857991,24.142700134053893,-31.196848698867942,3.76,1.75,114.0,111.8,6.0,83.7,2030.0,6.1,632690,545358,665120,664058,594838,608686,666176,669016,501571,54.4,0.693,0.647,0.9,1.0,1.0,0.0,4.0,3,2,Slider,0,1,1,0,1,0,1,0,Infield shift,Standard,113.0,-0.049,0.466,,,0.801,-0.466,111.8,-1,1,0.347,0.653,29,29,30,29,1,0,3.0,1.0,7.0,1.0,3.16,-0.05,-0.05,34.7,,,,,
SI,2021-08-30,89.0,-3.39,4.29,"Judge, Aaron",592450,518553,single,hit_into_play,,,,,4.0,"Aaron Judge singles on a sharp ground ball to second baseman David Fletcher, deflected by first baseman Jared Walsh.   DJ LeMahieu scores.    Anthony Rizzo to 3rd.",R,R,R,LAA,NYY,X,3.0,ground_ball,3,0,2021,-1.39,0.3,-0.75,2.81,518934.0,519203.0,,2,5,Top,150.25,143.77,,,,,9.636256988767949,-129.2511373878602,1.8657726904630056,-17.603376041736976,26.11585542700669,-29.47605488504165,3.76,1.75,8.0,107.0,-18.0,91.1,2279.0,7.6,632690,545358,665120,664058,594838,608686,666176,669016,501571,52.88,0.192,0.216,0.9,1.0,1.0,0.0,2.0,40,4,Sinker,5,3,3,5,4,5,4,5,Infield shift,Standard,241.0,-0.086,0.641,,,0.199,-0.641,107.0,2,-2,0.724,0.276,35,29,35,29,1,2,2.0,1.0,2.0,1.0,2.59,1.39,1.39,3.2,,,,,
SI,2021-08-29,92.0,-0.82,5.94,"Judge, Aaron",592450,621112,field_out,hit_into_play,,,,,5.0,"Aaron Judge grounds out sharply, third baseman Matt Chapman to first baseman Matt Olson.",R,R,R,ATH,NYY,X,5.0,ground_ball,2,2,2021,-1.15,0.95,0.18,2.97,,,519317.0,2,3,Top,83.74,150.09,,,,,5.056891022819826,-133.94177111565236,-3.801518322210477,-14.899751493868958,27.366852510911908,-20.12088344845477,3.76,1.75,5.0,107.3,-31.0,92.5,1990.0,6.5,632700,543228,621566,543281,656305,462101,592192,516782,640461,54.04,0.123,0.115,0.0,1.0,0.0,0.0,2.0,19,6,Sinker,0,0,0,0,0,0,0,0,Strategic,Standard,198.0,0.022,-0.228,,,0.139,0.228,107.3,0,0,0.533,0.4669999999999999,27,29,28,29,2,1,6.0,1.0,6.0,1.0,1.73,1.15,1.15,57.7,,,,,
FC,2021-08-29,85.5,-0.22,5.7,"Judge, Aaron",592450,433589,field_out,hit_into_play,,,,,6.0,"Aaron Judge grounds out, third baseman Matt Chapman to first baseman Matt Olson.",R,R,R,ATH,NYY,X,5.0,ground_ball,3,2,2021,-0.08,1.37,0.59,2.65,,,,1,6,Top,94.78,159.02,,,,,2.1165243230991324,-124.59837683862682,-3.7858414551038977,-1.2398374165510793,22.454606724646396,-17.33975466209569,3.76,1.75,79.0,82.1,6.0,87.2,2164.0,7.1,632700,543228,621566,543281,656305,462101,592192,516782,640461,53.42,0.334,0.321,0.0,1.0,0.0,0.0,2.0,43,7,Cutter,1,0,0,1,0,1,0,1,Strategic,Standard,183.0,0.033,-0.337,,,0.356,0.337,88.0,1,-1,0.69,0.31,36,29,37,29,1,2,3.0,1.0,2.0,1.0,1.72,0.08,0.08,44.7,,,,,
FC,2021-08-29,87.4,-0.93,6.08,"Judge, Aaron",592450,621112,field_out,hit_into_play,,,,,12.0,Aaron Judge lines out to center fielder Starling Marte.,R,R,R,ATH,NYY,X,8.0,line_drive,1,2,2021,0.45,0.45,0.97,2.92,,518934.0,519317.0,0,1,Top,137.23,84.86,,,,,3.653615656662799,-127.41352173352588,-2.4593699211693956,4.213039523589978,23.671433629674237,-26.98551400437423,3.76,1.75,286.0,84.5,22.0,87.9,2389.0,6.3,632700,543228,621566,543281,656305,462101,592192,516782,640461,54.24,0.436,0.433,0.0,1.0,0.0,0.0,3.0,3,4,Cutter,0,0,0,0,0,0,0,0,Standard,Standard,157.0,0.038,-0.198,,,0.561,0.198,88.0,0,0,0.422,0.5780000000000001,27,29,28,29,1,0,6.0,1.0,6.0,1.0,2.5,-0.45,-0.45,57.1,,,,,
CH,2021-08-29,82.4,-1.49,6.18,"Judge, Aaron",592450,500610,field_out,hit_into_play,,,,,5.0,"Aaron Judge grounds out, third baseman Matt Chapman to first baseman Matt Olson.",R,R,R,ATH,NYY,X,5.0,ground_ball,3,1,2021,-0.95,0.54,0.23,2.42,,,,1,8,Top,108.21,178.72,,,,,5.845575488284041,-119.92014624936112,-3.1337627093062603,-10.260606023394836,22.292606315773504,-26.543228246314364,3.76,1.75,34.0,84.2,-1.0,83.9,1345.0,7.2,632700,543228,621566,543281,656305,462101,643393,516782,592192,53.32,0.23,0.226,0.0,1.0,0.0,0.0,2.0,61,5,Changeup,1,1,1,1,1,1,1,1,Standard,Standard,246.0,0.055,-0.44,,,0.282,0.44,88.0,0,0,0.527,0.473,32,29,32,29,1,3,2.0,1.0,2.0,1.0,2.8,0.95,0.95,41.1,,,,,
SL,2021-08-28,87.8,-1.31,6.25,"Judge, Aaron",592450,593423,single,hit_into_play,,,,,8.0,Aaron Judge singles on a ground ball to left fielder Mark Canha.,R,R,R,ATH,NYY,X,7.0,ground_ball,1,1,2021,0.34,0.51,0.21,2.11,,,,0,7,Top,98.62,85.37,,,,,2.9425859118252538,-127.80921089776994,-4.966133246796116,3.2281020253964656,24.669714303238063,-25.754607713682713,3.76,1.75,155.0,98.9,7.0,87.5,2433.0,5.9,632706,543228,621566,643393,656305,543281,592192,516782,640461,54.59,0.581,0.543,0.9,1.0,1.0,0.0,4.0,47,3,Slider,3,0,0,3,0,3,0,3,Standard,Standard,150.0,-0.045,0.462,,,0.662,-0.462,98.9,3,-3,0.894,0.1059999999999999,28,29,28,29,3,2,6.0,1.0,5.0,1.0,2.43,-0.34,-0.34,52.4,,,,,
SI,2021-08-28,95.9,-1.33,6.27,"Judge, Aaron",592450,593423,field_out,hit_into_play,,,,,4.0,Aaron Judge flies out to center fielder Starling Marte.,R,R,R,ATH,NYY,X,8.0,fly_ball,0,0,2021,-1.14,1.18,-0.38,2.82,,,,1,4,Top,170.81,54.27,,,,,5.0617167442970405,-139.59263838284605,-6.248729717505051,-16.103993371439657,25.82870764189589,-15.516755963051995,3.76,1.75,375.0,99.7,27.0,96.0,2354.0,5.9,632706,543228,621566,643393,656305,543281,592192,516782,640461,54.58,0.5314642857142858,0.9770714285714284,0.0,1.0,0.0,0.0,6.0,25,1,Sinker,2,0,0,2,0,2,0,2,Standard,Standard,205.0,0.018,-0.259,,,1.900428571428572,0.259,99.7,2,-2,0.756,0.244,28,29,28,29,2,1,6.0,1.0,5.0,1.0,1.26,1.14,1.14,53.8,,,,,
SI,2021-08-28,97.9,-1.09,6.29,"Judge, Aaron",592450,593423,double,hit_into_play,,,,,4.0,Aaron Judge doubles (19) on a sharp line drive to left fielder Mark Canha.,R,R,R,ATH,NYY,X,7.0,line_drive,3,1,2021,-1.18,1.08,-0.66,2.58,,,,2,1,Top,86.35,71.0,,,,,3.827381258035987,-142.52131942108662,-7.034115252224343,-16.95716081566425,28.99277283803125,-16.112884237496786,3.76,1.75,332.0,111.5,16.0,97.9,2281.0,6.0,632706,543228,621566,643393,656305,543281,592192,516782,640461,54.52,0.5970000000000001,0.8971428571428571,1.25,1.0,1.0,1.0,6.0,3,5,Sinker,0,0,0,0,0,0,0,0,Standard,Standard,207.0,-0.017,0.416,,,1.6037142857142856,-0.416,111.5,0,0,0.533,0.4669999999999999,28,29,28,29,1,0,6.0,1.0,5.0,1.0,1.28,1.18,1.18,52.1,,,,,
SL,2021-08-28,79.2,-3.28,4.75,"Judge, Aaron",592450,489265,home_run,hit_into_play,,,,,5.0,Aaron Judge homers (29) on a fly ball to left center field.   Anthony Rizzo scores.,R,R,R,ATH,NYY,X,,fly_ball,1,0,2021,0.57,0.73,0.05,2.49,,,519203.0,1,9,Top,66.67,45.83,,,,,6.256858199933272,-115.15716918549052,0.573127246862766,3.7301652151550537,23.67493975707449,-26.100924268619767,3.76,1.75,406.0,110.0,31.0,79.3,2939.0,6.6,632706,543228,621566,643393,656305,543281,592192,516782,640461,53.85,0.9822,1.9714000000000005,2.0,1.0,0.0,3.0,6.0,64,2,Slider,3,0,0,3,2,3,2,3,Standard,Standard,90.0,-0.05,1.426,,,3.9301,-1.426,110.0,3,-3,0.958,0.042,38,29,38,29,1,3,2.0,1.0,5.0,1.0,2.94,-0.57,-0.57,13.6,,,,,
CH,2021-08-27,83.9,2.78,5.9,"Judge, Aaron",592450,640455,home_run,hit_into_play,,,,,3.0,Aaron Judge homers (28) on a fly ball to center field.   Kyle Higashioka scores.    DJ LeMahieu scores.,R,R,L,ATH,NYY,X,,fly_ball,2,2,2021,0.74,0.8,0.59,3.52,,543309.0,518934.0,1,5,Top,106.04,33.27,,,,,-6.679116852978453,-122.1182719648756,-0.6890722149299615,8.731008457342988,23.494123517607655,-24.22856041811655,3.76,1.75,413.0,99.8,29.0,85.6,1319.0,7.3,632725,669221,621566,543281,656305,462101,643393,516782,592192,53.16,0.5298461538461539,1.00125641025641,2.0,1.0,0.0,3.0,6.0,38,7,Changeup,0,2,2,0,5,0,5,0,Standard,Standard,139.0,-0.154,1.212,,,1.970102564102565,-1.212,99.8,-2,2,0.223,0.777,29,29,29,29,3,2,6.0,1.0,7.0,1.0,2.43,0.74,-0.74,40.3,,,,,
CH,2021-08-27,84.2,-1.8,5.96,"Judge, Aaron",592450,572143,single,hit_into_play,,,,,4.0,Aaron Judge singles on a sharp ground ball to left fielder Mark Canha.   DJ LeMahieu scores.    Anthony Rizzo to 2nd.,R,R,R,ATH,NYY,X,7.0,ground_ball,2,2,2021,-1.1,0.83,-0.38,2.5,,518934.0,519203.0,0,9,Top,68.37,100.2,,,,,5.530634746006076,-122.41813931149817,-3.287492255313717,-12.181390116034809,25.217806024401614,-23.400339700026056,3.76,1.75,100.0,111.9,4.0,84.9,1786.0,6.9,632725,669221,621566,543281,656305,462101,592192,516782,640461,53.63,0.633,0.592,0.9,1.0,1.0,0.0,4.0,74,5,Changeup,2,7,7,2,8,2,8,2,Standard,Standard,213.0,-0.002,0.508,,,0.719,-0.508,111.9,-5,5,0.004,0.996,31,29,31,29,1,4,3.0,1.0,8.0,1.0,2.4,1.1,1.1,47.0,,,,,
SL,2021-08-27,87.5,3.11,5.5,"Judge, Aaron",592450,640462,field_out,hit_into_play,,,,,5.0,Aaron Judge lines out to center fielder Starling Marte.,R,R,L,ATH,NYY,X,8.0,line_drive,0,1,2021,-0.21,0.1,0.04,2.69,,,519203.0,1,7,Top,118.71,61.19,,,,,-7.049299003104167,-127.40541063886688,-0.9240782986735993,-1.109824643855841,22.60622550579151,-31.09167130854849,3.76,1.75,343.0,94.4,23.0,89.1,2174.0,6.9,632725,669221,621566,543281,656305,462101,643393,516782,592192,53.55,0.178,0.222,0.0,1.0,0.0,0.0,3.0,56,2,Slider,0,5,5,0,5,0,5,0,Standard,Standard,266.0,0.003,-0.22,,,0.368,0.22,94.4,-5,5,0.032,0.968,26,29,26,29,1,3,3.0,1.0,4.0,1.0,2.84,-0.21,0.21,27.8,,,,,
SI,2021-08-27,94.6,2.69,5.66,"Judge, Aaron",592450,640455,single,hit_into_play,,,,,3.0,Aaron Judge singles on a sharp ground ball to right fielder Mark Canha.,R,R,L,ATH,NYY,X,9.0,ground_ball,0,0,2021,1.2,0.78,0.42,3.17,,,,2,1,Top,164.73,103.62,,,,,-8.75121978242127,-137.5628204748865,-2.631717010738486,17.14665503422274,29.18078954874506,-21.82002483108768,3.76,1.75,69.0,115.3,0.0,96.4,2043.0,7.3,632725,669221,621566,543281,656305,462101,643393,516782,592192,53.24,0.584,0.536,0.9,1.0,1.0,0.0,4.0,3,1,Sinker,0,0,0,0,0,0,0,0,Infield shift,Standard,141.0,-0.012,0.315,,,0.636,-0.315,115.3,0,0,0.538,0.4619999999999999,29,29,29,29,1,0,6.0,1.0,7.0,1.0,1.76,1.2,-1.2,35.7,,,,,
FC,2021-08-26,92.0,-1.37,5.96,"Judge, Aaron",592450,642152,single,hit_into_play,,,,,1.0,Aaron Judge singles on a line drive to right fielder Mark Canha.   Tyler Wade scores.,R,R,R,ATH,NYY,X,9.0,line_drive,1,2,2021,-0.62,0.46,-0.68,3.21,642180.0,,,2,9,Top,165.2,115.92,,,,,3.1169497114521505,-134.0117785982796,-2.169464493838369,-8.163868967064568,28.715613878402195,-26.31836210858908,3.76,1.75,215.0,74.2,22.0,92.6,2147.0,6.6,632749,669221,621566,476704,656305,462101,543281,516782,592192,53.92,0.967,0.898,0.9,1.0,1.0,0.0,4.0,74,4,Cutter,6,6,6,6,7,6,7,6,Standard,Standard,197.0,-0.361,0.799,,,1.059,-0.799,88.0,0,0,0.546,0.4539999999999999,29,29,30,29,1,4,3.0,2.0,8.0,1.0,2.22,0.62,0.62,36.9,,,,,
SI,2021-08-26,86.4,-3.0,5.09,"Judge, Aaron",592450,489265,double,hit_into_play,,,,,14.0,Aaron Judge doubles (18) on a ground ball to right fielder Mark Canha.,R,R,R,ATH,NYY,X,9.0,ground_ball,2,2,2021,-1.45,0.48,0.49,1.58,,,,0,8,Top,199.14,135.92,,,,,11.323430640649574,-125.28871693550316,-3.1118550284566315,-17.516202000440476,24.071920207403988,-26.618318732865536,3.76,1.75,138.0,80.4,9.0,86.9,2249.0,6.7,632749,669221,621566,476704,656305,462101,543281,516782,592192,53.8,0.416,0.392,1.25,1.0,1.0,1.0,4.0,61,5,Sinker,6,6,6,6,6,6,6,6,Infield shift,Standard,241.0,-0.135,0.741,,,0.468,-0.741,88.0,0,0,0.505,0.495,38,29,38,29,1,3,3.0,2.0,2.0,1.0,2.58,1.45,1.45,19.2,,,,,
SI,2021-08-24,95.7,-2.03,5.56,"Judge, Aaron",592450,450203,double,hit_into_play,,,,,2.0,Aaron Judge doubles (17) on a sharp ground ball to right fielder Jorge Soler.,R,R,R,ATL,NYY,X,9.0,ground_ball,3,1,2021,-1.34,0.42,-0.09,3.15,,,,0,4,Top,193.99,136.13,,,,,8.135578816235247,-139.20571354571237,-1.6922531883459089,-19.28319821485888,30.00111243733644,-26.562000359544985,3.76,1.75,11.0,111.1,-15.0,95.7,2104.0,6.2,632763,518595,518692,645277,663586,621020,594807,592626,624585,54.28,0.279,0.272,1.25,1.0,1.0,1.0,2.0,24,5,Sinker,2,1,1,2,1,2,1,2,Standard,Standard,244.0,-0.058,0.542,,,0.323,-0.542,111.1,1,-1,0.604,0.396,37,29,38,29,2,1,6.0,1.0,7.0,2.0,2.07,1.34,1.34,23.7,,,,,
SI,2021-08-24,97.8,-1.8,5.58,"Judge, Aaron",592450,450203,single,hit_into_play,,,,,8.0,Aaron Judge singles on a sharp line drive to center fielder Joc Pederson.,R,R,R,ATL,NYY,X,8.0,line_drive,3,2,2021,-1.39,0.47,-0.08,2.07,,,,2,1,Top,162.97,66.22,,,,,7.819994784153432,-142.19015863621385,-5.077769415173913,-20.620038412207126,31.13576345801252,-24.776838162240136,3.76,1.75,276.0,110.3,11.0,97.9,2033.0,6.3,632763,518595,518692,645277,663586,621020,594807,592626,624585,54.2,0.921,0.931,0.9,1.0,1.0,0.0,5.0,3,6,Sinker,0,0,0,0,0,0,0,0,Standard,Standard,240.0,-0.01,0.236,,,1.224,-0.236,110.3,0,0,0.536,0.4639999999999999,37,29,38,29,1,0,6.0,1.0,7.0,2.0,1.9,1.39,1.39,26.1,,,,,
CH,2021-08-23,89.3,-1.38,6.1,"Judge, Aaron",592450,660623,field_out,hit_into_play,,,,,11.0,Aaron Judge flies out to right fielder Jorge Soler.,R,R,R,ATL,NYY,X,9.0,fly_ball,1,1,2021,-1.15,0.8,-1.13,3.14,,,518934.0,1,6,Top,158.69,106.97,,,,,3.0543613195469916,-130.08109062706086,-3.0167312444691365,-13.757655736559242,25.792814543243775,-22.597835635381795,3.76,1.75,246.0,73.1,36.0,89.5,1786.0,6.2,632805,661388,518692,645277,663586,621020,594807,628338,624585,54.27,0.348,0.327,0.0,1.0,0.0,0.0,3.0,42,3,Changeup,1,1,1,1,1,1,1,1,Standard,Standard,230.0,0.041,-0.258,,,0.405,0.258,88.0,0,0,0.499,0.501,23,29,23,29,3,2,6.0,2.0,5.0,1.0,2.03,1.15,1.15,42.6,,,,,
CH,2021-08-23,89.4,-1.23,6.31,"Judge, Aaron",592450,660623,field_out,hit_into_play,,,,,6.0,"Aaron Judge grounds out sharply, shortstop Dansby Swanson to first baseman Freddie Freeman.",R,R,R,ATL,NYY,X,6.0,ground_ball,1,1,2021,-0.96,0.8,0.34,3.04,,,,0,4,Top,114.01,144.98,,,,,5.891050356243448,-130.15895764389748,-3.802291020992707,-12.159565792134169,24.64675655690461,-22.48899252319729,3.76,1.75,11.0,106.4,-14.0,89.8,1827.0,6.3,632805,661388,518692,645277,663586,621020,594807,628338,624585,54.22,0.252,0.287,0.0,1.0,0.0,0.0,2.0,24,3,Changeup,1,1,1,1,1,1,1,1,Standard,Standard,235.0,0.026,-0.257,,,0.253,0.257,106.4,0,0,0.501,0.499,23,29,23,29,2,1,6.0,2.0,5.0,1.0,2.03,0.96,0.96,47.0,,,,,
SL,2021-08-23,86.1,-1.37,6.23,"Judge, Aaron",592450,660623,single,hit_into_play,,,,,4.0,Aaron Judge singles on a sharp ground ball to left fielder Adam Duvall.,R,R,R,ATL,NYY,X,7.0,ground_ball,1,1,2021,0.16,-0.61,-0.39,2.69,,,,2,1,Top,83.87,115.64,,,,,1.985434553240271,-125.4614384864836,-0.949604554932896,1.3419995707792385,24.68585606050131,-38.68336380077895,3.76,1.75,135.0,113.8,5.0,86.0,2397.0,6.1,632805,661388,518692,645277,663586,621020,594807,628338,624585,54.44,0.685,0.645,0.9,1.0,1.0,0.0,5.0,3,3,Slider,0,0,0,0,0,0,0,0,Standard,Standard,53.0,-0.012,0.325,,,0.799,-0.325,113.8,0,0,0.538,0.4619999999999999,23,29,23,29,1,0,6.0,2.0,5.0,1.0,3.67,-0.16,-0.16,43.2,,,,,
SL,2021-08-23,86.2,-0.58,6.23,"Judge, Aaron",592450,650828,single,hit_into_play,,,,,5.0,Aaron Judge singles on a line drive to left fielder Adam Duvall.,R,R,R,ATL,NYY,X,7.0,line_drive,1,2,2021,-0.37,-0.14,-0.13,2.85,,,,2,8,Top,63.11,97.7,,,,,1.7985253472005192,-125.551376847889,-1.5679452699933338,-4.303123432361424,23.986891573640825,-33.552811149588415,3.76,1.75,257.0,85.7,19.0,85.4,1965.0,5.6,632805,661388,518692,645277,663586,621020,594807,628338,624585,54.9,0.707,0.663,0.9,1.0,1.0,0.0,4.0,58,4,Slider,1,3,3,1,3,1,3,1,Standard,Standard,251.0,-0.009,0.395,,,0.82,-0.395,88.0,-2,2,0.162,0.838,29,29,30,29,1,3,7.0,2.0,12.0,1.0,3.19,0.37,0.37,50.0,,,,,
SL,2021-08-21,81.9,-2.36,5.73,"Judge, Aaron",592450,628317,field_out,hit_into_play,,,,,6.0,Aaron Judge flies out to right fielder Max Kepler.,R,R,R,NYY,MIN,X,9.0,fly_ball,0,0,2021,0.31,0.38,0.38,2.72,,,519203.0,1,1,Bot,155.48,94.01,,,,,5.524406274311685,-119.12550837265458,-0.8886233874055768,1.7563294675899497,25.99794269978556,-28.670234473703665,3.76,1.75,272.0,94.5,50.0,80.8,2443.0,5.9,632821,680777,553902,593871,650333,592743,608701,624503,596146,54.62,0.011,0.014,0.0,1.0,0.0,0.0,3.0,6,1,Slider,0,0,0,0,0,0,0,0,Standard,Standard,119.0,-0.029,-0.261,,,0.02,0.261,94.5,0,0,0.551,0.551,33,29,33,29,1,0,7.0,1.0,,2.0,3.06,-0.31,-0.31,39.9,,,,,
SI,2021-08-21,91.3,-2.32,4.57,"Judge, Aaron",592450,621248,field_out,hit_into_play,,,,,13.0,Aaron Judge lines out to left fielder Rob Refsnyder.,R,R,R,NYY,MIN,X,7.0,line_drive,2,1,2021,-1.39,0.08,-0.85,2.69,,,519203.0,0,7,Bot,68.56,99.04,,,,,6.6309546612927655,-132.8284719483436,0.9518258531135886,-17.83507915166782,27.91204432160269,-31.638320956963277,3.76,1.75,321.0,110.0,13.0,90.7,2134.0,5.9,632821,680777,553902,593871,650333,592743,608701,624503,596146,54.62,0.814,0.861,0.0,1.0,0.0,0.0,5.0,57,4,Sinker,6,0,6,0,0,6,6,0,Standard,Standard,244.0,-0.001,-0.299,,,1.199,0.299,110.0,6,6,0.994,0.994,27,29,27,29,1,3,3.0,1.0,4.0,2.0,2.65,1.39,1.39,11.9,,,,,
CH,2021-08-20,78.1,1.75,5.37,"Judge, Aaron",592450,656212,field_out,hit_into_play,,,,,5.0,Aaron Judge flies out to right fielder Jake Cave.,R,R,L,NYY,MIN,X,9.0,fly_ball,1,0,2021,1.45,0.39,0.23,2.72,,,,0,4,Bot,172.07,110.6,,,,,-5.836965293881021,-113.65419455066164,0.4378645070177731,13.625546029952924,20.687138988201696,-29.08342673222454,3.76,1.75,249.0,89.6,55.0,77.2,1581.0,5.6,632799,641598,553902,593871,650333,592743,608701,624503,595909,54.89,0.014,0.017,0.0,1.0,0.0,0.0,3.0,36,2,Changeup,6,0,6,0,0,6,6,0,Standard,Standard,101.0,-0.002,-0.312,,,0.026,0.312,89.6,6,6,0.968,0.968,25,29,26,29,3,2,5.0,1.0,8.0,1.0,3.34,1.45,-1.45,25.4,,,,,
SI,2021-08-20,89.9,1.79,5.2,"Judge, Aaron",592450,656212,home_run,hit_into_play,,,,,6.0,Aaron Judge homers (27) on a line drive to right center field.    DJ LeMahieu scores.,R,R,L,NYY,MIN,X,,line_drive,2,1,2021,1.32,0.17,0.45,2.63,,,518934.0,0,2,Bot,194.77,70.38,,,,,-6.013904146322752,-130.85106823901924,-0.7340729906674571,16.384076996020426,28.570986432212397,-30.269350646248604,3.76,1.75,361.0,107.0,20.0,88.6,1576.0,5.5,632799,641598,553902,593871,650333,592743,608701,624503,595909,54.99,0.7136428571428572,1.2185714285714286,2.0,1.0,0.0,3.0,6.0,17,4,Sinker,4,0,4,0,0,6,6,0,Standard,Standard,121.0,0.055,1.014,,,2.2894047619047613,-1.014,107.0,4,4,0.893,0.893,25,29,26,29,2,1,5.0,1.0,8.0,1.0,2.66,1.32,-1.32,21.4,,,,,
FF,2021-08-19,89.3,2.02,5.73,"Judge, Aaron",592450,452027,field_out,hit_into_play,,,,,2.0,"Aaron Judge grounds out, second baseman Jorge Polanco to first baseman Miguel Sano.",R,R,L,NYY,MIN,X,4.0,ground_ball,2,2,2021,0.58,1.43,-0.12,3.64,,,,0,8,Bot,134.68,132.38,,,,,-6.48506897873006,-129.8346298754408,-2.0610112057799292,7.967273408253089,30.039192936580903,-15.91040436033352,3.76,1.75,98.0,92.1,5.0,88.8,2064.0,6.3,632840,680777,593934,593871,650333,592743,608701,624503,596146,54.22,0.523,0.497,0.0,1.0,0.0,0.0,4.0,61,5,4-Seam Fastball,6,4,6,4,4,6,6,4,Standard,Standard,146.0,-0.005,-0.241,,,0.601,0.241,92.1,2,2,0.937,0.937,35,29,36,29,2,3,,1.0,8.0,1.0,1.46,0.58,-0.58,46.2,,,,,
SI,2021-08-19,95.3,-2.88,5.82,"Judge, Aaron",592450,607231,field_out,hit_into_play,,,,,8.0,"Aaron Judge grounds out sharply, second baseman Jorge Polanco to first baseman Miguel Sano.",R,R,R,NYY,MIN,X,4.0,ground_ball,3,2,2021,-1.41,0.91,0.14,2.01,,,,2,1,Bot,127.29,142.18,,,,,11.04843543325469,-138.18103300545087,-6.370716410898165,-20.538232735313755,30.972318210427073,-19.162873055511497,3.76,1.75,5.0,109.9,-20.0,95.0,2557.0,6.3,632840,680777,593934,593871,650333,592743,595909,624503,596146,54.2,0.192,0.201,0.0,1.0,0.0,0.0,2.0,7,6,Sinker,0,0,0,0,0,0,0,0,Standard,Standard,227.0,-0.012,-0.348,,,0.206,0.348,109.9,0,0,0.512,0.512,28,29,29,29,1,0,3.0,1.0,7.0,1.0,1.62,1.41,1.41,40.6,,,,,
FF,2021-08-18,94.6,-2.51,5.5,"Judge, Aaron",592450,572070,field_out,hit_into_play,,,,,8.0,"Aaron Judge grounds out sharply, third baseman Rafael Devers to first baseman Bobby Dalbec.",R,R,R,NYY,BOS,X,5.0,ground_ball,1,2,2021,0.21,0.28,-0.19,2.27,,,,0,5,Bot,90.98,149.63,,,,,5.551505169105017,-137.71023662679312,-3.3802664968465956,1.4790671127307495,30.337147429160066,-28.10936929517771,3.76,1.75,6.0,102.0,-21.0,94.5,2427.0,6.2,632852,543877,666915,571771,646240,593428,657077,592669,502110,54.28,0.14,0.157,0.0,1.0,0.0,0.0,2.0,39,4,4-Seam Fastball,4,1,4,1,1,4,4,1,Standard,Standard,195.0,-0.007,-0.194,,,0.14,0.194,102.0,3,3,0.882,0.882,33,29,33,29,1,2,5.0,1.0,3.0,1.0,2.27,-0.21,-0.21,38.3,,,,,
FF,2021-08-17,96.1,-2.29,5.31,"Judge, Aaron",592450,543135,single,hit_into_play,,,,,4.0,Aaron Judge singles on a line drive to right fielder J.  D. Martinez.,R,R,R,NYY,BOS,X,9.0,line_drive,2,1,2021,-0.83,1.11,-0.76,2.52,,,,1,5,Bot,202.12,108.73,,,,,5.986465109984715,-139.9345849797023,-4.395833629491052,-12.25074770247394,29.843615071717323,-16.75744720236989,3.76,1.75,253.0,92.6,17.0,97.1,2073.0,6.7,632893,608700,543768,571771,646240,593428,657077,680776,502110,53.83,0.638,0.631,0.9,1.0,1.0,0.0,4.0,43,4,4-Seam Fastball,2,0,2,0,0,2,2,0,Standard,Standard,228.0,0.01,0.365,,,0.819,-0.365,92.6,2,2,0.877,0.877,31,29,31,29,3,2,6.0,0.0,6.0,1.0,1.34,0.83,0.83,29.4,,,,,
FC,2021-08-17,91.1,-2.1,5.66,"Judge, Aaron",592450,543135,field_out,hit_into_play,,,,,2.0,Aaron Judge flies out sharply to center fielder Jarren Duran.   Kyle Higashioka to 3rd.,R,R,R,NYY,BOS,X,8.0,fly_ball,0,2,2021,0.24,0.84,0.08,3.24,,543309.0,518934.0,1,3,Bot,151.75,50.39,,,,,4.991375896131176,-132.60074642332876,-2.0027228874170997,1.786616847676736,27.595610639202675,-22.083255748851656,3.76,1.75,373.0,101.8,36.0,91.8,2235.0,6.6,632893,608700,543768,571771,646240,593428,657077,680776,502110,53.89,0.4737619047619048,0.9365714285714284,0.0,1.0,0.0,0.0,6.0,25,4,Cutter,1,0,1,0,0,1,1,0,Standard,Standard,192.0,-0.021,-0.148,,,1.8592380952380947,0.148,101.8,1,1,0.729,0.729,31,29,31,29,2,1,6.0,0.0,6.0,1.0,1.9,-0.24,-0.24,36.2,,,,,
SL,2021-08-17,85.3,-3.16,5.26,"Judge, Aaron",592450,656557,field_out,hit_into_play,,,,,5.0,"Aaron Judge grounds out, third baseman Rafael Devers to first baseman Bobby Dalbec.",R,R,R,NYY,BOS,X,5.0,ground_ball,0,1,2021,1.09,-0.07,0.04,2.91,,,,2,1,Bot,94.04,148.85,,,,,5.315357959783379,-124.13526051475596,0.9403450046471225,10.084268937517283,26.57909591412911,-33.37457181942125,3.76,1.75,8.0,97.4,-20.0,84.7,2597.0,6.0,633291,543877,666915,571771,646240,593428,657077,592669,502110,54.46,0.148,0.141,0.0,1.0,0.0,0.0,2.0,7,2,Slider,0,0,0,0,0,0,0,0,Infield shift,Standard,54.0,-0.01,-0.222,,,0.182,0.222,97.4,0,0,0.51,0.51,25,29,25,29,1,0,5.0,1.0,7.0,0.0,3.22,-1.09,-1.09,18.3,,,,,
CH,2021-08-16,82.7,2.37,5.01,"Judge, Aaron",592450,660761,field_out,hit_into_play,,,,,14.0,"Aaron Judge grounds out, shortstop Jose Iglesias to first baseman Jared Walsh.",R,R,L,NYY,LAA,X,6.0,ground_ball,1,2,2021,0.66,0.68,1.09,1.81,,,,1,3,Bot,114.95,165.43,,,,,-4.234319604316231,-120.35278494029902,-2.1357393008336296,7.259871521539223,22.784324761029517,-25.379563698080084,3.76,1.75,3.0,66.7,-29.0,83.0,1575.0,6.4,633421,545358,665120,664058,594838,578428,457708,669016,666176,54.08,0.049,0.084,0.0,1.0,0.0,0.0,2.0,22,4,Changeup,2,1,2,1,1,2,2,1,Standard,Standard,124.0,-0.011,-0.181,,,0.05,0.181,88.0,1,1,0.644,0.644,23,29,23,29,2,1,6.0,1.0,6.0,1.0,2.65,0.66,-0.66,34.9,,,,,
FF,2021-08-16,94.4,2.08,5.13,"Judge, Aaron",592450,650671,single,hit_into_play,,,,,11.0,Aaron Judge singles on a line drive to left fielder Justin Upton.   DJ LeMahieu to 2nd.,R,R,L,NYY,LAA,X,7.0,line_drive,3,2,2021,0.59,1.35,-0.96,3.04,,,518934.0,0,8,Bot,89.06,135.96,,,,,-9.20596830145545,-137.24881575002416,-2.7341166110645903,9.480979164710586,30.988798053537582,-14.66167484389088,3.76,1.75,151.0,63.6,18.0,94.3,2401.0,6.3,633421,545358,665120,664058,594838,578428,457708,669016,666176,54.2,0.466,0.419,0.9,1.0,1.0,0.0,2.0,57,7,4-Seam Fastball,2,1,2,1,1,2,2,1,Standard,Standard,138.0,0.024,0.387,,,0.497,-0.387,88.0,1,1,0.89,0.89,25,29,26,29,1,3,2.0,1.0,4.0,1.0,1.21,0.59,-0.59,36.4,,,,,
CU,2021-08-16,79.2,2.59,5.23,"Judge, Aaron",592450,660761,single,hit_into_play,,,,,9.0,Aaron Judge singles on a sharp line drive to right fielder Jo Adell.,R,R,L,NYY,LAA,X,9.0,line_drive,2,2,2021,-0.93,-0.72,0.73,2.25,,,,1,1,Bot,213.45,103.88,,,,,-2.320547564631341,-115.30492721428402,1.6281660102275088,-7.802857521352076,22.095802510346047,-39.14185548954844,3.76,1.75,318.0,100.3,20.0,78.9,2742.0,6.1,633421,545358,665120,664058,594838,578428,457708,669016,666176,54.4,0.388,0.62,0.9,1.0,1.0,0.0,5.0,6,5,Curveball,0,1,0,1,1,0,0,1,Standard,Standard,302.0,0.028,0.449,,,1.136,-0.449,100.3,-1,-1,0.422,0.422,23,29,23,29,1,0,6.0,1.0,6.0,1.0,4.36,-0.93,0.93,37.5,,,,,
SL,2021-08-15,84.6,-1.45,6.49,"Judge, Aaron",592450,608337,field_error,hit_into_play,,,,,9.0,"Yankees challenged (play at 1st), call on the field was overturned: Aaron Judge reaches on a fielding error by second baseman Cesar Hernandez.   Brett Gardner to 2nd.",R,R,R,CWS,NYY,X,4.0,ground_ball,2,2,2021,0.14,0.41,0.57,1.68,,,458731.0,2,4,Top,123.26,151.48,,,,,4.46210259457944,-123.23583575922804,-5.785616596321374,0.6788569738993233,22.181975322916735,-27.122632135769756,3.76,1.75,4.0,87.7,-18.0,85.6,2012.0,6.6,632899,664874,547989,514917,664901,641313,650391,673357,683734,53.85,0.11,0.115,0.9,1.0,0.0,0.0,2.0,35,5,Slider,0,3,3,0,3,0,3,0,Infield shift,Strategic,146.0,-0.013,0.416,,,0.119,-0.416,88.0,-3,3,0.203,0.7969999999999999,26,29,27,29,3,2,6.0,1.0,5.0,1.0,2.75,-0.14,-0.14,55.8,,,,,
CH,2021-08-15,79.9,-1.65,6.4,"Judge, Aaron",592450,608337,field_out,hit_into_play,,,,,11.0,Aaron Judge pops out to second baseman Cesar Hernandez.,R,R,R,CWS,NYY,X,4.0,popup,0,2,2021,-1.03,1.25,-1.24,3.4,,458731.0,,2,2,Top,128.15,131.42,,,,,2.8474422671777773,-116.34966968136386,-2.2993474125314113,-9.889815762574395,20.20776748037136,-20.51500337158765,3.76,1.75,175.0,58.4,40.0,80.5,1550.0,6.5,632899,664874,547989,514917,664901,641313,650391,673357,683734,53.99,0.279,0.252,0.0,1.0,0.0,0.0,1.0,17,4,Changeup,0,3,3,0,3,0,3,0,Infield shift,Standard,224.0,0.014,-0.169,,,0.279,0.169,88.0,-3,3,0.239,0.761,26,29,27,29,2,1,6.0,1.0,5.0,1.0,2.29,1.03,1.03,57.4,,,,,
FF,2021-08-14,98.9,-1.54,6.4,"Judge, Aaron",592450,656302,double,hit_into_play,,,,,9.0,Aaron Judge doubles (16) on a sharp line drive to right fielder Brian Goodwin.   Brett Gardner scores.,R,R,R,CWS,NYY,X,9.0,line_drive,2,2,2021,-0.37,1.7,0.75,2.36,458731.0,,,2,3,Top,218.6,100.55,,,,,7.092150864606162,-143.50728199523846,-9.450810592688482,-6.881864158240573,35.23515168844188,-6.5839120282815875,3.76,1.75,236.0,104.8,11.0,98.2,2483.0,6.2,632898,641470,547989,514917,660162,641313,650391,673357,571718,54.33,0.893,0.863,1.25,1.0,1.0,1.0,4.0,21,6,4-Seam Fastball,2,2,2,2,3,2,3,2,Infield shift,Standard,198.0,-0.114,0.852,,,1.101,-0.852,104.8,0,0,0.517,0.483,25,29,26,29,2,1,6.0,2.0,5.0,1.0,0.65,0.37,0.37,56.0,,,,,
SL,2021-08-14,87.2,-1.96,6.19,"Judge, Aaron",592450,656302,sac_fly,hit_into_play,,,,,8.0,Aaron Judge out on a sacrifice fly to center fielder Luis Robert.   DJ LeMahieu scores.,R,R,R,CWS,NYY,X,8.0,fly_ball,1,1,2021,0.4,-0.3,-0.1,2.01,518934.0,,,1,1,Top,155.39,72.7,,,,,3.6594271527771864,-127.12222090615268,-3.36136774192276,3.6760330315176617,22.627345128275437,-35.025671954541366,3.76,1.75,322.0,91.4,36.0,87.6,3000.0,6.1,632898,641470,547989,514917,660162,641313,650391,673357,571718,54.37,0.071,0.114,0.0,1.0,0.0,0.0,3.0,3,3,Slider,0,0,0,0,1,0,1,0,Infield shift,Standard,87.0,-0.019,-0.11,,,0.202,0.11,91.4,0,0,0.457,0.5429999999999999,25,29,26,29,1,0,6.0,2.0,5.0,1.0,3.25,-0.4,-0.4,48.7,,,,,
FF,2021-08-14,97.8,-1.58,5.81,"Judge, Aaron",592450,521230,single,hit_into_play,,,,,11.0,Aaron Judge singles on a line drive to center fielder Luis Robert.   Brett Gardner scores.,R,R,R,CWS,NYY,X,8.0,line_drive,3,2,2021,-0.54,1.22,-0.87,3.37,458731.0,,,0,10,Top,117.59,115.95,,,,,3.193052481913804,-142.50656116773789,-3.962082417667313,-8.047296103848618,31.47316636924184,-14.858329706320202,3.76,1.75,213.0,86.2,14.0,99.1,2301.0,6.9,632898,641470,547989,514917,660162,641313,650391,673357,571718,53.63,0.89,0.837,0.9,1.0,1.0,0.0,4.0,79,6,4-Seam Fastball,4,4,4,4,5,4,5,4,Infield shift,Standard,206.0,-0.099,0.389,,,1.018,-0.389,88.0,0,0,0.41,0.5900000000000001,32,29,32,29,1,4,2.0,2.0,2.0,1.0,1.15,0.54,0.54,46.3,,,,,
FF,2021-08-14,95.7,-2.85,4.85,"Judge, Aaron",592450,518886,home_run,hit_into_play,,,,,5.0,Aaron Judge homers (26) on a line drive to center field.,R,R,R,CWS,NYY,X,,line_drive,1,0,2021,-0.79,1.16,0.24,2.76,,,,0,8,Top,141.93,29.46,,,,,9.930049234844098,-139.1221681470669,-2.515140620883903,-12.477708085162028,30.31460349305373,-16.71720045672269,3.76,1.75,421.0,114.3,17.0,95.8,2292.0,6.4,632898,641470,547989,514917,660162,641313,650391,673357,571718,54.14,0.7418888888888888,1.2373333333333332,2.0,1.0,0.0,3.0,6.0,62,2,4-Seam Fastball,3,3,3,3,4,3,4,3,Infield shift,Standard,226.0,-0.238,1.072,,,2.300333333333333,-1.072,114.3,0,0,0.493,0.507,33,29,33,29,1,3,2.0,2.0,2.0,1.0,1.33,0.79,0.79,25.6,,,,,
,2021-08-12,,,,"Judge, Aaron",592450,458681,field_error,hit_into_play,,,,,,Aaron Judge reaches on a throwing error by shortstop Tim Anderson.,R,R,R,CWS,NYY,X,6.0,ground_ball,1,2,2021,,,,,,,,0,6,Top,117.39,146.21,,,,,,,,,,,,,,,,,,,632924,664874,547989,514917,660162,641313,650391,673357,641553,,,,0.9,,0.0,0.0,,44,4,,7,4,4,7,4,7,4,7,,,,-0.049,0.556,,,,-0.556,,3,-3,0.869,0.131,34,29,34,29,3,2,6.0,1.0,6.0,2.0,,,,,,,,,
,2021-08-12,,,,"Judge, Aaron",592450,458681,home_run,hit_into_play,,,,,,Aaron Judge homers (24) on a fly ball to right field.    DJ LeMahieu scores.    Brett Gardner scores.,R,R,R,CWS,NYY,X,,fly_ball,1,2,2021,,,,,,518934.0,458731.0,2,3,Top,222.84,53.94,,,,,,,,,,,,,,,,,,,632924,664874,547989,514917,660162,641313,650391,673357,641553,,,,2.0,,0.0,3.0,,19,4,,1,0,0,1,3,1,3,1,,,,-0.312,1.75,,,,-1.75,,1,-1,0.631,0.369,34,29,34,29,2,1,6.0,1.0,6.0,2.0,,,,,,,,,
,2021-08-12,,,,"Judge, Aaron",592450,521230,home_run,hit_into_play,,,,,,Aaron Judge homers (25) on a fly ball to right center field.    Tyler Wade scores.,R,R,R,CWS,NYY,X,,fly_ball,2,1,2021,,,,,,,642180.0,2,9,Top,203.06,33.16,,,,,,,,,,,,,,,,,,,632924,664874,547989,514917,660162,641313,544725,673357,571718,,,,2.0,,0.0,3.0,,73,4,,7,4,4,7,6,7,6,7,,,,-0.023,2.196,,,,-2.196,,3,-3,0.986,0.014,32,29,32,29,1,4,6.0,1.0,2.0,2.0,,,,,,,,,
SI,2021-08-11,94.0,-1.07,5.59,"Judge, Aaron",592450,663903,single,hit_into_play,,,,,7.0,"Aaron Judge singles on a sharp line drive to center fielder Michael A.   Taylor.   DJ LeMahieu scores.  Brett Gardner out at 3rd on the throw, center fielder Michael A.   Taylor to third baseman Emmanuel Rivera.",R,R,R,KC,NYY,X,8.0,line_drive,1,1,2021,-1.24,1.16,-0.43,2.19,,518934.0,458731.0,1,4,Top,115.16,79.11,,,,,4.442823309236551,-136.69028831691784,-5.643640046298272,-16.505288335454328,31.558535531004864,-16.57669093195355,3.76,1.75,300.0,100.2,16.0,94.3,2285.0,6.6,632935,595956,656811,593160,656896,670032,643217,572191,641531,53.9,0.551,0.538,0.9,1.0,1.0,0.0,4.0,33,3,Sinker,1,4,4,1,5,1,5,1,Standard,Standard,201.0,-0.032,0.487,,,0.752,-0.487,100.2,-3,3,0.166,0.834,24,29,25,29,3,2,25.0,1.0,7.0,1.0,1.43,1.24,1.24,40.0,,,,,
SL,2021-08-11,86.6,-1.29,5.51,"Judge, Aaron",592450,663903,field_out,hit_into_play,,,,,9.0,Aaron Judge flies out to second baseman Whit Merrifield.,R,R,R,KC,NYY,X,4.0,fly_ball,0,1,2021,0.26,0.34,0.39,1.87,542963.0,,518934.0,2,2,Top,165.98,137.0,,,,,3.48751589395512,-126.01550226986517,-3.110850284127347,1.9231975335844465,28.91155687569411,-28.090971528798914,3.76,1.75,186.0,73.0,55.0,86.4,2340.0,6.5,632935,595956,656811,593160,656896,670032,643217,572191,641531,54.04,0.077,0.085,0.0,1.0,0.0,0.0,3.0,16,2,Slider,1,3,3,1,3,1,3,1,Standard,Standard,114.0,0.033,-0.249,,,0.112,0.249,88.0,-2,2,0.308,0.692,24,29,25,29,2,1,25.0,1.0,7.0,1.0,2.73,-0.26,-0.26,36.8,,,,,
FF,2021-08-11,96.0,-1.34,5.96,"Judge, Aaron",592450,429722,field_out,hit_into_play,,,,,13.0,"Aaron Judge grounds out sharply, third baseman Emmanuel Rivera to first baseman Ryan O'Hearn.",R,R,R,KC,NYY,X,5.0,ground_ball,2,2,2021,-0.53,1.18,-0.83,2.02,,,,2,9,Top,85.7,148.32,,,,,2.517887354655165,-139.64160736314182,-7.460753578991833,-7.445686602084936,31.888851146010506,-15.306784071012986,3.76,1.75,4.0,103.1,-26.0,95.4,2196.0,6.0,632935,595956,656811,593160,656896,670032,643217,572191,641531,54.49,0.14,0.132,0.0,1.0,0.0,0.0,2.0,72,5,4-Seam Fastball,2,5,5,2,5,2,5,2,Strategic,Standard,199.0,0.002,-0.236,,,0.16,0.236,103.1,-3,3,0.041,0.959,38,29,39,29,1,4,2.0,1.0,2.0,1.0,1.3,0.53,0.53,42.0,,,,,
SI,2021-08-11,93.9,-1.15,5.65,"Judge, Aaron",592450,663903,single,hit_into_play,,,,,7.0,Aaron Judge singles on a sharp line drive to center fielder Michael A.   Taylor.   DJ LeMahieu to 2nd.,R,R,R,KC,NYY,X,8.0,line_drive,0,0,2021,-1.1,1.16,-0.43,2.17,,,518934.0,1,1,Top,146.82,93.71,,,,,4.325778641704147,-136.67817797507703,-5.9249221889840795,-14.765093470302045,27.33955617657519,-16.46957860792887,3.76,1.75,207.0,108.6,11.0,94.6,2278.0,6.5,632935,595956,656811,593160,656896,670032,643217,572191,641531,54.03,0.929,0.942,0.9,1.0,1.0,0.0,5.0,3,1,Sinker,0,0,0,0,0,0,0,0,Standard,Standard,208.0,-0.038,0.404,,,1.232,-0.404,108.6,0,0,0.498,0.502,24,29,25,29,1,0,25.0,1.0,7.0,1.0,1.4,1.1,1.1,38.0,,,,,
FF,2021-08-10,94.2,0.7,6.24,"Judge, Aaron",592450,663738,field_out,hit_into_play,,,,,2.0,Aaron Judge flies out to center fielder Michael A.   Taylor.,R,R,L,KC,NYY,X,8.0,fly_ball,0,0,2021,0.65,1.37,-0.18,3.34,,,518934.0,1,5,Top,158.87,80.74,,,,,-3.7217296384069134,-137.21828451605305,-4.923738639498872,9.033840057468758,28.306876303610625,-13.979559766990173,3.76,1.75,305.0,94.1,48.0,94.8,2204.0,6.4,632987,521692,467793,593643,656896,670032,643217,572191,641531,54.07,0.005,0.005,0.0,1.0,0.0,0.0,3.0,37,1,4-Seam Fastball,2,3,3,2,3,2,3,2,Standard,Standard,153.0,0.031,-0.261,,,0.005,0.261,94.1,-1,1,0.36,0.64,24,29,25,29,3,2,5.0,1.0,7.0,1.0,1.18,0.65,-0.65,47.8,,,,,
FF,2021-08-10,94.0,0.97,5.92,"Judge, Aaron",592450,663738,single,hit_into_play,,,,,1.0,Aaron Judge singles on a line drive to center fielder Michael A.   Taylor.   Giancarlo Stanton to 2nd.,R,R,L,KC,NYY,X,8.0,line_drive,0,1,2021,0.4,1.11,-0.31,3.21,,,519317.0,2,3,Top,142.82,89.96,,,,,-4.224190331626867,-136.90647217996474,-3.87469898891947,5.86436158154996,27.68742412977983,-17.518234681392332,3.76,1.75,277.0,85.5,20.0,95.2,2092.0,6.8,632987,521692,467793,593643,656896,670032,643217,572191,641531,53.73,0.647,0.63,0.9,1.0,1.0,0.0,4.0,22,2,4-Seam Fastball,2,1,1,2,1,2,1,2,Standard,Standard,148.0,-0.029,0.377,,,0.784,-0.377,88.0,1,-1,0.647,0.353,24,29,25,29,2,1,5.0,1.0,7.0,1.0,1.45,0.4,-0.4,42.8,,,,,
KC,2021-08-09,80.9,-0.51,6.11,"Judge, Aaron",592450,672578,double,hit_into_play,,,,,11.0,Aaron Judge doubles (15) on a line drive to left fielder Andrew Benintendi.,R,R,R,KC,NYY,X,7.0,line_drive,1,2,2021,0.19,-1.02,-1.14,3.28,,,,1,7,Top,57.7,126.4,,,,,-1.7535651105329777,-117.8090439146929,2.239961324027905,2.0421331408948413,20.435336694416584,-42.34328714926208,3.76,1.75,160.0,81.9,13.0,81.7,2406.0,6.6,632979,595956,467793,593160,656896,670032,643217,572191,656811,53.91,0.644,0.585,1.25,1.0,1.0,1.0,4.0,44,5,Knuckle Curve,0,0,0,0,0,0,0,0,Standard,Standard,35.0,-0.083,0.727,,,0.717,-0.727,88.0,0,0,0.546,0.4539999999999999,24,29,24,29,3,2,5.0,1.0,7.0,1.0,4.48,-0.19,-0.19,53.0,,,,,
KC,2021-08-09,81.2,-0.63,5.94,"Judge, Aaron",592450,672578,field_out,hit_into_play,,,,,14.0,"Aaron Judge grounds out, first baseman Carlos Santana to pitcher Carlos Hernandez.",R,R,R,KC,NYY,X,3.0,ground_ball,2,2,2021,0.6,-0.52,0.94,1.59,,,,1,4,Top,152.95,157.61,,,,,2.37901735802189,-118.26371498581092,-2.149479776660399,5.186112439570113,22.43870750992815,-36.84625270164997,3.76,1.75,7.0,71.4,-12.0,81.9,2400.0,6.7,632979,595956,467793,593160,656896,670032,643217,572191,656811,53.82,0.068,0.067,0.0,1.0,0.0,0.0,2.0,25,5,Knuckle Curve,0,0,0,0,0,0,0,0,Strategic,Standard,36.0,0.018,-0.225,,,0.086,0.225,88.0,0,0,0.529,0.471,24,29,24,29,2,1,5.0,1.0,7.0,1.0,3.97,-0.6,-0.6,50.8,,,,,
FF,2021-08-09,95.6,-0.83,5.82,"Judge, Aaron",592450,672578,field_out,hit_into_play,,,,,6.0,Aaron Judge flies out to right fielder Ryan O'Hearn.,R,R,R,KC,NYY,X,9.0,fly_ball,0,0,2021,-0.48,1.29,0.69,2.68,,,,2,1,Top,191.94,135.62,,,,,5.128824290267272,-139.1087663429777,-5.660500675662731,-7.328557701465892,28.139928710916458,-14.332424415659894,3.76,1.75,227.0,80.1,53.0,96.8,2129.0,6.7,632979,595956,467793,593160,656896,670032,643217,572191,656811,53.76,0.038,0.036,0.0,1.0,0.0,0.0,3.0,3,1,4-Seam Fastball,0,0,0,0,0,0,0,0,Strategic,Standard,214.0,0.01,-0.269,,,0.049,0.269,88.0,0,0,0.538,0.4619999999999999,24,29,24,29,1,0,5.0,1.0,7.0,1.0,1.18,0.48,0.48,39.4,,,,,
SL,2021-08-09,85.0,-1.92,5.25,"Judge, Aaron",592450,605130,single,hit_into_play,,,,,14.0,"Aaron Judge singles on a line drive to right fielder Jarrod Dyson.   Tyler Wade scores.  Brett Gardner out at 3rd on the throw, right fielder Jarrod Dyson to third baseman Hanser Alberto.",R,R,R,KC,NYY,X,9.0,line_drive,2,2,2021,0.77,-0.07,1.02,1.65,,642180.0,458731.0,2,8,Top,173.54,107.98,,,,,5.356418031040317,-123.75444284983752,-2.0141874198229988,6.920200727253592,23.253410027841955,-32.72864157575452,3.76,1.75,216.0,89.6,12.0,85.4,2458.0,6.4,632979,595956,467793,593160,593643,670032,643217,572191,502481,54.08,0.825,0.773,0.9,1.0,1.0,0.0,4.0,58,6,Slider,1,1,1,1,2,1,2,1,Strategic,Standard,81.0,-0.216,0.596,,,0.94,-0.596,89.6,0,0,0.524,0.476,28,29,29,29,1,3,1.0,1.0,1.0,1.0,3.21,-0.77,-0.77,31.5,,,,,
FF,2021-08-09,93.1,-1.48,6.4,"Judge, Aaron",592450,451584,field_out,hit_into_play,,,,,1.0,Aaron Judge lines out to center fielder Michael A.   Taylor.,R,R,R,KC,NYY,X,8.0,line_drive,0,1,2021,-0.21,1.34,-0.69,3.26,,458731.0,519317.0,1,10,Top,154.82,73.31,,,,,2.4451034328751597,-135.59803648257306,-5.273847943194476,-3.0487496597345265,26.10801107570976,-14.628301555643244,3.76,1.75,321.0,96.8,21.0,93.1,2325.0,6.0,632979,595956,467793,593160,593643,670032,643217,572191,502481,54.55,0.323,0.406,0.0,1.0,0.0,0.0,4.0,78,2,4-Seam Fastball,3,5,5,3,5,3,5,3,Standard,Standard,194.0,0.027,-0.206,,,0.647,0.206,96.8,-2,2,0.15,0.85,35,29,36,29,1,4,1.0,1.0,1.0,1.0,1.26,0.21,0.21,49.3,,,,,
FC,2021-08-08,92.1,2.19,5.51,"Judge, Aaron",592450,579328,field_out,hit_into_play,,,,,11.0,"Aaron Judge grounds out sharply, third baseman Kyle Seager to first baseman Ty France.",R,R,L,NYY,SEA,X,5.0,ground_ball,3,1,2021,0.15,1.12,-0.95,3.0,,,,1,1,Bot,80.79,152.03,,,,,-8.359217562937438,-133.9712338418982,-3.0019715717816178,3.5767448059218356,28.32389140291504,-18.196088638462964,3.76,1.75,91.0,104.3,4.0,92.9,2083.0,6.8,632953,663728,664034,647351,572122,664238,641584,672284,641343,53.75,0.551,0.512,0.0,1.0,0.0,0.0,4.0,5,5,Cutter,0,0,0,0,0,0,0,0,Standard,Standard,140.0,-0.026,-0.44,,,0.616,0.44,104.3,0,0,0.536,0.536,30,29,30,29,1,0,5.0,1.0,6.0,1.0,1.56,0.15,-0.15,42.3,,,,,
FF,2021-08-07,93.7,-0.85,6.84,"Judge, Aaron",592450,623167,double,hit_into_play,,,,,12.0,Aaron Judge doubles (14) on a sharp line drive to center fielder Jarred Kelenic.,R,R,R,NYY,SEA,X,8.0,line_drive,1,1,2021,-0.24,1.46,0.19,3.88,,,,2,5,Bot,168.0,55.76,,,,,3.2043338402119024,-136.5197186003047,-5.1863284936637895,-3.650403366291357,26.28974071523493,-12.97414452724195,3.76,1.75,318.0,105.3,17.0,93.7,2196.0,6.0,632950,608596,664034,647351,572122,664238,641584,672284,571745,54.53,0.46,0.689,1.25,1.0,1.0,1.0,5.0,44,3,4-Seam Fastball,1,4,1,4,4,1,1,4,Standard,Standard,198.0,0.023,0.575,,,1.236,-0.575,105.3,-3,-3,0.147,0.147,26,29,27,29,3,2,5.0,1.0,6.0,1.0,1.11,0.24,0.24,68.8,,,,,
FC,2021-08-07,90.1,-0.64,6.81,"Judge, Aaron",592450,623167,field_out,hit_into_play,,,,,6.0,"Aaron Judge grounds out sharply, second baseman Abraham Toro to first baseman Ty France.",R,R,R,NYY,SEA,X,4.0,ground_ball,3,2,2021,0.39,0.64,0.54,2.61,,,,0,3,Bot,140.94,141.47,,,,,2.100449124255248,-131.16291947329034,-5.795340451415639,4.108990429534278,27.337393295917657,-23.81342760118776,3.76,1.75,47.0,112.3,0.0,89.8,2283.0,6.0,632950,608596,664034,647351,572122,664238,641584,672284,571745,54.48,0.551,0.497,0.0,1.0,0.0,0.0,4.0,27,7,Cutter,1,4,1,4,4,1,1,4,Standard,Standard,164.0,-0.03,-0.354,,,0.598,0.354,112.3,-3,-3,0.242,0.242,26,29,27,29,2,1,5.0,1.0,6.0,1.0,2.16,-0.39,-0.39,69.5,,,,,
CU,2021-08-07,78.7,-0.68,6.8,"Judge, Aaron",592450,623167,home_run,hit_into_play,,,,,8.0,Aaron Judge homers (23) on a fly ball to left field.,R,R,R,NYY,SEA,X,,fly_ball,3,2,2021,0.69,-1.21,-0.13,1.73,,,,2,1,Bot,31.08,56.66,,,,,-0.1054595167510873,-114.62993605893632,-1.9165249676853613,6.077751143500242,22.66387226771159,-42.61753110833125,3.76,1.75,421.0,107.5,28.0,78.3,2803.0,6.1,632950,608596,664034,647351,572122,664238,641584,672284,571745,54.4,0.9250000000000002,1.8471333333333333,2.0,1.0,0.0,3.0,6.0,8,7,Curveball,0,2,0,2,2,1,1,2,Standard,Standard,26.0,0.092,2.516,,,3.681333333333334,-2.516,107.5,-2,-2,0.315,0.315,26,29,27,29,1,0,5.0,1.0,6.0,1.0,4.9,-0.69,-0.69,71.9,,,,,
CH,2021-08-06,79.3,2.63,5.41,"Judge, Aaron",592450,594835,field_out,hit_into_play,,,,,3.0,Aaron Judge pops out to second baseman Abraham Toro.,R,R,L,NYY,SEA,X,4.0,popup,1,0,2021,1.45,0.82,0.67,3.36,,,,0,4,Bot,140.88,152.82,,,,,-7.042629015577456,-115.23103245919008,0.845496077070059,14.236372788859793,22.733050438075608,-25.293601263336996,3.76,1.75,127.0,87.0,68.0,79.6,2228.0,6.7,633062,663728,664034,647351,572122,641487,641584,672284,571745,53.78,0.005,0.005,0.0,1.0,0.0,0.0,3.0,27,2,Changeup,0,0,0,0,0,0,0,0,Infield shade,Standard,115.0,-0.031,-0.312,,,0.006,0.312,88.0,0,0,0.564,0.564,29,29,29,29,2,1,5.0,1.0,6.0,1.0,2.83,1.45,-1.45,42.5,,,,,
SL,2021-08-06,87.4,-0.87,5.62,"Judge, Aaron",592450,650895,sac_fly,hit_into_play,,,,,5.0,Aaron Judge out on a sacrifice fly to left fielder Dylan Moore.   Brett Gardner scores.,R,R,R,NYY,SEA,X,7.0,line_drive,0,1,2021,0.18,0.12,-0.12,2.66,458731.0,518934.0,519203.0,0,8,Bot,57.48,85.03,,,,,1.4081255865613302,-127.49594718657738,-1.3801325692045328,1.7774341116928791,21.279808557838063,-30.762377584441836,3.76,1.75,328.0,107.0,17.0,86.9,2232.0,5.4,633062,663728,664034,647351,572122,641487,664238,672284,571745,55.11,0.4625000000000001,0.6819999999999999,0.0,1.0,0.0,0.0,6.0,63,2,Slider,0,1,0,1,1,1,1,1,Standard,Standard,153.0,-0.01,-0.176,,,1.2145,0.176,107.0,-1,-1,0.683,0.683,27,29,27,29,1,3,3.0,1.0,1.0,1.0,2.8,-0.18,-0.18,26.9,,,,,
FF,2021-08-06,89.6,1.98,5.75,"Judge, Aaron",592450,594835,field_out,hit_into_play,,,,,4.0,"Aaron Judge lines out sharply, third baseman Kyle Seager to first baseman Ty France.",R,R,L,NYY,SEA,X,5.0,line_drive,1,1,2021,1.0,1.39,-0.71,2.47,,,,2,1,Bot,91.62,157.34,,,,,-8.781373324196723,-130.19368682002457,-5.083540035374626,13.190527920444737,25.530809833444557,-15.408205372649798,3.76,1.75,138.0,111.1,7.0,90.2,2135.0,6.6,633062,663728,664034,647351,572122,641487,641584,672284,571745,53.92,0.715,0.659,0.0,1.0,0.0,0.0,4.0,6,3,4-Seam Fastball,0,0,0,0,0,0,0,0,Infield shade,Standard,147.0,-0.009,-0.258,,,0.828,0.258,111.1,0,0,0.509,0.509,29,29,29,29,1,0,5.0,1.0,6.0,1.0,1.44,1.0,-1.0,53.5,,,,,
CH,2021-08-05,79.4,2.27,5.9,"Judge, Aaron",592450,542881,field_out,hit_into_play,,,,,14.0,Aaron Judge flies out to right fielder Mitch Haniger.,R,R,L,NYY,SEA,X,9.0,fly_ball,1,1,2021,1.37,1.21,1.22,2.09,,,518934.0,1,3,Bot,161.91,110.73,,,,,-4.844738905514602,-115.54925031896988,-3.822666895644832,13.206037670106731,21.577146946116777,-20.806081180378317,3.76,1.75,240.0,76.0,43.0,79.1,1912.0,6.1,633013,608596,664034,647351,572122,641487,664238,672284,571745,54.44,0.082,0.074,0.0,1.0,0.0,0.0,3.0,24,3,Changeup,1,1,1,1,1,1,1,1,Standard,Standard,130.0,-0.03,-0.258,,,0.1,0.258,88.0,0,0,0.556,0.556,31,29,32,29,2,1,5.0,1.0,6.0,1.0,2.4,1.37,-1.37,44.7,,,,,
ST,2021-08-05,83.1,-3.97,4.55,"Judge, Aaron",592450,623149,single,hit_into_play,,,,,7.0,Aaron Judge singles on a sharp line drive to left fielder Jake Fraley.,R,R,R,NYY,SEA,X,7.0,line_drive,2,2,2021,1.27,0.48,-0.43,1.66,,,,2,7,Bot,86.09,81.42,,,,,5.642224835953329,-120.91761162364932,-1.079015962553,11.31758888713093,24.10770365163379,-27.48795800808943,3.76,1.75,250.0,109.1,14.0,83.4,2244.0,6.5,633013,608596,664034,647351,572122,641487,641584,672284,571745,53.96,0.712,0.754,0.9,1.0,1.0,0.0,5.0,59,6,Sweeper,2,3,2,3,3,2,2,3,Strategic,Strategic,81.0,0.03,0.347,,,1.095,-0.347,109.1,-1,-1,0.277,0.277,31,29,31,29,1,3,2.0,1.0,3.0,1.0,2.83,-1.27,-1.27,23.2,,,,,
CH,2021-08-04,85.3,-2.22,6.1,"Judge, Aaron",592450,518774,single,hit_into_play,,,,,2.0,Aaron Judge singles on a pop up to first baseman Ryan Mountcastle.,R,R,R,NYY,BAL,X,3.0,popup,2,1,2021,-1.43,0.74,-0.14,3.38,,,,1,4,Bot,161.88,140.66,,,,,7.736563341669764,-123.96091197035452,-1.567807804966657,-16.312608819271848,24.873645267909342,-24.426201319304692,3.76,1.75,174.0,96.6,60.0,84.8,1645.0,6.0,633018,600474,663624,602104,596748,621006,669720,656775,621466,54.46,0.019,0.025,0.9,1.0,1.0,0.0,3.0,28,4,Changeup,1,3,1,3,3,1,1,3,Standard,Standard,213.0,0.03,0.365,,,0.035,-0.365,96.6,-2,-2,0.285,0.285,32,29,32,29,2,1,5.0,1.0,7.0,1.0,2.4,1.43,1.43,46.7,,,,,
SI,2021-08-04,92.9,-2.49,5.97,"Judge, Aaron",592450,518774,grounded_into_double_play,hit_into_play,,,,,4.0,"Aaron Judge grounds into a double play, shortstop Richie Martin to second baseman Ramon Urias to first baseman Ryan Mountcastle. Anthony Rizzo out at 2nd. Aaron Judge out at 1st.",R,R,R,NYY,BAL,X,6.0,ground_ball,0,0,2021,-1.48,1.32,-0.53,2.69,,,519203.0,1,1,Bot,107.59,139.87,,,,,8.214312260796909,-134.90223286387362,-5.398894078374495,-19.881199106732357,32.96284529004157,-15.05450369333206,3.76,1.75,60.0,97.2,1.0,91.8,2186.0,6.1,633018,600474,663624,602104,596748,621006,669720,656775,621466,54.45,0.444,0.403,0.0,1.0,0.0,0.0,4.0,9,1,Sinker,0,2,0,2,2,0,0,2,Standard,Standard,229.0,-0.053,-0.326,,,0.481,0.326,97.2,-2,-2,0.355,0.355,32,29,32,29,1,0,5.0,1.0,7.0,1.0,1.36,1.48,1.48,42.1,,,,,
CH,2021-08-04,78.3,-0.06,6.1,"Judge, Aaron",592450,643400,field_out,hit_into_play,,,,,1.0,Aaron Judge pops out to second baseman Ramon Urias.,R,R,R,NYY,BAL,X,4.0,popup,1,1,2021,-1.14,0.74,-0.59,3.14,518934.0,,,1,8,Bot,146.38,159.35,,,,,0.9599865761583836,-113.98317976200627,-0.8281312186630916,-10.08866986489209,22.857754672488262,-25.870018317763,3.76,1.75,117.0,92.0,67.0,77.7,1506.0,6.0,633018,600474,663624,602104,596748,621006,669720,656775,621466,54.47,0.005,0.005,0.0,1.0,0.0,0.0,3.0,68,3,Changeup,10,3,10,3,3,10,10,3,Strategic,Standard,199.0,0.0,-0.11,,,0.005,0.11,92.0,7,7,0.999,0.999,30,29,31,29,1,4,,1.0,3.0,1.0,3.01,1.14,1.14,65.2,,,,,
CH,2021-08-04,76.8,-2.12,4.81,"Judge, Aaron",592450,491624,field_out,hit_into_play,,,,,14.0,"Aaron Judge grounds out, shortstop Richie Martin to first baseman Ryan Mountcastle.",R,R,R,NYY,BAL,X,6.0,ground_ball,2,1,2021,-0.61,-0.67,0.83,2.42,,,518934.0,2,5,Bot,98.71,155.04,,,,,7.205655105485765,-111.57543128412571,3.097967746119033,-6.404619492489279,19.756224064622835,-38.61651271929749,3.76,1.75,74.0,75.7,5.0,75.4,1725.0,5.3,633018,600474,663624,602104,596748,621006,669720,656775,621466,55.15,0.23,0.226,0.0,1.0,0.0,0.0,2.0,40,4,Changeup,3,3,3,3,3,3,3,3,Standard,Standard,297.0,-0.034,-0.304,,,0.252,0.304,88.0,0,0,0.534,0.534,36,29,36,29,1,2,2.0,1.0,3.0,1.0,4.55,0.61,0.61,3.2,,,,,
CU,2021-08-03,72.7,3.22,6.44,"Judge, Aaron",592450,649144,single,hit_into_play,,,,,2.0,Aaron Judge singles on a line drive to left fielder Austin Hays.   Anthony Rizzo to 3rd.,R,R,L,NYY,BAL,X,7.0,line_drive,1,0,2021,-0.87,-0.75,-0.02,3.6,,519203.0,,0,3,Bot,99.83,95.09,,,,,-4.9053588146984275,-105.60079401055069,2.99291659352912,-5.599843682828429,19.42868311655612,-38.56421227494965,3.76,1.75,179.0,87.6,14.0,71.2,2494.0,5.4,633023,600474,663624,642162,596748,602104,669720,656775,623993,55.11,0.948,0.906,0.9,1.0,1.0,0.0,4.0,22,2,Curveball,3,0,3,0,0,3,3,0,Standard,Standard,325.0,0.027,0.466,,,1.112,-0.466,88.0,3,3,0.871,0.871,24,29,24,29,2,1,5.0,1.0,7.0,1.0,5.11,-0.87,0.87,56.8,,,,,
FF,2021-08-03,92.0,-1.9,6.39,"Judge, Aaron",592450,641312,home_run,hit_into_play,,,,,6.0,Aaron Judge homers (22) on a fly ball to right field.,R,R,R,NYY,BAL,X,,fly_ball,0,1,2021,0.21,0.84,0.81,2.68,,,,2,8,Bot,219.13,97.22,,,,,6.446690630262466,-133.71322760464196,-5.418745870335088,1.117846716814629,29.79890107298469,-21.1028552345902,3.76,1.75,340.0,101.5,31.0,92.5,2399.0,6.7,633023,600474,663624,642162,596748,621006,663630,656775,669720,53.76,0.5916458333333333,1.154729166666667,2.0,1.0,0.0,3.0,6.0,72,2,4-Seam Fastball,12,1,12,1,1,13,13,1,Standard,Standard,176.0,0.0,2.642,,,2.2787291666666665,-2.642,101.5,11,11,0.999,0.999,26,29,27,29,1,4,2.0,1.0,22.0,1.0,1.87,-0.21,-0.21,50.5,,,,,
CH,2021-08-03,82.5,2.39,5.49,"Judge, Aaron",592450,669211,force_out,hit_into_play,,,,,9.0,"Aaron Judge grounds into a force out, third baseman Maikel Franco to second baseman Pat Valaika.   Greg Allen out at 2nd.",R,R,L,NYY,BAL,X,5.0,ground_ball,0,0,2021,1.32,0.62,0.51,2.29,,,656185.0,2,6,Bot,97.6,158.74,,,,,-6.813984489343754,-120.01396388090212,-1.9935224869526955,14.092316835865416,22.027509106374783,-25.98267789050401,3.76,1.75,32.0,76.8,-1.0,82.5,1897.0,6.2,633023,600474,663624,642162,596748,621006,669720,656775,623993,54.33,0.137,0.133,0.0,1.0,0.0,0.0,2.0,53,1,Changeup,9,0,9,0,0,9,9,0,Standard,Standard,121.0,0.0,-0.27,,,0.159,0.27,88.0,9,9,0.998,0.998,26,29,26,29,1,3,2.0,1.0,7.0,1.0,2.72,1.32,-1.32,41.3,,,,,
CH,2021-08-03,84.6,3.34,6.33,"Judge, Aaron",592450,649144,field_out,hit_into_play,,,,,14.0,Aaron Judge flies out to right fielder Anthony Santander.,R,R,L,NYY,BAL,X,9.0,fly_ball,2,2,2021,1.39,0.89,1.11,1.79,,,,2,1,Bot,187.69,135.2,,,,,-7.823741334931537,-122.83818511899118,-5.917423864846628,15.563826914471694,23.35973760840517,-22.20163343260096,3.76,1.75,220.0,76.9,49.0,83.4,1559.0,5.5,633023,600474,663624,642162,596748,602104,669720,656775,623993,54.96,0.082,0.084,0.0,1.0,0.0,0.0,3.0,7,5,Changeup,0,0,0,0,0,0,0,0,Strategic,Standard,127.0,-0.009,-0.236,,,0.113,0.236,88.0,0,0,0.509,0.509,24,29,24,29,1,0,5.0,1.0,7.0,1.0,2.3,1.39,-1.39,50.5,,,,,
SI,2021-08-02,96.7,-2.62,5.7,"Judge, Aaron",592450,605347,field_out,hit_into_play,,,,,8.0,"Aaron Judge grounds out, third baseman Maikel Franco to first baseman Ryan Mountcastle.",R,R,R,NYY,BAL,X,5.0,ground_ball,2,1,2021,-1.53,0.91,0.14,1.68,,519203.0,,1,1,Bot,107.4,173.89,,,,,10.8521022789486,-140.25054048965296,-7.234145933607224,-22.61423734715922,30.26413541093487,-18.616620987504017,3.76,1.75,20.0,100.4,-4.0,96.8,2183.0,6.4,633078,600474,663624,642162,596748,602104,669720,656775,623993,54.07,0.323,0.335,0.0,1.0,0.0,0.0,2.0,6,4,Sinker,0,0,0,0,0,0,0,0,Infield shade,Standard,226.0,-0.036,-0.285,,,0.349,0.285,100.4,0,0,0.569,0.569,28,29,28,29,1,0,5.0,1.0,6.0,1.0,1.53,1.53,1.53,41.1,,,,,
FF,2021-08-02,93.0,2.75,5.06,"Judge, Aaron",592450,643316,field_out,hit_into_play,,,,,5.0,Aaron Judge flies out to center fielder Cedric Mullins.,R,R,L,NYY,BAL,X,8.0,fly_ball,2,2,2021,0.26,1.02,-0.01,2.8,,,,0,8,Bot,140.09,62.46,,,,,-7.625145979891127,-135.26306573796242,-2.257882049313663,4.736192761258934,28.312648894116105,-19.30450229886244,3.76,1.75,340.0,93.0,34.0,92.9,2334.0,6.2,633078,600474,663624,642162,596748,602104,663630,656775,669720,54.33,0.082,0.149,0.0,1.0,0.0,0.0,3.0,64,6,4-Seam Fastball,1,7,1,7,7,1,1,7,Strategic,Standard,129.0,-0.004,-0.241,,,0.286,0.241,93.0,-6,-6,0.01,0.01,28,29,29,29,1,3,2.0,1.0,2.0,1.0,1.61,0.26,-0.26,26.0,,,,,
SI,2021-08-01,98.5,-2.29,5.88,"Judge, Aaron",592450,645261,single,hit_into_play,,,,,1.0,Aaron Judge singles on a ground ball to right fielder Bryan De La Cruz.,R,R,R,MIA,NYY,X,9.0,ground_ball,3,1,2021,-1.51,0.45,-0.34,3.33,,,,0,4,Top,169.25,90.53,,,,,8.729295199447654,-143.18871824343634,-2.505527782122038,-22.788994573260737,33.55818410442407,-25.61441575789745,3.76,1.75,52.0,95.6,0.0,97.7,2328.0,5.9,633069,506702,542583,665862,605119,500743,621446,642423,650559,54.58,0.373,0.367,0.9,1.0,1.0,0.0,2.0,23,5,Sinker,1,0,0,1,0,1,0,1,Infield shift,Standard,227.0,-0.028,0.278,,,0.42,-0.278,95.6,1,-1,0.604,0.396,25,29,26,29,2,1,5.0,1.0,5.0,1.0,1.91,1.51,1.51,34.0,,,,,
SI,2021-08-01,90.8,3.21,6.18,"Judge, Aaron",592450,542947,single,hit_into_play,,,,,8.0,"Yankees challenged (tag play), call on the field was upheld: Aaron Judge singles on a sharp ground ball to left fielder Lewis Brinson.   Giancarlo Stanton scores.  Anthony Rizzo out at 3rd on the throw, left fielder Lewis Brinson to third baseman Brian Anderson to shortstop Miguel Rojas.",R,R,L,MIA,NYY,X,7.0,ground_ball,0,0,2021,1.35,0.03,0.01,2.37,,519317.0,519203.0,1,8,Top,71.69,103.86,,,,,-10.90708484642934,-131.72696983525097,-3.6443213581130975,18.06317857175457,28.34636716266084,-31.157389208387947,3.76,1.75,55.0,115.2,0.0,90.8,2005.0,6.5,633069,506702,542583,665862,605119,500743,621446,642423,650559,54.0,0.584,0.536,0.9,1.0,1.0,0.0,4.0,56,1,Sinker,1,1,1,1,2,1,2,1,Infield shift,Standard,127.0,-0.145,0.481,,,0.636,-0.481,115.2,0,0,0.428,0.5720000000000001,34,29,34,29,1,3,2.0,1.0,2.0,1.0,2.75,1.35,-1.35,31.7,,,,,
FF,2021-07-31,95.8,2.03,6.01,"Judge, Aaron",592450,669432,field_out,hit_into_play,,,,,8.0,"Aaron Judge grounds out sharply, shortstop Miguel Rojas to first baseman Lewin Diaz.",R,R,L,MIA,NYY,X,6.0,ground_ball,1,0,2021,0.99,1.22,-0.04,1.88,,,,1,3,Top,99.74,146.87,,,,,-7.729726626233179,-139.08074282573344,-8.033527767893808,14.61400433142343,32.69901596188802,-14.640415042757851,3.76,1.75,20.0,115.0,-5.0,95.9,2447.0,6.6,633092,595751,650331,665862,605119,500743,621446,642423,650559,53.9,0.452,0.407,0.0,1.0,0.0,0.0,4.0,19,2,4-Seam Fastball,0,2,2,0,2,0,2,0,Infield shift,Standard,127.0,0.015,-0.299,,,0.464,0.299,115.0,-2,2,0.304,0.696,23,29,24,29,2,1,11.0,1.0,35.0,1.0,1.28,0.99,-0.99,26.0,,,,,
FF,2021-07-31,95.3,2.11,5.97,"Judge, Aaron",592450,669432,field_out,hit_into_play,,,,,5.0,Aaron Judge flies out sharply to right fielder Bryan De La Cruz.,R,R,L,MIA,NYY,X,9.0,fly_ball,0,0,2021,1.04,1.18,-0.07,2.46,,,,2,1,Top,185.9,97.8,,,,,-8.034901835989897,-138.3901075219331,-6.184453095984882,15.17591275063136,32.74246107484212,-15.764065796662742,3.76,1.75,293.0,100.4,51.0,94.8,2458.0,6.3,633092,595751,650331,665862,605119,500743,621446,642423,650559,54.24,0.005,0.01,0.0,1.0,0.0,0.0,3.0,3,1,4-Seam Fastball,0,0,0,0,0,0,0,0,Infield shift,Standard,123.0,0.01,-0.269,,,0.021,0.269,100.4,0,0,0.538,0.4619999999999999,23,29,24,29,1,0,11.0,1.0,35.0,1.0,1.35,1.04,-1.04,25.4,,,,,
SL,2021-07-31,85.8,-1.34,5.98,"Judge, Aaron",592450,542914,field_out,hit_into_play,,,,,8.0,Aaron Judge flies out to center fielder Magneuris Sierra.,R,R,R,MIA,NYY,X,8.0,fly_ball,2,2,2021,0.35,-0.35,-0.22,2.35,,,,1,9,Top,83.2,53.8,,,,,1.9124865592949296,-124.99689489783968,-1.6586391147648536,3.37385311688174,23.673552784003338,-35.79247602382312,3.76,1.75,374.0,93.4,30.0,85.2,2079.0,5.7,633092,595751,650331,665862,605119,500743,621446,642423,650559,54.81,0.151,0.217,0.0,1.0,0.0,0.0,3.0,67,6,Slider,2,4,4,2,4,2,4,2,Infield shift,Standard,79.0,0.005,-0.225,,,0.386,0.225,93.4,-2,2,0.085,0.915,33,29,34,29,1,4,4.0,1.0,1.0,1.0,3.43,-0.35,-0.35,53.8,,,,,
FF,2021-07-30,91.0,-1.01,6.41,"Judge, Aaron",592450,605507,field_out,hit_into_play,,,,,9.0,"Aaron Judge grounds out, second baseman Jazz Chisholm Jr.  to first baseman Jesus Aguilar.   Joey Gallo to 2nd.",R,R,R,MIA,NYY,X,4.0,ground_ball,2,0,2021,-0.06,0.86,0.49,2.3,,,608336.0,1,3,Top,143.39,157.73,,,,,3.9138549819171335,-132.34992682766415,-6.244126095080241,-1.6146356345687531,29.22398305747605,-20.89444791331343,3.76,1.75,4.0,69.1,-31.0,91.0,2368.0,6.4,633073,595751,542583,665862,605119,500743,675649,642423,650559,54.1,0.047,0.077,0.0,1.0,0.0,0.0,2.0,19,3,4-Seam Fastball,0,0,0,0,0,0,0,0,Infield shift,Standard,211.0,0.034,-0.425,,,0.047,0.425,88.0,0,0,0.484,0.516,27,29,28,29,2,1,7.0,1.0,5.0,1.0,1.9,0.06,0.06,43.3,,,,,
FC,2021-07-30,88.6,-1.02,6.51,"Judge, Aaron",592450,605507,single,hit_into_play,,,,,14.0,Aaron Judge singles on a fly ball to right fielder Bryan De La Cruz.,R,R,R,MIA,NYY,X,9.0,fly_ball,3,2,2021,0.38,0.43,1.19,2.38,,,,2,1,Top,146.61,116.96,,,,,4.596950293208325,-129.0594996388125,-4.97830595603652,3.353700341289661,24.70702356983722,-26.52722703455598,3.76,1.75,213.0,68.0,41.0,88.8,2544.0,6.2,633073,595751,542583,665862,605119,500743,675649,642423,650559,54.29,0.447,0.421,0.9,1.0,1.0,0.0,3.0,3,7,Cutter,0,0,0,0,0,0,0,0,Infield shift,Standard,181.0,-0.01,0.236,,,0.51,-0.236,88.0,0,0,0.536,0.4639999999999999,27,29,28,29,1,0,7.0,1.0,5.0,1.0,2.44,-0.38,-0.38,43.9,,,,,
CU,2021-07-29,76.3,-1.8,5.92,"Judge, Aaron",592450,672715,field_out,hit_into_play,,,,,4.0,Aaron Judge flies out sharply to center fielder Kevin Kiermaier.,R,R,R,TB,NYY,X,8.0,fly_ball,0,0,2021,0.75,-0.33,-0.28,3.01,,,,1,3,Top,125.67,67.76,,,,,1.876419339483677,-111.1435675493889,1.542538561256715,5.85925848110555,20.510695536394355,-35.37034389066666,3.76,1.75,325.0,104.3,46.0,76.9,2570.0,6.8,633104,572287,596847,664040,650490,677551,668227,595281,621433,53.74,0.163,0.327,0.0,1.0,0.0,0.0,3.0,21,1,Curveball,4,0,0,4,0,4,0,4,Standard,Standard,54.0,0.011,-0.259,,,0.645,0.259,104.3,4,-4,0.876,0.124,21,29,22,29,2,1,7.0,1.0,5.0,1.0,4.24,-0.75,-0.75,54.1,,,,,
FF,2021-07-29,98.2,-1.82,5.93,"Judge, Aaron",592450,672715,single,hit_into_play,,,,,9.0,Aaron Judge singles on a sharp line drive to right fielder Brett Phillips.,R,R,R,TB,NYY,X,9.0,line_drive,2,2,2021,-0.59,1.56,0.35,1.91,,,,1,1,Top,164.6,84.56,,,,,7.313618698672116,-142.59244196344974,-9.06198879411308,-9.748781376389628,34.12352299359561,-9.008453743197824,3.76,1.75,301.0,103.0,13.0,98.7,2510.0,6.8,633104,572287,596847,664040,650490,677551,668227,595281,621433,53.7,0.885,0.875,0.9,1.0,1.0,0.0,4.0,2,5,4-Seam Fastball,0,0,0,0,0,0,0,0,Standard,Standard,208.0,-0.026,0.449,,,1.148,-0.449,103.0,0,0,0.524,0.476,21,29,22,29,1,0,7.0,1.0,5.0,1.0,0.83,0.59,0.59,44.2,,,,,
SL,2021-07-28,84.4,-0.25,7.08,"Judge, Aaron",592450,664126,single,hit_into_play,,,,,9.0,"Aaron Judge singles on a sharp ground ball to center fielder Brett Phillips, deflected by shortstop Wander Franco.   Gio Urshela scores.    Greg Allen to 3rd.",R,R,R,TB,NYY,X,6.0,ground_ball,1,1,2021,0.35,-0.57,0.71,2.35,,570482.0,656185.0,0,10,Top,116.73,92.14,,,,,1.549284272904674,-122.88754914797912,-3.510678068256783,3.253847703403026,24.882364959283663,-37.49720615483378,3.76,1.75,8.0,106.7,-16.0,84.9,2341.0,6.7,633122,642336,650490,664040,621563,677551,668227,621433,622534,53.84,0.225,0.224,0.9,1.0,1.0,0.0,2.0,67,3,Slider,1,1,1,1,2,1,2,1,Standard,Standard,42.0,-0.277,0.496,,,0.254,-0.496,106.7,0,0,0.455,0.5449999999999999,27,29,28,29,1,2,5.0,1.0,33.0,1.0,3.78,-0.35,-0.35,63.8,,,,,
CU,2021-07-27,81.9,0.64,6.28,"Judge, Aaron",592450,663556,grounded_into_double_play,hit_into_play,,,,,9.0,"Aaron Judge grounds into a double play, shortstop Wander Franco to second baseman Brandon Lowe to first baseman Ji-Man Choi.   DJ LeMahieu out at 2nd.    Aaron Judge out at 1st.",R,R,L,TB,NYY,X,6.0,ground_ball,0,0,2021,-0.33,-0.97,0.51,1.99,,,518934.0,0,5,Top,104.31,149.81,,,,,0.3437322031415711,-119.27808483779012,-1.218862978935871,-3.2000991393097027,24.442123030761586,-41.41483385544287,3.76,1.75,36.0,96.3,-1.0,82.7,2643.0,6.9,633143,572287,596847,664040,650490,677551,668227,595281,622534,53.55,0.321,0.318,0.0,1.0,0.0,0.0,2.0,37,1,Curveball,0,1,1,0,1,0,1,0,Standard,Standard,315.0,0.079,-0.36,,,0.345,0.36,96.3,-1,1,0.325,0.675,24,29,24,29,3,2,7.0,16.0,5.0,1.0,4.39,-0.33,0.33,47.2,,,,,
CU,2021-07-27,81.7,0.59,6.34,"Judge, Aaron",592450,663556,field_out,hit_into_play,,,,,9.0,"Aaron Judge grounds out, third baseman Yandy Diaz to first baseman Ji-Man Choi.",R,R,L,TB,NYY,X,5.0,ground_ball,1,2,2021,-0.67,-1.33,0.4,2.3,,,,1,3,Top,95.36,170.12,,,,,0.8779914057880743,-118.86682867442974,0.1516105575048425,-6.442531576485442,25.794945841714767,-44.93706044438286,3.76,1.75,4.0,84.0,-30.0,82.5,2755.0,7.1,633143,572287,596847,664040,650490,677551,668227,595281,622534,53.39,0.071,0.068,0.0,1.0,0.0,0.0,2.0,19,4,Curveball,0,0,0,0,0,0,0,0,Standard,Standard,309.0,0.013,-0.181,,,0.082,0.181,88.0,0,0,0.53,0.47,24,29,24,29,2,1,7.0,16.0,5.0,1.0,4.78,-0.67,0.67,49.0,,,,,
SL,2021-07-27,88.6,1.19,6.12,"Judge, Aaron",592450,663556,single,hit_into_play,,,,,7.0,Aaron Judge singles on a ground ball to left fielder Randy Arozarena.   DJ LeMahieu to 3rd.,R,R,L,TB,NYY,X,7.0,ground_ball,2,1,2021,-0.25,-0.09,-0.38,2.3,,518934.0,,0,1,Top,75.3,106.07,,,,,-3.354231418592684,-128.95007475110043,-3.0193389107881146,-1.9638588428521353,30.068156668631733,-32.71092408198134,3.76,1.75,59.0,114.6,1.0,88.9,2499.0,6.7,633143,572287,596847,664040,650490,677551,668227,595281,622534,53.77,0.597,0.544,0.9,1.0,1.0,0.0,4.0,2,4,Slider,0,0,0,0,0,0,0,0,Standard,Standard,239.0,-0.055,0.476,,,0.645,-0.476,114.6,0,0,0.438,0.562,24,29,24,29,1,0,7.0,16.0,5.0,1.0,3.02,-0.25,0.25,39.4,,,,,
SI,2021-07-11,90.7,1.33,5.85,"Judge, Aaron",592450,664285,field_out,hit_into_play,,,,,9.0,"Aaron Judge grounds out, third baseman Abraham Toro to first baseman Yuli Gurriel.   DJ LeMahieu to 2nd.",R,R,L,HOU,NYY,X,5.0,ground_ball,2,0,2021,1.5,-0.33,0.39,1.71,,,518934.0,1,4,Top,109.58,165.4,,,,,-5.572281582182468,-131.7889070813007,-3.595158970835079,18.67209823600681,33.67474312709091,-35.28100773767672,3.76,1.75,2.0,77.3,-41.0,90.0,2146.0,6.4,633340,455117,493329,514888,647351,596825,670541,676801,663656,54.11,0.077,0.11,0.0,1.0,0.0,0.0,2.0,32,3,Sinker,1,2,2,1,2,1,2,1,Infield shift,Standard,128.0,0.029,-0.425,,,0.077,0.425,88.0,-1,1,0.364,0.636,27,29,28,29,3,2,5.0,1.0,7.0,16.0,3.16,1.5,-1.5,37.6,,,,,
SI,2021-07-11,86.3,-1.98,3.16,"Judge, Aaron",592450,501925,field_out,hit_into_play,,,,,4.0,"Aaron Judge grounds out, second baseman Jose Altuve to first baseman Yuli Gurriel.",R,R,R,HOU,NYY,X,4.0,ground_ball,0,0,2021,-1.42,-0.67,-0.67,2.48,,,,1,6,Top,129.79,140.88,,,,,6.007392626636301,-125.23779234144313,6.067849839905644,-16.11894455214323,27.32770408401998,-40.77710858641484,3.76,1.75,152.0,93.2,9.0,86.1,1829.0,6.5,633340,455117,493329,514888,647351,596825,670541,676801,663656,53.98,0.589,0.548,0.0,1.0,0.0,0.0,4.0,49,1,Sinker,1,3,3,1,3,1,3,1,Standard,Standard,281.0,0.013,-0.259,,,0.667,0.259,93.2,-2,2,0.238,0.762,37,29,37,29,1,3,3.0,1.0,6.0,16.0,3.77,1.42,1.42,-16.6,,,,,
CH,2021-07-10,86.5,-1.16,6.45,"Judge, Aaron",592450,425844,home_run,hit_into_play,,,,,4.0,Aaron Judge homers (21) on a fly ball to left center field.,R,R,R,HOU,NYY,X,,fly_ball,2,1,2021,-1.03,0.49,-0.3,2.58,,,,2,3,Top,56.1,43.96,,,,,4.095662102527656,-125.90434472439942,-3.991430563656168,-11.825957003505591,25.582985513947783,-26.40452796367157,3.76,1.75,419.0,106.8,31.0,85.4,1709.0,5.6,633304,455117,493329,514888,647351,596825,488726,664702,663656,54.94,0.9273,1.8583333333333336,2.0,1.0,0.0,3.0,6.0,17,4,Changeup,0,0,0,0,1,0,1,0,Infield shift,Standard,224.0,-0.116,2.555,,,3.7041999999999993,-2.555,106.8,0,0,0.542,0.4579999999999999,37,29,38,29,2,1,6.0,1.0,9.0,1.0,2.56,1.03,1.03,46.7,,,,,
CH,2021-07-10,86.4,-1.16,6.47,"Judge, Aaron",592450,425844,field_out,hit_into_play,,,,,13.0,"Aaron Judge grounds out, third baseman Abraham Toro to first baseman Yuli Gurriel.",R,R,R,HOU,NYY,X,5.0,ground_ball,1,1,2021,-1.18,0.92,-0.16,1.56,,,,1,1,Top,91.98,164.5,,,,,4.706815622378277,-125.61672956778403,-7.254451262155002,-13.492380861530467,25.131608279220483,-21.17058447414733,3.76,1.75,8.0,75.7,-12.0,85.3,1832.0,5.6,633304,455117,493329,514888,647351,596825,488726,664702,663656,54.92,0.058,0.064,0.0,1.0,0.0,0.0,2.0,2,3,Changeup,0,0,0,0,0,0,0,0,Infield shift,Standard,226.0,0.015,-0.249,,,0.06,0.249,88.0,0,0,0.523,0.477,37,29,38,29,1,0,6.0,1.0,9.0,1.0,2.14,1.18,1.18,44.1,,,,,
FS,2021-07-10,89.0,-0.49,6.24,"Judge, Aaron",592450,592773,field_out,hit_into_play,,,,,7.0,"Aaron Judge grounds out softly, pitcher Ryne Stanek to first baseman Yuli Gurriel. DJ LeMahieu to 2nd.",R,R,R,HOU,NYY,X,1.0,ground_ball,1,0,2021,-1.06,0.46,-0.57,2.35,,,518934.0,0,8,Top,129.6,192.05,,,,,2.0237625557836996,-129.5332619859897,-4.417381303940546,-12.300545526244964,29.28833028373591,-26.27027459827767,3.76,1.75,1.0,54.1,-73.0,88.5,1070.0,6.2,633304,455117,493329,514888,647351,596825,488726,664702,663656,54.34,0.167,0.175,0.0,1.0,0.0,0.0,1.0,53,2,Split-Finger,0,1,1,0,1,0,1,0,Infield shift,Standard,239.0,0.017,-0.398,,,0.169,0.398,88.0,-1,1,0.216,0.784,29,29,30,29,1,3,3.0,1.0,8.0,1.0,2.44,1.06,1.06,44.2,,,,,
FF,2021-07-09,92.0,-0.98,6.02,"Judge, Aaron",592450,543606,field_out,hit_into_play,,,,,3.0,Aaron Judge flies out to right fielder Kyle Tucker in foul territory.,R,R,R,HOU,NYY,X,9.0,fly_ball,2,2,2021,-0.79,1.27,0.38,3.49,,,,1,5,Top,190.74,143.77,,,,,5.119808948830262,-133.8185195426597,-3.2776297962831578,-10.641948260326073,31.326032799358956,-16.448250383919945,3.76,1.75,211.0,97.2,62.0,91.2,1811.0,6.0,633348,488771,493329,514888,647351,596825,488726,664702,663656,54.47,0.016,0.021,0.0,1.0,0.0,0.0,3.0,35,5,4-Seam Fastball,0,2,2,0,2,0,2,0,Infield shift,Standard,219.0,0.012,-0.225,,,0.029,0.225,97.2,-2,2,0.268,0.732,31,29,31,29,3,2,6.0,1.0,8.0,1.0,1.44,0.79,0.79,40.3,,,,,
FF,2021-07-09,92.7,-1.02,6.02,"Judge, Aaron",592450,543606,field_out,hit_into_play,,,,,2.0,Aaron Judge lines out sharply to center fielder Myles Straw.,R,R,R,HOU,NYY,X,8.0,line_drive,3,2,2021,-1.01,1.59,-0.05,3.31,,,,1,3,Top,153.89,70.12,,,,,4.673243426879589,-134.88264335097304,-4.565833824902098,-13.39249484898854,31.381221405265947,-12.004800368890486,3.76,1.75,328.0,100.2,19.0,91.9,2079.0,6.0,633348,488771,493329,514888,647351,596825,488726,664702,663656,54.52,0.351,0.399,0.0,1.0,0.0,0.0,5.0,18,6,4-Seam Fastball,0,0,0,0,0,0,0,0,Infield shift,Standard,215.0,0.022,-0.337,,,0.643,0.337,100.2,0,0,0.521,0.479,31,29,31,29,2,1,6.0,1.0,8.0,1.0,1.08,1.01,1.01,40.6,,,,,
SI,2021-07-09,94.0,-2.02,6.09,"Judge, Aaron",592450,656232,double,hit_into_play,,,,,4.0,Aaron Judge doubles (13) on a line drive to left fielder Michael Brantley. DJ LeMahieu to 3rd.,R,R,R,HOU,NYY,X,7.0,line_drive,0,1,2021,-0.96,0.95,-0.44,2.65,,,518934.0,2,9,Top,58.85,106.37,,,,,6.126697200567675,-136.70531027536524,-5.183940173003079,-13.468363749026915,32.93247552828578,-19.355545839850933,3.76,1.75,202.0,101.4,11.0,92.5,2295.0,5.7,633348,488771,493329,514888,647351,596825,488726,664702,663656,54.84,0.86,0.81,1.25,1.0,1.0,1.0,4.0,67,2,Sinker,0,4,4,0,4,0,4,0,Infield shift,Standard,210.0,-0.002,0.949,,,1.015,-0.949,101.4,-4,4,0.017,0.983,25,29,25,29,1,4,9.0,1.0,8.0,1.0,1.66,0.96,0.96,44.4,,,,,
SL,2021-07-09,87.9,-2.13,5.51,"Judge, Aaron",592450,650556,field_error,hit_into_play,,,,,8.0,"Astros challenged (play at 1st), call on the field was upheld: Aaron Judge reaches on a throwing error by third baseman Abraham Toro.",R,R,R,HOU,NYY,X,5.0,ground_ball,3,1,2021,0.15,-0.35,-0.03,2.05,518934.0,,,1,7,Top,92.89,162.76,,,,,4.782779142835063,-127.91863677238544,-1.5287582464506977,0.6458237339660657,27.225813263972288,-35.94065982606352,3.76,1.75,23.0,101.7,-4.0,88.1,2364.0,6.5,633348,488771,493329,514888,647351,596825,488726,664702,663656,54.02,0.375,0.363,0.9,1.0,0.0,0.0,2.0,51,5,Slider,0,4,4,0,4,0,4,0,Strategic,Standard,46.0,-0.001,0.355,,,0.411,-0.355,101.7,-4,4,0.044,0.956,24,29,24,29,1,3,3.0,1.0,2.0,1.0,3.31,-0.15,-0.15,36.6,,,,,
FF,2021-07-09,92.9,-0.92,6.06,"Judge, Aaron",592450,543606,single,hit_into_play,,,,,2.0,Aaron Judge singles on a sharp ground ball to left fielder Michael Brantley.,R,R,R,HOU,NYY,X,7.0,ground_ball,2,1,2021,-1.24,1.52,-0.17,3.6,,,,1,1,Top,104.75,130.39,,,,,4.587527813831438,-135.0840038883721,-3.73471839939878,-16.13259422673501,33.67981038401122,-13.108318920923551,3.76,1.75,58.0,104.9,0.0,91.6,2216.0,5.9,633348,488771,493329,514888,647351,596825,488726,664702,663656,54.63,0.425,0.382,0.9,1.0,1.0,0.0,4.0,2,4,4-Seam Fastball,0,0,0,0,0,0,0,0,Infield shift,Standard,216.0,-0.022,0.365,,,0.441,-0.365,104.9,0,0,0.52,0.48,31,29,31,29,1,0,6.0,1.0,8.0,1.0,1.16,1.24,1.24,39.7,,,,,
FF,2021-07-08,96.9,-2.33,5.93,"Judge, Aaron",592450,669302,field_out,hit_into_play,,,,,8.0,"Aaron Judge grounds out sharply, pitcher Logan Gilbert to first baseman Ty France.",R,R,R,SEA,NYY,X,1.0,ground_ball,1,1,2021,-0.53,1.28,-0.18,2.1,,,,2,6,Top,127.49,184.39,,,,,7.115217284619471,-140.94888294180447,-7.860826240364854,-8.526566393755328,28.36088377301759,-13.477749835477606,3.76,1.75,12.0,115.3,-9.0,99.6,2250.0,7.5,633315,608596,664034,664238,572122,641487,641343,641584,571745,52.96,0.375,0.363,0.0,1.0,0.0,0.0,2.0,40,3,4-Seam Fastball,3,0,0,3,0,3,0,3,Infield shift,Standard,204.0,0.009,-0.258,,,0.388,0.258,115.3,3,-3,0.902,0.0979999999999999,24,29,24,29,3,2,6.0,1.0,10.0,1.0,1.12,0.53,0.53,51.2,,,,,
SI,2021-07-08,96.6,-1.24,5.74,"Judge, Aaron",592450,608665,grounded_into_double_play,hit_into_play,,,,,11.0,"Aaron Judge grounds into a double play, third baseman Kyle Seager to second baseman Dylan Moore to first baseman Ty France.   DJ LeMahieu out at 2nd.    Aaron Judge out at 1st.",R,R,R,SEA,NYY,X,5.0,ground_ball,1,2,2021,-1.25,0.9,-1.35,3.11,,,518934.0,1,9,Top,91.6,162.88,,,,,2.5499185700143756,-140.77729320850986,-3.5724184699659136,-17.35157178778318,27.179682417453986,-19.58415232385592,3.76,1.75,15.0,76.2,-10.0,97.0,2113.0,6.1,633315,608596,664034,664238,572122,641487,641343,641584,571745,54.4,0.068,0.074,0.0,1.0,0.0,0.0,2.0,60,5,Sinker,4,0,0,4,0,4,0,4,Standard,Standard,218.0,0.012,-0.251,,,0.071,0.251,88.0,4,-4,0.988,0.012,30,29,31,29,1,3,4.0,1.0,1.0,1.0,1.51,1.25,1.25,46.2,,,,,
FF,2021-07-08,97.6,-2.32,6.12,"Judge, Aaron",592450,669302,field_out,hit_into_play,,,,,1.0,Aaron Judge flies out sharply to center fielder Jake Fraley.,R,R,R,SEA,NYY,X,8.0,fly_ball,0,1,2021,-0.5,1.52,-0.57,3.13,,,,1,1,Top,138.17,49.49,,,,,5.959949432810366,-141.94797532984504,-6.151984747482937,-8.100561088522426,32.70962359419528,-10.352912155159986,3.76,1.75,371.0,100.6,28.0,99.5,2230.0,7.4,633315,608596,664034,664238,572122,641487,641343,641584,571745,53.14,0.5860975609756098,1.114634146341463,0.0,1.0,0.0,0.0,6.0,2,2,4-Seam Fastball,0,0,0,0,0,0,0,0,Infield shift,Standard,197.0,0.014,-0.216,,,2.196439024390244,0.216,100.6,0,0,0.524,0.476,24,29,24,29,1,0,6.0,1.0,10.0,1.0,0.87,0.5,0.5,49.1,,,,,
FC,2021-07-07,91.4,2.53,5.58,"Judge, Aaron",592450,579328,field_out,hit_into_play,,,,,4.0,"Aaron Judge grounds out, shortstop J.  P. Crawford to first baseman Ty France.",R,R,L,SEA,NYY,X,6.0,ground_ball,0,0,2021,0.05,0.61,-0.39,3.03,,641796.0,518934.0,2,3,Top,104.27,154.6,,,,,-7.530072176197216,-132.9167446498223,-1.82398147468452,2.310629311449824,29.83442015071396,-24.771198255625222,3.76,1.75,4.0,90.5,-34.0,91.9,2271.0,6.7,633371,608596,664034,664238,572122,641487,643418,666211,571745,53.79,0.063,0.071,0.0,1.0,0.0,0.0,2.0,30,1,Cutter,1,5,5,1,5,1,5,1,Infield shift,Standard,153.0,0.02,-0.282,,,0.075,0.282,90.5,-4,4,0.144,0.856,30,29,30,29,3,2,6.0,1.0,10.0,1.0,2.13,0.05,-0.05,42.6,,,,,
SL,2021-07-07,80.1,2.06,5.76,"Judge, Aaron",592450,579328,home_run,hit_into_play,,,,,5.0,Aaron Judge homers (20) on a fly ball to left center field.   Tim Locastro scores.,R,R,L,SEA,NYY,X,,fly_ball,2,1,2021,-0.2,-0.33,-0.21,2.7,641796.0,,,1,2,Top,36.42,49.16,,,,,-4.6717598264936795,-116.68593645114623,0.5203419126838058,-1.026694838535488,19.684467890716128,-35.5378321986283,3.76,1.75,429.0,106.9,32.0,81.0,2377.0,6.6,633371,608596,664034,664238,572122,641487,643418,666211,571745,53.88,0.9324,1.87045,2.0,1.0,0.0,3.0,6.0,18,4,Slider,1,3,3,1,5,1,5,1,Infield shade,Standard,309.0,-0.094,1.01,,,3.725649999999999,-1.01,106.9,-2,2,0.262,0.738,30,29,30,29,2,1,6.0,1.0,10.0,1.0,3.85,-0.2,0.2,53.4,,,,,
SL,2021-07-07,87.3,-2.35,5.29,"Judge, Aaron",592450,608638,field_out,hit_into_play,,,,,8.0,"Aaron Judge grounds out sharply, shortstop J.  P. Crawford to first baseman Ty France.",R,R,R,SEA,NYY,X,6.0,ground_ball,1,1,2021,0.16,0.4,0.14,2.09,,,,2,6,Top,95.33,150.04,,,,,5.691794682469741,-127.05391620397094,-2.385726212830647,0.5314570383128608,26.035956616742897,-27.584300279825285,3.76,1.75,41.0,103.6,-1.0,87.4,2050.0,6.3,633371,608596,664034,664238,572122,641487,643418,666211,571745,54.15,0.4,0.364,0.0,1.0,0.0,0.0,4.0,48,3,Slider,1,5,5,1,5,1,5,1,Infield shift,Standard,238.0,0.004,-0.258,,,0.436,0.258,103.6,-4,4,0.094,0.906,30,29,31,29,1,3,7.0,1.0,2.0,1.0,2.59,-0.16,-0.16,26.1,,,,,
FF,2021-07-07,92.2,-3.78,4.61,"Judge, Aaron",592450,623149,single,hit_into_play,,,,,1.0,Aaron Judge singles on a ground ball to second baseman Dylan Moore.,R,R,R,SEA,NYY,X,4.0,ground_ball,1,2,2021,-1.1,1.1,-0.46,3.23,,,,1,9,Top,134.43,159.16,,,,,10.821922812824155,-133.9373567812235,-0.0788414616037336,-15.537264775844571,27.40667535541707,-19.086917915462227,3.76,1.75,37.0,72.6,-1.0,92.3,2458.0,6.3,633371,608596,664034,664238,572122,641487,643418,666211,571745,54.17,0.123,0.115,0.9,1.0,1.0,0.0,2.0,69,5,4-Seam Fastball,4,5,5,4,5,4,5,4,Infield shift,Standard,236.0,-0.02,0.493,,,0.142,-0.493,88.0,-1,1,0.184,0.8160000000000001,31,29,31,29,1,4,3.0,1.0,1.0,1.0,1.58,1.1,1.1,24.1,,,,,
CH,2021-07-06,82.8,2.24,5.7,"Judge, Aaron",592450,502327,single,hit_into_play,,,,,6.0,Aaron Judge singles on a ground ball to left fielder Shed Long Jr.  Tim Locastro to 2nd.,R,R,L,SEA,NYY,X,7.0,ground_ball,0,2,2021,1.19,0.64,0.55,2.55,,,641796.0,1,5,Top,76.54,118.84,,,,,-6.098655564494583,-120.4200812507771,-1.950112546597918,12.7133229253453,22.79265639995933,-25.771911973163505,3.76,1.75,114.0,85.7,9.0,82.2,1843.0,5.9,633382,620443,664034,664238,572122,641487,643418,641584,571745,54.62,0.474,0.427,0.9,1.0,1.0,0.0,4.0,43,3,Changeup,0,8,8,0,8,0,8,0,Infield shade,Standard,107.0,-0.002,0.499,,,0.483,-0.499,88.0,-8,8,0.013,0.987,33,29,34,29,2,3,4.0,2.0,5.0,1.0,2.68,1.19,-1.19,37.7,,,,,
CH,2021-07-06,83.6,1.44,5.51,"Judge, Aaron",592450,656954,force_out,hit_into_play,,,,,8.0,"Aaron Judge grounds into a force out, second baseman Dylan Moore to shortstop J.  P. Crawford.   Tim Locastro to 3rd.    DJ LeMahieu out at 2nd.    Aaron Judge to 1st.",R,R,L,SEA,NYY,X,4.0,ground_ball,2,2,2021,1.08,0.19,0.12,1.63,,641796.0,518934.0,1,2,Top,125.0,146.0,,,,,-5.134096655164069,-121.76058312606408,-2.9319391040103424,11.787372327895486,22.21810473721458,-29.910580935036815,3.76,1.75,26.0,113.9,-2.0,82.9,1746.0,5.6,633382,620443,664034,664238,572122,641487,643418,641584,571745,54.85,0.51,0.464,0.0,1.0,0.0,0.0,4.0,15,6,Changeup,0,3,3,0,3,0,3,0,Standard,Standard,130.0,0.02,-0.289,,,0.545,0.289,113.9,-3,3,0.202,0.798,25,29,25,29,2,1,6.0,2.0,57.0,1.0,3.04,1.08,-1.08,40.4,,,,,
FF,2021-07-06,92.2,2.08,5.78,"Judge, Aaron",592450,502327,double,hit_into_play,,,,,4.0,Aaron Judge doubles (12) on a sharp line drive to center fielder Jake Fraley.   Miguel Andujar scores.    DJ LeMahieu to 3rd.,R,R,L,SEA,NYY,X,8.0,line_drive,2,1,2021,0.97,1.18,-0.3,2.56,609280.0,,518934.0,1,3,Top,91.95,58.45,,,,,-8.038515575844734,-134.0645281200126,-4.945896298318768,13.28799957906956,25.914348255850996,-17.05047620204778,3.76,1.75,248.0,102.1,13.0,91.7,2029.0,5.8,633382,620443,664034,664238,572122,641487,643418,641584,571745,54.7,0.877,0.863,1.25,1.0,1.0,1.0,4.0,27,4,4-Seam Fastball,0,7,7,0,8,0,8,0,Standard,Standard,142.0,-0.013,0.681,,,1.107,-0.681,102.1,-7,7,0.03,0.97,33,29,34,29,1,2,4.0,2.0,5.0,1.0,1.48,0.97,-0.97,41.6,,,,,
SI,2021-07-06,94.3,-1.18,5.22,"Judge, Aaron",592450,606160,field_out,hit_into_play,,,,,11.0,"Aaron Judge grounds out, second baseman Dylan Moore to first baseman Ty France.",R,R,R,SEA,NYY,X,4.0,ground_ball,1,0,2021,-1.57,0.58,-1.06,3.12,,,,0,9,Top,117.21,148.04,,,,,3.800348612615401,-137.3304689249362,-1.0536181879184272,-20.77057888908505,30.523480239575232,-24.75340746471648,3.76,1.75,65.0,80.4,3.0,94.1,2172.0,6.1,633382,620443,664034,664238,572122,641487,643418,641584,571745,54.37,0.208,0.237,0.0,1.0,0.0,0.0,2.0,77,2,Sinker,1,12,12,1,12,1,12,1,Infield shift,Standard,219.0,0.0,-0.312,,,0.217,0.312,88.0,-11,11,0.001,0.999,30,29,31,29,1,5,3.0,2.0,5.0,1.0,1.98,1.57,1.57,38.1,,,,,
SI,2021-07-06,93.7,1.21,5.53,"Judge, Aaron",592450,656954,field_out,hit_into_play,,,,,5.0,Aaron Judge flies out sharply to center fielder Jake Fraley.   DJ LeMahieu to 2nd.,R,R,L,SEA,NYY,X,8.0,fly_ball,3,1,2021,1.23,0.59,0.24,2.74,,,518934.0,0,1,Top,147.75,46.49,,,,,-5.162211145277853,-136.49608167237997,-2.8409766643233105,16.47075509998358,26.328422130471356,-24.337543270711407,3.76,1.75,380.0,103.3,31.0,93.4,2023.0,5.8,633382,620443,664034,664238,572122,641487,643418,641584,571745,54.72,0.7122749999999998,1.4135000000000002,0.0,1.0,0.0,0.0,6.0,2,5,Sinker,0,0,0,0,0,0,0,0,Standard,Standard,141.0,0.039,-0.43,,,2.809525,0.43,103.3,0,0,0.442,0.558,25,29,25,29,1,0,6.0,2.0,57.0,1.0,1.97,1.23,-1.23,42.8,,,,,
FS,2021-07-04,87.8,-1.03,5.24,"Judge, Aaron",592450,573186,single,hit_into_play,,,,,8.0,Aaron Judge singles on a soft ground ball to right fielder Michael Conforto.   DJ LeMahieu to 3rd.,R,R,R,NYY,NYM,X,9.0,ground_ball,2,1,2021,-0.9,-0.12,0.09,1.96,,,518934.0,1,5,Bot,166.9,136.26,,,,,4.525141258848797,-127.98567867588868,-1.6456620864744065,-10.815777942474917,23.405697136246005,-33.3636267591821,3.76,1.75,4.0,56.4,-30.0,87.7,1682.0,5.9,633522,621512,624413,643446,641645,596019,641856,607043,624424,54.6,0.088,0.082,0.9,1.0,1.0,0.0,1.0,45,4,Split-Finger,4,4,4,4,4,4,4,4,Infield shift,Standard,233.0,0.11,0.356,,,0.099,-0.356,88.0,0,0,0.596,0.596,30,29,30,29,3,2,7.0,1.0,6.0,0.0,3.04,0.9,0.9,40.1,,,,,
FF,2021-07-04,91.9,-1.78,5.46,"Judge, Aaron",592450,621261,field_out,hit_into_play,,,,,4.0,Aaron Judge flies out sharply to center fielder Brandon Nimmo.,R,R,R,NYY,NYM,X,8.0,fly_ball,3,2,2021,-0.65,1.38,-0.62,2.87,,,,0,3,Bot,144.8,58.04,,,,,4.420009538634411,-133.8081482115018,-3.748500325216169,-8.758926067128701,28.052334948012135,-14.995807109068837,3.76,1.75,352.0,100.2,32.0,93.2,2293.0,7.0,633417,543510,624413,606299,542340,596019,642086,607043,607680,53.52,0.5148333333333334,0.9976250000000002,0.0,1.0,0.0,0.0,6.0,21,6,4-Seam Fastball,3,0,3,0,0,3,3,0,Infield shift,Standard,216.0,-0.011,-0.354,,,1.971375,0.354,100.2,3,3,0.886,0.886,27,29,28,29,2,1,7.0,0.0,,2.0,1.31,0.65,0.65,34.3,,,,,
SI,2021-07-04,91.6,-1.07,5.2,"Judge, Aaron",592450,573186,single,hit_into_play,,,,,7.0,Aaron Judge singles on a line drive to left fielder Billy McKinney.,R,R,R,NYY,NYM,X,7.0,line_drive,1,1,2021,-0.63,0.37,-0.46,2.19,,,,0,3,Bot,85.86,116.4,,,,,2.875524941437464,-133.40924883297276,-2.5405237781664503,-8.173059261862342,27.686781701783776,-27.404074955209733,3.76,1.75,230.0,90.3,14.0,91.2,2162.0,5.9,633522,621512,624413,643446,641645,596019,641856,607043,624424,54.58,0.948,0.899,0.9,1.0,1.0,0.0,4.0,24,3,Sinker,3,1,3,1,1,3,3,1,Infield shift,Standard,202.0,0.023,0.462,,,1.107,-0.462,90.3,2,2,0.811,0.811,30,29,30,29,2,1,7.0,1.0,6.0,0.0,2.33,0.63,0.63,36.0,,,,,
SI,2021-07-04,95.5,-1.19,5.28,"Judge, Aaron",592450,607625,field_out,hit_into_play,,,,,1.0,Aaron Judge lines out to first baseman Pete Alonso.,R,R,R,NYY,NYM,X,3.0,line_drive,1,1,2021,-1.37,0.92,-0.28,3.18,,,,2,7,Bot,148.97,159.03,,,,,5.46384602693038,-138.95636140200995,-1.9662088696763105,-18.91659199666301,31.895151646778537,-19.982642729521665,3.76,1.75,122.0,88.9,6.0,95.2,2259.0,6.2,633522,543510,624413,643446,606299,596019,607680,607043,624424,54.3,0.452,0.41,0.0,1.0,0.0,0.0,4.0,69,3,Sinker,5,10,5,10,10,5,5,10,Infield shift,Strategic,213.0,-0.001,-0.258,,,0.511,0.258,88.9,-5,-5,0.001,0.001,31,29,32,29,1,3,3.0,1.0,1.0,0.0,1.58,1.37,1.37,33.5,,,,,
CH,2021-07-04,84.5,-1.64,5.44,"Judge, Aaron",592450,621261,force_out,hit_into_play,,,,,9.0,"Aaron Judge grounds into a force out, shortstop Francisco Lindor to second baseman Jose Peraza.   DJ LeMahieu out at 2nd.    Aaron Judge to 1st.",R,R,R,NYY,NYM,X,6.0,ground_ball,2,2,2021,-0.96,0.14,0.71,1.68,,,518934.0,0,1,Bot,111.39,148.59,,,,,7.496603395604644,-122.88502780831176,-2.730650746819003,-11.226050471973586,23.501797502857393,-30.42270052990096,3.76,1.75,52.0,74.8,3.0,85.7,1702.0,7.0,633417,543510,624413,606299,542340,596019,642086,607043,607680,53.48,0.167,0.194,0.0,1.0,0.0,0.0,2.0,5,5,Changeup,0,0,0,0,0,0,0,0,Infield shift,Standard,235.0,-0.033,-0.325,,,0.191,0.325,88.0,0,0,0.591,0.591,27,29,28,29,1,0,7.0,0.0,,2.0,3.05,0.96,0.96,39.0,,,,,
FS,2021-07-04,86.9,-1.2,5.19,"Judge, Aaron",592450,573186,field_out,hit_into_play,,,,,8.0,"Aaron Judge grounds out sharply, shortstop Francisco Lindor to first baseman Pete Alonso.",R,R,R,NYY,NYM,X,6.0,ground_ball,1,2,2021,-1.29,0.3,0.23,1.76,,,,1,1,Bot,99.63,146.33,,,,,5.999242088829187,-126.54662155626708,-2.7178522879585385,-15.104172866498116,23.34765789640232,-28.60176944904264,3.76,1.75,17.0,107.5,-6.0,86.4,1806.0,5.7,633522,621512,624413,643446,641645,596019,641856,607043,624424,54.81,0.389,0.431,0.0,1.0,0.0,0.0,2.0,6,4,Split-Finger,0,1,0,1,1,0,0,1,Infield shift,Standard,245.0,-0.014,-0.181,,,0.417,0.181,107.5,-1,-1,0.404,0.404,30,29,30,29,1,0,7.0,1.0,6.0,0.0,2.69,1.29,1.29,38.0,,,,,
SL,2021-07-04,86.1,-2.51,5.01,"Judge, Aaron",592450,612434,field_out,hit_into_play,,,,,4.0,Aaron Judge grounds out to first baseman Pete Alonso.   Brett Gardner to 3rd.    DJ LeMahieu to 2nd.,R,R,R,NYY,NYM,X,3.0,ground_ball,1,2,2021,1.01,-0.14,-0.31,2.47,,458731.0,518934.0,1,5,Bot,158.42,171.35,,,,,3.1681401363959663,-125.43161449345202,0.4211423862345742,10.13454212448404,22.991280871589275,-33.975889867213056,3.76,1.75,2.0,54.3,-48.0,85.7,2946.0,5.8,633417,543510,624413,606299,542340,596019,642086,607043,607680,54.75,0.219,0.222,0.0,1.0,0.0,0.0,1.0,40,4,Slider,3,2,3,2,2,3,3,2,Infield shift,Standard,71.0,-0.016,-0.244,,,0.228,0.244,88.0,1,1,0.81,0.81,26,29,27,29,1,2,1.0,0.0,3.0,2.0,3.19,-1.01,-1.01,14.1,,,,,
FF,2021-07-03,94.7,-1.89,6.36,"Judge, Aaron",592450,592836,home_run,hit_into_play,,,,,6.0,Aaron Judge homers (19) on a fly ball to right center field.,R,R,R,NYY,NYM,X,,fly_ball,2,2,2021,-0.7,1.56,0.32,2.78,,,,1,6,Bot,179.53,52.05,,,,,7.302623438941015,-137.53707570706547,-7.091991548435508,-10.609382592872745,32.75495790522991,-10.953233770133068,3.76,1.75,387.0,104.5,31.0,94.0,2167.0,6.2,633440,543510,642086,643446,606299,596019,607680,607043,624424,54.32,0.8525000000000001,1.7021111111111114,2.0,1.0,0.0,3.0,6.0,55,5,4-Seam Fastball,0,8,0,8,8,1,1,8,Infield shift,Standard,213.0,0.006,1.617,,,3.3873888888888906,-1.617,104.5,-8,-8,0.007,0.007,28,29,29,29,3,2,8.0,4.0,6.0,1.0,1.01,0.7,0.7,44.7,,,,,
SI,2021-07-03,93.2,-1.82,6.29,"Judge, Aaron",592450,592836,field_out,hit_into_play,,,,,2.0,Aaron Judge flies out to right fielder Michael Conforto in foul territory.,R,R,R,NYY,NYM,X,9.0,fly_ball,1,1,2021,-1.2,1.07,-0.04,3.3,,,518934.0,2,3,Bot,212.14,136.66,,,,,7.1854833979395005,-135.6265303129357,-4.307800465559916,-16.351789332272666,27.476772261295856,-18.130941743265943,3.76,1.75,244.0,90.3,50.0,93.2,1925.0,6.1,633440,543510,642086,643446,606299,596019,607680,607043,624424,54.41,0.016,0.021,0.0,1.0,0.0,0.0,3.0,25,3,Sinker,0,0,0,0,0,0,0,0,Infield shift,Standard,209.0,-0.025,-0.255,,,0.03,0.255,90.3,0,0,0.525,0.525,28,29,29,29,2,1,8.0,4.0,6.0,1.0,1.53,1.2,1.2,45.1,,,,,
FF,2021-07-03,95.5,-1.71,6.4,"Judge, Aaron",592450,592836,field_out,hit_into_play,,,,,5.0,Aaron Judge flies out to right fielder Michael Conforto.,R,R,R,NYY,NYM,X,9.0,fly_ball,3,2,2021,-0.72,1.43,-0.1,2.5,,,,1,1,Bot,171.58,83.59,,,,,5.826050237125023,-138.7359536974854,-7.795399106451621,-10.599694550168811,32.498796467887296,-12.145062258152942,3.76,1.75,308.0,88.3,33.0,95.1,2070.0,6.2,633440,543510,642086,643446,606299,596019,607680,607043,624424,54.26,0.025,0.031,0.0,1.0,0.0,0.0,3.0,7,7,4-Seam Fastball,0,0,0,0,0,0,0,0,Infield shift,Standard,214.0,-0.02,-0.337,,,0.053,0.337,88.3,0,0,0.53,0.53,28,29,29,29,1,0,8.0,4.0,6.0,1.0,1.09,0.72,0.72,47.4,,,,,
FF,2021-06-29,92.3,3.26,5.2,"Judge, Aaron",592450,571760,home_run,hit_into_play,,,,,7.0,Aaron Judge homers (18) on a fly ball to center field.   DJ LeMahieu scores.,R,R,L,NYY,LAA,X,,fly_ball,1,0,2021,1.31,1.13,-0.3,2.27,,,518934.0,2,2,Bot,127.8,23.38,,,,,-11.85481648135413,-133.75407942982275,-3.986268202147498,18.37411727219524,30.749022718539,-17.97516610185879,3.76,1.75,434.0,109.0,30.0,91.5,2428.0,6.2,633444,545358,665120,664058,543685,578428,594988,621493,650859,54.32,0.958529411764706,2.0,2.0,1.0,0.0,3.0,6.0,20,2,4-Seam Fastball,3,2,3,2,2,5,5,2,Standard,Standard,124.0,0.166,2.187,,,3.841705882352941,-2.187,109.0,1,1,0.634,0.634,30,29,30,29,2,1,7.0,1.0,8.0,4.0,1.59,1.31,-1.31,30.5,,,,,
CH,2021-06-29,85.7,2.23,5.61,"Judge, Aaron",592450,500779,field_out,hit_into_play,,,,,12.0,"Aaron Judge grounds out, shortstop Jose Iglesias to first baseman Jared Walsh.",R,R,L,NYY,LAA,X,6.0,ground_ball,2,2,2021,0.67,0.31,0.94,2.86,,,,1,7,Bot,104.67,138.36,,,,,-4.38217214256773,-124.78181665969394,-0.8723784635747985,7.871889810292155,25.05068050241524,-28.947805630631382,3.76,1.75,76.0,94.8,3.0,85.6,1323.0,6.2,633444,545358,665120,664058,543685,578428,594838,621493,650859,54.34,0.441,0.4,0.0,1.0,0.0,0.0,4.0,68,6,Changeup,11,5,11,5,5,11,11,5,Standard,Standard,125.0,0.0,-0.225,,,0.491,0.225,94.8,6,6,0.992,0.992,32,29,32,29,1,4,3.0,1.0,3.0,4.0,2.79,0.67,-0.67,45.4,,,,,
SL,2021-06-29,83.4,-2.13,6.27,"Judge, Aaron",592450,624586,field_out,hit_into_play,,,,,4.0,Aaron Judge lines out to left fielder Scott Schebler.,R,R,R,NYY,LAA,X,7.0,line_drive,2,2,2021,-0.01,0.07,-0.45,2.97,,,458731.0,1,4,Bot,93.42,100.06,,,,,3.879743546695684,-121.4267500573324,-1.322857043960509,-0.8021975846256053,22.90152194171967,-31.47153755903056,3.76,1.75,285.0,77.9,33.0,83.5,2440.0,6.2,633444,545358,665120,664058,543685,578428,594988,621493,650859,54.25,0.082,0.091,0.0,1.0,0.0,0.0,3.0,38,5,Slider,6,3,6,3,3,6,6,3,Standard,Standard,36.0,-0.013,-0.226,,,0.127,0.226,88.0,3,3,0.86,0.86,34,29,35,29,1,2,15.0,1.0,31.0,4.0,3.2,0.01,0.01,38.2,,,,,
FF,2021-06-28,90.4,2.6,5.17,"Judge, Aaron",592450,660761,field_out,hit_into_play,,,,,2.0,Aaron Judge pops out to second baseman David Fletcher.,R,R,L,NYY,LAA,X,4.0,popup,0,0,2021,0.84,1.23,-0.07,3.33,,,,0,6,Bot,156.56,153.18,,,,,-8.382042824019706,-131.37708150579226,-1.2402285140617706,11.603288225363327,29.095920875248,-17.878057660934303,3.76,1.75,142.0,97.3,71.0,89.7,2123.0,6.0,633601,545358,665120,664058,543685,578428,594988,501571,650859,54.46,0.008,0.007,0.0,1.0,0.0,0.0,3.0,49,1,4-Seam Fastball,2,4,2,4,4,2,2,4,Infield shift,Standard,126.0,-0.035,-0.269,,,0.008,0.269,97.3,-2,-2,0.26,0.26,23,29,23,29,2,2,3.0,1.0,7.0,1.0,1.57,0.84,-0.84,32.2,,,,,
SI,2021-06-28,88.6,-2.07,6.15,"Judge, Aaron",592450,605164,double,hit_into_play,,,,,7.0,Aaron Judge doubles (11) on a sharp line drive to left fielder Scott Schebler.   DJ LeMahieu to 3rd.,R,R,R,NYY,LAA,X,7.0,line_drive,0,2,2021,-1.03,1.17,-0.56,2.22,,,518934.0,0,1,Bot,44.41,109.64,,,,,5.793027381022453,-128.86477482585894,-5.979052256543843,-12.633886224711697,25.427764141395368,-18.03719040035551,3.76,1.75,298.0,116.4,15.0,88.2,2170.0,5.9,633601,545358,665120,664058,543685,578428,594988,501571,650859,54.56,0.794,1.283,1.25,1.0,1.0,1.0,6.0,8,3,Sinker,0,2,0,2,2,0,0,2,Standard,Standard,201.0,0.118,0.858,,,2.358,-0.858,116.4,-2,-2,0.378,0.378,28,29,29,29,1,0,8.0,1.0,2.0,1.0,1.72,1.03,1.03,54.5,,,,,
SL,2021-06-28,77.2,-3.44,4.08,"Judge, Aaron",592450,518553,field_out,hit_into_play,,,,,4.0,Aaron Judge flies out to center fielder Juan Lagares.,R,R,R,NYY,LAA,X,8.0,fly_ball,0,0,2021,1.51,-0.61,-0.6,2.54,,,,1,8,Bot,151.16,67.6,,,,,3.339490174749155,-112.0901400125364,5.0607975758410975,11.92321041742965,22.981456562724254,-38.58558115913004,3.76,1.75,332.0,90.4,28.0,78.3,2447.0,7.5,633601,545358,665120,664058,543685,578428,594988,501571,650859,53.03,0.074,0.099,0.0,1.0,0.0,0.0,3.0,66,1,Slider,3,5,3,5,5,3,3,5,Infield shift,Standard,70.0,-0.03,-0.259,,,0.173,0.259,90.4,-2,-2,0.123,0.123,35,29,35,29,1,3,3.0,1.0,2.0,1.0,4.5,-1.51,-1.51,2.8,,,,,
SI,2021-06-27,91.7,1.7,5.86,"Judge, Aaron",592450,593958,home_run,hit_into_play,,,,,4.0,Aaron Judge homers (17) on a fly ball to left center field.   DJ LeMahieu scores.,R,R,L,BOS,NYY,X,,fly_ball,2,2,2021,0.97,0.71,-0.76,2.44,,,518934.0,0,6,Top,50.84,41.17,,,,,-8.277970559144984,-133.34280440157346,-4.338179211849846,13.28428257457223,26.084814333492776,-22.92797619022476,3.76,1.75,430.0,106.0,29.0,91.7,2099.0,6.1,633477,543877,542454,503556,646240,593428,657077,571771,592669,54.38,0.8880731707317076,2.0,2.0,1.0,0.0,3.0,6.0,45,5,Sinker,6,0,0,6,2,6,2,6,Standard,Strategic,141.0,-0.043,1.089,,,3.5330975609756106,-1.089,106.0,6,-6,0.961,0.039,28,29,28,29,3,2,5.0,1.0,5.0,1.0,1.98,0.97,-0.97,37.3,,,,,
SL,2021-06-27,83.9,-1.87,5.42,"Judge, Aaron",592450,676477,field_out,hit_into_play,,,,,6.0,Aaron Judge pops out to first baseman Danny Santana.,R,R,R,BOS,NYY,X,3.0,popup,1,1,2021,0.46,-0.1,0.28,2.59,609280.0,640449.0,596142.0,2,7,Top,169.73,152.5,,,,,4.146135806346818,-122.35327008262368,-0.028013393826882,3.9435032429055457,20.80556979508247,-33.41651444748261,3.76,1.75,161.0,85.1,68.0,86.0,2070.0,7.2,633477,543877,542454,503556,646240,593428,657077,571771,592669,53.29,0.003,0.002,0.0,1.0,0.0,0.0,3.0,57,3,Slider,6,2,2,6,2,6,2,6,Infield shift,Standard,89.0,0.053,-0.253,,,0.003,0.253,88.0,4,-4,0.918,0.0819999999999999,25,29,25,29,1,3,2.0,1.0,5.0,1.0,3.29,-0.46,-0.46,35.9,,,,,
CH,2021-06-27,84.4,1.79,5.84,"Judge, Aaron",592450,593958,field_out,hit_into_play,,,,,14.0,Aaron Judge grounds out to first baseman Danny Santana.,R,R,L,BOS,NYY,X,3.0,ground_ball,1,1,2021,1.07,0.4,0.98,1.87,,,,1,1,Top,145.08,168.05,,,,,-4.009395347727794,-122.954383998193,-3.731588618636669,11.693001729849358,22.16414965285745,-27.59759393861306,3.76,1.75,2.0,73.4,-38.0,84.4,1552.0,6.0,633477,543877,542454,503556,646240,593428,657077,571771,592669,54.51,0.058,0.11,0.0,1.0,0.0,0.0,2.0,2,3,Changeup,0,0,0,0,0,0,0,0,Infield shift,Strategic,125.0,0.015,-0.249,,,0.058,0.249,88.0,0,0,0.523,0.477,28,29,28,29,1,0,5.0,1.0,5.0,1.0,2.77,1.07,-1.07,34.7,,,,,
FF,2021-06-26,96.7,-2.32,5.56,"Judge, Aaron",592450,543135,single,hit_into_play,,,,,4.0,Aaron Judge singles on a sharp line drive to right fielder Hunter Renfroe.   DJ LeMahieu to 2nd.,R,R,R,BOS,NYY,X,9.0,line_drive,0,0,2021,-0.8,0.88,-0.36,2.44,,,518934.0,1,6,Top,170.61,118.5,,,,,7.1277330719191605,-140.73864463598372,-4.8847631688693625,-12.227267918912798,28.972204368518977,-19.493642851685017,3.76,1.75,232.0,107.4,11.0,98.0,1984.0,6.8,633531,657136,666915,656308,646240,593428,657077,571771,592669,53.71,0.874,0.885,0.9,1.0,1.0,0.0,4.0,43,1,4-Seam Fastball,3,0,0,3,0,3,0,3,Standard,Standard,232.0,-0.046,0.404,,,1.17,-0.404,107.4,3,-3,0.859,0.141,31,29,31,29,3,2,6.0,1.0,5.0,1.0,1.53,0.8,0.8,34.4,,,,,
FS,2021-06-26,89.5,-2.18,5.9,"Judge, Aaron",592450,543135,single,hit_into_play,,,,,9.0,Aaron Judge singles on a sharp line drive to center fielder Enrique Hernandez.,R,R,R,BOS,NYY,X,8.0,line_drive,2,2,2021,-0.52,0.13,0.8,2.19,,,,0,4,Top,152.38,105.2,,,,,8.495055826681869,-130.131288439933,-3.475260202756874,-7.563698617846198,24.58714526103121,-30.21992583306464,3.76,1.75,176.0,105.9,8.0,90.4,1673.0,6.6,633531,657136,666915,656308,646240,593428,657077,571771,592669,53.86,0.699,0.637,0.9,1.0,1.0,0.0,4.0,28,5,Split-Finger,3,0,0,3,0,3,0,3,Standard,Standard,232.0,-0.041,0.478,,,0.799,-0.478,105.9,3,-3,0.816,0.184,31,29,31,29,2,1,6.0,1.0,5.0,1.0,2.7,0.52,0.52,40.0,,,,,
FF,2021-06-26,97.7,-2.36,5.61,"Judge, Aaron",592450,543135,grounded_into_double_play,hit_into_play,,,,,1.0,"Aaron Judge grounds into a double play, second baseman Michael Chavis to shortstop Xander Bogaerts to first baseman Bobby Dalbec.   DJ LeMahieu out at 2nd.    Aaron Judge out at 1st.",R,R,R,BOS,NYY,X,4.0,ground_ball,0,1,2021,-0.92,1.22,-0.34,3.51,,,518934.0,0,1,Top,140.98,142.66,,,,,7.599433195706553,-142.18359317753064,-3.026046438647228,-14.20364134496321,30.63302056550892,-15.12838191451116,3.76,1.75,75.0,90.3,3.0,98.4,2158.0,6.6,633531,657136,666915,656308,646240,593428,657077,571771,592669,53.95,0.384,0.435,0.0,1.0,0.0,0.0,2.0,2,2,4-Seam Fastball,0,0,0,0,0,0,0,0,Standard,Standard,222.0,0.069,-0.322,,,0.431,0.322,90.3,0,0,0.469,0.531,31,29,31,29,1,0,6.0,1.0,5.0,1.0,1.16,0.92,0.92,34.7,,,,,
FC,2021-06-25,89.5,1.37,5.11,"Judge, Aaron",592450,527048,field_out,hit_into_play,,,,,8.0,"Aaron Judge grounds out, third baseman Rafael Devers to first baseman Michael Chavis.",R,R,L,BOS,NYY,X,5.0,ground_ball,0,1,2021,-0.17,0.57,-0.22,2.23,640449.0,,518934.0,2,2,Top,99.34,167.48,,,,,-3.5471658483459017,-130.4137155504238,-2.358224464443706,-1.2177499422050428,24.948179203380825,-25.321093470134404,3.76,1.75,4.0,99.3,-31.0,89.2,2214.0,5.8,633543,543877,656308,503556,646240,593428,657077,571771,592669,54.68,0.077,0.081,0.0,1.0,0.0,0.0,2.0,18,2,Cutter,3,3,3,3,3,3,3,3,Infield shift,Strategic,153.0,0.043,-0.244,,,0.084,0.244,99.3,0,0,0.508,0.492,30,29,30,29,2,1,6.0,1.0,5.0,1.0,2.24,-0.17,0.17,39.3,,,,,
CH,2021-06-25,83.2,-1.53,5.21,"Judge, Aaron",592450,676477,field_out,hit_into_play,,,,,8.0,"Aaron Judge grounds out, third baseman Rafael Devers to first baseman Michael Chavis.",R,R,R,BOS,NYY,X,5.0,ground_ball,1,2,2021,-1.42,-0.03,-0.2,1.74,,,,1,7,Top,93.5,164.23,,,,,5.947516871001493,-120.97659165412894,-1.424415087328326,-15.068337974915496,24.528742256037894,-32.355736938481265,3.76,1.75,15.0,79.5,-6.0,84.6,1892.0,7.3,633543,543877,656308,503556,646240,593428,657077,571771,592669,53.19,0.093,0.091,0.0,1.0,0.0,0.0,2.0,56,5,Changeup,4,3,3,4,3,4,3,4,Infield shift,Standard,270.0,0.024,-0.181,,,0.093,0.181,88.0,1,-1,0.744,0.256,25,29,25,29,1,3,6.0,1.0,2.0,1.0,3.33,1.42,1.42,28.8,,,,,
FF,2021-06-25,97.5,-1.57,5.77,"Judge, Aaron",592450,617228,field_out,hit_into_play,,,,,4.0,Aaron Judge flies out sharply to center fielder Enrique Hernandez.,R,R,R,BOS,NYY,X,8.0,fly_ball,2,0,2021,-0.67,1.6,-0.72,3.12,,,,0,5,Top,150.09,53.17,,,,,3.822705281880528,-141.94841724215175,-5.299138690705111,-9.98144966282612,32.15564483492939,-9.518702865980044,3.76,1.75,366.0,103.5,24.0,97.7,2310.0,6.3,633543,543877,656308,503556,646240,593428,657077,571771,592669,54.17,0.6278913043478259,1.1549565217391304,0.0,1.0,0.0,0.0,6.0,39,3,4-Seam Fastball,4,3,3,4,3,4,3,4,Infield shift,Standard,212.0,0.048,-0.389,,,2.2357608695652167,0.389,103.5,1,-1,0.622,0.378,33,29,33,29,1,2,3.0,1.0,1.0,1.0,0.79,0.67,0.67,50.4,,,,,
FF,2021-06-25,94.6,1.21,5.54,"Judge, Aaron",592450,527048,field_out,hit_into_play,,,,,6.0,Aaron Judge flies out to right fielder Hunter Renfroe.,R,R,L,BOS,NYY,X,9.0,fly_ball,2,0,2021,0.96,1.37,0.72,2.85,,,,1,1,Top,201.3,128.32,,,,,-3.403005632731354,-137.59820111489992,-4.289167447476871,12.995774655696106,33.60915221156842,-14.106788989320558,3.76,1.75,255.0,93.2,49.0,93.3,2116.0,5.8,633543,543877,656308,503556,646240,593428,657077,571771,592669,54.73,0.011,0.013,0.0,1.0,0.0,0.0,3.0,2,3,4-Seam Fastball,0,0,0,0,0,0,0,0,Infield shift,Strategic,135.0,0.023,-0.379,,,0.019,0.379,93.2,0,0,0.515,0.485,30,29,30,29,1,0,6.0,1.0,5.0,1.0,1.2,0.96,-0.96,44.3,,,,,
SL,2021-06-24,86.2,-1.48,6.22,"Judge, Aaron",592450,641745,single,hit_into_play,,,,,14.0,Aaron Judge singles on a sharp line drive to left fielder Jarrod Dyson.   Tyler Wade scores.    DJ LeMahieu to 3rd.,R,R,R,NYY,KC,X,7.0,line_drive,3,2,2021,0.74,-0.58,0.12,1.44,,642180.0,518934.0,1,2,Bot,87.69,106.75,,,,,2.300021871032372,-125.56322664290713,-3.9400243745469985,7.369978396306107,25.319165472609917,-37.731338748623735,3.76,1.75,250.0,109.3,10.0,85.6,2634.0,5.9,633559,665861,467793,593160,593643,670032,502481,572191,656811,54.64,0.899,0.896,0.9,1.0,1.0,0.0,5.0,19,6,Slider,2,0,2,0,0,3,3,0,Standard,Standard,85.0,0.077,0.412,,,1.155,-0.412,109.3,2,2,0.78,0.78,25,29,26,29,2,1,5.0,1.0,5.0,1.0,3.64,-0.74,-0.74,52.2,,,,,
SL,2021-06-24,85.6,-1.35,6.39,"Judge, Aaron",592450,641745,home_run,hit_into_play,,,,,2.0,Aaron Judge homers (16) on a fly ball to right field.,R,R,R,NYY,KC,X,,fly_ball,2,2,2021,0.68,-0.69,0.13,3.16,,,,1,1,Bot,213.19,90.49,,,,,2.0986798836197145,-124.69236260475536,0.0120822260984585,6.658972523650665,25.06248834856986,-39.5916610286744,3.76,1.75,344.0,100.7,28.0,84.8,2616.0,5.7,633559,665861,467793,593160,593643,670032,502481,572191,656811,54.81,0.5860975609756098,1.114634146341463,2.0,1.0,0.0,3.0,6.0,6,5,Slider,0,0,0,0,0,1,1,0,Strategic,Standard,72.0,0.102,1.617,,,2.196439024390244,-1.617,100.7,0,0,0.524,0.524,25,29,26,29,1,0,5.0,1.0,5.0,1.0,3.79,-0.68,-0.68,53.9,,,,,
SL,2021-06-24,85.8,-1.16,6.05,"Judge, Aaron",592450,461872,double,hit_into_play,,,,,6.0,Aaron Judge doubles (10) on a sharp line drive to center fielder Michael A.   Taylor.   DJ LeMahieu to 3rd.,R,R,R,NYY,KC,X,8.0,line_drive,0,0,2021,0.48,0.05,0.64,2.67,,,518934.0,0,6,Bot,162.86,72.51,,,,,3.279575609662942,-125.08162340337402,-1.9190679349491235,4.505534619509526,22.673394144098975,-31.47466309677004,3.76,1.75,327.0,107.8,16.0,86.3,2466.0,6.3,633559,665861,467793,593160,593643,670032,502481,572191,656811,54.19,0.4766666666666666,0.6926666666666667,1.25,1.0,1.0,1.0,6.0,53,1,Slider,4,1,4,1,1,4,4,1,Standard,Standard,125.0,0.033,0.763,,,1.228,-0.763,107.8,3,3,0.923,0.923,35,29,36,29,1,3,5.0,1.0,1.0,1.0,3.01,-0.48,-0.48,52.5,,,,,
CU,2021-06-23,77.3,-0.38,5.95,"Judge, Aaron",592450,622092,field_out,hit_into_play,,,,,1.0,Aaron Judge flies out to right fielder Jorge Soler.,R,R,R,NYY,KC,X,9.0,fly_ball,2,2,2021,0.03,-1.25,-0.34,3.75,,,518934.0,0,3,Bot,179.61,109.32,,,,,0.0323976493788901,-112.43080130184678,4.531878100326216,0.2101986245983489,20.448082882233138,-43.80625030498352,3.76,1.75,261.0,80.3,30.0,77.2,2013.0,6.2,633551,521692,467793,593160,642721,670032,641531,572191,624585,54.27,0.079,0.072,0.0,1.0,0.0,0.0,3.0,23,5,Curveball,0,2,0,2,2,0,0,2,Infield shift,Standard,19.0,-0.037,-0.224,,,0.088,0.224,88.0,-2,-2,0.368,0.368,29,29,30,29,1,1,1.0,1.0,3.0,1.0,5.07,-0.03,-0.03,62.8,,,,,
SI,2021-06-22,92.9,-1.29,5.51,"Judge, Aaron",592450,663903,single,hit_into_play,,,,,5.0,Aaron Judge singles on a sharp line drive to left fielder Hunter Dozier.   DJ LeMahieu to 2nd.,R,R,R,NYY,KC,X,7.0,line_drive,2,2,2021,-1.35,1.37,0.22,2.5,,,518934.0,1,2,Bot,91.02,104.49,,,,,6.848847105637861,-135.0527196573196,-4.960086965880636,-17.95842395944944,29.69780091904937,-14.464585784098963,3.76,1.75,179.0,112.4,7.0,93.3,2248.0,6.6,633621,521692,467793,593160,642721,670032,641531,572191,624585,53.88,0.726,0.681,0.9,1.0,1.0,0.0,5.0,18,5,Sinker,2,0,2,0,0,2,2,0,Infield shift,Standard,207.0,0.027,0.439,,,0.862,-0.439,112.4,2,2,0.747,0.747,24,29,25,29,2,1,6.0,2.0,5.0,1.0,1.27,1.35,1.35,39.6,,,,,
SL,2021-06-22,84.5,-1.88,5.26,"Judge, Aaron",592450,605130,double,hit_into_play,,,,,8.0,Aaron Judge doubles (9) on a sharp fly ball to center fielder Michael A.   Taylor.,R,R,R,NYY,KC,X,8.0,fly_ball,3,2,2021,0.52,-0.11,0.25,1.92,,,,1,8,Bot,76.81,46.45,,,,,3.941549976630661,-122.98925249668018,-1.201475055260467,4.492569475231233,25.145475812553453,-33.277640314472734,3.76,1.75,395.0,102.1,27.0,85.0,2339.0,6.7,633621,521692,467793,593160,642721,670032,502481,572191,641531,53.84,0.623507692307692,1.177723076923077,1.25,1.0,1.0,1.0,6.0,74,6,Slider,5,6,5,6,6,5,5,6,Infield shift,Standard,88.0,0.112,0.571,,,2.3118923076923075,-0.571,102.1,-1,-1,0.256,0.256,28,29,29,29,1,4,2.0,2.0,1.0,1.0,3.31,-0.52,-0.52,36.7,,,,,
FF,2021-06-22,95.7,1.07,5.08,"Judge, Aaron",592450,641394,field_out,hit_into_play,,,,,4.0,"Aaron Judge grounds out, third baseman Kelvin Gutierrez to first baseman Carlos Santana.",R,R,L,NYY,KC,X,5.0,ground_ball,2,1,2021,0.67,1.3,-0.73,2.38,,,,0,7,Bot,72.74,147.95,,,,,-6.271954066665215,-139.23801669755383,-4.461776562376938,10.17997856875371,30.88881694827229,-14.403619546253,3.76,1.75,7.0,98.2,-19.0,96.1,2245.0,6.5,633621,521692,467793,593160,642721,670032,502481,572191,641531,53.99,0.164,0.158,0.0,1.0,0.0,0.0,2.0,56,4,4-Seam Fastball,2,2,2,2,2,2,2,2,Infield shift,Standard,139.0,-0.044,-0.315,,,0.184,0.315,98.2,0,0,0.594,0.594,26,29,27,29,1,3,4.0,2.0,1.0,1.0,1.18,0.67,-0.67,34.6,,,,,
SI,2021-06-22,94.2,-1.39,5.62,"Judge, Aaron",592450,663903,field_out,hit_into_play,,,,,11.0,"Aaron Judge grounds out, first baseman Carlos Santana to pitcher Brady Singer.",R,R,R,NYY,KC,X,3.0,ground_ball,0,1,2021,-1.29,1.19,-0.91,3.33,,,,1,1,Bot,143.64,155.3,,,,,4.161837453301944,-137.21767519668074,-2.922780055800082,-17.19515704032551,30.25423276421574,-16.733064633977634,3.76,1.75,45.0,64.0,2.0,95.0,2251.0,6.7,633621,521692,467793,593160,642721,670032,641531,572191,624585,53.8,0.14,0.132,0.0,1.0,0.0,0.0,2.0,6,2,Sinker,0,0,0,0,0,0,0,0,Infield shift,Standard,202.0,-0.014,-0.216,,,0.17,0.216,88.0,0,0,0.524,0.524,24,29,25,29,1,0,6.0,2.0,5.0,1.0,1.38,1.29,1.29,40.6,,,,,
SI,2021-06-19,93.9,-1.08,5.58,"Judge, Aaron",592450,605135,single,hit_into_play,,,,,9.0,Aaron Judge singles on a sharp line drive to right fielder Seth Brown.,R,R,R,NYY,ATH,X,9.0,line_drive,2,2,2021,-1.24,0.97,0.44,1.82,,,,0,4,Bot,169.28,92.04,,,,,6.690155611112078,-136.49260667653408,-6.198747924228668,-16.902955302275483,28.339135403213778,-18.855458348467145,3.76,1.75,144.0,109.9,5.0,94.4,2233.0,6.5,633606,669221,621566,643393,656305,462101,640461,592192,664913,53.99,0.652,0.602,0.9,1.0,1.0,0.0,4.0,28,6,Sinker,0,2,0,2,2,0,0,2,Infield shift,Strategic,222.0,0.051,0.478,,,0.732,-0.478,109.9,-2,-2,0.308,0.308,32,29,32,29,2,1,6.0,1.0,5.0,1.0,1.61,1.24,1.24,45.2,,,,,
CU,2021-06-19,80.3,-1.36,5.87,"Judge, Aaron",592450,572143,single,hit_into_play,,,,,8.0,Aaron Judge singles on a sharp line drive to center fielder Mark Canha.   Clint Frazier scores.,R,R,R,NYY,ATH,X,8.0,line_drive,2,1,2021,0.78,-1.16,0.2,2.12,640449.0,,,2,7,Bot,114.88,85.7,,,,,1.984049027506428,-116.89290129365192,0.6753568275812565,6.694187158870078,24.39785258864077,-43.14103022439179,3.76,1.75,208.0,109.2,11.0,80.6,2505.0,6.7,633606,669221,621566,643393,656305,462101,640461,592192,664913,53.77,0.929,0.942,0.9,1.0,1.0,0.0,5.0,61,4,Curveball,2,4,2,4,4,3,3,4,Standard,Strategic,34.0,0.109,0.684,,,1.232,-0.684,109.2,-2,-2,0.198,0.198,31,29,31,29,1,3,3.0,1.0,3.0,1.0,4.73,-0.78,-0.78,45.3,,,,,
SI,2021-06-19,93.6,-1.42,5.53,"Judge, Aaron",592450,605135,field_out,hit_into_play,,,,,4.0,Aaron Judge lines out to second baseman Tony Kemp.,R,R,R,NYY,ATH,X,4.0,line_drive,2,1,2021,-1.5,0.95,-0.31,2.43,,,,1,1,Bot,124.0,138.99,,,,,6.18648446150533,-136.160893613624,-4.362307416392847,-20.000921599824085,30.291605490974995,-19.637965856137377,3.76,1.75,156.0,92.5,10.0,93.9,2189.0,6.5,633606,669221,621566,643393,656305,462101,640461,592192,664913,54.0,0.633,0.574,0.0,1.0,0.0,0.0,4.0,6,4,Sinker,0,1,0,1,1,0,0,1,Infield shift,Strategic,216.0,-0.02,-0.309,,,0.703,0.309,92.5,-1,-1,0.427,0.427,32,29,32,29,1,0,6.0,1.0,5.0,1.0,1.66,1.5,1.5,40.4,,,,,
CH,2021-06-19,80.4,-2.77,5.02,"Judge, Aaron",592450,489265,field_out,hit_into_play,,,,,14.0,"Aaron Judge grounds out, shortstop Elvis Andrus to first baseman Matt Olson.",R,R,R,NYY,ATH,X,6.0,ground_ball,1,2,2021,-1.74,0.53,0.41,1.04,,,,2,8,Bot,114.73,165.64,,,,,10.358818094546626,-116.53484609417146,-3.0716135191398197,-17.79575368908388,22.620576089873317,-26.91761033576522,3.76,1.75,1.0,61.2,-38.0,80.4,2233.0,6.6,633606,669221,621566,643393,656305,462101,640461,592192,664913,53.89,0.082,0.096,0.0,1.0,0.0,0.0,2.0,73,4,Changeup,7,4,7,4,4,7,7,4,Infield shift,Standard,257.0,-0.001,-0.188,,,0.082,0.188,88.0,3,3,0.967,0.967,38,29,38,29,1,4,3.0,1.0,1.0,1.0,3.03,1.74,1.74,20.5,,,,,
FF,2021-06-18,93.7,-2.76,5.66,"Judge, Aaron",592450,621076,single,hit_into_play,,,,,4.0,Aaron Judge singles on a pop up to first baseman Matt Olson.,R,R,R,NYY,ATH,X,3.0,popup,2,2,2021,-0.7,1.2,-0.66,2.45,,,,1,6,Bot,170.36,140.49,,,,,6.944911809286731,-136.2251970311809,-5.1755366064100885,-10.276307586272484,29.419081271671377,-16.218250923394326,3.76,1.75,181.0,65.5,43.0,93.2,1849.0,6.0,633609,669221,621566,476704,656305,462101,643393,657656,592192,54.52,0.356,0.333,0.9,1.0,1.0,0.0,3.0,47,6,4-Seam Fastball,3,5,3,5,5,3,3,5,Infield shift,Strategic,232.0,0.043,0.449,,,0.406,-0.449,88.0,-2,-2,0.223,0.223,27,29,27,29,3,2,6.0,1.0,5.0,1.0,1.39,0.7,0.7,28.3,,,,,
SI,2021-06-17,97.5,-1.22,5.42,"Judge, Aaron",592450,543022,field_out,hit_into_play,,,,,13.0,"Aaron Judge grounds out, shortstop Bo Bichette to first baseman Rowdy Tellez.",R,R,R,TOR,NYY,X,6.0,ground_ball,2,1,2021,-1.34,1.02,-0.07,1.32,,,,0,8,Top,106.09,159.03,,,,,6.1489877903556245,-141.60919248018322,-7.770878469956415,-19.479174672540164,33.59985503522693,-16.779386149971913,3.76,1.75,5.0,104.9,-15.0,96.8,2515.0,6.1,633633,624512,642133,543760,669289,666182,666971,545341,624415,54.41,0.238,0.234,0.0,1.0,0.0,0.0,2.0,67,4,Sinker,4,7,7,4,7,4,7,4,Standard,Standard,210.0,0.007,-0.315,,,0.264,0.315,104.9,-3,3,0.071,0.929,31,29,32,29,1,4,2.0,1.0,3.0,1.0,1.39,1.34,1.34,,,,,,
SI,2021-06-17,95.8,-1.14,6.68,"Judge, Aaron",592450,643615,single,hit_into_play,,,,,8.0,Aaron Judge singles on a ground ball to third baseman Santiago Espinal.,R,R,R,TOR,NYY,X,5.0,ground_ball,0,0,2021,-1.43,0.62,-0.23,1.94,,,,1,1,Top,101.36,178.72,,,,,5.565461066238845,-139.33276346437225,-8.255018763729511,-19.902782270949743,29.024089880034968,-22.558302913343475,3.76,1.75,2.0,79.1,-46.0,95.2,2058.0,5.8,633633,624512,642133,543760,669289,666182,666971,545341,624415,54.71,0.107,0.11,0.9,1.0,1.0,0.0,2.0,2,1,Sinker,0,0,0,0,0,0,0,0,Standard,Standard,227.0,-0.024,0.415,,,0.107,-0.415,88.0,0,0,0.522,0.478,25,29,26,29,1,0,60.0,1.0,,1.0,1.86,1.43,1.43,,,,,,
CH,2021-06-16,82.4,-1.4,7.03,"Judge, Aaron",592450,548389,field_out,hit_into_play,,,,,4.0,"Aaron Judge grounds out, shortstop Bo Bichette to first baseman Vladimir Guerrero Jr.",R,R,R,TOR,NYY,X,6.0,ground_ball,1,2,2021,-0.49,1.04,-0.74,2.84,,,,1,3,Top,111.84,166.32,,,,,2.410798424635808,-120.01863003166052,-5.07954092514831,-5.185949749476227,19.64559533122154,-21.345492969878514,3.76,1.75,16.0,73.4,-9.0,81.9,1616.0,5.5,633695,624512,665489,543760,605412,666182,606192,545341,624415,54.95,0.055,0.087,0.0,1.0,0.0,0.0,2.0,20,4,Changeup,1,1,1,1,1,1,1,1,Standard,Standard,224.0,0.013,-0.181,,,0.055,0.181,88.0,0,0,0.53,0.47,31,29,32,29,2,1,5.0,1.0,6.0,1.0,2.27,0.49,0.49,64.3,,,,,
FF,2021-06-16,92.1,-1.22,6.89,"Judge, Aaron",592450,548389,single,hit_into_play,,,,,5.0,Aaron Judge singles on a sharp line drive to left fielder Teoscar Hernandez.   DJ LeMahieu to 2nd.,R,R,R,TOR,NYY,X,7.0,line_drive,3,0,2021,-0.55,1.39,0.21,2.69,,,518934.0,0,1,Top,82.65,115.06,,,,,4.820749827726926,-133.93823143638247,-7.854393014806747,-7.657708155849982,25.480404687821185,-13.9911253569284,3.55,1.63,237.0,119.0,10.0,92.1,2078.0,6.0,633695,624512,665489,543760,605412,666182,606192,545341,624415,54.47,0.833,0.898,0.9,1.0,1.0,0.0,6.0,2,4,4-Seam Fastball,0,0,0,0,0,0,0,0,Standard,Standard,200.0,-0.022,0.205,,,1.244,-0.205,119.0,0,0,0.432,0.5680000000000001,31,29,32,29,1,0,5.0,1.0,6.0,1.0,1.28,0.55,0.55,65.8,,,,,
FF,2021-06-15,92.5,2.14,5.76,"Judge, Aaron",592450,547943,field_out,hit_into_play,,,,,7.0,"Aaron Judge grounds out, shortstop Marcus Semien to first baseman Vladimir Guerrero Jr.",R,R,L,TOR,NYY,X,6.0,ground_ball,2,2,2021,1.01,0.82,-0.39,2.15,,,,1,5,Top,110.34,165.1,,,,,-8.65753982043887,-134.4081176818876,-5.1789127117296685,14.040421840907833,27.902418648266995,-21.30426321031598,3.76,1.75,54.0,113.9,0.0,92.7,1924.0,6.4,633653,656180,665489,605412,669289,543760,666971,545341,606192,54.09,0.567,0.515,0.0,1.0,0.0,0.0,4.0,41,5,4-Seam Fastball,5,2,2,5,2,5,2,5,Infield shift,Standard,130.0,0.014,-0.225,,,0.611,0.225,113.9,3,-3,0.861,0.139,34,29,34,29,3,2,5.0,3.0,5.0,1.0,1.84,1.01,-1.01,,,,,,
FF,2021-06-15,91.2,2.1,5.94,"Judge, Aaron",592450,547943,field_out,hit_into_play,,,,,4.0,Aaron Judge flies out to center fielder Randal Grichuk.,R,R,L,TOR,NYY,X,8.0,fly_ball,0,2,2021,0.93,0.83,-0.65,2.96,,,518934.0,0,1,Top,163.14,69.54,,,,,-8.950517325264082,-132.57892132828616,-3.3852564691568756,12.863039309869874,28.784505762571097,-21.850204904395156,3.76,1.75,334.0,93.7,26.0,91.6,1904.0,6.6,633653,656180,665489,605412,669289,543760,666971,545341,606192,53.88,0.22,0.37,0.0,1.0,0.0,0.0,3.0,2,4,4-Seam Fastball,0,0,0,0,0,0,0,0,Infield shift,Standard,139.0,0.022,-0.163,,,0.7075,0.163,93.7,0,0,0.476,0.524,34,29,34,29,1,0,5.0,3.0,5.0,1.0,1.92,0.93,-0.93,,,,,,
CH,2021-06-12,84.4,2.42,5.77,"Judge, Aaron",592450,624133,single,hit_into_play,,,,,9.0,Aaron Judge singles on a sharp ground ball to left fielder Andrew McCutchen.,R,R,L,PHI,NYY,X,7.0,ground_ball,3,2,2021,1.3,0.5,0.78,1.83,,,,0,8,Top,87.47,97.47,,,,,-6.4032849929194455,-122.83971684310556,-3.888280921182078,14.380717351148498,20.99142238091099,-26.534862506725748,3.76,1.75,96.0,104.9,5.0,84.8,1524.0,6.2,633763,592663,656555,516416,664761,591720,457705,546318,547180,54.26,0.578,0.54,0.9,1.0,1.0,0.0,4.0,65,6,Changeup,7,3,3,7,3,7,3,7,Infield shift,Standard,125.0,-0.022,0.365,,,0.66,-0.365,104.9,4,-4,0.96,0.04,25,29,26,29,1,3,3.0,2.0,3.0,3.0,2.66,1.3,-1.3,38.4,,,,,
FF,2021-06-12,92.3,-1.37,5.95,"Judge, Aaron",592450,592826,field_out,hit_into_play,,,,,4.0,Aaron Judge pops out to first baseman Rhys Hoskins in foul territory.,R,R,R,PHI,NYY,X,3.0,popup,0,0,2021,-0.05,1.37,-0.29,3.09,,,,1,1,Top,184.68,164.7,,,,,2.8763291304805083,-134.3221358748384,-4.41642475471784,-1.286960293527927,30.382928754765324,-14.836425212065809,3.76,1.75,169.0,76.2,60.0,92.4,2356.0,6.4,633763,592663,656555,516416,664761,591720,457705,546318,547180,54.07,0.014,0.012,0.0,1.0,0.0,0.0,3.0,2,1,4-Seam Fastball,0,0,0,0,0,0,0,0,Standard,Standard,203.0,0.016,-0.259,,,0.015,0.259,88.0,0,0,0.522,0.478,29,29,29,29,1,0,6.0,2.0,6.0,3.0,1.31,0.05,0.05,48.3,,,,,
FF,2021-06-10,92.2,2.07,6.16,"Judge, Aaron",592450,457918,field_out,hit_into_play,,,,,1.0,Aaron Judge lines out to right fielder Gilberto Celestino.,R,R,L,MIN,NYY,X,9.0,line_drive,0,0,2021,0.48,1.27,-0.73,3.38,,,518934.0,0,5,Top,173.11,110.47,,,,,-8.132351582845022,-134.08982938166437,-4.037769990892832,7.400330785448194,25.461688136192,-16.068497883359857,3.76,1.75,252.0,79.3,25.0,92.4,2379.0,6.1,633790,666163,593934,593871,518626,592743,663616,624503,665482,54.35,0.477,0.443,0.0,1.0,0.0,0.0,4.0,41,1,4-Seam Fastball,2,4,4,2,4,2,4,2,Infield shift,Standard,146.0,0.025,-0.259,,,0.562,0.259,88.0,-2,2,0.222,0.778,38,29,39,29,3,2,7.0,1.0,5.0,2.0,1.39,0.48,-0.48,41.6,,,,,
SL,2021-06-10,82.7,1.93,6.26,"Judge, Aaron",592450,457918,field_out,hit_into_play,,,,,6.0,Aaron Judge lines out sharply to left fielder Trevor Larnach.,R,R,L,MIN,NYY,X,7.0,line_drive,1,1,2021,-0.42,0.23,0.48,2.72,,,,1,3,Top,51.74,85.75,,,,,-2.480459557779179,-120.50175299127652,-2.082411299848891,-3.718669610396112,21.61032433774883,-29.789767571284195,3.76,1.75,334.0,101.1,19.0,82.4,2301.0,5.8,633790,666163,593934,593871,518626,592743,663616,624503,665482,54.66,0.408,0.493,0.0,1.0,0.0,0.0,5.0,21,3,Slider,1,3,3,1,3,1,3,1,Infield shift,Standard,241.0,0.012,-0.249,,,0.779,0.249,101.1,-2,2,0.307,0.6930000000000001,38,29,39,29,2,1,7.0,1.0,5.0,2.0,3.08,-0.42,0.42,42.7,,,,,
KC,2021-06-10,83.1,-3.17,5.84,"Judge, Aaron",592450,608648,force_out,hit_into_play,,,,,8.0,"Aaron Judge grounds into a force out, third baseman Josh Donaldson to second baseman Jorge Polanco.   DJ LeMahieu out at 2nd.",R,R,R,MIN,NYY,X,5.0,ground_ball,0,0,2021,0.47,-0.6,-0.17,1.97,,656467.0,518934.0,2,6,Top,99.66,170.0,,,,,5.966549432972351,-120.98272302878658,-1.2497599063803146,3.5192242689132898,22.992904452107823,-38.08321804415098,3.76,1.75,12.0,101.4,-8.0,83.3,2405.0,6.3,633790,666163,593934,593871,518626,592743,663616,624503,665482,54.18,0.247,0.253,0.0,1.0,0.0,0.0,2.0,55,1,Knuckle Curve,2,5,5,2,5,2,5,2,Infield shift,Standard,39.0,0.022,-0.282,,,0.261,0.282,101.4,-3,3,0.141,0.859,30,29,31,29,1,3,4.0,1.0,1.0,2.0,3.89,-0.47,-0.47,27.1,,,,,
SI,2021-06-10,90.6,1.94,6.13,"Judge, Aaron",592450,457918,single,hit_into_play,,,,,8.0,Aaron Judge singles on a line drive to center fielder Gilberto Celestino.,R,R,L,MIN,NYY,X,8.0,line_drive,1,0,2021,1.26,0.48,0.13,2.31,,,,1,1,Top,149.15,71.41,,,,,-7.22211421467499,-131.7736317622028,-4.694464884689398,16.21685908492778,24.662175987864945,-25.7701085749628,3.76,1.75,322.0,93.6,21.0,90.9,2089.0,6.2,633790,666163,593934,593871,518626,592743,663616,665482,666135,54.29,0.214,0.222,0.9,1.0,1.0,0.0,3.0,2,2,Sinker,0,0,0,0,0,0,0,0,Infield shift,Standard,142.0,-0.022,0.375,,,0.367,-0.375,93.6,0,0,0.52,0.48,38,29,39,29,1,0,7.0,1.0,5.0,2.0,2.27,1.26,-1.26,44.3,,,,,
SI,2021-06-09,92.6,-1.77,5.2,"Judge, Aaron",592450,677976,field_out,hit_into_play,,,,,7.0,"Aaron Judge grounds out, third baseman Josh Donaldson to first baseman Miguel Sano.",R,R,R,MIN,NYY,X,5.0,ground_ball,1,1,2021,-1.3,-0.09,-0.42,2.25,,,,2,4,Top,95.39,170.7,,,,,6.170284839628275,-134.83162857623662,-1.5557235366543756,-17.136292118894296,27.46735446720853,-33.1189456189118,3.76,1.75,3.0,65.5,-35.0,91.6,1993.0,5.5,633792,680777,593934,593871,518626,592743,663616,665482,666135,55.01,0.077,0.087,0.0,1.0,0.0,0.0,2.0,32,3,Sinker,1,5,5,1,5,1,5,1,Infield shift,Standard,247.0,0.005,-0.258,,,0.079,0.258,88.0,-4,4,0.139,0.861,26,29,26,29,3,2,7.0,1.0,4.0,1.0,2.73,1.3,1.3,19.3,,,,,
SI,2021-06-09,90.9,-2.01,5.23,"Judge, Aaron",592450,677976,double,hit_into_play,,,,,5.0,Aaron Judge doubles (8) on a sharp line drive to center fielder Gilberto Celestino.,R,R,R,MIN,NYY,X,8.0,line_drive,0,0,2021,-1.21,0.17,-0.04,2.39,,,,0,3,Top,162.68,54.52,,,,,7.39317630404089,-132.12745906855974,-1.5417939050303056,-15.703182580454593,28.45589867599313,-30.04835312271599,3.76,1.75,369.0,106.6,21.0,89.5,1960.0,5.5,633792,680777,593934,593871,518626,592743,663616,665482,666135,55.01,0.7216938775510204,1.2641836734693876,1.25,1.0,1.0,1.0,6.0,19,1,Sinker,0,2,2,0,2,0,2,0,Infield shift,Standard,247.0,-0.048,0.714,,,2.403530612244898,-0.714,106.6,-2,2,0.288,0.712,26,29,26,29,2,1,7.0,1.0,4.0,1.0,2.6,1.21,1.21,20.6,,,,,
CU,2021-06-09,78.2,-0.26,5.77,"Judge, Aaron",592450,643377,field_out,hit_into_play,,,,,7.0,"Aaron Judge grounds out, third baseman Josh Donaldson to first baseman Miguel Sano.",R,R,R,MIN,NYY,X,5.0,ground_ball,0,1,2021,0.53,-1.16,-0.29,1.92,,,,1,6,Top,78.51,155.69,,,,,-1.0354268853226236,-113.84623917915825,0.678809854397302,4.825593766120345,21.207459440074,-42.611081285726094,3.76,1.75,15.0,97.5,-7.0,77.6,2563.0,5.9,633792,680777,593934,593871,518626,592743,663616,665482,666135,54.65,0.241,0.237,0.0,1.0,0.0,0.0,2.0,48,2,Curveball,2,8,8,2,8,2,8,2,Infield shift,Strategic,31.0,0.002,-0.216,,,0.27,0.216,97.5,-6,6,0.029,0.971,26,29,27,29,1,3,1.0,1.0,6.0,1.0,4.89,-0.53,-0.53,48.4,,,,,
SL,2021-06-09,85.2,-1.87,5.34,"Judge, Aaron",592450,677976,home_run,hit_into_play,,,,,6.0,Aaron Judge homers (15) on a fly ball to left center field.,R,R,R,MIN,NYY,X,,fly_ball,0,2,2021,0.4,-0.11,0.37,2.79,,,,1,1,Top,54.27,57.3,,,,,4.3695477951102495,-124.08382654189958,0.4413068520099896,3.3735716288599953,22.684466571972052,-33.58609157085525,3.76,1.75,392.0,106.5,22.0,83.9,2563.0,5.2,633792,680777,593934,593871,518626,592743,663616,665482,666135,55.31,0.8033684210526314,1.4752456140350874,2.0,1.0,0.0,3.0,6.0,2,3,Slider,0,0,0,0,1,0,1,0,Infield shift,Standard,31.0,-0.104,1.682,,,2.851000000000001,-1.682,106.5,0,0,0.528,0.472,26,29,26,29,1,0,7.0,1.0,4.0,1.0,3.22,-0.4,-0.4,20.6,,,,,
ST,2021-06-08,84.0,1.78,5.43,"Judge, Aaron",592450,573124,fielders_choice,hit_into_play,,,,,14.0,"Yankees challenged (force play), call on the field was overturned: Aaron Judge reaches on a fielder's choice, fielded by second baseman Jorge Polanco.   Miguel Andujar scores.    DJ LeMahieu to 2nd.  Fielding error by shortstop Andrelton Simmons.",R,R,L,MIN,NYY,X,4.0,ground_ball,3,2,2021,-0.77,0.14,0.25,1.52,609280.0,,518934.0,1,8,Top,144.39,140.5,,,,,-1.985798580502064,-122.4895993637655,-3.005624404982559,-7.4278713974874035,22.20135375579541,-30.367468518301298,3.76,1.75,2.0,103.0,-32.0,83.0,2731.0,5.3,633804,680777,593934,593871,553902,592743,663616,664247,666135,55.16,0.096,0.089,0.9,1.0,0.0,0.0,2.0,67,6,Sweeper,3,4,4,3,5,3,5,3,Standard,Standard,279.0,-0.064,0.479,,,0.11,-0.479,103.0,-1,1,0.182,0.8180000000000001,30,29,31,29,1,4,2.0,2.0,3.0,1.0,3.05,-0.77,0.77,26.8,,,,,
CH,2021-06-08,86.8,-2.41,6.69,"Judge, Aaron",592450,501381,field_out,hit_into_play,,,,,13.0,"Aaron Judge grounds out sharply, third baseman Willians Astudillo to first baseman Miguel Sano.",R,R,R,MIN,NYY,X,5.0,ground_ball,1,2,2021,-1.18,0.58,-1.12,2.22,,518934.0,,0,1,Top,104.16,176.22,,,,,5.498299414775644,-126.24565024129816,-5.7008564311812,-13.770866138461148,24.705404727399596,-24.9733196184994,3.76,1.75,22.0,100.2,-4.0,86.7,1796.0,6.2,633804,680777,593934,593871,553902,592743,663616,608701,664247,54.33,0.323,0.335,0.0,1.0,0.0,0.0,2.0,2,5,Changeup,0,0,0,0,0,0,0,0,Infield shade,Standard,230.0,0.03,-0.144,,,0.349,0.144,100.2,0,0,0.451,0.5489999999999999,32,29,32,29,1,0,7.0,2.0,5.0,1.0,2.43,1.18,1.18,42.9,,,,,
FF,2021-06-08,93.2,-0.88,6.91,"Judge, Aaron",592450,608652,field_out,hit_into_play,,,,,12.0,Aaron Judge lines out sharply to center fielder Kyle Garlick.,R,R,R,MIN,NYY,X,8.0,line_drive,2,2,2021,-0.16,1.47,0.18,4.3,,,,0,7,Top,128.68,74.3,,,,,3.096057220960454,-135.77335916885576,-4.2041446157510975,-2.6908037487859544,29.747094586828545,-13.255753370036944,3.76,1.75,311.0,108.0,16.0,93.5,2364.0,6.4,633804,680777,593934,593871,553902,592743,663616,664247,666135,54.12,0.4766666666666666,0.6926666666666667,0.0,1.0,0.0,0.0,6.0,55,6,4-Seam Fastball,3,3,3,3,3,3,3,3,Standard,Standard,199.0,0.035,-0.241,,,1.228,0.241,108.0,0,0,0.504,0.496,30,29,30,29,1,3,2.0,2.0,2.0,1.0,1.15,0.16,0.16,54.0,,,,,
SL,2021-06-06,88.9,-2.48,5.59,"Judge, Aaron",592450,572070,force_out,hit_into_play,,,,,4.0,"Aaron Judge grounds into a force out, second baseman Marwin Gonzalez to shortstop Xander Bogaerts.   Miguel Andujar scores.    Brett Gardner to 3rd.    DJ LeMahieu out at 2nd.    Aaron Judge to 1st.",R,R,R,NYY,BOS,X,4.0,ground_ball,0,1,2021,0.39,-0.16,-0.6,3.07,609280.0,458731.0,518934.0,1,4,Bot,125.79,127.15,,,,,3.7638686657751586,-129.50148686989576,0.1469839549625793,3.638913435369694,25.833834045845396,-34.19271105321905,3.76,1.75,54.0,90.8,1.0,88.5,2980.0,5.9,633812,543877,666915,503556,646240,593428,657077,571771,592669,54.59,0.351,0.338,0.0,1.0,0.0,0.0,2.0,35,2,Slider,2,1,2,1,1,3,3,1,Standard,Standard,84.0,0.022,-0.278,,,0.409,0.278,90.8,1,1,0.764,0.764,33,29,33,29,3,2,5.0,1.0,5.0,2.0,3.03,-0.39,-0.39,39.4,,,,,
FF,2021-06-06,94.7,-2.37,5.72,"Judge, Aaron",592450,572070,single,hit_into_play,,,,,5.0,Aaron Judge singles on a sharp line drive to center fielder Enrique Hernandez.,R,R,R,NYY,BOS,X,8.0,line_drive,0,0,2021,0.18,0.56,-0.06,3.06,,,,0,3,Bot,159.15,75.57,,,,,5.614291533289603,-137.8773069138463,-2.562379265174114,1.165528063278562,28.047954867934777,-24.701514578985343,3.76,1.75,260.0,115.5,12.0,94.6,2575.0,6.0,633812,543877,666915,503556,646240,593428,657077,571771,592669,54.51,0.836,0.902,0.9,1.0,1.0,0.0,6.0,22,1,4-Seam Fastball,2,1,2,1,1,2,2,1,Infield shift,Standard,189.0,0.032,0.45,,,1.281,-0.45,115.5,1,1,0.669,0.669,33,29,33,29,2,1,5.0,1.0,5.0,2.0,1.97,-0.18,-0.18,40.0,,,,,
SL,2021-06-06,90.5,-2.41,5.65,"Judge, Aaron",592450,572070,single,hit_into_play,,,,,5.0,Aaron Judge singles on a sharp ground ball to shortstop Xander Bogaerts.,R,R,R,NYY,BOS,X,6.0,ground_ball,0,0,2021,0.25,-0.23,0.26,2.42,,,,1,1,Bot,83.11,146.25,,,,,6.091898319205835,-131.6340561491717,-1.5839369952066726,1.5883801778930506,29.37754887298429,-34.74574453522318,3.76,1.75,44.0,100.2,-1.0,90.0,2892.0,6.1,633812,543877,666915,503556,646240,593428,657077,571771,592669,54.37,0.381,0.375,0.9,1.0,1.0,0.0,2.0,6,1,Slider,0,1,0,1,1,0,0,1,Infield shift,Standard,223.0,0.026,0.415,,,0.424,-0.415,100.2,-1,-1,0.424,0.424,33,29,33,29,1,0,5.0,1.0,5.0,2.0,3.03,-0.25,-0.25,39.3,,,,,
FF,2021-06-05,94.3,1.65,5.69,"Judge, Aaron",592450,593958,field_out,hit_into_play,,,,,2.0,"Aaron Judge grounds out sharply, shortstop Xander Bogaerts to second baseman Marwin Gonzalez to first baseman Bobby Dalbec.",R,R,L,NYY,BOS,X,6.0,ground_ball,3,1,2021,0.79,0.99,0.17,3.27,,,,2,1,Bot,106.11,146.83,,,,,-5.5880299676383025,-137.32949882869815,-2.8299813086980516,11.18609225338585,28.852217388309754,-19.163877041770604,3.76,1.75,133.0,108.7,7.0,94.3,2192.0,6.1,633852,543877,666915,503556,646240,593428,657077,571771,592669,54.36,0.721,0.663,0.0,1.0,0.0,0.0,4.0,7,5,4-Seam Fastball,0,0,0,0,0,0,0,0,Infield shift,Standard,148.0,-0.015,-0.417,,,0.822,0.417,108.7,0,0,0.515,0.515,28,29,28,29,1,0,5.0,1.0,5.0,1.0,1.56,0.79,-0.79,33.7,,,,,
ST,2021-06-05,80.1,-2.62,5.14,"Judge, Aaron",592450,493603,field_out,hit_into_play,,,,,9.0,Aaron Judge flies out to center fielder Enrique Hernandez.,R,R,R,NYY,BOS,X,8.0,fly_ball,1,1,2021,1.68,0.06,0.48,1.83,,,,2,8,Bot,109.49,76.1,,,,,3.705477604141029,-116.62554035493416,-0.6101996026402665,14.37116029704832,24.806906931151417,-31.77298233263358,3.76,1.75,308.0,83.4,31.0,80.7,2838.0,7.0,633852,543877,666915,503556,646240,593428,657077,571771,592669,53.51,0.041,0.05,0.0,1.0,0.0,0.0,3.0,67,3,Sweeper,3,7,3,7,7,3,3,7,Infield shift,Standard,64.0,-0.004,-0.258,,,0.086,0.258,88.0,-4,-4,0.019,0.019,35,29,36,29,1,3,2.0,1.0,1.0,1.0,3.53,-1.68,-1.68,23.4,,,,,
FF,2021-06-04,97.0,-2.36,5.31,"Judge, Aaron",592450,543135,home_run,hit_into_play,,,,,6.0,Aaron Judge homers (14) on a line drive to right field.,R,R,R,NYY,BOS,X,,line_drive,1,0,2021,-1.05,1.05,0.66,2.99,,,,2,6,Bot,221.03,88.88,,,,,10.576274307927314,-140.88421274804034,-3.088391570167821,-16.298314009487818,30.987667163891963,-17.639670090603406,3.76,1.75,358.0,111.4,18.0,98.0,1959.0,6.9,633824,543877,503556,624414,646240,593428,657077,542454,592669,53.62,0.7593809523809525,1.2894285714285714,2.0,1.0,0.0,3.0,6.0,47,2,4-Seam Fastball,0,5,0,5,5,1,1,5,Infield shift,Standard,232.0,0.029,2.555,,,2.412761904761904,-2.555,111.4,-5,-5,0.037,0.037,31,29,31,29,3,2,6.0,1.0,5.0,1.0,1.37,1.05,1.05,30.8,,,,,
CU,2021-06-04,78.7,-2.2,5.94,"Judge, Aaron",592450,543135,single,hit_into_play,,,,,5.0,Aaron Judge singles on a sharp line drive to right fielder Hunter Renfroe.,R,R,R,NYY,BOS,X,9.0,line_drive,0,2,2021,1.02,-0.95,-0.26,3.07,,,,1,4,Bot,166.64,84.04,,,,,2.3131988042072917,-114.42946525059776,2.4707665243172245,8.407405418067482,23.985631647014245,-41.165115390373785,3.76,1.75,260.0,100.7,15.0,78.5,2245.0,6.5,633824,543877,503556,624414,646240,593428,657077,542454,592669,54.03,0.611,0.585,0.9,1.0,1.0,0.0,4.0,29,3,Curveball,0,3,0,3,3,0,0,3,Standard,Standard,39.0,0.034,0.514,,,0.789,-0.514,100.7,-3,-3,0.185,0.185,31,29,31,29,2,1,6.0,1.0,5.0,1.0,4.67,-1.02,-1.02,43.2,,,,,
FF,2021-06-04,97.5,-2.44,5.51,"Judge, Aaron",592450,543135,grounded_into_double_play,hit_into_play,,,,,1.0,"Aaron Judge grounds into a double play, second baseman Christian Arroyo to shortstop Xander Bogaerts to first baseman Marwin Gonzalez.   DJ LeMahieu to 3rd.    Giancarlo Stanton out at 2nd.    Aaron Judge out at 1st.",R,R,R,NYY,BOS,X,4.0,ground_ball,2,2,2021,-1.12,1.1,-0.45,3.65,,518934.0,519317.0,0,1,Bot,136.18,144.45,,,,,7.976999219688979,-141.76982891493438,-1.985548652813255,-16.948502572162756,34.35367031034439,-17.115772935771584,3.76,1.75,9.0,92.6,-21.0,97.7,2170.0,6.6,633824,543877,503556,624414,646240,593428,657077,542454,592669,53.92,0.099,0.092,0.0,1.0,0.0,0.0,2.0,9,5,4-Seam Fastball,0,3,0,3,3,0,0,3,Standard,Standard,233.0,-0.1,-0.328,,,0.099,0.328,92.6,-3,-3,0.354,0.354,31,29,31,29,1,0,6.0,1.0,5.0,1.0,1.31,1.12,1.12,32.0,,,,,
CH,2021-06-03,80.3,2.65,5.16,"Judge, Aaron",592450,642232,field_out,hit_into_play,,,,,8.0,Aaron Judge pops out to first baseman Mike Brosseau in foul territory.,R,R,L,NYY,TB,X,3.0,popup,2,2,2021,1.53,0.48,-0.13,2.02,,,,2,8,Bot,169.95,175.91,,,,,-9.063165523405038,-116.6174835504052,-1.1515970382292802,15.682249330520934,21.998850416746155,-27.7713244165316,3.76,1.75,124.0,68.7,68.0,80.5,1968.0,6.5,633819,572287,670712,664040,621563,670764,621433,595281,622534,53.99,0.001,0.0,0.0,1.0,0.0,0.0,3.0,68,5,Changeup,2,9,2,9,9,2,2,9,Standard,Standard,100.0,-0.001,-0.236,,,0.001,0.236,88.0,-7,-7,0.002,0.002,29,29,30,29,4,3,5.0,1.0,8.0,1.0,3.07,1.53,-1.53,24.8,,,,,
FC,2021-06-03,84.4,3.06,4.9,"Judge, Aaron",592450,642232,field_out,hit_into_play,,,,,2.0,Aaron Judge flies out to right fielder Manuel Margot.,R,R,L,NYY,TB,X,9.0,fly_ball,2,0,2021,-0.02,0.63,-0.17,3.51,,,,0,6,Bot,187.23,85.39,,,,,-7.489607172174772,-122.7079182557016,1.8948369507550888,1.2135215513043949,23.84035527362405,-26.38958918938907,3.76,1.75,320.0,93.3,27.0,84.7,2076.0,6.5,633819,572287,650490,664040,621563,670764,668227,595281,622534,54.04,0.129,0.172,0.0,1.0,0.0,0.0,3.0,47,3,Cutter,1,5,1,5,5,1,1,5,Infield shift,Standard,144.0,-0.03,-0.389,,,0.3,0.389,93.3,-4,-4,0.108,0.108,29,29,30,29,3,2,5.0,1.0,8.0,1.0,2.57,-0.02,0.02,15.9,,,,,
CH,2021-06-03,79.9,2.59,5.32,"Judge, Aaron",592450,642232,single,hit_into_play,,,,,9.0,Aaron Judge singles on a sharp line drive to center fielder Kevin Kiermaier.,R,R,L,NYY,TB,X,8.0,line_drive,3,2,2021,1.68,0.38,0.77,2.14,,,,0,4,Bot,145.25,76.24,,,,,-7.195164101553259,-116.11258696880924,-0.9696109864013776,16.572263757605658,22.138860864531875,-28.77039464718164,3.76,1.75,309.0,115.1,13.0,80.1,2146.0,6.5,633819,572287,650490,664040,621563,670764,668227,595281,622534,53.96,0.819,0.918,0.9,1.0,1.0,0.0,6.0,27,7,Changeup,1,2,1,2,2,1,1,2,Infield shift,Standard,98.0,0.042,0.365,,,1.36,-0.365,115.1,-1,-1,0.435,0.435,29,29,30,29,2,1,5.0,1.0,8.0,1.0,3.2,1.68,-1.68,27.9,,,,,
CH,2021-06-03,78.4,2.79,5.29,"Judge, Aaron",592450,642232,field_out,hit_into_play,,,,,14.0,Aaron Judge flies out to right fielder Manuel Margot.,R,R,L,NYY,TB,X,9.0,fly_ball,2,1,2021,1.63,0.37,0.86,2.04,,518934.0,,1,1,Bot,173.87,122.38,,,,,-7.185493108061974,-113.9485158872864,-0.8688705341230814,15.469817656751944,19.69732884136065,-29.019525250468163,3.76,1.75,226.0,76.5,49.0,78.8,2156.0,6.5,633819,572287,650490,664040,621563,670764,668227,595281,622534,53.96,0.082,0.084,0.0,1.0,0.0,0.0,3.0,7,4,Changeup,0,0,0,0,0,0,0,0,Infield shift,Standard,99.0,-0.036,-0.298,,,0.113,0.298,88.0,0,0,0.569,0.569,29,29,30,29,1,0,5.0,1.0,8.0,1.0,3.33,1.63,-1.63,27.6,,,,,
ST,2021-06-02,79.3,-2.28,5.12,"Judge, Aaron",592450,543521,field_out,hit_into_play,,,,,8.0,Aaron Judge flies out to center fielder Brett Phillips.,R,R,R,NYY,TB,X,8.0,fly_ball,1,2,2021,1.84,-0.27,-0.11,1.73,609280.0,518934.0,,2,6,Bot,94.41,66.58,,,,,1.2916379891748582,-115.55246679861196,-0.1401074879276143,16.23845997478156,22.007335773893207,-34.743130519820824,3.76,1.75,336.0,92.4,33.0,79.9,2864.0,6.7,633882,642336,650490,670712,621563,670764,640457,621433,622534,53.82,0.068,0.098,0.0,1.0,0.0,0.0,3.0,54,4,Sweeper,4,2,4,2,2,4,4,2,Infield shade,Standard,52.0,-0.025,-0.182,,,0.189,0.182,92.4,2,2,0.84,0.84,34,29,34,29,1,3,3.0,1.0,7.0,1.0,3.89,-1.84,-1.84,26.7,,,,,
SL,2021-06-02,79.0,-3.52,3.78,"Judge, Aaron",592450,657044,field_out,hit_into_play,,,,,11.0,"Aaron Judge grounds out, third baseman Joey Wendle to first baseman Yandy Diaz.",R,R,R,NYY,TB,X,5.0,ground_ball,3,2,2021,0.8,0.87,-0.92,3.34,596142.0,640449.0,519317.0,2,4,Bot,98.01,165.21,,,,,4.206002977831948,-114.78098694577264,4.3446149301265375,6.221838241079745,23.09203864721544,-25.65004339654546,3.76,1.75,36.0,86.8,-2.0,79.3,2092.0,6.8,633882,642336,650490,670712,621563,670764,640457,621433,622534,53.72,0.225,0.25,0.0,1.0,0.0,0.0,2.0,37,6,Slider,4,1,4,1,1,4,4,1,Infield shade,Standard,96.0,-0.041,-0.329,,,0.246,0.329,88.0,3,3,0.877,0.877,29,29,29,29,1,2,2.0,1.0,3.0,1.0,2.82,-0.8,-0.8,-3.6,,,,,
SL,2021-06-02,89.6,0.73,6.07,"Judge, Aaron",592450,663556,force_out,hit_into_play,,,,,8.0,"Aaron Judge grounds into a force out, third baseman Joey Wendle to second baseman Mike Brosseau.   Giancarlo Stanton out at 2nd.    Aaron Judge to 1st.",R,R,L,NYY,TB,X,5.0,ground_ball,0,1,2021,-0.43,0.2,0.21,2.29,,,519317.0,1,1,Bot,84.27,162.0,,,,,-0.3996964723356784,-130.6002627280594,-3.869298431323888,-4.850453111602031,24.995989656717544,-29.268157701879534,3.76,1.75,8.0,82.5,-16.0,90.8,2378.0,6.7,633882,642336,650490,670712,621563,670764,640457,621433,622534,53.77,0.079,0.075,0.0,1.0,0.0,0.0,2.0,6,2,Slider,0,0,0,0,0,0,0,0,Infield shift,Standard,227.0,-0.025,-0.285,,,0.089,0.285,88.0,0,0,0.547,0.547,24,29,24,29,1,0,6.0,1.0,7.0,1.0,2.6,-0.43,0.43,42.2,,,,,
SL,2021-06-01,86.8,-1.85,6.17,"Judge, Aaron",592450,607192,field_out,hit_into_play,,,,,4.0,Aaron Judge flies out sharply to left fielder Randy Arozarena.,R,R,R,NYY,TB,X,7.0,fly_ball,1,0,2021,0.3,-0.43,-0.42,2.55,,,,2,1,Bot,85.18,51.88,,,,,2.818202595824737,-126.48996130775969,-1.5949731210729854,2.656961999191881,25.82327164354685,-36.674756023416634,3.76,1.75,376.0,105.8,38.0,87.6,2847.0,6.7,633861,572287,596847,664040,650490,621563,668227,595281,621433,53.76,0.5863076923076923,1.162153846153846,0.0,1.0,0.0,0.0,6.0,8,2,Slider,0,2,0,2,2,0,0,2,Infield shift,Standard,44.0,-0.012,-0.309,,,2.309384615384616,0.309,105.8,-2,-2,0.314,0.314,27,29,28,29,1,0,6.0,1.0,7.0,1.0,3.45,-0.3,-0.3,52.7,,,,,
CU,2021-05-31,74.5,1.8,5.67,"Judge, Aaron",592450,448179,field_out,hit_into_play,,,,,8.0,Aaron Judge flies out sharply to right fielder Manuel Margot.,R,R,L,NYY,TB,X,9.0,fly_ball,1,2,2021,-1.36,-1.06,0.08,2.36,,,,2,3,Bot,181.53,66.2,,,,,-1.134137856134816,-108.33567246758248,2.4016380950099165,-10.373835185657317,22.14047074870072,-41.172221264962864,3.76,1.75,356.0,106.0,33.0,73.7,2720.0,6.1,633898,572287,596847,664040,650490,670764,668227,595281,622534,54.35,0.8404666666666665,1.6836666666666669,0.0,1.0,0.0,0.0,6.0,24,4,Curveball,0,1,0,1,1,0,0,1,Standard,Standard,306.0,-0.01,-0.188,,,3.345266666666667,0.188,106.0,-1,-1,0.387,0.387,41,29,41,29,2,1,6.0,1.0,5.0,1.0,5.23,-1.36,1.36,36.6,,,,,
SL,2021-05-31,78.5,-3.38,3.83,"Judge, Aaron",592450,657044,field_out,hit_into_play,,,,,6.0,Aaron Judge flies out to center fielder Kevin Kiermaier.,R,R,R,NYY,TB,X,8.0,fly_ball,0,2,2021,1.17,0.71,0.79,2.62,,,,2,8,Bot,112.14,53.51,,,,,6.894646226910744,-114.04593563028362,3.0554433598367883,8.660701263681881,23.522920892214273,-26.937108075182692,3.76,1.75,361.0,98.8,32.0,78.6,2177.0,6.7,633898,572287,596847,664040,650490,670764,668227,595281,622534,53.8,0.3915757575757576,0.7424545454545456,0.0,1.0,0.0,0.0,5.0,63,3,Slider,1,3,1,3,3,1,1,3,Standard,Standard,81.0,-0.011,-0.159,,,1.473606060606061,0.159,98.8,-2,-2,0.087,0.087,29,29,29,29,1,3,2.0,1.0,2.0,1.0,3.04,-1.17,-1.17,-3.1,,,,,
FC,2021-05-31,91.5,-1.99,6.25,"Judge, Aaron",592450,608379,field_out,hit_into_play,,,,,12.0,Aaron Judge grounds out to first baseman Ji-Man Choi.,R,R,R,NYY,TB,X,3.0,ground_ball,2,1,2021,0.29,0.6,1.01,3.12,,,,1,6,Bot,143.09,174.86,,,,,7.02458263070962,-133.1657967477487,-3.3958863796009213,2.1115883920867606,26.25780520154108,-24.502587105824464,3.76,1.75,3.0,71.8,-42.0,92.9,2144.0,6.9,633898,572287,596847,664040,650490,670764,668227,595281,622534,53.59,0.112,0.104,0.0,1.0,0.0,0.0,2.0,48,4,Cutter,0,3,0,3,3,0,0,3,Infield shift,Standard,187.0,-0.021,-0.309,,,0.12,0.309,88.0,-3,-3,0.138,0.138,29,29,30,29,1,2,4.0,1.0,6.0,1.0,2.1,-0.29,-0.29,49.0,,,,,
CU,2021-05-31,73.0,1.78,5.9,"Judge, Aaron",592450,448179,single,hit_into_play,,,,,7.0,Aaron Judge singles on a sharp ground ball to left fielder Randy Arozarena.,R,R,L,NYY,TB,X,7.0,ground_ball,0,0,2021,-1.54,-1.12,-0.37,2.21,,,,2,1,Bot,53.76,137.87,,,,,-1.6776457126624067,-106.19042559167312,2.0328561640611316,-11.083778158621872,22.64582761912009,-41.16426299991629,3.76,1.75,100.0,100.1,7.0,72.1,2853.0,6.2,633898,572287,596847,664040,650490,670764,668227,595281,622534,54.3,0.564,0.508,0.9,1.0,1.0,0.0,4.0,6,1,Curveball,0,0,0,0,0,0,0,0,Infield shift,Standard,313.0,0.012,0.315,,,0.59,-0.315,100.1,0,0,0.51,0.51,41,29,41,29,1,0,6.0,1.0,5.0,1.0,5.48,-1.54,1.54,40.9,,,,,
CH,2021-05-30,82.7,2.65,6.74,"Judge, Aaron",592450,669373,double,hit_into_play,,,,,5.0,Aaron Judge hits a ground-rule double (7) on a fly ball down the left-field line.,R,R,L,DET,NYY,X,,fly_ball,1,1,2021,0.17,1.05,0.06,2.8,,,,1,6,Top,30.83,103.4,,,,,-6.191953409132085,-120.3745254160576,-4.608186663590012,2.689399247322068,19.700515668808972,-21.234963093163156,3.76,1.75,331.0,88.3,33.0,82.9,1363.0,6.1,633854,606992,570731,650489,600869,670097,622682,592348,608577,54.45,0.025,0.031,1.25,1.0,1.0,1.0,3.0,48,3,Changeup,6,0,0,6,0,6,0,6,Standard,Standard,143.0,-0.01,0.659,,,0.053,-0.659,88.3,6,-6,0.98,0.02,24,29,25,29,3,2,5.0,1.0,6.0,1.0,2.24,0.17,-0.17,61.3,,,,,
FF,2021-05-30,94.6,3.25,6.33,"Judge, Aaron",592450,669373,grounded_into_double_play,hit_into_play,,,,,4.0,"Aaron Judge grounds into a double play, third baseman Jeimer Candelario to second baseman Willi Castro to first baseman Jonathan Schoop. DJ LeMahieu to 3rd. Giancarlo Stanton out at 2nd. Aaron Judge out at 1st.",R,R,L,DET,NYY,X,5.0,ground_ball,2,2,2021,0.8,1.51,-0.79,2.84,,518934.0,519317.0,0,1,Top,90.38,162.06,,,,,-12.2407021218307,-137.0891494125666,-6.693053147957045,12.859244720671205,31.759268422273287,-11.774527249408894,3.76,1.75,73.0,108.3,3.0,93.9,2406.0,6.2,633854,606992,570731,650489,600869,670097,622682,592348,608577,54.31,0.534,0.487,0.0,1.0,0.0,0.0,4.0,3,5,4-Seam Fastball,0,0,0,0,0,0,0,0,Standard,Standard,148.0,0.096,-0.328,,,0.587,0.328,108.3,0,0,0.415,0.585,24,29,25,29,1,0,5.0,1.0,6.0,1.0,1.07,0.8,-0.8,48.0,,,,,
CH,2021-05-29,88.3,-1.45,5.43,"Judge, Aaron",592450,605513,field_out,hit_into_play,,,,,7.0,Aaron Judge lines out sharply to third baseman Jeimer Candelario.,R,R,R,DET,NYY,X,5.0,line_drive,2,2,2021,-1.63,0.44,-0.54,1.88,,,518934.0,1,6,Top,89.88,157.99,,,,,5.64596875009495,-128.41058999205464,-3.3850996404957363,-19.184821571873464,30.334474891381817,-26.78760552444517,3.76,1.75,139.0,111.4,7.0,88.0,1845.0,6.5,633949,606992,570731,650489,600869,592348,543257,668731,608577,54.04,0.715,0.659,0.0,1.0,0.0,0.0,4.0,44,5,Changeup,6,1,1,6,1,6,1,6,Infield shift,Standard,253.0,0.013,-0.226,,,0.828,0.226,111.4,5,-5,0.952,0.048,28,29,29,29,3,2,5.0,1.0,6.0,1.0,2.52,1.63,1.63,24.2,,,,,
FF,2021-05-29,95.5,-1.44,5.62,"Judge, Aaron",592450,605513,field_out,hit_into_play,,,,,4.0,Aaron Judge flies out to center fielder Akil Baddoo.,R,R,R,DET,NYY,X,8.0,fly_ball,2,2,2021,-0.29,1.09,-0.32,2.89,,,,2,3,Top,142.79,56.23,,,,,3.600555986800715,-139.0165907461324,-4.031966563916554,-4.544004173450075,31.790127310264463,-17.338846730398757,3.76,1.75,356.0,97.5,27.0,95.9,2496.0,6.6,633949,606992,570731,650489,600869,592348,543257,668731,608577,53.95,0.3276428571428572,0.5710714285714286,0.0,1.0,0.0,0.0,5.0,22,5,4-Seam Fastball,2,1,1,2,1,2,1,2,Infield shift,Standard,218.0,0.011,-0.236,,,1.0927142857142855,0.236,97.5,1,-1,0.658,0.3419999999999999,28,29,29,29,2,1,5.0,1.0,6.0,1.0,1.41,0.29,0.29,28.0,,,,,
SI,2021-05-29,96.5,-1.4,5.78,"Judge, Aaron",592450,605513,field_out,hit_into_play,,,,,5.0,Aaron Judge lines out sharply to right fielder Nomar Mazara.,R,R,R,DET,NYY,X,9.0,line_drive,2,2,2021,-1.27,0.77,-0.23,2.73,,,,2,1,Top,177.09,84.39,,,,,6.001855862056501,-140.37803978054765,-4.2513836433461085,-18.198568009580605,34.31843662999746,-21.179221279920544,3.76,1.75,312.0,102.1,20.0,96.1,2109.0,6.3,633949,606992,570731,650489,600869,592348,543257,668731,608577,54.23,0.4102857142857142,0.6412142857142857,0.0,1.0,0.0,0.0,5.0,3,5,Sinker,0,0,0,0,0,0,0,0,Infield shift,Standard,227.0,0.009,-0.236,,,1.148642857142857,0.236,102.1,0,0,0.539,0.4609999999999999,28,29,29,29,1,0,5.0,1.0,6.0,1.0,1.69,1.27,1.27,28.9,,,,,
FF,2021-05-28,92.4,-2.01,5.65,"Judge, Aaron",592450,663554,double,hit_into_play,,,,,1.0,Aaron Judge doubles (6) on a ground ball to right fielder Nomar Mazara.,R,R,R,DET,NYY,X,9.0,ground_ball,1,0,2021,-1.13,1.0,-0.75,3.3,,,,1,4,Top,188.4,145.99,,,,,5.754374886823866,-134.55446177774618,-2.394661077833189,-14.99018776727331,27.8249069394025,-19.66082830415767,3.76,1.75,10.0,99.8,-17.0,93.5,2165.0,6.8,633961,668670,408234,570731,600869,605612,543257,592348,608577,53.68,0.197,0.198,1.25,1.0,1.0,1.0,2.0,25,2,4-Seam Fastball,1,0,0,1,0,1,0,1,Infield shift,Standard,220.0,-0.05,0.608,,,0.238,-0.608,99.8,1,-1,0.649,0.351,24,29,24,29,2,1,5.0,1.0,6.0,1.0,1.65,1.13,1.13,39.8,,,,,
SL,2021-05-28,87.9,-2.07,5.41,"Judge, Aaron",592450,663554,single,hit_into_play,,,,,9.0,Aaron Judge singles on a line drive to left fielder Robbie Grossman.,R,R,R,DET,NYY,X,7.0,line_drive,3,1,2021,0.12,0.34,0.46,2.12,,,,2,1,Top,80.56,93.84,,,,,5.9492110624807655,-128.0172821901218,-2.6585815318009023,0.2735314492060682,23.50970314481006,-28.097132733442898,3.76,1.75,219.0,92.0,12.0,89.3,2478.0,6.9,633961,668670,408234,570731,600869,605612,543257,592348,608577,53.65,0.838,0.788,0.9,1.0,1.0,0.0,4.0,3,5,Slider,0,0,0,0,0,0,0,0,Infield shift,Strategic,144.0,-0.007,0.166,,,0.968,-0.166,92.0,0,0,0.533,0.4669999999999999,24,29,24,29,1,0,5.0,1.0,6.0,1.0,2.58,-0.12,-0.12,34.0,,,,,
SI,2021-05-28,95.1,-1.4,5.76,"Judge, Aaron",592450,608335,field_out,hit_into_play,,,,,2.0,Aaron Judge grounds out to first baseman Miguel Cabrera.,R,R,R,DET,NYY,X,3.0,ground_ball,1,1,2021,-1.39,0.85,-0.13,3.64,,,,0,6,Top,150.68,164.24,,,,,6.48934135859654,-138.3736362829199,-1.8159842801427613,-19.32961972238752,31.407555017239048,-21.04141828273026,3.76,1.75,45.0,94.7,-2.0,95.6,1993.0,6.6,633961,668670,408234,570731,600869,605612,543257,592348,608577,53.91,0.282,0.306,0.0,1.0,0.0,0.0,2.0,41,3,Sinker,1,1,1,1,1,1,1,1,Infield shift,Standard,219.0,0.032,-0.257,,,0.316,0.257,94.7,0,0,0.502,0.498,27,29,27,29,1,2,3.0,1.0,1.0,1.0,1.67,1.39,1.39,37.8,,,,,
SL,2021-05-27,81.5,-3.12,5.59,"Judge, Aaron",592450,666201,field_out,hit_into_play,,,,,5.0,Aaron Judge flies out sharply to center fielder Randal Grichuk.,R,R,R,NYY,TOR,X,8.0,fly_ball,0,1,2021,1.3,-0.12,0.03,2.57,,,596059.0,1,6,Bot,137.68,61.41,,,,,4.592149733557313,-118.63960903951173,0.0721010666671577,11.312562317364543,24.09678128353755,-33.53732427759605,3.76,1.75,342.0,100.7,40.0,81.6,2429.0,6.5,633974,624512,642133,543760,605412,666182,666971,545341,606192,54.04,0.2188,0.4228,0.0,1.0,0.0,0.0,5.0,46,2,Slider,0,2,0,2,2,0,0,2,Standard,Standard,55.0,-0.05,-0.22,,,0.8472000000000002,0.22,100.7,-2,-2,0.169,0.169,23,29,23,29,3,2,,2.0,6.0,0.0,3.57,-1.3,-1.3,36.8,,,,,
SL,2021-05-27,89.2,2.44,6.1,"Judge, Aaron",592450,592662,sac_fly,hit_into_play,,,,,6.0,Aaron Judge out on a sacrifice fly to right fielder Teoscar Hernandez.   Tyler Wade scores.    Gleyber Torres to 3rd.,R,R,L,NYY,TOR,X,9.0,fly_ball,3,2,2021,-0.32,0.55,0.56,3.09,642180.0,650402.0,,1,5,Bot,185.5,85.02,,,,,-3.961053042224621,-130.02790450402324,-2.6333926805884778,-2.9441972951332684,24.1378740450242,-25.521120608303388,3.76,1.75,319.0,90.7,34.0,89.8,2371.0,6.3,633910,643376,665489,543760,669289,666182,666971,641505,606192,54.2,0.058,0.082,0.0,1.0,0.0,0.0,3.0,41,6,Slider,4,3,4,3,3,5,5,3,Strategic,Standard,161.0,0.021,-0.144,,,0.146,0.144,90.7,1,1,0.862,0.862,29,29,30,29,3,2,5.0,0.0,5.0,1.0,2.27,-0.32,0.32,48.0,,,,,
SI,2021-05-27,94.2,-2.94,5.72,"Judge, Aaron",592450,666201,field_out,hit_into_play,,,,,11.0,"Aaron Judge grounds out, third baseman Joe Panik to first baseman Rowdy Tellez.",R,R,R,NYY,TOR,X,5.0,ground_ball,0,0,2021,-1.01,0.8,-1.04,2.95,,,,0,4,Bot,95.66,157.42,,,,,7.237896310156962,-137.08638526252986,-3.3396195409151215,-14.316106570867952,28.001381439244792,-21.543506421397748,3.76,1.75,11.0,86.5,-14.0,95.1,2255.0,6.6,633974,624512,642133,543760,605412,666182,666971,545341,606192,53.87,0.11,0.107,0.0,1.0,0.0,0.0,2.0,28,1,Sinker,0,2,0,2,2,0,0,2,Standard,Standard,215.0,-0.035,-0.269,,,0.123,0.269,88.0,-2,-2,0.26,0.26,23,29,23,29,2,1,,2.0,6.0,0.0,1.75,1.01,1.01,39.5,,,,,
FF,2021-05-27,95.0,2.65,5.92,"Judge, Aaron",592450,592662,home_run,hit_into_play,,,,,8.0,Aaron Judge homers (13) on a fly ball to center field.   DJ LeMahieu scores.,R,R,L,NYY,TOR,X,,fly_ball,3,0,2021,0.72,1.34,-0.22,2.12,,,518934.0,2,3,Bot,141.45,21.17,,,,,-9.226972475118869,-137.94709973752597,-7.382217912739096,11.12589331969472,28.127979384417383,-13.603517844958594,3.76,1.75,440.0,112.2,30.0,96.3,2288.0,7.0,633910,643376,665489,543760,669289,666182,666971,641505,606192,53.52,0.9884285714285715,2.0,2.0,1.0,0.0,3.0,6.0,24,4,4-Seam Fastball,1,3,1,3,3,3,3,3,Infield shift,Standard,140.0,0.244,2.047,,,3.955714285714286,-2.047,112.2,-2,-2,0.271,0.271,29,29,30,29,2,1,5.0,0.0,5.0,1.0,1.18,0.72,-0.72,45.1,,,,,
CH,2021-05-25,87.5,1.87,5.47,"Judge, Aaron",592450,571927,single,hit_into_play,,,,,6.0,Aaron Judge singles on a ground ball to center fielder Randal Grichuk.,R,R,L,NYY,TOR,X,8.0,ground_ball,0,0,2021,1.43,0.58,0.64,2.6,,,,2,6,Bot,112.0,124.31,,,,,-5.898279968205462,-127.3644805619368,-2.0085518969403706,16.730483008395012,25.714516657670444,-25.63016815277882,3.76,1.75,94.0,97.2,4.0,87.7,2114.0,6.4,633956,643376,665489,543760,605412,666182,666971,545341,606192,54.14,0.499,0.478,0.9,1.0,1.0,0.0,4.0,51,1,Changeup,0,3,0,3,3,0,0,3,Standard,Standard,98.0,0.014,0.315,,,0.588,-0.315,97.2,-3,-3,0.117,0.117,30,29,30,29,3,2,5.0,2.0,5.0,2.0,2.39,1.43,-1.43,34.8,,,,,
CU,2021-05-25,77.1,1.71,5.71,"Judge, Aaron",592450,571927,field_out,hit_into_play,,,,,4.0,Aaron Judge flies out to center fielder Randal Grichuk.,R,R,L,NYY,TOR,X,8.0,fly_ball,1,2,2021,-0.89,-0.86,-0.31,2.42,,,,0,4,Bot,129.3,75.86,,,,,-2.676073924178487,-112.27391791314044,1.5603019144646169,-7.057310492678894,20.78957642135657,-39.95540476858459,3.76,1.75,306.0,93.9,41.0,77.3,2092.0,6.5,633956,643376,665489,543760,605412,666182,666971,545341,606192,54.05,0.025,0.038,0.0,1.0,0.0,0.0,3.0,32,5,Curveball,0,3,0,3,3,0,0,3,Standard,Standard,318.0,-0.019,-0.194,,,0.073,0.194,93.9,-3,-3,0.21,0.21,30,29,30,29,2,1,5.0,2.0,5.0,2.0,4.7,-0.89,0.89,42.8,,,,,
FC,2021-05-23,85.4,1.22,6.15,"Judge, Aaron",592450,572971,field_out,hit_into_play,,,,,11.0,"Aaron Judge grounds out, third baseman Yoan Moncada to first baseman Jose Abreu.",R,R,L,NYY,CWS,X,5.0,ground_ball,1,1,2021,-0.13,0.59,-0.84,3.16,,,,1,3,Bot,91.34,167.26,,,,,-4.5757911874809425,-124.42732176184424,-2.0729516828863885,-0.6432042227152072,20.08985089518315,-25.762265089521073,3.76,1.75,21.0,89.6,-7.0,85.8,2198.0,6.0,634009,518735,547989,663611,660162,641313,594809,571740,571875,54.48,0.17,0.254,0.0,1.0,0.0,0.0,2.0,23,3,Cutter,2,0,2,0,0,2,2,0,Infield shift,Standard,194.0,-0.011,-0.249,,,0.17,0.249,89.6,2,2,0.748,0.748,33,29,33,29,2,1,6.0,1.0,6.0,2.0,2.48,-0.13,0.13,51.5,,,,,
FC,2021-05-23,85.6,1.09,6.18,"Judge, Aaron",592450,572971,single,hit_into_play,,,,,7.0,Aaron Judge singles on a sharp ground ball to left fielder Adam Eaton.   Luke Voit to 2nd.,R,R,L,NYY,CWS,X,7.0,ground_ball,1,2,2021,-0.14,0.65,-0.36,2.28,,,572228.0,1,1,Bot,94.78,86.3,,,,,-3.144819413520573,-124.6627906643773,-4.261682808928582,-0.8225921522125621,24.400321360580175,-24.714649091198787,3.76,1.75,93.0,111.6,4.0,85.6,2195.0,6.2,634009,518735,547989,663611,660162,641313,594809,571740,571875,54.3,0.633,0.592,0.9,1.0,1.0,0.0,4.0,8,4,Cutter,0,0,0,0,0,0,0,0,Standard,Standard,171.0,0.043,0.48,,,0.719,-0.48,111.6,0,0,0.544,0.544,33,29,33,29,1,0,6.0,1.0,6.0,2.0,2.45,-0.14,0.14,52.5,,,,,
FF,2021-05-22,97.9,-1.33,6.38,"Judge, Aaron",592450,656302,single,hit_into_play,,,,,14.0,Aaron Judge singles on a line drive to right fielder Adam Eaton.,R,R,R,NYY,CWS,X,9.0,line_drive,1,2,2021,-0.4,1.58,1.13,2.63,,,,1,4,Bot,191.98,117.12,,,,,7.495646038629396,-142.27902722581368,-8.224758521005686,-7.119092349090897,32.4274730055476,-8.91258289713939,3.76,1.75,234.0,84.7,18.0,97.3,2698.0,6.0,634035,518735,547989,663611,660162,641313,683734,544725,594809,54.49,0.885,0.825,0.9,1.0,1.0,0.0,4.0,26,4,4-Seam Fastball,0,0,0,0,0,0,0,0,Infield shift,Standard,196.0,0.035,0.493,,,0.989,-0.493,88.0,0,0,0.528,0.528,25,29,26,29,2,1,6.0,1.0,5.0,1.0,0.8,0.4,0.4,54.0,,,,,
FF,2021-05-22,97.3,1.53,6.42,"Judge, Aaron",592450,676979,single,hit_into_play,,,,,2.0,Aaron Judge singles on a sharp line drive to left fielder Andrew Vaughn.,R,R,L,NYY,CWS,X,7.0,line_drive,3,2,2021,0.3,1.54,0.01,3.34,,,,2,8,Bot,51.62,94.48,,,,,-4.827811079596313,-141.5517027679195,-6.353706387268905,5.154596442922745,31.81906924745688,-10.263661235055745,3.76,1.75,317.0,117.4,14.0,98.6,2328.0,7.0,634035,518735,547989,663611,660162,641313,683734,544725,664901,53.5,0.638,0.9505,0.9,1.0,1.0,0.0,6.0,68,7,4-Seam Fastball,7,0,7,0,0,7,7,0,Infield shift,Standard,161.0,0.0,0.236,,,1.6755,-0.236,117.4,7,7,0.999,0.999,22,29,22,29,1,4,5.0,1.0,3.0,1.0,0.87,0.3,-0.3,54.8,,,,,
FF,2021-05-21,98.7,1.47,6.65,"Judge, Aaron",592450,607074,single,hit_into_play,,,,,3.0,Aaron Judge singles on a sharp ground ball to center fielder Leury Garcia.,R,R,L,NYY,CWS,X,8.0,ground_ball,2,2,2021,0.76,1.35,0.54,3.13,,,,0,4,Bot,122.89,133.33,,,,,-4.284768261385628,-143.5911220301395,-7.236475470656917,11.544147997921554,33.949023502007556,-12.03785326400082,3.76,1.75,49.0,114.6,-1.0,98.4,2281.0,6.2,634014,641470,547989,663611,660162,641313,683734,544725,664901,54.34,0.532,0.478,0.9,1.0,1.0,0.0,4.0,27,5,4-Seam Fastball,0,0,0,0,0,0,0,0,Standard,Standard,154.0,0.046,0.478,,,0.56,-0.478,114.6,0,0,0.557,0.557,28,29,29,29,2,1,6.0,1.0,5.0,1.0,1.0,0.76,-0.76,52.0,,,,,
CU,2021-05-21,82.7,-2.29,6.01,"Judge, Aaron",592450,605359,single,hit_into_play,,,,,6.0,Aaron Judge singles on a sharp line drive to center fielder Leury Garcia.,R,R,R,NYY,CWS,X,8.0,line_drive,3,2,2021,0.84,-1.23,0.67,2.77,,,,0,9,Bot,127.46,82.66,,,,,5.07357301855392,-120.30952823106884,1.5229187506530533,7.0348114024325845,25.1915399932498,-44.59049822021338,3.76,1.75,175.0,106.7,9.0,81.8,2823.0,5.8,634014,518735,547989,663611,660162,641313,683734,544725,594809,54.65,0.751,0.726,0.9,1.0,1.0,0.0,4.0,64,6,Curveball,1,1,1,1,1,1,1,1,Standard,Standard,46.0,0.06,0.365,,,0.934,-0.365,106.7,0,0,0.65,0.65,31,29,31,29,1,3,6.0,1.0,2.0,1.0,4.58,-0.84,-0.84,39.5,,,,,
FF,2021-05-20,97.8,-1.01,6.45,"Judge, Aaron",592450,622250,field_out,hit_into_play,,,,,7.0,"Aaron Judge grounds out sharply, third baseman Charlie Culberson to first baseman Nate Lowe.",R,R,R,TEX,NYY,X,5.0,ground_ball,3,2,2021,-0.93,1.63,-0.47,2.34,,,609280.0,2,9,Top,83.52,150.5,,,,,3.5782754874142064,-142.0041390344605,-9.168368213787074,-13.449462839849684,36.4626245566824,-8.186470721793524,3.76,1.75,18.0,102.4,-6.0,96.4,2447.0,5.9,634047,641680,663993,669256,518586,643396,641432,666969,621311,54.6,0.271,0.317,0.0,1.0,0.0,0.0,2.0,65,7,4-Seam Fastball,0,2,2,0,2,0,2,0,Strategic,Standard,207.0,0.01,-0.314,,,0.271,0.314,102.4,-2,2,0.085,0.915,27,29,28,29,1,1,3.0,1.0,2.0,1.0,0.79,0.93,0.93,48.6,,,,,
SI,2021-05-20,93.8,2.12,5.64,"Judge, Aaron",592450,667463,single,hit_into_play,,,,,14.0,"Aaron Judge singles on a line drive to center fielder Adolis Garcia.   Gary Sanchez scores.  Gio Urshela out at 3rd on the throw, center fielder Adolis Garcia to third baseman Charlie Culberson to second baseman Nick Solak.",R,R,L,TEX,NYY,X,8.0,line_drive,2,0,2021,1.55,0.11,0.9,2.67,,596142.0,570482.0,2,7,Top,118.52,85.85,,,,,-6.54207224775601,-136.42995178902578,-2.1160125303702593,20.773866729516502,32.53153941053009,-30.572974561466985,3.76,1.75,152.0,95.1,8.0,92.9,2025.0,6.0,634047,641680,663993,669256,518586,643396,641432,666969,621311,54.52,0.6,0.551,0.9,1.0,1.0,0.0,4.0,50,3,Sinker,0,1,1,0,2,0,2,0,Strategic,Standard,120.0,-0.085,0.468,,,0.662,-0.468,95.1,-1,1,0.306,0.694,26,29,27,29,1,0,3.0,1.0,3.0,1.0,2.5,1.55,-1.55,27.8,,,,,
FF,2021-05-19,91.3,2.11,5.94,"Judge, Aaron",592450,660365,field_out,hit_into_play,,,,,8.0,"Aaron Judge grounds out sharply, shortstop Isiah Kiner-Falefa to first baseman Nate Lowe.",R,R,L,TEX,NYY,X,6.0,ground_ball,0,1,2021,0.14,1.5,-0.25,2.19,,,,1,4,Top,110.45,146.79,,,,,-6.29136872450595,-132.68137980719732,-6.81614185620571,2.942985061812091,27.97154779945654,-13.2012342729289,3.76,1.75,14.0,105.8,-8.0,92.1,2275.0,6.8,634168,624431,663993,669256,518586,643396,641432,666969,608336,53.71,0.301,0.309,0.0,1.0,0.0,0.0,2.0,22,2,4-Seam Fastball,0,0,0,0,0,0,0,0,Strategic,Standard,165.0,0.017,-0.216,,,0.31,0.216,105.8,0,0,0.53,0.47,33,29,33,29,2,1,5.0,1.0,6.0,1.0,1.24,0.14,-0.14,59.6,,,,,
FF,2021-05-19,92.0,2.16,6.02,"Judge, Aaron",592450,660365,single,hit_into_play,,,,,5.0,Aaron Judge singles on a line drive to right fielder Joey Gallo.,R,R,L,TEX,NYY,X,9.0,line_drive,0,0,2021,0.16,1.29,0.1,3.03,,,,2,1,Top,155.65,78.71,,,,,-5.61052018845061,-133.7597611420924,-4.521557168858882,3.2100395040594845,31.186548384759355,-15.98844301685707,3.76,1.75,234.0,92.7,12.0,92.3,2184.0,6.7,634168,624431,663993,669256,518586,643396,641432,666969,608336,53.8,0.852,0.814,0.9,1.0,1.0,0.0,4.0,3,1,4-Seam Fastball,0,0,0,0,0,0,0,0,Strategic,Standard,162.0,-0.012,0.315,,,1.016,-0.315,92.7,0,0,0.538,0.4619999999999999,33,29,33,29,1,0,5.0,1.0,6.0,1.0,1.43,0.16,-0.16,56.4,,,,,
FF,2021-05-19,94.7,0.89,6.6,"Judge, Aaron",592450,621056,field_out,hit_into_play,,,,,2.0,Aaron Judge lines out to center fielder Adolis Garcia.,R,R,R,TEX,NYY,X,8.0,line_drive,0,0,2021,-0.36,1.52,-0.22,3.32,,,,1,9,Top,158.63,70.03,,,,,-2.0875010858612173,-137.79354232683892,-6.195877229609566,-4.058501238826745,32.24786907544006,-11.676864674165923,3.76,1.75,331.0,92.1,26.0,93.6,2412.0,5.7,634168,624431,663993,669256,518586,643396,641432,666969,608336,54.76,0.129,0.163,0.0,1.0,0.0,0.0,3.0,55,1,4-Seam Fastball,0,2,2,0,2,0,2,0,Strategic,Standard,192.0,0.006,-0.259,,,0.273,0.259,92.1,-2,2,0.084,0.916,27,29,28,29,1,3,1.0,1.0,2.0,1.0,1.03,0.36,0.36,62.6,,,,,
FF,2021-05-18,91.5,-1.48,6.08,"Judge, Aaron",592450,592314,single,hit_into_play,,,,,5.0,Aaron Judge singles on a sharp line drive to center fielder Adolis Garcia.,R,R,R,TEX,NYY,X,8.0,line_drive,2,1,2021,-1.09,1.27,-0.05,2.8,,,,1,4,Top,124.84,91.44,,,,,5.941940928845342,-133.0388554912647,-5.114603401839036,-14.170537908730196,28.758406737527345,-16.218081053611975,3.76,1.75,152.0,108.2,7.0,91.3,2164.0,6.2,634067,641680,663993,669256,628451,643396,641432,666969,608336,54.29,0.726,0.689,0.9,1.0,1.0,0.0,4.0,27,4,4-Seam Fastball,3,0,0,3,0,3,0,3,Standard,Standard,213.0,-0.022,0.365,,,0.843,-0.365,108.2,3,-3,0.833,0.167,29,29,30,29,2,1,5.0,1.0,5.0,1.0,1.46,1.09,1.09,44.3,,,,,
SI,2021-05-18,94.2,-1.22,5.68,"Judge, Aaron",592450,676969,single,hit_into_play,,,,,7.0,Aaron Judge singles on a ground ball to left fielder Willie Calhoun.   Brett Gardner to 3rd.,R,R,R,TEX,NYY,X,7.0,ground_ball,2,2,2021,-1.32,0.24,-0.38,1.76,,458731.0,,0,9,Top,75.52,111.68,,,,,5.0312504132343445,-137.02622228440254,-4.948986832556718,-17.76948800355964,31.27737783377063,-28.172030925560808,3.76,1.75,12.0,107.8,-8.0,93.0,2126.0,5.7,634067,641680,663993,669256,628451,643396,641432,666969,608336,54.84,0.323,0.352,0.9,1.0,1.0,0.0,2.0,71,5,Sinker,4,6,6,4,6,4,6,4,Standard,Standard,223.0,-0.019,0.563,,,0.33,-0.563,107.8,-2,2,0.055,0.945,23,29,24,29,1,4,4.0,1.0,7.0,1.0,2.33,1.32,1.32,28.1,,,,,
SL,2021-05-18,83.0,-1.87,5.99,"Judge, Aaron",592450,592314,grounded_into_double_play,hit_into_play,,,,,5.0,"Aaron Judge grounds into a double play, second baseman Nick Solak to first baseman Nate Lowe.   Brett Gardner out at 2nd.    Aaron Judge out at 1st.",R,R,R,TEX,NYY,X,4.0,ground_ball,0,1,2021,0.72,0.0,0.13,2.59,,,458731.0,1,1,Top,129.1,137.9,,,,,3.1656026875995096,-120.90119306843522,-1.3179664377976028,6.453574681806227,23.316571527812147,-32.15270426441677,3.76,1.75,61.0,105.7,1.0,82.9,2518.0,6.1,634067,641680,663993,669256,628451,643396,641432,666969,608336,54.39,0.482,0.45,0.0,1.0,0.0,0.0,4.0,3,2,Slider,0,0,0,0,0,0,0,0,Standard,Standard,115.0,0.046,-0.285,,,0.536,0.285,105.7,0,0,0.502,0.498,29,29,30,29,1,0,5.0,1.0,5.0,1.0,3.3,-0.72,-0.72,38.4,,,,,
CH,2021-05-18,83.8,2.23,5.58,"Judge, Aaron",592450,663465,field_out,hit_into_play,,,,,14.0,"Aaron Judge grounds out, shortstop Isiah Kiner-Falefa to first baseman Nate Lowe.",R,R,L,TEX,NYY,X,6.0,ground_ball,1,2,2021,1.25,1.18,0.71,1.51,,,,0,5,Top,107.87,166.6,,,,,-5.905880202389874,-121.89153696945472,-5.252961419732963,13.599800370133789,24.213796093522543,-19.608269368385315,3.76,1.75,40.0,81.0,1.0,83.0,1586.0,5.8,634067,641680,663993,669256,628451,643396,641432,666969,608336,54.73,0.222,0.218,0.0,1.0,0.0,0.0,2.0,39,5,Changeup,3,5,5,3,5,3,5,3,Infield shade,Standard,127.0,0.013,-0.194,,,0.258,0.194,88.0,-2,2,0.254,0.746,23,29,24,29,1,2,3.0,1.0,4.0,1.0,2.08,1.25,-1.25,44.9,,,,,
SL,2021-05-18,88.1,0.24,6.57,"Judge, Aaron",592450,621056,field_out,hit_into_play,,,,,9.0,Aaron Judge flies out to center fielder Adolis Garcia.,R,R,R,TEX,NYY,X,8.0,fly_ball,1,2,2021,0.54,0.44,0.67,2.15,,,,0,7,Top,134.1,46.71,,,,,-0.0748213143219264,-128.30205457878216,-5.535845887399235,5.994963680493167,25.81571794231224,-26.38016054629457,3.76,1.75,377.0,98.8,31.0,87.5,2748.0,5.8,634067,641680,663993,669256,628451,643396,641432,666969,608336,54.71,0.4431666666666667,0.8579000000000003,0.0,1.0,0.0,0.0,6.0,56,4,Slider,4,6,6,4,6,4,6,4,Standard,Standard,141.0,0.012,-0.194,,,1.6825333333333334,0.194,98.8,-2,2,0.189,0.8109999999999999,27,29,28,29,1,3,3.0,1.0,1.0,1.0,2.48,-0.54,-0.54,60.0,,,,,
SL,2021-05-17,85.4,-0.8,6.12,"Judge, Aaron",592450,543475,force_out,hit_into_play,,,,,5.0,"Aaron Judge grounds into a force out, shortstop Isiah Kiner-Falefa to second baseman Nick Solak.   DJ LeMahieu out at 2nd.",R,R,R,TEX,NYY,X,6.0,ground_ball,3,1,2021,0.48,-0.09,-0.13,2.56,,,518934.0,2,3,Top,112.48,152.28,,,,,0.621667025123656,-124.58796783517693,-2.0550498189035356,4.912327637145395,21.89936189655081,-32.89912515473921,3.76,1.75,38.0,101.5,-2.0,86.7,2723.0,6.7,634099,624431,663993,669256,518586,643396,641432,666969,608336,53.82,0.378,0.404,0.0,1.0,0.0,0.0,2.0,23,5,Slider,3,1,1,3,1,3,1,3,Standard,Standard,104.0,0.033,-0.396,,,0.446,0.396,101.5,2,-2,0.731,0.269,30,29,31,29,2,1,6.0,1.0,5.0,1.0,3.16,-0.48,-0.48,48.4,,,,,
SL,2021-05-17,89.0,-1.64,6.42,"Judge, Aaron",592450,622250,field_out,hit_into_play,,,,,5.0,Aaron Judge lines out to third baseman Charlie Culberson.,R,R,R,TEX,NYY,X,5.0,line_drive,0,0,2021,0.09,0.1,0.15,2.62,,,,2,8,Top,94.54,154.45,,,,,4.188359713956832,-129.59835498791534,-3.5072223802836127,0.1395566755374937,26.64644456610595,-30.530968413240988,3.76,1.75,140.0,86.0,9.0,88.6,2226.0,6.0,634099,624431,663993,669256,518586,643396,641432,666969,608336,54.54,0.474,0.427,0.0,1.0,0.0,0.0,4.0,60,1,Slider,5,2,2,5,2,5,2,5,Strategic,Standard,147.0,0.006,-0.269,,,0.483,0.269,88.0,3,-3,0.966,0.034,27,29,28,29,1,3,2.0,1.0,3.0,1.0,2.77,-0.09,-0.09,44.4,,,,,
FF,2021-05-16,92.5,0.33,6.29,"Judge, Aaron",592450,669145,field_out,hit_into_play,,,,,11.0,"Aaron Judge grounds out softly, third baseman Maikel Franco to first baseman Ryan Mountcastle.",R,R,L,BAL,NYY,X,5.0,ground_ball,1,1,2021,0.56,1.31,-0.95,3.05,,,518934.0,2,5,Top,106.19,158.94,,,,,-4.472496885377072,-134.60479108024563,-5.336985910358977,7.687498226022198,27.13444948326498,-15.209531321679854,3.76,1.75,5.0,62.3,-31.0,92.6,2355.0,6.2,634086,600474,663624,642162,596748,520471,669720,656775,663630,54.34,0.058,0.078,0.0,1.0,0.0,0.0,2.0,43,3,4-Seam Fastball,6,5,5,6,5,6,5,6,Standard,Standard,157.0,0.03,-0.255,,,0.059,0.255,88.0,1,-1,0.678,0.3219999999999999,26,29,26,29,2,2,14.0,1.0,6.0,1.0,1.33,0.56,-0.56,49.7,,,,,
CH,2021-05-16,85.9,1.07,6.03,"Judge, Aaron",592450,669145,home_run,hit_into_play,,,,,6.0,Aaron Judge homers (12) on a fly ball to left center field.,R,R,L,BAL,NYY,X,,fly_ball,3,1,2021,1.61,0.69,0.33,2.79,,,,1,3,Top,63.15,30.62,,,,,-4.955851930611309,-124.88781161609997,-2.7314986006318187,17.786294265169314,26.95335945517387,-24.64590012605856,3.76,1.75,443.0,114.7,24.0,85.0,2209.0,5.9,634086,600474,663624,642162,596748,520471,669720,656775,663630,54.56,0.9963333333333332,2.0,2.0,1.0,0.0,3.0,6.0,22,5,Changeup,2,4,4,2,5,2,5,2,Standard,Standard,121.0,-0.079,1.402,,,3.923666666666667,-1.402,114.7,-2,2,0.298,0.702,26,29,26,29,1,1,14.0,1.0,6.0,1.0,2.42,1.61,-1.61,40.7,,,,,
SL,2021-05-16,84.0,-1.6,6.08,"Judge, Aaron",592450,592644,single,hit_into_play,,,,,3.0,Aaron Judge singles on a line drive to left fielder Austin Hays.   DJ LeMahieu to 3rd.    Luke Voit to 2nd.,R,R,R,BAL,NYY,X,7.0,line_drive,2,2,2021,0.38,0.35,0.82,3.7,,518934.0,572228.0,0,1,Top,81.7,90.92,,,,,4.835894802571815,-122.39123817059075,0.1347055666255043,2.923966671123489,23.11835818628868,-28.831615217563577,3.76,1.75,249.0,89.0,15.0,83.8,2500.0,6.0,634086,600474,663624,642162,596748,520471,669720,656775,663630,54.5,0.964,0.926,0.9,1.0,1.0,0.0,4.0,3,5,Slider,0,0,0,0,0,0,0,0,Standard,Standard,142.0,-0.075,0.508,,,1.142,-0.508,89.0,0,0,0.415,0.585,29,29,30,29,1,0,2.0,1.0,3.0,1.0,2.86,-0.38,-0.38,44.9,,,,,
FF,2021-05-15,94.7,-1.33,5.88,"Judge, Aaron",592450,605347,home_run,hit_into_play,,,,,3.0,Aaron Judge homers (11) on a fly ball to left center field. DJ LeMahieu scores.,R,R,R,BAL,NYY,X,,fly_ball,0,2,2021,-0.67,1.54,0.46,3.57,,,518934.0,2,2,Top,72.3,52.77,,,,,6.170210213941388,-137.61475774502065,-3.723388079417744,-10.00623459736576,34.242844249793336,-12.073277994168976,3.76,1.75,385.0,96.6,29.0,94.3,2014.0,6.4,634104,642082,641820,642162,547004,520471,669720,656775,621466,54.11,0.3434999999999999,0.6229444444444445,2.0,1.0,0.0,3.0,5.0,15,4,4-Seam Fastball,0,3,3,0,5,0,5,0,Standard,Standard,219.0,-0.122,2.336,,,1.215611111111111,-2.336,96.6,-3,3,0.244,0.756,28,29,28,29,2,1,5.0,1.0,6.0,1.0,1.03,0.67,0.67,41.7,,,,,
FF,2021-05-15,93.4,2.54,5.74,"Judge, Aaron",592450,669211,field_out,hit_into_play,,,,,7.0,Aaron Judge lines out sharply to center fielder Cedric Mullins.,R,R,L,BAL,NYY,X,8.0,line_drive,0,2,2021,1.2,1.45,-0.46,2.0,,,,0,5,Top,114.5,42.17,,,,,-10.281205144827457,-135.3448415809239,-6.907256933015682,17.19392753625634,33.671275948510136,-12.99358788434706,3.76,1.75,388.0,104.7,21.0,92.0,2413.0,6.0,634104,642082,641820,642162,547004,520471,669720,656775,621466,54.47,0.6547592592592594,1.1137592592592596,0.0,1.0,0.0,0.0,6.0,35,3,4-Seam Fastball,0,5,5,0,5,0,5,0,Standard,Standard,138.0,0.003,-0.169,,,2.0911111111111107,0.169,104.7,-5,5,0.066,0.934,26,29,26,29,1,2,3.0,1.0,5.0,1.0,1.22,1.2,-1.2,41.9,,,,,
FF,2021-05-15,95.2,-2.17,6.16,"Judge, Aaron",592450,542888,single,hit_into_play,,,,,1.0,Aaron Judge singles on a line drive to center fielder Austin Hays.,R,R,R,BAL,NYY,X,8.0,line_drive,1,2,2021,-0.38,1.34,-0.56,3.51,,,,1,9,Top,116.13,85.58,,,,,5.118097491469192,-138.43995701534988,-4.31048784701389,-6.156611280253726,33.73309532060481,-14.198655544675544,3.76,1.75,197.0,91.3,13.0,95.3,2520.0,6.6,634104,642082,663624,642162,547004,602104,663630,669720,621466,53.89,0.907,0.856,0.9,1.0,1.0,0.0,4.0,67,4,4-Seam Fastball,1,8,8,1,8,1,8,1,Standard,Standard,196.0,0.0,0.493,,,1.054,-0.493,91.3,-7,7,0.001,0.999,30,29,31,29,1,4,3.0,1.0,3.0,1.0,1.19,0.38,0.38,48.3,,,,,
FF,2021-05-14,94.3,-1.66,6.09,"Judge, Aaron",592450,665152,home_run,hit_into_play,,,,,5.0,Aaron Judge homers (10) on a fly ball to right center field.,R,R,R,BAL,NYY,X,,fly_ball,2,1,2021,-0.94,1.59,-0.01,2.95,,,,0,4,Top,187.44,56.85,,,,,6.378589506515733,-137.01176916210096,-5.94466648847765,-13.291622161983229,33.363027763961576,-11.056553448530224,3.76,1.75,383.0,105.3,29.0,93.8,2451.0,6.3,634146,600474,641820,642162,596748,520471,669720,656775,621466,54.16,0.8357291666666667,1.6577916666666663,2.0,1.0,0.0,3.0,6.0,23,4,4-Seam Fastball,1,1,1,1,2,1,2,1,Standard,Standard,212.0,-0.119,1.068,,,3.305708333333334,-1.068,105.3,0,0,0.496,0.504,25,29,25,29,2,1,5.0,1.0,6.0,1.0,1.0,0.94,0.94,46.3,,,,,
CU,2021-05-14,80.4,-2.21,5.98,"Judge, Aaron",592450,664042,field_out,hit_into_play,,,,,4.0,Aaron Judge flies out sharply to center fielder Cedric Mullins.,R,R,R,BAL,NYY,X,8.0,fly_ball,2,2,2021,1.07,-1.05,-0.51,2.6,,,,0,8,Top,164.02,56.51,,,,,1.7135804584589724,-116.94639529333598,1.260903338449622,9.414124487220633,24.690043994494435,-42.25565992210345,3.76,1.75,364.0,101.4,39.0,79.5,2754.0,6.0,634146,600474,641820,642162,596748,520471,669720,656775,621466,54.52,0.269,0.529,0.0,1.0,0.0,0.0,5.0,59,5,Curveball,4,5,5,4,5,4,5,4,Standard,Standard,53.0,0.021,-0.241,,,1.052,0.241,101.4,-1,1,0.257,0.743,27,29,27,29,1,3,4.0,1.0,4.0,1.0,4.62,-1.07,-1.07,44.8,,,,,
CU,2021-05-14,76.5,-1.71,6.17,"Judge, Aaron",592450,665152,home_run,hit_into_play,,,,,13.0,Aaron Judge homers (9) on a fly ball to left field.,R,R,R,BAL,NYY,X,,fly_ball,2,2,2021,0.65,-1.54,-1.02,2.58,,,,2,1,Top,43.57,67.18,,,,,0.2842130890559214,-111.30574589278694,2.343996991699216,5.222583801221771,23.93068354060602,-45.52688798653853,3.76,1.75,383.0,103.8,24.0,75.5,2396.0,6.0,634146,600474,641820,642162,596748,520471,669720,656775,621466,54.46,0.7456621621621625,1.3921081081081086,2.0,1.0,0.0,3.0,6.0,3,5,Curveball,0,0,0,0,1,0,1,0,Strategic,Standard,26.0,-0.101,2.628,,,2.7215270270270273,-2.628,103.8,0,0,0.539,0.4609999999999999,25,29,25,29,1,0,5.0,1.0,6.0,1.0,5.5,-0.65,-0.65,51.5,,,,,
CU,2021-05-13,73.0,1.5,5.83,"Judge, Aaron",592450,448179,double,hit_into_play,,,,,5.0,Aaron Judge doubles (5) on a sharp line drive to left fielder Randy Arozarena.,R,R,L,TB,NYY,X,7.0,line_drive,0,2,2021,-1.42,-1.27,0.14,2.57,,,,0,6,Top,41.63,87.86,,,,,-0.3029588109473909,-105.94863417317964,3.2907471987791457,-10.329197237587918,24.228136206044137,-42.54508897014441,3.76,1.75,241.0,110.0,14.0,71.9,2748.0,6.4,634126,607345,650490,664040,670712,621563,668227,621433,622534,54.09,0.74,0.797,1.25,1.0,1.0,1.0,6.0,44,3,Curveball,4,0,0,4,0,4,0,4,Standard,Strategic,318.0,-0.049,0.814,,,1.154,-0.814,110.0,4,-4,0.924,0.0759999999999999,41,29,41,29,3,2,6.0,1.0,7.0,1.0,5.69,-1.42,1.42,46.0,,,,,
SL,2021-05-13,81.6,-2.18,4.95,"Judge, Aaron",592450,545343,field_out,hit_into_play,,,,,8.0,Aaron Judge flies out to center fielder Brett Phillips.,R,R,R,TB,NYY,X,8.0,fly_ball,1,1,2021,0.88,-0.17,0.27,2.23,,,,2,8,Top,122.45,90.93,,,,,3.852920343506535,-118.7991019020156,0.8404394325969966,7.4830440732111105,24.71529832281683,-34.169040267360614,3.76,1.75,270.0,77.0,37.0,81.8,2601.0,6.6,634126,607345,656821,664040,670712,621563,668227,621433,622534,53.91,0.079,0.072,0.0,1.0,0.0,0.0,3.0,63,3,Slider,7,0,0,7,0,7,0,7,Infield shift,Standard,55.0,0.0,-0.258,,,0.095,0.258,88.0,7,-7,0.999,0.001,31,29,31,29,1,3,1.0,1.0,7.0,1.0,3.61,-0.88,-0.88,31.9,,,,,
FF,2021-05-13,91.0,1.4,6.05,"Judge, Aaron",592450,448179,field_out,hit_into_play,,,,,5.0,Aaron Judge flies out to right fielder Manuel Margot.,R,R,L,TB,NYY,X,9.0,fly_ball,1,2,2021,0.76,1.64,-0.02,3.04,,,519317.0,1,1,Top,186.21,96.23,,,,,-5.240200692590292,-132.36483405754652,-5.161966790403159,10.073140867397775,30.59979829431338,-11.995029416148064,3.76,1.75,295.0,92.4,45.0,91.3,2431.0,6.7,634126,607345,650490,664040,670712,621563,668227,621433,622534,53.79,0.011,0.015,0.0,1.0,0.0,0.0,3.0,3,4,4-Seam Fastball,0,0,0,0,0,0,0,0,Standard,Standard,159.0,0.021,-0.185,,,0.02,0.185,92.4,0,0,0.505,0.495,41,29,41,29,1,0,6.0,1.0,7.0,1.0,1.13,0.76,-0.76,46.7,,,,,
FC,2021-05-12,82.8,3.25,4.94,"Judge, Aaron",592450,642232,single,hit_into_play,,,,,12.0,Aaron Judge singles on a sharp ground ball to right fielder Manuel Margot.,R,R,L,TB,NYY,X,9.0,ground_ball,2,2,2021,-0.16,0.8,1.0,3.57,,,,2,4,Top,160.61,123.75,,,,,-4.90231769694379,-120.531258944864,1.8196249364046544,-0.6390326854654008,23.312033123300836,-24.934546864422323,3.76,1.75,55.0,101.3,-1.0,83.9,2247.0,7.0,634210,572287,650490,664040,621563,642715,640457,621433,622534,53.53,0.416,0.395,0.9,1.0,1.0,0.0,4.0,22,5,Cutter,0,0,0,0,0,0,0,0,Standard,Standard,185.0,-0.016,0.347,,,0.484,-0.347,101.3,0,0,0.548,0.4519999999999999,29,29,30,29,1,1,7.0,1.0,7.0,1.0,2.52,-0.16,0.16,17.1,,,,,
SL,2021-05-12,82.4,-2.1,4.88,"Judge, Aaron",592450,545343,single,hit_into_play,,,,,14.0,Aaron Judge singles on a line drive to center fielder Brett Phillips.,R,R,R,TB,NYY,X,8.0,line_drive,3,2,2021,1.05,-0.38,1.05,2.26,,,,1,9,Top,110.0,89.0,,,,,5.11515054854396,-119.83339852721444,1.3612163134808288,9.058087737902158,24.49220221394388,-36.29485486465068,3.76,1.75,201.0,78.3,15.0,82.3,2948.0,6.4,634210,572287,650490,664040,621563,642715,640457,621433,622534,54.14,0.756,0.695,0.9,1.0,1.0,0.0,4.0,58,7,Slider,0,1,1,0,1,0,1,0,Infield shift,Strategic,60.0,-0.014,0.338,,,0.832,-0.338,88.0,-1,1,0.178,0.8220000000000001,31,29,31,29,1,3,12.0,1.0,1.0,1.0,3.75,-1.05,-1.05,33.5,,,,,
ST,2021-05-12,80.5,-1.96,5.25,"Judge, Aaron",592450,543521,field_out,hit_into_play,,,,,14.0,"Aaron Judge grounds out, shortstop Willy Adames to first baseman Yandy Diaz.",R,R,R,TB,NYY,X,6.0,ground_ball,2,2,2021,1.42,-0.14,0.33,1.39,,,,2,1,Top,116.87,141.27,,,,,2.3975110999307647,-117.17922001343926,-1.4965612163072053,12.3734840502568,26.29615414369001,-33.3935651589314,3.76,1.75,2.0,86.2,-28.0,80.9,2828.0,7.0,634210,572287,650490,664040,621563,642715,640457,621433,622534,53.53,0.074,0.07,0.0,1.0,0.0,0.0,2.0,3,5,Sweeper,0,0,0,0,0,0,0,0,Standard,Standard,47.0,0.009,-0.236,,,0.098,0.236,88.0,0,0,0.539,0.4609999999999999,34,29,34,29,1,0,6.0,1.0,4.0,1.0,3.71,-1.42,-1.42,27.2,,,,,
SL,2021-05-12,79.1,-3.46,3.71,"Judge, Aaron",592450,657044,single,hit_into_play,,,,,8.0,Aaron Judge singles on a line drive to left fielder Austin Meadows.,R,R,R,TB,NYY,X,7.0,line_drive,1,2,2021,1.35,0.93,0.14,1.94,,,,0,7,Top,87.45,82.76,,,,,5.387946420898084,-115.0384979835824,1.3271316106629627,10.72158743033683,24.2055764581291,-24.547002077204663,3.76,1.75,255.0,81.8,19.0,79.5,2100.0,6.9,634210,572287,650490,664040,621563,642715,640457,621433,622534,53.58,0.899,0.856,0.9,1.0,1.0,0.0,4.0,42,4,Slider,0,0,0,0,0,0,0,0,Standard,Standard,87.0,-0.069,0.525,,,1.043,-0.525,88.0,0,0,0.51,0.49,29,29,29,29,1,2,3.0,1.0,4.0,1.0,2.76,-1.35,-1.35,-7.3,,,,,
CH,2021-05-11,82.2,2.67,5.3,"Judge, Aaron",592450,676596,single,hit_into_play,,,,,14.0,Aaron Judge singles on a line drive to center fielder Brett Phillips.   Giancarlo Stanton to 3rd.,R,R,L,TB,NYY,X,8.0,line_drive,1,2,2021,1.38,0.15,1.02,1.75,,519317.0,,0,8,Top,143.1,71.47,,,,,-6.476531820166638,-119.41155171722208,-1.7102726633725358,14.5015129761928,25.29951769424422,-30.638720625249384,3.76,1.75,268.0,96.9,12.0,82.5,1517.0,6.8,634169,572287,650490,664040,621563,642715,668227,621433,622534,53.7,0.945,0.915,0.9,1.0,1.0,0.0,4.0,55,4,Changeup,1,3,3,1,3,1,3,1,Standard,Standard,113.0,-0.036,0.584,,,1.119,-0.584,96.9,-2,2,0.108,0.892,25,29,25,29,2,3,5.0,2.0,5.0,1.0,3.26,1.38,-1.38,31.1,,,,,
SL,2021-05-11,87.0,-1.78,5.7,"Judge, Aaron",592450,672715,field_out,hit_into_play,,,,,14.0,Aaron Judge lines out to left fielder Randy Arozarena.,R,R,R,TB,NYY,X,7.0,line_drive,3,2,2021,0.78,0.92,0.67,1.62,519317.0,,,1,3,Top,79.59,98.43,,,,,4.3540520401407115,-126.57221613945708,-5.5046530929703,7.303168989247402,28.862211864371705,-21.392712627536945,3.76,1.75,276.0,88.3,16.0,88.0,2628.0,7.2,634169,572287,650490,670712,656821,642715,668227,621433,622534,53.31,0.91,0.862,0.0,1.0,0.0,0.0,4.0,18,6,Slider,0,2,2,0,2,0,2,0,Infield shift,Standard,99.0,0.051,-0.088,,,1.064,0.088,88.3,-2,2,0.245,0.755,21,29,22,29,2,1,7.0,2.0,7.0,1.0,2.13,-0.78,-0.78,50.6,,,,,
SI,2021-05-11,92.3,2.5,5.61,"Judge, Aaron",592450,676596,field_out,hit_into_play,,,,,6.0,"Aaron Judge grounds out sharply, second baseman Mike Brosseau to first baseman Yandy Diaz.",R,R,L,TB,NYY,X,4.0,ground_ball,3,0,2021,1.67,0.39,0.45,2.45,,,,1,6,Top,120.76,131.52,,,,,-8.818330217210761,-134.13935946806805,-3.0154231922884875,22.10563470582436,30.625271928925617,-27.005815449699007,3.76,1.75,9.0,116.1,-14.0,91.9,1858.0,6.2,634169,572287,650490,670712,656821,642715,668227,621433,622534,54.26,0.29,0.282,0.0,1.0,0.0,0.0,2.0,39,4,Sinker,1,2,2,1,2,1,2,1,Infield shade,Standard,123.0,0.035,-0.518,,,0.311,0.518,116.1,-1,1,0.349,0.651,25,29,25,29,1,2,5.0,2.0,5.0,1.0,2.31,1.67,-1.67,34.8,,,,,
FF,2021-05-11,94.7,-1.61,5.87,"Judge, Aaron",592450,672715,home_run,hit_into_play,,,,,1.0,Aaron Judge homers (8) on a fly ball to center field.,R,R,R,TB,NYY,X,,fly_ball,0,0,2021,-0.44,1.62,-0.55,3.38,,,,2,1,Top,145.58,30.38,,,,,3.8145529929958544,-137.92452324789255,-4.501855198202584,-6.489147543173851,30.709635712354025,-10.688480039634513,3.76,1.75,419.0,106.4,24.0,96.1,2493.0,7.1,634169,572287,650490,670712,656821,642715,668227,621433,622534,53.44,0.8463818181818186,1.627781818181818,2.0,1.0,0.0,3.0,6.0,3,1,4-Seam Fastball,0,0,0,0,1,0,1,0,Infield shade,Standard,192.0,-0.1,2.595,,,3.2016545454545455,-2.595,106.4,0,0,0.538,0.4619999999999999,21,29,22,29,1,0,7.0,2.0,7.0,1.0,0.92,0.44,0.44,50.3,,,,,
SL,2021-05-08,87.1,-3.51,5.09,"Judge, Aaron",592450,453286,field_out,hit_into_play,,,,,9.0,"Aaron Judge grounds out, shortstop Trea Turner to first baseman Ryan Zimmerman.",R,R,R,NYY,WSH,X,6.0,ground_ball,2,2,2021,0.17,0.26,0.55,1.77,,,,0,7,Bot,114.31,165.7,,,,,9.41159365806894,-126.543179613318,-2.336762214945575,-0.047200780304656,24.709121651788397,-29.101939264562624,3.76,1.75,9.0,74.2,-10.0,87.3,2478.0,6.4,634221,488671,475582,543281,516770,607208,656941,645302,665742,54.11,0.058,0.075,0.0,1.0,0.0,0.0,2.0,50,5,Slider,1,2,1,2,2,1,1,2,Standard,Standard,163.0,-0.043,-0.241,,,0.061,0.241,88.0,-1,-1,0.359,0.359,36,29,37,29,3,2,6.0,1.0,6.0,1.0,2.74,-0.17,-0.17,21.9,,,,,
SI,2021-05-08,93.6,2.54,6.13,"Judge, Aaron",592450,543272,single,hit_into_play,,,,,9.0,"Aaron Judge singles on a fly ball to right fielder Juan Soto, deflected by first baseman Ryan Zimmerman.   DJ LeMahieu to 3rd.",R,R,L,NYY,WSH,X,3.0,fly_ball,1,0,2021,1.74,0.96,0.6,1.88,,518934.0,,1,9,Bot,179.9,135.36,,,,,-8.734786095002047,-135.76744622030287,-7.199892500402904,23.481059570269036,33.054861962381494,-18.798870301078157,3.76,1.75,186.0,70.4,50.0,92.1,2482.0,5.8,634221,488671,475582,543281,516770,607208,656941,645302,665742,54.67,0.186,0.199,0.9,1.0,1.0,0.0,3.0,65,2,Sinker,1,2,1,2,2,1,1,2,Standard,Standard,135.0,0.17,0.515,,,0.257,-0.515,88.0,-1,-1,0.295,0.295,31,29,31,29,1,3,2.0,1.0,1.0,1.0,1.68,1.74,-1.74,37.6,,,,,
SL,2021-05-07,79.7,2.19,6.35,"Judge, Aaron",592450,571578,field_out,hit_into_play,,,,,6.0,Aaron Judge flies out to right fielder Yadiel Hernandez.,R,R,L,NYY,WSH,X,9.0,fly_ball,0,0,2021,-0.17,0.23,0.32,2.47,,,,1,6,Bot,171.45,122.8,,,,,-3.8089096511573266,-115.98211081257487,-2.1884973459824817,-0.7965225521124466,23.310979766935446,-29.862598782848323,3.76,1.75,222.0,83.5,48.0,80.1,2343.0,6.7,634234,543228,605137,543281,516770,607208,656941,645302,628450,53.76,0.022,0.027,0.0,1.0,0.0,0.0,3.0,42,1,Slider,3,3,3,3,3,3,3,3,Standard,Standard,302.0,-0.025,-0.259,,,0.043,0.259,88.0,0,0,0.542,0.542,31,29,32,29,3,2,6.0,1.0,6.0,1.0,3.38,-0.17,0.17,45.7,,,,,
SI,2021-05-07,92.3,1.86,6.38,"Judge, Aaron",592450,571578,field_out,hit_into_play,,,,,9.0,"Aaron Judge grounds out sharply, second baseman Josh Harrison to first baseman Josh Bell.",R,R,L,NYY,WSH,X,4.0,ground_ball,1,1,2021,1.03,1.06,0.49,1.86,,,,1,1,Bot,130.84,144.4,,,,,-5.7482954214707025,-134.13728339848595,-8.028843605964834,13.632776338105394,29.165436191449484,-17.808264680211423,3.76,1.75,47.0,111.6,0.0,93.0,2111.0,6.8,634234,543228,605137,543281,516770,607208,656941,645302,628450,53.73,0.551,0.497,0.0,1.0,0.0,0.0,4.0,6,3,Sinker,1,0,1,0,0,1,1,0,Standard,Standard,159.0,-0.013,-0.249,,,0.598,0.249,111.6,1,1,0.625,0.625,31,29,32,29,1,0,6.0,1.0,6.0,1.0,1.62,1.03,-1.03,50.9,,,,,
SI,2021-05-06,95.3,-1.63,5.22,"Judge, Aaron",592450,621121,field_out,hit_into_play,,,,,13.0,"Aaron Judge grounds out, third baseman Alex Bregman to first baseman Yuli Gurriel.",R,R,R,NYY,HOU,X,5.0,ground_ball,1,1,2021,-1.71,0.71,-1.06,2.14,,,,0,5,Bot,100.18,160.55,,,,,5.3189512842707884,-138.65451767793513,-3.998349516678859,-23.182282934129127,33.2288831250322,-22.291753852339436,3.76,1.75,18.0,90.1,-5.0,94.8,2359.0,6.2,634224,455117,493329,514888,608324,621043,488726,664702,663656,54.33,0.236,0.231,0.0,1.0,0.0,0.0,2.0,38,3,Sinker,3,1,3,1,1,3,3,1,Infield shift,Standard,234.0,-0.014,-0.257,,,0.287,0.257,90.1,2,2,0.811,0.811,27,29,28,29,3,2,6.0,1.0,5.0,1.0,1.81,1.71,1.71,39.9,,,,,
FC,2021-05-06,94.1,-0.45,6.39,"Judge, Aaron",592450,668687,field_out,hit_into_play,,,,,5.0,"Aaron Judge grounds out sharply, third baseman Alex Bregman to first baseman Yuli Gurriel.",R,R,R,NYY,HOU,X,5.0,ground_ball,2,2,2021,0.51,1.03,-0.17,3.04,,,,1,7,Bot,91.81,154.48,,,,,-0.4155414680024484,-137.05259578748223,-5.318178366806412,6.58839745955436,28.039581503791,-18.249871295495588,3.76,1.75,26.0,105.5,-5.0,94.3,2404.0,6.2,634224,455117,493329,514888,608324,621043,488726,664702,663656,54.34,0.389,0.377,0.0,1.0,0.0,0.0,2.0,54,5,Cutter,3,2,3,2,2,3,3,2,Infield shift,Standard,170.0,-0.014,-0.225,,,0.435,0.225,105.5,1,1,0.769,0.769,26,29,26,29,1,3,2.0,1.0,2.0,1.0,1.53,-0.51,-0.51,62.3,,,,,
SI,2021-05-04,92.9,-2.36,6.13,"Judge, Aaron",592450,656232,field_out,hit_into_play,,,,,7.0,"Aaron Judge grounds out sharply, third baseman Alex Bregman to first baseman Yuli Gurriel.",R,R,R,NYY,HOU,X,5.0,ground_ball,2,2,2021,-1.25,0.96,-0.32,1.86,,519317.0,,1,5,Bot,99.22,162.07,,,,,7.84112535806837,-134.80433852463645,-7.064682317359768,-17.05870127683802,32.676477657066464,-19.04819730282933,3.76,1.75,5.0,109.9,-21.0,91.0,2516.0,5.6,634269,455117,493329,514888,608324,621043,488726,664702,663656,54.93,0.184,0.182,0.0,1.0,0.0,0.0,2.0,40,6,Sinker,3,3,3,3,3,3,3,3,Infield shift,Standard,210.0,-0.042,-0.223,,,0.201,0.223,109.9,0,0,0.589,0.589,25,29,25,29,1,2,6.0,2.0,6.0,1.0,1.72,1.25,1.25,46.1,,,,,
SI,2021-05-04,86.1,-2.56,2.96,"Judge, Aaron",592450,501925,single,hit_into_play,,,,,8.0,Aaron Judge singles on a sharp line drive to right fielder Kyle Tucker. Giancarlo Stanton to 3rd.,R,R,R,NYY,HOU,X,9.0,line_drive,0,1,2021,-1.35,-0.79,-0.16,2.37,,,519317.0,2,8,Bot,202.4,103.53,,,,,8.445514574384905,-124.8919779018238,6.5207045258650345,-15.90218388571095,26.388587070060876,-42.102073841173954,3.76,1.75,303.0,104.0,17.0,85.9,2168.0,6.5,634269,488771,493329,514888,608324,621043,488726,664702,663656,54.05,0.537,0.64,0.9,1.0,1.0,0.0,5.0,68,2,Sinker,7,3,7,3,3,7,7,3,Standard,Standard,278.0,0.002,0.377,,,1.007,-0.377,104.0,4,4,0.986,0.986,37,29,37,29,1,4,5.0,2.0,1.0,1.0,3.9,1.35,1.35,-18.1,,,,,
SI,2021-05-02,94.9,-1.64,5.97,"Judge, Aaron",592450,570632,field_out,hit_into_play,,,,,2.0,"Aaron Judge grounds out sharply, third baseman Jeimer Candelario to first baseman Miguel Cabrera.",R,R,R,NYY,DET,X,5.0,ground_ball,0,2,2021,-1.27,0.94,-0.21,3.27,,,,1,3,Bot,96.57,161.49,,,,,6.577701939209399,-138.11733251161246,-3.5102104613136733,-17.739701480743925,30.53867981803631,-19.56284190300093,3.76,1.75,7.0,101.5,-24.0,95.0,2059.0,6.3,634311,467092,408234,605612,600869,592348,668731,592444,543257,54.2,0.123,0.126,0.0,1.0,0.0,0.0,2.0,23,4,Sinker,2,0,2,0,0,2,2,0,Standard,Standard,211.0,-0.008,-0.16,,,0.125,0.16,101.5,2,2,0.745,0.745,29,29,30,29,2,1,5.0,1.0,6.0,2.0,1.59,1.27,1.27,38.8,,,,,
SI,2021-05-02,96.4,-1.84,5.93,"Judge, Aaron",592450,570632,field_out,hit_into_play,,,,,11.0,Aaron Judge lines out sharply to center fielder JaCoby Jones.,R,R,R,NYY,DET,X,8.0,line_drive,2,2,2021,-1.26,0.6,-0.88,2.87,,,519317.0,1,1,Bot,143.31,46.14,,,,,5.430009873803202,-140.36261486366055,-3.9356266767690857,-17.93126703995663,31.131168867824023,-23.52261416380193,3.76,1.75,380.0,108.0,21.0,96.6,2129.0,6.3,634311,467092,408234,605612,600869,592348,668731,592444,543257,54.18,0.8018888888888892,1.4495777777777776,0.0,1.0,0.0,0.0,6.0,6,5,Sinker,0,0,0,0,0,0,0,0,Infield shift,Standard,224.0,-0.026,-0.226,,,2.789844444444444,0.226,108.0,0,0,0.548,0.548,29,29,30,29,1,0,5.0,1.0,6.0,2.0,1.84,1.26,1.26,39.1,,,,,
SL,2021-05-01,87.1,-1.87,5.49,"Judge, Aaron",592450,605513,double,hit_into_play,,,,,5.0,Aaron Judge doubles (4) on a sharp line drive to left fielder Akil Baddoo.   DJ LeMahieu scores.,R,R,R,NYY,DET,X,7.0,line_drive,3,2,2021,0.86,-0.2,-0.12,2.75,518934.0,,,0,5,Bot,84.43,78.57,,,,,2.4385112254162613,-126.8255498405579,0.0166459872188649,8.716151124696632,27.13253695559806,-34.52083826220065,3.76,1.75,316.0,112.1,13.0,87.4,2606.0,6.5,634295,606988,570731,650489,600869,592348,668731,592444,543257,53.98,0.819,0.882,1.25,1.0,1.0,1.0,6.0,41,8,Slider,1,1,1,1,1,2,2,1,Strategic,Standard,88.0,0.077,0.573,,,1.255,-0.573,112.1,0,0,0.69,0.69,28,29,29,29,3,2,5.0,1.0,5.0,1.0,3.21,-0.86,-0.86,25.7,,,,,
SI,2021-05-01,96.2,-1.72,5.56,"Judge, Aaron",592450,605513,single,hit_into_play,,,,,11.0,Aaron Judge singles on a soft ground ball to third baseman Jeimer Candelario.   DJ LeMahieu to 2nd.,R,R,R,NYY,DET,X,5.0,ground_ball,0,1,2021,-1.31,0.68,-0.83,2.76,,,518934.0,1,3,Bot,103.44,176.87,,,,,5.352513467985924,-139.99349495866937,-3.41693413105001,-18.476406306706043,30.60624737922896,-22.611831389261553,3.76,1.75,3.0,57.7,-46.0,96.8,2224.0,6.5,634295,606988,570731,650489,600869,592348,668731,592444,543257,53.97,0.184,0.194,0.9,1.0,1.0,0.0,1.0,22,2,Sinker,0,0,0,0,0,0,0,0,Standard,Standard,219.0,0.046,0.445,,,0.19,-0.445,88.0,0,0,0.553,0.553,28,29,29,29,2,1,5.0,1.0,5.0,1.0,1.77,1.31,1.31,28.7,,,,,
FF,2021-05-01,98.0,-1.36,5.22,"Judge, Aaron",592450,542585,single,hit_into_play,,,,,6.0,Aaron Judge singles on a sharp line drive to right fielder Robbie Grossman.   Aaron Hicks scores.    Gary Sanchez scores.    Clint Frazier to 3rd.,R,R,R,NYY,DET,X,9.0,line_drive,0,1,2021,-1.13,1.24,0.39,2.95,543305.0,596142.0,640449.0,2,6,Bot,174.43,82.47,,,,,7.318602397101276,-142.6112065371161,-3.526791290073928,-17.131814770512953,32.59521367878677,-14.600604292282684,3.76,1.75,253.0,108.4,11.0,97.9,2480.0,6.2,634295,606988,570731,650489,600869,592348,668731,592444,543257,54.31,0.912,0.932,0.9,1.0,1.0,0.0,5.0,55,2,4-Seam Fastball,2,1,2,1,1,4,4,1,Standard,Standard,224.0,0.162,0.556,,,1.228,-0.556,108.4,1,1,0.749,0.749,32,29,32,29,1,3,4.0,1.0,3.0,1.0,1.13,1.13,1.13,26.8,,,,,
SL,2021-05-01,87.5,-1.81,5.53,"Judge, Aaron",592450,605513,field_out,hit_into_play,,,,,14.0,Aaron Judge flies out to center fielder JaCoby Jones.,R,R,R,NYY,DET,X,8.0,fly_ball,3,2,2021,0.65,0.13,0.88,2.26,,,518934.0,0,1,Bot,140.47,72.08,,,,,5.1896138303637835,-127.41283747486946,-2.07177069474587,6.0720045251824155,24.62429120602926,-30.53176028695531,3.76,1.75,363.0,97.2,30.0,87.9,2550.0,6.4,634295,606988,570731,650489,600869,592348,668731,592444,543257,54.1,0.3215263157894737,0.6104210526315789,0.0,1.0,0.0,0.0,5.0,6,7,Slider,0,0,0,0,0,0,0,0,Standard,Standard,114.0,-0.04,-0.34,,,1.195368421052632,0.34,97.2,0,0,0.591,0.591,28,29,29,29,1,0,5.0,1.0,5.0,1.0,2.83,-0.65,-0.65,26.6,,,,,
FF,2021-04-30,93.2,3.1,6.29,"Judge, Aaron",592450,669373,home_run,hit_into_play,,,,,5.0,Aaron Judge homers (6) on a fly ball to center field.,R,R,L,NYY,DET,X,,fly_ball,1,1,2021,0.61,1.34,-0.08,2.59,,,,0,3,Bot,142.56,23.18,,,,,-9.435215795739577,-135.28143677867743,-6.650664692420885,9.490998527095169,28.68096178137639,-14.420102781162791,3.76,1.75,436.0,111.3,26.0,92.8,2259.0,6.1,634327,467092,570731,650489,600869,592348,605612,668731,543257,54.37,0.9888,2.0,2.0,1.0,0.0,3.0,6.0,22,3,4-Seam Fastball,2,0,2,0,0,3,3,0,Standard,Standard,147.0,0.076,1.126,,,3.9309,-1.126,111.3,2,2,0.763,0.763,24,29,25,29,2,1,5.0,1.0,7.0,1.0,1.29,0.61,-0.61,46.0,,,,,
FF,2021-04-30,94.3,-0.97,5.97,"Judge, Aaron",592450,571656,home_run,hit_into_play,,,,,3.0,Aaron Judge hits a grand slam (7) to right field. Rougned Odor scores. DJ LeMahieu scores. Giancarlo Stanton scores.,R,R,R,NYY,DET,X,,fly_ball,3,2,2021,-1.08,1.48,0.59,3.73,596059.0,518934.0,519317.0,1,4,Bot,236.0,72.0,,,,,6.441935445407694,-137.1611608751415,-3.3945951039868416,-15.113303417550592,31.27626634626156,-12.971960259940897,3.76,1.75,357.0,100.0,45.0,94.0,2600.0,6.2,634327,467092,570731,650489,600869,592348,605612,668731,543257,54.31,0.044,0.075,2.0,1.0,0.0,3.0,3.0,36,8,4-Seam Fastball,4,0,4,0,0,8,8,0,Standard,Standard,221.0,0.045,0.901,,,0.15,-0.901,100.0,4,4,0.944,0.944,30,29,30,29,1,2,1.0,1.0,4.0,1.0,1.09,1.08,1.08,37.8,,,,,
FF,2021-04-30,95.9,2.74,6.46,"Judge, Aaron",592450,669373,field_out,hit_into_play,,,,,11.0,Aaron Judge lines out to left fielder Harold Castro.,R,R,L,NYY,DET,X,7.0,line_drive,2,2,2021,0.32,1.51,-1.14,2.79,,519317.0,,1,1,Bot,80.78,88.18,,,,,-10.97837384363969,-139.1526043706295,-7.511611330191165,6.515129874623372,29.873805390322698,-10.94391649559596,3.76,1.75,297.0,89.8,19.0,96.0,2384.0,6.4,634327,467092,570731,650489,600869,592348,605612,668731,543257,54.12,0.521,0.495,0.0,1.0,0.0,0.0,4.0,6,5,4-Seam Fastball,0,0,0,0,0,0,0,0,Standard,Standard,151.0,-0.031,-0.236,,,0.653,0.236,89.8,0,0,0.564,0.564,24,29,25,29,1,0,5.0,1.0,7.0,1.0,0.97,0.32,-0.32,55.7,,,,,
FC,2021-04-30,90.4,2.02,5.67,"Judge, Aaron",592450,641302,field_out,hit_into_play,,,,,11.0,"Aaron Judge grounds out, third baseman Jeimer Candelario to first baseman Jonathan Schoop.",R,R,L,NYY,DET,X,5.0,ground_ball,1,2,2021,-0.28,1.18,-0.97,3.22,,,,2,5,Bot,81.7,151.99,,,,,-6.8399760193248325,-131.68553076609322,-2.7347183812493197,-1.9667707449524297,24.97384392187794,-18.03681455542079,3.76,1.75,7.0,83.7,-24.0,90.7,2387.0,6.2,634327,467092,570731,650489,600869,592348,605612,668731,543257,54.3,0.082,0.077,0.0,1.0,0.0,0.0,2.0,48,4,Cutter,10,0,10,0,0,10,10,0,Standard,Standard,154.0,0.0,-0.188,,,0.101,0.188,88.0,10,10,0.998,0.998,26,29,27,29,1,3,1.0,1.0,4.0,1.0,1.58,-0.28,0.28,41.7,,,,,
FF,2021-04-27,92.1,0.67,6.28,"Judge, Aaron",592450,669145,home_run,hit_into_play,,,,,5.0,Aaron Judge homers (5) on a line drive to left center field.,R,R,L,BAL,NYY,X,,line_drive,1,1,2021,0.63,1.27,-0.22,2.6,,,,1,3,Top,57.35,53.69,,,,,-3.6023940260735774,-133.98444940143534,-6.190322659635604,8.419030042599625,31.570188233714187,-15.782922617809716,3.76,1.75,397.0,116.2,19.0,91.4,2355.0,6.1,634387,642082,663624,547004,596748,642162,669720,656775,621466,54.4,0.9316666666666666,1.7060000000000002,2.0,1.0,0.0,3.0,6.0,19,3,4-Seam Fastball,0,1,1,0,2,0,2,0,Strategic,Standard,149.0,-0.105,1.593,,,3.291,-1.593,116.2,-1,1,0.411,0.589,26,29,26,29,2,1,6.0,1.0,5.0,2.0,1.44,0.63,-0.63,46.8,,,,,
CH,2021-04-27,84.8,1.25,6.03,"Judge, Aaron",592450,669145,single,hit_into_play,,,,,6.0,Aaron Judge singles on a line drive to left fielder Austin Hays. DJ LeMahieu to 3rd.,R,R,L,BAL,NYY,X,7.0,line_drive,0,1,2021,1.29,0.68,0.53,2.43,,518934.0,,1,1,Top,71.57,108.17,,,,,-4.262889669019752,-123.39394065310802,-3.370049204084414,14.054085540121568,26.618834779792007,-24.762812363722283,3.76,1.75,227.0,84.9,18.0,84.5,2172.0,6.3,634387,642082,663624,547004,596748,642162,669720,656775,621466,54.24,0.885,0.825,0.9,1.0,1.0,0.0,4.0,3,2,Changeup,0,0,0,0,0,0,0,0,Standard,Standard,128.0,-0.051,0.578,,,0.989,-0.578,88.0,0,0,0.486,0.514,26,29,26,29,1,0,6.0,1.0,5.0,2.0,2.51,1.29,-1.29,42.9,,,,,
SL,2021-04-26,86.7,-2.18,6.36,"Judge, Aaron",592450,518774,double,hit_into_play,,,,,4.0,Aaron Judge doubles (3) on a sharp line drive to left fielder Austin Hays.   Giancarlo Stanton scores.,R,R,R,BAL,NYY,X,7.0,line_drive,0,2,2021,0.35,0.52,-0.36,2.48,,519317.0,,2,6,Top,47.18,121.49,,,,,3.607481611620093,-126.21233206950816,-4.078585172885058,2.93620943506584,27.058537036734418,-25.98113674967812,3.76,1.75,221.0,111.8,11.0,86.0,2542.0,5.9,634433,600474,641820,547004,596748,602104,669720,656775,621466,54.58,0.877,0.909,1.25,1.0,1.0,1.0,5.0,43,3,Slider,2,0,0,2,1,2,1,2,Standard,Standard,200.0,-0.132,1.023,,,1.233,-1.023,111.8,2,-2,0.818,0.182,32,29,32,29,3,2,6.0,1.0,5.0,1.0,2.52,-0.35,-0.35,46.0,,,,,
FF,2021-04-26,93.8,-2.07,6.29,"Judge, Aaron",592450,518774,field_out,hit_into_play,,,,,8.0,Aaron Judge flies out sharply to center fielder Cedric Mullins.,R,R,R,BAL,NYY,X,8.0,fly_ball,2,0,2021,-1.0,1.37,0.03,1.76,,,,0,4,Top,162.15,46.61,,,,,7.597262859278859,-136.1102028227384,-8.891816069156615,-14.222168808311206,32.731154084928136,-13.274652189616871,3.76,1.75,386.0,107.0,33.0,92.8,2130.0,6.1,634433,600474,641820,547004,596748,602104,669720,656775,621466,54.44,0.9055714285714288,1.8208571428571432,0.0,1.0,0.0,0.0,6.0,25,3,4-Seam Fastball,2,0,0,2,0,2,0,2,Standard,Standard,222.0,0.04,-0.389,,,3.624785714285715,0.389,107.0,2,-2,0.716,0.284,32,29,32,29,2,1,6.0,1.0,5.0,1.0,1.25,1.0,1.0,45.6,,,,,
SI,2021-04-26,92.6,-1.81,6.33,"Judge, Aaron",592450,518774,grounded_into_double_play,hit_into_play,,,,,5.0,"Aaron Judge grounds into a double play, third baseman Maikel Franco to second baseman Ramon Urias to first baseman Trey Mancini.   Giancarlo Stanton out at 2nd.    Aaron Judge out at 1st.",R,R,R,BAL,NYY,X,5.0,ground_ball,0,0,2021,-1.24,1.09,-0.11,2.85,,,519317.0,1,1,Top,93.92,163.11,,,,,7.034868417896026,-134.53864092722958,-5.399451112980737,-16.630963730007984,30.644776993989897,-18.00284564756102,3.76,1.75,5.0,89.2,-31.0,92.0,2063.0,6.1,634433,600474,641820,602104,596748,520471,669720,656775,621466,54.35,0.079,0.075,0.0,1.0,0.0,0.0,2.0,3,1,Sinker,0,0,0,0,0,0,0,0,Standard,Standard,215.0,0.05,-0.326,,,0.098,0.326,89.2,0,0,0.498,0.502,32,29,32,29,1,0,6.0,1.0,5.0,1.0,1.59,1.24,1.24,48.9,,,,,
FF,2021-04-25,91.5,-1.81,6.15,"Judge, Aaron",592450,663474,field_out,hit_into_play,,,,,11.0,Aaron Judge flies out to right fielder Jordan Luplow.,R,R,R,CLE,NYY,X,9.0,fly_ball,0,2,2021,-0.61,1.57,-0.08,3.9,,,,1,3,Top,175.16,121.34,,,,,5.752447846867604,-133.19699398776368,-3.2370157725398303,-8.460139871431991,28.46708149410884,-13.019827130753098,3.76,1.75,230.0,82.3,49.0,92.6,2260.0,6.9,634372,595978,647304,514917,608070,665926,592696,642708,656669,53.57,0.03,0.03,0.0,1.0,0.0,0.0,3.0,19,4,4-Seam Fastball,0,0,0,0,0,0,0,0,Standard,Standard,193.0,0.012,-0.16,,,0.042,0.16,88.0,0,0,0.531,0.469,23,29,24,29,2,1,8.0,1.0,6.0,1.0,1.15,0.61,0.61,49.5,,,,,
SI,2021-04-25,95.4,-1.28,6.44,"Judge, Aaron",592450,615698,field_out,hit_into_play,,,,,11.0,Aaron Judge flies out to right fielder Jordan Luplow.,R,R,R,CLE,NYY,X,9.0,fly_ball,3,1,2021,-1.19,1.13,-0.45,3.93,,,,0,7,Top,178.73,109.83,,,,,4.913847623441156,-138.93059410605127,-3.575486446877275,-16.544472271348766,29.143026148168488,-16.874959975510908,3.76,1.75,259.0,79.4,34.0,96.4,2076.0,6.7,634372,595978,647304,514917,608070,665926,592696,642708,656669,53.83,0.071,0.079,0.0,1.0,0.0,0.0,3.0,58,5,Sinker,7,3,3,7,3,7,3,7,Standard,Standard,212.0,0.027,-0.44,,,0.112,0.44,88.0,4,-4,0.929,0.0709999999999999,26,29,26,29,1,3,2.0,1.0,6.0,1.0,1.36,1.19,1.19,49.6,,,,,
FC,2021-04-25,100.3,-0.99,6.06,"Judge, Aaron",592450,661403,field_out,hit_into_play,,,,,6.0,Aaron Judge lines out sharply to right fielder Jordan Luplow.,R,R,R,CLE,NYY,X,9.0,line_drive,1,2,2021,-0.14,0.78,0.79,2.43,,,,2,9,Top,187.77,82.64,,,,,5.263053419328207,-145.96519591692643,-6.573403891330475,-3.1438541354161997,32.78543847853318,-19.754132537885145,3.76,1.75,326.0,100.3,20.0,101.0,2636.0,6.6,634372,595978,641343,514917,608070,665926,592696,642708,656669,53.91,0.388,0.62,0.0,1.0,0.0,0.0,5.0,73,4,Cutter,7,3,3,7,3,7,3,7,Strategic,Standard,181.0,0.001,-0.188,,,1.136,0.188,100.3,4,-4,0.999,0.001,23,29,23,29,1,4,2.0,1.0,1.0,1.0,1.48,0.14,0.14,51.9,,,,,
CU,2021-04-25,81.6,1.72,6.56,"Judge, Aaron",592450,656529,single,hit_into_play,,,,,5.0,Aaron Judge singles on a sharp line drive to left fielder Eddie Rosario.,R,R,L,CLE,NYY,X,7.0,line_drive,1,2,2021,-0.37,-1.27,0.24,2.52,,,,0,5,Top,101.44,92.84,,,,,-2.647333591166947,-118.82274868833316,-0.0204318831998773,-2.9281616215827784,23.747253849050736,-44.36165113953991,3.76,1.75,186.0,103.2,10.0,82.0,2380.0,6.6,634372,595978,647304,514917,608070,665926,592696,642708,656669,53.9,0.819,0.794,0.9,1.0,1.0,0.0,4.0,38,4,Curveball,4,3,3,4,3,4,3,4,Standard,Standard,332.0,-0.061,0.525,,,1.015,-0.525,103.2,1,-1,0.646,0.354,24,29,25,29,1,2,5.0,1.0,3.0,1.0,4.7,-0.37,0.37,47.3,,,,,
SL,2021-04-24,84.8,-1.25,5.54,"Judge, Aaron",592450,669456,field_out,hit_into_play,,,,,5.0,Aaron Judge lines out to center fielder Amed Rosario.,R,R,R,CLE,NYY,X,8.0,line_drive,1,0,2021,0.26,0.12,0.07,2.73,,,,1,6,Top,130.28,60.75,,,,,2.582369716115319,-123.68076620618788,-0.5725035836848933,2.2575772255757665,20.749492077845236,-31.047912021426427,3.76,1.75,343.0,96.3,22.0,85.8,2652.0,6.4,634486,547379,641343,514917,608070,665926,592696,642708,647304,54.06,0.266,0.332,0.0,1.0,0.0,0.0,3.0,39,2,Slider,1,2,2,1,2,1,2,1,Standard,Standard,89.0,0.022,-0.299,,,0.536,0.299,96.3,-1,1,0.362,0.638,26,29,26,29,3,2,6.0,1.0,6.0,1.0,3.0,-0.26,-0.26,42.4,,,,,
CU,2021-04-24,81.5,-2.9,6.01,"Judge, Aaron",592450,543766,double,hit_into_play,,,,,9.0,Aaron Judge doubles (2) on a line drive to left fielder Eddie Rosario.,R,R,R,CLE,NYY,X,7.0,line_drive,3,2,2021,0.69,-1.34,0.43,2.05,,,,1,8,Top,58.81,132.54,,,,,6.114659574856625,-118.52836480261298,0.3115179945901321,5.316992008511582,23.526258239138578,-45.08791550323128,3.76,1.75,164.0,81.1,13.0,80.9,2285.0,6.0,634486,547379,641343,514917,608070,665926,592696,642708,647304,54.48,0.605,0.545,1.25,1.0,1.0,1.0,4.0,54,8,Curveball,1,2,2,1,2,1,2,1,Standard,Standard,31.0,-0.041,0.571,,,0.656,-0.571,88.0,-1,1,0.274,0.726,33,29,34,29,1,3,2.0,1.0,2.0,1.0,4.79,-0.69,-0.69,51.1,,,,,
FF,2021-04-23,93.7,-0.92,6.44,"Judge, Aaron",592450,615698,field_out,hit_into_play,,,,,9.0,Aaron Judge lines out sharply to center fielder Amed Rosario.,R,R,R,CLE,NYY,X,8.0,line_drive,0,1,2021,-0.57,1.25,0.58,2.26,,,,0,8,Top,142.14,78.91,,,,,5.171683754181369,-136.3632239276284,-7.941635639171011,-8.160133603286456,26.932933099735276,-15.071483978569908,3.76,1.75,302.0,105.3,13.0,94.9,1953.0,6.7,634437,547379,644374,514917,608070,665926,592696,642708,656669,53.76,0.849,0.858,0.0,1.0,0.0,0.0,4.0,59,2,4-Seam Fastball,3,5,5,3,5,3,5,3,Standard,Standard,211.0,0.01,-0.227,,,1.133,0.227,105.3,-2,2,0.14,0.86,26,29,26,29,1,3,1.0,1.0,2.0,1.0,1.33,0.57,0.57,54.6,,,,,
FF,2021-04-21,95.0,-1.36,6.12,"Judge, Aaron",592450,666120,single,hit_into_play,,,,,6.0,"Aaron Judge singles on a sharp ground ball to right fielder Ehire Adrianza, deflected by first baseman Freddie Freeman.",R,R,R,NYY,ATL,X,3.0,ground_ball,1,2,2021,-0.78,1.57,0.37,2.84,,,,0,6,Bot,184.93,125.15,,,,,6.371402642366373,-138.1719097197371,-6.589109406789662,-11.402238208751866,27.979281170258712,-10.75735838674318,3.76,1.75,21.0,110.6,-6.0,96.6,2066.0,7.0,634504,518595,518692,645277,663586,621020,542303,628338,501303,53.5,0.414,0.408,0.9,1.0,1.0,0.0,2.0,45,4,4-Seam Fastball,0,2,0,2,2,0,0,2,Standard,Standard,204.0,0.069,0.525,,,0.447,-0.525,110.6,-2,-2,0.251,0.251,23,29,23,29,3,2,6.0,1.0,6.0,1.0,0.94,0.78,0.78,66.7,,,,,
CH,2021-04-21,88.0,-1.59,6.1,"Judge, Aaron",592450,666120,field_out,hit_into_play,,,,,8.0,"Aaron Judge grounds out, third baseman Austin Riley to first baseman Freddie Freeman.",R,R,R,NYY,ATL,X,5.0,ground_ball,2,2,2021,-1.11,0.82,0.06,2.19,,,,1,1,Bot,113.32,164.39,,,,,6.3901000841840165,-128.0820258259311,-5.190763214186711,-13.479626128469896,23.931699630974247,-22.305785662313237,3.76,1.75,1.0,69.0,-55.0,89.5,1743.0,7.0,634504,518595,518692,645277,663586,621020,542303,628338,501303,53.54,0.252,0.286,0.0,1.0,0.0,0.0,2.0,5,5,Changeup,0,0,0,0,0,0,0,0,Standard,Standard,213.0,-0.014,-0.225,,,0.252,0.225,88.0,0,0,0.524,0.524,23,29,23,29,1,0,6.0,1.0,6.0,1.0,2.1,1.11,1.11,67.3,,,,,
SI,2021-04-20,94.3,-1.93,5.47,"Judge, Aaron",592450,450203,field_out,hit_into_play,,,,,6.0,"Aaron Judge grounds out sharply, shortstop Dansby Swanson to first baseman Freddie Freeman.",R,R,R,NYY,ATL,X,6.0,ground_ball,3,2,2021,-1.42,0.68,0.68,2.63,,,518934.0,2,5,Bot,115.18,136.14,,,,,9.94092198959678,-137.08672689125197,-3.2321135894190904,-20.074803916025125,28.07124141682249,-23.094771760170907,3.76,1.75,19.0,115.5,-7.0,94.8,2169.0,6.4,634422,518595,518692,645277,663586,621020,542303,628338,501303,54.06,0.416,0.382,0.0,1.0,0.0,0.0,4.0,39,7,Sinker,1,1,1,1,1,1,1,1,Strategic,Strategic,234.0,-0.035,-0.314,,,0.443,0.314,115.5,0,0,0.535,0.535,37,29,38,29,3,2,6.0,2.0,6.0,1.0,1.88,1.42,1.42,27.3,,,,,
FF,2021-04-20,98.0,1.74,6.19,"Judge, Aaron",592450,554431,single,hit_into_play,,,,,1.0,Aaron Judge singles on a line drive to right fielder Ehire Adrianza.   Aaron Hicks to 3rd.    DJ LeMahieu to 2nd.,R,R,L,NYY,ATL,X,9.0,line_drive,1,2,2021,0.43,1.54,-0.56,3.19,,543305.0,518934.0,0,8,Bot,173.74,107.8,,,,,-7.214754251903744,-142.4974048963747,-6.181588250760969,7.486678059674025,32.63221810830216,-9.919188041560949,3.76,1.75,195.0,82.4,14.0,98.1,2481.0,6.4,634422,518595,518692,645277,663586,621020,542303,628338,501303,54.13,0.77,0.706,0.9,1.0,1.0,0.0,4.0,61,5,4-Seam Fastball,1,1,1,1,1,1,1,1,Standard,Strategic,148.0,0.126,0.556,,,0.858,-0.556,88.0,0,0,0.737,0.737,30,29,31,29,1,3,2.0,2.0,3.0,1.0,0.83,0.43,-0.43,51.3,,,,,
CU,2021-04-20,80.9,-2.23,5.39,"Judge, Aaron",592450,450203,field_out,hit_into_play,,,,,7.0,Aaron Judge flies out to center fielder Guillermo Heredia.,R,R,R,NYY,ATL,X,8.0,fly_ball,1,1,2021,1.53,-1.01,-0.31,1.96,,,,1,1,Bot,93.06,56.61,,,,,1.3661623682065132,-117.76960930713834,0.9929272331766223,13.877700517419806,24.542712771751994,-41.987401578961496,3.76,1.75,361.0,96.4,30.0,80.2,3005.0,6.0,634422,518595,518692,645277,663586,621020,542303,628338,501303,54.49,0.2798888888888888,0.5164444444444444,0.0,1.0,0.0,0.0,5.0,6,3,Curveball,0,0,0,0,0,0,0,0,Strategic,Standard,56.0,-0.015,-0.249,,,1.0136666666666665,0.249,96.4,0,0,0.525,0.525,37,29,38,29,1,0,6.0,2.0,6.0,1.0,4.52,-1.53,-1.53,24.3,,,,,
FC,2021-04-18,83.2,2.98,4.92,"Judge, Aaron",592450,642232,field_out,hit_into_play,,,,,5.0,Aaron Judge lines out sharply to center fielder Kevin Kiermaier.,R,R,L,NYY,TB,X,8.0,line_drive,3,1,2021,-0.27,0.47,-0.08,2.62,,,,2,3,Bot,110.18,50.68,,,,,-6.498796739132162,-121.0346689679333,0.2308732902290177,-1.5066126311682204,22.080467407611263,-27.814975038361546,3.76,1.75,369.0,105.7,20.0,83.6,2303.0,6.4,634458,572287,650490,664040,670712,621563,640457,595281,622534,54.07,0.650090909090909,1.085090909090909,0.0,1.0,0.0,0.0,6.0,24,5,Cutter,1,2,1,2,2,1,1,2,Infield shift,Standard,169.0,-0.019,-0.417,,,2.018363636363637,0.417,105.7,-1,-1,0.396,0.396,29,29,30,29,1,1,5.0,1.0,6.0,2.0,2.81,-0.27,0.27,16.9,,,,,
CU,2021-04-17,83.2,-1.74,6.38,"Judge, Aaron",592450,607192,field_out,hit_into_play,,,,,4.0,Aaron Judge flies out to center fielder Brett Phillips.,R,R,R,NYY,TB,X,8.0,fly_ball,2,2,2021,0.4,-1.56,-0.64,2.65,,,,1,1,Bot,104.09,91.77,,,,,1.7535614963395485,-121.1279307895434,1.0844903134586623,3.5071346661336733,27.275196095010923,-47.8861708393844,3.76,1.75,273.0,92.9,46.0,83.9,3101.0,7.0,634500,642336,650490,670712,621563,642715,622534,621433,668227,53.46,0.003,0.002,0.0,1.0,0.0,0.0,3.0,5,5,Curveball,0,0,0,0,0,0,0,0,Standard,Standard,24.0,-0.014,-0.225,,,0.003,0.225,92.9,0,0,0.524,0.524,27,29,28,29,1,0,5.0,1.0,6.0,1.0,4.9,-0.4,-0.4,59.4,,,,,
FC,2021-04-17,88.0,-2.05,5.48,"Judge, Aaron",592450,543521,double,hit_into_play,,,,,6.0,Aaron Judge doubles (1) on a sharp line drive to center fielder Brett Phillips.   DJ LeMahieu scores.,R,R,R,NYY,TB,X,8.0,line_drive,1,2,2021,0.23,0.39,0.71,2.52,,,518934.0,1,7,Bot,166.35,50.34,,,,,6.249730382589491,-128.15851032169812,-1.9212255230053312,1.2947363043282023,25.24320630572489,-27.72356412070734,3.76,1.75,356.0,107.9,17.0,88.7,2673.0,6.6,634500,642336,650490,670712,621563,642715,622534,621433,668227,53.95,0.4816,0.7212,1.25,1.0,1.0,1.0,6.0,55,5,Cutter,2,5,2,5,5,3,3,5,Standard,Standard,147.0,0.128,0.856,,,1.2837999999999998,-0.856,107.9,-3,-3,0.123,0.123,34,29,34,29,1,3,6.0,1.0,19.0,1.0,2.54,-0.23,-0.23,34.4,,,,,
FC,2021-04-16,90.0,-1.81,6.35,"Judge, Aaron",592450,608379,grounded_into_double_play,hit_into_play,,,,,6.0,"Aaron Judge grounds into a double play, second baseman Mike Brosseau to first baseman Yandy Diaz.   Rougned Odor out at 2nd.    Aaron Judge out at 1st.",R,R,R,NYY,TB,X,4.0,ground_ball,0,0,2021,0.07,0.83,0.39,3.0,,,596059.0,1,6,Bot,120.89,123.69,,,,,5.344593608914226,-130.9335442967438,-4.1126990293171435,-0.3621048660880925,27.220034814905908,-21.943006565031343,3.76,1.75,139.0,92.4,8.0,90.4,2159.0,6.5,634464,572287,650490,670712,621563,642715,640457,622534,668227,54.0,0.512,0.461,0.0,1.0,0.0,0.0,4.0,57,1,Cutter,0,8,0,8,8,0,0,8,Infield shift,Standard,208.0,-0.006,-0.326,,,0.564,0.326,92.4,-8,-8,0.01,0.01,29,29,30,29,3,2,5.0,2.0,5.0,1.0,1.98,-0.07,-0.07,,,,,,
FF,2021-04-16,95.9,-2.86,5.74,"Judge, Aaron",592450,519326,field_out,hit_into_play,,,,,9.0,Aaron Judge grounds out to first baseman Yandy Diaz.,R,R,R,NYY,TB,X,3.0,ground_ball,1,2,2021,-0.33,0.87,0.83,2.35,,,,0,9,Bot,156.11,152.01,,,,,10.409407989624892,-139.21208936748633,-5.28173523704767,-6.673268397285962,32.32826044804974,-19.75773172821999,3.76,1.75,93.0,79.8,5.0,95.1,2372.0,6.1,634464,572287,650490,670712,621563,642715,640457,621433,622534,54.44,0.252,0.248,0.0,1.0,0.0,0.0,2.0,75,4,4-Seam Fastball,2,8,2,8,8,2,2,8,Standard,Standard,215.0,-0.002,-0.194,,,0.258,0.194,88.0,-6,-6,0.003,0.003,32,29,33,29,1,3,2.0,2.0,3.0,1.0,1.62,0.33,0.33,,,,,,
SI,2021-04-14,92.0,-1.05,6.37,"Judge, Aaron",592450,643615,home_run,hit_into_play,,,,,5.0,Aaron Judge homers (4) on a fly ball to center field.,R,R,R,TOR,NYY,X,,fly_ball,1,1,2021,-1.32,0.71,-0.08,2.74,,,,0,4,Top,124.21,36.69,,,,,5.3574304935349595,-133.9693822403004,-5.002191789272095,-17.11468180264897,26.234745796402276,-22.72323184539596,3.76,1.75,426.0,111.9,29.0,93.0,2243.0,6.6,634513,672386,642133,543760,624415,666182,666971,545341,641943,53.88,0.989375,1.9812500000000004,2.0,1.0,0.0,3.0,6.0,27,3,Sinker,3,1,1,3,2,3,2,3,,,227.0,-0.107,1.126,,,3.954625,-1.126,111.9,2,-2,0.73,0.27,25,29,26,29,2,1,5.0,1.0,4.0,2.0,1.96,1.32,1.32,,,,,,
CH,2021-04-14,84.2,-1.02,5.59,"Judge, Aaron",592450,663423,field_out,hit_into_play,,,,,14.0,"Aaron Judge grounds out, third baseman Cavan Biggio to first baseman Rowdy Tellez.",R,R,R,TOR,NYY,X,5.0,ground_ball,1,2,2021,-0.92,0.51,0.26,1.49,,,,2,5,Top,106.73,176.08,,,,,4.777932557012301,-122.51851840976306,-4.1432756004677795,-10.250119387892193,24.083065634960704,-26.468978260464404,3.76,1.75,36.0,83.1,0.0,83.8,1512.0,6.0,634513,672386,642133,543760,624415,666182,666971,545341,641943,54.47,0.23,0.226,0.0,1.0,0.0,0.0,2.0,40,4,Changeup,3,4,4,3,4,3,4,3,Standard,Standard,299.0,0.008,-0.188,,,0.262,0.188,88.0,-1,1,0.407,0.593,27,29,28,29,1,2,2.0,1.0,3.0,2.0,2.71,0.92,0.92,,,,,,
SL,2021-04-14,85.9,-2.88,5.56,"Judge, Aaron",592450,621593,single,hit_into_play,,,,,7.0,"Aaron Judge singles on a ground ball to left fielder Lourdes Gurriel Jr. , deflected by third baseman Cavan Biggio.",R,R,R,TOR,NYY,X,5.0,ground_ball,0,2,2021,1.14,-0.47,-0.33,1.91,,,,1,8,Top,96.97,152.47,,,,,3.7545639373565103,-125.08176904210848,-1.4249718799617763,11.161046665616588,26.189359264345804,-37.06221126619281,3.76,1.75,75.0,75.6,6.0,86.5,2859.0,6.7,634513,672386,642133,543760,624415,666182,666971,545341,641943,53.76,0.249,0.245,0.9,1.0,1.0,0.0,2.0,62,3,Slider,4,4,4,4,4,4,4,4,Standard,Standard,66.0,-0.061,0.514,,,0.278,-0.514,88.0,0,0,0.559,0.4409999999999999,26,29,26,29,1,3,,1.0,3.0,2.0,3.57,-1.14,-1.14,,,,,,
FC,2021-04-14,87.6,-1.34,6.33,"Judge, Aaron",592450,643615,home_run,hit_into_play,,,,,3.0,Aaron Judge homers (3) on a fly ball to left field.,R,R,R,TOR,NYY,X,,fly_ball,3,2,2021,0.37,0.44,0.38,3.66,,,,1,1,Top,44.02,74.23,,,,,3.401356294416263,-127.65534361938016,-1.279634578176423,3.4137162015627203,25.54583598208966,-27.273768909248727,3.76,1.75,368.0,101.5,23.0,88.2,1883.0,6.5,634513,672386,642133,543760,624415,666182,666971,545341,641943,54.0,0.4845,0.8085454545454547,2.0,1.0,0.0,3.0,6.0,2,7,Cutter,0,0,0,0,1,0,1,0,Standard,Standard,150.0,-0.094,1.505,,,1.5160454545454547,-1.505,101.5,0,0,0.518,0.482,25,29,26,29,1,0,5.0,1.0,4.0,2.0,2.51,-0.37,-0.37,,,,,,
FF,2021-04-13,91.2,2.23,5.89,"Judge, Aaron",592450,547943,field_out,hit_into_play,,,,,4.0,"Aaron Judge grounds out, second baseman Marcus Semien to first baseman Vladimir Guerrero Jr.",R,R,L,TOR,NYY,X,4.0,ground_ball,2,1,2021,0.8,1.2,-0.39,2.64,,,,0,7,Top,144.98,141.27,,,,,-8.326977103331634,-132.45265541657258,-4.854539885981853,11.251896123508644,29.004857876477622,-17.20697389313152,3.76,1.75,8.0,97.9,-16.0,91.3,1997.0,6.5,634569,643376,665489,543760,624415,666182,666971,545341,641943,53.99,0.195,0.199,0.0,1.0,0.0,0.0,2.0,50,4,4-Seam Fastball,6,0,0,6,0,6,0,6,,,132.0,0.007,-0.315,,,0.213,0.315,97.9,6,-6,0.982,0.018,34,29,34,29,3,2,6.0,1.0,7.0,1.0,1.56,0.8,-0.8,41.7,,,,,
CH,2021-04-13,79.4,2.21,5.83,"Judge, Aaron",592450,547943,field_out,hit_into_play,,,,,9.0,"Aaron Judge grounds out, shortstop Bo Bichette to first baseman Vladimir Guerrero Jr.",R,R,L,TOR,NYY,X,6.0,ground_ball,2,2,2021,1.07,0.36,0.53,1.72,,,,2,4,Top,97.95,144.73,,,,,-5.698318767695935,-115.46339586547089,-2.909957635752213,10.633302172594764,21.140317694288303,-28.63754502523072,3.76,1.75,27.0,99.3,-2.0,79.6,1404.0,6.4,634569,643376,665489,543760,624415,666182,666971,545341,641943,54.08,0.378,0.365,0.0,1.0,0.0,0.0,2.0,28,6,Changeup,3,0,0,3,0,3,0,3,,,114.0,0.008,-0.236,,,0.427,0.236,99.3,3,-3,0.852,0.148,34,29,34,29,2,1,6.0,1.0,7.0,1.0,3.26,1.07,-1.07,37.3,,,,,
SL,2021-04-13,89.0,-2.47,5.92,"Judge, Aaron",592450,605447,field_out,hit_into_play,,,,,1.0,Aaron Judge flies out to right fielder Josh Palacios.,R,R,R,TOR,NYY,X,9.0,fly_ball,1,0,2021,0.37,0.46,-0.45,3.16,,,519317.0,1,8,Top,187.9,83.82,,,,,4.262465975427026,-129.7007477627586,-1.7786585791762408,3.3981794135836156,25.40381415786196,-26.778271205696058,3.76,1.75,324.0,94.4,43.0,91.0,2329.0,7.3,634569,643376,665489,543760,624415,666182,666971,545341,641943,53.25,0.014,0.023,0.0,1.0,0.0,0.0,3.0,64,2,Slider,6,3,3,6,3,6,3,6,Standard,Standard,144.0,0.035,-0.301,,,0.047,0.301,94.4,3,-3,0.92,0.0799999999999999,28,29,28,29,1,3,5.0,1.0,11.0,1.0,2.39,-0.37,-0.37,45.2,,,,,
CH,2021-04-12,87.8,2.44,6.08,"Judge, Aaron",592450,592662,field_out,hit_into_play,,,,,12.0,Aaron Judge lines out to right fielder Josh Palacios.,R,R,L,TOR,NYY,X,9.0,line_drive,2,2,2021,1.01,1.31,1.17,2.98,,,,2,1,Top,186.48,88.34,,,,,-5.177667079406103,-127.80295578637082,-4.156152171170575,12.101854008311951,25.595173289306164,-17.1050392905473,3.76,1.75,313.0,98.2,18.0,88.3,1549.0,6.5,632203,672386,665489,543760,624415,666182,666971,545341,641943,53.96,0.362,0.369,0.0,1.0,0.0,0.0,4.0,3,6,Changeup,0,0,0,0,0,0,0,0,,,136.0,0.009,-0.236,,,0.566,0.236,98.2,0,0,0.539,0.4609999999999999,29,29,30,29,1,0,,1.0,6.0,1.0,1.63,1.01,-1.01,,,,,,
CU,2021-04-12,79.6,-1.0,5.78,"Judge, Aaron",592450,663423,field_out,hit_into_play,,,,,5.0,"Aaron Judge grounds out, third baseman Cavan Biggio to first baseman Vladimir Guerrero Jr.",R,R,R,TOR,NYY,X,5.0,ground_ball,1,2,2021,0.78,-1.27,-0.1,2.46,,,,0,9,Top,85.29,154.64,,,,,0.501806066528968,-115.945818563203,1.8340564639033077,6.936020930682399,22.42420174775191,-44.154199961634085,3.76,1.75,83.0,99.2,4.0,79.4,3051.0,6.2,632203,643376,665489,543760,624415,666182,666971,545341,641943,54.33,0.49,0.441,0.0,1.0,0.0,0.0,4.0,60,4,Curveball,1,3,3,1,3,1,3,1,,,45.0,0.006,-0.194,,,0.538,0.194,99.2,-2,2,0.078,0.922,27,29,28,29,1,3,4.0,1.0,2.0,1.0,4.87,-0.78,-0.78,,,,,,
SI,2021-04-11,94.9,-0.91,5.9,"Judge, Aaron",592450,650895,field_out,hit_into_play,,,,,6.0,"Aaron Judge grounds out sharply, shortstop Willy Adames to first baseman Yoshi Tsutsugo.",R,R,R,TB,NYY,X,6.0,ground_ball,1,1,2021,-1.57,0.41,0.49,2.45,,518934.0,,2,9,Top,104.21,138.24,,,,,7.046938504844786,-137.85899636429514,-4.181538790372454,-21.62657182911004,33.58734785566628,-26.115953149439186,3.76,1.75,7.0,109.7,-19.0,93.0,2103.0,5.5,632232,572287,660294,664040,656821,642715,668227,621433,622534,55.02,0.195,0.19,0.0,1.0,0.0,0.0,2.0,70,3,Sinker,4,4,4,4,4,4,4,4,Infield shift,Standard,232.0,0.101,-0.261,,,0.22,0.261,109.7,0,0,0.538,0.4619999999999999,27,29,27,29,1,4,5.0,1.0,1.0,1.0,2.15,1.57,1.57,31.1,,,,,
FF,2021-04-11,95.2,-1.04,6.14,"Judge, Aaron",592450,641703,field_out,hit_into_play,,,,,6.0,"Aaron Judge grounds out sharply, second baseman Mike Brosseau to first baseman Yandy Diaz.",R,R,R,TB,NYY,X,4.0,ground_ball,0,0,2021,-0.75,1.05,0.64,3.05,,,,1,1,Top,116.18,138.02,,,,,6.084439559392749,-138.53851483814876,-4.836139899791835,-11.005349562468895,29.59260204508514,-17.707807344379123,3.76,1.75,11.0,105.0,-15.0,95.3,2057.0,6.2,632232,572287,650490,670712,656821,642715,664040,622534,668227,54.26,0.238,0.234,0.0,1.0,0.0,0.0,2.0,2,1,4-Seam Fastball,0,0,0,0,0,0,0,0,Infield shift,Standard,205.0,0.016,-0.259,,,0.264,0.259,105.0,0,0,0.522,0.478,26,29,26,29,1,0,,1.0,9.0,1.0,1.45,0.75,0.75,46.5,,,,,
SL,2021-04-10,81.3,2.17,6.09,"Judge, Aaron",592450,605488,single,hit_into_play,,,,,8.0,Aaron Judge singles on a sharp line drive to left fielder Austin Meadows.,R,R,L,TB,NYY,X,7.0,line_drive,3,2,2021,-0.22,-0.27,-0.2,1.98,,,,2,5,Top,43.89,90.74,,,,,-4.90536214980466,-118.386583314442,-2.114440120947798,-1.1957130891105885,22.022878185234156,-34.55570367104011,3.76,1.75,263.0,112.9,14.0,81.8,2383.0,6.5,632217,642336,650490,664040,621563,642715,640457,621433,668227,53.98,0.789,0.881,0.9,1.0,1.0,0.0,6.0,41,6,Slider,4,0,0,4,0,4,0,4,Standard,Standard,295.0,-0.008,0.236,,,1.304,-0.236,112.9,4,-4,0.924,0.0759999999999999,28,29,29,29,1,2,4.0,4.0,5.0,1.0,3.71,-0.22,0.22,51.7,,,,,
SI,2021-04-10,92.5,-1.72,5.73,"Judge, Aaron",592450,552640,field_out,hit_into_play,,,,,11.0,"Aaron Judge grounds out, second baseman Brandon Lowe to first baseman Yandy Diaz.   DJ LeMahieu to 3rd.",R,R,R,TB,NYY,X,4.0,ground_ball,0,0,2021,-1.34,0.83,-0.86,3.27,,518934.0,,1,3,Top,119.63,135.46,,,,,5.175362379387209,-134.62190500798593,-2.2875569697027696,-17.420033080089585,29.1903577193796,-21.777224027730163,3.76,1.75,83.0,90.5,4.0,93.6,2230.0,6.9,632217,642336,650490,664040,621563,642715,640457,621433,668227,53.59,0.433,0.396,0.0,1.0,0.0,0.0,4.0,22,1,Sinker,3,0,0,3,0,3,0,3,Infield shift,Standard,217.0,0.03,-0.256,,,0.471,0.256,90.5,3,-3,0.778,0.2219999999999999,31,29,31,29,1,1,4.0,4.0,5.0,1.0,1.83,1.34,1.34,41.4,,,,,
FC,2021-04-06,88.2,-1.88,5.91,"Judge, Aaron",592450,665152,field_out,hit_into_play,,,,,8.0,"Aaron Judge grounds out, shortstop Freddy Galvis to first baseman Trey Mancini.",R,R,R,NYY,BAL,X,6.0,ground_ball,1,1,2021,0.25,0.92,-0.04,2.2,,,,0,3,Bot,98.59,133.5,,,,,3.969328974453165,-128.45222003522687,-4.850582121259421,1.9586075898041393,26.321684407854416,-21.20533987948592,3.76,1.75,120.0,85.2,8.0,88.3,2537.0,6.3,634599,600474,641820,547004,596748,520471,663624,656775,623993,54.19,0.466,0.441,0.0,1.0,0.0,0.0,4.0,23,3,Cutter,1,0,1,0,0,1,1,0,Standard,Standard,176.0,-0.02,-0.257,,,0.535,0.257,88.0,1,1,0.668,0.668,25,29,25,29,2,1,,1.0,7.0,4.0,2.0,-0.25,-0.25,46.0,,,,,
FC,2021-04-06,86.6,2.92,5.55,"Judge, Aaron",592450,453281,home_run,hit_into_play,,,,,11.0,Aaron Judge homers (2) on a fly ball to left center field.   Kyle Higashioka scores.    DJ LeMahieu scores.,R,R,L,NYY,BAL,X,,fly_ball,0,1,2021,-0.05,0.88,-0.85,2.95,543309.0,,518934.0,2,8,Bot,44.7,43.31,,,,,-8.884511286926456,-125.78568028914968,-1.7607383316638274,1.2801801019283907,25.677434008652003,-22.71767929737836,3.76,1.75,432.0,110.9,27.0,86.4,2092.0,6.3,634599,600474,641820,547004,596748,520471,663624,656775,623993,54.21,0.9893333333333332,2.0,2.0,1.0,0.0,3.0,6.0,66,2,Cutter,4,0,4,0,0,7,7,0,Standard,Standard,154.0,0.011,1.588,,,3.948166666666666,-1.588,110.9,4,4,0.988,0.988,36,29,37,29,1,4,,1.0,2.0,4.0,2.18,-0.05,0.05,37.5,,,,,
FC,2021-04-06,87.9,-1.74,6.01,"Judge, Aaron",592450,592644,single,hit_into_play,,,,,8.0,Aaron Judge singles on a sharp ground ball to right fielder Anthony Santander.   Gio Urshela scores.,R,R,R,NYY,BAL,X,9.0,ground_ball,2,1,2021,0.36,0.89,0.17,2.13,570482.0,,,2,4,Bot,166.08,88.92,,,,,3.895016616733217,-127.9832033602489,-5.1384831641622855,3.1173707506365003,27.12618576700248,-21.509884266528235,3.76,1.75,127.0,110.7,5.0,87.7,2540.0,6.2,634599,600474,641820,547004,596748,520471,663624,656775,623993,54.34,0.63,0.567,0.9,1.0,1.0,0.0,4.0,36,4,Cutter,2,0,2,0,0,3,3,0,Standard,Standard,184.0,0.067,0.684,,,0.684,-0.684,110.7,2,2,0.78,0.78,29,29,30,29,1,2,3.0,1.0,4.0,4.0,2.06,-0.36,-0.36,48.4,,,,,
FF,2021-04-06,92.2,-2.07,6.04,"Judge, Aaron",592450,665152,single,hit_into_play,,,,,8.0,Aaron Judge singles on a sharp line drive to pitcher Dean Kremer.   DJ LeMahieu to 2nd.,R,R,R,NYY,BAL,X,1.0,line_drive,0,0,2021,-0.79,1.36,0.12,2.14,,,518934.0,0,1,Bot,121.07,179.92,,,,,7.266647314825336,-133.98983365842028,-7.024122219865674,-11.071232208063218,28.73787543126165,-14.424770845150576,3.76,1.75,103.0,109.9,4.0,92.1,2303.0,6.3,634599,600474,641820,547004,596748,520471,663624,656775,623993,54.23,0.614,0.567,0.9,1.0,1.0,0.0,4.0,6,1,4-Seam Fastball,0,0,0,0,0,0,0,0,Standard,Standard,212.0,0.053,0.467,,,0.688,-0.467,109.9,0,0,0.583,0.583,25,29,25,29,1,0,,1.0,7.0,4.0,1.33,0.79,0.79,46.7,,,,,
FF,2021-04-06,94.1,-1.54,6.89,"Judge, Aaron",592450,669330,field_out,hit_into_play,,,,,13.0,Aaron Judge flies out to right fielder Anthony Santander.,R,R,R,NYY,BAL,X,9.0,fly_ball,0,1,2021,-0.44,1.87,-0.9,2.69,,,,0,7,Bot,200.84,109.89,,,,,2.644417908676591,-136.70708590219672,-9.238876597263395,-6.165053877092184,32.29154552221026,-6.832653532163263,3.76,1.75,289.0,87.9,30.0,93.5,2507.0,6.2,634599,600474,641820,547004,596748,520471,663624,656775,623993,54.33,0.052,0.068,0.0,1.0,0.0,0.0,3.0,54,2,4-Seam Fastball,3,0,3,0,0,3,3,0,Standard,Standard,203.0,-0.004,-0.227,,,0.116,0.227,88.0,3,3,0.94,0.94,26,29,27,29,1,3,2.0,1.0,2.0,4.0,0.72,0.44,0.44,,,,,,
FF,2021-04-05,94.3,-1.76,5.59,"Judge, Aaron",592450,605347,home_run,hit_into_play,,,,,8.0,Aaron Judge homers (1) on a fly ball to right field.,R,R,R,NYY,BAL,X,,fly_ball,2,0,2021,-1.02,1.14,0.17,2.34,,,,0,4,Bot,210.14,88.12,,,,,7.311666039943649,-137.09939492100352,-5.281127060012109,-14.541987338938236,31.10670428573133,-16.861968281940815,3.76,1.75,344.0,104.0,38.0,94.2,1867.0,6.4,634587,600474,642162,602104,596748,520471,663624,656775,663630,54.13,0.4897692307692308,0.967153846153846,2.0,1.0,0.0,3.0,6.0,24,3,4-Seam Fastball,0,0,0,0,0,1,1,0,Standard,Standard,221.0,0.112,0.994,,,1.921153846153846,-0.994,104.0,0,0,0.573,0.573,28,29,28,29,2,1,,1.0,6.0,1.0,1.44,1.02,1.02,37.1,,,,,
SI,2021-04-05,94.7,-2.0,5.43,"Judge, Aaron",592450,605347,single,hit_into_play,,,,,4.0,Aaron Judge singles on a sharp ground ball to center fielder Cedric Mullins.,R,R,R,NYY,BAL,X,8.0,ground_ball,2,1,2021,-1.47,0.99,-0.79,2.48,,,,1,1,Bot,117.45,116.48,,,,,6.502270335468154,-137.7056172454371,-4.2682452307161665,-20.140545656096965,30.753533787924088,-18.826572517753885,3.76,1.75,49.0,102.5,0.0,95.3,1926.0,6.7,634587,600474,642162,602104,596748,520471,663624,656775,663630,53.79,0.43,0.405,0.9,1.0,1.0,0.0,4.0,5,4,Sinker,0,0,0,0,0,0,0,0,Standard,Standard,226.0,0.022,0.365,,,0.505,-0.365,102.5,0,0,0.529,0.529,28,29,28,29,1,0,,1.0,6.0,1.0,1.56,1.47,1.47,34.3,,,,,
FC,2021-04-04,86.5,-1.36,6.08,"Judge, Aaron",592450,643615,grounded_into_double_play,hit_into_play,,,,,12.0,"Aaron Judge grounds into a double play, second baseman Marcus Semien to shortstop Bo Bichette to first baseman Vladimir Guerrero Jr.  DJ LeMahieu out at 2nd.    Aaron Judge out at 1st.",R,R,R,NYY,TOR,X,4.0,ground_ball,0,1,2021,0.09,0.68,1.11,2.93,,458731.0,518934.0,1,3,Bot,141.4,140.84,,,,,5.737174193058498,-125.86291375427768,-2.6763140100679186,-0.2466807445807493,27.196198797192807,-24.62500933934624,3.76,1.75,76.0,82.4,5.0,86.8,2127.0,6.6,634607,672386,665489,543760,624415,666182,666971,545341,606192,53.86,0.356,0.344,0.0,1.0,0.0,0.0,2.0,26,2,Cutter,0,3,0,3,3,0,0,3,Standard,Standard,210.0,-0.088,-0.275,,,0.429,0.275,88.0,-3,-3,0.274,0.274,25,29,26,29,2,1,,1.0,5.0,1.0,2.38,-0.09,-0.09,38.5,,,,,
FC,2021-04-04,90.0,-1.14,5.38,"Judge, Aaron",592450,663423,field_out,hit_into_play,,,,,2.0,Aaron Judge flies out to right fielder Teoscar Hernandez.,R,R,R,NYY,TOR,X,9.0,fly_ball,3,2,2021,0.0,1.27,0.27,3.59,,,518934.0,2,5,Bot,179.35,136.95,,,,,3.4984694094677287,-131.04864547959937,-1.205100489887509,-0.7643070568943433,26.545407904273123,-17.488141699773575,3.76,1.75,205.0,92.8,57.0,90.1,2560.0,6.2,634607,672386,665489,543760,624415,666182,666971,545341,606192,54.28,0.008,0.011,0.0,1.0,0.0,0.0,3.0,44,7,Cutter,1,3,1,3,3,1,1,3,Infield shift,Standard,189.0,-0.036,-0.314,,,0.017,0.314,92.8,-2,-2,0.257,0.257,27,29,28,29,1,2,,1.0,4.0,1.0,1.53,0.0,0.0,45.2,,,,,
SL,2021-04-04,89.9,-2.38,5.78,"Judge, Aaron",592450,605447,field_out,hit_into_play,,,,,8.0,"Aaron Judge grounds out, third baseman Cavan Biggio to first baseman Vladimir Guerrero Jr.",R,R,R,NYY,TOR,X,5.0,ground_ball,2,1,2021,0.13,0.28,0.1,1.84,,,,1,8,Bot,92.89,165.14,,,,,5.948001794082148,-130.94122972474227,-4.5407743091140595,0.47236363771454,23.93203786202819,-28.20478228351879,3.76,1.75,3.0,89.9,-32.0,91.8,2384.0,7.1,634607,672386,665489,543760,624415,666182,666971,545341,606192,53.43,0.071,0.068,0.0,1.0,0.0,0.0,2.0,62,4,Slider,1,3,1,3,3,1,1,3,Standard,Standard,156.0,-0.036,-0.309,,,0.077,0.309,89.9,-2,-2,0.129,0.129,28,29,28,29,1,3,3.0,1.0,4.0,1.0,2.5,-0.13,-0.13,45.0,,,,,
SI,2021-04-04,93.6,-1.25,6.24,"Judge, Aaron",592450,643615,field_out,hit_into_play,,,,,5.0,Aaron Judge lines out sharply to second baseman Marcus Semien.,R,R,R,NYY,TOR,X,4.0,line_drive,0,0,2021,-1.49,0.93,-0.04,3.1,,,,1,1,Bot,139.65,118.71,,,,,6.428865571109695,-136.1307787291275,-4.416511275603921,-19.992796738921392,30.436330804489984,-19.7895061811428,3.76,1.75,207.0,114.1,8.0,93.8,2264.0,6.5,634607,672386,665489,543760,624415,666182,666971,545341,606192,54.0,0.789,0.778,0.0,1.0,0.0,0.0,5.0,6,1,Sinker,0,0,0,0,0,0,0,0,Standard,Standard,220.0,-0.016,-0.259,,,1.015,0.259,114.1,0,0,0.526,0.526,25,29,26,29,1,0,,1.0,5.0,1.0,1.67,1.49,1.49,39.4,,,,,
SL,2021-04-03,87.4,-1.18,6.85,"Judge, Aaron",592450,548389,field_out,hit_into_play,,,,,6.0,"Aaron Judge grounds out, shortstop Bo Bichette to first baseman Vladimir Guerrero Jr.",R,R,R,NYY,TOR,X,6.0,ground_ball,1,0,2021,0.11,0.62,0.57,2.54,640449.0,,518934.0,2,2,Bot,114.01,173.01,,,,,3.966652356183391,-127.28011785527156,-5.539936065549371,0.4645822105681721,24.661389741806147,-24.47695354998362,3.76,1.75,41.0,89.8,0.0,87.1,2331.0,6.0,634644,643376,665489,543760,624415,666182,666971,545341,606192,54.55,0.329,0.317,0.0,1.0,0.0,0.0,2.0,18,2,Slider,1,0,1,0,0,1,1,0,Standard,Standard,175.0,-0.046,-0.315,,,0.383,0.315,89.8,1,1,0.658,0.658,31,29,32,29,2,1,,2.0,5.0,1.0,2.34,-0.11,-0.11,61.3,,,,,
SI,2021-04-03,93.9,-0.71,6.66,"Judge, Aaron",592450,503569,field_out,hit_into_play,,,,,1.0,Aaron Judge flies out sharply to center fielder Randal Grichuk.,R,R,R,NYY,TOR,X,8.0,fly_ball,1,1,2021,-1.29,1.22,-0.66,3.77,,,518934.0,0,6,Bot,154.36,64.26,,,,,2.9532792827357324,-136.7006316700969,-4.433272322512856,-16.845705159227936,30.428709929402903,-16.092794996483548,3.76,1.75,342.0,100.4,23.0,93.3,2262.0,5.9,634644,643376,665489,543760,624415,666182,666971,545341,606192,54.57,0.4484166666666667,0.7502500000000002,0.0,1.0,0.0,0.0,5.0,54,3,Sinker,3,2,3,2,2,3,3,2,Standard,Standard,203.0,-0.028,-0.249,,,1.397,0.249,100.4,1,1,0.77,0.77,33,29,33,29,1,3,2.0,2.0,2.0,1.0,1.36,1.29,1.29,55.4,,,,,
FF,2021-04-03,89.3,-0.88,6.88,"Judge, Aaron",592450,548389,single,hit_into_play,,,,,4.0,Aaron Judge singles on a sharp line drive to left fielder Lourdes Gurriel Jr.,R,R,R,NYY,TOR,X,7.0,line_drive,0,0,2021,-0.55,1.49,-0.69,2.51,,,,1,1,Bot,68.29,106.98,,,,,1.6276073994138718,-129.78397498358223,-7.827130695126017,-6.557177465475477,28.558731240872277,-13.847679805078585,3.76,1.75,165.0,115.1,9.0,88.8,2050.0,6.2,634644,643376,665489,543760,624415,666182,666971,545341,606192,54.32,0.803,0.797,0.9,1.0,1.0,0.0,6.0,6,1,4-Seam Fastball,0,0,0,0,0,0,0,0,Standard,Standard,199.0,0.025,0.415,,,1.065,-0.415,115.1,0,0,0.526,0.526,31,29,32,29,1,0,,2.0,5.0,1.0,1.38,0.55,0.55,66.2,,,,,
FC,2021-04-03,87.4,-1.45,5.48,"Judge, Aaron",592450,543022,single,hit_into_play,,,,,8.0,Aaron Judge singles on a line drive to left fielder Lourdes Gurriel Jr.  Clint Frazier to 3rd.    DJ LeMahieu to 2nd.,R,R,R,NYY,TOR,X,7.0,line_drive,0,0,2021,0.53,0.57,0.19,1.88,,640449.0,518934.0,1,4,Bot,98.34,91.44,,,,,2.8448168965954372,-127.46890082620044,-3.7855909145433553,5.368926424053885,22.02665057978302,-25.4525159701938,3.76,1.75,196.0,90.3,12.0,87.8,2691.0,6.1,634644,643376,665489,543760,624415,666182,666971,545341,606192,54.42,0.825,0.773,0.9,1.0,1.0,0.0,4.0,38,1,Cutter,2,1,2,1,1,2,2,1,Standard,Standard,155.0,0.053,0.481,,,0.94,-0.481,90.3,1,1,0.721,0.721,31,29,32,29,1,2,2.0,2.0,2.0,1.0,2.37,-0.53,-0.53,47.6,,,,,
FC,2021-04-01,85.8,2.1,5.87,"Judge, Aaron",592450,547943,single,hit_into_play,,,,,4.0,Aaron Judge singles on a sharp ground ball to left fielder Lourdes Gurriel Jr.,R,R,L,NYY,TOR,X,7.0,ground_ball,0,0,2021,-0.05,0.84,-0.45,2.74,,,,0,6,Bot,104.68,96.07,,,,,-5.946543134953137,-124.84990726855612,-2.9005777061814095,0.6088429027772192,23.562652157406255,-22.959786966639392,3.76,1.75,134.0,106.0,5.0,86.2,2025.0,6.4,634642,643376,665489,543760,624415,666182,666971,545341,606192,54.07,0.581,0.533,0.9,1.0,1.0,0.0,4.0,44,1,Cutter,2,2,2,2,2,2,2,2,Standard,Standard,157.0,0.05,0.45,,,0.657,-0.45,106.0,0,0,0.576,0.576,34,29,34,29,3,2,,,6.0,2.0,2.24,-0.05,0.05,44.2,,,,,
CH,2021-04-01,80.5,2.31,5.66,"Judge, Aaron",592450,547943,field_out,hit_into_play,,,,,9.0,"Aaron Judge grounds out, shortstop Bo Bichette to first baseman Vladimir Guerrero Jr.",R,R,L,NYY,TOR,X,6.0,ground_ball,2,1,2021,0.86,0.43,0.76,1.71,,,,2,3,Bot,104.56,144.11,,,,,-5.132561143610529,-117.18586796119104,-2.935817338642446,8.917248253178558,22.064548641523352,-27.82759537400895,3.76,1.75,81.0,78.9,5.0,81.1,1279.0,6.7,634642,643376,665489,543760,624415,666182,666971,545341,606192,53.82,0.236,0.245,0.0,1.0,0.0,0.0,2.0,23,4,Changeup,2,1,2,1,1,2,2,1,Standard,Standard,109.0,-0.011,-0.309,,,0.245,0.309,88.0,1,1,0.634,0.634,34,29,34,29,2,1,,,6.0,2.0,3.08,0.86,-0.86,35.7,,,,,
SI,2021-04-01,92.3,-2.58,5.79,"Judge, Aaron",592450,475479,grounded_into_double_play,hit_into_play,,,,,7.0,"Aaron Judge grounds into a double play, third baseman Cavan Biggio to second baseman Marcus Semien to first baseman Vladimir Guerrero Jr.  DJ LeMahieu out at 2nd.    Aaron Judge out at 1st.",R,R,R,NYY,TOR,X,5.0,ground_ball,2,1,2021,-1.58,1.28,-0.54,2.21,596142.0,640449.0,518934.0,1,7,Bot,102.35,166.21,,,,,8.52172796286589,-134.0109391532173,-5.944259341651939,-20.948951795236773,31.615669671804756,-15.58152101166834,3.76,1.75,17.0,107.2,-6.0,90.7,2287.0,5.6,634642,643376,665489,543760,624415,666182,666971,545341,606192,54.88,0.389,0.431,0.0,1.0,0.0,0.0,2.0,57,4,Sinker,2,2,2,2,2,2,2,2,Standard,Standard,212.0,-0.251,-0.366,,,0.417,0.366,107.2,0,0,0.751,0.751,34,29,35,29,1,3,,,3.0,2.0,1.42,1.58,1.58,42.1,,,,,
SI,2021-03-26,95.6,-1.81,5.42,"Judge, Aaron",592450,605347,double,hit_into_play,,,,,5.0,Aaron Judge doubles (3) on a line drive to right fielder Austin Hays.,S,R,R,NYY,BAL,X,9.0,line_drive,0,1,2021,-1.37,0.84,-0.2,2.62,,,,1,1,Bot,192.1,137.98,,,,,7.341455258633684,-139.16430840481584,-3.688979793554303,-19.395879209111655,28.92890776934357,-20.65645055586484,3.76,1.75,225.0,99.7,10.0,96.3,1895.0,6.5,641638,642082,596748,570560,547004,520471,663624,656775,669720,54.02,0.811,,1.25,,1.0,1.0,4.0,5,2,Sinker,0,0,0,0,0,0,0,0,Standard,Standard,228.0,0.043,0.692,,,0.941,-0.692,99.7,0,0,0.524,0.524,28,29,28,29,1,0,,,,,1.64,1.37,1.37,,,,,,
FF,2021-03-25,92.6,1.64,6.43,"Judge, Aaron",592450,519043,field_out,hit_into_play,,,,,5.0,"Aaron Judge grounds out sharply, second baseman Jean Segura to first baseman Rhys Hoskins.",S,R,L,PHI,NYY,X,4.0,ground_ball,0,0,2021,0.85,1.19,-0.22,2.71,,,518934.0,2,2,Top,112.0,131.07,,,,,-6.608474204995824,-134.5622834693782,-6.278717814697864,11.812882054116466,29.06590874491321,-16.493666444937872,3.76,1.75,10.0,111.4,-15.0,92.4,2313.0,6.3,641558,592663,656555,516416,664761,544369,596451,546318,547180,54.24,0.279,,0.0,,0.0,0.0,2.0,20,1,4-Seam Fastball,5,2,2,5,2,5,2,5,Infield shift,Standard,141.0,0.019,-0.27,,,0.323,0.27,111.4,3,-3,0.802,0.1979999999999999,32,29,32,29,1,1,,,,,1.47,0.85,-0.85,,,,,,
FF,2021-03-25,92.7,1.75,6.53,"Judge, Aaron",592450,519043,home_run,hit_into_play,,,,,1.0,Aaron Judge homers (1) on a fly ball to left field.   DJ LeMahieu scores.,S,R,L,PHI,NYY,X,,fly_ball,1,2,2021,1.03,1.34,-0.41,3.62,,,518934.0,0,1,Top,27.7,49.44,,,,,-7.78441023574754,-134.83757184270132,-4.571808036209794,14.237070935621986,28.318039267899497,-15.05225231238704,3.76,1.75,440.0,110.1,29.0,92.7,2341.0,6.3,641558,592663,656555,516416,664761,544369,596451,546318,547180,54.25,0.9795,,2.0,,0.0,3.0,6.0,2,4,4-Seam Fastball,0,0,0,0,2,0,2,0,Infield shift,Standard,138.0,-0.159,1.129,,,3.9168333333333334,-1.129,110.1,0,0,0.473,0.527,32,29,32,29,1,0,,,,,1.31,1.03,-1.03,,,,,,
FC,2021-03-24,90.2,-1.14,5.51,"Judge, Aaron",592450,663423,single,hit_into_play,,,,,12.0,Aaron Judge singles on a line drive to right fielder Teoscar Hernandez.,S,R,R,NYY,TOR,X,9.0,line_drive,2,2,2021,0.46,0.78,1.05,3.4,,,,1,1,Bot,158.72,124.49,,,,,4.471668724829114,-131.46179555493862,-1.031191537520972,4.575457759478955,24.095684347243104,-23.088128666720596,3.76,1.75,176.0,76.8,15.0,90.7,2562.0,6.2,641575,624512,591971,543760,665489,666182,641505,545341,606192,54.3,0.715,,0.9,,1.0,0.0,4.0,7,6,Cutter,0,1,0,1,1,0,0,1,Standard,Standard,170.0,0.028,0.449,,,0.77,-0.449,88.0,-1,-1,0.422,0.422,27,29,28,29,1,0,,,,,1.99,-0.46,-0.46,,,,,,
FF,2021-03-22,91.7,-1.75,5.13,"Judge, Aaron",592450,605400,field_out,hit_into_play,,,,,1.0,"Aaron Judge grounds out sharply, second baseman Ronald Torreyes to first baseman Rhys Hoskins.",S,R,R,NYY,PHI,X,4.0,ground_ball,2,1,2021,-1.01,0.86,-0.34,3.79,,,,2,6,Bot,111.65,133.95,,,,,5.798480532215963,-133.51653402819417,0.5383652312501321,-13.282363029907762,25.593889498510578,-22.06789780039795,3.76,1.75,88.0,102.3,4.0,93.0,2079.0,6.8,641611,425772,656555,591720,664761,544369,457705,596451,546318,53.69,0.581,,0.0,,0.0,0.0,4.0,48,4,4-Seam Fastball,0,2,0,2,2,0,0,2,Infield shift,Standard,226.0,-0.017,-0.309,,,0.661,0.309,102.3,-2,-2,0.202,0.202,28,29,28,29,3,2,,,,,1.82,1.01,1.01,,,,,,
FF,2021-03-22,94.2,-1.87,5.16,"Judge, Aaron",592450,605400,field_out,hit_into_play,,,,,12.0,Aaron Judge flies out to right fielder Odubel Herrera.,S,R,R,NYY,PHI,X,9.0,fly_ball,1,2,2021,-1.14,1.08,1.0,3.06,,,,0,4,Bot,182.89,75.66,,,,,10.10563396642672,-136.85407459376447,-2.1539351936469746,-16.52254683610803,29.79087926410308,-18.364025092671945,3.76,1.75,336.0,92.3,27.0,95.3,2052.0,7.0,641611,425772,656555,591720,664761,544369,457705,596451,546318,53.51,0.115,,0.0,,0.0,0.0,3.0,30,4,4-Seam Fastball,0,2,0,2,2,0,0,2,Infield shift,Strategic,225.0,-0.022,-0.194,,,0.265,0.194,92.3,-2,-2,0.304,0.304,28,29,28,29,2,1,,,,,1.5,1.14,1.14,,,,,,
FF,2021-03-22,93.0,-2.01,4.98,"Judge, Aaron",592450,605400,field_out,hit_into_play,,,,,5.0,"Aaron Judge grounds out sharply, shortstop Didi Gregorius to first baseman Rhys Hoskins.",S,R,R,NYY,PHI,X,6.0,ground_ball,0,0,2021,-1.04,0.99,0.04,2.68,,,,1,1,Bot,98.05,139.29,,,,,7.653800411605754,-135.24961864688467,-2.329932780191542,-14.43105249478034,28.255145690684564,-19.66015178858182,3.76,1.75,17.0,109.8,-8.0,94.3,1964.0,7.0,641611,425772,656555,591720,664761,544369,457705,596451,546318,53.5,0.364,,0.0,,0.0,0.0,2.0,6,1,4-Seam Fastball,0,0,0,0,0,0,0,0,Infield shift,Standard,225.0,-0.016,-0.259,,,0.391,0.259,109.8,0,0,0.526,0.526,28,29,28,29,1,0,,,,,1.64,1.04,1.04,,,,,,
FF,2021-03-21,91.3,-0.83,6.07,"Judge, Aaron",592450,543699,fielders_choice_out,hit_into_play,,,,,11.0,"Aaron Judge reaches on a fielder's choice out, third baseman Joe Panik unassisted.   Tyler Wade out at 3rd.",S,R,R,TOR,NYY,X,5.0,ground_ball,3,2,2021,-0.56,1.57,-1.1,3.03,,642180.0,,1,2,Top,107.6,176.55,,,,,0.5223425474377635,-132.92693154169572,-5.116278149568254,-6.789881640224153,29.299647738410425,-12.635504426919692,3.76,1.75,75.0,92.3,4.0,90.7,2079.0,6.0,641783,643376,665489,543760,605412,666182,624415,543807,606192,54.52,0.455,,0.0,,0.0,0.0,4.0,16,7,4-Seam Fastball,0,4,4,0,4,0,4,0,Standard,Standard,202.0,0.023,-0.275,,,0.502,0.275,92.3,-4,4,0.147,0.853,34,29,35,29,1,1,,,,,1.16,0.56,0.56,,,,,,
FF,2021-03-21,91.2,-0.52,6.16,"Judge, Aaron",592450,543699,single,hit_into_play,,,,,3.0,Aaron Judge singles on a ground ball to left fielder Cavan Biggio.,S,R,R,TOR,NYY,X,7.0,ground_ball,0,0,2021,-0.09,1.41,0.29,3.44,,,,1,1,Top,81.89,125.41,,,,,2.23568214306885,-132.77411474367932,-3.955230116367484,-1.5395306108655975,28.970723916895665,-14.89056468807497,3.76,1.75,78.0,88.2,5.0,90.6,1961.0,5.9,641783,643376,665489,543760,605412,666182,624415,543807,606192,54.55,0.441,,0.9,,1.0,0.0,4.0,2,1,4-Seam Fastball,0,0,0,0,0,0,0,0,Standard,Standard,205.0,-0.024,0.415,,,0.515,-0.415,88.2,0,0,0.522,0.478,34,29,35,29,1,0,,,,,1.33,0.09,0.09,,,,,,
SI,2021-03-17,91.6,0.78,5.87,"Judge, Aaron",592450,434538,single,hit_into_play,,,,,9.0,Aaron Judge singles on a sharp line drive to center fielder Jonathan Davis.,S,R,L,TOR,NYY,X,8.0,line_drive,3,1,2021,0.77,0.78,0.51,2.35,,,,1,7,Top,167.47,58.08,,,,,-2.350471131486102,-133.42406999132098,-4.726897060470628,9.675793031698364,27.549429261959855,-22.078803134856432,3.76,1.75,316.0,106.9,13.0,91.8,1904.0,6.3,641590,672515,642133,672640,591971,620446,668885,641505,657089,54.22,0.838,,0.9,,1.0,0.0,5.0,51,5,Sinker,0,1,1,0,1,0,1,0,Infield shift,Standard,137.0,-0.016,0.234,,,1.153,-0.234,106.9,-1,1,0.322,0.6779999999999999,37,29,38,29,1,3,,,,,1.92,0.77,-0.77,,,,,,
FF,2021-03-17,95.4,-1.19,6.05,"Judge, Aaron",592450,641672,single,hit_into_play,,,,,4.0,Aaron Judge singles on a sharp line drive to left fielder Lourdes Gurriel Jr.,S,R,R,TOR,NYY,X,7.0,line_drive,2,0,2021,-0.8,1.55,-0.46,2.94,,,,1,1,Top,112.28,109.17,,,,,3.7197097238695664,-138.9652420665455,-6.074966816998138,-11.23630890485842,28.237745216992767,-10.938320871452207,3.76,1.75,175.0,107.4,9.0,95.5,2631.0,6.1,641590,672386,642133,543760,624415,666182,666971,543807,606192,54.43,0.751,,0.9,,1.0,0.0,4.0,2,3,4-Seam Fastball,0,0,0,0,0,0,0,0,Standard,Strategic,209.0,-0.017,0.295,,,0.934,-0.295,107.4,0,0,0.515,0.485,26,29,27,29,1,0,,,,,0.93,0.8,0.8,,,,,,
CU,2021-03-15,79.1,-0.54,6.15,"Judge, Aaron",592450,502624,single,hit_into_play,,,,,8.0,Aaron Judge singles on a line drive to left fielder Scott Kingery.,S,R,R,NYY,PHI,X,7.0,line_drive,1,0,2021,0.36,-1.29,0.15,2.2,,,,2,3,Bot,97.83,109.84,,,,,0.818180650747072,-115.10282315968522,0.6296611376254955,3.0467415973954317,23.631511389049635,-43.88930861455195,3.76,1.75,182.0,97.0,11.0,78.1,2034.0,5.8,641958,425772,656555,516416,641453,544369,664068,546318,596451,54.69,0.877,,0.9,,1.0,0.0,4.0,23,2,Curveball,0,0,0,0,0,0,0,0,Infield shift,Standard,19.0,0.013,0.274,,,1.022,-0.274,97.0,0,0,0.513,0.513,33,29,34,29,2,1,,,,,4.96,-0.36,-0.36,,,,,,
FS,2021-03-15,84.1,-1.78,5.83,"Judge, Aaron",592450,593576,field_out,hit_into_play,,,,,9.0,Aaron Judge flies out to center fielder Odubel Herrera.,S,R,R,NYY,PHI,X,8.0,fly_ball,1,2,2021,-0.71,0.34,0.79,2.07,,,,1,5,Bot,137.05,77.06,,,,,7.377300745616713,-122.28037620123295,-3.0111233718665633,-8.581813881453412,23.938510196851414,-28.31962902910729,3.76,1.75,291.0,81.7,29.0,84.1,961.0,6.3,641958,425772,656555,516416,641453,544369,664068,546318,596451,54.16,0.066,,0.0,,0.0,0.0,3.0,38,5,Split-Finger,1,0,1,0,0,1,1,0,Infield shift,Standard,272.0,-0.012,-0.181,,,0.11,0.181,88.0,1,1,0.683,0.683,32,29,32,29,1,2,,,,,2.88,0.71,0.71,,,,,,
