pitch_type,game_date,release_speed,release_pos_x,release_pos_z,player_name,batter,pitcher,events,description,spin_dir,spin_rate_deprecated,break_angle_deprecated,break_length_deprecated,zone,des,game_type,stand,p_throws,home_team,away_team,type,hit_location,bb_type,balls,strikes,game_year,pfx_x,pfx_z,plate_x,plate_z,on_3b,on_2b,on_1b,outs_when_up,inning,inning_topbot,hc_x,hc_y,tfs_deprecated,tfs_zulu_deprecated,umpire,sv_id,vx0,vy0,vz0,ax,ay,az,sz_top,sz_bot,hit_distance_sc,launch_speed,launch_angle,effective_speed,release_spin_rate,release_extension,game_pk,fielder_2,fielder_3,fielder_4,fielder_5,fielder_6,fielder_7,fielder_8,fielder_9,release_pos_y,estimated_ba_using_speedangle,estimated_woba_using_speedangle,woba_value,woba_denom,babip_value,iso_value,launch_speed_angle,at_bat_number,pitch_number,pitch_name,home_score,away_score,bat_score,fld_score,post_away_score,post_home_score,post_bat_score,post_fld_score,if_fielding_alignment,of_fielding_alignment,spin_axis,delta_home_win_exp,delta_run_exp,bat_speed,swing_length,estimated_slg_using_speedangle,delta_pitcher_run_exp,hyper_speed,home_score_diff,bat_score_diff,home_win_exp,bat_win_exp,age_pit_legacy,age_bat_legacy,age_pit,age_bat,n_thruorder_pitcher,n_priorpa_thisgame_player_at_bat,pitcher_days_since_prev_game,batter_days_since_prev_game,pitcher_days_until_next_game,batter_days_until_next_game,api_break_z_with_gravity,api_break_x_arm,api_break_x_batter_in,arm_angle,attack_angle,attack_direction,swing_path_tilt,intercept_ball_minus_batter_pos_x_inches,intercept_ball_minus_batter_pos_y_inches
CH,2022-10-23,87.9,-1.59,5.16,"Judge, Aaron",592450,621121,field_out,hit_into_play,,,,,8.0,Aaron Judge flies out sharply to center fielder Chas McCormick.,L,R,R,NYY,HOU,X,8.0,fly_ball,2,1,2022,-1.6,-0.32,-0.15,2.45,,,664056.0,1,4,Bot,141.17,40.42,,,,,6.721024833161316,-127.75929683304096,0.2468338260177054,-18.934954049047597,27.4839345979665,-35.96093359763248,3.94,1.84,393.0,111.7,22.0,86.7,1787.0,5.7,715735,455117,493329,514888,608324,665161,670541,676801,663656,54.78,0.96625,1.894166666666667,0.0,1.0,0.0,0.0,6.0,40,4,Changeup,3,4,3,4,4,3,3,4,Standard,Standard,272.0,-0.045,-0.303,,,3.6651666666666665,0.303,111.7,-1,-1,0.437,0.437,28,30,29,30,3,2,8.0,1.0,9.0,,3.29,1.6,1.6,24.6,,,,,
SL,2022-10-23,91.1,-0.27,5.79,"Judge, Aaron",592450,519151,field_out,hit_into_play,,,,,14.0,"Aaron Judge grounds out, pitcher Ryan Pressly to first baseman Yuli Gurriel.",L,R,R,NYY,HOU,X,1.0,ground_ball,1,2,2022,0.38,0.46,1.06,2.81,,,,2,9,Bot,137.27,182.32,,,,,2.488056306444877,-132.7501481139745,-2.5713891282011496,4.028634598898593,27.14834506520839,-26.43176779745377,3.94,1.84,13.0,72.8,-11.0,90.0,2860.0,5.4,715735,455117,493329,514888,608324,665161,670541,676801,663656,55.07,0.053,0.062,0.0,1.0,0.0,0.0,2.0,77,4,Slider,5,6,5,6,6,5,5,6,Infield shift,Strategic,120.0,-0.047,-0.181,,,0.053,0.181,88.0,-1,-1,0.047,0.047,33,30,34,30,1,4,3.0,1.0,5.0,,2.27,-0.38,-0.38,55.5,,,,,
SL,2022-10-23,84.3,-1.75,4.96,"Judge, Aaron",592450,621121,field_out,hit_into_play,,,,,14.0,Aaron Judge flies out to right fielder Kyle Tucker.,L,R,R,NYY,HOU,X,9.0,fly_ball,0,0,2022,1.2,0.71,0.91,2.77,,,664056.0,0,1,Bot,159.77,121.27,,,,,3.799205386361934,-122.69818442355135,-0.0825231680962211,11.311875539083813,25.33128640344149,-25.27378142265333,3.94,1.84,213.0,78.2,51.0,83.8,2807.0,6.0,715735,455117,493329,514888,608324,665161,670541,676801,663656,54.45,0.071,0.08,0.0,1.0,0.0,0.0,3.0,6,1,Slider,0,0,0,0,0,0,0,0,Standard,Standard,74.0,-0.032,-0.235,,,0.108,0.235,88.0,0,0,0.583,0.583,28,30,29,30,1,0,8.0,1.0,9.0,,2.51,-1.2,-1.2,21.9,,,,,
FF,2022-10-22,96.4,-1.68,5.48,"Judge, Aaron",592450,664299,field_out,hit_into_play,,,,,5.0,Aaron Judge pops out to third baseman Alex Bregman in foul territory.,L,R,R,NYY,HOU,X,5.0,popup,3,2,2022,-0.41,1.7,-0.2,3.09,,,,1,1,Bot,117.25,197.31,,,,,4.839102993357164,-140.20053760883616,-4.580142479536994,-6.548964820958312,33.45235441645148,-9.012589137258082,3.96,1.85,26.0,98.1,77.0,95.9,2506.0,6.2,715736,543877,493329,514888,608324,665161,670541,676801,663656,54.35,0.013,0.014,0.0,1.0,0.0,0.0,3.0,7,6,4-Seam Fastball,0,0,0,0,0,0,0,0,Infield shift,Standard,202.0,-0.02,-0.328,,,0.016,0.328,98.1,0,0,0.53,0.53,25,30,25,30,1,0,11.0,2.0,11.0,1.0,0.77,0.41,0.41,34.6,,,,,
SI,2022-10-22,95.4,-1.61,4.87,"Judge, Aaron",592450,606160,field_out,hit_into_play,,,,,11.0,"Aaron Judge grounds out softly, third baseman Alex Bregman to first baseman Yuli Gurriel.",L,R,R,NYY,HOU,X,5.0,ground_ball,0,1,2022,-1.34,0.63,-1.72,3.5,518626.0,,665828.0,2,8,Bot,101.9,176.4,,,,,2.7185792082040146,-138.77196355566252,0.7081538277032148,-17.819787390675675,35.97281351108489,-24.520277570602875,3.96,1.85,78.0,50.9,12.0,94.6,2274.0,6.2,715736,543877,493329,514888,608324,665161,670541,676801,663656,54.29,0.134,0.136,0.0,1.0,0.0,0.0,1.0,63,2,Sinker,0,5,0,5,5,0,0,5,Infield shift,Strategic,212.0,-0.012,-0.246,,,0.134,0.246,88.0,-5,-5,0.018,0.018,31,30,32,30,1,3,3.0,2.0,1.0,1.0,1.91,1.34,1.34,29.7,,,,,
CU,2022-10-20,81.7,0.64,6.07,"Judge, Aaron",592450,664285,field_out,hit_into_play,,,,,13.0,Aaron Judge flies out to left fielder Aledmys Diaz.,L,R,L,HOU,NYY,X,7.0,fly_ball,1,2,2022,-1.07,-1.13,-0.99,2.39,,,664056.0,2,5,Top,108.06,100.3,,,,,-1.6093318541565982,-119.01799491730658,0.4445533846975631,-9.777530171357176,23.6646314073771,-43.19026824512771,3.96,1.85,249.0,103.9,54.0,80.9,3034.0,5.8,715737,455117,493329,514888,608324,665161,649557,676801,663656,54.75,0.013,0.012,0.0,1.0,0.0,0.0,3.0,37,4,Curveball,3,2,2,3,2,3,2,3,Infield shade,Strategic,332.0,0.024,-0.189,,,0.018,0.189,103.9,1,-1,0.684,0.3159999999999999,28,30,29,30,3,2,7.0,1.0,9.0,2.0,4.55,-1.07,1.07,42.3,,,,,
CH,2022-10-20,90.4,0.88,6.14,"Judge, Aaron",592450,664285,single,hit_into_play,,,,,8.0,Aaron Judge singles on a ground ball to left fielder Aledmys Diaz.,L,R,L,HOU,NYY,X,7.0,ground_ball,1,1,2022,0.92,0.03,-0.2,2.49,,,,0,4,Top,81.68,124.19,,,,,-4.5863840222882635,-131.65772660918768,-3.238519428612641,11.709808418053385,25.455260418174134,-31.427719724509583,3.96,1.85,9.0,101.4,-14.0,89.2,1811.0,5.3,715737,455117,493329,514888,608324,665161,649557,676801,663656,55.17,0.184,0.188,0.9,1.0,1.0,0.0,2.0,25,3,Changeup,3,0,0,3,0,3,0,3,Standard,Standard,122.0,-0.04,0.45,,,0.184,-0.45,101.4,3,-3,0.815,0.185,28,30,29,30,2,1,7.0,1.0,9.0,2.0,2.74,0.92,-0.92,43.1,,,,,
SL,2022-10-20,88.9,-2.17,5.66,"Judge, Aaron",592450,650556,field_out,hit_into_play,,,,,5.0,Aaron Judge flies out sharply to right fielder Kyle Tucker.   Harrison Bader to 2nd.,L,R,R,HOU,NYY,X,9.0,fly_ball,0,0,2022,0.48,0.04,0.03,2.52,,,664056.0,1,8,Top,202.19,81.97,,,,,4.369296681006743,-129.44084176621652,-1.7413514764790503,4.469716280187864,28.01822275943195,-31.573283133421732,3.96,1.85,345.0,106.3,28.0,88.8,2950.0,6.3,715737,455117,493329,514888,608324,665161,649557,676801,663656,54.2,0.8838947368421053,1.7881578947368426,0.0,1.0,0.0,0.0,6.0,57,1,Slider,3,2,2,3,2,3,2,3,Standard,Strategic,64.0,0.046,-0.255,,,3.501078947368421,0.255,106.3,1,-1,0.737,0.263,25,30,25,30,1,3,5.0,1.0,2.0,2.0,2.85,-0.48,-0.48,36.3,,,,,
SI,2022-10-20,95.2,0.92,6.23,"Judge, Aaron",592450,664285,field_out,hit_into_play,,,,,8.0,Aaron Judge lines out sharply to center fielder Chas McCormick.,L,R,L,HOU,NYY,X,8.0,line_drive,2,0,2022,1.27,0.77,0.15,2.17,,,,1,1,Top,130.68,42.23,,,,,-4.822856431671588,-138.38400976615642,-6.659231120685136,17.393513084590452,31.66530030136655,-20.98817293673382,3.96,1.85,387.0,111.7,18.0,94.2,2217.0,5.8,715737,455117,493329,514888,608324,665161,649557,676801,663656,54.66,0.730181818181818,1.2385454545454548,0.0,1.0,0.0,0.0,6.0,2,3,Sinker,0,0,0,0,0,0,0,0,Standard,Standard,149.0,0.023,-0.352,,,2.2895454545454546,0.352,111.7,0,0,0.515,0.485,28,30,29,30,1,0,7.0,1.0,9.0,2.0,1.76,1.27,-1.27,45.6,,,,,
CU,2022-10-19,80.2,-1.55,6.9,"Judge, Aaron",592450,434378,field_out,hit_into_play,,,,,5.0,Aaron Judge pops out to shortstop Jeremy Pena.,L,R,R,HOU,NYY,X,6.0,popup,3,1,2022,0.77,-0.93,-0.16,2.89,,,,1,5,Top,92.33,152.16,,,,,1.6058974100458556,-116.82690327330144,-0.3533225001004436,6.627509202108265,24.31157550080419,-40.789482083514955,3.98,1.88,142.0,98.3,66.0,79.5,2769.0,6.0,715738,455117,493329,514888,608324,665161,670541,676801,663656,54.53,0.016,0.015,0.0,1.0,0.0,0.0,3.0,38,5,Curveball,1,1,1,1,1,1,1,1,Infield shift,Standard,43.0,0.035,-0.405,,,0.019,0.405,98.3,0,0,0.517,0.483,39,30,39,30,3,2,8.0,1.0,9.0,1.0,4.5,-0.77,-0.77,50.4,,,,,
FF,2022-10-19,95.6,-1.23,7.09,"Judge, Aaron",592450,434378,field_out,hit_into_play,,,,,8.0,"Aaron Judge grounds out, second baseman Jose Altuve to first baseman Yuli Gurriel.",L,R,R,HOU,NYY,X,4.0,ground_ball,1,2,2022,-1.07,1.57,0.24,2.02,,,,0,3,Top,120.0,140.0,,,,,6.231031357921086,-138.62556848867345,-11.062055936946734,-15.29832787179781,35.851042198698224,-9.43708196775822,3.98,1.88,4.0,102.1,-24.0,94.1,2531.0,5.9,715738,455117,493329,514888,608324,665161,670541,676801,663656,54.56,0.145,0.141,0.0,1.0,0.0,0.0,2.0,22,4,4-Seam Fastball,1,1,1,1,1,1,1,1,Infield shift,Standard,207.0,0.019,-0.176,,,0.153,0.176,102.1,0,0,0.506,0.494,39,30,39,30,2,1,8.0,1.0,9.0,1.0,0.97,1.07,1.07,56.1,,,,,
CU,2022-10-19,82.3,-1.4,7.05,"Judge, Aaron",592450,434378,field_out,hit_into_play,,,,,14.0,"Aaron Judge grounds out, shortstop Jeremy Pena to first baseman Yuli Gurriel.",L,R,R,HOU,NYY,X,6.0,ground_ball,2,2,2022,0.53,-0.75,0.41,1.67,,,,1,1,Top,99.67,139.41,,,,,3.063591060856671,-119.79402307022151,-4.1374469894300905,4.358921661668235,25.882065124877546,-38.67775481017948,3.98,1.88,121.0,74.4,12.0,81.4,2648.0,5.9,715738,455117,493329,514888,608324,665161,670541,676801,663656,54.59,0.332,0.298,0.0,1.0,0.0,0.0,4.0,2,5,Curveball,0,0,0,0,0,0,0,0,Infield shift,Standard,39.0,0.014,-0.212,,,0.341,0.212,88.0,0,0,0.524,0.476,39,30,39,30,1,0,8.0,1.0,9.0,1.0,4.15,-0.53,-0.53,52.7,,,,,
CU,2022-10-18,81.3,1.57,6.44,"Judge, Aaron",592450,656529,home_run,hit_into_play,,,,,5.0,Aaron Judge homers (2) on a fly ball to right center field.,D,R,L,NYY,CLE,X,,fly_ball,1,0,2022,-0.52,-1.27,0.26,3.25,,,,2,2,Bot,177.41,48.14,,,,,-1.9346382670267932,-118.28279908727188,1.9893875243252528,-4.4423870701354415,25.198295374707445,-44.6419698995602,4.0,1.9,394.0,113.2,41.0,81.4,2500.0,6.6,715749,595978,672356,665926,608070,642708,680757,664702,660757,53.87,0.525,1.085,2.0,1.0,0.0,3.0,6.0,18,2,Curveball,3,0,3,0,0,4,4,0,Standard,Standard,330.0,0.062,2.555,,,2.094,-2.555,113.2,3,3,0.801,0.801,25,30,26,30,1,1,3.0,2.0,,1.0,4.75,-0.52,0.52,43.4,,,,,
CU,2022-10-18,82.4,0.19,6.78,"Judge, Aaron",592450,675916,single,hit_into_play,,,,,5.0,Aaron Judge singles on a sharp line drive to center fielder Myles Straw.,D,R,R,NYY,CLE,X,8.0,line_drive,0,0,2022,-0.22,-0.78,0.15,2.98,,,,0,7,Bot,124.28,95.52,,,,,0.3326831734421139,-120.03397412848574,-0.6276621969498997,-2.1534442759259034,22.664044990949307,-39.81669139137304,4.0,1.9,166.0,101.3,11.0,81.8,2390.0,5.8,715749,571912,672356,665926,608070,642708,680757,664702,660757,54.72,0.913,0.9,0.9,1.0,1.0,0.0,4.0,57,1,Curveball,5,1,5,1,1,5,5,1,Standard,Standard,12.0,0.004,0.44,,,1.123,-0.44,101.3,4,4,0.971,0.971,26,30,27,30,1,3,4.0,2.0,,1.0,4.12,0.22,0.22,69.6,,,,,
SI,2022-10-16,94.7,-1.29,6.25,"Judge, Aaron",592450,615698,field_out,hit_into_play,,,,,7.0,Aaron Judge flies out to right fielder Oscar Gonzalez.,D,R,R,CLE,NYY,X,9.0,fly_ball,3,1,2022,-1.18,1.21,-0.42,2.38,,,,1,3,Top,188.49,100.37,,,,,4.903064949299144,-137.6701184324108,-7.155710853661173,-16.093255518537838,29.680013332090752,-15.35640510256864,4.0,1.9,290.0,96.2,41.0,95.0,2171.0,6.5,715750,595978,672356,665926,608070,642708,680757,664702,660757,54.03,0.047,0.083,0.0,1.0,0.0,0.0,3.0,18,5,Sinker,0,3,3,0,3,0,3,0,Standard,Standard,218.0,0.016,-0.405,,,0.152,0.405,96.2,-3,3,0.213,0.787,27,30,27,30,2,1,5.0,1.0,,2.0,1.33,1.18,1.18,43.7,,,,,
FC,2022-10-16,88.6,-1.76,5.99,"Judge, Aaron",592450,663752,field_out,hit_into_play,,,,,6.0,Aaron Judge flies out to left fielder Steven Kwan.,D,R,R,CLE,NYY,X,7.0,fly_ball,1,2,2022,0.22,0.46,0.57,3.27,,,,1,8,Top,72.86,77.03,,,,,5.256061234894584,-129.0433380287573,-1.5745629779481316,1.3467596406423883,26.139605561140662,-26.864817349067025,4.0,1.9,329.0,88.7,31.0,88.9,2381.0,6.4,715750,571912,672356,665926,608070,642708,680757,664702,660757,54.15,0.047,0.056,0.0,1.0,0.0,0.0,3.0,55,4,Cutter,2,4,4,2,4,2,4,2,Standard,Standard,164.0,0.008,-0.177,,,0.092,0.177,88.7,-2,2,0.152,0.848,25,30,26,30,1,3,13.0,1.0,,2.0,2.43,-0.22,-0.22,38.0,,,,,
FF,2022-10-16,93.9,0.02,5.82,"Judge, Aaron",592450,669212,single,hit_into_play,,,,,5.0,"Guardians challenged (play at 1st), call on the field was upheld: Aaron Judge singles on a sharp ground ball to second baseman Andres Gimenez.",D,R,R,CLE,NYY,X,4.0,ground_ball,1,2,2022,-0.87,1.64,-0.2,2.96,,,,0,6,Top,132.93,138.43,,,,,1.3636980861388328,-136.70773254864716,-5.300087439580202,-11.251107012755956,30.359226889264377,-10.667754881116204,4.0,1.9,28.0,101.9,-4.0,93.7,2457.0,6.2,715750,595978,672356,665926,608070,642708,680757,664702,660757,54.34,0.358,0.349,0.9,1.0,1.0,0.0,2.0,39,4,4-Seam Fastball,2,3,3,2,3,2,3,2,Standard,Standard,214.0,-0.044,0.51,,,0.415,-0.51,101.9,-1,1,0.346,0.654,26,30,26,30,1,2,1.0,1.0,,2.0,0.95,0.87,0.87,47.2,,,,,
SL,2022-10-15,87.9,-1.76,6.47,"Judge, Aaron",592450,663474,field_out,hit_into_play,,,,,6.0,Aaron Judge flies out to center fielder Myles Straw.,D,R,R,CLE,NYY,X,8.0,fly_ball,1,1,2022,0.5,0.98,0.76,3.21,,,,2,5,Top,130.29,94.77,,,,,5.095395299534804,-127.92367794734392,-3.891908248657732,4.59943837671132,24.485119330493752,-20.7920721825423,4.02,1.92,261.0,82.3,44.0,89.0,2329.0,6.8,715751,595978,672356,665926,608070,642708,680757,664702,660757,53.7,0.024,0.028,0.0,1.0,0.0,0.0,3.0,38,3,Slider,2,4,4,2,4,2,4,2,Standard,Standard,166.0,0.009,-0.241,,,0.038,0.241,88.0,-2,2,0.28,0.72,24,30,25,30,3,2,7.0,1.0,,1.0,1.95,-0.5,-0.5,55.3,,,,,
FF,2022-10-15,94.3,-1.47,6.4,"Judge, Aaron",592450,663474,home_run,hit_into_play,,,,,5.0,Aaron Judge homers (1) on a fly ball to center field. Oswaldo Cabrera scores.,D,R,R,CLE,NYY,X,,fly_ball,2,1,2022,-0.27,1.75,-0.1,3.17,665828.0,,,2,3,Top,111.82,17.59,,,,,4.2052660252543,-137.15475495741154,-6.705539557046677,-4.287548478621407,28.894902334236345,-8.729830871266083,4.02,1.92,449.0,113.7,29.0,95.6,2414.0,6.9,715751,595978,672356,665926,608070,642708,680757,664702,660757,53.55,0.98,2.0,2.0,1.0,0.0,3.0,6.0,23,4,4-Seam Fastball,2,0,0,2,2,2,2,2,Standard,Standard,199.0,-0.182,1.408,,,3.923,-1.408,113.7,2,-2,0.725,0.275,24,30,25,30,2,1,7.0,1.0,,1.0,0.8,0.27,0.27,56.0,,,,,
FF,2022-10-15,94.4,-2.23,5.61,"Judge, Aaron",592450,660853,field_out,hit_into_play,,,,,4.0,Aaron Judge flies out sharply to left fielder Steven Kwan.,D,R,R,CLE,NYY,X,7.0,fly_ball,1,1,2022,-1.1,1.16,-0.79,2.98,,,,0,8,Top,84.81,57.56,,,,,6.157971293648402,-137.4198883633979,-3.766207835840084,-15.22987586184358,28.251157479324696,-16.790331411037634,4.02,1.92,364.0,110.6,42.0,94.2,2326.0,6.0,715751,571912,672356,665926,608070,642708,680757,664702,660757,54.51,0.478,0.989,0.0,1.0,0.0,0.0,6.0,60,3,4-Seam Fastball,3,5,5,3,5,3,5,3,Standard,Standard,229.0,0.011,-0.236,,,1.914,0.236,110.6,-2,2,0.139,0.861,26,30,27,30,1,3,4.0,1.0,,1.0,1.38,1.1,1.1,27.1,,,,,
FC,2022-10-14,100.6,-0.46,6.05,"Judge, Aaron",592450,661403,field_out,hit_into_play,,,,,4.0,"Aaron Judge grounds out, third baseman Jose Ramirez to first baseman Josh Naylor.",D,R,R,NYY,CLE,X,5.0,ground_ball,2,2,2022,0.28,0.92,-0.8,3.3,,,,1,9,Bot,100.8,163.08,,,,,-1.5923587413324969,-146.65125053605527,-4.563448586810673,4.382612440164763,29.861607214916575,-18.00196127648281,4.01,1.93,13.0,95.5,-13.0,101.7,2746.0,6.5,715752,571912,647304,665926,608070,642708,680757,664702,660757,54.03,0.192,0.187,0.0,1.0,0.0,0.0,2.0,75,6,Cutter,2,2,2,2,2,2,2,2,Standard,Standard,172.0,-0.041,-0.212,,,0.211,0.212,95.5,0,0,0.577,0.577,24,30,24,30,1,4,6.0,3.0,4.0,1.0,1.3,-0.28,-0.28,54.3,,,,,
ST,2022-10-04,84.5,-1.97,5.87,"Judge, Aaron",592450,592351,field_out,hit_into_play,,,,,5.0,Aaron Judge pops out to first baseman Nathaniel Lowe.,R,R,R,TEX,NYY,X,3.0,popup,2,2,2022,0.69,0.17,-0.24,2.99,,,503556.0,2,5,Top,140.54,183.69,,,,,2.6346701847499907,-123.01298370636889,-0.6741815713604129,6.492789702471301,24.824400842093503,-30.523602732697896,3.97,1.9,73.0,83.8,74.0,84.5,2593.0,6.3,662062,608700,663993,543760,673962,608369,669701,665750,669352,54.19,0.008,0.01,0.0,1.0,0.0,0.0,3.0,38,5,Sweeper,2,3,3,2,3,2,3,2,Standard,Standard,76.0,0.022,-0.223,,,0.012,0.223,88.0,-1,1,0.393,0.607,30,30,31,30,3,2,5.0,1.0,,0.0,3.02,-0.69,-0.69,29.7,,,,,
FF,2022-10-04,97.3,-1.9,5.64,"Judge, Aaron",592450,592351,field_out,hit_into_play,,,,,1.0,Aaron Judge flies out to right fielder Bubba Thompson.,R,R,R,TEX,NYY,X,9.0,fly_ball,1,2,2022,-0.82,1.17,-0.7,3.37,,,,1,3,Top,168.33,80.14,,,,,5.081826061326742,-141.70267433469326,-3.2441587558459917,-12.201335842087722,32.39017997651964,-15.91753021922323,3.97,1.9,314.0,95.3,43.0,97.3,2036.0,6.2,662062,608700,663993,543760,673962,608369,669701,665750,669352,54.28,0.021,0.035,0.0,1.0,0.0,0.0,3.0,23,4,4-Seam Fastball,2,2,2,2,2,2,2,2,Standard,Standard,225.0,0.013,-0.177,,,0.059,0.177,95.3,0,0,0.53,0.47,30,30,31,30,2,1,5.0,1.0,,0.0,1.24,0.82,0.82,25.7,,,,,
FF,2022-10-04,96.8,1.78,6.17,"Judge, Aaron",592450,656271,single,hit_into_play,,,,,4.0,Aaron Judge singles on a line drive to center fielder Leody Taveras.,R,R,L,TEX,NYY,X,8.0,line_drive,0,0,2022,0.6,1.47,-0.47,2.68,,,,0,8,Top,148.6,82.72,,,,,-7.498614826261738,-140.62647489397435,-7.179352057875259,9.74057669377228,33.93434306629938,-11.144087254272192,3.97,1.9,209.0,84.2,15.0,97.8,2446.0,7.1,662062,608700,663993,543760,673962,608369,669701,665750,669352,53.39,0.939,0.892,0.9,1.0,1.0,0.0,4.0,59,1,4-Seam Fastball,4,4,4,4,4,4,4,4,Standard,Strategic,141.0,-0.068,0.44,,,1.077,-0.44,88.0,0,0,0.5,0.5,25,30,26,30,1,3,5.0,1.0,,0.0,0.98,0.6,-0.6,41.8,,,,,
SI,2022-10-04,99.5,-1.49,5.46,"Judge, Aaron",592450,642546,force_out,hit_into_play,,,,,6.0,"Aaron Judge grounds into a force out, shortstop Corey Seager to second baseman Marcus Semien.   Kyle Higashioka out at 2nd.",R,R,R,TEX,NYY,X,6.0,ground_ball,0,0,2022,-1.48,0.53,0.51,2.92,,,543309.0,2,9,Top,112.63,165.38,,,,,8.985785707215317,-144.55893546018615,-2.757128938889353,-22.93581750206059,34.97238070637195,-24.32072296269669,3.97,1.9,9.0,99.2,-18.0,99.3,2304.0,6.4,662062,641680,663993,543760,673962,608369,669701,665750,669352,54.13,0.142,0.145,0.0,1.0,0.0,0.0,2.0,71,1,Sinker,4,5,5,4,5,4,5,4,Standard,Standard,242.0,0.019,-0.26,,,0.142,0.26,99.2,-1,1,0.185,0.815,25,30,26,30,1,4,1.0,1.0,,0.0,1.79,1.48,1.48,21.6,,,,,
SL,2022-10-04,88.4,-1.71,5.69,"Judge, Aaron",592450,622786,home_run,hit_into_play,,,,,5.0,Aaron Judge homers (62) on a fly ball to left field.,R,R,R,TEX,NYY,X,,fly_ball,1,1,2022,-0.29,0.5,-0.03,2.76,,,,0,1,Top,38.02,66.8,,,,,4.637403201878163,-128.74430500139314,-2.1005434790268636,-4.15089119749187,25.946824548562603,-26.409473233791736,3.99,1.91,391.0,100.2,35.0,87.8,2233.0,5.8,662010,669087,663993,543760,673962,669701,669352,665750,594777,54.69,0.3902777777777777,0.7657777777777778,2.0,1.0,0.0,3.0,5.0,1,3,Slider,0,0,0,0,1,0,1,0,Standard,Standard,129.0,-0.097,1.125,,,1.4926666666666664,-1.125,100.2,0,0,0.501,0.499,27,30,27,30,1,0,1.0,0.0,,7.0,2.41,0.29,0.29,30.4,,,,,
FF,2022-10-04,96.7,-2.02,5.58,"Judge, Aaron",592450,592351,field_out,hit_into_play,,,,,6.0,"Aaron Judge grounds out, shortstop Corey Seager to first baseman Nathaniel Lowe.",R,R,R,TEX,NYY,X,6.0,ground_ball,0,0,2022,-1.24,0.91,0.55,2.75,,,,0,1,Top,110.6,163.35,,,,,9.858244843769166,-140.45654983748102,-4.069034007865756,-18.671759705485055,34.50575128541742,-19.42562067400621,3.97,1.9,8.0,96.7,-19.0,98.1,2009.0,7.4,662062,608700,663993,543760,673962,608369,669701,665750,669352,53.13,0.142,0.141,0.0,1.0,0.0,0.0,2.0,1,1,4-Seam Fastball,0,0,0,0,0,0,0,0,Standard,Standard,223.0,0.022,-0.247,,,0.149,0.247,96.7,0,0,0.5,0.5,30,30,31,30,1,0,5.0,1.0,,0.0,1.56,1.24,1.24,26.2,,,,,
FC,2022-10-03,90.7,1.06,5.54,"Judge, Aaron",592450,527048,single,hit_into_play,,,,,1.0,Aaron Judge singles on a soft ground ball to third baseman Josh Jung.,R,R,L,TEX,NYY,X,5.0,ground_ball,1,0,2022,0.18,1.29,-0.79,3.62,,,,0,6,Top,109.08,181.14,,,,,-4.949213911473251,-132.0103232090949,-1.6070764250730774,3.154148811424827,28.59340956780263,-17.004143589814372,3.95,1.91,,,,89.8,2103.0,5.7,662044,641680,663993,543760,673962,608369,669701,669352,594777,54.77,,,0.9,,1.0,0.0,,34,2,Cutter,0,1,1,0,1,0,1,0,Standard,Standard,138.0,-0.034,0.403,,,,-0.403,,-1,1,0.336,0.6639999999999999,31,30,31,30,3,2,5.0,1.0,,1.0,1.49,0.18,-0.18,38.3,,,,,
FC,2022-10-03,90.0,1.23,5.43,"Judge, Aaron",592450,527048,double_play,hit_into_play,,,,,9.0,"Aaron Judge lines into a double play, second baseman Marcus Semien to first baseman Nathaniel Lowe.   Kyle Higashioka out at 1st.",R,R,L,TEX,NYY,X,4.0,line_drive,2,2,2022,0.27,0.74,0.71,2.09,,,543309.0,1,3,Top,144.92,148.54,,,,,-1.8331939580633936,-131.1402000625368,-3.871091379066649,3.5135402772958795,27.833300393122308,-23.06392472353206,3.95,1.91,195.0,104.7,8.0,89.5,2210.0,5.9,662044,641680,663993,543760,673962,608369,669701,669352,594777,54.57,0.663,0.618,0.0,1.0,0.0,0.0,4.0,16,5,Cutter,0,0,0,0,0,0,0,0,Standard,Standard,146.0,0.055,-0.23,,,0.766,0.23,104.7,0,0,0.5,0.5,31,30,31,30,2,1,5.0,1.0,,1.0,2.07,0.27,-0.27,40.1,,,,,
CH,2022-10-03,86.1,1.17,5.67,"Judge, Aaron",592450,527048,field_out,hit_into_play,,,,,14.0,"Aaron Judge grounds out, third baseman Josh Jung to first baseman Nathaniel Lowe.",R,R,L,TEX,NYY,X,5.0,ground_ball,1,2,2022,1.23,0.82,1.17,1.89,,,,0,1,Top,107.05,162.33,,,,,-2.4740813045342143,-125.33420807989869,-4.3693457602242525,13.43756331987952,25.829017141865663,-22.890408247050615,3.95,1.91,11.0,69.9,-9.0,85.7,1712.0,6.0,662044,641680,663993,543760,673962,608369,669701,669352,594777,54.46,0.079,0.074,0.0,1.0,0.0,0.0,2.0,1,4,Changeup,0,0,0,0,0,0,0,0,Standard,Standard,125.0,0.016,-0.176,,,0.091,0.176,88.0,0,0,0.506,0.494,31,30,31,30,1,0,5.0,1.0,,1.0,2.26,1.23,-1.23,38.9,,,,,
ST,2022-09-30,80.5,-2.05,5.74,"Judge, Aaron",592450,543475,single,hit_into_play,,,,,8.0,Aaron Judge singles on a ground ball to center fielder Cedric Mullins.,R,R,R,NYY,BAL,X,8.0,ground_ball,2,2,2022,1.32,0.16,0.02,1.88,,,,2,3,Bot,122.1,119.62,,,,,2.098564982046925,-117.2599750622935,-2.1857368215824633,11.662473948110394,23.465847731266113,-30.49765296583616,3.89,1.88,88.0,78.9,9.0,80.9,2591.0,6.7,661218,668939,663624,679631,683002,622761,669720,656775,623993,53.84,0.353,0.317,0.9,1.0,1.0,0.0,4.0,23,5,Sweeper,0,1,0,1,1,0,0,1,Standard,Standard,49.0,0.015,0.345,,,0.373,-0.345,88.0,-1,-1,0.389,0.389,31,30,32,30,2,1,4.0,2.0,,1.0,3.37,-1.32,-1.32,42.0,,,,,
SI,2022-09-28,94.8,-1.25,6.23,"Judge, Aaron",592450,669952,field_out,hit_into_play,,,,,4.0,"Aaron Judge grounds out sharply, third baseman Matt Chapman to first baseman Vladimir Guerrero Jr.",R,R,R,TOR,NYY,X,5.0,ground_ball,2,0,2022,-1.05,1.14,-0.34,2.68,641796.0,543305.0,,1,4,Top,98.86,167.56,,,,,4.699174364012523,-137.76802648351807,-6.061788827101756,-14.459268109947276,34.46342436277487,-16.49675783150891,3.99,1.9,22.0,105.6,-6.0,94.1,2029.0,6.2,661737,643376,665489,593160,656305,666182,606132,598265,606192,54.29,0.345,0.337,0.0,1.0,0.0,0.0,2.0,28,3,Sinker,0,3,3,0,3,0,3,0,Infield shift,Standard,199.0,0.047,-0.238,,,0.357,0.238,105.6,-3,3,0.135,0.865,27,30,28,30,3,2,5.0,1.0,7.0,2.0,1.43,1.05,1.05,47.8,,,,,
ST,2022-09-28,86.6,-1.57,6.16,"Judge, Aaron",592450,669952,field_out,hit_into_play,,,,,9.0,Aaron Judge flies out to right fielder Teoscar Hernandez.,R,R,R,TOR,NYY,X,9.0,fly_ball,0,1,2022,0.94,0.01,0.34,2.54,,641796.0,543305.0,0,2,Top,171.91,92.41,,,,,2.6220165415239647,-126.10257448538668,-2.376801172104104,9.378733295175705,28.947400927582144,-31.790911474349272,3.99,1.9,288.0,96.9,47.0,86.0,2426.0,6.1,661737,643376,665489,593160,656305,666182,606132,598265,606192,54.37,0.003,0.002,0.0,1.0,0.0,0.0,3.0,13,2,Sweeper,0,3,3,0,3,0,3,0,Infield shift,Standard,57.0,0.026,-0.209,,,0.003,0.209,96.9,-3,3,0.173,0.827,27,30,28,30,2,1,5.0,1.0,7.0,2.0,3.06,-0.94,-0.94,42.0,,,,,
SI,2022-09-28,94.5,1.78,6.46,"Judge, Aaron",592450,641835,home_run,hit_into_play,,,,,5.0,Aaron Judge homers (61) on a fly ball to left field. Aaron Hicks scores.,R,R,L,TOR,NYY,X,,fly_ball,3,2,2022,1.42,0.93,0.23,2.79,,,543305.0,0,7,Top,52.2,64.43,,,,,-7.215790691002676,-137.30515337732675,-5.896827842084885,19.62244148493599,31.79876688938976,-19.31560281335517,3.99,1.9,394.0,117.4,22.0,94.1,2078.0,6.3,661737,643376,665489,593160,656305,666182,606132,598265,606192,54.25,0.972,1.895,2.0,1.0,0.0,3.0,6.0,50,8,Sinker,3,3,3,3,5,3,5,3,Infield shift,Strategic,135.0,-0.243,0.974,,,3.67,-0.974,117.4,0,0,0.428,0.5720000000000001,30,30,30,30,1,3,2.0,1.0,5.0,2.0,1.64,1.42,-1.42,42.5,,,,,
SI,2022-09-28,86.2,-4.24,2.12,"Judge, Aaron",592450,643256,force_out,hit_into_play,,,,,8.0,"Aaron Judge grounds into a force out, shortstop Bo Bichette to second baseman Whit Merrifield. Aaron Hicks out at 2nd.",R,R,R,TOR,NYY,X,6.0,ground_ball,0,0,2022,-1.11,-0.69,-0.26,2.35,,,543305.0,2,8,Top,101.09,139.22,,,,,11.665376996569655,-124.62567729058875,8.292404846383864,-13.875621176275535,25.244288381397133,-41.485203822895045,3.99,1.9,90.0,107.0,3.0,85.9,2171.0,6.5,661737,643376,665489,593160,656305,666182,606132,605548,606192,54.01,0.521,0.469,0.0,1.0,0.0,0.0,4.0,64,1,Sinker,3,6,6,3,6,3,6,3,Infield shift,Standard,279.0,0.007,-0.26,,,0.55,0.26,107.0,-3,3,0.08,0.92,31,30,32,30,1,4,2.0,1.0,3.0,2.0,3.8,1.11,1.11,-28.1,,,,,
SI,2022-09-27,96.5,-2.99,5.7,"Judge, Aaron",592450,621244,field_out,hit_into_play,,,,,7.0,Aaron Judge lines out to third baseman Matt Chapman.,R,R,R,TOR,NYY,X,5.0,line_drive,3,2,2022,-1.31,0.72,-0.36,2.24,,,,0,1,Top,85.17,162.04,,,,,9.945335835498302,-140.11355315301458,-5.260443948861008,-19.453365480692018,30.88010758121324,-21.719395544005835,3.99,1.9,139.0,96.8,10.0,96.4,2232.0,6.3,661778,672386,624415,593160,656305,666182,606132,543807,606192,54.21,0.695,0.626,0.0,1.0,0.0,0.0,4.0,1,6,Sinker,0,0,0,0,0,0,0,0,Infield shift,Standard,224.0,0.027,-0.333,,,0.774,0.333,96.8,0,0,0.495,0.505,28,30,28,30,1,0,5.0,1.0,6.0,1.0,1.74,1.31,1.31,37.9,,,,,
FF,2022-09-26,94.5,-2.22,6.1,"Judge, Aaron",592450,592332,single,hit_into_play,,,,,8.0,Aaron Judge singles on a sharp line drive to right fielder Teoscar Hernandez.,R,R,R,TOR,NYY,X,9.0,line_drive,2,1,2022,-1.04,1.56,-0.01,1.99,,,,0,1,Top,177.99,76.86,,,,,8.066552725191501,-137.12379434888558,-8.438222728328197,-15.026004750720388,32.98625068363311,-10.751876077481969,4.01,1.92,249.0,112.9,11.0,94.1,2298.0,6.4,661768,643376,665489,593160,656305,666182,606132,543807,606192,54.08,0.839,0.868,0.9,1.0,1.0,0.0,6.0,1,4,4-Seam Fastball,0,0,0,0,0,0,0,0,Standard,Standard,212.0,-0.032,0.396,,,1.182,-0.396,112.9,0,0,0.496,0.504,31,30,31,30,1,0,5.0,1.0,6.0,1.0,1.03,1.04,1.04,43.4,,,,,
SL,2022-09-25,85.9,-1.79,5.62,"Judge, Aaron",592450,678394,field_out,hit_into_play,,,,,4.0,Aaron Judge flies out to center fielder Enrique Hernandez.,R,R,R,NYY,BOS,X,8.0,fly_ball,0,0,2022,0.08,-0.16,-0.5,2.87,,672724.0,,0,5,Bot,90.36,67.13,,,,,2.875515424150231,-125.12950116500473,0.0153040149236698,0.2954594118108664,24.535706338103346,-34.04184195921132,4.02,1.92,338.0,98.8,44.0,85.7,2440.0,6.0,661220,657136,671213,644374,666915,593428,502054,571771,608701,54.49,0.034,0.056,0.0,1.0,0.0,0.0,3.0,37,1,Slider,1,0,1,0,0,1,1,0,Standard,Standard,54.0,-0.039,-0.257,,,0.11,0.257,98.8,1,1,0.767,0.767,23,30,23,30,3,2,5.0,1.0,6.0,1.0,3.23,-0.08,-0.08,38.7,,,,,
SI,2022-09-25,96.0,-1.95,5.31,"Judge, Aaron",592450,678394,double,hit_into_play,,,,,4.0,Aaron Judge doubles (28) on a ground ball to left fielder Tommy Pham.,R,R,R,NYY,BOS,X,7.0,ground_ball,1,0,2022,-1.35,0.32,-0.31,3.19,,,,0,1,Bot,44.63,100.3,,,,,7.376843992174995,-139.62451201287422,-0.7577004601616035,-19.368288958584237,31.17336933876956,-28.00583931118637,4.02,1.92,43.0,101.2,-2.0,96.0,2027.0,6.3,661220,657136,671213,644374,666915,593428,502054,571771,608701,54.18,0.358,0.352,1.25,1.0,1.0,1.0,2.0,5,2,Sinker,0,0,0,0,0,0,0,0,Standard,Standard,229.0,0.056,0.669,,,0.399,-0.669,101.2,0,0,0.551,0.551,23,30,23,30,1,0,5.0,1.0,6.0,1.0,2.15,1.35,1.35,32.1,,,,,
FF,2022-09-24,95.1,-1.28,6.64,"Judge, Aaron",592450,601713,field_out,hit_into_play,,,,,4.0,Aaron Judge flies out sharply to center fielder Abraham Almonte.,R,R,R,NYY,BOS,X,8.0,fly_ball,2,2,2022,-0.57,1.9,-0.58,2.81,,,,0,3,Bot,131.74,58.54,,,,,3.121863608566422,-138.23438947979912,-8.708774430524027,-7.978165619650819,30.202266516923,-6.089815758482604,3.97,1.87,348.0,108.1,43.0,95.7,2516.0,6.7,661221,624512,671213,571771,646240,593428,502054,501659,657077,53.83,0.356,0.724,0.0,1.0,0.0,0.0,6.0,22,5,4-Seam Fastball,2,3,2,3,3,2,2,3,Infield shade,Standard,192.0,-0.025,-0.218,,,1.405,0.218,108.1,-1,-1,0.434,0.434,29,30,29,30,2,1,6.0,1.0,6.0,1.0,0.62,0.57,0.57,58.3,,,,,
FC,2022-09-23,83.6,1.58,5.68,"Judge, Aaron",592450,448179,field_out,hit_into_play,,,,,4.0,Aaron Judge flies out sharply to left fielder Tommy Pham.,R,R,L,NYY,BOS,X,7.0,fly_ball,0,1,2022,-0.43,0.57,-0.37,3.19,,,,1,3,Bot,73.28,73.21,,,,,-3.645800383646965,-121.8328090417222,-0.4691987247551077,-3.554264642449876,23.363028487628743,-26.6500306883532,3.95,1.86,337.0,110.1,44.0,83.5,2275.0,6.1,661222,624512,671213,571771,646240,644374,502054,608701,657077,54.43,0.361,0.757,0.0,1.0,0.0,0.0,6.0,22,2,Cutter,1,1,1,1,1,1,1,1,Infield shade,Standard,181.0,-0.015,-0.208,,,1.445,0.208,110.1,0,0,0.527,0.527,42,30,42,30,2,1,6.0,1.0,5.0,1.0,2.68,-0.43,0.43,37.8,,,,,
FF,2022-09-23,99.0,-2.79,5.65,"Judge, Aaron",592450,672391,single,hit_into_play,,,,,7.0,Aaron Judge singles on a sharp line drive to left fielder Tommy Pham.,R,R,R,NYY,BOS,X,7.0,line_drive,0,0,2022,-0.78,1.64,-0.44,2.3,,,,2,7,Bot,78.8,81.27,,,,,8.169240529858078,-143.74020174573627,-7.40612112681888,-12.892076021347131,38.14766383273185,-7.921448836065411,3.95,1.86,242.0,110.7,11.0,97.8,2448.0,6.0,661222,624512,671213,571771,646240,644374,502054,608701,657077,54.46,0.905,0.944,0.9,1.0,1.0,0.0,5.0,56,1,4-Seam Fastball,4,4,4,4,4,4,4,4,Infield shift,Standard,208.0,0.02,0.305,,,1.251,-0.305,110.7,0,0,0.521,0.521,30,30,30,30,1,3,1.0,1.0,3.0,1.0,0.73,0.78,0.78,40.5,,,,,
FF,2022-09-22,95.8,-1.65,6.09,"Judge, Aaron",592450,598264,field_out,hit_into_play,,,,,2.0,Aaron Judge flies out sharply to center fielder Enrique Hernandez.,R,R,R,NYY,BOS,X,8.0,fly_ball,2,2,2022,-0.7,1.4,-0.07,3.58,,,,1,9,Bot,135.05,36.19,,,,,5.830866389321193,-139.3419129453048,-4.214905678483071,-10.433406501034746,32.559363623168004,-13.220457105000309,3.94,1.87,403.0,113.0,35.0,96.8,2288.0,7.0,661243,624512,671213,644374,646240,593428,502054,571771,657077,53.53,0.9185,1.8745,0.0,1.0,0.0,0.0,6.0,76,5,4-Seam Fastball,4,4,4,4,4,4,4,4,Standard,Standard,211.0,-0.041,-0.212,,,3.67,0.212,113.0,0,0,0.577,0.577,32,30,32,30,1,4,2.0,1.0,5.0,1.0,1.09,0.7,0.7,43.9,,,,,
SL,2022-09-21,83.2,-1.09,5.79,"Judge, Aaron",592450,672710,double,hit_into_play,,,,,2.0,Aaron Judge hits a ground-rule double (27) on a fly ball down the left-field line.,R,R,R,NYY,PIT,X,,fly_ball,0,0,2022,0.44,0.26,0.25,3.37,,,,1,5,Bot,46.15,118.09,,,,,2.2103439611868865,-121.25334764099917,0.3141301955959437,3.991419402791747,20.415524172575033,-29.84859104938461,3.95,1.88,304.0,101.1,24.0,83.7,2424.0,6.2,661228,641511,641470,666801,663647,665833,669261,668804,592325,54.29,0.5203428571428572,0.902285714285714,1.25,1.0,1.0,1.0,6.0,37,1,Slider,4,1,4,1,1,4,4,1,Infield shift,Standard,73.0,0.018,0.666,,,1.692771428571428,-0.666,101.1,3,3,0.875,0.875,22,30,23,30,3,2,7.0,1.0,5.0,1.0,2.99,-0.44,-0.44,47.1,,,,,
CU,2022-09-21,83.1,-1.48,6.07,"Judge, Aaron",592450,664337,field_out,hit_into_play,,,,,9.0,"Aaron Judge grounds out, first baseman Zack Collins to pitcher Miguel Yajure.",R,R,R,NYY,PIT,X,3.0,ground_ball,0,0,2022,0.82,-1.33,0.73,2.13,,,,1,7,Bot,147.65,172.5,,,,,3.437777690952183,-120.8872955080012,0.1024187295723251,7.180794812000863,26.34375135468093,-45.318861382729615,3.95,1.88,51.0,73.0,3.0,82.4,2702.0,6.1,661228,641511,641470,666801,663647,665833,669261,668804,592325,54.36,0.126,0.127,0.0,1.0,0.0,0.0,2.0,55,1,Curveball,6,2,6,2,2,6,6,2,Infield shift,Standard,27.0,-0.002,-0.246,,,0.13,0.246,88.0,4,4,0.968,0.968,24,30,24,30,1,3,7.0,1.0,4.0,1.0,4.66,-0.82,-0.82,40.0,,,,,
FF,2022-09-21,95.6,-1.11,5.86,"Judge, Aaron",592450,672710,double,hit_into_play,,,,,5.0,Aaron Judge doubles (26) on a sharp line drive to left fielder Jack Suwinski.,R,R,R,NYY,PIT,X,7.0,line_drive,0,0,2022,-0.58,1.38,0.09,3.08,,,,0,1,Bot,51.23,119.62,,,,,4.484573656001111,-139.0615046451296,-4.819079726333036,-8.59606382626988,31.969089826876296,-13.375141958078578,3.95,1.88,190.0,104.9,12.0,95.8,2263.0,6.5,661228,641511,641470,666801,663647,665833,669261,668804,592325,54.03,0.892,0.905,1.25,1.0,1.0,1.0,4.0,5,1,4-Seam Fastball,0,0,0,0,0,0,0,0,Infield shift,Standard,210.0,0.059,0.706,,,1.187,-0.706,104.9,0,0,0.548,0.548,22,30,23,30,1,0,7.0,1.0,5.0,1.0,1.12,0.58,0.58,44.3,,,,,
SL,2022-09-20,87.5,-1.23,5.33,"Judge, Aaron",592450,682847,field_out,hit_into_play,,,,,9.0,"Aaron Judge grounds out, third baseman Ke'Bryan Hayes to first baseman Michael Chavis.",R,R,R,NYY,PIT,X,5.0,ground_ball,1,1,2022,0.48,0.19,0.75,1.86,,,,2,3,Bot,107.05,178.6,,,,,3.8006153887962855,-127.52035661545776,-2.776488258425794,4.73129151975603,20.871769836850024,-29.770232863210584,3.99,1.93,6.0,65.3,-18.0,88.6,2593.0,6.5,661229,641511,656308,666801,663647,665833,656185,668804,660636,54.04,0.047,0.059,0.0,1.0,0.0,0.0,2.0,22,3,Slider,0,0,0,0,0,0,0,0,Infield shift,Standard,78.0,-0.011,-0.241,,,0.047,0.241,88.0,0,0,0.511,0.511,23,30,23,30,2,1,7.0,2.0,5.0,1.0,2.73,-0.48,-0.48,29.2,,,,,
SI,2022-09-20,95.3,-2.1,6.05,"Judge, Aaron",592450,640444,home_run,hit_into_play,,,,,7.0,Aaron Judge homers (60) on a fly ball to left center field.,R,R,R,NYY,PIT,X,,fly_ball,3,1,2022,-1.18,1.15,-0.3,2.3,,,,0,9,Bot,57.04,38.57,,,,,7.402531483860059,-138.58102837163497,-6.8269817418131895,-16.813498900321704,30.054575493347915,-16.01658829791193,3.99,1.93,430.0,111.6,24.0,95.9,2286.0,6.6,661229,641511,656308,666801,663647,665833,656185,668804,669261,53.89,0.9764,2.0,2.0,1.0,0.0,3.0,6.0,81,5,Sinker,4,8,4,8,8,5,5,8,Infield shift,Standard,202.0,0.014,0.943,,,3.8498,-0.943,111.6,-4,-4,0.029,0.029,27,30,28,30,1,4,2.0,2.0,3.0,1.0,1.36,1.18,1.18,50.7,,,,,
SI,2022-09-20,98.6,-1.44,5.38,"Judge, Aaron",592450,682847,field_out,hit_into_play,,,,,9.0,"Aaron Judge grounds out, second baseman Rodolfo Castro to first baseman Michael Chavis.",R,R,R,NYY,PIT,X,4.0,ground_ball,1,0,2022,-1.34,0.75,0.38,1.9,,,,0,1,Bot,110.09,162.84,,,,,8.12297338634899,-143.44819823022752,-5.819071930310271,-20.39015510045468,29.30877086052121,-20.7290622887558,3.99,1.93,6.0,74.9,-17.0,99.6,2292.0,6.6,661229,641511,656308,666801,663647,665833,656185,668804,660636,53.88,0.055,0.061,0.0,1.0,0.0,0.0,2.0,4,2,Sinker,0,0,0,0,0,0,0,0,Infield shift,Standard,232.0,-0.025,-0.284,,,0.063,0.284,88.0,0,0,0.551,0.551,23,30,23,30,1,0,7.0,2.0,5.0,1.0,1.58,1.34,1.34,27.1,,,,,
SI,2022-09-18,92.3,-2.36,5.06,"Judge, Aaron",592450,669920,home_run,hit_into_play,,,,,6.0,Aaron Judge homers (58) on a fly ball to right center field.,R,R,R,MIL,NYY,X,,fly_ball,2,0,2022,-1.45,0.03,0.45,2.72,,,,1,3,Top,209.13,53.1,,,,,10.279293112800824,-134.01244252819896,-0.1782214503311111,-19.728137272197596,28.927787040896717,-31.97329285033203,3.99,1.92,414.0,111.6,35.0,92.1,2117.0,6.3,661162,553882,669374,543939,649966,642715,592885,621438,592669,54.23,0.92575,1.88825,2.0,1.0,0.0,3.0,6.0,20,3,Sinker,4,1,1,4,2,4,2,4,Infield shift,Standard,259.0,-0.073,1.477,,,3.6985,-1.477,111.6,3,-3,0.809,0.1909999999999999,29,30,29,30,2,1,9.0,1.0,,2.0,2.65,1.45,1.45,12.8,,,,,
SL,2022-09-18,87.0,-2.34,5.86,"Judge, Aaron",592450,606131,home_run,hit_into_play,,,,,5.0,Aaron Judge homers (59) on a fly ball to left center field.,R,R,R,MIL,NYY,X,,fly_ball,1,2,2022,0.14,-0.09,0.02,2.78,,,,2,7,Top,38.82,41.18,,,,,5.314552834063226,-126.66134749417384,-1.086336339854677,0.564384851847987,23.27930776178615,-33.18483564177926,3.99,1.92,443.0,110.3,30.0,86.6,2444.0,5.8,661162,553882,669374,543939,649966,642715,592885,621438,592669,54.72,0.9707142857142858,2.0,2.0,1.0,0.0,3.0,6.0,62,4,Slider,4,9,9,4,10,4,10,4,Infield shift,Standard,38.0,-0.017,2.67,,,3.885857142857143,-2.67,110.3,-5,5,0.037,0.963,29,30,29,30,2,4,5.0,1.0,5.0,2.0,3.08,-0.14,-0.14,39.3,,,,,
SL,2022-09-18,80.6,-4.63,3.4,"Judge, Aaron",592450,665001,double,hit_into_play,,,,,8.0,Aaron Judge doubles (25) on a sharp line drive to left fielder Christian Yelich. Isiah Kiner-Falefa scores. Aaron Hicks scores.,R,R,R,MIL,NYY,X,7.0,line_drive,0,0,2022,0.52,0.03,-0.19,2.54,643396.0,,543305.0,2,9,Top,74.13,65.5,,,,,8.925921453314379,-117.0270167823433,4.78213947579073,3.1625889186712413,21.29650125225462,-33.079909341182095,3.99,1.92,354.0,111.8,19.0,81.3,2573.0,6.8,661162,553882,669374,543939,649966,642715,592885,621438,592669,53.7,0.8516,1.514,1.25,1.0,1.0,1.0,6.0,81,1,Slider,6,10,10,6,12,6,12,6,Infield shift,Standard,93.0,-0.012,0.922,,,2.8482999999999996,-0.922,111.8,-4,4,0.015,0.985,29,30,30,30,1,5,4.0,1.0,,2.0,3.49,-0.52,-0.52,-9.1,,,,,
SI,2022-09-18,92.5,-2.25,5.04,"Judge, Aaron",592450,669920,field_out,hit_into_play,,,,,8.0,Aaron Judge lines out sharply to center fielder Tyrone Taylor.,R,R,R,MIL,NYY,X,8.0,line_drive,3,2,2022,-1.57,0.26,0.1,1.94,,,,0,1,Top,133.21,44.22,,,,,9.395402648190114,-134.29586471367216,-2.6168337010429865,-21.027726207382045,30.394449487498356,-28.592639434156883,3.99,1.92,384.0,115.4,16.0,92.3,2061.0,6.4,661162,553882,669374,543939,649966,642715,592885,621438,592669,54.11,0.757,1.259,0.0,1.0,0.0,0.0,6.0,1,6,Sinker,0,0,0,0,0,0,0,0,Infield shift,Standard,265.0,0.027,-0.333,,,2.325,0.333,115.4,0,0,0.495,0.505,29,30,29,30,1,0,9.0,1.0,,2.0,2.42,1.57,1.57,10.3,,,,,
SI,2022-09-18,93.3,-2.23,5.85,"Judge, Aaron",592450,606131,single,hit_into_play,,,,,4.0,Aaron Judge singles on a line drive to left fielder Christian Yelich.,R,R,R,MIL,NYY,X,7.0,line_drive,0,0,2022,-1.21,0.38,-0.49,3.2,,,,0,6,Top,70.68,70.43,,,,,7.122692740425142,-135.75277947870703,-1.8973548629276584,-16.527950542065334,29.283026038029735,-27.233167863331037,3.99,1.92,297.0,111.3,16.0,93.2,2009.0,6.2,661162,553882,669374,543939,649966,642715,592885,621438,592669,54.3,0.5700000000000001,0.8601428571428571,0.9,1.0,1.0,0.0,6.0,50,1,Sinker,4,7,7,4,7,4,7,4,Infield shift,Standard,211.0,-0.016,0.44,,,1.5302857142857142,-0.44,111.3,-3,3,0.137,0.863,29,30,29,30,1,3,5.0,1.0,5.0,2.0,2.23,1.21,1.21,43.0,,,,,
FF,2022-09-17,97.8,-1.23,5.82,"Judge, Aaron",592450,605540,field_out,hit_into_play,,,,,2.0,Aaron Judge flies out to right fielder Hunter Renfroe.,R,R,R,MIL,NYY,X,9.0,fly_ball,1,2,2022,-0.41,1.3,-0.12,3.49,,,543305.0,0,5,Top,192.38,93.25,,,,,3.9666650041641742,-142.39598349837934,-3.830942692271096,-6.521249758749302,31.28800787901411,-13.754071914239615,3.99,1.92,310.0,92.6,41.0,98.5,2195.0,6.5,661163,605170,642133,543939,607054,642715,592885,669003,592669,53.96,0.003,0.002,0.0,1.0,0.0,0.0,3.0,35,5,4-Seam Fastball,3,1,1,3,1,3,1,3,Standard,Standard,211.0,0.034,-0.167,,,0.003,0.167,92.6,2,-2,0.713,0.287,29,30,29,30,3,2,6.0,1.0,5.0,1.0,1.07,0.41,0.41,42.5,,,,,
SI,2022-09-17,96.9,-1.2,5.81,"Judge, Aaron",592450,605540,double,hit_into_play,,,,,7.0,Aaron Judge doubles (24) on a sharp line drive to left fielder Christian Yelich.,R,R,R,MIL,NYY,X,7.0,line_drive,1,2,2022,-1.23,1.07,-0.55,2.46,,,,1,3,Top,38.84,110.33,,,,,4.585890885103909,-140.9868008350646,-5.907754343091669,-17.50271104341553,32.03386831440024,-16.761426733241382,3.99,1.92,238.0,112.4,13.0,97.6,2326.0,6.7,661163,605170,642133,543939,607054,642715,592885,669003,592669,53.82,0.826,0.933,1.25,1.0,1.0,1.0,6.0,17,4,Sinker,0,0,0,0,0,0,0,0,Infield shift,Standard,215.0,-0.052,0.735,,,1.337,-0.735,112.4,0,0,0.53,0.47,29,30,29,30,2,1,6.0,1.0,5.0,1.0,1.36,1.23,1.23,43.5,,,,,
SI,2022-09-16,92.5,-1.42,5.69,"Judge, Aaron",592450,605288,single,hit_into_play,,,,,13.0,Aaron Judge singles on a line drive to center fielder Garrett Mitchell. Aaron Hicks to 2nd.,R,R,R,MIL,NYY,X,8.0,line_drive,2,2,2022,-1.39,0.58,-1.1,1.77,,,543305.0,0,2,Top,110.32,113.95,,,,,3.864809185649802,-134.66215182423036,-5.492218066949004,-17.750835789842004,29.476419651279993,-24.144743620416985,3.99,1.92,182.0,82.8,13.0,93.0,1982.0,6.6,661164,553882,642133,543939,607054,642715,592885,669003,592669,53.93,0.729,0.692,0.9,1.0,1.0,0.0,4.0,16,6,Sinker,0,3,3,0,3,0,3,0,Standard,Standard,233.0,-0.034,0.467,,,0.843,-0.467,88.0,-3,3,0.203,0.7969999999999999,29,30,29,30,2,1,6.0,2.0,5.0,1.0,2.08,1.39,1.39,40.7,,,,,
SI,2022-09-16,94.2,-1.42,5.78,"Judge, Aaron",592450,605288,single,hit_into_play,,,,,7.0,Aaron Judge singles on a ground ball to third baseman Jace Peterson.,R,R,R,MIL,NYY,X,5.0,ground_ball,3,2,2022,-1.27,0.73,-0.63,2.07,,,,0,1,Top,116.69,184.19,,,,,4.876928949517338,-137.11519890265222,-5.577259887198532,-17.068707742189627,28.77207165445883,-22.005279389938835,3.99,1.92,1.0,84.1,-54.0,94.7,1932.0,6.4,661164,553882,642133,543939,607054,642715,592885,669003,592669,54.06,0.216,0.206,0.9,1.0,1.0,0.0,2.0,1,8,Sinker,0,0,0,0,0,0,0,0,Infield shift,Standard,232.0,-0.031,0.354,,,0.247,-0.354,88.0,0,0,0.495,0.505,29,30,29,30,1,0,6.0,2.0,5.0,1.0,1.83,1.27,1.27,38.9,,,,,
CH,2022-09-16,83.6,-2.0,5.03,"Judge, Aaron",592450,642207,field_out,hit_into_play,,,,,8.0,"Aaron Judge grounds out, shortstop Willy Adames to first baseman Rowdy Tellez.",R,R,R,MIL,NYY,X,6.0,ground_ball,2,0,2022,-1.72,-0.13,0.04,2.51,,,,0,8,Top,101.47,148.6,,,,,8.255155075948792,-121.3894507178665,1.0715796352104725,-18.66732441478464,27.56307147630884,-33.97235586335236,3.99,1.92,105.0,82.7,9.0,84.5,2724.0,7.4,661164,553882,642133,543939,607054,642715,592885,669003,592669,53.14,0.418,0.377,0.0,1.0,0.0,0.0,4.0,70,3,Changeup,5,5,5,5,5,5,5,5,Standard,Standard,279.0,0.066,-0.354,,,0.461,0.354,88.0,0,0,0.48,0.52,27,30,28,30,1,4,5.0,2.0,1.0,1.0,3.45,1.72,1.72,18.2,,,,,
SI,2022-09-14,96.2,-1.86,5.66,"Judge, Aaron",592450,678394,single,hit_into_play,,,,,11.0,Aaron Judge singles on a ground ball to shortstop Xander Bogaerts. Aaron Hicks to 2nd.,R,R,R,BOS,NYY,X,6.0,ground_ball,2,0,2022,-1.37,0.65,-1.06,3.18,,,543305.0,1,5,Top,101.47,151.14,,,,,5.217134002406677,-139.91823667301887,-2.422920496155407,-19.19424211206205,33.21828302835526,-23.36037063399459,4.0,1.88,95.0,82.0,6.0,95.8,2066.0,6.2,663159,657136,624414,571771,646240,593428,502054,608701,657077,54.28,0.355,0.34,0.9,1.0,1.0,0.0,2.0,33,3,Sinker,0,0,0,0,0,0,0,0,Standard,Standard,225.0,-0.034,0.306,,,0.398,-0.306,88.0,0,0,0.482,0.518,23,30,23,30,3,2,5.0,1.0,6.0,2.0,1.83,1.37,1.37,37.5,,,,,
SI,2022-09-14,95.4,-2.01,5.3,"Judge, Aaron",592450,678394,field_out,hit_into_play,,,,,13.0,"Aaron Judge grounds out sharply, third baseman Rafael Devers to first baseman Christian Arroyo.",R,R,R,BOS,NYY,X,5.0,ground_ball,3,2,2022,-1.42,0.2,-0.01,1.66,,,,0,1,Top,107.56,178.6,,,,,8.419889068984153,-138.7438518821244,-4.410646526392543,-20.22135093279066,30.540410895945858,-28.737257930720304,4.0,1.88,7.0,102.0,-13.0,95.4,2095.0,6.3,663159,657136,624414,571771,646240,593428,502054,608701,657077,54.24,0.232,0.228,0.0,1.0,0.0,0.0,2.0,1,6,Sinker,0,0,0,0,0,0,0,0,Infield shade,Standard,231.0,0.027,-0.333,,,0.241,0.333,102.0,0,0,0.495,0.505,23,30,23,30,1,0,5.0,1.0,6.0,2.0,2.3,1.42,1.42,30.6,,,,,
KC,2022-09-13,76.4,-1.49,6.54,"Judge, Aaron",592450,601713,home_run,hit_into_play,,,,,6.0,Aaron Judge homers (56) on a fly ball to right center field.,R,R,R,BOS,NYY,X,,fly_ball,0,0,2022,0.66,-1.51,0.31,3.06,,,,0,6,Top,184.66,55.55,,,,,2.606846603525436,-111.09593640911392,2.538372410886883,4.9335658713946335,22.121624605611096,-45.34672216271735,4.0,1.89,383.0,109.7,24.0,76.5,2760.0,6.6,663160,624512,671213,624414,646240,593428,502054,571771,657077,53.86,0.9656111111111112,1.9483888888888892,2.0,1.0,0.0,3.0,6.0,38,1,Knuckle Curve,3,2,2,3,3,3,3,3,Infield shift,Standard,27.0,-0.16,1.114,,,3.809611111111112,-1.114,109.7,1,-1,0.66,0.3399999999999999,29,30,29,30,3,2,6.0,2.0,5.0,1.0,5.46,-0.66,-0.66,56.6,,,,,
FF,2022-09-13,94.3,-1.12,6.71,"Judge, Aaron",592450,601713,single,hit_into_play,,,,,1.0,Aaron Judge singles on a line drive to center fielder Enrique Hernandez.,R,R,R,BOS,NYY,X,8.0,line_drive,3,2,2022,-0.38,1.75,-0.49,3.63,,,,1,3,Top,143.3,92.11,,,,,2.5110497595221233,-137.1464721701085,-6.234634073273665,-5.417694132859613,31.602058070404016,-8.932186178364057,4.0,1.89,211.0,83.1,17.0,95.0,2267.0,6.8,663160,624512,671213,624414,646240,593428,502054,571771,657077,53.71,0.955,0.903,0.9,1.0,1.0,0.0,4.0,18,6,4-Seam Fastball,2,2,2,2,2,2,2,2,Standard,Standard,198.0,-0.024,0.334,,,1.089,-0.334,88.0,0,0,0.521,0.479,29,30,29,30,2,1,6.0,2.0,5.0,1.0,0.82,0.38,0.38,59.0,,,,,
KC,2022-09-13,78.0,-1.12,6.64,"Judge, Aaron",592450,601713,field_out,hit_into_play,,,,,9.0,"Aaron Judge grounds out, third baseman Rafael Devers to first baseman Triston Casas.",R,R,R,BOS,NYY,X,5.0,ground_ball,0,2,2022,0.47,-1.45,0.6,2.19,,,,0,1,Top,87.66,164.64,,,,,2.8358453170879536,-113.46008155046688,0.1088151398905106,3.4170172835756984,23.983226781129364,-44.79052529636891,4.0,1.89,10.0,75.6,-12.0,77.9,2612.0,6.6,663160,624512,671213,624414,646240,593428,502054,571771,657077,53.93,0.079,0.074,0.0,1.0,0.0,0.0,2.0,1,3,Knuckle Curve,0,0,0,0,0,0,0,0,Standard,Standard,21.0,0.014,-0.157,,,0.103,0.157,88.0,0,0,0.508,0.492,29,30,29,30,1,0,6.0,2.0,5.0,1.0,5.24,-0.47,-0.47,60.8,,,,,
SL,2022-09-13,86.5,-1.84,5.34,"Judge, Aaron",592450,676477,home_run,hit_into_play,,,,,5.0,Aaron Judge homers (57) on a fly ball to left field.,R,R,R,BOS,NYY,X,,fly_ball,1,1,2022,0.08,0.21,0.14,2.71,,,,0,8,Top,35.71,69.57,,,,,4.606183226027383,-125.85992484729532,-0.4094995709239488,-0.2089622337554743,28.962932894027716,-30.13007183581059,4.0,1.89,389.0,100.5,35.0,87.1,1914.0,7.0,663160,624512,671213,624414,646240,593428,502054,571771,657077,53.52,0.4517741935483871,0.8997741935483868,2.0,1.0,0.0,3.0,5.0,57,3,Slider,4,3,3,4,4,4,4,4,Standard,Standard,118.0,-0.248,1.125,,,1.7668064516129032,-1.125,100.5,1,-1,0.748,0.252,26,30,26,30,1,3,2.0,2.0,3.0,1.0,2.87,-0.08,-0.08,27.3,,,,,
SL,2022-09-11,85.3,-2.36,5.83,"Judge, Aaron",592450,672715,sac_fly,hit_into_play,,,,,8.0,Aaron Judge out on a sacrifice fly to center fielder Jose Siri. Isiah Kiner-Falefa scores.,R,R,R,NYY,TB,X,8.0,fly_ball,0,0,2022,0.43,0.57,0.03,1.86,643396.0,543309.0,503556.0,0,2,Bot,115.13,70.06,,,,,4.795456833875259,-124.2847511949899,-4.2792172371102755,3.586347410206342,22.778920288020444,-25.632493807997513,4.01,1.9,321.0,92.2,37.0,86.3,2251.0,6.7,661232,542194,666018,664040,670764,677551,444482,642350,668227,53.84,0.032,0.038,0.0,1.0,0.0,0.0,3.0,20,1,Slider,3,1,3,1,1,4,4,1,Infield shift,Standard,99.0,-0.012,-0.232,,,0.072,0.232,92.2,2,2,0.853,0.853,22,30,23,30,2,1,6.0,1.0,,2.0,2.53,-0.43,-0.43,44.3,,,,,
ST,2022-09-11,70.6,3.25,4.85,"Judge, Aaron",592450,642232,field_out,hit_into_play,,,,,8.0,Aaron Judge flies out to right fielder Randy Arozarena.,R,R,L,NYY,TB,X,9.0,fly_ball,0,1,2022,-1.55,0.16,-0.19,2.16,,,,0,6,Bot,138.7,96.91,,,,,-4.0977939653388,-102.59928574161005,2.225614813155461,-10.008153536224896,19.808130810983,-31.72373332208046,4.01,1.9,257.0,90.5,47.0,70.0,2043.0,6.3,661232,542194,666018,664040,670623,670764,444482,642350,668227,54.23,0.003,0.003,0.0,1.0,0.0,0.0,3.0,55,2,Sweeper,10,3,10,3,3,10,10,3,Infield shift,Standard,275.0,-0.001,-0.209,,,0.007,0.209,90.5,7,7,0.993,0.993,30,30,31,30,1,3,7.0,1.0,6.0,2.0,4.49,-1.55,1.55,13.9,,,,,
FF,2022-09-11,94.1,0.35,6.07,"Judge, Aaron",592450,656222,field_out,hit_into_play,,,,,5.0,"Aaron Judge grounds out, third baseman Taylor Walls to first baseman Jonathan Aranda.",R,R,L,NYY,TB,X,5.0,ground_ball,0,0,2022,0.37,1.54,0.06,3.17,,,,1,3,Bot,94.87,169.96,,,,,-1.5831583376858325,-136.9513031992928,-5.196603817204733,5.0322712540446695,33.78635427074205,-11.879149332317732,4.01,1.9,44.0,110.1,-2.0,94.4,2156.0,6.7,661232,542194,666018,664040,670764,677551,444482,642350,668227,53.76,0.492,0.452,0.0,1.0,0.0,0.0,4.0,32,1,4-Seam Fastball,10,1,10,1,1,10,10,1,Infield shift,Standard,157.0,-0.001,-0.246,,,0.524,0.246,110.1,9,9,0.991,0.991,28,30,29,30,1,2,2.0,1.0,2.0,2.0,1.06,0.37,-0.37,55.0,,,,,
SL,2022-09-11,82.8,-2.25,5.81,"Judge, Aaron",592450,672715,single,hit_into_play,,,,,14.0,Aaron Judge singles on a fly ball to center fielder Jose Siri.,R,R,R,NYY,TB,X,8.0,fly_ball,2,2,2022,0.86,0.69,0.54,1.75,,,,0,1,Bot,140.35,95.92,,,,,4.706680963873689,-120.4832067725726,-4.1574907033052755,7.501779502409436,22.897187681758133,-24.819853830280344,4.01,1.9,233.0,72.4,30.0,83.3,2317.0,6.5,661232,542194,666018,664040,670764,677551,444482,642350,668227,53.95,0.739,0.713,0.9,1.0,1.0,0.0,4.0,5,5,Slider,0,0,0,0,0,0,0,0,Infield shift,Standard,81.0,0.037,0.469,,,0.833,-0.469,88.0,0,0,0.546,0.546,22,30,23,30,1,0,6.0,1.0,,2.0,2.63,-0.86,-0.86,42.3,,,,,
CU,2022-09-10,82.7,-1.66,5.39,"Judge, Aaron",592450,446372,single,hit_into_play,,,,,5.0,Aaron Judge singles on a sharp line drive to left fielder David Peralta. Miguel Andujar scores. Kyle Higashioka to 2nd.,R,R,R,NYY,TB,X,7.0,line_drive,0,0,2022,1.41,0.1,0.15,3.23,609280.0,,543309.0,2,1,Bot,63.6,93.1,,,,,1.387755037786666,-120.4925390950433,1.396215628502938,13.359604728281925,24.585086446161256,-31.74085105547021,4.01,1.88,256.0,102.2,16.0,82.4,2703.0,6.1,661282,642336,623912,664040,650490,677551,444482,642350,622534,54.36,0.55,0.589,0.9,1.0,1.0,0.0,4.0,14,1,Curveball,5,0,5,0,0,6,6,0,Standard,Standard,57.0,0.03,0.599,,,0.837,-0.599,102.2,5,5,0.906,0.906,36,30,36,30,2,1,7.0,1.0,6.0,1.0,3.24,-1.41,-1.41,34.9,,,,,
FC,2022-09-10,94.3,-2.05,5.85,"Judge, Aaron",592450,542888,single,hit_into_play,,,,,9.0,Aaron Judge singles on a line drive to center fielder Jose Siri.,R,R,R,NYY,TB,X,8.0,line_drive,0,0,2022,0.03,0.77,0.42,2.16,,,,2,6,Bot,140.24,78.84,,,,,6.37060568892822,-137.2214078834264,-5.655068862776349,-0.9850835963509684,30.065180234398813,-21.357483651608828,4.01,1.88,211.0,88.2,16.0,94.7,2441.0,6.5,661282,642336,623912,664040,650490,677551,444482,642350,622534,54.02,0.926,0.879,0.9,1.0,1.0,0.0,4.0,51,1,Cutter,7,1,7,1,1,7,7,1,Standard,Standard,184.0,0.001,0.305,,,1.049,-0.305,88.2,6,6,0.984,0.984,31,30,32,30,1,3,1.0,1.0,3.0,1.0,1.79,-0.03,-0.03,44.0,,,,,
SI,2022-09-10,90.7,-1.75,5.26,"Judge, Aaron",592450,446372,single,hit_into_play,,,,,13.0,Aaron Judge singles on a ground ball to left fielder David Peralta.,R,R,R,NYY,TB,X,7.0,ground_ball,1,2,2022,-1.39,0.81,-0.25,1.67,,,,0,1,Bot,76.6,117.08,,,,,6.746235135206943,-131.94343025830983,-4.793332042825472,-17.6742476069393,27.395671015425165,-21.858306758900152,4.01,1.88,112.0,111.5,5.0,91.1,2100.0,6.5,661282,642336,623912,664040,650490,677551,444482,642350,622534,54.01,0.658,0.61,0.9,1.0,1.0,0.0,4.0,5,4,Sinker,0,0,0,0,0,0,0,0,Standard,Standard,216.0,0.041,0.51,,,0.728,-0.51,111.5,0,0,0.542,0.542,36,30,36,30,1,0,7.0,1.0,6.0,1.0,1.96,1.39,1.39,32.9,,,,,
FC,2022-09-09,88.7,-2.07,5.9,"Judge, Aaron",592450,656876,single,hit_into_play,,,,,8.0,"Yankees challenged (trap play), call on the field was overturned: Aaron Judge singles on a sharp line drive to left fielder Randy Arozarena. Kyle Higashioka to 2nd.",R,R,R,NYY,TB,X,7.0,line_drive,1,2,2022,0.18,-0.15,0.15,1.84,,,543309.0,1,3,Bot,71.11,102.65,,,,,5.075858543826943,-129.24821353322517,-3.632631082561134,1.0474839363838853,24.506513084068047,-33.41613615559942,4.01,1.88,276.0,101.2,16.0,89.5,2765.0,6.5,661234,542194,596847,664040,650490,677551,668227,642350,622534,54.02,0.574,0.604,0.9,1.0,1.0,0.0,4.0,25,4,Cutter,0,1,0,1,1,0,0,1,Standard,Standard,60.0,0.055,0.483,,,0.842,-0.483,101.2,-1,-1,0.431,0.431,26,30,27,30,2,1,9.0,1.0,5.0,1.0,3.02,-0.18,-0.18,55.1,,,,,
CH,2022-09-09,91.9,0.5,6.01,"Judge, Aaron",592450,656222,single,hit_into_play,,,,,5.0,"Yankees challenged (tag play), call on the field was overturned: Aaron Judge singles on a line drive to left fielder Randy Arozarena. Oswald Peraza scores.",R,R,L,NYY,TB,X,7.0,line_drive,2,1,2022,1.18,0.95,0.23,2.85,,672724.0,,2,7,Bot,83.91,101.98,,,,,-3.2456103393721496,-133.75398216919493,-4.221333494087441,14.82524606420929,28.902873190338667,-20.119040981725405,4.01,1.88,221.0,86.6,19.0,92.1,2133.0,6.4,661234,542194,596847,670623,650490,677551,668227,642350,622534,54.1,0.703,0.712,0.9,1.0,1.0,0.0,4.0,63,4,Changeup,0,4,0,4,4,1,1,4,Infield shift,Standard,142.0,0.041,0.65,,,0.894,-0.65,88.0,-4,-4,0.055,0.055,28,30,29,30,1,3,3.0,1.0,2.0,1.0,1.75,1.18,-1.18,51.6,,,,,
SL,2022-09-08,82.8,-1.11,5.43,"Judge, Aaron",592450,543243,field_out,hit_into_play,,,,,5.0,Aaron Judge flies out sharply to right fielder Kyle Garlick.,R,R,R,NYY,MIN,X,9.0,fly_ball,1,0,2022,0.79,-0.37,0.22,3.3,,,672724.0,1,5,Bot,161.8,102.69,,,,,1.4923478074910217,-120.69068041012434,2.2923028903878837,7.478957223106534,21.566575155677455,-36.397699676460135,4.02,1.9,257.0,101.9,50.0,83.3,2883.0,6.4,661252,596142,669304,624503,570482,650339,595909,665482,664247,54.12,0.021,0.032,0.0,1.0,0.0,0.0,3.0,38,2,Slider,2,2,2,2,2,2,2,2,Infield shift,Standard,64.0,-0.043,-0.29,,,0.054,0.29,101.9,0,0,0.574,0.574,32,30,33,30,3,2,6.0,1.0,6.0,1.0,3.66,-0.79,-0.79,42.3,,,,,
FF,2022-09-08,91.7,-1.19,5.49,"Judge, Aaron",592450,543243,single,hit_into_play,,,,,8.0,Aaron Judge singles on a sharp line drive to left fielder Billy Hamilton.,R,R,R,NYY,MIN,X,7.0,line_drive,0,0,2022,0.01,1.23,-0.24,2.27,,,,1,3,Bot,69.33,101.37,,,,,2.369679991894337,-133.45956289580946,-4.892070757531388,-0.3776220294081759,30.972479530515447,-16.649786021571263,4.02,1.9,198.0,102.0,12.0,91.2,2614.0,6.2,661252,596142,669304,624503,570482,650339,571740,665482,664247,54.33,0.932,0.922,0.9,1.0,1.0,0.0,4.0,20,1,4-Seam Fastball,2,0,2,0,0,2,2,0,Infield shift,Strategic,203.0,0.017,0.415,,,1.177,-0.415,102.0,2,2,0.749,0.749,32,30,33,30,2,1,6.0,1.0,6.0,1.0,1.5,-0.01,-0.01,48.6,,,,,
CH,2022-09-08,88.3,-2.06,5.78,"Judge, Aaron",592450,605347,double,hit_into_play,,,,,8.0,Aaron Judge doubles (23) on a line drive to left fielder Nick Gordon.,R,R,R,NYY,MIN,X,7.0,line_drive,2,2,2022,-1.52,0.36,-0.06,2.55,,,,0,8,Bot,34.48,111.99,,,,,8.006887579620638,-128.34689058191125,-2.4963493686681484,-18.444355623401467,27.73295187630647,-27.851269783517793,4.02,1.9,249.0,83.2,24.0,88.1,1516.0,6.3,661252,596142,669304,650339,570482,621043,624503,665482,595909,54.16,0.287,0.27,1.25,1.0,1.0,1.0,3.0,60,5,Changeup,2,4,2,4,4,2,2,4,Infield shift,Standard,253.0,0.116,0.735,,,0.36,-0.735,88.0,-2,-2,0.163,0.163,29,30,29,30,1,3,1.0,1.0,3.0,1.0,2.58,1.52,1.52,34.5,,,,,
FF,2022-09-08,93.2,-1.22,5.5,"Judge, Aaron",592450,543243,field_out,hit_into_play,,,,,5.0,"Aaron Judge grounds out, third baseman Gio Urshela to first baseman Jose Miranda.",R,R,R,NYY,MIN,X,5.0,ground_ball,0,0,2022,-0.38,1.17,-0.04,2.98,,,,1,1,Bot,94.87,168.94,,,,,3.864228673748386,-135.76005132861218,-3.353471996131881,-5.453629950570681,27.73272621625898,-17.113705105265442,4.02,1.9,18.0,95.0,-8.0,93.7,2641.0,6.3,661252,596142,669304,624503,570482,650339,571740,665482,664247,54.15,0.203,0.2,0.0,1.0,0.0,0.0,2.0,5,1,4-Seam Fastball,0,0,0,0,0,0,0,0,Infield shift,Strategic,201.0,-0.016,-0.246,,,0.226,0.246,95.0,0,0,0.526,0.526,32,30,33,30,1,0,6.0,1.0,6.0,1.0,1.43,0.38,0.38,45.2,,,,,
CH,2022-09-07,85.3,-1.83,5.09,"Judge, Aaron",592450,686973,home_run,hit_into_play,,,,,5.0,Aaron Judge homers (55) on a fly ball to left field.,R,R,R,NYY,MIN,X,,fly_ball,2,1,2022,-1.29,0.81,0.24,2.7,,,,0,4,Bot,46.6,70.18,,,,,7.542553763478072,-124.03860965327884,-0.98102657991557,-14.82753799011942,23.569468023242425,-23.754252865855445,4.0,1.89,374.0,102.1,28.0,86.4,1607.0,6.9,661251,596142,650333,624503,669304,621043,595909,665482,664247,53.58,0.6043749999999999,1.1823958333333338,2.0,1.0,0.0,3.0,6.0,30,4,Changeup,0,3,0,3,3,1,1,3,Infield shift,Standard,222.0,0.091,1.07,,,2.289166666666667,-1.07,102.1,-3,-3,0.22,0.22,24,30,25,30,2,1,,2.0,10.0,0.0,2.31,1.29,1.29,26.0,,,,,
FF,2022-09-07,96.3,-0.93,5.65,"Judge, Aaron",592450,643377,field_out,hit_into_play,,,,,4.0,Aaron Judge pops out to second baseman Nick Gordon.,R,R,R,NYY,MIN,X,4.0,popup,1,2,2022,-0.76,1.69,-0.76,3.33,,,672724.0,1,6,Bot,146.12,152.43,,,,,2.1327521451918567,-140.21270196527487,-4.408316599966908,-10.485609523827764,30.928086967505116,-9.061058205445764,4.0,1.89,132.0,79.2,65.0,95.7,2624.0,5.8,661251,596142,650333,624503,669304,621043,571740,665482,595909,54.67,0.005,0.005,0.0,1.0,0.0,0.0,3.0,45,5,4-Seam Fastball,1,3,1,3,3,1,1,3,Infield shift,Strategic,215.0,-0.035,-0.182,,,0.005,0.182,88.0,-2,-2,0.255,0.255,27,30,28,30,1,2,3.0,2.0,1.0,0.0,0.76,0.76,0.76,41.9,,,,,
SL,2022-09-05,89.6,-1.36,6.1,"Judge, Aaron",592450,502042,double,hit_into_play,,,,,8.0,Aaron Judge doubles (22) on a sharp line drive to right fielder Kyle Garlick.,R,R,R,NYY,MIN,X,9.0,line_drive,1,1,2022,0.47,0.17,0.25,2.03,,,,1,1,Bot,178.67,69.5,,,,,2.9606292511432795,-130.63744290497797,-4.484080448899137,4.890076294848785,24.34329710875175,-29.597223356968197,3.99,1.9,306.0,109.4,16.0,89.9,2506.0,6.1,661236,596142,669304,624503,570482,621043,595909,665482,664247,54.4,0.4958,0.7215999999999999,1.25,1.0,1.0,1.0,6.0,5,3,Slider,0,0,0,0,0,0,0,0,Infield shift,Strategic,145.0,0.042,0.678,,,1.264,-0.678,109.4,0,0,0.525,0.525,33,30,34,30,1,0,6.0,1.0,5.0,2.0,2.63,-0.47,-0.47,52.3,,,,,
SL,2022-09-05,87.9,-1.48,6.4,"Judge, Aaron",592450,656730,home_run,hit_into_play,,,,,5.0,Aaron Judge homers (54) on a fly ball to left field.   Gleyber Torres scores.,R,R,R,NYY,MIN,X,,fly_ball,3,1,2022,0.68,-0.44,0.0,2.86,,,650402.0,0,6,Bot,15.28,77.03,,,,,2.1778999411167077,-128.06543826771488,-1.5941344072768473,7.087745125532849,25.532306007834656,-36.90774225505135,3.99,1.9,404.0,109.6,34.0,88.6,2748.0,6.5,661236,596142,669304,624503,570482,621043,595909,665482,664247,53.95,0.936,1.9065,2.0,1.0,0.0,3.0,6.0,46,5,Slider,2,2,2,2,2,4,4,2,Infield shift,Strategic,34.0,0.19,0.889,,,3.7395,-0.889,109.6,0,0,0.655,0.655,28,30,29,30,1,2,5.0,1.0,2.0,2.0,3.37,-0.68,-0.68,52.4,,,,,
SV,2022-09-04,88.2,-1.69,5.91,"Judge, Aaron",592450,542888,field_out,hit_into_play,,,,,14.0,"Aaron Judge grounds out, second baseman Isaac Paredes to first baseman Ji-Man Choi.",R,R,R,TB,NYY,X,4.0,ground_ball,2,2,2022,0.84,0.17,0.98,1.97,,,,1,3,Top,136.26,161.08,,,,,4.780081916190337,-128.36255986718035,-3.862847881212793,8.340034064842971,25.64812207695098,-29.747333096580213,3.98,1.89,40.0,70.5,1.0,88.7,2608.0,6.5,661853,542194,596847,670623,650490,670764,668227,642350,622534,54.0,0.116,0.114,0.0,1.0,0.0,0.0,2.0,17,6,Slurve,0,1,1,0,1,0,1,0,Infield shade,Standard,115.0,0.014,-0.212,,,0.124,0.212,88.0,-1,1,0.412,0.5880000000000001,31,30,32,30,2,1,5.0,1.0,5.0,1.0,2.75,-0.84,-0.84,42.1,,,,,
CH,2022-09-04,79.6,3.1,5.2,"Judge, Aaron",592450,642232,single,hit_into_play,,,,,9.0,Aaron Judge singles on a sharp ground ball to left fielder Randy Arozarena. Kyle Higashioka to 2nd.,R,R,L,TB,NYY,X,7.0,ground_ball,1,1,2022,1.46,0.3,0.56,2.34,,,543309.0,1,5,Top,85.93,126.83,,,,,-8.386829266930574,-115.568774387942,0.0313979754714872,14.75815876794865,24.2608089382654,-29.76017165678604,3.98,1.89,37.0,101.8,-1.0,79.6,1915.0,6.7,661853,542194,596847,670623,650490,670764,668227,642350,622534,53.79,0.416,0.379,0.9,1.0,1.0,0.0,4.0,33,3,Changeup,0,1,1,0,1,0,1,0,Standard,Standard,94.0,-0.041,0.424,,,0.448,-0.424,101.8,-1,1,0.362,0.638,30,30,31,30,1,2,9.0,1.0,7.0,1.0,3.35,1.46,-1.46,21.3,,,,,
SL,2022-09-04,80.2,-1.49,6.13,"Judge, Aaron",592450,605538,field_out,hit_into_play,,,,,6.0,Aaron Judge flies out to center fielder Manuel Margot.,R,R,R,TB,NYY,X,8.0,fly_ball,2,2,2022,0.46,-0.02,0.34,3.04,643396.0,,543305.0,2,8,Top,126.83,45.62,,,,,3.1504868254252014,-116.73954798130087,-0.0654574499524731,3.503735267152965,23.711206301827534,-32.5925901723232,3.98,1.89,380.0,99.8,33.0,79.1,2441.0,5.7,661853,542194,596847,666018,650490,670764,668227,622534,660644,54.81,0.4278076923076923,0.8509615384615385,0.0,1.0,0.0,0.0,6.0,65,5,Slider,0,2,2,0,2,0,2,0,Infield shift,Standard,11.0,0.026,-0.232,,,1.658692307692308,0.232,99.8,-2,2,0.141,0.859,29,30,30,30,1,4,50.0,1.0,,1.0,3.59,-0.46,-0.46,43.1,,,,,
SI,2022-09-04,96.3,-1.9,5.39,"Judge, Aaron",592450,608638,double,hit_into_play,,,,,1.0,Aaron Judge doubles (21) on a fly ball to right fielder Manuel Margot.,R,R,R,TB,NYY,X,9.0,fly_ball,0,0,2022,-1.6,0.64,-0.5,3.4,,,,0,7,Top,190.12,135.48,,,,,7.308932836549799,-140.03528581010875,-1.128020685389398,-22.720667953005893,32.722359900642736,-23.71589107726623,3.98,1.89,226.0,76.6,31.0,95.5,2120.0,6.0,661853,542194,596847,670623,650490,670764,668227,642350,622534,54.53,0.232,0.219,1.25,1.0,1.0,1.0,3.0,50,1,Sinker,0,1,1,0,1,0,1,0,Infield shift,Standard,239.0,-0.069,0.706,,,0.274,-0.706,88.0,-1,1,0.308,0.692,31,30,32,30,1,3,2.0,1.0,2.0,1.0,1.83,1.6,1.6,22.3,,,,,
SI,2022-09-03,89.4,-1.5,5.17,"Judge, Aaron",592450,446372,single,hit_into_play,,,,,4.0,Aaron Judge singles on a sharp line drive to left fielder David Peralta. Aaron Hicks to 2nd.,R,R,R,TB,NYY,X,7.0,line_drive,0,0,2022,-1.49,0.7,-0.4,2.62,,,543305.0,1,6,Top,61.48,87.09,,,,,5.8863264020040225,-130.115459416107,-1.7492364688001854,-18.117867727636632,28.04002054740962,-24.09531178883771,3.95,1.89,209.0,113.8,11.0,89.7,2067.0,6.5,661854,642336,623912,666018,650490,670764,444482,642350,622534,53.97,0.855,0.907,0.9,1.0,1.0,0.0,6.0,39,1,Sinker,2,0,0,2,0,2,0,2,Standard,Standard,222.0,-0.058,0.41,,,1.24,-0.41,113.8,2,-2,0.774,0.2259999999999999,36,30,36,30,3,2,6.0,1.0,7.0,1.0,2.16,1.49,1.49,28.8,,,,,
CH,2022-09-03,90.3,-1.43,6.18,"Judge, Aaron",592450,592094,home_run,hit_into_play,,,,,6.0,Aaron Judge homers (52) on a fly ball to right center field.,R,R,R,TB,NYY,X,,fly_ball,1,0,2022,-1.07,0.07,0.42,2.56,,,,0,9,Top,181.2,50.49,,,,,6.895952346614651,-131.32684061684267,-3.194667049824181,-13.869048611428203,28.00635527237411,-30.834936343120702,3.95,1.89,392.0,103.5,26.0,90.4,2248.0,6.4,661854,642336,670623,644374,650490,670764,444482,642350,622534,54.12,0.7569999999999996,1.5001874999999996,2.0,1.0,0.0,3.0,6.0,59,2,Changeup,2,0,0,2,1,2,1,2,Infield shift,Standard,236.0,-0.081,1.077,,,2.8951406250000007,-1.077,103.5,2,-2,0.916,0.0839999999999999,30,30,31,30,1,3,1.0,1.0,3.0,1.0,2.73,1.07,1.07,29.9,,,,,
FF,2022-08-30,95.4,-1.83,5.6,"Judge, Aaron",592450,594577,home_run,hit_into_play,,,,,2.0,Aaron Judge homers (51) on a fly ball to right center field.    DJ LeMahieu scores.    Andrew Benintendi scores.,R,R,R,LAA,NYY,X,,fly_ball,1,2,2022,-1.07,1.19,0.26,3.81,,518934.0,643217.0,2,4,Top,182.7,57.29,,,,,7.876828144442909,-138.59726915055467,-1.6892265250533456,-15.653404608375444,34.18319680400507,-16.71009241005374,3.94,1.86,378.0,107.5,36.0,94.7,2325.0,6.2,663437,545358,645801,664058,650859,623205,642423,545361,621493,54.32,0.827,1.6788333333333332,2.0,1.0,0.0,3.0,6.0,32,4,4-Seam Fastball,2,4,4,2,7,2,7,2,Infield shift,Standard,225.0,-0.195,1.744,,,3.282833333333333,-1.744,107.5,-2,2,0.285,0.7150000000000001,30,30,31,30,3,2,6.0,1.0,7.0,1.0,1.34,1.07,1.07,37.3,,,,,
SI,2022-08-30,92.7,-1.59,5.17,"Judge, Aaron",592450,657053,single,hit_into_play,,,,,13.0,Aaron Judge singles on a sharp line drive to left fielder Magneuris Sierra.,R,R,R,LAA,NYY,X,7.0,line_drive,3,2,2022,-1.2,0.44,-0.96,2.61,,,,2,9,Top,80.47,123.56,,,,,4.278413213749514,-135.0011270292944,-1.714043682239074,-15.609892595778396,30.329720344833227,-26.637839041391384,3.94,1.86,139.0,101.9,7.0,93.5,2167.0,6.8,663437,545358,645801,650859,642136,664058,642423,545361,621493,53.7,0.65,0.606,0.9,1.0,1.0,0.0,4.0,68,6,Sinker,3,7,7,3,7,3,7,3,Infield shift,Standard,227.0,-0.001,0.259,,,0.736,-0.259,101.9,-4,4,0.018,0.982,26,30,26,30,2,4,5.0,1.0,5.0,1.0,2.21,1.2,1.2,25.5,,,,,
SL,2022-08-30,86.3,-2.15,5.57,"Judge, Aaron",592450,594577,single,hit_into_play,,,,,9.0,Aaron Judge singles on a line drive to left fielder Magneuris Sierra.   DJ LeMahieu to 2nd.,R,R,R,LAA,NYY,X,7.0,line_drive,1,2,2022,0.27,0.19,0.68,1.88,,,518934.0,1,3,Top,91.98,109.63,,,,,6.171655499906205,-125.62730827592044,-3.006424500470527,1.6894871970857552,23.766351735510025,-29.765593449180603,3.94,1.86,218.0,99.2,11.0,86.5,2177.0,6.2,663437,545358,645801,664058,650859,623205,642423,545361,621493,54.28,0.884,0.855,0.9,1.0,1.0,0.0,4.0,20,4,Slider,2,2,2,2,2,2,2,2,Infield shift,Standard,133.0,-0.05,0.483,,,1.052,-0.483,99.2,0,0,0.505,0.495,30,30,31,30,2,1,6.0,1.0,7.0,1.0,2.85,-0.27,-0.27,37.6,,,,,
FS,2022-08-30,86.3,-1.58,5.24,"Judge, Aaron",592450,657053,field_out,hit_into_play,,,,,4.0,Aaron Judge lines out sharply to third baseman Luis Rengifo.,R,R,R,LAA,NYY,X,5.0,line_drive,2,1,2022,-0.61,0.41,-0.7,2.65,,,,0,7,Top,96.83,164.75,,,,,3.383980975264913,-125.70642660578288,-0.7888073108451661,-7.167541764852959,24.95736253919772,-27.850060103457043,3.94,1.86,135.0,105.4,7.0,87.6,1276.0,7.0,663437,545358,645801,664058,650859,623205,642423,545361,621493,53.51,0.616,0.567,0.0,1.0,0.0,0.0,4.0,52,4,Split-Finger,3,7,7,3,7,3,7,3,Infield shift,Standard,243.0,0.006,-0.291,,,0.69,0.291,105.4,-4,4,0.058,0.942,26,30,26,30,1,3,5.0,1.0,5.0,1.0,2.64,0.61,0.61,25.7,,,,,
CU,2022-08-29,81.3,-1.34,5.7,"Judge, Aaron",592450,572193,home_run,hit_into_play,,,,,8.0,Aaron Judge homers (50) on a fly ball to center field.,R,R,R,LAA,NYY,X,,fly_ball,1,1,2022,0.44,-0.35,0.25,1.95,,,,1,8,Top,100.24,25.01,,,,,2.718797345998909,-118.36694472282966,-1.1097575040342078,3.577041546788057,23.266344863304457,-35.465776678338386,3.94,1.86,434.0,111.1,34.0,81.2,2292.0,6.3,663424,642136,645801,664058,650859,623205,642423,545361,621493,54.24,0.931,1.8976,2.0,1.0,0.0,3.0,6.0,58,3,Curveball,4,2,2,4,3,4,3,4,Infield shift,Standard,66.0,-0.102,1.595,,,3.7184,-1.595,111.1,2,-2,0.901,0.0989999999999999,34,30,35,30,1,3,5.0,1.0,5.0,1.0,3.8,-0.44,-0.44,41.8,,,,,
CH,2022-08-29,86.4,2.2,5.41,"Judge, Aaron",592450,660761,field_out,hit_into_play,,,,,14.0,"Aaron Judge grounds out, shortstop Andrew Velazquez to first baseman Mike Ford.",R,R,L,LAA,NYY,X,6.0,ground_ball,1,1,2022,1.41,0.12,0.64,1.71,,,,1,1,Top,109.6,149.0,,,,,-6.574207879004285,-125.76359067695591,-2.841252253603624,16.33675307285229,24.853870165617465,-30.54525611541637,3.94,1.86,26.0,80.5,-1.0,86.1,1744.0,6.0,663424,642136,645801,664058,650859,623205,666176,545361,621493,54.48,0.179,0.171,0.0,1.0,0.0,0.0,2.0,2,3,Changeup,0,0,0,0,0,0,0,0,Infield shift,Standard,125.0,0.015,-0.234,,,0.212,0.234,88.0,0,0,0.523,0.477,24,30,24,30,1,0,6.0,1.0,7.0,1.0,2.93,1.41,-1.41,31.6,,,,,
FF,2022-08-28,94.4,-2.19,5.5,"Judge, Aaron",592450,661309,field_out,hit_into_play,,,,,5.0,Aaron Judge flies out to right fielder Seth Brown.,R,R,R,ATH,NYY,X,9.0,fly_ball,3,2,2022,-1.37,0.6,-0.07,3.1,,,,2,3,Top,197.2,87.96,,,,,8.567540099087582,-137.22596301891332,-1.9017479445283751,-19.149114886666087,28.7877536475392,-24.39088133441209,3.96,1.85,327.0,96.1,30.0,94.6,2167.0,6.3,662335,669127,660650,641914,605353,669397,643393,670276,664913,54.16,0.253,0.4706666666666666,0.0,1.0,0.0,0.0,5.0,19,6,4-Seam Fastball,2,0,0,2,0,2,0,2,Infield shift,Strategic,245.0,0.012,-0.302,,,0.9114444444444444,0.302,96.1,2,-2,0.752,0.248,25,30,26,30,2,1,21.0,1.0,7.0,1.0,1.95,1.37,1.37,17.0,,,,,
FF,2022-08-27,92.6,-2.08,5.79,"Judge, Aaron",592450,670124,field_out,hit_into_play,,,,,9.0,Aaron Judge flies out to right fielder Chad Pinder.,R,R,R,ATH,NYY,X,9.0,fly_ball,1,2,2022,-1.05,1.17,0.74,2.36,,,,1,7,Top,188.2,100.23,,,,,9.454621913919803,-134.52392741571694,-5.575544592584203,-14.618974217302055,25.69152486048318,-16.902905140855772,3.98,1.86,290.0,85.9,30.0,93.0,1893.0,6.4,662336,669221,664913,681146,605353,669397,643393,670276,640461,54.14,0.037,0.039,0.0,1.0,0.0,0.0,3.0,40,4,4-Seam Fastball,0,0,0,0,0,0,0,0,Infield shift,Standard,221.0,0.022,-0.177,,,0.068,0.177,88.0,0,0,0.546,0.4539999999999999,27,30,28,30,3,2,5.0,1.0,7.0,1.0,1.47,1.05,1.05,38.1,,,,,
FC,2022-08-27,89.5,-2.51,5.63,"Judge, Aaron",592450,670124,field_out,hit_into_play,,,,,5.0,Aaron Judge flies out to right fielder Chad Pinder.,R,R,R,ATH,NYY,X,9.0,fly_ball,0,2,2022,-0.23,1.16,-0.06,2.75,,,643217.0,0,4,Top,192.57,93.05,,,,,6.525533751229473,-130.35140057491893,-3.6489028059126065,-3.821774711500297,23.063184949812015,-18.30311503062722,3.98,1.86,310.0,92.6,30.0,90.2,2067.0,6.3,662336,669221,664913,681146,605353,669397,643393,670276,640461,54.19,0.134,0.205,0.0,1.0,0.0,0.0,3.0,21,3,Cutter,0,0,0,0,0,0,0,0,Standard,Standard,214.0,0.027,-0.138,,,0.355,0.138,92.6,0,0,0.47,0.53,27,30,28,30,2,1,5.0,1.0,7.0,1.0,1.64,0.23,0.23,33.6,,,,,
CU,2022-08-26,78.9,1.36,4.73,"Judge, Aaron",592450,676664,home_run,hit_into_play,,,,,5.0,Aaron Judge homers (49) on a fly ball to center field.   Oswaldo Cabrera scores.    DJ LeMahieu scores.,R,R,L,ATH,NYY,X,,fly_ball,0,0,2022,-0.52,-0.41,0.02,2.56,,665828.0,518934.0,0,5,Top,127.95,26.19,,,,,-1.9392941708603189,-114.67731881448314,3.0210825570780084,-4.0798428455734665,26.050863202604766,-36.70329005384109,3.98,1.86,427.0,109.0,31.0,78.0,2307.0,6.3,662342,669221,664913,681146,605353,669397,643393,670276,640461,54.24,0.9428333333333332,1.9208333333333336,2.0,1.0,0.0,3.0,6.0,36,1,Curveball,0,0,0,0,3,0,3,0,Infield shade,Standard,300.0,-0.219,0.974,,,3.761916666666666,-0.974,109.0,0,0,0.383,0.617,26,30,26,30,3,2,5.0,1.0,7.0,1.0,4.15,-0.52,0.52,18.9,,,,,
CU,2022-08-26,80.4,1.42,5.98,"Judge, Aaron",592450,657649,field_out,hit_into_play,,,,,7.0,"Aaron Judge lines out sharply, third baseman Vimael Machin to first baseman Seth Brown.",R,R,L,ATH,NYY,X,5.0,line_drive,0,2,2022,-1.22,-0.76,-0.36,2.3,,,,1,7,Top,97.63,160.91,,,,,-1.6414404081381573,-117.08178181546562,0.047405681208694,-10.820040008226195,24.72564889834784,-39.362831586828655,3.98,1.86,135.0,105.9,7.0,80.5,2322.0,6.6,662342,669221,664913,681146,605353,669397,643393,670276,640461,53.94,0.618,0.575,0.0,1.0,0.0,0.0,4.0,52,3,Curveball,0,3,3,0,3,0,3,0,Strategic,Standard,318.0,0.005,-0.159,,,0.715,0.159,105.9,-3,3,0.118,0.882,28,30,28,30,1,3,41.0,1.0,21.0,1.0,4.32,-1.22,1.22,44.1,,,,,
CU,2022-08-25,80.4,-2.78,6.2,"Judge, Aaron",592450,621076,field_out,hit_into_play,,,,,4.0,Aaron Judge pops out to first baseman Stephen Vogt on the infield fly rule.,R,R,R,ATH,NYY,X,3.0,popup,1,1,2022,0.76,-0.34,-0.59,3.12,624431.0,643396.0,643217.0,1,2,Top,158.76,162.81,,,,,3.3852133094228005,-117.1802992611652,0.4287697811562063,6.412929202397925,20.88534036270253,-35.64039665348978,3.97,1.84,134.0,83.4,68.0,80.3,2485.0,6.0,662337,669221,519390,681146,605353,669397,643393,621450,664913,54.51,0.005,0.006,0.0,1.0,0.0,0.0,3.0,14,3,Curveball,0,2,2,0,2,0,2,0,Infield shade,Standard,48.0,0.053,-0.119,,,0.007,0.119,88.0,-2,2,0.231,0.769,28,30,28,30,2,1,5.0,2.0,6.0,1.0,3.84,-0.76,-0.76,42.5,,,,,
SI,2022-08-25,93.3,2.39,5.25,"Judge, Aaron",592450,669912,field_out,hit_into_play,,,,,9.0,"Aaron Judge grounds out, pitcher Kirby Snead to first baseman Stephen Vogt.   Jose Trevino scores.    Isiah Kiner-Falefa to 3rd.    Andrew Benintendi to 2nd.",R,R,L,ATH,NYY,X,1.0,ground_ball,2,1,2022,1.43,0.63,0.31,1.84,624431.0,643396.0,643217.0,1,4,Top,131.84,182.66,,,,,-8.50484983710056,-135.60913492941486,-4.41441755994291,19.461116629164863,29.55247948477792,-23.632874262460664,3.97,1.84,40.0,97.3,0.0,93.6,2387.0,6.5,662337,669221,519390,681146,605353,669397,643393,621450,664913,54.0,0.368,0.353,0.0,1.0,0.0,0.0,2.0,42,4,Sinker,0,9,9,0,10,0,10,0,Standard,Standard,121.0,-0.001,-0.309,,,0.371,0.309,97.3,-9,9,0.007,0.993,27,30,28,30,1,3,2.0,2.0,5.0,1.0,2.0,1.43,-1.43,16.7,,,,,
FF,2022-08-25,91.9,-1.49,5.86,"Judge, Aaron",592450,650204,field_out,hit_into_play,,,,,11.0,Aaron Judge lines out to first baseman Stephen Vogt.,R,R,R,ATH,NYY,X,3.0,line_drive,0,0,2022,0.26,1.15,-0.85,3.14,,,,2,6,Top,154.43,157.34,,,,,1.0530155211954968,-133.81360981365995,-3.5267483662441665,2.9366879682352423,28.797818855759907,-17.817826691358967,3.97,1.84,132.0,63.9,17.0,92.0,2295.0,6.3,662337,669221,519390,681146,605353,669397,643393,621450,664913,54.19,0.413,0.372,0.0,1.0,0.0,0.0,2.0,58,1,4-Seam Fastball,0,10,10,0,10,0,10,0,Infield shift,Standard,206.0,0.0,-0.256,,,0.418,0.256,88.0,-10,10,0.003,0.997,28,30,28,30,1,4,3.0,2.0,7.0,1.0,1.55,-0.26,-0.26,44.6,,,,,
FF,2022-08-25,96.7,-2.78,5.96,"Judge, Aaron",592450,621076,single,hit_into_play,,,,,8.0,Aaron Judge singles on a sharp line drive to center fielder Skye Bolt.,R,R,R,ATH,NYY,X,8.0,line_drive,2,2,2022,-0.75,1.3,0.19,2.06,,,,1,1,Top,134.05,113.56,,,,,9.575719095370378,-140.32578214329746,-7.749302333305238,-12.00609560742468,31.18051062307061,-13.365041705943456,3.97,1.84,162.0,110.0,7.0,96.3,2074.0,6.2,662337,669221,519390,681146,605353,669397,643393,621450,664913,54.32,0.726,0.703,0.9,1.0,1.0,0.0,4.0,2,5,4-Seam Fastball,0,0,0,0,0,0,0,0,Infield shift,Standard,219.0,-0.026,0.449,,,0.872,-0.449,110.0,0,0,0.524,0.476,28,30,28,30,1,0,5.0,2.0,6.0,1.0,1.15,0.75,0.75,35.8,,,,,
SI,2022-08-23,94.7,-2.2,6.5,"Judge, Aaron",592450,592836,home_run,hit_into_play,,,,,7.0,Aaron Judge homers (48) on a fly ball to left field.,R,R,R,NYY,NYM,X,,fly_ball,3,2,2022,-1.14,1.27,-0.63,2.13,,,,2,4,Bot,29.95,41.46,,,,,6.617825648607026,-137.49931137115877,-8.542670672005354,-15.867024591534458,30.352568659771645,-14.281701580947528,3.95,1.84,453.0,115.9,26.0,94.5,2001.0,6.3,661237,621512,624413,643446,683146,596019,592192,607043,516782,54.23,0.994,2.0,2.0,1.0,0.0,3.0,6.0,27,7,Sinker,0,0,0,0,0,1,1,0,Standard,Standard,216.0,0.134,2.549,,,3.919,-2.549,115.9,0,0,0.515,0.515,29,30,30,30,2,1,7.0,1.0,7.0,2.0,1.28,1.14,1.14,47.5,,,,,
ST,2022-08-23,81.9,-2.92,5.28,"Judge, Aaron",592450,493603,single,hit_into_play,,,,,5.0,Aaron Judge singles on a sharp line drive to center fielder Brandon Nimmo. Jose Trevino scores. Andrew Benintendi to 3rd.,R,R,R,NYY,NYM,X,8.0,line_drive,2,1,2022,1.46,0.32,0.26,2.59,,624431.0,643217.0,2,7,Bot,103.52,73.06,,,,,4.389059505882192,-119.200696048665,-0.0780068454467577,12.920181098561171,25.165029498629966,-29.377522384642862,3.95,1.84,253.0,108.0,13.0,82.4,2739.0,6.8,661237,621512,624413,643446,683146,596019,592192,607043,516782,53.65,0.85,0.913,0.9,1.0,1.0,0.0,5.0,59,4,Sweeper,3,2,3,2,2,4,4,2,Standard,Standard,65.0,0.102,0.517,,,1.261,-0.517,108.0,1,1,0.785,0.785,36,30,37,30,1,3,3.0,1.0,2.0,2.0,3.11,-1.46,-1.46,23.9,,,,,
SL,2022-08-23,84.5,-2.37,6.58,"Judge, Aaron",592450,592836,field_out,hit_into_play,,,,,2.0,Aaron Judge flies out sharply to center fielder Brandon Nimmo.,R,R,R,NYY,NYM,X,8.0,fly_ball,0,1,2022,0.72,0.43,-0.27,3.62,,,,2,1,Bot,118.21,75.07,,,,,3.43346523767312,-123.119654675642,-1.4923643548169936,6.794234623584869,21.20923939754315,-27.680142830018863,3.95,1.84,309.0,106.3,51.0,84.0,2506.0,5.6,661237,621512,624413,643446,683146,596019,592192,607043,516782,54.9,0.042,0.071,0.0,1.0,0.0,0.0,3.0,8,2,Slider,0,0,0,0,0,0,0,0,Standard,Standard,145.0,-0.008,-0.213,,,0.128,0.213,106.3,0,0,0.508,0.508,29,30,30,30,1,0,7.0,1.0,7.0,2.0,2.72,-0.72,-0.72,48.6,,,,,
SL,2022-08-22,85.2,-3.46,5.33,"Judge, Aaron",592450,453286,single,hit_into_play,,,,,8.0,Aaron Judge singles on a sharp line drive to left fielder Mark Canha.   Andrew Benintendi to 3rd.,R,R,R,NYY,NYM,X,7.0,line_drive,3,2,2022,0.41,0.23,-0.23,2.12,,,643217.0,2,7,Bot,63.57,119.44,,,,,6.745016437512621,-123.96153706900236,-1.7115119964430645,2.898944842701693,24.809426469290255,-29.668736274034057,3.95,1.85,174.0,101.3,11.0,85.0,2176.0,6.2,661238,543510,624413,643446,683146,596019,592192,607043,516782,54.35,0.913,0.9,0.9,1.0,1.0,0.0,4.0,54,6,Slider,4,2,4,2,2,4,4,2,Standard,Standard,187.0,0.012,0.297,,,1.123,-0.297,101.3,2,2,0.875,0.875,37,30,38,30,4,3,5.0,1.0,6.0,1.0,2.91,-0.41,-0.41,22.8,,,,,
FF,2022-08-22,94.9,-3.5,5.12,"Judge, Aaron",592450,453286,field_out,hit_into_play,,,,,2.0,Aaron Judge flies out to right fielder Starling Marte.   Andrew Benintendi to 3rd.,R,R,R,NYY,NYM,X,9.0,fly_ball,0,2,2022,-0.68,1.19,0.01,3.45,,643217.0,,1,5,Bot,187.42,83.53,,,,,10.678202945814151,-138.00785813703294,-1.4246786165054703,-10.802880080949029,27.005748313928628,-16.67822987675876,3.95,1.85,324.0,96.7,36.0,95.4,2479.0,6.3,661238,543510,624413,643446,683146,596019,592192,607043,516782,54.17,0.2161666666666666,0.424,0.0,1.0,0.0,0.0,3.0,36,4,4-Seam Fastball,3,0,3,0,0,3,3,0,Standard,Standard,226.0,-0.008,-0.179,,,0.8366666666666668,0.179,96.7,3,3,0.888,0.888,37,30,38,30,3,2,5.0,1.0,6.0,1.0,1.32,0.68,0.68,21.1,,,,,
FF,2022-08-22,95.7,-3.26,5.52,"Judge, Aaron",592450,453286,home_run,hit_into_play,,,,,9.0,Aaron Judge homers (47) on a fly ball to right field.,R,R,R,NYY,NYM,X,,fly_ball,1,1,2022,-0.93,1.15,0.32,2.13,,,,2,3,Bot,207.24,66.48,,,,,11.48415230577175,-138.83324150349793,-5.8661943734512265,-14.593385263225011,30.395050870387124,-16.148566611265373,3.95,1.85,383.0,109.6,26.0,95.3,2371.0,6.2,661238,543510,624413,643446,683146,596019,592192,607043,516782,54.31,0.9669,1.967,2.0,1.0,0.0,3.0,6.0,20,3,4-Seam Fastball,1,0,1,0,0,2,2,0,Standard,Standard,225.0,0.105,2.61,,,3.8554,-2.61,109.6,1,1,0.632,0.632,37,30,38,30,2,1,5.0,1.0,6.0,1.0,1.35,0.93,0.93,30.0,,,,,
SI,2022-08-21,94.4,-2.67,5.92,"Judge, Aaron",592450,666201,field_out,hit_into_play,,,,,5.0,"Aaron Judge grounds out sharply, third baseman Matt Chapman to first baseman Vladimir Guerrero Jr.",R,R,R,NYY,TOR,X,5.0,ground_ball,2,0,2022,-1.02,0.88,-0.02,2.89,,,,1,1,Bot,104.9,163.94,,,,,9.267352824849675,-137.1944911597394,-4.204121243799006,-14.904263643467951,27.959249339597463,-20.303944105150567,3.96,1.85,15.0,101.2,-10.0,95.6,2273.0,6.9,661239,672386,665489,669289,656305,666182,666971,598265,593160,53.61,0.268,0.263,0.0,1.0,0.0,0.0,2.0,5,3,Sinker,0,0,0,0,0,0,0,0,Infield shift,Standard,208.0,-0.023,-0.352,,,0.289,0.352,101.2,0,0,0.533,0.533,24,30,24,30,1,0,5.0,1.0,6.0,1.0,1.67,1.02,1.02,39.4,,,,,
FF,2022-08-20,94.0,-1.34,6.07,"Judge, Aaron",592450,669952,single,hit_into_play,,,,,5.0,Aaron Judge singles on a ground ball to pitcher Mitch White.,R,R,R,NYY,TOR,X,1.0,ground_ball,0,0,2022,-0.17,1.41,-0.23,2.69,,,,0,3,Bot,130.96,178.49,,,,,3.2504905116832092,-136.8390474041309,-6.209610262640087,-2.8117419566237754,29.16313182398202,-13.271533763960171,3.95,1.85,28.0,108.2,-4.0,94.3,2310.0,6.4,661240,643376,665489,669289,656305,666182,606132,598265,606192,54.13,0.455,0.424,0.9,1.0,1.0,0.0,4.0,22,1,4-Seam Fastball,1,0,1,0,0,1,1,0,Infield shift,Standard,199.0,0.032,0.44,,,0.494,-0.44,108.2,1,1,0.669,0.669,27,30,28,30,2,1,7.0,1.0,6.0,1.0,1.16,0.17,0.17,46.5,,,,,
ST,2022-08-20,86.2,-1.71,5.94,"Judge, Aaron",592450,669952,single,hit_into_play,,,,,6.0,Aaron Judge singles on a ground ball to third baseman Matt Chapman.   Andrew Benintendi to 2nd.,R,R,R,NYY,TOR,X,5.0,ground_ball,3,2,2022,0.97,-0.31,0.51,2.54,,,643217.0,1,1,Bot,101.27,158.49,,,,,3.305474633474676,-125.44386921083446,-1.1536468608229165,9.441544521053666,28.07020567157285,-35.41736453160456,3.95,1.85,22.0,101.2,-5.0,85.9,2362.0,6.3,661240,643376,665489,669289,656305,666182,606132,598265,606192,54.18,0.276,0.274,0.9,1.0,1.0,0.0,2.0,6,7,Sweeper,0,0,0,0,0,0,0,0,Infield shift,Standard,47.0,0.031,0.359,,,0.29,-0.359,101.2,0,0,0.556,0.556,27,30,28,30,1,0,7.0,1.0,6.0,1.0,3.41,-0.97,-0.97,42.2,,,,,
FS,2022-08-19,84.7,-2.35,5.91,"Judge, Aaron",592450,592332,field_out,hit_into_play,,,,,9.0,Aaron Judge pops out to first baseman Vladimir Guerrero Jr.,R,R,R,NYY,TOR,X,3.0,popup,0,1,2022,-0.82,0.78,0.4,2.48,,,,1,6,Bot,156.4,157.17,,,,,8.159788246303286,-123.0413827313779,-3.147150169582995,-10.148790121653269,28.176985892535363,-23.82467123275211,3.94,1.87,133.0,79.0,66.0,84.8,1411.0,6.8,661319,643376,665489,624415,656305,666182,666971,593160,606192,53.69,0.005,0.005,0.0,1.0,0.0,0.0,3.0,44,2,Split-Finger,0,3,0,3,3,0,0,3,Infield shift,Standard,229.0,-0.015,-0.208,,,0.006,0.208,88.0,-3,-3,0.132,0.132,31,30,31,30,3,2,5.0,1.0,6.0,1.0,2.45,0.82,0.82,43.2,,,,,
FS,2022-08-19,84.9,-2.46,5.89,"Judge, Aaron",592450,592332,field_out,hit_into_play,,,,,8.0,Aaron Judge lines out sharply to shortstop Bo Bichette.,R,R,R,NYY,TOR,X,6.0,line_drive,0,2,2022,-0.75,1.06,0.12,2.27,,,,2,3,Bot,91.47,145.36,,,,,7.574762126665424,-123.4103228898565,-4.268218182832855,-9.171632493311256,24.86420639320015,-20.641589232791173,3.94,1.87,162.0,100.9,11.0,85.2,1354.0,6.6,661319,643376,665489,624415,656305,666182,666971,593160,606192,53.93,0.913,0.9,0.0,1.0,0.0,0.0,4.0,22,3,Split-Finger,0,1,0,1,1,0,0,1,Infield shift,Strategic,227.0,-0.008,-0.153,,,1.123,0.153,100.9,-1,-1,0.385,0.385,31,30,31,30,2,1,5.0,1.0,6.0,1.0,2.11,0.75,0.75,41.3,,,,,
SV,2022-08-18,83.9,-3.18,5.41,"Judge, Aaron",592450,621244,field_out,hit_into_play,,,,,8.0,"Aaron Judge grounds out, third baseman Matt Chapman to first baseman Vladimir Guerrero Jr.",R,R,R,NYY,TOR,X,5.0,ground_ball,1,0,2022,1.39,-0.36,0.05,2.27,,,,2,5,Bot,84.95,161.88,,,,,4.722840582324776,-122.03140568067406,-0.0682018903763856,12.6701116423106,27.206296079319458,-35.92853795691636,3.93,1.87,35.0,90.9,-1.0,83.6,2402.0,6.4,661265,672386,665489,669289,656305,666182,666971,593160,606192,54.07,0.316,0.302,0.0,1.0,0.0,0.0,2.0,44,2,Slurve,2,6,2,6,6,2,2,6,Infield shift,Standard,38.0,-0.008,-0.296,,,0.36,0.296,90.9,-4,-4,0.09,0.09,28,30,28,30,3,2,6.0,1.0,6.0,1.0,3.63,-1.39,-1.39,37.6,,,,,
SV,2022-08-18,83.9,-3.21,5.37,"Judge, Aaron",592450,621244,force_out,hit_into_play,,,,,14.0,"Aaron Judge grounds into a force out, third baseman Matt Chapman to second baseman Santiago Espinal. Estevan Florial scores. DJ LeMahieu out at 2nd. Aaron Judge to 1st.",R,R,R,NYY,TOR,X,5.0,ground_ball,3,2,2022,1.31,-0.21,0.63,1.02,664314.0,,518934.0,0,3,Bot,101.97,170.47,,,,,6.307435335106084,-122.01879835236964,-3.2390183486661375,11.83368893797423,24.150096684573754,-33.83229318040302,3.93,1.87,11.0,68.2,-5.0,84.1,2258.0,6.5,661265,672386,665489,669289,656305,666182,666971,593160,606192,54.01,0.103,0.099,0.0,1.0,0.0,0.0,2.0,26,6,Slurve,1,5,1,5,5,2,2,5,Infield shift,Standard,35.0,-0.041,-0.275,,,0.109,0.275,88.0,-4,-4,0.28,0.28,28,30,28,30,2,1,6.0,1.0,6.0,1.0,3.45,-1.31,-1.31,37.0,,,,,
SV,2022-08-18,83.8,-3.13,5.35,"Judge, Aaron",592450,621244,field_out,hit_into_play,,,,,14.0,Aaron Judge flies out to right fielder Teoscar Hernandez.,R,R,R,NYY,TOR,X,9.0,fly_ball,3,2,2022,1.12,-0.28,0.9,1.95,,,,1,1,Bot,170.31,72.81,,,,,7.078801441788691,-121.9875330682787,-0.9120066299435104,9.924142369550788,22.684521975537056,-35.06177900588093,3.93,1.87,331.0,91.1,30.0,83.8,2351.0,6.2,661265,672386,665489,669289,656305,666182,666971,593160,606192,54.32,0.082,0.11,0.0,1.0,0.0,0.0,3.0,6,8,Slurve,0,0,0,0,0,0,0,0,Infield shift,Standard,36.0,-0.02,-0.328,,,0.184,0.328,91.1,0,0,0.53,0.53,28,30,28,30,1,0,6.0,1.0,6.0,1.0,3.51,-1.12,-1.12,31.5,,,,,
FC,2022-08-17,87.2,-1.87,5.22,"Judge, Aaron",592450,446372,double,hit_into_play,,,,,12.0,Aaron Judge doubles (20) on a fly ball to right fielder Randy Arozarena.,R,R,R,NYY,TB,X,9.0,fly_ball,2,1,2022,0.42,0.87,0.99,3.02,,,,0,6,Bot,188.26,122.17,,,,,6.011710404965609,-126.91270424724254,-0.9002207568267674,3.320504515792825,26.004040965789155,-22.790289798507285,3.93,1.87,246.0,77.4,33.0,87.4,2544.0,6.4,661266,642336,596847,664040,650490,670764,444482,642350,668227,54.08,0.121,0.111,1.25,1.0,1.0,1.0,3.0,47,4,Cutter,0,4,0,4,4,0,0,4,Infield shift,Standard,188.0,0.045,0.661,,,0.155,-0.661,88.0,-4,-4,0.102,0.102,36,30,36,30,3,2,5.0,1.0,6.0,1.0,2.13,-0.42,-0.42,31.5,,,,,
SI,2022-08-17,90.0,-1.97,5.14,"Judge, Aaron",592450,446372,field_out,hit_into_play,,,,,11.0,"Aaron Judge grounds out, third baseman Yandy Diaz to first baseman Ji-Man Choi.",R,R,R,NYY,TB,X,5.0,ground_ball,1,2,2022,-1.35,0.8,-1.38,3.71,,643217.0,,1,3,Bot,104.51,172.5,,,,,4.311119540471742,-130.9726430052103,0.7575759447308845,-16.388011597640762,29.079175818733443,-23.38244312945438,3.93,1.87,31.0,71.3,-4.0,90.0,2196.0,6.4,661266,642336,596847,664040,650490,670764,444482,642350,668227,54.07,0.092,0.093,0.0,1.0,0.0,0.0,2.0,23,4,Sinker,0,1,0,1,1,0,0,1,Standard,Standard,214.0,-0.032,-0.182,,,0.092,0.182,88.0,-1,-1,0.449,0.449,36,30,36,30,2,1,5.0,1.0,6.0,1.0,2.02,1.35,1.35,32.0,,,,,
SL,2022-08-17,82.2,-3.08,3.67,"Judge, Aaron",592450,657044,field_out,hit_into_play,,,,,6.0,Aaron Judge flies out sharply to center fielder Jose Siri.,R,R,R,NYY,TB,X,8.0,fly_ball,1,2,2022,1.35,0.83,0.67,2.52,,,,2,9,Bot,122.07,39.13,,,,,5.921612164192497,-119.40905862786995,2.488760159519253,11.368105040753044,27.451577527356054,-25.1707235764957,3.93,1.87,395.0,103.3,29.0,82.1,2144.0,6.8,661266,642336,596847,664040,650490,670764,444482,642350,668227,53.74,0.6445510204081635,1.283897959183674,0.0,1.0,0.0,0.0,6.0,78,6,Slider,4,4,4,4,4,4,4,4,Infield shift,Strategic,82.0,-0.027,-0.181,,,2.502102040816327,0.181,103.3,0,0,0.527,0.527,30,30,30,30,1,4,2.0,1.0,7.0,1.0,2.61,-1.35,-1.35,-8.3,,,,,
FF,2022-08-16,99.5,-0.42,6.93,"Judge, Aaron",592450,664126,field_out,hit_into_play,,,,,7.0,Aaron Judge flies out to right fielder Randy Arozarena.,R,R,R,NYY,TB,X,9.0,fly_ball,2,0,2022,0.05,1.78,-0.36,2.31,,,,1,6,Bot,150.05,87.69,,,,,0.0492695926931749,-144.52119617726558,-11.499911870993271,0.6603141625917073,35.4768241984835,-4.680437565120029,3.94,1.88,284.0,98.0,45.0,100.1,2541.0,6.8,661250,542194,670623,644374,650490,670764,596451,642350,668227,53.66,0.021,0.038,0.0,1.0,0.0,0.0,3.0,43,3,4-Seam Fastball,1,3,1,3,3,1,1,3,Standard,Strategic,188.0,-0.037,-0.352,,,0.07,0.352,98.0,-2,-2,0.237,0.237,28,30,29,30,1,2,3.0,1.0,1.0,1.0,0.54,-0.05,-0.05,57.0,,,,,
CH,2022-08-16,91.0,-1.87,5.81,"Judge, Aaron",592450,592094,force_out,hit_into_play,,,,,5.0,"Aaron Judge grounds into a force out, fielded by second baseman Brandon Lowe. Gleyber Torres out at 2nd.",R,R,R,NYY,TB,X,4.0,ground_ball,2,1,2022,-1.45,0.14,0.03,3.1,,,650402.0,2,8,Bot,120.24,158.26,,,,,7.946786503117011,-132.30926200574666,-1.1448638189063525,-18.816662106320504,30.4629287366516,-30.46253362981204,3.94,1.88,10.0,98.8,-16.0,91.1,2138.0,6.6,661250,542194,670623,664040,650490,670764,596451,642350,668227,53.92,0.174,0.166,0.0,1.0,0.0,0.0,2.0,58,4,Changeup,1,3,1,3,3,1,1,3,Infield shift,Strategic,244.0,-0.047,-0.283,,,0.196,0.283,98.8,-2,-2,0.123,0.123,30,30,31,30,1,3,1.0,1.0,3.0,1.0,2.63,1.45,1.45,25.9,,,,,
SL,2022-08-15,81.9,-3.43,3.65,"Judge, Aaron",592450,657044,grounded_into_double_play,hit_into_play,,,,,9.0,"Aaron Judge grounds into a double play, shortstop Taylor Walls to second baseman Isaac Paredes to first baseman Ji-Man Choi. Gleyber Torres out at 2nd. Aaron Judge out at 1st.",R,R,R,NYY,TB,X,6.0,ground_ball,1,2,2022,1.01,0.62,0.49,2.36,,,650402.0,0,8,Bot,108.06,156.23,,,,,6.93390415581709,-119.06506336051312,2.4431055504042924,8.292200940283843,22.256615991913915,-26.938219541867703,3.95,1.88,95.0,80.4,7.0,82.3,2222.0,6.5,661283,642336,596847,670623,650490,670764,444482,642350,668227,53.98,0.355,0.34,0.0,1.0,0.0,0.0,2.0,59,4,Slider,0,1,0,1,1,0,0,1,Standard,Strategic,85.0,-0.187,-0.271,,,0.411,0.271,88.0,-1,-1,0.384,0.384,30,30,30,30,1,3,5.0,1.0,2.0,1.0,2.78,-1.01,-1.01,-5.1,,,,,
FC,2022-08-15,81.7,3.03,4.78,"Judge, Aaron",592450,642232,single,hit_into_play,,,,,1.0,Aaron Judge singles on a line drive to left fielder David Peralta.,R,R,L,NYY,TB,X,7.0,line_drive,3,2,2022,-0.49,0.31,-0.42,3.44,,,,1,3,Bot,95.69,75.57,,,,,-6.81363005990145,-118.88728801459858,2.8839800063025702,-3.5895075092638566,19.892722023666213,-29.92458004966305,3.95,1.88,291.0,86.5,26.0,82.1,2299.0,6.3,661283,642336,596847,670623,650490,670764,444482,642350,668227,54.21,0.066,0.064,0.9,1.0,1.0,0.0,3.0,23,6,Cutter,0,0,0,0,0,0,0,0,Infield shift,Standard,228.0,0.024,0.334,,,0.103,-0.334,88.0,0,0,0.534,0.534,30,30,31,30,1,1,6.0,1.0,6.0,1.0,3.07,-0.49,0.49,14.0,,,,,
FF,2022-08-15,95.7,0.48,6.08,"Judge, Aaron",592450,656222,grounded_into_double_play,hit_into_play,,,,,7.0,"Aaron Judge grounds into a double play, shortstop Taylor Walls to second baseman Isaac Paredes to first baseman Ji-Man Choi. Gleyber Torres out at 2nd. Aaron Judge out at 1st.",R,R,L,NYY,TB,X,6.0,ground_ball,0,0,2022,0.5,1.36,-0.32,2.1,,,650402.0,0,1,Bot,105.53,155.21,,,,,-3.25577362744998,-139.16942100822797,-7.977023861149694,7.2815499917902065,30.482577834826937,-12.96599646983804,3.95,1.88,10.0,110.0,-11.0,96.2,2079.0,6.6,661283,642336,596847,670623,650490,670764,444482,642350,668227,53.93,0.313,0.306,0.0,1.0,0.0,0.0,2.0,5,1,4-Seam Fastball,0,0,0,0,0,0,0,0,Standard,Standard,153.0,-0.073,-0.34,,,0.327,0.34,110.0,0,0,0.583,0.583,28,30,29,30,1,0,6.0,1.0,2.0,1.0,1.13,0.5,-0.5,50.4,,,,,
FF,2022-08-14,94.1,-1.29,6.61,"Judge, Aaron",592450,608379,field_out,hit_into_play,,,,,9.0,"Aaron Judge grounds out, shortstop Xander Bogaerts to first baseman Eric Hosmer.",R,R,R,BOS,NYY,X,6.0,ground_ball,1,1,2022,-0.64,1.57,0.5,1.99,,,,1,1,Top,110.25,151.72,,,,,6.105346261902468,-136.66554323169606,-9.77731269881608,-9.394336280663772,30.13497301590513,-10.53814605340898,3.95,1.88,8.0,71.6,-14.0,94.7,2208.0,6.7,663175,608700,543333,624414,646240,593428,502054,680776,657077,53.76,0.037,0.054,0.0,1.0,0.0,0.0,2.0,2,3,4-Seam Fastball,0,0,0,0,0,0,0,0,Infield shift,Standard,205.0,0.015,-0.234,,,0.037,0.234,88.0,0,0,0.523,0.477,30,30,31,30,1,0,47.0,1.0,6.0,1.0,1.02,0.64,0.64,54.2,,,,,
FF,2022-08-13,95.6,-1.88,5.91,"Judge, Aaron",592450,676710,field_out,hit_into_play,,,,,13.0,"Aaron Judge grounds out, shortstop Xander Bogaerts to first baseman Eric Hosmer.",R,R,R,BOS,NYY,X,6.0,ground_ball,2,1,2022,-1.03,1.72,-0.21,1.72,,,,0,6,Top,116.1,161.29,,,,,6.719506399801276,-138.8152366904905,-9.266854562080962,-14.793779014224414,29.907845463820387,-8.027452415265975,3.97,1.88,2.0,75.4,-32.0,95.6,2611.0,6.3,663176,624512,543333,624414,646240,593428,502054,680776,657077,54.19,0.045,0.059,0.0,1.0,0.0,0.0,2.0,43,4,4-Seam Fastball,2,2,2,2,2,2,2,2,Infield shift,Standard,212.0,0.039,-0.291,,,0.045,0.291,88.0,0,0,0.495,0.505,26,30,26,30,3,2,6.0,1.0,6.0,1.0,0.78,1.03,1.03,45.8,,,,,
FF,2022-08-12,93.0,-2.42,5.35,"Judge, Aaron",592450,543135,home_run,hit_into_play,,,,,1.0,Aaron Judge homers (46) on a fly ball to left center field.,R,R,R,BOS,NYY,X,,fly_ball,1,0,2022,-1.28,1.13,-0.55,3.76,,,,0,3,Top,58.45,38.32,,,,,7.629651452024174,-135.1439263460928,-0.7248246352123561,-17.391617006508916,32.104992820387814,-18.52415987679741,3.99,1.88,429.0,113.8,31.0,93.1,2269.0,6.6,663177,608700,543333,624414,646240,593428,502054,680776,657077,53.89,0.9763333333333332,1.9906666666666664,2.0,1.0,0.0,3.0,6.0,20,2,4-Seam Fastball,0,1,1,0,2,0,2,0,Standard,Standard,233.0,-0.097,1.077,,,3.905333333333333,-1.077,113.8,-1,1,0.385,0.615,32,30,32,30,2,1,6.0,2.0,48.0,1.0,1.54,1.28,1.28,27.3,,,,,
SL,2022-08-10,87.2,2.31,6.1,"Judge, Aaron",592450,592662,field_out,hit_into_play,,,,,8.0,"Aaron Judge grounds out, shortstop Dylan Moore to first baseman Ty France.",R,R,L,SEA,NYY,X,6.0,ground_ball,1,2,2022,-0.21,0.59,0.09,2.22,,,,1,1,Top,105.38,155.13,,,,,-4.9184676716033,-126.9389632482794,-4.427370939429622,-1.3480542163277145,24.203796291539938,-25.082623221391337,3.99,1.9,22.0,76.6,-4.0,87.6,2082.0,6.4,662185,620443,664034,624428,553993,664238,664059,672284,571745,54.11,0.095,0.095,0.0,1.0,0.0,0.0,2.0,2,4,Slider,0,0,0,0,0,0,0,0,Infield shift,Standard,170.0,0.012,-0.177,,,0.099,0.177,88.0,0,0,0.526,0.474,30,30,31,30,1,0,5.0,1.0,6.0,2.0,2.39,-0.21,0.21,43.3,,,,,
ST,2022-08-10,80.1,-4.11,3.94,"Judge, Aaron",592450,682171,home_run,hit_into_play,,,,,8.0,Aaron Judge homers (45) on a fly ball to left field.,R,R,R,SEA,NYY,X,,fly_ball,0,0,2022,1.29,-0.08,-0.14,2.28,,,,2,7,Top,39.57,55.59,,,,,6.350269130184989,-116.49970048752826,3.183720403453694,10.51822432533567,21.82243960465965,-33.72671785582963,3.99,1.9,412.0,105.2,32.0,80.0,2732.0,6.2,662185,620443,664034,624428,553993,664238,664059,672284,571745,54.26,0.7672727272727271,1.552060606060606,2.0,1.0,0.0,3.0,6.0,48,1,Sweeper,1,2,2,1,3,1,3,1,Infield shift,Standard,73.0,-0.139,2.595,,,3.0413030303030295,-2.595,105.2,-1,1,0.351,0.649,28,30,28,30,1,3,2.0,1.0,3.0,2.0,3.63,-1.29,-1.29,-4.7,,,,,
FF,2022-08-09,98.4,-2.89,5.28,"Judge, Aaron",592450,622491,single,hit_into_play,,,,,8.0,Aaron Judge singles on a line drive to left fielder Jake Lamb.,R,R,R,SEA,NYY,X,7.0,line_drive,3,2,2022,-1.03,1.15,-0.23,2.48,,,,0,4,Top,100.26,97.86,,,,,9.5032749216412,-143.06782902902904,-4.789457125120656,-16.337665645904785,31.52518194952907,-15.392872089588998,3.96,1.88,185.0,99.0,11.0,97.6,2383.0,5.8,662148,663728,664034,624428,553993,641487,571875,672284,664059,54.72,0.884,0.855,0.9,1.0,1.0,0.0,4.0,21,7,4-Seam Fastball,0,0,0,0,0,0,0,0,Standard,Standard,233.0,-0.037,0.354,,,1.052,-0.354,99.0,0,0,0.493,0.507,29,30,30,30,2,1,6.0,1.0,6.0,1.0,1.2,1.03,1.03,17.9,,,,,
SL,2022-08-09,86.4,-3.14,5.16,"Judge, Aaron",592450,622491,field_out,hit_into_play,,,,,5.0,Aaron Judge lines out sharply to left fielder Jake Lamb.,R,R,R,SEA,NYY,X,7.0,line_drive,1,2,2022,0.11,0.04,0.25,2.72,,,,1,1,Top,65.75,76.58,,,,,7.742982717120309,-125.75998342243052,0.2400689249817791,-0.1678576458944596,21.975117103588957,-32.02803276882721,3.96,1.88,337.0,105.3,16.0,85.8,2337.0,5.6,662148,663728,664034,624428,553993,641487,571875,672284,664059,54.94,0.558,0.634,0.0,1.0,0.0,0.0,5.0,2,4,Slider,0,0,0,0,0,0,0,0,Standard,Standard,333.0,0.012,-0.177,,,0.963,0.177,105.3,0,0,0.526,0.474,29,30,30,30,1,0,6.0,1.0,6.0,1.0,2.98,-0.11,-0.11,16.0,,,,,
FF,2022-08-08,96.6,-0.83,6.1,"Judge, Aaron",592450,669302,field_out,hit_into_play,,,,,5.0,Aaron Judge flies out to left fielder Jesse Winker.,R,R,R,SEA,NYY,X,7.0,fly_ball,3,0,2022,-0.31,1.48,0.23,2.71,,,,0,3,Top,80.52,58.29,,,,,3.6137277091485824,-140.67419269366306,-7.045050215968682,-4.82916188738548,29.014097634464573,-11.148117567141416,3.92,1.87,365.0,93.9,28.0,99.1,2259.0,7.5,662152,663728,664034,624428,553993,641487,608385,664059,571745,53.05,0.274,0.503,0.0,1.0,0.0,0.0,3.0,18,4,4-Seam Fastball,1,2,2,1,2,1,2,1,Standard,Standard,198.0,0.043,-0.503,,,0.975,0.503,93.9,-1,1,0.367,0.633,25,30,25,30,2,1,6.0,1.0,6.0,1.0,0.94,0.31,0.31,52.0,,,,,
FF,2022-08-08,96.8,-1.08,6.14,"Judge, Aaron",592450,669302,double,hit_into_play,,,,,5.0,Aaron Judge hits a ground-rule double (19) on a fly ball to right field.   DJ LeMahieu to 3rd.,R,R,R,SEA,NYY,X,,fly_ball,1,1,2022,-0.47,1.49,-0.03,2.53,,,518934.0,0,1,Top,204.74,113.05,,,,,3.942759548244281,-140.79992749436803,-7.668801072971831,-7.130133977470736,29.021633011680567,-10.764161068821798,3.92,1.87,284.0,90.9,29.0,99.1,2293.0,7.4,662152,663728,664034,624428,553993,641487,608385,664059,571745,53.11,0.082,0.101,1.25,1.0,1.0,1.0,3.0,2,3,4-Seam Fastball,0,0,0,0,0,0,0,0,Standard,Standard,202.0,-0.101,0.715,,,0.166,-0.715,90.9,0,0,0.466,0.534,25,30,25,30,1,0,6.0,1.0,6.0,1.0,0.92,0.47,0.47,51.7,,,,,
SL,2022-08-08,88.6,1.82,5.66,"Judge, Aaron",592450,621366,home_run,hit_into_play,,,,,9.0,Aaron Judge homers (44) on a fly ball to center field.,R,R,L,SEA,NYY,X,,fly_ball,2,2,2022,-0.19,0.42,0.7,2.47,,,,0,9,Top,142.02,28.59,,,,,-2.3422432225415215,-129.10651103771784,-2.714351939969829,-1.7124189064163964,23.35595856512265,-27.087267745449495,3.92,1.87,423.0,107.7,23.0,89.5,2415.0,6.5,662152,663728,664034,624428,553993,641487,664059,672284,571745,54.03,0.8885714285714283,1.743142857142857,2.0,1.0,0.0,3.0,6.0,69,5,Slider,3,7,7,3,8,3,8,3,Infield shift,Standard,179.0,-0.009,1.143,,,3.3752571428571425,-1.143,107.7,-4,4,0.015,0.985,28,30,28,30,1,4,3.0,1.0,,1.0,2.44,-0.19,0.19,26.7,,,,,
SI,2022-08-07,91.8,-0.75,6.25,"Judge, Aaron",592450,425794,single,hit_into_play,,,,,5.0,Aaron Judge singles on a line drive to center fielder Dylan Carlson.   Andrew Benintendi scores.    Aaron Hicks scores.    Marwin Gonzalez to 2nd.,R,R,R,STL,NYY,X,8.0,line_drive,1,2,2022,-0.75,1.13,0.25,2.76,643217.0,543305.0,503556.0,2,2,Top,127.01,97.79,,,,,4.201592176176904,-133.6235049912111,-5.521254195385592,-9.91614039825066,26.24892615649278,-17.69634438129056,3.92,1.87,162.0,108.7,7.0,92.9,2412.0,6.7,661948,425877,502671,669242,571448,657557,641933,666185,663457,53.76,0.705,0.672,0.9,1.0,1.0,0.0,4.0,17,4,Sinker,1,2,2,1,4,1,4,1,Standard,Standard,193.0,-0.165,0.589,,,0.831,-0.589,108.7,-1,1,0.391,0.609,40,30,41,30,2,1,5.0,1.0,6.0,1.0,1.56,0.75,0.75,49.9,,,,,
SL,2022-08-07,87.1,-1.8,5.99,"Judge, Aaron",592450,608717,double,hit_into_play,,,,,5.0,Aaron Judge doubles (18) on a sharp fly ball to center fielder Dylan Carlson.   Andrew Benintendi scores.    Aaron Hicks scores.    Jose Trevino to 3rd.,R,R,R,STL,NYY,X,8.0,fly_ball,2,0,2022,0.64,0.16,0.19,2.54,643217.0,543305.0,624431.0,2,5,Top,130.9,35.95,,,,,3.4625281569873123,-126.8752809187844,-2.462928199975672,6.191318386644128,26.370372728832105,-30.115190234367823,3.92,1.87,403.0,111.7,22.0,87.2,2949.0,6.3,661948,425877,502671,669242,571448,657557,641933,666185,663457,54.17,0.96625,1.894166666666667,1.25,1.0,1.0,1.0,6.0,51,3,Slider,6,4,4,6,6,6,6,6,Standard,Standard,78.0,-0.191,0.64,,,3.6651666666666665,-0.64,111.7,2,-2,0.68,0.3199999999999999,31,30,32,30,1,3,3.0,1.0,3.0,1.0,2.84,-0.64,-0.64,36.8,,,,,
FC,2022-08-07,85.1,-1.04,6.36,"Judge, Aaron",592450,425794,field_out,hit_into_play,,,,,14.0,"Aaron Judge grounds out, second baseman Tommy Edman to first baseman Paul Goldschmidt.   DJ LeMahieu to 3rd.",R,R,R,STL,NYY,X,4.0,ground_ball,2,2,2022,0.55,0.42,1.27,1.96,,518934.0,,0,1,Top,127.62,149.33,,,,,4.348007724682583,-124.03052671258088,-4.9674039091137505,4.981600424178716,21.027605154315445,-27.16707402963244,3.92,1.87,35.0,75.5,0.0,86.1,2542.0,6.5,661948,425877,502671,669242,571448,657557,641933,666185,663457,54.02,0.105,0.103,0.0,1.0,0.0,0.0,2.0,2,5,Cutter,0,0,0,0,0,0,0,0,Standard,Standard,131.0,0.009,-0.153,,,0.115,0.153,88.0,0,0,0.445,0.5549999999999999,40,30,41,30,1,0,5.0,1.0,6.0,1.0,2.68,-0.55,-0.55,45.4,,,,,
CH,2022-08-06,82.9,1.84,6.3,"Judge, Aaron",592450,656756,field_out,hit_into_play,,,,,12.0,"Aaron Judge grounds out, third baseman Nolan Arenado to first baseman Paul Goldschmidt.",R,R,L,STL,NYY,X,5.0,ground_ball,1,2,2022,0.84,0.76,1.25,3.27,,,518934.0,2,3,Top,106.4,164.49,,,,,-3.028420397646592,-120.79218126603624,-1.955846448399845,8.781070074214933,23.94924757958881,-24.599287672721733,3.92,1.89,6.0,70.7,-30.0,83.7,1693.0,6.8,661949,425877,502671,669357,571448,657557,641933,666185,663457,53.69,0.079,0.074,0.0,1.0,0.0,0.0,2.0,19,4,Changeup,1,0,0,1,0,1,0,1,Standard,Standard,125.0,0.02,-0.188,,,0.1,0.188,88.0,1,-1,0.649,0.351,29,30,30,30,2,1,6.0,1.0,6.0,1.0,2.56,0.84,-0.84,41.1,,,,,
ST,2022-08-06,88.0,-1.99,5.82,"Judge, Aaron",592450,663855,field_out,hit_into_play,,,,,14.0,Aaron Judge flies out to second baseman Nolan Gorman.,R,R,R,STL,NYY,X,4.0,fly_ball,0,2,2022,0.77,0.14,0.88,2.72,,,518934.0,1,6,Top,153.76,125.76,,,,,5.383241949635434,-128.11966806309357,-1.7281349347007278,7.340162000306211,26.445462525312745,-30.48356892733171,3.92,1.89,198.0,75.5,52.0,88.3,2404.0,6.4,661949,425877,502671,669357,571448,657557,641933,666185,663457,54.06,0.092,0.097,0.0,1.0,0.0,0.0,3.0,38,3,Sweeper,1,0,0,1,0,1,0,1,Standard,Standard,71.0,0.031,-0.156,,,0.134,0.156,88.0,1,-1,0.672,0.3279999999999999,25,30,26,30,1,2,2.0,1.0,1.0,1.0,2.8,-0.77,-0.77,27.9,,,,,
SI,2022-08-06,94.2,1.91,6.58,"Judge, Aaron",592450,656756,single,hit_into_play,,,,,8.0,Aaron Judge singles on a sharp ground ball to left fielder Tyler O'Neill.,R,R,L,STL,NYY,X,7.0,ground_ball,2,1,2022,1.42,0.77,-0.04,2.07,,,,1,1,Top,93.73,141.57,,,,,-8.267591467179985,-136.86174326135094,-7.835614780130688,19.625393624041617,26.34330324977227,-20.98793562908039,3.92,1.89,56.0,111.1,1.0,95.2,2262.0,6.7,661949,425877,502671,669357,571448,657557,641933,666185,663457,53.82,0.563,0.532,0.9,1.0,1.0,0.0,4.0,2,4,Sinker,0,0,0,0,0,0,0,0,Standard,Standard,139.0,-0.022,0.376,,,0.622,-0.376,111.1,0,0,0.52,0.48,29,30,30,30,1,0,6.0,1.0,6.0,1.0,1.78,1.42,-1.42,38.8,,,,,
FF,2022-08-06,94.5,-1.51,6.78,"Judge, Aaron",592450,606149,field_out,hit_into_play,,,,,6.0,Aaron Judge flies out to center fielder Dylan Carlson.,R,R,R,STL,NYY,X,8.0,fly_ball,3,2,2022,-0.34,1.4,0.33,2.98,,,,0,9,Top,141.66,47.88,,,,,5.50780273676078,-137.3717619245263,-7.259288209076116,-5.495566167474879,30.49125730758643,-13.004313143117404,3.92,1.89,375.0,99.0,37.0,93.5,2341.0,5.8,661949,425877,502671,669242,571448,657557,641933,666185,663457,54.72,0.2558181818181818,0.5150000000000001,0.0,1.0,0.0,0.0,5.0,58,7,4-Seam Fastball,1,0,0,1,0,1,0,1,Standard,Standard,205.0,0.091,-0.333,,,1.0141818181818183,0.333,99.0,1,-1,0.817,0.183,30,30,31,30,1,3,2.0,1.0,7.0,1.0,1.16,0.34,0.34,54.9,,,,,
SI,2022-08-05,91.6,-1.77,6.0,"Judge, Aaron",592450,641712,single,hit_into_play,,,,,4.0,Aaron Judge singles on a fly ball to right fielder Lars Nootbaar.,R,R,R,STL,NYY,X,9.0,fly_ball,1,1,2022,-0.91,0.16,-0.68,3.2,,,,0,5,Top,187.34,137.77,,,,,4.702717555671819,-133.41974524295918,-1.61820988735674,-11.872962955501311,26.6005589029657,-30.10806382118644,3.89,1.83,203.0,69.5,32.0,92.0,2001.0,6.3,661946,425877,502671,669242,571448,657557,641933,666185,663457,54.22,0.834,0.786,0.9,1.0,1.0,0.0,4.0,35,3,Sinker,1,2,2,1,2,1,2,1,Infield shift,Standard,222.0,-0.038,0.45,,,0.911,-0.45,88.0,-1,1,0.363,0.637,27,30,28,30,3,2,6.0,3.0,6.0,1.0,2.53,0.91,0.91,29.9,,,,,
SL,2022-08-05,83.6,-1.85,6.01,"Judge, Aaron",592450,641712,single,hit_into_play,,,,,1.0,Aaron Judge singles on a fly ball to right fielder Lars Nootbaar.,R,R,R,STL,NYY,X,9.0,fly_ball,3,2,2022,0.46,0.11,-0.65,3.89,,,,0,3,Top,183.51,139.23,,,,,1.8467160745587805,-121.7775412016127,1.2524266833237103,4.222931502718824,22.212664745985915,-31.51316694530387,3.89,1.83,208.0,75.7,50.0,83.4,2514.0,5.9,661946,425877,502671,669242,571448,657557,641933,666185,663457,54.56,0.082,0.078,0.9,1.0,1.0,0.0,3.0,20,7,Slider,1,1,1,1,1,1,1,1,Infield shift,Standard,69.0,-0.035,0.354,,,0.106,-0.354,88.0,0,0,0.494,0.506,27,30,28,30,2,1,6.0,3.0,6.0,1.0,3.13,-0.46,-0.46,28.0,,,,,
FF,2022-08-05,100.3,-0.3,6.21,"Judge, Aaron",592450,664854,field_out,hit_into_play,,,,,4.0,Aaron Judge pops out to second baseman Tommy Edman.,R,R,R,STL,NYY,X,4.0,popup,1,1,2022,-0.21,1.46,-0.63,2.77,,,641796.0,1,9,Top,160.33,137.92,,,,,-0.4260619029558806,-145.93292147678798,-7.664547048132703,-2.915682592706356,33.27100687593524,-9.672225031983556,3.89,1.83,204.0,97.6,57.0,100.8,2663.0,6.5,661946,425877,502671,669242,571448,657557,641933,666185,663457,54.01,0.018,0.024,0.0,1.0,0.0,0.0,3.0,74,3,4-Seam Fastball,4,3,3,4,3,4,3,4,Standard,Standard,202.0,0.091,-0.241,,,0.033,0.241,97.6,1,-1,0.83,0.17,27,30,28,30,1,4,1.0,3.0,2.0,1.0,0.8,0.21,0.21,52.9,,,,,
SI,2022-08-05,91.8,-1.83,5.88,"Judge, Aaron",592450,641712,field_out,hit_into_play,,,,,5.0,Aaron Judge lines out sharply to left fielder Tyler O'Neill.,R,R,R,STL,NYY,X,7.0,line_drive,0,1,2022,-0.67,0.5,-0.25,2.61,,,518934.0,0,1,Top,79.61,80.61,,,,,5.441963730211969,-133.5678809185678,-3.4810940526858314,-9.169070110230148,29.868461951362782,-25.586965611891863,3.89,1.83,315.0,116.9,13.0,91.5,2127.0,6.2,661946,425877,502671,669242,571448,657557,641933,666185,663457,54.33,0.816,0.968,0.0,1.0,0.0,0.0,6.0,2,2,Sinker,0,0,0,0,0,0,0,0,Standard,Standard,226.0,0.029,-0.191,,,1.442,0.191,116.9,0,0,0.469,0.531,27,30,28,30,1,0,6.0,3.0,6.0,1.0,2.21,0.67,0.67,25.8,,,,,
FF,2022-08-02,97.5,-1.11,5.9,"Judge, Aaron",592450,669302,field_out,hit_into_play,,,,,4.0,"Aaron Judge grounds out, second baseman Abraham Toro to first baseman Carlos Santana.",R,R,R,NYY,SEA,X,4.0,ground_ball,0,0,2022,-0.53,1.32,-0.56,2.63,,,,2,5,Bot,117.01,146.91,,,,,2.7399806931626354,-141.7744839592491,-6.404352434319036,-7.801829112261717,34.345760163845114,-13.089366242200745,3.89,1.82,5.0,100.7,-26.0,99.3,2012.0,7.4,661253,663728,467793,647351,553993,641487,608385,672284,624428,53.06,0.126,0.119,0.0,1.0,0.0,0.0,2.0,43,1,4-Seam Fastball,3,6,3,6,6,3,3,6,Infield shift,Standard,203.0,-0.011,-0.256,,,0.149,0.256,100.7,-3,-3,0.148,0.148,25,30,25,30,3,2,5.0,1.0,6.0,3.0,1.09,0.53,0.53,49.4,,,,,
FC,2022-08-01,87.4,2.08,5.49,"Judge, Aaron",592450,594835,home_run,hit_into_play,,,,,4.0,Aaron Judge homers (43) on a fly ball to center field.   DJ LeMahieu scores.,R,R,L,NYY,SEA,X,,fly_ball,0,0,2022,0.31,1.05,-0.56,3.18,,,518934.0,2,2,Bot,83.3,34.35,,,,,-7.033697805719492,-127.22543343198409,-1.5977880562570816,4.793501166321516,25.264343315517937,-20.656703737897267,3.89,1.82,420.0,105.5,29.0,88.0,2079.0,6.6,661268,663728,467793,647351,553993,641487,608385,672284,624428,53.94,0.82225,1.669795454545455,2.0,1.0,0.0,3.0,6.0,20,1,Cutter,3,1,3,1,1,5,5,1,Standard,Standard,150.0,0.135,2.234,,,3.2575909090909096,-2.234,105.5,2,2,0.728,0.728,30,30,30,30,2,1,5.0,1.0,6.0,1.0,1.93,0.31,-0.31,36.7,,,,,
FF,2022-08-01,92.4,-2.42,4.77,"Judge, Aaron",592450,670036,field_out,hit_into_play,,,,,6.0,Aaron Judge flies out to right fielder Adam Frazier.,R,R,R,NYY,SEA,X,9.0,fly_ball,2,2,2022,-0.08,1.08,0.57,3.17,,643396.0,518934.0,1,6,Bot,155.46,112.3,,,,,7.8717070111654355,-134.43028577861344,-0.6029622999511175,-2.6981443885477208,29.29876084210846,-19.21400453721149,3.89,1.82,230.0,96.3,56.0,93.2,2187.0,6.8,661268,663728,467793,647351,553993,641487,608385,672284,624428,53.74,0.008,0.007,0.0,1.0,0.0,0.0,3.0,56,8,4-Seam Fastball,6,2,6,2,2,6,6,2,Standard,Standard,210.0,-0.007,-0.197,,,0.008,0.197,96.3,4,4,0.957,0.957,29,30,29,30,1,3,2.0,1.0,2.0,1.0,1.6,0.08,0.08,23.1,,,,,
SI,2022-08-01,89.7,1.92,5.69,"Judge, Aaron",592450,594835,double,hit_into_play,,,,,9.0,Aaron Judge doubles (17) on a sharp fly ball to left fielder Jesse Winker.   DJ LeMahieu to 3rd.,R,R,L,NYY,SEA,X,7.0,fly_ball,0,0,2022,1.02,1.32,0.32,2.22,,,518934.0,0,1,Bot,68.73,55.15,,,,,-6.101732689824886,-130.3767188741753,-5.372533467963683,12.86633271283973,27.165633425108844,-16.15574834312101,3.89,1.82,382.0,110.8,22.0,89.8,2035.0,6.4,661268,663728,467793,647351,553993,641487,608385,672284,624428,54.08,0.9473333333333332,1.8536666666666664,1.25,1.0,1.0,1.0,6.0,7,1,Sinker,0,0,0,0,0,0,0,0,Standard,Standard,136.0,0.098,0.705,,,3.588066666666667,-0.705,110.8,0,0,0.583,0.583,30,30,30,30,1,0,5.0,1.0,6.0,1.0,1.52,1.02,-1.02,43.7,,,,,
SL,2022-07-31,89.4,-1.02,5.9,"Judge, Aaron",592450,664199,field_out,hit_into_play,,,,,9.0,Aaron Judge flies out to right fielder MJ Melendez.,R,R,R,NYY,KC,X,9.0,fly_ball,3,2,2022,0.33,0.36,0.34,2.1,,,518934.0,1,9,Bot,188.86,94.71,,,,,2.6668363042274583,-130.27956270734316,-4.1731253782750395,3.256532138024413,24.62848489903387,-27.47683364215135,3.96,1.9,302.0,90.5,39.0,89.5,2239.0,6.0,661254,521692,668472,593160,641531,670032,664728,572191,669004,54.47,0.024,0.032,0.0,1.0,0.0,0.0,3.0,80,7,Slider,6,8,6,8,8,6,6,8,Infield shift,Standard,158.0,-0.081,-0.306,,,0.049,0.306,90.5,-2,-2,0.127,0.127,29,30,29,30,1,4,7.0,1.0,4.0,1.0,2.46,-0.33,-0.33,49.8,,,,,
FC,2022-07-31,86.7,-2.6,6.08,"Judge, Aaron",592450,425844,field_out,hit_into_play,,,,,14.0,"Aaron Judge grounds out, third baseman Hunter Dozier to first baseman Vinnie Pasquantino.",R,R,R,NYY,KC,X,5.0,ground_ball,2,2,2022,0.61,0.54,0.47,1.45,,,,1,1,Bot,107.31,176.01,,,,,6.05704568650284,-126.16946237259556,-6.038820678140209,5.558165988955069,21.75669618087299,-25.459307958124107,3.96,1.9,19.0,79.7,-3.0,87.0,2399.0,6.1,661254,521692,686469,593160,641531,672580,668472,572191,669004,54.37,0.155,0.149,0.0,1.0,0.0,0.0,2.0,6,6,Cutter,0,0,0,0,0,0,0,0,Infield shift,Strategic,164.0,-0.014,-0.212,,,0.193,0.212,88.0,0,0,0.524,0.524,38,30,39,30,1,0,6.0,1.0,5.0,1.0,2.46,-0.61,-0.61,38.6,,,,,
FF,2022-07-30,95.0,-1.28,5.97,"Judge, Aaron",592450,669169,home_run,hit_into_play,,,,,9.0,Aaron Judge homers (42) on a line drive to right center field.    Jose Trevino scores.,R,R,R,NYY,KC,X,,line_drive,2,2,2022,-0.83,1.4,0.29,2.41,,,624431.0,2,2,Bot,195.2,66.37,,,,,5.891696982815536,-138.14833806776986,-6.767533386018253,-11.855872833412777,29.133880179046088,-12.95804147262318,3.97,1.9,364.0,105.2,22.0,94.4,2382.0,5.9,661255,521692,686469,593160,670032,672580,641531,572191,669004,54.62,0.6818636363636362,1.2184772727272724,2.0,1.0,0.0,3.0,6.0,19,7,4-Seam Fastball,2,0,2,0,0,4,4,0,Infield shift,Standard,211.0,0.137,2.271,,,2.2928863636363643,-2.271,105.2,2,2,0.726,0.726,25,30,25,30,2,1,21.0,1.0,10.0,1.0,1.12,0.83,0.83,54.2,,,,,
FF,2022-07-30,96.0,-1.98,5.64,"Judge, Aaron",592450,606303,field_out,hit_into_play,,,,,7.0,Aaron Judge flies out to right fielder MJ Melendez.,R,R,R,NYY,KC,X,9.0,fly_ball,3,2,2022,-0.53,1.28,-0.47,2.5,,,518934.0,1,8,Bot,176.1,95.83,,,,,5.158714627950526,-139.62458095757452,-5.564858256855889,-8.097073825363964,32.39744793773639,-14.34397885790272,3.97,1.9,286.0,86.7,35.0,95.2,2474.0,5.9,661255,521692,686469,593160,670032,672580,641531,572191,669004,54.59,0.016,0.014,0.0,1.0,0.0,0.0,3.0,69,6,4-Seam Fastball,8,2,8,2,2,8,8,2,Infield shift,Standard,221.0,0.0,-0.306,,,0.019,0.306,88.0,6,6,0.998,0.998,28,30,28,30,1,4,4.0,1.0,6.0,1.0,1.2,0.53,0.53,34.2,,,,,
SL,2022-07-30,86.8,-1.48,5.96,"Judge, Aaron",592450,669169,single,hit_into_play,,,,,5.0,Aaron Judge singles on a ground ball to left fielder Hunter Dozier.,R,R,R,NYY,KC,X,7.0,ground_ball,2,2,2022,0.28,0.08,-0.14,2.71,,,,0,1,Bot,81.88,107.58,,,,,2.625002517033588,-126.41122497101104,-1.7689252724295412,2.5120460880598063,25.4327767477805,-31.15654834022096,3.97,1.9,89.0,100.7,5.0,86.6,2553.0,6.1,661255,521692,686469,593160,670032,672580,641531,572191,669004,54.4,0.605,0.56,0.9,1.0,1.0,0.0,4.0,5,6,Slider,1,0,1,0,0,1,1,0,Infield shift,Standard,83.0,0.033,0.469,,,0.67,-0.469,100.7,1,1,0.643,0.643,25,30,25,30,1,0,21.0,1.0,10.0,1.0,2.94,-0.28,-0.28,52.6,,,,,
FF,2022-07-29,92.5,1.71,5.6,"Judge, Aaron",592450,663460,single,hit_into_play,,,,,7.0,Aaron Judge singles on a sharp ground ball to left fielder Hunter Dozier.,R,R,L,NYY,KC,X,7.0,ground_ball,0,0,2022,0.85,1.4,-0.43,2.39,,,,0,6,Bot,81.06,109.39,,,,,-7.330957419942977,-134.43031763147036,-5.476685808340831,11.84192430802747,28.72649734839648,-14.120312780649126,4.0,1.93,100.0,114.4,5.0,92.9,2317.0,6.6,661256,669004,686469,593160,670032,672580,641531,664728,668472,53.91,0.674,0.628,0.9,1.0,1.0,0.0,5.0,45,1,4-Seam Fastball,3,5,3,5,5,3,3,5,Strategic,Strategic,140.0,0.06,0.44,,,0.759,-0.44,114.4,-2,-2,0.26,0.26,24,30,25,30,3,2,5.0,1.0,6.0,1.0,1.26,0.85,-0.85,37.8,,,,,
CH,2022-07-29,81.4,1.83,5.44,"Judge, Aaron",592450,663460,home_run,hit_into_play,,,,,6.0,Aaron Judge homers (40) on a fly ball to left center field. DJ LeMahieu scores.,R,R,L,NYY,KC,X,,fly_ball,2,0,2022,1.17,1.04,0.53,2.92,,,518934.0,1,3,Bot,55.27,30.95,,,,,-5.191847463551357,-118.4604217051665,-1.0421327069167097,12.004525398954051,22.674647265004896,-22.42958968774368,4.0,1.93,449.0,110.2,29.0,81.8,1820.0,6.5,661256,669004,686469,593160,670032,672580,641531,664728,668472,53.96,0.9804444444444445,2.0,2.0,1.0,0.0,3.0,6.0,21,3,Changeup,1,0,1,0,0,3,3,0,Standard,Standard,118.0,0.147,1.355,,,3.917444444444445,-1.355,110.2,1,1,0.681,0.681,24,30,25,30,2,1,5.0,1.0,6.0,1.0,2.4,1.17,-1.17,37.0,,,,,
CH,2022-07-29,81.9,1.62,5.46,"Judge, Aaron",592450,663460,field_out,hit_into_play,,,,,9.0,"Aaron Judge grounds out, second baseman Whit Merrifield to first baseman Vinnie Pasquantino.",R,R,L,NYY,KC,X,4.0,ground_ball,1,1,2022,1.47,0.68,0.43,1.95,,,,1,1,Bot,136.45,133.73,,,,,-5.571170157424478,-119.13712114203302,-2.6968633337747314,15.024968923654727,22.691349161484336,-25.39753540840501,4.0,1.93,114.0,79.0,10.0,82.5,1925.0,6.7,661256,669004,686469,593160,670032,672580,641531,664728,668472,53.79,0.374,0.343,0.0,1.0,0.0,0.0,4.0,5,3,Changeup,0,0,0,0,0,0,0,0,Strategic,Standard,118.0,-0.015,-0.234,,,0.414,0.234,88.0,0,0,0.525,0.525,24,30,25,30,1,0,5.0,1.0,6.0,1.0,2.72,1.47,-1.47,39.0,,,,,
CH,2022-07-29,85.9,-1.94,5.97,"Judge, Aaron",592450,663804,home_run,hit_into_play,,,,,4.0,Aaron Judge hits a grand slam (41) to right center field. Aaron Hicks scores. Isiah Kiner-Falefa scores. DJ LeMahieu scores.,R,R,R,NYY,KC,X,,fly_ball,0,0,2022,-1.45,0.48,-0.34,3.13,543305.0,643396.0,518934.0,2,8,Bot,195.28,66.24,,,,,6.706910441126023,-124.86770701100976,-1.4043783574620403,-16.5065521484773,26.23789446296307,-27.124426763580928,4.0,1.93,370.0,105.1,29.0,85.8,2600.0,6.4,661256,669004,668472,593160,670032,672580,664728,572191,641531,54.1,0.82225,1.669795454545455,2.0,1.0,0.0,3.0,6.0,70,1,Changeup,7,5,7,5,5,11,11,5,Infield shift,Standard,258.0,0.054,1.142,,,3.2575909090909096,-1.142,105.1,2,2,0.943,0.943,25,30,26,30,1,4,15.0,1.0,,1.0,2.63,1.45,1.45,47.6,,,,,
FF,2022-07-28,95.4,-2.07,5.22,"Judge, Aaron",592450,605130,home_run,hit_into_play,,,,,5.0,Aaron Judge homers (39) on a fly ball to center field.,R,R,R,NYY,KC,X,,fly_ball,0,0,2022,-0.08,0.97,-0.01,2.59,,,,1,9,Bot,90.57,28.16,,,,,5.676556469156766,-138.8342171229275,-3.5263440596113256,-2.3384431243807575,30.65892956759374,-19.007333427652316,4.0,1.93,431.0,109.6,35.0,96.7,2454.0,7.0,661257,669004,668472,593160,670032,672580,664728,572191,641531,53.5,0.8841111111111112,2.0,2.0,1.0,0.0,3.0,6.0,64,1,4-Seam Fastball,0,0,0,0,0,1,1,0,Infield shift,Standard,203.0,0.418,1.582,,,3.5227777777777782,-1.582,109.6,0,0,0.582,0.582,29,30,30,30,1,3,3.0,1.0,1.0,1.0,1.53,0.08,0.08,30.8,,,,,
SL,2022-07-27,91.6,-0.7,5.51,"Judge, Aaron",592450,607625,force_out,hit_into_play,,,,,3.0,"Aaron Judge grounds into a force out, shortstop Francisco Lindor to second baseman Jeff McNeil.   DJ LeMahieu out at 2nd.",R,R,R,NYM,NYY,X,6.0,ground_ball,1,2,2022,0.23,0.56,0.28,3.33,,,518934.0,2,9,Top,110.36,152.43,,,,,1.949982162064967,-133.49232419621646,-0.8938330913124011,2.4241845726223072,27.02601772649948,-25.48280732796288,3.98,1.91,44.0,100.9,-1.0,91.1,2544.0,5.8,662420,621512,624413,643446,500871,596019,592192,607043,516782,54.73,0.395,0.359,0.0,1.0,0.0,0.0,4.0,72,4,Slider,2,2,2,2,2,2,2,2,Strategic,Standard,188.0,0.049,-0.188,,,0.426,0.188,100.9,0,0,0.59,0.41,32,30,33,30,1,4,3.0,1.0,3.0,1.0,2.14,-0.23,-0.23,36.4,,,,,
FF,2022-07-27,95.2,-3.17,5.69,"Judge, Aaron",592450,453286,field_out,hit_into_play,,,,,5.0,Aaron Judge flies out sharply to right fielder Starling Marte.,R,R,R,NYM,NYY,X,9.0,fly_ball,0,0,2022,-0.85,1.25,0.15,2.81,,,,1,1,Top,197.0,81.09,,,,,10.574437667406896,-138.1095366033108,-4.604339018906578,-13.444044776435808,34.506863713800094,-15.37852694997962,3.98,1.91,340.0,105.2,40.0,94.2,2345.0,6.2,662420,621512,624413,643446,500871,596019,592192,607043,516782,54.33,0.391,0.7965555555555556,0.0,1.0,0.0,0.0,6.0,2,1,4-Seam Fastball,0,0,0,0,0,0,0,0,Infield shift,Standard,223.0,0.016,-0.246,,,1.554888888888889,0.246,105.2,0,0,0.522,0.478,37,30,38,30,1,0,5.0,1.0,5.0,1.0,1.31,0.85,0.85,30.3,,,,,
SL,2022-07-26,91.9,-2.11,4.95,"Judge, Aaron",592450,621242,fielders_choice,hit_into_play,,,,,9.0,"Aaron Judge reaches on a fielder's choice, fielded by pitcher Edwin Diaz.   Jose Trevino to 2nd.  Jose Trevino advances to 2nd, on a throwing error by pitcher Edwin Diaz.",R,R,R,NYM,NYY,X,1.0,ground_ball,0,2,2022,0.15,0.71,0.58,2.03,,,624431.0,1,9,Top,123.95,185.49,,,,,6.648887972962448,-133.82438170934867,-3.171577189400895,0.4320376316524124,26.73251211970579,-23.17430908775424,3.97,1.91,1.0,59.5,-59.0,94.0,2285.0,7.3,662438,621512,624413,643446,500871,596019,608671,607043,516782,53.2,0.25,0.249,0.9,1.0,0.0,0.0,2.0,73,3,Slider,6,3,3,6,3,6,3,6,Standard,Standard,208.0,-0.062,0.512,,,0.25,-0.512,88.0,3,-3,0.972,0.028,28,30,28,30,1,4,2.0,2.0,3.0,1.0,1.97,-0.15,-0.15,24.4,,,,,
FF,2022-07-26,96.6,-2.1,6.47,"Judge, Aaron",592450,592836,home_run,hit_into_play,,,,,5.0,Aaron Judge homers (38) on a fly ball to right center field.,R,R,R,NYM,NYY,X,,fly_ball,3,2,2022,-0.8,1.42,0.21,3.0,,,,1,1,Top,187.94,39.0,,,,,7.93854668867511,-140.34039004845812,-6.923052488504046,-12.322556239210646,30.033591518229706,-11.928740015896349,3.97,1.91,423.0,112.1,29.0,96.5,2171.0,6.2,662438,621512,624413,643446,500871,596019,592192,607043,516782,54.3,0.986,2.00875,2.0,1.0,0.0,3.0,6.0,2,6,4-Seam Fastball,0,0,0,0,1,0,1,0,Infield shift,Standard,213.0,-0.094,1.501,,,3.9375,-1.501,112.1,0,0,0.518,0.482,29,30,30,30,1,0,10.0,2.0,5.0,1.0,1.01,0.8,0.8,45.8,,,,,
ST,2022-07-26,81.0,-2.87,5.36,"Judge, Aaron",592450,493603,single,hit_into_play,,,,,11.0,Aaron Judge singles on a line drive to left fielder Mark Canha.,R,R,R,NYM,NYY,X,7.0,line_drive,2,1,2022,1.39,0.11,-0.95,3.11,,,,1,7,Top,63.61,121.37,,,,,1.62370457866283,-117.89306485875014,1.4347545533792785,12.591782343237996,23.6500765626561,-31.62367465806594,3.97,1.91,194.0,87.4,14.0,81.6,2763.0,6.8,662438,621512,624413,643446,500871,596019,592192,607043,516782,53.68,0.921,0.851,0.9,1.0,1.0,0.0,4.0,55,4,Sweeper,5,3,3,5,3,5,3,5,Infield shift,Standard,66.0,-0.036,0.376,,,1.005,-0.376,88.0,2,-2,0.845,0.155,36,30,37,30,1,3,3.0,2.0,3.0,1.0,3.37,-1.39,-1.39,25.3,,,,,
CU,2022-07-24,75.6,-2.55,6.14,"Judge, Aaron",592450,665152,home_run,hit_into_play,,,,,4.0,Aaron Judge homers (37) on a fly ball to left field. DJ LeMahieu scores.,R,R,R,BAL,NYY,X,,fly_ball,1,1,2022,0.83,-1.13,-0.49,3.11,,518934.0,,2,3,Top,7.2,55.77,,,,,2.8011129747975136,-109.96304832314188,2.9002329351708824,6.115487820541834,21.680322594202963,-42.11787662300384,3.96,1.87,456.0,111.1,31.0,75.1,2628.0,6.2,661056,455139,663624,602104,663527,622761,669720,656775,641820,54.33,0.9808333333333332,2.0,2.0,1.0,0.0,3.0,6.0,19,3,Curveball,0,1,1,0,3,0,3,0,Infield shade,Standard,46.0,-0.176,1.623,,,3.918,-1.623,111.1,-1,1,0.405,0.595,26,30,26,30,2,1,8.0,1.0,6.0,2.0,5.16,-0.83,-0.83,44.0,,,,,
FF,2022-07-24,95.2,2.03,6.18,"Judge, Aaron",592450,669211,single,hit_into_play,,,,,4.0,Aaron Judge singles on a ground ball to center fielder Cedric Mullins.,R,R,L,BAL,NYY,X,8.0,ground_ball,0,0,2022,0.85,1.44,-0.71,2.82,,,,1,7,Top,107.07,102.35,,,,,-9.014745707269478,-138.31689460785282,-6.321052175482075,12.964611267041754,30.998515262936586,-12.41467916525213,3.96,1.87,114.0,79.9,9.0,94.3,2247.0,5.9,661056,455139,663624,602104,663527,622761,669720,656775,641820,54.64,0.368,0.332,0.9,1.0,1.0,0.0,4.0,53,1,4-Seam Fastball,0,5,5,0,5,0,5,0,Standard,Standard,142.0,-0.003,0.415,,,0.402,-0.415,88.0,-5,5,0.035,0.965,27,30,27,30,1,3,7.0,1.0,2.0,2.0,1.08,0.85,-0.85,47.5,,,,,
ST,2022-07-23,80.3,-2.07,5.97,"Judge, Aaron",592450,543475,single,hit_into_play,,,,,14.0,Aaron Judge singles on a fly ball to center fielder Cedric Mullins. Isiah Kiner-Falefa scores. DJ LeMahieu to 2nd.,R,R,R,BAL,NYY,X,8.0,fly_ball,3,2,2022,1.28,0.27,1.01,2.48,643396.0,,518934.0,1,4,Top,110.77,102.73,,,,,4.452633343181137,-116.96309284793152,-1.6044624672933945,11.007113891155722,20.614334857017997,-29.609350988542655,3.96,1.88,245.0,78.3,45.0,81.5,2626.0,6.9,661057,668939,663624,596059,602104,622761,669720,656775,623993,53.62,0.053,0.047,0.9,1.0,1.0,0.0,3.0,32,6,Sweeper,0,2,2,0,3,0,3,0,Standard,Standard,61.0,-0.049,0.441,,,0.057,-0.441,88.0,-2,2,0.214,0.786,31,30,32,30,3,2,6.0,1.0,5.0,1.0,3.24,-1.28,-1.28,41.7,,,,,
ST,2022-07-23,79.8,-2.11,6.07,"Judge, Aaron",592450,543475,double,hit_into_play,,,,,5.0,Aaron Judge doubles (16) on a sharp fly ball to left fielder Austin Hays.,R,R,R,BAL,NYY,X,7.0,fly_ball,0,1,2022,1.02,-0.12,-0.05,3.23,,,,0,3,Top,123.41,34.74,,,,,2.6469755261617194,-116.17591125716056,0.691798756102932,8.716157277588508,21.634537918427576,-33.581217157842744,3.96,1.88,405.0,104.9,27.0,80.3,2456.0,6.6,661057,668939,663624,596059,602104,622761,669720,656775,623993,53.92,0.8145599999999997,1.63058,1.25,1.0,1.0,1.0,6.0,20,2,Sweeper,0,2,2,0,2,0,2,0,Strategic,Standard,66.0,-0.051,0.744,,,3.1796799999999994,-0.744,104.9,-2,2,0.291,0.7090000000000001,31,30,32,30,2,1,6.0,1.0,5.0,1.0,3.69,-1.02,-1.02,40.1,,,,,
FF,2022-07-23,98.1,-0.82,6.62,"Judge, Aaron",592450,641329,force_out,hit_into_play,,,,,6.0,"Aaron Judge grounds into a force out, shortstop Jorge Mateo to second baseman Rougned Odor. Kyle Higashioka out at 2nd.",R,R,R,BAL,NYY,X,6.0,ground_ball,0,0,2022,-0.3,1.36,0.47,3.11,,,543309.0,2,6,Top,107.52,148.56,,,,,4.196250105356904,-142.74099727634646,-7.229220327707891,-5.001533772156949,32.20830206075839,-12.056985798988668,3.96,1.88,34.0,79.7,-2.0,98.7,2430.0,6.6,661057,668939,663624,596059,602104,622761,669720,656775,623993,53.93,0.15,0.147,0.0,1.0,0.0,0.0,2.0,50,1,4-Seam Fastball,2,3,3,2,3,2,3,2,Standard,Standard,191.0,0.026,-0.26,,,0.172,0.26,88.0,-1,1,0.37,0.63,27,30,28,30,1,3,1.0,1.0,2.0,1.0,1.0,0.3,0.3,53.9,,,,,
SI,2022-07-23,98.6,-2.12,5.87,"Judge, Aaron",592450,605347,single,hit_into_play,,,,,7.0,Aaron Judge singles on a sharp line drive to left fielder Austin Hays. DJ LeMahieu to 2nd.,R,R,R,BAL,NYY,X,7.0,line_drive,2,1,2022,-1.59,0.76,-0.53,2.51,,,518934.0,0,9,Top,72.75,90.76,,,,,8.025038736708812,-143.25262864671583,-5.429498194841502,-23.720100774791643,34.757754846649405,-20.610817199259113,3.96,1.88,223.0,109.9,9.0,98.4,2146.0,6.4,661057,668939,663624,596059,602104,622761,669720,656775,663630,54.1,0.824,0.808,0.9,1.0,1.0,0.0,5.0,74,4,Sinker,6,3,3,6,3,6,3,6,Standard,Standard,230.0,-0.075,0.401,,,1.036,-0.401,109.9,3,-3,0.917,0.0829999999999999,29,30,29,30,1,4,7.0,1.0,3.0,1.0,1.6,1.59,1.59,33.7,,,,,
FF,2022-07-23,93.3,-1.96,6.15,"Judge, Aaron",592450,543475,double,hit_into_play,,,,,7.0,Aaron Judge doubles (15) on a ground ball to left fielder Austin Hays. DJ LeMahieu scores.,R,R,R,BAL,NYY,X,7.0,ground_ball,1,0,2022,-0.64,1.15,-0.4,2.48,,,518934.0,0,1,Top,36.97,106.94,,,,,5.4967686622343495,-135.71891869719337,-6.2917391009712915,-9.14937970347986,29.15869270142995,-16.728295800062714,3.96,1.88,11.0,98.7,-12.0,94.3,2200.0,6.9,661057,668939,663624,596059,602104,622761,669720,656775,623993,53.65,0.226,0.218,1.25,1.0,1.0,1.0,2.0,2,2,4-Seam Fastball,0,0,0,0,1,0,1,0,Standard,Standard,209.0,-0.109,0.666,,,0.255,-0.666,98.7,0,0,0.459,0.5409999999999999,31,30,32,30,1,0,6.0,1.0,5.0,1.0,1.46,0.64,0.64,44.0,,,,,
CH,2022-07-22,87.4,-1.17,6.91,"Judge, Aaron",592450,669330,home_run,hit_into_play,,,,,8.0,Aaron Judge homers (36) on a fly ball to center field.,R,R,R,BAL,NYY,X,,fly_ball,2,1,2022,-1.34,1.11,-0.05,2.44,,,,2,5,Top,80.49,15.68,,,,,5.483533867726521,-126.99784103499732,-6.860508174649951,-15.681196836195006,27.224966051648583,-18.970162770945244,3.94,1.86,465.0,113.5,25.0,87.4,2042.0,6.5,661072,668939,663624,596059,602104,622761,669720,656775,623993,54.0,0.989,2.0,2.0,1.0,0.0,3.0,6.0,38,4,Changeup,2,4,4,2,5,2,5,2,Standard,Standard,219.0,-0.094,2.555,,,3.9066666666666663,-2.555,113.5,-2,2,0.279,0.721,27,30,28,30,3,2,7.0,1.0,5.0,1.0,1.9,1.34,1.34,49.7,,,,,
FF,2022-07-22,93.9,-0.99,6.91,"Judge, Aaron",592450,669330,home_run,hit_into_play,,,,,1.0,Aaron Judge homers (35) on a fly ball to center field. Joey Gallo scores. DJ LeMahieu scores.,R,R,R,BAL,NYY,X,,fly_ball,2,1,2022,-0.56,1.51,-0.51,3.65,,608336.0,518934.0,2,3,Top,79.4,28.51,,,,,2.4841729532992067,-136.66766104067696,-6.070729046337476,-7.558520757601936,29.14920949394059,-12.158210509245896,3.94,1.86,436.0,108.6,26.0,94.2,2551.0,6.4,661072,668939,663624,596059,602104,622761,669720,656775,623993,54.12,0.9488846153846152,2.0,2.0,1.0,0.0,3.0,6.0,18,4,4-Seam Fastball,0,0,0,0,3,0,3,0,Standard,Standard,200.0,-0.274,1.644,,,3.7601538461538473,-1.644,108.6,0,0,0.503,0.497,27,30,28,30,2,1,7.0,1.0,5.0,1.0,1.07,0.56,0.56,52.6,,,,,
CH,2022-07-22,87.2,-1.01,6.95,"Judge, Aaron",592450,669330,field_out,hit_into_play,,,,,9.0,Aaron Judge flies out to right fielder Anthony Santander.,R,R,R,BAL,NYY,X,9.0,fly_ball,3,2,2022,-1.16,1.22,0.36,2.43,,,518934.0,0,1,Top,185.69,79.53,,,,,5.7198813785556535,-126.81025702948996,-7.251805534649465,-13.675684496848277,24.684311395198268,-17.74291505452431,3.94,1.86,327.0,92.1,36.0,87.8,2246.0,6.6,661072,668939,663624,596059,602104,622761,669720,656775,623993,53.9,0.037,0.049,0.0,1.0,0.0,0.0,3.0,2,6,Changeup,0,0,0,0,0,0,0,0,Standard,Standard,209.0,0.042,-0.32,,,0.087,0.32,92.1,0,0,0.456,0.544,27,30,28,30,1,0,7.0,1.0,5.0,1.0,1.77,1.16,1.16,52.0,,,,,
ST,2022-07-21,80.1,-1.83,5.57,"Judge, Aaron",592450,664299,field_out,hit_into_play,,,,,8.0,Aaron Judge flies out to right fielder Kyle Tucker.,R,R,R,HOU,NYY,X,9.0,fly_ball,0,2,2022,1.24,0.31,0.2,2.4,,,,2,5,Top,162.9,121.07,,,,,2.113168201727715,-116.62458074301378,-0.8364046705178965,10.80018695290222,24.314208264530183,-29.3972888531636,3.95,1.87,218.0,75.2,46.0,79.6,2715.0,6.1,662776,686676,493329,514888,608324,665161,649557,643289,663656,54.36,0.126,0.116,0.0,1.0,0.0,0.0,3.0,39,3,Sweeper,2,1,1,2,1,2,1,2,Infield shift,Standard,64.0,0.01,-0.153,,,0.152,0.153,88.0,1,-1,0.698,0.302,25,30,25,30,3,2,8.0,4.0,6.0,0.0,3.27,-1.24,-1.24,32.0,,,,,
SI,2022-07-21,93.6,-1.86,6.21,"Judge, Aaron",592450,656232,home_run,hit_into_play,,,,,5.0,Aaron Judge homers (34) on a fly ball to left field. Isiah Kiner-Falefa scores. DJ LeMahieu scores.,R,R,R,HOU,NYY,X,,fly_ball,2,1,2022,-1.23,1.24,-0.19,2.92,643396.0,518934.0,,1,9,Top,11.55,77.0,,,,,6.904760696386644,-135.95112107512392,-5.324608814697055,-16.826135308716303,32.980472441122515,-15.813445686462344,3.95,1.87,410.0,111.0,33.0,91.7,2096.0,5.5,662775,455117,656695,514888,608324,665161,676801,676694,663656,55.02,0.9553333333333334,1.9486666666666668,2.0,1.0,0.0,3.0,6.0,73,4,Sinker,7,2,2,7,5,7,5,7,Infield shift,Standard,222.0,-0.014,1.016,,,3.824,-1.016,111.0,5,-5,0.977,0.023,26,30,26,30,2,4,33.0,0.0,45.0,1.0,1.39,1.23,1.23,40.3,,,,,
SL,2022-07-21,89.1,-1.42,5.16,"Judge, Aaron",592450,606160,field_out,hit_into_play,,,,,6.0,Aaron Judge flies out sharply to center fielder Mauricio Dubon.,R,R,R,HOU,NYY,X,8.0,fly_ball,0,2,2022,0.02,0.37,0.33,2.8,,,,1,8,Top,116.0,42.75,,,,,4.266481953843826,-129.7025602496541,-0.5177592909739388,-0.6693544736655249,27.99894903817266,-28.09580254774901,3.95,1.87,387.0,101.9,35.0,89.2,2183.0,6.4,662776,686676,493329,514888,608324,665161,649557,643289,663656,54.09,0.494875,0.9828333333333336,0.0,1.0,0.0,0.0,6.0,57,4,Slider,2,1,1,2,1,2,1,2,Infield shift,Standard,147.0,0.027,-0.159,,,1.922291666666667,0.159,101.9,1,-1,0.813,0.187,31,30,32,30,1,3,4.0,4.0,0.0,0.0,2.5,-0.02,-0.02,33.8,,,,,
FS,2022-07-17,92.2,-1.82,5.59,"Judge, Aaron",592450,617228,field_out,hit_into_play,,,,,14.0,Aaron Judge lines out to third baseman Rafael Devers.,R,R,R,NYY,BOS,X,5.0,line_drive,2,2,2022,-0.08,0.29,0.14,1.67,,641796.0,518934.0,1,2,Bot,94.12,162.43,,,,,5.173978476669369,-134.14214190364788,-4.797106323379863,-2.011852346498452,28.53842297776519,-27.845426962287295,3.92,1.89,125.0,84.1,10.0,92.9,1292.0,6.7,661258,543877,614173,669023,646240,593428,657077,598265,680776,53.85,0.476,0.432,0.0,1.0,0.0,0.0,4.0,17,9,Split-Finger,3,0,3,0,0,3,3,0,Standard,Standard,211.0,-0.021,-0.197,,,0.53,0.197,88.0,3,3,0.839,0.839,34,30,34,30,1,1,1.0,1.0,5.0,4.0,2.39,0.08,0.08,44.3,,,,,
FF,2022-07-17,97.6,-1.68,5.46,"Judge, Aaron",592450,518489,single,hit_into_play,,,,,5.0,Aaron Judge singles on a ground ball to left fielder Alex Verdugo.   Kyle Higashioka scores.    DJ LeMahieu to 2nd.,R,R,R,NYY,BOS,X,7.0,ground_ball,1,2,2022,-0.95,1.07,-0.04,2.86,543309.0,,518934.0,0,4,Bot,85.48,105.67,,,,,6.66417738434693,-141.9589426658147,-4.01805041352373,-14.380831520814075,31.46717080093574,-16.91472577741128,3.92,1.89,56.0,104.9,0.0,98.5,2279.0,6.8,661258,543877,614173,669023,646240,593428,657077,598265,680776,53.74,0.476,0.432,0.9,1.0,1.0,0.0,4.0,34,4,4-Seam Fastball,4,2,4,2,2,5,5,2,Standard,Standard,222.0,0.042,0.529,,,0.516,-0.529,104.9,2,2,0.857,0.857,34,30,35,30,1,2,2.0,1.0,6.0,4.0,1.31,0.95,0.95,31.8,,,,,
SI,2022-07-17,95.9,-2.82,5.03,"Judge, Aaron",592450,656557,single,hit_into_play,,,,,4.0,Aaron Judge singles on a ground ball to left fielder Alex Verdugo.,R,R,R,NYY,BOS,X,7.0,ground_ball,0,0,2022,-1.3,-0.11,-0.55,2.63,,,,0,5,Bot,85.48,106.28,,,,,8.927198283173245,-139.35048829480291,-0.4672485943426795,-18.926626554949156,31.581699703761803,-33.7395657667632,3.92,1.89,96.0,111.3,4.0,95.9,2061.0,6.4,661258,608700,614173,669023,646240,593428,657077,598265,680776,54.13,0.611,0.558,0.9,1.0,1.0,0.0,4.0,46,1,Sinker,11,2,11,2,2,11,11,2,Standard,Standard,252.0,0.0,0.44,,,0.662,-0.44,111.3,9,9,0.997,0.997,26,30,26,30,1,3,2.0,1.0,6.0,4.0,2.6,1.3,1.3,18.1,,,,,
FC,2022-07-16,85.6,-2.38,6.18,"Judge, Aaron",592450,601713,home_run,hit_into_play,,,,,8.0,Aaron Judge homers (32) on a fly ball to left center field.,R,R,R,NYY,BOS,X,,fly_ball,3,2,2022,0.6,0.17,0.08,1.98,,,,0,5,Bot,44.08,58.27,,,,,4.630624178465632,-124.6482170380707,-4.03740845068359,5.386135510867099,24.214947334973676,-29.767993257053835,3.92,1.89,401.0,102.6,26.0,86.1,2387.0,6.5,661259,543877,614173,669023,646240,593428,657077,598265,680776,54.03,0.6290666666666667,1.2072166666666666,2.0,1.0,0.0,3.0,6.0,37,6,Cutter,4,1,4,1,1,5,5,1,Standard,Standard,117.0,0.045,1.028,,,2.325183333333334,-1.028,102.6,3,3,0.886,0.886,29,30,29,30,3,2,6.0,1.0,9.0,1.0,2.92,-0.6,-0.6,46.8,,,,,
ST,2022-07-16,86.4,-3.27,5.35,"Judge, Aaron",592450,672391,home_run,hit_into_play,,,,,8.0,Aaron Judge homers (33) on a fly ball to center field.   DJ LeMahieu scores.,R,R,R,NYY,BOS,X,,fly_ball,0,0,2022,0.83,0.15,-0.04,2.34,,,518934.0,0,6,Bot,92.46,22.24,,,,,5.989367953618039,-125.85897672046116,-1.348687007777368,7.787368976283986,22.989491462503135,-30.494177737036747,3.92,1.89,444.0,108.5,26.0,86.6,2455.0,6.1,661259,543877,614173,669023,646240,593428,657077,598265,680776,54.4,0.9488846153846152,2.0,2.0,1.0,0.0,3.0,6.0,49,1,Sweeper,8,1,8,1,1,10,10,1,Standard,Standard,66.0,0.004,1.059,,,3.7601538461538473,-1.059,108.5,7,7,0.994,0.994,30,30,30,30,1,3,4.0,1.0,1.0,1.0,2.87,-0.83,-0.83,33.4,,,,,
FF,2022-07-16,91.8,-1.39,6.68,"Judge, Aaron",592450,601713,single,hit_into_play,,,,,6.0,Aaron Judge singles on a sharp line drive to left fielder Alex Verdugo.,R,R,R,NYY,BOS,X,7.0,line_drive,0,0,2022,-0.29,1.74,0.56,3.15,,,,1,1,Bot,68.68,85.46,,,,,5.585452138587301,-133.4711064191971,-6.87743379627061,-4.661969863540377,30.113461938381036,-10.131171955860388,3.92,1.89,262.0,106.1,15.0,92.4,2253.0,6.8,661259,543877,614173,669023,646240,593428,657077,598265,680776,53.67,0.639,0.697,0.9,1.0,1.0,0.0,5.0,7,1,4-Seam Fastball,0,1,0,1,1,0,0,1,Infield shift,Standard,195.0,0.026,0.415,,,1.011,-0.415,106.1,-1,-1,0.424,0.424,29,30,29,30,1,0,6.0,1.0,9.0,1.0,0.98,0.29,0.29,57.3,,,,,
FC,2022-07-15,90.4,-2.6,5.43,"Judge, Aaron",592450,543135,field_out,hit_into_play,,,,,7.0,Aaron Judge flies out sharply to center fielder Jackie Bradley Jr.,R,R,R,NYY,BOS,X,8.0,fly_ball,0,1,2022,0.32,1.15,-0.28,2.41,,,518934.0,1,3,Bot,136.59,50.42,,,,,5.127570465173757,-131.57484405692915,-4.107695104022619,2.7229532296292875,25.5308613406201,-18.161067941540296,3.93,1.92,368.0,102.5,38.0,91.2,2329.0,6.5,661260,543877,666915,669023,646240,593428,657077,598265,608701,53.96,0.4102307692307692,0.8138461538461537,0.0,1.0,0.0,0.0,5.0,24,2,Cutter,0,2,0,2,2,0,0,2,Standard,Standard,202.0,-0.029,-0.214,,,1.6039999999999996,0.214,102.5,-2,-2,0.326,0.326,32,30,32,30,2,1,37.0,1.0,7.0,1.0,1.62,-0.32,-0.32,29.7,,,,,
SL,2022-07-15,86.1,-3.01,5.15,"Judge, Aaron",592450,656557,field_out,hit_into_play,,,,,9.0,"Aaron Judge grounds out, third baseman Rafael Devers to first baseman Bobby Dalbec.",R,R,R,NYY,BOS,X,5.0,ground_ball,1,2,2022,0.7,0.07,0.59,1.87,,518934.0,,0,10,Bot,104.42,175.03,,,,,7.0871792262463185,-125.2695428321038,-1.7092385196950308,6.0485729380433995,24.039820202731725,-31.253068161043036,3.93,1.92,50.0,92.2,1.0,86.0,2610.0,6.1,661260,543877,666915,669023,646240,593428,657077,598265,608701,54.39,0.384,0.367,0.0,1.0,0.0,0.0,2.0,78,4,Slider,4,4,4,4,4,4,4,4,Standard,Standard,53.0,-0.076,-0.12,,,0.436,0.12,92.2,0,0,0.779,0.779,26,30,26,30,1,4,6.0,1.0,2.0,1.0,2.99,-0.7,-0.7,15.2,,,,,
FF,2022-07-15,95.4,-2.7,5.3,"Judge, Aaron",592450,543135,field_out,hit_into_play,,,,,7.0,Aaron Judge lines out to right fielder Rob Refsnyder.,R,R,R,NYY,BOS,X,9.0,line_drive,0,0,2022,-1.03,1.22,-0.44,2.52,,,518934.0,0,1,Bot,164.4,79.96,,,,,8.329374099957558,-138.5944205722542,-4.432924474126255,-15.196282722944026,32.109509034811204,-15.614345728827573,3.93,1.92,311.0,99.1,21.0,95.8,2101.0,6.7,661260,543877,666915,669023,646240,593428,657077,598265,608701,53.81,0.306,0.499,0.0,1.0,0.0,0.0,5.0,9,1,4-Seam Fastball,0,2,0,2,2,0,0,2,Standard,Standard,233.0,-0.035,-0.235,,,0.916,0.235,99.1,-2,-2,0.39,0.39,32,30,32,30,1,0,37.0,1.0,7.0,1.0,1.3,1.03,1.03,26.9,,,,,
CH,2022-07-14,89.8,-3.01,4.95,"Judge, Aaron",592450,622491,field_out,hit_into_play,,,,,8.0,Aaron Judge flies out to left fielder Tommy Pham.,R,R,R,NYY,CIN,X,7.0,fly_ball,2,2,2022,-1.78,0.18,0.09,2.0,,,518934.0,2,3,Bot,72.0,93.88,,,,,11.241338113593946,-130.30461956050848,-1.6779109554470848,-22.56608335010904,26.655672673164325,-29.94398684063396,3.94,1.92,314.0,85.4,29.0,88.6,2005.0,5.6,661261,663886,458015,663697,592273,571657,502054,669222,656413,54.87,0.053,0.062,0.0,1.0,0.0,0.0,3.0,22,5,Changeup,0,0,0,0,0,0,0,0,Standard,Standard,247.0,-0.023,-0.223,,,0.102,0.223,88.0,0,0,0.523,0.523,29,30,30,30,2,1,6.0,1.0,13.0,1.0,2.65,1.78,1.78,15.0,,,,,
SI,2022-07-14,98.4,-2.99,5.18,"Judge, Aaron",592450,622491,force_out,hit_into_play,,,,,4.0,"Aaron Judge grounds into a force out, third baseman Brandon Drury to second baseman Jonathan India.   DJ LeMahieu out at 2nd.    Aaron Judge to 1st.",R,R,R,NYY,CIN,X,5.0,ground_ball,0,1,2022,-1.57,0.42,-0.75,3.02,,,518934.0,0,1,Bot,108.95,171.41,,,,,9.558987201588636,-143.15443421552567,-1.4034668144220954,-23.69663989329526,29.86970562559421,-26.272491849646556,3.94,1.92,4.0,73.6,-33.0,97.4,2310.0,5.5,661261,663886,458015,663697,592273,571657,502054,669222,656413,54.96,0.061,0.067,0.0,1.0,0.0,0.0,2.0,7,2,Sinker,0,0,0,0,0,0,0,0,Standard,Standard,238.0,-0.027,-0.296,,,0.061,0.296,88.0,0,0,0.578,0.578,29,30,30,30,1,0,6.0,1.0,13.0,1.0,1.92,1.57,1.57,18.4,,,,,
FF,2022-07-14,94.9,-2.33,5.97,"Judge, Aaron",592450,656546,home_run,hit_into_play,,,,,5.0,Aaron Judge homers (31) on a fly ball to center field.,R,R,R,NYY,CIN,X,,fly_ball,2,1,2022,-0.58,1.51,0.18,2.75,,,,0,8,Bot,161.93,26.18,,,,,7.944783121874238,-138.00667965844693,-6.22955883496758,-9.184703017073092,29.235527600300472,-11.585067151028376,3.94,1.92,435.0,112.0,23.0,95.9,2509.0,6.8,661261,663886,458015,663697,592273,571657,502054,669222,656413,53.68,0.975375,1.9477500000000003,2.0,1.0,0.0,3.0,6.0,63,4,4-Seam Fastball,1,4,1,4,4,2,2,4,Standard,Standard,214.0,0.075,1.07,,,3.7945,-1.07,112.0,-3,-3,0.092,0.092,29,30,29,30,1,3,2.0,1.0,2.0,1.0,1.01,0.58,0.58,42.4,,,,,
SI,2022-07-13,96.7,-3.08,5.51,"Judge, Aaron",592450,669270,field_out,hit_into_play,,,,,8.0,"Aaron Judge grounds out sharply, shortstop Kyle Farmer to first baseman Joey Votto.",R,R,R,NYY,CIN,X,6.0,ground_ball,0,1,2022,-1.32,0.45,-0.04,2.1,,,,1,7,Bot,98.49,143.7,,,,,11.300349004393048,-140.4518729801756,-4.6489110209556985,-19.9605737831696,29.71701814343823,-25.327337301155985,3.95,1.93,11.0,102.7,-10.0,98.3,2229.0,7.1,661269,663886,458015,663697,592273,571657,502054,656413,571980,53.36,0.305,0.293,0.0,1.0,0.0,0.0,2.0,61,2,Sinker,5,6,5,6,6,5,5,6,Standard,Standard,239.0,-0.031,-0.208,,,0.328,0.208,102.7,-1,-1,0.31,0.31,27,30,27,30,1,3,3.0,1.0,2.0,1.0,1.98,1.32,1.32,23.3,,,,,
FS,2022-07-10,92.8,-1.66,5.58,"Judge, Aaron",592450,617228,field_out,hit_into_play,,,,,8.0,"Aaron Judge grounds out, third baseman Jeter Downs to first baseman Bobby Dalbec.",R,R,R,BOS,NYY,X,5.0,ground_ball,2,2,2022,-0.76,0.4,0.27,1.93,,,,0,7,Top,101.85,162.07,,,,,6.58760626706545,-135.0456211068732,-4.472094400787478,-10.68768404517898,27.12451217204625,-26.49628445784025,3.97,1.93,30.0,97.5,-2.0,93.3,1440.0,6.4,663232,543877,666915,596115,669023,593428,657077,608701,614173,54.12,0.342,0.328,0.0,1.0,0.0,0.0,2.0,58,5,Split-Finger,7,6,6,7,6,7,6,7,Standard,Standard,228.0,0.04,-0.218,,,0.411,0.218,97.5,1,-1,0.696,0.304,34,30,34,30,1,3,4.0,1.0,2.0,2.0,2.23,0.76,0.76,46.3,,,,,
FC,2022-07-10,84.7,-1.92,6.24,"Judge, Aaron",592450,601713,single,hit_into_play,,,,,4.0,Aaron Judge singles on a fly ball to center fielder Jarren Duran.,R,R,R,BOS,NYY,X,8.0,fly_ball,1,2,2022,0.5,0.16,-0.44,3.25,,,,1,1,Top,111.15,108.42,,,,,2.4847146088486145,-123.3870369577477,-1.0055622194277956,4.589388934049017,23.973113951006862,-30.513812108647876,3.97,1.93,219.0,65.6,34.0,85.5,2265.0,6.7,663232,543877,614173,596115,666915,593428,657077,680776,598265,53.84,0.792,0.745,0.9,1.0,1.0,0.0,4.0,2,5,Cutter,0,0,0,0,0,0,0,0,Infield shade,Standard,127.0,-0.028,0.485,,,0.856,-0.485,88.0,0,0,0.526,0.474,29,30,29,30,1,0,5.0,1.0,6.0,2.0,3.0,-0.5,-0.5,47.5,,,,,
SL,2022-07-10,83.6,-1.04,5.73,"Judge, Aaron",592450,518489,grounded_into_double_play,hit_into_play,,,,,5.0,"Aaron Judge grounds into a double play, third baseman Jeter Downs to second baseman Trevor Story to first baseman Bobby Dalbec.   DJ LeMahieu out at 2nd.    Aaron Judge out at 1st.",R,R,R,BOS,NYY,X,5.0,ground_ball,1,2,2022,0.63,-0.29,0.25,2.77,,,518934.0,1,9,Top,100.03,166.92,,,,,1.733595545525078,-121.82127308094516,0.0934090904761251,6.040585010608921,21.46782637033937,-35.27429704585127,3.97,1.93,17.0,95.0,-8.0,85.0,2515.0,6.9,663232,543877,666915,596115,669023,593428,657077,608701,614173,53.64,0.203,0.2,0.0,1.0,0.0,0.0,2.0,79,4,Slider,11,6,6,11,6,11,6,11,Standard,Standard,80.0,0.005,-0.241,,,0.226,0.241,95.0,5,-5,0.995,0.005,34,30,35,30,1,4,1.0,1.0,2.0,2.0,3.51,-0.63,-0.63,46.6,,,,,
ST,2022-07-10,87.8,-3.04,5.47,"Judge, Aaron",592450,672391,field_out,hit_into_play,,,,,9.0,Aaron Judge flies out to right fielder Jackie Bradley Jr.,R,R,R,BOS,NYY,X,9.0,fly_ball,0,2,2022,1.01,-0.07,0.49,2.12,,624431.0,518934.0,1,4,Top,151.65,102.02,,,,,6.40488615756681,-127.74857860196909,-1.8175863536560195,9.651405013948184,27.408550673810712,-32.75825659649074,3.97,1.93,251.0,81.0,41.0,87.0,2372.0,5.9,663232,543877,614173,596115,666915,593428,657077,680776,598265,54.62,0.026,0.031,0.0,1.0,0.0,0.0,3.0,32,3,Sweeper,3,6,6,3,6,3,6,3,Standard,Standard,78.0,0.016,-0.151,,,0.045,0.151,88.0,-3,3,0.174,0.8260000000000001,30,30,30,30,1,2,,1.0,1.0,2.0,3.04,-1.01,-1.01,30.4,,,,,
FC,2022-07-09,87.5,-2.03,6.03,"Judge, Aaron",592450,676710,single,hit_into_play,,,,,8.0,Aaron Judge singles on a sharp line drive to left fielder Alex Verdugo.,R,R,R,BOS,NYY,X,7.0,line_drive,1,2,2022,0.41,0.17,0.11,2.15,,,,1,3,Top,80.03,101.9,,,,,4.324134101212769,-127.47476510963985,-3.657247969047681,3.7779222218302824,23.077806711834143,-29.824157546439302,3.95,1.88,160.0,109.6,7.0,88.2,2462.0,6.4,663223,608700,543877,596115,666915,593428,657077,680776,608701,54.13,0.726,0.703,0.9,1.0,1.0,0.0,4.0,18,4,Cutter,1,0,0,1,0,1,0,1,Standard,Standard,140.0,-0.034,0.485,,,0.872,-0.485,109.6,1,-1,0.643,0.357,26,30,26,30,2,1,5.0,1.0,5.0,1.0,2.77,-0.41,-0.41,45.5,,,,,
SI,2022-07-09,94.0,-2.89,3.95,"Judge, Aaron",592450,670167,field_out,hit_into_play,,,,,13.0,"Aaron Judge grounds out sharply, shortstop Xander Bogaerts to first baseman Christian Vazquez.",R,R,R,BOS,NYY,X,6.0,ground_ball,0,0,2022,-1.35,-0.11,-0.91,2.45,,,,1,7,Top,101.32,147.52,,,,,8.166018303443696,-136.6131097522414,2.1223463201493105,-18.693406738355883,30.486430753963024,-34.25999820071473,3.95,1.88,10.0,100.5,-14.0,94.5,2177.0,6.7,663223,608700,543877,596115,666915,593428,657077,680776,608701,53.84,0.197,0.197,0.0,1.0,0.0,0.0,2.0,52,1,Sinker,2,3,3,2,3,2,3,2,Infield shift,Standard,257.0,0.019,-0.246,,,0.211,0.246,100.5,-1,1,0.332,0.6679999999999999,28,30,28,30,1,3,2.0,1.0,3.0,1.0,2.7,1.35,1.35,3.2,,,,,
SI,2022-07-09,96.6,3.34,5.41,"Judge, Aaron",592450,518617,double,hit_into_play,,,,,4.0,Aaron Judge doubles (14) on a sharp line drive to center fielder Jarren Duran.   Jose Trevino scores.,R,R,L,BOS,NYY,X,8.0,line_drive,1,1,2022,1.51,0.78,-0.29,2.67,,624431.0,,0,10,Top,102.66,70.47,,,,,-13.095587700049046,-140.03835793038112,-3.500965625623786,22.825946740159363,31.11429861312788,-21.271378979757586,3.95,1.88,271.0,112.0,13.0,96.6,2174.0,6.5,663223,543877,614173,596115,666915,593428,657077,680776,608701,54.05,0.826,0.933,1.25,1.0,1.0,1.0,6.0,73,3,Sinker,3,3,3,3,4,3,4,3,Standard,Standard,125.0,-0.243,0.728,,,1.337,-0.728,112.0,0,0,0.505,0.495,35,30,35,30,1,4,3.0,1.0,2.0,1.0,1.68,1.51,-1.51,19.5,,,,,
SL,2022-07-08,85.6,-1.86,6.14,"Judge, Aaron",592450,593140,field_out,hit_into_play,,,,,8.0,"Aaron Judge grounds out, third baseman Christian Arroyo to first baseman Bobby Dalbec.",R,R,R,BOS,NYY,X,5.0,ground_ball,1,0,2022,0.02,0.78,0.27,2.28,,,,2,5,Top,99.85,166.38,,,,,5.044215339977135,-124.718658823475,-4.517121165346607,-0.6522676252843828,22.29777457346086,-23.31357843476127,3.95,1.89,19.0,80.1,-5.0,86.9,2424.0,6.8,663202,543877,666915,596115,624414,593428,657077,608701,614173,53.7,0.105,0.104,0.0,1.0,0.0,0.0,2.0,52,2,Slider,4,9,9,4,9,4,9,4,Standard,Standard,133.0,0.002,-0.296,,,0.12,0.296,88.0,-5,5,0.073,0.927,29,30,29,30,2,3,,2.0,,1.0,2.29,-0.02,-0.02,49.8,,,,,
FF,2022-07-08,93.8,-2.67,5.69,"Judge, Aaron",592450,657756,field_out,hit_into_play,,,,,8.0,"Aaron Judge grounds out, third baseman Rafael Devers to first baseman Bobby Dalbec.   DJ LeMahieu to 2nd.",R,R,R,BOS,NYY,X,5.0,ground_ball,3,0,2022,-1.06,1.22,-0.11,2.49,,,518934.0,0,1,Top,99.34,171.46,,,,,8.910371728206426,-136.11328641771226,-5.126817215439786,-15.18554963945353,32.9515388800049,-16.11438999828039,3.95,1.89,19.0,96.0,-6.0,92.8,2120.0,6.1,663202,543877,666915,596115,646240,593428,657077,608701,624414,54.42,0.218,0.219,0.0,1.0,0.0,0.0,2.0,2,4,4-Seam Fastball,0,0,0,0,0,0,0,0,Infield shade,Standard,220.0,0.049,-0.57,,,0.224,0.57,96.0,0,0,0.432,0.5680000000000001,26,30,26,30,1,0,5.0,2.0,75.0,1.0,1.41,1.06,1.06,31.6,,,,,
SI,2022-07-06,95.4,-1.95,6.01,"Judge, Aaron",592450,656605,double,hit_into_play,,,,,4.0,"Aaron Judge doubles (13) on a sharp fly ball to right fielder Ben Gamel.  DJ LeMahieu out at home on the throw, right fielder Ben Gamel to second baseman Josh VanMeter to catcher Michael Perez.",R,R,R,PIT,NYY,X,9.0,fly_ball,0,0,2022,-1.1,1.13,-0.64,2.66,,,518934.0,1,5,Top,164.12,48.64,,,,,5.913128915068073,-138.91478945634177,-5.821229381866548,-15.526972844613113,27.5039706759313,-16.383516899118884,3.95,1.87,383.0,102.5,31.0,96.1,2347.0,6.4,662328,605421,660294,642165,663647,665833,669261,668804,592325,54.11,0.6086999999999999,1.2069800000000006,1.25,1.0,1.0,1.0,6.0,34,1,Sinker,0,2,2,0,2,0,2,0,Standard,Standard,217.0,0.014,0.768,,,2.3621200000000004,-0.768,102.5,-2,2,0.247,0.753,26,30,26,30,3,2,7.0,1.0,5.0,2.0,1.34,1.1,1.1,43.9,,,,,
SI,2022-07-06,96.0,-1.94,6.0,"Judge, Aaron",592450,656605,single,hit_into_play,,,,,13.0,Aaron Judge singles on a ground ball to right fielder Ben Gamel.   DJ LeMahieu to 2nd.,R,R,R,PIT,NYY,X,9.0,ground_ball,0,1,2022,-1.16,1.09,-0.94,2.65,,,518934.0,1,3,Top,169.72,115.05,,,,,5.293420175447495,-139.74498574556796,-5.823554307100169,-16.391207913312893,27.535972397805605,-16.746996699016737,3.95,1.87,65.0,83.4,2.0,96.9,2342.0,6.5,662328,605421,660294,642165,663647,665833,669261,668804,592325,53.99,0.224,0.221,0.9,1.0,1.0,0.0,2.0,19,2,Sinker,0,0,0,0,0,0,0,0,Standard,Standard,215.0,-0.047,0.45,,,0.224,-0.45,88.0,0,0,0.502,0.498,26,30,26,30,2,1,7.0,1.0,5.0,2.0,1.35,1.16,1.16,43.3,,,,,
SI,2022-07-06,93.7,1.76,5.58,"Judge, Aaron",592450,544365,home_run,hit_into_play,,,,,4.0,Aaron Judge hits a grand slam (30) to left field.   Isiah Kiner-Falefa scores.    Kyle Higashioka scores.    DJ LeMahieu scores.,R,R,L,PIT,NYY,X,,fly_ball,0,1,2022,1.27,0.76,-0.47,2.6,643396.0,543309.0,518934.0,1,8,Top,30.41,57.98,,,,,-8.606036527854965,-136.3163102601746,-3.68927280670676,17.716445359720193,27.708348272984,-22.04225452186324,3.95,1.87,419.0,114.7,24.0,94.4,1765.0,6.5,662328,605421,660294,642165,663647,665833,669261,668804,592325,53.97,0.991,1.9783333333333335,2.0,1.0,0.0,3.0,6.0,63,2,Sinker,0,5,5,0,9,0,9,0,Standard,Standard,137.0,-0.011,1.007,,,3.858333333333333,-1.007,114.7,-5,5,0.012,0.988,31,30,31,30,1,4,19.0,1.0,2.0,2.0,1.82,1.27,-1.27,36.9,,,,,
CH,2022-07-05,85.9,2.12,5.74,"Judge, Aaron",592450,500779,single,hit_into_play,,,,,8.0,Aaron Judge singles on a ground ball to left fielder Jack Suwinski.   Isiah Kiner-Falefa scores.,R,R,L,PIT,NYY,X,7.0,ground_ball,0,0,2022,1.0,0.83,0.24,2.3,643396.0,,,2,5,Top,60.5,131.8,,,,,-6.5091762044799575,-124.88158433908048,-3.573301217579121,11.828309712508643,25.412149681445424,-22.96606651011423,3.95,1.86,31.0,78.7,-2.0,85.9,1392.0,6.4,662329,605421,660294,642165,663647,665833,669261,668804,592325,54.12,0.142,0.135,0.9,1.0,1.0,0.0,2.0,37,1,Changeup,4,0,0,4,1,4,1,4,Standard,Standard,132.0,-0.046,0.696,,,0.162,-0.696,88.0,4,-4,0.909,0.0909999999999999,33,30,33,30,3,2,7.0,2.0,5.0,1.0,2.27,1.0,-1.0,43.5,,,,,
CU,2022-07-05,77.7,2.16,5.76,"Judge, Aaron",592450,500779,field_out,hit_into_play,,,,,8.0,Aaron Judge lines out sharply to left fielder Jack Suwinski.,R,R,L,PIT,NYY,X,7.0,line_drive,3,1,2022,-0.51,-0.56,0.11,1.85,,,518934.0,1,3,Top,73.15,75.73,,,,,-3.4812533807479435,-113.17643395022246,-0.4922804916917858,-3.741133132865809,19.9100107432001,-37.08750517532945,3.95,1.86,331.0,102.3,22.0,77.8,2300.0,6.3,662329,605421,660294,642165,663647,665833,669261,668804,592325,54.25,0.4778620689655172,0.7900689655172413,0.0,1.0,0.0,0.0,6.0,18,5,Curveball,1,0,0,1,0,1,0,1,Standard,Standard,309.0,0.052,-0.39,,,1.4520689655172414,0.39,102.3,1,-1,0.591,0.409,33,30,33,30,2,1,7.0,2.0,5.0,1.0,4.31,-0.51,0.51,43.0,,,,,
SI,2022-07-05,97.3,-1.89,6.16,"Judge, Aaron",592450,640444,grounded_into_double_play,hit_into_play,,,,,4.0,"Aaron Judge grounds into a double play, second baseman Josh VanMeter to shortstop Oneil Cruz to first baseman Yoshi Tsutsugo.   DJ LeMahieu out at 2nd.    Aaron Judge out at 1st.",R,R,R,PIT,NYY,X,4.0,ground_ball,2,2,2022,-1.05,1.16,-0.56,2.61,,643396.0,518934.0,1,7,Top,139.77,148.13,,,,,6.00995877414582,-141.498842560117,-6.677124814726087,-15.441647171483948,32.87271352229769,-15.276529041270145,3.95,1.86,14.0,89.8,-9.0,97.5,2256.0,6.5,662329,605421,660294,642165,663647,665833,669261,668804,592325,54.0,0.145,0.146,0.0,1.0,0.0,0.0,2.0,55,6,Sinker,5,1,1,5,1,5,1,5,Standard,Standard,198.0,0.06,-0.273,,,0.145,0.273,89.8,4,-4,0.911,0.0889999999999999,27,30,28,30,1,3,3.0,2.0,2.0,1.0,1.26,1.05,1.05,49.6,,,,,
FF,2022-07-05,93.4,2.12,5.71,"Judge, Aaron",592450,500779,field_out,hit_into_play,,,,,5.0,"Aaron Judge grounds out, shortstop Oneil Cruz to first baseman Yoshi Tsutsugo.",R,R,L,PIT,NYY,X,6.0,ground_ball,3,2,2022,0.47,1.36,-0.26,2.9,,,,1,1,Top,107.1,154.19,,,,,-7.180306396642714,-135.79751777136073,-4.505456659780392,7.424960087453691,29.453359474774256,-14.509172483316314,3.95,1.86,42.0,65.5,2.0,93.6,2058.0,6.5,662329,605421,660294,642165,663647,665833,669261,668804,592325,54.04,0.147,0.144,0.0,1.0,0.0,0.0,2.0,2,6,4-Seam Fastball,0,0,0,0,0,0,0,0,Standard,Standard,151.0,0.02,-0.328,,,0.163,0.328,88.0,0,0,0.518,0.482,33,30,33,30,1,0,7.0,2.0,5.0,1.0,1.25,0.47,-0.47,43.6,,,,,
FC,2022-07-02,88.5,1.23,5.75,"Judge, Aaron",592450,668948,force_out,hit_into_play,,,,,5.0,"Aaron Judge grounds into a force out, shortstop Amed Rosario to second baseman Andres Gimenez.   Marwin Gonzalez out at 2nd.",R,R,L,CLE,NYY,X,6.0,ground_ball,0,0,2022,-0.22,0.81,-0.18,2.85,,,503556.0,2,4,Top,116.69,157.25,,,,,-2.967822009944934,-128.96423960256104,-2.7192572870893565,-1.899783770280087,25.585564313038613,-22.730325357177644,3.91,1.82,21.0,95.9,-6.0,88.3,2312.0,6.0,662964,506702,647304,665926,608070,642708,680700,664702,680757,54.51,0.218,0.219,0.0,1.0,0.0,0.0,2.0,33,1,Cutter,2,4,4,2,4,2,4,2,Strategic,Standard,160.0,0.019,-0.26,,,0.224,0.26,95.9,-2,2,0.292,0.708,26,30,27,30,3,2,25.0,2.0,24.0,0.0,2.08,-0.22,0.22,34.2,,,,,
FC,2022-07-02,85.1,-0.29,6.33,"Judge, Aaron",592450,650644,grounded_into_double_play,hit_into_play,,,,,6.0,"Aaron Judge grounds into a double play, third baseman Gabriel Arias to second baseman Owen Miller to first baseman Josh Naylor.   DJ LeMahieu out at 2nd.    Aaron Judge out at 1st.",R,R,R,CLE,NYY,X,5.0,ground_ball,2,1,2022,0.4,0.37,0.58,2.67,,,518934.0,0,4,Top,102.48,169.96,,,,,1.224487274395735,-123.97398707628253,-3.07392981961757,3.939439092371031,22.74700574451277,-27.926847212587045,3.88,1.81,11.0,72.8,-14.0,84.8,2627.0,5.8,662954,571912,647304,680911,672356,642708,676391,664702,614177,54.68,0.042,0.056,0.0,1.0,0.0,0.0,2.0,21,4,Cutter,1,0,0,1,0,1,0,1,Standard,Standard,125.0,0.103,-0.394,,,0.042,0.394,88.0,1,-1,0.569,0.431,27,30,27,30,2,1,6.0,0.0,6.0,1.0,2.75,-0.4,-0.4,46.5,,,,,
FF,2022-07-02,92.2,0.87,5.61,"Judge, Aaron",592450,543238,double,hit_into_play,,,,,2.0,Aaron Judge doubles (12) on a sharp line drive to left fielder Richie Palacios.   DJ LeMahieu to 3rd.,R,R,L,CLE,NYY,X,7.0,line_drive,3,0,2022,0.6,1.44,0.26,3.62,,,518934.0,2,6,Top,57.51,114.72,,,,,-2.8493378365048194,-134.3340606601616,-2.350161129836041,7.856901815853917,29.19138454375413,-14.472043131303456,3.91,1.82,269.0,108.4,18.0,91.9,2191.0,6.0,662964,506702,647304,665926,608070,642708,680700,664702,680757,54.48,0.5747391304347825,0.917521739130435,1.25,1.0,1.0,1.0,6.0,49,4,4-Seam Fastball,2,6,6,2,6,2,6,2,Strategic,Standard,163.0,-0.006,0.758,,,1.6580434782608695,-0.758,108.4,-4,4,0.086,0.914,31,30,32,30,1,3,4.0,2.0,,0.0,1.24,0.6,-0.6,46.3,,,,,
FF,2022-07-02,90.8,1.04,5.88,"Judge, Aaron",592450,668948,field_out,hit_into_play,,,,,4.0,Aaron Judge flies out sharply to center fielder Myles Straw.,R,R,L,CLE,NYY,X,8.0,fly_ball,0,1,2022,0.47,1.27,-0.63,2.83,,,518934.0,0,1,Top,139.66,47.52,,,,,-5.160521664211981,-132.14381410021096,-4.451864628866973,6.548522294868742,26.891496314539577,-16.574975402392123,3.91,1.82,376.0,100.2,35.0,90.4,2337.0,6.0,662964,506702,647304,665926,608070,642708,680700,664702,680757,54.54,0.3902777777777777,0.7657777777777778,0.0,1.0,0.0,0.0,5.0,2,2,4-Seam Fastball,0,0,0,0,0,0,0,0,Standard,Standard,164.0,0.029,-0.191,,,1.4926666666666664,0.191,100.2,0,0,0.469,0.531,26,30,27,30,1,0,25.0,2.0,24.0,0.0,1.49,0.47,-0.47,44.5,,,,,
SI,2022-07-02,90.6,-0.52,6.06,"Judge, Aaron",592450,650644,field_out,hit_into_play,,,,,8.0,"Aaron Judge grounds out, shortstop Amed Rosario to first baseman Josh Naylor.",R,R,R,CLE,NYY,X,6.0,ground_ball,0,0,2022,-1.03,0.84,-0.15,2.22,,,,1,1,Top,105.53,156.23,,,,,3.0842134143344437,-131.9277601000963,-5.43016595196327,-12.643456383512452,28.263679999083323,-21.418635748985277,3.88,1.81,7.0,94.8,-18.0,89.9,2282.0,5.8,662954,571912,647304,680911,672356,642708,676391,664702,614177,54.69,0.139,0.138,0.0,1.0,0.0,0.0,2.0,2,1,Sinker,0,0,0,0,0,0,0,0,Standard,Standard,205.0,0.016,-0.246,,,0.146,0.246,94.8,0,0,0.522,0.478,27,30,27,30,1,0,6.0,0.0,6.0,1.0,1.93,1.03,1.03,38.8,,,,,
FC,2022-06-30,86.7,-1.81,6.36,"Judge, Aaron",592450,677651,field_out,hit_into_play,,,,,9.0,Aaron Judge flies out to center fielder Jake Meyers.,R,R,R,HOU,NYY,X,8.0,fly_ball,2,2,2022,0.45,0.58,0.69,1.86,,608336.0,518934.0,1,3,Top,136.73,95.46,,,,,5.0452496868746,-126.04900270268656,-5.713867005108406,3.7612677068046145,26.49697920870668,-24.959915852359543,3.9,1.8,260.0,77.9,39.0,86.7,2370.0,6.4,662788,455117,493329,514888,608324,643289,649557,676694,663656,54.11,0.061,0.065,0.0,1.0,0.0,0.0,3.0,18,5,Cutter,0,0,0,0,0,0,0,0,Infield shift,Standard,173.0,0.046,-0.197,,,0.094,0.197,88.0,0,0,0.46,0.54,25,30,26,30,2,1,8.0,1.0,5.0,2.0,2.46,-0.45,-0.45,45.8,,,,,
FC,2022-06-30,89.2,-1.71,6.46,"Judge, Aaron",592450,677651,field_out,hit_into_play,,,,,8.0,Aaron Judge flies out sharply to center fielder Jake Meyers.,R,R,R,HOU,NYY,X,8.0,fly_ball,3,2,2022,0.58,0.81,0.15,2.45,,,,1,1,Top,115.24,54.94,,,,,3.3419732035478007,-129.7756616471736,-5.512101486497332,5.856186766927664,27.85692216917836,-22.076344209211513,3.9,1.8,357.0,106.3,41.0,89.0,2349.0,6.2,662788,455117,493329,514888,608324,643289,649557,676694,663656,54.29,0.40775,0.824,0.0,1.0,0.0,0.0,6.0,2,6,Cutter,0,0,0,0,0,0,0,0,Infield shift,Standard,184.0,0.02,-0.328,,,1.6115000000000002,0.328,106.3,0,0,0.518,0.482,25,30,26,30,1,0,8.0,1.0,5.0,2.0,2.06,-0.58,-0.58,49.9,,,,,
SI,2022-06-30,95.3,-1.72,5.2,"Judge, Aaron",592450,606160,field_out,hit_into_play,,,,,11.0,"Aaron Judge grounds out softly, shortstop Mauricio Dubon to first baseman Yuli Gurriel.",R,R,R,HOU,NYY,X,6.0,ground_ball,0,1,2022,-1.39,0.85,-0.94,3.08,,,,0,8,Top,113.27,160.44,,,,,5.132069774466316,-138.6298662263264,-1.7854695864239534,-19.00849858836712,34.39538939067091,-21.05788248319976,3.9,1.8,13.0,59.9,-11.0,94.5,2228.0,6.1,662788,455117,493329,514888,608324,643289,649557,676694,663656,54.41,0.074,0.074,0.0,1.0,0.0,0.0,2.0,56,2,Sinker,2,1,1,2,1,2,1,2,Infield shift,Standard,222.0,0.046,-0.209,,,0.085,0.209,88.0,1,-1,0.753,0.247,31,30,32,30,1,3,6.0,1.0,3.0,2.0,1.68,1.39,1.39,33.7,,,,,
SI,2022-06-29,90.5,1.44,6.07,"Judge, Aaron",592450,608344,field_out,hit_into_play,,,,,4.0,Aaron Judge flies out to left fielder Stephen Piscotty.,R,R,L,NYY,ATH,X,7.0,fly_ball,0,0,2022,1.02,1.2,-0.4,2.74,,,,2,5,Bot,55.67,78.72,,,,,-6.770808095173033,-131.62287731218225,-5.004598015744527,13.235876944001197,24.955449885205983,-17.329479590538124,3.9,1.8,343.0,94.6,41.0,91.1,1987.0,6.4,661263,519390,664913,643393,641914,669397,572039,665506,657656,54.08,0.029,0.044,0.0,1.0,0.0,0.0,3.0,46,1,Sinker,5,3,5,3,3,5,5,3,Standard,Standard,141.0,-0.007,-0.256,,,0.082,0.256,94.6,2,2,0.786,0.786,28,30,28,30,3,2,5.0,1.0,5.0,1.0,1.56,1.02,-1.02,46.7,,,,,
SI,2022-06-29,90.7,1.39,5.98,"Judge, Aaron",592450,608344,home_run,hit_into_play,,,,,5.0,Aaron Judge homers (29) on a fly ball to left field.   DJ LeMahieu scores.,R,R,L,NYY,ATH,X,,fly_ball,3,2,2022,1.05,1.12,-0.07,2.84,,,518934.0,0,1,Bot,24.03,56.96,,,,,-5.921353836858084,-132.08328721783383,-4.413728881624266,13.5242233418166,25.492684621677355,-18.334898517987018,3.9,1.8,429.0,111.3,26.0,91.5,2099.0,6.5,661263,519390,664913,643393,641914,669397,572039,665506,657656,53.97,0.9728,1.9781,2.0,1.0,0.0,3.0,6.0,9,8,Sinker,0,3,0,3,3,2,2,3,Standard,Standard,134.0,0.137,0.974,,,3.8769,-0.974,111.3,-3,-3,0.311,0.311,28,30,28,30,1,0,5.0,1.0,5.0,1.0,1.63,1.05,-1.05,43.0,,,,,
SL,2022-06-28,81.3,1.2,5.62,"Judge, Aaron",592450,572125,field_out,hit_into_play,,,,,4.0,Aaron Judge flies out to left fielder Tony Kemp.,R,R,L,NYY,ATH,X,7.0,fly_ball,3,1,2022,-0.91,0.58,-0.76,2.82,,,503556.0,2,8,Bot,88.78,118.74,,,,,-2.653203974325791,-118.42911752737372,-0.815859455899932,-8.044273274187642,22.042793153945848,-26.729894496155012,3.91,1.84,222.0,90.5,54.0,81.5,2489.0,6.3,661272,669221,542194,669397,641914,462101,643393,657656,664913,54.18,0.013,0.015,0.0,1.0,0.0,0.0,3.0,58,5,Slider,2,0,2,0,0,2,2,0,Standard,Standard,271.0,-0.009,-0.364,,,0.019,0.364,90.5,2,2,0.933,0.933,31,30,32,30,1,3,20.0,1.0,5.0,1.0,2.85,-0.91,0.91,40.6,,,,,
CU,2022-06-27,80.6,-1.88,5.91,"Judge, Aaron",592450,621112,single,hit_into_play,,,,,6.0,"Aaron Judge singles on a sharp line drive to left fielder Tony Kemp, deflected by shortstop Elvis Andrus. DJ LeMahieu scores.",R,R,R,NYY,ATH,X,6.0,line_drive,3,2,2022,0.75,-1.3,0.46,2.96,,518934.0,,2,5,Bot,97.72,137.67,,,,,3.784619158195068,-117.04402652682964,2.7904969947871026,5.85796621790911,27.626110246682853,-44.794415764303366,3.9,1.84,173.0,100.2,11.0,80.1,2715.0,6.7,661275,669221,542194,669397,641914,462101,643393,665506,657656,53.85,0.879,0.833,0.9,1.0,1.0,0.0,4.0,43,6,Curveball,2,5,2,5,5,3,3,5,Standard,Strategic,23.0,0.079,0.671,,,1.041,-0.671,100.2,-3,-3,0.173,0.173,28,30,29,30,3,2,5.0,1.0,5.0,1.0,4.89,-0.75,-0.75,54.3,,,,,
CH,2022-06-27,86.7,-1.92,6.05,"Judge, Aaron",592450,621112,grounded_into_double_play,hit_into_play,,,,,9.0,"Aaron Judge grounds into a double play, third baseman Sheldon Neuse to second baseman Nick Allen to first baseman Christian Bethancourt. DJ LeMahieu out at 2nd. Aaron Judge out at 1st.",R,R,R,NYY,ATH,X,5.0,ground_ball,3,1,2022,-0.95,0.75,0.32,1.82,,,518934.0,0,3,Bot,98.21,169.34,,,,,7.317651935369342,-126.00359093700496,-5.458989782571495,-11.63183042922363,25.098659972536627,-23.219536031315503,3.9,1.84,8.0,69.3,-13.0,86.8,1865.0,6.4,661275,669221,542194,669397,641914,462101,643393,665506,657656,54.12,0.061,0.064,0.0,1.0,0.0,0.0,2.0,27,5,Changeup,1,5,1,5,5,1,1,5,Standard,Strategic,210.0,-0.088,-0.51,,,0.072,0.51,88.0,-4,-4,0.219,0.219,28,30,29,30,2,1,5.0,1.0,5.0,1.0,2.28,0.95,0.95,55.7,,,,,
SL,2022-06-27,80.7,2.63,5.24,"Judge, Aaron",592450,669912,field_out,hit_into_play,,,,,9.0,Aaron Judge flies out to center fielder Cristian Pache.,R,R,L,NYY,ATH,X,8.0,fly_ball,3,2,2022,-0.93,-0.03,0.34,1.72,,,,1,8,Bot,108.64,97.95,,,,,-3.3107111061312966,-117.52529960217876,-1.1481471111623764,-8.030225708964565,21.63956247486759,-32.44916777419599,3.9,1.84,256.0,84.1,46.0,80.8,2784.0,6.2,661275,669221,542194,669397,641914,462101,643393,665506,657656,54.25,0.008,0.008,0.0,1.0,0.0,0.0,3.0,72,6,Slider,9,5,9,5,5,9,9,5,Standard,Standard,281.0,-0.001,-0.328,,,0.011,0.328,88.0,4,4,0.987,0.987,27,30,28,30,1,4,6.0,1.0,3.0,1.0,3.52,-0.93,0.93,25.1,,,,,
FF,2022-06-26,92.6,-1.24,6.22,"Judge, Aaron",592450,664353,field_out,hit_into_play,,,,,5.0,Aaron Judge lines out to right fielder Kyle Tucker.,R,R,R,NYY,HOU,X,9.0,line_drive,0,0,2022,-0.58,1.61,-0.07,3.07,,,518934.0,2,6,Bot,165.34,89.25,,,,,4.233453095817745,-134.62357287279934,-5.691864393791605,-7.9387590989496175,30.823402472202552,-11.599222475850686,3.9,1.84,291.0,87.6,23.0,92.0,2271.0,6.1,661273,455117,493329,514888,608324,665161,643289,676694,663656,54.42,0.221,0.251,0.0,1.0,0.0,0.0,3.0,46,1,4-Seam Fastball,0,3,0,3,3,0,0,3,Infield shift,Standard,197.0,-0.024,-0.26,,,0.362,0.26,88.0,-3,-3,0.131,0.131,27,30,27,30,3,2,5.0,1.0,6.0,1.0,1.07,0.58,0.58,59.1,,,,,
CH,2022-06-26,86.0,-1.68,6.06,"Judge, Aaron",592450,664353,field_out,hit_into_play,,,,,7.0,Aaron Judge flies out to left fielder Mauricio Dubon.,R,R,R,NYY,HOU,X,7.0,fly_ball,1,0,2022,-0.84,1.44,-0.48,2.44,,,,1,4,Bot,52.11,87.08,,,,,4.510540307756278,-125.20086752070976,-5.2491810972278365,-9.698064253623077,24.730295047536817,-16.18259452198663,3.9,1.84,330.0,95.8,41.0,85.7,2004.0,6.0,661273,455117,493329,514888,608324,665161,643289,676694,663656,54.49,0.047,0.083,0.0,1.0,0.0,0.0,3.0,28,2,Changeup,0,3,0,3,3,0,0,3,Infield shift,Standard,224.0,-0.02,-0.282,,,0.152,0.282,95.8,-3,-3,0.194,0.194,27,30,27,30,2,1,5.0,1.0,6.0,1.0,1.64,0.84,0.84,54.8,,,,,
ST,2022-06-26,80.2,-2.57,4.25,"Judge, Aaron",592450,661527,home_run,hit_into_play,,,,,8.0,Aaron Judge homers (28) on a line drive to left center field.   Aaron Hicks scores.    Matt Carpenter scores.,R,R,R,NYY,HOU,X,,line_drive,0,1,2022,1.27,0.25,0.01,1.93,543305.0,,572761.0,2,10,Bot,70.84,39.13,,,,,3.3377820576052946,-116.89657427468414,1.0240801522935818,11.200106411586198,19.51241570498223,-30.18373878676606,3.9,1.84,417.0,112.0,20.0,81.5,2519.0,6.8,661273,488771,493329,514888,608324,665161,649557,643289,663656,53.7,0.925111111111111,1.711888888888889,2.0,1.0,0.0,3.0,6.0,80,2,Sweeper,3,3,3,3,3,6,6,3,Infield shift,Standard,97.0,0.384,1.592,,,3.256777777777778,-1.592,112.0,0,0,0.616,0.616,27,30,28,30,1,4,5.0,1.0,6.0,1.0,3.24,-1.27,-1.27,12.9,,,,,
FF,2022-06-26,93.2,-1.56,6.22,"Judge, Aaron",592450,664353,field_out,hit_into_play,,,,,2.0,Aaron Judge flies out to right fielder Kyle Tucker.,R,R,R,NYY,HOU,X,9.0,fly_ball,0,1,2022,-0.63,1.76,-0.22,3.52,,,,1,1,Bot,185.42,116.59,,,,,4.777748062906063,-135.63635610792144,-4.967274125877508,-8.796281968538564,30.042759084704592,-9.614001085510983,3.9,1.84,253.0,87.3,48.0,92.1,2226.0,5.6,661273,455117,493329,514888,608324,665161,643289,676694,663656,54.85,0.005,0.006,0.0,1.0,0.0,0.0,3.0,6,2,4-Seam Fastball,0,1,0,1,1,0,0,1,Infield shift,Standard,198.0,-0.014,-0.208,,,0.008,0.208,88.0,-1,-1,0.421,0.421,27,30,27,30,1,0,5.0,1.0,6.0,1.0,0.87,0.63,0.63,54.2,,,,,
SI,2022-06-25,95.4,-1.81,5.61,"Judge, Aaron",592450,593576,force_out,hit_into_play,,,,,8.0,"Aaron Judge lines into a force out, shortstop Aledmys Diaz to second baseman Jose Altuve. DJ LeMahieu out at 2nd.",R,R,R,NYY,HOU,X,6.0,line_drive,1,0,2022,-1.5,0.91,-0.06,2.1,543305.0,,518934.0,2,8,Bot,115.8,152.36,,,,,7.960277004210801,-138.7192039430279,-5.684383612218896,-21.095624052064093,29.37694205257718,-19.285108852528243,3.9,1.84,141.0,112.9,6.0,95.8,2454.0,6.4,661271,455117,656695,514888,608324,649557,670541,676694,663656,54.07,0.703,0.656,0.0,1.0,0.0,0.0,5.0,59,2,Sinker,0,2,0,2,2,0,0,2,Infield shift,Standard,226.0,-0.1,-0.324,,,0.799,0.324,112.9,-2,-2,0.176,0.176,33,30,33,30,1,3,2.0,1.0,5.0,1.0,1.58,1.5,1.5,32.4,,,,,
FF,2022-06-25,95.3,-1.73,5.7,"Judge, Aaron",592450,664299,field_out,hit_into_play,,,,,8.0,Aaron Judge flies out to right fielder Kyle Tucker.,R,R,R,NYY,HOU,X,9.0,fly_ball,0,0,2022,-0.38,1.46,0.16,1.84,,,,0,1,Bot,178.75,128.09,,,,,5.7847904441064175,-138.6561520193684,-7.768674431497912,-6.142756539302078,29.001105220732953,-11.774581224780672,3.9,1.84,221.0,76.0,42.0,94.8,2380.0,5.8,661271,455117,656695,514888,608324,649557,670541,676694,663656,54.66,0.111,0.121,0.0,1.0,0.0,0.0,3.0,5,1,4-Seam Fastball,0,0,0,0,0,0,0,0,Infield shift,Standard,211.0,-0.022,-0.247,,,0.16,0.247,88.0,0,0,0.548,0.548,25,30,25,30,1,0,6.0,1.0,6.0,1.0,1.04,0.38,0.38,31.9,,,,,
FF,2022-06-24,95.2,-1.52,6.91,"Judge, Aaron",592450,434378,field_out,hit_into_play,,,,,5.0,Aaron Judge pops out to first baseman Yuli Gurriel in foul territory.,R,R,R,NYY,HOU,X,3.0,popup,1,0,2022,-0.72,1.71,-0.2,3.03,,,518934.0,2,5,Bot,159.52,186.03,,,,,5.04735240266647,-138.31092667476685,-8.251516868945236,-10.463160031718331,33.79486165290785,-8.546134612044721,3.9,1.83,114.0,97.8,73.0,94.0,2530.0,5.9,661274,488771,493329,514888,608324,649557,488726,676694,663656,54.63,0.018,0.021,0.0,1.0,0.0,0.0,3.0,39,2,4-Seam Fastball,0,0,0,0,0,0,0,0,Infield shift,Standard,208.0,-0.034,-0.298,,,0.024,0.298,97.8,0,0,0.534,0.534,39,30,39,30,3,2,6.0,1.0,5.0,1.0,0.83,0.72,0.72,55.7,,,,,
FF,2022-06-24,96.0,-1.78,6.77,"Judge, Aaron",592450,434378,field_out,hit_into_play,,,,,8.0,Aaron Judge lines out to second baseman Jose Altuve.,R,R,R,NYY,HOU,X,4.0,line_drive,0,0,2022,-0.79,1.53,-0.26,2.16,,,,1,3,Bot,127.01,142.26,,,,,5.781733851014479,-139.28487890304538,-9.90021310866803,-11.696547202639035,34.80814768092871,-10.156292633906151,3.9,1.83,166.0,109.8,7.0,94.9,2556.0,6.1,661274,488771,493329,514888,608324,649557,488726,676694,663656,54.41,0.726,0.703,0.0,1.0,0.0,0.0,4.0,20,1,4-Seam Fastball,0,0,0,0,0,0,0,0,Infield shift,Standard,206.0,-0.018,-0.246,,,0.872,0.246,109.8,0,0,0.53,0.53,39,30,39,30,2,1,6.0,1.0,5.0,1.0,0.98,0.79,0.79,51.9,,,,,
SL,2022-06-24,90.3,-1.5,6.62,"Judge, Aaron",592450,434378,field_out,hit_into_play,,,,,9.0,Aaron Judge flies out to center fielder Jake Meyers.,R,R,R,NYY,HOU,X,8.0,fly_ball,0,2,2022,0.92,-0.23,0.7,1.89,,,,1,1,Bot,170.23,58.38,,,,,3.501060853201889,-131.14914286974482,-5.115178893511923,9.328317805125698,37.1492146346005,-33.54286634424557,3.9,1.83,364.0,97.6,29.0,88.7,2441.0,6.2,661274,488771,493329,514888,608324,649557,488726,676694,663656,54.32,0.3830555555555555,0.7077777777777778,0.0,1.0,0.0,0.0,6.0,5,3,Slider,0,0,0,0,0,0,0,0,Infield shift,Standard,153.0,-0.01,-0.159,,,1.3571111111111112,0.159,97.6,0,0,0.52,0.52,39,30,39,30,1,0,6.0,1.0,5.0,1.0,3.11,-0.92,-0.92,52.2,,,,,
SI,2022-06-23,94.6,0.53,5.92,"Judge, Aaron",592450,664285,field_out,hit_into_play,,,,,8.0,"Aaron Judge grounds out sharply, second baseman Jose Altuve to first baseman Yuli Gurriel.",R,R,L,NYY,HOU,X,4.0,ground_ball,2,1,2022,0.97,0.53,-0.14,2.3,,,,0,6,Bot,143.09,140.84,,,,,-3.879113321334059,-137.69031477096365,-4.888557586630652,13.23212595597457,31.99529623924013,-24.539905029517584,3.92,1.81,123.0,118.4,4.0,93.7,2175.0,5.9,661325,455117,493329,514888,608324,643289,670541,642350,663656,54.65,0.65,0.602,0.0,1.0,0.0,0.0,5.0,49,4,Sinker,3,6,3,6,6,3,3,6,Standard,Standard,143.0,-0.033,-0.291,,,0.727,0.291,118.4,-3,-3,0.168,0.168,28,30,29,30,3,2,6.0,1.0,5.0,1.0,2.03,0.97,-0.97,43.3,,,,,
FS,2022-06-23,88.5,-0.73,6.17,"Judge, Aaron",592450,592773,single,hit_into_play,,,,,7.0,Aaron Judge singles on a sharp line drive to left fielder Yordan Alvarez.   Jose Trevino scores.    DJ LeMahieu to 3rd.,R,R,R,NYY,HOU,X,7.0,line_drive,3,0,2022,-1.17,0.33,-0.31,2.21,,624431.0,518934.0,2,9,Bot,47.08,119.21,,,,,3.455776605707605,-128.92231412707304,-4.326432147966296,-13.832531031618888,25.10561156344555,-27.788170687706415,3.92,1.81,276.0,103.8,18.0,88.6,1029.0,6.1,661325,455117,493329,514888,608324,643289,670541,642350,663656,54.37,0.4034,0.6198,0.9,1.0,1.0,0.0,5.0,78,4,Split-Finger,6,6,6,6,6,7,7,6,Infield shift,Standard,239.0,0.355,0.389,,,1.1024,-0.389,103.8,0,0,0.645,0.645,30,30,31,30,1,4,1.0,1.0,3.0,1.0,2.56,1.17,1.17,46.5,,,,,
SI,2022-06-23,97.0,-1.97,5.05,"Judge, Aaron",592450,606160,field_error,hit_into_play,,,,,4.0,Aaron Judge reaches on a throwing error by third baseman Alex Bregman.,R,R,R,NYY,HOU,X,5.0,ground_ball,3,1,2022,-1.38,0.63,-0.72,2.63,,,,2,8,Bot,107.31,171.16,,,,,6.436557275403938,-141.15407780165916,-2.3598335201932183,-19.88404503266865,33.62368922967865,-23.371261633876134,3.92,1.81,19.0,86.0,-6.0,96.3,2278.0,6.0,661325,455117,493329,514888,608324,643289,670541,642350,663656,54.5,0.134,0.134,0.9,1.0,0.0,0.0,2.0,65,5,Sinker,3,6,3,6,6,3,3,6,Infield shift,Standard,216.0,0.008,0.201,,,0.136,-0.201,88.0,-3,-3,0.048,0.048,31,30,32,30,1,3,1.0,1.0,1.0,1.0,1.8,1.38,1.38,32.4,,,,,
FF,2022-06-23,96.2,0.38,5.99,"Judge, Aaron",592450,664285,single,hit_into_play,,,,,8.0,Aaron Judge singles on a sharp ground ball to left fielder Yordan Alvarez.   DJ LeMahieu to 2nd.,R,R,L,NYY,HOU,X,7.0,ground_ball,3,2,2022,0.73,0.68,-0.17,2.26,,,518934.0,0,1,Bot,84.87,106.28,,,,,-3.0997667385081193,-140.0249898590439,-5.815837835826167,10.295858575521464,32.6566671431688,-22.122169555003943,3.92,1.81,59.0,114.1,1.0,95.9,2188.0,6.2,661325,455117,493329,514888,608324,643289,670541,642350,663656,54.33,0.553,0.497,0.9,1.0,1.0,0.0,4.0,8,7,4-Seam Fastball,0,3,0,3,3,0,0,3,Standard,Standard,148.0,0.048,0.37,,,0.583,-0.37,114.1,-3,-3,0.311,0.311,28,30,29,30,1,0,6.0,1.0,5.0,1.0,1.79,0.73,-0.73,47.0,,,,,
SL,2022-06-22,86.2,-1.6,5.94,"Judge, Aaron",592450,669358,home_run,hit_into_play,,,,,5.0,Aaron Judge homers (26) on a fly ball to left field.,R,R,R,TB,NYY,X,,fly_ball,0,0,2022,0.23,0.43,-0.19,2.77,,,,0,4,Top,40.74,62.79,,,,,2.87672341840327,-125.58493331472089,-2.200392742866752,1.874654235685376,25.62233892906021,-27.351357260172044,3.92,1.81,396.0,99.9,34.0,86.4,2457.0,6.4,661889,642336,596847,670623,650490,670764,668227,666139,660644,54.11,0.4304705882352941,0.8636470588235293,2.0,1.0,0.0,3.0,5.0,25,1,Slider,3,0,0,3,1,3,1,3,Standard,Standard,193.0,-0.085,1.114,,,1.6785882352941173,-1.114,99.9,3,-3,0.814,0.186,23,30,23,30,2,1,5.0,1.0,6.0,1.0,2.63,-0.23,-0.23,32.6,,,,,
SI,2022-06-22,88.3,-2.12,4.01,"Judge, Aaron",592450,621248,force_out,hit_into_play,,,,,14.0,"Aaron Judge grounds into a force out, shortstop Taylor Walls to second baseman Isaac Paredes. DJ LeMahieu out at 2nd. Aaron Judge to 1st.",R,R,R,TB,NYY,X,6.0,ground_ball,1,2,2022,-1.3,-0.2,0.11,1.53,,,518934.0,1,8,Top,104.87,161.21,,,,,8.123752420954002,-128.32650899195087,0.5027517604232847,-16.06096575231491,28.29011626378177,-34.72297322359911,3.92,1.81,81.0,84.2,6.0,87.9,2217.0,6.3,661889,642336,596847,670623,650490,670764,668227,666139,660644,54.23,0.371,0.336,0.0,1.0,0.0,0.0,4.0,70,4,Sinker,4,5,5,4,5,4,5,4,Standard,Standard,245.0,0.022,-0.241,,,0.41,0.241,88.0,-1,1,0.261,0.739,28,30,28,30,1,4,12.0,1.0,3.0,1.0,3.15,1.3,1.3,4.8,,,,,
SL,2022-06-22,89.3,-1.52,5.91,"Judge, Aaron",592450,669358,field_out,hit_into_play,,,,,6.0,Aaron Judge flies out to center fielder Josh Lowe.,R,R,R,TB,NYY,X,8.0,fly_ball,2,1,2022,0.18,0.56,0.4,2.49,,,518934.0,0,1,Top,99.92,55.39,,,,,4.376916915911708,-130.0887766854508,-3.6007293238524567,1.101079722769381,26.923977345893324,-25.316575115914286,3.92,1.81,361.0,91.0,30.0,89.9,2518.0,6.6,661889,642336,596847,670623,650490,670764,668227,666139,660644,53.92,0.082,0.11,0.0,1.0,0.0,0.0,3.0,2,4,Slider,0,0,0,0,0,0,0,0,Standard,Standard,196.0,0.039,-0.289,,,0.184,0.289,91.0,0,0,0.459,0.5409999999999999,23,30,23,30,1,0,5.0,1.0,6.0,1.0,2.29,-0.18,-0.18,36.0,,,,,
CU,2022-06-22,75.2,1.41,6.35,"Judge, Aaron",592450,621363,home_run,hit_into_play,,,,,11.0,Aaron Judge homers (27) on a fly ball to left field.,R,R,L,TB,NYY,X,,fly_ball,1,2,2022,-1.29,-1.03,-0.1,4.11,,,,0,7,Top,27.16,66.62,,,,,-0.8573931060429009,-109.34075987055384,4.5710157554011115,-10.052753062354869,22.274960655155773,-41.554031041069976,3.92,1.81,406.0,109.0,41.0,76.2,2503.0,7.4,661889,642336,596847,670623,650490,670764,668227,666139,660644,53.08,0.631,1.2839999999999998,2.0,1.0,0.0,3.0,6.0,56,4,Curveball,4,2,2,4,3,4,3,4,Standard,Standard,324.0,-0.131,1.185,,,2.5075,-1.185,109.0,2,-2,0.823,0.177,28,30,28,30,1,3,1.0,1.0,2.0,1.0,5.12,-1.29,1.29,63.0,,,,,
FF,2022-06-21,93.8,1.4,6.19,"Judge, Aaron",592450,621363,field_out,hit_into_play,,,,,13.0,Aaron Judge flies out to left fielder Randy Arozarena.,R,R,L,TB,NYY,X,7.0,fly_ball,0,0,2022,-0.28,1.61,-0.86,2.88,,,,2,9,Top,55.19,80.61,,,,,-5.365375977409323,-136.39177665516496,-6.509816481036812,-2.161653861082911,32.49685632401505,-10.816364265964872,3.95,1.82,340.0,90.4,37.0,95.9,2184.0,7.8,661890,642336,670623,660644,650490,670764,668227,621433,666139,52.75,0.018,0.021,0.0,1.0,0.0,0.0,3.0,69,1,4-Seam Fastball,5,4,4,5,4,5,4,5,Standard,Standard,175.0,0.037,-0.256,,,0.035,0.256,90.4,1,-1,0.963,0.037,28,30,28,30,1,0,3.0,1.0,1.0,1.0,1.0,-0.28,0.28,59.0,,,,,
FF,2022-06-20,99.4,0.73,6.36,"Judge, Aaron",592450,663556,field_out,hit_into_play,,,,,2.0,Aaron Judge lines out sharply to left fielder Josh Lowe.,R,R,L,TB,NYY,X,7.0,line_drive,0,2,2022,0.97,1.24,-0.01,3.29,,,,1,1,Top,79.74,86.16,,,,,-4.374629500867947,-144.6081415024811,-5.918443660532894,14.692786105017742,36.93350641409831,-13.659386220338387,3.95,1.82,303.0,108.0,18.0,100.0,2379.0,6.8,661893,650907,596847,670623,650490,660644,666139,595281,622534,53.67,0.5747391304347825,0.917521739130435,0.0,1.0,0.0,0.0,6.0,2,3,4-Seam Fastball,0,0,0,0,0,0,0,0,Standard,Standard,143.0,0.01,-0.159,,,1.6580434782608695,0.159,108.0,0,0,0.528,0.472,25,30,25,30,1,0,5.0,1.0,6.0,1.0,1.09,0.97,-0.97,42.4,,,,,
FF,2022-06-19,94.1,-2.9,6.02,"Judge, Aaron",592450,666721,field_out,hit_into_play,,,,,7.0,Aaron Judge lines out sharply to left fielder Lourdes Gurriel Jr.,R,R,R,TOR,NYY,X,7.0,line_drive,2,2,2022,-1.2,1.2,-0.52,2.08,,,,2,6,Top,90.62,54.74,,,,,8.888713085660475,-136.57437653321216,-7.151056355596272,-17.06870894637516,32.15600313213062,-15.756930515764449,3.95,1.82,367.0,101.1,22.0,94.3,2294.0,6.7,661741,672386,665489,669289,656305,666182,666971,543807,606132,53.82,0.4060526315789473,0.6693684210526317,0.0,1.0,0.0,0.0,5.0,50,6,4-Seam Fastball,3,8,8,3,8,3,8,3,Infield shift,Strategic,222.0,0.002,-0.216,,,1.2472631578947369,0.216,101.1,-5,5,0.055,0.945,23,30,23,30,1,3,,1.0,6.0,1.0,1.41,1.2,1.2,34.0,,,,,
SI,2022-06-19,87.9,-3.96,1.94,"Judge, Aaron",592450,643256,double,hit_into_play,,,,,7.0,Aaron Judge doubles (11) on a sharp line drive to center fielder George Springer.   Joey Gallo scores.    DJ LeMahieu to 3rd.,R,R,R,TOR,NYY,X,8.0,line_drive,1,2,2022,-0.98,-0.83,-0.38,2.24,,608336.0,518934.0,0,5,Top,163.23,67.64,,,,,10.670760150519556,-127.17045414240069,8.68543596822218,-13.013040481867224,28.94897932618119,-43.45084025145492,3.95,1.82,281.0,107.9,14.0,87.2,2212.0,6.4,661741,672386,665489,669289,656305,666182,666971,543807,606132,54.1,0.766,0.848,1.25,1.0,1.0,1.0,5.0,37,4,Sinker,2,3,3,2,4,2,4,2,Infield shift,Strategic,284.0,-0.138,0.771,,,1.209,-0.771,107.9,-1,1,0.284,0.716,31,30,32,30,1,2,4.0,1.0,2.0,1.0,3.84,0.98,0.98,-29.8,,,,,
SI,2022-06-18,94.9,-2.16,5.78,"Judge, Aaron",592450,666201,field_out,hit_into_play,,,,,5.0,"Aaron Judge grounds out, shortstop Bo Bichette to first baseman Cavan Biggio.",R,R,R,TOR,NYY,X,6.0,ground_ball,2,2,2022,-1.41,0.97,-0.06,3.16,,,,1,5,Top,104.27,154.79,,,,,8.713531922952205,-137.7621216948556,-3.244569914561679,-20.006263626954393,37.82217931490874,-19.357633668411346,3.96,1.85,11.0,83.8,-15.0,94.4,2356.0,6.7,661748,672386,624415,669289,656305,666182,606132,543807,606192,53.85,0.092,0.089,0.0,1.0,0.0,0.0,2.0,34,5,Sinker,0,3,3,0,3,0,3,0,Strategic,Standard,205.0,0.008,-0.212,,,0.104,0.212,88.0,-3,3,0.177,0.823,24,30,24,30,3,2,5.0,1.0,6.0,1.0,1.62,1.41,1.41,35.8,,,,,
SI,2022-06-18,93.2,-2.15,6.02,"Judge, Aaron",592450,666201,field_out,hit_into_play,,,,,11.0,"Aaron Judge grounds out, third baseman Matt Chapman to first baseman Cavan Biggio.",R,R,R,TOR,NYY,X,5.0,ground_ball,0,0,2022,-1.62,1.26,-1.22,3.52,,,,0,4,Top,101.51,168.68,,,,,6.008781245243594,-135.45683757593386,-3.311732659574985,-21.213453682462777,35.86785265272069,-16.265676051620556,3.96,1.85,46.0,49.1,5.0,92.8,2188.0,6.6,661748,672386,624415,669289,656305,666182,606132,543807,606192,53.88,0.139,0.132,0.0,1.0,0.0,0.0,1.0,22,1,Sinker,0,0,0,0,0,0,0,0,Strategic,Standard,206.0,0.027,-0.247,,,0.161,0.247,88.0,0,0,0.5,0.5,24,30,24,30,2,1,5.0,1.0,6.0,1.0,1.42,1.62,1.62,38.5,,,,,
ST,2022-06-18,83.6,-1.6,5.19,"Judge, Aaron",592450,663423,field_out,hit_into_play,,,,,9.0,"Aaron Judge grounds out sharply, third baseman Matt Chapman to first baseman Cavan Biggio.",R,R,R,TOR,NYY,X,5.0,ground_ball,2,2,2022,1.11,0.34,0.31,2.1,,,,2,9,Top,101.85,169.95,,,,,2.1947926837767664,-121.78815607510772,-1.352674179783245,10.564852573737188,25.3439601984142,-28.740573699822395,3.96,1.85,40.0,101.2,-1.0,83.2,2880.0,6.1,661748,672386,624415,669289,656305,666182,606132,543807,606192,54.43,0.395,0.359,0.0,1.0,0.0,0.0,4.0,69,5,Sweeper,0,4,4,0,4,0,4,0,Infield shift,Standard,76.0,0.001,-0.216,,,0.426,0.216,101.2,-4,4,0.018,0.982,28,30,29,30,1,4,1.0,1.0,2.0,1.0,2.93,-1.11,-1.11,32.8,,,,,
SI,2022-06-18,93.7,-2.26,6.19,"Judge, Aaron",592450,475479,field_out,hit_into_play,,,,,11.0,"Aaron Judge grounds out, second baseman Santiago Espinal to first baseman Cavan Biggio.",R,R,R,TOR,NYY,X,4.0,ground_ball,1,1,2022,-1.44,1.2,-0.88,3.2,,503556.0,,1,7,Top,112.47,133.12,,,,,6.582091010391553,-136.1932235429256,-4.505746328653379,-19.338646313583485,32.44875040645257,-16.46344997338279,3.96,1.85,113.0,79.9,8.0,91.5,2301.0,5.2,661748,672386,624415,669289,656305,666182,606132,543807,606192,55.3,0.361,0.335,0.0,1.0,0.0,0.0,4.0,52,3,Sinker,0,4,4,0,4,0,4,0,Infield shift,Standard,206.0,0.008,-0.249,,,0.406,0.249,88.0,-4,4,0.054,0.946,35,30,36,30,1,3,2.0,1.0,2.0,1.0,1.42,1.44,1.44,40.3,,,,,
CH,2022-06-17,81.8,-1.05,7.04,"Judge, Aaron",592450,548389,single,hit_into_play,,,,,4.0,Aaron Judge singles on a sharp line drive to left fielder Lourdes Gurriel Jr.,R,R,R,TOR,NYY,X,7.0,line_drive,0,0,2022,-1.06,0.73,-0.47,2.87,,,,1,3,Top,42.57,79.87,,,,,3.31785659943055,-118.995657097362,-4.153302780914672,-10.679176094170748,24.939442556857784,-24.60871325413632,3.95,1.84,291.0,113.2,16.0,80.8,1621.0,5.8,661742,672515,665489,624415,656305,669289,666971,543807,606192,54.68,0.628875,0.986875,0.9,1.0,1.0,0.0,6.0,19,1,Changeup,1,0,0,1,0,1,0,1,Infield shift,Strategic,221.0,-0.029,0.415,,,1.7825000000000002,-0.415,113.2,1,-1,0.638,0.362,32,30,33,30,2,1,5.0,1.0,5.0,1.0,2.7,1.06,1.06,62.1,,,,,
CH,2022-06-17,83.9,-2.87,5.11,"Judge, Aaron",592450,596271,field_out,hit_into_play,,,,,8.0,"Aaron Judge grounds out, third baseman Matt Chapman to first baseman Vladimir Guerrero Jr.",R,R,R,TOR,NYY,X,5.0,ground_ball,1,1,2022,-2.11,0.49,-0.03,1.84,,,,2,7,Top,105.03,166.31,,,,,10.6946251479786,-121.54113231356544,-1.9631165512219777,-23.08682435938482,28.204115116814272,-27.12987581842469,3.95,1.84,10.0,95.6,-10.0,82.9,1875.0,6.3,661742,672515,665489,624415,656305,669289,666971,543807,606192,54.21,0.197,0.196,0.0,1.0,0.0,0.0,2.0,60,3,Changeup,2,10,10,2,10,2,10,2,Infield shift,Standard,254.0,0.0,-0.241,,,0.213,0.241,95.6,-8,8,0.005,0.995,34,30,35,30,1,4,41.0,1.0,15.0,1.0,2.82,2.11,2.11,22.7,,,,,
ST,2022-06-17,83.8,-1.49,5.38,"Judge, Aaron",592450,663423,single,hit_into_play,,,,,14.0,"Yankees challenged (play at 1st), call on the field was overturned: Aaron Judge singles on a ground ball to third baseman Matt Chapman.   Joey Gallo to 3rd.",R,R,R,TOR,NYY,X,5.0,ground_ball,3,2,2022,1.25,0.14,0.77,1.35,,608336.0,,2,4,Top,107.46,165.1,,,,,2.7412554102412656,-121.8610781341082,-2.986550199323595,11.57141379103714,29.876448577324293,-30.36290948015455,3.95,1.84,67.0,75.0,5.0,82.8,2854.0,6.2,661742,672515,665489,624415,656305,669289,666971,543807,606192,54.29,0.226,0.22,0.9,1.0,1.0,0.0,2.0,31,7,Sweeper,1,2,2,1,2,1,2,1,Infield shift,Strategic,59.0,-0.015,0.671,,,0.259,-0.671,88.0,-1,1,0.392,0.608,28,30,29,30,1,2,3.0,1.0,1.0,1.0,3.18,-1.25,-1.25,39.8,,,,,
SL,2022-06-17,89.1,-1.3,6.89,"Judge, Aaron",592450,548389,field_out,hit_into_play,,,,,9.0,"Aaron Judge grounds out, pitcher Ross Stripling to first baseman Vladimir Guerrero Jr.",R,R,R,TOR,NYY,X,1.0,ground_ball,2,2,2022,0.49,0.54,0.64,1.9,,,,0,1,Top,124.96,180.48,,,,,3.6869134880960823,-129.3598557408374,-7.149687500000924,4.517567118157399,32.8700029947688,-24.66004506469417,3.95,1.84,2.0,61.0,-49.0,87.4,2238.0,5.8,661742,672515,665489,624415,656305,669289,666971,543807,606192,54.66,0.192,0.195,0.0,1.0,0.0,0.0,2.0,1,6,Slider,0,0,0,0,0,0,0,0,Infield shift,Strategic,195.0,0.02,-0.218,,,0.192,0.218,88.0,0,0,0.502,0.498,32,30,33,30,1,0,5.0,1.0,5.0,1.0,2.4,-0.49,-0.49,60.3,,,,,
CH,2022-06-16,91.3,0.76,6.09,"Judge, Aaron",592450,656222,field_out,hit_into_play,,,,,9.0,"Aaron Judge grounds out, pitcher Jalen Beeks to first baseman Ji-Man Choi.",R,R,L,NYY,TB,X,1.0,ground_ball,0,0,2022,1.41,0.77,0.32,1.88,,,,1,1,Bot,126.4,192.67,,,,,-4.160217412083357,-132.81311884640087,-6.382431379635716,17.609999121737815,29.512729988825814,-21.836634317052667,3.95,1.84,1.0,67.5,-53.0,91.3,1956.0,6.4,661326,642336,596847,660644,650490,670764,668227,621433,623912,54.11,0.268,0.264,0.0,1.0,0.0,0.0,2.0,7,1,Changeup,0,0,0,0,0,0,0,0,Standard,Standard,138.0,-0.016,-0.246,,,0.275,0.246,88.0,0,0,0.526,0.526,28,30,29,30,1,0,4.0,1.0,5.0,1.0,1.97,1.41,-1.41,47.2,,,,,
FC,2022-06-16,93.1,-1.93,5.83,"Judge, Aaron",592450,542888,field_out,hit_into_play,,,,,8.0,Aaron Judge flies out to right fielder Harold Ramirez.,R,R,R,NYY,TB,X,9.0,fly_ball,2,1,2022,0.42,0.53,0.12,1.85,,,,0,9,Bot,169.62,97.25,,,,,4.388193305874511,-135.59861996265275,-5.737743776732954,4.335617812047366,26.863091683270017,-24.594084220904733,3.95,1.84,276.0,82.9,38.0,94.4,2335.0,6.8,661326,642336,596847,660644,650490,670764,668227,621433,623912,53.73,0.013,0.018,0.0,1.0,0.0,0.0,3.0,60,4,Cutter,1,1,1,1,1,1,1,1,Standard,Standard,180.0,-0.064,-0.291,,,0.029,0.291,88.0,0,0,0.646,0.646,31,30,32,30,1,3,1.0,1.0,2.0,1.0,2.07,-0.42,-0.42,43.8,,,,,
CU,2022-06-15,84.0,0.81,5.88,"Judge, Aaron",592450,663556,home_run,hit_into_play,,,,,4.0,Aaron Judge homers (25) on a fly ball to right center field.,R,R,L,NYY,TB,X,,fly_ball,3,2,2022,-0.92,-0.94,-0.38,3.25,,,,1,1,Bot,188.85,66.29,,,,,-0.945070038573386,-122.24244124573733,2.2114728409221938,-8.982239046960983,24.948762817235895,-42.24434571044116,3.96,1.84,364.0,104.1,24.0,84.7,2661.0,6.8,661327,650907,670623,660644,650490,670764,668227,595281,622534,53.67,0.6397272727272724,1.1742727272727271,2.0,1.0,0.0,3.0,6.0,6,7,Curveball,0,0,0,0,0,1,1,0,Standard,Standard,311.0,0.096,1.501,,,2.2235757575757575,-1.501,104.1,0,0,0.53,0.53,25,30,25,30,1,0,6.0,1.0,5.0,1.0,4.18,-0.92,0.92,38.6,,,,,
SI,2022-06-14,89.7,-1.86,5.05,"Judge, Aaron",592450,446372,field_out,hit_into_play,,,,,11.0,Aaron Judge flies out sharply to left fielder Randy Arozarena.,R,R,R,NYY,TB,X,7.0,fly_ball,0,2,2022,-1.08,0.51,-1.42,3.52,,,518934.0,1,5,Bot,51.86,93.13,,,,,3.3672360855984844,-130.72857421855187,1.043401652923004,-13.090930564571703,24.452556168513738,-26.637020332094057,3.96,1.85,318.0,100.8,41.0,90.2,2082.0,6.3,661328,642336,596847,670623,650490,670764,668227,595281,622534,54.23,0.2299999999999999,0.4529999999999999,0.0,1.0,0.0,0.0,3.0,38,3,Sinker,2,0,2,0,0,2,2,0,Standard,Standard,220.0,-0.012,-0.156,,,0.8859999999999999,0.156,100.8,2,2,0.806,0.806,36,30,36,30,3,2,6.0,2.0,5.0,1.0,2.29,1.08,1.08,29.9,,,,,
CU,2022-06-14,82.5,-1.94,5.05,"Judge, Aaron",592450,446372,field_out,hit_into_play,,,,,6.0,Aaron Judge flies out sharply to center fielder Kevin Kiermaier.,R,R,R,NYY,TB,X,8.0,fly_ball,1,2,2022,0.8,0.02,0.69,2.61,,,,2,3,Bot,152.98,51.85,,,,,4.4309451500483235,-120.12596216249288,0.8828148627908512,6.889367960446441,22.485243775581104,-32.34038483559225,3.96,1.85,369.0,104.2,36.0,82.6,2617.0,6.3,661328,642336,596847,670623,650490,670764,668227,595281,622534,54.24,0.549,1.095,0.0,1.0,0.0,0.0,6.0,21,4,Curveball,0,0,0,0,0,0,0,0,Standard,Standard,56.0,-0.009,-0.181,,,2.141,0.181,104.2,0,0,0.509,0.509,36,30,36,30,2,1,6.0,2.0,5.0,1.0,3.31,-0.8,-0.8,30.9,,,,,
CU,2022-06-14,76.7,-1.44,5.19,"Judge, Aaron",592450,572703,field_out,hit_into_play,,,,,8.0,"Aaron Judge grounds out, third baseman Yandy Diaz to first baseman Ji-Man Choi.",R,R,R,NYY,TB,X,5.0,ground_ball,0,2,2022,1.61,-0.21,-0.2,2.23,,608336.0,,2,7,Bot,104.93,176.55,,,,,-0.2832458489554713,-111.716300873812,1.188134041082111,13.410014476570025,21.935226668191717,-34.370409878494605,3.96,1.85,81.0,85.7,6.0,76.5,2538.0,6.3,661328,642336,596847,670623,650490,670764,668227,595281,622534,54.17,0.424,0.4,0.0,1.0,0.0,0.0,4.0,56,3,Curveball,2,0,2,0,0,2,2,0,Infield shift,Standard,57.0,-0.012,-0.186,,,0.483,0.186,88.0,2,2,0.874,0.874,31,30,32,30,1,3,6.0,2.0,3.0,1.0,4.1,-1.61,-1.61,31.3,,,,,
SI,2022-06-14,89.7,-1.97,5.19,"Judge, Aaron",592450,446372,field_out,hit_into_play,,,,,8.0,"Aaron Judge grounds out, shortstop Taylor Walls to first baseman Ji-Man Choi.",R,R,R,NYY,TB,X,6.0,ground_ball,0,1,2022,-1.3,1.04,0.16,2.02,,,,1,1,Bot,115.08,160.78,,,,,8.002998298561774,-130.4658465685696,-4.063933264432527,-16.45665829594384,25.982616469382595,-19.64333230084151,3.96,1.85,28.0,109.5,-2.0,90.0,2161.0,6.4,661328,642336,596847,670623,650490,670764,668227,595281,622534,54.13,0.479,0.433,0.0,1.0,0.0,0.0,4.0,6,2,Sinker,0,0,0,0,0,0,0,0,Standard,Standard,218.0,-0.014,-0.208,,,0.504,0.208,109.5,0,0,0.524,0.524,36,30,36,30,1,0,6.0,2.0,5.0,1.0,1.79,1.3,1.3,32.3,,,,,
SI,2022-06-12,89.4,-2.98,5.53,"Judge, Aaron",592450,621219,field_out,hit_into_play,,,,,7.0,Aaron Judge lines out sharply to center fielder Christopher Morel.,R,R,R,NYY,CHC,X,8.0,line_drive,2,2,2022,-0.95,0.94,-0.47,2.48,,,,2,5,Bot,138.44,80.59,,,,,8.160055274131878,-129.9282010115032,-3.4542486990361727,-12.478377507704746,28.491042391760818,-21.001594911009583,3.98,1.85,297.0,100.0,19.0,89.0,2315.0,6.2,661270,664731,643524,542340,621550,663538,542364,666624,518792,54.31,0.342,0.378,0.0,1.0,0.0,0.0,5.0,50,5,Sinker,10,3,10,3,3,10,10,3,Standard,Standard,228.0,-0.001,-0.216,,,0.597,0.216,100.0,7,7,0.986,0.986,30,30,31,30,1,3,2.0,1.0,3.0,2.0,1.93,0.95,0.95,30.9,,,,,
FC,2022-06-12,86.9,1.22,6.24,"Judge, Aaron",592450,656794,single,hit_into_play,,,,,11.0,Aaron Judge singles on a line drive to left fielder Rafael Ortega.   Kyle Higashioka to 3rd.    Joey Gallo to 2nd.,R,R,L,NYY,CHC,X,7.0,line_drive,2,2,2022,-0.43,0.33,-1.06,3.13,,543309.0,608336.0,1,7,Bot,78.67,121.13,,,,,-4.534791761688405,-126.63223463405348,-2.004903085731528,-3.810154114401049,24.00162738613739,-28.42348585921447,3.98,1.85,146.0,97.6,11.0,86.6,2650.0,5.9,661270,664731,643524,542340,621550,663538,542364,666624,518792,54.64,0.863,0.831,0.9,1.0,1.0,0.0,4.0,69,5,Cutter,12,4,12,4,4,12,12,4,Infield shift,Standard,258.0,0.0,0.512,,,1.031,-0.512,97.6,8,8,0.999,0.999,29,30,29,30,1,4,36.0,1.0,53.0,2.0,2.66,-0.43,0.43,43.2,,,,,
EP,2022-06-12,44.2,-1.16,7.03,"Judge, Aaron",592450,643524,single,hit_into_play,,,,,12.0,Aaron Judge singles on a sharp line drive to right fielder Jason Heyward.,R,R,R,NYY,CHC,X,9.0,line_drive,0,0,2022,-0.22,1.32,1.48,3.77,,,,1,8,Bot,166.02,102.37,,,,,3.2975663086193285,-63.808176578561906,6.39261093053949,-0.8664626809343087,5.157771664663816,-29.214526502475408,3.98,1.85,154.0,103.3,9.0,42.7,1034.0,4.4,661270,664731,621550,666624,542340,663538,664023,542364,518792,56.12,0.734,0.702,0.9,1.0,1.0,0.0,4.0,81,1,Eephus,18,4,18,4,4,18,18,4,Standard,Standard,220.0,0.0,0.415,,,0.875,-0.415,103.3,14,14,0.999,0.999,30,30,30,30,1,5,9.0,1.0,3.0,2.0,10.33,0.22,0.22,55.7,,,,,
SI,2022-06-12,93.1,-1.61,5.87,"Judge, Aaron",592450,624522,single,hit_into_play,,,,,11.0,Aaron Judge singles on a fly ball to right fielder Jason Heyward.,R,R,R,NYY,CHC,X,9.0,fly_ball,1,0,2022,-1.27,1.23,-1.08,3.08,,,,0,1,Bot,148.37,98.29,,,,,4.107625512404744,-135.52321764875174,-4.049047853579347,-16.558850905662712,30.544776007710773,-16.36555908977178,3.98,1.85,245.0,73.7,31.0,92.6,2378.0,6.0,661270,575929,643524,542340,621550,663538,542364,666624,518792,54.49,0.471,0.451,0.9,1.0,1.0,0.0,3.0,5,2,Sinker,0,1,0,1,1,0,0,1,Standard,Standard,207.0,0.034,0.403,,,0.536,-0.403,88.0,-1,-1,0.452,0.452,27,30,27,30,1,0,5.0,1.0,5.0,2.0,1.41,1.27,1.27,39.8,,,,,
FF,2022-06-11,90.7,-0.93,6.69,"Judge, Aaron",592450,664161,home_run,hit_into_play,,,,,8.0,Aaron Judge homers (24) on a line drive to left center field.,R,R,R,NYY,CHC,X,,line_drive,1,0,2022,-0.47,1.45,-0.14,2.2,,,,1,5,Bot,56.44,38.62,,,,,2.964176938565757,-131.9640591485701,-8.41710105300575,-6.0821965588220355,25.979407174761377,-13.607215699785272,3.96,1.83,431.0,115.5,18.0,90.6,2147.0,6.1,661276,543228,643524,592743,621550,663538,664023,666624,518792,54.44,0.9025,2.0,2.0,1.0,0.0,3.0,6.0,39,2,4-Seam Fastball,4,0,4,0,0,5,5,0,Infield shift,Standard,201.0,0.031,1.546,,,3.0454999999999997,-1.546,115.5,4,4,0.926,0.926,28,30,29,30,3,2,7.0,1.0,5.0,1.0,1.3,0.47,0.47,53.8,,,,,
SL,2022-06-11,81.1,-1.31,6.74,"Judge, Aaron",592450,664161,field_out,hit_into_play,,,,,8.0,Aaron Judge flies out to left fielder Ian Happ.,R,R,R,NYY,CHC,X,7.0,fly_ball,0,1,2022,0.46,0.19,-0.01,2.12,,,624431.0,1,3,Bot,50.44,104.05,,,,,2.0323461367644637,-118.16515021634918,-4.088290439293644,3.947589762991515,21.79359152920586,-29.843107380412317,3.96,1.83,299.0,84.6,35.0,80.8,2159.0,5.9,661276,543228,643524,592743,621550,663538,664023,666624,518792,54.59,0.021,0.032,0.0,1.0,0.0,0.0,3.0,23,2,Slider,1,0,1,0,0,1,1,0,Infield shift,Standard,110.0,-0.023,-0.214,,,0.049,0.214,88.0,1,1,0.667,0.667,28,30,29,30,2,1,7.0,1.0,5.0,1.0,3.26,-0.46,-0.46,58.1,,,,,
FF,2022-06-11,94.1,-1.82,5.52,"Judge, Aaron",592450,621074,sac_fly,hit_into_play,,,,,13.0,"Cubs challenged (tag-up play), call on the field was upheld: Aaron Judge out on a sacrifice fly to right fielder Jason Heyward.   Aaron Hicks scores.",R,R,R,NYY,CHC,X,9.0,fly_ball,0,1,2022,-0.43,1.47,-0.95,2.7,543305.0,643396.0,624431.0,1,6,Bot,165.83,99.74,,,,,3.190225534180947,-137.0937572861299,-4.887892600230031,-6.042580582053967,27.39019583413859,-12.73974370897451,3.96,1.83,268.0,78.9,34.0,94.2,2380.0,6.1,661276,543228,643524,592743,542340,663538,664023,666624,518792,54.41,0.063,0.075,0.0,1.0,0.0,0.0,3.0,52,2,4-Seam Fastball,7,0,7,0,0,8,8,0,Infield shade,Standard,213.0,0.0,-0.114,,,0.119,0.114,88.0,7,7,0.996,0.996,28,30,28,30,1,3,7.0,1.0,24.0,1.0,1.08,0.43,0.43,38.8,,,,,
FF,2022-06-11,89.7,-1.37,6.71,"Judge, Aaron",592450,664161,home_run,hit_into_play,,,,,1.0,Aaron Judge homers (23) on a fly ball to left field.,R,R,R,NYY,CHC,X,,fly_ball,1,0,2022,-0.25,1.54,-0.39,3.3,,,,0,1,Bot,30.64,76.29,,,,,2.945695881842465,-130.57336567692084,-5.6865736757091,-3.440051124520551,27.228544347342975,-13.569632073610151,3.96,1.83,383.0,107.3,41.0,89.6,1999.0,6.2,661276,543228,643524,592743,621550,663538,664023,666624,518792,54.32,0.4598333333333333,0.9299999999999998,2.0,1.0,0.0,3.0,6.0,5,2,4-Seam Fastball,0,0,0,0,0,1,1,0,Infield shade,Standard,199.0,0.094,1.077,,,1.8186666666666664,-1.077,107.3,0,0,0.551,0.551,28,30,29,30,1,0,7.0,1.0,5.0,1.0,1.29,0.25,0.25,52.2,,,,,
FC,2022-06-10,85.2,1.78,6.39,"Judge, Aaron",592450,489119,single,hit_into_play,,,,,8.0,Aaron Judge singles on a sharp line drive to left fielder Ian Happ.   DJ LeMahieu to 3rd.,R,R,L,NYY,CHC,X,7.0,line_drive,0,0,2022,-0.07,0.66,-0.16,2.49,,,518934.0,1,3,Bot,92.49,74.96,,,,,-4.368269679751746,-124.07831185662418,-4.229583501668596,0.02285932861514,22.121672538080297,-24.75074531420301,3.95,1.84,204.0,109.0,12.0,84.9,,5.8,661284,575929,643524,663611,621550,663538,664023,666624,518792,54.7,0.903,0.933,0.9,1.0,1.0,0.0,5.0,23,1,Cutter,0,0,0,0,0,0,0,0,Infield shift,Standard,,0.072,0.41,,,1.246,-0.41,109.0,0,0,0.558,0.558,35,30,36,30,2,1,19.0,1.0,88.0,1.0,2.45,-0.07,0.07,52.7,,,,,
SL,2022-06-10,86.0,-3.03,4.68,"Judge, Aaron",592450,571710,field_out,hit_into_play,,,,,9.0,Aaron Judge flies out to center fielder Christopher Morel.,R,R,R,NYY,CHC,X,8.0,fly_ball,2,1,2022,0.2,0.27,0.63,2.16,,,,2,7,Bot,108.54,62.28,,,,,8.259207289800441,-124.99684644750766,-0.2674837476817941,0.4624505673676732,24.726413976706837,-29.459560011648772,3.95,1.84,342.0,92.1,26.0,86.0,2736.0,6.3,661284,575929,643524,663611,621550,663538,664023,666624,518792,54.2,0.134,0.173,0.0,1.0,0.0,0.0,3.0,58,4,Slider,1,1,1,1,1,1,1,1,Standard,Standard,127.0,-0.023,-0.296,,,0.279,0.296,92.1,0,0,0.523,0.523,32,30,32,30,1,3,6.0,1.0,4.0,1.0,2.81,-0.2,-0.2,8.2,,,,,
CH,2022-06-10,80.7,2.02,5.98,"Judge, Aaron",592450,489119,field_out,hit_into_play,,,,,9.0,"Aaron Judge grounds out sharply, second baseman Nick Madrigal to first baseman Frank Schwindel.",R,R,L,NYY,CHC,X,4.0,ground_ball,1,2,2022,1.12,0.41,0.37,2.33,,,,1,1,Bot,119.85,139.98,,,,,-5.7511234433405365,-117.41263550441964,-2.2333061973338264,11.406103721849982,22.251066933021978,-28.170429359888224,3.95,1.84,88.0,112.4,3.0,80.3,1606.0,6.0,661284,575929,643524,663611,621550,663538,664023,666624,518792,54.5,0.616,0.585,0.0,1.0,0.0,0.0,4.0,6,4,Changeup,0,0,0,0,0,0,0,0,Infield shift,Standard,129.0,-0.012,-0.177,,,0.69,0.177,112.4,0,0,0.522,0.522,35,30,36,30,1,0,19.0,1.0,88.0,1.0,3.09,1.12,-1.12,42.1,,,,,
CH,2022-06-09,80.1,-1.89,6.08,"Judge, Aaron",592450,605164,field_out,hit_into_play,,,,,5.0,Aaron Judge lines out sharply to left fielder Trevor Larnach.,R,R,R,MIN,NYY,X,7.0,line_drive,0,1,2022,-0.93,0.23,-0.06,2.5,,,,0,3,Top,74.07,88.89,,,,,5.743570408961834,-116.58745306526758,-1.696350414142814,-9.479421038100408,19.41734753731882,-29.975831092910433,3.95,1.84,302.0,116.0,16.0,79.9,1284.0,5.9,661697,596142,650333,593871,570482,621043,663616,621439,596146,54.59,0.635,1.0135,0.0,1.0,0.0,0.0,6.0,25,2,Changeup,6,3,3,6,3,6,3,6,Infield shift,Standard,223.0,0.019,-0.209,,,1.824,0.209,116.0,3,-3,0.797,0.2029999999999999,29,30,30,30,2,1,5.0,1.0,9.0,1.0,3.29,0.93,0.93,56.2,,,,,
CH,2022-06-09,86.0,1.52,5.67,"Judge, Aaron",592450,663558,grounded_into_double_play,hit_into_play,,,,,8.0,"Aaron Judge grounds into a double play, second baseman Jorge Polanco to first baseman Luis Arraez. DJ LeMahieu out at 2nd. Aaron Judge out at 1st.",R,R,L,MIN,NYY,X,4.0,ground_ball,0,1,2022,1.16,0.35,-0.07,2.1,,,518934.0,0,8,Top,117.01,149.94,,,,,-6.181607464974843,-125.1176429105504,-3.0210322769642928,13.440444140220244,23.03685915620305,-28.093457941158185,3.95,1.84,27.0,81.1,-2.0,87.1,2006.0,6.8,661697,596142,650333,593871,570482,621043,663616,621439,596146,53.68,0.158,0.157,0.0,1.0,0.0,0.0,2.0,71,2,Changeup,7,9,9,7,9,7,9,7,Infield shift,Standard,134.0,0.038,-0.296,,,0.177,0.296,88.0,-2,2,0.122,0.878,25,30,25,30,1,4,4.0,1.0,5.0,1.0,2.71,1.16,-1.16,46.4,,,,,
SL,2022-06-09,81.8,-1.26,6.1,"Judge, Aaron",592450,605194,field_out,hit_into_play,,,,,8.0,Aaron Judge flies out to right fielder Max Kepler.,R,R,R,MIN,NYY,X,9.0,fly_ball,0,1,2022,1.35,-0.74,0.02,1.81,,,,0,5,Top,168.67,106.57,,,,,0.2767778500041292,-119.08467097569736,-1.5885468892084358,12.67505332848884,25.78930243516449,-39.077382250458015,3.95,1.84,254.0,89.4,48.0,80.0,2602.0,5.3,661697,596142,650333,593871,570482,621043,663616,621439,596146,55.21,0.005,0.005,0.0,1.0,0.0,0.0,3.0,43,2,Slider,7,5,5,7,5,7,5,7,Infield shift,Standard,58.0,0.025,-0.209,,,0.006,0.209,89.4,2,-2,0.755,0.245,30,30,30,30,1,2,4.0,1.0,2.0,1.0,4.18,-1.35,-1.35,51.2,,,,,
KC,2022-06-09,88.9,-2.0,6.12,"Judge, Aaron",592450,661395,double,hit_into_play,,,,,6.0,Aaron Judge doubles (10) on a sharp fly ball to left fielder Trevor Larnach.,R,R,R,MIN,NYY,X,7.0,fly_ball,0,1,2022,0.25,-0.3,0.32,2.65,,,,0,7,Top,83.58,43.47,,,,,5.141471930564146,-129.54926952397457,-1.9508282216101591,1.9521140846168543,22.26366697221818,-35.44852352919097,3.95,1.84,397.0,104.8,23.0,89.1,2567.0,6.0,661697,596142,650333,593871,570482,621043,663616,621439,596146,54.54,0.6940133333333335,1.2908000000000002,1.25,1.0,1.0,1.0,6.0,59,2,Knuckle Curve,7,7,7,7,7,7,7,7,Standard,Standard,18.0,-0.113,0.744,,,2.463466666666667,-0.744,104.8,0,0,0.506,0.494,24,30,24,30,1,3,4.0,1.0,2.0,1.0,3.14,-0.25,-0.25,37.7,,,,,
SL,2022-06-08,89.5,-1.17,6.18,"Judge, Aaron",592450,502042,field_out,hit_into_play,,,,,8.0,"Aaron Judge grounds out, third baseman Gio Urshela to first baseman Jose Miranda.",R,R,R,MIN,NYY,X,5.0,ground_ball,0,2,2022,0.55,0.02,0.04,2.04,543309.0,,,2,5,Top,103.29,167.52,,,,,1.821795348732076,-130.4283379253647,-4.340402580391048,5.971181128077053,23.201945102373784,-31.35230454524571,3.94,1.82,6.0,98.0,-18.0,89.5,2548.0,5.9,661681,680777,669304,593871,570482,624503,665482,621439,596146,54.62,0.15,0.149,0.0,1.0,0.0,0.0,2.0,36,3,Slider,2,1,1,2,1,2,1,2,Infield shift,Standard,119.0,0.034,-0.191,,,0.15,0.191,98.0,1,-1,0.674,0.3259999999999999,33,30,34,30,3,2,6.0,1.0,5.0,1.0,2.78,-0.55,-0.55,54.0,,,,,
SL,2022-06-08,87.6,-1.38,6.3,"Judge, Aaron",592450,502042,field_out,hit_into_play,,,,,4.0,Aaron Judge flies out sharply to left fielder Gilberto Celestino.,R,R,R,MIN,NYY,X,7.0,fly_ball,3,1,2022,0.49,0.08,-0.6,2.84,,,,1,1,Top,81.84,90.58,,,,,0.8782885472769428,-127.6873421449678,-2.450441420171619,5.2365848595952915,24.555638748090104,-30.99057209522191,3.94,1.82,290.0,103.4,52.0,87.4,2503.0,5.9,661681,680777,669304,593871,570482,624503,665482,621439,596146,54.57,0.018,0.025,0.0,1.0,0.0,0.0,3.0,2,5,Slider,0,0,0,0,0,0,0,0,Infield shift,Standard,141.0,0.026,-0.405,,,0.043,0.405,103.4,0,0,0.512,0.488,33,30,34,30,1,0,6.0,1.0,5.0,1.0,2.86,-0.49,-0.49,51.8,,,,,
FS,2022-06-07,86.0,-1.97,5.4,"Judge, Aaron",592450,663485,single,hit_into_play,,,,,4.0,"Aaron Judge singles on a sharp ground ball to left fielder Trevor Larnach, deflected by shortstop Jermaine Palacios.   Joey Gallo scores.    DJ LeMahieu to 2nd.",R,R,R,MIN,NYY,X,6.0,ground_ball,1,1,2022,-1.07,0.07,-0.48,2.67,,608336.0,518934.0,1,4,Top,79.52,102.64,,,,,5.609409580526386,-125.21269839390618,-0.4321116673469815,-12.41410184622715,24.283260142008835,-31.56046182511373,3.93,1.82,53.0,108.2,0.0,84.7,1372.0,5.3,661693,596142,650333,593871,570482,650339,663616,665482,596146,55.15,0.492,0.451,0.9,1.0,1.0,0.0,4.0,34,3,Split-Finger,2,3,3,2,4,2,4,2,Infield shift,Standard,248.0,-0.098,0.482,,,0.528,-0.482,108.2,-1,1,0.339,0.661,24,30,25,30,3,2,7.0,2.0,5.0,1.0,3.0,1.07,1.07,16.8,,,,,
KC,2022-06-07,83.2,-1.19,6.52,"Judge, Aaron",592450,656730,force_out,hit_into_play,,,,,5.0,"Aaron Judge grounds into a force out, shortstop Jermaine Palacios to second baseman Jorge Polanco.   Joey Gallo out at 2nd.",R,R,R,MIN,NYY,X,6.0,ground_ball,2,2,2022,0.61,-1.31,0.23,3.14,,624431.0,608336.0,2,8,Top,114.69,148.72,,,,,2.0681585037872408,-121.10194804980182,1.3048480213179496,5.57091814482044,25.128213946074485,-45.46232377817805,3.93,1.82,80.0,110.7,2.0,83.3,2679.0,6.5,661693,596142,669304,593871,570482,650339,663616,665482,596146,54.0,0.574,0.528,0.0,1.0,0.0,0.0,4.0,79,6,Knuckle Curve,4,10,10,4,10,4,10,4,Standard,Standard,16.0,0.001,-0.224,,,0.622,0.224,110.7,-6,6,0.009,0.991,28,30,29,30,1,5,6.0,2.0,4.0,1.0,4.61,-0.61,-0.61,54.3,,,,,
FF,2022-06-07,93.0,-1.89,5.49,"Judge, Aaron",592450,663485,home_run,hit_into_play,,,,,2.0,Aaron Judge homers (22) on a fly ball to center field.   DJ LeMahieu scores.,R,R,R,MIN,NYY,X,,fly_ball,2,2,2022,-0.65,1.08,-0.14,3.61,,,518934.0,0,1,Top,128.68,24.34,,,,,5.774680240987485,-135.47008104112447,-1.432647338657668,-9.209452366768,28.064954728523418,-18.766140845585607,3.93,1.82,431.0,107.7,31.0,91.5,2111.0,5.2,661693,596142,650333,593871,570482,650339,663616,665482,596146,55.3,0.942076923076923,1.921,2.0,1.0,0.0,3.0,6.0,2,6,4-Seam Fastball,0,0,0,0,2,0,2,0,Infield shift,Standard,232.0,-0.153,1.071,,,3.7625384615384614,-1.071,107.7,0,0,0.467,0.5329999999999999,24,30,25,30,1,0,7.0,2.0,5.0,1.0,1.54,0.65,0.65,17.7,,,,,
SI,2022-06-05,92.7,-3.12,4.93,"Judge, Aaron",592450,665621,single,hit_into_play,,,,,13.0,"Aaron Judge singles on a sharp line drive to left fielder Willi Castro.  DJ LeMahieu out at 3rd on the throw, left fielder Willi Castro to third baseman Harold Castro.",R,R,R,NYY,DET,X,7.0,line_drive,1,2,2022,-1.72,0.91,-0.92,2.44,,,518934.0,2,3,Bot,82.04,81.45,,,,,9.377462726524447,-134.6827708535215,-2.5176206754984696,-22.953738380489547,30.24270561910681,-20.789029030707223,3.93,1.83,311.0,111.3,14.0,92.6,2349.0,6.4,661277,606992,679529,570731,605612,595879,650489,656537,663662,54.12,0.745,0.836,0.9,1.0,1.0,0.0,6.0,22,4,Sinker,0,0,0,0,0,0,0,0,Infield shift,Standard,222.0,-0.02,0.413,,,1.232,-0.413,111.3,0,0,0.52,0.52,24,30,25,30,2,1,5.0,1.0,8.0,2.0,1.76,1.72,1.72,19.2,,,,,
SI,2022-06-05,93.9,-3.2,5.0,"Judge, Aaron",592450,665621,field_out,hit_into_play,,,,,7.0,Aaron Judge lines out sharply to center fielder Derek Hill.,R,R,R,NYY,DET,X,8.0,line_drive,1,0,2022,-1.56,0.4,-0.3,2.18,,,,1,1,Bot,145.64,63.35,,,,,10.919635691760591,-136.33780083415627,-2.4776574894394106,-21.832970314003873,27.490356582841,-26.880460132354365,3.93,1.83,340.0,112.4,14.0,93.8,2287.0,6.2,661277,606992,679529,570731,600869,595879,650489,656537,663662,54.32,0.763,0.884,0.0,1.0,0.0,0.0,6.0,5,2,Sinker,0,0,0,0,0,0,0,0,Infield shift,Standard,221.0,-0.019,-0.282,,,1.312,0.282,112.4,0,0,0.529,0.529,24,30,25,30,1,0,5.0,1.0,8.0,2.0,2.18,1.56,1.56,17.2,,,,,
SI,2022-06-05,97.2,-2.61,5.66,"Judge, Aaron",592450,656638,field_out,hit_into_play,,,,,7.0,"Aaron Judge grounds out, second baseman Jonathan Schoop to first baseman Spencer Torkelson.",R,R,R,NYY,DET,X,4.0,ground_ball,0,0,2022,-1.56,0.85,-0.3,1.88,,,,0,6,Bot,127.93,148.19,,,,,9.79402663741536,-141.08115262957122,-6.542342216292188,-23.048874046444627,31.879257476654875,-19.460578872788236,3.93,1.83,3.0,84.0,-28.0,97.5,2278.0,6.6,661277,606992,679529,570731,605612,595879,650489,656537,663662,53.92,0.039,0.055,0.0,1.0,0.0,0.0,2.0,43,1,Sinker,2,2,2,2,2,2,2,2,Infield shift,Standard,221.0,-0.034,-0.247,,,0.039,0.247,88.0,0,0,0.576,0.576,26,30,27,30,1,2,3.0,1.0,2.0,2.0,1.57,1.56,1.56,38.7,,,,,
FF,2022-06-04,94.4,-1.02,5.97,"Judge, Aaron",592450,689225,field_out,hit_into_play,,,,,13.0,"Aaron Judge grounds out, shortstop Javier Baez to first baseman Harold Castro.",R,R,R,NYY,DET,X,6.0,ground_ball,3,2,2022,-0.72,1.25,-0.86,2.59,,,,0,6,Bot,112.83,171.84,,,,,2.0088756893298836,-137.45610857433732,-5.866471213972532,-9.548158442726791,29.40418571040433,-15.255675049668858,3.93,1.84,51.0,82.1,2.0,94.0,2291.0,6.0,661278,571466,605612,570731,600869,595879,665019,656537,650489,54.55,0.205,0.205,0.0,1.0,0.0,0.0,2.0,39,6,4-Seam Fastball,1,0,1,0,0,1,1,0,Infield shift,Standard,208.0,-0.026,-0.333,,,0.218,0.333,88.0,1,1,0.745,0.745,24,30,24,30,3,2,5.0,1.0,7.0,1.0,1.3,0.72,0.72,47.9,,,,,
SL,2022-06-04,86.8,-1.45,5.96,"Judge, Aaron",592450,689225,field_out,hit_into_play,,,,,6.0,"Aaron Judge grounds out, shortstop Javier Baez to first baseman Harold Castro.",R,R,R,NYY,DET,X,6.0,ground_ball,0,0,2022,0.21,0.58,0.46,2.59,,,,1,3,Bot,110.75,166.18,,,,,4.091917658778115,-126.48178379999332,-3.111924274024936,1.538294254094061,23.120829389553393,-25.511276891806418,3.93,1.84,63.0,91.9,3.0,86.4,2213.0,5.8,661278,571466,605612,570731,600869,595879,665019,656537,650489,54.74,0.418,0.409,0.0,1.0,0.0,0.0,4.0,21,1,Slider,1,0,1,0,0,1,1,0,Infield shift,Standard,147.0,-0.015,-0.246,,,0.498,0.246,91.9,1,1,0.648,0.648,24,30,24,30,2,1,5.0,1.0,7.0,1.0,2.41,-0.21,-0.21,44.9,,,,,
FF,2022-06-04,95.3,-1.13,6.1,"Judge, Aaron",592450,689225,home_run,hit_into_play,,,,,6.0,Aaron Judge homers (21) on a fly ball to right center field.,R,R,R,NYY,DET,X,,fly_ball,0,0,2022,-0.6,1.5,0.38,3.21,,,,0,1,Bot,189.91,60.14,,,,,5.271032493166123,-138.62547056746072,-5.281718202852199,-8.92279228134007,30.487587165185506,-11.828240810529334,3.93,1.84,378.0,106.4,31.0,94.5,2364.0,5.8,661278,571466,605612,570731,600869,595879,665019,656537,650489,54.71,0.8794814814814816,1.7910740740740736,2.0,1.0,0.0,3.0,6.0,4,1,4-Seam Fastball,0,0,0,0,0,1,1,0,Infield shift,Standard,211.0,0.097,1.114,,,3.5010740740740744,-1.114,106.4,0,0,0.548,0.548,24,30,24,30,1,0,5.0,1.0,7.0,1.0,1.01,0.6,0.6,50.4,,,,,
FF,2022-06-03,92.7,-2.61,5.89,"Judge, Aaron",592450,660730,single,hit_into_play,,,,,4.0,Aaron Judge singles on a sharp line drive to center fielder Willi Castro.   DJ LeMahieu to 2nd.,R,R,R,NYY,DET,X,8.0,line_drive,0,0,2022,-1.08,1.32,-0.62,2.9,,,518934.0,0,5,Bot,143.29,68.24,,,,,7.483506759393525,-134.8556010168544,-4.79216329169696,-14.801166829759955,27.509179572150877,-15.18017951239674,3.93,1.84,275.0,104.8,15.0,93.2,2419.0,6.5,661318,571466,679529,570731,600869,595879,605612,650489,663662,54.01,0.663,0.757,0.9,1.0,1.0,0.0,5.0,35,1,4-Seam Fastball,5,0,5,0,0,5,5,0,Infield shift,Standard,216.0,0.008,0.455,,,1.083,-0.455,104.8,5,5,0.965,0.965,24,30,24,30,3,2,5.0,1.0,7.0,1.0,1.32,1.08,1.08,40.1,,,,,
FF,2022-06-03,94.4,-2.48,5.91,"Judge, Aaron",592450,660730,home_run,hit_into_play,,,,,3.0,Aaron Judge homers (20) on a fly ball to right field.,R,R,R,NYY,DET,X,,fly_ball,2,1,2022,-0.74,1.43,0.63,3.4,,,,2,3,Bot,208.53,70.06,,,,,9.76103178354137,-137.11074411091764,-4.0469130067993175,-11.499860495600686,30.025908968379685,-13.367432978123142,3.93,1.84,378.0,104.2,34.0,94.7,2427.0,6.5,661318,571466,679529,570731,600869,595879,605612,650489,663662,53.98,0.6501081081081082,1.307054054054054,2.0,1.0,0.0,3.0,6.0,20,4,4-Seam Fastball,1,0,1,0,0,2,2,0,Infield shift,Standard,212.0,0.103,2.555,,,2.5516216216216216,-2.555,104.2,1,1,0.634,0.634,24,30,24,30,2,1,5.0,1.0,7.0,1.0,1.13,0.74,0.74,41.2,,,,,
SL,2022-06-03,84.9,-1.88,5.67,"Judge, Aaron",592450,606930,grounded_into_double_play,hit_into_play,,,,,9.0,"Aaron Judge grounds into a double play, pitcher Jacob Barnes to second baseman Jonathan Schoop to first baseman Spencer Torkelson.   DJ LeMahieu out at 2nd.    Aaron Judge out at 1st.",R,R,R,NYY,DET,X,1.0,ground_ball,1,0,2022,0.8,-0.31,0.76,2.18,543305.0,,518934.0,1,5,Bot,129.21,183.01,,,,,4.611994902130418,-123.64131532889584,-1.250702227025166,7.282329459985426,24.259195712095615,-35.33859817976105,3.93,1.84,5.0,72.2,-25.0,85.6,2296.0,6.6,661318,571466,679529,570731,600869,595879,605612,650489,663662,53.86,0.055,0.061,0.0,1.0,0.0,0.0,2.0,44,2,Slider,12,0,12,0,0,12,12,0,Strategic,Strategic,110.0,0.0,-0.363,,,0.064,0.363,88.0,12,12,0.999,0.999,32,30,32,30,1,3,3.0,1.0,7.0,1.0,3.46,-0.8,-0.8,49.8,,,,,
SL,2022-06-03,86.2,-2.23,5.87,"Judge, Aaron",592450,660730,single,hit_into_play,,,,,14.0,Aaron Judge singles on a line drive to left fielder Harold Castro.,R,R,R,NYY,DET,X,7.0,line_drive,1,2,2022,0.23,0.08,0.5,1.59,,,,1,1,Bot,100.2,111.32,,,,,6.013814440564114,-125.42837481299762,-4.09040456773486,1.2140111503208515,25.72418653082921,-30.726801148807677,3.93,1.84,181.0,73.2,15.0,86.3,2323.0,6.4,661318,571466,679529,570731,600869,595879,605612,650489,663662,54.12,0.524,0.471,0.9,1.0,1.0,0.0,4.0,5,4,Slider,0,0,0,0,0,0,0,0,Infield shift,Standard,120.0,0.029,0.485,,,0.53,-0.485,88.0,0,0,0.522,0.522,24,30,24,30,1,0,5.0,1.0,7.0,1.0,2.99,-0.23,-0.23,46.4,,,,,
EP,2022-06-03,58.9,-2.0,5.81,"Judge, Aaron",592450,605612,single,hit_into_play,,,,,5.0,"Aaron Judge singles on a line drive to left fielder Kody Clemens.   DJ LeMahieu scores.  Aaron Judge out at 2nd on the throw, left fielder Kody Clemens to second baseman Jonathan Schoop.",R,R,R,NYY,DET,X,7.0,line_drive,0,0,2022,-0.87,1.25,-0.2,3.19,,518934.0,,0,8,Bot,53.52,127.11,,,,,3.9401457210263624,-85.66131906616339,2.9263218189279083,-4.827875907678791,11.459806386401908,-26.617976525207673,3.93,1.84,251.0,99.6,18.0,56.7,1519.0,4.1,661318,571466,679529,570731,600869,595879,665019,650489,663662,56.43,0.379,0.422,0.9,1.0,1.0,0.0,4.0,65,1,Eephus,12,0,12,0,0,13,13,0,Infield shift,Strategic,238.0,0.0,0.48,,,0.644,-0.48,99.6,12,12,0.999,0.999,28,30,29,30,1,4,,1.0,12.0,1.0,5.31,0.87,0.87,14.5,,,,,
CH,2022-06-02,81.8,3.6,5.29,"Judge, Aaron",592450,646242,field_out,hit_into_play,,,,,9.0,Aaron Judge flies out to right fielder Taylor Ward.,R,R,L,NYY,LAA,X,9.0,fly_ball,1,2,2022,1.04,-0.07,0.8,2.16,,,,2,8,Bot,191.08,81.03,,,,,-8.345696964803233,-118.85264021292424,-0.3335024289446838,11.417388278020558,22.3973423896029,-32.98625730064739,3.88,1.81,333.0,91.4,28.0,82.3,1825.0,6.6,661330,545358,665120,650859,622110,623205,501571,545361,621493,53.86,0.089,0.116,0.0,1.0,0.0,0.0,3.0,72,4,Changeup,6,1,6,1,1,6,6,1,Infield shift,Standard,109.0,0.0,-0.181,,,0.19,0.181,91.4,5,5,0.994,0.994,25,30,26,30,2,4,19.0,2.0,8.0,0.0,3.48,1.04,-1.04,26.3,,,,,
SL,2022-06-02,83.8,2.04,6.13,"Judge, Aaron",592450,672282,field_out,hit_into_play,,,,,4.0,Aaron Judge pops out to first baseman Jared Walsh on the infield fly rule.,R,R,L,NYY,LAA,X,3.0,popup,1,2,2022,-0.56,0.0,-0.35,2.67,,503556.0,518934.0,0,3,Bot,154.44,157.02,,,,,-4.353398037346106,-121.9463059009168,-1.5117004380870709,-4.625591585384864,26.190670649767373,-32.12251227852161,3.87,1.83,137.0,93.1,69.0,82.3,2129.0,5.5,661329,435559,665120,650859,642180,623205,669016,545361,621493,54.99,0.016,0.019,0.0,1.0,0.0,0.0,3.0,20,4,Slider,0,0,0,0,0,0,0,0,Infield shift,Standard,307.0,-0.041,-0.171,,,0.023,0.171,93.1,0,0,0.64,0.64,22,30,23,30,2,1,8.0,0.0,6.0,1.0,3.27,-0.56,0.56,42.6,,,,,
ST,2022-06-02,86.1,-2.63,5.6,"Judge, Aaron",592450,660271,home_run,hit_into_play,,,,,2.0,Aaron Judge homers (19) on a line drive to left center field.,R,R,R,NYY,LAA,X,,line_drive,1,2,2022,1.15,0.17,-0.21,3.67,,,,0,3,Bot,49.43,53.88,,,,,3.4594775210701085,-125.37462573227091,1.2981503095812583,11.413270901002797,24.80625049518141,-30.851796860188756,3.88,1.81,405.0,109.9,21.0,86.8,2512.0,6.6,661330,545358,665120,650859,622110,623205,501571,545361,621493,53.85,0.88315,1.6690499999999997,2.0,1.0,0.0,3.0,6.0,25,5,Sweeper,2,0,2,0,0,3,3,0,Infield shift,Standard,63.0,0.079,1.185,,,3.1939,-1.185,109.9,2,2,0.76,0.76,27,30,28,30,2,1,7.0,2.0,7.0,0.0,2.9,-1.15,-1.15,31.7,,,,,
FF,2022-06-02,97.7,-2.39,5.8,"Judge, Aaron",592450,660271,single,hit_into_play,,,,,5.0,Aaron Judge singles on a ground ball to center fielder Mike Trout.,R,R,R,NYY,LAA,X,8.0,ground_ball,1,1,2022,-0.32,1.04,-0.15,2.57,,,,0,1,Bot,145.3,100.52,,,,,6.850739280679119,-142.066545807415,-5.6770173534699255,-5.806169671175003,30.628500457443177,-17.007285706842946,3.88,1.81,20.0,104.5,-6.0,99.0,2186.0,6.9,661330,545358,665120,650859,622110,623205,501571,545361,621493,53.58,0.308,0.302,0.9,1.0,1.0,0.0,2.0,5,3,4-Seam Fastball,1,0,1,0,0,1,1,0,Infield shift,Standard,212.0,0.032,0.45,,,0.322,-0.45,104.5,1,1,0.644,0.644,27,30,28,30,1,0,7.0,2.0,7.0,0.0,1.34,0.32,0.32,40.3,,,,,
CH,2022-05-31,80.6,0.96,5.81,"Judge, Aaron",592450,670046,sac_fly,hit_into_play,,,,,4.0,Aaron Judge out on a sacrifice fly to center fielder Mike Trout.   Joey Gallo scores.    DJ LeMahieu to 2nd.,R,R,L,NYY,LAA,X,8.0,fly_ball,3,2,2022,0.96,0.84,-0.29,3.11,608336.0,,518934.0,1,6,Bot,128.47,90.63,,,,,-4.53118632932532,-117.47913995835384,-1.009858536888312,9.763352128686298,19.920549172766837,-24.345424557996925,3.9,1.83,271.0,99.0,49.0,79.6,1617.0,5.3,661331,545358,665120,650859,622110,623205,501571,545361,621493,55.22,0.008,0.01,0.0,1.0,0.0,0.0,3.0,51,7,Changeup,6,0,6,0,0,7,7,0,Infield shift,Standard,128.0,0.003,-0.178,,,0.019,0.178,99.0,6,6,0.99,0.99,26,30,27,30,2,3,43.0,2.0,19.0,2.0,2.63,0.96,-0.96,47.4,,,,,
SI,2022-05-31,94.4,-0.74,6.04,"Judge, Aaron",592450,592789,field_out,hit_into_play,,,,,7.0,"Aaron Judge grounds out, second baseman Luis Rengifo to first baseman Jared Walsh.   DJ LeMahieu to 3rd.",R,R,R,NYY,LAA,X,4.0,ground_ball,2,2,2022,-1.02,0.98,-0.64,2.07,,518934.0,,1,2,Bot,132.09,143.79,,,,,2.531833911296406,-137.29014682083562,-6.793787349834847,-13.412830448036122,31.591268858635217,-18.441725660419817,3.9,1.83,3.0,85.1,-33.0,94.3,2078.0,6.4,661331,545358,665120,650859,622110,623205,501571,545361,621493,54.14,0.055,0.062,0.0,1.0,0.0,0.0,2.0,18,5,Sinker,5,0,5,0,0,5,5,0,Infield shift,Standard,206.0,-0.007,-0.207,,,0.062,0.207,88.0,5,5,0.924,0.924,29,30,30,30,2,1,7.0,2.0,6.0,2.0,1.59,1.02,1.02,41.0,,,,,
FF,2022-05-31,94.0,-1.83,5.94,"Judge, Aaron",592450,605151,grounded_into_double_play,hit_into_play,,,,,5.0,"Aaron Judge grounds into a double play, shortstop Andrew Velazquez to second baseman Luis Rengifo to first baseman Jared Walsh.   DJ LeMahieu out at 2nd.    Aaron Judge out at 1st.",R,R,R,NYY,LAA,X,6.0,ground_ball,1,2,2022,-0.57,1.39,-0.13,2.91,,,518934.0,1,8,Bot,110.25,152.44,,,,,5.656224495105151,-136.58844503752206,-5.112017027353026,-8.524178448120644,34.33892728816686,-13.84950471440348,3.9,1.83,5.0,96.4,-27.0,93.0,2244.0,6.1,661331,545358,665120,650859,622110,623205,501571,545361,621493,54.42,0.103,0.095,0.0,1.0,0.0,0.0,2.0,69,4,4-Seam Fastball,9,1,9,1,1,9,9,1,Infield shift,Standard,219.0,0.0,-0.241,,,0.115,0.241,96.4,8,8,0.999,0.999,29,30,30,30,1,4,3.0,2.0,2.0,2.0,1.22,0.57,0.57,39.5,,,,,
CH,2022-05-29,88.2,0.93,5.99,"Judge, Aaron",592450,663556,single,hit_into_play,,,,,14.0,Aaron Judge singles on a line drive to right fielder Brett Phillips.   DJ LeMahieu to 3rd.,R,R,L,TB,NYY,X,9.0,line_drive,2,1,2022,1.43,0.24,1.21,2.85,,,518934.0,0,3,Top,197.7,122.35,,,,,-2.3208588410185844,-128.44910071787854,-2.016410266843371,16.281704697059144,28.08319940422634,-29.303377669835385,3.95,1.84,220.0,76.2,24.0,89.0,1498.0,6.9,661910,572287,650490,660644,670764,677551,622534,595281,621433,53.61,0.85,0.822,0.9,1.0,1.0,0.0,4.0,18,4,Changeup,1,1,1,1,1,1,1,1,Standard,Standard,113.0,-0.086,0.401,,,0.978,-0.401,88.0,0,0,0.453,0.5469999999999999,25,30,25,30,2,1,5.0,1.0,5.0,2.0,2.7,1.43,-1.43,37.6,,,,,
CH,2022-05-29,89.6,1.0,6.02,"Judge, Aaron",592450,663556,field_out,hit_into_play,,,,,14.0,"Aaron Judge grounds out, second baseman Vidal Brujan to first baseman Yandy Diaz.",R,R,L,TB,NYY,X,4.0,ground_ball,0,2,2022,1.53,0.52,0.52,1.71,,,,1,1,Top,144.28,154.48,,,,,-4.503015475521104,-130.3024780663338,-5.770120057240463,18.306688334546507,30.51129306473463,-25.13678057077531,3.95,1.84,97.0,77.7,7.0,90.4,1745.0,7.1,661910,572287,650490,660644,670764,677551,622534,595281,621433,53.41,0.311,0.298,0.0,1.0,0.0,0.0,2.0,2,3,Changeup,0,0,0,0,0,0,0,0,Standard,Standard,114.0,0.01,-0.159,,,0.352,0.159,88.0,0,0,0.528,0.472,25,30,25,30,1,0,5.0,1.0,5.0,2.0,2.35,1.53,-1.53,38.5,,,,,
FF,2022-05-29,91.3,1.32,6.2,"Judge, Aaron",592450,621363,home_run,hit_into_play,,,,,7.0,Aaron Judge homers (18) on a fly ball to center field.,R,R,L,TB,NYY,X,,fly_ball,1,0,2022,0.34,1.72,-0.29,2.25,,,,0,8,Top,163.45,33.29,,,,,-4.839546430021257,-132.61022028209473,-7.766096226914435,5.081826319985181,31.796756178534316,-10.439225980179373,3.95,1.84,420.0,107.4,31.0,92.0,2130.0,7.1,661910,572287,650490,670764,670623,677551,622534,595281,660644,53.4,0.9106551724137928,1.8591724137931036,2.0,1.0,0.0,3.0,6.0,57,2,4-Seam Fastball,4,1,1,4,2,4,2,4,Standard,Standard,171.0,-0.062,1.077,,,3.643206896551723,-1.077,107.4,3,-3,0.924,0.0759999999999999,28,30,28,30,1,3,1.0,1.0,3.0,2.0,1.05,0.34,-0.34,59.8,,,,,
FF,2022-05-28,93.7,1.29,6.21,"Judge, Aaron",592450,621363,field_out,hit_into_play,,,,,8.0,"Aaron Judge grounds out, shortstop Wander Franco to first baseman Ji-Man Choi.",R,R,L,TB,NYY,X,6.0,ground_ball,3,2,2022,0.11,1.93,0.05,2.43,,,,2,9,Top,107.9,156.46,,,,,-3.5025046646904756,-136.13309019032909,-8.380380947599232,2.132245737193052,32.208433474997875,-6.535884639598336,3.95,1.84,20.0,88.6,-5.0,95.0,2424.0,7.3,661933,642336,596847,670764,650490,677551,622534,595281,660644,53.19,0.187,0.185,0.0,1.0,0.0,0.0,2.0,62,6,4-Seam Fastball,3,1,1,3,1,3,1,3,Standard,Standard,176.0,0.016,-0.302,,,0.195,0.302,88.6,2,-2,0.984,0.016,28,30,28,30,1,3,3.0,1.0,1.0,1.0,0.69,0.11,-0.11,59.8,,,,,
SI,2022-05-28,89.9,-1.99,5.44,"Judge, Aaron",592450,446372,single,hit_into_play,,,,,5.0,Aaron Judge singles on a ground ball to left fielder Manuel Margot.   DJ LeMahieu to 3rd.,R,R,R,TB,NYY,X,7.0,ground_ball,1,1,2022,-1.43,0.52,0.0,2.81,,518934.0,,0,1,Top,76.48,117.44,,,,,7.9915887108285055,-130.66633085019245,-1.601558624195825,-18.047679899502096,28.992622476572706,-26.105169677838912,3.95,1.84,16.0,104.4,-10.0,89.9,2068.0,6.5,661933,642336,596847,670764,650490,677551,622534,595281,621433,54.03,0.305,0.296,0.9,1.0,1.0,0.0,2.0,2,3,Sinker,0,0,0,0,0,0,0,0,Standard,Standard,219.0,-0.06,0.486,,,0.329,-0.486,104.4,0,0,0.443,0.5569999999999999,36,30,36,30,1,0,6.0,1.0,5.0,1.0,2.32,1.43,1.43,31.3,,,,,
CH,2022-05-27,80.5,2.4,6.37,"Judge, Aaron",592450,605488,field_out,hit_into_play,,,,,9.0,"Aaron Judge grounds out, second baseman Vidal Brujan to first baseman Ji-Man Choi.   Joey Gallo to 3rd.    Kyle Higashioka to 2nd.",R,R,L,TB,NYY,X,4.0,ground_ball,0,2,2022,1.17,0.64,0.7,2.02,,608336.0,543309.0,1,3,Top,134.75,166.59,,,,,-6.017333995625875,-117.08704919173186,-4.181413598402952,11.941100319622544,22.244847834666057,-25.69606175426666,4.01,1.86,2.0,63.4,-43.0,80.6,1181.0,6.4,661960,572287,596847,660644,650490,677551,668227,595281,623912,54.11,0.158,0.15,0.0,1.0,0.0,0.0,2.0,16,3,Changeup,0,0,0,0,0,0,0,0,Standard,Standard,125.0,0.017,-0.227,,,0.172,0.227,88.0,0,0,0.473,0.527,29,30,30,30,2,1,6.0,1.0,5.0,1.0,2.88,1.17,-1.17,46.8,,,,,
CH,2022-05-27,90.5,0.87,6.22,"Judge, Aaron",592450,656222,field_out,hit_into_play,,,,,14.0,"Aaron Judge grounds out, shortstop Wander Franco to first baseman Ji-Man Choi.",R,R,L,TB,NYY,X,6.0,ground_ball,3,2,2022,1.48,0.58,0.89,2.4,,,,1,8,Top,98.44,149.32,,,,,-3.134931623995813,-131.71877787893249,-4.81633529800864,17.816369808560363,29.775666845513793,-24.607494225343572,4.01,1.86,5.0,81.2,-25.0,90.9,1853.0,6.7,661960,572287,596847,660644,650490,677551,668227,595281,623912,53.82,0.053,0.059,0.0,1.0,0.0,0.0,2.0,50,8,Changeup,0,2,2,0,2,0,2,0,Infield shift,Standard,142.0,0.012,-0.328,,,0.059,0.328,88.0,-2,2,0.148,0.852,28,30,29,30,1,3,5.0,1.0,5.0,1.0,2.22,1.48,-1.48,49.8,,,,,
FC,2022-05-26,84.5,3.25,5.04,"Judge, Aaron",592450,642232,single,hit_into_play,,,,,5.0,Aaron Judge singles on a ground ball to center fielder Manuel Margot. Matt Carpenter scores. Marwin Gonzalez to 2nd.,R,R,L,TB,NYY,X,8.0,ground_ball,2,1,2022,0.27,0.97,0.02,3.05,,572761.0,503556.0,0,6,Top,115.5,104.27,,,,,-8.03880780753242,-122.67560256537412,-0.0997340548301447,4.45353667289785,27.197120264061507,-22.640517222034788,4.0,1.86,67.0,98.3,2.0,83.9,2144.0,6.3,662051,572287,623912,670623,650490,670764,668227,622534,660644,54.19,0.468,0.428,0.9,1.0,1.0,0.0,4.0,36,4,Cutter,0,0,0,0,1,0,1,0,Standard,Standard,135.0,-0.114,0.442,,,0.52,-0.442,98.3,0,0,0.362,0.638,30,30,31,30,3,2,6.0,1.0,5.0,1.0,2.26,0.27,-0.27,17.1,,,,,
FC,2022-05-26,82.4,3.09,5.09,"Judge, Aaron",592450,642232,field_out,hit_into_play,,,,,11.0,"Aaron Judge grounds out, third baseman Yandy Diaz to first baseman Harold Ramirez.",R,R,L,TB,NYY,X,5.0,ground_ball,1,1,2022,-0.42,0.49,-0.93,3.39,,,,2,3,Top,99.79,168.11,,,,,-8.323133993668215,-119.77350738526025,1.768299750823505,-2.3504046657774667,24.425602075891717,-28.0702625102435,4.0,1.86,13.0,71.1,-13.0,82.3,2099.0,6.4,662051,572287,623912,670623,650490,670764,668227,622534,660644,54.1,0.042,0.056,0.0,1.0,0.0,0.0,2.0,18,3,Cutter,0,0,0,0,0,0,0,0,Standard,Standard,170.0,0.011,-0.241,,,0.042,0.241,88.0,0,0,0.544,0.4559999999999999,30,30,31,30,2,1,6.0,1.0,5.0,1.0,2.89,-0.42,0.42,19.2,,,,,
FC,2022-05-26,89.6,3.1,5.69,"Judge, Aaron",592450,548384,sac_fly,hit_into_play,,,,,1.0,Aaron Judge out on a sacrifice fly to right fielder Vidal Brujan. Isiah Kiner-Falefa scores. Matt Carpenter to 3rd.,R,R,L,TB,NYY,X,9.0,line_drive,1,0,2022,-0.04,0.85,-0.69,3.5,643396.0,572761.0,503556.0,1,9,Top,166.53,72.15,,,,,-9.167340425601273,-130.26769208794664,-1.231230249086705,1.3791199792289417,26.236984116749912,-22.446461743741494,4.0,1.86,331.0,95.1,24.0,89.0,2530.0,5.9,662051,572287,623912,670623,650490,670764,668227,622534,660644,54.65,0.174,0.223,0.0,1.0,0.0,0.0,5.0,65,2,Cutter,0,4,4,0,5,0,5,0,Infield shift,Standard,150.0,-0.002,-0.163,,,0.368,0.163,95.1,-4,4,0.008,0.992,34,30,34,30,1,4,4.0,1.0,6.0,1.0,1.99,-0.04,0.04,33.2,,,,,
CH,2022-05-26,79.3,2.85,5.4,"Judge, Aaron",592450,642232,field_out,hit_into_play,,,,,8.0,Aaron Judge pops out to second baseman Isaac Paredes.,R,R,L,TB,NYY,X,4.0,popup,2,2,2022,1.36,0.26,-0.21,1.98,,,,0,1,Top,154.13,127.46,,,,,-9.173557572032603,-115.03287858008656,-1.087172294325892,13.859460344110436,23.3019801951731,-29.859376029059497,4.0,1.86,194.0,73.7,56.0,78.6,1985.0,6.2,662051,572287,623912,670623,650490,670764,668227,622534,660644,54.35,0.092,0.099,0.0,1.0,0.0,0.0,3.0,1,5,Changeup,0,0,0,0,0,0,0,0,Standard,Standard,95.0,0.02,-0.218,,,0.131,0.218,88.0,0,0,0.502,0.498,30,30,31,30,1,0,6.0,1.0,5.0,1.0,3.41,1.36,-1.36,23.7,,,,,
FC,2022-05-25,89.0,-1.07,6.71,"Judge, Aaron",592450,669330,field_out,hit_into_play,,,,,8.0,Aaron Judge lines out to right fielder Anthony Santander.,R,R,R,NYY,BAL,X,9.0,line_drive,1,2,2022,0.44,0.75,0.2,2.53,,543309.0,,2,5,Bot,165.43,94.91,,,,,2.187683492653141,-129.65238511602664,-5.89169029561928,4.644666075628694,23.99902430087739,-22.788917561169885,3.99,1.86,278.0,98.8,15.0,89.8,2618.0,6.5,661286,668939,641820,596059,602104,622761,669720,656775,623993,54.03,0.703,0.682,0.0,1.0,0.0,0.0,4.0,41,5,Cutter,2,0,2,0,0,2,2,0,Infield shift,Standard,181.0,-0.018,-0.206,,,0.881,0.206,98.8,2,2,0.797,0.797,27,30,28,30,3,2,5.0,1.0,5.0,1.0,2.1,-0.44,-0.44,53.5,,,,,
FC,2022-05-25,89.7,-1.1,6.66,"Judge, Aaron",592450,669330,double,hit_into_play,,,,,7.0,Aaron Judge hits a ground-rule double (9) on a fly ball down the left-field line.,R,R,R,NYY,BAL,X,,fly_ball,2,2,2022,0.42,0.79,-0.45,2.35,,,,0,4,Bot,40.49,111.6,,,,,0.7344198878459685,-130.60152736915708,-6.444151293911988,4.69727863666882,24.349636018005327,-22.01629304760962,3.99,1.86,300.0,85.8,31.0,90.5,2513.0,6.5,661286,668939,641820,596059,602104,622761,669720,656775,623993,54.03,0.042,0.051,1.25,1.0,1.0,1.0,3.0,28,9,Cutter,0,0,0,0,0,0,0,0,Infield shift,Standard,184.0,0.077,0.735,,,0.08,-0.735,88.0,0,0,0.557,0.557,27,30,28,30,2,1,5.0,1.0,5.0,1.0,2.01,-0.42,-0.42,49.9,,,,,
SL,2022-05-25,86.2,-1.57,5.8,"Judge, Aaron",592450,650959,field_out,hit_into_play,,,,,1.0,Aaron Judge flies out to center fielder Cedric Mullins.,R,R,R,NYY,BAL,X,8.0,fly_ball,2,1,2022,0.41,0.41,-0.43,3.33,,,,1,8,Bot,158.87,62.84,,,,,1.9105786638793405,-125.516356619924,-0.4385155212079785,3.867120982789146,26.597062385101317,-28.0274750927231,3.99,1.86,347.0,99.7,38.0,87.1,2382.0,6.9,661286,668939,641820,596059,602104,622761,669720,656775,623993,53.6,0.2452307692307692,0.4831538461538462,0.0,1.0,0.0,0.0,5.0,60,4,Slider,2,0,2,0,0,2,2,0,Infield shift,Standard,106.0,-0.006,-0.286,,,0.9536153846153846,0.286,99.7,2,2,0.933,0.933,25,30,26,30,1,3,37.0,1.0,2.0,1.0,2.67,-0.41,-0.41,40.0,,,,,
FF,2022-05-25,95.5,-0.98,6.79,"Judge, Aaron",592450,669330,field_out,hit_into_play,,,,,5.0,Aaron Judge flies out sharply to right fielder Anthony Santander.,R,R,R,NYY,BAL,X,9.0,fly_ball,0,0,2022,-0.45,1.63,0.24,2.77,,,,1,1,Bot,184.96,69.84,,,,,4.216345631397734,-138.858364597365,-8.642166494283343,-6.705404728298394,30.427341960061472,-9.296926807704256,3.99,1.86,351.0,102.3,36.0,95.5,2468.0,6.3,661286,668939,641820,596059,602104,622761,669720,656775,623993,54.22,0.4496470588235294,0.8974705882352941,0.0,1.0,0.0,0.0,6.0,7,1,4-Seam Fastball,0,0,0,0,0,0,0,0,Infield shift,Standard,202.0,-0.016,-0.246,,,1.7572941176470585,0.246,102.3,0,0,0.526,0.526,27,30,28,30,1,0,5.0,1.0,5.0,1.0,0.87,0.45,0.45,52.2,,,,,
SL,2022-05-24,85.2,0.79,5.89,"Judge, Aaron",592450,669145,grounded_into_double_play,hit_into_play,,,,,14.0,"Aaron Judge grounds into a double play, third baseman Ramon Urias to second baseman Rougned Odor to first baseman Ryan Mountcastle.   Aaron Hicks out at 2nd.    Aaron Judge out at 1st.",R,R,L,NYY,BAL,X,5.0,ground_ball,0,2,2022,0.19,0.23,0.38,1.27,,,543305.0,0,6,Bot,101.61,166.18,,,,,-1.3515480543677525,-124.1128524073159,-5.035991087889619,2.2164812586038383,24.113189840810136,-29.029208383017757,3.99,1.86,8.0,76.3,-8.0,85.5,2551.0,6.4,661285,668939,663624,596059,602104,622761,669720,656775,623993,54.12,0.095,0.095,0.0,1.0,0.0,0.0,2.0,41,3,Slider,3,1,3,1,1,3,3,1,Infield shift,Standard,82.0,-0.036,-0.243,,,0.105,0.243,88.0,2,2,0.858,0.858,27,30,27,30,3,2,5.0,1.0,5.0,1.0,2.9,0.19,-0.19,42.1,,,,,
SL,2022-05-24,84.0,0.92,5.96,"Judge, Aaron",592450,669145,grounded_into_double_play,hit_into_play,,,,,8.0,"Aaron Judge grounds into a double play, third baseman Ramon Urias to second baseman Rougned Odor to first baseman Ryan Mountcastle.   Aaron Hicks out at 2nd.    Aaron Judge out at 1st.",R,R,L,NYY,BAL,X,5.0,ground_ball,3,2,2022,0.19,0.34,-0.19,1.91,,,543305.0,0,1,Bot,101.61,166.18,,,,,-2.953679056390176,-122.37318121216998,-3.715144108637205,2.476323871184241,22.667980562795556,-28.27884671713431,3.99,1.86,31.0,102.3,-2.0,84.1,2428.0,6.1,661285,668939,663624,596059,602104,622761,669720,656775,623993,54.37,0.382,0.365,0.0,1.0,0.0,0.0,2.0,5,6,Slider,0,0,0,0,0,0,0,0,Infield shift,Standard,96.0,-0.081,-0.425,,,0.431,0.425,102.3,0,0,0.591,0.591,27,30,27,30,1,0,5.0,1.0,5.0,1.0,2.87,0.19,-0.19,43.7,,,,,
SI,2022-05-24,95.1,-1.97,5.35,"Judge, Aaron",592450,622253,field_out,hit_into_play,,,,,7.0,Aaron Judge flies out sharply to right fielder Anthony Santander.   Aaron Hicks to 3rd.,R,R,R,NYY,BAL,X,9.0,fly_ball,1,1,2022,-1.31,0.76,-0.3,2.47,,543305.0,,0,10,Bot,201.42,90.58,,,,,7.351902390629489,-138.2438413585691,-3.595402130822143,-18.465596103332484,30.804460200598065,-21.84480576382956,3.99,1.86,327.0,100.0,27.0,95.5,2048.0,6.6,661285,668939,663624,596059,602104,622761,669720,656775,623993,53.91,0.5293793103448275,0.983551724137931,0.0,1.0,0.0,0.0,6.0,76,3,Sinker,5,5,5,5,5,5,5,5,Standard,Standard,230.0,0.033,-0.251,,,1.871137931034483,0.251,100.0,0,0,0.8,0.8,28,30,28,30,1,4,2.0,1.0,3.0,1.0,1.77,1.31,1.31,27.9,,,,,
ST,2022-05-23,79.6,-1.31,5.91,"Judge, Aaron",592450,543475,home_run,hit_into_play,,,,,8.0,Aaron Judge homers (17) on a fly ball to left field.   Anthony Rizzo scores.,R,R,R,NYY,BAL,X,,fly_ball,2,2,2022,1.44,0.03,-0.06,2.15,,,519203.0,1,5,Bot,34.81,61.86,,,,,0.0375176931663321,-115.8856982049043,-1.5388028203589632,12.876938960574671,22.949771005156908,-31.82147266959659,3.97,1.85,405.0,103.1,32.0,80.1,2760.0,6.7,661287,455139,663624,596059,602104,572008,669720,656775,641820,53.77,0.5923725490196076,1.188980392156863,2.0,1.0,0.0,3.0,6.0,42,5,Sweeper,2,4,2,4,4,4,4,4,Infield shift,Standard,45.0,0.248,1.483,,,2.3260980392156867,-1.483,103.1,-2,-2,0.289,0.289,31,30,32,30,3,2,5.0,1.0,5.0,1.0,3.58,-1.44,-1.44,39.6,,,,,
SI,2022-05-23,90.3,-1.16,6.02,"Judge, Aaron",592450,543475,home_run,hit_into_play,,,,,4.0,Aaron Judge homers (16) on a fly ball to center field.,R,R,R,NYY,BAL,X,,fly_ball,1,1,2022,-1.18,1.19,-0.68,3.16,,,,1,1,Bot,81.9,35.61,,,,,3.747289016157835,-131.35181853309928,-3.697315076338,-14.498885351191008,29.430550062451555,-17.817497201692216,3.97,1.85,418.0,112.0,22.0,90.9,2060.0,6.8,661287,455139,663624,596059,602104,572008,669720,656775,641820,53.69,0.96625,1.894166666666667,2.0,1.0,0.0,3.0,6.0,5,3,Sinker,0,0,0,0,0,1,1,0,Infield shift,Standard,207.0,0.101,1.595,,,3.6651666666666665,-1.595,112.0,0,0,0.525,0.525,31,30,32,30,1,0,5.0,1.0,5.0,1.0,1.62,1.18,1.18,45.9,,,,,
CH,2022-05-22,83.7,-2.69,5.39,"Judge, Aaron",592450,456501,single,hit_into_play,,,,,8.0,Aaron Judge singles on a line drive to left fielder AJ Pollock.,R,R,R,NYY,CWS,X,7.0,line_drive,2,2,2022,-0.4,0.38,0.19,1.9,,,,2,3,Bot,86.44,132.5,,,,,7.340871484645416,-121.73232492168472,-2.3969347590625123,-5.321346169479364,22.42600391720964,-28.13551249021892,3.98,1.85,195.0,85.9,16.0,83.0,1408.0,5.7,661288,518735,657757,543281,660162,544725,572041,673357,641553,54.8,0.968,0.917,0.9,1.0,1.0,0.0,4.0,22,5,Changeup,0,0,0,0,0,0,0,0,Infield shift,Standard,235.0,0.015,0.345,,,1.093,-0.345,88.0,0,0,0.511,0.511,36,30,36,30,2,1,6.0,1.0,6.0,0.0,2.86,0.4,0.4,32.6,,,,,
SL,2022-05-22,85.8,-2.38,5.56,"Judge, Aaron",592450,656629,field_out,hit_into_play,,,,,5.0,Aaron Judge flies out to right fielder Gavin Sheets.,R,R,R,NYY,CWS,X,9.0,fly_ball,1,1,2022,0.31,-0.35,0.08,3.0,,,,1,4,Bot,197.37,103.97,,,,,5.20477141699969,-125.00617695120287,0.8229354613065909,2.341620450272188,21.744265153524687,-36.18433851910439,3.97,1.85,294.0,87.1,41.0,86.5,2482.0,6.4,661290,624512,547989,544725,660162,641313,683734,673357,657757,54.11,0.008,0.011,0.0,1.0,0.0,0.0,3.0,26,3,Slider,0,0,0,0,0,0,0,0,Infield shift,Standard,76.0,-0.019,-0.234,,,0.016,0.234,88.0,0,0,0.532,0.532,26,30,26,30,2,1,7.0,0.0,10.0,1.0,3.4,-0.31,-0.31,42.4,,,,,
SI,2022-05-22,97.2,-1.01,5.57,"Judge, Aaron",592450,608665,home_run,hit_into_play,,,,,11.0,Aaron Judge homers (15) on a fly ball to left field.,R,R,R,NYY,CWS,X,,fly_ball,0,2,2022,-1.41,0.82,-1.09,3.27,,,,1,8,Bot,12.05,65.06,,,,,3.0153663212846364,-141.5231995830274,-2.507861966375162,-19.7005990319205,32.27598430333695,-20.816195593303902,3.98,1.85,431.0,111.1,28.0,97.2,2111.0,6.3,661288,518735,657757,543281,660162,544725,572041,673357,641553,54.23,0.990888888888889,2.0,2.0,1.0,0.0,3.0,6.0,60,3,Sinker,0,1,0,1,1,1,1,1,Infield shift,Standard,220.0,0.334,1.67,,,3.9557777777777776,-1.67,111.1,-1,-1,0.228,0.228,31,30,32,30,1,3,1.0,1.0,3.0,0.0,1.59,1.41,1.41,44.0,,,,,
FF,2022-05-22,99.4,-1.77,5.61,"Judge, Aaron",592450,625643,double,hit_into_play,,,,,4.0,Aaron Judge doubles (8) on a fly ball to center fielder Luis Robert.,R,R,R,NYY,CWS,X,8.0,fly_ball,3,2,2022,-0.73,1.39,-0.3,3.05,,,,0,9,Bot,97.5,54.74,,,,,5.748363083134944,-144.66062359706982,-4.885284736728499,-11.517219949698903,31.01037352086762,-11.734540371222796,3.97,1.85,342.0,92.8,26.0,100.1,2350.0,6.5,661290,624512,547989,544725,660162,641313,572041,673357,641553,54.04,0.171,0.225,1.25,1.0,1.0,1.0,3.0,70,6,4-Seam Fastball,0,5,0,5,5,0,0,5,Infield shift,Standard,206.0,0.011,0.619,,,0.357,-0.619,92.8,-5,-5,0.01,0.01,28,30,28,30,1,3,1.0,0.0,4.0,1.0,0.91,0.73,0.73,41.8,,,,,
SL,2022-05-22,84.0,-2.85,5.54,"Judge, Aaron",592450,456501,single,hit_into_play,,,,,4.0,Aaron Judge singles on a sharp ground ball to left fielder AJ Pollock.,R,R,R,NYY,CWS,X,7.0,ground_ball,0,1,2022,0.4,0.4,-0.57,2.97,,,,1,1,Bot,83.66,110.52,,,,,4.4142751494958645,-122.43355893493222,-0.4385479545358925,3.251765468903974,22.04769274143893,-28.19168086652867,3.98,1.85,46.0,104.1,-1.0,83.1,2250.0,5.4,661288,518735,657757,543281,660162,544725,572041,673357,641553,55.07,0.426,0.385,0.9,1.0,1.0,0.0,4.0,5,2,Slider,0,0,0,0,0,0,0,0,Infield shift,Standard,173.0,0.027,0.453,,,0.456,-0.453,104.1,0,0,0.524,0.524,36,30,36,30,1,0,6.0,1.0,6.0,0.0,2.79,-0.4,-0.4,30.4,,,,,
FC,2022-05-21,87.1,1.52,6.06,"Judge, Aaron",592450,572971,field_out,hit_into_play,,,,,8.0,Aaron Judge flies out sharply to right fielder Adam Engel.,R,R,L,NYY,CWS,X,9.0,fly_ball,2,2,2022,0.08,0.7,0.05,2.34,,,,2,2,Bot,202.77,102.67,,,,,-3.690223105353476,-126.82068132951218,-4.182717293351155,1.6803409186269598,26.45363613781795,-23.953464129957887,4.0,1.89,304.0,100.5,47.0,86.8,2143.0,6.1,661289,518735,683734,544725,543281,641313,572041,673357,641553,54.39,0.018,0.026,0.0,1.0,0.0,0.0,3.0,19,5,Cutter,5,0,5,0,0,5,5,0,Infield shift,Standard,166.0,-0.003,-0.216,,,0.05,0.216,100.5,5,5,0.909,0.909,34,30,34,30,2,1,7.0,2.0,5.0,1.0,2.3,0.08,-0.08,44.4,,,,,
CH,2022-05-21,90.8,-1.5,6.1,"Judge, Aaron",592450,614179,single,hit_into_play,,,,,6.0,Aaron Judge singles on a ground ball to third baseman Josh Harrison.   Kyle Higashioka to 3rd.    DJ LeMahieu to 2nd.,R,R,R,NYY,CWS,X,5.0,ground_ball,2,2,2022,-1.07,0.61,0.63,2.67,,543309.0,518934.0,1,6,Bot,108.48,167.9,,,,,7.578460821625162,-132.04092980556936,-4.004996610864925,-14.098564796295616,26.328234313661724,-24.380502867610726,4.0,1.89,29.0,87.0,-3.0,90.6,1996.0,6.0,661289,518735,683734,544725,543281,641313,572041,673357,641553,54.45,0.205,0.198,0.9,1.0,1.0,0.0,2.0,58,5,Changeup,6,5,6,5,5,6,6,5,Standard,Standard,219.0,0.056,0.512,,,0.229,-0.512,88.0,1,1,0.77,0.77,27,30,28,30,1,3,4.0,2.0,3.0,1.0,2.14,1.07,1.07,46.1,,,,,
SI,2022-05-21,87.5,1.62,5.93,"Judge, Aaron",592450,572971,field_out,hit_into_play,,,,,8.0,"Aaron Judge grounds out, third baseman Josh Harrison to first baseman Andrew Vaughn.",R,R,L,NYY,CWS,X,5.0,ground_ball,0,0,2022,0.9,0.36,0.2,1.77,,,,1,1,Bot,89.23,164.95,,,,,-5.251884647753011,-127.35649518240284,-4.706373437539232,10.780931501944975,22.79358654690794,-27.52068518546725,4.0,1.89,5.0,85.4,-20.0,87.7,1947.0,6.1,661289,518735,683734,544725,543281,641313,572041,673357,641553,54.4,0.092,0.086,0.0,1.0,0.0,0.0,2.0,6,1,Sinker,0,0,0,0,0,0,0,0,Infield shift,Standard,143.0,-0.016,-0.246,,,0.114,0.246,88.0,0,0,0.526,0.526,34,30,34,30,1,0,7.0,2.0,5.0,1.0,2.58,0.9,-0.9,41.0,,,,,
SL,2022-05-19,87.7,1.02,6.11,"Judge, Aaron",592450,669145,single,hit_into_play,,,,,6.0,Aaron Judge singles on a sharp ground ball to left fielder Austin Hays.,R,R,L,BAL,NYY,X,7.0,ground_ball,2,2,2022,0.42,0.37,0.82,2.55,,,,0,6,Top,93.42,103.62,,,,,-1.3566857215524537,-127.77585149136632,-3.254752793933462,4.892920994239416,26.133637310396235,-27.684599621205155,3.99,1.88,31.0,105.5,-3.0,87.7,2460.0,6.2,661347,455139,641820,572008,663527,622761,669720,663630,623993,54.3,0.363,0.35,0.9,1.0,1.0,0.0,2.0,41,5,Slider,3,3,3,3,3,3,3,3,Infield shift,Strategic,128.0,-0.056,0.469,,,0.375,-0.469,105.5,0,0,0.503,0.497,27,30,27,30,3,2,5.0,1.0,5.0,2.0,2.59,0.42,-0.42,42.7,,,,,
SI,2022-05-19,93.4,-1.91,5.6,"Judge, Aaron",592450,622253,grounded_into_double_play,hit_into_play,,,,,8.0,"Aaron Judge grounds into a double play, third baseman Tyler Nevin to second baseman Rougned Odor to first baseman Trey Mancini. Marwin Gonzalez out at 2nd. Aaron Judge out at 1st.",R,R,R,BAL,NYY,X,5.0,ground_ball,1,0,2022,-1.52,0.57,-0.12,2.04,,,503556.0,1,7,Top,101.03,165.64,,,,,7.99824998709278,-135.76024949193203,-4.646895233485806,-20.61899164911409,30.503653623342363,-24.238128433020428,3.99,1.88,6.0,92.3,-17.0,93.5,2117.0,6.4,661347,455139,641820,596059,663527,622761,669720,656775,623993,54.06,0.142,0.136,0.0,1.0,0.0,0.0,2.0,59,2,Sinker,6,5,5,6,5,6,5,6,Infield shift,Strategic,236.0,0.11,-0.35,,,0.166,0.35,92.3,1,-1,0.679,0.3209999999999999,28,30,28,30,1,3,2.0,1.0,1.0,2.0,2.05,1.52,1.52,31.8,,,,,
FF,2022-05-18,92.2,-1.13,6.26,"Judge, Aaron",592450,543475,field_out,hit_into_play,,,,,4.0,Aaron Judge flies out to center fielder Cedric Mullins.,R,R,R,BAL,NYY,X,8.0,fly_ball,1,2,2022,-0.53,1.43,-0.41,3.22,,,,2,5,Top,157.98,83.95,,,,,3.024202931491707,-134.19051424432774,-5.074661743241903,-7.11201502257723,29.31446691118044,-13.985962531794742,3.98,1.87,297.0,93.9,45.0,93.5,2207.0,7.1,661344,621532,663527,596059,602104,622761,669720,656775,623993,53.42,0.005,0.007,0.0,1.0,0.0,0.0,3.0,34,6,4-Seam Fastball,0,3,3,0,3,0,3,0,Infield shift,Strategic,211.0,0.005,-0.181,,,0.014,0.181,93.9,-3,3,0.187,0.813,31,30,32,30,3,2,5.0,1.0,5.0,1.0,1.25,0.53,0.53,48.0,,,,,
SI,2022-05-18,98.7,-0.52,6.99,"Judge, Aaron",592450,642585,field_out,hit_into_play,,,,,8.0,"Aaron Judge grounds out, shortstop Jorge Mateo to first baseman Tyler Nevin.",R,R,R,BAL,NYY,X,6.0,ground_ball,2,1,2022,-0.84,1.5,-0.08,2.44,,624431.0,,1,8,Top,94.11,145.69,,,,,3.1777674599972903,-143.38232897656732,-10.450407285553997,-12.348373288265682,32.395865104153366,-9.214587308081455,3.98,1.87,14.0,99.3,-9.0,99.0,2217.0,6.5,661344,621532,663527,596059,602104,622761,669720,656775,623993,54.02,0.247,0.244,0.0,1.0,0.0,0.0,2.0,56,4,Sinker,2,3,3,2,3,2,3,2,Standard,Strategic,194.0,0.038,-0.273,,,0.255,0.273,99.3,-1,1,0.232,0.768,27,30,27,30,1,3,2.0,1.0,1.0,1.0,0.84,0.84,0.84,58.8,,,,,
SI,2022-05-18,92.0,-1.23,6.16,"Judge, Aaron",592450,543475,field_out,hit_into_play,,,,,8.0,"Aaron Judge grounds out sharply, third baseman Ramon Urias to first baseman Tyler Nevin.",R,R,R,BAL,NYY,X,5.0,ground_ball,1,1,2022,-0.99,0.97,-0.19,2.15,,,,1,1,Top,108.13,165.13,,,,,4.8310645628941975,-133.71375102754303,-6.393054377641474,-12.880331028899027,32.77758920411425,-19.357842257096415,3.98,1.87,13.0,103.3,-9.0,92.4,2164.0,6.9,661344,621532,663527,596059,602104,622761,669720,656775,623993,53.59,0.313,0.308,0.0,1.0,0.0,0.0,2.0,2,3,Sinker,0,0,0,0,0,0,0,0,Infield shift,Strategic,196.0,0.015,-0.234,,,0.351,0.234,103.3,0,0,0.523,0.477,31,30,32,30,1,0,5.0,1.0,5.0,1.0,1.76,0.99,0.99,43.5,,,,,
FF,2022-05-17,91.6,-1.57,6.41,"Judge, Aaron",592450,657093,home_run,hit_into_play,,,,,8.0,Aaron Judge homers (13) on a fly ball to center field.,R,R,R,BAL,NYY,X,,fly_ball,2,2,2022,-0.44,1.43,0.07,2.25,,,,1,3,Top,167.84,38.29,,,,,5.067315957888895,-133.27397781849163,-7.778763347274944,-6.22021180551509,25.476447563899985,-13.62806838397094,3.98,1.87,410.0,105.5,29.0,91.9,2257.0,6.2,661342,621532,641820,596059,663527,602104,669720,656775,663630,54.27,0.8936666666666667,1.8052708333333336,2.0,1.0,0.0,3.0,6.0,19,5,4-Seam Fastball,1,1,1,1,2,1,2,1,Infield shift,Strategic,196.0,-0.117,1.616,,,3.537020833333333,-1.616,105.5,0,0,0.527,0.473,29,30,30,30,2,1,6.0,2.0,5.0,1.0,1.26,0.44,0.44,54.2,,,,,
CH,2022-05-17,83.9,-2.05,5.35,"Judge, Aaron",592450,622253,field_out,hit_into_play,,,,,5.0,"Aaron Judge grounds out, third baseman Tyler Nevin to first baseman Trey Mancini.",R,R,R,BAL,NYY,X,5.0,ground_ball,0,2,2022,-1.58,0.4,0.02,2.64,643396.0,543309.0,,2,6,Top,96.97,170.21,,,,,7.919010629604646,-121.91358449518594,-0.6108602985852909,-17.367587020312666,25.489333781333546,-28.302661239174626,3.98,1.87,37.0,78.9,-1.0,83.8,1608.0,6.5,661342,621532,641820,596059,663527,602104,669720,656775,663630,54.03,0.142,0.14,0.0,1.0,0.0,0.0,2.0,50,3,Changeup,3,4,4,3,4,3,4,3,Standard,Standard,261.0,0.042,-0.172,,,0.146,0.172,88.0,-1,1,0.354,0.646,28,30,28,30,1,3,3.0,2.0,2.0,1.0,2.86,1.58,1.58,29.2,,,,,
CH,2022-05-17,87.8,-1.36,5.38,"Judge, Aaron",592450,670810,single,hit_into_play,,,,,4.0,Aaron Judge singles on a sharp line drive to left fielder Austin Hays. DJ LeMahieu to 2nd.,R,R,R,BAL,NYY,X,7.0,line_drive,0,2,2022,-1.32,0.03,-0.45,3.26,,,518934.0,2,8,Top,80.74,116.33,,,,,4.912532552476133,-127.9158821837398,0.8211343721453217,-15.501806267311304,23.21789295293238,-32.17398338199308,3.98,1.87,153.0,109.8,8.0,88.0,1612.0,6.1,661342,621532,641820,596059,663527,602104,669720,656775,663630,54.42,0.763,0.732,0.9,1.0,1.0,0.0,4.0,66,3,Changeup,3,5,5,3,5,3,5,3,Infield shift,Strategic,248.0,-0.016,0.441,,,0.924,-0.441,109.8,-2,2,0.158,0.842,25,30,25,30,1,4,,2.0,3.0,1.0,2.89,1.32,1.32,34.5,,,,,
ST,2022-05-17,78.8,-1.88,6.36,"Judge, Aaron",592450,657093,double,hit_into_play,,,,,2.0,"Aaron Judge doubles (7) on a sharp fly ball to left fielder Austin Hays. DJ LeMahieu scores. Aaron Judge out at 3rd on the throw, left fielder Austin Hays to third baseman Tyler Nevin.",R,R,R,BAL,NYY,X,7.0,fly_ball,1,0,2022,0.95,0.08,-0.04,3.59,,,518934.0,0,1,Top,65.43,73.12,,,,,2.229514354730551,-114.77933190597594,0.6355515945836163,7.96722929744373,21.32244773742104,-31.783512444676223,3.98,1.87,397.0,100.8,30.0,78.5,2504.0,6.1,661342,621532,641820,596059,663527,602104,669720,656775,663630,54.44,0.5574666666666666,1.0868,1.25,1.0,1.0,1.0,6.0,2,2,Sweeper,0,0,0,0,1,0,1,0,Infield shift,Standard,59.0,-0.035,0.666,,,2.103933333333333,-0.666,100.8,0,0,0.459,0.5409999999999999,29,30,30,30,1,0,6.0,2.0,5.0,1.0,3.58,-0.95,-0.95,51.1,,,,,
SL,2022-05-17,79.0,-1.84,5.54,"Judge, Aaron",592450,607216,home_run,hit_into_play,,,,,5.0,Aaron Judge homers (14) on a fly ball to center field.,R,R,R,BAL,NYY,X,,fly_ball,1,0,2022,0.77,-0.14,-0.11,2.68,,,,0,5,Top,113.74,28.86,,,,,2.3091733781288784,-115.07318057393996,0.7830094066847888,6.46166113161926,20.769534126128356,-33.770548788905934,3.98,1.87,422.0,112.2,25.0,78.5,2396.0,5.8,661342,621532,641820,596059,663527,602104,669720,656775,663630,54.66,0.9833333333333336,1.9855555555555555,2.0,1.0,0.0,3.0,6.0,38,2,Slider,3,2,2,3,3,3,3,3,Infield shift,Strategic,72.0,-0.133,1.077,,,3.8897777777777782,-1.077,112.2,1,-1,0.633,0.367,29,30,30,30,1,2,2.0,2.0,2.0,1.0,3.78,-0.77,-0.77,23.2,,,,,
FF,2022-05-15,92.3,-1.87,6.0,"Judge, Aaron",592450,656629,field_out,hit_into_play,,,,,5.0,"Aaron Judge grounds out sharply, shortstop Tim Anderson to first baseman Andrew Vaughn.",R,R,R,CWS,NYY,X,6.0,ground_ball,2,2,2022,-0.49,1.65,-0.09,3.13,,,,2,5,Top,106.12,147.58,,,,,5.628351056681679,-134.28375461223038,-5.093501241079159,-7.1296212987442855,28.617400313537622,-11.320628324279408,3.99,1.89,99.0,108.4,4.0,93.0,2482.0,6.7,661489,624512,683734,544725,543281,641313,572041,673357,641553,53.84,0.566,0.518,0.0,1.0,0.0,0.0,4.0,33,5,4-Seam Fastball,0,3,3,0,3,0,3,0,Infield shift,Standard,200.0,0.006,-0.216,,,0.626,0.216,108.4,-3,3,0.186,0.8140000000000001,26,30,26,30,3,2,6.0,1.0,7.0,2.0,1.03,0.49,0.49,55.7,,,,,
FF,2022-05-15,94.2,-1.91,5.94,"Judge, Aaron",592450,656629,field_out,hit_into_play,,,,,5.0,"Aaron Judge grounds out sharply, third baseman Josh Harrison to first baseman Andrew Vaughn.",R,R,R,CWS,NYY,X,5.0,ground_ball,3,2,2022,-0.61,1.51,0.22,2.91,543305.0,518934.0,,2,2,Top,106.12,168.79,,,,,6.929356230326157,-137.0333775526354,-5.571440937542261,-9.170240769963044,28.80444390228126,-12.127148747291972,3.99,1.89,43.0,100.6,-1.0,95.0,2382.0,6.7,661489,624512,683734,544725,543281,641313,572041,673357,641553,53.83,0.395,0.359,0.0,1.0,0.0,0.0,4.0,15,7,4-Seam Fastball,0,3,3,0,3,0,3,0,Infield shift,Standard,210.0,0.037,-0.243,,,0.426,0.243,100.6,-3,3,0.216,0.784,26,30,26,30,2,1,6.0,1.0,7.0,2.0,1.05,0.61,0.61,51.8,,,,,
SL,2022-05-15,83.7,-2.05,5.87,"Judge, Aaron",592450,656629,field_out,hit_into_play,,,,,8.0,"Aaron Judge grounds out, second baseman Leury Garcia to first baseman Andrew Vaughn.",R,R,R,CWS,NYY,X,4.0,ground_ball,1,1,2022,0.38,-0.33,-0.02,2.52,,,,1,1,Top,120.53,146.84,,,,,3.9318046977141465,-122.0157993629016,-0.7687620152715848,3.14315761896839,21.11978951118426,-35.58769922719893,3.99,1.89,3.0,96.3,-37.0,84.3,2389.0,6.3,661489,624512,683734,544725,543281,641313,572041,673357,641553,54.2,0.103,0.095,0.0,1.0,0.0,0.0,2.0,2,3,Slider,0,0,0,0,0,0,0,0,Infield shift,Standard,66.0,0.015,-0.234,,,0.119,0.234,96.3,0,0,0.523,0.477,26,30,26,30,1,0,6.0,1.0,7.0,2.0,3.54,-0.38,-0.38,43.9,,,,,
SI,2022-05-14,86.4,1.69,6.06,"Judge, Aaron",592450,572971,field_out,hit_into_play,,,,,9.0,"Aaron Judge grounds out, second baseman Josh Harrison to first baseman Jose Abreu.",R,R,L,CWS,NYY,X,4.0,ground_ball,3,1,2022,1.14,0.34,0.57,2.0,,,,2,3,Top,120.82,158.01,,,,,-4.950378739789572,-125.74955024730728,-4.16786401062189,13.117727418800373,23.742168504402045,-27.990170246133072,3.99,1.86,4.0,76.2,-26.0,86.2,1918.0,6.0,661490,518735,547989,543281,660162,641313,572041,673357,641553,54.53,0.05,0.058,0.0,1.0,0.0,0.0,2.0,21,5,Sinker,1,0,0,1,0,1,0,1,Infield shift,Standard,135.0,0.018,-0.396,,,0.052,0.396,88.0,1,-1,0.651,0.349,34,30,34,30,2,1,6.0,1.0,7.0,1.0,2.7,1.14,-1.14,42.9,,,,,
SI,2022-05-14,98.6,-1.53,5.46,"Judge, Aaron",592450,523260,single,hit_into_play,,,,,4.0,Aaron Judge singles on a ground ball to center fielder Luis Robert.,R,R,R,CWS,NYY,X,8.0,ground_ball,2,1,2022,-1.38,0.74,-0.59,2.62,,,,1,8,Top,157.86,109.21,,,,,5.722911295538569,-143.53261005422226,-4.007992081728356,-20.41644307289708,30.999336440069975,-21.254928315507396,3.99,1.86,109.0,94.1,5.0,98.1,2154.0,5.9,661490,518735,547989,543281,660162,641313,572041,673357,641553,54.64,0.447,0.407,0.9,1.0,1.0,0.0,4.0,60,4,Sinker,2,0,0,2,0,2,0,2,Infield shift,Standard,232.0,-0.042,0.376,,,0.507,-0.376,94.1,2,-2,0.895,0.1049999999999999,34,30,34,30,1,3,2.0,1.0,3.0,1.0,1.59,1.38,1.38,33.0,,,,,
FF,2022-05-13,93.3,-1.25,5.7,"Judge, Aaron",592450,592826,home_run,hit_into_play,,,,,6.0,Aaron Judge homers (12) on a fly ball to right field.,R,R,R,CWS,NYY,X,,fly_ball,0,2,2022,-0.51,1.45,0.61,3.33,,,,2,4,Top,211.4,83.36,,,,,5.927447050976936,-135.83337460789602,-3.556777344817207,-7.635359304947592,29.69160003950311,-13.664621799605396,4.0,1.87,355.0,103.8,31.0,93.6,2390.0,6.5,661491,624512,547989,543281,660162,641313,572041,673357,544725,54.04,0.7212083333333332,1.4549166666666675,2.0,1.0,0.0,3.0,6.0,32,3,4-Seam Fastball,0,5,5,0,6,0,6,0,Infield shift,Standard,213.0,-0.035,2.698,,,2.8473541666666673,-2.698,103.8,-5,5,0.091,0.909,30,30,30,30,3,2,7.0,1.0,6.0,1.0,1.17,0.51,0.51,42.2,,,,,
FF,2022-05-13,94.2,-1.12,6.05,"Judge, Aaron",592450,641582,single,hit_into_play,,,,,6.0,Aaron Judge singles on a sharp line drive to center fielder Luis Robert.,R,R,R,CWS,NYY,X,8.0,line_drive,1,2,2022,-0.56,1.33,0.54,2.93,,,,1,9,Top,159.32,77.0,,,,,5.53361293073075,-137.0827405142718,-5.357591581510899,-8.234459466930614,28.27384843641639,-14.444598879463506,4.0,1.87,315.0,114.6,12.0,94.1,2157.0,6.1,661491,624512,547989,543281,660162,641313,572041,673357,544725,54.4,0.818,0.909,0.9,1.0,1.0,0.0,6.0,70,4,4-Seam Fastball,3,7,7,3,7,3,7,3,Infield shift,Standard,205.0,-0.002,0.485,,,1.296,-0.485,114.6,-4,4,0.017,0.983,27,30,27,30,1,4,4.0,1.0,3.0,1.0,1.23,0.56,0.56,56.2,,,,,
FF,2022-05-12,92.0,2.38,6.48,"Judge, Aaron",592450,621383,sac_fly,hit_into_play,,,,,6.0,Aaron Judge out on a sacrifice fly to right fielder Adam Engel.   Joey Gallo scores.,R,R,L,CWS,NYY,X,9.0,line_drive,1,1,2022,0.06,1.25,0.37,2.73,608336.0,650402.0,518934.0,1,9,Top,179.78,76.69,,,,,-5.155468716829737,-133.8814103476066,-6.3302976136920535,1.7568978923851035,27.974425618178365,-16.010040768142034,4.0,1.87,331.0,100.8,18.0,91.1,2217.0,5.6,661519,518735,547989,544725,660162,641313,572041,673357,641553,54.86,0.413,0.469,0.0,1.0,0.0,0.0,5.0,85,3,4-Seam Fastball,7,14,14,7,15,7,15,7,Infield shift,Standard,151.0,0.0,-0.119,,,0.717,0.119,100.8,-7,7,0.001,0.999,30,30,31,30,1,5,3.0,1.0,5.0,1.0,1.44,0.06,-0.06,51.2,,,,,
KC,2022-05-12,89.1,-1.63,5.47,"Judge, Aaron",592450,523260,single,hit_into_play,,,,,9.0,Aaron Judge singles on a ground ball to second baseman Leury Garcia.   Marwin Gonzalez scores.    Gleyber Torres scores.    DJ LeMahieu to 2nd.,R,R,R,CWS,NYY,X,4.0,ground_ball,1,1,2022,0.43,-0.87,0.79,1.9,503556.0,650402.0,518934.0,2,8,Top,117.77,149.88,,,,,5.000043878322862,-129.7745908079498,-0.9841797719286576,4.022512862686469,24.146731634167427,-42.058811157429666,4.0,1.87,8.0,75.4,-13.0,89.1,2813.0,6.0,661519,518735,547989,544725,660162,641313,572041,673357,641553,54.49,0.055,0.064,0.9,1.0,1.0,0.0,2.0,71,3,Knuckle Curve,7,7,7,7,9,7,9,7,Standard,Standard,34.0,-0.327,0.528,,,0.058,-0.528,88.0,0,0,0.469,0.531,34,30,34,30,1,4,3.0,1.0,2.0,1.0,3.71,-0.43,-0.43,31.5,,,,,
FF,2022-05-12,94.9,-1.35,6.59,"Judge, Aaron",592450,621114,home_run,hit_into_play,,,,,4.0,Aaron Judge homers (11) on a fly ball to left center field.,R,R,R,CWS,NYY,X,,fly_ball,3,2,2022,-0.09,1.36,-0.38,2.96,,,,0,7,Top,31.08,39.48,,,,,2.7687307353533575,-138.21575155155696,-7.024834202866944,-1.6661623347461552,27.661565701654467,-13.393150170423784,4.0,1.87,456.0,114.0,25.0,96.3,2096.0,6.8,661519,518735,547989,544725,660162,641313,572041,673357,641553,53.68,0.989,2.0,2.0,1.0,0.0,3.0,6.0,56,6,4-Seam Fastball,4,6,6,4,7,4,7,4,Infield shift,Standard,199.0,-0.075,1.028,,,3.9066666666666663,-1.028,114.0,-2,2,0.182,0.8180000000000001,28,30,28,30,1,3,3.0,1.0,3.0,1.0,1.15,0.09,0.09,66.8,,,,,
SI,2022-05-11,93.9,-3.03,5.38,"Judge, Aaron",592450,621244,field_out,hit_into_play,,,,,11.0,"Aaron Judge grounds out, third baseman Matt Chapman to first baseman Vladimir Guerrero Jr.",R,R,R,NYY,TOR,X,5.0,ground_ball,2,2,2022,-1.5,0.88,-1.35,3.27,,,,0,6,Bot,93.38,160.13,,,,,7.720166328918733,-136.52209685399998,-1.6749764168850816,-20.48193077844266,31.08103478905644,-21.029458213455065,3.98,1.85,11.0,62.5,-16.0,94.3,2124.0,6.7,661300,672386,665489,669289,656305,666182,666971,606132,606192,53.83,0.024,0.049,0.0,1.0,0.0,0.0,2.0,46,5,Sinker,3,2,3,2,2,3,3,2,Infield shift,Standard,225.0,-0.019,-0.218,,,0.024,0.218,88.0,1,1,0.738,0.738,28,30,28,30,3,2,6.0,1.0,6.0,1.0,1.72,1.5,1.5,35.6,,,,,
SI,2022-05-11,93.8,-3.03,5.26,"Judge, Aaron",592450,621244,field_out,hit_into_play,,,,,13.0,"Aaron Judge grounds out, shortstop Bo Bichette to first baseman Vladimir Guerrero Jr.",R,R,R,NYY,TOR,X,6.0,ground_ball,1,1,2022,-1.23,0.87,-0.12,1.55,,,,0,4,Bot,101.37,159.76,,,,,10.262337842482664,-136.1809760636235,-5.7963556781951855,-17.557015494092525,30.0492083780962,-20.2350180752613,3.98,1.85,14.0,95.6,-5.0,94.0,2129.0,6.5,661300,672386,665489,669289,656305,666182,666971,606132,606192,53.98,0.266,0.258,0.0,1.0,0.0,0.0,2.0,28,3,Sinker,0,1,0,1,1,0,0,1,Infield shift,Standard,231.0,-0.028,-0.236,,,0.312,0.236,95.6,-1,-1,0.426,0.426,28,30,28,30,2,1,6.0,1.0,6.0,1.0,1.74,1.23,1.23,39.6,,,,,
ST,2022-05-11,82.0,-1.57,5.21,"Judge, Aaron",592450,663423,single,hit_into_play,,,,,6.0,Aaron Judge singles on a sharp line drive to left fielder Lourdes Gurriel Jr.  Marwin Gonzalez to 2nd.,R,R,R,NYY,TOR,X,7.0,line_drive,1,0,2022,1.25,-0.17,0.45,3.03,,,503556.0,2,7,Bot,103.75,113.96,,,,,2.1367243435781225,-119.31786965896804,1.9576670495505877,11.431291266720448,24.15649322384997,-34.390689640612564,3.98,1.85,222.0,103.3,13.0,81.4,2918.0,6.0,661300,672386,665489,669289,656305,666182,666971,606132,606192,54.48,0.882,0.901,0.9,1.0,1.0,0.0,4.0,59,2,Sweeper,5,2,5,2,2,5,5,2,Standard,Standard,57.0,0.005,0.304,,,1.194,-0.304,103.3,3,3,0.935,0.935,28,30,29,30,1,3,4.0,1.0,22.0,1.0,3.57,-1.25,-1.25,33.1,,,,,
FF,2022-05-11,94.4,-3.16,5.21,"Judge, Aaron",592450,621244,field_out,hit_into_play,,,,,4.0,Aaron Judge flies out sharply to right fielder Teoscar Hernandez.,R,R,R,NYY,TOR,X,9.0,fly_ball,3,0,2022,-0.67,1.1,-0.3,2.77,,,,1,1,Bot,184.61,109.0,,,,,8.956982176558524,-137.07543435551074,-3.045488686581972,-10.519471722763406,33.01595536772316,-17.86510473534717,3.98,1.85,267.0,105.5,50.0,94.3,2171.0,6.6,661300,672386,665489,669289,656305,666182,666971,606132,606192,53.93,0.039,0.065,0.0,1.0,0.0,0.0,3.0,8,4,4-Seam Fastball,0,1,0,1,1,0,0,1,Infield shift,Standard,230.0,-0.033,-0.488,,,0.119,0.488,105.5,-1,-1,0.44,0.44,28,30,28,30,1,0,6.0,1.0,6.0,1.0,1.49,0.67,0.67,33.9,,,,,
FF,2022-05-10,94.7,1.78,5.41,"Judge, Aaron",592450,579328,single,hit_into_play,,,,,7.0,Aaron Judge singles on a sharp ground ball to third baseman Matt Chapman.,R,R,L,NYY,TOR,X,5.0,ground_ball,2,1,2022,0.86,1.37,-0.31,2.2,,518934.0,,0,6,Bot,104.3,181.52,,,,,-7.487103909429778,-137.58424809786231,-5.777065497620438,12.638823970709606,33.954386715279085,-13.678260104792273,3.98,1.86,61.0,104.2,2.0,95.7,2301.0,7.2,661301,623168,665489,669289,656305,666182,666971,543807,606192,53.32,0.505,0.47,0.9,1.0,1.0,0.0,4.0,46,4,4-Seam Fastball,0,3,0,3,3,0,0,3,Infield shift,Standard,139.0,0.051,0.447,,,0.557,-0.447,104.2,-3,-3,0.239,0.239,31,30,31,30,3,2,6.0,1.0,6.0,1.0,1.2,0.86,-0.86,43.7,,,,,
SL,2022-05-10,84.1,-1.76,6.15,"Judge, Aaron",592450,605447,home_run,hit_into_play,,,,,2.0,Aaron Judge homers (10) on a fly ball to left center field.   Jose Trevino scores.    DJ LeMahieu scores.,R,R,R,NYY,TOR,X,,fly_ball,1,2,2022,0.43,-0.15,-0.19,3.52,,624431.0,518934.0,1,9,Bot,50.45,32.41,,,,,2.840420511264967,-122.51211405303695,0.5978925208513712,3.770062357287611,24.080394836987253,-34.03805218977905,3.98,1.86,414.0,112.5,31.0,85.7,2160.0,7.2,661301,641470,665489,669289,656305,666182,606192,605548,543807,53.25,0.9772,1.9898,2.0,1.0,0.0,3.0,6.0,76,6,Slider,3,5,3,5,5,6,6,5,Infield shift,Strategic,44.0,0.817,1.274,,,3.902600000000001,-1.274,112.5,-2,-2,0.183,0.183,29,30,29,30,1,4,6.0,1.0,4.0,1.0,3.37,-0.43,-0.43,61.2,,,,,
SI,2022-05-10,87.0,-4.07,1.99,"Judge, Aaron",592450,643256,field_out,hit_into_play,,,,,4.0,Aaron Judge flies out to right fielder Teoscar Hernandez.,R,R,R,NYY,TOR,X,9.0,fly_ball,0,0,2022,-1.43,-0.07,-0.57,2.93,,,608336.0,2,7,Bot,159.75,83.06,,,,,11.29853458786312,-125.6941854052952,8.806347486031571,-17.722915229409832,31.206180713484823,-35.582716741142505,3.98,1.86,301.0,92.6,35.0,85.8,2281.0,6.4,661301,641470,665489,669289,656305,666182,666971,543807,606192,54.08,0.045,0.063,0.0,1.0,0.0,0.0,3.0,58,1,Sinker,3,3,3,3,3,3,3,3,Infield shift,Standard,282.0,-0.041,-0.26,,,0.121,0.26,92.6,0,0,0.541,0.541,31,30,32,30,1,3,2.0,1.0,4.0,1.0,3.19,1.43,1.43,-30.1,,,,,
FF,2022-05-10,94.5,1.31,5.38,"Judge, Aaron",592450,579328,field_out,hit_into_play,,,,,8.0,Aaron Judge flies out sharply to center fielder George Springer.,R,R,L,NYY,TOR,X,8.0,fly_ball,0,0,2022,0.89,1.51,0.02,2.32,,,,1,1,Bot,153.08,58.42,,,,,-5.405956410649826,-137.28667277660915,-5.643701441313315,12.470006941031595,34.212622199349234,-12.026903240322124,3.98,1.86,354.0,105.4,36.0,95.1,2174.0,7.0,661301,623168,665489,669289,656305,666182,666971,543807,606192,53.5,0.65035,1.30295,0.0,1.0,0.0,0.0,6.0,7,1,4-Seam Fastball,0,1,0,1,1,0,0,1,Infield shift,Standard,141.0,-0.017,-0.246,,,2.56555,0.246,105.4,-1,-1,0.424,0.424,31,30,31,30,1,0,6.0,1.0,6.0,1.0,1.07,0.89,-0.89,42.4,,,,,
FF,2022-05-09,95.1,-2.16,5.22,"Judge, Aaron",592450,592351,field_out,hit_into_play,,,,,11.0,"Aaron Judge grounds out, second baseman Marcus Semien to first baseman Andy Ibanez.",R,R,R,NYY,TEX,X,4.0,ground_ball,0,2,2022,-1.29,1.08,-1.05,3.23,,,,2,3,Bot,127.93,148.19,,,,,5.851420328051784,-138.35017518945932,-1.9923394186148284,-17.87126313184162,31.18433079508288,-18.084463763261027,3.97,1.86,20.0,67.9,-7.0,95.6,2178.0,6.6,661303,641680,628451,543760,518586,608369,669256,642201,594777,53.86,0.095,0.089,0.0,1.0,0.0,0.0,2.0,21,3,4-Seam Fastball,0,0,0,0,0,0,0,0,Infield shift,Standard,228.0,-0.008,-0.153,,,0.106,0.153,88.0,0,0,0.508,0.508,30,30,31,30,2,1,6.0,1.0,7.0,1.0,1.44,1.29,1.29,24.2,,,,,
FF,2022-05-09,93.0,1.73,6.48,"Judge, Aaron",592450,656685,single,hit_into_play,,,,,6.0,Aaron Judge singles on a ground ball to left fielder Nick Solak.,R,R,L,NYY,TEX,X,7.0,ground_ball,1,2,2022,0.42,0.61,0.81,2.78,,,,1,8,Bot,86.12,107.58,,,,,-3.2827623885683384,-135.29585880700435,-5.019915945893998,5.941827528261601,31.73412063023153,-23.748426563825536,3.98,1.86,8.0,101.0,-18.0,92.6,2191.0,6.2,661303,641680,628451,543760,518586,608369,669256,642201,594777,54.27,0.184,0.176,0.9,1.0,1.0,0.0,2.0,57,5,4-Seam Fastball,0,0,0,0,0,0,0,0,Standard,Standard,158.0,0.055,0.485,,,0.2,-0.485,101.0,0,0,0.553,0.553,27,30,27,30,1,3,1.0,1.0,2.0,1.0,2.04,0.42,-0.42,46.2,,,,,
CH,2022-05-08,83.5,-2.72,5.25,"Judge, Aaron",592450,641540,single,hit_into_play,,,,,8.0,Aaron Judge singles on a ground ball to third baseman Brad Miller.,R,R,R,NYY,TEX,X,5.0,ground_ball,0,1,2022,-1.58,0.27,0.13,2.46,,,,0,6,Bot,106.72,176.06,,,,,9.700409369734947,-121.30458100953324,-0.560391610115015,-17.398253862287493,21.846263762334075,-29.560123394294713,4.01,1.89,10.0,91.0,-14.0,84.0,1807.0,6.5,661302,641598,628451,543760,543543,608369,676646,666969,594777,53.95,0.15,0.146,0.9,1.0,1.0,0.0,2.0,43,2,Changeup,0,0,0,0,0,0,0,0,Infield shift,Standard,252.0,0.055,0.478,,,0.173,-0.478,91.0,0,0,0.571,0.571,27,30,28,30,3,2,8.0,4.0,5.0,0.0,2.99,1.58,1.58,30.5,,,,,
CH,2022-05-08,87.3,-1.61,5.95,"Judge, Aaron",592450,657248,field_out,hit_into_play,,,,,9.0,"Aaron Judge grounds out, shortstop Marcus Semien to first baseman Nathaniel Lowe.",R,R,R,NYY,TEX,X,6.0,ground_ball,1,2,2022,-1.76,0.94,0.76,2.19,,,,2,5,Bot,115.36,150.75,,,,,9.463277225568616,-126.67396690125804,-4.807495199881883,-20.937442420641194,27.90025317696231,-21.2449460658736,3.97,1.86,24.0,100.4,-4.0,88.0,1695.0,7.1,661304,641680,663993,518586,628451,543760,669256,642201,666969,53.43,0.289,0.284,0.0,1.0,0.0,0.0,2.0,38,7,Changeup,2,0,2,0,0,2,2,0,Infield shift,Standard,229.0,-0.005,-0.181,,,0.298,0.181,100.4,2,2,0.784,0.784,26,30,26,30,3,2,11.0,0.0,6.0,1.0,2.09,1.76,1.76,48.9,,,,,
SI,2022-05-08,89.9,-2.56,5.26,"Judge, Aaron",592450,641540,field_out,hit_into_play,,,,,8.0,Aaron Judge flies out sharply to right fielder Kole Calhoun.,R,R,R,NYY,TEX,X,9.0,fly_ball,3,2,2022,-1.31,0.47,0.16,2.5,,,,1,1,Bot,186.96,87.99,,,,,9.571960844339458,-130.69984186081115,-1.872309892474352,-17.049562732620124,26.343493075956676,-26.629730865068684,4.01,1.89,313.0,101.2,38.0,90.7,1978.0,6.7,661302,641598,628451,543760,543543,608369,676646,666969,594777,53.79,0.3073846153846153,0.6068461538461538,0.0,1.0,0.0,0.0,5.0,7,7,Sinker,0,0,0,0,0,0,0,0,Infield shift,Standard,231.0,-0.02,-0.328,,,1.1940000000000002,0.328,101.2,0,0,0.53,0.53,27,30,28,30,1,0,8.0,4.0,5.0,0.0,2.35,1.31,1.31,28.7,,,,,
FF,2022-05-08,92.1,-1.8,6.04,"Judge, Aaron",592450,657248,field_out,hit_into_play,,,,,2.0,Aaron Judge flies out to right fielder Adolis Garcia in foul territory.,R,R,R,NYY,TEX,X,9.0,fly_ball,0,2,2022,-0.71,1.3,-0.19,3.35,,,543305.0,0,1,Bot,186.8,151.96,,,,,5.677768311132409,-133.94145969320277,-3.815221421446906,-9.789052221345312,29.56962353214318,-15.872035465680144,3.97,1.86,192.0,88.7,57.0,92.6,2314.0,6.7,661304,641680,663993,518586,628451,543760,669256,642201,666969,53.83,0.016,0.016,0.0,1.0,0.0,0.0,3.0,6,3,4-Seam Fastball,0,0,0,0,0,0,0,0,Infield shift,Standard,206.0,-0.021,-0.138,,,0.023,0.138,88.7,0,0,0.572,0.572,26,30,26,30,1,0,11.0,0.0,6.0,1.0,1.39,0.71,0.71,46.0,,,,,
SL,2022-05-08,83.0,-2.89,5.63,"Judge, Aaron",592450,642701,field_out,hit_into_play,,,,,8.0,Aaron Judge flies out to center fielder Adolis Garcia.,R,R,R,NYY,TEX,X,8.0,fly_ball,2,1,2022,0.16,-0.51,0.06,1.89,650402.0,503556.0,,2,7,Bot,105.24,62.16,,,,,6.429224738823335,-120.71573662951234,-1.0182484798759937,0.2367493958294133,25.482209874557174,-37.17519894926341,4.01,1.89,342.0,94.8,34.0,82.8,2518.0,6.4,661302,641598,628451,543760,543543,608369,676646,666969,594777,54.11,0.092,0.172,0.0,1.0,0.0,0.0,3.0,56,4,Slider,1,1,1,1,1,1,1,1,Infield shift,Standard,64.0,-0.099,-0.278,,,0.335,0.278,94.8,0,0,0.599,0.599,26,30,26,30,1,3,5.0,4.0,0.0,0.0,3.85,-0.16,-0.16,33.7,,,,,
CH,2022-05-08,88.2,-2.73,5.66,"Judge, Aaron",592450,642701,field_out,hit_into_play,,,,,5.0,Aaron Judge flies out to left fielder Zach Reks.,R,R,R,NYY,TEX,X,7.0,fly_ball,1,0,2022,-1.58,0.61,-0.15,2.71,643396.0,624431.0,543305.0,2,7,Bot,101.21,100.29,,,,,9.567668019114262,-128.15679211167352,-2.4005307461901375,-19.31422510238192,23.88427800592553,-25.10161148658089,3.97,1.86,254.0,88.2,45.0,88.7,2007.0,6.5,661304,641680,663993,628451,543543,543760,676646,666969,594777,54.04,0.005,0.005,0.0,1.0,0.0,0.0,3.0,57,2,Changeup,2,4,2,4,4,2,2,4,Standard,Standard,232.0,-0.151,-0.306,,,0.005,0.306,88.2,-2,-2,0.289,0.289,26,30,26,30,1,3,0.0,0.0,3.0,1.0,2.3,1.58,1.58,33.1,,,,,
FF,2022-05-03,96.0,-2.2,5.84,"Judge, Aaron",592450,666201,home_run,hit_into_play,,,,,7.0,Aaron Judge homers (9) on a fly ball to left field.,R,R,R,TOR,NYY,X,,fly_ball,3,2,2022,-0.54,1.43,-0.34,2.37,,,,2,6,Top,43.96,52.17,,,,,6.193663989561187,-139.46206593975396,-6.819643090588267,-8.564307181510037,35.17986898985926,-12.119876222926518,3.99,1.87,427.0,114.9,25.0,96.1,2508.0,6.7,661796,672386,665489,669289,656305,666182,666971,543807,606132,53.77,0.993,1.996,2.0,1.0,0.0,3.0,6.0,41,8,4-Seam Fastball,1,0,0,1,1,1,1,1,Standard,Strategic,214.0,-0.161,2.549,,,3.903,-2.549,114.9,1,-1,0.72,0.28,24,30,24,30,3,2,5.0,1.0,5.0,1.0,1.07,0.54,0.54,42.5,,,,,
SL,2022-05-03,87.9,-1.63,6.17,"Judge, Aaron",592450,657240,double,hit_into_play,,,,,8.0,Aaron Judge doubles (6) on a sharp line drive to left fielder Lourdes Gurriel Jr.  Jose Trevino scores.    Aaron Hicks scores.,R,R,R,TOR,NYY,X,7.0,line_drive,1,2,2022,0.2,0.08,-0.13,2.15,624431.0,,543305.0,1,7,Top,114.06,57.77,,,,,3.245706308644954,-127.8738517636454,-3.728890954037676,1.4825682741888229,28.685354775517737,-30.71419933463132,3.99,1.87,362.0,110.5,18.0,88.0,2288.0,6.6,661796,672386,665489,669289,656305,666182,666971,543807,606132,53.92,0.7131111111111111,1.1877222222222223,1.25,1.0,1.0,1.0,6.0,53,4,Slider,1,5,5,1,7,1,7,1,Infield shift,Strategic,359.0,-0.032,0.799,,,2.185833333333333,-0.799,110.5,-4,4,0.047,0.953,30,30,31,30,1,3,4.0,1.0,4.0,1.0,2.89,-0.2,-0.2,53.5,,,,,
KC,2022-05-02,81.7,-2.4,6.31,"Judge, Aaron",592450,475479,field_out,hit_into_play,,,,,7.0,"Aaron Judge grounds out sharply, shortstop Bo Bichette to first baseman Vladimir Guerrero.",R,R,R,TOR,NYY,X,6.0,ground_ball,3,1,2022,0.23,-0.8,-0.35,2.19,,,,1,5,Top,100.98,145.8,,,,,4.097499641421501,-118.89646898192947,-1.1687028826561234,1.3275139757513357,23.397713951331298,-39.70459896139396,4.0,1.87,65.0,111.9,1.0,79.7,2544.0,5.0,661823,623168,665489,669289,656305,666182,666971,543807,606132,55.52,0.566,0.529,0.0,1.0,0.0,0.0,4.0,36,5,Knuckle Curve,2,2,2,2,2,2,2,2,Infield shift,Strategic,41.0,0.035,-0.405,,,0.623,0.405,111.9,0,0,0.517,0.483,35,30,36,30,1,2,3.0,1.0,2.0,1.0,4.22,-0.23,-0.23,40.9,,,,,
FF,2022-05-02,92.9,-0.8,7.09,"Judge, Aaron",592450,548389,single,hit_into_play,,,,,9.0,Aaron Judge singles on a line drive to right fielder Raimel Tapia.,R,R,R,TOR,NYY,X,9.0,line_drive,0,1,2022,-0.68,1.71,0.31,1.75,,,,1,1,Top,207.6,102.03,,,,,4.29182002212892,-134.70705857967744,-11.458605944855252,-9.251852974210076,30.93395329150034,-8.997591437366708,4.0,1.87,265.0,103.0,13.0,91.9,2192.0,6.0,661823,623168,665489,669289,656305,666182,666971,543807,606132,54.49,0.882,0.901,0.9,1.0,1.0,0.0,4.0,2,2,4-Seam Fastball,0,0,0,0,0,0,0,0,Infield shift,Strategic,202.0,-0.026,0.453,,,1.194,-0.453,103.0,0,0,0.524,0.476,32,30,33,30,1,0,5.0,1.0,5.0,1.0,0.96,0.68,0.68,64.4,,,,,
SI,2022-05-02,87.1,-4.05,2.18,"Judge, Aaron",592450,643256,field_out,hit_into_play,,,,,14.0,"Aaron Judge grounds out, shortstop Bo Bichette to first baseman Vladimir Guerrero.",R,R,R,TOR,NYY,X,6.0,ground_ball,0,0,2022,-1.2,-0.74,0.01,1.72,,,,1,8,Top,113.98,154.18,,,,,12.129682520448268,-125.91286857105268,6.739845441630455,-15.455435683345986,30.026682751795157,-41.944116089075266,4.0,1.87,10.0,98.8,-9.0,86.0,2213.0,6.3,661823,623168,665489,669289,656305,666182,666971,543807,606132,54.18,0.247,0.244,0.0,1.0,0.0,0.0,2.0,57,1,Sinker,2,2,2,2,2,2,2,2,Infield shift,Strategic,279.0,0.036,-0.246,,,0.255,0.246,98.8,0,0,0.546,0.4539999999999999,31,30,32,30,1,3,2.0,1.0,1.0,1.0,3.83,1.2,1.2,-29.3,,,,,
SI,2022-05-01,98.0,-0.8,6.28,"Judge, Aaron",592450,622251,home_run,hit_into_play,,,,,8.0,Aaron Judge homers (8) on a fly ball to right center field.,R,R,R,KC,NYY,X,,fly_ball,2,0,2022,-0.61,1.45,-0.05,2.47,,,,2,9,Top,203.11,58.84,,,,,3.484685416058541,-142.50070653192245,-8.252737035824886,-9.116338648584122,31.026038754105528,-10.681122102748484,4.0,1.86,395.0,106.8,35.0,99.2,2218.0,6.9,662691,521692,467793,593160,656896,670032,643217,572191,641531,53.62,0.7944285714285714,1.6145238095238097,2.0,1.0,0.0,3.0,6.0,73,3,Sinker,4,5,5,4,6,4,6,4,Standard,Standard,188.0,-0.101,2.496,,,3.153047619047619,-2.496,106.8,-1,1,0.191,0.8089999999999999,28,30,29,30,1,4,3.0,2.0,9.0,1.0,0.91,0.61,0.61,65.2,,,,,
FF,2022-05-01,93.9,1.25,5.99,"Judge, Aaron",592450,663738,home_run,hit_into_play,,,,,8.0,Aaron Judge homers (7) on a fly ball to center field.,R,R,L,KC,NYY,X,,fly_ball,1,0,2022,0.34,1.24,0.07,2.48,,,,1,1,Top,135.33,15.38,,,,,-3.845505937446884,-136.57952828254724,-6.1697825469840195,5.143045169025525,30.01788065275473,-15.435107880345496,4.0,1.86,453.0,113.5,27.0,94.8,1890.0,6.9,662691,595956,467793,593160,656896,670032,643217,572191,664728,53.64,0.985,2.0,2.0,1.0,0.0,3.0,6.0,2,2,4-Seam Fastball,0,0,0,0,1,0,1,0,Standard,Strategic,161.0,-0.096,1.546,,,3.9275,-1.546,113.5,0,0,0.52,0.48,25,30,26,30,1,0,5.0,2.0,7.0,1.0,1.34,0.34,-0.34,49.8,,,,,
SL,2022-05-01,83.7,-2.25,4.98,"Judge, Aaron",592450,605130,field_out,hit_into_play,,,,,9.0,"Aaron Judge grounds out softly, pitcher Scott Barlow to first baseman Carlos Santana. Isiah Kiner-Falefa scores. Anthony Rizzo to 3rd. DJ LeMahieu to 2nd.",R,R,R,KC,NYY,X,1.0,ground_ball,0,1,2022,0.91,0.1,0.32,1.92,643396.0,519203.0,518934.0,0,7,Top,129.82,199.66,,,,,4.1836889454237225,-121.9675524676062,-0.877970340232838,8.258232633680493,23.477315456177315,-31.177043545440064,4.0,1.86,4.0,21.7,-21.0,84.6,2363.0,6.8,662691,521692,467793,593160,656896,670032,643217,572191,664728,53.72,0.308,0.304,0.0,1.0,0.0,0.0,1.0,57,2,Slider,4,3,3,4,4,4,4,4,Standard,Standard,111.0,-0.055,-0.218,,,0.317,0.218,88.0,1,-1,0.407,0.593,29,30,30,30,1,3,3.0,2.0,7.0,1.0,3.13,-0.91,-0.91,20.2,,,,,
FF,2022-04-29,98.2,-2.05,6.02,"Judge, Aaron",592450,669395,home_run,hit_into_play,,,,,6.0,Aaron Judge homers (6) on a fly ball to right center field.    Kyle Higashioka scores.    DJ LeMahieu scores.,R,R,R,KC,NYY,X,,fly_ball,0,1,2022,-0.43,1.22,0.53,2.73,,543309.0,518934.0,2,7,Top,198.31,59.22,,,,,8.060962365167855,-142.71632939266408,-6.35915705965384,-7.68743697958473,31.32706101046525,-14.140598596505878,4.01,1.86,389.0,105.4,34.0,99.3,2480.0,6.8,662741,521692,467793,593160,677951,670032,643217,572191,658668,53.66,0.7423928571428572,1.520392857142857,2.0,1.0,0.0,3.0,6.0,54,2,4-Seam Fastball,2,4,4,2,7,2,7,2,Standard,Standard,214.0,-0.158,1.703,,,2.9611071428571414,-1.703,105.4,-2,2,0.195,0.8049999999999999,25,30,26,30,1,3,5.0,1.0,2.0,2.0,1.14,0.43,0.43,34.1,,,,,
CH,2022-04-29,81.6,1.6,5.81,"Judge, Aaron",592450,663460,field_out,hit_into_play,,,,,5.0,Aaron Judge lines out sharply to center fielder Michael A.   Taylor.,R,R,L,KC,NYY,X,8.0,line_drive,2,2,2022,0.85,0.28,-0.27,2.63,,518934.0,,0,1,Top,111.23,72.02,,,,,-5.8837863456369535,-118.79944213653476,-1.158094917179043,9.116760824384682,21.44315893158632,-29.50683840263293,4.01,1.86,318.0,105.6,18.0,82.2,1609.0,6.5,662741,521692,467793,593160,677951,670032,643217,572191,658668,53.96,0.4303999999999998,0.64656,0.0,1.0,0.0,0.0,6.0,2,5,Changeup,0,0,0,0,0,0,0,0,Standard,Standard,118.0,0.036,-0.218,,,1.1428,0.218,105.6,0,0,0.445,0.5549999999999999,24,30,25,30,1,0,6.0,1.0,5.0,2.0,3.12,0.85,-0.85,43.3,,,,,
FF,2022-04-28,88.7,0.69,6.09,"Judge, Aaron",592450,669145,single,hit_into_play,,,,,5.0,"Aaron Judge singles on a sharp ground ball to center fielder Ryan McKenna, deflected by second baseman Rougned Odor. Marwin Gonzalez scores. DJ LeMahieu to 2nd.",R,R,L,NYY,BAL,X,4.0,ground_ball,2,1,2022,0.7,1.37,0.27,2.65,503556.0,,518934.0,1,5,Bot,137.63,109.31,,,,,-2.4587532328576964,-129.21707575622807,-5.25095903677777,8.328759282140739,23.772918523293058,-15.901095586564676,3.98,1.84,138.0,101.5,7.0,88.6,2393.0,5.9,661305,621532,641820,596059,642721,622761,669720,663630,623993,54.57,0.645,0.61,0.9,1.0,1.0,0.0,4.0,45,4,4-Seam Fastball,1,2,1,2,2,2,2,2,Standard,Standard,147.0,0.095,0.417,,,0.74,-0.417,101.5,-1,-1,0.522,0.522,27,30,27,30,3,2,6.0,1.0,5.0,1.0,1.49,0.7,-0.7,46.5,,,,,
FF,2022-04-28,95.9,-1.73,6.46,"Judge, Aaron",592450,657508,field_out,hit_into_play,,,,,5.0,Aaron Judge flies out to right fielder Anthony Santander. DJ LeMahieu to 3rd.,R,R,R,NYY,BAL,X,9.0,fly_ball,0,2,2022,-0.68,1.47,0.25,2.57,,518934.0,,0,7,Bot,182.58,85.97,,,,,6.777242769049268,-139.3222443638096,-8.01003686991575,-10.365201747064912,31.032409296031886,-11.353091889890267,3.98,1.84,314.0,99.7,25.0,96.1,2281.0,6.5,661305,621532,641820,596059,642721,622761,669720,663630,623993,54.04,0.4487826086956523,0.7786521739130434,0.0,1.0,0.0,0.0,6.0,64,3,4-Seam Fastball,5,2,5,2,2,5,5,2,Standard,Standard,197.0,0.002,-0.16,,,1.468304347826087,0.16,99.7,3,3,0.954,0.954,26,30,27,30,1,3,4.0,1.0,23.0,1.0,1.01,0.68,0.68,57.8,,,,,
SL,2022-04-28,83.5,2.45,5.08,"Judge, Aaron",592450,643316,home_run,hit_into_play,,,,,7.0,Aaron Judge homers (5) on a fly ball to left center field. Kyle Higashioka scores. DJ LeMahieu scores.,R,R,L,NYY,BAL,X,,fly_ball,3,1,2022,-0.88,-0.27,-0.45,2.33,543309.0,518934.0,,1,8,Bot,39.47,54.1,,,,,-4.95036704491508,-121.65393981283026,0.5742293684295035,-7.873834979737872,22.287181280466452,-35.13823691687351,3.98,1.84,415.0,113.6,23.0,83.8,2682.0,6.3,661305,621532,641820,596059,642721,622761,669720,663630,623993,54.21,0.98675,1.95525,2.0,1.0,0.0,3.0,6.0,76,5,Slider,7,2,7,2,2,10,10,2,Strategic,Standard,322.0,0.002,0.97,,,3.801,-0.97,113.6,5,5,0.997,0.997,29,30,30,30,1,4,2.0,1.0,4.0,1.0,3.51,-0.88,0.88,31.9,,,,,
,2022-04-28,,,,"Judge, Aaron",592450,669145,field_out,hit_into_play,,,,,,"Aaron Judge grounds out, first baseman Trey Mancini to pitcher Bruce Zimmermann.",R,R,L,NYY,BAL,X,3.0,ground_ball,2,0,2022,,,,,,,,1,1,Bot,151.57,158.43,,,,,,,,,,,,,,,,,,,661305,621532,641820,596059,642721,622761,669720,663630,623993,,,,0.0,,0.0,0.0,,7,3,,0,0,0,0,0,0,0,0,Standard,Standard,,-0.023,-0.352,,,,0.352,,0,0,0.533,0.533,27,30,27,30,1,0,6.0,1.0,5.0,1.0,,,,,,,,,
CH,2022-04-27,86.6,-1.15,6.77,"Judge, Aaron",592450,669330,single,hit_into_play,,,,,8.0,Aaron Judge singles on a ground ball to left fielder Austin Hays.,R,R,R,NYY,BAL,X,7.0,ground_ball,1,1,2022,-1.42,1.13,-0.02,2.43,,,,2,3,Bot,87.9,106.88,,,,,5.602921514980808,-125.8880041236366,-6.458761607380898,-16.23568395160429,26.23218884396372,-19.047997659993733,4.01,1.88,37.0,101.3,-2.0,86.7,2195.0,6.5,661306,455139,641820,572008,602104,622761,669720,656775,663630,54.04,0.358,0.352,0.9,1.0,1.0,0.0,2.0,22,3,Changeup,2,0,2,0,0,2,2,0,Standard,Standard,217.0,0.009,0.32,,,0.399,-0.32,101.3,2,2,0.737,0.737,27,30,28,30,2,1,6.0,1.0,5.0,1.0,1.92,1.42,1.42,52.5,,,,,
FC,2022-04-27,87.5,-1.38,6.73,"Judge, Aaron",592450,669330,single,hit_into_play,,,,,4.0,Aaron Judge singles on a ground ball to left fielder Austin Hays.,R,R,R,NYY,BAL,X,7.0,ground_ball,2,1,2022,0.5,0.13,-0.32,2.69,,,,1,1,Bot,106.09,106.88,,,,,1.5183524174049068,-127.39379264384016,-3.875553126735259,5.184021018200922,25.92730546454886,-30.198829515848544,4.01,1.88,33.0,106.1,-3.0,87.6,2555.0,6.3,661306,455139,641820,572008,602104,622761,669720,656775,663630,54.18,0.4,0.36,0.9,1.0,1.0,0.0,4.0,5,4,Cutter,0,0,0,0,0,0,0,0,Standard,Standard,164.0,0.022,0.376,,,0.417,-0.376,106.1,0,0,0.529,0.529,27,30,28,30,1,0,6.0,1.0,5.0,1.0,2.84,-0.5,-0.5,49.4,,,,,
FF,2022-04-26,94.3,-0.75,6.33,"Judge, Aaron",592450,641329,single,hit_into_play,,,,,14.0,Aaron Judge singles on a sharp ground ball to right fielder Anthony Santander.   DJ LeMahieu to 3rd.,R,R,R,NYY,BAL,X,9.0,ground_ball,1,2,2022,-0.11,1.24,0.9,2.48,,,518934.0,0,7,Bot,162.49,119.62,,,,,4.560444353342926,-137.24116918184097,-7.095405990663067,-2.380844146502825,29.20070781216508,-15.163168011192914,3.97,1.87,87.0,104.8,4.0,94.7,2370.0,6.4,661309,455139,663624,596059,602104,622761,669720,656775,623993,54.05,0.595,0.567,0.9,1.0,1.0,0.0,4.0,56,4,4-Seam Fastball,6,4,6,4,4,6,6,4,Standard,Standard,194.0,0.043,0.524,,,0.68,-0.524,104.8,2,2,0.898,0.898,27,30,28,30,1,3,3.0,2.0,2.0,1.0,1.32,0.11,0.11,53.4,,,,,
CU,2022-04-26,72.4,2.93,6.43,"Judge, Aaron",592450,649144,home_run,hit_into_play,,,,,4.0,Aaron Judge homers (4) on a fly ball to left field.,R,R,L,NYY,BAL,X,,fly_ball,0,1,2022,-1.0,-0.85,-0.63,2.98,,,,2,8,Bot,40.98,64.54,,,,,-5.269913193117689,-105.23695635609153,2.009649963082629,-6.346570111855933,20.277165262040107,-39.09047008157694,3.97,1.87,392.0,98.5,34.0,70.5,2532.0,5.1,661309,455139,663624,596059,602104,622761,669720,656775,623993,55.37,0.3396315789473684,0.680842105263158,2.0,1.0,0.0,3.0,5.0,72,2,Curveball,10,8,10,8,8,11,11,8,Standard,Standard,323.0,0.04,2.638,,,1.3349999999999995,-2.638,98.5,2,2,0.927,0.927,25,30,25,30,1,4,10.0,2.0,,1.0,5.26,-1.0,1.0,53.8,,,,,
CU,2022-04-26,81.0,-1.24,6.17,"Judge, Aaron",592450,543475,field_out,hit_into_play,,,,,9.0,"Aaron Judge grounds out, shortstop Jorge Mateo to first baseman Ryan Mountcastle.",R,R,R,NYY,BAL,X,6.0,ground_ball,0,1,2022,0.36,-1.14,0.36,2.03,,,,1,1,Bot,103.26,160.25,,,,,2.906414587113296,-117.91965332135288,-0.3663379252849088,2.708814321502276,25.09071501751123,-42.88664649292445,3.97,1.87,11.0,90.3,-10.0,81.2,2395.0,6.7,661309,455139,663624,596059,602104,622761,669720,656775,623993,53.83,0.171,0.163,0.0,1.0,0.0,0.0,2.0,5,2,Curveball,0,0,0,0,0,0,0,0,Standard,Strategic,24.0,-0.014,-0.208,,,0.201,0.208,90.3,0,0,0.524,0.524,31,30,32,30,1,0,6.0,2.0,5.0,1.0,4.65,-0.36,-0.36,43.6,,,,,
SI,2022-04-24,91.6,-1.35,5.92,"Judge, Aaron",592450,650644,double,hit_into_play,,,,,7.0,Aaron Judge doubles (5) on a sharp line drive to left fielder Steven Kwan.,R,R,R,NYY,CLE,X,7.0,line_drive,0,1,2022,-1.33,0.8,-0.57,2.46,,,,1,1,Bot,59.73,115.85,,,,,4.824563514401025,-133.27366483897592,-4.56857010398768,-16.880863092770646,29.268744476909717,-21.851847802369058,3.94,1.84,263.0,109.6,16.0,91.0,2236.0,6.0,661317,595978,680911,665926,608070,642708,680757,664702,640458,54.5,0.4772307692307692,0.6843076923076923,1.25,1.0,1.0,1.0,6.0,6,2,Sinker,0,0,0,0,0,0,0,0,Standard,Standard,212.0,0.043,0.703,,,1.1906153846153844,-0.703,109.6,0,0,0.524,0.524,27,30,27,30,1,0,7.0,1.0,5.0,2.0,1.92,1.33,1.33,42.6,,,,,
SI,2022-04-24,93.3,1.77,6.23,"Judge, Aaron",592450,656529,grounded_into_double_play,hit_into_play,,,,,9.0,"Aaron Judge grounds into a double play, pitcher Sam Hentges to second baseman Andres Gimenez to first baseman Owen Miller.   DJ LeMahieu out at 2nd.    Aaron Judge out at 1st.",R,R,L,NYY,CLE,X,1.0,ground_ball,0,0,2022,0.88,1.0,0.77,2.01,,,518934.0,0,4,Bot,131.0,179.53,,,,,-4.545643884977853,-135.6529535278001,-7.346764457439331,11.82966331205746,30.80619517472001,-18.396912014644247,3.94,1.84,15.0,81.5,-6.0,94.1,1976.0,6.9,661317,595978,680911,665926,608070,642708,676391,664702,640458,53.64,0.124,0.116,0.0,1.0,0.0,0.0,2.0,34,1,Sinker,6,0,6,0,0,6,6,0,Standard,Standard,149.0,-0.008,-0.34,,,0.159,0.34,88.0,6,6,0.972,0.972,25,30,26,30,1,2,4.0,1.0,3.0,2.0,1.63,0.88,-0.88,37.0,,,,,
SI,2022-04-23,92.4,-1.1,6.43,"Judge, Aaron",592450,615698,field_out,hit_into_play,,,,,4.0,"Aaron Judge grounds out, third baseman Jose Ramirez to first baseman Josh Naylor.",R,R,R,NYY,CLE,X,5.0,ground_ball,1,0,2022,-0.8,1.17,-0.81,3.06,,,,1,6,Bot,95.2,155.13,,,,,2.487337608505653,-134.5811157075144,-5.342531176446113,-10.317014362732714,27.709088321545483,-16.942337916724327,3.93,1.83,10.0,82.8,-17.0,92.4,2084.0,6.1,661310,595978,647304,676391,608070,642708,680757,664702,640458,54.37,0.084,0.082,0.0,1.0,0.0,0.0,2.0,40,2,Sinker,2,2,2,2,2,2,2,2,Strategic,Standard,206.0,-0.029,-0.282,,,0.106,0.282,88.0,0,0,0.546,0.546,27,30,27,30,3,2,7.0,1.0,5.0,1.0,1.48,0.8,0.8,53.7,,,,,
SI,2022-04-23,90.4,-1.09,6.6,"Judge, Aaron",592450,615698,field_out,hit_into_play,,,,,4.0,Aaron Judge lines out sharply to center fielder Myles Straw.,R,R,R,NYY,CLE,X,8.0,line_drive,0,0,2022,-0.79,1.54,-0.66,2.95,,,,0,4,Bot,132.08,78.51,,,,,2.732250451225974,-131.5055803779392,-6.374223156518365,-9.747231659881807,28.77348201567171,-13.176863061118835,3.93,1.83,301.0,107.5,16.0,90.0,2209.0,6.1,661310,595978,647304,676391,608070,642708,680757,664702,640458,54.4,0.508,0.758,0.0,1.0,0.0,0.0,6.0,23,1,Sinker,0,0,0,0,0,0,0,0,Standard,Standard,204.0,-0.027,-0.247,,,1.3385,0.247,107.5,0,0,0.56,0.56,27,30,27,30,2,1,7.0,1.0,5.0,1.0,1.26,0.79,0.79,54.5,,,,,
FC,2022-04-23,93.5,-2.96,6.03,"Judge, Aaron",592450,543766,field_out,hit_into_play,,,,,8.0,Aaron Judge lines out sharply to second baseman Ernie Clement.,R,R,R,NYY,CLE,X,4.0,line_drive,2,2,2022,0.51,0.63,-0.08,1.84,,,518934.0,0,8,Bot,140.07,130.25,,,,,6.2106596535496905,-136.02531159513788,-6.4158302077494485,5.168404644031262,27.063713987646555,-23.18838930974341,3.93,1.83,180.0,105.6,8.0,92.7,2379.0,5.6,661310,595978,647304,676391,608070,642708,680757,664702,640458,54.87,0.676,0.64,0.0,1.0,0.0,0.0,4.0,58,6,Cutter,3,4,3,4,4,3,3,4,Standard,Standard,173.0,-0.081,-0.223,,,0.797,0.223,105.6,-1,-1,0.397,0.397,34,30,35,30,1,3,3.0,1.0,2.0,1.0,1.96,-0.51,-0.51,44.3,,,,,
FC,2022-04-23,84.0,-1.17,6.57,"Judge, Aaron",592450,615698,field_out,hit_into_play,,,,,7.0,"Aaron Judge grounds out, third baseman Jose Ramirez to first baseman Josh Naylor.",R,R,R,NYY,CLE,X,5.0,ground_ball,0,2,2022,0.56,0.15,-0.34,2.13,,,,1,1,Bot,103.67,172.98,,,,,0.8157638793603426,-122.35194120931357,-4.191589967120288,5.455282021956563,23.095423177528204,-30.112206125657053,3.93,1.83,96.0,108.9,6.0,83.7,2351.0,5.9,661310,595978,647304,676391,608070,642708,680757,664702,640458,54.57,0.697,0.67,0.0,1.0,0.0,0.0,4.0,5,4,Cutter,0,0,0,0,0,0,0,0,Standard,Standard,114.0,-0.01,-0.159,,,0.814,0.159,108.9,0,0,0.52,0.52,27,30,27,30,1,0,7.0,1.0,5.0,1.0,3.07,-0.56,-0.56,52.6,,,,,
FF,2022-04-22,91.0,-0.43,5.76,"Judge, Aaron",592450,669212,home_run,hit_into_play,,,,,6.0,Aaron Judge homers (2) on a fly ball to center field.   DJ LeMahieu scores.,R,R,R,NYY,CLE,X,,fly_ball,3,1,2022,-1.08,1.43,0.37,2.57,,,518934.0,2,3,Bot,161.28,28.05,,,,,4.341943548399648,-132.36474640849505,-5.151888375567487,-13.637203421138826,29.22658869961147,-14.467907789041169,3.93,1.83,397.0,112.0,34.0,90.9,2242.0,6.4,661311,681526,656252,665926,608070,642708,680757,664702,647304,54.15,0.9166666666666666,1.869,2.0,1.0,0.0,3.0,6.0,22,5,4-Seam Fastball,0,0,0,0,0,2,2,0,Standard,Standard,220.0,0.202,2.13,,,3.6596666666666664,-2.13,112.0,0,0,0.535,0.535,26,30,26,30,2,1,5.0,1.0,9.0,1.0,1.33,1.08,1.08,44.2,,,,,
FF,2022-04-22,92.3,2.59,5.77,"Judge, Aaron",592450,668684,home_run,hit_into_play,,,,,6.0,Aaron Judge homers (3) on a line drive to right field.,R,R,L,NYY,CLE,X,,line_drive,3,2,2022,0.65,0.89,0.64,3.11,,,,1,5,Bot,215.64,81.85,,,,,-6.333798688407097,-134.30288412286907,-2.8788067836696927,9.228858088138582,29.884198720892257,-20.950135344685545,3.93,1.83,364.0,112.0,19.0,91.7,1792.0,6.0,661311,681526,656252,665926,608070,642708,680757,664702,647304,54.52,0.8516,1.514,2.0,1.0,0.0,3.0,6.0,41,7,4-Seam Fastball,3,1,3,1,1,4,4,1,Strategic,Standard,159.0,0.076,1.501,,,2.8482999999999996,-1.501,112.0,2,2,0.799,0.799,27,30,28,30,1,2,,1.0,65.0,1.0,1.79,0.65,-0.65,40.1,,,,,
SL,2022-04-22,79.4,1.93,5.84,"Judge, Aaron",592450,663455,field_out,hit_into_play,,,,,9.0,Aaron Judge flies out to right fielder Josh Naylor.,R,R,L,NYY,CLE,X,9.0,fly_ball,1,1,2022,-0.38,-0.15,0.75,2.28,,,518934.0,0,7,Bot,165.02,73.99,,,,,-1.884724760112416,-115.73898774012277,-0.7760247689046236,-3.118132914221355,21.209660912434263,-33.62894499018565,3.93,1.83,324.0,94.8,34.0,79.6,2214.0,6.3,661311,681526,656252,665926,608070,642708,680757,664702,647304,54.22,0.092,0.172,0.0,1.0,0.0,0.0,3.0,57,3,Slider,4,1,4,1,1,4,4,1,Standard,Standard,322.0,-0.008,-0.225,,,0.335,0.225,94.8,3,3,0.95,0.95,24,30,25,30,1,3,5.0,1.0,16.0,1.0,3.75,-0.38,0.38,41.2,,,,,
FF,2022-04-21,90.7,-2.23,6.47,"Judge, Aaron",592450,501381,field_out,hit_into_play,,,,,1.0,"Aaron Judge grounds out, shortstop Willi Castro to first baseman Spencer Torkelson.",R,R,R,DET,NYY,X,6.0,ground_ball,2,2,2022,-0.57,1.19,-0.43,3.59,,,,0,4,Top,105.63,147.49,,,,,5.7293201217589855,-131.89165595381107,-3.772937300796225,-7.890453725743233,29.45520016821603,-17.69536599539988,3.93,1.84,17.0,95.6,-11.0,90.6,1956.0,6.4,662850,606992,679529,570731,600869,650489,640457,622682,543257,54.13,0.171,0.174,0.0,1.0,0.0,0.0,2.0,23,5,4-Seam Fastball,1,0,0,1,0,1,0,1,Strategic,Standard,216.0,0.026,-0.218,,,0.171,0.218,95.6,1,-1,0.626,0.374,33,30,33,30,2,1,,1.0,6.0,1.0,1.6,0.57,0.57,,,,,,
FF,2022-04-21,94.8,-1.71,5.84,"Judge, Aaron",592450,606930,single,hit_into_play,,,,,9.0,Aaron Judge singles on a line drive to right fielder Robbie Grossman.,R,R,R,DET,NYY,X,9.0,line_drive,2,2,2022,-0.07,1.54,0.59,1.72,,,,1,6,Top,152.04,116.5,,,,,6.204014722528065,-137.7791800930697,-8.634141907508058,-2.1103096530908374,28.31451622212576,-10.851339964954402,3.93,1.84,178.0,84.8,13.0,95.9,2392.0,6.8,662850,606992,679529,570731,600869,650489,640457,622682,543257,53.71,0.787,0.718,0.9,1.0,1.0,0.0,4.0,40,5,4-Seam Fastball,1,0,0,1,0,1,0,1,Standard,Standard,199.0,-0.044,0.449,,,0.853,-0.449,88.0,1,-1,0.699,0.301,32,30,32,30,1,2,2.0,1.0,3.0,1.0,0.99,0.07,0.07,,,,,,
SL,2022-04-21,80.1,-2.48,6.51,"Judge, Aaron",592450,501381,field_out,hit_into_play,,,,,8.0,Aaron Judge flies out to left fielder Austin Meadows.,R,R,R,DET,NYY,X,7.0,fly_ball,0,1,2022,0.34,0.01,-0.05,2.4,,,,1,1,Top,74.97,73.21,,,,,4.73545795727463,-116.55074043237664,-2.3110658772975463,2.0648800780765444,24.475309763046234,-31.803692996212607,3.93,1.84,335.0,98.1,42.0,79.8,1875.0,6.3,662850,606992,679529,570731,600869,650489,640457,622682,543257,54.17,0.045,0.07,0.0,1.0,0.0,0.0,3.0,2,2,Slider,0,0,0,0,0,0,0,0,Infield shift,Standard,23.0,0.014,-0.208,,,0.14,0.208,98.1,0,0,0.524,0.476,33,30,33,30,1,0,,1.0,6.0,1.0,3.57,-0.34,-0.34,,,,,,
FF,2022-04-20,90.2,1.86,5.76,"Judge, Aaron",592450,593958,field_out,hit_into_play,,,,,9.0,"Aaron Judge grounds out, second baseman Jonathan Schoop to first baseman Spencer Torkelson.",R,R,L,DET,NYY,X,4.0,ground_ball,2,1,2022,0.34,1.41,0.7,2.18,,,,0,6,Top,125.82,139.07,,,,,-3.583548972144866,-131.25752420973188,-5.913688370311631,4.701692608684353,28.297859231947104,-14.85727581824553,3.94,1.82,6.0,99.8,-19.0,89.6,2156.0,5.9,662861,571466,679529,570731,600869,605612,640457,622682,543257,54.57,0.155,0.154,0.0,1.0,0.0,0.0,2.0,41,4,4-Seam Fastball,1,2,2,1,2,1,2,1,Infield shift,Standard,151.0,0.029,-0.291,,,0.162,0.291,99.8,-1,1,0.336,0.6639999999999999,29,30,29,30,3,2,7.0,1.0,6.0,1.0,1.4,0.34,-0.34,36.8,,,,,
FC,2022-04-20,86.5,1.9,5.58,"Judge, Aaron",592450,593958,double,hit_into_play,,,,,5.0,Aaron Judge doubles (4) on a sharp line drive to left fielder Austin Meadows.   Isiah Kiner-Falefa scores.    Kyle Higashioka to 3rd.,R,R,L,DET,NYY,X,7.0,line_drive,3,2,2022,-0.25,0.87,-0.01,2.53,,643396.0,543309.0,1,3,Top,50.49,126.01,,,,,-4.018156361374834,-126.0202191398186,-2.84930324038271,-1.894809418576059,24.930885486154875,-22.543542181493276,3.94,1.82,181.0,101.6,11.0,86.3,2181.0,6.0,662861,571466,679529,570731,600869,605612,640457,622682,543257,54.45,0.913,0.898,1.25,1.0,1.0,1.0,4.0,19,6,Cutter,1,0,0,1,1,1,1,1,Infield shift,Standard,166.0,-0.149,0.733,,,1.133,-0.733,101.6,1,-1,0.552,0.4479999999999999,29,30,29,30,2,1,7.0,1.0,6.0,1.0,2.16,-0.25,0.25,31.9,,,,,
SI,2022-04-20,94.5,-2.36,5.89,"Judge, Aaron",592450,605242,field_out,hit_into_play,,,,,6.0,Aaron Judge grounds out to first baseman Spencer Torkelson.,R,R,R,DET,NYY,X,3.0,ground_ball,3,2,2022,-1.44,1.1,0.75,2.6,650402.0,643396.0,,2,7,Top,150.86,168.41,,,,,11.297565351795106,-137.14423407838348,-5.393493513225404,-20.566258520945546,27.290325130610057,-17.17366628487578,3.94,1.82,4.0,69.2,-34.0,94.9,2252.0,6.5,662861,571466,679529,570731,600869,605612,640457,622682,543257,54.05,0.092,0.086,0.0,1.0,0.0,0.0,2.0,57,6,Sinker,3,4,4,3,4,3,4,3,Standard,Standard,208.0,0.066,-0.243,,,0.107,0.243,88.0,-1,1,0.298,0.702,29,30,29,30,1,3,1.0,1.0,4.0,1.0,1.44,1.44,1.44,37.5,,,,,
FF,2022-04-19,89.6,1.81,5.73,"Judge, Aaron",592450,641302,field_out,hit_into_play,,,,,3.0,Aaron Judge pops out to first baseman Spencer Torkelson.,R,R,L,DET,NYY,X,3.0,popup,1,1,2022,0.83,1.49,0.29,3.53,,,543305.0,0,1,Top,160.03,163.83,,,,,-5.513307430841147,-130.26895849860313,-2.519375945589857,10.66261223498612,29.895563787742496,-14.981421239699612,3.95,1.83,126.0,86.4,68.0,89.4,2200.0,6.4,662896,571466,679529,570731,600869,650489,640457,668731,543257,54.1,0.005,0.005,0.0,1.0,0.0,0.0,3.0,2,3,4-Seam Fastball,0,0,0,0,0,0,0,0,Infield shift,Standard,150.0,0.032,-0.225,,,0.006,0.225,88.0,0,0,0.466,0.534,27,30,28,30,1,0,7.0,2.0,5.0,1.0,1.38,0.83,-0.83,41.1,,,,,
FF,2022-04-19,93.5,-2.2,5.69,"Judge, Aaron",592450,676684,single,hit_into_play,,,,,6.0,Aaron Judge singles on a line drive to center fielder Akil Baddoo.,R,R,R,DET,NYY,X,8.0,line_drive,2,1,2022,-0.65,1.46,0.46,2.76,,,,2,2,Top,124.69,108.53,,,,,8.26590804770208,-135.87839791696288,-4.945909030416224,-9.976502207080122,32.29715445433245,-13.24044341604141,3.95,1.83,142.0,100.0,6.0,93.0,2123.0,6.2,662896,571466,679529,570731,600869,650489,640457,668731,543257,54.27,0.605,0.555,0.9,1.0,1.0,0.0,4.0,15,4,4-Seam Fastball,0,3,3,0,3,0,3,0,Standard,Standard,220.0,-0.006,0.266,,,0.662,-0.266,100.0,-3,3,0.245,0.755,27,30,27,30,1,1,3.0,2.0,4.0,1.0,1.17,0.65,0.65,47.6,,,,,
CH,2022-04-17,83.5,1.11,6.18,"Judge, Aaron",592450,669145,field_out,hit_into_play,,,,,5.0,Aaron Judge flies out to center fielder Ryan McKenna.,R,R,L,BAL,NYY,X,8.0,fly_ball,0,0,2022,1.3,0.79,0.27,2.99,,,543305.0,0,3,Top,97.93,67.78,,,,,-4.458216322471155,-121.478061049692,-2.3813043024370004,13.708786955238386,26.34293479243631,-24.11115921371455,3.76,1.75,332.0,89.8,32.0,82.6,2294.0,6.0,663365,455139,663624,572008,642721,622761,669720,663630,641820,54.53,0.05,0.076,0.0,1.0,0.0,0.0,3.0,19,1,Changeup,0,0,0,0,0,0,0,0,Standard,Standard,133.0,0.038,-0.235,,,0.13,0.235,89.8,0,0,0.459,0.5409999999999999,27,30,27,30,2,1,6.0,1.0,5.0,2.0,2.51,1.3,-1.3,40.1,,,,,
FF,2022-04-16,93.4,-1.06,6.98,"Judge, Aaron",592450,669330,field_out,hit_into_play,,,,,1.0,Aaron Judge flies out to right fielder Anthony Santander.   Jose Trevino to 3rd.,R,R,R,BAL,NYY,X,9.0,fly_ball,0,0,2022,-0.48,1.72,-0.36,3.81,,624431.0,,1,3,Top,199.67,76.36,,,,,2.8604792931746226,-135.76429100236612,-6.107011200534384,-6.570466602596059,34.22838704775629,-9.894829780826573,3.76,1.75,354.0,98.7,31.0,92.8,2478.0,6.3,663266,621532,641820,596059,602104,622761,669720,656775,623993,54.16,0.4180303030303031,0.8095454545454546,0.0,1.0,0.0,0.0,6.0,17,1,4-Seam Fastball,0,0,0,0,0,0,0,0,Standard,Standard,197.0,0.035,-0.272,,,1.5695454545454546,0.272,98.7,0,0,0.478,0.522,27,30,28,30,2,1,6.0,1.0,5.0,1.0,0.94,0.48,0.48,53.1,,,,,
FC,2022-04-16,88.5,-0.87,7.01,"Judge, Aaron",592450,669330,single,hit_into_play,,,,,14.0,Aaron Judge singles on a line drive to center fielder Cedric Mullins.   Aaron Hicks to 2nd.,R,R,R,BAL,NYY,X,8.0,line_drive,3,2,2022,0.41,0.66,1.02,2.29,,,543305.0,0,1,Top,119.3,104.12,,,,,3.770288955752622,-128.81736866218546,-6.841348028324531,3.780653419363032,25.551955082427575,-23.65649282595883,3.76,1.75,279.0,94.9,15.0,88.8,2600.0,6.4,663266,621532,641820,596059,602104,622761,669720,656775,623993,54.13,0.784,0.785,0.9,1.0,1.0,0.0,4.0,2,7,Cutter,0,0,0,0,0,0,0,0,Standard,Strategic,161.0,-0.046,0.37,,,1.025,-0.37,94.9,0,0,0.456,0.544,27,30,28,30,1,0,6.0,1.0,5.0,1.0,2.24,-0.41,-0.41,51.4,,,,,
FF,2022-04-15,92.3,-0.52,6.68,"Judge, Aaron",592450,641329,field_out,hit_into_play,,,,,12.0,"Aaron Judge grounds out, third baseman Kelvin Gutierrez to first baseman Ryan Mountcastle.",R,R,R,BAL,NYY,X,5.0,ground_ball,2,2,2022,0.17,1.31,0.95,3.44,,543305.0,,0,10,Top,94.37,171.72,,,,,3.3590956502686304,-134.27528801860458,-5.249642802431301,1.246787736638422,31.054272469199994,-15.387025064624387,3.76,1.75,4.0,60.7,-42.0,92.3,2409.0,6.5,663357,621532,663624,602104,642721,622761,669720,656775,623993,54.05,0.139,0.139,0.0,1.0,0.0,0.0,2.0,73,6,4-Seam Fastball,1,1,1,1,1,1,1,1,Standard,Standard,182.0,0.098,-0.153,,,0.139,0.153,88.0,0,0,0.511,0.489,27,30,28,30,1,0,3.0,1.0,5.0,1.0,1.38,-0.17,-0.17,59.5,,,,,
FF,2022-04-14,96.0,-2.54,5.87,"Judge, Aaron",592450,592332,field_out,hit_into_play,,,,,8.0,Aaron Judge flies out to center fielder Bradley Zimmer.,R,R,R,NYY,TOR,X,8.0,fly_ball,1,2,2022,-1.02,1.34,0.07,1.82,,624431.0,,2,3,Bot,116.78,51.5,,,,,9.228731966998406,-139.36962052683168,-8.126960895653108,-15.368577512869908,32.18208220774363,-13.0237332822541,3.76,1.75,366.0,98.4,28.0,96.1,2335.0,6.5,661312,672386,665489,624415,669289,666182,666971,605548,606132,53.95,0.3623157894736842,0.6476315789473684,0.0,1.0,0.0,0.0,6.0,25,5,4-Seam Fastball,1,0,1,0,0,1,1,0,Infield shift,Strategic,220.0,-0.024,-0.206,,,1.2376315789473682,0.206,98.4,1,1,0.647,0.647,31,30,31,30,2,1,5.0,1.0,7.0,1.0,1.15,1.02,1.02,42.6,,,,,
FF,2022-04-14,94.2,-2.46,5.91,"Judge, Aaron",592450,592332,field_out,hit_into_play,,,,,8.0,Aaron Judge flies out to center fielder Bradley Zimmer.,R,R,R,NYY,TOR,X,8.0,fly_ball,0,0,2022,-1.25,1.28,-0.15,2.03,,,,1,1,Bot,149.67,65.92,,,,,8.826575679574747,-136.82306069983753,-7.272849776456791,-17.58662905827262,29.024206105633738,-14.595725248730483,3.76,1.75,335.0,91.5,27.0,94.9,2289.0,6.7,661312,672386,665489,624415,669289,666182,666971,605548,606132,53.8,0.124,0.149,0.0,1.0,0.0,0.0,3.0,7,1,4-Seam Fastball,0,0,0,0,0,0,0,0,Infield shift,Strategic,221.0,-0.016,-0.246,,,0.241,0.246,91.5,0,0,0.526,0.526,31,30,31,30,1,0,5.0,1.0,7.0,1.0,1.29,1.25,1.25,42.2,,,,,
FF,2022-04-14,96.3,-2.07,5.75,"Judge, Aaron",592450,657240,double,hit_into_play,,,,,8.0,Aaron Judge doubles (3) on a sharp fly ball to left fielder Lourdes Gurriel Jr.,R,R,R,NYY,TOR,X,7.0,fly_ball,2,1,2022,-0.59,1.35,-0.02,2.11,,,,0,8,Bot,104.67,26.55,,,,,6.841523483574307,-140.01009715622885,-7.235630770557161,-9.217620723331036,30.211867151625405,-12.954458745775712,3.76,1.75,401.0,106.3,23.0,97.3,2191.0,6.8,661312,672386,665489,624415,669289,666182,666971,605548,606132,53.68,0.7857234042553194,1.5082553191489363,1.25,1.0,1.0,1.0,6.0,62,4,4-Seam Fastball,2,0,2,0,0,2,2,0,Infield shift,Strategic,208.0,0.017,0.661,,,2.8981489361702133,-0.661,106.3,2,2,0.939,0.939,30,30,31,30,1,3,2.0,1.0,2.0,1.0,1.1,0.59,0.59,48.0,,,,,
SI,2022-04-13,91.9,-3.18,5.21,"Judge, Aaron",592450,621244,home_run,hit_into_play,,,,,11.0,Aaron Judge homers (1) on a fly ball to left center field.,R,R,R,NYY,TOR,X,,fly_ball,0,0,2022,-1.37,0.95,-0.92,2.91,,,,1,5,Bot,52.63,48.37,,,,,8.739391164732718,-133.49458245559853,-1.9864508915483945,-18.26430105728661,30.646179839429376,-20.5819252571473,3.76,1.75,413.0,108.4,27.0,92.2,2194.0,6.7,661313,672386,665489,669289,656305,666182,606132,543807,606192,53.79,0.97475,1.9797499999999997,2.0,1.0,0.0,3.0,6.0,39,1,Sinker,1,3,1,3,3,2,2,3,Infield shift,Standard,223.0,0.125,1.582,,,3.88085,-1.582,108.4,-2,-2,0.257,0.257,28,30,28,30,3,2,5.0,1.0,7.0,1.0,1.77,1.37,1.37,36.4,,,,,
FF,2022-04-13,92.9,-3.04,5.35,"Judge, Aaron",592450,621244,field_out,hit_into_play,,,,,4.0,Aaron Judge pops out to first baseman Vladimir Guerrero Jr.  in foul territory.,R,R,R,NYY,TOR,X,3.0,popup,1,1,2022,-0.33,1.32,-0.4,2.41,,,519203.0,1,3,Bot,158.85,178.44,,,,,7.518423606580373,-135.07268334058205,-4.638753072047866,-5.639616258392056,29.4148328790445,-15.216590412270175,3.76,1.75,111.0,89.0,71.0,93.5,2088.0,6.7,661313,672386,665489,669289,656305,666182,606132,543807,606192,53.83,0.003,0.002,0.0,1.0,0.0,0.0,3.0,24,3,4-Seam Fastball,0,3,0,3,3,0,0,3,Infield shift,Standard,220.0,-0.029,-0.241,,,0.003,0.241,89.0,-3,-3,0.237,0.237,28,30,28,30,2,1,5.0,1.0,7.0,1.0,1.33,0.33,0.33,37.0,,,,,
CU,2022-04-13,81.6,-2.99,4.88,"Judge, Aaron",592450,554340,single,hit_into_play,,,,,8.0,Aaron Judge singles on a sharp ground ball to left fielder Raimel Tapia.,R,R,R,NYY,TOR,X,7.0,ground_ball,0,0,2022,0.97,-0.36,-0.13,2.35,,,,1,7,Bot,89.75,85.16,,,,,4.514442446320512,-118.82993122295493,1.5294407195249935,8.405784652006435,22.196083756865782,-36.05594023023335,3.76,1.75,117.0,114.0,5.0,81.0,2708.0,5.8,661313,623168,665489,669289,656305,666182,606132,605548,543807,54.7,0.674,0.628,0.9,1.0,1.0,0.0,5.0,58,1,Curveball,3,4,3,4,4,3,3,4,Infield shift,Standard,81.0,0.054,0.415,,,0.759,-0.415,114.0,-1,-1,0.316,0.316,31,30,32,30,1,3,4.0,1.0,2.0,1.0,3.77,-0.97,-0.97,19.9,,,,,
FC,2022-04-12,92.9,1.45,5.43,"Judge, Aaron",592450,579328,field_out,hit_into_play,,,,,8.0,"Aaron Judge grounds out sharply, second baseman Santiago Espinal to first baseman Vladimir Guerrero Jr.",R,R,L,NYY,TOR,X,4.0,ground_ball,3,2,2022,-0.02,0.68,-0.26,2.27,,,,1,3,Bot,133.99,148.72,,,,,-4.385520180252774,-135.22643448365875,-3.821727087732235,0.7300164205191462,30.556189335717495,-23.24918613778772,3.76,1.75,26.0,104.5,-4.0,93.9,2352.0,7.0,661314,623168,665489,669289,656305,666182,666971,543807,606192,53.55,0.35,0.336,0.0,1.0,0.0,0.0,2.0,21,6,Cutter,2,0,2,0,0,2,2,0,Infield shift,Standard,159.0,-0.015,-0.328,,,0.372,0.328,104.5,2,2,0.752,0.752,31,30,31,30,2,1,,1.0,7.0,1.0,1.97,-0.02,0.02,42.8,,,,,
FF,2022-04-12,93.8,1.53,5.87,"Judge, Aaron",592450,641743,double,hit_into_play,,,,,11.0,Aaron Judge doubles (2) on a sharp line drive to left fielder Lourdes Gurriel Jr.  Josh Donaldson to 3rd.,R,R,L,NYY,TOR,X,7.0,line_drive,3,1,2022,0.3,0.9,-0.86,2.91,,,518626.0,0,8,Bot,63.4,142.2,,,,,-6.796921196537884,-136.4601049854596,-3.8935073965307865,5.262461227796142,29.571548272377083,-20.227814052259347,3.76,1.75,149.0,106.9,9.0,93.1,2407.0,5.9,661314,641470,665489,669289,656305,666182,666971,543807,606192,54.64,0.75,0.72,1.25,1.0,1.0,1.0,4.0,59,5,4-Seam Fastball,3,0,3,0,0,3,3,0,Infield shift,Standard,146.0,0.009,0.536,,,0.917,-0.536,106.9,3,3,0.979,0.979,27,30,27,30,1,3,,1.0,,1.0,1.69,0.3,-0.3,40.9,,,,,
FC,2022-04-12,91.1,1.12,5.5,"Judge, Aaron",592450,579328,field_out,hit_into_play,,,,,5.0,Aaron Judge flies out to left fielder Lourdes Gurriel Jr.,R,R,L,NYY,TOR,X,7.0,fly_ball,2,0,2022,-0.09,0.73,-0.03,2.64,,,518626.0,0,1,Bot,46.34,75.71,,,,,-2.7304183852871984,-132.77776392822238,-2.947437447978485,-0.5339491770828265,27.220352429267813,-23.09926438351209,3.76,1.75,361.0,95.7,29.0,92.5,2300.0,6.9,661314,623168,665489,669289,656305,666182,666971,543807,606192,53.58,0.2628571428571428,0.4774285714285715,0.0,1.0,0.0,0.0,5.0,6,3,Cutter,0,0,0,0,0,0,0,0,Infield shift,Standard,163.0,-0.048,-0.346,,,0.911,0.346,95.7,0,0,0.599,0.599,31,30,31,30,1,0,,1.0,7.0,1.0,2.0,-0.09,0.09,46.9,,,,,
CH,2022-04-12,79.5,-1.7,5.97,"Judge, Aaron",592450,657240,field_out,hit_into_play,,,,,7.0,"Aaron Judge grounds out, shortstop Bo Bichette to first baseman Vladimir Guerrero Jr.",R,R,R,NYY,TOR,X,6.0,ground_ball,0,2,2022,-0.59,0.86,-0.76,1.84,,,,2,5,Bot,116.48,154.76,,,,,3.2038535440034184,-115.78367089784712,-3.976815355618042,-5.927279807702313,20.5594261062343,-23.875110489545904,3.76,1.75,2.0,68.1,-46.0,80.3,1258.0,6.7,661314,641470,665489,669289,656305,666182,666971,543807,606192,53.81,0.195,0.192,0.0,1.0,0.0,0.0,2.0,38,3,Changeup,3,0,3,0,0,3,3,0,Infield shift,Standard,223.0,-0.003,-0.153,,,0.208,0.153,88.0,3,3,0.866,0.866,30,30,31,30,1,2,2.0,1.0,2.0,1.0,2.72,0.59,0.59,56.8,,,,,
SI,2022-04-11,95.4,-2.24,5.82,"Judge, Aaron",592450,666201,field_out,hit_into_play,,,,,13.0,"Aaron Judge grounds out, shortstop Bo Bichette to first baseman Vladimir Guerrero Jr.",R,R,R,NYY,TOR,X,6.0,ground_ball,2,1,2022,-1.18,1.08,-1.16,2.49,,,,2,1,Bot,110.34,157.82,,,,,5.5121748554163155,-138.763584838849,-5.536306141827105,-16.525862066496874,33.031395882339126,-17.136965830253907,3.76,1.75,5.0,76.7,-24.0,95.6,2283.0,6.6,661315,672386,665489,669289,656305,666182,666971,543807,606192,53.91,0.037,0.053,0.0,1.0,0.0,0.0,2.0,7,4,Sinker,0,0,0,0,0,0,0,0,Standard,Standard,212.0,-0.011,-0.296,,,0.037,0.296,88.0,0,0,0.511,0.511,24,30,24,30,1,0,,1.0,6.0,1.0,1.44,1.18,1.18,42.9,,,,,
SL,2022-04-10,86.2,-2.98,5.41,"Judge, Aaron",592450,656557,single,hit_into_play,,,,,9.0,Aaron Judge singles on a fly ball to right fielder Christian Arroyo.   Anthony Rizzo to 2nd.,R,R,R,NYY,BOS,X,9.0,fly_ball,2,2,2022,0.86,0.17,0.56,2.01,,,519203.0,0,3,Bot,183.11,140.84,,,,,6.633590730192162,-125.4697764122571,-2.1897058044702904,7.72332500370952,25.484197215417,-30.092779791902025,3.76,1.75,214.0,80.0,47.0,86.1,2644.0,6.2,661316,608700,666915,660620,646240,593428,657077,571771,624414,54.31,0.047,0.057,0.9,1.0,1.0,0.0,3.0,26,5,Slider,0,2,0,2,2,0,0,2,Standard,Standard,51.0,0.072,0.467,,,0.075,-0.467,88.0,-2,-2,0.368,0.368,26,30,26,30,2,1,,1.0,6.0,1.0,2.89,-0.86,-0.86,21.7,,,,,
FF,2022-04-10,96.5,-2.7,5.25,"Judge, Aaron",592450,656557,single,hit_into_play,,,,,4.0,Aaron Judge singles on a sharp line drive to left fielder Alex Verdugo.   Anthony Rizzo to 3rd.,R,R,R,NYY,BOS,X,7.0,line_drive,3,2,2022,-1.07,0.98,-0.58,2.87,,,519203.0,1,1,Bot,75.86,103.22,,,,,8.033865790079888,-140.25667227003711,-2.960175820232096,-15.977576527723755,32.78574528050616,-18.763290633672923,3.76,1.75,269.0,107.5,16.0,96.2,2329.0,6.2,661316,608700,666915,660620,646240,593428,657077,571771,624414,54.26,0.508,0.758,0.9,1.0,1.0,0.0,6.0,10,7,4-Seam Fastball,0,2,0,2,2,0,0,2,Standard,Standard,249.0,0.059,0.359,,,1.3385,-0.359,107.5,-2,-2,0.361,0.361,26,30,26,30,1,0,,1.0,6.0,1.0,1.48,1.07,1.07,17.8,,,,,
SL,2022-04-10,83.2,-1.47,5.8,"Judge, Aaron",592450,518489,grounded_into_double_play,hit_into_play,,,,,7.0,"Aaron Judge grounds into a double play, third baseman Rafael Devers to second baseman Jonathan Arauz to first baseman Bobby Dalbec.   Anthony Rizzo out at 2nd.    Aaron Judge out at 1st.",R,R,R,NYY,BOS,X,5.0,ground_ball,1,1,2022,0.68,0.32,-0.54,1.93,,,519203.0,1,4,Bot,113.37,173.59,,,,,0.8027130749464118,-121.21183525963696,-3.12109563804645,6.577810243804598,23.183088903464515,-28.588847084569597,3.76,1.75,10.0,78.3,-10.0,84.4,2257.0,7.0,661316,608700,666915,660620,646240,593428,657077,571771,624414,53.52,0.089,0.088,0.0,1.0,0.0,0.0,2.0,40,3,Slider,3,3,3,3,3,3,3,3,Standard,Standard,142.0,-0.061,-0.301,,,0.098,0.301,88.0,0,0,0.561,0.561,34,30,35,30,1,2,2.0,1.0,1.0,1.0,2.96,-0.68,-0.68,47.3,,,,,
FF,2022-04-09,91.3,-1.43,6.64,"Judge, Aaron",592450,601713,field_out,hit_into_play,,,,,1.0,Aaron Judge flies out sharply to center fielder Enrique Hernandez.   Josh Donaldson to 2nd.,R,R,R,NYY,BOS,X,8.0,fly_ball,1,1,2022,-0.08,1.66,-0.37,3.72,,,518626.0,0,4,Bot,131.35,32.9,,,,,2.871764893209108,-132.88245389216902,-5.1013295208066864,-1.5944254932746809,27.37609118706229,-11.633025523624992,3.76,1.75,409.0,110.2,35.0,92.2,2235.0,6.7,661332,543877,666915,596115,646240,593428,657077,571771,598265,53.79,0.8841111111111112,1.797777777777778,0.0,1.0,0.0,0.0,6.0,29,3,4-Seam Fastball,0,2,0,2,2,0,0,2,Standard,Standard,198.0,-0.023,-0.225,,,3.5227777777777782,0.225,110.2,-2,-2,0.357,0.357,29,30,29,30,2,1,,1.0,6.0,1.0,1.07,0.08,0.08,60.1,,,,,
SI,2022-04-09,94.4,-1.67,4.97,"Judge, Aaron",592450,570488,field_out,hit_into_play,,,,,4.0,"Aaron Judge grounds out, shortstop Xander Bogaerts to first baseman Bobby Dalbec.",R,R,R,NYY,BOS,X,6.0,ground_ball,0,1,2022,-1.51,0.68,-0.34,2.38,,,,1,8,Bot,121.25,178.44,,,,,6.887690589640444,-137.35581541555166,-2.6056915593426817,-20.634123498904003,30.20600540903645,-23.13203584130539,3.76,1.75,49.0,109.5,0.0,95.2,2365.0,6.8,661332,543877,666915,596115,646240,593428,657077,571771,598265,53.75,0.521,0.487,0.0,1.0,0.0,0.0,4.0,62,2,Sinker,4,2,4,2,2,4,4,2,Standard,Standard,240.0,-0.004,-0.208,,,0.569,0.208,109.5,2,2,0.931,0.931,30,30,31,30,1,3,,1.0,2.0,1.0,1.87,1.51,1.51,23.0,,,,,
FF,2022-04-09,93.4,-1.5,6.56,"Judge, Aaron",592450,601713,field_out,hit_into_play,,,,,11.0,"Aaron Judge grounds out, second baseman Trevor Story to first baseman Bobby Dalbec.",R,R,R,NYY,BOS,X,4.0,ground_ball,1,2,2022,-0.31,1.64,-1.22,3.29,,,,1,1,Bot,123.99,153.02,,,,,1.4083396469028202,-135.97812064558707,-6.328064839071736,-4.106026573474598,30.27729074845809,-10.597983607457696,3.76,1.75,44.0,74.3,1.0,94.1,2223.0,6.7,661332,543877,666915,596115,646240,593428,657077,571771,598265,53.81,0.116,0.108,0.0,1.0,0.0,0.0,2.0,5,4,4-Seam Fastball,0,0,0,0,0,0,0,0,Standard,Standard,198.0,-0.012,-0.177,,,0.134,0.177,88.0,0,0,0.522,0.522,29,30,29,30,1,0,,1.0,6.0,1.0,0.97,0.31,0.31,56.4,,,,,
SL,2022-04-08,88.1,-2.45,5.44,"Judge, Aaron",592450,543135,field_out,hit_into_play,,,,,5.0,"Aaron Judge grounds out, third baseman Rafael Devers to first baseman Bobby Dalbec.",R,R,R,NYY,BOS,X,5.0,ground_ball,0,1,2022,0.22,0.15,0.02,2.41,,,,1,3,Bot,107.94,168.19,,,,,5.570085446850029,-128.31553715984526,-1.6233474005785942,1.4158204837682946,24.811934777729096,-30.387693002167108,3.76,1.75,42.0,95.4,-1.0,89.0,2125.0,6.7,661333,543877,666915,596115,646240,593428,657077,571771,598265,53.83,0.321,0.315,0.0,1.0,0.0,0.0,2.0,24,2,Slider,2,3,2,3,3,2,2,3,Standard,Standard,142.0,-0.016,-0.208,,,0.365,0.208,95.4,-1,-1,0.406,0.406,32,30,32,30,2,1,,,5.0,1.0,2.77,-0.22,-0.22,30.6,,,,,
SI,2022-04-08,95.7,-1.62,5.49,"Judge, Aaron",592450,676477,field_out,hit_into_play,,,,,7.0,"Aaron Judge grounds out, shortstop Xander Bogaerts to first baseman Bobby Dalbec.",R,R,R,NYY,BOS,X,6.0,ground_ball,1,2,2022,-1.25,1.08,-0.42,2.37,,,,1,7,Bot,112.18,153.03,,,,,6.110017132389728,-139.1454463877083,-5.094285663560889,-17.581004294806185,32.97269843119367,-17.182644138104845,3.76,1.75,9.0,105.9,-14.0,97.3,2159.0,7.4,661333,543877,666915,596115,646240,593428,657077,571771,598265,53.12,0.239,0.238,0.0,1.0,0.0,0.0,2.0,59,4,Sinker,3,4,3,4,4,3,3,4,Standard,Standard,229.0,-0.028,-0.177,,,0.249,0.177,105.9,-1,-1,0.307,0.307,26,30,26,30,1,3,,,4.0,1.0,1.42,1.25,1.25,36.0,,,,,
SL,2022-04-08,86.8,-0.82,5.17,"Judge, Aaron",592450,570663,double,hit_into_play,,,,,4.0,Aaron Judge doubles (1) on a sharp line drive to left fielder Alex Verdugo.,R,R,R,NYY,BOS,X,7.0,line_drive,0,0,2022,0.26,0.2,-0.62,2.89,,,,2,9,Bot,35.47,107.72,,,,,-0.0488522375024962,-126.45566866855891,0.281766556786804,2.8615341732722923,24.021581346599632,-30.295008128900225,3.76,1.75,267.0,109.3,15.0,87.0,2363.0,6.2,661333,543877,666915,596115,646240,593428,657077,571771,624414,54.32,0.7,0.813,1.25,1.0,1.0,1.0,6.0,74,1,Slider,4,4,4,4,4,4,4,4,Standard,Standard,142.0,0.074,0.573,,,1.217,-0.573,109.3,0,0,0.536,0.536,31,30,32,30,1,4,,,2.0,1.0,2.8,-0.26,-0.26,34.8,,,,,
FF,2022-04-08,99.6,-2.72,5.21,"Judge, Aaron",592450,543135,single,hit_into_play,,,,,11.0,Aaron Judge singles on a line drive to right fielder Jackie Bradley Jr.,R,R,R,NYY,BOS,X,9.0,line_drive,0,0,2022,-1.29,1.27,-0.89,3.27,,,,1,1,Bot,193.78,127.4,,,,,8.073520765005783,-144.86567884429186,-2.93295848028477,-20.00167632440266,34.191644882757934,-13.734827829090332,3.76,1.75,234.0,76.2,28.0,100.0,2214.0,6.6,661333,543877,666915,596115,646240,593428,657077,571771,598265,53.93,0.421,0.383,0.9,1.0,1.0,0.0,3.0,9,1,4-Seam Fastball,0,3,0,3,3,0,0,3,Standard,Standard,235.0,0.024,0.415,,,0.47,-0.415,88.0,-3,-3,0.246,0.246,32,30,32,30,1,0,,,5.0,1.0,1.03,1.29,1.29,24.6,,,,,
SL,2022-04-05,83.6,-1.94,5.86,"Judge, Aaron",592450,606930,field_out,hit_into_play,,,,,9.0,Aaron Judge lines out to right fielder Robbie Grossman.,S,R,R,NYY,DET,X,9.0,line_drive,2,2,2022,0.3,0.09,0.74,2.24,,,,1,5,Bot,190.61,91.91,,,,,5.648748125849944,-121.83729903880256,-2.277974336396362,2.21211161747808,17.674018541781578,-31.094258982813905,3.76,1.75,310.0,93.7,24.0,85.3,2192.0,6.7,706883,571466,408234,570731,600869,595879,668731,622682,543257,53.79,0.145,,0.0,,0.0,0.0,3.0,41,5,Slider,1,3,1,3,3,1,1,3,,,103.0,-0.02,-0.212,,,0.287,0.212,93.7,-2,-2,0.255,0.255,32,30,32,30,1,2,,,,,3.09,-0.3,-0.3,,,,,,
SI,2022-04-05,94.1,-2.13,5.8,"Judge, Aaron",592450,666159,single,hit_into_play,,,,,11.0,Aaron Judge singles on a ground ball to left fielder Akil Baddoo.,S,R,R,NYY,DET,X,7.0,ground_ball,0,0,2022,-1.15,1.45,-1.13,3.14,,,,1,1,Bot,107.48,121.82,,,,,5.22458524057692,-136.90811140090568,-4.414680379020644,-15.641940457317322,32.58770714923197,-13.221195665223084,3.76,1.75,127.0,90.0,9.0,95.1,2127.0,7.0,706883,571466,408234,570731,600869,595879,668731,622682,543257,53.46,0.529,,0.9,,1.0,0.0,4.0,6,1,Sinker,0,0,0,0,0,0,0,0,Standard,Standard,202.0,0.025,0.415,,,0.557,-0.415,90.0,0,0,0.526,0.526,24,30,24,30,1,0,,,,,1.14,1.15,1.15,,,,,,
SI,2022-04-04,91.6,-2.25,6.07,"Judge, Aaron",592450,502043,grounded_into_double_play,hit_into_play,,,,,4.0,"Aaron Judge grounds into a double play, shortstop Bryson Stott to second baseman Jean Segura to first baseman Johan Camargo.   Anthony Rizzo out at 2nd.    Aaron Judge out at 1st.",S,R,R,NYY,PHI,X,6.0,ground_ball,0,0,2022,-1.21,0.36,-0.66,2.64,,,519203.0,1,5,Bot,100.14,154.73,,,,,6.675779722029522,-133.38321542114812,-3.679269134968597,-15.799237245514115,25.63341432243649,-27.260186114267157,3.76,1.75,3.0,98.5,-39.0,92.9,2223.0,6.8,706884,596117,622666,516416,664761,681082,591720,663837,666160,53.72,0.089,,0.0,,0.0,0.0,2.0,44,1,Sinker,1,2,1,2,2,1,1,2,Standard,Standard,221.0,-0.08,-0.314,,,0.096,0.314,98.5,-1,-1,0.42,0.42,34,30,35,30,3,2,,,,,2.33,1.21,1.21,,,,,,
SI,2022-04-04,93.0,-2.16,6.08,"Judge, Aaron",592450,502043,double,hit_into_play,,,,,8.0,Aaron Judge doubles (3) on a sharp fly ball to right fielder Mickey Moniak.,S,R,R,NYY,PHI,X,9.0,fly_ball,3,1,2022,-0.93,0.56,0.01,2.27,,,,2,3,Bot,174.9,54.44,,,,,7.675734302301864,-135.21106452844126,-5.264904664711437,-13.094203593424863,28.58124715855533,-24.394647209442137,3.76,1.75,377.0,106.2,22.0,93.9,2203.0,6.8,706884,596117,622666,516416,664761,681082,591720,663837,666160,53.7,0.6798750000000003,,1.25,,1.0,1.0,6.0,24,5,Sinker,0,1,0,1,1,0,0,1,,,222.0,0.021,0.433,,,2.3317916666666676,-0.433,106.2,-1,-1,0.396,0.396,34,30,35,30,2,1,,,,,2.08,0.93,0.93,,,,,,
SI,2022-04-04,96.7,-2.09,5.3,"Judge, Aaron",592450,622554,home_run,hit_into_play,,,,,5.0,Aaron Judge homers (4) on a fly ball to right field.    DJ LeMahieu scores.    Anthony Rizzo scores.,S,R,R,NYY,PHI,X,,fly_ball,1,0,2022,-1.4,0.67,-0.21,2.55,,518934.0,519203.0,2,7,Bot,224.72,97.14,,,,,8.185678282710747,-140.5754913326905,-3.305539405302526,-20.40878549201839,31.555306551207934,-22.738032819084573,3.76,1.75,349.0,104.0,25.0,96.8,2275.0,6.4,706884,596117,678534,665155,622168,684081,680852,694213,683610,54.13,0.7256000000000001,,2.0,,0.0,3.0,6.0,60,2,Sinker,2,2,2,2,2,5,5,2,Standard,Standard,214.0,0.351,1.63,,,2.666280000000001,-1.63,104.0,0,0,0.58,0.58,27,30,28,30,1,3,,,,,1.77,1.4,1.4,,,,,,
SI,2022-04-04,92.0,-2.09,6.14,"Judge, Aaron",592450,502043,single,hit_into_play,,,,,4.0,Aaron Judge singles on a ground ball to right fielder Mickey Moniak.   Anthony Rizzo to 2nd.,S,R,R,NYY,PHI,X,9.0,ground_ball,1,1,2022,-1.03,0.42,-0.42,2.91,,,519203.0,1,1,Bot,169.59,124.32,,,,,6.519813038709029,-133.9661366229178,-3.3536320671196713,-13.714957028014192,26.19074867135555,-26.606781670379295,3.76,1.75,8.0,110.0,-18.0,93.3,2162.0,6.8,706884,596117,622666,516416,664761,681082,591720,663837,666160,53.72,0.179,,0.9,,1.0,0.0,2.0,6,3,Sinker,0,0,0,0,0,0,0,0,Standard,Standard,220.0,0.037,0.424,,,0.179,-0.424,110.0,0,0,0.55,0.55,34,30,35,30,1,0,,,,,2.25,1.03,1.03,,,,,,
SL,2022-04-02,84.0,1.48,5.69,"Judge, Aaron",592450,663977,field_out,hit_into_play,,,,,8.0,"Aaron Judge grounds out, third baseman Austin Riley to first baseman Matt Olson.",S,R,L,NYY,ATL,X,5.0,ground_ball,1,2,2022,-0.34,-0.42,0.05,1.72,,,,2,5,Bot,101.15,166.9,,,,,-2.6185238007881955,-122.46369999777248,-2.018023680287309,-2.943486897174438,23.08210292978611,-36.219096158966934,3.76,1.75,14.0,88.2,-6.0,83.6,2666.0,5.8,706885,444489,621566,572365,663586,606115,628338,594807,592696,54.69,0.174,,0.0,,0.0,0.0,2.0,45,4,Slider,10,0,10,0,0,10,10,0,,,287.0,0.0,-0.181,,,0.2,0.181,88.2,10,10,0.998,0.998,26,30,26,30,1,3,,,,,3.62,-0.34,0.34,,,,,,
FC,2022-04-02,90.1,-1.83,5.69,"Judge, Aaron",592450,663359,single,hit_into_play,,,,,12.0,Aaron Judge singles on a line drive to right fielder Eddie Rosario.,S,R,R,NYY,ATL,X,9.0,line_drive,1,1,2022,-0.02,0.63,0.86,2.8,,,,0,4,Bot,153.55,121.37,,,,,6.731430455143722,-131.23212624604977,-2.6081929422764136,-1.5575973311430764,25.145524671660795,-24.47890002168532,3.76,1.75,209.0,83.5,17.0,90.2,2370.0,6.1,706885,444489,621566,572365,663586,606115,628338,594807,592696,54.39,0.953,,0.9,,1.0,0.0,4.0,33,3,Cutter,7,0,7,0,0,7,7,0,Standard,Standard,211.0,0.002,0.45,,,1.099,-0.45,88.0,7,7,0.982,0.982,25,30,26,30,1,2,,,,,2.15,0.02,0.02,,,,,,
FF,2022-04-02,99.1,-1.91,5.47,"Judge, Aaron",592450,675911,home_run,hit_into_play,,,,,4.0,Aaron Judge homers (3) on a fly ball to right field.,S,R,R,NYY,ATL,X,,fly_ball,0,2,2022,-0.41,1.3,-0.33,3.04,,,,1,1,Bot,205.43,83.6,,,,,5.363620082589547,-144.20925419450217,-4.313537408675562,-6.948431698143393,33.71007605086008,-13.19761146476472,3.76,1.75,346.0,103.6,24.0,100.4,2238.0,7.0,706885,444489,621566,572365,663586,606115,628338,594807,592696,53.51,0.6397272727272724,,2.0,,0.0,3.0,6.0,5,3,4-Seam Fastball,0,0,0,0,0,1,1,0,,,207.0,0.106,1.67,,,2.2235757575757575,-1.67,103.6,0,0,0.52,0.52,23,30,24,30,1,0,,,,,1.02,0.41,0.41,,,,,,
CH,2022-03-30,90.0,3.29,4.86,"Judge, Aaron",592450,680430,single,hit_into_play,,,,,11.0,Aaron Judge singles on a line drive to right fielder Teoscar Hernandez.   Josh Donaldson to 3rd.,S,R,L,NYY,TOR,X,9.0,line_drive,1,2,2022,1.04,0.9,-0.95,3.33,,518626.0,,0,3,Bot,175.66,113.22,,,,,-12.638202189188233,-130.5930082781317,0.2165358287617245,14.316822200580877,23.046485700787095,-22.00127345379204,3.76,1.75,248.0,84.5,21.0,90.0,2041.0,6.1,706881,623168,665489,624415,669289,666182,666971,606132,606192,54.42,0.545,,0.9,,1.0,0.0,4.0,22,4,Changeup,1,0,1,0,0,1,1,0,Infield shift,Standard,111.0,0.06,0.552,,,0.636,-0.552,88.0,1,1,0.716,0.716,26,30,26,30,2,1,,,,,1.89,1.04,-1.04,,,,,,
CH,2022-03-30,89.5,3.06,4.87,"Judge, Aaron",592450,680430,field_out,hit_into_play,,,,,9.0,"Aaron Judge grounds out, shortstop Bo Bichette to first baseman Vladimir Guerrero Jr.",S,R,L,NYY,TOR,X,6.0,ground_ball,2,2,2022,1.25,0.62,0.41,2.08,,,,1,1,Bot,110.44,157.13,,,,,-9.089731003322742,-130.1360096298175,-2.2041843588114336,16.040398622897527,26.638394489377205,-24.833670310375123,3.76,1.75,7.0,104.8,-16.0,88.9,1928.0,5.9,706881,623168,665489,624415,669289,666182,666971,606132,606192,54.59,0.216,,0.0,,0.0,0.0,2.0,5,5,Changeup,0,0,0,0,0,0,0,0,Infield shift,Standard,107.0,-0.014,-0.212,,,0.222,0.212,104.8,0,0,0.524,0.524,26,30,26,30,1,0,,,,,2.22,1.25,-1.25,,,,,,
SI,2022-03-29,92.5,-2.07,5.04,"Judge, Aaron",592450,605400,field_out,hit_into_play,,,,,4.0,Aaron Judge flies out to right fielder Ronald Torreyes.,S,R,R,NYY,PHI,X,9.0,fly_ball,0,0,2022,-1.44,0.86,-0.81,3.11,,,608336.0,0,3,Bot,167.98,89.95,,,,,6.402179829540536,-134.66133926758062,-1.0235839367570456,-18.86332373799633,28.68844964933355,-21.643481829350012,3.76,1.75,291.0,87.1,30.0,93.3,2282.0,6.7,707065,596117,669742,516416,664761,544369,592206,663837,591720,53.79,0.05,,0.0,,0.0,0.0,3.0,24,1,Sinker,3,2,3,2,2,3,3,2,,,227.0,-0.03,-0.235,,,0.103,0.235,88.0,1,1,0.701,0.701,29,30,29,30,2,1,,,,,1.79,1.44,1.44,,,,,,
KC,2022-03-29,78.8,-2.09,5.31,"Judge, Aaron",592450,605400,single,hit_into_play,,,,,8.0,Aaron Judge singles on a line drive to left fielder Nick Castellanos.,S,R,R,NYY,PHI,X,7.0,line_drive,3,2,2022,1.02,-0.9,-0.02,2.29,,,,2,1,Bot,77.32,134.33,,,,,2.6022897421675157,-114.66312441381253,2.049601431789486,8.375289910455987,24.39089854426812,-40.694528154533934,3.76,1.75,164.0,94.3,13.0,78.8,2444.0,6.6,707065,596117,669742,516416,664761,544369,592206,663837,591720,53.85,0.95,,0.9,,1.0,0.0,4.0,6,6,Knuckle Curve,0,0,0,0,0,0,0,0,,,55.0,0.01,0.259,,,1.152,-0.259,94.3,0,0,0.512,0.512,29,30,29,30,1,0,,,,,4.62,-1.02,-1.02,,,,,,
SI,2022-03-29,89.6,-1.06,6.28,"Judge, Aaron",592450,502578,fielders_choice_out,hit_into_play,,,,,4.0,"Aaron Judge reaches on a fielder's choice out, shortstop Didi Gregorius to second baseman Jean Segura to third baseman Alec Bohm.   Josh Donaldson out at 3rd.",S,R,R,NYY,PHI,X,6.0,ground_ball,0,1,2022,-1.13,0.39,-0.71,3.0,,518626.0,,1,5,Bot,115.85,156.26,,,,,3.236604300650792,-130.4708637601118,-2.8923081280463485,-13.638236326564783,27.855719184349173,-27.368323878076556,3.76,1.75,45.0,105.5,-2.0,88.9,2009.0,5.9,707065,596117,669742,516416,664761,544369,592206,663837,591720,54.65,0.395,,0.0,,0.0,0.0,4.0,40,2,Sinker,5,2,5,2,2,5,5,2,,,214.0,-0.018,-0.226,,,0.422,0.226,105.5,3,3,0.891,0.891,34,30,34,30,1,2,,,,,2.45,1.13,1.13,,,,,,
FF,2022-03-27,90.9,2.1,5.79,"Judge, Aaron",592450,500779,home_run,hit_into_play,,,,,7.0,Aaron Judge homers (1) on a fly ball to center field.,S,R,L,NYY,PIT,X,,fly_ball,3,2,2022,0.17,1.33,-0.29,2.28,,,,2,3,Bot,95.72,37.02,,,,,-6.383534871230439,-132.2618527431692,-5.783517660498924,3.240252165253748,26.607702354691536,-15.53831218496787,3.76,1.75,407.0,111.7,31.0,91.6,2016.0,6.6,706887,547379,676733,660829,660636,657061,665833,668804,666931,53.93,0.9646666666666668,,2.0,,0.0,3.0,6.0,27,7,4-Seam Fastball,2,4,2,4,4,3,3,4,,,155.0,0.106,2.549,,,3.8546666666666662,-2.549,111.7,-2,-2,0.284,0.284,33,30,33,30,2,1,,,,,1.42,0.17,-0.17,,,,,,
FF,2022-03-27,94.4,-2.24,6.33,"Judge, Aaron",592450,664141,home_run,hit_into_play,,,,,4.0,Aaron Judge homers (2) on a line drive to right center field.    Josh Donaldson scores.,S,R,R,NYY,PIT,X,,line_drive,0,0,2022,-0.96,1.23,-0.31,2.86,,,518626.0,1,5,Bot,174.45,52.44,,,,,7.088537119849426,-137.21912165315504,-5.983368004972819,-13.675389587137149,31.46074998249419,-15.470281131825866,3.76,1.75,382.0,114.5,17.0,93.3,2225.0,5.8,706887,547379,676733,660829,660636,665833,657061,668804,666931,54.7,0.7463333333333333,,2.0,,0.0,3.0,6.0,44,1,4-Seam Fastball,5,4,5,4,4,7,7,4,,,219.0,0.165,1.458,,,2.3346666666666667,-1.458,114.5,1,1,0.71,0.71,28,30,29,30,1,2,,,,,1.34,0.96,0.96,,,,,,
FF,2022-03-27,91.1,2.12,5.83,"Judge, Aaron",592450,500779,single,hit_into_play,,,,,5.0,Aaron Judge singles on a line drive to right fielder Jared Oliva.,S,R,L,NYY,PIT,X,9.0,line_drive,0,0,2022,0.33,1.38,0.21,2.96,,,,1,1,Bot,151.97,117.49,,,,,-5.542353389711524,-132.54064182944325,-4.319866675151703,5.041766211225,27.2572900391776,-15.13965776524597,3.76,1.75,183.0,92.1,11.0,91.7,1910.0,6.6,706887,547379,676733,660829,660636,657061,665833,668804,666931,53.94,0.795,,0.9,,1.0,0.0,4.0,6,1,4-Seam Fastball,1,0,1,0,0,1,1,0,Standard,Standard,157.0,0.021,0.415,,,0.914,-0.415,92.1,1,1,0.626,0.626,33,30,33,30,1,0,,,,,1.36,0.33,-0.33,,,,,,
SI,2022-03-26,93.1,-2.2,5.62,"Judge, Aaron",592450,666201,grounded_into_double_play,hit_into_play,,,,,13.0,"Aaron Judge grounds into a double play, third baseman Matt Chapman to second baseman Cavan Biggio to first baseman Vladimir Guerrero Jr.  Max McDowell out at 2nd.    Aaron Judge out at 1st.",S,R,R,NYY,TOR,X,5.0,ground_ball,2,1,2022,-1.29,0.83,-0.83,2.63,,,664120.0,0,3,Bot,105.71,166.39,,,,,6.415481868311744,-135.50667814839213,-3.8038592378866167,-17.273026764814393,28.27765727570598,-21.25400982118679,3.76,1.75,12.0,100.3,-12.0,94.4,2197.0,6.9,706888,672386,665489,624415,656305,666182,666971,605480,641943,53.56,0.245,,0.0,,0.0,0.0,2.0,25,4,Sinker,0,3,0,3,3,0,0,3,,,216.0,-0.086,-0.394,,,0.292,0.394,100.3,-3,-3,0.282,0.282,24,30,24,30,2,1,,,,,1.78,1.29,1.29,,,,,,
SL,2022-03-26,81.9,-1.02,6.2,"Judge, Aaron",592450,663878,double,hit_into_play,,,,,6.0,Aaron Judge doubles (2) on a fly ball to left fielder Lourdes Gurriel Jr.,S,R,R,NYY,TOR,X,7.0,fly_ball,0,1,2022,0.35,0.03,0.36,2.84,,,,0,6,Bot,103.69,91.03,,,,,2.416594655170909,-119.25136450268262,-1.1008885889976858,2.8868365445009063,22.849027427897468,-31.907161690123367,3.76,1.75,275.0,79.9,42.0,81.9,2508.0,6.2,706888,672386,665489,641741,682619,666182,666971,664770,683770,54.26,0.029,,1.25,,1.0,1.0,3.0,45,2,Slider,1,3,1,3,3,1,1,3,Strategic,Standard,100.0,0.097,0.744,,,0.046,-0.744,88.0,-2,-2,0.255,0.255,25,30,26,30,1,2,,,,,3.36,-0.35,-0.35,,,,,,
SI,2022-03-26,94.0,-2.19,5.86,"Judge, Aaron",592450,666201,field_out,hit_into_play,,,,,8.0,"Aaron Judge grounds out, second baseman Cavan Biggio to first baseman Vladimir Guerrero Jr.",S,R,R,NYY,TOR,X,4.0,ground_ball,1,1,2022,-1.22,0.93,-0.18,2.19,,,,0,1,Bot,127.9,132.57,,,,,7.972780481354203,-136.6419068774043,-5.922630993548577,-16.994163324158293,30.104057993735974,-19.353914959648986,3.76,1.75,6.0,77.2,-20.0,94.8,2207.0,6.8,706888,672386,665489,624415,656305,666182,666971,605480,641943,53.66,0.042,,0.0,,0.0,0.0,2.0,5,3,Sinker,0,0,0,0,0,0,0,0,,,211.0,-0.021,-0.236,,,0.054,0.236,88.0,0,0,0.547,0.547,24,30,24,30,1,0,,,,,1.65,1.22,1.22,,,,,,
SI,2022-03-25,91.5,-2.44,6.33,"Judge, Aaron",592450,502043,field_out,hit_into_play,,,,,7.0,"Aaron Judge grounds out, first baseman Darick Hall to pitcher Kyle Gibson.",S,R,R,PHI,NYY,X,3.0,ground_ball,1,1,2022,-1.16,0.42,-0.41,1.9,,641796.0,,2,2,Top,152.86,159.8,,,,,7.728031402213192,-133.02341019294096,-6.29728032950027,-15.43084397189713,27.199639721019174,-26.075445232340876,3.76,1.75,79.0,91.5,3.0,92.7,2091.0,6.9,706870,664848,669742,665155,664761,681082,656941,663837,547180,53.56,0.397,,0.0,,0.0,0.0,4.0,19,3,Sinker,3,2,2,3,2,3,2,3,Standard,Standard,219.0,0.033,-0.269,,,0.449,0.269,91.5,1,-1,0.623,0.377,34,30,35,30,2,1,,,,,2.3,1.16,1.16,,,,,,
FF,2022-03-23,87.3,2.97,6.41,"Judge, Aaron",592450,649144,field_out,hit_into_play,,,,,2.0,Aaron Judge flies out to center fielder Austin Hays.,S,R,L,NYY,BAL,X,8.0,fly_ball,1,1,2022,0.63,1.34,0.12,3.76,,,,2,3,Bot,130.57,41.78,,,,,-8.084155505080448,-126.96900650838964,-2.977365940479945,8.480199701458899,25.296279239341025,-17.258197604244234,3.76,1.75,,105.7,41.0,,2063.0,5.8,706890,455139,663624,596059,676059,622761,621466,669720,641820,54.71,0.40775,,0.0,,0.0,0.0,6.0,21,3,4-Seam Fastball,0,0,0,0,0,0,0,0,,,155.0,-0.011,-0.241,,,1.6115000000000002,0.241,105.7,0,0,0.511,0.511,25,30,25,30,1,1,,,,,1.65,0.63,-0.63,,,,,,
FF,2022-03-23,97.3,-1.5,6.24,"Judge, Aaron",592450,680694,double,hit_into_play,,,,,5.0,Aaron Judge doubles (1) on a line drive to center fielder Austin Hays.,S,R,R,NYY,BAL,X,8.0,line_drive,1,2,2022,0.2,1.29,0.27,2.98,,,,1,1,Bot,193.43,66.62,,,,,4.3275492517736405,-141.6623612896312,-6.288856204786755,1.811688103409256,31.05259753465668,-13.49587966549426,3.76,1.75,,100.6,21.0,,2336.0,6.9,706890,455139,663624,596059,676059,622761,621466,669720,641820,53.64,0.359090909090909,,1.25,,1.0,1.0,5.0,6,4,4-Seam Fastball,0,0,0,0,0,0,0,0,,,173.0,0.045,0.735,,,1.0238181818181815,-0.735,100.6,0,0,0.522,0.522,25,30,26,30,1,0,,,,,1.1,-0.2,-0.2,,,,,,
SL,2022-03-21,84.3,-1.41,6.23,"Judge, Aaron",592450,668968,field_out,hit_into_play,,,,,14.0,"Aaron Judge grounds out, pitcher Hans Crouse to first baseman Rhys Hoskins.",S,R,R,NYY,PHI,X,1.0,ground_ball,3,2,2022,-0.53,0.32,0.18,1.17,,518934.0,,0,1,Bot,128.54,185.25,,,,,4.65819794173122,-122.68781819632048,-5.948211658119883,-6.313913429982888,24.387977020690567,-27.924187532221016,3.76,1.75,1.0,75.6,-57.0,82.9,2165.0,5.4,706889,592663,656555,516416,622168,544369,656514,663837,666160,55.13,0.25,,0.0,,0.0,0.0,2.0,5,6,Slider,0,0,0,0,0,0,0,0,,,248.0,-0.044,-0.231,,,0.25,0.231,88.0,0,0,0.611,0.611,23,30,24,30,1,0,,,,,2.88,0.53,0.53,,,,,,
SI,2022-03-21,91.0,1.88,4.6,"Judge, Aaron",592450,595411,field_out,hit_into_play,,,,,8.0,"Aaron Judge grounds out, third baseman Yairo Munoz to first baseman Rhys Hoskins.",S,R,L,NYY,PHI,X,5.0,ground_ball,0,0,2022,1.38,0.12,-0.14,2.14,,,,0,3,Bot,100.15,165.47,,,,,-8.032984167340958,-132.41954841910965,-0.5888786217617288,17.90542022782695,25.95936878535449,-30.850219596757373,3.76,1.75,10.0,92.3,-12.0,91.3,2135.0,6.3,706889,592663,656555,516416,622168,544369,656514,663837,666160,54.22,0.147,,0.0,,0.0,0.0,2.0,21,1,Sinker,3,0,3,0,0,3,3,0,,,113.0,-0.011,-0.247,,,0.171,0.247,92.3,3,3,0.839,0.839,32,30,32,30,1,1,,,,,2.62,1.38,-1.38,,,,,,
