pitch_type,game_date,release_speed,release_pos_x,release_pos_z,player_name,batter,pitcher,events,description,spin_dir,spin_rate_deprecated,break_angle_deprecated,break_length_deprecated,zone,des,game_type,stand,p_throws,home_team,away_team,type,hit_location,bb_type,balls,strikes,game_year,pfx_x,pfx_z,plate_x,plate_z,on_3b,on_2b,on_1b,outs_when_up,inning,inning_topbot,hc_x,hc_y,tfs_deprecated,tfs_zulu_deprecated,umpire,sv_id,vx0,vy0,vz0,ax,ay,az,sz_top,sz_bot,hit_distance_sc,launch_speed,launch_angle,effective_speed,release_spin_rate,release_extension,game_pk,fielder_2,fielder_3,fielder_4,fielder_5,fielder_6,fielder_7,fielder_8,fielder_9,release_pos_y,estimated_ba_using_speedangle,estimated_woba_using_speedangle,woba_value,woba_denom,babip_value,iso_value,launch_speed_angle,at_bat_number,pitch_number,pitch_name,home_score,away_score,bat_score,fld_score,post_away_score,post_home_score,post_bat_score,post_fld_score,if_fielding_alignment,of_fielding_alignment,spin_axis,delta_home_win_exp,delta_run_exp,bat_speed,swing_length,estimated_slg_using_speedangle,delta_pitcher_run_exp,hyper_speed,home_score_diff,bat_score_diff,home_win_exp,bat_win_exp,age_pit_legacy,age_bat_legacy,age_pit,age_bat,n_thruorder_pitcher,n_priorpa_thisgame_player_at_bat,pitcher_days_since_prev_game,batter_days_since_prev_game,pitcher_days_until_next_game,batter_days_until_next_game,api_break_z_with_gravity,api_break_x_arm,api_break_x_batter_in,arm_angle,attack_angle,attack_direction,swing_path_tilt,intercept_ball_minus_batter_pos_x_inches,intercept_ball_minus_batter_pos_y_inches
FF,2023-09-30,96.1,-2.32,5.65,"Judge, Aaron",592450,679525,single,hit_into_play,,,,,1.0,Aaron Judge singles on a line drive to left fielder MJ Melendez.,R,R,R,KC,NYY,X,7.0,line_drive,2,2,2023,-1.0,1.2,-0.73,3.57,,,,1,5,Top,88.89,115.7,,,,,6.478321736998736,-139.83458681172064,-2.64961422537443,-14.52107916480765,29.631800688219275,-16.039062199520025,3.92,1.82,189.0,89.2,17.0,96.5,2516.0,6.4,716375,682515,668472,686681,672580,677951,669004,680118,676369,54.13,0.866,0.817,0.9,1.0,1.0,0.0,4.0,39,5,4-Seam Fastball,2,2,2,2,2,2,2,2,Standard,Standard,225.0,-0.035,0.449,67.3,7.0,1.012,-0.449,89.2,0,0,0.532,0.4679999999999999,25,31,25,31,2,2,6.0,1.0,,,1.26,1.0,1.0,33.0,19.660759353155548,5.354888005303217,38.732099225748165,32.697770139520166,23.068522402964135
FF,2023-09-30,94.2,2.56,5.24,"Judge, Aaron",592450,672582,field_out,hit_into_play,,,,,4.0,Aaron Judge flies out sharply to center fielder Dairon Blanco.,R,R,L,KC,NYY,X,8.0,fly_ball,0,2,2023,0.84,0.94,-0.47,2.72,,,,2,8,Top,123.05,51.37,,,,,-9.550145092188766,-136.8739568826793,-2.913902391501611,12.549864713740982,27.997513913333997,-19.920930637110352,3.92,1.82,366.0,101.7,23.0,93.0,1960.0,5.5,716375,682515,668472,686681,672580,677951,658668,680118,669004,55.03,0.5490810810810809,0.9592432432432432,0.0,1.0,0.0,0.0,6.0,69,4,4-Seam Fastball,2,5,5,2,5,2,5,2,Standard,Standard,119.0,0.002,-0.169,74.0,7.5,1.825864864864865,0.169,101.7,-3,3,0.085,0.915,23,31,24,31,1,4,3.0,1.0,,,1.63,0.84,-0.84,27.0,10.686161188887358,2.1608818738915816,46.55616373226017,35.70613800053769,22.768602879959477
FF,2023-09-30,94.9,-2.37,5.69,"Judge, Aaron",592450,679525,field_out,hit_into_play,,,,,7.0,Aaron Judge flies out sharply to center fielder Drew Waters.,R,R,R,KC,NYY,X,8.0,fly_ball,0,0,2023,-0.69,1.21,-0.33,2.06,518934.0,,,2,3,Top,158.79,45.89,,,,,6.841030513575649,-138.10592495009362,-6.57687307685804,-10.313552260395864,27.136930759353262,-15.434758224793962,3.92,1.82,386.0,100.2,34.0,94.9,2536.0,6.0,716375,682515,668472,686681,672580,677951,669004,671221,676369,54.5,0.4222307692307692,0.8263846153846155,0.0,1.0,0.0,0.0,5.0,21,1,4-Seam Fastball,1,0,0,1,0,1,0,1,Standard,Standard,222.0,0.043,-0.293,78.4,8.3,1.6389999999999991,0.293,100.2,1,-1,0.626,0.374,25,31,25,31,1,1,6.0,1.0,,,1.3,0.69,0.69,34.8,15.983286252452675,-2.0135252562400954,50.22637197169616,37.86631920824142,29.594430597936984
CU,2023-09-29,78.8,-2.05,6.03,"Judge, Aaron",592450,543475,double,hit_into_play,,,,,5.0,Aaron Judge doubles (16) on a sharp fly ball to left fielder Edward Olivares.,R,R,R,KC,NYY,X,7.0,fly_ball,1,1,2023,0.36,-0.9,-0.23,2.98,,,,0,6,Top,85.55,42.39,,,,,3.298081508896328,-114.75403456095216,1.8741029561229257,2.57036103547809,21.118415312949644,-40.71484670618515,3.91,1.81,399.0,104.6,28.0,79.3,2503.0,6.6,716389,682515,521692,622110,672580,677951,658668,664728,676369,53.93,0.8329090909090909,1.654295454545455,1.25,1.0,1.0,1.0,6.0,49,3,Curveball,10,4,4,10,4,10,4,10,Strategic,Standard,34.0,-0.017,0.717,75.4,7.7,3.290431818181818,-0.717,104.6,6,-6,0.973,0.027,32,31,33,31,3,2,6.0,1.0,,1.0,4.57,-0.36,-0.36,46.8,12.939747256848255,-0.4700724257552349,43.22617960031042,38.69292931427879,30.57562728501771
SI,2023-09-29,94.4,-2.55,5.7,"Judge, Aaron",592450,663704,field_out,hit_into_play,,,,,6.0,"Aaron Judge grounds out, shortstop Bobby Witt Jr.  to first baseman Salvador Perez.",R,R,R,KC,NYY,X,6.0,ground_ball,3,2,2023,-1.11,0.44,0.34,3.02,,,,1,8,Top,97.55,127.75,,,,,10.044488687882424,-137.23677876193693,-2.3257138132168245,-16.1886967951476,27.31335230405803,-26.263015808955902,3.91,1.81,125.0,110.6,5.0,95.3,2327.0,6.7,716389,682515,521692,622110,672580,677951,680118,664728,676369,53.84,0.692,0.692,0.0,1.0,0.0,0.0,4.0,70,8,Sinker,12,5,5,12,5,12,5,12,Strategic,Standard,225.0,0.001,-0.328,,,0.871,0.328,110.6,7,-7,0.998,0.002,26,31,27,31,1,3,5.0,1.0,2.0,1.0,2.1,1.11,1.11,34.3,,,,,
FF,2023-09-29,91.4,-2.09,6.02,"Judge, Aaron",592450,543475,field_out,hit_into_play,,,,,6.0,Aaron Judge flies out to right fielder Nelson Velazquez in foul territory.,R,R,R,KC,NYY,X,9.0,fly_ball,3,0,2023,-0.34,1.13,0.52,3.07,,,,1,1,Top,201.42,130.14,,,,,7.360570053284815,-132.99155635605763,-4.09856888399673,-5.486853071570781,25.486503514975315,-18.00328306206381,3.91,1.81,252.0,98.6,57.0,92.5,2162.0,6.7,716389,682515,521692,622110,672580,677951,658668,664728,676369,53.76,0.024,0.027,0.0,1.0,0.0,0.0,3.0,2,4,4-Seam Fastball,0,0,0,0,0,0,0,0,Infield shade,Standard,203.0,0.03,-0.515,77.4,8.0,0.035,0.515,98.6,0,0,0.508,0.492,32,31,33,31,1,0,6.0,1.0,,1.0,1.57,0.34,0.34,43.5,17.48972956573336,-0.4113628448835201,41.954722655763184,46.39134192159281,28.567872846804484
SI,2023-09-28,92.6,-1.42,5.76,"Judge, Aaron",592450,605135,field_out,hit_into_play,,,,,7.0,"Aaron Judge grounds out, third baseman Matt Chapman to first baseman Vladimir Guerrero Jr.",R,R,R,TOR,NYY,X,5.0,ground_ball,1,1,2023,-1.25,0.68,-0.7,2.27,,,,0,6,Top,95.78,163.28,,,,,4.563085328912764,-134.71364789503164,-4.577359050308847,-16.186674257007514,29.841777368948883,-23.089074674204458,3.95,1.83,5.0,94.0,-22.0,92.5,2051.0,6.3,716403,672386,665489,624415,656305,666182,662139,595281,543807,54.23,0.129,0.129,0.0,1.0,0.0,0.0,2.0,45,3,Sinker,3,0,0,3,0,3,0,3,Strategic,Standard,223.0,0.023,-0.254,79.8,7.5,0.154,0.254,94.0,3,-3,0.864,0.136,34,31,34,31,3,2,6.0,1.0,,1.0,1.98,1.25,1.25,40.5,3.5607783038599927,9.679078718877207,45.79875484128808,34.16367876004686,24.257147322376884
SI,2023-09-27,94.1,-2.0,5.81,"Judge, Aaron",592450,621244,home_run,hit_into_play,,,,,6.0,Aaron Judge homers (36) on a fly ball to right field.    DJ LeMahieu scores.,R,R,R,TOR,NYY,X,,fly_ball,0,0,2023,-1.35,1.04,0.47,2.67,,,518934.0,0,4,Top,210.11,62.77,,,,,9.448755016643103,-136.72263035693337,-4.733081858894746,-19.037551283012053,30.74496596991916,-18.308831389142572,3.95,1.84,395.0,112.3,22.0,94.3,2071.0,6.5,716413,672386,665489,624415,656305,666182,593160,595281,543807,53.97,0.9731666666666668,1.8858333333333333,2.0,1.0,0.0,3.0,6.0,21,1,Sinker,0,0,0,0,2,0,2,0,Standard,Standard,218.0,-0.185,1.061,76.7,7.9,3.715666666666667,-1.061,112.3,0,0,0.456,0.544,29,31,29,31,2,1,6.0,2.0,7.0,1.0,1.55,1.35,1.35,44.0,4.460273586113311,13.40786107184804,43.162050682791,48.90818440654062,20.550990550327473
CH,2023-09-27,82.2,-2.49,6.19,"Judge, Aaron",592450,670950,home_run,hit_into_play,,,,,4.0,Aaron Judge homers (37) on a fly ball to left center field.   Oswald Peraza scores.,R,R,R,TOR,NYY,X,,fly_ball,2,1,2023,-1.25,0.17,-0.57,2.63,,,672724.0,2,7,Top,46.94,45.95,,,,,6.738006920941149,-119.59358517309396,-1.8568672371225556,-13.264474284772016,23.32499591108636,-30.3439632042648,3.95,1.84,424.0,112.7,30.0,82.0,2608.0,6.2,716413,672386,665489,624415,656305,666182,593160,595281,543807,54.31,0.989,1.988,2.0,1.0,0.0,3.0,6.0,48,4,Changeup,0,4,4,0,6,0,6,0,Strategic,Standard,254.0,-0.046,2.2,77.9,8.3,3.964,-2.2,112.7,-4,4,0.066,0.934,30,31,30,31,1,3,3.0,2.0,3.0,1.0,3.2,1.25,1.25,47.2,21.570688909395653,-11.598653457156978,42.64795720683225,36.40794003827318,36.181438521838615
CH,2023-09-25,92.4,-1.55,5.59,"Judge, Aaron",592450,518876,field_out,hit_into_play,,,,,4.0,"Aaron Judge grounds out sharply, shortstop Jordan Lawlar to first baseman Christian Walker.",R,R,R,NYY,AZ,X,6.0,ground_ball,2,2,2023,-1.61,0.39,-0.59,2.95,,664314.0,,2,3,Bot,94.22,139.77,,,,,5.954336337577978,-134.30404373532986,-1.646775469310334,-20.80752796841277,33.31504222738055,-27.345270319465783,3.97,1.85,89.0,102.1,4.0,91.7,2271.0,6.3,716471,672515,572233,672695,656896,691783,666971,677950,682998,54.24,0.563,0.525,0.0,1.0,0.0,0.0,4.0,25,5,Changeup,0,2,0,2,2,0,0,2,Standard,Standard,217.0,-0.033,-0.22,68.0,7.4,0.637,0.22,102.1,-2,-2,0.304,0.304,34,31,35,31,2,1,5.0,1.0,5.0,2.0,2.32,1.61,1.61,24.6,11.145349743789222,7.393338695420974,43.92998078363816,35.970628830815514,24.02907946090705
SI,2023-09-25,90.0,-3.27,3.9,"Judge, Aaron",592450,657044,field_out,hit_into_play,,,,,5.0,Aaron Judge flies out sharply to center fielder Alek Thomas.,R,R,R,NYY,AZ,X,8.0,fly_ball,0,1,2023,-1.44,-0.37,0.07,2.93,,,518934.0,2,7,Bot,148.92,38.62,,,,,11.389163141554247,-130.47923967228883,4.416265260506163,-18.873044357445913,27.817496016081854,-37.62694445120528,3.97,1.85,399.0,112.2,37.0,90.3,1914.0,6.7,716471,672515,572233,672695,656896,691783,666971,677950,682998,53.82,0.8723333333333333,1.7623333333333333,0.0,1.0,0.0,0.0,6.0,60,2,Sinker,3,3,3,3,3,3,3,3,Infield shade,Standard,276.0,-0.035,-0.241,80.6,7.8,3.497,0.241,112.2,0,0,0.535,0.535,31,31,31,31,1,3,1.0,1.0,2.0,2.0,3.2,1.44,1.44,-7.4,17.269051024339035,1.6527869496915426,41.57286743573802,44.4943770198734,32.18521867718073
FF,2023-09-24,95.4,-1.91,6.57,"Judge, Aaron",592450,656464,double,hit_into_play,,,,,8.0,Aaron Judge hits a ground-rule double (15) on a fly ball down the right-field line.   DJ LeMahieu to 3rd.,R,R,R,NYY,AZ,X,,fly_ball,2,1,2023,-0.97,1.48,-0.16,2.19,,,518934.0,1,8,Bot,214.03,112.57,,,,,6.893423212287931,-138.47138598767097,-9.284060296799549,-14.08676283270042,33.98077070612067,-11.156060982859056,3.97,1.84,304.0,103.8,46.0,96.4,2482.0,7.2,716458,672515,572233,672695,656896,691783,682998,677950,664983,53.27,0.082,0.134,1.25,1.0,1.0,1.0,3.0,62,4,4-Seam Fastball,0,6,0,6,6,0,0,6,Standard,Standard,221.0,0.015,0.772,76.3,8.5,0.265,-0.772,103.8,-6,-6,0.011,0.011,29,31,29,31,1,3,5.0,2.0,1.0,1.0,1.06,0.97,0.97,43.7,14.30119398182639,-7.160231249995769,46.77080458452361,41.01196416849132,29.853159219406024
FF,2023-09-22,92.7,-1.95,5.63,"Judge, Aaron",592450,694297,home_run,hit_into_play,,,,,5.0,Aaron Judge homers (34) on a fly ball to right center field.    Estevan Florial scores.,R,R,R,NYY,AZ,X,,fly_ball,1,2,2023,-0.92,1.22,-0.19,3.1,,664314.0,,0,5,Bot,172.78,53.3,,,,,6.594594994195232,-134.84435344388876,-3.345201618852549,-12.735215823332831,31.55243493873534,-16.762183212511474,3.97,1.84,379.0,101.3,27.0,93.6,2465.0,7.0,716480,672515,572233,606466,607054,672695,502054,677950,682998,53.51,0.5446176470588235,1.0203529411764705,2.0,1.0,0.0,3.0,6.0,37,4,4-Seam Fastball,4,0,4,0,0,6,6,0,Standard,Standard,218.0,0.034,1.091,77.0,7.5,2.020029411764707,-1.091,101.3,4,4,0.944,0.944,24,31,25,31,3,2,7.0,1.0,5.0,2.0,1.45,0.92,0.92,33.2,8.16466622155738,1.9450162467242873,41.7172427038214,40.61893639628171,24.22856422125048
SI,2023-09-22,92.9,-1.81,5.57,"Judge, Aaron",592450,694297,home_run,hit_into_play,,,,,8.0,Aaron Judge homers (33) on a fly ball to center field.   Oswaldo Cabrera scores.    Oswald Peraza scores.,R,R,R,NYY,AZ,X,,fly_ball,0,0,2023,-1.24,0.53,-0.26,1.95,,665828.0,672724.0,1,3,Bot,170.76,34.88,,,,,6.751117859269532,-135.11281292287578,-4.68336563356255,-16.659976733093863,30.218237628293792,-24.850856638298804,3.97,1.84,420.0,112.4,22.0,93.7,2277.0,6.8,716480,672515,572233,606466,607054,672695,502054,677950,682998,53.66,0.9731666666666668,1.8858333333333333,2.0,1.0,0.0,3.0,6.0,21,1,Sinker,0,0,0,0,0,3,3,0,Standard,Standard,218.0,0.229,1.201,76.3,8.2,3.715666666666667,-1.201,112.4,0,0,0.599,0.599,24,31,25,31,2,1,7.0,1.0,5.0,2.0,2.12,1.24,1.24,30.8,8.798616661512202,-0.8566922177578984,50.37175996290268,39.20105534667507,27.270230544803248
FF,2023-09-22,94.8,-1.71,5.68,"Judge, Aaron",592450,677944,home_run,hit_into_play,,,,,5.0,Aaron Judge homers (35) on a fly ball to right field.,R,R,R,NYY,AZ,X,,fly_ball,2,0,2023,-1.19,1.34,0.02,2.96,,,,1,7,Bot,228.53,81.69,,,,,7.234784434992209,-137.71483405967456,-4.396946967048063,-16.74296611585413,32.88443351521987,-14.41443475140164,3.97,1.84,383.0,108.4,27.0,94.9,2349.0,6.6,716480,672515,572233,606466,607054,672695,682998,677950,664983,53.88,0.9493000000000004,1.8932000000000004,2.0,1.0,0.0,3.0,6.0,55,3,4-Seam Fastball,6,0,6,0,0,7,7,0,Standard,Standard,229.0,0.004,1.477,76.4,7.2,3.7753,-1.477,108.4,6,6,0.992,0.992,24,31,24,31,1,3,20.0,1.0,25.0,2.0,1.22,1.19,1.19,39.6,3.990832207757554,15.0911637164273,41.95030739438515,43.93828417082318,20.227864475611703
ST,2023-09-22,83.1,-1.82,5.47,"Judge, Aaron",592450,694297,double,hit_into_play,,,,,5.0,Aaron Judge doubles (14) on a sharp line drive to center fielder Alek Thomas.,R,R,R,NYY,AZ,X,8.0,line_drive,1,1,2023,1.46,0.69,-0.22,2.77,,,,1,1,Bot,101.35,84.75,,,,,0.8016285873152768,-121.08800774805376,-1.0422936494236164,14.162007814456382,24.81588299321095,-25.46839713468098,3.97,1.84,183.0,110.3,10.0,83.7,2704.0,6.7,716480,672515,572233,606466,607054,672695,502054,677950,682998,53.76,0.908,0.918,1.25,1.0,1.0,1.0,5.0,5,3,Sweeper,0,0,0,0,0,0,0,0,Infield shade,Standard,65.0,0.042,0.673,75.7,7.5,1.202,-0.673,110.3,0,0,0.525,0.525,24,31,25,31,1,0,7.0,1.0,5.0,2.0,2.62,-1.46,-1.46,28.2,11.86496131721298,8.726991727634774,42.59196492527536,39.46537202954321,26.222192003798575
SI,2023-09-21,94.9,-2.27,5.84,"Judge, Aaron",592450,621244,single,hit_into_play,,,,,4.0,Aaron Judge singles on a sharp line drive to left fielder Whit Merrifield.,R,R,R,NYY,TOR,X,7.0,line_drive,0,0,2023,-1.41,0.91,-0.52,2.91,,,,2,5,Bot,66.3,91.18,,,,,7.76921505402152,-137.95031877757555,-4.066603288798807,-19.756121423406775,30.867715510239343,-19.821200553486698,3.97,1.84,219.0,101.0,14.0,95.4,2073.0,6.7,716492,672386,687462,624415,656305,666182,593160,595281,543807,53.84,0.789,0.789,0.9,1.0,1.0,0.0,4.0,35,1,Sinker,3,0,3,0,0,3,3,0,Infield shade,Standard,221.0,0.005,0.344,78.1,7.9,1.045,-0.344,101.0,3,3,0.868,0.868,29,31,29,31,3,2,6.0,1.0,6.0,1.0,1.63,1.41,1.41,40.3,17.615113005734713,1.211924559949745,41.65084906999175,36.891695976158815,29.59965632317696
SV,2023-09-21,83.7,-2.27,5.84,"Judge, Aaron",592450,621244,field_out,hit_into_play,,,,,9.0,Aaron Judge lines out to right fielder George Springer.,R,R,R,NYY,TOR,X,9.0,line_drive,0,0,2023,1.51,-0.63,0.36,2.09,,,,0,3,Bot,183.51,104.07,,,,,3.0746359482668497,-121.76217759220854,-0.9138563616742496,14.231142770660467,27.16052893605017,-38.411616027932666,3.97,1.84,276.0,93.5,19.0,83.5,2482.0,6.5,716492,672386,687462,624415,656305,666182,593160,595281,543807,54.05,0.416,0.457,0.0,1.0,0.0,0.0,4.0,20,1,Slurve,3,0,3,0,0,3,3,0,Infield shade,Standard,35.0,-0.011,-0.265,74.1,7.5,0.673,0.265,93.5,3,3,0.839,0.839,29,31,29,31,2,1,6.0,1.0,6.0,1.0,3.92,-1.51,-1.51,41.7,1.744556858225303,4.074231702256689,45.60005884368244,47.43784502300883,23.894705725176586
SL,2023-09-21,88.0,-1.08,5.53,"Judge, Aaron",592450,663878,double,hit_into_play,,,,,5.0,Aaron Judge doubles (13) on a sharp line drive to left fielder Whit Merrifield.   DJ LeMahieu scores.,R,R,R,NYY,TOR,X,7.0,line_drive,2,2,2023,0.76,0.19,0.1,3.16,,518934.0,,1,7,Bot,44.3,89.39,,,,,1.3016722037732251,-128.25932632190626,-0.0834544246698864,8.194157316245775,24.932667067745115,-30.300899088561923,3.97,1.84,203.0,113.5,12.0,89.5,2470.0,7.0,716492,672386,687462,624415,656305,666182,593160,595281,543807,53.52,0.879,0.944,1.25,1.0,1.0,1.0,6.0,51,5,Slider,4,0,4,0,0,5,5,0,,,130.0,0.014,0.864,77.7,8.1,1.322,-0.864,113.5,4,4,0.973,0.973,26,31,27,31,1,3,2.0,1.0,,1.0,2.73,-0.76,-0.76,36.4,23.314677282225876,-11.204195257339135,32.164712694976195,43.21909373540468,34.97447142853435
SL,2023-09-19,88.9,2.5,5.32,"Judge, Aaron",592450,579328,single,hit_into_play,,,,,5.0,Aaron Judge singles on a sharp line drive to left fielder Daulton Varsho.,R,R,L,NYY,TOR,X,7.0,line_drive,2,1,2023,-0.37,0.55,-0.07,2.87,,,,1,1,Bot,46.8,96.86,,,,,-5.581788096616002,-129.3809345075869,-1.1027413951976206,-2.9858382336992513,27.525102493799963,-26.00838348343385,3.97,1.82,238.0,111.1,16.0,90.1,2326.0,7.1,716520,672386,624415,676914,656305,666182,662139,595281,543807,53.43,0.5312,0.7751,0.9,1.0,1.0,0.0,6.0,6,4,Slider,0,1,0,1,1,0,0,1,Standard,Standard,182.0,0.023,0.373,77.6,8.1,1.3702,-0.373,111.1,-1,-1,0.427,0.427,32,31,32,31,1,0,6.0,2.0,5.0,1.0,2.34,-0.37,0.37,36.6,12.99019449523292,-1.4302766112535898,42.65406970960419,40.01584019188243,31.427374679418307
CU,2023-09-19,80.3,-0.5,5.92,"Judge, Aaron",592450,663878,single,hit_into_play,,,,,5.0,Aaron Judge singles on a line drive to center fielder Kevin Kiermaier.,R,R,R,NYY,TOR,X,8.0,line_drive,1,1,2023,1.13,-0.9,0.16,3.15,,,,0,9,Bot,107.67,99.35,,,,,-0.6975644959824512,-116.86172256578374,2.35399346885374,10.427116404334738,23.944121568185142,-41.10685828503206,3.97,1.82,150.0,78.8,16.0,80.8,2676.0,6.8,716520,672386,624415,669289,656305,666182,662139,595281,543807,53.65,0.895,0.837,0.9,1.0,1.0,0.0,4.0,69,3,Curveball,1,7,1,7,7,1,1,7,Strategic,Standard,41.0,0.005,0.443,72.6,8.3,1.009,-0.443,88.0,-6,-6,0.003,0.003,26,31,27,31,1,3,37.0,2.0,2.0,1.0,4.46,-1.13,-1.13,49.9,27.932286996573534,-16.861930669163335,42.58189979498162,44.43755587448014,39.489858303795074
CU,2023-09-17,81.9,-2.13,5.86,"Judge, Aaron",592450,656578,field_out,hit_into_play,,,,,9.0,"Aaron Judge grounds out, third baseman Ke'Bryan Hayes to first baseman Jared Triolo.",R,R,R,PIT,NYY,X,5.0,ground_ball,2,2,2023,0.58,-1.18,0.82,1.82,,518934.0,,0,6,Top,99.64,170.33,,,,,5.560741305748834,-119.07396101770404,-0.2264029779726966,4.321425660749576,24.490434157862712,-43.49305232132066,3.97,1.82,2.0,81.6,-42.0,81.8,2349.0,6.4,716551,641511,669707,678894,663647,675961,656582,669261,609280,54.07,0.074,0.076,0.0,1.0,0.0,0.0,2.0,38,5,Curveball,2,1,1,2,1,2,1,2,Standard,Standard,20.0,0.06,-0.158,67.9,8.0,0.074,0.158,88.0,1,-1,0.568,0.432,27,31,27,31,2,2,6.0,1.0,5.0,2.0,4.6,-0.58,-0.58,49.4,5.902870621108055,9.866604583173674,40.16538298812126,51.69174800578968,20.772639255973992
FF,2023-09-17,95.5,-1.54,6.15,"Judge, Aaron",592450,656578,field_out,hit_into_play,,,,,4.0,"Aaron Judge grounds out, shortstop Alika Williams to first baseman Jared Triolo.",R,R,R,PIT,NYY,X,6.0,ground_ball,0,0,2023,-0.83,1.12,-0.47,3.12,,,,0,4,Top,110.85,149.65,,,,,4.741889138755862,-138.95990740107467,-4.8838109476454505,-11.80951021772531,31.82919384258367,-16.78227922832403,3.97,1.82,37.0,93.2,-2.0,96.2,2224.0,6.7,716551,641511,669707,678894,663647,675961,656582,669261,609280,53.78,0.289,0.274,0.0,1.0,0.0,0.0,2.0,22,1,4-Seam Fastball,1,0,0,1,0,1,0,1,Standard,Standard,215.0,0.029,-0.265,69.4,6.7,0.319,0.265,93.2,1,-1,0.623,0.377,27,31,27,31,1,1,6.0,1.0,5.0,2.0,1.38,0.83,0.83,56.4,3.1938027967508114,8.948398240248338,40.697409068400425,34.4158392804379,20.31034448636588
SL,2023-09-17,88.8,-1.45,5.84,"Judge, Aaron",592450,681882,field_out,hit_into_play,,,,,6.0,"Aaron Judge grounds out, shortstop Alika Williams to first baseman Jared Triolo.",R,R,R,PIT,NYY,X,6.0,ground_ball,2,1,2023,0.21,0.56,0.4,2.78,,,,1,1,Top,115.01,155.11,,,,,4.1262341734473615,-129.39961940169613,-2.6580629348788687,1.4858432737944076,26.038813572329055,-25.53894874610825,3.97,1.82,8.0,64.0,-19.0,89.6,2542.0,6.6,716551,641511,669707,678894,663647,675961,656582,669261,609280,53.9,0.037,0.049,0.0,1.0,0.0,0.0,2.0,2,4,Slider,0,0,0,0,0,0,0,0,Standard,Standard,96.0,0.018,-0.31,73.9,8.8,0.041,0.31,88.0,0,0,0.52,0.48,25,31,26,31,1,0,2.0,1.0,4.0,2.0,2.31,-0.21,-0.21,46.7,30.975015790301253,-16.629160463669834,40.914887615913656,46.20961346873587,43.19529607915689
SI,2023-09-16,95.3,-1.13,5.83,"Judge, Aaron",592450,641672,field_out,hit_into_play,,,,,8.0,"Aaron Judge grounds out, third baseman Ke'Bryan Hayes to first baseman Alfonso Rivas.",R,R,R,PIT,NYY,X,5.0,ground_ball,0,0,2023,-1.16,0.71,-0.11,2.11,,,,1,8,Top,84.9,163.26,,,,,5.2765019867723435,-138.60294749219628,-5.716023257456282,-16.124628810002353,31.063422056149317,-21.9900153871925,3.96,1.8,5.0,83.2,-22.0,95.4,2187.0,6.4,716563,682848,663845,678225,663647,678894,668804,669261,641943,54.09,0.066,0.067,0.0,1.0,0.0,0.0,2.0,65,1,Sinker,3,6,6,3,6,3,6,3,Standard,Standard,213.0,0.006,-0.267,74.8,7.8,0.068,0.267,88.0,-3,3,0.078,0.922,28,31,29,31,1,4,1.0,1.0,,1.0,1.81,1.16,1.16,46.9,8.900534827482652,1.2768039561707014,45.724778463745224,39.884681063825056,27.960835121126536
FF,2023-09-15,94.0,-2.15,5.65,"Judge, Aaron",592450,670912,single,hit_into_play,,,,,4.0,Aaron Judge singles on a sharp line drive to left fielder Bryan Reynolds.,R,R,R,PIT,NYY,X,7.0,line_drive,0,0,2023,-0.97,0.85,-0.29,3.24,,,,0,3,Top,65.12,78.19,,,,,7.0966268150277285,-136.79787611179697,-2.489659717630551,-13.738081381668009,26.929963884825547,-21.096970989181617,3.96,1.82,287.0,111.0,16.0,96.0,2168.0,7.2,716579,682848,656582,678225,663647,678894,668804,669261,641943,53.32,0.5312,0.7751,0.9,1.0,1.0,0.0,6.0,24,1,4-Seam Fastball,2,1,1,2,1,2,1,2,Standard,Standard,211.0,-0.043,0.432,77.6,7.7,1.3702,-0.432,111.0,1,-1,0.612,0.388,25,31,25,31,2,1,6.0,1.0,6.0,1.0,1.71,0.97,0.97,29.3,17.43736858458044,-6.908354892756302,39.82989976087136,38.84083156440999,29.60697949810787
SI,2023-09-15,94.9,-1.11,5.92,"Judge, Aaron",592450,641672,single,hit_into_play,,,,,8.0,Aaron Judge singles on a ground ball to center fielder Jack Suwinski. Ben Rortvedt scores. DJ LeMahieu to 2nd.,R,R,R,PIT,NYY,X,8.0,ground_ball,3,1,2023,-0.9,0.92,0.2,2.38,666163.0,,518934.0,2,6,Top,131.45,109.05,,,,,5.456111092943051,-138.1776480291675,-5.7291165520694864,-12.756790180932857,27.74320301882539,-19.34087519649855,3.96,1.82,109.0,103.2,7.0,95.6,2372.0,6.4,716579,682848,656582,678225,663647,678894,668804,669261,641943,54.08,0.695,0.652,0.9,1.0,1.0,0.0,4.0,52,5,Sinker,2,2,2,2,3,2,3,2,Standard,Standard,212.0,-0.139,0.514,77.5,7.6,0.78,-0.514,103.2,0,0,0.486,0.514,28,31,29,31,1,3,5.0,1.0,1.0,1.0,1.59,0.9,0.9,44.4,1.871731200636732,6.404340492355869,42.73503855838901,45.28399999107876,22.943447073959444
SI,2023-09-15,98.3,-1.8,5.53,"Judge, Aaron",592450,670059,single,hit_into_play,,,,,7.0,Aaron Judge singles on a ground ball to left fielder Bryan Reynolds. DJ LeMahieu to 2nd.,R,R,R,PIT,NYY,X,7.0,ground_ball,1,1,2023,-1.32,0.75,-0.74,2.05,,,518934.0,0,9,Top,77.52,115.11,,,,,5.9446383656528345,-142.9991472039147,-5.7082102964130135,-19.474484485058817,33.51568606688647,-20.765509356383063,3.96,1.82,9.0,104.3,-12.0,98.5,2281.0,6.4,716579,682848,663845,678225,663647,678894,668804,669261,641943,54.05,0.276,0.264,0.9,1.0,1.0,0.0,2.0,76,3,Sinker,5,3,3,5,3,5,3,5,Standard,Standard,228.0,-0.125,0.465,73.5,7.5,0.29,-0.465,104.3,2,-2,0.847,0.153,27,31,28,31,1,4,2.0,1.0,5.0,1.0,1.61,1.32,1.32,25.7,6.371656647657893,9.371075609547802,48.5793946161189,33.65383756087288,24.4086695012581
SI,2023-09-14,94.2,-2.81,5.35,"Judge, Aaron",592450,656557,field_out,hit_into_play,,,,,8.0,"Aaron Judge grounds out, third baseman Rafael Devers to first baseman Triston Casas.",R,R,R,BOS,NYY,X,5.0,ground_ball,0,0,2023,-1.33,-0.07,-0.17,2.49,,,665828.0,2,3,Top,98.48,161.33,,,,,9.88101907356238,-136.8291024770415,-1.5217376099508786,-18.913383682747828,31.401206544231684,-32.919772402535145,3.98,1.84,26.0,93.9,-4.0,94.7,2484.0,6.8,716597,657136,671213,649966,646240,596115,677800,678882,594807,53.71,0.261,0.256,0.0,1.0,0.0,0.0,2.0,20,1,Sinker,1,0,0,1,0,1,0,1,Standard,Standard,277.0,0.026,-0.286,80.2,8.5,0.282,0.286,93.9,1,-1,0.643,0.357,27,31,27,31,2,1,6.0,2.0,5.0,0.0,2.66,1.33,1.33,23.1,17.905982071554412,-12.074233023098856,41.95129568076688,40.027357790159854,33.59057500116316
SI,2023-09-14,91.9,2.39,5.07,"Judge, Aaron",592450,687888,grounded_into_double_play,hit_into_play,,,,,5.0,"Aaron Judge grounds into a double play, third baseman Luis Urias to second baseman Pablo Reyes to first baseman Triston Casas. DJ LeMahieu out at 2nd. Aaron Judge out at 1st.",R,R,L,BOS,NYY,X,5.0,ground_ball,2,2,2023,1.28,0.21,0.04,2.52,,,518934.0,1,6,Top,104.05,167.17,,,,,-8.789743006575288,-133.58642957701622,-1.048513912798322,17.29299130829543,29.6232526751806,-29.608257603019908,3.96,1.82,37.0,80.5,-1.0,92.3,2167.0,6.6,716593,624512,671213,622569,649966,678882,807799,677800,657077,53.85,0.168,0.177,0.0,1.0,0.0,0.0,2.0,52,5,Sinker,4,5,5,4,5,4,5,4,Standard,Standard,120.0,0.055,-0.308,78.3,8.0,0.195,0.308,88.0,-1,1,0.341,0.659,26,31,27,31,1,3,6.0,0.0,,1.0,2.5,1.28,-1.28,20.4,19.88588069320451,-6.477242480088037,42.55201644817944,42.91777543778396,35.28021809100824
SI,2023-09-14,88.8,2.95,4.87,"Judge, Aaron",592450,657514,home_run,hit_into_play,,,,,4.0,Aaron Judge hits a grand slam (32) to center field. Oswald Peraza scores. Oswaldo Cabrera scores. DJ LeMahieu scores.,R,R,L,BOS,NYY,X,,fly_ball,2,0,2023,1.15,0.55,-0.32,2.57,672724.0,665828.0,518934.0,2,2,Top,127.49,29.73,,,,,-10.386925227618406,-128.9980690162106,-0.7132048964893496,15.03906240205589,26.763787615590847,-26.0456081368795,3.96,1.82,418.0,110.0,22.0,88.5,2185.0,6.2,716593,624512,671213,622569,649966,678882,807799,677800,657077,54.33,0.9245454545454544,1.767909090909091,2.0,1.0,0.0,3.0,6.0,18,3,Sinker,2,1,1,2,5,2,5,2,Standard,Standard,137.0,-0.299,1.047,,,3.468727272727273,-1.047,110.0,1,-1,0.545,0.4549999999999999,31,31,31,31,1,1,2.0,0.0,2.0,1.0,2.34,1.15,-1.15,19.9,,,,,
SL,2023-09-14,85.0,-3.02,5.32,"Judge, Aaron",592450,656557,field_out,hit_into_play,,,,,4.0,Aaron Judge flies out sharply to center fielder Ceddanne Rafaela.,R,R,R,BOS,NYY,X,8.0,fly_ball,3,2,2023,1.07,-0.04,-0.43,2.68,,,664314.0,0,1,Top,119.99,86.12,,,,,3.892611121224927,-123.77535270012648,0.1660012730877527,10.236091647855092,24.104871111010706,-32.84486388475786,3.98,1.84,282.0,103.6,47.0,84.4,2679.0,5.8,716597,657136,671213,649966,646240,596115,677800,678882,594807,54.73,0.074,0.13,0.0,1.0,0.0,0.0,3.0,2,6,Slider,0,0,0,0,0,0,0,0,Standard,Standard,62.0,0.042,-0.303,75.1,8.3,0.248,0.303,103.6,0,0,0.456,0.544,27,31,27,31,1,0,6.0,2.0,5.0,0.0,3.19,-1.07,-1.07,23.2,17.053722789162542,-17.954559268551893,40.42875126738776,36.10907940932891,37.62637187715613
SI,2023-09-14,95.0,-1.01,5.83,"Judge, Aaron",592450,676477,field_out,hit_into_play,,,,,4.0,"Aaron Judge grounds out, third baseman Rafael Devers to first baseman Triston Casas.",R,R,R,BOS,NYY,X,5.0,ground_ball,0,1,2023,-1.33,1.26,-0.34,3.25,,,,0,8,Top,94.33,156.12,,,,,4.861308828625082,-138.2241614324771,-4.029399248820376,-18.15818785869282,29.918390804546057,-15.310536457456775,3.98,1.84,39.0,97.2,-2.0,97.6,2137.0,7.7,716597,657136,671213,649966,646240,596115,677800,678882,594807,52.8,0.329,0.319,0.0,1.0,0.0,0.0,2.0,58,2,Sinker,2,0,0,2,0,2,0,2,Standard,Standard,228.0,0.032,-0.223,71.0,7.3,0.359,0.223,97.2,2,-2,0.868,0.132,27,31,27,31,1,3,4.0,2.0,3.0,0.0,1.26,1.33,1.33,40.4,14.924456831311836,1.4093236672386298,39.69248067967607,38.742777583409215,24.42214063386413
FF,2023-09-12,95.6,-1.7,6.42,"Judge, Aaron",592450,601713,field_out,hit_into_play,,,,,5.0,Aaron Judge flies out to right fielder Alex Verdugo.,R,R,R,BOS,NYY,X,9.0,fly_ball,1,2,2023,0.03,1.53,0.22,3.14,543309.0,518934.0,,0,6,Top,189.3,124.39,,,,,5.073862197906536,-139.09997668040765,-6.599505377955865,-0.7474597804922828,29.52130150881972,-11.020239799209508,3.98,1.86,243.0,94.3,54.0,97.3,2213.0,7.1,716628,624512,671213,665839,646240,678882,807799,677800,657077,53.36,0.016,0.02,0.0,1.0,0.0,0.0,3.0,40,5,4-Seam Fastball,2,1,1,2,1,2,1,2,Standard,Standard,201.0,0.061,-0.132,75.6,7.6,0.03,0.132,94.3,1,-1,0.455,0.5449999999999999,30,31,30,31,3,2,6.0,2.0,5.0,0.0,0.95,-0.03,-0.03,50.7,15.076439498640116,-3.0062252234837956,36.04609023993433,45.00762626139655,27.848640060343108
FF,2023-09-12,94.4,-1.65,6.51,"Judge, Aaron",592450,601713,field_out,hit_into_play,,,,,5.0,Aaron Judge flies out sharply to right fielder Alex Verdugo.,R,R,R,BOS,NYY,X,9.0,fly_ball,1,0,2023,-0.32,1.6,0.07,2.92,,,,0,4,Top,171.85,76.08,,,,,5.2539681209299705,-137.27265872603934,-7.325401597418098,-5.174750331227749,28.650211555953277,-10.48174506440373,3.98,1.86,325.0,107.1,46.0,95.9,2375.0,7.0,716628,624512,671213,665839,646240,678882,807799,677800,657077,53.47,0.184,0.348,0.0,1.0,0.0,0.0,5.0,21,2,4-Seam Fastball,0,0,0,0,0,0,0,0,Standard,Standard,199.0,0.031,-0.306,78.4,8.0,0.672,0.306,107.1,0,0,0.496,0.504,30,31,30,31,2,1,6.0,2.0,5.0,0.0,0.95,0.32,0.32,52.9,16.46712232681468,-3.06414515396025,40.233900923986965,42.21633769864157,30.381478858610308
SL,2023-09-12,86.9,-1.43,6.08,"Judge, Aaron",592450,670174,field_out,hit_into_play,,,,,8.0,Aaron Judge pops out to second baseman Pablo Reyes.,R,R,R,BOS,NYY,X,4.0,popup,0,2,2023,0.3,-0.24,0.27,2.17,,664314.0,,2,5,Top,136.94,132.99,,,,,3.472370298453866,-126.59541410672038,-2.7626487165088083,2.625981494725792,23.93491235505052,-34.45855248942439,3.97,1.85,161.0,80.7,60.0,87.7,2190.0,6.5,716612,657136,671213,622569,649966,596115,608701,678882,594807,53.95,0.029,0.035,0.0,1.0,0.0,0.0,3.0,39,3,Slider,1,1,1,1,1,1,1,1,Standard,Standard,67.0,0.03,-0.187,72.5,8.7,0.046,0.187,88.0,0,0,0.537,0.4629999999999999,25,31,25,31,1,2,2.0,0.0,4.0,2.0,3.23,-0.3,-0.3,54.1,18.842045907542957,-12.839366934722452,40.208301679316065,45.78342538408343,36.77455500074876
FC,2023-09-10,92.9,-0.86,5.77,"Judge, Aaron",592450,669203,field_out,hit_into_play,,,,,13.0,"Aaron Judge grounds out, third baseman Andruw Monasterio to first baseman Carlos Santana.",R,R,R,NYY,MIL,X,5.0,ground_ball,2,2,2023,0.54,0.41,-1.2,2.8,,,,2,6,Bot,112.13,163.61,,,,,-2.0848702102643353,-135.36891803438033,-2.7388615566691925,7.140757489041386,28.832297073635026,-26.79075053856543,3.98,1.87,6.0,52.5,-24.0,93.3,2682.0,6.4,716646,605170,467793,668930,655316,642715,621438,686217,592192,54.08,0.066,0.067,0.0,1.0,0.0,0.0,1.0,41,5,Cutter,0,0,0,0,0,0,0,0,Standard,Strategic,165.0,-0.015,-0.233,63.8,6.2,0.069,0.233,88.0,0,0,0.515,0.515,28,31,29,31,3,2,6.0,1.0,6.0,2.0,2.22,-0.54,-0.54,37.7,-10.378005209386927,16.334965503547952,49.07311916391335,28.078173034675235,14.77693398982731
FC,2023-09-10,94.1,-0.88,5.69,"Judge, Aaron",592450,669203,field_out,hit_into_play,,,,,8.0,"Aaron Judge grounds out, third baseman Andruw Monasterio to first baseman Carlos Santana.",R,R,R,NYY,MIL,X,5.0,ground_ball,2,0,2023,0.39,0.64,-0.01,2.15,,,,1,4,Bot,107.61,172.26,,,,,1.4024433315374922,-137.10089570570526,-4.963317364389511,4.639719135063499,29.944490828837687,-23.19164502125926,3.98,1.87,83.0,84.4,6.0,95.1,2741.0,6.8,716646,605170,467793,668930,655316,642715,621438,686217,592192,53.75,0.392,0.374,0.0,1.0,0.0,0.0,4.0,25,3,Cutter,0,0,0,0,0,0,0,0,Standard,Strategic,166.0,-0.029,-0.373,80.5,8.2,0.457,0.373,88.0,0,0,0.542,0.542,28,31,29,31,2,1,6.0,1.0,6.0,2.0,1.92,-0.39,-0.39,36.9,16.333859733717123,-5.212835806140792,45.16853259824061,44.29220533069146,36.19653381146888
FC,2023-09-09,86.3,1.93,6.42,"Judge, Aaron",592450,489119,field_out,hit_into_play,,,,,1.0,Aaron Judge flies out sharply to left fielder Tyrone Taylor.,R,R,L,NYY,MIL,X,7.0,fly_ball,3,0,2023,-0.41,0.46,-0.64,3.36,,,518934.0,2,3,Bot,73.95,67.34,,,,,-5.27264436132846,-125.68912093601328,-2.059108948520474,-3.4411208877078017,23.207804816910983,-27.10074027755857,3.98,1.87,349.0,105.9,45.0,86.6,2114.0,6.2,716659,661388,467793,668930,655316,642715,621438,686217,592192,54.28,0.182,0.34,0.0,1.0,0.0,0.0,5.0,22,4,Cutter,0,0,0,0,0,0,0,0,Standard,Standard,173.0,-0.04,-0.457,77.0,8.0,0.665,0.457,105.9,0,0,0.54,0.54,36,31,37,31,2,1,6.0,1.0,6.0,1.0,2.58,-0.41,0.41,54.0,21.443368032125186,-11.696179024283085,40.50954558352891,35.26727607070139,36.19054469674622
SI,2023-09-09,89.2,4.15,4.55,"Judge, Aaron",592450,571948,field_out,hit_into_play,,,,,4.0,Aaron Judge flies out to center fielder Joey Wiemer.,R,R,L,NYY,MIL,X,8.0,fly_ball,0,1,2023,1.54,0.34,-0.68,2.71,,677592.0,672724.0,2,9,Bot,141.76,54.15,,,,,-15.238855760386556,-129.01909166335926,0.854441639079029,20.36007469586978,25.902581960087964,-28.796725432643,3.98,1.87,361.0,97.4,39.0,89.8,1912.0,6.9,716659,661388,467793,668930,655316,642715,621438,686894,686217,53.58,0.113,0.201,0.0,1.0,0.0,0.0,3.0,82,2,Sinker,2,9,2,9,9,2,2,9,Standard,Standard,104.0,-0.001,-0.256,76.9,7.8,0.387,0.256,97.4,-7,-7,0.001,0.001,32,31,32,31,1,4,3.0,1.0,1.0,1.0,2.55,1.54,-1.54,2.6,15.194788059092708,-2.1760603212925336,47.885976522232355,34.621470938558744,28.35473567834341
SL,2023-09-09,83.8,-2.77,5.61,"Judge, Aaron",592450,606303,single,hit_into_play,,,,,13.0,Aaron Judge singles on a ground ball to left fielder Tyrone Taylor.,R,R,R,NYY,MIL,X,7.0,ground_ball,3,2,2023,1.15,-0.06,-0.45,1.7,,,,2,7,Bot,63.95,125.97,,,,,3.09118170270782,-122.00356312982984,-2.518639443313666,10.895982651875585,23.643644441577575,-32.47948990514508,3.98,1.87,66.0,103.9,3.0,83.8,2838.0,6.2,716659,661388,467793,668930,655316,642715,621438,686217,592192,54.29,0.568,0.522,0.9,1.0,1.0,0.0,4.0,55,6,Slider,2,2,2,2,2,2,2,2,Standard,Strategic,47.0,0.017,0.282,73.0,8.7,0.628,-0.282,103.9,0,0,0.524,0.524,29,31,29,31,1,3,8.0,1.0,1.0,1.0,3.3,-1.15,-1.15,28.2,18.281373641804883,-13.802144315594829,47.47815582606945,37.92570605158748,33.88721703996622
SI,2023-09-09,93.8,-2.43,5.46,"Judge, Aaron",592450,665625,field_out,hit_into_play,,,,,8.0,"Aaron Judge grounds out, shortstop Willy Adames to first baseman Carlos Santana.",R,R,R,NYY,MIL,X,6.0,ground_ball,1,0,2023,-1.33,0.07,-0.02,2.34,,,,0,5,Bot,104.05,152.42,,,,,9.349333229327543,-136.28670010261618,-2.5574305209840142,-18.661780648672476,29.306732322324013,-30.88497375070895,3.98,1.87,8.0,106.1,-16.0,95.5,1670.0,7.3,716659,661388,467793,668930,655316,642715,621438,686217,592192,53.17,0.187,0.198,0.0,1.0,0.0,0.0,2.0,40,2,Sinker,2,2,2,2,2,2,2,2,Standard,Strategic,253.0,-0.035,-0.306,78.5,7.7,0.193,0.306,106.1,0,0,0.572,0.572,26,31,26,31,1,2,3.0,1.0,5.0,1.0,2.52,1.33,1.33,19.6,4.162979780697163,7.856780824755541,47.450749697387785,42.47789053325464,21.50329138358141
ST,2023-09-08,84.5,-2.06,5.66,"Judge, Aaron",592450,607067,single,hit_into_play,,,,,5.0,Aaron Judge singles on a sharp line drive to left fielder Christian Yelich.,R,R,R,NYY,MIL,X,7.0,line_drive,0,1,2023,1.23,0.05,0.07,2.56,,,,1,3,Bot,62.4,83.09,,,,,2.530302418821763,-123.09518944327996,-0.9381211859899716,11.85675702703065,26.24088595693443,-31.670799633176323,3.93,1.84,220.0,101.1,15.0,84.8,2114.0,6.6,716670,661388,467793,668930,655316,642715,592885,686217,592192,53.92,0.718,0.76,0.9,1.0,1.0,0.0,4.0,22,2,Sweeper,0,0,0,0,0,0,0,0,Standard,Strategic,59.0,0.031,0.457,76.3,7.9,1.05,-0.457,101.1,0,0,0.527,0.527,32,31,33,31,2,1,6.0,1.0,5.0,1.0,3.15,-1.23,-1.23,39.4,12.540811837677785,-3.4006725157177917,44.070719947107825,43.10334548081744,31.726038840998868
FF,2023-09-07,93.0,1.5,5.82,"Judge, Aaron",592450,593958,field_out,hit_into_play,,,,,4.0,Aaron Judge flies out to center fielder Matt Vierling.,R,R,L,NYY,DET,X,8.0,fly_ball,2,0,2023,0.32,1.33,-0.47,2.59,,,518934.0,0,5,Bot,128.1,82.79,,,,,-5.7317179451039655,-135.32013308682886,-5.404404787389206,5.237761289962889,30.23872115843818,-14.798228096100726,3.95,1.85,290.0,89.7,45.0,92.6,2173.0,6.1,716686,668670,679529,628451,686531,595879,663527,663837,681481,54.37,0.013,0.018,0.0,1.0,0.0,0.0,3.0,46,3,4-Seam Fastball,3,8,3,8,8,3,3,8,Standard,Standard,144.0,-0.037,-0.326,80.8,8.3,0.025,0.326,89.7,-5,-5,0.114,0.114,30,31,30,31,3,2,6.0,1.0,6.0,1.0,1.31,0.32,-0.32,35.5,13.91501310862984,-3.7532832033503074,43.50060216994681,37.5593444866663,30.753623945088496
CH,2023-09-07,87.3,1.51,6.04,"Judge, Aaron",592450,593958,field_out,hit_into_play,,,,,6.0,Aaron Judge flies out sharply to center fielder Matt Vierling.,R,R,L,NYY,DET,X,8.0,fly_ball,1,0,2023,1.49,0.22,0.33,2.51,,,518934.0,1,3,Bot,143.7,36.87,,,,,-5.8858005380004625,-126.95602343852453,-2.7790906467540375,17.27767749335338,26.391064376469625,-29.40500897915752,3.95,1.85,402.0,102.4,34.0,87.2,1936.0,6.3,716686,668670,679529,628451,686531,595879,663527,663837,681481,54.19,0.5153043478260869,1.0031739130434782,0.0,1.0,0.0,0.0,6.0,25,2,Changeup,1,4,1,4,4,1,1,4,Standard,Standard,130.0,-0.035,-0.293,80.2,8.1,2.0101304347826088,0.293,102.4,-3,-3,0.243,0.243,30,31,30,31,2,1,6.0,1.0,6.0,1.0,2.78,1.49,-1.49,38.5,13.157681684089576,-1.4128939817139592,43.349336619714265,46.29167314084183,30.53618955797303
SI,2023-09-07,94.0,-1.08,5.84,"Judge, Aaron",592450,622766,field_out,hit_into_play,,,,,4.0,Aaron Judge flies out to right fielder Kerry Carpenter.,R,R,R,NYY,DET,X,9.0,fly_ball,1,0,2023,-1.27,0.62,-0.65,3.06,,,,1,8,Bot,181.72,83.61,,,,,3.87424751400316,-136.96555562314057,-2.898621428696419,-16.83758135958382,27.91717760571877,-23.92867493715696,3.95,1.85,318.0,93.1,39.0,93.4,2139.0,5.7,716686,668670,679529,628451,686531,595879,668731,678009,681481,54.8,0.032,0.042,0.0,1.0,0.0,0.0,3.0,69,2,Sinker,3,10,3,10,10,3,3,10,Standard,Standard,223.0,-0.001,-0.306,75.1,7.4,0.078,0.306,93.1,-7,-7,0.003,0.003,28,31,29,31,1,3,2.0,1.0,3.0,1.0,1.94,1.27,1.27,36.0,4.67959062112843,-5.100388663106123,45.27027527977555,35.98837757682063,26.304476655395256
FF,2023-09-06,96.6,-1.32,6.07,"Judge, Aaron",592450,689225,force_out,hit_into_play,,,,,9.0,"Aaron Judge grounds into a force out, shortstop Zack Short to second baseman Andy Ibanez.   DJ LeMahieu out at 2nd.",R,R,R,NYY,DET,X,6.0,ground_ball,2,2,2023,-0.62,1.18,0.48,1.89,665828.0,,518934.0,2,2,Bot,116.4,154.36,,,,,6.17746432887824,-140.50012692280765,-8.241826019701817,-9.591089370334778,29.770206560185155,-14.892251640423826,3.96,1.84,8.0,105.7,-13.0,96.5,2449.0,6.1,716694,608348,679529,628451,663837,670097,668731,678009,656716,54.4,0.253,0.259,0.0,1.0,0.0,0.0,2.0,19,5,4-Seam Fastball,1,1,1,1,1,1,1,1,Standard,Standard,206.0,-0.046,-0.251,76.3,8.3,0.253,0.251,105.7,0,0,0.546,0.546,25,31,25,31,1,1,5.0,1.0,6.0,1.0,1.25,0.62,0.62,53.6,5.180681524733151,3.8347067276363247,42.06539745707276,48.37288351390857,22.14905782264873
FC,2023-09-06,88.5,1.24,5.99,"Judge, Aaron",592450,663947,single,hit_into_play,,,,,5.0,Aaron Judge singles on a ground ball to left fielder Akil Baddoo.,R,R,L,NYY,DET,X,7.0,ground_ball,2,1,2023,-0.39,0.64,0.24,2.64,,,,2,6,Bot,73.95,113.73,,,,,-1.635765797005324,-128.98245390536775,-3.5211811185267488,-4.022371421235963,24.848420461273275,-24.47990654951787,3.96,1.84,12.0,101.5,-12.0,89.5,2295.0,6.7,716694,608348,679529,628451,663837,670097,668731,678009,656716,53.84,0.232,0.242,0.9,1.0,1.0,0.0,2.0,49,4,Cutter,4,1,4,1,1,4,4,1,Standard,Standard,161.0,0.004,0.304,80.9,8.0,0.232,-0.304,101.5,3,3,0.898,0.898,27,31,27,31,1,3,6.0,1.0,2.0,1.0,2.24,-0.39,0.39,42.6,10.939018481591331,1.9080388593458053,39.886685395569074,46.00732540185938,28.712497613899806
SI,2023-09-06,95.9,-1.97,5.95,"Judge, Aaron",592450,656638,field_out,hit_into_play,,,,,6.0,"Aaron Judge grounds out, shortstop Javier Baez to first baseman Spencer Torkelson.",R,R,R,NYY,DET,X,6.0,ground_ball,3,2,2023,-1.11,0.77,0.39,2.8,,,518934.0,2,8,Bot,110.95,153.75,,,,,8.753642001049066,-139.44273846440004,-4.490412858709977,-16.351851169478323,29.118493214930105,-21.349411539891776,3.96,1.84,88.0,109.1,4.0,96.3,2150.0,6.4,716694,608348,679529,670097,686531,595879,663837,678009,628451,54.11,0.616,0.562,0.0,1.0,0.0,0.0,4.0,70,9,Sinker,4,3,4,3,3,4,4,3,Standard,Standard,223.0,-0.017,-0.305,78.1,7.7,0.682,0.305,109.1,1,1,0.852,0.852,27,31,28,31,1,4,3.0,1.0,3.0,1.0,1.7,1.11,1.11,48.8,14.039323731551214,6.6175008068071985,40.163931506698844,46.52093403786658,29.68678268545276
SI,2023-09-06,95.8,-1.47,5.34,"Judge, Aaron",592450,542585,double,hit_into_play,,,,,5.0,Aaron Judge doubles (12) on a line drive to right fielder Zach McKinstry.,R,R,R,NYY,DET,X,9.0,line_drive,3,1,2023,-1.35,0.66,-0.14,3.15,,,,1,4,Bot,171.3,60.5,,,,,6.517188497543567,-139.37628168105644,-1.6739169465736583,-19.079206226924683,31.024277799750976,-23.38333953778771,3.96,1.84,321.0,96.2,23.0,95.2,2186.0,5.9,716694,608348,679529,628451,663837,670097,668731,678009,656716,54.55,0.253,0.325,1.25,1.0,1.0,1.0,5.0,34,5,Sinker,3,1,3,1,1,3,3,1,Strategic,Standard,227.0,0.023,0.497,75.6,7.0,0.535,-0.497,96.2,2,2,0.777,0.777,34,31,34,31,1,2,1.0,1.0,8.0,1.0,1.82,1.35,1.35,22.5,4.221182923018213,12.223401381240258,41.504788168937395,42.19864774304864,20.348208770132963
FF,2023-09-05,94.0,-2.85,6.27,"Judge, Aaron",592450,656412,single,hit_into_play,,,,,5.0,Aaron Judge singles on a sharp line drive to left fielder Akil Baddoo.,R,R,R,NYY,DET,X,7.0,line_drive,1,0,2023,-0.87,1.3,-0.2,2.63,,,,0,1,Bot,67.57,89.05,,,,,8.724551315883016,-136.5936958763946,-6.5549589483624455,-12.78701660547388,29.130006561125576,-14.596982212035044,3.95,1.84,309.0,115.7,16.0,93.4,2474.0,5.9,716711,668670,679529,656716,686531,595879,668731,678009,681481,54.55,0.7719999999999999,1.283,0.9,1.0,1.0,0.0,6.0,7,2,4-Seam Fastball,1,0,1,0,0,1,1,0,Infield shade,Standard,217.0,0.028,0.392,79.7,8.4,2.38025,-0.392,115.7,1,1,0.648,0.648,27,31,28,31,1,0,3.0,2.0,4.0,1.0,1.28,0.87,0.87,33.2,16.21011373132932,-7.779735031843448,44.81838514090628,39.60321980639874,30.470630373373456
FF,2023-09-03,92.3,-1.95,5.57,"Judge, Aaron",592450,664299,field_out,hit_into_play,,,,,2.0,Aaron Judge flies out to center fielder Mauricio Dubon.,R,R,R,HOU,NYY,X,8.0,fly_ball,1,2,2023,-0.63,1.6,-0.22,3.6,,,,0,4,Top,138.11,49.03,,,,,5.717153344870729,-134.20679412286546,-2.62350993495089,-8.919453399232006,30.899783720583173,-12.51551662505191,4.01,1.88,373.0,95.5,33.0,91.4,2291.0,5.9,716735,455117,547989,514888,608324,665161,670541,643289,663656,54.58,0.2017777777777777,0.377111111111111,0.0,1.0,0.0,0.0,5.0,23,4,4-Seam Fastball,1,0,0,1,0,1,0,1,Infield shade,Standard,207.0,0.022,-0.193,73.1,7.1,0.7383333333333332,0.193,95.5,1,-1,0.63,0.37,26,31,26,31,2,1,6.0,1.0,6.0,2.0,1.09,0.63,0.63,33.1,11.07391767928572,1.6345670185364816,37.68348696201363,38.41477824692389,23.99530368975725
FF,2023-09-03,93.3,-0.97,6.39,"Judge, Aaron",592450,664353,field_out,hit_into_play,,,,,4.0,Aaron Judge pops out to first baseman Jose Abreu in foul territory.,R,R,R,HOU,NYY,X,3.0,popup,2,2,2023,-0.58,1.8,-0.7,3.17,,,,2,8,Top,169.61,162.37,,,,,1.9484922603653192,-135.75233608472192,-6.36862193550221,-7.587140414700642,32.70494583891846,-8.827171482653311,4.01,1.88,145.0,79.7,66.0,92.1,2240.0,5.8,716735,455117,547989,514888,608324,665161,670541,643289,663656,54.68,0.005,0.006,0.0,1.0,0.0,0.0,3.0,53,5,4-Seam Fastball,1,3,3,1,3,1,3,1,Standard,Standard,200.0,0.006,-0.233,69.9,7.6,0.01,0.233,88.0,-2,2,0.161,0.839,28,31,28,31,1,3,6.0,1.0,5.0,2.0,0.84,0.58,0.58,60.9,16.333867679931377,-6.630428701437855,41.88811324097133,32.31401422286938,25.954386027113475
FC,2023-09-02,90.9,-1.23,6.31,"Judge, Aaron",592450,686613,home_run,hit_into_play,,,,,5.0,Aaron Judge homers (31) on a fly ball to right center field.,R,R,R,HOU,NYY,X,,fly_ball,0,0,2023,0.06,0.45,0.24,3.26,,,,0,3,Top,174.04,25.19,,,,,3.5809045280963687,-132.45283408556108,-2.75120459017881,0.0044379456205356,27.706101606024035,-26.543051862716982,4.02,1.88,428.0,111.7,31.0,92.2,2240.0,6.9,716746,673237,547989,643289,608324,665161,488726,676801,663656,53.57,0.9791428571428572,1.967857142857143,2.0,1.0,0.0,3.0,6.0,20,1,Cutter,2,2,2,2,3,2,3,2,Standard,Standard,181.0,-0.112,1.114,76.5,,3.9208571428571433,-1.114,111.7,0,0,0.5,0.5,24,31,25,31,2,1,7.0,1.0,6.0,1.0,2.3,-0.06,-0.06,59.0,2.699203854096987,6.7057921814436385,40.08973561220721,44.724951820994306,26.438649700261426
SL,2023-09-01,83.0,-1.51,7.14,"Judge, Aaron",592450,434378,home_run,hit_into_play,,,,,9.0,Aaron Judge homers (30) on a fly ball to center field.,R,R,R,HOU,NYY,X,,fly_ball,0,0,2023,0.52,-0.02,0.29,2.42,,,,0,5,Top,81.99,32.12,,,,,3.081575070327699,-120.82496970002674,-4.238611866804444,4.431754916583875,25.21207387033484,-31.730240519713217,4.03,1.88,426.0,110.5,37.0,82.1,2548.0,5.8,716763,455117,547989,643289,608324,665161,670541,676694,663656,54.7,0.8585,1.729,2.0,1.0,0.0,3.0,6.0,37,1,Slider,2,5,5,2,6,2,6,2,Standard,Standard,125.0,-0.06,1.114,,,3.4315,-1.114,110.5,-3,3,0.164,0.836,40,31,40,31,3,2,5.0,1.0,5.0,1.0,3.35,-0.52,-0.52,54.2,,,,,
FF,2023-09-01,92.5,-1.26,7.18,"Judge, Aaron",592450,434378,single,hit_into_play,,,,,2.0,Aaron Judge singles on a sharp line drive to left fielder Yordan Alvarez.,R,R,R,HOU,NYY,X,7.0,line_drive,0,1,2023,-0.75,1.56,-0.08,3.39,,,,0,3,Top,66.85,101.9,,,,,4.5801846428556825,-134.42164669000485,-7.135814203867925,-10.102446329712278,31.266480565407477,-11.92684108418986,4.03,1.88,151.0,105.7,8.0,91.3,2464.0,5.8,716763,455117,547989,643289,608324,665161,670541,676694,663656,54.7,0.684,0.627,0.9,1.0,1.0,0.0,4.0,20,2,4-Seam Fastball,1,3,3,1,3,1,3,1,Standard,Standard,204.0,-0.031,0.474,78.5,7.8,0.771,-0.474,105.7,-2,2,0.291,0.7090000000000001,40,31,40,31,2,1,5.0,1.0,5.0,1.0,1.13,0.75,0.75,57.3,21.933826369597767,3.691548739953233,36.51857095292684,40.08574452114823,28.16457675081626
ST,2023-09-01,78.8,-1.35,5.4,"Judge, Aaron",592450,664208,field_out,hit_into_play,,,,,6.0,"Aaron Judge grounds out, third baseman Alex Bregman to first baseman Jose Abreu.",R,R,R,HOU,NYY,X,5.0,ground_ball,0,2,2023,1.74,-0.08,0.68,2.63,,,,2,7,Top,110.09,167.42,,,,,1.1929849054951465,-114.77623313755922,1.0275485693917104,14.995895929272129,23.4128970271292,-33.280627245959906,4.03,1.88,11.0,85.9,-13.0,79.3,2829.0,6.8,716763,455117,547989,643289,608324,665161,670541,676694,663656,53.66,0.113,0.106,0.0,1.0,0.0,0.0,2.0,54,3,Sweeper,2,6,6,2,6,2,6,2,Standard,Standard,66.0,0.002,-0.169,71.6,8.0,0.146,0.169,88.0,-4,4,0.069,0.931,30,31,30,31,1,3,5.0,1.0,1.0,1.0,3.77,-1.74,-1.74,28.8,14.131917893132242,-7.533218632795513,39.20999789822755,48.91992267829942,33.27302098521847
SL,2023-09-01,87.8,-1.32,7.12,"Judge, Aaron",592450,434378,field_out,hit_into_play,,,,,9.0,"Aaron Judge grounds out, third baseman Alex Bregman to first baseman Jose Abreu.",R,R,R,HOU,NYY,X,5.0,ground_ball,0,2,2023,0.34,0.27,0.42,2.35,,,,0,1,Top,108.06,168.43,,,,,3.4715137468257544,-127.7688597275152,-5.94197030769301,3.0339373394073563,25.401497259997345,-28.221127000381863,4.03,1.88,8.0,94.2,-16.0,87.0,2499.0,5.7,716763,455117,547989,514888,608324,665161,670541,676694,663656,54.77,0.124,0.117,0.0,1.0,0.0,0.0,2.0,2,3,Slider,0,1,1,0,1,0,1,0,Standard,Standard,165.0,0.013,-0.169,75.6,8.0,0.138,0.169,94.2,-1,1,0.411,0.589,40,31,40,31,1,0,5.0,1.0,5.0,1.0,2.68,-0.34,-0.34,53.2,18.938253751063787,3.6752450034228894,39.239931617726306,45.78524092678521,29.37814639218727
FF,2023-08-31,97.9,-1.3,5.82,"Judge, Aaron",592450,689225,field_out,hit_into_play,,,,,14.0,"Aaron Judge grounds out, shortstop Zack Short to first baseman Spencer Torkelson.",R,R,R,DET,NYY,X,6.0,ground_ball,3,2,2023,-0.45,1.45,0.77,1.4,,666163.0,,0,10,Top,109.23,154.48,,,,,6.598567784115718,-142.14001959547898,-9.743652958835828,-7.660970322871975,32.21859652645373,-10.474488825380153,4.05,1.89,6.0,74.8,-11.0,97.5,2525.0,6.2,716775,608348,679529,656716,663837,670097,682985,678009,681481,54.34,0.066,0.062,0.0,1.0,0.0,0.0,2.0,74,6,4-Seam Fastball,3,3,3,3,3,3,3,3,Standard,Standard,208.0,0.117,-0.243,71.3,8.6,0.08,0.243,88.0,0,0,0.492,0.508,25,31,25,31,1,0,3.0,1.0,1.0,1.0,0.94,0.45,0.45,49.6,10.362492254720935,0.0529176901906715,42.49309655708239,51.45802547804899,26.90186854378991
FF,2023-08-30,93.2,0.97,5.88,"Judge, Aaron",592450,666214,field_out,hit_into_play,,,,,5.0,"Aaron Judge grounds out, shortstop Zach McKinstry to first baseman Spencer Torkelson.",R,R,L,DET,NYY,X,6.0,ground_ball,3,2,2023,1.09,1.19,-0.01,2.88,,,,1,4,Top,100.05,148.23,,,,,-4.9174000787107754,-135.5544041505135,-4.564998246376192,14.471577513078715,29.994507213551913,-16.685237186889644,4.05,1.9,40.0,105.2,-2.0,93.4,2165.0,6.4,716781,668670,679529,628451,663837,656716,668731,678009,682985,54.06,0.442,0.407,0.0,1.0,0.0,0.0,4.0,32,7,4-Seam Fastball,1,4,4,1,4,1,4,1,Strategic,Standard,134.0,0.012,-0.328,75.9,7.5,0.492,0.328,105.2,-3,3,0.197,0.8029999999999999,25,31,26,31,2,2,12.0,1.0,6.0,1.0,1.44,1.09,-1.09,37.9,4.811190849536519,5.295505698352607,39.727132540273885,41.691905698038546,24.33692025023766
CU,2023-08-29,74.8,1.63,6.13,"Judge, Aaron",592450,669373,single,hit_into_play,,,,,8.0,"Aaron Judge singles on a ground ball to third baseman Matt Vierling. Aaron Judge to 2nd. Aaron Judge advances to 2nd, on a throwing error by third baseman Matt Vierling.",R,R,L,DET,NYY,X,5.0,ground_ball,0,0,2023,-0.4,-1.07,-0.14,2.08,,,,1,6,Top,91.28,164.3,,,,,-2.961063970717275,-108.96547452316436,0.6983787565473258,-2.642812618902772,19.18801567944363,-41.02130319208351,4.05,1.89,125.0,80.8,13.0,74.8,2314.0,6.2,716795,608348,679529,656716,663837,595879,668731,678009,682985,54.28,0.661,0.602,0.9,1.0,1.0,0.0,4.0,39,1,Curveball,0,2,2,0,2,0,2,0,Strategic,Standard,326.0,-0.033,0.416,75.1,8.5,0.723,-0.416,88.0,-2,2,0.238,0.762,26,31,27,31,3,2,6.0,1.0,5.0,1.0,5.13,-0.4,0.4,51.9,27.118086051168067,-9.874309401772082,45.496256437226464,40.71730087671969,42.791378890076366
FF,2023-08-29,94.9,1.78,6.17,"Judge, Aaron",592450,669373,field_out,hit_into_play,,,,,8.0,"Aaron Judge grounds out, third baseman Matt Vierling to first baseman Spencer Torkelson.",R,R,L,DET,NYY,X,5.0,ground_ball,3,0,2023,0.67,1.36,0.02,1.98,,,,2,3,Top,93.99,162.11,,,,,-6.096527105994363,-137.83497127484148,-8.272916806321927,9.980589685201933,32.35002060792912,-13.100040198403292,4.05,1.89,11.0,92.0,-10.0,94.3,2246.0,6.1,716795,608348,679529,656716,663837,595879,668731,678009,682985,54.36,0.168,0.168,0.0,1.0,0.0,0.0,2.0,17,4,4-Seam Fastball,0,1,1,0,1,0,1,0,Strategic,Standard,143.0,0.018,-0.487,81.3,8.7,0.18,0.487,92.0,-1,1,0.419,0.581,26,31,27,31,2,1,6.0,1.0,5.0,1.0,1.19,0.67,-0.67,50.2,17.09819510381393,-6.287788193836164,44.706637160795275,41.61659690075794,31.02462456336405
FF,2023-08-29,93.2,-2.66,5.12,"Judge, Aaron",592450,682051,field_out,hit_into_play,,,,,4.0,Aaron Judge flies out sharply to center fielder Parker Meadows.,R,R,R,DET,NYY,X,8.0,fly_ball,2,0,2023,-0.74,1.22,-0.41,3.02,,,,1,8,Top,174.98,68.24,,,,,7.434973360481203,-135.42649856434437,-2.278279720237497,-10.861462702059256,32.207590457898384,-16.889667929522506,4.05,1.89,345.0,104.2,41.0,93.0,2306.0,6.5,716795,608348,679529,656716,663837,595879,668731,678009,682985,54.03,0.28575,0.5519999999999999,0.0,1.0,0.0,0.0,5.0,55,3,4-Seam Fastball,0,3,3,0,3,0,3,0,Infield shade,Standard,209.0,0.008,-0.373,74.4,7.4,1.1002500000000002,0.373,104.2,-3,3,0.076,0.924,27,31,27,31,1,3,62.0,1.0,,1.0,1.43,0.74,0.74,39.0,13.63907319037178,-0.7595165994695473,39.14551764431693,35.452316285256316,28.702216308076174
CH,2023-08-28,89.0,-1.66,5.84,"Judge, Aaron",592450,689225,home_run,hit_into_play,,,,,11.0,Aaron Judge homers (29) on a fly ball to left field.,R,R,R,DET,NYY,X,,fly_ball,2,0,2023,-1.19,0.65,-0.93,3.14,,,,2,7,Top,41.39,68.17,,,,,4.255662118689251,-129.6645008393771,-2.017251394324053,-14.351779888140191,24.342091279463443,-24.577511288828028,4.03,1.87,384.0,103.5,24.0,88.9,1983.0,6.0,716808,608348,679529,656716,663837,595879,682985,678009,681481,54.54,0.6328636363636363,1.1587727272727273,2.0,1.0,0.0,3.0,6.0,51,3,Changeup,0,1,1,0,2,0,2,0,Infield shade,Standard,231.0,-0.135,2.497,73.9,7.5,2.2415909090909096,-2.497,103.5,-1,1,0.347,0.653,25,31,25,31,1,3,2.0,1.0,3.0,1.0,2.2,1.19,1.19,42.0,18.631749272068113,-2.6530619843546144,38.305687352866386,30.891839704427284,29.647868070510295
SL,2023-08-27,88.7,-0.83,6.12,"Judge, Aaron",592450,641793,field_out,hit_into_play,,,,,6.0,Aaron Judge flies out to right fielder Luke Raley.,R,R,R,TB,NYY,X,9.0,fly_ball,0,0,2023,0.16,0.72,0.79,2.67,,,,1,3,Top,175.38,94.04,,,,,3.6458746037440486,-129.1368344076947,-3.875059547966682,1.003727959562684,27.97511149627033,-23.475492287667585,4.03,1.87,288.0,86.2,39.0,88.6,2254.0,6.3,716828,542194,666018,664040,670623,678545,668227,642350,670042,54.21,0.001,0.0,0.0,1.0,0.0,0.0,3.0,22,1,Slider,2,2,2,2,2,2,2,2,Standard,Standard,193.0,0.018,-0.267,73.6,8.2,0.001,0.267,88.0,0,0,0.525,0.475,27,31,28,31,2,1,5.0,1.0,6.0,1.0,2.18,-0.16,-0.16,43.6,13.913416222975773,3.8972120121221687,40.41741813228295,50.83945809327075,28.54291964994299
SL,2023-08-26,91.5,-2.12,5.91,"Judge, Aaron",592450,607192,field_out,hit_into_play,,,,,6.0,Aaron Judge flies out to right fielder Josh Lowe in foul territory.,R,R,R,TB,NYY,X,9.0,fly_ball,0,0,2023,0.26,0.29,0.36,2.67,,,518934.0,1,6,Top,200.6,134.22,,,,,5.8074968422013855,-133.13182133648738,-2.9047727395007064,1.653999654299121,31.905298066522743,-28.328304614247156,3.98,1.85,244.0,91.8,50.0,92.8,2687.0,7.4,716845,650907,666018,664040,670623,678545,668227,670042,666139,53.15,0.001,0.0,0.0,1.0,0.0,0.0,3.0,40,1,Slider,3,0,0,3,0,3,0,3,Standard,Strategic,171.0,0.031,-0.257,79.2,8.1,0.001,0.257,91.8,3,-3,0.859,0.141,29,31,30,31,3,2,7.0,1.0,6.0,1.0,2.46,-0.26,-0.26,55.4,9.003765495758921,3.628349360465216,40.078867868165915,45.1901460472762,26.698048463199964
SL,2023-08-26,91.4,-2.15,5.95,"Judge, Aaron",592450,607192,field_out,hit_into_play,,,,,4.0,Aaron Judge pops out to second baseman Brandon Lowe.,R,R,R,TB,NYY,X,4.0,popup,2,1,2023,0.29,0.18,-0.3,2.57,,666163.0,,2,3,Top,163.98,135.91,,,,,4.121294660991514,-133.0733211735619,-3.0641918792205276,2.58014004704738,29.127333643372445,-29.61224900579931,3.98,1.85,170.0,96.7,65.0,93.5,2701.0,7.6,716845,650907,666018,664040,670623,678545,668227,670042,666139,52.94,0.024,0.029,0.0,1.0,0.0,0.0,3.0,19,4,Slider,2,0,0,2,0,2,0,2,Standard,Strategic,162.0,0.034,-0.29,78.8,8.4,0.039,0.29,96.7,2,-2,0.73,0.27,29,31,30,31,2,1,7.0,1.0,6.0,1.0,2.55,-0.29,-0.29,50.3,16.561612026019414,-12.672993753635811,42.81364430318203,36.99608518424799,37.73572406289986
SL,2023-08-26,93.2,-2.37,5.93,"Judge, Aaron",592450,607192,field_out,hit_into_play,,,,,9.0,Aaron Judge flies out to right fielder Josh Lowe.,R,R,R,TB,NYY,X,9.0,fly_ball,1,0,2023,0.4,0.84,0.6,2.38,,,,1,1,Top,189.5,114.48,,,,,6.848176297964321,-135.49505222367222,-5.2267865585485795,3.2610288745563603,32.80634058871742,-20.80348678198752,3.98,1.85,262.0,82.4,36.0,94.2,2847.0,7.2,716845,650907,666018,664040,670623,678545,668227,670042,666139,53.34,0.024,0.026,0.0,1.0,0.0,0.0,3.0,2,2,Slider,0,0,0,0,0,0,0,0,Standard,Strategic,183.0,0.018,-0.306,83.7,8.2,0.041,0.306,88.0,0,0,0.52,0.48,29,31,30,31,1,0,7.0,1.0,6.0,1.0,1.81,-0.4,-0.4,50.6,13.047129076267051,4.967343546582564,40.30282934388415,48.94512804248566,27.173898356288795
SL,2023-08-24,80.0,2.23,6.33,"Judge, Aaron",592450,571578,field_out,hit_into_play,,,,,5.0,Aaron Judge pops out to first baseman Dominic Smith in foul territory.,R,R,L,NYY,WSH,X,3.0,popup,3,0,2023,-0.09,0.04,-0.03,2.72,,,518934.0,0,3,Bot,159.93,187.22,,,,,-4.864162881627927,-116.50194342436116,-1.3979235383331556,0.0196305285951136,19.48937059397012,-31.740100178029383,3.96,1.85,81.0,87.7,78.0,81.1,2111.0,6.8,716872,656180,642086,545121,666198,682928,666906,669743,657041,53.73,0.003,0.002,0.0,1.0,0.0,0.0,3.0,25,4,Slider,1,1,1,1,1,1,1,1,Standard,Standard,306.0,-0.072,-0.442,77.1,8.9,0.003,0.442,88.0,0,0,0.63,0.63,33,31,34,31,2,1,7.0,1.0,6.0,1.0,3.48,-0.09,0.09,40.7,26.69875783411162,-19.76314695816913,40.46042358809628,43.27227711940932,41.534069253213325
FF,2023-08-24,96.3,-1.32,5.85,"Judge, Aaron",592450,640448,field_out,hit_into_play,,,,,5.0,Aaron Judge flies out sharply to right fielder Lane Thomas.,R,R,R,NYY,WSH,X,9.0,fly_ball,0,2,2023,-0.77,1.43,-0.11,2.84,,,672724.0,1,9,Bot,194.29,112.26,,,,,5.012180621263269,-140.11959145082082,-5.720660465117342,-11.232596046130494,31.541209458521216,-12.205844051330184,3.96,1.85,274.0,101.2,52.0,97.4,1987.0,6.9,716872,656180,642086,666906,545121,682928,666164,669743,657041,53.6,0.016,0.019,0.0,1.0,0.0,0.0,3.0,79,3,4-Seam Fastball,4,6,4,6,6,4,4,6,Standard,Standard,215.0,-0.043,-0.162,77.8,8.2,0.029,0.162,101.2,-2,-2,0.089,0.089,31,31,32,31,1,4,2.0,1.0,2.0,1.0,1.03,0.77,0.77,53.3,12.627900109929037,-2.184961902013078,40.50729892325268,42.152725472014296,29.660420975791354
CU,2023-08-24,80.8,-2.58,5.71,"Judge, Aaron",592450,640451,field_out,hit_into_play,,,,,13.0,Aaron Judge flies out to center fielder Alex Call.,R,R,R,NYY,WSH,X,8.0,fly_ball,0,0,2023,0.91,-1.01,-0.95,2.81,,,518934.0,1,7,Bot,153.98,86.49,,,,,1.8873087510221684,-117.68621316138848,2.121400999670687,8.059424093987873,23.036805174376944,-42.20548156827137,3.96,1.85,289.0,92.9,46.0,80.5,2018.0,6.1,716872,656180,642086,545121,666198,682928,666906,669743,657041,54.43,0.005,0.005,0.0,1.0,0.0,0.0,3.0,59,1,Curveball,3,5,3,5,5,3,3,5,Standard,Standard,39.0,-0.052,-0.257,75.8,7.7,0.005,0.257,92.9,-2,-2,0.228,0.228,28,31,29,31,1,3,2.0,1.0,1.0,1.0,4.51,-0.91,-0.91,40.8,13.54301510094887,-8.974856895339157,44.14200847838904,32.355088405778886,31.52554496955576
FF,2023-08-24,90.8,2.0,6.48,"Judge, Aaron",592450,571578,home_run,hit_into_play,,,,,5.0,Aaron Judge homers (28) on a fly ball to center field.,R,R,L,NYY,WSH,X,,fly_ball,0,0,2023,0.84,0.99,-0.13,2.68,,,,1,1,Bot,155.78,31.14,,,,,-7.2218407880126145,-132.02651091873946,-5.748026967109942,11.395170298401188,27.74559435429881,-19.591214115309636,3.96,1.85,421.0,109.9,24.0,91.6,1952.0,6.8,716872,656180,642086,545121,666198,682928,666906,669743,657041,53.71,0.9820588235294117,1.948294117647059,2.0,1.0,0.0,3.0,6.0,5,1,4-Seam Fastball,0,0,0,0,0,1,1,0,Standard,Standard,140.0,0.1,1.583,77.5,7.9,3.8758235294117647,-1.583,109.9,0,0,0.526,0.526,33,31,34,31,1,0,7.0,1.0,6.0,1.0,1.78,0.84,-0.84,45.1,11.765922091036987,-0.4011389043175004,42.45473391888768,42.0749151128249,29.224728679677472
FF,2023-08-23,94.0,1.24,5.95,"Judge, Aaron",592450,669022,field_out,hit_into_play,,,,,7.0,"Aaron Judge grounds out, shortstop CJ Abrams to first baseman Dominic Smith.",R,R,L,NYY,WSH,X,6.0,ground_ball,1,0,2023,0.12,1.56,-0.56,2.38,,,,2,4,Bot,112.06,147.23,,,,,-5.00468517904082,-136.70583107901768,-7.088601383754335,2.646736587240634,30.564130432521683,-11.23886055255422,3.96,1.85,47.0,88.0,1.0,95.4,2230.0,7.2,716877,660688,642086,666906,545121,682928,666164,657041,656448,53.35,0.284,0.281,0.0,1.0,0.0,0.0,2.0,34,2,4-Seam Fastball,6,0,6,0,0,6,6,0,Standard,Standard,155.0,-0.002,-0.317,78.3,7.5,0.304,0.317,88.0,6,6,0.964,0.964,24,31,24,31,3,2,7.0,1.0,6.0,1.0,1.03,0.12,-0.12,51.1,-1.2640060180108672,10.074572072273888,47.83601215637032,36.66149886176767,21.478902012719935
FF,2023-08-23,94.4,1.52,5.96,"Judge, Aaron",592450,669022,home_run,hit_into_play,,,,,5.0,Aaron Judge hits a grand slam (26) to center field. Everson Pereira scores. Kyle Higashioka scores. Oswald Peraza scores.,R,R,L,NYY,WSH,X,,fly_ball,1,0,2023,0.26,1.35,-0.18,2.98,677592.0,543309.0,672724.0,2,2,Bot,132.63,22.09,,,,,-5.077606690821681,-137.3586803794143,-5.139976485471454,4.430264661950505,29.56228083864753,-14.115895872082715,3.96,1.85,437.0,112.8,33.0,95.8,2207.0,7.0,716877,660688,642086,666906,545121,682928,666164,657041,656448,53.46,0.9616666666666666,2.0,2.0,1.0,0.0,3.0,6.0,17,2,4-Seam Fastball,2,0,2,0,0,6,6,0,Standard,Standard,160.0,0.171,1.105,79.6,8.0,3.855,-1.105,112.8,2,2,0.77,0.77,24,31,24,31,2,1,7.0,1.0,6.0,1.0,1.2,0.26,-0.26,48.4,14.148048979602654,-4.617510868024339,37.90945984531993,41.55858799003382,29.626015300204475
FF,2023-08-23,95.3,3.05,6.01,"Judge, Aaron",592450,678606,home_run,hit_into_play,,,,,3.0,Aaron Judge homers (27) on a fly ball to right field.,R,R,L,NYY,WSH,X,,fly_ball,3,2,2023,1.45,0.57,0.42,3.31,,,,0,7,Bot,219.41,91.16,,,,,-9.998768384807455,-138.37358895912456,-2.703430070776161,20.88139843593463,31.00972208901261,-24.389426577071212,3.96,1.85,352.0,103.4,39.0,93.8,2279.0,5.5,716877,660688,642086,666906,545121,682928,666164,669743,657041,54.98,0.3514,0.6922,2.0,1.0,0.0,3.0,5.0,54,6,4-Seam Fastball,7,0,7,0,0,8,8,0,Standard,Standard,114.0,0.001,1.027,76.0,7.2,1.3828,-1.027,103.4,7,7,0.997,0.997,23,31,23,31,1,3,4.0,1.0,3.0,1.0,1.95,1.45,-1.45,38.3,5.7582705585266885,13.60985048669826,35.63029495259317,47.90467545950349,21.552904191160497
CU,2023-08-23,84.4,1.52,5.95,"Judge, Aaron",592450,669022,home_run,hit_into_play,,,,,5.0,Aaron Judge homers (25) on a fly ball to center field.,R,R,L,NYY,WSH,X,,fly_ball,2,2,2023,0.37,-0.58,0.25,2.6,,,,1,1,Bot,156.3,27.25,,,,,-3.737295247015503,-122.83293784946518,-0.264971675312772,4.448491215796089,24.636848074590027,-38.18254252907618,3.96,1.85,431.0,111.3,31.0,85.6,2285.0,7.1,716877,660688,642086,666906,545121,682928,666164,657041,656448,53.39,0.9751,2.0,2.0,1.0,0.0,3.0,6.0,5,8,Curveball,0,0,0,0,0,1,1,0,Standard,Standard,338.0,0.102,1.616,78.6,7.8,3.902200000000001,-1.616,111.3,0,0,0.524,0.524,24,31,24,31,1,0,7.0,1.0,6.0,1.0,3.78,0.37,-0.37,51.6,11.704902999955886,-1.879548127798039,40.94610518213817,45.60244729922493,33.087730003819544
FF,2023-08-22,93.8,-1.3,5.37,"Judge, Aaron",592450,680686,field_out,hit_into_play,,,,,5.0,Aaron Judge flies out sharply to left fielder Stone Garrett.,R,R,R,NYY,WSH,X,7.0,fly_ball,2,2,2023,-0.96,1.49,0.2,2.58,,,518934.0,0,3,Bot,69.8,57.46,,,,,5.931080718420831,-136.44214261912532,-4.721451720084604,-13.357073588204376,30.45173444660633,-12.719427295496788,3.95,1.86,375.0,100.5,36.0,92.5,2133.0,5.6,716900,656180,608841,545121,666198,682928,656448,669743,657041,54.94,0.3824166666666667,0.7580000000000001,0.0,1.0,0.0,0.0,5.0,23,6,4-Seam Fastball,1,1,1,1,1,1,1,1,Standard,Standard,213.0,-0.033,-0.215,83.5,8.5,1.502666666666667,0.215,100.5,0,0,0.591,0.591,25,31,26,31,2,1,7.0,2.0,6.0,1.0,1.11,0.96,0.96,39.7,19.067313694572157,-12.597741718312244,39.9944031055969,46.37873643357143,39.06354678388271
FC,2023-08-20,88.6,-1.73,6.62,"Judge, Aaron",592450,601713,field_out,hit_into_play,,,,,8.0,Aaron Judge flies out sharply to center fielder Adam Duvall.,R,R,R,NYY,BOS,X,8.0,fly_ball,3,1,2023,0.39,0.29,-0.17,2.32,,,,2,3,Bot,106.77,51.08,,,,,3.0277765849153995,-129.04444575258125,-5.1166076317302585,3.784628870667329,25.658545525937217,-28.151067853144113,3.93,1.85,368.0,100.9,40.0,89.4,2482.0,6.6,716928,624512,457759,622569,646240,596115,680776,594807,657077,53.88,0.1783333333333333,0.335,0.0,1.0,0.0,0.0,5.0,23,5,Cutter,1,1,1,1,1,1,1,1,Infield shade,Standard,110.0,-0.018,-0.43,80.2,8.7,0.6749999999999999,0.43,100.9,0,0,0.518,0.518,30,31,30,31,1,1,5.0,1.0,3.0,2.0,2.6,-0.39,-0.39,55.0,19.623407455248696,-12.89297716441614,41.77533243635239,39.39152990281163,38.007160437602465
FF,2023-08-19,92.3,-1.07,6.07,"Judge, Aaron",592450,676710,home_run,hit_into_play,,,,,5.0,Aaron Judge homers (24) on a fly ball to center field.,R,R,R,NYY,BOS,X,,fly_ball,0,0,2023,-0.79,1.61,-0.04,3.23,,,,1,6,Bot,90.64,35.61,,,,,4.325130660791633,-134.22088637965152,-4.833078026291425,-10.5349853898105,31.12212402963686,-11.946074255811544,3.93,1.84,413.0,110.0,26.0,91.7,2505.0,6.1,716943,657136,457759,649966,646240,622569,807799,680776,657077,54.38,0.9834799999999996,1.96584,2.0,1.0,0.0,3.0,6.0,47,1,4-Seam Fastball,0,6,0,6,6,1,1,6,Standard,Strategic,206.0,0.02,1.583,78.3,7.9,3.9213999999999993,-1.583,110.0,-6,-6,0.024,0.024,27,31,27,31,3,2,6.0,1.0,6.0,1.0,1.09,0.79,0.79,48.3,14.15350899027726,-3.223717379119264,37.4118215930103,40.34408595910249,29.800056979770524
FC,2023-08-19,89.1,-1.21,5.97,"Judge, Aaron",592450,676710,field_out,hit_into_play,,,,,9.0,Aaron Judge flies out to center fielder Jarren Duran.,R,R,R,NYY,BOS,X,8.0,fly_ball,0,1,2023,0.31,0.95,0.43,2.27,,,,0,4,Bot,139.82,55.88,,,,,3.3540015576599203,-129.92229505291908,-5.20037964018797,3.0502267907027374,21.709442019876196,-20.58723816573825,3.93,1.84,356.0,93.4,28.0,89.9,2512.0,6.2,716943,657136,457759,649966,646240,622569,807799,680776,657077,54.25,0.118,0.183,0.0,1.0,0.0,0.0,3.0,31,2,Cutter,0,6,0,6,6,0,0,6,Standard,Strategic,176.0,-0.009,-0.223,78.9,8.6,0.32,0.223,93.4,-6,-6,0.057,0.057,27,31,27,31,2,1,6.0,1.0,6.0,1.0,1.87,-0.31,-0.31,53.4,17.362889038118297,-4.869513803346202,44.459617687262494,44.889249063258674,31.551316316701236
SI,2023-08-19,94.2,-2.66,5.35,"Judge, Aaron",592450,661440,field_out,hit_into_play,,,,,8.0,Aaron Judge lines out sharply to right fielder Alex Verdugo.,R,R,R,NYY,BOS,X,9.0,line_drive,1,1,2023,-1.34,0.36,-0.14,2.16,,,,2,8,Bot,194.57,85.14,,,,,9.55442813962089,-136.84447858754663,-3.3441746476444223,-19.046344801199165,32.065261996004665,-27.06457616244669,3.93,1.84,329.0,107.5,19.0,94.3,2121.0,6.6,716943,657136,457759,649966,646240,622569,807799,680776,657077,53.9,0.6964864864864864,1.1574324324324323,0.0,1.0,0.0,0.0,6.0,66,3,Sinker,1,7,1,7,7,1,1,7,Standard,Standard,220.0,-0.001,-0.261,78.8,7.6,2.1585675675675673,0.261,107.5,-6,-6,0.004,0.004,27,31,27,31,1,3,2.0,1.0,3.0,1.0,2.23,1.34,1.34,32.8,-2.9694586277614654,10.492114801190686,48.1090917215526,40.42901725737091,20.691330379162295
KC,2023-08-19,79.0,-1.17,6.14,"Judge, Aaron",592450,676710,field_out,hit_into_play,,,,,4.0,Aaron Judge pops out to second baseman Luis Urias.,R,R,R,NYY,BOS,X,4.0,popup,0,1,2023,0.57,-0.86,-0.46,3.12,,,,1,1,Bot,147.94,147.08,,,,,0.499467338510421,-115.06528559845604,1.771913215603848,4.997709161751905,21.233850872641135,-40.32570355792918,3.93,1.84,147.0,100.1,67.0,78.6,2061.0,6.0,716943,657136,457759,649966,646240,622569,807799,680776,657077,54.54,0.021,0.026,0.0,1.0,0.0,0.0,3.0,6,2,Knuckle Curve,0,0,0,0,0,0,0,0,Standard,Standard,28.0,-0.014,-0.227,81.0,8.1,0.034,0.227,100.1,0,0,0.524,0.524,27,31,27,31,1,0,6.0,1.0,6.0,1.0,4.5,-0.57,-0.57,53.6,22.79614380107636,-9.781474739110504,43.21438725084601,35.29597974359891,38.57397831182844
FC,2023-08-18,89.2,-1.82,5.32,"Judge, Aaron",592450,678394,field_out,hit_into_play,,,,,14.0,"Aaron Judge grounds out, shortstop Trevor Story to first baseman Triston Casas.",R,R,R,NYY,BOS,X,6.0,ground_ball,3,2,2023,0.05,0.1,0.13,1.61,,,518934.0,2,5,Bot,107.05,147.17,,,,,4.696351196157863,-129.81787844631936,-3.3058967204379384,-0.3517037281348229,26.163743617204197,-30.62906187517784,3.93,1.83,19.0,95.4,-3.0,89.4,2123.0,6.3,716953,624512,671213,622569,646240,596115,807799,680776,657077,54.18,0.321,0.304,0.0,1.0,0.0,0.0,2.0,45,6,Cutter,1,7,1,7,7,1,1,7,Standard,Standard,311.0,-0.008,-0.305,72.2,8.2,0.37,0.305,95.4,-6,-6,0.035,0.035,24,31,24,31,3,2,6.0,2.0,6.0,1.0,2.76,-0.05,-0.05,27.7,8.581501206534872,-2.4129327842422135,48.93858556063081,45.0665779302287,26.771420251741752
SI,2023-08-18,94.6,-2.05,5.1,"Judge, Aaron",592450,678394,field_out,hit_into_play,,,,,4.0,"Aaron Judge grounds out, shortstop Trevor Story to first baseman Triston Casas.",R,R,R,NYY,BOS,X,6.0,ground_ball,1,1,2023,-1.45,-0.01,-0.75,2.67,,,,2,3,Bot,97.0,154.96,,,,,6.636607145874546,-137.6042456054461,-0.6235666529286317,-19.950173738295295,31.197562493814942,-32.364844314821575,3.93,1.83,15.0,93.8,-9.0,94.6,1986.0,6.4,716953,624512,671213,622569,646240,596115,807799,680776,657077,54.13,0.218,0.207,0.0,1.0,0.0,0.0,2.0,30,3,Sinker,1,7,1,7,7,1,1,7,Standard,Standard,241.0,-0.004,-0.261,75.5,7.3,0.271,0.261,93.8,-6,-6,0.053,0.053,24,31,24,31,2,1,6.0,2.0,6.0,1.0,2.56,1.45,1.45,22.1,4.647548933543331,1.7321578135020703,44.772723860848664,34.36240905665103,25.385310500376537
SI,2023-08-18,94.6,-1.35,5.65,"Judge, Aaron",592450,676477,home_run,hit_into_play,,,,,5.0,Aaron Judge homers (23) on a fly ball to right field. DJ LeMahieu scores.,R,R,R,NYY,BOS,X,,fly_ball,0,0,2023,-1.3,0.91,-0.27,2.57,,,518934.0,1,8,Bot,203.07,84.32,,,,,5.8920707054118715,-137.7019038064294,-4.53027148610107,-17.876740586916277,28.36010805797588,-19.748378205662455,3.93,1.83,342.0,104.7,37.0,97.4,2085.0,7.7,716953,624512,671213,622569,646240,596115,807799,680776,657077,52.83,0.6265625,1.25275,2.0,1.0,0.0,3.0,6.0,63,1,Sinker,1,7,1,7,7,3,3,7,Standard,Standard,234.0,0.018,1.449,78.3,8.0,2.4885624999999996,-1.449,104.7,-6,-6,0.01,0.01,27,31,27,31,1,3,2.0,2.0,5.0,1.0,1.62,1.3,1.3,35.8,11.682393944496384,-0.7896590021466262,43.77071253256097,41.04786898671628,29.08872158074718
FF,2023-08-16,96.2,-2.2,5.54,"Judge, Aaron",592450,450203,single,hit_into_play,,,,,8.0,Aaron Judge singles on a sharp line drive to right fielder Ronald Acuna Jr.,R,R,R,ATL,NYY,X,9.0,line_drive,0,2,2023,-1.29,0.94,0.05,2.2,,,,1,4,Top,191.07,102.37,,,,,8.829482297843434,-139.8099512565443,-5.382432449447768,-18.89746124631009,29.45432499613556,-18.825649087840116,3.89,1.82,247.0,105.4,13.0,95.8,2294.0,6.0,716970,518595,621566,670032,663586,606115,592696,671739,660670,54.52,0.874,0.887,0.9,1.0,1.0,0.0,4.0,24,3,4-Seam Fastball,2,0,0,2,0,2,0,2,Standard,Standard,238.0,-0.036,0.514,83.5,7.7,1.174,-0.514,105.4,2,-2,0.762,0.238,39,31,40,31,2,1,5.0,1.0,7.0,2.0,1.52,1.29,1.29,18.8,-0.9606538364147248,17.020083600545984,49.82637013625976,42.02106381900917,17.44926148866802
FS,2023-08-15,86.8,-2.46,5.4,"Judge, Aaron",592450,489446,grounded_into_double_play,hit_into_play,,,,,8.0,"Aaron Judge grounds into a double play, third baseman Austin Riley to second baseman Nicky Lopez to first baseman Matt Olson.   Isiah Kiner-Falefa out at 2nd.    Aaron Judge out at 1st.",R,R,R,ATL,NYY,X,5.0,ground_ball,1,1,2023,-1.28,0.19,0.05,1.93,,,643396.0,1,9,Top,101.87,162.12,,,,,8.569929292578152,-126.23594614547888,-2.5683864916069417,-15.299917989827811,22.34246773340776,-29.797796183571517,3.88,1.8,9.0,88.9,-12.0,87.0,1553.0,6.1,716987,669221,621566,670032,663586,606115,592696,671739,660670,54.37,0.155,0.148,0.0,1.0,0.0,0.0,2.0,67,3,Split-Finger,5,0,0,5,0,5,0,5,Standard,Strategic,263.0,0.006,-0.316,75.5,7.9,0.181,0.316,88.9,5,-5,0.994,0.006,36,31,36,31,1,3,2.0,1.0,1.0,1.0,2.8,1.28,1.28,23.3,10.23397387214976,0.3386866015757646,47.13972766557603,42.28657282005298,30.35026389220071
CH,2023-08-15,85.3,-1.16,6.61,"Judge, Aaron",592450,693821,field_out,hit_into_play,,,,,7.0,"Aaron Judge grounds out, shortstop Orlando Arcia to first baseman Matt Olson.",R,R,R,ATL,NYY,X,6.0,ground_ball,1,1,2023,-0.83,0.27,-0.32,1.86,,,,1,1,Top,114.0,167.58,,,,,3.663827533418631,-124.24344406338965,-5.517851980203893,-9.287476715024496,21.94682922483602,-28.571595518568554,3.88,1.8,2.0,77.0,-50.0,86.1,2055.0,6.5,716987,669221,621566,670032,663586,606115,592696,671739,660670,54.0,0.192,0.19,0.0,1.0,0.0,0.0,2.0,2,3,Changeup,0,0,0,0,0,0,0,0,Standard,Standard,217.0,0.015,-0.257,77.4,8.4,0.214,0.257,88.0,0,0,0.523,0.477,24,31,24,31,1,0,5.0,1.0,7.0,1.0,2.83,0.83,0.83,51.6,17.044198621084988,-14.695551149167423,50.12446507608016,38.24829841521033,39.63561375924135
ST,2023-08-14,82.2,1.54,5.76,"Judge, Aaron",592450,608331,field_out,hit_into_play,,,,,6.0,"Aaron Judge grounds out, third baseman Austin Riley to first baseman Matt Olson.",R,R,L,ATL,NYY,X,5.0,ground_ball,2,1,2023,-0.79,0.09,0.38,2.62,,,,2,5,Top,100.06,168.19,,,,,-1.1132136421842818,-119.8053030656336,-0.8151268039565185,-7.45982209814525,22.134382686685512,-31.3445220192011,3.88,1.8,75.0,99.0,3.0,82.5,2601.0,6.3,717001,518595,621566,670032,663586,606115,592696,671739,660670,54.17,0.445,0.4,0.0,1.0,0.0,0.0,4.0,44,4,Sweeper,8,2,2,8,2,8,2,8,Standard,Standard,305.0,0.003,-0.314,78.5,8.4,0.466,0.314,99.0,6,-6,0.975,0.025,29,31,29,31,3,2,5.0,1.0,6.0,1.0,3.26,-0.79,0.79,44.7,18.15655648494548,-5.917474958597451,40.21388407739472,47.42790069191791,34.45910367728729
CU,2023-08-14,76.4,1.1,6.11,"Judge, Aaron",592450,608331,field_out,hit_into_play,,,,,8.0,Aaron Judge flies out to left fielder Eddie Rosario.,R,R,L,ATL,NYY,X,7.0,fly_ball,1,2,2023,-0.78,-1.2,0.16,1.9,,,,0,3,Top,102.8,103.75,,,,,-0.5901051435588845,-111.31110646873296,0.3620467380103593,-6.33052910627759,21.12569354098345,-42.38835177756863,3.88,1.8,245.0,86.4,49.0,77.1,3016.0,6.8,717001,518595,621566,670032,663586,606115,592696,671739,660670,53.67,0.003,0.002,0.0,1.0,0.0,0.0,3.0,23,5,Curveball,4,2,2,4,2,4,2,4,Standard,Standard,334.0,0.018,-0.193,68.9,8.9,0.003,0.193,88.0,2,-2,0.718,0.282,29,31,29,31,2,1,5.0,1.0,6.0,1.0,5.11,-0.78,0.78,53.3,23.98264327697501,-14.088047578898053,44.0827771760003,45.72783152715879,42.43598867735477
FF,2023-08-14,95.4,-2.15,5.89,"Judge, Aaron",592450,572955,single,hit_into_play,,,,,4.0,"Aaron Judge singles on a sharp ground ball to left fielder Eddie Rosario, deflected by shortstop Orlando Arcia.   Isiah Kiner-Falefa to 2nd.",R,R,R,ATL,NYY,X,6.0,ground_ball,1,2,2023,-0.87,1.05,-0.5,2.84,,,643396.0,1,8,Top,82.48,105.16,,,,,6.25583690048681,-138.85997809521,-4.76804623101906,-12.560101198603892,28.9136424129556,-17.69876635103214,3.88,1.8,126.0,101.9,7.0,95.0,2321.0,5.9,717001,518595,621566,670032,663586,606115,592696,671739,660670,54.59,0.639,0.576,0.9,1.0,1.0,0.0,4.0,69,4,4-Seam Fastball,9,2,2,9,2,9,2,9,Standard,Standard,229.0,-0.004,0.487,73.3,7.4,0.678,-0.487,101.9,7,-7,0.996,0.004,32,31,32,31,1,3,3.0,1.0,2.0,1.0,1.44,0.87,0.87,31.2,10.069403778399195,3.5928751281252396,42.26913939115021,36.49629926913542,27.948265660203468
FF,2023-08-14,96.6,1.11,5.98,"Judge, Aaron",592450,608331,single,hit_into_play,,,,,9.0,Aaron Judge singles on a sharp line drive to center fielder Michael Harris II.   Isiah Kiner-Falefa to 3rd.,R,R,L,ATL,NYY,X,8.0,line_drive,3,1,2023,0.3,1.24,0.34,2.12,,,643396.0,0,1,Top,157.02,78.49,,,,,-2.7668079139728836,-140.58948439927997,-7.653579551008997,4.576049953985835,28.016213647350614,-14.25824017757478,3.88,1.8,102.0,112.9,2.0,98.0,2259.0,6.8,717001,518595,621566,670032,663586,606115,592696,671739,660670,53.7,0.626,0.599,0.9,1.0,1.0,0.0,4.0,2,5,4-Seam Fastball,0,0,0,0,0,0,0,0,Standard,Standard,156.0,-0.059,0.322,83.3,7.9,0.731,-0.322,112.9,0,0,0.442,0.558,29,31,29,31,1,0,5.0,1.0,6.0,1.0,1.18,0.3,-0.3,49.9,-6.377097807907941,4.449293892177238,46.30989373072403,46.550125874072144,17.692270101075025
FF,2023-08-13,97.5,-1.57,5.68,"Judge, Aaron",592450,623211,field_out,hit_into_play,,,,,13.0,"Aaron Judge grounds out, pitcher Huascar Brazoban to first baseman Yuli Gurriel.",R,R,R,MIA,NYY,X,1.0,ground_ball,1,2,2023,-0.75,1.12,-0.3,1.46,,,,2,6,Top,131.58,185.01,,,,,5.108501286524867,-141.76714567146178,-8.290928540278092,-11.357733725006655,33.470310134898696,-15.343209660432027,3.9,1.84,2.0,72.5,-31.0,96.5,2163.0,5.9,717011,607732,493329,650333,669394,621563,650559,665862,660821,54.64,0.05,0.059,0.0,1.0,0.0,0.0,2.0,48,6,4-Seam Fastball,1,7,7,1,7,1,7,1,Standard,Standard,231.0,0.001,-0.191,77.0,8.2,0.054,0.191,88.0,-6,6,0.031,0.969,33,31,34,31,2,3,6.0,1.0,47.0,1.0,1.29,0.75,0.75,37.0,10.72154537799468,-3.75129563135903,51.88630730181889,39.20999447560622,34.86851149793615
FF,2023-08-13,99.1,-1.9,5.95,"Judge, Aaron",592450,691587,field_out,hit_into_play,,,,,5.0,Aaron Judge flies out to left fielder Bryan De La Cruz.,R,R,R,MIA,NYY,X,7.0,fly_ball,0,0,2023,-0.73,1.49,0.21,2.9,,,,1,1,Top,81.96,56.18,,,,,7.536439760888101,-143.9619130594979,-6.399990725459354,-11.930900212355755,35.71581238269599,-10.143535191470615,3.9,1.84,369.0,95.4,32.0,99.6,2664.0,6.8,717011,607732,493329,650333,669394,621563,650559,665862,660821,53.7,0.199,0.37,0.0,1.0,0.0,0.0,3.0,2,1,4-Seam Fastball,0,0,0,0,0,0,0,0,Infield shade,Standard,215.0,0.016,-0.267,,,0.718,0.267,95.4,0,0,0.522,0.478,20,31,20,31,1,0,6.0,1.0,6.0,1.0,0.85,0.73,0.73,29.1,,,,,
FF,2023-08-13,97.5,-3.12,5.67,"Judge, Aaron",592450,605347,field_out,hit_into_play,,,,,2.0,Aaron Judge pops out to first baseman Yuli Gurriel.,R,R,R,MIA,NYY,X,3.0,popup,0,0,2023,-0.84,1.2,-0.12,3.4,,,,0,9,Top,168.66,148.37,,,,,10.039145431276546,-141.66563143514668,-3.347912451653776,-13.59146318089657,33.23998350012874,-15.413218416050622,3.9,1.84,165.0,103.3,66.0,98.0,2029.0,6.7,717011,663743,493329,650333,669394,542932,650559,665862,660821,53.78,0.026,0.03,0.0,1.0,0.0,0.0,3.0,71,1,4-Seam Fastball,3,7,7,3,7,3,7,3,Infield shade,Standard,225.0,0.002,-0.265,78.0,7.7,0.04,0.265,103.3,-4,4,0.015,0.985,30,31,30,31,1,4,2.0,1.0,1.0,1.0,1.21,0.84,0.84,36.8,16.368186732869546,-6.750724450614609,39.81644892263945,42.60485236263061,34.472212649630634
CH,2023-08-12,91.2,-1.85,5.85,"Judge, Aaron",592450,645261,field_out,hit_into_play,,,,,8.0,Aaron Judge flies out to center fielder Jazz Chisholm Jr.,R,R,R,MIA,NYY,X,8.0,fly_ball,1,1,2023,-1.43,0.4,-0.14,2.08,,,,1,6,Top,132.13,50.24,,,,,7.335807506800389,-132.6293577525344,-4.396128760991439,-18.45325866991208,29.337311984887325,-26.664435548036153,3.9,1.84,368.0,97.8,33.0,90.5,1903.0,6.0,717025,607732,493329,650333,669394,621563,650559,665862,660821,54.52,0.3278,0.6220999999999999,0.0,1.0,0.0,0.0,5.0,41,3,Changeup,3,0,0,3,0,3,0,3,Standard,Standard,240.0,0.014,-0.257,79.3,8.4,1.2335,0.257,97.8,3,-3,0.888,0.1119999999999999,27,31,28,31,3,2,6.0,1.0,6.0,1.0,2.35,1.43,1.43,30.5,15.917966961933628,-5.104284086545083,48.47293649992911,41.6652641447408,34.84140458761879
SI,2023-08-12,98.7,-2.03,5.85,"Judge, Aaron",592450,645261,force_out,hit_into_play,,,,,4.0,"Aaron Judge grounds into a force out, shortstop Joey Wendle to second baseman Luis Arraez. Kyle Higashioka out at 2nd.",R,R,R,MIA,NYY,X,6.0,ground_ball,0,0,2023,-1.8,0.52,-0.31,2.87,,,543309.0,2,3,Top,107.61,152.42,,,,,8.759662009379108,-143.44289520569288,-3.792814461625537,-26.85814566752245,34.53593892679558,-24.326316092793544,3.9,1.84,11.0,97.0,-14.0,97.3,2297.0,5.7,717025,607732,493329,650333,669394,621563,650559,665862,660821,54.83,0.221,0.218,0.0,1.0,0.0,0.0,2.0,21,1,Sinker,2,0,0,2,0,2,0,2,Standard,Standard,236.0,0.023,-0.286,75.3,7.4,0.254,0.286,97.0,2,-2,0.741,0.259,27,31,28,31,2,1,6.0,1.0,6.0,1.0,1.84,1.8,1.8,26.4,7.979963256358832,10.294536231376805,42.98855870400306,39.75309748069022,20.907547570257822
FF,2023-08-12,98.5,-1.97,6.04,"Judge, Aaron",592450,645261,single,hit_into_play,,,,,5.0,Aaron Judge singles on a ground ball to left fielder Bryan De La Cruz.,R,R,R,MIA,NYY,X,7.0,ground_ball,0,0,2023,-1.16,0.96,-0.02,2.67,,,,1,1,Top,102.53,84.77,,,,,7.901832769741688,-143.15283268139285,-5.841005998093413,-17.755578120902914,34.82699527036216,-17.79633644342567,3.9,1.84,80.0,108.7,4.0,97.4,2298.0,5.9,717025,607732,493329,650333,669394,621563,650559,665862,660821,54.64,0.616,0.562,0.9,1.0,1.0,0.0,4.0,2,1,4-Seam Fastball,0,0,0,0,0,0,0,0,Standard,Standard,232.0,-0.024,0.416,78.4,7.6,0.682,-0.416,108.7,0,0,0.522,0.478,27,31,28,31,1,0,6.0,1.0,6.0,1.0,1.41,1.16,1.16,29.0,0.6678527949622165,8.980996273906475,42.02228296611265,43.382472754170834,22.2614642845979
FF,2023-08-11,96.7,2.0,6.02,"Judge, Aaron",592450,666200,home_run,hit_into_play,,,,,2.0,Aaron Judge homers (22) on a fly ball to center field.,R,R,L,MIA,NYY,X,,fly_ball,3,1,2023,1.08,1.16,0.21,3.35,,,,0,3,Top,124.21,10.87,,,,,-7.1263588589678335,-140.57664145937818,-4.105936836878217,16.041302297525107,34.40324954150785,-16.146209282390792,3.92,1.88,464.0,113.8,26.0,95.2,2223.0,5.6,717047,663743,605137,650333,669394,621563,650559,665862,660821,54.87,0.9954,2.0,2.0,1.0,0.0,3.0,6.0,20,5,4-Seam Fastball,2,3,3,2,4,2,4,2,Standard,Standard,131.0,-0.086,0.938,76.6,7.7,3.973,-0.938,113.8,-1,1,0.374,0.626,25,31,26,31,2,1,7.0,2.0,5.0,1.0,1.3,1.08,-1.08,35.3,16.542367280047248,3.8366833311851023,36.224832577652315,45.339368272280055,25.22905495399356
FF,2023-08-09,95.0,-1.7,5.54,"Judge, Aaron",592450,605182,field_out,hit_into_play,,,,,5.0,Aaron Judge flies out sharply to right fielder Oscar Colas.,R,R,R,CWS,NYY,X,9.0,fly_ball,0,0,2023,-0.57,1.28,-0.1,2.88,,,,1,6,Top,197.95,94.58,,,,,5.514573857655939,-138.3826388971188,-4.290810646106017,-8.468910363507351,28.22373867396254,-14.88221545281348,3.93,1.88,314.0,100.4,42.0,96.4,2231.0,6.8,717054,518735,683734,462101,660162,641313,643217,572204,693049,53.68,0.084,0.14,0.0,1.0,0.0,0.0,3.0,45,1,4-Seam Fastball,5,1,1,5,1,5,1,5,Standard,Standard,208.0,0.01,-0.267,77.5,7.6,0.271,0.267,100.4,4,-4,0.935,0.0649999999999999,32,31,33,31,3,2,5.0,1.0,7.0,2.0,1.22,0.57,0.57,40.3,7.957438695557812,-1.2957733669155456,43.96589759066525,41.07918940789811,28.753796708616328
SL,2023-08-09,88.6,-1.49,5.67,"Judge, Aaron",592450,666619,force_out,hit_into_play,,,,,6.0,"Aaron Judge lines into a force out, second baseman Elvis Andrus to shortstop Tim Anderson. Anthony Volpe out at 2nd. Aaron Judge to 1st.",R,R,R,CWS,NYY,X,4.0,line_drive,1,2,2023,0.72,0.25,0.58,2.62,,,683011.0,0,8,Top,143.17,138.28,,,,,3.59598859296606,-129.0752628029266,-1.9890278100452925,7.468863133263099,24.271759630923963,-29.16485858524168,3.93,1.88,164.0,79.2,15.0,89.9,2504.0,6.8,717054,518735,683734,462101,660162,641313,643217,572204,693049,53.68,0.821,0.759,0.0,1.0,0.0,0.0,4.0,61,5,Slider,5,2,2,5,2,5,2,5,Standard,Standard,94.0,0.03,-0.17,77.7,8.1,0.91,0.17,88.0,3,-3,0.895,0.1049999999999999,23,31,24,31,1,3,6.0,1.0,2.0,2.0,2.62,-0.72,-0.72,31.7,13.823060265854648,-6.100316766500393,40.278083190462965,49.740787736768,35.04800629292494
FF,2023-08-09,97.2,-1.75,5.65,"Judge, Aaron",592450,605182,single,hit_into_play,,,,,5.0,"Aaron Judge singles on a line drive to center fielder Luis Robert Jr. Jake Bauers out at 3rd on the throw, center fielder Luis Robert Jr. to third baseman Yoan Moncada.",R,R,R,CWS,NYY,X,8.0,line_drive,0,1,2023,-0.45,1.25,-0.22,3.06,,,641343.0,0,1,Top,154.47,80.81,,,,,5.198231093676539,-141.5377368289577,-4.356494665911614,-7.217731254889082,30.73771740919113,-14.550994176734068,3.93,1.88,244.0,97.5,14.0,98.4,2204.0,6.8,717054,518735,683734,462101,660162,641313,643217,673357,693049,53.66,0.861,0.842,0.9,1.0,1.0,0.0,4.0,2,2,4-Seam Fastball,0,0,0,0,0,0,0,0,Infield shade,Standard,207.0,0.029,0.489,74.4,6.7,1.066,-0.489,97.5,0,0,0.469,0.531,32,31,33,31,1,0,5.0,1.0,7.0,2.0,1.15,0.45,0.45,40.2,0.6491906856867188,9.708502774627398,43.43736415703763,38.16426540249097,21.372890092501684
CH,2023-08-08,86.2,2.59,6.35,"Judge, Aaron",592450,621383,home_run,hit_into_play,,,,,6.0,Aaron Judge homers (21) on a fly ball to left center field.,R,R,L,CWS,NYY,X,,fly_ball,3,2,2023,0.77,0.86,0.43,3.06,,,,2,8,Top,57.65,47.39,,,,,-6.724637384723293,-125.31565057889536,-3.349224445064518,9.410795652448796,24.919192121850088,-22.627007553324624,3.93,1.87,410.0,109.1,39.0,86.7,1748.0,6.6,717075,656024,683734,621545,660162,462101,643217,673357,657757,53.87,0.7653333333333334,1.5443333333333331,2.0,1.0,0.0,3.0,6.0,67,8,Changeup,1,6,6,1,7,1,7,1,Standard,Standard,139.0,-0.011,2.534,78.4,8.3,3.058,-2.534,109.1,-5,5,0.021,0.979,31,31,32,31,1,4,6.0,1.0,7.0,1.0,2.21,0.77,-0.77,52.3,20.613600581514653,-10.321511971534363,39.06303235409801,47.15327171910696,36.199025032530194
ST,2023-08-07,84.3,-2.93,6.07,"Judge, Aaron",592450,543766,double,hit_into_play,,,,,8.0,Aaron Judge doubles (11) on a line drive to left fielder Andrew Benintendi.,R,R,R,CWS,NYY,X,7.0,line_drive,1,1,2023,1.11,-0.07,0.06,1.95,,,,0,9,Top,41.08,110.77,,,,,4.6767538229811025,-122.6863249447738,-3.0505502277392043,10.319257530812791,24.095631951266032,-32.50149204135955,3.93,1.88,207.0,95.4,14.0,83.4,2776.0,5.6,717088,518735,683734,621545,660162,462101,643217,673357,572204,54.86,0.911,0.899,1.25,1.0,1.0,1.0,4.0,70,3,Sweeper,5,1,1,5,1,5,1,5,Standard,Standard,65.0,-0.022,0.717,75.7,8.4,1.147,-0.717,95.4,4,-4,0.985,0.015,35,31,36,31,1,4,2.0,1.0,4.0,1.0,3.28,-1.11,-1.11,36.7,15.29914929249694,-9.791896212838516,45.05040525132548,43.537883176030135,38.807001339474695
KC,2023-08-07,81.3,-1.19,6.2,"Judge, Aaron",592450,656302,field_out,hit_into_play,,,,,9.0,Aaron Judge pops out to second baseman Elvis Andrus.,R,R,R,CWS,NYY,X,4.0,popup,0,1,2023,0.28,-1.49,0.36,2.38,,,,1,1,Top,151.74,129.5,,,,,2.9360331228366223,-118.21323972300368,1.0232696551140208,1.9533577551822048,26.36062968517077,-46.4204816502954,3.93,1.88,188.0,79.4,57.0,80.3,2760.0,6.0,717088,518735,683734,462101,660162,641313,643217,673357,657757,54.49,0.037,0.037,0.0,1.0,0.0,0.0,3.0,2,2,Knuckle Curve,0,0,0,0,0,0,0,0,Standard,Standard,16.0,0.014,-0.227,77.1,8.5,0.048,0.227,88.0,0,0,0.524,0.476,27,31,28,31,1,0,5.0,1.0,6.0,1.0,4.99,-0.28,-0.28,55.2,20.26715099235037,-14.404262152983168,42.406893148763785,45.38570742807333,38.43885043788099
SL,2023-08-07,86.2,-1.8,6.02,"Judge, Aaron",592450,682010,single,hit_into_play,,,,,9.0,Aaron Judge singles on a ground ball to left fielder Andrew Benintendi.,R,R,R,CWS,NYY,X,7.0,ground_ball,1,2,2023,0.43,0.61,0.56,2.19,,,,0,7,Top,79.13,123.41,,,,,4.778969029142207,-125.50863734774894,-4.205747017871344,3.6819709160110174,23.77900416538827,-25.09621898699858,3.93,1.88,88.0,94.0,5.0,87.3,2428.0,6.8,717088,518735,683734,462101,660162,641313,643217,673357,657757,53.68,0.511,0.489,0.9,1.0,1.0,0.0,4.0,51,4,Slider,2,0,0,2,0,2,0,2,Standard,Standard,188.0,-0.069,0.504,76.5,8.5,0.599,-0.504,94.0,2,-2,0.823,0.177,26,31,27,31,1,3,1.0,1.0,5.0,1.0,2.44,-0.43,-0.43,40.3,17.417804968553355,-9.819704662488594,41.10242979082585,47.695178857307106,35.77675122652596
SI,2023-08-06,95.3,-1.44,5.98,"Judge, Aaron",592450,664353,field_out,hit_into_play,,,,,4.0,"Aaron Judge grounds out, shortstop Jeremy Pena to first baseman Jose Abreu.",R,R,R,NYY,HOU,X,6.0,ground_ball,2,1,2023,-1.21,1.31,-0.32,3.27,,,641343.0,2,3,Bot,118.73,166.62,,,,,5.646663846673547,-138.61839724065646,-4.420268017124981,-16.846574160177433,31.36401638180671,-14.51271318224708,3.91,1.87,12.0,88.5,-14.0,95.0,2237.0,6.2,717110,455117,547989,514888,608324,665161,670541,676694,676801,54.33,0.113,0.113,0.0,1.0,0.0,0.0,2.0,25,4,Sinker,1,5,1,5,5,1,1,5,Infield shade,Standard,208.0,-0.019,-0.303,73.4,7.1,0.125,0.303,88.5,-4,-4,0.143,0.143,28,31,28,31,2,1,98.0,1.0,7.0,1.0,1.21,1.21,1.21,51.0,7.402119819167853,8.894736590896123,39.32728486631406,37.64925343996193,24.263596985016264
FF,2023-08-05,93.6,-1.34,7.17,"Judge, Aaron",592450,434378,field_out,hit_into_play,,,,,1.0,Aaron Judge pops out to second baseman Jose Altuve.,R,R,R,NYY,HOU,X,4.0,popup,0,1,2023,-0.55,1.77,-0.3,3.47,,,641343.0,2,7,Bot,158.72,158.14,,,,,3.8720199814393466,-136.05030019168052,-7.662713606827046,-7.722372328548224,29.81500480048875,-8.665508663366586,3.91,1.87,133.0,102.7,69.0,93.0,2502.0,6.0,717126,455117,666197,514888,608324,665161,676801,643289,663656,54.49,0.016,0.018,0.0,1.0,0.0,0.0,3.0,53,2,4-Seam Fastball,2,1,2,1,1,2,2,1,Standard,Standard,200.0,-0.017,-0.241,79.6,8.0,0.025,0.241,102.7,1,1,0.762,0.762,40,31,40,31,4,3,6.0,1.0,6.0,1.0,0.83,0.55,0.55,59.0,20.354550093771696,-18.054116622311824,38.57649995785992,38.68302337514857,35.022169432223166
CH,2023-08-05,86.6,-1.66,6.94,"Judge, Aaron",592450,434378,field_out,hit_into_play,,,,,5.0,Aaron Judge flies out sharply to center fielder Mauricio Dubon.,R,R,R,NYY,HOU,X,8.0,fly_ball,3,2,2023,-1.32,0.6,-0.11,2.96,,,,1,5,Bot,114.5,37.89,,,,,6.367593612521426,-125.9856213962237,-4.556110169877252,-15.370520262593985,23.18961519605872,-25.01552647946053,3.91,1.87,399.0,105.4,26.0,86.5,1829.0,6.1,717126,455117,666197,514888,608324,665161,676801,643289,663656,54.45,0.842830769230769,1.6619384615384611,0.0,1.0,0.0,0.0,6.0,37,6,Changeup,2,1,2,1,1,2,2,1,Infield shade,Standard,235.0,-0.019,-0.328,78.3,7.9,3.292215384615384,0.328,105.4,1,1,0.69,0.69,40,31,40,31,3,2,6.0,1.0,6.0,1.0,2.41,1.32,1.32,50.2,14.574121521851984,-2.188842045542295,38.885397676730385,39.75532000475349,32.89428770752779
FF,2023-08-05,93.7,-1.59,7.06,"Judge, Aaron",592450,434378,field_out,hit_into_play,,,,,6.0,Aaron Judge flies out sharply to right fielder Kyle Tucker.,R,R,R,NYY,HOU,X,9.0,fly_ball,0,0,2023,-0.75,1.63,0.33,3.12,,,,0,3,Bot,220.84,104.89,,,,,6.568299964336917,-136.13310805702372,-7.9534248400022864,-10.803662813858615,31.431506077113713,-10.33103045951569,3.91,1.87,319.0,105.0,47.0,92.7,2464.0,5.9,717126,455117,666197,514888,608324,665161,676801,643289,663656,54.58,0.087,0.149,0.0,1.0,0.0,0.0,3.0,22,1,4-Seam Fastball,1,1,1,1,1,1,1,1,Standard,Standard,207.0,-0.025,-0.265,80.4,7.9,0.287,0.265,105.0,0,0,0.555,0.555,40,31,40,31,2,1,6.0,1.0,6.0,1.0,0.99,0.75,0.75,57.7,11.75675160900423,-1.0563051757118198,38.17752400688428,44.47603562059652,29.265505436195273
SL,2023-08-05,87.1,-1.58,7.13,"Judge, Aaron",592450,434378,field_out,hit_into_play,,,,,8.0,Aaron Judge flies out to center fielder Mauricio Dubon.,R,R,R,NYY,HOU,X,8.0,fly_ball,1,2,2023,0.17,0.44,0.05,2.18,,,,1,1,Bot,136.93,102.15,,,,,3.5553653198575663,-126.76676295331036,-6.641472127884774,1.150636569691537,23.759398661889826,-26.35264939704994,3.91,1.87,245.0,90.3,51.0,87.0,2429.0,6.0,717126,455117,666197,514888,608324,665161,676801,643289,663656,54.47,0.003,0.002,0.0,1.0,0.0,0.0,3.0,6,4,Slider,0,0,0,0,0,0,0,0,Infield shade,Standard,161.0,-0.012,-0.189,71.6,8.6,0.003,0.189,90.3,0,0,0.522,0.522,40,31,40,31,1,0,6.0,1.0,6.0,1.0,2.54,-0.17,-0.17,53.4,16.898908182998372,-13.69113441125184,40.20097428204863,40.84153629178418,35.471671615931626
FF,2023-08-03,92.8,-1.37,6.01,"Judge, Aaron",592450,664299,field_out,hit_into_play,,,,,6.0,Aaron Judge flies out to right fielder Kyle Tucker.,R,R,R,NYY,HOU,X,9.0,fly_ball,2,0,2023,-0.04,1.48,0.4,2.62,,,,0,3,Bot,181.47,136.47,,,,,4.578063692783481,-134.94862743457978,-6.059902352556577,-1.5313019672003685,30.68747683110677,-12.93351304405605,3.9,1.86,209.0,79.2,52.0,91.8,2213.0,5.8,717142,455117,547989,514888,608324,665161,676801,676694,663656,54.67,0.047,0.046,0.0,1.0,0.0,0.0,3.0,24,3,4-Seam Fastball,3,2,3,2,2,3,3,2,Standard,Standard,205.0,-0.031,-0.377,78.7,8.2,0.064,0.377,88.0,1,1,0.679,0.679,26,31,26,31,2,1,6.0,1.0,6.0,1.0,1.18,0.04,0.04,40.5,14.1558170477886,-5.904848755995693,41.2955439917243,47.65151328117374,35.37952235852208
SL,2023-08-02,92.6,0.89,6.08,"Judge, Aaron",592450,663556,field_out,hit_into_play,,,,,5.0,Aaron Judge lines out to right fielder Josh Lowe.,R,R,L,NYY,TB,X,9.0,line_drive,2,2,2023,-0.02,0.52,0.14,2.7,,,643396.0,1,3,Bot,179.69,79.69,,,,,-1.869249097546132,-134.95871246980914,-4.067107001691792,0.0797722709315467,26.6075196702891,-25.164969735656214,3.91,1.87,344.0,100.9,21.0,94.1,2108.0,6.9,717160,650907,650490,664040,670623,677551,670042,622534,666139,53.61,0.372,0.58725,0.0,1.0,0.0,0.0,5.0,23,5,Slider,2,2,2,2,2,2,2,2,Infield shade,Standard,165.0,-0.029,-0.232,77.2,7.6,1.0733749999999995,0.232,100.9,0,0,0.555,0.555,26,31,26,31,2,1,5.0,1.0,,1.0,2.11,-0.02,0.02,40.4,2.2653563537209864,5.48632540756584,41.79890268406694,44.33566946763893,22.143987950513637
SI,2023-08-02,91.2,-1.84,3.88,"Judge, Aaron",592450,687330,field_out,hit_into_play,,,,,13.0,Aaron Judge lines out to shortstop Wander Franco.,R,R,R,NYY,TB,X,6.0,line_drive,1,2,2023,-1.11,-0.26,-0.85,2.49,,643396.0,,1,7,Bot,102.02,150.9,,,,,4.995816044197013,-132.61875768183126,3.0701106674971417,-14.192671367604778,29.20799594048591,-36.198216033386785,3.91,1.87,160.0,107.5,8.0,92.8,2227.0,7.4,717160,650907,650490,664040,670623,677551,666139,642350,622534,53.14,0.734,0.69,0.0,1.0,0.0,0.0,4.0,55,6,Sinker,5,2,5,2,2,5,5,2,Standard,Standard,239.0,-0.007,-0.198,70.3,7.5,0.857,0.198,107.5,3,3,0.945,0.945,25,31,26,31,1,3,4.0,1.0,2.0,1.0,3.01,1.11,1.11,3.1,5.252871420992826,3.9390388141089048,44.912221560135144,33.96106165849581,28.011519358419395
FF,2023-08-02,99.6,0.76,6.37,"Judge, Aaron",592450,663556,field_out,hit_into_play,,,,,5.0,Aaron Judge lines out sharply to center fielder Manuel Margot.,R,R,L,NYY,TB,X,8.0,line_drive,3,2,2023,0.68,1.33,-0.23,2.61,,,,1,1,Bot,134.69,37.78,,,,,-4.370440996155519,-144.77706267868786,-8.114086265670847,10.65739296478361,35.19737819313851,-11.820131292397075,3.91,1.87,399.0,108.5,21.0,100.7,2197.0,7.0,717160,650907,650490,664040,670623,677551,670042,622534,666139,53.48,0.8705526315789475,1.5946315789473686,0.0,1.0,0.0,0.0,6.0,8,8,4-Seam Fastball,0,2,0,2,2,0,0,2,Infield shade,Standard,145.0,-0.02,-0.328,79.6,7.7,3.0902631578947357,0.328,108.5,-2,-2,0.333,0.333,26,31,26,31,1,0,5.0,1.0,,1.0,0.98,0.68,-0.68,45.5,4.401460824165946,0.2605850071264382,43.88241424893646,41.30638928660461,26.75793870781804
FC,2023-08-02,88.4,-1.95,5.48,"Judge, Aaron",592450,541640,single,hit_into_play,,,,,5.0,Aaron Judge singles on a line drive to right fielder Manuel Margot.,R,R,R,NYY,TB,X,9.0,line_drive,0,0,2023,0.35,0.62,-0.27,3.08,,,,2,5,Bot,169.26,94.59,,,,,3.368721553327974,-128.67422184711418,-1.054620764959607,3.142546407048411,27.690192773793513,-25.34901848945115,3.91,1.87,245.0,91.3,17.0,88.7,2388.0,6.6,717160,650907,650490,664040,670623,677551,666139,642350,622534,53.93,0.797,0.762,0.9,1.0,1.0,0.0,4.0,39,1,Cutter,5,2,5,2,2,5,5,2,Standard,Standard,172.0,0.005,0.344,73.3,7.1,0.965,-0.344,91.3,3,3,0.868,0.868,33,31,33,31,1,2,3.0,1.0,4.0,1.0,2.31,-0.35,-0.35,41.7,5.495017113748896,12.001098080449486,38.48400641071674,40.46143443440225,21.7303961325571
FC,2023-08-01,87.1,-2.08,6.01,"Judge, Aaron",592450,621107,field_out,hit_into_play,,,,,5.0,Aaron Judge flies out sharply to center fielder Jose Siri.,R,R,R,NYY,TB,X,8.0,fly_ball,3,0,2023,0.37,0.47,-0.21,3.01,,641343.0,,2,6,Bot,135.91,46.28,,,,,3.750778034678071,-126.93683009020292,-2.0706835645446655,3.345209589843152,23.988449092024013,-26.910877254310048,3.94,1.87,379.0,101.2,35.0,88.1,2161.0,6.7,717175,542194,650490,664040,670623,677551,668227,642350,622534,53.82,0.42736,0.8314,0.0,1.0,0.0,0.0,5.0,49,4,Cutter,0,5,0,5,5,0,0,5,Standard,Standard,177.0,-0.018,-0.382,74.8,7.9,1.6441199999999998,0.382,101.2,-5,-5,0.05,0.05,29,31,29,31,3,2,6.0,1.0,7.0,1.0,2.51,-0.37,-0.37,34.6,15.89025800508098,-3.140361790452458,39.316733309206114,42.034091817050054,29.08736446182957
CU,2023-08-01,77.8,-2.12,6.2,"Judge, Aaron",592450,621107,field_out,hit_into_play,,,,,14.0,"Aaron Judge grounds out, third baseman Isaac Paredes to first baseman Yandy Diaz.",R,R,R,NYY,TB,X,5.0,ground_ball,0,1,2023,0.92,-0.79,0.21,1.68,,,,0,4,Bot,104.79,179.35,,,,,3.324297601932039,-113.19288076191096,-1.2218632109915533,7.1205633882554915,24.0489931031125,-38.86181606004095,3.94,1.87,3.0,66.3,-30.0,77.7,2486.0,6.6,717175,542194,650490,664040,670623,677551,668227,642350,622534,53.93,0.047,0.058,0.0,1.0,0.0,0.0,2.0,30,2,Curveball,0,4,0,4,4,0,0,4,Standard,Standard,61.0,-0.017,-0.223,76.2,8.8,0.048,0.223,88.0,-4,-4,0.141,0.141,29,31,29,31,2,1,6.0,1.0,7.0,1.0,4.61,-0.92,-0.92,36.0,24.240314704558013,-9.483643990143763,45.913369216264336,44.76409197115181,42.52006973493932
SI,2023-08-01,93.2,-2.15,6.01,"Judge, Aaron",592450,621107,single,hit_into_play,,,,,5.0,Aaron Judge singles on a line drive to center fielder Jose Siri.,R,R,R,NYY,TB,X,8.0,line_drive,1,1,2023,-1.56,0.63,-0.02,2.69,,,,1,1,Bot,96.91,94.5,,,,,8.944815437335016,-135.36515989344005,-4.169153588573447,-21.14824684332588,29.966017024558543,-23.65695429840351,3.94,1.87,181.0,115.5,8.0,93.6,2084.0,6.7,717175,542194,650490,664040,670623,677551,668227,642350,622534,53.82,0.805,0.812,0.9,1.0,1.0,0.0,6.0,5,3,Sinker,0,0,0,0,0,0,0,0,Standard,Standard,219.0,0.026,0.427,77.4,7.7,1.083,-0.427,115.5,0,0,0.525,0.525,29,31,29,31,1,0,6.0,1.0,7.0,1.0,2.0,1.56,1.56,30.1,8.994505988706896,3.935304001596325,41.990124282453586,43.662711155521905,25.812112893843743
SL,2023-08-01,81.8,0.98,6.41,"Judge, Aaron",592450,621363,field_out,hit_into_play,,,,,4.0,Aaron Judge flies out sharply to left fielder Randy Arozarena.,R,R,L,NYY,TB,X,7.0,fly_ball,0,0,2023,-0.6,-0.16,-0.56,2.79,,664056.0,,1,9,Bot,51.41,87.36,,,,,-2.365519532046464,-119.1151690803441,-1.267073165253363,-5.183054393361867,24.11617778621706,-33.699160491125035,3.94,1.87,330.0,109.7,46.0,82.7,2443.0,7.0,717175,542194,650490,664040,670623,677551,668227,642350,622534,53.53,0.266,0.521,0.0,1.0,0.0,0.0,6.0,67,1,Slider,0,5,0,5,5,0,0,5,Infield shade,Standard,277.0,-0.006,-0.29,78.3,8.9,1.014,0.29,109.7,-5,-5,0.008,0.008,29,31,29,31,1,3,4.0,1.0,5.0,1.0,3.58,-0.6,0.6,70.0,21.477641452708585,-26.853593789863396,42.36302663683607,38.21445180130729,41.045261897962384
FF,2023-07-29,91.3,-1.03,7.02,"Judge, Aaron",592450,669330,home_run,hit_into_play,,,,,3.0,Aaron Judge homers (20) on a fly ball to center field. Kyle Higashioka scores.,R,R,R,BAL,NYY,X,,fly_ball,1,1,2023,-0.3,1.57,0.58,3.62,,,543309.0,1,3,Top,106.4,21.12,,,,,4.700356102400642,-132.8768381423688,-6.074624875104846,-4.557303806089585,28.4130696425569,-12.469929251007706,3.94,1.84,442.0,111.6,25.0,91.4,2371.0,6.3,717219,668939,656811,624428,602104,683002,669720,681297,623993,54.17,0.992,2.0,2.0,1.0,0.0,3.0,6.0,21,3,4-Seam Fastball,2,1,1,2,3,2,3,2,Standard,Standard,192.0,-0.201,1.466,76.1,7.8,3.936857142857143,-1.466,111.6,1,-1,0.611,0.389,28,31,29,31,2,1,6.0,1.0,55.0,2.0,1.16,0.3,0.3,54.1,14.189739079938091,0.8282621732726569,34.64546377786707,49.84284583027979,29.96435551173944
CH,2023-07-29,85.6,1.65,6.14,"Judge, Aaron",592450,608344,single,hit_into_play,,,,,9.0,Aaron Judge singles on a line drive to center fielder Colton Cowser.,R,R,L,BAL,NYY,X,8.0,line_drive,2,1,2023,0.96,0.7,0.79,2.29,,,,1,6,Top,149.09,81.6,,,,,-3.980610877393417,-124.60660752879954,-4.21662813221172,10.821736427696251,25.365636243955866,-24.27240785351622,3.94,1.84,273.0,84.3,24.0,85.6,1677.0,6.3,717219,668939,656811,624428,602104,683002,669720,681297,623993,54.2,0.245,0.252,0.9,1.0,1.0,0.0,3.0,51,4,Changeup,3,5,5,3,5,3,5,3,Standard,Standard,127.0,-0.016,0.373,76.0,7.9,0.344,-0.373,88.0,-2,2,0.236,0.764,29,31,29,31,1,3,3.0,1.0,4.0,2.0,2.42,0.96,-0.96,41.9,8.882283157691253,2.6730308555768025,41.585745690036646,52.83474733547621,28.31706056723508
FF,2023-07-29,95.1,-1.38,6.09,"Judge, Aaron",592450,657508,single,hit_into_play,,,,,5.0,"Aaron Judge singles on a ground ball to left fielder Austin Hays, deflected by third baseman Ramon Urias. Kyle Higashioka to 2nd.",R,R,R,BAL,NYY,X,5.0,ground_ball,0,0,2023,-0.92,1.36,-0.1,2.85,,,543309.0,2,4,Top,75.55,126.23,,,,,5.465305991008434,-138.44660771480991,-5.964039438764857,-13.084499069030574,29.052578511719265,-13.508642287083122,3.94,1.84,125.0,104.9,7.0,96.1,2232.0,6.7,717219,668939,656811,624428,602104,683002,669720,681297,623993,53.82,0.65,0.59,0.9,1.0,1.0,0.0,4.0,34,1,4-Seam Fastball,2,4,4,2,4,2,4,2,Standard,Standard,216.0,-0.016,0.368,79.7,8.0,0.714,-0.368,104.9,-2,2,0.292,0.708,27,31,28,31,1,2,3.0,1.0,1.0,2.0,1.14,0.92,0.92,47.8,16.14573062405221,-9.207918744774778,39.485396606236435,40.38406828840802,35.869154624355204
SL,2023-07-29,82.8,-1.42,7.0,"Judge, Aaron",592450,669330,field_out,hit_into_play,,,,,5.0,Aaron Judge flies out sharply to center fielder Colton Cowser.,R,R,R,BAL,NYY,X,8.0,fly_ball,0,1,2023,0.27,0.08,-0.19,2.71,,,,1,1,Top,88.92,55.88,,,,,2.278798874141589,-120.62651098107402,-3.541700967581878,2.313253197731709,20.44806577842605,-30.97269916153782,3.94,1.84,365.0,108.2,42.0,83.3,2503.0,6.3,717219,668939,656811,624428,602104,683002,669720,681297,623993,54.23,0.3615,0.731,0.0,1.0,0.0,0.0,6.0,2,2,Slider,0,0,0,0,0,0,0,0,Standard,Standard,125.0,0.014,-0.227,80.1,8.4,1.4415,0.227,108.2,0,0,0.524,0.476,28,31,29,31,1,0,6.0,1.0,55.0,2.0,3.2,-0.27,-0.27,51.2,18.217865440747605,-11.167579645406898,43.09397254207531,39.3812242171208,37.670062808098535
FF,2023-07-28,99.1,-2.51,5.84,"Judge, Aaron",592450,680570,field_out,hit_into_play,,,,,8.0,Aaron Judge lines out sharply to right fielder Anthony Santander.,R,R,R,BAL,NYY,X,9.0,line_drive,0,0,2023,-0.71,1.47,0.17,1.99,,,,1,1,Top,175.42,88.58,,,,,9.1203451030045,-143.8919097032516,-8.655038239136193,-11.94206166068711,33.71263518442201,-9.901517782945003,3.94,1.84,301.0,104.4,16.0,100.5,2347.0,7.2,717237,668939,656811,624428,602104,683002,669720,681297,623993,53.32,0.547,0.602,0.0,1.0,0.0,0.0,5.0,2,1,4-Seam Fastball,0,0,0,0,0,0,0,0,Standard,Standard,215.0,0.016,-0.267,78.5,7.9,0.922,0.267,104.4,0,0,0.522,0.478,23,31,24,31,1,0,6.0,55.0,5.0,1.0,0.87,0.71,0.71,45.3,0.9979377061217828,4.378437680045118,47.24966896054854,44.74853443950737,22.34722892609806
SL,2023-06-03,87.8,-0.5,6.16,"Judge, Aaron",592450,675627,field_out,hit_into_play,,,,,5.0,Aaron Judge flies out to right fielder Jason Heyward.,R,R,R,LAD,NYY,X,9.0,fly_ball,0,2,2023,0.34,0.16,-0.25,3.17,,,,1,1,Top,198.17,99.66,,,,,-0.0944473904023199,-127.98214379251148,-1.516166404398619,3.73375241919436,23.991345403077315,-30.333174598413308,3.93,1.82,304.0,91.2,34.0,88.5,2359.0,6.4,717905,669257,518692,605141,571970,500743,444482,681546,518792,54.06,0.029,0.03,0.0,1.0,0.0,0.0,3.0,2,4,Slider,0,0,0,0,0,0,0,0,Standard,Standard,86.0,0.01,-0.17,,,0.057,0.17,91.2,0,0,0.528,0.472,26,31,27,31,1,0,44.0,1.0,6.0,55.0,2.77,-0.34,-0.34,51.9,,,,,
ST,2023-06-03,82.7,-1.51,5.32,"Judge, Aaron",592450,571946,home_run,hit_into_play,,,,,8.0,Aaron Judge homers (19) on a line drive to left field.,R,R,R,LAD,NYY,X,,line_drive,1,1,2023,1.21,-0.07,0.07,2.44,,,,0,6,Top,25.89,92.03,,,,,1.2557883434333432,-120.54296006488345,0.0601818886924605,11.517628357827334,23.213093640950405,-33.04179076464677,3.93,1.82,360.0,113.7,20.0,84.4,2584.0,7.3,717905,669257,518692,605141,571970,500743,444482,681546,518792,53.21,0.962,1.8103333333333331,2.0,1.0,0.0,3.0,6.0,39,3,Sweeper,1,4,4,1,5,1,5,1,Standard,Standard,59.0,-0.056,1.126,,,3.520166666666667,-1.126,113.7,-3,3,0.138,0.862,32,31,33,31,1,2,5.0,1.0,3.0,55.0,3.38,-1.21,-1.21,46.4,,,,,
ST,2023-06-02,82.8,-1.43,5.69,"Judge, Aaron",592450,622075,field_out,hit_into_play,,,,,9.0,Aaron Judge lines out to second baseman Miguel Vargas.,R,R,R,LAD,NYY,X,4.0,line_drive,1,1,2023,1.18,0.29,0.43,1.95,,,641343.0,2,8,Top,134.95,141.8,,,,,1.965250718552792,-120.61631893842818,-2.654989451367634,11.135144662380226,22.76449478198588,-29.03075205722896,3.93,1.82,150.0,78.0,14.0,83.2,2703.0,6.4,717917,669257,518692,678246,571970,500743,518792,681546,605141,54.1,0.668,0.602,0.0,1.0,0.0,0.0,4.0,64,3,Sweeper,8,2,2,8,2,8,2,8,Standard,Standard,67.0,0.002,-0.266,,,0.705,0.266,88.0,6,-6,0.996,0.004,29,31,29,31,1,3,5.0,2.0,4.0,1.0,3.02,-1.18,-1.18,36.7,,,,,
FF,2023-06-02,92.2,1.25,6.28,"Judge, Aaron",592450,477132,grounded_into_double_play,hit_into_play,,,,,6.0,"Aaron Judge grounds into a double play, third baseman Max Muncy to second baseman Miguel Vargas to first baseman Freddie Freeman.   Gleyber Torres out at 2nd.    Aaron Judge out at 1st.",R,R,L,LAD,NYY,X,5.0,ground_ball,0,0,2023,-0.21,1.56,0.49,2.84,,,650402.0,0,1,Top,99.04,163.9,,,,,-1.4713406393631565,-134.22969826360932,-6.327249575638189,-2.2284372181904755,28.90883709585304,-12.15439907726034,3.93,1.82,55.0,92.9,1.0,92.6,2414.0,6.5,717917,669257,518692,678246,571970,500743,518792,681546,605141,54.0,0.408,0.382,0.0,1.0,0.0,0.0,2.0,2,1,4-Seam Fastball,0,0,0,0,0,0,0,0,Standard,Standard,175.0,0.074,-0.35,,,0.495,0.35,92.9,0,0,0.464,0.536,35,31,35,31,1,0,6.0,2.0,6.0,1.0,1.12,-0.21,0.21,60.2,,,,,
KC,2023-05-31,82.0,-1.66,5.84,"Judge, Aaron",592450,669923,field_out,hit_into_play,,,,,5.0,Aaron Judge flies out sharply to left fielder Jarred Kelenic.,R,R,R,SEA,NYY,X,7.0,fly_ball,3,2,2023,0.65,-1.08,0.1,3.18,,,,0,7,Top,74.27,61.03,,,,,2.743511746853955,-119.27273072367562,2.7118313732250776,5.619815770275093,24.64821388849712,-43.23717755356711,3.91,1.83,363.0,109.2,43.0,82.1,2214.0,6.5,717939,663728,664034,543939,553993,641487,672284,677594,606192,53.95,0.36,0.7244999999999999,0.0,1.0,0.0,0.0,6.0,42,7,Knuckle Curve,0,0,0,0,0,0,0,0,Standard,Standard,36.0,0.048,-0.353,,,1.427,0.353,109.2,0,0,0.491,0.509,25,31,25,31,3,2,5.0,1.0,7.0,2.0,4.5,-0.65,-0.65,37.3,,,,,
FF,2023-05-31,97.9,-1.63,5.91,"Judge, Aaron",592450,669923,field_out,hit_into_play,,,,,5.0,"Aaron Judge grounds out, shortstop J.  P. Crawford to first baseman Ty France.",R,R,R,SEA,NYY,X,6.0,ground_ball,3,1,2023,-0.99,1.14,-0.22,2.6,,,,1,1,Top,105.88,148.54,,,,,6.110716867729033,-142.45845682893787,-6.109148859293819,-14.85198786165825,31.711632231839477,-15.37831831079736,3.91,1.83,90.0,111.2,4.0,98.2,2356.0,6.4,717939,663728,664034,543939,553993,641487,672284,677594,606192,54.1,0.653,0.631,0.0,1.0,0.0,0.0,4.0,2,5,4-Seam Fastball,0,0,0,0,0,0,0,0,Standard,Standard,223.0,0.026,-0.432,,,0.785,0.432,111.2,0,0,0.512,0.488,25,31,25,31,1,0,5.0,1.0,7.0,2.0,1.23,0.99,0.99,35.5,,,,,
SI,2023-05-30,89.5,-2.39,5.25,"Judge, Aaron",592450,670766,home_run,hit_into_play,,,,,1.0,Aaron Judge homers (18) on a fly ball to left center field.,R,R,R,SEA,NYY,X,,fly_ball,0,0,2023,-1.46,0.44,-0.33,3.05,,,,0,7,Top,67.99,52.63,,,,,8.199586413218249,-130.1820207618593,-0.3966896120508576,-18.242079251783913,24.50492046495863,-27.30777122397739,3.14,1.43,390.0,106.3,38.0,90.4,1993.0,6.6,717952,663728,664034,676609,553993,641487,572041,677594,606192,53.88,0.6454375,1.2951874999999995,2.0,1.0,0.0,3.0,6.0,58,1,Sinker,2,7,7,2,8,2,8,2,Standard,Standard,222.0,-0.015,1.114,,,2.5745,-1.114,106.3,-5,5,0.032,0.968,27,31,27,31,1,3,43.0,1.0,83.0,1.0,2.39,1.46,1.46,29.7,,,,,
ST,2023-05-29,80.7,-0.82,5.41,"Judge, Aaron",592450,682243,double,hit_into_play,,,,,2.0,Aaron Judge doubles (10) on a sharp fly ball to left fielder Jarred Kelenic.   Gleyber Torres to 3rd.,R,R,R,SEA,NYY,X,7.0,fly_ball,1,2,2023,1.24,-0.5,0.26,3.42,,,650402.0,0,5,Top,74.23,63.67,,,,,0.0538922480112384,-117.47394565772326,3.1905878230072244,11.450712719424471,22.74524510855875,-37.61789117175287,3.91,1.83,372.0,104.7,24.0,80.7,2201.0,6.3,717969,663728,664034,676609,553993,641487,672284,677594,606192,54.17,0.7822258064516131,1.4706935483870966,1.25,1.0,1.0,1.0,6.0,37,4,Sweeper,2,4,4,2,4,2,4,2,Standard,Standard,41.0,-0.082,0.791,,,2.87816129032258,-0.791,104.7,-2,2,0.228,0.772,24,31,25,31,3,2,5.0,1.0,6.0,1.0,4.0,-1.24,-1.24,42.5,,,,,
FF,2023-05-29,93.8,-0.61,5.79,"Judge, Aaron",592450,682243,home_run,hit_into_play,,,,,5.0,Aaron Judge homers (16) on a fly ball to left field.   Gleyber Torres scores.,R,R,R,SEA,NYY,X,,fly_ball,3,2,2023,-0.2,1.5,0.23,3.05,,,650402.0,0,3,Top,11.25,96.33,,,,,2.6340335680095808,-136.71711217458818,-4.783708218976411,-3.098076801521702,26.436688235325786,-12.39537969095442,3.91,1.83,378.0,116.9,22.0,94.5,2729.0,6.4,717969,663728,664034,676609,553993,641487,672284,677594,606192,54.14,0.982,1.9083333333333332,2.0,1.0,0.0,3.0,6.0,19,6,4-Seam Fastball,1,1,1,1,3,1,3,1,Standard,Standard,189.0,-0.162,0.998,,,3.7596666666666665,-0.998,116.9,0,0,0.45,0.55,24,31,25,31,2,1,5.0,1.0,6.0,1.0,1.05,0.2,0.2,50.8,,,,,
CH,2023-05-29,88.2,-2.74,5.24,"Judge, Aaron",592450,672730,home_run,hit_into_play,,,,,4.0,Aaron Judge homers (17) on a fly ball to left center field.,R,R,R,SEA,NYY,X,,fly_ball,1,1,2023,-1.47,0.36,-0.49,2.67,,,,1,6,Top,63.25,59.56,,,,,8.516484302344143,-128.21252130740618,-0.921318213112441,-17.971673978144665,25.5466180539352,-28.20323491982899,3.91,1.83,378.0,95.8,31.0,88.4,2028.0,6.4,717969,663728,664034,676609,553993,641487,672284,677594,606192,54.12,0.2614166666666667,0.5005000000000001,2.0,1.0,0.0,3.0,5.0,52,3,Changeup,4,8,8,4,9,4,9,4,Infield shade,Standard,249.0,-0.037,1.593,,,0.97775,-1.593,95.8,-4,4,0.089,0.911,23,31,23,31,1,3,3.0,1.0,,1.0,2.57,1.47,1.47,25.6,,,,,
FF,2023-05-29,95.4,-0.77,5.84,"Judge, Aaron",592450,682243,field_out,hit_into_play,,,,,5.0,Aaron Judge pops out to second baseman Jose Caballero.,R,R,R,SEA,NYY,X,4.0,popup,0,0,2023,-0.35,1.49,0.0,2.67,,,,1,1,Top,133.26,164.25,,,,,2.8232835276120873,-138.9106269278591,-6.055150148456334,-5.1830699868864585,31.25325230542328,-11.731026380235775,3.91,1.83,93.0,80.7,71.0,95.4,2522.0,6.3,717969,663728,664034,676609,553993,641487,672284,677594,606192,54.22,0.003,0.003,0.0,1.0,0.0,0.0,3.0,2,1,4-Seam Fastball,0,0,0,0,0,0,0,0,Standard,Standard,198.0,0.016,-0.267,,,0.003,0.267,88.0,0,0,0.522,0.478,24,31,25,31,1,0,5.0,1.0,6.0,1.0,1.01,0.35,0.35,51.1,,,,,
SI,2023-05-28,96.0,-2.24,5.58,"Judge, Aaron",592450,506433,single,hit_into_play,,,,,7.0,Aaron Judge singles on a ground ball to left fielder Jose Azocar.   Anthony Volpe scores.    Gleyber Torres to 2nd.,R,R,R,NYY,SD,X,7.0,ground_ball,0,1,2023,-1.26,0.75,-0.47,1.92,683011.0,,650402.0,0,3,Bot,86.34,120.56,,,,,7.571747769083691,-139.51634244001244,-5.8212188632682365,-18.190123422295585,30.502868735403837,-21.21101717343635,3.89,1.84,103.0,110.4,5.0,96.4,2298.0,6.5,717995,543592,630105,596059,673490,593428,640492,663757,665487,53.98,0.671,0.648,0.9,1.0,1.0,0.0,4.0,23,2,Sinker,2,3,2,3,3,3,3,3,Standard,Standard,220.0,0.082,0.438,,,0.811,-0.438,110.4,-1,-1,0.572,0.572,36,31,37,31,2,1,5.0,1.0,6.0,1.0,1.72,1.26,1.26,36.5,,,,,
FC,2023-05-28,91.6,-2.15,5.64,"Judge, Aaron",592450,506433,home_run,hit_into_play,,,,,5.0,Aaron Judge homers (15) on a fly ball to left center field.,R,R,R,NYY,SD,X,,fly_ball,1,1,2023,0.31,0.84,0.17,3.02,,,,1,1,Bot,73.22,46.35,,,,,5.258102404749839,-133.34298190198612,-2.6157782455179683,2.575225570313328,27.513732673840003,-21.800008870188332,3.89,1.84,399.0,111.1,44.0,92.6,2685.0,6.8,717995,543592,630105,596059,673490,593428,640492,663757,665487,53.74,0.311,0.623,2.0,1.0,0.0,3.0,6.0,6,3,Cutter,0,1,0,1,1,1,1,1,Strategic,Standard,190.0,0.103,1.593,,,1.227,-1.593,111.1,-1,-1,0.423,0.423,36,31,37,31,1,0,5.0,1.0,6.0,1.0,1.87,-0.31,-0.31,42.5,,,,,
SI,2023-05-27,92.8,-1.97,6.37,"Judge, Aaron",592450,608379,field_out,hit_into_play,,,,,13.0,Aaron Judge flies out sharply to center fielder Trent Grisham.,R,R,R,NYY,SD,X,8.0,fly_ball,0,0,2023,-1.28,1.39,-0.98,2.31,,,,2,6,Bot,108.36,53.48,,,,,5.368891850604538,-134.8242639221688,-7.633573859212072,-16.77947728609997,31.589895457806925,-13.716623001797387,3.87,1.83,362.0,104.4,42.0,93.2,2090.0,6.8,718006,664954,641525,630105,596059,673490,665742,663757,665487,53.73,0.2496666666666666,0.4829999999999999,0.0,1.0,0.0,0.0,5.0,42,1,Sinker,1,1,1,1,1,1,1,1,Standard,Standard,217.0,-0.017,-0.275,,,0.956,0.275,104.4,0,0,0.517,0.517,31,31,32,31,3,2,6.0,1.0,6.0,1.0,1.28,1.28,1.28,51.8,,,,,
CU,2023-05-27,83.4,-1.85,6.25,"Judge, Aaron",592450,607259,grounded_into_double_play,hit_into_play,,,,,5.0,"Aaron Judge grounds into a double play, third baseman Rougned Odor to second baseman Jake Cronenworth to first baseman Brandon Dixon.   Gleyber Torres out at 2nd.    Aaron Judge out at 1st.",R,R,R,NYY,SD,X,5.0,ground_ball,2,1,2023,-0.04,-1.21,0.09,2.72,,,650402.0,0,9,Bot,96.91,164.8,,,,,4.493089967097003,-121.32207478843782,0.7201053596396605,-1.302843436299844,25.1912862234665,-44.4069714112991,3.87,1.83,71.0,100.9,3.0,82.3,2563.0,5.7,718006,664954,641525,630105,596059,673490,665742,663757,665487,54.77,0.566,0.548,0.0,1.0,0.0,0.0,4.0,65,4,Curveball,2,2,2,2,2,2,2,2,Standard,Strategic,13.0,-0.184,-0.38,,,0.668,0.38,100.9,0,0,0.72,0.72,32,31,33,31,1,3,2.0,1.0,3.0,1.0,4.5,0.04,0.04,62.0,,,,,
SI,2023-05-27,91.2,-1.65,6.63,"Judge, Aaron",592450,608379,single,hit_into_play,,,,,2.0,Aaron Judge singles on a sharp line drive to left fielder Juan Soto.,R,R,R,NYY,SD,X,7.0,line_drive,2,1,2023,-1.04,1.23,-0.25,3.24,,,,1,1,Bot,37.73,108.63,,,,,5.818743272117786,-132.67726805915734,-5.332970512424538,-13.491246117334148,28.282294879682123,-16.73310248588917,3.87,1.83,310.0,114.6,20.0,92.1,1961.0,6.8,718006,664954,641525,630105,596059,673490,665742,663757,665487,53.69,0.9685,1.822,0.9,1.0,1.0,0.0,6.0,5,4,Sinker,0,0,0,0,0,0,0,0,Standard,Standard,210.0,0.022,0.373,,,3.53925,-0.373,114.6,0,0,0.529,0.529,31,31,32,31,1,0,6.0,1.0,6.0,1.0,1.51,1.04,1.04,51.4,,,,,
CH,2023-05-26,87.8,-1.63,6.23,"Judge, Aaron",592450,605397,double,hit_into_play,,,,,5.0,Aaron Judge doubles (9) on a fly ball to left fielder Juan Soto.   Gleyber Torres to 3rd.,R,R,R,NYY,SD,X,7.0,fly_ball,0,0,2023,-0.77,0.49,-0.26,2.53,,,650402.0,1,6,Bot,52.06,109.65,,,,,4.8738516329811326,-127.80129061878904,-3.878716789955777,-9.411218054614308,24.781310517000552,-26.215353107209346,3.85,1.83,305.0,92.3,26.0,87.7,2199.0,6.1,718023,543592,641525,630105,596059,593428,665742,663757,665487,54.4,0.105,0.127,1.25,1.0,1.0,1.0,3.0,49,1,Changeup,0,4,0,4,4,0,0,4,Standard,Standard,230.0,0.073,0.801,,,0.207,-0.801,92.3,-4,-4,0.1,0.1,30,31,31,31,3,2,6.0,1.0,6.0,1.0,2.45,0.77,0.77,29.4,,,,,
SI,2023-05-25,91.0,-1.88,6.43,"Judge, Aaron",592450,502043,field_out,hit_into_play,,,,,2.0,Aaron Judge lines out sharply to center fielder Ryan McKenna.,R,R,R,NYY,BAL,X,8.0,line_drive,0,0,2023,-1.38,0.87,-0.18,3.34,,,,0,6,Bot,118.54,62.89,,,,,7.290594382345549,-132.33683668825367,-3.777089253920115,-17.74343988344077,27.145432216394404,-21.36154417265814,3.82,1.82,338.0,101.6,21.0,92.1,2217.0,6.9,718029,668939,656811,624428,683002,622761,669720,663630,623993,53.59,0.43471875,0.6805,0.0,1.0,0.0,0.0,5.0,46,1,Sinker,0,1,0,1,1,0,0,1,Standard,Standard,211.0,-0.04,-0.265,,,1.2423749999999998,0.265,101.6,-1,-1,0.396,0.396,35,31,36,31,3,2,6.0,1.0,5.0,1.0,1.88,1.38,1.38,48.4,,,,,
SI,2023-05-25,92.4,-1.74,6.5,"Judge, Aaron",592450,502043,field_out,hit_into_play,,,,,8.0,"Aaron Judge grounds out, shortstop Jorge Mateo to first baseman Ryan O'Hearn.",R,R,R,NYY,BAL,X,6.0,ground_ball,0,0,2023,-1.34,0.89,0.23,2.2,,,,0,4,Bot,108.54,168.79,,,,,8.07151322961972,-134.26096217182342,-7.134402482105836,-18.013937279233588,29.239215418088445,-20.06218159073678,3.82,1.82,6.0,95.6,-18.0,93.6,2130.0,7.1,718029,668939,656811,624428,683002,622761,669720,663630,623993,53.44,0.137,0.141,0.0,1.0,0.0,0.0,2.0,28,1,Sinker,0,0,0,0,0,0,0,0,Standard,Standard,212.0,-0.027,-0.265,,,0.141,0.265,95.6,0,0,0.56,0.56,35,31,36,31,2,1,6.0,1.0,5.0,1.0,1.79,1.34,1.34,48.9,,,,,
CU,2023-05-24,74.0,-1.0,6.9,"Judge, Aaron",592450,669330,field_out,hit_into_play,,,,,6.0,Aaron Judge flies out sharply to center fielder Cedric Mullins.,R,R,R,NYY,BAL,X,8.0,fly_ball,0,1,2023,0.83,-0.85,0.3,2.83,,,,2,3,Bot,130.67,53.19,,,,,1.209511495317387,-107.63998679659092,0.5658375187820559,6.153359270750366,21.454095683733293,-39.08397574271077,3.83,1.8,361.0,101.7,38.0,73.8,2589.0,6.5,718040,543510,663624,624428,687401,622761,669720,656775,623993,53.99,0.3541111111111111,0.6824444444444445,0.0,1.0,0.0,0.0,5.0,22,2,Curveball,2,0,2,0,0,2,2,0,Standard,Standard,41.0,-0.007,-0.23,,,1.3653333333333333,0.23,101.7,2,2,0.736,0.736,28,31,29,31,2,1,6.0,1.0,5.0,1.0,5.07,-0.83,-0.83,56.7,,,,,
CH,2023-05-24,86.1,-1.32,6.86,"Judge, Aaron",592450,669330,field_out,hit_into_play,,,,,8.0,Aaron Judge pops out to shortstop Jorge Mateo.,R,R,R,NYY,BAL,X,6.0,popup,3,2,2023,-1.48,1.14,0.24,2.1,,,,1,1,Bot,106.0,156.43,,,,,6.736998523391347,-125.11131826099376,-7.367749200527204,-16.92965420313805,24.808376744488665,-18.89253120530443,3.83,1.8,122.0,79.5,65.0,86.3,2417.0,6.5,718040,543510,663624,624428,687401,622761,669720,656775,623993,54.02,0.005,0.005,0.0,1.0,0.0,0.0,3.0,5,7,Changeup,0,0,0,0,0,0,0,0,Standard,Standard,208.0,-0.02,-0.328,,,0.008,0.328,88.0,0,0,0.53,0.53,28,31,29,31,1,0,6.0,1.0,5.0,1.0,1.94,1.48,1.48,49.9,,,,,
SL,2023-05-23,89.0,-1.38,6.1,"Judge, Aaron",592450,680694,field_out,hit_into_play,,,,,9.0,Aaron Judge lines out to left fielder Austin Hays.,R,R,R,NYY,BAL,X,7.0,line_drive,2,2,2023,0.85,-0.07,0.67,2.08,,665828.0,650402.0,0,5,Bot,73.09,100.25,,,,,3.249554904341599,-129.49761682393031,-3.637756462796462,8.808404711845391,29.358280806413003,-32.33870502492146,3.88,1.8,279.0,86.0,22.0,89.4,2666.0,6.7,718058,668939,663624,624428,683002,622761,669720,656775,679631,53.77,0.313,0.303,0.0,1.0,0.0,0.0,3.0,41,5,Slider,1,4,1,4,4,1,1,4,Standard,Standard,52.0,-0.059,-0.177,,,0.407,0.177,88.0,-3,-3,0.304,0.304,26,31,27,31,3,2,6.0,3.0,5.0,1.0,2.97,-0.85,-0.85,51.0,,,,,
SL,2023-05-23,86.0,-1.76,6.23,"Judge, Aaron",592450,680694,field_out,hit_into_play,,,,,5.0,Aaron Judge flies out to right fielder Terrin Vavra.,R,R,R,NYY,BAL,X,9.0,fly_ball,1,1,2023,1.33,-0.06,-0.02,2.96,,,,1,3,Bot,182.12,136.69,,,,,1.4222859046130425,-125.25416046094077,-1.3345375910664792,13.642996234868676,27.130288250327084,-32.7373808399184,3.88,1.8,210.0,91.4,56.0,85.7,2581.0,6.2,718058,668939,663624,624428,683002,622761,669720,656775,679631,54.32,0.024,0.033,0.0,1.0,0.0,0.0,3.0,24,3,Slider,0,3,0,3,3,0,0,3,Standard,Standard,54.0,-0.015,-0.257,,,0.048,0.257,91.4,-3,-3,0.211,0.211,26,31,27,31,2,1,6.0,3.0,5.0,1.0,3.15,-1.33,-1.33,48.9,,,,,
FS,2023-05-23,87.8,-0.11,6.97,"Judge, Aaron",592450,642585,home_run,hit_into_play,,,,,5.0,Aaron Judge homers (14) on a fly ball to left center field.,R,R,R,NYY,BAL,X,,fly_ball,0,2,2023,-0.41,0.61,-0.19,3.04,,,,1,9,Bot,46.1,56.34,,,,,0.6775291872021216,-127.83696688422916,-4.694478437275944,-4.6333463698036335,26.75782022512262,-24.75334130431602,3.88,1.8,403.0,102.0,35.0,88.6,1002.0,6.8,718058,668939,663624,624428,683002,622761,669720,656775,663630,53.72,0.4801304347826086,0.9462173913043478,2.0,1.0,0.0,3.0,6.0,76,3,Split-Finger,4,5,4,5,5,5,5,5,Standard,Standard,237.0,0.491,1.68,,,1.8689130434782608,-1.68,102.0,-1,-1,0.091,0.091,28,31,28,31,1,4,3.0,3.0,1.0,1.0,2.35,0.41,0.41,62.3,,,,,
SI,2023-05-23,95.0,-2.42,5.25,"Judge, Aaron",592450,666974,field_out,hit_into_play,,,,,7.0,"Aaron Judge grounds out, shortstop Jorge Mateo to first baseman Ryan Mountcastle. Gleyber Torres to 2nd.",R,R,R,NYY,BAL,X,6.0,ground_ball,1,1,2023,-1.31,-0.32,-0.35,1.95,,,650402.0,0,7,Bot,107.94,163.34,,,,,8.314957536870624,-138.19956540411673,-2.3025098655444993,-18.67637109762571,30.19219772585922,-35.930942951236496,3.88,1.8,32.0,106.6,-2.0,94.5,1927.0,6.0,718058,668939,663624,624428,683002,622761,669720,656775,663630,54.53,0.424,0.381,0.0,1.0,0.0,0.0,4.0,60,3,Sinker,4,5,4,5,5,4,4,5,Standard,Standard,262.0,-0.028,-0.338,,,0.431,0.338,106.6,-1,-1,0.437,0.437,29,31,29,31,1,3,3.0,3.0,2.0,1.0,2.84,1.31,1.31,11.5,,,,,
SL,2023-05-20,86.2,-0.73,5.72,"Judge, Aaron",592450,596133,double,hit_into_play,,,,,5.0,Aaron Judge doubles (8) on a sharp line drive to left fielder Jake Fraley.   Ben Rortvedt scores.    Gleyber Torres to 3rd.,R,R,R,CIN,NYY,X,7.0,line_drive,2,1,2023,0.09,0.32,0.04,2.92,,666163.0,650402.0,1,5,Top,55.7,89.05,,,,,1.637675936335823,-125.7037666915181,-1.2375292532969866,0.7134042499221989,19.826478033566996,-28.675085149562463,3.88,1.8,334.0,103.9,21.0,86.2,2233.0,5.7,718095,571912,668715,663697,669222,680574,641584,676480,571976,54.82,0.5465200000000003,0.9053000000000004,1.25,1.0,1.0,1.0,6.0,40,4,Slider,4,2,2,4,3,4,3,4,Standard,Standard,144.0,-0.174,0.767,,,1.6954000000000002,-0.767,103.9,2,-2,0.687,0.3129999999999999,29,31,30,31,3,2,6.0,1.0,5.0,3.0,2.68,-0.09,-0.09,47.2,,,,,
FF,2023-05-20,94.3,-0.75,5.8,"Judge, Aaron",592450,596133,single,hit_into_play,,,,,5.0,Aaron Judge singles on a sharp line drive to left fielder Jake Fraley.   Ben Rortvedt scores.,R,R,R,CIN,NYY,X,7.0,line_drive,1,0,2023,-0.53,1.32,-0.05,2.51,,666163.0,,2,3,Top,58.87,72.72,,,,,2.9613033090969503,-137.19803125652547,-5.7197867975406576,-7.397435203392233,30.31828321321992,-14.437369380497262,3.88,1.8,353.0,115.1,17.0,93.3,2495.0,5.7,718095,571912,668715,663697,669222,680574,641584,676480,571976,54.8,0.8685,1.5035,0.9,1.0,1.0,0.0,6.0,19,2,4-Seam Fastball,1,0,0,1,1,1,1,1,Infield shade,Standard,206.0,-0.1,0.654,,,2.8385,-0.654,115.1,1,-1,0.63,0.37,29,31,30,31,2,1,6.0,1.0,5.0,3.0,1.24,0.53,0.53,45.7,,,,,
FF,2023-05-20,94.9,-0.79,5.79,"Judge, Aaron",592450,596133,single,hit_into_play,,,,,4.0,Aaron Judge singles on a ground ball to left fielder Jake Fraley.   Gleyber Torres to 2nd.,R,R,R,CIN,NYY,X,7.0,ground_ball,3,2,2023,-0.85,1.38,-0.63,2.74,,,650402.0,0,1,Top,80.55,117.53,,,,,2.313657040340913,-138.24267446987454,-5.392749971729549,-11.435753990671069,30.09621859642891,-13.47761216232268,3.88,1.8,106.0,89.9,7.0,94.2,2452.0,5.8,718095,571912,668715,663697,669222,680574,641584,676480,571976,54.72,0.518,0.5,0.9,1.0,1.0,0.0,4.0,2,7,4-Seam Fastball,0,0,0,0,0,0,0,0,Standard,Standard,207.0,-0.046,0.39,,,0.605,-0.39,89.9,0,0,0.456,0.544,29,31,30,31,1,0,6.0,1.0,5.0,3.0,1.14,0.85,0.85,46.1,,,,,
ST,2023-05-20,85.7,-1.39,5.74,"Judge, Aaron",592450,664139,single,hit_into_play,,,,,6.0,Aaron Judge singles on a line drive to left fielder Jake Fraley.   Greg Allen scores.,R,R,R,CIN,NYY,X,7.0,line_drive,0,2,2023,1.36,0.23,0.41,2.49,656185.0,,,1,10,Top,70.53,132.12,,,,,1.5072139368168882,-124.75477152263224,-1.8366873274815376,13.783730162418264,27.65369695359405,-29.586071672084795,3.88,1.8,146.0,85.8,11.0,86.1,2564.0,6.8,718095,592200,668715,621028,669222,680574,641584,656413,571976,53.75,0.589,0.531,0.9,1.0,1.0,0.0,4.0,76,3,Sweeper,4,4,4,4,5,4,5,4,Strategic,Standard,75.0,-0.213,0.589,,,0.618,-0.589,88.0,0,0,0.575,0.425,29,31,30,31,1,4,1.0,1.0,2.0,3.0,2.89,-1.36,-1.36,46.8,,,,,
FF,2023-05-19,92.8,-1.2,5.38,"Judge, Aaron",592450,594902,home_run,hit_into_play,,,,,2.0,Aaron Judge homers (13) on a fly ball to center field.,R,R,R,CIN,NYY,X,,fly_ball,2,2,2023,-0.69,1.32,0.15,3.57,,,,1,1,Top,163.87,28.48,,,,,5.032772254530419,-135.04860214433333,-1.7414889621298273,-9.53650042805991,29.855578199786425,-15.840939541368655,3.91,1.8,431.0,109.6,29.0,93.7,2041.0,6.9,718120,663886,668715,663697,669222,680574,641584,676480,571976,53.64,0.9711111111111108,2.0,2.0,1.0,0.0,3.0,6.0,2,5,4-Seam Fastball,0,0,0,0,1,0,1,0,Infield shade,Standard,210.0,-0.1,1.616,,,3.895,-1.616,109.6,0,0,0.524,0.476,31,31,31,31,1,0,4.0,1.0,5.0,1.0,1.33,0.69,0.69,42.2,,,,,
ST,2023-05-19,81.3,-0.58,6.27,"Judge, Aaron",592450,641427,field_out,hit_into_play,,,,,1.0,Aaron Judge pops out to second baseman Jonathan India.,R,R,R,CIN,NYY,X,4.0,popup,0,1,2023,0.74,-0.58,-0.5,3.49,518934.0,,664056.0,2,9,Top,145.02,148.03,,,,,-1.2181938383010622,-118.46989772518042,1.4152198270833378,7.183634689341016,21.476824607661847,-38.13164753034934,3.91,1.8,141.0,93.4,66.0,80.7,2594.0,5.7,718120,663886,668715,663697,669222,680574,656413,676480,571976,54.8,0.005,0.005,0.0,1.0,0.0,0.0,3.0,70,2,Sweeper,2,6,6,2,6,2,6,2,Standard,Standard,37.0,0.003,-0.256,,,0.006,0.256,93.4,-4,4,0.016,0.984,32,31,33,31,1,4,5.0,1.0,4.0,1.0,4.01,-0.74,-0.74,49.3,,,,,
SI,2023-05-18,93.3,-2.31,5.53,"Judge, Aaron",592450,621244,double,hit_into_play,,,,,7.0,"Umpire reviewed (home run), call on the field was overturned: Aaron Judge doubles (7) on a sharp fly ball to center fielder Daulton Varsho.",R,R,R,TOR,NYY,X,8.0,fly_ball,2,0,2023,-1.24,1.03,-0.28,2.22,,,,0,6,Top,137.76,57.36,,,,,8.038811055989475,-135.54750883351988,-5.069508905043869,-17.095381311203617,30.504527335420512,-18.48861638270503,3.92,1.81,406.0,110.3,25.0,94.2,2076.0,7.0,718121,643376,474832,669289,656305,666182,593160,662139,543807,53.53,0.9740869565217392,1.9426521739130436,1.25,1.0,1.0,1.0,6.0,38,3,Sinker,1,2,2,1,2,1,2,1,Infield shade,Standard,225.0,-0.056,0.594,,,3.873782608695651,-0.594,110.3,-1,1,0.329,0.671,29,31,29,31,3,2,5.0,1.0,5.0,1.0,1.6,1.24,1.24,40.8,,,,,
SI,2023-05-18,94.4,-2.45,5.6,"Judge, Aaron",592450,621244,field_out,hit_into_play,,,,,13.0,Aaron Judge lines out to left fielder Whit Merrifield.,R,R,R,TOR,NYY,X,7.0,line_drive,0,0,2023,-1.43,0.92,-0.97,2.69,,,,1,3,Top,94.36,77.9,,,,,7.094000124600978,-137.2151199716413,-3.9284611582969458,-19.698243523069063,32.017773642644336,-19.841298339459737,3.92,1.81,311.0,94.7,24.0,94.8,2054.0,6.7,718121,643376,474832,669289,656305,666182,593160,662139,543807,53.78,0.239,0.344,0.0,1.0,0.0,0.0,5.0,18,1,Sinker,1,2,2,1,2,1,2,1,Infield shade,Standard,226.0,0.016,-0.267,,,0.57,0.267,94.7,-1,1,0.41,0.5900000000000001,29,31,29,31,2,1,5.0,1.0,5.0,1.0,1.65,1.43,1.43,38.5,,,,,
SI,2023-05-18,93.0,-2.2,5.55,"Judge, Aaron",592450,621244,home_run,hit_into_play,,,,,5.0,Aaron Judge homers (12) on a fly ball to center field.   Gleyber Torres scores.,R,R,R,TOR,NYY,X,,fly_ball,1,1,2023,-1.5,0.98,0.11,2.48,,,650402.0,0,1,Top,108.44,25.89,,,,,9.259068360567523,-135.07627980240434,-4.226101519319703,-20.341069922565858,30.245311475347183,-19.42217084972848,3.92,1.81,430.0,109.6,33.0,93.4,2098.0,6.7,718121,643376,474832,669289,656305,666182,593160,662139,543807,53.79,0.9479,1.9069,2.0,1.0,0.0,3.0,6.0,2,3,Sinker,0,0,0,0,2,0,2,0,Standard,Standard,221.0,-0.152,1.073,,,3.795900000000001,-1.073,109.6,0,0,0.466,0.534,29,31,29,31,1,0,5.0,1.0,5.0,1.0,1.67,1.5,1.5,40.8,,,,,
SI,2023-05-17,93.0,-1.3,5.59,"Judge, Aaron",592450,605135,field_out,hit_into_play,,,,,8.0,"Aaron Judge grounds out, third baseman Matt Chapman to first baseman Brandon Belt.",R,R,R,TOR,NYY,X,5.0,ground_ball,0,0,2023,-1.4,0.68,0.22,2.04,,,,0,6,Top,101.76,169.65,,,,,6.98036330548873,-135.25428683277718,-4.808805148348002,-18.685791619762018,30.059835824717716,-22.99626118389815,3.92,1.81,4.0,90.6,-26.0,93.2,2046.0,6.5,718134,672386,474832,669289,656305,666182,593160,662139,543807,54.03,0.071,0.071,0.0,1.0,0.0,0.0,2.0,42,1,Sinker,0,0,0,0,0,0,0,0,Infield shade,Standard,219.0,0.034,-0.265,,,0.071,0.265,90.6,0,0,0.5,0.5,34,31,34,31,3,2,5.0,1.0,5.0,1.0,1.97,1.4,1.4,39.4,,,,,
SI,2023-05-17,94.3,-1.3,5.64,"Judge, Aaron",592450,605135,single,hit_into_play,,,,,5.0,Aaron Judge singles on a ground ball to center fielder Daulton Varsho.,R,R,R,TOR,NYY,X,8.0,ground_ball,2,2,2023,-1.49,0.66,0.0,2.65,,,,2,3,Top,118.12,96.93,,,,,6.713785487113334,-137.1344808228544,-3.5061586461579255,-20.331930772379692,32.9181753945028,-23.28370781198884,3.92,1.81,,,,94.2,2194.0,6.5,718134,672386,474832,669289,656305,666182,593160,662139,543807,54.04,,,0.9,,1.0,0.0,,20,6,Sinker,0,0,0,0,0,0,0,0,Strategic,Standard,213.0,-0.014,0.385,,,,-0.385,,0,0,0.544,0.4559999999999999,34,31,34,31,2,1,5.0,1.0,5.0,1.0,1.93,1.49,1.49,40.9,,,,,
SL,2023-05-16,85.9,-1.52,5.84,"Judge, Aaron",592450,657024,home_run,hit_into_play,,,,,5.0,Aaron Judge homers (11) on a fly ball to center field.   Aaron Hicks scores.,R,R,R,TOR,NYY,X,,fly_ball,0,1,2023,0.44,0.38,-0.01,2.76,,,543305.0,1,8,Top,127.54,17.32,,,,,2.711798199857282,-125.0255307011664,-1.7965993499097952,4.050149899517994,27.007481901596655,-28.007845114263585,3.93,1.82,448.0,113.1,31.0,86.5,2406.0,6.8,718157,643376,665489,593160,656305,666182,662139,595281,624415,53.67,0.9846666666666666,2.0,2.0,1.0,0.0,3.0,6.0,59,2,Slider,3,3,3,3,5,3,5,3,Standard,Standard,88.0,-0.357,1.491,,,3.936,-1.491,113.1,0,0,0.507,0.493,29,31,30,31,1,3,3.0,1.0,3.0,1.0,2.72,-0.44,-0.44,41.2,,,,,
FF,2023-05-16,96.3,-2.44,5.84,"Judge, Aaron",592450,592332,field_out,hit_into_play,,,,,5.0,"Aaron Judge grounds out, shortstop Bo Bichette to first baseman Vladimir Guerrero Jr.",R,R,R,TOR,NYY,X,6.0,ground_ball,0,0,2023,-1.02,1.19,-0.24,2.93,,,,1,1,Top,115.84,162.89,,,,,8.182186588626445,-139.98332440388032,-4.842763613253356,-15.29202279939266,31.842932286581046,-15.655442070679875,3.93,1.82,26.0,93.1,-4.0,96.5,2208.0,6.5,718157,643376,665489,593160,656305,666182,662139,595281,624415,54.04,0.208,0.21,0.0,1.0,0.0,0.0,2.0,2,1,4-Seam Fastball,0,0,0,0,0,0,0,0,Strategic,Standard,218.0,0.016,-0.267,,,0.22,0.267,93.1,0,0,0.522,0.478,32,31,32,31,1,0,6.0,1.0,5.0,1.0,1.28,1.02,1.02,43.4,,,,,
SL,2023-05-15,83.7,-2.38,5.59,"Judge, Aaron",592450,543351,home_run,hit_into_play,,,,,8.0,Aaron Judge homers (10) on a fly ball to center field.,R,R,R,TOR,NYY,X,,fly_ball,3,2,2023,1.0,0.13,0.22,2.34,,,,2,8,Top,111.16,11.99,,,,,4.018323683577979,-121.86928901686184,-1.307491208799035,9.097303925286694,25.529668263205643,-30.812734687855908,3.93,1.82,462.0,114.9,27.0,83.2,2445.0,6.1,718164,672386,474832,593160,656305,666182,662139,595281,543807,54.4,0.9965,2.0,2.0,1.0,0.0,3.0,6.0,60,6,Slider,0,6,6,0,7,0,7,0,Strategic,Standard,86.0,-0.005,2.534,,,3.9805,-2.534,114.9,-6,6,0.01,0.99,35,31,36,31,1,4,1.0,1.0,21.0,1.0,3.13,-1.0,-1.0,33.1,,,,,
FF,2023-05-15,94.1,-2.42,6.0,"Judge, Aaron",592450,666201,home_run,hit_into_play,,,,,2.0,Aaron Judge homers (9) on a fly ball to right center field.,R,R,R,TOR,NYY,X,,fly_ball,1,2,2023,-0.73,1.45,0.16,3.62,,,,1,1,Top,188.4,61.06,,,,,8.349806019064195,-136.64625624607544,-3.5929452948050513,-11.170629781937686,34.30208184522533,-13.522104987678652,3.93,1.82,386.0,102.0,26.0,94.0,2326.0,6.7,718164,672386,474832,593160,656305,666182,662139,595281,543807,53.84,0.6529090909090911,1.2253636363636369,2.0,1.0,0.0,3.0,6.0,2,4,4-Seam Fastball,0,0,0,0,1,0,1,0,Infield shade,Standard,209.0,-0.102,1.661,,,2.403781818181818,-1.661,102.0,0,0,0.526,0.474,25,31,25,31,1,0,6.0,1.0,5.0,1.0,1.17,0.73,0.73,41.1,,,,,
SI,2023-05-14,91.7,-1.85,3.89,"Judge, Aaron",592450,687330,single,hit_into_play,,,,,5.0,Aaron Judge singles on a ground ball to center fielder Jose Siri.   Oswaldo Cabrera scores.    Gleyber Torres to 2nd.,R,R,R,NYY,TB,X,8.0,ground_ball,2,1,2023,-1.41,-0.14,-0.2,3.0,,665828.0,650402.0,2,7,Bot,120.54,120.56,,,,,7.330291127357662,-133.34883619171325,3.955901421146398,-18.411998576546043,27.575104028878776,-34.86085448940552,3.94,1.83,102.0,102.9,5.0,93.1,2321.0,7.1,718180,542194,670623,664040,670764,677551,668227,642350,666139,53.41,0.611,0.574,0.9,1.0,1.0,0.0,4.0,63,4,Sinker,4,8,4,8,8,5,5,8,Standard,Standard,245.0,0.054,0.538,,,0.699,-0.538,102.9,-4,-4,0.071,0.071,25,31,26,31,1,3,2.0,1.0,3.0,1.0,2.84,1.41,1.41,1.6,,,,,
FC,2023-05-14,89.1,-2.47,5.9,"Judge, Aaron",592450,621107,field_out,hit_into_play,,,,,8.0,Aaron Judge flies out to right fielder Josh Lowe.,R,R,R,NYY,TB,X,9.0,fly_ball,0,0,2023,0.03,1.03,0.16,2.0,,,,1,1,Bot,182.89,118.01,,,,,6.425794644767825,-129.69938052695758,-5.813108667614818,-0.8946066597757256,24.286525336213032,-19.483753520874497,3.94,1.83,246.0,81.0,42.0,89.7,2299.0,6.4,718180,542194,670623,664040,670764,677551,668227,642350,666139,54.11,0.026,0.026,0.0,1.0,0.0,0.0,3.0,6,1,Cutter,0,1,0,1,1,0,0,1,Infield shade,Standard,210.0,-0.017,-0.267,,,0.037,0.267,88.0,-1,-1,0.424,0.424,29,31,29,31,1,0,5.0,1.0,6.0,1.0,1.81,-0.03,-0.03,32.6,,,,,
ST,2023-05-14,79.5,-1.81,5.75,"Judge, Aaron",592450,592094,field_out,hit_into_play,,,,,5.0,Aaron Judge flies out sharply to center fielder Jose Siri.,R,R,R,NYY,TB,X,8.0,fly_ball,0,0,2023,1.59,-0.13,0.23,3.02,,,,2,9,Bot,94.93,40.57,,,,,1.5097089738896128,-115.60616472912572,1.175222420370484,13.717273648890414,25.31019753716711,-33.87710469903826,3.94,1.83,398.0,111.9,38.0,79.7,2696.0,6.9,718180,542194,670623,664040,670764,677551,668227,642350,666139,53.63,0.8625,1.7495,0.0,1.0,0.0,0.0,6.0,79,1,Sweeper,7,8,7,8,8,7,7,8,Infield shade,Standard,57.0,-0.047,-0.275,,,3.477,0.275,111.9,-1,-1,0.047,0.047,31,31,32,31,1,4,2.0,1.0,3.0,1.0,3.8,-1.59,-1.59,26.2,,,,,
SL,2023-05-13,88.6,0.88,6.17,"Judge, Aaron",592450,663556,home_run,hit_into_play,,,,,7.0,Aaron Judge homers (7) on a fly ball to right center field.    Gleyber Torres scores.,R,R,L,NYY,TB,X,,fly_ball,0,1,2023,-0.08,0.26,-0.29,2.15,,,650402.0,0,5,Bot,179.23,54.28,,,,,-2.7279013337765017,-129.0002667884396,-4.371278946222451,-0.4088303012204644,25.677770948382197,-28.562122659466414,3.92,1.83,382.0,106.0,28.0,89.7,2342.0,6.9,718197,642336,650490,670764,670623,677551,668227,642350,622534,53.63,0.9077234042553192,1.805446808510638,2.0,1.0,0.0,3.0,6.0,43,2,Slider,2,6,2,6,6,4,4,6,Infield shade,Standard,236.0,0.137,1.097,,,3.597234042553192,-1.097,106.0,-4,-4,0.152,0.152,26,31,26,31,3,2,5.0,1.0,6.0,1.0,2.63,-0.08,0.08,40.8,,,,,
CU,2023-05-13,84.0,0.89,6.12,"Judge, Aaron",592450,663556,field_out,hit_into_play,,,,,7.0,Aaron Judge flies out sharply to center fielder Jose Siri.   Jake Bauers to 3rd.,R,R,L,NYY,TB,X,8.0,fly_ball,0,0,2023,-0.41,-0.69,-0.51,2.33,,641343.0,543309.0,1,3,Bot,142.24,45.41,,,,,-2.4502120508757708,-122.37393322420004,-1.107176706213858,-3.71092435715706,21.72319094020346,-39.14656048716173,3.92,1.83,381.0,106.7,38.0,85.5,2543.0,7.0,718197,642336,650490,670764,670623,677551,668227,642350,622534,53.53,0.6548571428571428,1.3185714285714287,0.0,1.0,0.0,0.0,6.0,22,1,Curveball,0,1,0,1,1,0,0,1,Infield shade,Standard,313.0,-0.049,-0.238,,,2.6157142857142857,0.238,106.7,-1,-1,0.486,0.486,26,31,26,31,2,1,5.0,1.0,6.0,1.0,3.89,-0.41,0.41,44.0,,,,,
SL,2023-05-13,79.4,-3.05,4.01,"Judge, Aaron",592450,657044,home_run,hit_into_play,,,,,4.0,Aaron Judge homers (8) on a fly ball to left field.   Gleyber Torres scores.,R,R,R,NYY,TB,X,,fly_ball,1,2,2023,1.43,0.35,-0.3,2.67,,,650402.0,2,6,Bot,7.98,64.38,,,,,3.344141521571239,-115.57951589088604,3.1678257687840228,12.168780127545729,21.63098215639884,-29.836271192250123,3.92,1.83,439.0,113.5,25.0,79.4,2079.0,6.3,718197,642336,650490,670764,670623,677551,668227,642350,622534,54.21,0.9966666666666666,2.0,2.0,1.0,0.0,3.0,6.0,55,4,Slider,5,6,5,6,6,7,7,6,Standard,Standard,77.0,0.364,2.296,,,3.967333333333334,-2.296,113.5,-1,-1,0.339,0.339,31,31,31,31,1,3,6.0,1.0,3.0,1.0,3.26,-1.43,-1.43,-2.9,,,,,
CH,2023-05-12,83.1,2.92,5.27,"Judge, Aaron",592450,676596,grounded_into_double_play,hit_into_play,,,,,7.0,"Aaron Judge grounds into a double play, third baseman Isaac Paredes to second baseman Brandon Lowe to first baseman Yandy Diaz.   Gleyber Torres out at 2nd.    Aaron Judge out at 1st.",R,R,L,NYY,TB,X,5.0,ground_ball,2,1,2023,1.02,-0.1,-0.41,1.96,,,650402.0,0,6,Bot,95.09,160.56,,,,,-9.756260893283864,-120.687363368823,-0.90358679451304,11.8888130864926,23.290335273091156,-33.19990451052379,3.92,1.82,42.0,78.8,2.0,84.1,1804.0,7.0,718210,542194,650490,664040,670623,677551,668227,642350,666139,53.47,0.226,0.221,0.0,1.0,0.0,0.0,2.0,48,4,Changeup,2,2,2,2,2,2,2,2,Standard,Standard,103.0,-0.116,-0.38,,,0.255,0.38,88.0,0,0,0.633,0.633,27,31,27,31,2,2,5.0,1.0,5.0,1.0,3.41,1.02,-1.02,27.1,,,,,
ST,2023-05-12,75.6,-4.7,3.37,"Judge, Aaron",592450,665001,field_out,hit_into_play,,,,,9.0,Aaron Judge pops out to first baseman Yandy Diaz.,R,R,R,NYY,TB,X,3.0,popup,2,2,2023,1.59,0.84,0.31,1.87,,,,1,1,Bot,154.74,169.65,,,,,7.574613141228908,-109.71277777955729,2.586263829331523,11.270803457398516,21.446201330594345,-26.238643212679627,3.92,1.82,106.0,69.7,70.0,75.0,2620.0,6.2,718210,542194,650490,664040,670623,677551,668227,642350,666139,54.29,0.003,0.003,0.0,1.0,0.0,0.0,3.0,8,5,Sweeper,0,1,0,1,1,0,0,1,Infield shade,Standard,91.0,-0.015,-0.234,,,0.004,0.234,88.0,-1,-1,0.422,0.422,30,31,31,31,1,0,27.0,1.0,2.0,1.0,3.21,-1.59,-1.59,-15.5,,,,,
SI,2023-05-11,95.3,-2.14,4.95,"Judge, Aaron",592450,642770,field_out,hit_into_play,,,,,9.0,"Aaron Judge grounds out, second baseman Brandon Lowe to first baseman Yandy Diaz.   Willie Calhoun to 3rd.",R,R,R,NYY,TB,X,4.0,ground_ball,1,1,2023,-1.54,0.24,0.72,2.36,,641432.0,,1,9,Bot,146.72,156.06,,,,,10.95854755867626,-138.34822116097078,-1.6941974840483771,-22.277005284049302,30.55374804604216,-28.8824899530643,3.94,1.84,33.0,109.3,-2.0,95.2,2152.0,6.3,718219,642336,650490,664040,670623,670764,668227,622534,666139,54.18,0.45,0.405,0.0,1.0,0.0,0.0,4.0,73,3,Sinker,0,8,0,8,8,0,0,8,Infield shade,Standard,240.0,0.0,-0.262,,,0.467,0.262,109.3,-8,-8,0.001,0.001,27,31,28,31,1,3,1.0,1.0,2.0,1.0,2.28,1.54,1.54,17.4,,,,,
FF,2023-05-10,93.5,1.58,6.02,"Judge, Aaron",592450,666205,double,hit_into_play,,,,,8.0,Aaron Judge doubles (6) on a sharp line drive to center fielder Esteury Ruiz.,R,R,L,NYY,ATH,X,8.0,line_drive,2,1,2023,0.49,0.84,0.27,2.09,,,,0,5,Bot,89.73,43.85,,,,,-4.439452637449995,-135.96088884068195,-6.18780560114543,7.111653150970112,30.49292261359767,-20.61857823700711,3.95,1.85,318.0,115.2,13.0,93.4,2362.0,6.3,718232,542208,676116,672478,607054,675656,643393,665923,668709,54.19,0.842,0.937,1.25,1.0,1.0,1.0,6.0,44,4,4-Seam Fastball,4,2,4,2,2,4,4,2,Standard,Standard,134.0,0.038,0.658,,,1.371,-0.658,115.2,2,2,0.814,0.814,25,31,26,31,3,2,5.0,1.0,6.0,1.0,1.78,0.49,-0.49,31.9,,,,,
FF,2023-05-10,95.8,-1.03,5.93,"Judge, Aaron",592450,670329,single,hit_into_play,,,,,9.0,Aaron Judge singles on a sharp line drive to left fielder Tony Kemp.,R,R,R,NYY,ATH,X,7.0,line_drive,3,1,2023,-0.74,1.7,0.36,2.17,,,,2,5,Bot,77.0,90.54,,,,,5.316855218669896,-139.2612230188911,-8.093548817182386,-10.894860032792048,32.36065664323899,-8.39196276199086,3.95,1.85,244.0,103.5,14.0,95.1,2433.0,6.0,718232,542208,676116,672478,607054,675656,643393,665923,668709,54.48,0.75,0.777,0.9,1.0,1.0,0.0,4.0,53,5,4-Seam Fastball,11,2,11,2,2,11,11,2,Standard,Standard,199.0,0.0,0.189,,,1.074,-0.189,103.5,9,9,0.996,0.996,29,31,29,31,1,3,4.0,1.0,51.0,1.0,0.79,0.74,0.74,61.0,,,,,
FF,2023-05-10,91.3,2.58,5.29,"Judge, Aaron",592450,663992,single,hit_into_play,,,,,4.0,Aaron Judge singles on a fly ball to right fielder JJ Bleday.,R,R,L,NYY,ATH,X,9.0,fly_ball,1,1,2023,0.78,1.01,-0.28,2.82,,,,0,8,Bot,202.34,121.52,,,,,-9.046500420762442,-132.76299159642437,-2.5671303159072063,11.139523999388704,27.195013850700143,-19.79219488520561,3.95,1.85,251.0,80.6,36.0,93.1,2332.0,7.3,718232,542208,676116,672478,675656,669397,643393,665923,668709,53.19,0.026,0.028,0.9,1.0,1.0,0.0,3.0,74,3,4-Seam Fastball,11,3,11,3,3,11,11,3,Standard,Standard,135.0,0.0,0.443,,,0.046,-0.443,88.0,8,8,0.999,0.999,27,31,28,31,1,4,4.0,1.0,2.0,1.0,1.71,0.78,-0.78,20.3,,,,,
SI,2023-05-09,89.9,-2.61,5.6,"Judge, Aaron",592450,607968,field_out,hit_into_play,,,,,13.0,"Aaron Judge grounds out, third baseman Jace Peterson to first baseman Ryan Noda.",R,R,R,NYY,ATH,X,5.0,ground_ball,3,2,2023,-1.4,0.59,-1.03,2.65,,,,0,5,Bot,98.47,168.7,,,,,6.922649178759365,-130.7102694396194,-2.5405263254214883,-17.531363479357857,29.716114901528737,-25.145277503285488,3.95,1.85,10.0,87.1,-14.0,90.1,2058.0,6.7,718247,669127,676116,672478,607054,669397,643393,665923,668709,53.85,0.113,0.111,0.0,1.0,0.0,0.0,2.0,41,6,Sinker,5,2,5,2,2,5,5,2,Standard,Standard,211.0,-0.011,-0.353,,,0.134,0.353,88.0,3,3,0.886,0.886,34,31,35,31,3,2,5.0,12.0,6.0,1.0,2.26,1.4,1.4,39.2,,,,,
SI,2023-05-09,90.3,-2.52,5.72,"Judge, Aaron",592450,607968,fielders_choice,hit_into_play,,,,,13.0,"Aaron Judge reaches on a fielder's choice, fielded by third baseman Jace Peterson.   Jose Trevino scores.    Aaron Hicks to 2nd.  Fielding error by third baseman Jace Peterson.",R,R,R,NYY,ATH,X,5.0,ground_ball,2,1,2023,-1.21,0.49,-1.0,2.8,624431.0,,543305.0,1,3,Bot,104.05,170.73,,,,,6.421589474895574,-131.26208796119886,-2.3072812990614104,-15.34125724868673,30.044551571875104,-26.250101773753563,3.95,1.85,66.0,82.7,4.0,90.8,2047.0,6.8,718247,669127,676116,672478,607054,669397,643393,665923,668709,53.67,0.316,0.299,0.9,1.0,0.0,0.0,2.0,25,4,Sinker,0,1,0,1,1,1,1,1,Standard,Standard,207.0,0.077,0.462,,,0.362,-0.462,88.0,-1,-1,0.522,0.522,34,31,35,31,2,1,5.0,12.0,6.0,1.0,2.33,1.21,1.21,40.1,,,,,
FF,2023-05-09,91.0,-1.76,5.12,"Judge, Aaron",592450,607359,sac_fly,hit_into_play,,,,,6.0,Aaron Judge out on a sacrifice fly to right fielder Ryan Noda.   Anthony Volpe scores.,R,R,R,NYY,ATH,X,9.0,line_drive,0,0,2023,-0.52,1.08,0.65,2.52,683011.0,,,0,8,Bot,182.26,113.48,,,,,7.169534759852185,-132.35524260715997,-2.916909419318004,-7.673959392924084,28.74109809581769,-19.094399974267308,3.95,1.85,255.0,81.3,26.0,90.9,1968.0,6.3,718247,669127,542583,672478,607054,669397,643393,665923,676116,54.2,0.221,0.199,0.0,1.0,0.0,0.0,3.0,74,1,4-Seam Fastball,9,5,9,5,5,10,10,5,Strategic,Standard,214.0,0.0,-0.218,,,0.258,0.218,88.0,4,4,0.994,0.994,35,31,35,31,2,4,4.0,12.0,3.0,1.0,1.68,0.52,0.52,34.4,,,,,
SL,2023-05-09,85.7,-2.53,5.74,"Judge, Aaron",592450,607968,field_out,hit_into_play,,,,,5.0,Aaron Judge flies out sharply to center fielder Esteury Ruiz.,R,R,R,NYY,ATH,X,8.0,fly_ball,2,1,2023,0.43,0.3,-0.14,3.09,,,,1,1,Bot,123.1,65.32,,,,,4.793955158080427,-124.74396861853042,-0.6188342704355189,3.512747141786838,24.356820696722934,-29.129288923514213,3.95,1.85,331.0,109.3,46.0,86.1,2149.0,6.5,718247,669127,676116,672478,607054,669397,643393,665923,668709,54.01,0.232,0.455,0.0,1.0,0.0,0.0,6.0,5,4,Slider,0,0,0,0,0,0,0,0,Standard,Standard,141.0,-0.019,-0.31,,,0.886,0.31,109.3,0,0,0.529,0.529,34,31,35,31,1,0,5.0,12.0,6.0,1.0,2.79,-0.43,-0.43,41.4,,,,,
SL,2023-04-26,82.3,1.69,6.24,"Judge, Aaron",592450,687396,single,hit_into_play,,,,,9.0,Aaron Judge singles on a sharp line drive to left fielder Trevor Larnach. Anthony Volpe to 2nd.,R,R,L,MIN,NYY,X,7.0,line_drive,2,2,2023,-0.35,0.1,0.41,2.49,,,683011.0,2,5,Top,63.07,87.8,,,,,-2.2189918996874245,-119.66739381153856,-2.042493133088333,-2.8262462536106088,27.705920725346843,-30.991947475224745,3.94,1.87,271.0,107.1,18.0,81.5,2049.0,6.3,718417,543877,608336,456781,650489,621043,663616,624503,596146,54.23,0.5222500000000001,0.8098888888888887,0.9,1.0,1.0,0.0,6.0,45,6,Slider,3,11,11,3,11,3,11,3,Standard,Standard,256.0,-0.001,0.414,,,1.4728888888888887,-0.414,107.1,-8,8,0.014,0.986,25,31,26,31,1,3,4.0,1.0,52.0,1.0,3.32,-0.35,0.35,34.1,,,,,
FS,2023-04-26,84.1,-2.25,5.85,"Judge, Aaron",592450,628317,double,hit_into_play,,,,,7.0,Aaron Judge doubles (5) on a sharp line drive to left fielder Trevor Larnach. Isiah Kiner-Falefa scores. Oswaldo Cabrera scores. Anthony Volpe scores.,R,R,R,MIN,NYY,X,7.0,line_drive,1,0,2023,-0.84,0.05,-0.54,2.0,643396.0,665828.0,683011.0,1,2,Top,40.13,119.46,,,,,5.614431280480561,-122.34959167032702,-2.652862727356952,-9.5419318945664,23.215245812014672,-31.33216395238119,3.94,1.87,206.0,103.3,14.0,83.9,1433.0,6.1,718417,543877,608336,456781,650489,621043,663616,624503,596146,54.41,0.747,0.746,1.25,1.0,1.0,1.0,4.0,14,2,Split-Finger,0,2,2,0,5,0,5,0,Infield shade,Standard,240.0,-0.12,0.655,,,1.016,-0.655,103.3,-2,2,0.222,0.778,35,31,35,31,2,1,6.0,1.0,58.0,1.0,3.16,0.84,0.84,41.2,,,,,
SL,2023-04-26,83.7,-2.24,5.64,"Judge, Aaron",592450,628317,double,hit_into_play,,,,,8.0,Aaron Judge doubles (4) on a line drive to left fielder Trevor Larnach.,R,R,R,MIN,NYY,X,7.0,line_drive,2,2,2023,0.03,0.44,-0.25,2.46,,,,1,1,Top,39.43,108.15,,,,,4.500145978995708,-121.88902194486798,-1.8723517336306712,-0.4401358958062152,21.082660766167063,-27.57247624893793,3.94,1.87,242.0,96.7,16.0,83.8,2472.0,6.0,718417,543877,608336,456781,650489,621043,663616,624503,596146,54.48,0.666,0.706,1.25,1.0,1.0,1.0,4.0,2,5,Slider,0,0,0,0,0,0,0,0,Infield shade,Standard,133.0,-0.043,0.696,,,0.962,-0.696,96.7,0,0,0.524,0.476,35,31,35,31,1,0,6.0,1.0,58.0,1.0,2.77,-0.03,-0.03,37.2,,,,,
FS,2023-04-25,82.0,-2.75,5.02,"Judge, Aaron",592450,657746,force_out,hit_into_play,,,,,8.0,"Aaron Judge grounds into a force out, third baseman Jose Miranda to second baseman Jorge Polanco. Aaron Hicks scores. Anthony Volpe out at 2nd. Aaron Judge to 1st. Missed catch error by first baseman Donovan Solano, assist to second baseman Jorge Polanco.",R,R,R,MIN,NYY,X,5.0,ground_ball,0,0,2023,-0.73,0.44,-0.05,2.14,,543305.0,683011.0,1,5,Top,100.87,169.95,,,,,7.573024746128601,-119.22037303840952,-0.7789724650280786,-8.428259407137771,23.915326116141003,-28.071027144052625,3.95,1.87,46.0,102.2,0.0,82.6,1121.0,6.8,718427,680777,456781,593871,669304,621043,650489,572191,663616,53.65,0.479,0.449,0.0,1.0,0.0,0.0,4.0,38,1,Split-Finger,2,1,1,2,2,2,2,2,Standard,Standard,242.0,-0.043,-0.324,,,0.537,0.324,102.2,1,-1,0.579,0.421,27,31,27,31,3,2,6.0,1.0,7.0,1.0,2.97,0.73,0.73,27.4,,,,,
FS,2023-04-25,83.3,-2.56,5.14,"Judge, Aaron",592450,657746,field_out,hit_into_play,,,,,8.0,Aaron Judge flies out to center fielder Michael A. Taylor.,R,R,R,MIN,NYY,X,8.0,fly_ball,0,0,2023,-1.19,-0.09,0.17,2.27,,,,0,3,Top,106.78,70.36,,,,,8.655736581823554,-120.94039388119778,0.0930503050666509,-13.398206852715806,24.6901883760189,-33.29022254692695,3.95,1.87,322.0,84.1,32.0,83.6,1239.0,6.7,718427,680777,456781,593871,669304,621043,650489,572191,663616,53.78,0.029,0.028,0.0,1.0,0.0,0.0,3.0,20,1,Split-Finger,0,1,1,0,1,0,1,0,Strategic,Standard,246.0,0.022,-0.265,,,0.046,0.265,88.0,-1,1,0.388,0.612,27,31,27,31,2,1,6.0,1.0,7.0,1.0,3.4,1.19,1.19,27.3,,,,,
SI,2023-04-25,97.1,-2.27,5.84,"Judge, Aaron",592450,605347,field_out,hit_into_play,,,,,5.0,"Aaron Judge grounds out sharply, second baseman Jorge Polanco to first baseman Joey Gallo.",R,R,R,MIN,NYY,X,4.0,ground_ball,0,0,2023,-1.61,0.7,0.06,2.62,,,,1,8,Top,123.34,154.14,,,,,9.86310205517443,-141.09403244466986,-4.661337605072791,-23.765747939308024,32.23223121257269,-21.86397871116139,3.95,1.87,14.0,104.7,-9.0,96.6,1917.0,6.1,718427,680777,608336,593871,669304,621043,650489,572191,663616,54.39,0.363,0.348,0.0,1.0,0.0,0.0,2.0,62,1,Sinker,6,2,2,6,2,6,2,6,Strategic,Standard,227.0,0.008,-0.267,,,0.398,0.267,104.7,4,-4,0.977,0.023,30,31,30,31,1,3,2.0,1.0,3.0,1.0,1.72,1.61,1.61,39.5,,,,,
FF,2023-04-25,93.1,-2.5,5.19,"Judge, Aaron",592450,657746,single,hit_into_play,,,,,5.0,Aaron Judge singles on a line drive to left fielder Willi Castro.,R,R,R,MIN,NYY,X,7.0,line_drive,0,0,2023,-0.81,1.36,-0.01,2.75,,,,2,1,Top,55.31,108.41,,,,,8.186219126796253,-135.39183942077622,-3.496588039872279,-11.7398042965848,28.32744270154991,-14.789532843563055,3.95,1.87,187.0,94.9,14.0,93.6,2196.0,6.5,718427,680777,456781,593871,669304,621043,650489,572191,663616,53.99,0.911,0.899,0.9,1.0,1.0,0.0,4.0,3,1,4-Seam Fastball,0,0,0,0,0,0,0,0,Standard,Standard,218.0,-0.012,0.344,,,1.147,-0.344,94.9,0,0,0.538,0.4619999999999999,27,31,27,31,1,0,6.0,1.0,7.0,1.0,1.26,0.81,0.81,31.4,,,,,
SI,2023-04-24,93.5,-0.87,5.56,"Judge, Aaron",592450,543243,double,hit_into_play,,,,,9.0,Aaron Judge doubles (3) on a fly ball to right fielder Max Kepler.,R,R,R,MIN,NYY,X,9.0,fly_ball,3,2,2023,-1.06,0.9,0.7,2.44,,,,1,4,Top,207.46,99.3,,,,,6.447114279348119,-135.91874247073596,-4.287143868396624,-14.602183455092876,31.26891640997158,-20.24850209525243,3.95,1.88,346.0,102.6,35.0,93.8,2356.0,6.6,718442,543877,608336,593871,669304,621043,663616,572191,596146,53.85,0.5348,1.0475333333333332,1.25,1.0,1.0,1.0,6.0,26,6,Sinker,3,0,0,3,0,3,0,3,Strategic,Standard,201.0,-0.035,0.602,,,2.0859666666666663,-0.602,102.6,3,-3,0.832,0.168,33,31,34,31,2,1,6.0,1.0,6.0,1.0,1.72,1.06,1.06,49.8,,,,,
ST,2023-04-24,87.3,-0.54,5.59,"Judge, Aaron",592450,643377,field_error,hit_into_play,,,,,5.0,Aaron Judge reaches on a throwing error by third baseman Jose Miranda.   Jose Trevino to 3rd.    Anthony Volpe to 2nd.,R,R,R,MIN,NYY,X,5.0,ground_ball,3,2,2023,1.11,-0.38,0.26,2.94,,624431.0,683011.0,2,8,Top,108.16,171.59,,,,,-0.3592613610814836,-127.15322063010632,0.5913473998037015,12.07931664835407,27.822571883132984,-36.66605235880047,3.95,1.88,7.0,92.9,-24.0,87.1,2911.0,6.2,718442,543877,608336,593871,669304,621043,663616,572191,596146,54.26,0.113,0.11,0.9,1.0,0.0,0.0,2.0,63,8,Sweeper,5,0,0,5,0,5,0,5,Strategic,Standard,42.0,-0.012,0.34,,,0.126,-0.34,92.9,5,-5,0.983,0.017,28,31,29,31,1,3,3.0,1.0,4.0,1.0,3.38,-1.11,-1.11,48.0,,,,,
FC,2023-04-24,88.0,-1.13,5.58,"Judge, Aaron",592450,543243,field_out,hit_into_play,,,,,6.0,Aaron Judge pops out to second baseman Jorge Polanco.,R,R,R,MIN,NYY,X,4.0,popup,0,1,2023,0.27,0.26,0.45,3.04,,,,1,1,Top,164.12,142.69,,,,,3.284114879906269,-128.2297251181782,-0.6281351140475314,2.356807635496271,25.389241585752632,-29.39597651842345,3.95,1.88,172.0,95.8,62.0,88.7,2673.0,6.5,718442,543877,608336,593871,669304,621043,663616,572191,596146,53.96,0.029,0.034,0.0,1.0,0.0,0.0,3.0,2,2,Cutter,0,0,0,0,0,0,0,0,Infield shade,Standard,129.0,0.014,-0.227,,,0.042,0.227,95.8,0,0,0.524,0.476,33,31,34,31,1,0,6.0,1.0,6.0,1.0,2.67,-0.27,-0.27,49.4,,,,,
FF,2023-04-23,92.9,-2.53,6.07,"Judge, Aaron",592450,592332,field_out,hit_into_play,,,,,4.0,Aaron Judge lines out sharply to center fielder Kevin Kiermaier.,R,R,R,NYY,TOR,X,8.0,line_drive,0,0,2023,-0.65,1.35,-0.6,2.82,,,,2,6,Bot,147.88,59.57,,,,,6.345346495027282,-135.11312893087003,-5.499946842976569,-9.315919012914543,29.40483242616858,-14.63375271067743,3.95,1.89,350.0,101.2,22.0,92.9,2190.0,6.3,718465,643376,665489,593160,656305,666182,662139,595281,543807,54.21,0.4051428571428571,0.654047619047619,0.0,1.0,0.0,0.0,5.0,43,1,4-Seam Fastball,0,3,0,3,3,0,0,3,Strategic,Standard,211.0,-0.01,-0.275,,,1.2179999999999995,0.275,101.2,-3,-3,0.117,0.117,32,31,32,31,3,2,6.0,1.0,6.0,1.0,1.29,0.65,0.65,42.3,,,,,
FS,2023-04-23,84.3,-2.59,5.94,"Judge, Aaron",592450,592332,field_out,hit_into_play,,,,,14.0,"Aaron Judge grounds out, pitcher Kevin Gausman to first baseman Vladimir Guerrero Jr.",R,R,R,NYY,TOR,X,1.0,ground_ball,3,2,2023,-1.46,0.44,0.88,1.59,,,,0,4,Bot,134.51,188.49,,,,,10.973389623912595,-122.2552534801074,-4.618770687691008,-16.69702165323799,22.55032113111476,-27.00486570005434,3.95,1.89,1.0,73.9,-55.0,84.6,1888.0,6.5,718465,643376,665489,593160,656305,666182,662139,595281,543807,53.96,0.282,0.269,0.0,1.0,0.0,0.0,2.0,23,6,Split-Finger,0,0,0,0,0,0,0,0,Strategic,Standard,239.0,-0.033,-0.353,,,0.308,0.353,88.0,0,0,0.566,0.566,32,31,32,31,2,1,6.0,1.0,6.0,1.0,2.77,1.46,1.46,41.1,,,,,
SI,2023-04-23,85.3,-4.1,2.07,"Judge, Aaron",592450,643256,field_out,hit_into_play,,,,,9.0,Aaron Judge lines out to left fielder Daulton Varsho.,R,R,R,NYY,TOR,X,7.0,line_drive,0,1,2023,-0.98,-0.58,0.33,2.41,,,,1,9,Bot,72.58,95.11,,,,,12.405054805433489,-123.2755615874115,8.431294895953378,-12.528360013808932,25.011515425935308,-40.26032237616451,3.95,1.89,290.0,97.8,17.0,85.2,1745.0,6.6,718465,643376,665489,593160,656305,666182,662139,595281,543807,53.86,0.495,0.521,0.0,1.0,0.0,0.0,4.0,66,2,Sinker,0,5,0,5,5,0,0,5,Strategic,Standard,303.0,-0.002,-0.227,,,0.762,0.227,97.8,-5,-5,0.003,0.003,32,31,33,31,1,3,4.0,1.0,30.0,1.0,3.76,0.98,0.98,-31.3,,,,,
SI,2023-04-22,93.0,-2.68,5.77,"Judge, Aaron",592450,666201,field_out,hit_into_play,,,,,5.0,Aaron Judge lines out sharply to right fielder George Springer.,R,R,R,NYY,TOR,X,9.0,line_drive,2,2,2023,-1.35,0.96,0.08,2.55,,,,2,6,Bot,172.96,86.98,,,,,10.10251040656241,-134.9360407944884,-4.541723995543592,-18.800212775658043,31.385428796501103,-19.612405758730795,3.96,1.89,302.0,102.0,19.0,93.4,2258.0,6.8,718476,672386,665489,624415,656305,666182,593160,662139,543807,53.68,0.445,0.543,0.0,1.0,0.0,0.0,5.0,46,5,Sinker,0,0,0,0,0,0,0,0,Strategic,Standard,214.0,-0.015,-0.233,,,0.88,0.233,102.0,0,0,0.515,0.515,25,31,25,31,3,2,6.0,1.0,6.0,1.0,1.71,1.35,1.35,34.8,,,,,
SI,2023-04-22,95.1,-2.96,5.82,"Judge, Aaron",592450,666201,field_out,hit_into_play,,,,,4.0,"Aaron Judge grounds out, second baseman Cavan Biggio to first baseman Vladimir Guerrero Jr.",R,R,R,NYY,TOR,X,4.0,ground_ball,0,2,2023,-1.37,1.01,-0.75,2.54,665828.0,672724.0,,2,3,Bot,143.23,147.19,,,,,8.91361656807172,-138.10176259437898,-5.190735763296188,-19.50402109801023,31.967156975112022,-18.307256889355408,3.96,1.89,35.0,64.4,0.0,95.6,2269.0,6.8,718476,672386,665489,624415,656305,666182,593160,662139,543807,53.73,0.082,0.085,0.0,1.0,0.0,0.0,2.0,24,3,Sinker,0,0,0,0,0,0,0,0,Strategic,Standard,220.0,-0.042,-0.178,,,0.09,0.178,88.0,0,0,0.542,0.542,25,31,25,31,2,1,6.0,1.0,6.0,1.0,1.53,1.37,1.37,35.4,,,,,
SL,2023-04-22,89.0,-2.67,5.07,"Judge, Aaron",592450,554340,field_out,hit_into_play,,,,,5.0,Aaron Judge lines out sharply to left fielder Whit Merrifield.,R,R,R,NYY,TOR,X,7.0,line_drive,2,0,2023,0.23,0.66,-0.05,2.6,,,,2,8,Bot,51.96,82.92,,,,,5.9416468702059495,-129.50143120505803,-1.409952174782068,1.329844218786196,26.87044868902896,-24.650802343638674,3.96,1.89,339.0,105.2,20.0,88.8,2592.0,6.2,718476,672386,665489,624415,656305,666182,593160,662139,543807,54.33,0.543608695652174,0.8823478260869564,0.0,1.0,0.0,0.0,6.0,62,3,Slider,2,0,2,0,0,2,2,0,Strategic,Standard,145.0,-0.004,-0.374,,,1.6411304347826086,0.374,105.2,2,2,0.928,0.928,32,31,33,31,1,3,1.0,1.0,4.0,1.0,2.22,-0.23,-0.23,30.7,,,,,
SL,2023-04-21,90.5,2.1,5.62,"Judge, Aaron",592450,579328,field_out,hit_into_play,,,,,14.0,"Aaron Judge grounds out, third baseman Matt Chapman to first baseman Brandon Belt.",R,R,L,NYY,TOR,X,5.0,ground_ball,3,2,2023,0.12,0.47,0.14,1.6,,,,0,3,Bot,101.76,166.62,,,,,-5.214356311745297,-131.62984041687366,-5.163073203204846,2.504224302718975,27.290986706244496,-25.81118604882612,3.96,1.88,4.0,74.2,-20.0,91.7,2463.0,7.0,718487,643376,474832,624415,656305,666182,662139,595281,543807,53.51,0.047,0.059,0.0,1.0,0.0,0.0,2.0,25,6,Slider,1,2,1,2,2,1,1,2,Strategic,Standard,181.0,-0.035,-0.353,,,0.047,0.353,88.0,-1,-1,0.444,0.444,32,31,32,31,2,1,6.0,1.0,5.0,1.0,2.31,0.12,-0.12,45.1,,,,,
SI,2023-04-21,92.8,-2.76,5.23,"Judge, Aaron",592450,554340,single,hit_into_play,,,,,7.0,Aaron Judge singles on a sharp line drive to left fielder Daulton Varsho.,R,R,R,NYY,TOR,X,7.0,line_drive,0,0,2023,-1.78,0.62,-0.71,2.21,,,,0,9,Bot,68.52,87.77,,,,,9.02473581598868,-134.7573093543302,-3.1795154976039735,-23.651290667961344,32.4609393281424,-24.120954475606457,3.96,1.88,258.0,111.2,13.0,91.4,2221.0,5.8,718487,643376,474832,624415,656305,666182,662139,595281,543807,54.69,0.816,0.867,0.9,1.0,1.0,0.0,6.0,71,1,Sinker,1,6,1,6,6,1,1,6,Infield shade,Standard,228.0,0.011,0.432,,,1.241,-0.432,111.2,-5,-5,0.008,0.008,32,31,33,31,1,3,3.0,1.0,1.0,1.0,2.06,1.78,1.78,23.0,,,,,
CH,2023-04-20,82.2,1.21,6.11,"Judge, Aaron",592450,663776,field_out,hit_into_play,,,,,8.0,"Aaron Judge grounds out, third baseman Anthony Rendon to first baseman Brandon Drury.",R,R,L,NYY,LAA,X,5.0,ground_ball,0,2,2023,1.29,0.61,-0.17,1.76,,,,1,4,Bot,103.03,171.18,,,,,-5.591167973492122,-119.6800277851046,-4.574641977007174,13.449747060491312,20.172845227547217,-25.63415867897903,3.96,1.88,15.0,76.0,-6.0,82.3,1627.0,6.1,718496,681351,592273,650859,543685,687263,621493,545361,592669,54.43,0.087,0.08,0.0,1.0,0.0,0.0,2.0,34,3,Changeup,5,0,5,0,0,5,5,0,Standard,Standard,114.0,-0.002,-0.17,,,0.108,0.17,88.0,5,5,0.941,0.941,26,31,27,31,3,2,6.0,1.0,6.0,1.0,2.72,1.29,-1.29,49.9,,,,,
FF,2023-04-20,92.9,0.91,6.24,"Judge, Aaron",592450,663776,single,hit_into_play,,,,,9.0,Aaron Judge singles on a ground ball to left fielder Taylor Ward.   Anthony Volpe to 3rd.,R,R,L,NYY,LAA,X,7.0,ground_ball,2,1,2023,0.4,1.69,0.34,2.19,,,683011.0,0,1,Bot,101.85,97.35,,,,,-2.341590514951449,-135.02847463952568,-8.223500735996424,5.379832595559002,30.741618771925236,-9.893362331145584,3.96,1.88,45.0,114.4,-1.0,92.6,2066.0,6.3,718496,681351,592273,650859,543685,687263,621493,545361,592669,54.24,0.547,0.511,0.9,1.0,1.0,0.0,4.0,5,4,4-Seam Fastball,0,0,0,0,0,0,0,0,Standard,Standard,163.0,0.076,0.423,,,0.615,-0.423,114.4,0,0,0.588,0.588,26,31,27,31,1,0,6.0,1.0,6.0,1.0,0.97,0.4,-0.4,54.6,,,,,
FF,2023-04-19,97.5,-1.9,5.53,"Judge, Aaron",592450,608032,field_out,hit_into_play,,,,,1.0,Aaron Judge flies out to center fielder Mike Trout.,R,R,R,NYY,LAA,X,8.0,fly_ball,2,2,2023,-0.8,1.49,-0.55,3.9,,,683011.0,0,8,Bot,107.82,66.63,,,,,5.463323310420105,-141.8187077198446,-2.2383478467500924,-12.080365874749017,35.58001598521745,-11.903969933897327,3.95,1.88,337.0,98.5,40.0,97.0,2286.0,6.3,718504,681351,570482,592273,543685,687263,621493,545361,592669,54.23,0.097,0.172,0.0,1.0,0.0,0.0,3.0,63,9,4-Seam Fastball,2,2,2,2,2,2,2,2,Standard,Standard,219.0,-0.056,-0.215,,,0.337,0.215,98.5,0,0,0.664,0.664,30,31,31,31,1,3,2.0,1.0,2.0,1.0,0.93,0.8,0.8,33.9,,,,,
FF,2023-04-19,94.7,-0.66,6.04,"Judge, Aaron",592450,656288,home_run,hit_into_play,,,,,5.0,Aaron Judge homers (6) on a fly ball to left center field. Anthony Volpe scores.,R,R,R,NYY,LAA,X,,fly_ball,3,2,2023,-0.89,1.55,0.06,2.66,,,683011.0,0,1,Bot,63.58,33.9,,,,,3.8494207302648658,-137.5659091817028,-6.490757740633727,-12.153316008165667,35.25336963884454,-11.338514659054342,3.95,1.88,412.0,111.7,31.0,94.0,2257.0,6.3,718504,642136,570482,592273,543685,687263,621493,545361,592669,54.19,0.9791428571428572,1.967857142857143,2.0,1.0,0.0,3.0,6.0,7,6,4-Seam Fastball,0,0,0,0,0,2,2,0,Standard,Standard,213.0,0.141,0.998,,,3.9208571428571433,-0.998,111.7,0,0,0.591,0.591,27,31,27,31,1,0,7.0,1.0,6.0,1.0,1.04,0.89,0.89,50.2,,,,,
ST,2023-04-18,79.2,2.11,5.48,"Judge, Aaron",592450,660761,field_out,hit_into_play,,,,,13.0,Aaron Judge lines out to third baseman Anthony Rendon.,R,R,L,NYY,LAA,X,5.0,line_drive,0,0,2023,-1.27,0.42,-0.89,2.27,,543305.0,683011.0,2,2,Bot,89.94,163.57,,,,,-4.180917961624235,-115.26097858209016,-0.975087988944122,-10.38821530069036,22.94311111851244,-28.46227184597942,3.95,1.88,128.0,83.9,12.0,78.9,2733.0,6.2,718529,681351,571875,570482,543685,687263,621493,545361,592669,54.25,0.634,0.571,0.0,1.0,0.0,0.0,4.0,19,1,Sweeper,0,2,0,2,2,0,0,2,Standard,Standard,289.0,-0.048,-0.295,,,0.667,0.295,88.0,-2,-2,0.336,0.336,25,31,25,31,2,1,8.0,2.0,6.0,1.0,3.23,-1.27,1.27,36.6,,,,,
ST,2023-04-18,85.0,-2.21,5.96,"Judge, Aaron",592450,681806,sac_fly,hit_into_play,,,,,11.0,Aaron Judge out on a sacrifice fly to left fielder Taylor Ward.   Kyle Higashioka scores.    Aaron Hicks to 3rd.    Anthony Volpe to 2nd.,R,R,R,NYY,LAA,X,7.0,fly_ball,2,2,2023,0.75,0.82,-0.86,2.96,543309.0,543305.0,683011.0,1,4,Bot,81.01,68.54,,,,,1.6514290728188592,-123.8517048952856,-2.4205328235878527,7.453212112192912,22.31720797546125,-23.411259795548578,3.95,1.88,341.0,101.0,39.0,84.7,2659.0,5.8,718529,681351,571875,570482,543685,687263,621493,545361,592669,54.71,0.248,0.4834999999999999,0.0,1.0,0.0,0.0,5.0,39,5,Sweeper,1,4,1,4,4,2,2,4,Standard,Standard,54.0,-0.005,-0.105,,,0.9705,0.105,101.0,-3,-3,0.329,0.329,27,31,28,31,1,2,2.0,2.0,4.0,1.0,2.3,-0.75,-0.75,34.7,,,,,
FF,2023-04-16,96.0,-2.13,5.64,"Judge, Aaron",592450,641154,field_out,hit_into_play,,,,,5.0,Aaron Judge flies out to center fielder Michael A.   Taylor.,R,R,R,NYY,MIN,X,8.0,fly_ball,2,2,2023,-0.05,1.07,0.04,2.84,,,683011.0,0,5,Bot,134.51,44.59,,,,,5.960789536699316,-139.68594807690098,-4.361655628042927,-1.8670114895871508,29.423640471733044,-17.29811497528511,3.96,1.91,385.0,106.7,27.0,97.9,2227.0,7.2,718557,543877,456781,666397,669304,621043,663616,572191,596146,53.27,0.9247714285714284,1.8400571428571428,0.0,1.0,0.0,0.0,6.0,36,5,4-Seam Fastball,1,0,1,0,0,1,1,0,Infield shade,Standard,205.0,-0.028,-0.215,,,3.671342857142857,0.215,106.7,1,1,0.738,0.738,27,31,27,31,3,2,5.0,1.0,6.0,2.0,1.39,0.05,0.05,36.6,,,,,
FS,2023-04-15,86.6,-2.97,5.42,"Judge, Aaron",592450,641816,double,hit_into_play,,,,,9.0,Aaron Judge doubles (2) on a sharp line drive to left fielder Trevor Larnach.   DJ LeMahieu to 3rd.,R,R,R,NYY,MIN,X,7.0,line_drive,1,2,2023,-1.03,1.3,0.47,2.44,,,518934.0,0,5,Bot,77.31,56.68,,,,,10.436674363961645,-125.6197713358159,-3.5134885538738914,-13.106432905425743,27.58816401738379,-17.88023164587677,3.96,1.91,371.0,105.0,21.0,87.2,1859.0,7.0,718572,543877,456781,666397,669304,621043,663616,572191,596146,53.47,0.6553428571428571,1.127428571428572,1.25,1.0,1.0,1.0,6.0,35,4,Split-Finger,4,0,4,0,0,4,4,0,Infield shade,Standard,225.0,0.026,0.791,,,2.112714285714286,-0.791,105.0,4,4,0.938,0.938,28,31,29,31,3,2,6.0,1.0,6.0,1.0,1.78,1.03,1.03,,,,,,
SL,2023-04-15,86.2,-3.06,5.32,"Judge, Aaron",592450,641816,field_out,hit_into_play,,,,,9.0,"Aaron Judge grounds out, shortstop Carlos Correa to first baseman Donovan Solano.",R,R,R,NYY,MIN,X,6.0,ground_ball,3,2,2023,0.5,0.34,0.8,2.45,,,,0,3,Bot,107.99,148.18,,,,,8.224882778578543,-125.24538828718012,-1.1849074928203256,3.397749217356246,28.422281156410687,-28.59245304029391,3.96,1.91,70.0,81.4,5.0,86.6,2442.0,6.9,718572,543877,456781,666397,669304,621043,663616,572191,596146,53.62,0.282,0.297,0.0,1.0,0.0,0.0,2.0,20,6,Slider,2,0,2,0,0,2,2,0,Strategic,Standard,33.0,-0.019,-0.353,,,0.309,0.353,88.0,2,2,0.768,0.768,28,31,29,31,2,1,6.0,1.0,6.0,1.0,2.77,-0.5,-0.5,,,,,,
SL,2023-04-14,93.1,-1.8,5.57,"Judge, Aaron",592450,686973,field_out,hit_into_play,,,,,9.0,"Aaron Judge grounds out, shortstop Carlos Correa to first baseman Donovan Solano.",R,R,R,NYY,MIN,X,6.0,ground_ball,0,0,2023,0.37,0.55,0.37,2.16,,,,0,3,Bot,108.42,159.95,,,,,4.783620607330735,-135.6431805434736,-4.255786416447533,3.5918097542080525,27.210851469397976,-24.65214144437071,3.96,1.9,29.0,88.8,-2.0,93.9,2484.0,6.5,718588,680777,456781,666397,669304,621043,650489,572191,664247,54.0,0.271,0.257,0.0,1.0,0.0,0.0,2.0,21,1,Slider,2,0,2,0,0,2,2,0,Infield shade,Standard,198.0,-0.015,-0.265,,,0.331,0.265,88.8,2,2,0.764,0.764,25,31,26,31,2,1,,1.0,19.0,1.0,2.05,-0.37,-0.37,42.5,,,,,
FF,2023-04-14,96.0,-1.91,5.52,"Judge, Aaron",592450,686973,home_run,hit_into_play,,,,,5.0,Aaron Judge homers (5) on a fly ball to right center field.,R,R,R,NYY,MIN,X,,fly_ball,0,0,2023,-0.5,1.29,-0.03,2.95,,,,0,1,Bot,171.67,42.24,,,,,6.210673393363206,-139.73358274787435,-4.219849019368015,-7.88653768782364,30.78942381282015,-14.501631759150229,3.96,1.9,404.0,106.0,32.0,97.6,2193.0,7.1,718588,680777,456781,666397,669304,621043,650489,572191,664247,53.39,0.8470689655172414,1.684482758620689,2.0,1.0,0.0,3.0,6.0,5,1,4-Seam Fastball,1,0,1,0,0,2,2,0,Infield shade,Standard,212.0,0.087,1.114,,,3.3557241379310345,-1.114,106.0,1,1,0.645,0.645,25,31,26,31,1,0,,1.0,19.0,1.0,1.18,0.5,0.5,33.1,,,,,
SL,2023-04-14,88.2,-2.76,5.73,"Judge, Aaron",592450,605347,field_out,hit_into_play,,,,,9.0,"Aaron Judge grounds out, shortstop Carlos Correa to first baseman Jose Miranda.",R,R,R,NYY,MIN,X,6.0,ground_ball,0,1,2023,0.66,0.12,0.66,2.02,,,,0,8,Bot,101.15,148.44,,,,,6.9327585760698565,-128.34922071104117,-3.252519810260434,6.084736126148523,23.85280298749368,-30.421416087964463,3.96,1.9,93.0,85.3,8.0,88.5,2382.0,6.3,718588,680777,669304,666397,650489,621043,624503,572191,663616,54.23,0.455,0.424,0.0,1.0,0.0,0.0,4.0,60,2,Slider,3,4,3,4,4,3,3,4,Infield shade,Standard,65.0,-0.054,-0.223,,,0.519,0.223,88.0,-1,-1,0.299,0.299,30,31,30,31,1,3,2.0,1.0,4.0,1.0,2.79,-0.66,-0.66,32.8,,,,,
FS,2023-04-13,85.7,-2.71,4.92,"Judge, Aaron",592450,657746,field_out,hit_into_play,,,,,8.0,Aaron Judge flies out to center fielder Michael A.   Taylor.,R,R,R,NYY,MIN,X,8.0,fly_ball,1,1,2023,-1.11,0.11,0.12,1.94,,,,1,4,Bot,91.5,58.17,,,,,8.953285790336025,-124.46108004231904,-0.9612549959691268,-13.322713955825986,24.8450010877306,-31.082987983905507,3.97,1.9,358.0,93.3,27.0,85.9,1281.0,6.5,718590,543877,456781,666397,669304,621043,624503,572191,663616,54.01,0.118,0.136,0.0,1.0,0.0,0.0,3.0,36,3,Split-Finger,0,11,0,11,11,0,0,11,Infield shade,Standard,244.0,-0.001,-0.257,,,0.228,0.257,93.3,-11,-11,0.003,0.003,27,31,27,31,2,1,5.0,1.0,6.0,1.0,3.01,1.11,1.11,25.1,,,,,
FC,2023-04-12,87.8,-1.83,6.8,"Judge, Aaron",592450,685410,field_out,hit_into_play,,,,,9.0,Aaron Judge flies out to right fielder Will Brennan.,R,R,R,CLE,NYY,X,9.0,fly_ball,1,2,2023,0.33,0.37,0.8,2.52,,,,0,4,Top,205.99,99.93,,,,,5.67309996629138,-127.8573385698872,-5.088920212843632,2.6919849503329174,21.499862319934348,-27.414749075168142,3.98,1.91,314.0,95.4,28.0,88.4,2555.0,6.2,718604,595956,605137,665926,608070,642708,680757,664702,686823,54.29,0.2152,0.3965999999999999,0.0,1.0,0.0,0.0,5.0,25,4,Cutter,3,0,0,3,0,3,0,3,Strategic,Standard,171.0,0.017,-0.193,,,0.764,0.193,95.4,3,-3,0.819,0.181,25,31,26,31,2,1,,1.0,6.0,1.0,2.54,-0.33,-0.33,54.5,,,,,
FF,2023-04-12,95.3,-0.05,6.73,"Judge, Aaron",592450,675916,field_out,hit_into_play,,,,,1.0,Aaron Judge flies out sharply to center fielder Myles Straw.,R,R,R,CLE,NYY,X,8.0,fly_ball,2,1,2023,-0.55,1.49,-0.33,3.67,,,,2,8,Top,149.62,49.8,,,,,0.4758499247244334,-138.8840124836072,-5.797518887044676,-7.253292160646144,27.569975015059835,-11.760370467493528,3.98,1.91,374.0,103.6,38.0,95.5,2278.0,6.1,718604,595956,605137,665926,608070,642708,680757,664702,686823,54.45,0.4713333333333332,0.9407777777777776,0.0,1.0,0.0,0.0,6.0,58,4,4-Seam Fastball,3,3,3,3,3,3,3,3,Standard,Standard,199.0,0.029,-0.314,,,1.8676111111111109,0.314,103.6,0,0,0.579,0.421,27,31,28,31,1,3,2.0,1.0,2.0,1.0,0.99,0.55,0.55,67.8,,,,,
FC,2023-04-11,87.8,-2.56,6.15,"Judge, Aaron",592450,683769,single,hit_into_play,,,,,8.0,Aaron Judge singles on a sharp line drive to center fielder Will Brennan.   Aaron Hicks to 3rd.    DJ LeMahieu to 2nd.,R,R,R,CLE,NYY,X,8.0,line_drive,1,1,2023,0.1,0.99,0.09,2.48,,543305.0,518934.0,0,4,Top,134.41,72.25,,,,,6.248063158826972,-127.7806712460798,-4.938920328294272,0.0709587585781205,22.061659019698087,-20.482182766646957,3.97,1.9,316.0,104.7,17.0,89.2,2283.0,6.8,718626,572287,647304,665926,608070,672356,680757,686823,660757,53.7,0.553,0.651,0.9,1.0,1.0,0.0,5.0,33,3,Cutter,2,6,6,2,6,2,6,2,Standard,Standard,186.0,-0.026,0.474,,,1.026,-0.474,104.7,-4,4,0.091,0.909,25,31,25,31,3,2,6.0,1.0,7.0,1.0,1.93,-0.1,-0.1,33.8,,,,,
CU,2023-04-11,76.3,-1.17,6.01,"Judge, Aaron",592450,675540,field_out,hit_into_play,,,,,13.0,Aaron Judge lines out to second baseman Andres Gimenez.,R,R,R,CLE,NYY,X,4.0,line_drive,1,2,2023,0.7,-0.9,-0.26,1.35,,,,2,8,Top,125.91,135.35,,,,,0.6471943055105588,-111.09889043813276,-1.138747344622728,5.667624015762957,20.40728853593427,-39.5904094019914,3.97,1.9,164.0,62.7,23.0,76.2,2338.0,6.2,718626,650619,647304,665926,608070,672356,680757,686823,660757,54.28,0.595,0.535,0.0,1.0,0.0,0.0,4.0,64,4,Curveball,2,10,10,2,10,2,10,2,Strategic,Standard,30.0,0.0,-0.191,,,0.609,0.191,88.0,-8,8,0.002,0.998,24,31,25,31,2,4,4.0,1.0,7.0,1.0,4.81,-0.7,-0.7,69.0,,,,,
CU,2023-04-11,75.9,-1.12,6.08,"Judge, Aaron",592450,675540,single,hit_into_play,,,,,9.0,Aaron Judge singles on a ground ball to left fielder Steven Kwan.   Aaron Hicks to 2nd.,R,R,R,CLE,NYY,X,7.0,ground_ball,2,2,2023,0.77,-1.17,0.74,2.45,,,543305.0,1,6,Top,76.3,124.8,,,,,2.498109318665443,-110.43034815900307,1.601948708203057,5.81614992580169,20.38749837915376,-42.2606471335099,3.97,1.9,70.0,85.8,4.0,75.7,2561.0,6.2,718626,572287,647304,665926,608070,672356,680757,686823,660757,54.28,0.403,0.406,0.9,1.0,1.0,0.0,4.0,49,8,Curveball,2,8,8,2,8,2,8,2,Standard,Standard,23.0,-0.004,0.44,,,0.492,-0.44,88.0,-6,6,0.027,0.973,24,31,25,31,1,3,4.0,1.0,7.0,1.0,5.14,-0.77,-0.77,70.1,,,,,
FF,2023-04-11,94.3,-2.5,5.99,"Judge, Aaron",592450,683769,fielders_choice,hit_into_play,,,,,4.0,"Aaron Judge reaches on a fielder's choice, fielded by third baseman Jose Ramirez.   DJ LeMahieu to 2nd.  DJ LeMahieu advances to 2nd, on a fielding error by third baseman Jose Ramirez.",R,R,R,CLE,NYY,X,5.0,ground_ball,0,0,2023,-1.12,1.34,-0.44,2.96,,,518934.0,0,1,Top,84.68,150.0,,,,,7.950140044905155,-137.07833391622066,-5.20378926207712,-15.82636878493999,29.4070666312915,-14.25069005524592,3.97,1.9,13.0,96.7,-12.0,95.4,2375.0,6.9,718626,572287,647304,665926,608070,672356,680757,686823,660757,53.56,0.182,0.195,0.9,1.0,0.0,0.0,2.0,2,1,4-Seam Fastball,0,0,0,0,0,0,0,0,Standard,Standard,214.0,-0.054,0.473,,,0.182,-0.473,96.7,0,0,0.464,0.536,25,31,25,31,1,0,6.0,1.0,7.0,1.0,1.22,1.12,1.12,29.4,,,,,
CU,2023-04-10,82.3,0.03,6.6,"Judge, Aaron",592450,675916,field_out,hit_into_play,,,,,9.0,Aaron Judge pops out to second baseman Andres Gimenez.,R,R,R,CLE,NYY,X,4.0,popup,1,0,2023,-0.15,-0.78,0.41,2.24,650402.0,,,0,8,Top,150.12,152.48,,,,,1.1484225607901724,-119.90375671502964,-1.91898094488272,-1.678745506623179,21.67648546381172,-39.613963749866585,3.97,1.89,136.0,51.8,48.0,82.2,2272.0,6.0,718637,572287,647304,665926,608070,642708,680757,664702,686823,54.5,0.05,0.045,0.0,1.0,0.0,0.0,1.0,61,2,Curveball,3,2,2,3,2,3,2,3,Strategic,Standard,13.0,0.095,-0.245,,,0.05,0.245,88.0,1,-1,0.53,0.47,27,31,28,31,1,3,1.0,1.0,2.0,1.0,4.12,0.15,0.15,63.0,,,,,
FC,2023-04-09,89.5,-1.31,6.95,"Judge, Aaron",592450,669330,field_out,hit_into_play,,,,,3.0,Aaron Judge pops out to first baseman Ryan Mountcastle.,R,R,R,BAL,NYY,X,3.0,popup,2,0,2023,0.23,1.09,0.56,3.47,,,,2,5,Top,149.65,168.86,,,,,4.1259465197600775,-130.30966113162495,-4.887681068265881,1.7892213672179391,27.8898250164104,-18.90584172652683,3.97,1.9,94.0,82.8,73.0,89.5,2542.0,6.3,718651,543510,663624,602104,683002,622761,669720,656775,623993,54.2,0.003,0.003,0.0,1.0,0.0,0.0,3.0,35,3,Cutter,0,4,4,0,4,0,4,0,Standard,Standard,182.0,0.005,-0.374,,,0.003,0.374,88.0,-4,4,0.117,0.883,28,31,29,31,3,2,6.0,1.0,5.0,1.0,1.75,-0.23,-0.23,51.5,,,,,
FF,2023-04-09,93.8,-1.3,6.87,"Judge, Aaron",592450,669330,home_run,hit_into_play,,,,,3.0,Aaron Judge homers (3) on a fly ball to center field.,R,R,R,BAL,NYY,X,,fly_ball,1,2,2023,-0.23,1.61,0.83,3.93,,,,2,3,Top,123.47,30.76,,,,,6.0228190497167455,-136.4353915918406,-5.474134508879277,-4.072123000081391,28.28989658345275,-11.041077911019832,3.97,1.9,416.0,105.6,29.0,94.3,2419.0,6.5,718651,543510,663624,602104,683002,622761,669720,656775,623993,54.04,0.8834565217391304,1.7598478260869563,2.0,1.0,0.0,3.0,6.0,18,7,4-Seam Fastball,0,1,1,0,2,0,2,0,Standard,Standard,197.0,-0.11,2.679,,,3.511086956521739,-2.679,105.6,-1,1,0.429,0.571,28,31,29,31,2,1,6.0,1.0,5.0,1.0,0.97,0.23,0.23,50.0,,,,,
FF,2023-04-09,97.4,-0.42,5.99,"Judge, Aaron",592450,670810,home_run,hit_into_play,,,,,4.0,Aaron Judge homers (4) on a fly ball to left center field.,R,R,R,BAL,NYY,X,,fly_ball,2,2,2023,-0.83,1.48,-0.36,3.07,,,,0,8,Top,82.43,49.59,,,,,2.069001215310603,-141.6513754736781,-5.670241831759577,-11.625637520741844,35.420704103708296,-11.150866023821898,3.97,1.9,383.0,103.0,23.0,97.0,2169.0,6.3,718651,621532,663624,624428,602104,683002,669720,656775,623993,54.18,0.6125416666666669,1.0835,2.0,1.0,0.0,3.0,6.0,57,5,4-Seam Fastball,2,4,4,2,5,2,5,2,Standard,Standard,214.0,-0.067,1.141,,,2.073958333333334,-1.141,103.0,-2,2,0.139,0.861,26,31,26,31,1,3,2.0,1.0,2.0,1.0,0.94,0.83,0.83,45.5,,,,,
FF,2023-04-09,92.9,-1.07,7.08,"Judge, Aaron",592450,669330,single,hit_into_play,,,,,3.0,Aaron Judge singles on a ground ball to left fielder Austin Hays.,R,R,R,BAL,NYY,X,7.0,ground_ball,2,1,2023,-0.23,1.72,0.36,3.65,,,,1,1,Top,66.72,114.33,,,,,4.160802674021772,-135.0851871800291,-6.727295280357738,-3.805926896545587,31.8069217606654,-9.85920420048885,3.97,1.9,57.0,97.6,1.0,92.7,2379.0,6.4,718651,543510,663624,602104,683002,622761,669720,656775,623993,54.12,0.432,0.395,0.9,1.0,1.0,0.0,4.0,2,4,4-Seam Fastball,0,0,0,0,0,0,0,0,Standard,Standard,200.0,-0.022,0.373,,,0.475,-0.373,97.6,0,0,0.52,0.48,28,31,29,31,1,0,6.0,1.0,5.0,1.0,0.94,0.23,0.23,53.1,,,,,
SI,2023-04-08,92.8,1.35,6.27,"Judge, Aaron",592450,608344,sac_fly,hit_into_play,,,,,6.0,Aaron Judge out on a sacrifice fly to center fielder Cedric Mullins.   DJ LeMahieu scores.,R,R,L,BAL,NYY,X,8.0,fly_ball,3,2,2023,1.37,1.21,0.79,3.22,518934.0,,,0,5,Top,137.89,85.99,,,,,-4.4580067930064775,-135.10293347245886,-4.706573272915201,17.694816542210447,29.945646345350383,-16.479113324999606,3.97,1.9,284.0,90.3,42.0,93.4,2007.0,6.7,718664,668939,663624,624428,602104,683002,669720,656775,679631,53.84,0.011,0.015,0.0,1.0,0.0,0.0,3.0,36,6,Sinker,1,2,2,1,3,1,3,1,Strategic,Standard,142.0,0.004,-0.282,,,0.025,0.282,90.3,-1,1,0.263,0.737,29,31,29,31,3,2,6.0,1.0,5.0,1.0,1.43,1.37,-1.37,45.0,,,,,
ST,2023-04-08,83.8,-2.67,5.57,"Judge, Aaron",592450,608723,double,hit_into_play,,,,,6.0,Aaron Judge doubles (1) on a sharp line drive to center fielder Cedric Mullins.,R,R,R,BAL,NYY,X,8.0,line_drive,1,2,2023,1.02,0.9,0.44,3.1,,,,2,7,Top,78.3,71.72,,,,,5.21307206715848,-121.93428999011094,-1.053434147256972,9.10166274060184,24.67880563485822,-23.20715062918954,3.97,1.9,303.0,105.8,16.0,84.2,2671.0,6.6,718664,668939,663624,624428,602104,683002,669720,656775,679631,53.9,0.587,0.679,1.25,1.0,1.0,1.0,5.0,52,4,Sweeper,1,4,4,1,4,1,4,1,Standard,Standard,101.0,-0.012,0.658,,,1.059,-0.658,105.8,-3,3,0.124,0.876,31,31,31,31,1,3,3.0,1.0,3.0,1.0,2.35,-1.02,-1.02,36.0,,,,,
ST,2023-04-07,84.1,-2.4,6.07,"Judge, Aaron",592450,665152,field_out,hit_into_play,,,,,9.0,Aaron Judge flies out to right fielder Anthony Santander.,R,R,R,BAL,NYY,X,9.0,fly_ball,2,2,2023,0.76,-0.28,0.5,2.35,,,518934.0,0,3,Top,183.19,119.24,,,,,5.180839085298866,-122.25965950885566,-1.561199946554594,6.318770917685475,28.257274191912675,-34.78510069149137,3.97,1.89,244.0,83.2,48.0,83.0,2634.0,6.0,718688,668939,663624,624428,602104,622761,669720,656775,623993,54.5,0.018,0.023,0.0,1.0,0.0,0.0,3.0,21,5,Sweeper,2,0,0,2,0,2,0,2,Standard,Standard,55.0,0.035,-0.215,,,0.035,0.215,88.0,2,-2,0.674,0.3259999999999999,27,31,27,31,2,1,6.0,2.0,5.0,1.0,3.55,-0.76,-0.76,42.1,,,,,
SI,2023-04-07,97.8,1.25,5.59,"Judge, Aaron",592450,672335,field_out,hit_into_play,,,,,9.0,"Aaron Judge grounds out, second baseman Adam Frazier to first baseman Ryan Mountcastle.",R,R,L,BAL,NYY,X,4.0,ground_ball,0,0,2023,1.03,1.05,0.43,2.1,,,,1,7,Top,143.06,151.1,,,,,-4.580444179223415,-142.30219133897052,-6.310430466763265,15.080196925804206,32.74351196441881,-16.676599967139772,3.97,1.89,61.0,104.9,1.0,97.4,2383.0,6.1,718688,668939,663624,624428,602104,622761,669720,656775,623993,54.42,0.55,0.531,0.0,1.0,0.0,0.0,4.0,59,1,Sinker,5,5,5,5,5,5,5,5,Standard,Standard,154.0,0.029,-0.267,,,0.634,0.267,104.9,0,0,0.539,0.4609999999999999,27,31,27,31,1,3,3.0,2.0,3.0,1.0,1.34,1.03,-1.03,37.6,,,,,
SI,2023-04-05,91.1,-2.12,5.22,"Judge, Aaron",592450,605400,field_out,hit_into_play,,,,,9.0,Aaron Judge lines out to center fielder Cristian Pache.,R,R,R,NYY,PHI,X,8.0,line_drive,1,2,2023,-1.53,0.82,0.52,2.43,,518934.0,,0,6,Bot,106.02,77.86,,,,,10.028677247217862,-132.2348164196831,-2.8721505072230693,-20.145254319087226,28.479390331820483,-22.08906665146298,3.98,1.88,305.0,98.1,17.0,91.9,2045.0,6.9,718699,592663,664761,681082,624641,607208,656941,665506,595909,53.56,0.495,0.521,0.0,1.0,0.0,0.0,4.0,43,4,Sinker,1,0,1,0,0,1,1,0,Standard,Standard,217.0,-0.028,-0.176,,,0.762,0.176,98.1,1,1,0.788,0.788,30,31,30,31,3,2,6.0,1.0,6.0,2.0,1.94,1.53,1.53,27.0,,,,,
FF,2023-04-05,91.9,-2.01,5.26,"Judge, Aaron",592450,605400,single,hit_into_play,,,,,5.0,Aaron Judge singles on a line drive to left fielder Kyle Schwarber.,R,R,R,NYY,PHI,X,7.0,line_drive,1,0,2023,-1.02,1.4,-0.06,3.29,,,,1,1,Bot,96.27,96.9,,,,,7.207716572924692,-133.4930444017635,-2.0952826144053676,-13.795090428744777,32.823268086633114,-15.344479433109884,3.98,1.88,265.0,83.7,23.0,92.1,2121.0,6.8,718699,592663,669742,681082,664761,607208,656941,665506,595909,53.69,0.311,0.288,0.9,1.0,1.0,0.0,3.0,5,2,4-Seam Fastball,0,0,0,0,0,0,0,0,Standard,Standard,222.0,0.022,0.377,,,0.384,-0.377,88.0,0,0,0.529,0.529,30,31,30,31,1,0,6.0,1.0,6.0,2.0,1.34,1.02,1.02,24.8,,,,,
FC,2023-04-04,89.7,2.17,5.46,"Judge, Aaron",592450,621381,field_out,hit_into_play,,,,,4.0,Aaron Judge flies out to left fielder Jake Cave.,R,R,L,NYY,PHI,X,7.0,fly_ball,3,1,2023,0.09,0.95,-0.37,2.67,,,,1,1,Bot,59.27,86.48,,,,,-6.453310491573185,-130.53693951807125,-2.9149986073111243,2.385362702276731,27.020397371059524,-20.895012541713488,3.98,1.88,322.0,99.5,43.0,89.6,2495.0,6.2,718710,596117,669742,681082,664761,607208,595909,669016,592206,54.32,0.061,0.119,0.0,1.0,0.0,0.0,3.0,6,5,Cutter,0,1,0,1,1,0,0,1,Infield shade,Standard,152.0,-0.027,-0.432,,,0.232,0.432,99.5,-1,-1,0.434,0.434,31,31,32,31,1,0,5.0,1.0,6.0,1.0,1.88,0.09,-0.09,30.4,,,,,
CU,2023-04-03,75.9,4.24,3.48,"Judge, Aaron",592450,607755,field_out,hit_into_play,,,,,3.0,Aaron Judge flies out sharply to center fielder Brandon Marsh.,R,R,L,NYY,PHI,X,8.0,fly_ball,0,2,2023,-1.63,0.94,0.49,3.43,,,,0,6,Bot,120.41,69.59,,,,,-4.870653200137501,-110.17933713348394,5.374519277907288,-12.023727080841248,23.298588978217285,-26.053079049595816,3.95,1.85,322.0,103.4,45.0,74.3,2494.0,5.7,718725,592663,669742,681082,624641,607208,656941,669016,592206,54.79,0.087,0.145,0.0,1.0,0.0,0.0,3.0,54,3,Curveball,8,1,8,1,1,8,8,1,Standard,Standard,275.0,-0.001,-0.169,,,0.28,0.169,103.4,7,7,0.993,0.993,29,31,30,31,1,3,4.0,1.0,5.0,1.0,3.1,-1.63,1.63,-22.9,,,,,
FF,2023-04-03,97.1,-2.11,5.45,"Judge, Aaron",592450,622554,single,hit_into_play,,,,,7.0,Aaron Judge singles on a sharp ground ball to left fielder Kyle Schwarber.,R,R,R,NYY,PHI,X,7.0,ground_ball,2,2,2023,-0.54,1.22,-0.36,2.34,,,,0,8,Bot,67.61,97.58,,,,,5.927745941976721,-141.18979747870318,-5.589570506927338,-8.576410698141029,33.09779620365099,-14.74343532879662,3.95,1.85,107.0,111.1,5.0,97.1,2171.0,6.4,718725,592663,669742,681082,624641,607208,656941,669016,592206,54.11,0.692,0.692,0.9,1.0,1.0,0.0,4.0,71,5,4-Seam Fastball,8,1,8,1,1,8,8,1,Standard,Standard,219.0,0.0,0.459,,,0.871,-0.459,111.1,7,7,0.999,0.999,28,31,29,31,1,4,2.0,1.0,2.0,1.0,1.2,0.54,0.54,31.2,,,,,
CH,2023-04-02,84.0,-0.96,6.85,"Judge, Aaron",592450,548389,field_out,hit_into_play,,,,,2.0,"Aaron Judge grounds out, second baseman Thairo Estrada to first baseman J.  D. Davis.",R,R,R,NYY,SF,X,4.0,ground_ball,2,1,2023,-0.56,1.05,-0.1,3.76,,,,2,4,Bot,120.06,167.58,,,,,3.116986092339801,-122.29121688275976,-2.878793995957978,-6.2597159078817874,23.07909496588117,-21.302965422383583,3.98,1.86,23.0,66.0,-6.0,84.2,1724.0,6.3,718747,666165,605204,642731,681584,543063,664774,573262,624424,54.21,0.066,0.061,0.0,1.0,0.0,0.0,2.0,33,4,Changeup,4,0,4,0,0,4,4,0,Infield shade,Standard,221.0,-0.004,-0.314,,,0.076,0.314,88.0,4,4,0.9,0.9,33,31,34,31,3,2,,1.0,6.0,1.0,2.17,0.56,0.56,68.8,,,,,
SL,2023-04-02,87.2,-1.2,6.88,"Judge, Aaron",592450,548389,home_run,hit_into_play,,,,,2.0,Aaron Judge homers (2) on a fly ball to left center field.,R,R,R,NYY,SF,X,,fly_ball,1,0,2023,0.27,0.69,-0.23,3.4,,,,1,3,Bot,65.1,52.32,,,,,1.7615940446283525,-126.8983074054648,-3.578425448884998,2.466464884294693,28.379038470246023,-24.177035477943065,3.98,1.86,392.0,111.4,22.0,86.4,2225.0,6.0,718747,666165,605204,642731,681584,543063,664774,573262,624424,54.51,0.958,1.8468461538461536,2.0,1.0,0.0,3.0,6.0,21,2,Slider,0,0,0,0,0,1,1,0,Standard,Standard,161.0,0.115,1.544,,,3.635230769230769,-1.544,111.4,0,0,0.533,0.533,33,31,34,31,2,1,,1.0,6.0,1.0,2.33,-0.27,-0.27,62.3,,,,,
SI,2023-04-01,98.4,-1.89,5.36,"Judge, Aaron",592450,666808,single,hit_into_play,,,,,5.0,Aaron Judge singles on a ground ball to left fielder Mike Yastrzemski.   Anthony Volpe scores.    DJ LeMahieu to 2nd.,R,R,R,NYY,SF,X,7.0,ground_ball,0,0,2023,-0.86,0.44,-0.26,2.69,,683011.0,518934.0,1,9,Bot,69.03,107.66,,,,,6.484659747097047,-143.29732146815172,-2.849790596557233,-13.329526038729444,31.883855084783203,-25.60157215002539,3.97,1.86,39.0,108.8,-2.0,99.2,2549.0,6.6,718762,547379,664774,642731,681584,543063,573262,669369,624424,53.87,0.45,0.405,0.9,1.0,1.0,0.0,4.0,82,1,Sinker,4,7,4,7,7,5,5,7,Standard,Standard,224.0,0.099,0.485,,,0.467,-0.485,108.8,-3,-3,0.113,0.113,25,31,26,31,1,4,,2.0,6.0,1.0,1.9,0.86,0.86,18.3,,,,,
SI,2023-04-01,95.3,-1.95,5.63,"Judge, Aaron",592450,502171,single,hit_into_play,,,,,14.0,Aaron Judge singles on a ground ball to left fielder Blake Sabol.,R,R,R,NYY,SF,X,7.0,ground_ball,3,2,2023,-1.37,0.49,0.06,1.63,,,,1,1,Bot,65.47,105.63,,,,,8.320094362482827,-138.4288151270509,-5.934143028621234,-19.504349980980415,30.613182700387657,-24.74157127966701,3.97,1.86,8.0,106.3,-12.0,95.1,2102.0,6.2,718762,547379,664774,642731,681584,543063,666165,573262,624424,54.27,0.287,0.282,0.9,1.0,1.0,0.0,2.0,6,6,Sinker,0,0,0,0,0,0,0,0,Standard,Strategic,223.0,0.021,0.355,,,0.293,-0.355,106.3,0,0,0.53,0.53,35,31,36,31,1,0,,2.0,6.0,1.0,2.03,1.37,1.37,39.6,,,,,
CH,2023-04-01,88.9,-1.98,5.6,"Judge, Aaron",592450,605154,field_out,hit_into_play,,,,,4.0,Aaron Judge flies out sharply to center fielder Mike Yastrzemski.,R,R,R,NYY,SF,X,8.0,fly_ball,1,1,2023,-1.32,0.75,-0.54,2.89,,,,1,7,Bot,92.95,65.61,,,,,6.408750343950407,-129.26612571334906,-2.1935943183234805,-16.12766379720496,27.131439195203686,-23.51463277346107,3.97,1.86,340.0,101.6,45.0,90.4,2128.0,7.3,718762,547379,664774,642731,681584,543063,666165,573262,624424,53.23,0.061,0.094,0.0,1.0,0.0,0.0,3.0,63,3,Changeup,3,5,3,5,5,3,3,5,Standard,Strategic,218.0,-0.026,-0.257,,,0.177,0.257,101.6,-2,-2,0.18,0.18,33,31,33,31,1,3,2.0,2.0,5.0,1.0,2.14,1.32,1.32,37.2,,,,,
SL,2023-04-01,83.4,-1.84,5.82,"Judge, Aaron",592450,596001,single,hit_into_play,,,,,4.0,Aaron Judge singles on a sharp line drive to left fielder Blake Sabol.   DJ LeMahieu to 3rd.,R,R,R,NYY,SF,X,7.0,line_drive,0,0,2023,1.06,-0.38,-0.64,2.92,,518934.0,,0,5,Bot,74.59,103.8,,,,,0.6792558205256335,-121.46972503397484,0.5142134357739687,10.338562310698626,24.57334944271843,-36.29829841239084,3.97,1.86,184.0,106.5,10.0,82.3,2475.0,5.6,718762,547379,664774,642731,681584,543063,666165,573262,624424,54.94,0.853,0.85,0.9,1.0,1.0,0.0,4.0,43,1,Slider,2,3,2,3,3,2,2,3,Standard,Strategic,49.0,0.088,0.504,,,1.112,-0.504,106.5,-1,-1,0.507,0.507,30,31,31,31,1,2,,2.0,5.0,1.0,3.66,-1.06,-1.06,26.5,,,,,
FF,2023-03-30,94.0,-2.04,5.93,"Judge, Aaron",592450,605154,single,hit_into_play,,,,,13.0,Aaron Judge singles on a fly ball to center fielder Brett Wisely.   Jose Trevino scores.    DJ LeMahieu to 3rd.,R,R,R,NYY,SF,X,8.0,fly_ball,2,2,2023,-0.99,1.71,-1.34,2.83,,624431.0,518934.0,2,7,Bot,119.65,106.68,,,,,4.047192537647945,-136.7978843713287,-6.142537901480602,-13.327698994540134,30.122208512257274,-9.513278848697375,3.97,1.86,224.0,68.2,37.0,94.4,2336.0,6.5,718781,547379,605204,642731,527038,543063,664774,689172,624424,53.99,0.663,0.634,0.9,1.0,1.0,0.0,4.0,55,5,4-Seam Fastball,4,0,4,0,0,5,5,0,Standard,Standard,213.0,0.017,0.599,,,0.758,-0.599,88.0,4,4,0.969,0.969,33,31,33,31,1,3,,,2.0,2.0,0.87,0.99,0.99,41.4,,,,,
SI,2023-03-30,92.8,-1.19,5.23,"Judge, Aaron",592450,657277,home_run,hit_into_play,,,,,8.0,Aaron Judge homers (1) on a fly ball to center field.,R,R,R,NYY,SF,X,,fly_ball,0,1,2023,-1.59,-0.13,0.05,2.15,,,,1,1,Bot,114.14,28.45,,,,,6.720695113485545,-134.89369618989124,-1.7493837441685682,-20.91560974982548,31.804556215503812,-33.55415515303725,3.97,1.86,422.0,109.3,28.0,93.1,2067.0,6.7,718781,547379,664774,642731,527038,543063,666165,573262,624424,53.78,0.9555882352941176,1.9060294117647063,2.0,1.0,0.0,3.0,6.0,6,2,Sinker,0,0,0,0,0,1,1,0,Standard,Strategic,312.0,0.102,1.623,,,3.806117647058823,-1.623,109.3,0,0,0.524,0.524,26,31,27,31,1,0,,,6.0,2.0,2.8,1.59,1.59,27.1,,,,,
FF,2023-03-28,90.8,-2.28,5.25,"Judge, Aaron",592450,592866,field_out,hit_into_play,,,,,8.0,Aaron Judge lines out to shortstop CJ Abrams.,S,R,R,WSH,NYY,X,6.0,line_drive,0,0,2023,-0.85,1.05,0.16,2.02,,,683011.0,2,3,Top,105.49,151.1,,,,,8.052645912432366,-131.9864504596586,-4.509889688545851,-11.606986454526051,26.41751445458598,-19.07535794282169,3.97,1.86,176.0,88.7,13.0,92.3,2189.0,7.1,733679,660688,642086,671277,600869,682928,669743,645302,657041,53.41,0.911,,0.0,,0.0,0.0,4.0,20,1,4-Seam Fastball,1,0,0,1,0,1,0,1,Standard,Standard,233.0,0.026,-0.286,,,1.034,0.286,88.7,1,-1,0.643,0.357,31,31,31,31,2,1,,,,,1.7,0.85,0.85,,,,,,
FF,2023-03-26,93.9,-2.25,6.0,"Judge, Aaron",592450,670102,single,hit_into_play,,,,,8.0,Aaron Judge singles on a ground ball to left fielder Nathan Lukes.,S,R,R,NYY,TOR,X,7.0,ground_ball,0,0,2023,-0.54,1.36,-0.26,2.34,,,,1,1,Bot,86.95,120.5,,,,,6.391434969097,-136.61875022267836,-6.945559344963692,-7.970155822108841,24.07834334563025,-13.758794575787046,3.97,1.86,108.0,110.9,5.0,95.5,2594.0,6.8,718945,672386,805268,672640,656305,669289,664770,595281,624415,53.73,0.692,,0.9,,1.0,0.0,4.0,5,1,4-Seam Fastball,0,0,0,0,0,0,0,0,Infield shade,Standard,209.0,0.025,0.416,,,0.871,-0.416,110.9,0,0,0.526,0.526,27,31,27,31,1,0,,,,,1.18,0.54,0.54,,,,,,
SI,2023-03-26,94.7,-2.33,5.54,"Judge, Aaron",592450,647315,home_run,hit_into_play,,,,,8.0,Aaron Judge homers (2) on a fly ball to center field.   DJ LeMahieu scores.,S,R,R,NYY,TOR,X,,fly_ball,0,1,2023,-1.22,0.27,0.09,2.2,,,518934.0,1,5,Bot,169.25,39.33,,,,,9.000962369886096,-137.77912142964936,-3.700557337199449,-17.48861959131096,27.006126253241487,-28.172357957872094,3.97,1.86,409.0,105.5,24.0,94.9,2100.0,6.1,718945,672386,805268,672640,656305,669289,664770,595281,624415,54.37,0.8335588235294116,,2.0,,0.0,3.0,6.0,35,2,Sinker,0,0,0,0,0,2,2,0,Standard,Standard,237.0,0.234,1.491,,,3.1705294117647065,-1.491,105.5,0,0,0.563,0.563,26,31,27,31,1,2,,,,,2.25,1.22,1.22,,,,,,
FF,2023-03-25,93.6,-2.14,5.42,"Judge, Aaron",592450,605400,single,hit_into_play,,,,,7.0,Aaron Judge singles on a ground ball to left fielder Kyle Schwarber.   Anthony Volpe scores.,S,R,R,PHI,NYY,X,7.0,ground_ball,3,1,2023,-1.19,1.38,-0.29,2.49,,683011.0,,2,2,Top,81.89,131.63,,,,,7.444046329247107,-136.06432293949095,-4.848912721867205,-16.446462920609456,31.10134859478243,-14.134184237701223,3.97,1.86,11.0,100.5,-12.0,93.9,2332.0,6.6,718964,592663,669742,681082,664761,607208,656941,656495,592206,53.88,0.247,,0.9,,1.0,0.0,2.0,16,5,4-Seam Fastball,0,4,4,0,5,0,5,0,,,214.0,-0.045,0.61,,,0.279,-0.61,100.5,-4,4,0.163,0.837,30,31,30,31,2,1,,,,,1.23,1.19,1.19,,,,,,
FF,2023-03-25,90.0,2.36,5.56,"Judge, Aaron",592450,674681,field_out,hit_into_play,,,,,4.0,Aaron Judge flies out to right fielder Nick Castellanos.,S,R,L,PHI,NYY,X,9.0,fly_ball,2,1,2023,0.89,1.06,-0.33,3.0,,,,0,6,Top,192.98,132.84,,,,,-8.518429552420614,-130.86835463325997,-2.62583329970113,11.960922574397038,27.09324791676689,-19.63314495921711,3.97,1.86,234.0,89.8,58.0,89.8,2484.0,6.1,718964,592663,669742,681082,664761,607208,656941,656495,592206,54.36,0.013,,0.0,,0.0,0.0,3.0,50,4,4-Seam Fastball,0,8,8,0,8,0,8,0,Standard,Standard,135.0,0.001,-0.313,,,0.025,0.313,89.8,-8,8,0.008,0.992,26,31,27,31,2,3,,,,,1.75,0.89,-0.89,,,,,,
CH,2023-03-25,84.9,2.41,5.49,"Judge, Aaron",592450,674681,single,hit_into_play,,,,,9.0,Aaron Judge singles on a sharp line drive to shortstop Trea Turner.   Anthony Volpe to 2nd.,S,R,L,PHI,NYY,X,6.0,line_drive,2,2,2023,1.14,0.11,0.62,2.2,,,683011.0,0,4,Top,86.59,91.38,,,,,-6.406885836722795,-123.57257312033286,-1.6769411962981795,12.945670425928414,21.11184990451634,-30.919895340323272,3.97,1.86,164.0,107.0,10.0,84.7,1739.0,5.8,718964,592663,669742,681082,664761,607208,656941,656495,592206,54.66,0.853,,0.9,,1.0,0.0,4.0,32,5,Changeup,0,5,5,0,5,0,5,0,Infield shade,Standard,117.0,-0.014,0.478,,,1.112,-0.478,107.0,-5,5,0.071,0.929,26,31,27,31,1,2,,,,,3.01,1.14,-1.14,,,,,,
CH,2023-03-24,87.5,-2.19,5.6,"Judge, Aaron",592450,641154,field_out,hit_into_play,,,,,4.0,"Aaron Judge grounds out, shortstop Brooks Lee to first baseman Jose Miranda.",S,R,R,NYY,MIN,X,6.0,ground_ball,1,1,2023,-1.15,0.34,-0.43,2.82,,,,0,3,Bot,99.1,161.0,,,,,6.687137363965979,-127.36830996490964,-1.3446024719012906,-13.829814556900148,23.60643280810358,-28.334181559100216,3.97,1.86,30.0,103.7,-4.0,88.9,1951.0,6.9,718976,543877,669304,666397,657510,686797,534606,691181,663616,53.6,0.445,,0.0,,0.0,0.0,2.0,21,3,Changeup,2,0,2,0,0,2,2,0,Infield shade,Standard,225.0,-0.014,-0.254,,,0.5,0.254,103.7,2,2,0.763,0.763,27,31,27,31,2,1,,,,,2.61,1.15,1.15,,,,,,
FS,2023-03-24,84.4,-2.26,5.83,"Judge, Aaron",592450,628317,field_out,hit_into_play,,,,,8.0,Aaron Judge flies out to center fielder Emmanuel Rodriguez.,S,R,R,NYY,MIN,X,8.0,fly_ball,0,2,2023,-0.87,-0.22,-0.17,1.92,,,,0,5,Bot,140.36,104.07,,,,,6.561978958427352,-122.8794052597016,-2.3925876617295185,-10.063104553211335,21.11127501123234,-34.1559100689748,3.97,1.86,241.0,75.3,45.0,84.5,1459.0,6.0,718976,543877,669304,666397,657510,686797,534606,691181,663616,54.49,0.142,,0.0,,0.0,0.0,3.0,39,3,Split-Finger,4,1,4,1,1,4,4,1,Infield shade,Standard,244.0,-0.006,-0.169,,,0.179,0.169,88.0,3,3,0.881,0.881,35,31,35,31,1,2,,,,,3.38,0.87,0.87,,,,,,
FF,2023-03-24,95.1,-2.02,5.64,"Judge, Aaron",592450,641154,field_out,hit_into_play,,,,,1.0,Aaron Judge flies out to center fielder Emmanuel Rodriguez.,S,R,R,NYY,MIN,X,8.0,fly_ball,0,0,2023,-0.38,1.33,-0.29,3.37,,,,1,1,Bot,152.51,90.5,,,,,5.4603090900737214,-138.49230174295158,-3.338718302259308,-6.139762602558381,30.0102257111312,-14.447761102654196,3.97,1.86,279.0,86.9,44.0,96.2,2268.0,6.8,718976,543877,669304,666397,657510,686797,534606,691181,663616,53.66,0.008,,0.0,,0.0,0.0,3.0,6,1,4-Seam Fastball,0,0,0,0,0,0,0,0,,,205.0,-0.016,-0.267,,,0.013,0.267,88.0,0,0,0.526,0.526,27,31,27,31,1,0,,,,,1.18,0.38,0.38,,,,,,
SL,2023-03-21,85.8,-1.48,5.51,"Judge, Aaron",592450,605513,field_out,hit_into_play,,,,,5.0,"Aaron Judge grounds out, third baseman Zack Short to first baseman Jonathan Schoop.",S,R,R,NYY,DET,X,5.0,ground_ball,2,2,2023,0.48,0.15,-0.08,2.7,,,,0,4,Bot,99.24,171.85,,,,,2.3418099700030677,-125.08220459757112,-0.7675023379418375,4.599758394631306,23.58762006452907,-30.670154107168393,3.97,1.86,21.0,93.5,-6.0,86.1,2470.0,6.3,719022,606992,570731,514917,670097,668952,640457,641505,681481,54.24,0.255,,0.0,,0.0,0.0,2.0,28,6,Slider,0,2,0,2,2,0,0,2,,,124.0,-0.026,-0.239,,,0.293,0.239,93.5,-2,-2,0.308,0.308,30,31,31,31,2,1,,,,,2.92,-0.48,-0.48,,,,,,
CH,2023-03-19,86.7,-0.9,6.93,"Judge, Aaron",592450,669330,double,hit_into_play,,,,,7.0,Aaron Judge doubles (6) on a sharp line drive to left fielder Franchy Cordero.   DJ LeMahieu to 3rd.,S,R,R,NYY,BAL,X,7.0,line_drive,1,2,2023,-1.04,1.24,-0.61,2.11,,,518934.0,1,3,Bot,47.82,116.85,,,,,2.810844030741397,-126.08965916035078,-7.919790180905011,-11.660539727313733,22.915679916670022,-17.56448525218039,3.97,1.86,155.0,106.7,9.0,87.1,2167.0,6.3,719050,621532,656811,679631,623507,676059,614173,681297,669065,54.19,0.776,,1.25,,1.0,1.0,4.0,22,4,Changeup,0,0,0,0,0,0,0,0,,,214.0,0.101,0.873,,,0.936,-0.873,106.7,0,0,0.55,0.55,28,31,29,31,2,1,,,,,1.77,1.04,1.04,,,,,,
SI,2023-03-19,91.6,-2.06,6.16,"Judge, Aaron",592450,657093,field_out,hit_into_play,,,,,8.0,"Aaron Judge grounds out, third baseman Josh Lester to first baseman TT Bowens.",S,R,R,NYY,BAL,X,5.0,ground_ball,3,1,2023,-0.79,0.99,-0.08,2.32,,,,0,6,Bot,109.35,169.21,,,,,6.68034232842695,-133.3019137906231,-6.054084268276969,-10.682315924531288,24.114845812573726,-19.288803040811345,3.97,1.86,17.0,78.8,-7.0,92.2,2198.0,6.3,719050,621532,688449,679631,623507,676059,614173,681297,669065,54.19,0.105,,0.0,,0.0,0.0,2.0,45,5,Sinker,1,4,1,4,4,1,1,4,,,199.0,-0.047,-0.442,,,0.124,0.442,88.0,-3,-3,0.182,0.182,30,31,31,31,1,2,,,,,1.69,0.79,0.79,,,,,,
FC,2023-03-19,87.1,-1.23,6.94,"Judge, Aaron",592450,669330,grounded_into_double_play,hit_into_play,,,,,6.0,"Aaron Judge grounds into a double play, second baseman Terrin Vavra to shortstop Jordan Westburg to first baseman Ryan O'Hearn.   DJ LeMahieu out at 2nd.    Aaron Judge out at 1st.",S,R,R,NYY,BAL,X,4.0,ground_ball,1,0,2023,0.37,0.67,0.43,2.6,,,518934.0,0,1,Bot,130.01,145.37,,,,,3.227361270251149,-126.8006750532311,-5.677075876452748,3.3891805142457794,24.155238101432307,-24.02803658977957,3.97,1.86,43.0,80.1,1.0,87.4,2473.0,6.3,719050,621532,656811,679631,623507,676059,614173,681297,669065,54.22,0.221,,0.0,,0.0,0.0,2.0,5,2,Cutter,0,0,0,0,0,0,0,0,Standard,Standard,179.0,-0.078,-0.38,,,0.259,0.38,88.0,0,0,0.588,0.588,28,31,29,31,1,0,,,,,2.32,-0.37,-0.37,,,,,,
FF,2023-03-18,92.0,-2.32,5.85,"Judge, Aaron",592450,670102,force_out,hit_into_play,,,,,4.0,"Aaron Judge grounds into a force out, shortstop Bo Bichette to second baseman Whit Merrifield.   Anthony Volpe out at 2nd.    Aaron Judge to 1st.",S,R,R,TOR,NYY,X,6.0,ground_ball,1,0,2023,-0.63,1.36,-0.35,3.2,,,683011.0,0,3,Top,109.35,150.93,,,,,6.4262250564269205,-133.9610626161355,-3.932808186207622,-8.879986727994886,25.847763792624924,-15.058535130517294,3.97,1.86,14.0,96.2,-12.0,93.5,2487.0,6.9,719066,643376,624415,593160,656305,666182,662139,595281,543807,53.6,0.187,,0.0,,0.0,0.0,2.0,20,2,4-Seam Fastball,3,2,2,3,2,3,2,3,Standard,Standard,213.0,0.047,-0.38,,,0.187,0.38,96.2,1,-1,0.562,0.4379999999999999,27,31,27,31,2,1,,,,,1.3,0.63,0.63,,,,,,
FF,2023-03-18,95.6,-1.61,5.69,"Judge, Aaron",592450,641672,field_out,hit_into_play,,,,,1.0,Aaron Judge flies out sharply to center fielder Kevin Kiermaier.,S,R,R,TOR,NYY,X,8.0,fly_ball,2,2,2023,-0.75,1.23,-0.72,3.59,,,,2,7,Top,101.41,57.99,,,,,4.027282878528938,-139.33210158406618,-2.778352343800009,-10.703635143097433,26.97434267093272,-15.576193288528472,3.97,1.86,,106.2,37.0,,2542.0,6.1,719066,670281,703245,676914,663544,680718,592144,595281,683770,54.38,0.6443809523809525,,0.0,,0.0,0.0,6.0,55,5,4-Seam Fastball,5,2,2,5,2,5,2,5,Standard,Standard,221.0,0.007,-0.233,,,2.559714285714286,0.233,106.2,3,-3,0.934,0.0659999999999999,28,31,29,31,1,3,,,,,1.22,0.75,0.75,,,,,,
FF,2023-03-18,94.7,-2.38,5.84,"Judge, Aaron",592450,670102,double,hit_into_play,,,,,4.0,Aaron Judge doubles (5) on a sharp line drive to left fielder Daulton Varsho.   Anthony Volpe to 3rd.,S,R,R,TOR,NYY,X,7.0,line_drive,1,2,2023,-0.75,1.51,-0.72,2.99,,,683011.0,0,1,Top,49.77,68.32,,,,,6.052252969401246,-137.7903482830486,-5.197066701578328,-10.883649930975116,30.389121851169545,-11.981671521683138,3.97,1.86,379.0,103.1,21.0,95.5,2617.0,6.7,719066,643376,624415,593160,656305,666182,662139,595281,543807,53.78,0.4923333333333333,,1.25,,1.0,1.0,6.0,2,4,4-Seam Fastball,0,0,0,0,0,0,0,0,Standard,Standard,213.0,-0.108,0.791,,,1.4920833333333332,-0.791,103.1,0,0,0.473,0.527,27,31,27,31,1,0,,,,,1.03,0.75,0.75,,,,,,
SL,2023-03-16,89.3,-2.78,5.48,"Judge, Aaron",592450,670912,field_out,hit_into_play,,,,,6.0,Aaron Judge flies out to right fielder Mark Mathias.,S,R,R,NYY,PIT,X,9.0,fly_ball,0,0,2023,-0.24,0.5,0.51,2.53,,,,0,3,Bot,145.86,105.91,,,,,8.687065134167375,-129.83643252909178,-2.3411460040507843,-4.43089513343697,26.185366597125466,-26.203345754260376,3.97,1.86,238.0,70.4,35.0,90.5,2483.0,7.0,719096,595978,467793,672779,663647,665833,668751,680552,664029,53.52,0.642,,0.0,,0.0,0.0,4.0,20,1,Slider,2,0,2,0,0,2,2,0,Standard,Standard,164.0,-0.015,-0.265,,,0.763,0.265,88.0,2,2,0.764,0.764,25,31,25,31,2,1,,,,,2.35,0.24,0.24,,,,,,
SL,2023-03-16,83.5,1.88,5.37,"Judge, Aaron",592450,701719,field_out,hit_into_play,,,,,4.0,Aaron Judge lines out to right fielder Connor Scott.,S,R,L,NYY,PIT,X,9.0,line_drive,2,2,2023,-0.42,-0.08,-0.57,2.72,,,,1,7,Bot,158.38,83.62,,,,,-4.897183682839714,-121.5836884647974,0.4496601456724154,-3.300249001642532,21.31589260728377,-33.29677768361548,3.97,1.86,299.0,83.1,27.0,85.2,2432.0,7.1,719096,670190,686843,693304,543482,687019,686445,682656,669002,53.39,0.108,,0.0,,0.0,0.0,3.0,58,6,Slider,5,5,5,5,5,5,5,5,,,259.0,-0.026,-0.234,,,0.162,0.234,88.0,0,0,0.547,0.547,24,31,24,31,1,3,,,,,3.32,-0.42,0.42,,,,,,
SI,2023-03-16,97.8,-2.38,4.93,"Judge, Aaron",592450,670990,field_out,hit_into_play,,,,,13.0,"Aaron Judge grounds out, shortstop Oneil Cruz to first baseman Drew Maggi.",S,R,R,NYY,PIT,X,6.0,ground_ball,0,0,2023,-1.61,0.4,-1.0,2.49,,518934.0,,1,5,Bot,103.66,159.99,,,,,7.53473607123529,-142.30891193422443,-2.0621319286636464,-23.672058216300968,30.588909392784977,-26.430740698311116,3.97,1.86,6.0,82.7,-21.0,99.1,2183.0,6.9,719096,595978,543482,672779,663647,665833,668751,680552,664029,53.63,0.066,,0.0,,0.0,0.0,2.0,35,1,Sinker,2,0,2,0,0,2,2,0,Standard,Strategic,236.0,-0.023,-0.276,,,0.08,0.276,88.0,2,2,0.826,0.826,28,31,28,31,1,2,,,,,1.97,1.61,1.61,,,,,,
FF,2023-03-16,96.1,-3.02,5.23,"Judge, Aaron",592450,670912,double,hit_into_play,,,,,4.0,"Aaron Judge doubles (4) on a sharp fly ball to center fielder Travis Swaggerty.   DJ LeMahieu scores.    Aaron Judge to 3rd.  Aaron Judge advances to 3rd, on a throwing error by shortstop Oneil Cruz.",S,R,R,NYY,PIT,X,8.0,fly_ball,0,1,2023,-0.81,0.82,-0.62,2.79,,,518934.0,0,1,Bot,138.6,34.54,,,,,8.36209437300907,-139.78019026792416,-2.832489133952093,-12.436807689119732,28.116564057736085,-20.92483945747941,3.97,1.86,406.0,106.2,30.0,98.2,2266.0,7.2,719096,595978,467793,672779,663647,665833,668751,680552,664029,53.25,0.8479749999999999,,1.25,,1.0,1.0,6.0,5,2,4-Seam Fastball,0,0,0,0,0,1,1,0,Standard,Standard,218.0,0.141,0.756,,,3.372999999999999,-0.756,106.2,0,0,0.578,0.578,25,31,25,31,1,0,,,,,1.63,0.81,0.81,,,,,,
FF,2023-03-15,91.5,-2.03,5.28,"Judge, Aaron",592450,605400,double,hit_into_play,,,,,5.0,Aaron Judge doubles (3) on a ground ball to left fielder Jake Cave.,S,R,R,NYY,PHI,X,7.0,ground_ball,0,0,2023,-1.05,1.51,0.22,2.85,,,,1,1,Bot,77.6,152.29,,,,,7.959448531010116,-133.06986089598269,-3.5840313603057137,-14.092318828115674,26.50545312028078,-13.551630861739238,3.97,1.86,54.0,84.2,2.0,92.1,2295.0,6.5,719116,605244,642215,543281,664761,664068,595909,669016,592206,54.0,0.292,,1.25,,1.0,1.0,2.0,14,1,4-Seam Fastball,0,7,0,7,7,0,0,7,Standard,Standard,218.0,0.014,0.662,,,0.338,-0.662,88.0,-7,-7,0.057,0.057,30,31,30,31,1,0,,,,,1.2,1.05,1.05,,,,,,
