pitch_type,game_date,release_speed,release_pos_x,release_pos_z,player_name,batter,pitcher,events,description,spin_dir,spin_rate_deprecated,break_angle_deprecated,break_length_deprecated,zone,des,game_type,stand,p_throws,home_team,away_team,type,hit_location,bb_type,balls,strikes,game_year,pfx_x,pfx_z,plate_x,plate_z,on_3b,on_2b,on_1b,outs_when_up,inning,inning_topbot,hc_x,hc_y,tfs_deprecated,tfs_zulu_deprecated,umpire,sv_id,vx0,vy0,vz0,ax,ay,az,sz_top,sz_bot,hit_distance_sc,launch_speed,launch_angle,effective_speed,release_spin_rate,release_extension,game_pk,fielder_2,fielder_3,fielder_4,fielder_5,fielder_6,fielder_7,fielder_8,fielder_9,release_pos_y,estimated_ba_using_speedangle,estimated_woba_using_speedangle,woba_value,woba_denom,babip_value,iso_value,launch_speed_angle,at_bat_number,pitch_number,pitch_name,home_score,away_score,bat_score,fld_score,post_away_score,post_home_score,post_bat_score,post_fld_score,if_fielding_alignment,of_fielding_alignment,spin_axis,delta_home_win_exp,delta_run_exp,bat_speed,swing_length,estimated_slg_using_speedangle,delta_pitcher_run_exp,hyper_speed,home_score_diff,bat_score_diff,home_win_exp,bat_win_exp,age_pit_legacy,age_bat_legacy,age_pit,age_bat,n_thruorder_pitcher,n_priorpa_thisgame_player_at_bat,pitcher_days_since_prev_game,batter_days_since_prev_game,pitcher_days_until_next_game,batter_days_until_next_game,api_break_z_with_gravity,api_break_x_arm,api_break_x_batter_in,arm_angle,attack_angle,attack_direction,swing_path_tilt,intercept_ball_minus_batter_pos_x_inches,intercept_ball_minus_batter_pos_y_inches
ST,2024-10-30,85.7,-3.17,6.14,"Judge, Aaron",592450,595014,double,hit_into_play,,,,,13.0,Aaron Judge doubles (2) on a sharp line drive to left fielder Teoscar Hernández.,W,R,R,NYY,LAD,X,7.0,line_drive,3,2,2024,1.71,-0.27,-0.97,2.59,,,,1,8,Bot,36.59,112.92,,,,,1.693149239074121,-124.73664348315934,-1.5011588030029683,17.350544666290908,28.219996295352168,-34.86038706659642,4.01,1.84,174.0,100.1,12.0,84.1,2643.0,5.5,775296,669257,518692,666158,571970,669242,606192,571771,605141,54.97,0.945,0.921,1.25,1.0,1.0,1.0,4.0,78,7,Sweeper,6,7,6,7,7,6,6,7,Standard,Standard,50.0,0.112,0.58,75.6,7.7,1.16,-0.58,100.1,-1,-1,0.256,0.256,36,32,36,32,1,4,4.0,1.0,,,3.4,-1.71,-1.71,36.4,12.884258134265677,-7.013343576596971,39.123054662399475,31.341502393908016,32.71488451387962
FF,2024-10-30,97.3,-2.28,5.77,"Judge, Aaron",592450,656629,field_out,hit_into_play,,,,,1.0,Aaron Judge flies out sharply to left fielder Teoscar Hernández.,W,R,R,NYY,LAD,X,7.0,fly_ball,1,0,2024,-0.94,1.63,-0.57,3.6,,657077.0,665742.0,1,4,Bot,55.43,79.24,,,,,6.8210648787813675,-141.37350520245133,-4.006595530276336,-14.195339492993554,36.92519395433866,-9.684480418582254,4.01,1.84,342.0,100.9,44.0,97.7,2555.0,6.9,775296,669257,518692,666158,571970,669242,606192,571771,605141,53.55,0.058,0.092,0.0,1.0,0.0,0.0,3.0,35,2,4-Seam Fastball,5,0,5,0,0,5,5,0,Standard,Standard,218.0,-0.009,-0.269,76.6,7.9,0.188,0.269,100.9,5,5,0.954,0.954,28,32,28,32,1,2,2.0,1.0,,,0.81,0.94,0.94,48.0,16.352615415940498,-15.22879705695998,33.17523760545508,34.45363381780436,33.27368515598548
FF,2024-10-30,93.7,-2.23,5.59,"Judge, Aaron",592450,656427,home_run,hit_into_play,,,,,5.0,Aaron Judge homers (3) on a fly ball to right center field. Juan Soto scores.,W,R,R,NYY,LAD,X,,fly_ball,0,0,2024,-0.44,1.42,-0.03,2.9,,,665742.0,1,1,Bot,193.54,50.49,,,,,6.719066973713698,-136.26047420846143,-4.350147926931305,-7.047926124954084,31.483466878016134,-13.770219809802231,4.01,1.84,403.0,108.9,28.0,94.2,2228.0,6.7,775296,669257,518692,666158,571970,669242,606192,571771,605141,53.78,0.9622352941176472,1.948941176470588,2.0,1.0,0.0,3.0,6.0,6,1,4-Seam Fastball,0,0,0,0,0,2,2,0,Standard,Standard,210.0,0.166,1.436,75.9,7.6,3.840470588235293,-1.436,108.9,0,0,0.551,0.551,28,32,29,32,1,0,5.0,1.0,,,1.19,0.44,0.44,29.5,9.486577145136872,2.5388815612606837,36.480167934544326,40.677454257982625,24.52214885799802
KC,2024-10-29,81.2,-0.93,5.98,"Judge, Aaron",592450,689017,field_out,hit_into_play,,,,,4.0,Aaron Judge flies out to center fielder Enrique Hernández.,W,R,R,NYY,LAD,X,8.0,fly_ball,3,2,2024,0.69,-1.43,-0.49,2.89,,,,0,7,Bot,122.86,65.08,,,,,-0.3125764757107512,-118.13507487296918,2.4551905109775745,6.457875858429431,24.946329606093126,-46.17859164338981,4.02,1.83,333.0,92.6,36.0,80.0,2974.0,5.7,775297,669257,518692,666158,571970,669242,606192,571771,605141,54.78,0.061,0.108,0.0,1.0,0.0,0.0,3.0,59,6,Knuckle Curve,6,4,6,4,4,6,6,4,Standard,Standard,34.0,-0.013,-0.333,72.0,7.4,0.191,0.333,92.6,2,2,0.889,0.889,26,32,27,32,2,3,15.0,1.0,,1.0,4.92,-0.69,-0.69,56.1,9.387365545417763,-0.5849020035241022,39.52850507462202,35.94489296983481,28.40364636316879
SL,2024-10-29,85.9,-1.19,6.23,"Judge, Aaron",592450,641703,single,hit_into_play,,,,,5.0,Aaron Judge singles on a sharp line drive to left fielder Teoscar Hernández. Juan Soto scores.,W,R,R,NYY,LAD,X,7.0,line_drive,1,1,2024,0.6,0.17,0.2,2.65,,665742.0,,1,8,Bot,58.6,107.56,,,,,2.0636495092713023,-125.02705991036328,-2.5492750815448373,5.8433269899192055,26.176155183272424,-30.09239790715622,4.02,1.83,281.0,107.8,18.0,85.7,2466.0,6.3,775297,669257,518692,666158,571970,669242,606192,571771,605141,54.25,0.5627619047619048,0.8861904761904762,0.9,1.0,1.0,0.0,6.0,71,3,Slider,10,4,10,4,4,11,11,4,Standard,Standard,137.0,0.001,0.571,78.7,8.6,1.602714285714286,-0.571,107.8,6,6,0.998,0.998,29,32,29,32,1,4,11.0,1.0,,1.0,2.93,-0.6,-0.6,47.2,20.73753171260628,-15.550906991075632,34.835192791925124,44.590049917957074,36.299870762824426
SL,2024-10-29,86.7,-1.04,5.9,"Judge, Aaron",592450,689017,field_error,hit_into_play,,,,,9.0,Aaron Judge reaches on a fielding error by shortstop Tommy Edman.,W,R,R,NYY,LAD,X,6.0,ground_ball,0,1,2024,0.37,0.11,0.38,2.31,,,,0,5,Bot,105.09,136.6,,,,,2.5992757443577537,-126.31036446484912,-2.596724859297797,3.4242186877875924,26.790753998399065,-30.64328495060831,4.02,1.83,88.0,84.8,6.0,85.8,2640.0,5.7,775297,669257,518692,666158,571970,669242,606192,571771,605141,54.76,0.382,0.343,0.9,1.0,0.0,0.0,4.0,43,2,Slider,5,4,5,4,4,5,5,4,Standard,Standard,143.0,0.036,0.52,77.4,8.3,0.396,-0.52,88.0,1,1,0.705,0.705,26,32,27,32,1,2,15.0,1.0,,1.0,2.92,-0.37,-0.37,52.4,12.980287405074057,-3.2020203408796193,38.99313849329826,46.81588734100236,31.329219154543328
KC,2024-10-28,75.7,-1.05,5.85,"Judge, Aaron",592450,621111,field_out,hit_into_play,,,,,6.0,Aaron Judge flies out to left fielder Teoscar Hernández.,W,R,R,NYY,LAD,X,7.0,fly_ball,0,0,2024,1.14,-1.42,0.28,3.03,,,,0,4,Bot,71.44,83.84,,,,,0.7267094650084746,-109.97489306633612,3.9359512008352384,8.925831281012774,23.43675047095003,-44.649474445089616,4.02,1.83,315.0,87.5,37.0,75.0,2429.0,6.4,775298,669257,518692,666158,571970,669242,606192,571771,605141,54.14,0.032,0.047,0.0,1.0,0.0,0.0,3.0,32,1,Knuckle Curve,0,3,0,3,3,0,0,3,Standard,Standard,31.0,-0.025,-0.254,80.1,8.3,0.072,0.254,88.0,-3,-3,0.216,0.216,29,32,30,32,2,1,12.0,2.0,2.0,1.0,5.48,-1.14,-1.14,54.4,25.900028046180385,-17.191546509869422,35.704854346675155,44.28218431629677,39.95284436915706
SI,2024-10-28,98.7,-1.47,6.43,"Judge, Aaron",592450,660813,force_out,hit_into_play,,,,,11.0,"Aaron Judge grounds into a force out, pitcher Brusdar Graterol to shortstop Tommy Edman. Juan Soto out at 2nd. Aaron Judge to 1st.",W,R,R,NYY,LAD,X,1.0,ground_ball,1,0,2024,-1.52,0.82,-0.96,3.27,,,665742.0,1,6,Bot,128.82,182.54,,,,,4.893978523389728,-143.51552742120185,-4.965868427410008,-22.110316453249016,38.96307146320453,-19.81349654031399,4.02,1.83,44.0,62.0,2.0,97.2,2031.0,5.9,775298,669257,518692,666158,571970,669242,606192,571771,605141,54.62,0.142,0.136,0.0,1.0,0.0,0.0,2.0,48,2,Sinker,0,4,0,4,4,0,0,4,Strategic,Standard,218.0,-0.029,-0.35,74.2,6.6,0.166,0.35,88.0,-4,-4,0.104,0.104,25,32,26,32,1,2,3.0,2.0,2.0,1.0,1.55,1.52,1.52,39.8,3.35250968171484,22.86728613732375,39.0481564124476,29.81661802866888,16.599470280772525
FF,2024-10-26,95.4,-1.64,5.31,"Judge, Aaron",592450,808967,field_out,hit_into_play,,,,,1.0,Aaron Judge flies out to right fielder Mookie Betts.,W,R,R,LAD,NYY,X,9.0,fly_ball,2,2,2024,-0.37,1.31,-0.57,3.44,,,,2,3,Top,187.72,122.32,,,,,3.6505089167149425,-138.99080097374895,-2.255311040142773,-5.57935288448671,29.86617801001628,-14.91685869269056,4.02,1.83,246.0,77.4,32.0,95.8,2118.0,6.4,775294,669257,518692,571771,571970,500743,606192,669242,605141,54.11,0.116,0.104,0.0,1.0,0.0,0.0,3.0,20,5,4-Seam Fastball,1,1,1,1,1,1,1,1,Infield shade,Standard,209.0,0.011,-0.219,66.2,6.5,0.125,0.219,88.0,0,0,0.544,0.4559999999999999,25,32,26,32,2,1,9.0,1.0,,2.0,1.18,0.37,0.37,40.3,6.213740997449642,16.931106196662867,35.116532874127664,34.14533210500407,16.099622929818945
SI,2024-10-25,99.3,-1.53,6.3,"Judge, Aaron",592450,660813,single,hit_into_play,,,,,7.0,Aaron Judge singles on a ground ball to center fielder Enrique Hernández.,W,R,R,LAD,NYY,X,8.0,ground_ball,0,1,2024,-1.29,0.71,-0.56,2.16,,,,2,7,Top,120.71,93.35,,,,,5.61788057803089,-144.47369832618668,-7.52243199151504,-19.445226102526444,32.39510018321328,-20.74195278168937,4.02,1.83,107.0,106.5,6.0,98.4,2029.0,5.7,775300,669257,518692,666158,571970,669242,606192,571771,605141,54.77,0.632,0.584,0.9,1.0,1.0,0.0,4.0,51,2,Sinker,1,2,2,1,2,1,2,1,Strategic,Standard,219.0,-0.015,0.373,78.2,7.7,0.713,-0.373,106.5,-1,1,0.353,0.647,25,32,26,32,1,3,31.0,6.0,3.0,1.0,1.6,1.29,1.29,37.6,1.274023494014956,15.439952611630083,46.6738035062327,35.89824758823279,23.219495080641742
FF,2024-10-25,93.5,-2.77,6.1,"Judge, Aaron",592450,595014,field_out,hit_into_play,,,,,2.0,Aaron Judge pops out to shortstop Tommy Edman.,W,R,R,LAD,NYY,X,6.0,popup,1,2,2024,-0.73,1.07,-0.13,3.63,,691176.0,665742.0,2,9,Top,115.11,162.82,,,,,8.285306247190013,-135.92199227843665,-2.9732066332707827,-10.766416980476189,27.931136813460743,-18.383362863053264,4.02,1.83,101.0,105.0,70.0,92.5,2443.0,5.6,775300,669257,518692,666158,571970,669242,606192,571771,605141,54.91,0.005,0.005,0.0,1.0,0.0,0.0,3.0,69,5,4-Seam Fastball,2,2,2,2,2,2,2,2,Standard,Standard,230.0,0.088,-0.188,80.4,8.3,0.005,0.188,105.0,0,0,0.551,0.4489999999999999,36,32,36,32,1,4,5.0,6.0,1.0,1.0,1.53,0.73,0.73,31.7,22.6573090691856,-18.91879566257438,31.23482452122701,40.41738556149397,34.85302817534397
CH,2024-10-19,82.3,-1.98,6.1,"Judge, Aaron",592450,676440,grounded_into_double_play,hit_into_play,,,,,6.0,"Aaron Judge grounds into a double play, shortstop Brayan Rocchio to second baseman Andrés Giménez to first baseman Josh Naylor. Gleyber Torres to 3rd. Juan Soto out at 2nd. Aaron Judge out at 1st.",L,R,R,CLE,NYY,X,6.0,ground_ball,2,1,2024,-1.22,1.21,0.38,2.6,,650402.0,665742.0,0,6,Top,112.23,145.04,,,,,7.74706661766657,-119.51201855773051,-3.6913454945243087,-13.247135003662985,25.16489591227718,-20.102943797910328,4.05,1.84,107.0,95.7,7.0,82.2,2063.0,6.5,775309,666310,647304,665926,608070,677587,680757,657041,678877,53.95,0.555,0.509,0.0,1.0,0.0,0.0,4.0,43,4,Changeup,2,0,0,2,0,2,0,2,Strategic,Standard,217.0,0.17,-0.359,75.5,7.8,0.629,0.359,95.7,2,-2,0.629,0.371,25,32,25,32,3,2,4.0,1.0,,6.0,2.2,1.22,1.22,51.6,12.995626976931575,-0.0163200267304921,40.757387048811125,44.86912104537939,30.350424593654715
FC,2024-10-19,100.4,-1.78,6.17,"Judge, Aaron",592450,661403,field_out,hit_into_play,,,,,5.0,Aaron Judge flies out sharply to right fielder Jhonkensy Noel.,L,R,R,CLE,NYY,X,9.0,fly_ball,1,2,2024,0.18,1.3,0.2,3.27,,,,0,9,Top,195.05,99.52,,,,,5.063786014311866,-146.04082480661663,-5.771734802234272,1.3522164028665091,34.93035137822861,-12.376034092594642,4.05,1.84,300.0,104.7,48.0,100.8,2712.0,6.6,775309,666310,647304,665926,608070,677587,680757,657041,678877,53.91,0.055,0.097,0.0,1.0,0.0,0.0,3.0,63,4,Cutter,2,2,2,2,2,2,2,2,Strategic,Standard,175.0,0.044,-0.186,75.8,7.5,0.194,0.186,104.7,0,0,0.514,0.486,26,32,26,32,1,3,1.0,1.0,,6.0,0.96,-0.18,-0.18,55.4,6.035473744573788,-2.397440949614839,32.69827693942496,44.11776430006611,26.612116744140337
FF,2024-10-18,98.8,-2.83,5.91,"Judge, Aaron",592450,668909,field_out,hit_into_play,,,,,5.0,"Aaron Judge grounds out, shortstop Brayan Rocchio to first baseman Josh Naylor.",L,R,R,CLE,NYY,X,6.0,ground_ball,3,2,2024,-1.16,1.5,-0.04,2.71,,,,0,1,Top,109.7,147.57,,,,,10.42979045448154,-143.3426542206717,-6.772617895225045,-18.53122081681241,37.235766152079336,-10.076838920980515,4.03,1.83,58.0,115.7,0.0,99.4,2458.0,7.1,775311,595978,647304,665926,608070,677587,680757,657041,682177,53.41,0.568,0.525,0.0,1.0,0.0,0.0,4.0,3,6,4-Seam Fastball,0,2,2,0,2,0,2,0,Strategic,Standard,220.0,0.021,-0.333,80.0,8.0,0.627,0.333,115.7,-2,2,0.31,0.69,24,32,25,32,1,0,26.0,1.0,,1.0,0.87,1.16,1.16,35.3,6.187251757303175,-0.6800189078677993,37.55042764258737,41.88970062602894,26.40887380077579
FF,2024-10-18,93.8,-2.67,6.0,"Judge, Aaron",592450,671922,single,hit_into_play,,,,,4.0,Aaron Judge singles on a ground ball to left fielder Steven Kwan. Juan Soto to 2nd.,L,R,R,CLE,NYY,X,7.0,ground_ball,0,0,2024,-0.91,1.45,-0.64,2.95,,,665742.0,0,6,Top,104.27,132.77,,,,,7.373909642293113,-136.2289483297965,-5.396084811029023,-13.038713553853926,32.84324248699967,-13.158584361054134,4.03,1.83,95.0,111.8,4.0,95.0,2380.0,7.3,775311,595978,647304,665926,608070,677587,680757,657041,682177,53.21,0.684,0.66,0.9,1.0,1.0,0.0,4.0,43,1,4-Seam Fastball,2,3,3,2,3,2,3,2,Strategic,Strategic,217.0,-0.054,0.449,83.9,7.7,0.802,-0.449,111.8,-1,1,0.302,0.698,25,32,25,32,1,2,1.0,1.0,1.0,1.0,1.17,0.91,0.91,41.3,11.273284125759394,2.3950920196423517,35.80123232228076,36.51125463675206,25.284604467675976
CU,2024-10-17,72.7,2.36,5.76,"Judge, Aaron",592450,571510,field_out,hit_into_play,,,,,8.0,"Aaron Judge grounds out, shortstop Brayan Rocchio to first baseman Josh Naylor.",L,R,L,CLE,NYY,X,6.0,ground_ball,1,1,2024,-1.16,-0.92,0.11,2.33,,,,1,3,Top,97.61,147.6,,,,,-2.523809680993979,-105.80066087728234,2.093063196191101,-8.239531609808555,18.585746193951124,-39.668326263722726,4.03,1.84,96.0,76.9,11.0,72.3,2337.0,6.1,775310,595978,647304,665926,608070,677587,680757,657041,682177,54.43,0.403,0.362,0.0,1.0,0.0,0.0,4.0,20,3,Curveball,0,1,1,0,1,0,1,0,Infield shade,Strategic,310.0,0.015,-0.243,78.3,8.8,0.437,0.243,88.0,-1,1,0.411,0.589,33,32,33,32,2,1,5.0,2.0,,1.0,5.24,-1.16,1.16,37.0,25.365963277541365,-18.70511661735825,42.589358773529085,43.682858286119114,40.81632165364152
FC,2024-10-17,99.2,-0.54,6.13,"Judge, Aaron",592450,661403,home_run,hit_into_play,,,,,6.0,Aaron Judge homers (2) on a line drive to right field. Juan Soto scores.,L,R,R,CLE,NYY,X,,line_drive,1,2,2024,0.37,0.9,0.66,2.62,,,665742.0,2,8,Top,213.01,83.84,,,,,2.4350848057988257,-144.4824744289209,-6.377551745169977,4.729802189719246,31.72077096148888,-18.27966954616724,4.03,1.84,356.0,109.9,18.0,100.1,2741.0,6.6,775310,595978,647304,665926,608070,677587,680757,657041,682177,53.87,0.6615909090909091,1.0850454545454546,2.0,1.0,0.0,3.0,6.0,63,4,Cutter,3,1,1,3,3,3,3,3,Strategic,Standard,175.0,-0.33,2.297,74.9,7.7,1.992772727272728,-2.297,109.9,2,-2,0.912,0.0879999999999999,26,32,26,32,1,3,5.0,2.0,1.0,1.0,1.4,-0.37,-0.37,51.8,-2.3128563347666984,15.46708638275948,37.07683580937831,50.14277148837102,16.139528756054798
FF,2024-10-15,95.0,-2.64,6.34,"Judge, Aaron",592450,683769,home_run,hit_into_play,,,,,3.0,Aaron Judge homers (1) on a fly ball to center field. Gleyber Torres scores.,L,R,R,NYY,CLE,X,,fly_ball,1,1,2024,-0.89,1.36,0.44,3.96,,,650402.0,1,7,Bot,152.27,30.0,,,,,10.166061677424516,-137.99593761446502,-3.6345652419262193,-13.721990689399192,31.700711768686983,-14.165478148309337,4.04,1.84,414.0,111.3,37.0,95.7,2268.0,6.9,775312,595978,647304,665926,608070,677587,680757,657041,686823,53.63,0.733,1.497,2.0,1.0,0.0,3.0,6.0,64,3,4-Seam Fastball,4,2,4,2,2,6,6,2,Strategic,Strategic,213.0,0.082,1.447,80.3,7.8,2.934,-1.447,111.3,2,2,0.886,0.886,26,32,26,32,1,3,3.0,1.0,2.0,2.0,1.18,0.89,0.89,33.8,24.8626042859225,-0.4490234544668611,21.83250909087358,46.30899417194527,26.41901494920792
FC,2024-10-15,88.3,-1.88,6.4,"Judge, Aaron",592450,676440,field_error,hit_into_play,,,,,4.0,Aaron Judge reaches on a fielding error by shortstop Brayan Rocchio. Gleyber Torres scores. Juan Soto to 2nd.,L,R,R,NYY,CLE,X,6.0,popup,0,1,2024,0.46,0.63,-0.29,2.64,650402.0,,665742.0,0,1,Bot,142.94,140.07,,,,,2.9312244516447605,-128.45308842575875,-4.324993462219549,4.322023135141344,29.8878120568283,-24.547278189900368,4.04,1.84,126.0,103.3,66.0,88.1,2808.0,6.5,775312,666310,647304,665926,608070,677587,680757,657041,686823,54.04,0.003,0.002,0.9,1.0,0.0,0.0,3.0,6,2,Cutter,0,0,0,0,0,1,1,0,Standard,Standard,116.0,0.065,0.443,80.3,8.9,0.003,-0.443,103.3,0,0,0.656,0.656,25,32,25,32,1,0,5.0,1.0,4.0,2.0,2.33,-0.46,-0.46,54.3,23.38488947131056,-22.421244619820584,38.51014858622654,36.50710931971733,39.90207194922484
FF,2024-10-15,96.8,-2.47,6.15,"Judge, Aaron",592450,671922,sac_fly,hit_into_play,,,,,1.0,Aaron Judge out on a sacrifice fly to center fielder Lane Thomas. Anthony Rizzo scores.,L,R,R,NYY,CLE,X,8.0,fly_ball,1,2,2024,-0.92,1.61,-0.63,3.58,519203.0,657077.0,665742.0,1,2,Bot,101.91,71.57,,,,,7.17684388775651,-140.7380585549102,-5.040354784289603,-13.95363741505397,33.96140217462486,-9.821268119172856,4.04,1.84,322.0,88.5,27.0,98.4,2405.0,7.4,775312,666310,647304,665926,608070,677587,680757,657041,686823,53.13,0.066,0.092,0.0,1.0,0.0,0.0,3.0,19,4,4-Seam Fastball,2,0,2,0,0,3,3,0,Standard,Strategic,211.0,0.017,-0.044,72.2,7.1,0.15,0.044,88.5,2,2,0.801,0.801,25,32,25,32,1,1,3.0,1.0,2.0,2.0,0.84,0.92,0.92,43.1,13.717692408205489,-0.5870383357296102,31.843907712159435,33.95203257991823,23.20794660191356
FF,2024-10-15,91.8,-0.47,5.77,"Judge, Aaron",592450,669212,field_out,hit_into_play,,,,,4.0,Aaron Judge flies out to center fielder Lane Thomas.,L,R,R,NYY,CLE,X,8.0,fly_ball,1,1,2024,-1.25,1.41,-0.39,3.15,,,,0,5,Bot,121.8,69.7,,,,,2.9363553173772634,-133.58324017804654,-3.7506823959535818,-15.51898693345097,33.06980598388244,-14.794958950294143,4.04,1.84,321.0,92.5,40.0,91.6,2310.0,6.5,775312,595978,647304,665926,608070,677587,680757,657041,686823,53.98,0.032,0.059,0.0,1.0,0.0,0.0,3.0,47,3,4-Seam Fastball,3,2,3,2,2,3,3,2,Infield shade,Strategic,224.0,-0.02,-0.243,80.6,7.7,0.1,0.243,92.5,1,1,0.707,0.707,28,32,28,32,1,2,3.0,1.0,2.0,2.0,1.33,1.25,1.25,48.7,10.262935084810788,-1.4012769796828766,34.750302453693095,36.56891886618155,31.68055648481267
FF,2024-10-14,92.2,0.93,6.08,"Judge, Aaron",592450,681870,field_out,hit_into_play,,,,,4.0,Aaron Judge lines out to right fielder Daniel Schneemann.,L,R,L,NYY,CLE,X,9.0,line_drive,0,0,2024,0.35,1.77,-0.39,2.81,,,,0,7,Bot,157.23,82.97,,,,,-4.161788947589064,-133.89617029977072,-6.235777897395393,5.289036183936946,36.06549793359753,-9.832992333248963,3.99,1.82,300.0,99.8,18.0,91.9,2571.0,6.8,775314,666310,647304,665926,608070,677587,680757,657041,682177,53.69,0.397,0.444,0.0,1.0,0.0,0.0,4.0,54,1,4-Seam Fastball,4,1,4,1,1,4,4,1,Strategic,Strategic,152.0,-0.005,-0.254,76.2,7.2,0.657,0.254,99.8,3,3,0.941,0.941,26,32,27,32,1,3,2.0,4.0,1.0,1.0,0.98,0.35,-0.35,48.5,4.989908765061763,17.547118593224955,40.18002514482014,36.34600089878978,21.821586246767893
SI,2024-10-14,92.9,-1.04,5.98,"Judge, Aaron",592450,658648,sac_fly,hit_into_play,,,,,5.0,Aaron Judge out on a sacrifice fly to center fielder Lane Thomas.   Gleyber Torres scores.,L,R,R,NYY,CLE,X,8.0,fly_ball,3,0,2024,-1.07,1.09,-0.19,3.04,650402.0,,665742.0,0,4,Bot,127.57,72.62,,,,,4.506952983889548,-135.07743700142265,-4.037044870064689,-14.045293403486513,34.6897211877869,-18.181030978154823,3.99,1.82,314.0,101.4,45.0,92.1,2398.0,6.3,775314,666310,647304,665926,608070,677587,680757,657041,678877,54.22,0.039,0.057,0.0,1.0,0.0,0.0,3.0,35,4,Sinker,3,0,3,0,0,4,4,0,Strategic,Strategic,209.0,-0.01,-0.418,81.1,8.2,0.118,0.418,101.4,3,3,0.923,0.923,27,32,27,32,1,2,17.0,4.0,1.0,1.0,1.59,1.07,1.07,45.4,14.128448460169526,-11.53664500032178,36.97931860031676,38.13137674162213,29.955240165809712
SI,2024-10-10,95.4,-1.73,6.52,"Judge, Aaron",592450,608379,grounded_into_double_play,hit_into_play,,,,,1.0,"Aaron Judge grounds into a double play, shortstop Bobby Witt Jr. to second baseman Michael Massey to first baseman Yuli Gurriel. Juan Soto out at 2nd. Aaron Judge out at 1st.",D,R,R,KC,NYY,X,6.0,ground_ball,2,2,2024,-1.09,1.15,-0.82,3.5,,,665742.0,0,1,Top,106.75,154.83,,,,,4.880443943490219,-138.8380065150739,-4.9665059384502985,-15.174469983643853,28.54345585563288,-16.36505667893781,3.99,1.82,16.0,67.2,-10.0,96.3,2146.0,6.6,775331,521692,493329,686681,672580,677951,669004,664728,502054,53.88,0.063,0.061,0.0,1.0,0.0,0.0,2.0,3,5,Sinker,0,1,1,0,1,0,1,0,Standard,Standard,204.0,0.063,-0.34,71.8,6.5,0.079,0.34,88.0,-1,1,0.375,0.625,32,32,33,32,1,0,5.0,1.0,,4.0,1.34,1.09,1.09,46.8,-1.4229259233338294,10.481754548476898,36.53879724022832,31.84201156395436,16.432528089323274
SI,2024-10-10,98.6,-1.82,6.08,"Judge, Aaron",592450,668674,double,hit_into_play,,,,,5.0,Aaron Judge doubles (1) on a sharp line drive to left fielder MJ Melendez.,D,R,R,KC,NYY,X,7.0,line_drive,2,1,2024,-1.11,0.89,0.02,2.76,,,,0,6,Top,85.68,60.04,,,,,7.589434400474623,-143.4887619919526,-5.7077988279988165,-17.089492070761935,30.536156494342457,-18.73641307034378,3.99,1.82,358.0,115.5,16.0,99.0,1940.0,6.3,775331,521692,493329,686681,672580,677951,669004,664728,502054,54.16,0.597,0.93775,1.25,1.0,1.0,1.0,6.0,38,4,Sinker,0,2,2,0,2,0,2,0,Standard,Standard,229.0,-0.044,0.651,79.5,7.9,1.6885,-0.651,115.5,-2,2,0.218,0.782,29,32,29,32,1,2,3.0,1.0,,4.0,1.44,1.11,1.11,43.1,11.81971953796845,-4.204042510069633,39.18742496340902,43.14472243109267,26.39015740300812
FC,2024-10-09,88.8,-1.34,5.73,"Judge, Aaron",592450,607625,field_out,hit_into_play,,,,,5.0,Aaron Judge flies out to center fielder Kyle Isbel.,D,R,R,KC,NYY,X,8.0,fly_ball,1,1,2024,0.51,0.79,0.12,3.12,665828.0,,650402.0,2,5,Top,113.59,51.37,,,,,2.505323721682068,-129.4390783700074,-2.05235510561094,5.248826087535599,24.460451345878905,-23.065221698815954,3.96,1.81,366.0,99.2,39.0,88.5,2464.0,5.8,775329,521692,493329,686681,672580,677951,669004,664728,624428,54.7,0.175,0.342,0.0,1.0,0.0,0.0,3.0,35,3,Cutter,0,2,2,0,2,0,2,0,Standard,Standard,197.0,0.038,-0.284,82.3,8.1,0.674,0.284,99.2,-2,2,0.251,0.749,34,32,35,32,3,2,7.0,2.0,,1.0,2.07,-0.51,-0.51,33.6,16.93157706249912,-2.469843858233681,33.1415583230598,44.20024297268955,31.724651769324193
SV,2024-10-09,80.9,-1.34,5.3,"Judge, Aaron",592450,607625,field_out,hit_into_play,,,,,5.0,Aaron Judge flies out to left fielder MJ Melendez.,D,R,R,KC,NYY,X,7.0,fly_ball,2,1,2024,1.68,-0.1,0.15,2.74,,,665742.0,0,4,Top,40.71,90.3,,,,,0.11757214497706,-117.75917806841105,1.1685889385991044,15.504819529078604,24.479027855123583,-33.537187669204336,3.96,1.81,340.0,90.2,31.0,80.0,2958.0,5.9,775329,521692,493329,686681,672580,677951,669004,664728,624428,54.64,0.066,0.091,0.0,1.0,0.0,0.0,3.0,22,4,Slurve,0,0,0,0,0,0,0,0,Standard,Standard,61.0,0.047,-0.282,79.9,8.3,0.15,0.282,90.2,0,0,0.45,0.55,34,32,35,32,2,1,7.0,2.0,,1.0,3.6,-1.68,-1.68,31.1,21.676626289428267,-14.53090247193811,38.49129076252039,43.650473472197945,37.56645850321172
FF,2024-10-09,95.7,-1.31,5.5,"Judge, Aaron",592450,607625,field_out,hit_into_play,,,,,2.0,Aaron Judge lines out sharply to shortstop Bobby Witt Jr.,D,R,R,KC,NYY,X,6.0,line_drive,0,2,2024,-0.48,1.22,0.23,3.34,,,,2,1,Top,95.94,128.56,,,,,5.130900329935742,-139.23951176910236,-2.807925950547025,-7.374364689087152,32.255357974997565,-15.898625262487265,3.96,1.81,194.0,114.4,9.0,95.3,2467.0,6.2,775329,521692,493329,686681,672580,677951,669004,664728,624428,54.34,0.858,0.871,0.0,1.0,0.0,0.0,5.0,3,3,4-Seam Fastball,0,0,0,0,0,0,0,0,Standard,Standard,221.0,0.007,-0.157,75.9,7.7,1.148,0.157,114.4,0,0,0.541,0.4589999999999999,34,32,35,32,1,0,7.0,2.0,,1.0,1.28,0.48,0.48,30.6,7.133656636743572,-1.0065119128204678,35.732330097248756,43.73737628957445,27.767316947727455
SL,2024-10-07,85.8,1.36,6.31,"Judge, Aaron",592450,666142,field_out,hit_into_play,,,,,7.0,Aaron Judge flies out to right fielder Hunter Renfroe.,D,R,L,NYY,KC,X,9.0,fly_ball,1,2,2024,-0.05,0.1,-0.41,1.83,,,650402.0,1,3,Bot,204.18,94.99,,,,,-4.094979600806477,-124.94262518522407,-4.577510367609553,0.27527633538441,24.0394563810263,-30.458776435304937,4.01,1.84,321.0,98.1,36.0,86.0,2502.0,6.3,775332,521692,493329,686681,672580,677951,502054,641658,592669,54.24,0.2463333333333334,0.4841111111111111,0.0,1.0,0.0,0.0,5.0,24,4,Slider,0,0,0,0,0,0,0,0,Standard,Standard,68.0,-0.024,-0.186,74.6,8.0,0.9474444444444444,0.186,98.1,0,0,0.55,0.55,26,32,27,32,2,1,6.0,2.0,,2.0,2.98,-0.05,0.05,42.0,4.697301524777119,-4.160388140821189,44.690795681719614,38.53517675243173,30.270860329633315
ST,2024-10-07,83.4,2.32,5.61,"Judge, Aaron",592450,663460,single,hit_into_play,,,,,4.0,Aaron Judge singles on a ground ball to third baseman Maikel Garcia.,D,R,L,NYY,KC,X,5.0,ground_ball,0,0,2024,-1.08,-0.44,-0.37,2.64,,,,0,8,Bot,100.62,166.06,,,,,-4.1054525087868114,-121.37006620648006,0.5270903426762916,-9.767105340272645,24.91886794730243,-36.8622631019705,4.01,1.84,17.0,86.6,-8.0,84.0,2753.0,6.8,775332,521692,493329,686681,672580,677951,669004,664728,502054,53.71,0.121,0.187,0.9,1.0,1.0,0.0,2.0,64,1,Sweeper,1,4,1,4,4,1,1,4,Standard,Standard,325.0,0.053,0.448,76.7,7.4,0.121,-0.448,88.0,-3,-3,0.087,0.087,26,32,27,32,1,3,5.0,2.0,2.0,2.0,3.73,-1.08,1.08,34.3,3.950291273682277,5.1000004821365374,43.208569727802896,37.14404255563893,24.33013994623801
CU,2024-10-05,77.0,-1.74,6.48,"Judge, Aaron",592450,608379,field_out,hit_into_play,,,,,6.0,Aaron Judge flies out to center fielder Kyle Isbel.,D,R,R,NYY,KC,X,8.0,fly_ball,0,1,2024,1.03,-1.1,0.74,2.59,,,,1,3,Bot,112.4,62.86,,,,,3.4008484316389858,-112.01967518642412,0.8868938296847515,7.806302426557598,24.54506509288614,-41.73263228849088,4.01,1.84,339.0,93.2,27.0,76.7,2409.0,6.6,775334,521692,493329,686681,672580,677951,669004,664728,502054,53.9,0.147,0.196,0.0,1.0,0.0,0.0,3.0,24,2,Curveball,2,1,2,1,1,2,2,1,Standard,Standard,30.0,-0.013,-0.219,78.6,8.2,0.329,0.219,93.2,1,1,0.646,0.646,32,32,33,32,2,1,9.0,7.0,5.0,2.0,5.01,-1.03,-1.03,49.6,14.838771978280445,-2.694869485934783,40.351991231532615,49.641199533307045,28.927570475118824
FF,2024-09-26,96.2,-0.71,6.55,"Judge, Aaron",592450,641329,home_run,hit_into_play,,,,,5.0,Aaron Judge homers (58) on a fly ball to left center field. Juan Soto scores.,R,R,R,NYY,BAL,X,,fly_ball,1,0,2024,-0.03,1.46,0.13,2.97,,,665742.0,1,7,Bot,69.45,49.73,,,,,2.311965627174844,-140.0208882296614,-7.27834907791005,-0.9377567547142448,31.72327222112295,-11.530511564209364,4.03,1.82,394.0,110.9,42.0,97.0,2165.0,6.7,745691,543510,656811,676059,602104,683002,681297,656775,623993,53.78,0.519,1.078,2.0,1.0,0.0,3.0,6.0,54,2,4-Seam Fastball,7,0,7,0,0,9,9,0,Standard,Standard,197.0,0.002,1.4,80.5,8.4,2.103,-1.4,110.9,7,7,0.997,0.997,29,32,30,32,1,3,5.0,1.0,,2.0,1.0,0.03,0.03,59.6,18.02090938295808,-13.403856179750903,37.11129316111731,41.42915089958706,37.48648409079065
SI,2024-09-25,92.0,-2.31,5.83,"Judge, Aaron",592450,621107,single,hit_into_play,,,,,6.0,Aaron Judge singles on a sharp line drive to center fielder Cedric Mullins.,R,R,R,NYY,BAL,X,8.0,line_drive,3,2,2024,-1.04,0.55,0.33,2.85,,,,2,5,Bot,110.0,87.0,,,,,9.027925817373728,-133.7351896124859,-2.948406844780028,-14.345222943731,27.866188734434115,-25.08155804780982,4.03,1.83,165.0,113.3,7.0,92.9,1992.0,6.8,745690,543510,663624,676059,602104,683002,681297,656775,623993,53.68,0.768,0.747,0.9,1.0,1.0,0.0,5.0,49,7,Sinker,3,8,3,8,8,3,3,8,Standard,Standard,231.0,0.006,0.263,76.9,7.8,0.94,-0.263,113.3,-5,-5,0.053,0.053,30,32,30,32,3,2,6.0,1.0,7.0,1.0,2.14,1.04,1.04,29.0,2.855471987347616,-3.061415441764661,37.52830682098022,47.400240589859195,23.456698914254567
SI,2024-09-25,93.6,-2.27,5.79,"Judge, Aaron",592450,621107,field_out,hit_into_play,,,,,8.0,"Aaron Judge grounds out sharply, second baseman Jordan Westburg to first baseman Ryan Mountcastle.",R,R,R,NYY,BAL,X,4.0,ground_ball,0,0,2024,-1.35,0.3,-0.06,2.21,,,,1,3,Bot,136.3,148.44,,,,,8.725740677940811,-136.04231635428022,-4.196843156314314,-18.62660116296689,28.285690665657516,-27.692983881661625,4.03,1.83,99.0,115.3,4.0,94.5,2072.0,6.7,745690,543510,663624,676059,602104,683002,681297,656775,623993,53.76,0.695,0.663,0.0,1.0,0.0,0.0,5.0,27,1,Sinker,1,3,1,3,3,1,1,3,Standard,Standard,231.0,-0.019,-0.256,81.0,8.0,0.815,0.256,115.3,-2,-2,0.301,0.301,30,32,30,32,2,1,6.0,1.0,7.0,1.0,2.29,1.35,1.35,26.4,3.7297409328811506,5.6371419302106816,44.76568839465578,41.30752998023384,20.934082504091503
ST,2024-09-25,84.0,-4.18,5.86,"Judge, Aaron",592450,621199,home_run,hit_into_play,,,,,7.0,Aaron Judge homers (57) on a fly ball to center field. Gleyber Torres scores. Juan Soto scores.,R,R,R,NYY,BAL,X,,fly_ball,3,2,2024,1.16,0.32,-0.52,2.44,650402.0,,665742.0,1,9,Bot,84.99,37.24,,,,,6.223641465607919,-122.21222243104312,-2.152352259088762,10.31641084414411,24.499344921962575,-28.763738384509224,4.03,1.83,412.0,112.7,33.0,84.5,2596.0,6.6,745690,543510,663624,676059,602104,683002,681297,656775,623993,53.87,0.9763333333333334,1.9833333333333336,2.0,1.0,0.0,3.0,6.0,84,7,Sweeper,4,9,4,9,9,7,7,9,Standard,Standard,74.0,0.022,1.169,77.1,8.2,3.905333333333333,-1.169,112.7,-5,-5,0.025,0.025,33,32,33,32,1,4,4.0,1.0,1.0,1.0,2.92,-1.16,-1.16,40.9,15.573989636273938,-5.301543247244575,36.96275234489373,36.119345291632655,36.65616186751715
ST,2024-09-25,79.5,-0.89,6.32,"Judge, Aaron",592450,543056,field_out,hit_into_play,,,,,4.0,"Aaron Judge grounds out, third baseman Ramón Urías to first baseman Ryan Mountcastle.",R,R,L,NYY,BAL,X,5.0,ground_ball,0,0,2024,-0.96,-0.68,-0.52,2.63,,,,1,7,Bot,98.73,164.8,,,,,2.596399159769981,-115.74295808821192,-0.0041343726659364,-9.12775182812951,24.424586488090863,-38.43324518278763,4.03,1.83,68.0,92.4,3.0,78.2,2618.0,5.7,745690,543510,663624,676059,602104,683002,681297,656775,623993,54.83,0.468,0.436,0.0,1.0,0.0,0.0,4.0,64,1,Sweeper,3,8,3,8,8,3,3,8,Standard,Standard,322.0,-0.006,-0.256,69.3,8.0,0.529,0.256,92.4,-5,-5,0.027,0.027,34,32,35,32,1,3,3.0,1.0,2.0,1.0,4.32,-0.96,0.96,60.1,12.047453202629816,-3.955113369850613,41.311314167461205,36.82700429715355,31.11188617312668
FS,2024-09-24,83.3,-1.61,6.25,"Judge, Aaron",592450,665152,home_run,hit_into_play,,,,,8.0,Aaron Judge homers (56) on a fly ball to left center field.,R,R,R,NYY,BAL,X,,fly_ball,3,2,2024,-0.85,0.76,-0.21,2.15,,,,0,4,Bot,53.4,50.99,,,,,4.876869784373887,-121.26970390985926,-4.495782087152264,-9.349411258003412,22.42898709853519,-24.02899313940949,4.02,1.84,407.0,110.4,33.0,83.4,953.0,6.2,745688,668939,656811,676059,602104,683002,681297,656775,623993,54.29,0.9267777777777776,1.881,2.0,1.0,0.0,3.0,6.0,28,6,Split-Finger,0,2,0,2,2,1,1,2,Standard,Standard,222.0,0.11,1.035,80.1,8.5,3.7021111111111114,-1.035,110.4,-2,-2,0.318,0.318,28,32,28,32,2,1,6.0,2.0,,1.0,2.51,0.85,0.85,49.2,23.587651056367445,-3.089663170496815,45.35023073139807,38.312763100858746,35.99819177845512
SI,2024-09-24,95.7,-2.19,5.48,"Judge, Aaron",592450,666974,field_out,hit_into_play,,,,,8.0,Aaron Judge flies out sharply to right fielder Anthony Santander.,R,R,R,NYY,BAL,X,9.0,fly_ball,2,1,2024,-1.39,-0.03,0.2,2.09,,,,0,8,Bot,176.03,62.49,,,,,9.322568777318558,-138.98995029121562,-3.197300228391673,-20.1666096651964,32.64215413582601,-32.02797724963995,4.02,1.84,359.0,101.5,25.0,94.5,2104.0,5.8,745688,668939,663624,676059,602104,683002,681297,656775,623993,54.71,0.5298867924528301,0.9614528301886794,0.0,1.0,0.0,0.0,6.0,64,4,Sinker,3,5,3,5,5,3,3,5,Standard,Standard,253.0,-0.052,-0.296,78.9,8.0,1.8469811320754717,0.296,101.5,-2,-2,0.175,0.175,30,32,30,32,1,3,2.0,2.0,2.0,1.0,2.54,1.39,1.39,15.0,5.445724046055004,-0.2075194133093091,42.58035272403381,45.171894454189655,28.591787961645824
FC,2024-09-24,89.6,-1.86,6.22,"Judge, Aaron",592450,665152,force_out,hit_into_play,,,,,9.0,"Aaron Judge grounds into a force out, third baseman Ramón Urías to second baseman Jordan Westburg. Gleyber Torres out at 2nd. Aaron Judge to 1st.",R,R,R,NYY,BAL,X,5.0,ground_ball,0,2,2024,0.07,0.98,0.32,2.14,,,650402.0,1,1,Bot,108.62,174.3,,,,,5.186574245781372,-130.30776823629066,-6.091948244453458,-0.3367041314543819,28.558704764583375,-19.86378227671741,4.02,1.84,,,,88.7,2479.0,5.8,745688,668939,656811,676059,602104,683002,681297,656775,623993,54.65,,,0.0,,0.0,0.0,,6,3,Cutter,0,0,0,0,0,0,0,0,Standard,Standard,192.0,-0.019,-0.222,76.8,7.3,,0.222,,0,0,0.541,0.541,28,32,28,32,1,0,6.0,2.0,,1.0,1.87,-0.07,-0.07,43.6,0.3110794444656617,14.94020082276935,42.30256025593372,45.60150997715253,20.572193550909617
ST,2024-09-22,79.3,-2.42,5.82,"Judge, Aaron",592450,683155,double,hit_into_play,,,,,6.0,Aaron Judge doubles (36) on a line drive to left fielder Seth Brown. Juan Soto to 3rd.,R,R,R,ATH,NYY,X,7.0,line_drive,1,0,2024,1.43,0.67,0.64,3.11,,,665742.0,0,5,Top,42.85,109.12,,,,,3.990616171780997,-115.3700223042508,-0.3394109095099988,11.883837773662162,23.080115960408367,-26.386580361630205,3.99,1.82,183.0,90.6,15.0,78.3,2494.0,5.8,745608,669127,691016,680869,680474,805779,664913,668709,671732,54.72,0.953,0.9,1.25,1.0,1.0,1.0,4.0,39,2,Sweeper,2,4,4,2,4,2,4,2,Standard,Standard,80.0,-0.072,0.692,80.9,8.7,1.111,-0.692,90.6,-2,2,0.218,0.782,22,32,23,32,3,2,6.0,1.0,6.0,2.0,2.98,-1.43,-1.43,34.8,26.762445959302298,-15.71279651000762,32.17677049367308,48.283052074342905,40.04707927924538
SI,2024-09-22,92.6,-2.31,5.87,"Judge, Aaron",592450,683155,home_run,hit_into_play,,,,,8.0,Aaron Judge homers (55) on a fly ball to center field.,R,R,R,ATH,NYY,X,,fly_ball,3,2,2024,-1.25,0.98,-0.08,2.42,,,,1,3,Top,140.59,27.44,,,,,8.378215794119653,-134.50973207093517,-5.129989476578821,-16.95959743857326,28.45408706895669,-19.338924284953436,3.99,1.82,407.0,110.9,34.0,92.1,2326.0,6.0,745608,669127,691016,680869,680474,805779,664913,668709,671732,54.46,0.92075,1.87725,2.0,1.0,0.0,3.0,6.0,22,6,Sinker,2,2,2,2,3,2,3,2,Standard,Standard,218.0,-0.111,1.506,79.8,8.7,3.69525,-1.506,110.9,0,0,0.521,0.479,22,32,23,32,2,1,6.0,1.0,6.0,2.0,1.68,1.25,1.25,35.8,18.647347305776492,-5.217126562877497,42.27008104791219,39.31378098987389,31.882947042353177
ST,2024-09-22,80.1,-2.27,5.83,"Judge, Aaron",592450,683155,field_out,hit_into_play,,,,,9.0,Aaron Judge flies out to left fielder Seth Brown.,R,R,R,ATH,NYY,X,7.0,fly_ball,3,2,2024,1.32,0.82,0.54,2.46,,,650402.0,1,1,Top,43.7,97.14,,,,,3.7165183729464415,-116.73277727565387,-2.298517563147668,11.375425654866774,21.44050132186731,-24.48282416198661,3.99,1.82,322.0,89.2,27.0,79.8,2422.0,5.9,745608,669127,691016,680869,680474,805779,664913,668709,671732,54.56,0.063,0.075,0.0,1.0,0.0,0.0,3.0,3,8,Sweeper,0,0,0,0,0,0,0,0,Standard,Standard,78.0,0.034,-0.31,75.0,8.6,0.13,0.31,89.2,0,0,0.492,0.508,22,32,23,32,1,0,6.0,1.0,6.0,2.0,2.72,-1.32,-1.32,37.8,17.564181742965737,-12.934863018546269,36.22300303499778,45.72407737090365,41.4610486331294
CH,2024-09-21,84.9,1.45,4.71,"Judge, Aaron",592450,676664,single,hit_into_play,,,,,14.0,Aaron Judge singles on a line drive to right fielder Lawrence Butler. Juan Soto to 2nd.,R,R,L,ATH,NYY,X,9.0,line_drive,0,0,2024,1.35,0.17,0.97,2.57,,,665742.0,0,3,Top,185.33,114.36,,,,,-3.825539905500107,-123.49044739138296,1.0833429923593176,14.518944757878304,27.966944393020963,-30.920278164515334,3.99,1.82,230.0,77.2,27.0,84.5,1668.0,6.4,745610,669127,663527,680869,669397,805779,663662,668709,671732,54.11,0.397,0.375,0.9,1.0,1.0,0.0,3.0,20,1,Changeup,0,3,3,0,3,0,3,0,Standard,Standard,106.0,-0.031,0.449,75.7,7.8,0.467,-0.449,88.0,-3,3,0.185,0.815,28,32,28,32,2,1,6.0,1.0,6.0,1.0,3.03,1.35,-1.35,19.5,9.18792377489488,2.966725769251955,37.42926388057711,52.43421186320688,29.269307771773637
SL,2024-09-21,81.8,-1.28,6.25,"Judge, Aaron",592450,656232,home_run,hit_into_play,,,,,1.0,Aaron Judge homers (54) on a fly ball to center field.,R,R,R,ATH,NYY,X,,fly_ball,0,0,2024,0.72,0.05,-0.33,3.4,,,,0,7,Top,93.92,30.0,,,,,0.726878569918562,-119.09285787456746,0.0975717104278945,6.646807101086021,25.986067330632498,-31.97745522360379,3.99,1.82,425.0,107.2,34.0,80.2,2410.0,5.4,745610,669127,663527,680869,669397,805779,663662,668709,671732,55.07,0.8279411764705884,1.6805294117647065,2.0,1.0,0.0,3.0,6.0,53,1,Slider,0,6,6,0,7,0,7,0,Standard,Standard,41.0,-0.008,1.114,74.1,7.6,3.3064705882352943,-1.114,107.2,-6,6,0.017,0.983,28,32,28,32,1,3,5.0,1.0,,1.0,3.39,-0.72,-0.72,48.7,15.586118916093602,0.5006687633123581,37.98348664875772,36.47294701908579,29.19076648781611
SI,2024-09-20,93.9,-1.18,5.85,"Judge, Aaron",592450,669372,field_out,hit_into_play,,,,,2.0,Aaron Judge pops out to first baseman Tyler Soderstrom.,R,R,R,ATH,NYY,X,3.0,popup,2,1,2024,-1.36,0.57,-0.19,3.53,,,,2,1,Top,165.48,154.46,,,,,5.652226992358679,-136.6807148155028,-1.5879992066561477,-18.32609924857819,28.578327572773738,-24.830674032604957,3.99,1.82,138.0,79.0,65.0,95.0,2089.0,6.8,745606,669127,691016,680869,680474,805779,664913,668709,671732,53.71,0.013,0.016,0.0,1.0,0.0,0.0,3.0,3,4,Sinker,0,0,0,0,0,0,0,0,Infield shade,Standard,218.0,0.011,-0.303,72.4,7.4,0.022,0.303,88.0,0,0,0.537,0.4629999999999999,25,32,25,32,1,0,6.0,1.0,6.0,1.0,2.0,1.36,1.36,46.6,10.982110905464964,2.4950287178467714,33.60319193104203,38.932856786511024,25.031776985175508
FF,2024-09-20,100.5,-1.82,6.23,"Judge, Aaron",592450,695243,field_out,hit_into_play,,,,,5.0,Aaron Judge flies out sharply to right fielder Lawrence Butler in foul territory.,R,R,R,ATH,NYY,X,9.0,fly_ball,0,1,2024,-1.03,1.5,0.22,3.19,,,,1,9,Top,205.19,133.3,,,,,8.160434229733156,-145.97951685815855,-6.622358588503643,-16.767957110977672,37.58389809633427,-9.359930166933523,3.99,1.82,254.0,101.3,58.0,100.9,2534.0,6.8,745606,669127,691016,680869,680474,805779,664913,668709,671732,53.7,0.008,0.009,0.0,1.0,0.0,0.0,3.0,56,2,4-Seam Fastball,1,1,1,1,1,1,1,1,Standard,Standard,218.0,0.04,-0.219,77.7,8.3,0.015,0.219,101.3,0,0,0.565,0.435,25,32,26,32,1,3,2.0,1.0,4.0,1.0,0.78,1.03,1.03,39.3,15.9691848349307,-7.864784288918693,39.310122764372615,43.626349865190775,27.323065261921723
FF,2024-09-19,98.1,-1.01,5.78,"Judge, Aaron",592450,669302,single,hit_into_play,,,,,1.0,Aaron Judge singles on a ground ball to left fielder Randy Arozarena.,R,R,R,SEA,NYY,X,7.0,ground_ball,0,0,2024,-0.71,1.46,-0.31,3.44,,,,2,3,Top,72.15,103.95,,,,,3.637068986118469,-142.76261101421852,-4.3117591026426725,-10.597466941034758,32.78691774649159,-11.47783421163628,3.98,1.82,135.0,87.2,10.0,100.3,2281.0,7.5,745204,663728,457759,664238,668942,641487,668227,677594,670042,53.03,0.55,0.495,0.9,1.0,1.0,0.0,4.0,26,1,4-Seam Fastball,3,0,0,3,0,3,0,3,Standard,Standard,211.0,-0.012,0.333,76.0,7.3,0.582,-0.333,88.0,3,-3,0.831,0.169,27,32,27,32,2,1,5.0,1.0,5.0,1.0,0.91,0.71,0.71,42.8,7.924196168750413,3.0550763119009847,35.002721284885816,36.38560903384074,27.67241710107795
FF,2024-09-19,98.1,-0.87,5.86,"Judge, Aaron",592450,669302,fielders_choice,hit_into_play,,,,,6.0,"Aaron Judge reaches on a fielder's choice, fielded by third baseman Josh Rojas. Gleyber Torres to 2nd. Gleyber Torres advances to 2nd, on a fielding error by third baseman Josh Rojas.",R,R,R,SEA,NYY,X,5.0,ground_ball,0,0,2024,-0.46,1.48,0.36,3.08,,,650402.0,1,1,Top,101.83,162.68,,,,,4.508707028633813,-142.79890584025642,-5.644731082268692,-7.268022898151542,30.607467401962165,-10.795155106857235,3.98,1.82,29.0,99.5,-4.0,101.0,2313.0,7.7,745204,663728,457759,664238,668942,641487,668227,677594,670042,52.82,0.313,0.293,0.9,1.0,0.0,0.0,2.0,3,1,4-Seam Fastball,0,0,0,0,0,0,0,0,Standard,Standard,199.0,-0.038,0.442,79.4,8.1,0.337,-0.442,99.5,0,0,0.498,0.502,27,32,27,32,1,0,5.0,1.0,5.0,1.0,0.87,0.46,0.46,45.9,15.49671937114099,-7.663683218330047,34.114090876787955,44.023575308902664,33.61777965936235
ST,2024-09-19,84.1,-1.37,5.53,"Judge, Aaron",592450,700187,field_out,hit_into_play,,,,,3.0,Aaron Judge flies out sharply to center fielder Julio Rodríguez.,R,R,R,SEA,NYY,X,8.0,fly_ball,0,0,2024,1.11,-0.12,0.47,3.56,,,665742.0,1,7,Top,162.36,57.29,,,,,2.038034415356603,-122.54199309052876,1.9862383395386076,10.866603209726238,23.525442319352216,-34.02596091459209,3.98,1.82,362.0,110.5,41.0,82.9,2701.0,5.3,745204,663728,457759,664238,668942,641487,668227,677594,670042,55.17,0.642,1.336,0.0,1.0,0.0,0.0,6.0,59,1,Sweeper,3,2,2,3,2,3,2,3,Standard,Standard,45.0,0.057,-0.255,80.2,8.1,2.539,0.255,110.5,1,-1,0.686,0.3139999999999999,22,32,23,32,1,3,1.0,1.0,2.0,1.0,3.33,-1.11,-1.11,31.4,15.157477511405688,-3.1543087575840607,34.46551034360568,47.249017602519714,26.37108748397982
FF,2024-09-17,97.4,-1.31,5.21,"Judge, Aaron",592450,693433,single,hit_into_play,,,,,5.0,Aaron Judge singles on a line drive to left fielder Randy Arozarena. Alex Verdugo scores. Gleyber Torres scores. Juan Soto to 2nd.,R,R,R,SEA,NYY,X,7.0,line_drive,1,2,2024,-0.94,1.38,0.07,3.1,657077.0,650402.0,665742.0,2,2,Top,64.54,111.73,,,,,5.896977001219091,-141.62713933089887,-3.2883217261649698,-14.060043587330322,34.29390247610452,-13.12640375551902,3.98,1.8,166.0,92.7,11.0,97.5,2467.0,6.5,745205,663728,457759,593871,668942,641487,668227,677594,670042,53.98,0.816,0.757,0.9,1.0,1.0,0.0,4.0,18,4,4-Seam Fastball,0,2,2,0,4,0,4,0,Standard,Standard,224.0,-0.138,0.585,72.0,8.2,0.908,-0.585,92.7,-2,2,0.298,0.702,24,32,24,32,2,1,6.0,2.0,5.0,1.0,1.04,0.94,0.94,31.2,15.090387179981017,-2.2327345891478303,37.684428347914725,41.39030737505291,25.572194039201477
FF,2024-09-17,89.5,3.09,5.44,"Judge, Aaron",592450,646242,field_out,hit_into_play,,,,,4.0,Aaron Judge flies out sharply to right fielder Luke Raley.,R,R,L,SEA,NYY,X,9.0,fly_ball,3,2,2024,1.14,1.15,-0.3,3.05,,,542932.0,1,8,Top,158.02,107.0,,,,,-10.726126487109148,-130.02325224866232,-2.348202907839803,15.080417174498349,25.20705538057832,-18.79441435761337,3.98,1.8,244.0,104.0,59.0,89.4,2138.0,6.2,745205,663728,664238,668942,649966,641487,668227,677594,670042,54.32,0.005,0.005,0.0,1.0,0.0,0.0,3.0,71,6,4-Seam Fastball,1,10,10,1,10,1,10,1,Standard,Standard,118.0,0.0,-0.31,80.8,8.0,0.008,0.31,104.0,-9,9,0.001,0.999,27,32,28,32,1,4,13.0,2.0,,1.0,1.69,1.14,-1.14,32.8,16.55013306229733,-8.13288918803465,39.1090539035851,38.07070821279129,33.82864206130522
SL,2024-09-17,86.1,-1.5,5.14,"Judge, Aaron",592450,693433,double,hit_into_play,,,,,8.0,Aaron Judge doubles (35) on a sharp line drive to left fielder Randy Arozarena. Gleyber Torres scores. Juan Soto scores.,R,R,R,SEA,NYY,X,7.0,line_drive,1,0,2024,0.38,0.09,0.02,2.33,650402.0,665742.0,,0,1,Top,30.23,114.39,,,,,2.8623700527557845,-125.5041801072474,-0.682526058111106,3.5603211104244648,23.095742302838392,-31.26325075709899,3.98,1.8,223.0,105.3,14.0,87.0,2277.0,6.6,745205,663728,457759,593871,668942,641487,668227,677594,670042,53.95,0.747,0.795,1.25,1.0,1.0,1.0,5.0,3,2,Slider,0,0,0,0,2,0,2,0,Standard,Standard,102.0,-0.095,0.624,78.4,8.7,1.102,-0.624,105.3,0,0,0.363,0.637,24,32,24,32,1,0,6.0,2.0,5.0,1.0,2.95,-0.38,-0.38,31.2,24.228003044456507,-10.807839194626943,40.06137767675191,40.20809726093991,37.40555508819607
FF,2024-09-15,92.2,-1.11,6.08,"Judge, Aaron",592450,676710,home_run,hit_into_play,,,,,5.0,Aaron Judge homers (53) on a fly ball to center field. Juan Soto scores.,R,R,R,NYY,BOS,X,,fly_ball,0,1,2024,-0.41,1.68,0.07,3.01,,,665742.0,0,3,Bot,141.4,19.2,,,,,3.86878964893254,-134.0555821118774,-5.4992621169333145,-5.900089118622424,33.58500697056564,-11.006551230762842,3.99,1.8,445.0,112.1,29.0,91.0,2478.0,5.9,745693,643376,657136,663853,646240,596115,680776,678882,641933,54.55,0.9815714285714284,2.0,2.0,1.0,0.0,3.0,6.0,22,2,4-Seam Fastball,2,0,2,0,0,4,4,0,Standard,Standard,203.0,0.108,1.098,87.0,8.1,3.9171428571428577,-1.098,112.1,2,2,0.786,0.786,28,32,28,32,2,1,5.0,1.0,7.0,2.0,1.04,0.41,0.41,47.1,13.49460030925776,-3.5973249074933142,36.50233363868724,41.530110528034626,29.205363830881595
SI,2024-09-14,96.9,-1.76,5.09,"Judge, Aaron",592450,678394,field_out,hit_into_play,,,,,14.0,Aaron Judge lines out sharply to center fielder Jarren Duran.,R,R,R,NYY,BOS,X,8.0,line_drive,3,2,2024,-1.49,0.17,0.91,2.55,,,,0,6,Bot,141.75,64.67,,,,,10.574621183036442,-140.7835081661238,-1.6095871614229966,-22.192270861597375,32.06992836488496,-29.7646661122906,4.01,1.8,336.0,109.6,18.0,97.3,2031.0,6.6,745689,643376,671213,665839,646240,596115,641933,680776,677800,53.91,0.6615909090909091,1.0850454545454546,0.0,1.0,0.0,0.0,6.0,48,6,Sinker,1,7,1,7,7,1,1,7,Standard,Standard,239.0,-0.01,-0.333,81.6,8.2,1.992772727272728,0.333,109.6,-6,-6,0.034,0.034,25,32,25,32,3,2,5.0,1.0,5.0,1.0,2.27,1.49,1.49,27.2,16.080021637428292,16.45637765430449,36.092302778238945,50.602715340482746,24.157876316502243
SI,2024-09-14,95.8,-1.32,5.51,"Judge, Aaron",592450,678394,field_out,hit_into_play,,,,,9.0,Aaron Judge flies out to right fielder Wilyer Abreu. Gleyber Torres to 3rd.,R,R,R,NYY,BOS,X,9.0,fly_ball,1,1,2024,-1.18,0.33,0.34,2.47,,650402.0,665742.0,1,3,Bot,220.69,110.17,,,,,7.079159085190366,-139.32396820424847,-3.1985414991164607,-16.91458793343667,30.623708396459232,-27.34526659809104,4.01,1.8,319.0,98.8,36.0,96.2,2124.0,6.5,745689,643376,671213,665839,646240,596115,641933,680776,677800,54.02,0.3027142857142856,0.5952857142857143,0.0,1.0,0.0,0.0,5.0,21,3,Sinker,1,0,1,0,0,1,1,0,Standard,Standard,224.0,-0.033,-0.215,79.6,8.0,1.181642857142857,0.215,98.8,1,1,0.702,0.702,25,32,25,32,2,1,5.0,1.0,5.0,1.0,2.15,1.18,1.18,38.9,4.139163176351997,2.4424801270748757,40.31110052708156,43.68474291132281,23.196008329842705
SI,2024-09-14,96.1,-1.53,6.15,"Judge, Aaron",592450,670174,double,hit_into_play,,,,,8.0,Aaron Judge doubles (34) on a sharp line drive to center fielder Jarren Duran.,R,R,R,NYY,BOS,X,8.0,line_drive,2,2,2024,-1.38,0.85,0.27,2.16,,,,0,8,Bot,86.92,57.23,,,,,7.892444789265483,-139.61107463514423,-6.891059805444402,-19.835114305071837,31.70122869084739,-19.65587644376148,4.01,1.8,291.0,115.3,12.0,96.1,1973.0,6.4,745689,643376,671213,665839,646240,596115,641933,680776,677800,54.08,0.811,0.889,1.25,1.0,1.0,1.0,6.0,65,5,Sinker,1,7,1,7,7,1,1,7,Standard,Standard,211.0,0.012,0.721,79.7,8.3,1.279,-0.721,115.3,-6,-6,0.01,0.01,26,32,26,32,1,3,2.0,1.0,3.0,1.0,1.63,1.38,1.38,52.3,7.925203992129631,-4.5971220783933155,41.588008945759846,44.30542542767752,27.871951091228237
FF,2024-09-13,95.5,2.68,5.95,"Judge, Aaron",592450,592155,home_run,hit_into_play,,,,,5.0,Aaron Judge hits a grand slam (52) to left field. Alex Verdugo scores. Gleyber Torres scores. Juan Soto scores.,R,R,L,NYY,BOS,X,,fly_ball,2,0,2024,0.71,1.37,0.15,2.56,657077.0,650402.0,665742.0,0,7,Bot,17.52,60.57,,,,,-8.23944127374893,-138.72945291881587,-6.371935596224965,11.048376982362011,30.849999650837944,-13.20684874448822,4.02,1.8,369.0,101.9,29.0,95.3,2003.0,6.3,745696,657136,671213,678882,646240,596115,641933,680776,677800,54.25,0.6185434782608698,1.2136304347826088,2.0,1.0,0.0,3.0,6.0,59,3,4-Seam Fastball,1,4,1,4,4,5,5,4,Standard,Standard,151.0,0.364,0.727,83.4,8.7,2.37658695652174,-0.727,101.9,-3,-3,0.425,0.425,32,32,32,32,1,3,1.0,1.0,,1.0,1.14,0.71,-0.71,42.7,16.728938771218203,-10.214121785547423,37.89109979887871,43.756693762949624,37.66834757158642
FC,2024-09-13,94.8,-1.16,6.18,"Judge, Aaron",592450,686580,single,hit_into_play,,,,,8.0,Aaron Judge singles on a sharp line drive to center fielder Jarren Duran.,R,R,R,NYY,BOS,X,8.0,line_drive,0,0,2024,0.11,0.93,0.01,2.08,,,,0,6,Bot,106.62,73.81,,,,,2.81848130139048,-137.90867015875875,-7.145136989017892,0.7922985473196709,31.009139975923905,-18.954927452669267,4.02,1.8,243.0,106.2,13.0,95.0,2444.0,6.5,745696,657136,671213,678882,646240,596115,641933,680776,677800,54.04,0.884,0.914,0.9,1.0,1.0,0.0,5.0,44,1,Cutter,0,2,0,2,2,0,0,2,Standard,Standard,192.0,0.06,0.448,82.3,8.1,1.23,-0.448,106.2,-2,-2,0.26,0.26,26,32,27,32,1,2,1.0,1.0,5.0,1.0,1.61,-0.11,-0.11,47.8,10.36002656164526,-2.2750400191002,41.65962755186351,40.8096464495022,30.47765229675567
CH,2024-09-12,83.6,-1.77,5.01,"Judge, Aaron",592450,681867,grounded_into_double_play,hit_into_play,,,,,4.0,"Aaron Judge grounds into a double play, third baseman Rafael Devers to second baseman Romy Gonzalez to first baseman Connor Wong. Juan Soto out at 2nd. Aaron Judge out at 1st.",R,R,R,NYY,BOS,X,5.0,ground_ball,0,0,2024,-1.06,-0.42,-0.75,2.82,,,665742.0,1,5,Bot,104.18,172.07,,,,,4.4402182442576485,-121.7457905035734,2.197051328787752,-11.457593147098148,23.135961694734593,-37.03224619299379,4.02,1.8,117.0,104.7,6.0,83.7,1511.0,6.2,745695,643376,657136,663853,646240,596115,680776,678882,677800,54.26,0.6,0.547,0.0,1.0,0.0,0.0,4.0,41,1,Changeup,1,1,1,1,1,1,1,1,Standard,Standard,266.0,-0.069,-0.314,74.1,7.8,0.669,0.314,104.7,0,0,0.569,0.569,27,32,28,32,3,2,5.0,1.0,6.0,1.0,3.67,1.06,1.06,9.8,5.76869478899657,-16.571445507024475,46.91061356428696,32.47507436451838,30.220398207271295
SL,2024-09-12,81.5,-1.71,5.34,"Judge, Aaron",592450,681867,field_out,hit_into_play,,,,,8.0,Aaron Judge flies out to center fielder Ceddanne Rafaela.,R,R,R,NYY,BOS,X,8.0,fly_ball,0,0,2024,0.84,-0.21,0.22,2.0,,,,2,3,Bot,136.13,45.62,,,,,2.73477567385041,-118.81711325812876,-0.5952833449281777,7.576859414684726,20.466587396013644,-34.30291334083745,4.02,1.8,380.0,99.9,26.0,83.0,2523.0,6.9,745695,643376,657136,663853,646240,596115,680776,678882,677800,53.57,0.4787826086956522,0.8788695652173912,0.0,1.0,0.0,0.0,6.0,23,1,Slider,1,0,1,0,0,1,1,0,Standard,Standard,80.0,-0.01,-0.256,77.1,8.3,1.6777826086956518,0.256,99.9,1,1,0.633,0.633,27,32,28,32,2,1,5.0,1.0,6.0,1.0,3.6,-0.84,-0.84,18.8,15.155145891214993,0.3988143295461565,45.401142656327295,43.82608995024618,32.306330939107085
SI,2024-09-12,89.3,-1.96,4.9,"Judge, Aaron",592450,681867,field_out,hit_into_play,,,,,4.0,Aaron Judge flies out to right fielder Wilyer Abreu.,R,R,R,NYY,BOS,X,9.0,fly_ball,0,0,2024,-1.26,-0.33,-0.47,2.56,,,,1,1,Bot,188.56,70.63,,,,,6.379757499912685,-129.92335860854763,0.9748449111074786,-15.588515780543704,27.70765290597116,-36.32056307176052,4.02,1.8,353.0,99.9,29.0,89.9,1886.0,6.7,745695,643376,657136,663853,646240,596115,680776,678882,677800,53.82,0.514969696969697,1.0012424242424245,0.0,1.0,0.0,0.0,6.0,6,1,Sinker,1,0,1,0,0,1,1,0,Standard,Standard,259.0,-0.014,-0.256,77.2,7.5,1.9387272727272724,0.256,99.9,1,1,0.626,0.626,27,32,28,32,1,0,5.0,1.0,6.0,1.0,3.19,1.26,1.26,6.9,5.681255631061731,7.257181933423019,45.83179140771805,35.10858074827085,25.337663800173893
FC,2024-09-12,94.3,-0.66,6.09,"Judge, Aaron",592450,686580,single,hit_into_play,,,,,9.0,Aaron Judge singles on a line drive to center fielder Ceddanne Rafaela.,R,R,R,NYY,BOS,X,8.0,line_drive,0,1,2024,0.46,0.89,0.35,2.23,,,,2,7,Bot,119.83,89.62,,,,,1.6258568096932364,-137.23312237565207,-6.343122724054878,5.378750324926875,31.555221205655172,-19.694035240758737,4.02,1.8,199.0,88.1,17.0,94.8,2508.0,6.7,745695,643376,657136,663853,646240,596115,680776,678882,677800,53.84,0.879,0.864,0.9,1.0,1.0,0.0,4.0,56,2,Cutter,1,1,1,1,1,1,1,1,Standard,Standard,185.0,0.023,0.373,79.8,8.1,1.064,-0.373,88.1,0,0,0.518,0.518,26,32,27,32,1,3,1.0,1.0,1.0,1.0,1.68,-0.46,-0.46,52.1,6.239149452594472,-5.140808540113987,41.97092084495522,44.50311861666354,31.873976295815527
CH,2024-09-11,86.6,0.75,6.39,"Judge, Aaron",592450,666142,field_out,hit_into_play,,,,,6.0,Aaron Judge pops out to second baseman Michael Massey.,R,R,L,NYY,KC,X,4.0,popup,3,2,2024,1.28,1.08,0.48,3.02,,,,2,1,Bot,136.3,164.8,,,,,-3.23867635633036,-126.00716332875004,-3.998046572185618,14.247048617471032,26.494820923155224,-20.087296367375146,4.0,1.83,107.0,92.7,70.0,86.2,2079.0,6.1,745697,666023,521692,686681,672580,677951,669004,664728,502054,54.37,0.003,0.002,0.0,1.0,0.0,0.0,3.0,9,6,Changeup,0,0,0,0,0,0,0,0,Standard,Standard,123.0,-0.012,-0.325,77.5,8.9,0.003,0.325,92.7,0,0,0.512,0.512,26,32,27,32,1,0,5.0,1.0,6.0,1.0,1.97,1.28,-1.28,44.4,19.9503341626223,-23.60383350934153,35.03589256814169,45.69704708022266,39.97553616428778
SL,2024-09-11,86.5,-1.73,6.23,"Judge, Aaron",592450,668674,single,hit_into_play,,,,,8.0,Aaron Judge singles on a sharp line drive to left fielder MJ Melendez.,R,R,R,NYY,KC,X,7.0,line_drive,1,2,2024,-0.23,-0.45,0.1,2.08,,,,2,8,Bot,68.72,117.44,,,,,4.853477031778057,-125.91530908936504,-2.7340411672169775,-3.454122062126603,27.271673385080412,-36.53323407339485,4.0,1.83,164.0,108.1,8.0,86.8,2051.0,6.6,745697,666023,521692,686681,672580,677951,669004,664728,502054,53.91,0.708,0.657,0.9,1.0,1.0,0.0,4.0,64,4,Slider,2,2,2,2,2,2,2,2,Standard,Standard,18.0,0.03,0.408,75.3,8.3,0.832,-0.408,108.1,0,0,0.52,0.52,29,32,29,32,1,3,3.0,1.0,3.0,1.0,3.51,0.23,0.23,48.4,12.950450946401862,-4.828803793157294,41.88423718501394,41.61175061756663,33.13391336651219
SL,2024-09-10,86.9,-1.46,5.53,"Judge, Aaron",592450,607625,field_out,hit_into_play,,,,,5.0,"Aaron Judge grounds out, third baseman Paul DeJong to first baseman Salvador Perez.",R,R,R,NYY,KC,X,5.0,ground_ball,2,1,2024,0.29,0.33,-0.15,3.05,,,,1,4,Bot,111.93,176.67,,,,,2.535599716937166,-126.6307383416955,-0.4914643399418922,2.626073549884938,24.94146601387851,-28.72129684726573,4.0,1.83,22.0,71.1,-5.0,86.9,2742.0,6.1,745694,666023,521692,686681,657557,677951,669004,664728,502054,54.38,0.063,0.065,0.0,1.0,0.0,0.0,2.0,29,4,Slider,0,2,0,2,2,0,0,2,Standard,Standard,141.0,-0.023,-0.302,77.1,8.2,0.068,0.302,88.0,-2,-2,0.285,0.285,34,32,35,32,2,1,6.0,1.0,6.0,1.0,2.67,-0.29,-0.29,29.4,20.62278207192417,-20.654879641049504,35.70713850461773,38.43991978719393,38.03211131671327
ST,2024-09-10,80.7,-2.62,4.35,"Judge, Aaron",592450,670167,field_out,hit_into_play,,,,,8.0,Aaron Judge flies out to right fielder Tommy Pham.,R,R,R,NYY,KC,X,9.0,fly_ball,3,2,2024,1.2,0.13,0.11,1.85,,,,2,9,Bot,177.65,127.1,,,,,3.802700871754022,-117.5599940963939,0.8572755355198534,10.40396537649974,22.039021819338448,-31.38023413708674,4.0,1.83,221.0,88.2,57.0,80.9,2554.0,6.3,745694,666023,521692,672580,657557,677951,669004,641658,502054,54.16,0.013,0.013,0.0,1.0,0.0,0.0,3.0,68,7,Sweeper,0,5,0,5,5,0,0,5,Standard,Standard,65.0,-0.001,-0.325,75.2,8.6,0.018,0.325,88.2,-5,-5,0.001,0.001,30,32,30,32,1,3,4.0,1.0,4.0,1.0,3.36,-1.2,-1.2,9.4,14.61627257092692,-16.01200437244362,43.1352457315002,41.347283245636106,36.9271027762061
ST,2024-09-09,81.9,-1.66,5.24,"Judge, Aaron",592450,663903,single,hit_into_play,,,,,9.0,Aaron Judge singles on a line drive to left fielder Tommy Pham.,R,R,R,NYY,KC,X,7.0,line_drive,2,2,2024,0.94,-0.14,0.5,2.06,,,,1,5,Bot,65.55,112.15,,,,,3.107832710403593,-119.2369106793862,-0.3300027645913654,8.379592669709993,22.87133446092825,-33.70082263664741,3.97,1.85,150.0,93.3,10.0,82.8,2572.0,6.9,745698,521692,493329,686681,672580,677951,502054,641658,592669,53.64,0.684,0.622,0.9,1.0,1.0,0.0,4.0,43,5,Sweeper,3,3,3,3,3,3,3,3,Standard,Standard,81.0,0.034,0.453,71.5,8.5,0.749,-0.453,93.3,0,0,0.535,0.535,27,32,28,32,3,2,6.0,1.0,6.0,1.0,3.54,-0.94,-0.94,27.7,15.002826612479202,-12.97542565105918,38.691042072423265,47.647225103619824,36.049118146150235
CU,2024-09-09,79.7,-1.85,6.06,"Judge, Aaron",592450,608717,grounded_into_double_play,hit_into_play,,,,,8.0,"Aaron Judge grounds into a double play, shortstop Bobby Witt Jr. to second baseman Michael Massey to first baseman Hunter Renfroe. Alex Verdugo scores. Anthony Volpe to 3rd. Juan Soto out at 2nd. Aaron Judge out at 1st.",R,R,R,NYY,KC,X,6.0,ground_ball,2,1,2024,1.53,-0.72,0.18,1.77,657077.0,683011.0,665742.0,0,8,Bot,115.07,149.54,,,,,1.5802560407795734,-116.0421011181754,-1.213668574448456,13.28608702951301,25.8806601135356,-38.55589644057223,3.97,1.85,7.0,68.1,-14.0,79.4,3089.0,6.5,745698,521692,592669,686681,672580,677951,669004,664728,502054,54.02,0.045,0.063,0.0,1.0,0.0,0.0,2.0,73,4,Curveball,8,4,8,4,4,9,9,4,Standard,Standard,56.0,0.0,-0.255,79.2,9.0,0.047,0.255,88.0,4,4,0.995,0.995,33,32,34,32,1,4,6.0,1.0,4.0,1.0,4.36,-1.53,-1.53,38.5,15.848859191996832,-20.1937319900972,42.28816600490567,43.70356176882686,43.371242604536526
SI,2024-09-09,94.3,-2.44,5.82,"Judge, Aaron",592450,663704,single,hit_into_play,,,,,4.0,Aaron Judge singles on a ground ball to left fielder Tommy Pham. Gleyber Torres scores. Juan Soto to 2nd.,R,R,R,NYY,KC,X,7.0,ground_ball,1,0,2024,-1.36,0.48,-0.47,3.05,,650402.0,665742.0,1,7,Bot,86.08,121.61,,,,,8.250147132756053,-137.13767177221663,-2.571724014136577,-19.025626931812255,30.886110394740857,-25.800458681205463,3.97,1.85,18.0,103.2,-9.0,95.2,2310.0,6.9,745698,521692,493329,686681,672580,677951,502054,664728,592669,53.64,0.282,0.272,0.9,1.0,1.0,0.0,2.0,59,2,Sinker,3,4,3,4,4,4,4,4,Standard,Standard,225.0,0.189,0.45,79.9,7.6,0.298,-0.45,103.2,-1,-1,0.459,0.459,27,32,28,32,1,3,3.0,1.0,5.0,1.0,2.09,1.36,1.36,31.7,13.872416637824434,-0.8727230181787876,35.50658793738692,37.3178261902228,28.474462992322497
SI,2024-09-08,91.6,-1.03,6.09,"Judge, Aaron",592450,592791,field_out,hit_into_play,,,,,8.0,"Aaron Judge grounds out sharply, third baseman Isaac Paredes to first baseman Cody Bellinger.",R,R,R,CHC,NYY,X,5.0,ground_ball,0,0,2024,-1.25,1.21,-0.27,2.25,,657077.0,,2,5,Top,97.42,166.17,,,,,4.666493673895004,-133.22335891439656,-6.488372030892443,-15.945811461781275,28.755455587067967,-16.53538603461417,3.98,1.86,89.0,109.6,4.0,92.2,2126.0,6.7,746827,665804,641355,670156,670623,621020,664023,691718,643565,53.81,0.676,0.644,0.0,1.0,0.0,0.0,4.0,38,1,Sinker,2,1,1,2,1,2,1,2,Standard,Standard,207.0,0.047,-0.3,78.5,8.7,0.777,0.3,109.6,1,-1,0.661,0.3389999999999999,32,32,33,32,3,2,6.0,1.0,6.0,1.0,1.51,1.25,1.25,46.2,13.017710014011508,-9.44848531555954,43.75058296616474,37.8018747009535,32.56119146383297
SI,2024-09-08,97.0,-1.08,5.37,"Judge, Aaron",592450,663878,field_out,hit_into_play,,,,,4.0,Aaron Judge lines out to second baseman Miles Mastrobuoni.,R,R,R,CHC,NYY,X,4.0,line_drive,1,0,2024,-1.21,0.93,-0.6,2.96,,,,1,8,Top,130.47,139.78,,,,,4.104105176078477,-141.26679141276418,-3.0771811796476074,-17.179566237845457,32.38572346882928,-19.25752061148706,3.98,1.86,155.0,85.6,12.0,98.2,2225.0,6.9,746827,665804,641355,670156,670623,621020,664023,691718,643565,53.57,0.713,0.671,0.0,1.0,0.0,0.0,4.0,57,2,Sinker,2,1,1,2,1,2,1,2,Strategic,Standard,212.0,0.047,-0.295,76.6,7.2,0.82,0.295,88.0,1,-1,0.793,0.2069999999999999,27,32,28,32,1,3,4.0,1.0,2.0,1.0,1.49,1.21,1.21,38.7,-0.4051266047128836,12.855465449818036,41.00982560002051,33.67139131054772,20.39465225007411
FF,2024-09-08,92.7,-1.15,6.26,"Judge, Aaron",592450,592791,single,hit_into_play,,,,,2.0,Aaron Judge singles on a sharp ground ball to left fielder Ian Happ.,R,R,R,CHC,NYY,X,7.0,ground_ball,3,2,2024,-0.78,1.43,-0.25,3.46,,,,2,1,Top,90.76,114.13,,,,,4.031457466352766,-134.87953673861952,-4.502079661062639,-10.387387612538667,29.2451009461544,-13.910711186614952,3.98,1.86,100.0,107.0,5.0,93.2,2383.0,6.6,746827,665804,641355,670156,670623,621020,664023,691718,643565,53.89,0.626,0.589,0.9,1.0,1.0,0.0,4.0,3,6,4-Seam Fastball,0,0,0,0,0,0,0,0,Standard,Standard,205.0,-0.01,0.263,71.7,7.4,0.716,-0.263,107.0,0,0,0.536,0.4639999999999999,32,32,33,32,1,0,6.0,1.0,6.0,1.0,1.22,0.78,0.78,43.0,11.985007181672083,-4.582444475400417,32.927933226333344,38.291432473508195,26.51598341597022
ST,2024-09-07,80.8,-0.9,5.9,"Judge, Aaron",592450,665871,field_out,hit_into_play,,,,,6.0,Aaron Judge flies out to left fielder Ian Happ.,R,R,R,CHC,NYY,X,7.0,fly_ball,0,0,2024,1.06,0.11,0.62,2.6,,,,2,3,Top,84.94,93.86,,,,,1.3803322840038168,-117.80800349773564,-1.0574955563125714,9.821963540715906,18.210824659592365,-31.122420832849453,3.91,1.81,281.0,81.4,33.0,81.6,2562.0,6.3,746829,542194,683737,663538,621550,621020,664023,691718,641355,54.17,0.032,0.034,0.0,1.0,0.0,0.0,3.0,19,1,Sweeper,0,1,1,0,1,0,1,0,Standard,Standard,67.0,0.011,-0.256,73.8,8.8,0.051,0.256,88.0,-1,1,0.426,0.5740000000000001,26,32,27,32,2,1,7.0,1.0,6.0,1.0,3.31,-1.06,-1.06,51.5,22.7353673946384,-12.06819163215496,39.24776278149116,49.53263886768937,36.08416477889168
ST,2024-09-07,79.5,-3.92,4.5,"Judge, Aaron",592450,668338,field_out,hit_into_play,,,,,6.0,Aaron Judge flies out to center fielder Pete Crow-Armstrong.,R,R,R,CHC,NYY,X,8.0,fly_ball,2,2,2024,1.39,1.08,0.53,2.66,,650402.0,665742.0,2,7,Top,148.97,43.09,,,,,7.2457264140232525,-115.47669374066965,0.8175827527570556,10.864887343253086,23.752970006135826,-23.020056592577056,3.91,1.81,386.0,107.7,26.0,80.2,2581.0,7.1,746829,542194,683737,663538,621550,621020,664023,691718,641355,53.41,0.9382105263157892,1.884684210526316,0.0,1.0,0.0,0.0,6.0,53,5,Sweeper,0,2,2,0,2,0,2,0,Standard,Standard,85.0,0.028,-0.203,78.5,7.8,3.706868421052631,0.203,107.7,-2,2,0.193,0.8069999999999999,28,32,29,32,1,3,4.0,1.0,2.0,1.0,2.57,-1.39,-1.39,10.8,4.615365680820441,-1.06200027078725,36.69523555712254,47.88642448365423,29.368974666093653
FF,2024-09-06,91.4,2.25,5.9,"Judge, Aaron",592450,696136,field_out,hit_into_play,,,,,2.0,"Aaron Judge grounds out, shortstop Dansby Swanson to first baseman Michael Busch.",R,R,L,CHC,NYY,X,6.0,ground_ball,2,2,2024,0.34,1.43,0.24,3.44,,,,1,5,Top,114.75,161.96,,,,,-5.7869110830807715,-133.12831017002082,-3.4709354171015088,5.210090253072002,25.896957155721857,-14.524397723237715,3.9,1.79,105.0,99.1,7.0,91.6,2393.0,6.2,746832,665804,683737,663538,670623,621020,664023,691718,641355,54.33,0.616,0.586,0.0,1.0,0.0,0.0,4.0,37,5,4-Seam Fastball,0,3,3,0,3,0,3,0,Standard,Standard,155.0,0.008,-0.225,81.3,7.8,0.716,0.225,99.1,-3,3,0.177,0.823,24,32,25,32,3,2,5.0,2.0,5.0,1.0,1.27,0.34,-0.34,47.6,10.331412106728768,-0.7749718509144149,34.170967634380794,44.60698458899587,23.290266506120503
CU,2024-09-06,77.9,2.33,5.92,"Judge, Aaron",592450,696136,double,hit_into_play,,,,,8.0,Aaron Judge doubles (33) on a ground ball to left fielder Ian Happ. Gleyber Torres scores. Juan Soto to 3rd.,R,R,L,CHC,NYY,X,7.0,ground_ball,1,2,2024,-0.46,-1.28,-0.03,2.35,,650402.0,665742.0,0,3,Top,49.1,120.15,,,,,-4.225000325413508,-113.26291475162724,1.7319772690376822,-2.9752651629810956,24.46410476574024,-43.64396970753053,3.9,1.79,19.0,97.2,-6.0,77.5,2790.0,6.5,746832,665804,683737,663538,670623,621020,664023,691718,641355,54.01,0.268,0.265,1.25,1.0,1.0,1.0,2.0,20,4,Curveball,0,0,0,0,1,0,1,0,Standard,Standard,325.0,-0.156,0.817,77.0,8.5,0.322,-0.817,97.2,0,0,0.413,0.587,24,32,25,32,2,1,5.0,2.0,5.0,1.0,5.1,-0.46,0.46,53.6,23.783787510073477,-8.492283109713254,40.92869676475864,42.43808256526283,34.18301435663939
FC,2024-09-04,90.6,-2.44,5.57,"Judge, Aaron",592450,543135,field_out,hit_into_play,,,,,5.0,Aaron Judge flies out sharply to left fielder Wyatt Langford.,R,R,R,TEX,NYY,X,7.0,fly_ball,0,0,2024,0.04,0.75,-0.04,3.18,,665742.0,,1,1,Top,62.77,118.03,,,,,5.947042262907133,-131.86706577038376,-1.631444046601914,-0.8148601766483283,27.869715758845444,-23.328327415116373,3.9,1.78,254.0,103.9,55.0,91.0,2281.0,6.5,744964,641680,663993,677649,673962,669701,694671,665750,608671,54.01,0.008,0.01,0.0,1.0,0.0,0.0,3.0,3,1,Cutter,0,0,0,0,0,0,0,0,Standard,Standard,200.0,0.035,-0.263,80.5,8.6,0.019,0.263,103.9,0,0,0.481,0.519,34,32,34,32,1,0,6.0,1.0,6.0,2.0,2.03,-0.04,-0.04,30.7,21.560742832859347,-21.946247163125623,35.02059145307616,40.35789344613632,40.34822128114226
FC,2024-09-04,91.3,3.15,5.88,"Judge, Aaron",592450,679156,field_out,hit_into_play,,,,,11.0,Aaron Judge lines out to third baseman Josh Jung.,R,R,L,TEX,NYY,X,5.0,line_drive,1,2,2024,-0.07,0.8,-1.14,3.44,,,665742.0,0,8,Top,96.7,155.82,,,,,-10.515138087430673,-132.5406201576086,-1.9292477004166584,1.3669922416316689,28.143928259938058,-22.572291573538692,3.9,1.78,135.0,63.5,18.0,90.2,2297.0,5.7,744964,641680,663993,677649,673962,669701,694671,665750,608671,54.78,0.392,0.353,0.0,1.0,0.0,0.0,2.0,69,4,Cutter,10,2,2,10,2,10,2,10,Strategic,Standard,141.0,0.002,-0.189,71.9,7.0,0.392,0.189,88.0,8,-8,0.996,0.004,26,32,26,32,1,3,1.0,1.0,2.0,2.0,1.95,-0.07,0.07,28.4,9.483963355158773,4.634330686350207,36.68941688190395,28.215081758212676,21.819395248512336
FF,2024-09-03,91.4,3.04,4.88,"Judge, Aaron",592450,571760,field_out,hit_into_play,,,,,4.0,Aaron Judge lines out sharply to left fielder Ezequiel Duran.,R,R,L,TEX,NYY,X,7.0,line_drive,2,1,2024,1.39,0.91,-0.7,2.77,,,,2,1,Top,57.11,102.23,,,,,-12.466060079396607,-132.4686959938202,-1.304426687018076,19.14394909656921,30.58417926674156,-21.44637750728866,3.9,1.77,294.0,104.3,19.0,91.4,2421.0,6.7,744968,608348,663993,543760,673962,680716,677649,694671,666969,53.8,0.4093846153846154,0.6289230769230768,0.0,1.0,0.0,0.0,5.0,3,4,4-Seam Fastball,0,0,0,0,0,0,0,0,Standard,Standard,122.0,0.011,-0.303,69.6,8.0,1.1362307692307692,0.303,104.3,0,0,0.537,0.4629999999999999,33,32,33,32,1,0,7.0,1.0,5.0,1.0,1.86,1.39,-1.39,27.6,17.34820470981329,-11.014521564790789,42.74907375762089,33.22093125014498,28.329571929664464
FC,2024-09-03,89.6,3.22,5.9,"Judge, Aaron",592450,679156,field_out,hit_into_play,,,,,4.0,Aaron Judge flies out to right fielder Adolis García.,R,R,L,TEX,NYY,X,9.0,fly_ball,3,2,2024,-0.14,0.68,-0.29,2.86,,668752.0,665742.0,2,9,Top,193.6,107.79,,,,,-8.293679677185642,-130.20661449548396,-2.8769435146553435,0.2680200733520863,28.39054738493309,-24.064542764059073,3.9,1.77,282.0,91.1,48.0,88.7,2351.0,5.9,744968,608348,663993,543760,673962,669701,677649,694671,666969,54.63,0.001,0.0,0.0,1.0,0.0,0.0,3.0,72,6,Cutter,3,4,4,3,4,3,4,3,Standard,Standard,145.0,0.037,-0.297,76.4,7.8,0.001,0.297,91.1,-1,1,0.167,0.833,26,32,26,32,1,4,2.0,1.0,1.0,1.0,2.18,-0.14,0.14,27.8,17.624076680066228,6.271953712259652,36.906343698676885,38.99926459045591,26.704756271263086
SI,2024-09-03,93.0,-3.04,4.28,"Judge, Aaron",592450,681982,single,hit_into_play,,,,,5.0,Aaron Judge singles on a ground ball to right fielder Adolis García. Juan Soto to 2nd.,R,R,R,TEX,NYY,X,9.0,ground_ball,1,1,2024,-1.56,-0.24,-0.12,2.9,,,665742.0,1,8,Top,184.03,106.25,,,,,10.901679342781296,-134.87117466079502,2.8260722761445445,-21.44911775439,29.793849824163047,-35.96604908886752,3.9,1.77,73.0,96.6,2.0,92.9,2223.0,6.4,744968,608348,663993,543760,673962,680716,677649,694671,666969,54.06,0.497,0.476,0.9,1.0,1.0,0.0,4.0,56,3,Sinker,1,2,2,1,2,1,2,1,Standard,Standard,256.0,-0.036,0.416,75.5,6.6,0.573,-0.416,96.6,-1,1,0.255,0.745,27,32,27,32,1,3,4.0,1.0,1.0,1.0,2.89,1.56,1.56,-3.5,-9.93364880572525,22.726404075147215,40.02901012899051,41.275023091206045,14.37406521328851
FF,2024-09-02,96.3,-1.9,5.63,"Judge, Aaron",592450,683004,double,hit_into_play,,,,,13.0,Aaron Judge doubles (32) on a ground ball to shortstop Josh Smith.   Gleyber Torres scores.    Juan Soto to 3rd.,R,R,R,TEX,NYY,X,6.0,ground_ball,2,1,2024,-1.02,1.4,-0.86,2.39,,650402.0,665742.0,0,6,Top,82.06,136.53,,,,,5.17117622023793,-139.9310135498087,-6.23657052897706,-14.596771835279863,34.66511260386923,-12.521660305365131,3.9,1.77,120.0,104.9,7.0,97.0,2249.0,7.0,744972,641680,663993,543760,673962,669701,694671,665750,666969,53.49,0.639,0.588,1.25,1.0,1.0,1.0,4.0,41,4,4-Seam Fastball,1,2,2,1,3,1,3,1,Standard,Standard,215.0,-0.119,0.696,,,0.716,-0.696,104.9,-1,1,0.241,0.759,24,32,24,32,3,2,5.0,1.0,5.0,1.0,1.08,1.02,1.02,49.6,,,,,
FF,2024-09-02,94.1,-1.97,5.71,"Judge, Aaron",592450,502624,field_out,hit_into_play,,,,,5.0,Aaron Judge flies out to center fielder Leody Taveras.,R,R,R,TEX,NYY,X,8.0,fly_ball,3,2,2024,-0.81,1.1,-0.19,2.82,,,665742.0,1,9,Top,134.08,52.75,,,,,6.357998353153914,-136.93817196516974,-4.18734338333033,-11.59915281170444,31.015111337698876,-17.585358201482602,3.9,1.77,363.0,96.8,26.0,93.4,2223.0,5.9,744972,641680,663993,543760,673962,669701,694671,665750,666969,54.59,0.2873,0.4958999999999999,0.0,1.0,0.0,0.0,5.0,70,7,4-Seam Fastball,3,8,8,3,8,3,8,3,Standard,Standard,210.0,0.001,-0.31,80.3,7.8,0.9428,0.31,96.8,-5,5,0.006,0.994,36,32,37,32,2,4,37.0,1.0,9.0,1.0,1.48,0.81,0.81,46.4,11.52566374433736,13.561690893044206,39.534088187615325,39.09294746013245,26.615725662288227
FF,2024-09-02,97.9,-1.87,5.66,"Judge, Aaron",592450,683004,field_out,hit_into_play,,,,,1.0,Aaron Judge flies out sharply to left fielder Wyatt Langford.,R,R,R,TEX,NYY,X,7.0,fly_ball,1,2,2024,-0.54,1.46,-0.33,3.42,,,,2,1,Top,60.45,66.61,,,,,5.457175193344991,-142.37395613619188,-3.9181332068459143,-8.625129792343337,35.88367684767026,-11.643126389464944,3.9,1.77,364.0,111.4,20.0,98.4,2238.0,6.8,744972,641680,663993,543760,673962,669701,694671,665750,666969,53.65,0.8659999999999999,1.596466666666667,0.0,1.0,0.0,0.0,6.0,3,4,4-Seam Fastball,0,0,0,0,0,0,0,0,Standard,Standard,211.0,0.008,-0.18,,,3.0403333333333338,0.18,111.4,0,0,0.54,0.4599999999999999,24,32,24,32,1,0,5.0,1.0,5.0,1.0,0.94,0.54,0.54,50.6,,,,,
SI,2024-09-01,92.6,-3.09,6.4,"Judge, Aaron",592450,571945,field_out,hit_into_play,,,,,8.0,"Aaron Judge grounds out, shortstop Masyn Winn to first baseman Paul Goldschmidt.",R,R,R,NYY,STL,X,6.0,ground_ball,2,2,2024,-1.51,0.68,-0.02,2.42,,,,0,4,Bot,110.85,147.23,,,,,11.134951218821818,-134.26790486169287,-5.754844954068421,-20.83271529434971,32.11800833286339,-22.79819681232195,3.96,1.8,11.0,101.9,-12.0,92.2,2162.0,6.5,745701,671056,502671,680977,571448,691026,663457,687363,691023,54.04,0.245,0.236,0.0,1.0,0.0,0.0,2.0,33,5,Sinker,2,5,2,5,5,2,2,5,Standard,Standard,219.0,-0.022,-0.227,80.3,7.9,0.27,0.227,101.9,-3,-3,0.213,0.213,35,32,36,32,2,1,5.0,1.0,7.0,1.0,2.02,1.51,1.51,40.4,2.9472828613279196,10.790918324352818,40.34357057809363,42.94256163529144,25.007373105478656
SI,2024-08-31,90.8,-1.89,6.43,"Judge, Aaron",592450,502043,field_error,hit_into_play,,,,,9.0,Aaron Judge reaches on a fielding error by shortstop Masyn Winn.,R,R,R,NYY,STL,X,6.0,ground_ball,0,0,2024,-1.17,0.44,0.41,2.48,,,,0,4,Bot,119.94,159.35,,,,,8.332323723493472,-132.02267289259743,-4.989695594138227,-15.335685486490718,25.516043634471156,-26.220391543336103,4.0,1.83,9.0,95.5,-14.0,91.8,1989.0,6.7,745699,671056,502671,680977,571448,691026,663457,687363,691023,53.77,0.168,0.193,0.9,1.0,0.0,0.0,2.0,31,1,Sinker,1,4,1,4,4,1,1,4,Standard,Standard,208.0,0.043,0.484,80.1,8.3,0.175,-0.484,95.5,-3,-3,0.216,0.216,36,32,37,32,2,1,5.0,1.0,7.0,1.0,2.31,1.17,1.17,50.3,7.974939950854031,-1.486377556460694,38.40290752277637,47.28509593874645,27.1095330708415
SI,2024-08-31,97.2,0.4,6.53,"Judge, Aaron",592450,669461,single,hit_into_play,,,,,6.0,Aaron Judge singles on a sharp line drive to left fielder Lars Nootbaar.,R,R,L,NYY,STL,X,7.0,line_drive,0,0,2024,1.18,1.13,0.3,2.67,,,,2,8,Bot,86.25,68.3,,,,,-2.989151662581627,-141.44435309237244,-7.426691266049262,16.48222815835618,31.14488986368827,-15.5425267122665,4.0,1.83,258.0,110.3,13.0,97.6,2251.0,6.5,745699,671056,502671,680977,571448,691026,663457,687363,691023,54.04,0.805,0.862,0.9,1.0,1.0,0.0,5.0,63,1,Sinker,1,6,1,6,6,1,1,6,Standard,Standard,153.0,0.003,0.333,77.5,8.2,1.22,-0.333,110.3,-5,-5,0.008,0.008,24,32,25,32,1,3,2.0,1.0,3.0,1.0,1.28,1.18,-1.18,47.9,10.189432314245554,0.0401087457289373,38.55671497249135,45.86098591486474,27.829799105874656
SI,2024-08-31,93.1,-1.95,6.38,"Judge, Aaron",592450,502043,field_out,hit_into_play,,,,,7.0,"Aaron Judge grounds out, shortstop Masyn Winn to first baseman Paul Goldschmidt.",R,R,R,NYY,STL,X,6.0,ground_ball,1,0,2024,-1.06,0.45,-0.52,1.84,,,,2,1,Bot,113.27,164.8,,,,,6.065694399396023,-135.43299907791155,-6.931885521613329,-14.406636239480896,28.656265673265377,-25.36971037508401,4.0,1.83,27.0,109.4,-3.0,94.1,1983.0,6.8,745699,671056,502671,680977,571448,691026,663457,687363,691023,53.7,0.432,0.388,0.0,1.0,0.0,0.0,4.0,7,2,Sinker,0,0,0,0,0,0,0,0,Standard,Standard,212.0,-0.011,-0.295,78.6,7.9,0.432,0.295,109.4,0,0,0.511,0.511,36,32,37,32,1,0,5.0,1.0,7.0,1.0,2.18,1.06,1.06,46.0,4.185921673411925,0.1443565234324148,51.34714026738658,36.47070935929172,26.211432645198123
ST,2024-08-30,84.4,-1.7,5.62,"Judge, Aaron",592450,607200,field_out,hit_into_play,,,,,9.0,Aaron Judge pops out to first baseman Paul Goldschmidt in foul territory.,R,R,R,NYY,STL,X,3.0,popup,2,2,2024,1.24,0.36,0.7,2.21,,665742.0,,1,3,Bot,170.92,182.69,,,,,3.133344235773163,-122.7862233010163,-2.205234540486955,11.723748188614968,26.85027916111755,-28.350291252103712,4.01,1.84,118.0,72.5,69.0,84.5,2369.0,6.6,745700,686780,502671,680977,571448,691026,663457,687363,691023,53.92,0.001,0.0,0.0,1.0,0.0,0.0,3.0,27,5,Sweeper,2,2,2,2,2,2,2,2,Standard,Standard,80.0,-0.035,-0.203,74.0,8.4,0.001,0.203,88.0,0,0,0.573,0.573,31,32,31,32,2,1,5.0,2.0,7.0,1.0,2.87,-1.24,-1.24,33.3,15.194091271202176,-6.635672495722831,35.36443729479752,50.439033988291825,37.393631365526474
CH,2024-08-28,87.2,1.73,5.88,"Judge, Aaron",592450,669022,single,hit_into_play,,,,,9.0,Aaron Judge singles on a ground ball to right fielder Dylan Crews. Alex Verdugo scores.,R,R,L,WSH,NYY,X,9.0,ground_ball,1,1,2024,0.95,0.72,0.61,1.71,657077.0,,,2,5,Top,179.75,150.08,,,,,-4.7183009265724145,-126.827828822298,-5.410462377313999,11.204983620309829,24.901785388691312,-23.533772525671623,4.0,1.82,14.0,64.3,-6.0,88.6,2062.0,7.1,744809,660688,665953,671277,677588,683083,695578,696285,686611,53.4,0.084,0.077,0.9,1.0,1.0,0.0,2.0,41,3,Changeup,5,1,1,5,2,5,2,5,Standard,Standard,128.0,-0.047,0.74,73.6,8.9,0.095,-0.74,88.0,4,-4,0.91,0.0899999999999999,25,32,25,32,3,2,5.0,1.0,7.0,2.0,2.27,0.95,-0.95,48.9,22.104461153571695,-7.2012590305194655,42.51700010161807,49.72621919393434,35.96063792836397
FC,2024-08-27,91.7,-1.2,5.65,"Judge, Aaron",592450,606930,grounded_into_double_play,hit_into_play,,,,,6.0,"Aaron Judge grounds into a double play, shortstop CJ Abrams to second baseman Luis García Jr. to first baseman Joey Gallo. DJ LeMahieu scores. Gleyber Torres to 3rd. Juan Soto out at 2nd. Aaron Judge out at 1st.",R,R,R,WSH,NYY,X,6.0,ground_ball,3,1,2024,0.19,0.64,0.55,2.6,518934.0,650402.0,665742.0,0,8,Top,108.54,153.13,,,,,4.060393045262718,-133.60427992231817,-3.354609044907476,1.537351142838432,24.169856784578094,-23.99191044780249,3.97,1.81,71.0,108.4,3.0,93.2,2299.0,6.8,744811,660688,608336,671277,677588,682928,695578,696285,686611,53.73,0.561,0.506,0.0,1.0,0.0,0.0,4.0,61,5,Cutter,4,0,0,4,1,4,1,4,Standard,Standard,177.0,0.186,-0.372,77.8,8.3,0.61,0.372,108.4,4,-4,0.762,0.238,34,32,34,32,1,3,2.0,1.0,1.0,1.0,2.03,-0.19,-0.19,42.6,12.879411364532771,1.3576177806166592,36.94034968895113,48.65149744121551,26.33055995615433
FC,2024-08-27,88.4,2.71,6.24,"Judge, Aaron",592450,571578,double,hit_into_play,,,,,8.0,Aaron Judge doubles (31) on a sharp line drive to right fielder Dylan Crews.,R,R,L,WSH,NYY,X,9.0,line_drive,1,1,2024,0.03,0.49,-0.13,2.02,,,,2,1,Top,219.8,110.21,,,,,-7.033868815256863,-128.60734073213962,-5.35515276535221,1.5695347799212434,22.332830960761445,-25.91549124474703,3.97,1.81,263.0,104.5,13.0,89.7,2354.0,6.7,744811,660688,608336,671277,677588,682928,695578,696285,686611,53.77,0.876,0.893,1.25,1.0,1.0,1.0,4.0,3,3,Cutter,0,0,0,0,0,0,0,0,Standard,Standard,135.0,-0.022,0.626,76.1,7.6,1.189,-0.626,104.5,0,0,0.538,0.4619999999999999,34,32,35,32,1,0,5.0,1.0,7.0,1.0,2.39,0.03,-0.03,34.5,-0.2272028987086245,4.029519798388305,50.61358173988166,39.80756496910077,16.620744518931495
FS,2024-08-26,86.2,1.83,6.04,"Judge, Aaron",592450,680730,grounded_into_double_play,hit_into_play,,,,,6.0,"Aaron Judge grounds into a double play, third baseman José Tena to second baseman Ildemaro Vargas to first baseman Andrés Chaparro. Juan Soto out at 2nd. Aaron Judge out at 1st.",R,R,L,WSH,NYY,X,5.0,ground_ball,1,0,2024,0.96,0.83,0.54,2.82,,,665742.0,0,1,Top,102.12,169.0,,,,,-5.078597390405582,-125.4755108957994,-3.1835636953773756,11.153755022499457,23.91356219245355,-22.9559282212078,3.96,1.79,6.0,67.7,-25.0,87.3,1303.0,6.9,744813,660688,665953,545121,677588,682928,695578,696285,686611,53.65,0.034,0.068,0.0,1.0,0.0,0.0,2.0,3,2,Split-Finger,0,1,1,0,1,0,1,0,Standard,Standard,148.0,0.071,-0.394,78.7,8.5,0.036,0.394,88.0,-1,1,0.367,0.633,24,32,25,32,1,0,5.0,1.0,6.0,1.0,2.22,0.96,-0.96,50.9,20.54132384256272,-13.665766908537169,38.33472280440903,47.26903697172679,40.68658085646284
SI,2024-08-26,98.7,2.7,5.92,"Judge, Aaron",592450,678606,single,hit_into_play,,,,,9.0,Aaron Judge singles on a sharp line drive to right fielder Dylan Crews.,R,R,L,WSH,NYY,X,9.0,line_drive,2,1,2024,1.55,0.48,0.45,2.31,,,,1,9,Top,221.09,104.78,,,,,-9.615165446012089,-143.30679322810107,-5.414935016703283,23.573141536218735,34.780420422387074,-24.395708225682156,3.96,1.79,276.0,105.4,16.0,97.6,2151.0,5.9,744813,660688,665953,545121,677588,682928,695578,696285,686611,54.59,0.576,0.639,0.9,1.0,1.0,0.0,5.0,72,4,Sinker,2,5,5,2,5,2,5,2,Standard,Standard,115.0,-0.004,0.375,80.7,7.7,0.945,-0.375,105.4,-3,3,0.038,0.962,24,32,24,32,1,4,2.0,1.0,1.0,1.0,1.88,1.55,-1.55,36.9,-2.7364003190890513,12.312889330295532,44.411498988637675,45.63831039090216,15.951197763668684
FF,2024-08-26,94.6,-2.51,6.29,"Judge, Aaron",592450,663432,field_out,hit_into_play,,,,,6.0,Aaron Judge flies out to first baseman Andrés Chaparro in foul territory.,R,R,R,WSH,NYY,X,3.0,fly_ball,0,0,2024,-0.64,1.65,0.28,2.55,,,,1,5,Top,186.84,146.82,,,,,8.715377900695076,-137.30567302332534,-7.714940874694257,-10.095627383113516,32.27557088990491,-9.77508838298302,3.96,1.79,199.0,87.2,58.0,94.4,2397.0,6.5,744813,660688,665953,545121,677588,682928,695578,696285,686611,54.05,0.021,0.029,0.0,1.0,0.0,0.0,3.0,34,1,4-Seam Fastball,0,2,2,0,2,0,2,0,Infield shade,Standard,207.0,0.013,-0.256,76.7,8.6,0.039,0.256,88.0,-2,2,0.267,0.733,31,32,32,32,1,2,2.0,1.0,4.0,1.0,0.93,0.64,0.64,44.8,14.639334007877704,-10.760522215866503,41.834974839449714,43.017808520316514,31.342642609257208
KC,2024-08-25,78.7,2.13,6.56,"Judge, Aaron",592450,596295,field_out,hit_into_play,,,,,5.0,Aaron Judge flies out to center fielder Brenton Doyle.,R,R,L,NYY,COL,X,8.0,fly_ball,3,2,2024,-0.63,-0.99,0.04,2.77,650402.0,,665742.0,2,2,Bot,132.25,55.68,,,,,-3.3696299290674645,-114.62548136707872,0.4505049615256613,-4.946472063412798,21.794390802722372,-41.15343413329873,3.94,1.78,356.0,99.3,24.0,79.3,2587.0,6.7,745706,691011,669911,663898,641857,678662,666134,686668,595909,53.78,0.3284736842105263,0.5585263157894738,0.0,1.0,0.0,0.0,5.0,22,6,Knuckle Curve,4,1,4,1,1,4,4,1,Strategic,Standard,334.0,-0.029,-0.331,76.9,7.6,1.0487894736842107,0.331,99.3,3,3,0.823,0.823,30,32,31,32,2,1,5.0,1.0,5.0,1.0,4.67,-0.63,0.63,54.7,0.4361563532592223,7.458494123285635,41.3915788265577,39.36750170666997,27.83360496953584
CH,2024-08-25,82.5,2.2,6.46,"Judge, Aaron",592450,596295,home_run,hit_into_play,,,,,9.0,Aaron Judge homers (50) on a fly ball to center field. Gleyber Torres scores.,R,R,L,NYY,COL,X,,fly_ball,0,2,2024,0.95,0.97,0.41,2.05,,,650402.0,1,1,Bot,101.85,27.62,,,,,-5.972551272605135,-119.93327764022864,-5.493607912569545,10.284302031080744,21.61064356905223,-21.917604766566978,3.94,1.78,431.0,106.7,27.0,83.3,1626.0,6.7,745706,691011,669911,663898,641857,678662,666134,686668,595909,53.77,0.9163829787234042,2.0,2.0,1.0,0.0,3.0,6.0,9,4,Changeup,0,1,0,1,1,2,2,1,Strategic,Standard,113.0,0.186,1.528,74.5,8.6,3.625680851063829,-1.528,106.7,-1,-1,0.44,0.44,30,32,31,32,1,0,5.0,1.0,5.0,1.0,2.36,0.95,-0.95,51.5,12.609078848924993,-10.351157961380164,41.154386490973856,46.23994651485942,34.23860263840831
SI,2024-08-25,95.1,-2.77,4.51,"Judge, Aaron",592450,664875,field_out,hit_into_play,,,,,6.0,"Aaron Judge grounds out, shortstop Ezequiel Tovar to first baseman Michael Toglia.",R,R,R,NYY,COL,X,6.0,ground_ball,0,0,2024,-1.19,-0.4,0.51,2.51,,,,2,8,Bot,109.13,153.75,,,,,11.271216700501148,-138.04169787122996,1.3349418772763766,-17.779848094802215,30.713679560421586,-37.843809885956006,3.94,1.78,66.0,80.4,4.0,95.1,2299.0,6.5,745706,691011,669911,663898,641857,678662,666134,686668,595909,54.05,0.239,0.244,0.0,1.0,0.0,0.0,2.0,73,1,Sinker,10,3,10,3,3,10,10,3,Strategic,Standard,249.0,0.0,-0.256,78.1,8.2,0.273,0.256,88.0,7,7,0.999,0.999,29,32,30,32,1,4,3.0,1.0,1.0,1.0,2.93,1.19,1.19,0.5,8.744629275428565,-5.636299968699481,38.94614748014637,49.563737147683526,27.28273554909302
FF,2024-08-25,95.4,-2.9,5.42,"Judge, Aaron",592450,676105,home_run,hit_into_play,,,,,5.0,Aaron Judge homers (51) on a fly ball to right center field.,R,R,R,NYY,COL,X,,fly_ball,0,0,2024,-1.15,1.23,-0.24,3.18,,,,1,7,Bot,167.04,55.16,,,,,9.605541790833655,-138.54993867049814,-3.0132430728849715,-16.923602107422965,31.296612733219483,-15.846684749504862,3.94,1.78,377.0,103.3,38.0,95.6,2316.0,6.5,745706,691011,669911,663898,641857,678662,666134,686668,595909,53.99,0.4467272727272728,0.8976363636363637,2.0,1.0,0.0,3.0,5.0,60,1,4-Seam Fastball,5,3,5,3,3,6,6,3,Strategic,Standard,230.0,0.06,1.583,76.5,7.7,1.7656363636363637,-1.583,103.3,2,2,0.876,0.876,25,32,25,32,1,3,2.0,1.0,3.0,1.0,1.29,1.15,1.15,32.9,12.480032971482618,5.373557163164312,37.05556805962903,40.22614081027956,27.251847330549637
SL,2024-08-24,85.1,-2.68,6.35,"Judge, Aaron",592450,687134,field_out,hit_into_play,,,,,6.0,Aaron Judge lines out to center fielder Brenton Doyle.,R,R,R,NYY,COL,X,8.0,line_drive,0,0,2024,0.18,0.08,0.54,2.47,,,650402.0,1,3,Bot,138.44,66.61,,,,,7.232056469259987,-123.7943455532481,-2.947247786932321,0.3782275343549489,25.02783682349856,-30.918680709938275,3.95,1.78,330.0,99.0,22.0,85.4,2440.0,6.5,745703,691011,669911,663898,641857,678662,666134,686668,595909,53.99,0.307,0.4911666666666666,0.0,1.0,0.0,0.0,5.0,30,1,Slider,0,6,0,6,6,0,0,6,Standard,Standard,87.0,-0.014,-0.255,76.9,8.2,0.9005000000000001,0.255,99.0,-6,-6,0.073,0.073,23,32,24,32,2,1,6.0,1.0,5.0,1.0,3.07,-0.18,-0.18,60.1,12.898490551863931,0.7822317164193087,38.54687351580786,48.62698462973727,30.186118652827385
FF,2024-08-24,95.3,-2.1,6.51,"Judge, Aaron",592450,687134,force_out,hit_into_play,,,,,11.0,"Yankees challenged (play at 1st), call on the field was overturned: Aaron Judge grounds into a force out, third baseman Ryan McMahon to second baseman Brendan Rodgers. Gleyber Torres to 3rd. Juan Soto out at 2nd. Aaron Judge to 1st.",R,R,R,NYY,COL,X,5.0,ground_ball,2,2,2024,-0.68,1.66,-1.0,3.21,,650402.0,665742.0,0,1,Bot,106.1,170.12,,,,,4.444330728843893,-138.57157837332937,-6.801305532403844,-9.78466222153915,31.945547775098067,-9.411360038077303,3.95,1.78,,,,95.6,2110.0,6.6,745703,691011,669911,663898,641857,678662,666134,686668,595909,53.93,,,0.0,,0.0,0.0,,8,5,4-Seam Fastball,0,1,0,1,1,0,0,1,Standard,Standard,193.0,-0.022,-0.264,64.4,6.4,,0.264,,-1,-1,0.539,0.539,23,32,24,32,1,0,6.0,1.0,5.0,1.0,0.86,0.68,0.68,68.9,-4.366673296061734,13.13123068565164,44.5773359095423,27.693104084873685,16.75903277936527
FF,2024-08-23,91.2,2.3,5.99,"Judge, Aaron",592450,607536,home_run,hit_into_play,,,,,11.0,Aaron Judge homers (49) on a fly ball to left center field.,R,R,L,NYY,COL,X,,fly_ball,1,1,2024,0.62,1.57,-1.08,3.17,,,,0,6,Bot,48.81,62.12,,,,,-9.862071674504312,-132.34062623654145,-4.56063037278213,9.444209570691571,28.95613425639677,-12.91762374082376,3.95,1.78,388.0,102.6,37.0,91.4,2464.0,6.6,745702,607732,669911,668845,641857,678662,666134,686668,687597,53.9,0.5175882352941176,1.0465294117647057,2.0,1.0,0.0,3.0,6.0,44,3,4-Seam Fastball,2,0,2,0,0,3,3,0,Strategic,Standard,144.0,0.067,1.126,81.3,8.1,2.059294117647059,-1.126,102.6,2,2,0.844,0.844,31,32,31,32,3,2,6.0,1.0,5.0,1.0,1.19,0.62,-0.62,31.9,28.581741142098572,-12.63456465963031,39.82474726635663,29.508433726639566,30.5048018330909
FF,2024-08-23,91.7,2.25,5.97,"Judge, Aaron",592450,607536,field_out,hit_into_play,,,,,11.0,Aaron Judge lines out to third baseman Ryan McMahon.,R,R,L,NYY,COL,X,5.0,line_drive,0,0,2024,0.68,1.46,-0.91,3.08,,,,1,4,Bot,81.91,149.65,,,,,-9.476834556855922,-133.19359331295897,-4.580749474737823,10.128405013342842,28.871794440073582,-14.019548926330348,3.95,1.78,167.0,87.4,13.0,92.0,2345.0,6.6,745702,607732,669911,668845,641857,678662,666134,686668,687597,53.88,0.858,0.827,0.0,1.0,0.0,0.0,4.0,27,1,4-Seam Fastball,0,0,0,0,0,0,0,0,Strategic,Standard,140.0,-0.02,-0.256,76.2,7.5,1.011,0.256,88.0,0,0,0.533,0.533,31,32,31,32,2,1,6.0,1.0,5.0,1.0,1.27,0.68,-0.68,33.1,9.121131670178634,-2.592562205040664,44.50193799184011,29.976742483512567,25.276424592466658
SI,2024-08-23,91.7,2.44,5.87,"Judge, Aaron",592450,607536,grounded_into_double_play,hit_into_play,,,,,8.0,"Aaron Judge grounds into a double play, second baseman Aaron Schunk to shortstop Ezequiel Tovar to first baseman Michael Toglia. Gleyber Torres to 3rd. Juan Soto out at 2nd. Aaron Judge out at 1st.",R,R,L,NYY,COL,X,4.0,ground_ball,2,1,2024,1.5,0.66,0.12,1.71,,650402.0,665742.0,0,1,Bot,139.33,143.59,,,,,-9.136643894870549,-133.10573745263562,-6.054259264125269,19.770618084953465,29.962328166802084,-23.152022217838017,3.95,1.78,99.0,101.2,4.0,92.0,2267.0,6.7,745702,607732,669911,668845,641857,678662,666134,686668,687597,53.8,0.532,0.492,0.0,1.0,0.0,0.0,4.0,6,4,Sinker,0,0,0,0,0,0,0,0,Strategic,Standard,143.0,-0.106,-0.359,76.8,7.9,0.597,0.359,101.2,0,0,0.643,0.643,31,32,31,32,1,0,6.0,1.0,5.0,1.0,2.07,1.5,-1.5,29.8,-1.2848676916413686,-2.2711582819855893,48.74136601309377,43.568131240723034,21.475363612024843
SL,2024-08-23,85.5,-2.79,5.58,"Judge, Aaron",592450,676105,field_out,hit_into_play,,,,,7.0,Aaron Judge pops out to third baseman Ryan McMahon.,R,R,R,NYY,COL,X,5.0,popup,1,1,2024,0.34,-0.32,-0.69,2.37,,,,1,8,Bot,98.73,160.56,,,,,4.284194893819278,-124.45674732163036,-0.6388526099194408,2.6089854291937455,25.433160005832548,-35.548065033338176,3.95,1.78,122.0,89.5,67.0,85.3,2566.0,6.2,745702,607732,669911,663898,641857,678662,666134,686668,687597,54.3,0.005,0.005,0.0,1.0,0.0,0.0,3.0,60,3,Slider,3,0,3,0,0,3,3,0,Strategic,Standard,46.0,-0.003,-0.243,78.3,8.7,0.01,0.243,89.5,3,3,0.97,0.97,25,32,25,32,1,3,2.0,1.0,2.0,1.0,3.44,-0.34,-0.34,33.7,16.118133767193104,-27.353098856580516,43.03778665460217,34.17154468482411,44.22695290368914
CH,2024-08-22,91.6,-2.88,5.65,"Judge, Aaron",592450,668909,home_run,hit_into_play,,,,,5.0,Aaron Judge homers (48) on a fly ball to right field.,R,R,R,NYY,CLE,X,,fly_ball,2,1,2024,-1.56,0.86,0.27,2.53,,,,1,4,Bot,231.43,97.28,,,,,11.56222110292467,-132.96071803002764,-3.953893950677538,-20.854986276479504,26.286425064627657,-21.30406842943761,3.98,1.8,360.0,104.6,32.0,93.8,2162.0,7.5,745705,666310,647304,665926,608070,677587,680757,671289,686823,52.97,0.7837878787878786,1.5845454545454545,2.0,1.0,0.0,3.0,6.0,28,4,Changeup,0,0,0,0,0,1,1,0,Strategic,Strategic,243.0,0.128,1.536,79.3,8.0,3.115636363636364,-1.536,104.6,0,0,0.536,0.536,24,32,25,32,2,1,6.0,1.0,5.0,1.0,1.86,1.56,1.56,31.2,4.367515469394708,10.9584955275412,39.60438462062571,46.45407292966166,23.8899319470717
FC,2024-08-22,88.4,-1.93,5.42,"Judge, Aaron",592450,687362,field_out,hit_into_play,,,,,4.0,Aaron Judge pops out to catcher Austin Hedges in foul territory.,R,R,R,NYY,CLE,X,2.0,popup,2,1,2024,-0.04,0.86,-0.35,2.94,,,,0,7,Bot,116.91,206.01,,,,,3.9251692976566983,-128.83459217614043,-1.838443592153434,-1.1674933030139776,24.278411704540975,-22.35305884362924,3.98,1.8,26.0,93.5,80.0,88.6,2607.0,6.1,745705,595978,647304,665926,608070,677587,680757,671289,686823,54.39,0.013,0.017,0.0,1.0,0.0,0.0,3.0,57,4,Cutter,5,0,5,0,0,5,5,0,Strategic,Strategic,196.0,-0.002,-0.296,81.5,8.8,0.022,0.296,93.5,5,5,0.986,0.986,26,32,27,32,1,3,18.0,1.0,4.0,1.0,2.02,0.04,0.04,39.4,28.948448397227786,-19.902734844955752,39.51737753157914,37.83003138259655,40.64000004473756
FC,2024-08-22,92.6,-3.13,5.77,"Judge, Aaron",592450,668909,field_out,hit_into_play,,,,,9.0,Aaron Judge flies out to right fielder Will Brennan.,R,R,R,NYY,CLE,X,9.0,fly_ball,2,1,2024,-0.06,0.56,0.36,1.92,,,650402.0,1,1,Bot,165.41,106.44,,,,,9.222083014395082,-134.6218313933028,-5.365699133289449,-2.587467750014641,27.854545888570964,-24.347836705645427,3.98,1.8,251.0,78.9,34.0,94.6,2438.0,7.4,745705,666310,647304,665926,608070,677587,680757,671289,686823,53.12,0.061,0.061,0.0,1.0,0.0,0.0,3.0,7,4,Cutter,0,0,0,0,0,0,0,0,Strategic,Strategic,191.0,-0.033,-0.29,78.2,8.4,0.085,0.29,88.0,0,0,0.555,0.555,24,32,25,32,1,0,6.0,1.0,5.0,1.0,2.09,0.06,0.06,30.2,9.47564507173136,-4.1336997892071246,44.3573312177198,45.39693647702212,32.06858418280741
CU,2024-08-21,77.0,0.43,6.05,"Judge, Aaron",592450,676282,home_run,hit_into_play,,,,,5.0,Aaron Judge homers (46) on a fly ball to right center field. Juan Soto scores.,R,R,L,NYY,CLE,X,,fly_ball,2,2,2024,-0.74,-1.6,-0.17,2.8,,,665742.0,1,3,Bot,174.3,54.15,,,,,0.0668650892780929,-112.031063053261,3.145572504164704,-6.1546025726602185,22.98110051188163,-46.3742626104593,3.98,1.8,378.0,103.9,36.0,77.7,2695.0,7.1,745704,595978,681807,665926,608070,671289,680757,657041,678877,53.38,0.5719444444444445,1.1459444444444444,2.0,1.0,0.0,3.0,6.0,21,5,Curveball,2,0,2,0,0,4,4,0,Strategic,Standard,342.0,0.122,1.458,77.5,7.8,2.263833333333333,-1.458,103.9,2,2,0.764,0.764,24,32,25,32,2,1,12.0,1.0,5.0,1.0,5.49,-0.74,0.74,62.7,13.343046159614865,-1.974274484977835,39.48903286258367,40.126616741803254,29.97288998560743
FF,2024-08-21,93.9,-0.45,5.72,"Judge, Aaron",592450,669212,home_run,hit_into_play,,,,,9.0,Aaron Judge homers (47) on a fly ball to right field.,R,R,R,NYY,CLE,X,,fly_ball,3,2,2024,-0.96,1.33,0.36,2.44,,,,1,7,Bot,205.66,78.76,,,,,4.243325372585289,-136.4970381416896,-5.687882184179581,-12.9433858073261,32.84726879149105,-14.494781360082072,3.98,1.8,356.0,102.5,33.0,94.0,2249.0,6.6,745704,595978,681807,665926,671289,677587,686823,657041,678877,53.86,0.5707749999999998,1.142175,2.0,1.0,0.0,3.0,6.0,53,7,4-Seam Fastball,7,0,7,0,0,8,8,0,Infield shade,Standard,221.0,0.002,1.506,75.9,7.9,2.24365,-1.506,102.5,7,7,0.996,0.996,28,32,28,32,1,3,5.0,1.0,2.0,1.0,1.28,0.96,0.96,42.9,4.308719507553862,10.111758864233972,38.69907288905455,46.03061193430469,21.53190240861783
FF,2024-08-21,92.2,0.41,5.96,"Judge, Aaron",592450,676282,field_out,hit_into_play,,,,,5.0,Aaron Judge flies out to right fielder Jhonkensy Noel.,R,R,L,NYY,CLE,X,9.0,fly_ball,1,0,2024,0.25,1.49,-0.23,3.07,,,,0,1,Bot,199.8,109.59,,,,,-2.235161846348909,-134.24946829412366,-4.89876273472961,3.4889565526330975,27.934982108413895,-13.239446764305502,3.98,1.8,287.0,97.5,49.0,94.5,1920.0,7.5,745704,595978,681807,665926,608070,671289,680757,657041,678877,53.02,0.011,0.015,0.0,1.0,0.0,0.0,3.0,6,2,4-Seam Fastball,2,0,2,0,0,2,2,0,Strategic,Standard,162.0,-0.018,-0.292,80.2,7.5,0.026,0.292,97.5,2,2,0.735,0.735,24,32,25,32,1,0,12.0,1.0,5.0,1.0,1.18,0.25,-0.25,53.6,6.318463227238614,5.2585282125671435,34.41441138736096,38.92133374528813,28.643221572447988
CH,2024-08-20,79.6,2.09,5.67,"Judge, Aaron",592450,571510,field_out,hit_into_play,,,,,9.0,Aaron Judge lines out to third baseman José Ramírez.,R,R,L,NYY,CLE,X,5.0,line_drive,0,1,2024,1.08,0.87,0.63,2.3,,,,1,5,Bot,93.83,161.05,,,,,-5.207482328580237,-115.77566433850652,-2.2285886061606144,10.666594223374554,23.212222157099628,-24.133288209569447,4.01,1.84,128.0,82.1,12.0,79.0,1736.0,6.1,745707,666310,647304,665926,608070,677587,680757,682177,678877,54.41,0.587,0.532,0.0,1.0,0.0,0.0,4.0,49,2,Changeup,3,3,3,3,3,3,3,3,Strategic,Standard,125.0,-0.019,-0.219,74.3,8.8,0.64,0.219,88.0,0,0,0.534,0.534,33,32,33,32,3,2,7.0,2.0,5.0,1.0,2.75,1.08,-1.08,32.5,26.258246735453085,-11.140162212176968,38.51772142624212,50.90337682492781,38.51630807520103
FF,2024-08-20,92.7,1.89,5.69,"Judge, Aaron",592450,571510,field_out,hit_into_play,,,,,4.0,Aaron Judge flies out to right fielder Jhonkensy Noel.,R,R,L,NYY,CLE,X,9.0,fly_ball,0,0,2024,0.88,1.04,-0.4,3.08,,,665742.0,0,3,Bot,189.52,103.94,,,,,-7.7835415224605295,-134.69910516859133,-3.1092182349246613,12.492063832824204,30.13328804715208,-19.09129771279913,4.01,1.84,284.0,97.7,50.0,92.3,2241.0,6.2,745707,666310,647304,665926,608070,677587,680757,682177,678877,54.28,0.013,0.021,0.0,1.0,0.0,0.0,3.0,29,1,4-Seam Fastball,2,2,2,2,2,2,2,2,Strategic,Standard,134.0,-0.037,-0.246,75.5,7.5,0.032,0.246,97.7,0,0,0.595,0.595,33,32,33,32,2,1,7.0,2.0,5.0,1.0,1.63,0.88,-0.88,29.1,5.526373745093967,-0.1758694052332955,37.70934971105183,37.1912162847508,29.595551879716385
SL,2024-08-20,89.3,-2.59,6.42,"Judge, Aaron",592450,683769,field_out,hit_into_play,,,,,5.0,"Aaron Judge grounds out, third baseman José Ramírez to first baseman Josh Naylor.",R,R,R,NYY,CLE,X,5.0,ground_ball,3,2,2024,0.3,0.34,0.15,3.07,,,650402.0,2,7,Bot,97.45,166.67,,,,,6.168567740429035,-130.1089721538267,-3.038988535252745,2.344642499912169,23.60180298967452,-27.9441372374561,4.01,1.84,88.0,84.9,7.0,90.7,2328.0,6.7,745707,666310,647304,665926,608070,677587,680757,682177,678877,53.76,0.413,0.378,0.0,1.0,0.0,0.0,4.0,66,6,Slider,3,3,3,3,3,3,3,3,Strategic,Standard,160.0,-0.046,-0.32,80.7,8.3,0.46,0.32,88.0,0,0,0.546,0.546,26,32,26,32,1,3,2.0,2.0,5.0,1.0,2.48,-0.3,-0.3,36.1,21.02171834559805,-19.97681760827627,32.87862829711995,44.27274306892823,40.338796593410365
SI,2024-08-20,93.5,2.13,5.64,"Judge, Aaron",592450,571510,home_run,hit_into_play,,,,,4.0,Aaron Judge homers (45) on a fly ball to center field.,R,R,L,NYY,CLE,X,,fly_ball,3,1,2024,1.31,0.71,-0.68,2.56,,,,1,1,Bot,164.27,54.06,,,,,-10.10709007266248,-135.79671896510757,-3.756276275774624,18.377917826792466,28.896405806244136,-22.697720797266395,4.01,1.84,376.0,102.1,36.0,93.4,2358.0,6.3,745707,666310,647304,665926,608070,677587,680757,682177,678877,54.2,0.4501363636363635,0.8956818181818181,2.0,1.0,0.0,3.0,6.0,7,5,Sinker,1,0,1,0,0,2,2,0,Infield shade,Standard,134.0,0.083,1.414,77.7,7.8,1.7637272727272728,-1.414,102.1,1,1,0.634,0.634,33,32,33,32,1,0,7.0,2.0,5.0,1.0,1.9,1.31,-1.31,31.3,6.284196135973653,-2.9558347211013465,44.310442743872585,34.65271029707898,26.3596741829832
ST,2024-08-20,80.6,-2.19,5.12,"Judge, Aaron",592450,605130,double,hit_into_play,,,,,7.0,Aaron Judge doubles (30) on a sharp fly ball to center fielder Tyler Freeman. Oswaldo Cabrera scores. Gleyber Torres scores.,R,R,R,NYY,CLE,X,8.0,fly_ball,2,1,2024,1.34,0.1,-0.42,2.16,,665828.0,650402.0,1,12,Bot,138.67,38.18,,,,,1.3962382251054712,-117.34487461073098,0.002287826383694,11.95900215772814,24.972876860149466,-31.541323864452146,4.01,1.84,398.0,104.9,29.0,81.1,2453.0,6.9,745707,595978,678877,665926,608070,677587,680757,671289,657041,53.59,0.8230681818181819,1.643431818181818,1.25,1.0,1.0,1.0,6.0,110,4,Sweeper,3,9,3,9,9,5,5,9,Infield shade,Standard,86.0,0.013,0.791,73.8,8.0,3.239090909090909,-0.791,104.9,-6,-6,0.008,0.008,31,32,32,32,1,5,4.0,2.0,4.0,1.0,3.45,-1.34,-1.34,23.6,11.172805979935166,-5.8846270237185365,46.534144544379494,37.633915446303085,29.501049220897297
CH,2024-08-18,87.2,1.69,6.12,"Judge, Aaron",592450,669373,grounded_into_double_play,hit_into_play,,,,,8.0,"Aaron Judge grounds into a double play, shortstop Trey Sweeney to second baseman Colt Keith to first baseman Spencer Torkelson. Gleyber Torres to 3rd. Juan Soto out at 2nd. Aaron Judge out at 1st.",R,R,L,DET,NYY,X,6.0,ground_ball,1,2,2024,1.41,0.47,0.25,1.85,,650402.0,665742.0,0,6,Top,110.63,154.74,,,,,-6.152093,-126.50974,-5.0649705,15.603484,25.964869,-26.037167,4.01,1.84,38.0,88.0,-2.0,86.7,1717.0,6.2,746431,668670,679529,690993,690291,700242,663837,678009,681481,54.35,0.261,0.251,0.0,1.0,0.0,0.0,2.0,40,4,Changeup,0,0,0,0,0,0,0,0,,,105.0,0.126,-0.238,,,0.318,0.238,88.0,0,0,0.389,0.611,27,32,28,32,3,2,5.0,1.0,6.0,2.0,2.57,1.41,-1.41,,,,,,
FF,2024-08-18,98.8,1.49,6.27,"Judge, Aaron",592450,669373,single,hit_into_play,,,,,8.0,Aaron Judge singles on a ground ball to center fielder Parker Meadows.,R,R,L,DET,NYY,X,8.0,ground_ball,0,0,2024,0.56,1.26,0.19,1.87,,,,0,4,Top,169.86,87.65,,,,,-4.7466474,-143.29019,-9.352527,8.479895,32.085194,-13.223051,4.01,1.84,51.0,107.2,1.0,98.4,2176.0,6.2,746431,668670,679529,690993,690291,700242,663837,678009,681481,54.31,0.526,0.481,0.9,1.0,1.0,0.0,4.0,23,1,4-Seam Fastball,0,0,0,0,0,0,0,0,,,155.0,-0.044,0.448,,,0.572,-0.448,107.2,0,0,0.5,0.5,27,32,28,32,2,1,5.0,1.0,6.0,2.0,1.1,0.56,-0.56,,,,,,
SL,2024-08-17,84.1,-2.55,5.85,"Judge, Aaron",592450,672456,field_out,hit_into_play,,,,,4.0,"Aaron Judge grounds out, shortstop Javier Báez to first baseman Spencer Torkelson.",R,R,R,DET,NYY,X,6.0,ground_ball,3,2,2024,0.68,-0.45,-0.53,3.09,,,650402.0,2,3,Top,100.28,154.4,,,,,3.3446733581570807,-122.58798072468362,0.8172820954286673,6.29364387373462,22.342280161576063,-37.08730656324802,4.01,1.84,30.0,64.0,-3.0,84.6,2919.0,6.3,746434,693307,679529,628451,690291,595879,669234,663837,656716,54.17,0.097,0.097,0.0,1.0,0.0,0.0,2.0,24,7,Slider,4,0,0,4,0,4,0,4,Standard,Standard,62.0,0.018,-0.32,79.2,8.1,0.105,0.32,88.0,4,-4,0.876,0.124,23,32,24,32,2,1,6.0,1.0,6.0,1.0,3.64,-0.68,-0.68,43.4,23.981454573722388,-18.737361665948985,36.601837721052114,36.801698044179865,43.54176270124963
FC,2024-08-17,88.7,1.34,5.89,"Judge, Aaron",592450,663947,field_out,hit_into_play,,,,,4.0,Aaron Judge pops out to second baseman Andy Ibáñez.,R,R,L,DET,NYY,X,4.0,popup,2,2,2024,-0.55,0.47,-0.32,3.13,,,650402.0,1,6,Top,134.47,118.42,,,,,-2.918136986979321,-129.38273587418146,-1.7944030523428367,-5.745872219773302,22.99630922574771,-26.662706269510895,4.01,1.84,206.0,96.4,56.0,89.8,2412.0,6.5,746434,693307,679529,628451,690291,595879,669234,663837,656716,54.02,0.013,0.017,0.0,1.0,0.0,0.0,3.0,44,10,Cutter,4,0,0,4,0,4,0,4,Standard,Standard,190.0,0.019,-0.233,79.9,8.2,0.026,0.233,96.4,4,-4,0.918,0.0819999999999999,28,32,28,32,1,2,3.0,1.0,4.0,1.0,2.38,-0.55,0.55,44.7,17.36277104009953,-9.48163315310998,36.66027328486755,39.11938629689991,32.67905290395536
SI,2024-08-17,96.6,-1.61,5.54,"Judge, Aaron",592450,671345,double,hit_into_play,,,,,8.0,Aaron Judge doubles (29) on a sharp line drive to center fielder Parker Meadows.,R,R,R,DET,NYY,X,8.0,line_drive,0,0,2024,-1.41,0.36,-0.11,2.31,,,,0,9,Top,104.37,50.64,,,,,7.22139518574231,-140.65848781413524,-3.946709705901083,-20.28693673421092,27.584267411207858,-26.74369752555199,4.01,1.84,371.0,113.7,16.0,97.6,2097.0,6.5,746434,693307,679529,628451,690291,595879,663837,678009,656716,54.01,0.6906666666666667,1.123,1.25,1.0,1.0,1.0,6.0,65,1,Sinker,4,0,0,4,0,4,0,4,Standard,Standard,239.0,-0.022,0.693,79.2,7.9,2.0616666666666665,-0.693,113.7,4,-4,0.985,0.015,28,32,29,32,1,3,2.0,1.0,6.0,1.0,2.05,1.41,1.41,25.8,6.521590363285059,0.2453014282282654,44.81752628961581,41.75549410131251,26.812512440749433
SI,2024-08-16,91.4,2.8,5.88,"Judge, Aaron",592450,676428,home_run,hit_into_play,,,,,4.0,Aaron Judge homers (44) on a fly ball to center field.,R,R,L,DET,NYY,X,,fly_ball,2,2,2024,1.23,0.34,-0.55,2.7,,,,1,8,Top,118.18,24.82,,,,,-10.987363726535918,-132.64168487968,-2.8332053877614816,16.831509342364804,27.593724192370313,-27.73495124258452,4.03,1.86,431.0,110.0,29.0,90.7,2172.0,5.9,746438,668670,676632,656716,690291,700242,669234,678009,663837,54.57,0.9776363636363636,2.0,2.0,1.0,0.0,3.0,6.0,58,6,Sinker,0,2,2,0,3,0,3,0,Infield shade,Standard,122.0,-0.073,1.614,76.4,7.6,3.897727272727273,-1.614,110.0,-2,2,0.151,0.849,25,32,26,32,2,3,6.0,2.0,5.0,1.0,2.4,1.23,-1.23,29.9,12.143794399693803,1.4215058214123006,42.97227190631975,35.73322050936938,28.236882734180693
SL,2024-08-16,88.3,-2.61,5.26,"Judge, Aaron",592450,669724,field_out,hit_into_play,,,,,6.0,Aaron Judge lines out to first baseman Bligh Madris.,R,R,R,DET,NYY,X,3.0,line_drive,0,0,2024,0.3,0.2,0.69,2.74,,,,1,3,Top,146.7,162.55,,,,,7.3734404133611875,-128.49803485460953,-0.482689890683191,1.9055431792263973,25.801277020467193,-30.029111964373104,4.03,1.86,110.0,67.4,13.0,88.2,2115.0,6.2,746438,668670,676632,656716,690291,700242,669234,678009,663837,54.35,0.289,0.261,0.0,1.0,0.0,0.0,2.0,20,1,Slider,0,1,1,0,1,0,1,0,Infield shade,Standard,92.0,0.016,-0.256,75.3,8.2,0.319,0.256,88.0,-1,1,0.41,0.5900000000000001,26,32,26,32,1,1,5.0,2.0,2.0,1.0,2.71,-0.3,-0.3,31.3,22.552660745702784,-1.535168443947583,35.899625980056165,52.44667653326203,28.44375540016799
SI,2024-08-16,96.8,-1.22,5.98,"Judge, Aaron",592450,689225,field_out,hit_into_play,,,,,9.0,Aaron Judge lines out to right fielder Matt Vierling.,R,R,R,DET,NYY,X,9.0,line_drive,3,2,2024,-0.92,1.43,0.78,2.18,,650402.0,665742.0,0,1,Top,179.81,95.62,,,,,7.404202123605304,-140.58795354155885,-7.792894415070455,-13.87376827873094,32.04771285948624,-11.629705060181964,4.03,1.86,290.0,91.2,21.0,96.3,2611.0,6.1,746438,668670,676632,656716,690291,700242,669234,678009,663837,54.39,0.263,0.289,0.0,1.0,0.0,0.0,3.0,3,7,Sinker,0,0,0,0,0,0,0,0,Infield shade,Standard,199.0,0.061,-0.332,77.8,8.4,0.415,0.332,91.2,0,0,0.399,0.601,26,32,26,32,1,0,2.0,2.0,2.0,1.0,1.02,0.92,0.92,52.0,13.467950462760816,8.846791939315999,38.728291861571606,53.2358223401061,19.916839960717347
SI,2024-08-14,94.2,-2.86,5.27,"Judge, Aaron",592450,641771,home_run,hit_into_play,,,,,11.0,Aaron Judge homers (43) on a fly ball to left field. Alex Verdugo scores. Juan Soto scores.,R,R,R,CWS,NYY,X,,fly_ball,3,0,2024,-1.33,0.19,-0.97,3.21,,657077.0,665742.0,1,8,Top,36.47,82.96,,,,,7.834511629619591,-136.97909665740025,-0.101365586551385,-18.52173568832163,29.346605585741656,-29.943530576027108,4.03,1.86,361.0,110.1,23.0,94.1,2219.0,6.2,746759,686676,657757,681460,678246,670032,643217,673357,666150,54.3,0.9533333333333334,1.867190476190476,2.0,1.0,0.0,3.0,6.0,67,4,Sinker,2,6,6,2,9,2,9,2,Standard,Standard,242.0,-0.022,1.007,,,3.645,-1.007,110.1,-4,4,0.026,0.974,31,32,32,32,1,4,1.0,1.0,2.0,2.0,2.37,1.33,1.33,18.0,,,,,
SI,2024-08-14,93.6,-2.71,5.6,"Judge, Aaron",592450,608678,double,hit_into_play,,,,,7.0,Aaron Judge doubles (28) on a sharp line drive to left fielder Andrew Benintendi. Juan Soto to 3rd.,R,R,R,CWS,NYY,X,7.0,line_drive,1,0,2024,-1.37,0.73,-0.79,2.32,,,665742.0,2,7,Top,49.11,111.83,,,,,8.067725750904433,-136.11783647948835,-4.369621257348054,-18.74900114500993,28.88110668826992,-22.27471588165219,4.03,1.86,230.0,113.3,14.0,94.5,2000.0,6.8,746759,642020,657757,681460,678246,670032,643217,673357,666150,53.7,0.737,0.82,1.25,1.0,1.0,1.0,6.0,55,2,Sinker,2,2,2,2,2,2,2,2,Infield shade,Standard,219.0,-0.055,0.831,80.9,8.1,1.228,-0.831,113.3,0,0,0.543,0.4569999999999999,32,32,33,32,1,3,2.0,1.0,,2.0,1.86,1.37,1.37,39.7,12.696329478200283,-10.385750311651297,44.03057301817303,34.88376335155246,36.056619002386114
SI,2024-08-13,93.8,-2.05,6.12,"Judge, Aaron",592450,686563,single,hit_into_play,,,,,8.0,Aaron Judge singles on a ground ball to center fielder Luis Robert Jr.,R,R,R,CWS,NYY,X,8.0,ground_ball,0,0,2024,-1.31,0.5,0.19,2.37,,,,1,3,Top,117.54,77.06,,,,,8.659121751109303,-136.34576458476684,-5.043708736342135,-18.235805599442138,29.971605141836537,-24.962872437695445,4.03,1.88,16.0,106.8,-7.0,93.5,2001.0,6.2,746757,686676,683734,672820,678246,681460,643217,673357,667452,54.34,0.371,0.365,0.9,1.0,1.0,0.0,2.0,18,1,Sinker,0,2,2,0,2,0,2,0,Strategic,Standard,227.0,-0.019,0.422,75.2,7.6,0.394,-0.422,106.8,-2,2,0.306,0.694,23,32,24,32,2,1,7.0,1.0,6.0,1.0,2.09,1.31,1.31,32.7,1.4807878757163646,11.905346087778852,41.10475368096897,45.49805641725706,20.33206835601912
SL,2024-08-13,85.5,-2.64,5.36,"Judge, Aaron",592450,641771,single,hit_into_play,,,,,4.0,Aaron Judge singles on a sharp line drive to left fielder Andrew Benintendi.,R,R,R,CWS,NYY,X,7.0,line_drive,0,0,2024,0.18,0.14,-0.43,3.27,,,,1,7,Top,37.8,96.19,,,,,4.850011565140136,-124.5078449140998,1.0402589629243657,0.9557896064828114,23.202713374758083,-31.08476246779625,4.03,1.88,333.0,107.8,20.0,86.1,2432.0,6.5,746757,686676,683734,672820,678246,681460,643217,673357,667452,54.0,0.7294893617021276,1.2864468085106382,0.9,1.0,1.0,0.0,6.0,51,1,Slider,0,4,4,0,4,0,4,0,Standard,Standard,116.0,-0.005,0.422,74.6,7.9,2.414574468085106,-0.422,107.8,-4,4,0.064,0.936,31,32,32,32,1,3,3.0,1.0,1.0,1.0,2.95,-0.18,-0.18,29.7,18.41723597796206,-8.293202528233401,35.17405984363689,37.05966224973683,33.48211949343787
CU,2024-08-12,74.5,2.49,6.43,"Judge, Aaron",592450,681066,field_out,hit_into_play,,,,,8.0,Aaron Judge flies out sharply to right fielder Corey Julks.,R,R,L,CWS,NYY,X,9.0,fly_ball,1,0,2024,-0.66,-1.11,0.01,2.21,665862.0,683011.0,657077.0,2,2,Top,192.8,75.92,,,,,-3.9593471374214513,-108.38722613880336,0.5354943103600822,-4.450268153835169,20.00457060183784,-41.19650803620221,4.03,1.88,346.0,101.3,38.0,74.8,2429.0,6.6,746762,686676,657757,681460,672820,670032,643217,666150,667452,53.87,0.3121,0.6157999999999999,0.0,1.0,0.0,0.0,5.0,19,2,Curveball,2,1,1,2,1,2,1,2,Standard,Standard,327.0,0.091,-0.306,76.5,8.2,1.2148,0.306,101.3,1,-1,0.565,0.435,24,32,25,32,2,1,7.0,1.0,6.0,1.0,5.23,-0.66,0.66,51.5,11.297797675356856,-1.8018359882247856,42.99322128297931,42.51432373026051,30.96983651521909
FF,2024-08-12,92.2,2.23,6.21,"Judge, Aaron",592450,681066,double,hit_into_play,,,,,5.0,Aaron Judge doubles (27) on a sharp line drive to left fielder Andrew Benintendi. Alex Verdugo scores. Juan Soto to 3rd.,R,R,L,CWS,NYY,X,7.0,line_drive,1,1,2024,0.21,1.26,0.24,3.09,,657077.0,665742.0,0,1,Top,49.14,98.6,,,,,-5.544958094825066,-134.10107458921507,-4.871848401052576,3.772746989601004,29.258378068341862,-16.091334181430874,4.03,1.88,254.0,107.2,15.0,92.8,2209.0,6.7,746762,686676,657757,681460,672820,670032,643217,666150,667452,53.78,0.666,0.735,1.25,1.0,1.0,1.0,5.0,3,3,4-Seam Fastball,0,0,0,0,1,0,1,0,Standard,Standard,155.0,-0.129,0.749,79.4,8.5,1.077,-0.749,107.2,0,0,0.412,0.5880000000000001,24,32,25,32,1,0,7.0,1.0,6.0,1.0,1.42,0.21,-0.21,48.1,19.589704946452265,-9.908238933681808,32.81041072275707,45.775333081683414,33.374132475754166
FF,2024-08-12,96.0,-2.63,5.78,"Judge, Aaron",592450,608678,single,hit_into_play,,,,,9.0,"Aaron Judge singles on a line drive to first baseman Gavin Sheets, deflected by pitcher Dominic Leone. Juan Soto to 2nd.",R,R,R,CWS,NYY,X,1.0,line_drive,2,2,2024,-0.55,1.14,0.67,2.32,,,665742.0,2,8,Top,128.7,184.03,,,,,10.000672169625826,-139.37715529565955,-6.1513306486611725,-9.388993612826456,29.933603438783887,-16.10429186083491,4.03,1.88,60.0,89.9,3.0,96.5,2363.0,6.6,746762,686676,657757,681460,672820,670032,643217,666150,667452,53.92,0.411,0.406,0.9,1.0,1.0,0.0,2.0,77,5,4-Seam Fastball,11,2,2,11,2,11,2,11,Standard,Standard,216.0,0.0,0.394,76.5,8.3,0.472,-0.394,89.9,9,-9,0.999,0.001,32,32,33,32,1,4,2.0,1.0,2.0,1.0,1.34,0.55,0.55,38.2,12.87547810388067,0.2683415183491967,39.22530779360338,51.4620215025192,23.524264477447662
SI,2024-08-11,92.5,3.23,4.4,"Judge, Aaron",592450,571760,single,hit_into_play,,,,,8.0,Aaron Judge singles on a line drive to center fielder Leody Taveras.,R,R,L,NYY,TEX,X,8.0,line_drive,2,1,2024,1.63,0.37,0.2,2.04,,,,2,3,Bot,110.07,81.5,,,,,-11.30735066158449,-134.1273914909459,-0.9547913690856914,22.19587416379048,30.552131418882222,-27.671015348195763,4.04,1.88,223.0,88.8,17.0,92.3,2452.0,6.5,745711,608348,663993,543760,673962,608369,694671,665750,666969,54.02,0.832,0.808,0.9,1.0,1.0,0.0,4.0,24,4,Sinker,2,0,2,0,0,2,2,0,Standard,Standard,109.0,0.008,0.286,79.3,8.2,1.007,-0.286,88.8,2,2,0.738,0.738,33,32,33,32,2,1,6.0,1.0,5.0,1.0,2.32,1.63,-1.63,13.8,6.690728993381778,-1.6781205204991123,43.41226917712214,46.466029166181336,29.338470106195174
FF,2024-08-11,91.3,1.83,6.64,"Judge, Aaron",592450,605177,home_run,hit_into_play,,,,,6.0,Aaron Judge homers (42) on a fly ball to right center field.,R,R,L,NYY,TEX,X,,fly_ball,2,0,2024,0.55,1.33,0.48,3.08,,,,0,7,Bot,173.77,55.93,,,,,-4.600133091414487,-132.66438860072952,-5.860012690247403,7.4853996555164,31.831299893358224,-15.471158565322408,4.04,1.88,374.0,108.4,37.0,91.1,2222.0,6.5,745711,608348,663993,543760,673962,608369,694671,665750,666969,54.0,0.7439000000000001,1.5163,2.0,1.0,0.0,3.0,6.0,61,3,4-Seam Fastball,7,3,7,3,3,8,8,3,Standard,Standard,145.0,0.014,1.007,81.1,8.1,2.971,-1.007,108.4,4,4,0.972,0.972,34,32,34,32,1,3,4.0,1.0,1.0,1.0,1.44,0.55,-0.55,55.0,13.160567304141969,0.3042367805648951,35.53678221527754,48.676757034432185,24.17144097263161
FF,2024-08-11,92.7,2.99,5.03,"Judge, Aaron",592450,571760,single,hit_into_play,,,,,9.0,Aaron Judge singles on a line drive to center fielder Leody Taveras. Alex Verdugo to 3rd.,R,R,L,NYY,TEX,X,8.0,line_drive,1,1,2024,1.29,1.04,0.73,2.0,,,657077.0,1,1,Bot,134.73,90.28,,,,,-8.626038204005555,-134.71286288300578,-4.223387367427856,17.603506746220084,29.459512013259605,-18.77622559106598,4.04,1.88,225.0,77.3,21.0,93.2,2344.0,6.7,745711,608348,663993,543760,673962,608369,694671,665750,666969,53.85,0.953,0.889,0.9,1.0,1.0,0.0,4.0,7,3,4-Seam Fastball,0,0,0,0,0,0,0,0,Standard,Strategic,128.0,0.063,0.416,77.9,8.6,1.043,-0.416,88.0,0,0,0.55,0.55,33,32,33,32,1,0,6.0,1.0,5.0,1.0,1.62,1.29,-1.29,29.2,15.748529323949056,-4.554214874799448,42.03638310367853,52.19126878208125,28.272224330340308
CH,2024-08-10,81.4,0.86,6.09,"Judge, Aaron",592450,674003,grounded_into_double_play,hit_into_play,,,,,14.0,"Aaron Judge grounds into a double play, third baseman Josh Smith to second baseman Marcus Semien to first baseman Nathaniel Lowe. Juan Soto out at 2nd. Aaron Judge out at 1st.",R,R,L,NYY,TEX,X,5.0,ground_ball,1,2,2024,1.31,1.12,0.5,1.51,657077.0,,665742.0,1,3,Bot,99.94,165.41,,,,,-3.3833506882478415,-118.38936756230018,-5.865281882369817,12.900100879359975,24.98397283707522,-20.719961869174597,4.02,1.87,9.0,77.7,-8.0,82.6,1871.0,7.4,745708,608348,663993,543760,669701,608369,694671,665750,666969,53.13,0.071,0.079,0.0,1.0,0.0,0.0,2.0,25,4,Changeup,1,0,1,0,0,1,1,0,Standard,Standard,126.0,-0.092,-0.228,76.3,8.7,0.071,0.228,88.0,1,1,0.715,0.715,26,32,26,32,2,1,7.0,0.0,5.0,1.0,2.35,1.31,-1.31,48.9,11.031652602776225,-6.403110451348021,40.53656690400469,49.77270017990745,33.326056062669736
FS,2024-08-10,87.9,-2.39,5.47,"Judge, Aaron",592450,543135,single,hit_into_play,,,,,8.0,Aaron Judge singles on a line drive to left fielder Robbie Grossman. Juan Soto to 2nd.,R,R,R,NYY,TEX,X,7.0,line_drive,2,2,2024,-1.24,0.16,0.24,2.03,,,665742.0,0,3,Bot,88.8,81.34,,,,,8.965893571700306,-127.70797426632504,-2.5629855480410195,-15.388888242644196,25.00567965579651,-30.09896796088716,4.02,1.87,258.0,82.4,22.0,88.2,1723.0,6.5,745712,641680,663993,543760,673962,669701,543257,694671,666969,54.04,0.605,0.573,0.9,1.0,1.0,0.0,4.0,26,6,Split-Finger,1,0,1,0,0,1,1,0,Standard,Standard,245.0,0.05,0.462,81.7,8.8,0.707,-0.462,88.0,1,1,0.698,0.698,34,32,34,32,2,1,6.0,2.0,7.0,0.0,2.79,1.24,1.24,30.8,22.289696588211825,-7.36435510363194,41.76379032303144,45.489593372227866,36.56046072095252
FF,2024-08-10,96.9,1.71,6.32,"Judge, Aaron",592450,656271,double,hit_into_play,,,,,13.0,Aaron Judge doubles (26) on a sharp line drive to left fielder Robbie Grossman. Trent Grisham scores. Alex Verdugo to 3rd.,R,R,L,NYY,TEX,X,7.0,line_drive,3,2,2024,0.6,1.4,-1.21,2.64,,663757.0,657077.0,1,4,Bot,28.91,100.65,,,,,-9.29774813057085,-140.67733547448276,-7.594174211537312,9.933028859365042,30.17752600977525,-12.056708787381565,4.02,1.87,251.0,101.0,18.0,98.6,2334.0,7.2,745712,641680,663993,543760,673962,669701,543257,694671,666969,53.27,0.432,0.507,1.25,1.0,1.0,1.0,5.0,40,9,4-Seam Fastball,3,0,3,0,0,4,4,0,Standard,Standard,143.0,0.056,0.752,77.9,8.0,0.753,-0.752,101.0,3,3,0.882,0.882,27,32,28,32,1,2,3.0,2.0,6.0,0.0,1.03,0.6,-0.6,45.5,10.989646477093595,-9.526488608231686,44.11302197112877,29.0972325595069,29.56060339962271
FF,2024-08-10,98.3,-2.5,5.26,"Judge, Aaron",592450,543135,single,hit_into_play,,,,,13.0,Aaron Judge singles on a fly ball to center fielder Wyatt Langford. Juan Soto to 2nd.,R,R,R,NYY,TEX,X,8.0,fly_ball,3,2,2024,-1.48,0.58,-0.92,2.76,,,665742.0,1,1,Bot,118.73,93.9,,,,,7.758513559814253,-142.93185777005266,-2.68538760496676,-22.078424248593475,32.32076809657186,-23.77166635399637,4.02,1.87,291.0,81.4,28.0,99.0,2087.0,6.7,745712,641680,663993,543760,673962,669701,543257,694671,666969,53.8,0.124,0.117,0.9,1.0,1.0,0.0,3.0,6,9,4-Seam Fastball,0,0,0,0,0,0,0,0,Standard,Standard,241.0,0.031,0.35,75.6,7.6,0.171,-0.35,88.0,0,0,0.556,0.556,34,32,34,32,1,0,6.0,2.0,7.0,0.0,1.78,1.48,1.48,25.2,8.956414204511029,-2.019939240474077,46.44873630709037,31.490451585616132,25.338709137820896
FC,2024-08-10,90.4,-3.16,5.84,"Judge, Aaron",592450,600917,field_out,hit_into_play,,,,,9.0,"Aaron Judge grounds out, catcher Carson Kelly to first baseman Nathaniel Lowe.",R,R,R,NYY,TEX,X,2.0,ground_ball,1,1,2024,0.27,0.58,0.47,1.96,,,,0,6,Bot,126.26,201.42,,,,,8.357814899593038,-131.43521040103863,-4.882556038691168,1.3475811048187292,28.285710810204815,-24.635200278107213,4.02,1.87,0.0,63.0,-77.0,89.1,2627.0,5.6,745708,608348,663993,543760,669701,608369,694671,665750,666969,54.94,0.208,0.2,0.0,1.0,0.0,0.0,2.0,51,3,Cutter,1,6,1,6,6,1,1,6,Infield shade,Standard,172.0,-0.012,-0.243,73.5,8.6,0.216,0.243,88.0,-5,-5,0.056,0.056,30,32,31,32,1,2,3.0,0.0,1.0,1.0,2.22,-0.27,-0.27,38.4,20.878033551207295,-6.027719641506695,36.96944912010712,47.65909006455053,37.66065886890492
FC,2024-08-08,86.2,1.72,6.3,"Judge, Aaron",592450,542881,field_out,hit_into_play,,,,,4.0,"Aaron Judge grounds out, third baseman Anthony Rendon to first baseman Nolan Schanuel.",R,R,L,NYY,LAA,X,5.0,ground_ball,3,1,2024,-0.39,1.21,-0.83,3.14,,,,1,6,Bot,101.52,168.19,,,,,-5.2210569864406295,-125.49352118905524,-3.755980935584843,-3.0745166403951756,24.858611340140023,-18.803271190538677,4.02,1.86,46.0,72.8,1.0,85.7,2384.0,5.9,745710,681351,694384,683021,543685,687263,607680,666160,666176,54.63,0.118,0.111,0.0,1.0,0.0,0.0,2.0,51,5,Cutter,1,8,1,8,8,1,1,8,Infield shade,Standard,168.0,-0.005,-0.424,72.3,7.6,0.139,0.424,88.0,-7,-7,0.015,0.015,34,32,35,32,3,2,6.0,1.0,6.0,2.0,1.85,-0.39,0.39,50.6,7.51070926007994,-1.5989278268302154,38.53041681482074,34.12726348148806,24.23277321015634
SL,2024-08-08,93.1,-1.84,6.14,"Judge, Aaron",592450,657508,field_out,hit_into_play,,,,,6.0,Aaron Judge lines out to right fielder Jo Adell.,R,R,R,NYY,LAA,X,9.0,line_drive,1,0,2024,0.21,0.64,0.42,2.55,,657077.0,665742.0,1,8,Bot,169.09,99.43,,,,,5.395234553995803,-135.48372360966326,-4.948416288900809,1.5018868747680745,26.934084161695512,-23.39046942321448,4.02,1.86,271.0,92.1,18.0,94.2,2271.0,6.7,745710,681351,694384,683021,543685,687263,607680,666160,666176,53.76,0.574,0.594,0.0,1.0,0.0,0.0,4.0,70,2,Slider,2,9,2,9,9,2,2,9,Infield shade,Standard,203.0,-0.006,-0.269,88.0,7.9,0.774,0.269,92.1,-7,-7,0.01,0.01,28,32,29,32,1,3,1.0,1.0,3.0,2.0,1.97,-0.21,-0.21,48.4,5.5856287049127245,13.137826117753145,33.93252419493067,48.15482129297643,24.81023170611362
FF,2024-08-07,93.0,-2.35,5.84,"Judge, Aaron",592450,608334,field_out,hit_into_play,,,,,11.0,Aaron Judge flies out to center fielder Mickey Moniak.,R,R,R,NYY,LAA,X,8.0,fly_ball,2,2,2024,-0.7,1.5,-1.13,3.33,,,665742.0,0,3,Bot,135.72,87.32,,,,,4.672296463166572,-135.21365522933402,-3.8694046756056726,-9.609913156988783,33.68398112712609,-13.24166904024404,4.02,1.84,280.0,99.1,44.0,92.5,2300.0,6.3,745713,642136,694384,683021,641779,687263,607680,666160,666176,54.15,0.047,0.082,0.0,1.0,0.0,0.0,3.0,28,5,4-Seam Fastball,1,6,1,6,6,1,1,6,Infield shade,Standard,213.0,-0.022,-0.233,73.6,7.4,0.156,0.233,99.1,-5,-5,0.134,0.134,30,32,31,32,2,1,6.0,0.0,6.0,1.0,1.17,0.7,0.7,42.4,15.427848373020293,-12.088974959131466,37.01451513119754,30.31387490111548,28.860369884853075
FF,2024-08-07,92.7,-1.35,5.5,"Judge, Aaron",592450,669721,single,hit_into_play,,,,,9.0,Aaron Judge singles on a ground ball to left fielder Kevin Pillar.,R,R,R,NYY,LAA,X,7.0,ground_ball,2,2,2024,-0.86,1.74,0.31,2.11,,,,0,3,Bot,74.1,117.33,,,,,6.228120756501916,-134.60100253649026,-6.654781341201431,-11.944244191864296,34.26563519033546,-9.759052751739617,4.0,1.84,27.0,97.5,-3.0,93.1,2337.0,7.1,745709,681351,694384,592273,543685,687263,607680,666160,666176,53.44,0.329,0.352,0.9,1.0,1.0,0.0,2.0,26,7,4-Seam Fastball,3,0,3,0,0,3,3,0,Standard,Standard,206.0,0.019,0.476,77.1,8.6,0.352,-0.476,97.5,3,3,0.838,0.838,27,32,27,32,2,1,7.0,3.0,5.0,0.0,0.96,0.86,0.86,49.1,14.448232418265814,-4.713286348687923,43.11222713672891,46.76379673185756,28.435089747804415
CH,2024-08-07,86.9,-2.38,5.7,"Judge, Aaron",592450,608334,single,hit_into_play,,,,,8.0,Aaron Judge singles on a ground ball to center fielder Mickey Moniak.,R,R,R,NYY,LAA,X,8.0,ground_ball,3,2,2024,-1.29,0.41,0.26,1.85,,,,2,1,Bot,115.32,100.12,,,,,8.977548212573621,-126.3113184667234,-3.9215537507961526,-15.607668229420437,23.139086482616136,-27.22124191350452,4.02,1.84,171.0,82.7,15.0,87.3,1422.0,6.3,745713,642136,694384,683021,641779,687263,607680,666160,666176,54.15,0.947,0.914,0.9,1.0,1.0,0.0,4.0,6,10,Changeup,0,0,0,0,0,0,0,0,Infield shade,Standard,238.0,0.01,0.263,81.8,8.8,1.117,-0.263,88.0,0,0,0.512,0.512,30,32,31,32,1,0,6.0,0.0,6.0,1.0,2.59,1.29,1.29,35.8,17.509604400667993,-10.19275170119913,43.514020116715855,46.7035061946184,36.22792215179835
SI,2024-08-07,92.3,-0.96,6.02,"Judge, Aaron",592450,668968,field_out,hit_into_play,,,,,5.0,Aaron Judge flies out to left fielder Kevin Pillar.,R,R,R,NYY,LAA,X,7.0,fly_ball,0,0,2024,-1.06,1.25,-0.27,3.01,,,665742.0,0,6,Bot,52.78,84.77,,,,,3.975234797961461,-134.3253170732296,-4.463051963074701,-13.682341129040829,30.332704840575627,-16.255553171324337,4.0,1.84,371.0,104.6,39.0,90.3,2299.0,5.1,745709,681351,694384,592273,543685,687263,607680,666160,666176,55.36,0.4902142857142856,0.987,0.0,1.0,0.0,0.0,6.0,57,1,Sinker,5,0,5,0,0,5,5,0,Standard,Standard,234.0,-0.003,-0.246,78.0,8.5,1.9339285714285712,0.246,104.6,5,5,0.977,0.977,25,32,26,32,1,3,4.0,3.0,3.0,0.0,1.43,1.06,1.06,28.4,20.17166583936215,-17.622652663552945,40.163130278768605,40.15541134430258,35.772402050663175
FF,2024-08-07,96.3,-1.88,5.64,"Judge, Aaron",592450,665896,single,hit_into_play,,,,,5.0,Aaron Judge singles on a sharp line drive to left fielder Kevin Pillar. Alex Verdugo scores.,R,R,R,NYY,LAA,X,7.0,line_drive,2,0,2024,-0.94,1.13,-0.22,3.12,657077.0,,,2,4,Bot,68.42,119.29,,,,,6.6656115405957195,-140.01836581388207,-3.7096222795859113,-13.93277127183692,31.754271240773125,-16.670034428549787,4.0,1.84,149.0,108.3,9.0,97.8,2294.0,7.2,745709,681351,694384,592273,543685,687263,607680,666160,666176,53.33,0.784,0.751,0.9,1.0,1.0,0.0,4.0,40,3,4-Seam Fastball,4,0,4,0,0,5,5,0,Standard,Standard,223.0,0.031,0.646,74.6,8.1,0.971,-0.646,108.3,4,4,0.91,0.91,28,32,28,32,1,2,3.0,3.0,,0.0,1.33,0.94,0.94,29.8,14.443603331030026,-8.755090748415121,36.94516174349733,41.53037032892199,28.59805561991013
SL,2024-08-07,85.4,-3.15,5.78,"Judge, Aaron",592450,519326,field_out,hit_into_play,,,,,9.0,"Aaron Judge grounds out, shortstop Zach Neto to first baseman Nolan Schanuel.",R,R,R,NYY,LAA,X,6.0,ground_ball,1,0,2024,0.2,-0.05,0.44,2.37,,,,0,5,Bot,119.79,158.53,,,,,8.033618520681525,-124.05230502592654,-1.5788599162925674,0.3192174306233893,26.4861326300764,-32.592208291413414,4.02,1.84,10.0,73.8,-13.0,85.1,2619.0,6.3,745713,642136,694384,683021,641779,687263,607680,666160,666176,54.17,0.05,0.048,0.0,1.0,0.0,0.0,2.0,47,2,Slider,2,8,2,8,8,2,2,8,Infield shade,Standard,68.0,-0.011,-0.292,79.1,8.6,0.059,0.292,88.0,-6,-6,0.047,0.047,35,32,36,32,1,2,4.0,0.0,2.0,1.0,3.21,-0.2,-0.2,28.2,15.469063852273704,-12.55960377124491,38.803840814484104,48.121539846781346,39.18823207414145
SL,2024-08-04,85.8,-1.52,6.05,"Judge, Aaron",592450,684320,single,hit_into_play,,,,,6.0,Aaron Judge singles on a line drive to left fielder Joey Loperfido. Gleyber Torres to 2nd.,R,R,R,NYY,TOR,X,7.0,line_drive,1,2,2024,1.0,-0.12,0.42,2.63,,,650402.0,1,3,Bot,49.85,101.24,,,,,2.5639143601170056,-124.97359763849784,-1.5659847647986112,9.94378978181593,26.320152055266515,-33.36361709962208,4.01,1.84,265.0,96.0,18.0,85.7,2840.0,6.3,745718,672386,687462,676914,665782,676391,694388,662139,680718,54.21,0.445,0.467,0.9,1.0,1.0,0.0,4.0,26,5,Slider,0,2,0,2,2,0,0,2,Standard,Standard,56.0,0.055,0.475,75.9,8.5,0.647,-0.475,96.0,-2,-2,0.323,0.323,27,32,27,32,2,1,6.0,1.0,6.0,3.0,3.23,-1.0,-1.0,43.6,18.052477230971753,-7.931388443146896,35.8985875676538,47.59201361852047,35.55645162228575
FF,2024-08-03,95.7,-1.75,5.61,"Judge, Aaron",592450,666720,single,hit_into_play,,,,,7.0,Aaron Judge singles on a sharp line drive to center fielder Daulton Varsho. Alex Verdugo to 3rd.,R,R,R,NYY,TOR,X,8.0,line_drive,2,1,2024,-1.18,0.91,-0.55,2.46,,,657077.0,2,8,Bot,157.99,72.04,,,,,5.892527241636003,-139.33946517543083,-4.8062798981441714,-16.703675050876345,29.62760459931724,-19.442550776603696,4.04,1.85,229.0,104.4,13.0,96.6,2419.0,6.6,745714,672386,665489,687462,676391,677870,694388,662139,680718,53.85,0.876,0.893,0.9,1.0,1.0,0.0,4.0,70,4,4-Seam Fastball,7,3,7,3,3,7,7,3,Infield shade,Standard,238.0,0.002,0.321,77.1,7.5,1.189,-0.321,104.4,4,4,0.986,0.986,26,32,27,32,1,4,3.0,1.0,4.0,1.0,1.57,1.18,1.18,25.6,2.189584147429749,17.970133381377973,44.40373312054377,37.5049931536759,21.764328247916787
SI,2024-08-03,94.2,-1.81,5.76,"Judge, Aaron",592450,621244,home_run,hit_into_play,,,,,11.0,Aaron Judge homers (41) on a fly ball to center field. Juan Soto scores.,R,R,R,NYY,TOR,X,,fly_ball,0,1,2024,-1.13,0.89,-0.9,3.3,,,665742.0,1,1,Bot,82.21,31.97,,,,,4.88616846880501,-137.1652216540627,-2.699973752236202,-15.312459712305644,29.04545585895008,-20.50870991815021,4.04,1.85,426.0,102.5,31.0,95.0,2083.0,6.6,745714,672386,665489,687462,676391,677870,676914,694388,672642,53.88,0.6255762711864409,1.2699322033898306,2.0,1.0,0.0,3.0,6.0,7,2,Sinker,0,1,0,1,1,2,2,1,Infield shade,Standard,229.0,0.18,1.476,73.1,7.3,2.4847627118644073,-1.476,102.5,-1,-1,0.446,0.446,30,32,30,32,1,0,6.0,1.0,6.0,1.0,1.66,1.13,1.13,40.9,12.00112114036776,-6.39651269802707,39.7727957101179,30.57164837668505,27.468116612703795
FF,2024-08-02,94.1,-2.69,5.57,"Judge, Aaron",592450,592332,single,hit_into_play,,,,,6.0,Aaron Judge singles on a sharp line drive to center fielder Daulton Varsho. Juan Soto to 2nd.,R,R,R,NYY,TOR,X,8.0,line_drive,2,2,2024,-0.9,1.17,0.31,2.61,,,665742.0,1,5,Bot,149.41,72.49,,,,,9.803686122874495,-136.59993182048635,-4.5587975298022565,-13.396979758748657,30.709950486977153,-16.674464934305668,4.04,1.85,222.0,110.6,10.0,94.4,2196.0,6.6,745719,661531,665489,676914,676391,677870,694388,662139,543807,53.87,0.903,0.932,0.9,1.0,1.0,0.0,5.0,47,6,4-Seam Fastball,4,7,4,7,7,4,4,7,Standard,Standard,223.0,0.053,0.427,75.7,7.8,1.225,-0.427,110.6,-3,-3,0.192,0.192,33,32,33,32,3,2,6.0,2.0,6.0,1.0,1.42,0.9,0.9,35.0,5.281422008699958,-1.8423798233897537,40.82605081165471,46.534726740997634,21.846671915632665
FF,2024-08-02,95.3,-2.77,5.76,"Judge, Aaron",592450,592332,home_run,hit_into_play,,,,,8.0,Aaron Judge homers (40) on a fly ball to left center field. Juan Soto scores.,R,R,R,NYY,TOR,X,,fly_ball,3,1,2024,-0.78,1.19,-0.19,2.5,,665742.0,,1,1,Bot,58.12,36.33,,,,,8.54991881849382,-138.5744565257183,-5.65309643210979,-11.849857049979825,29.545203707398688,-15.67214325972792,4.04,1.85,477.0,117.5,28.0,95.8,2184.0,6.5,745719,661531,665489,676914,676391,677870,694388,662139,543807,53.96,0.995,2.0,2.0,1.0,0.0,3.0,6.0,10,5,4-Seam Fastball,0,3,0,3,3,2,2,3,Standard,Standard,219.0,0.13,1.189,80.9,8.7,3.948,-1.189,117.5,-3,-3,0.294,0.294,33,32,33,32,1,0,6.0,2.0,6.0,1.0,1.31,0.78,0.78,36.2,16.193094217395387,-11.6377461211333,40.247494084332445,38.94635096341872,32.70361398646877
SI,2024-07-30,94.0,-1.67,5.07,"Judge, Aaron",592450,605400,single,hit_into_play,,,,,9.0,Aaron Judge singles on a sharp line drive to center fielder Brandon Marsh.,R,R,R,PHI,NYY,X,8.0,line_drive,2,1,2024,-1.39,0.71,0.51,2.41,,,,1,3,Top,163.39,63.08,,,,,8.855949691443922,-136.73517858841612,-2.806301314131307,-19.40425449440425,28.23504358627615,-22.821920784803535,4.07,1.85,261.0,105.2,15.0,95.4,2322.0,7.0,745546,592663,547180,681082,664761,607208,669720,669016,592206,53.53,0.653,0.713,0.9,1.0,1.0,0.0,5.0,23,4,Sinker,4,1,1,4,1,4,1,4,Standard,Standard,222.0,-0.022,0.375,76.6,7.9,1.016,-0.375,105.2,3,-3,0.814,0.186,31,32,31,32,2,1,6.0,1.0,6.0,1.0,1.86,1.39,1.39,18.3,4.889796895069145,10.740117929567486,39.06523279939625,49.159615028506934,22.204663765674205
SL,2024-07-30,87.5,-2.57,6.1,"Judge, Aaron",592450,656546,single,hit_into_play,,,,,9.0,Aaron Judge singles on a line drive to right fielder Brandon Marsh. Juan Soto to 3rd.,R,R,R,PHI,NYY,X,9.0,line_drive,1,2,2024,0.8,-0.34,0.64,2.06,,,665742.0,2,11,Top,157.85,105.81,,,,,6.115582177514275,-127.36289840584136,-2.954245084517291,7.611489606081395,23.870664276752574,-35.51443737668858,4.07,1.85,198.0,68.6,24.0,88.0,2907.0,6.4,745546,592663,547180,681082,664761,607208,669720,679032,669016,54.14,0.961,0.886,0.9,1.0,1.0,0.0,4.0,92,5,Slider,5,6,6,5,6,5,6,5,Standard,Standard,55.0,0.007,0.431,68.0,8.6,1.023,-0.431,88.0,-1,1,0.357,0.643,31,32,31,32,1,5,2.0,1.0,4.0,1.0,3.29,-0.8,-0.8,42.5,25.314457604975203,-4.064070603619077,33.94192770366497,49.58380435179849,37.66285250055133
CH,2024-07-30,86.6,-1.86,5.07,"Judge, Aaron",592450,605400,single,hit_into_play,,,,,7.0,Aaron Judge singles on a line drive to left fielder Austin Hays. Alex Verdugo to 3rd. Juan Soto to 2nd.,R,R,R,PHI,NYY,X,7.0,line_drive,0,0,2024,-1.23,0.11,-0.49,2.08,,657077.0,665742.0,0,1,Top,70.74,101.18,,,,,5.8484965403192195,-126.0908234791112,-1.1597991409762465,-14.323180186197057,25.434556550440707,-30.971483904342517,4.07,1.85,190.0,98.3,12.0,87.5,1561.0,6.8,745546,592663,547180,681082,664761,607208,669720,669016,592206,53.7,0.937,0.903,0.9,1.0,1.0,0.0,4.0,3,1,Changeup,0,0,0,0,0,0,0,0,Standard,Standard,253.0,-0.07,0.468,81.3,8.2,1.135,-0.468,98.3,0,0,0.41,0.5900000000000001,31,32,31,32,1,0,6.0,1.0,6.0,1.0,2.92,1.23,1.23,19.1,17.79066913981366,1.0030762060296474,41.28032412707075,37.591588625198725,33.5469693191919
FF,2024-07-30,95.0,-1.72,6.3,"Judge, Aaron",592450,608032,field_out,hit_into_play,,,,,1.0,Aaron Judge flies out to center fielder Brandon Marsh.,R,R,R,PHI,NYY,X,8.0,fly_ball,2,1,2024,-0.79,1.55,-0.54,3.38,,,,0,9,Top,156.26,81.04,,,,,4.886618843516846,-138.2289573381803,-5.458143904602885,-11.2832239147836,31.831192452590223,-11.23572890099747,4.07,1.85,303.0,99.0,46.0,95.1,2184.0,6.4,745546,592663,547180,681082,664761,607208,669720,669016,592206,54.07,0.021,0.036,0.0,1.0,0.0,0.0,3.0,71,4,4-Seam Fastball,4,5,5,4,5,4,5,4,Standard,Standard,206.0,0.018,-0.296,76.9,7.3,0.066,0.296,99.0,-1,1,0.163,0.837,31,32,32,32,1,4,6.0,1.0,1.0,1.0,0.98,0.79,0.79,48.4,14.720512720831035,1.203155192260662,33.67886705871291,35.830146257266875,25.983972656034304
SL,2024-07-29,86.3,-1.74,5.3,"Judge, Aaron",592450,628708,home_run,hit_into_play,,,,,11.0,Aaron Judge homers (39) on a fly ball to left center field. Juan Soto scores.,R,R,R,PHI,NYY,X,,fly_ball,1,1,2024,0.48,0.16,-1.01,2.97,,,665742.0,1,7,Top,43.84,44.98,,,,,0.7623463258458503,-125.7429325680498,0.3438222070220378,4.965521263035874,25.073320698126963,-30.772094903457415,4.07,1.85,430.0,105.4,33.0,86.8,2566.0,6.5,745547,592663,547180,681082,664761,607208,669720,669016,592206,54.03,0.7568125,1.5235,2.0,1.0,0.0,3.0,6.0,55,3,Slider,3,7,7,3,9,3,9,3,Standard,Standard,142.0,-0.041,1.447,79.7,8.0,3.00290625,-1.447,105.4,-4,4,0.059,0.941,29,32,29,32,1,3,7.0,1.0,2.0,1.0,2.89,-0.48,-0.48,28.7,13.61721539268644,-14.701527782545702,38.50607963987989,32.006563302282245,32.39538564940193
ST,2024-07-29,85.0,-2.12,5.21,"Judge, Aaron",592450,554430,home_run,hit_into_play,,,,,5.0,Aaron Judge homers (38) on a fly ball to left field.,R,R,R,PHI,NYY,X,,fly_ball,1,0,2024,1.3,0.44,0.19,3.05,,,,2,1,Top,36.29,60.66,,,,,2.8389167382866023,-123.85057227769155,0.3965859379484014,12.737133597458936,25.464021745352657,-27.91378617143465,4.07,1.85,406.0,105.0,35.0,85.9,2663.0,6.9,745547,592663,547180,681082,664761,607208,669720,669016,592206,53.64,0.638875,1.2872083333333335,2.0,1.0,0.0,3.0,6.0,3,2,Sweeper,0,0,0,0,1,0,1,0,Standard,Standard,69.0,-0.099,2.555,78.4,8.3,2.534875000000001,-2.555,105.0,0,0,0.537,0.4629999999999999,34,32,34,32,1,0,6.0,1.0,6.0,1.0,2.71,-1.3,-1.3,20.7,21.174140619357207,-10.267252336831262,38.3168149853995,44.26808010128047,35.155967429636874
ST,2024-07-28,82.4,-2.32,5.38,"Judge, Aaron",592450,656557,field_out,hit_into_play,,,,,8.0,Aaron Judge flies out sharply to center fielder Jarren Duran.   Oswaldo Cabrera to 3rd.,R,R,R,BOS,NYY,X,8.0,fly_ball,2,1,2024,1.17,-0.39,0.2,2.08,,665828.0,665742.0,1,5,Top,174.13,61.91,,,,,3.4698581147636265,-119.88894521385902,-0.1826864693616412,10.46045980640967,24.809486352377306,-36.1410705295563,4.07,1.84,359.0,100.5,33.0,82.0,2546.0,6.2,746929,657136,663853,642197,646240,678882,608701,680776,641933,54.3,0.4164782608695653,0.8244347826086956,0.0,1.0,0.0,0.0,6.0,38,4,Sweeper,2,4,4,2,4,2,4,2,Standard,Standard,63.0,0.034,-0.257,82.3,8.4,1.6373913043478263,0.257,100.5,-2,2,0.215,0.785,28,32,28,32,3,2,6.0,1.0,6.0,1.0,3.77,-1.17,-1.17,21.7,9.44945979152616,-6.4193914315636045,43.87697838206342,44.39466079881436,28.40550132585565
ST,2024-07-28,84.2,-2.24,5.5,"Judge, Aaron",592450,656557,field_out,hit_into_play,,,,,9.0,"Aaron Judge grounds out softly, second baseman Jamie Westbrook to first baseman Romy Gonzalez.",R,R,R,BOS,NYY,X,4.0,ground_ball,3,2,2024,1.85,-0.05,0.66,2.28,,,,2,3,Top,148.08,153.36,,,,,3.047830160671275,-122.6783336464592,-0.9668548482415028,17.944481933706587,25.46741543061287,-32.673538124241446,4.07,1.84,4.0,54.0,-31.0,83.6,2703.0,5.9,746929,657136,663853,642197,646240,678882,608701,680776,641933,54.55,0.095,0.138,0.0,1.0,0.0,0.0,1.0,18,8,Sweeper,0,3,3,0,3,0,3,0,Standard,Standard,62.0,0.008,-0.325,76.7,8.8,0.095,0.325,88.0,-3,3,0.228,0.772,28,32,28,32,2,1,6.0,1.0,6.0,1.0,3.27,-1.85,-1.85,19.9,22.364979830247208,-11.807730169335642,37.714334431602666,49.30492972601162,38.96301935696547
ST,2024-07-28,83.7,-2.56,5.59,"Judge, Aaron",592450,656557,single,hit_into_play,,,,,6.0,Aaron Judge singles on a ground ball to right fielder Tyler O'Neill.   Alex Verdugo scores.,R,R,R,BOS,NYY,X,9.0,ground_ball,1,0,2024,1.81,-0.1,0.64,2.76,,657077.0,,1,1,Top,177.2,147.01,,,,,3.782799235044502,-121.80111164928216,0.1087121363643219,17.064764112474762,26.00034229664629,-33.41302073548286,4.07,1.84,102.0,67.2,13.0,82.7,2631.0,5.8,746929,657136,663853,642197,646240,678882,608701,680776,641933,54.68,0.289,0.261,0.9,1.0,1.0,0.0,2.0,3,2,Sweeper,0,0,0,0,1,0,1,0,Standard,Standard,52.0,-0.077,0.529,76.4,8.5,0.319,-0.529,88.0,0,0,0.479,0.521,28,32,28,32,1,0,6.0,1.0,6.0,1.0,3.38,-1.81,-1.81,21.4,24.63756866282927,-10.581863185849985,38.52710585834658,48.42462649052345,40.106763096247334
FF,2024-07-27,93.1,-1.32,5.86,"Judge, Aaron",592450,676710,single,hit_into_play,,,,,13.0,Aaron Judge singles on a line drive to left fielder Tyler O'Neill. Alex Verdugo scores.,R,R,R,BOS,NYY,X,7.0,line_drive,2,1,2024,-0.58,1.64,-0.84,2.75,657077.0,,,1,5,Top,80.49,87.51,,,,,2.492230113515695,-135.43488198964536,-5.751890549245046,-7.628829582091281,33.496371737025804,-10.969182026604472,4.08,1.85,257.0,96.8,15.0,92.7,2525.0,6.3,746931,657136,642086,666152,646240,678882,641933,680776,677800,54.16,0.811,0.827,0.9,1.0,1.0,0.0,4.0,43,4,4-Seam Fastball,5,4,4,5,5,5,5,5,Strategic,Standard,206.0,-0.072,0.449,76.0,7.6,1.066,-0.449,96.8,1,-1,0.569,0.431,28,32,28,32,3,2,6.0,1.0,6.0,1.0,1.02,0.58,0.58,44.2,6.79764018774006,-4.797293029162302,41.76417500642056,31.74237086527308,27.977760231029254
FF,2024-07-27,92.8,-1.34,5.86,"Judge, Aaron",592450,676710,single,hit_into_play,,,,,7.0,Aaron Judge singles on a ground ball to left fielder Tyler O'Neill.,R,R,R,BOS,NYY,X,7.0,ground_ball,0,0,2024,-0.8,1.57,-0.64,2.48,,,,1,3,Top,86.27,113.2,,,,,3.560065033323218,-134.96301430736776,-6.26077695744989,-10.616291236639183,31.36914137099202,-11.812192332219189,4.08,1.85,132.0,81.4,13.0,92.6,2561.0,6.3,746931,657136,642086,666152,646240,678882,641933,680776,677800,54.16,0.663,0.605,0.9,1.0,1.0,0.0,4.0,25,1,4-Seam Fastball,5,4,4,5,4,5,4,5,Strategic,Standard,209.0,-0.029,0.422,78.7,9.1,0.725,-0.422,88.0,1,-1,0.638,0.362,28,32,28,32,2,1,6.0,1.0,6.0,1.0,1.09,0.8,0.8,44.9,31.681566300300513,-24.341413196982497,41.95642350021283,34.606143232872085,45.76131591261231
FF,2024-07-27,93.1,-1.3,5.95,"Judge, Aaron",592450,676710,home_run,hit_into_play,,,,,5.0,Aaron Judge homers (37) on a fly ball to left center field.,R,R,R,BOS,NYY,X,,fly_ball,1,0,2024,-0.65,1.63,-0.15,3.22,,,,0,1,Top,61.46,35.92,,,,,4.392011061287373,-135.40586033004638,-4.769783162404924,-9.026513008032245,31.130754807651023,-11.351625969583653,4.08,1.85,432.0,110.6,33.0,92.8,2543.0,6.2,746931,657136,642086,666152,646240,678882,641933,680776,677800,54.26,0.952,2.0,2.0,1.0,0.0,3.0,6.0,3,2,4-Seam Fastball,0,2,2,0,3,0,3,0,Strategic,Standard,207.0,-0.075,1.076,76.1,8.3,3.814,-1.076,110.6,-2,2,0.311,0.6890000000000001,28,32,28,32,1,0,6.0,1.0,6.0,1.0,1.02,0.65,0.65,44.3,18.21400442191487,-13.223035350803675,37.332301261382746,39.912279000521934,32.31365691790543
FF,2024-07-27,98.9,-2.68,5.7,"Judge, Aaron",592450,677161,double,hit_into_play,,,,,9.0,"Aaron Judge doubles (25) on a line drive to center fielder Jarren Duran. Alex Verdugo scores. Juan Soto out at home on the throw, center fielder Jarren Duran to shortstop Ceddanne Rafaela to catcher Connor Wong.",R,R,R,BOS,NYY,X,8.0,line_drive,1,2,2024,-1.04,1.18,0.32,2.32,,657077.0,665742.0,1,8,Top,95.24,63.88,,,,,10.704623205052034,-143.52695523739442,-6.591172579267931,-16.8951232936247,32.953399684210446,-14.476397131600343,4.08,1.85,394.0,105.4,19.0,99.8,2280.0,6.9,746931,657136,642086,666152,646240,678882,641933,680776,677800,53.59,0.4904117647058823,0.793,1.25,1.0,1.0,1.0,6.0,77,4,4-Seam Fastball,8,6,6,8,7,8,7,8,Standard,Standard,221.0,-0.018,0.873,74.1,8.7,1.4435294117647062,-0.873,105.4,2,-2,0.801,0.1989999999999999,29,32,29,32,1,4,1.0,1.0,3.0,1.0,1.16,1.04,1.04,44.3,12.074828031774524,-10.582743859707556,37.394230933592155,45.44886401221034,28.966974112756525
ST,2024-07-26,85.8,-1.96,5.21,"Judge, Aaron",592450,678394,field_out,hit_into_play,,,,,9.0,Aaron Judge lines out to left fielder Rob Refsnyder.,R,R,R,BOS,NYY,X,7.0,line_drive,0,0,2024,0.54,0.01,0.35,2.51,,,665828.0,2,5,Top,68.33,99.01,,,,,4.369238961263438,-124.9636833634311,-0.1696310638265105,4.8163928451591485,24.10847976433798,-32.28034785089958,4.06,1.83,286.0,81.7,27.0,85.8,2305.0,6.1,746933,657136,663853,642197,646240,678882,608701,680776,641933,54.38,0.132,0.132,0.0,1.0,0.0,0.0,3.0,42,1,Sweeper,3,3,3,3,3,3,3,3,Strategic,Standard,32.0,0.031,-0.271,76.7,9.1,0.189,0.271,88.0,0,0,0.536,0.4639999999999999,25,32,25,32,3,2,6.0,2.0,5.0,1.0,3.07,-0.54,-0.54,32.4,31.114832112631618,-21.20373281794909,39.03980769220392,44.34616794056107,43.087349487196576
SI,2024-07-26,98.1,-1.49,5.38,"Judge, Aaron",592450,678394,grounded_into_double_play,hit_into_play,,,,,7.0,"Aaron Judge grounds into a double play, third baseman Rafael Devers to second baseman Jamie Westbrook to first baseman Romy Gonzalez. Alex Verdugo out at 2nd. Aaron Judge out at 1st.",R,R,R,BOS,NYY,X,5.0,ground_ball,3,2,2024,-1.49,0.47,-0.34,2.43,,,657077.0,1,3,Top,104.89,157.79,,,,,6.560385469481837,-142.81750954531608,-3.616262049089292,-21.856292263700222,32.01207105597451,-25.08742112654833,4.06,1.83,10.0,94.7,-12.0,98.3,2027.0,6.3,746933,657136,663853,642197,646240,678882,608701,680776,641933,54.16,0.182,0.176,0.0,1.0,0.0,0.0,2.0,22,7,Sinker,1,1,1,1,1,1,1,1,Standard,Standard,227.0,0.064,-0.368,79.3,7.7,0.203,0.368,94.7,0,0,0.491,0.509,25,32,25,32,2,1,6.0,2.0,5.0,1.0,1.89,1.49,1.49,38.5,3.4691112708895973,12.467196286800611,41.59995877312684,38.26809317361113,25.042549498881367
FC,2024-07-26,92.6,-3.04,5.63,"Judge, Aaron",592450,677161,home_run,hit_into_play,,,,,8.0,Aaron Judge homers (36) on a fly ball to center field. Oswaldo Cabrera scores. Juan Soto scores.,R,R,R,BOS,NYY,X,,fly_ball,0,0,2024,0.24,0.86,-0.05,2.45,,665828.0,665742.0,1,7,Top,122.19,8.21,,,,,7.217777426839181,-134.7837159744877,-4.264102811647324,1.3918416467485093,27.83555822713875,-20.983533418513183,4.06,1.83,470.0,114.4,26.0,93.9,2442.0,6.9,746933,657136,642086,663853,646240,678882,608701,680776,641933,53.57,0.9948,2.0,2.0,1.0,0.0,3.0,6.0,62,1,Cutter,4,3,3,4,6,4,6,4,,,204.0,-0.413,1.203,78.5,8.0,3.9466,-1.203,114.4,1,-1,0.614,0.386,29,32,29,32,1,3,4.0,2.0,1.0,1.0,1.79,-0.24,-0.24,40.1,12.510557476203736,-8.396986175272446,42.738587227465295,40.80511450799749,30.221789331415433
FC,2024-07-24,87.4,2.64,5.57,"Judge, Aaron",592450,640455,field_out,hit_into_play,,,,,8.0,Aaron Judge flies out to right fielder Jeff McNeil.,R,R,L,NYY,NYM,X,9.0,fly_ball,0,0,2024,-0.14,0.45,-0.18,2.35,,,,2,3,Bot,203.08,120.46,,,,,-6.657729368906512,-127.14085482239835,-2.5405921428425544,-0.0875655331312817,27.145603723234412,-26.988299611964212,4.05,1.82,272.0,96.0,48.0,89.0,1992.0,7.4,745716,682626,624413,578428,668901,596019,607043,621438,643446,53.12,0.005,0.005,0.0,1.0,0.0,0.0,3.0,23,1,Cutter,2,1,2,1,1,2,2,1,Standard,Standard,177.0,-0.01,-0.256,80.3,8.4,0.007,0.256,96.0,1,1,0.633,0.633,32,32,32,32,2,1,5.0,1.0,6.0,2.0,2.55,-0.14,0.14,26.0,10.993045632206256,-2.7702207869003472,45.53704923713756,39.058284149788115,28.697798977712125
FF,2024-07-24,96.2,2.37,5.59,"Judge, Aaron",592450,640455,field_out,hit_into_play,,,,,1.0,"Aaron Judge grounds out sharply, shortstop Francisco Lindor to first baseman Pete Alonso.",R,R,L,NYY,NYM,X,6.0,ground_ball,2,2,2024,0.79,1.07,-0.62,3.37,,,,1,1,Bot,102.97,152.08,,,,,-9.958248530714704,-139.80717019354915,-2.765805741938007,12.58424759048956,32.42418088179439,-17.686556803112904,4.05,1.82,109.0,91.4,7.0,98.5,1922.0,7.7,745716,682626,624413,578428,668901,596019,607043,621438,643446,52.81,0.542,0.511,0.0,1.0,0.0,0.0,4.0,6,6,4-Seam Fastball,1,0,1,0,0,1,1,0,Standard,Standard,128.0,-0.013,-0.225,73.2,7.1,0.628,0.225,91.4,1,1,0.625,0.625,32,32,32,32,1,0,5.0,1.0,6.0,2.0,1.4,0.79,-0.79,28.9,9.998015175543063,10.787768813659506,35.886027703764576,36.443148942567575,22.386467661606844
FF,2024-07-22,92.1,-0.66,6.13,"Judge, Aaron",592450,641793,field_out,hit_into_play,,,,,9.0,Aaron Judge flies out to center fielder Jose Siri.,R,R,R,NYY,TB,X,8.0,fly_ball,0,1,2024,-0.63,1.29,0.69,2.45,,665742.0,,1,5,Bot,152.66,97.53,,,,,4.822891250173296,-134.03256840662846,-6.38035793827267,-8.62500414326016,26.451110736619064,-15.376619167745,4.05,1.83,320.0,87.1,27.0,92.6,1901.0,6.4,745717,656577,670623,664040,678554,676609,668227,642350,676356,54.13,0.05,0.048,0.0,1.0,0.0,0.0,3.0,38,2,4-Seam Fastball,5,1,5,1,1,5,5,1,Standard,Standard,209.0,-0.008,-0.226,80.7,8.8,0.083,0.226,88.0,4,4,0.935,0.935,28,32,29,32,3,2,9.0,1.0,5.0,1.0,1.37,0.63,0.63,39.2,19.67638097498529,-1.793228114896546,36.39826234339509,50.707676688937,28.01055294133726
SL,2024-07-22,88.4,-1.02,6.17,"Judge, Aaron",592450,641793,single,hit_into_play,,,,,5.0,Aaron Judge singles on a sharp line drive to left fielder Randy Arozarena.,R,R,R,NYY,TB,X,7.0,line_drive,0,1,2024,0.15,0.48,0.03,2.86,,,,0,4,Bot,44.66,87.85,,,,,2.220676753726004,-128.69945068489383,-2.99202303995789,1.2245331512691249,27.663359167867764,-26.40857970799448,4.05,1.83,291.0,112.8,17.0,88.1,2342.0,6.2,745717,656577,670623,664040,678554,676609,668227,642350,676356,54.34,0.6973333333333334,1.1567777777777777,0.9,1.0,1.0,0.0,6.0,25,2,Slider,2,0,2,0,0,2,2,0,Standard,Standard,200.0,0.025,0.485,84.4,8.6,2.137333333333333,-0.485,112.8,2,2,0.784,0.784,28,32,29,32,2,1,9.0,1.0,5.0,1.0,2.44,-0.15,-0.15,36.7,20.426352883125887,-10.47886088272833,37.618180811693136,42.07460608734263,36.58257058516861
SL,2024-07-22,87.5,-2.07,5.35,"Judge, Aaron",592450,676604,field_out,hit_into_play,,,,,9.0,Aaron Judge flies out to center fielder Jose Siri.,R,R,R,NYY,TB,X,8.0,fly_ball,3,2,2024,1.07,-0.3,0.46,2.22,,,,0,7,Bot,140.6,72.69,,,,,3.878576587171275,-127.43241986031036,-0.8135949093848066,10.937526767260254,24.959276072249544,-35.51536169177914,4.05,1.83,316.0,87.0,34.0,87.3,2828.0,6.0,745717,656577,670623,664040,678554,676609,668227,642350,676356,54.48,0.026,0.035,0.0,1.0,0.0,0.0,3.0,55,6,Slider,6,1,6,1,1,6,6,1,Standard,Standard,105.0,-0.002,-0.333,77.7,8.3,0.057,0.333,88.0,5,5,0.986,0.986,29,32,29,32,1,3,,1.0,6.0,1.0,3.26,-1.07,-1.07,36.1,11.288725127062827,-5.563254646189109,37.443919413624265,47.97078447057316,33.7710925159909
SI,2024-07-22,90.4,-1.76,3.68,"Judge, Aaron",592450,687330,single,hit_into_play,,,,,13.0,Aaron Judge singles on a line drive to left fielder Randy Arozarena.,R,R,R,NYY,TB,X,7.0,line_drive,0,1,2024,-0.99,-0.18,-0.23,1.68,,,,2,8,Bot,73.3,110.82,,,,,6.003116751888606,-131.44052730326965,1.412295955071717,-12.720756578749214,28.601152063509023,-34.79409715600291,4.05,1.83,153.0,85.2,12.0,91.5,2174.0,7.1,745717,656577,670623,664040,678554,676609,668227,642350,676356,53.44,0.666,0.616,0.9,1.0,1.0,0.0,4.0,68,2,Sinker,9,1,9,1,1,9,9,1,Standard,Standard,256.0,0.0,0.373,82.2,8.7,0.759,-0.373,88.0,8,8,0.999,0.999,26,32,27,32,1,4,2.0,1.0,1.0,1.0,2.98,0.99,0.99,0.4,18.9685685996633,-2.558549119658244,45.94068573513164,39.37081723197816,34.71438586993501
FF,2024-07-21,97.8,-0.54,6.99,"Judge, Aaron",592450,664126,field_out,hit_into_play,,,,,5.0,Aaron Judge flies out to center fielder Jose Siri.,R,R,R,NYY,TB,X,8.0,fly_ball,3,2,2024,0.13,1.31,0.1,2.57,,665742.0,,1,9,Bot,150.96,72.64,,,,,1.4283012083291784,-142.25265016830616,-9.495463687943635,1.5228119997957357,31.228848036836883,-12.4731889231427,4.05,1.79,320.0,94.4,41.0,98.5,2333.0,6.6,745722,666163,670623,680700,676609,670764,668227,642350,676356,53.88,0.016,0.02,0.0,1.0,0.0,0.0,3.0,74,7,4-Seam Fastball,4,6,4,6,6,4,4,6,Infield shade,Standard,192.0,-0.087,-0.277,82.3,8.6,0.04,0.277,94.4,-2,-2,0.137,0.137,30,32,31,32,1,4,7.0,1.0,2.0,1.0,1.07,-0.13,-0.13,52.5,13.544866967823248,-11.230240314380865,40.89942452772385,42.72136143484943,32.032389512114705
ST,2024-07-21,79.7,-1.22,6.16,"Judge, Aaron",592450,592094,home_run,hit_into_play,,,,,5.0,Aaron Judge homers (35) on a fly ball to left field. Oswaldo Cabrera scores. Juan Soto scores.,R,R,R,NYY,TB,X,,fly_ball,2,2,2024,1.14,-0.45,-0.18,3.16,,665828.0,665742.0,1,7,Bot,42.37,52.69,,,,,0.1654634693293083,-116.0472132541422,1.000845751955045,10.23498911096247,21.658950613330656,-36.64071677720806,4.05,1.79,444.0,112.6,38.0,80.3,2725.0,6.7,745722,666163,670623,680700,676609,670764,668227,642350,676356,53.84,0.898,2.0,2.0,1.0,0.0,3.0,6.0,58,5,Sweeper,0,5,0,5,5,3,3,5,Infield shade,Standard,40.0,0.121,1.232,83.7,8.3,3.598,-1.232,112.6,-5,-5,0.06,0.06,32,32,33,32,1,3,7.0,1.0,2.0,1.0,4.03,-1.14,-1.14,32.6,21.164938031015364,-10.456914276429565,38.790326607020354,41.04012702772342,35.06198041372305
FF,2024-07-21,96.7,-1.6,5.81,"Judge, Aaron",592450,669358,single,hit_into_play,,,,,6.0,Aaron Judge singles on a sharp ground ball to right fielder Josh Lowe. Juan Soto to 3rd.,R,R,R,NYY,TB,X,9.0,ground_ball,1,2,2024,-0.97,1.39,0.55,3.09,,665742.0,,1,1,Bot,153.27,148.44,,,,,8.017980184736532,-140.63586511946875,-4.927300597802349,-14.70328172954232,30.986578285191467,-12.786389006014184,4.05,1.79,152.0,101.4,8.0,97.5,2377.0,6.7,745722,666163,670623,680700,676609,670764,668227,642350,666139,53.81,0.626,0.565,0.9,1.0,1.0,0.0,4.0,7,4,4-Seam Fastball,0,1,0,1,1,0,0,1,Infield shade,Standard,220.0,0.059,0.634,74.0,7.3,0.705,-0.634,101.4,-1,-1,0.458,0.458,25,32,25,32,1,0,10.0,1.0,5.0,1.0,1.05,0.97,0.97,35.8,-8.800901505423225,17.801903394120302,36.576234981531314,48.74410420567317,14.505149795780031
SI,2024-07-21,97.1,-0.98,5.72,"Judge, Aaron",592450,655889,field_out,hit_into_play,,,,,7.0,"Aaron Judge grounds out sharply, second baseman Richie Palacios to first baseman Isaac Paredes.",R,R,R,NYY,TB,X,4.0,ground_ball,1,1,2024,-1.22,0.62,-0.6,2.42,,,,0,5,Bot,122.38,163.79,,,,,3.82907700634081,-141.418048240269,-4.742338245254844,-17.282848105512173,32.00614140354047,-23.042891712128736,4.05,1.79,22.0,105.7,-5.0,97.5,2142.0,6.4,745722,666163,670623,680700,676609,670764,668227,642350,666139,54.07,0.392,0.368,0.0,1.0,0.0,0.0,2.0,41,3,Sinker,0,3,0,3,3,0,0,3,Infield shade,Standard,215.0,-0.026,-0.243,80.1,7.6,0.436,0.243,105.7,-3,-3,0.191,0.191,27,32,28,32,1,2,2.0,1.0,2.0,1.0,1.8,1.22,1.22,50.1,2.9759637116788307,13.116591099929671,45.88077618291937,35.345346118109546,18.20682617073708
FC,2024-07-20,90.5,-1.77,6.12,"Judge, Aaron",592450,671737,field_out,hit_into_play,,,,,8.0,Aaron Judge lines out to right fielder Jonny DeLuca.,R,R,R,NYY,TB,X,9.0,line_drive,2,1,2024,0.37,0.31,0.16,1.81,,,,0,7,Bot,162.45,86.78,,,,,4.066710784830951,-131.771439464536,-5.581368532923813,3.556718543792815,24.399525898864187,-27.68467989394393,4.07,1.8,294.0,88.6,24.0,91.2,2279.0,6.4,745720,656577,670623,676609,642708,670764,668227,642350,676356,54.12,0.124,0.14,0.0,1.0,0.0,0.0,3.0,54,4,Cutter,0,8,0,8,8,0,0,8,Standard,Standard,158.0,-0.002,-0.296,79.1,8.1,0.22,0.296,88.6,-8,-8,0.005,0.005,23,32,23,32,3,2,8.0,1.0,5.0,1.0,2.44,-0.37,-0.37,49.0,9.873086982269196,1.906906624253937,43.75113020763153,43.81498760840035,26.151658952962805
FC,2024-07-19,90.5,-1.57,5.94,"Judge, Aaron",592450,542888,single,hit_into_play,,,,,14.0,Aaron Judge singles on a line drive to right fielder Josh Lowe. Juan Soto scores.,R,R,R,NYY,TB,X,9.0,line_drive,3,2,2024,0.63,0.6,1.0,2.4,,665742.0,,2,6,Bot,185.54,137.68,,,,,5.04938484607631,-131.82303643815033,-4.2589583653190735,6.565298765646927,23.5608238569224,-24.533567038311812,4.06,1.8,213.0,74.4,25.0,90.9,2525.0,6.1,745721,666163,670623,680700,676609,670764,668227,642350,666139,54.39,0.879,0.821,0.9,1.0,1.0,0.0,4.0,55,6,Cutter,5,1,5,1,1,6,6,1,Infield shade,Standard,165.0,0.023,0.674,73.3,8.1,0.965,-0.674,88.0,4,4,0.948,0.948,33,32,34,32,1,3,6.0,5.0,1.0,1.0,2.14,-0.63,-0.63,47.4,9.32273965729716,7.795401439700467,37.68490266682321,53.6625825941956,24.71861580983724
SI,2024-07-19,98.2,-0.75,5.6,"Judge, Aaron",592450,655889,field_out,hit_into_play,,,,,7.0,"Aaron Judge grounds out, third baseman José Caballero to first baseman Isaac Paredes.",R,R,R,NYY,TB,X,5.0,ground_ball,0,1,2024,-0.77,0.87,-0.34,2.19,,,665742.0,2,8,Bot,104.88,171.34,,,,,2.9128092365467,-142.8994071450262,-5.795132761901025,-11.287701510232928,33.27575631489842,-19.119609328284064,4.06,1.8,11.0,83.4,-11.0,98.4,2294.0,6.4,745721,666163,670623,680700,676609,670764,668227,642350,666139,54.07,0.079,0.123,0.0,1.0,0.0,0.0,2.0,70,2,Sinker,6,1,6,1,1,6,6,1,Infield shade,Standard,205.0,0.0,-0.224,84.2,8.7,0.079,0.224,88.0,5,5,0.994,0.994,27,32,28,32,1,4,8.0,5.0,2.0,1.0,1.5,0.77,0.77,49.3,1.501257850975508,-2.555044989447581,39.67747886143111,37.81080296311191,32.40948229616808
SI,2024-07-19,93.2,-2.45,5.85,"Judge, Aaron",592450,621107,single,hit_into_play,,,,,4.0,"Aaron Judge singles on a ground ball to second baseman Richie Palacios, deflected by first baseman Isaac Paredes. Juan Soto to 2nd.",R,R,R,NYY,TB,X,3.0,ground_ball,0,0,2024,-1.48,0.37,-0.59,2.91,,,665742.0,1,1,Bot,155.82,120.4,,,,,8.064727667344425,-135.51729764967877,-2.5817930092256263,-19.993226927032783,31.642039371061383,-27.25848184204435,4.06,1.8,86.0,83.6,4.0,93.3,2063.0,6.6,745721,666163,670623,680700,676609,670764,668227,642350,666139,53.95,0.321,0.3,0.9,1.0,1.0,0.0,2.0,7,1,Sinker,0,0,0,0,0,0,0,0,Infield shade,Standard,230.0,0.036,0.405,,,0.38,-0.405,88.0,0,0,0.551,0.551,30,32,30,32,1,0,9.0,5.0,5.0,1.0,2.27,1.48,1.48,27.6,,,,,
FS,2024-07-14,84.7,-1.6,6.1,"Judge, Aaron",592450,665152,field_out,hit_into_play,,,,,5.0,Aaron Judge flies out sharply to center fielder Colton Cowser.,R,R,R,BAL,NYY,X,8.0,fly_ball,2,2,2024,-0.61,0.53,-0.24,2.59,,,,2,3,Top,124.29,59.56,,,,,4.38398932254313,-123.44383670609234,-3.007924122025718,-7.023488148599938,22.21441432685447,-26.327335162822617,4.04,1.81,345.0,100.1,43.0,85.1,767.0,6.3,747009,543510,663624,622761,676059,683002,669720,681297,623993,54.25,0.074,0.13,0.0,1.0,0.0,0.0,3.0,20,5,Split-Finger,0,1,1,0,1,0,1,0,Standard,Standard,224.0,0.01,-0.219,78.9,8.5,0.25,0.219,100.1,-1,1,0.427,0.573,28,32,28,32,2,1,5.0,1.0,7.0,5.0,2.61,0.61,0.61,49.1,20.835648701743963,-12.11769508755363,42.16449415602924,38.0680494862158,34.03877189667896
CH,2024-07-13,84.1,-2.57,5.39,"Judge, Aaron",592450,680570,home_run,hit_into_play,,,,,5.0,Aaron Judge homers (34) on a fly ball to center field.,R,R,R,BAL,NYY,X,,fly_ball,2,2,2024,-0.75,-0.04,-0.07,2.85,,,,1,5,Top,110.18,25.14,,,,,7.447629639178376,-122.3491382730453,0.593306459148919,-8.978536564935379,22.570115155268898,-32.913456934866765,4.04,1.81,431.0,112.9,37.0,86.1,1638.0,7.4,747013,668939,663624,676059,602104,683002,669720,681297,623993,53.08,0.848,2.0,2.0,1.0,0.0,3.0,6.0,39,5,Changeup,1,5,5,1,6,1,6,1,Standard,Strategic,262.0,-0.044,1.614,77.3,8.0,3.394,-1.614,112.9,-4,4,0.113,0.887,24,32,25,32,3,2,6.0,1.0,7.0,1.0,3.25,0.75,0.75,35.8,17.40141629363627,-7.41260891070116,42.198743013155465,39.97642489447177,32.30329297742464
SL,2024-07-13,87.0,-2.71,5.56,"Judge, Aaron",592450,680570,double,hit_into_play,,,,,4.0,Aaron Judge doubles (24) on a line drive to left fielder Austin Hays.,R,R,R,BAL,NYY,X,7.0,line_drive,3,1,2024,0.41,0.15,-0.39,3.14,,,,1,3,Top,48.84,125.23,,,,,4.772723648038026,-126.7127800870331,0.0002105604677623,3.65987603911368,22.53670272312044,-30.714313882793807,4.04,1.81,180.0,89.4,15.0,88.8,2505.0,7.1,747013,668939,663624,676059,602104,683002,669720,681297,623993,53.42,0.971,0.933,1.25,1.0,1.0,1.0,4.0,20,5,Slider,0,4,4,0,4,0,4,0,Standard,Strategic,128.0,-0.015,0.488,76.5,8.2,1.16,-0.488,89.4,-4,4,0.147,0.853,24,32,25,32,2,1,6.0,1.0,7.0,1.0,2.82,-0.41,-0.41,35.1,24.319231075726343,-18.608373964922173,36.43014453424768,36.036108250384906,36.96263359877889
CU,2024-07-12,77.5,1.95,5.87,"Judge, Aaron",592450,700249,home_run,hit_into_play,,,,,5.0,Aaron Judge homers (33) on a fly ball to left center field.,R,R,L,BAL,NYY,X,,fly_ball,0,2,2024,-1.03,-1.08,0.26,2.65,,,,0,3,Top,62.35,51.28,,,,,-1.72362135887564,-112.82410776773048,2.082749714525254,-8.388069735761228,22.63613660162324,-42.01938665106698,4.04,1.85,397.0,107.4,35.0,77.1,2467.0,6.2,747012,668939,663624,676059,602104,683002,677008,656775,623993,54.31,0.8242631578947366,1.6691052631578946,2.0,1.0,0.0,3.0,6.0,22,3,Curveball,1,2,2,1,3,1,3,1,Standard,Standard,316.0,-0.108,1.205,85.5,8.8,3.2824736842105264,-1.205,107.4,-1,1,0.396,0.604,24,32,24,32,2,1,6.0,1.0,17.0,1.0,4.91,-1.03,1.03,40.6,23.25998655359598,-17.95716208565356,40.58012910396967,44.70210110083903,36.296390124986054
KC,2024-07-11,83.5,-1.13,5.9,"Judge, Aaron",592450,669358,field_out,hit_into_play,,,,,6.0,Aaron Judge flies out to right fielder Jonny DeLuca.,R,R,R,TB,NYY,X,9.0,fly_ball,0,1,2024,0.71,-1.2,0.29,2.92,,,,1,3,Top,63.82,167.17,,,,,1.8661931473266224,-121.37832786940308,2.104589005966083,6.483155244076376,28.59031469798623,-44.61881471769457,4.05,1.84,353.0,101.4,37.0,82.8,2773.0,6.4,745065,656577,650490,642708,670623,676609,668227,642350,676356,54.13,0.3334666666666667,0.6614666666666668,0.0,1.0,0.0,0.0,5.0,21,2,Knuckle Curve,2,2,2,2,2,2,2,2,Standard,Standard,41.0,0.015,-0.219,78.8,7.9,1.31,0.219,101.4,0,0,0.528,0.472,25,32,25,32,2,1,6.0,1.0,10.0,1.0,4.53,-0.71,-0.71,43.2,18.333156793198757,8.91671320222437,34.913576308369,44.56356811273016,23.89442627327625
SL,2024-07-11,84.0,-0.25,7.08,"Judge, Aaron",592450,664126,field_out,hit_into_play,,,,,2.0,Aaron Judge pops out to first baseman Yandy Díaz in foul territory.,R,R,R,TB,NYY,X,3.0,popup,1,1,2024,0.2,-0.79,0.0,3.51,,665828.0,665742.0,1,9,Top,186.82,162.44,,,,,0.1958152636815613,-122.40867869174171,-0.2954281555438913,1.913527723326023,25.436770773123257,-40.234976376415425,4.05,1.84,177.0,89.1,64.0,83.7,2527.0,6.1,745065,666163,650490,676609,670623,670764,668227,642350,676356,54.39,0.005,0.005,0.0,1.0,0.0,0.0,3.0,74,3,Slider,5,3,3,5,3,5,3,5,Standard,Standard,54.0,0.091,-0.215,75.5,7.8,0.005,0.215,89.1,2,-2,0.831,0.169,30,32,31,32,1,4,2.0,1.0,3.0,1.0,4.02,-0.2,-0.2,61.1,17.44399305662585,-0.0263950983118494,32.2949167524133,41.66816228504654,25.409924692373984
SL,2024-07-11,87.9,-1.44,5.83,"Judge, Aaron",592450,669358,field_out,hit_into_play,,,,,6.0,Aaron Judge flies out sharply to right fielder Jonny DeLuca.,R,R,R,TB,NYY,X,9.0,fly_ball,1,0,2024,0.27,0.23,0.71,3.22,657077.0,665742.0,,0,1,Top,192.3,120.35,,,,,4.684434710276395,-127.8450751539064,-0.5862523280979739,1.7963431721005665,30.14833257641112,-29.830408303468115,4.05,1.84,255.0,100.9,53.0,87.7,2255.0,6.5,745065,656577,650490,642708,670623,676609,668227,642350,676356,53.99,0.008,0.01,0.0,1.0,0.0,0.0,3.0,3,2,Slider,0,0,0,0,0,0,0,0,Standard,Standard,159.0,0.052,-0.253,76.9,8.3,0.017,0.253,100.9,0,0,0.363,0.637,25,32,25,32,1,0,6.0,1.0,10.0,1.0,2.76,-0.27,-0.27,37.6,21.490879358505925,0.5245385288940629,30.924479539987985,49.46269717833786,24.888620949629164
ST,2024-07-10,78.8,-2.28,6.01,"Judge, Aaron",592450,621107,single,hit_into_play,,,,,3.0,Aaron Judge singles on a fly ball to left fielder Randy Arozarena.,R,R,R,TB,NYY,X,7.0,fly_ball,0,0,2024,1.2,0.33,0.34,3.55,,,,0,6,Top,88.05,79.01,,,,,3.443880684994939,-114.62752216593836,0.9707951598280712,9.70795828784053,24.43029173293032,-29.74164856213283,4.07,1.85,268.0,87.4,28.0,77.9,2274.0,6.0,745069,666163,650490,680700,670623,670764,668227,642350,666139,54.47,0.047,0.052,0.9,1.0,1.0,0.0,3.0,44,1,Sweeper,1,2,2,1,2,1,2,1,Infield shade,Standard,66.0,-0.038,0.448,75.4,8.3,0.089,-0.448,88.0,-1,1,0.34,0.6599999999999999,30,32,30,32,3,2,6.0,1.0,9.0,1.0,3.39,-1.2,-1.2,32.4,31.792237531866743,-16.022139045711373,34.2256684918082,43.21487728759702,40.95262911274129
FC,2024-07-10,88.6,-2.36,5.7,"Judge, Aaron",592450,621107,field_out,hit_into_play,,,,,11.0,"Aaron Judge grounds out softly, second baseman Richie Palacios to first baseman Yandy Díaz.",R,R,R,TB,NYY,X,4.0,ground_ball,2,1,2024,-0.1,0.92,-1.2,3.2,,,,1,3,Top,141.48,150.39,,,,,3.0383847256390184,-129.1011419980643,-1.970899812482669,-1.6961233247331933,26.672486442544535,-21.72895283883378,4.07,1.85,119.0,47.4,33.0,88.4,2232.0,6.1,745069,666163,650490,680700,670623,670764,668227,642350,666139,54.42,0.161,0.144,0.0,1.0,0.0,0.0,1.0,20,4,Cutter,0,1,1,0,1,0,1,0,Infield shade,Standard,203.0,0.018,-0.302,72.5,7.2,0.161,0.302,88.0,-1,1,0.408,0.5920000000000001,30,32,30,32,2,1,6.0,1.0,9.0,1.0,1.98,0.1,0.1,28.1,7.913921541589273,4.644759058220078,43.57224238017669,26.79783902704186,19.707305890402814
CH,2024-07-09,85.5,-1.0,5.97,"Judge, Aaron",592450,686752,field_out,hit_into_play,,,,,4.0,"Aaron Judge grounds out, shortstop Taylor Walls to first baseman Yandy Díaz.",R,R,R,TB,NYY,X,6.0,ground_ball,2,1,2024,-1.27,0.03,-0.53,2.98,,,518934.0,2,5,Top,111.08,161.5,,,,,3.673617309879971,-124.43763965956698,-0.7545561361294557,-13.900613222245193,28.11111820981571,-31.946309733988063,4.06,1.87,2.0,56.3,-56.0,85.4,2425.0,6.5,745074,656577,650490,676609,670623,670764,668227,642350,676356,54.01,0.205,0.311,0.0,1.0,0.0,0.0,1.0,40,4,Changeup,4,1,1,4,1,4,1,4,Standard,Standard,256.0,0.023,-0.307,75.1,8.6,0.205,0.307,88.0,3,-3,0.861,0.139,26,32,27,32,3,2,6.0,2.0,5.0,1.0,3.12,1.27,1.27,37.9,34.19479687855131,-26.492472291753828,33.0465963905307,37.331746405648275,46.02423796314828
FF,2024-07-09,97.3,-0.58,5.91,"Judge, Aaron",592450,686752,single,hit_into_play,,,,,6.0,Aaron Judge singles on a sharp line drive to right fielder Jonny DeLuca.,R,R,R,TB,NYY,X,9.0,line_drive,2,2,2024,-1.03,1.77,0.62,2.8,,,,2,3,Top,167.84,64.58,,,,,5.669203674740527,-141.42450375801693,-6.907022451230906,-15.122960890543954,35.21251477323243,-7.012555634585873,4.06,1.87,226.0,113.7,10.0,98.1,2437.0,7.0,745074,656577,650490,676609,670623,670764,668227,642350,676356,53.48,0.85,0.888,0.9,1.0,1.0,0.0,6.0,23,5,4-Seam Fastball,4,1,1,4,1,4,1,4,Standard,Standard,208.0,-0.013,0.37,,,1.199,-0.37,113.7,3,-3,0.832,0.168,26,32,27,32,2,1,6.0,2.0,5.0,1.0,0.66,1.03,1.03,46.3,,,,,
SL,2024-07-09,89.4,-1.27,6.14,"Judge, Aaron",592450,686752,field_out,hit_into_play,,,,,5.0,Aaron Judge flies out to right fielder Jonny DeLuca.,R,R,R,TB,NYY,X,9.0,fly_ball,0,1,2024,0.41,0.57,0.02,3.07,,,665742.0,1,1,Top,194.18,126.22,,,,,2.3257781938929187,-130.2304504604452,-2.801684934681079,4.2283589867241655,26.17326851408221,-25.350187982261076,4.06,1.87,247.0,96.6,56.0,90.2,2480.0,6.6,745074,656577,650490,676609,670623,670764,668227,642350,676356,53.9,0.008,0.007,0.0,1.0,0.0,0.0,3.0,3,2,Slider,0,0,0,0,0,0,0,0,Standard,Strategic,162.0,0.024,-0.215,81.2,7.8,0.013,0.215,96.6,0,0,0.502,0.498,26,32,27,32,1,0,6.0,2.0,5.0,1.0,2.27,-0.41,-0.41,42.7,13.89545205158193,-0.796694178734235,36.3463227163652,41.84206996413097,25.95789384210334
FF,2024-07-07,93.3,-1.1,6.11,"Judge, Aaron",592450,676710,field_out,hit_into_play,,,,,2.0,Aaron Judge flies out sharply to center fielder Jarren Duran.,R,R,R,NYY,BOS,X,8.0,fly_ball,1,2,2024,-0.78,1.61,0.17,3.4,,,,2,1,Bot,93.93,45.0,,,,,4.9831078302984055,-135.72803435944584,-4.736454239052816,-10.76486534981832,31.20225687931427,-11.474719736356183,4.04,1.86,388.0,112.4,39.0,92.9,2479.0,6.2,745723,657136,642086,666152,646240,678882,641933,680776,677800,54.29,0.748,1.536,0.0,1.0,0.0,0.0,6.0,6,4,4-Seam Fastball,0,0,0,0,0,0,0,0,Standard,Standard,205.0,-0.008,-0.18,85.2,8.5,3.006,0.18,112.4,0,0,0.508,0.508,28,32,28,32,1,0,5.0,1.0,6.0,2.0,1.02,0.78,0.78,47.4,22.119033351483058,-9.609373020354065,32.728006866115564,44.00240660062698,30.396842522894676
SI,2024-07-06,94.7,-1.73,6.25,"Judge, Aaron",592450,670174,single,hit_into_play,,,,,7.0,Aaron Judge singles on a soft ground ball to pitcher Josh Winckowski.,R,R,R,NYY,BOS,X,1.0,ground_ball,0,0,2024,-0.95,0.77,-0.3,2.03,,,,1,3,Bot,117.72,195.09,,,,,5.890419575112402,-137.79797003563732,-7.117202515071134,-13.451124104785706,28.978310937819387,-21.040824701585667,4.05,1.86,1.0,44.2,-68.0,95.2,1943.0,6.5,745724,624512,642086,665839,646240,666152,680776,678882,677800,54.01,0.197,0.263,0.9,1.0,1.0,0.0,1.0,29,1,Sinker,1,3,1,3,3,1,1,3,Standard,Standard,212.0,0.03,0.422,52.5,6.8,0.197,-0.422,88.0,-2,-2,0.301,0.301,26,32,26,32,2,1,6.0,1.0,4.0,1.0,1.76,0.95,0.95,51.2,-9.026001597823344,21.284002293053387,46.8776243191036,38.49756400740573,10.331617074564903
CH,2024-07-06,92.4,-2.23,6.02,"Judge, Aaron",592450,670174,field_out,hit_into_play,,,,,11.0,Aaron Judge flies out to right fielder Wilyer Abreu.,R,R,R,NYY,BOS,X,9.0,fly_ball,3,1,2024,-1.32,0.52,-1.02,3.06,,,,1,1,Bot,168.1,93.22,,,,,5.952430262917914,-134.5317158955705,-2.902789740429869,-17.34749967617314,28.655576337202543,-25.383113300240787,4.06,1.87,284.0,85.4,45.0,92.4,1524.0,6.2,745724,624512,642086,665839,646240,666152,680776,678882,677800,54.29,0.008,0.013,0.0,1.0,0.0,0.0,3.0,6,5,Changeup,1,0,1,0,0,1,1,0,Infield shade,Standard,230.0,-0.022,-0.424,73.1,7.3,0.02,0.424,88.0,1,1,0.634,0.634,26,32,26,32,1,0,6.0,1.0,4.0,1.0,2.14,1.32,1.32,46.5,8.255243306371176,-1.0940759903928978,43.13890833375515,28.828883444035824,25.598004418174437
SI,2024-07-06,93.5,2.76,5.24,"Judge, Aaron",592450,657514,single,hit_into_play,,,,,8.0,Aaron Judge singles on a line drive to right fielder Wilyer Abreu.,R,R,L,NYY,BOS,X,9.0,line_drive,1,2,2024,1.19,0.29,-0.11,2.34,,,,1,5,Bot,191.03,127.22,,,,,-9.962555080414171,-135.85470460550954,-2.3736224428826858,16.856962264424364,27.62710412281395,-28.269455938812193,4.05,1.86,161.0,102.4,6.0,93.1,2177.0,6.0,745724,624512,642086,665839,646240,666152,680776,678882,677800,54.52,0.655,0.601,0.9,1.0,1.0,0.0,4.0,45,5,Sinker,3,4,3,4,4,3,3,4,Standard,Standard,133.0,0.044,0.495,77.7,7.4,0.71,-0.495,102.4,-1,-1,0.376,0.376,32,32,32,32,1,2,2.0,1.0,8.0,1.0,2.31,1.19,-1.19,20.6,-7.904905426813028,16.025769518168705,45.28079497342239,42.05454424319683,12.675590166429696
FC,2024-07-06,90.2,-1.84,5.85,"Judge, Aaron",592450,502624,field_out,hit_into_play,,,,,9.0,"Aaron Judge grounds out, third baseman Rafael Devers to first baseman Dominic Smith.",R,R,R,NYY,BOS,X,5.0,ground_ball,0,0,2024,0.2,0.49,0.43,2.0,,,,0,6,Bot,104.41,181.51,,,,,5.217123045760208,-131.32685989101623,-4.653369618475593,1.2040076995911582,27.254733092147063,-25.775277036952687,4.05,1.86,4.0,90.6,-28.0,90.0,2463.0,6.1,745724,624512,642086,665839,646240,666152,680776,678882,677800,54.39,0.058,0.077,0.0,1.0,0.0,0.0,2.0,57,1,Cutter,10,4,10,4,4,10,10,4,Standard,Standard,184.0,-0.001,-0.254,79.7,8.8,0.058,0.254,90.6,6,6,0.986,0.986,36,32,37,32,1,3,8.0,1.0,5.0,1.0,2.31,-0.2,-0.2,45.5,15.64248335088738,-8.029666459269698,39.17344951951444,46.21802701913526,32.87497631963048
SI,2024-07-05,94.7,-2.57,5.71,"Judge, Aaron",592450,656557,field_out,hit_into_play,,,,,13.0,"Aaron Judge grounds out, shortstop Ceddanne Rafaela to first baseman Romy Gonzalez.",R,R,R,NYY,BOS,X,6.0,ground_ball,2,1,2024,-0.98,0.03,-1.06,2.88,,,,2,1,Bot,100.5,153.95,,,,,6.100186967307429,-137.74736452450497,-1.68704762390051,-13.938560433529087,34.71919101476494,-31.584588874148405,4.06,1.86,13.0,84.4,-11.0,93.5,2322.0,5.9,745725,657136,663853,665839,646240,678882,641933,680776,608701,54.61,0.092,0.085,0.0,1.0,0.0,0.0,2.0,6,4,Sinker,0,0,0,0,0,0,0,0,Standard,Standard,245.0,-0.011,-0.303,,,0.099,0.303,88.0,0,0,0.511,0.511,28,32,28,32,1,0,6.0,1.0,6.0,1.0,2.54,0.98,0.98,21.9,,,,,
FF,2024-07-05,95.2,2.44,5.97,"Judge, Aaron",592450,592155,field_out,hit_into_play,,,,,4.0,Aaron Judge flies out to center fielder Jarren Duran.,R,R,L,NYY,BOS,X,8.0,fly_ball,1,0,2024,0.72,1.25,-0.65,3.24,,,700250.0,2,7,Bot,148.0,74.17,,,,,-9.726025016110007,-138.3231998141037,-4.355197012658456,11.321752885517917,28.93431872363358,-15.233296207872616,4.06,1.86,316.0,90.0,27.0,95.6,2014.0,6.4,745725,657136,663853,665839,646240,678882,641933,680776,608701,54.06,0.074,0.095,0.0,1.0,0.0,0.0,3.0,55,2,4-Seam Fastball,3,1,3,1,1,3,3,1,Standard,Standard,152.0,-0.013,-0.304,74.4,7.1,0.159,0.304,90.0,2,2,0.875,0.875,32,32,32,32,1,3,12.0,1.0,7.0,1.0,1.26,0.72,-0.72,43.5,4.59420401795755,4.738514992561258,38.927949378841056,35.48087952024967,21.910935164548356
FC,2024-07-05,93.3,-1.77,6.74,"Judge, Aaron",592450,445276,field_out,hit_into_play,,,,,2.0,Aaron Judge pops out to third baseman Rafael Devers in foul territory.,R,R,R,NYY,BOS,X,5.0,popup,0,0,2024,0.57,1.51,-0.05,3.69,700250.0,,665742.0,0,10,Bot,65.47,156.49,,,,,3.1766447370265136,-135.6694222821309,-5.3873252497971675,6.2682608784981015,32.22276643792184,-12.55274644860855,4.06,1.86,200.0,98.4,61.0,93.4,2593.0,6.6,745725,657136,642086,666152,646240,678882,641933,680776,677800,53.9,0.005,0.005,0.0,1.0,0.0,0.0,3.0,80,1,Cutter,3,5,3,5,5,3,3,5,Standard,Standard,176.0,-0.134,-0.244,81.3,8.5,0.005,0.244,98.4,-2,-2,0.357,0.357,36,32,37,32,1,4,1.0,1.0,2.0,1.0,1.13,-0.57,-0.57,64.6,19.59529309098749,-23.640369220787708,32.10634478570953,41.61756137747744,38.012664809624646
SI,2024-07-04,94.1,-0.78,6.09,"Judge, Aaron",592450,593423,field_out,hit_into_play,,,,,8.0,"Aaron Judge grounds out, third baseman Noelvi Marte to first baseman Spencer Steer.",R,R,R,NYY,CIN,X,5.0,ground_ball,0,0,2024,-1.03,0.67,-0.08,2.44,,,665742.0,2,5,Bot,95.7,159.95,,,,,4.074274524956476,-137.0226334461319,-5.282911567259023,-13.942867373635034,27.794909657713944,-22.799751614565128,4.06,1.85,7.0,69.2,-20.0,94.0,2209.0,6.0,745726,571912,668715,663697,682622,682829,605361,666181,641584,54.48,0.037,0.061,0.0,1.0,0.0,0.0,2.0,44,1,Sinker,2,5,2,5,5,2,2,5,Infield shade,Standard,209.0,-0.024,-0.271,76.3,8.2,0.038,0.271,88.0,-3,-3,0.161,0.161,31,32,31,32,3,2,6.0,1.0,6.0,1.0,1.88,1.03,1.03,43.4,7.434175919940817,-1.0662824558877084,41.502362561895595,40.94981547252809,22.14636341210182
SI,2024-07-04,91.8,-1.79,6.37,"Judge, Aaron",592450,607259,field_out,hit_into_play,,,,,11.0,"Aaron Judge grounds out, third baseman Noelvi Marte to first baseman Spencer Steer.",R,R,R,NYY,CIN,X,5.0,ground_ball,0,1,2024,-1.3,1.35,-1.08,3.45,,,,2,7,Bot,95.09,160.56,,,,,4.5759026880225,-133.6605445435433,-4.464035270988689,-16.620918650141274,27.951273303223903,-15.17426364727842,4.06,1.85,11.0,102.7,-15.0,91.3,2327.0,5.9,745726,663886,668715,663697,682622,682829,694362,656413,641584,54.64,0.213,0.23,0.0,1.0,0.0,0.0,2.0,63,2,Sinker,4,8,4,8,8,4,4,8,Standard,Standard,198.0,-0.005,-0.215,70.8,7.1,0.218,0.215,102.7,-4,-4,0.041,0.041,33,32,34,32,1,3,2.0,1.0,3.0,1.0,1.34,1.3,1.3,62.4,12.127022109178393,1.4015672353813275,35.507683911781854,29.037306647159475,25.82106062991147
ST,2024-07-03,82.4,1.7,5.75,"Judge, Aaron",592450,671096,field_out,hit_into_play,,,,,7.0,Aaron Judge flies out to center fielder Stuart Fairchild.,R,R,L,NYY,CIN,X,8.0,fly_ball,1,2,2024,-1.0,0.38,-0.47,2.47,,,683011.0,2,5,Bot,122.78,81.73,,,,,-3.029419688685111,-119.92140465102422,-1.6521695610777622,-8.980490125995518,24.100198360243507,-28.405958669863104,4.06,1.85,292.0,94.0,45.0,83.3,2831.0,7.0,745728,663886,600869,663697,682622,682829,668715,656413,694362,53.53,0.013,0.024,0.0,1.0,0.0,0.0,3.0,40,4,Sweeper,0,3,0,3,3,0,0,3,Standard,Standard,282.0,-0.018,-0.197,74.4,8.4,0.04,0.197,94.0,-3,-3,0.155,0.155,25,32,25,32,3,2,6.0,1.0,5.0,1.0,2.99,-1.0,1.0,42.0,16.226402082750727,-9.329657127512537,42.07376583514327,36.52582383092516,35.41751596462798
FF,2024-07-03,94.5,-1.49,6.0,"Judge, Aaron",592450,518585,grounded_into_double_play,hit_into_play,,,,,4.0,"Aaron Judge grounds into a double play, third baseman Noelvi Marte to second baseman Jonathan India to first baseman Jeimer Candelario. Juan Soto out at 2nd. Aaron Judge out at 1st.",R,R,R,NYY,CIN,X,5.0,ground_ball,0,0,2024,-0.24,1.33,-0.62,2.74,683011.0,,665742.0,1,7,Bot,110.85,182.98,,,,,2.872752988867577,-137.57834520239646,-5.892507159038622,-3.7065782121921296,29.387072551266424,-14.151695868092249,4.06,1.85,37.0,106.8,-2.0,96.4,2087.0,7.3,745728,663886,600869,663697,682622,682829,668715,656413,694362,53.21,0.458,0.413,0.0,1.0,0.0,0.0,4.0,57,1,4-Seam Fastball,2,3,2,3,3,2,2,3,Standard,Standard,212.0,-0.253,-0.338,77.0,8.1,0.482,0.338,106.8,-1,-1,0.508,0.508,34,32,34,32,1,3,1.0,1.0,3.0,1.0,1.21,0.24,0.24,43.6,13.498122499416215,-11.914107263319044,39.74629713649393,34.653252720312366,29.896116844317433
CH,2024-07-03,84.9,1.85,5.89,"Judge, Aaron",592450,671096,field_out,hit_into_play,,,,,6.0,Aaron Judge flies out to second baseman Jonathan India.,R,R,L,NYY,CIN,X,4.0,fly_ball,1,0,2024,1.49,1.13,0.44,2.68,,,665742.0,1,1,Bot,140.37,122.17,,,,,-6.3475852919057,-123.43616302417178,-3.449475096646629,16.5426616854625,24.491147731469933,-20.113144408975813,4.06,1.85,198.0,88.4,59.0,85.5,2110.0,6.7,745728,663886,600869,663697,682622,682829,668715,656413,694362,53.77,0.013,0.014,0.0,1.0,0.0,0.0,3.0,6,2,Changeup,0,0,0,0,0,0,0,0,Standard,Standard,132.0,-0.033,-0.291,77.0,8.6,0.022,0.291,88.4,0,0,0.555,0.555,25,32,25,32,1,0,6.0,1.0,5.0,1.0,2.04,1.49,-1.49,41.9,23.0510841041916,-9.86707295119744,42.44180790676615,47.0142322124839,37.82344453554714
FC,2024-07-02,97.1,-0.18,6.51,"Judge, Aaron",592450,668933,single,hit_into_play,,,,,9.0,Aaron Judge singles on a line drive to center fielder Stuart Fairchild.,R,R,R,NYY,CIN,X,8.0,line_drive,0,1,2024,0.21,0.93,0.61,2.28,,,,0,6,Bot,152.16,86.67,,,,,1.628199162882149,-141.28698222658397,-7.871770580486769,2.5319601550673627,29.89124621298906,-18.214178254488623,4.04,1.83,288.0,91.0,19.0,96.3,2488.0,5.7,745730,663886,668715,663697,682622,682829,605361,656413,666181,54.81,0.447,0.423,0.9,1.0,1.0,0.0,4.0,49,2,Cutter,0,5,0,5,5,0,0,5,Standard,Standard,197.0,0.026,0.485,76.3,8.4,0.546,-0.485,91.0,-5,-5,0.055,0.055,26,32,26,32,3,2,6.0,2.0,5.0,1.0,1.48,-0.21,-0.21,54.8,12.175236470691347,1.549090898451714,37.957594870606485,49.221583557596475,22.290845480155873
SL,2024-07-02,87.5,-0.91,6.1,"Judge, Aaron",592450,668933,field_out,hit_into_play,,,,,7.0,Aaron Judge flies out to left fielder Nick Martini. Juan Soto to 2nd.,R,R,R,NYY,CIN,X,7.0,fly_ball,1,2,2024,1.12,0.18,-0.36,2.35,,,665742.0,1,3,Bot,43.58,92.22,,,,,-0.9885794940798068,-127.43899662484571,-3.2398149513420686,12.43634622326466,26.92142968587146,-29.785589854946807,4.04,1.83,331.0,94.3,42.0,86.6,3031.0,5.7,745730,663886,668715,663697,682622,682829,605361,656413,666181,54.76,0.011,0.015,0.0,1.0,0.0,0.0,3.0,22,6,Slider,0,0,0,0,0,0,0,0,Standard,Standard,58.0,-0.012,-0.186,78.9,8.7,0.029,0.186,94.3,0,0,0.55,0.55,26,32,26,32,2,1,6.0,2.0,5.0,1.0,2.8,-1.12,-1.12,46.1,27.511286812783357,-6.21376877275398,43.99228632917559,37.47345703396203,40.301551971675806
FC,2024-07-02,98.0,-0.24,6.59,"Judge, Aaron",592450,668933,single,hit_into_play,,,,,5.0,Aaron Judge singles on a ground ball to left fielder Nick Martini.,R,R,R,NYY,CIN,X,7.0,ground_ball,0,1,2024,0.33,0.79,-0.22,2.61,,,,2,1,Bot,113.49,147.86,,,,,-0.7019167375147681,-142.7427218362036,-7.0396578679027675,4.634910058095344,30.781794566894582,-20.041504768240657,4.04,1.83,40.0,99.9,-1.0,97.2,2393.0,5.7,745730,663886,668715,663697,682622,682829,605361,656413,666181,54.85,0.384,0.415,0.9,1.0,1.0,0.0,2.0,7,2,Cutter,0,0,0,0,0,0,0,0,Standard,Standard,196.0,0.014,0.373,74.8,7.6,0.428,-0.373,99.9,0,0,0.508,0.508,26,32,26,32,1,0,6.0,2.0,5.0,1.0,1.57,-0.33,-0.33,51.5,7.719423398133117,5.559082691053414,45.06824873832525,39.14566845292234,22.05283379035396
SI,2024-07-02,93.2,2.22,5.06,"Judge, Aaron",592450,594580,home_run,hit_into_play,,,,,8.0,Aaron Judge homers (32) on a fly ball to left field.,R,R,L,NYY,CIN,X,,fly_ball,0,0,2024,1.48,0.16,-0.16,2.33,,,,2,7,Bot,32.53,75.78,,,,,-9.092811809348373,-135.45677257463367,-1.5754436953125015,20.22059733162641,28.707337851794108,-30.118974332218404,4.04,1.83,381.0,112.5,25.0,90.8,2463.0,4.8,745730,663886,668715,663697,682622,682829,605361,656413,666181,55.68,0.99475,1.999125,2.0,1.0,0.0,3.0,6.0,62,1,Sinker,3,5,3,5,5,4,4,5,Standard,Standard,111.0,0.125,2.594,78.2,8.7,3.936,-2.594,112.5,-2,-2,0.154,0.154,32,32,32,32,1,3,2.0,2.0,2.0,1.0,2.47,1.48,-1.48,14.5,21.506551083894465,-4.76551604575934,41.97467724931628,40.59250403447764,32.47355312714013
FF,2024-06-30,94.5,-2.36,5.75,"Judge, Aaron",592450,592332,home_run,hit_into_play,,,,,4.0,Aaron Judge homers (31) on a fly ball to center field. Juan Soto scores.,R,R,R,TOR,NYY,X,,fly_ball,1,0,2024,-1.26,1.58,-0.36,2.97,,,665742.0,1,1,Top,129.75,27.62,,,,,8.05060913352791,-137.2315662831116,-5.00031610231408,-17.750269015722406,35.07814853425603,-11.39669507534938,4.04,1.83,423.0,109.8,36.0,94.2,2193.0,6.6,744916,643376,665489,687462,676391,643396,662139,595281,543807,53.94,0.8347142857142857,1.704857142857143,2.0,1.0,0.0,3.0,6.0,3,2,4-Seam Fastball,0,0,0,0,2,0,2,0,Standard,Standard,220.0,-0.163,1.4,77.1,8.1,3.351,-1.4,109.8,0,0,0.494,0.506,33,32,33,32,1,0,5.0,1.0,5.0,2.0,1.02,1.26,1.26,43.7,22.61568513656632,6.083095768079458,35.9879747604304,36.37043115600569,28.98201457015914
FF,2024-06-30,96.0,-2.48,5.95,"Judge, Aaron",592450,643338,single,hit_into_play,,,,,11.0,Aaron Judge singles on a line drive to center fielder Kevin Kiermaier.,R,R,R,TOR,NYY,X,8.0,line_drive,2,1,2024,-0.86,1.53,-0.92,2.97,,,,1,8,Top,149.45,79.82,,,,,6.114195805287651,-139.62861368170988,-5.77977243711831,-12.70725349022926,33.05065183637515,-11.040998151867528,4.04,1.83,262.0,84.1,23.0,96.2,2439.0,6.6,744916,643376,665489,687462,676391,643396,662139,595281,543807,53.93,0.35,0.333,0.9,1.0,1.0,0.0,3.0,66,4,4-Seam Fastball,1,8,8,1,8,1,8,1,Standard,Standard,216.0,0.0,0.375,72.3,7.4,0.432,-0.375,88.0,-7,7,0.004,0.996,33,32,33,32,1,4,4.0,1.0,2.0,2.0,0.95,0.86,0.86,41.4,10.59767967063388,8.649048212474675,40.78382458195675,31.031846084795347,20.704946259986876
SI,2024-06-29,94.1,-1.46,5.4,"Judge, Aaron",592450,605135,single,hit_into_play,,,,,8.0,Aaron Judge singles on a sharp ground ball to center fielder Kevin Kiermaier. Anthony Volpe scores.,R,R,R,TOR,NYY,X,8.0,ground_ball,0,1,2024,-1.38,0.5,-0.21,2.43,683011.0,,,2,5,Top,122.47,90.08,,,,,6.339679107813942,-136.86185640629887,-3.117972964365041,-18.78569577276581,31.28831554678705,-25.4099598302033,4.07,1.85,10.0,110.3,-13.0,94.6,1935.0,6.7,744921,672386,457759,643396,676391,666182,676914,595281,543807,53.84,0.271,0.274,0.9,1.0,1.0,0.0,2.0,39,2,Sinker,3,0,0,3,1,3,1,3,Standard,Standard,220.0,-0.073,0.772,75.0,7.2,0.286,-0.772,110.3,3,-3,0.857,0.143,35,32,35,32,3,2,5.0,1.0,5.0,1.0,2.08,1.38,1.38,34.4,-10.77480990595878,2.991190159466676,41.69899171304185,39.64523314885737,17.33177581236807
SI,2024-06-29,93.2,-1.29,5.52,"Judge, Aaron",592450,605135,single,hit_into_play,,,,,5.0,"Aaron Judge singles on a sharp line drive to first baseman Justin Turner, deflected by pitcher Chris Bassitt. Ben Rice to 2nd.",R,R,R,TOR,NYY,X,1.0,line_drive,2,0,2024,-1.18,0.7,-0.16,2.71,,,700250.0,1,1,Top,128.53,185.29,,,,,5.5374925146252565,-135.6980432189543,-3.0382505338684123,-15.807503655666183,28.362416827432643,-23.089490704285073,4.07,1.85,91.0,101.6,5.0,93.9,2159.0,6.6,744921,672386,457759,643396,676391,666182,676914,595281,543807,53.93,0.634,0.606,0.9,1.0,1.0,0.0,4.0,3,3,Sinker,0,0,0,0,0,0,0,0,Standard,Standard,219.0,-0.027,0.313,77.8,7.5,0.719,-0.313,101.6,0,0,0.487,0.513,35,32,35,32,1,0,5.0,1.0,5.0,1.0,1.91,1.18,1.18,34.5,8.595355214091928,13.498646869970932,38.47251806487232,39.694037495280696,19.53390401531164
SI,2024-06-29,96.8,-1.87,5.51,"Judge, Aaron",592450,647315,field_out,hit_into_play,,,,,5.0,Aaron Judge lines out sharply to right fielder George Springer.,R,R,R,TOR,NYY,X,9.0,line_drive,0,0,2024,-1.35,0.7,0.07,2.64,,,,1,8,Top,197.49,102.61,,,,,8.262793261580217,-140.6700778170433,-3.6621138002117606,-19.807304459372393,35.073667805414956,-22.276817963130213,4.04,1.83,297.0,102.1,16.0,96.6,2260.0,6.4,744921,672386,457759,643396,676391,666182,662139,595281,543807,54.05,0.529,0.566,0.0,1.0,0.0,0.0,4.0,66,1,Sinker,8,1,1,8,1,8,1,8,Standard,Standard,224.0,0.001,-0.256,71.4,7.1,0.815,0.256,102.1,7,-7,0.998,0.002,27,32,28,32,1,3,2.0,1.0,2.0,1.0,1.76,1.35,1.35,34.5,-2.0232784965745467,18.295289264883337,38.87027029580507,42.853528805944805,17.969307165318774
FF,2024-06-28,96.9,2.7,5.11,"Judge, Aaron",592450,579328,single,hit_into_play,,,,,4.0,Aaron Judge singles on a ground ball to right fielder George Springer. Juan Soto to 2nd.,R,R,L,TOR,NYY,X,9.0,ground_ball,3,1,2024,0.46,1.39,-0.59,2.67,,,665742.0,1,4,Top,171.46,134.39,,,,,-9.986288282193447,-140.73113862848467,-4.15058579906303,8.589868587461206,34.52333448791161,-12.916951426320065,4.07,1.85,61.0,77.6,3.0,97.7,2318.0,7.0,744922,643376,665489,687462,643396,666182,680718,662139,543807,53.46,0.197,0.191,0.9,1.0,1.0,0.0,2.0,26,5,4-Seam Fastball,1,0,0,1,0,1,0,1,Infield shade,Standard,138.0,-0.029,0.258,72.8,7.1,0.233,-0.258,88.0,1,-1,0.599,0.401,33,32,33,32,2,1,5.0,1.0,5.0,1.0,1.06,0.46,-0.46,33.9,-8.302897169793503,15.168898721983595,45.01066519161505,33.100459107936736,9.972892314528425
SI,2024-06-28,93.2,1.78,6.14,"Judge, Aaron",592450,641835,single,hit_into_play,,,,,9.0,Aaron Judge singles on a line drive to left fielder Davis Schneider. Jahmai Jones scores. Anthony Volpe scores. Juan Soto to 3rd.,R,R,L,TOR,NYY,X,7.0,line_drive,2,2,2024,1.39,0.65,0.43,2.04,663330.0,683011.0,665742.0,0,9,Top,97.02,71.21,,,,,-6.5469585759097395,-135.37556000661718,-6.181380261689131,18.5655930950564,31.332524176119055,-23.020461897362907,4.07,1.85,276.0,96.6,18.0,93.4,2092.0,6.6,744922,643376,665489,687462,643396,666182,676914,662139,680718,53.88,0.403,0.437,0.9,1.0,1.0,0.0,4.0,75,5,Sinker,5,9,9,5,11,5,11,5,Strategic,Standard,134.0,-0.005,0.449,80.3,8.5,0.632,-0.449,96.6,-4,4,0.006,0.994,32,32,32,32,1,4,4.0,1.0,50.0,1.0,2.0,1.39,-1.39,39.1,13.31166957871444,1.4353287797424934,40.25842093776313,46.65990606451024,27.702474953417603
FF,2024-06-28,96.3,-2.0,5.33,"Judge, Aaron",592450,663878,single,hit_into_play,,,,,7.0,Aaron Judge singles on a sharp fly ball to left fielder Addison Barger.,R,R,R,TOR,NYY,X,7.0,fly_ball,1,1,2024,-0.63,1.29,-0.42,2.26,,,,0,6,Top,65.81,85.28,,,,,5.70431960649338,-140.03642902469758,-5.533023956183202,-9.633849751465878,32.92608268165227,-14.119541172245082,4.07,1.85,350.0,108.7,22.0,97.1,2179.0,6.9,744922,643376,665489,687462,643396,666182,680718,662139,543807,53.65,0.8862888888888888,1.6903333333333332,0.9,1.0,1.0,0.0,6.0,45,3,4-Seam Fastball,3,4,4,3,4,3,4,3,Infield shade,Standard,218.0,-0.039,0.46,81.6,8.7,3.2737777777777777,-0.46,108.7,-1,1,0.341,0.659,27,32,28,32,1,2,4.0,1.0,2.0,1.0,1.18,0.63,0.63,40.8,1.3520489774915057,-21.43092139468172,48.81302939228002,37.170234980992646,33.41518994283821
CH,2024-06-28,79.8,-2.52,6.23,"Judge, Aaron",592450,670950,field_error,hit_into_play,,,,,8.0,Aaron Judge reaches on a fielding error by third baseman Isiah Kiner-Falefa.,R,R,R,TOR,NYY,X,5.0,ground_ball,1,0,2024,-1.14,-0.27,0.02,2.32,,,,0,8,Top,105.42,174.09,,,,,7.709117141181384,-115.96150585012327,-1.3199888363397625,-11.750020215199854,22.810800177515063,-34.536755126345064,4.07,1.85,27.0,81.6,-2.0,79.5,2630.0,6.2,744922,643376,665489,687462,643396,666182,676914,662139,680718,54.25,0.161,0.178,0.9,1.0,0.0,0.0,2.0,63,2,Changeup,5,7,7,5,7,5,7,5,Infield shade,Standard,259.0,-0.017,0.445,79.6,8.7,0.177,-0.445,88.0,-2,2,0.136,0.864,31,32,31,32,1,3,3.0,1.0,3.0,1.0,3.87,1.14,1.14,48.3,21.55298661354441,-11.675511268019358,37.99797996197762,42.6709885838259,35.734891620677175
SV,2024-06-27,83.4,-1.84,5.49,"Judge, Aaron",592450,621244,field_out,hit_into_play,,,,,14.0,"Aaron Judge grounds out, second baseman Isiah Kiner-Falefa to first baseman Vladimir Guerrero Jr.",R,R,R,TOR,NYY,X,4.0,ground_ball,1,2,2024,1.03,-0.4,0.01,1.54,,,,2,3,Top,131.71,139.09,,,,,2.2227141270794792,-121.38648530025102,-1.807297257555972,9.675677322812623,25.71632434738508,-35.98146453949976,4.07,1.85,115.0,65.0,13.0,83.1,2208.0,6.3,744919,672386,665489,643396,676391,666182,676914,662139,543807,54.23,0.25,0.225,0.0,1.0,0.0,0.0,2.0,28,7,Slurve,8,0,0,8,0,8,0,8,Standard,Standard,39.0,0.001,-0.18,,,0.256,0.18,88.0,8,-8,0.984,0.016,30,32,30,32,2,1,5.0,1.0,5.0,1.0,3.7,-1.03,-1.03,41.2,,,,,
SI,2024-06-27,94.0,-1.67,5.71,"Judge, Aaron",592450,621244,field_out,hit_into_play,,,,,5.0,Aaron Judge flies out sharply to right fielder George Springer.,R,R,R,TOR,NYY,X,9.0,fly_ball,0,0,2024,-1.28,0.91,0.15,2.65,,,683011.0,1,1,Top,215.33,109.33,,,,,7.5853884666041775,-136.61661327264008,-4.200321451805323,-17.710340493821818,31.347886389951313,-20.095635332033748,4.07,1.85,311.0,101.6,46.0,94.3,2000.0,6.6,744919,672386,665489,643396,676391,666182,676914,662139,543807,53.88,0.039,0.058,0.0,1.0,0.0,0.0,3.0,3,1,Sinker,0,0,0,0,0,0,0,0,Standard,Standard,227.0,0.028,-0.255,79.9,8.2,0.118,0.255,101.6,0,0,0.498,0.502,30,32,30,32,1,0,5.0,1.0,5.0,1.0,1.69,1.28,1.28,42.4,14.210228629129038,-0.995557808495449,40.121237057428814,43.345970198103814,26.370557282287866
SI,2024-06-26,89.3,2.15,5.58,"Judge, Aaron",592450,640455,single,hit_into_play,,,,,5.0,Aaron Judge singles on a ground ball to left fielder Brandon Nimmo.,R,R,L,NYM,NYY,X,7.0,ground_ball,0,1,2024,1.36,0.57,0.12,2.75,,,,0,4,Top,76.2,122.28,,,,,-8.017486574269359,-129.83386479105243,-2.2358686412736186,17.003083730137085,24.576643227973623,-25.38501733448259,4.05,1.83,90.0,111.2,4.0,91.3,1955.0,7.3,745808,682626,624413,643446,668901,596019,607043,664056,621438,53.19,0.684,0.66,0.9,1.0,1.0,0.0,4.0,28,2,Sinker,3,0,0,3,0,3,0,3,Strategic,Standard,137.0,-0.042,0.485,79.4,8.1,0.799,-0.485,111.2,3,-3,0.817,0.183,32,32,32,32,2,1,7.0,1.0,6.0,1.0,2.27,1.36,-1.36,24.2,12.50162951984311,-6.269811251542467,37.93381721017177,43.34916470499328,31.30661505634809
ST,2024-06-26,81.0,3.64,5.04,"Judge, Aaron",592450,664849,home_run,hit_into_play,,,,,5.0,Aaron Judge homers (30) on a fly ball to left field. Juan Soto scores.,R,R,L,NYM,NYY,X,,fly_ball,1,2,2024,-1.77,0.11,-0.22,2.83,,,665742.0,0,6,Top,28.26,69.01,,,,,-5.212366546404484,-117.842996531405,1.5789304273989009,-15.148114373681665,25.613795266156497,-31.740336071914832,4.05,1.83,400.0,112.3,25.0,80.2,2801.0,6.1,745808,682626,624413,643446,668901,596019,607043,664056,621438,54.44,0.99475,1.999125,2.0,1.0,0.0,3.0,6.0,49,4,Sweeper,7,0,0,7,2,7,2,7,Standard,Standard,296.0,-0.027,1.113,79.1,8.3,3.936,-1.113,112.3,7,-7,0.979,0.021,30,32,30,32,1,2,1.0,1.0,3.0,1.0,3.41,-1.77,1.77,16.6,25.0390547488637,-4.182849463237257,36.25388534627375,39.1979386319614,36.32734164551257
FF,2024-06-25,94.1,2.22,6.15,"Judge, Aaron",592450,656849,field_out,hit_into_play,,,,,4.0,Aaron Judge flies out to center fielder Harrison Bader.,R,R,L,NYM,NYY,X,8.0,fly_ball,1,1,2024,0.46,1.08,-0.56,3.22,,,,0,5,Top,132.73,43.23,,,,,-8.358188759210124,-136.8556326842418,-4.420518986627914,7.391021256161094,26.230817809355607,-17.748069402220118,4.05,1.83,386.0,99.7,32.0,96.3,2207.0,7.3,745806,682626,624413,643446,668901,596019,607043,664056,621438,53.22,0.4675384615384616,0.9167307692307692,0.0,1.0,0.0,0.0,6.0,42,3,4-Seam Fastball,6,1,1,6,1,6,1,6,Strategic,Standard,135.0,0.012,-0.243,77.6,7.7,1.8045,0.243,99.7,5,-5,0.937,0.0629999999999999,28,32,29,32,3,2,8.0,2.0,6.0,1.0,1.47,0.46,-0.46,41.7,10.170371615830495,-0.0237262552820938,38.25397496096696,34.78415578348248,23.32505470315243
FF,2024-06-25,96.3,-2.19,5.25,"Judge, Aaron",592450,673380,double,hit_into_play,,,,,4.0,Aaron Judge doubles (23) on a sharp line drive to left fielder Brandon Nimmo. Anthony Volpe scores.,R,R,R,NYM,NYY,X,7.0,line_drive,1,1,2024,-0.57,1.34,-0.58,3.02,,,683011.0,1,7,Top,23.14,105.08,,,,,5.559882524401124,-140.2168144902019,-3.465715307154834,-8.67845191536863,27.700270316171647,-13.75364077736,4.05,1.83,272.0,113.1,16.0,96.5,2767.0,6.1,745806,682626,624413,643446,668901,596019,607043,664056,621438,54.38,0.6279999999999999,0.9888,1.25,1.0,1.0,1.0,6.0,62,3,4-Seam Fastball,9,1,1,9,2,9,2,9,Strategic,Standard,216.0,-0.006,0.822,78.5,8.2,1.7917999999999998,-0.822,113.1,8,-8,0.996,0.004,28,32,28,32,1,3,2.0,2.0,3.0,1.0,1.09,0.57,0.57,38.7,12.815513724683658,-14.237795354151231,41.9668620685764,34.662823953102986,34.17204866961949
FF,2024-06-25,98.9,-1.79,5.74,"Judge, Aaron",592450,657585,home_run,hit_into_play,,,,,5.0,Aaron Judge hits a grand slam (29) to center field. Trent Grisham scores. Austin Wells scores. Juan Soto scores.,R,R,R,NYM,NYY,X,,fly_ball,0,2,2024,-0.69,1.43,0.22,2.77,663757.0,669224.0,665742.0,2,8,Top,168.1,47.15,,,,,7.06580138449513,-143.7209181435141,-5.922048246240801,-11.351301220478453,36.74715497987777,-11.125148367164837,4.05,1.83,390.0,109.4,41.0,98.3,2437.0,6.2,745806,682626,624413,643446,668901,596019,607043,664056,621438,54.26,0.646,1.313,2.0,1.0,0.0,3.0,6.0,74,3,4-Seam Fastball,9,3,3,9,7,9,7,9,Strategic,Standard,226.0,-0.065,1.214,80.7,8.4,2.573,-1.214,109.4,6,-6,0.99,0.01,31,32,31,32,1,4,2.0,2.0,3.0,1.0,0.92,0.69,0.69,43.7,16.275794765153314,-10.05787025926518,34.935294619052684,43.19651898987132,31.57115129013691
FF,2024-06-23,95.1,1.26,5.88,"Judge, Aaron",592450,608331,single,hit_into_play,,,,,7.0,Aaron Judge singles on a sharp ground ball to left fielder Adam Duvall. Juan Soto to 2nd.,R,R,L,NYY,ATL,X,7.0,ground_ball,1,1,2024,0.27,0.98,-0.46,2.42,,,665742.0,1,6,Bot,89.29,146.09,,,,,-5.1430923069368255,-138.43150296375526,-5.728089850245991,4.546075671469957,27.03936070930066,-18.49215813194506,4.04,1.83,23.0,102.6,-5.0,96.3,2337.0,6.7,745727,669221,621566,645277,663586,606115,594807,672284,657656,53.83,0.332,0.377,0.9,1.0,1.0,0.0,2.0,45,3,4-Seam Fastball,1,3,1,3,3,1,1,3,Standard,Standard,156.0,0.065,0.416,78.4,8.0,0.332,-0.416,102.6,-2,-2,0.264,0.264,30,32,30,32,3,2,6.0,1.0,6.0,2.0,1.51,0.27,-0.27,50.0,7.557559271506005,1.7923944492266546,42.641254226599315,37.23412255662904,24.434304386377967
SI,2024-06-23,95.9,-1.66,5.49,"Judge, Aaron",592450,628452,field_out,hit_into_play,,,,,8.0,Aaron Judge lines out sharply to center fielder Jarred Kelenic.,R,R,R,NYY,ATL,X,8.0,line_drive,0,0,2024,-1.38,0.86,0.02,2.24,,,,0,9,Bot,139.91,58.16,,,,,7.56337216875619,-139.44220960777534,-4.928949860574681,-19.7262207800698,32.606463177538814,-19.977465715936415,4.04,1.83,351.0,115.1,16.0,95.9,2344.0,6.4,745727,669221,621566,645277,663586,606115,594807,672284,657656,54.1,0.7975000000000001,1.3425,0.0,1.0,0.0,0.0,6.0,64,1,Sinker,1,3,1,3,3,1,1,3,Standard,Standard,219.0,-0.048,-0.254,82.9,8.4,2.503,0.254,115.1,-2,-2,0.095,0.095,34,32,34,32,1,3,5.0,1.0,3.0,2.0,1.63,1.38,1.38,35.2,7.811190824169809,0.1298666366179798,45.13432339150462,43.82444349406866,24.08361042639288
CU,2024-06-22,83.1,-2.54,5.36,"Judge, Aaron",592450,450203,field_out,hit_into_play,,,,,9.0,Aaron Judge flies out to center fielder Jarred Kelenic.,R,R,R,NYY,ATL,X,8.0,fly_ball,1,2,2024,1.14,-0.45,0.44,2.49,,,665742.0,1,5,Bot,114.93,68.68,,,,,4.5867872362337385,-120.89450190201056,0.7980401628466274,10.227110216059984,24.42160608866074,-37.01020686840979,4.04,1.82,325.0,92.0,40.0,82.9,2777.0,6.3,745731,518595,621566,645277,663586,606115,657088,672284,657656,54.23,0.018,0.029,0.0,1.0,0.0,0.0,3.0,38,4,Curveball,4,1,4,1,1,4,4,1,Standard,Standard,62.0,-0.009,-0.186,81.8,8.5,0.052,0.186,92.0,3,3,0.882,0.882,40,32,41,32,3,2,7.0,1.0,6.0,1.0,3.77,-1.14,-1.14,21.4,19.606828553930097,-5.488258538311906,36.852704981944854,47.145032038776094,35.98935842445078
CU,2024-06-22,83.3,-2.6,5.42,"Judge, Aaron",592450,450203,grounded_into_double_play,hit_into_play,,,,,8.0,"Aaron Judge grounds into a double play, shortstop Orlando Arcia to second baseman Ozzie Albies to first baseman Matt Olson. Oswaldo Cabrera scores. Anthony Volpe to 3rd. Juan Soto out at 2nd. Aaron Judge out at 1st.",R,R,R,NYY,ATL,X,6.0,ground_ball,1,1,2024,1.03,-0.7,0.04,2.13,665828.0,683011.0,665742.0,0,3,Bot,110.24,147.83,,,,,4.009553618949745,-121.38005230643286,0.2232999963587052,9.458718739416202,23.58486912016372,-39.338755063909936,4.04,1.82,8.0,70.8,-15.0,83.1,1419.0,6.0,745731,518595,621566,645277,663586,606115,657088,672284,657656,54.45,0.042,0.057,0.0,1.0,0.0,0.0,2.0,23,3,Curveball,2,1,2,1,1,3,3,1,Standard,Standard,17.0,-0.046,-0.193,78.2,8.9,0.042,0.193,88.0,1,1,0.804,0.804,40,32,41,32,2,1,7.0,1.0,6.0,1.0,3.97,-1.03,-1.03,20.5,20.636743865669487,-19.596256862869826,42.61019495158829,41.96516675050596,42.16102822140083
FF,2024-06-22,95.5,-2.47,5.45,"Judge, Aaron",592450,450203,home_run,hit_into_play,,,,,6.0,Aaron Judge homers (28) on a fly ball to right center field. Juan Soto scores.,R,R,R,NYY,ATL,X,,fly_ball,3,1,2024,-0.83,0.58,0.78,2.82,,,665742.0,1,1,Bot,196.06,68.69,,,,,10.454130021757573,-138.69549216602195,-2.592178231058226,-13.131040202889508,31.366339396084975,-24.29559582532112,4.04,1.82,366.0,101.5,26.0,95.7,2377.0,6.5,745731,518595,621566,645277,663586,606115,657088,672284,657656,53.97,0.5675277777777779,1.058638888888889,2.0,1.0,0.0,3.0,6.0,7,5,4-Seam Fastball,0,1,0,1,1,2,2,1,Standard,Standard,253.0,0.16,1.289,79.4,8.1,2.04275,-1.289,101.5,-1,-1,0.466,0.466,40,32,41,32,1,0,7.0,1.0,6.0,1.0,1.93,0.83,0.83,21.1,7.396643384735957,4.236065691594114,37.349296622633034,50.99821182869211,22.0493563969518
FF,2024-06-21,98.7,-1.11,5.65,"Judge, Aaron",592450,678226,field_out,hit_into_play,,,,,3.0,Aaron Judge flies out to center fielder Jarred Kelenic.,R,R,R,NYY,ATL,X,8.0,fly_ball,1,2,2024,-0.8,1.35,0.59,3.39,,,,2,6,Bot,125.18,56.36,,,,,6.5221056963101045,-143.48203322759755,-3.7925546969246207,-12.689138786613311,37.96239518179566,-12.93130003820235,4.04,1.82,353.0,94.7,36.0,98.7,2356.0,6.7,745729,669221,621566,645277,663586,606115,594807,672284,657656,53.84,0.087,0.155,0.0,1.0,0.0,0.0,3.0,57,4,4-Seam Fastball,1,8,1,8,8,1,1,8,Standard,Standard,215.0,-0.001,-0.18,78.6,8.1,0.299,0.18,94.7,-7,-7,0.01,0.01,27,32,28,32,1,2,2.0,1.0,3.0,1.0,1.02,0.8,0.8,36.2,16.868370939807157,-0.0401419254117881,29.295212422855663,50.723652425756114,28.12712150349416
FF,2024-06-21,94.2,-2.23,5.9,"Judge, Aaron",592450,656550,grounded_into_double_play,hit_into_play,,,,,9.0,"Aaron Judge grounds into a double play, second baseman Ozzie Albies to shortstop Orlando Arcia to first baseman Matt Olson. Anthony Volpe out at 2nd. Aaron Judge out at 1st.",R,R,R,NYY,ATL,X,4.0,ground_ball,0,1,2024,-0.64,1.02,0.6,2.02,,,683011.0,1,9,Bot,139.48,141.89,,,,,8.718423375113334,-136.8604906713776,-6.599254747144141,-9.930960417994482,29.01171799273899,-18.105610381269308,4.04,1.82,71.0,80.3,5.0,93.8,2122.0,6.0,745729,669221,621566,645277,663586,606115,594807,672284,657656,54.46,0.239,0.23,0.0,1.0,0.0,0.0,2.0,78,2,4-Seam Fastball,1,8,1,8,8,1,1,8,Standard,Standard,213.0,-0.001,-0.273,74.4,8.0,0.259,0.273,88.0,-7,-7,0.001,0.001,28,32,28,32,1,3,2.0,1.0,5.0,1.0,1.55,0.64,0.64,40.4,3.2670813014857294,12.899254875292948,42.26733556147357,48.88726375965334,19.418992189103285
FF,2024-06-20,93.5,0.8,6.14,"Judge, Aaron",592450,608344,single,hit_into_play,,,,,8.0,Aaron Judge singles on a sharp line drive to left fielder Austin Hays. Anthony Volpe scores.,R,R,L,NYY,BAL,X,7.0,line_drive,3,2,2024,1.12,0.91,-0.24,2.39,683011.0,,,2,5,Bot,81.08,91.75,,,,,-5.188898181962178,-136.11385951403415,-5.9854147386584895,15.024781912383569,28.69131213419654,-19.707219847558093,4.06,1.83,290.0,114.2,15.0,94.2,,6.6,745734,668939,663624,676059,602104,683002,669720,656775,623993,53.94,0.5565,0.82125,0.9,1.0,1.0,0.0,6.0,55,7,4-Seam Fastball,4,11,4,11,11,5,5,11,Standard,Standard,,0.012,0.745,80.2,8.2,1.45375,-0.745,114.2,-7,-7,0.022,0.022,30,32,30,32,3,2,7.0,2.0,5.0,1.0,1.68,1.12,-1.12,42.0,9.74747811998283,-3.653967014687233,44.17964727165217,39.50066854973076,27.9560418895249
FF,2024-06-20,93.4,1.0,6.2,"Judge, Aaron",592450,608344,home_run,hit_into_play,,,,,5.0,Aaron Judge homers (27) on a line drive to right center field. Juan Soto scores.,R,R,L,NYY,BAL,X,,line_drive,1,2,2024,1.02,0.94,0.26,2.65,,,665742.0,2,3,Bot,186.82,59.53,,,,,-4.178293238944961,-135.89636393048434,-5.461754803220631,13.590256438311638,29.87524573121405,-19.52246225893898,4.06,1.83,395.0,110.6,24.0,93.6,,6.4,745734,668939,663624,676059,602104,683002,669720,656775,623993,54.05,0.9726428571428573,1.9340714285714284,2.0,1.0,0.0,3.0,6.0,35,4,4-Seam Fastball,1,8,1,8,8,3,3,8,Infield shade,Standard,,0.051,2.297,80.3,8.0,3.793428571428571,-2.297,110.6,-7,-7,0.034,0.034,30,32,30,32,2,1,7.0,2.0,5.0,1.0,1.67,1.02,-1.02,45.4,5.59923112111557,-1.738924525380976,40.89033606952443,44.677591200812785,23.4092917514914
FF,2024-06-18,94.5,-1.15,6.56,"Judge, Aaron",592450,544150,single,hit_into_play,,,,,6.0,Aaron Judge singles on a ground ball to right fielder Anthony Santander. Juan Soto to 2nd.,R,R,R,NYY,BAL,X,9.0,ground_ball,0,2,2024,-0.07,1.14,0.66,2.97,,,665742.0,1,1,Bot,164.97,117.33,,,,,4.913341112778343,-137.51876923769285,-6.286597567080834,-1.951259833846171,29.081808195889867,-16.48132885909356,4.06,1.83,55.0,110.2,0.0,95.2,2360.0,6.6,745733,543510,663624,622761,676059,683002,669720,681297,623993,53.89,0.503,0.452,0.9,1.0,1.0,0.0,4.0,8,4,4-Seam Fastball,0,0,0,0,0,0,0,0,Standard,Standard,204.0,0.046,0.497,72.4,7.0,0.53,-0.497,110.2,0,0,0.541,0.541,34,32,35,32,1,0,7.0,2.0,5.0,2.0,1.4,0.07,0.07,46.0,-6.994492457475658,20.123036179819433,37.42543099403751,49.776974157734145,9.5643851880779
FC,2024-06-16,86.8,-1.37,6.02,"Judge, Aaron",592450,676710,home_run,hit_into_play,,,,,5.0,Aaron Judge homers (26) on a fly ball to left center field.,R,R,R,BOS,NYY,X,,fly_ball,1,0,2024,0.19,0.43,-0.1,3.17,,,,2,1,Top,58.9,60.83,,,,,2.6518110490567652,-126.4701942588334,-1.5589667797346634,1.5793858130433298,23.997889585227995,-27.45582872703779,4.08,1.84,380.0,114.2,45.0,87.0,2488.0,6.2,746945,657136,642086,665839,646240,666152,680776,678882,608701,54.29,0.407,0.836,2.0,1.0,0.0,3.0,6.0,3,2,Cutter,0,0,0,0,1,0,1,0,Standard,Standard,160.0,-0.099,2.555,82.5,8.5,1.622,-2.555,114.2,0,0,0.537,0.4629999999999999,28,32,28,32,1,0,5.0,1.0,5.0,2.0,2.57,-0.19,-0.19,47.5,22.088959992795154,-16.760381616940144,40.01805356520222,38.08596577183291,38.08628401057502
SI,2024-06-15,89.1,-1.5,4.82,"Judge, Aaron",592450,681867,field_out,hit_into_play,,,,,7.0,"Aaron Judge grounds out, second baseman Jamie Westbrook to first baseman Bobby Dalbec.",R,R,R,BOS,NYY,X,4.0,ground_ball,1,0,2024,-1.36,-0.06,-0.61,2.52,,,,1,3,Top,120.67,128.18,,,,,5.099845712526061,-129.62434587535623,0.5127306021388442,-16.41804464998189,27.583252066491777,-33.130762897359695,4.08,1.84,8.0,95.1,-17.0,90.0,2087.0,6.9,746946,657136,666915,642197,646240,678882,641933,680776,608701,53.6,0.145,0.136,0.0,1.0,0.0,0.0,2.0,27,2,Sinker,5,2,2,5,2,5,2,5,Standard,Standard,253.0,0.017,-0.295,72.3,6.7,0.16,0.295,95.1,3,-3,0.814,0.186,27,32,28,32,2,1,8.0,1.0,27.0,1.0,2.93,1.36,1.36,12.1,-8.186793040933603,20.457844374396373,48.400061921074446,33.2853909931775,16.461991411200728
FC,2024-06-15,91.5,-0.74,5.94,"Judge, Aaron",592450,686580,single,hit_into_play,,,,,6.0,Aaron Judge singles on a fly ball to right fielder Rob Refsnyder.,R,R,R,BOS,NYY,X,9.0,fly_ball,0,0,2024,0.39,0.46,0.66,2.88,,,,2,7,Top,193.73,129.27,,,,,2.702542587353258,-133.41780577978955,-2.960378834029773,4.252605278590744,24.470144136819354,-26.289531139668753,4.08,1.84,229.0,74.6,41.0,93.0,2496.0,6.7,746946,657136,666915,642197,646240,678882,641933,680776,608701,53.76,0.153,0.15,0.9,1.0,1.0,0.0,3.0,60,1,Cutter,5,3,3,5,3,5,3,5,Infield shade,Standard,170.0,-0.019,0.333,76.2,8.4,0.184,-0.333,88.0,2,-2,0.873,0.127,26,32,27,32,2,3,3.0,1.0,3.0,1.0,2.22,-0.39,-0.39,52.7,17.09377232537648,-4.532370554794839,36.03556229584816,48.98806849639429,33.869625852918034
CH,2024-06-15,84.9,-1.56,4.75,"Judge, Aaron",592450,681867,force_out,hit_into_play,,,,,7.0,"Aaron Judge grounds into a force out, third baseman Rafael Devers to second baseman Jamie Westbrook. Juan Soto out at 2nd. Aaron Judge to 1st.",R,R,R,BOS,NYY,X,5.0,ground_ball,3,2,2024,-1.28,-0.31,-0.41,1.8,,,665742.0,1,1,Top,97.76,162.46,,,,,5.315546854808116,-123.49895815066382,0.1016050475810816,-14.12711700916635,25.23438202824127,-35.62394840210172,4.08,1.84,119.0,92.6,8.0,86.0,1654.0,7.0,746946,657136,666915,642197,646240,678882,641933,680776,608701,53.45,0.589,0.542,0.0,1.0,0.0,0.0,4.0,3,6,Changeup,0,0,0,0,0,0,0,0,Standard,Standard,265.0,0.034,-0.368,79.6,8.4,0.653,0.368,92.6,0,0,0.492,0.508,27,32,28,32,1,0,8.0,1.0,27.0,1.0,3.48,1.28,1.28,10.0,17.073124275593266,-9.040184508421994,50.02318106191072,35.71323436824448,36.551767589226856
FC,2024-06-15,92.1,-1.65,6.52,"Judge, Aaron",592450,445276,field_out,hit_into_play,,,,,8.0,Aaron Judge flies out to center fielder Ceddanne Rafaela.,R,R,R,BOS,NYY,X,8.0,fly_ball,1,1,2024,0.62,1.4,-0.15,2.03,,,,1,9,Top,103.57,56.36,,,,,2.46909690822656,-133.8901211105456,-8.610801689836148,6.801573645117821,31.598509867405113,-13.694696927386971,4.08,1.84,357.0,97.5,33.0,92.5,2676.0,6.8,746946,657136,666915,665839,646240,666152,680776,678882,608701,53.69,0.307125,0.585875,0.0,1.0,0.0,0.0,5.0,79,3,Cutter,8,4,4,8,4,8,4,8,Standard,Standard,170.0,0.005,-0.243,79.6,8.5,1.1555,0.243,97.5,4,-4,0.994,0.006,36,32,37,32,1,4,3.0,1.0,2.0,1.0,1.32,-0.62,-0.62,66.8,15.98808098470083,-10.657456776026727,47.20394889262863,38.484598938580845,36.72009527646311
ST,2024-06-14,81.8,-2.1,5.64,"Judge, Aaron",592450,502624,double,hit_into_play,,,,,4.0,Aaron Judge doubles (22) on a fly ball to left fielder Jarren Duran. Juan Soto scores.,R,R,R,BOS,NYY,X,7.0,fly_ball,0,1,2024,0.93,-0.04,-0.83,3.34,,,665742.0,2,9,Top,91.18,68.44,,,,,1.063054304496442,-119.2476385387415,1.357756767501723,8.757572003528084,21.58076858703921,-32.98237239580906,4.06,1.82,351.0,93.3,37.0,81.4,2492.0,5.8,746947,657136,666915,642197,646240,666152,680776,678882,641933,54.7,0.045,0.068,1.25,1.0,1.0,1.0,3.0,74,2,Sweeper,1,6,6,1,7,1,7,1,Standard,Standard,53.0,-0.004,0.912,76.5,7.8,0.124,-0.912,93.3,-5,5,0.007,0.993,36,32,37,32,1,4,3.0,1.0,10.0,1.0,3.42,-0.93,-0.93,40.8,15.38808770456263,-10.56580876180916,36.45478987346388,32.05929874161218,31.16139239590683
FC,2024-06-14,91.3,-3.23,5.45,"Judge, Aaron",592450,677161,field_out,hit_into_play,,,,,4.0,Aaron Judge flies out sharply to center fielder Ceddanne Rafaela.,R,R,R,BOS,NYY,X,8.0,fly_ball,0,0,2024,-0.06,0.51,-0.35,3.05,,,,1,7,Top,127.35,81.29,,,,,7.456573846352108,-132.86373044641638,-1.3112022409084187,-2.2125167464301265,26.198975242822275,-25.998287933633055,4.06,1.82,293.0,105.4,52.0,92.5,2525.0,6.9,746947,657136,642086,665839,646240,666152,680776,678882,641933,53.65,0.018,0.032,0.0,1.0,0.0,0.0,3.0,58,1,Cutter,1,5,5,1,5,1,5,1,Standard,Standard,195.0,0.004,-0.256,80.8,8.3,0.06,0.256,105.4,-4,4,0.064,0.936,29,32,29,32,1,3,2.0,1.0,2.0,1.0,2.2,0.06,0.06,35.3,19.535203289936373,-7.9139033244588,38.52393005075995,37.20365484602737,34.28691761341052
CH,2024-06-12,84.6,1.33,5.87,"Judge, Aaron",592450,663738,field_out,hit_into_play,,,,,9.0,Aaron Judge lines out to shortstop Bobby Witt Jr.,R,R,L,KC,NYY,X,6.0,line_drive,1,2,2024,1.26,0.07,0.41,2.17,,,665742.0,0,7,Top,100.18,140.99,,,,,-4.686981736615608,-123.11182848311154,-2.4230738545978427,13.756332596682483,24.30205943397882,-31.215005971693575,4.04,1.81,163.0,99.1,11.0,85.0,2149.0,6.5,746294,521692,686469,679845,672580,677951,641658,664728,676369,53.96,0.871,0.82,0.0,1.0,0.0,0.0,4.0,54,4,Changeup,2,8,8,2,8,2,8,2,Standard,Standard,55.0,0.002,-0.189,75.7,8.6,1.026,0.189,99.1,-6,6,0.015,0.985,27,32,28,32,3,3,5.0,1.0,75.0,1.0,3.12,1.26,-1.26,33.2,18.007618879142644,-0.6362599805596346,41.44513172641389,47.40330173157869,30.6736990183258
FF,2024-06-12,92.4,1.15,6.01,"Judge, Aaron",592450,663738,field_out,hit_into_play,,,,,9.0,"Aaron Judge grounds out softly, pitcher Daniel Lynch IV to first baseman Vinnie Pasquantino. Juan Soto to 2nd.",R,R,L,KC,NYY,X,1.0,ground_ball,1,1,2024,0.68,1.06,0.67,2.44,,,665742.0,0,5,Top,127.97,188.1,,,,,-2.7208457044901304,-134.55224573691265,-5.663022832313308,8.841412030008524,26.933049917887747,-18.330545051100092,4.04,1.81,1.0,57.1,-72.0,93.5,2396.0,6.7,746294,521692,686469,679845,672580,677951,641658,664728,676369,53.79,0.163,0.256,0.0,1.0,0.0,0.0,1.0,35,3,4-Seam Fastball,0,6,6,0,6,0,6,0,Standard,Standard,131.0,0.002,-0.345,72.9,9.0,0.163,0.345,88.0,-6,6,0.033,0.967,27,32,28,32,2,2,5.0,1.0,75.0,1.0,1.59,0.68,-0.68,37.1,28.28695310922485,-6.036962024643112,36.613411578782774,50.32110440192652,33.36584594103625
SI,2024-06-12,97.5,2.72,5.33,"Judge, Aaron",592450,672582,field_out,hit_into_play,,,,,8.0,"Aaron Judge grounds out, second baseman Nick Loftin to first baseman Vinnie Pasquantino.",R,R,L,KC,NYY,X,4.0,ground_ball,1,1,2024,1.46,0.17,-0.2,2.21,,,665742.0,2,8,Top,150.24,153.61,,,,,-11.131945914351896,-141.72166462963145,-3.301443519382383,22.08395710546674,28.74226850941424,-29.29920016899867,4.04,1.81,7.0,110.4,-17.0,97.4,1862.0,6.1,746294,521692,686469,679845,672580,677951,641658,664728,676369,54.44,0.189,0.24,0.0,1.0,0.0,0.0,2.0,71,3,Sinker,5,11,11,5,11,5,11,5,Standard,Standard,67.0,0.0,-0.256,74.7,7.2,0.189,0.256,110.4,-6,6,0.01,0.99,24,32,25,32,1,4,3.0,1.0,1.0,1.0,2.21,1.46,-1.46,29.6,-8.902543825263761,15.688611175751925,47.05152652202755,40.26581187374668,10.086157764472343
FF,2024-06-12,93.4,1.13,6.08,"Judge, Aaron",592450,663738,field_out,hit_into_play,,,,,4.0,"Aaron Judge grounds out, shortstop Bobby Witt Jr. to first baseman Vinnie Pasquantino. Anthony Volpe to 3rd.",R,R,L,KC,NYY,X,6.0,ground_ball,1,0,2024,0.78,1.12,-0.33,2.93,,683011.0,,1,2,Top,94.4,141.09,,,,,-5.546394611494994,-135.90172568241923,-4.881083766783967,10.864668385115351,29.225670294091387,-17.36729585323121,4.04,1.81,13.0,99.4,-12.0,94.6,2288.0,6.9,746294,521692,686469,679845,672580,677951,641658,664728,676369,53.56,0.253,0.243,0.0,1.0,0.0,0.0,2.0,15,2,4-Seam Fastball,0,6,6,0,6,0,6,0,Standard,Standard,135.0,0.007,-0.286,73.2,7.4,0.286,0.286,99.4,-6,6,0.068,0.932,27,32,28,32,1,1,5.0,1.0,75.0,1.0,1.49,0.78,-0.78,39.1,7.732505738674567,2.173982183279921,41.25013867316376,37.639948697809494,25.22873384809833
FF,2024-06-12,97.4,-2.18,5.09,"Judge, Aaron",592450,656186,single,hit_into_play,,,,,4.0,Aaron Judge singles on a line drive to right fielder Nelson Velázquez. Anthony Volpe to 3rd. Juan Soto to 2nd.,R,R,R,KC,NYY,X,9.0,line_drive,0,1,2024,-0.9,1.17,-0.6,3.28,,683011.0,665742.0,0,1,Top,180.48,107.93,,,,,6.270203068153793,-141.86232498700184,-2.0884227294643023,-13.562933844242918,28.975719618744716,-15.959823351429613,4.04,1.81,235.0,79.8,22.0,97.3,2463.0,5.9,746294,521692,686469,679845,672580,677951,641658,664728,676369,54.55,0.742,0.718,0.9,1.0,1.0,0.0,4.0,3,2,4-Seam Fastball,0,0,0,0,0,0,0,0,Standard,Standard,226.0,-0.077,0.513,70.5,6.9,0.882,-0.513,88.0,0,0,0.417,0.583,31,32,32,32,1,0,2.0,1.0,4.0,1.0,1.2,0.9,0.9,26.6,-2.0863934441063834,8.246210838859737,40.89232966260038,34.22983663389533,15.368494428323691
SL,2024-06-11,81.3,-1.5,5.1,"Judge, Aaron",592450,663903,field_out,hit_into_play,,,,,6.0,Aaron Judge flies out to right fielder Drew Waters.,R,R,R,KC,NYY,X,9.0,fly_ball,2,1,2024,0.62,0.2,0.66,3.03,,,,1,5,Top,205.48,104.71,,,,,3.710438187089531,-118.49581618753577,1.5622849762772095,5.251744414143894,20.64474611042255,-30.78333652004486,3.99,1.79,304.0,93.6,45.0,82.7,2256.0,6.9,746296,521692,686469,679845,672580,677951,669004,664728,671221,53.58,0.013,0.024,0.0,1.0,0.0,0.0,3.0,36,4,Slider,0,6,6,0,6,0,6,0,Standard,Standard,101.0,0.002,-0.302,79.1,8.0,0.04,0.302,93.6,-6,6,0.041,0.959,27,32,28,32,3,2,5.0,2.0,5.0,1.0,3.22,-0.62,-0.62,23.0,13.415203445719206,-0.7486650087620272,39.3048217720455,51.00676912625526,27.27921932296152
SL,2024-06-11,83.4,-1.5,5.24,"Judge, Aaron",592450,663903,field_out,hit_into_play,,,,,8.0,Aaron Judge lines out to third baseman Maikel Garcia.,R,R,R,KC,NYY,X,5.0,line_drive,2,0,2024,0.39,0.07,-0.04,2.29,,,,2,3,Top,84.12,150.34,,,,,2.632842486782544,-121.56093048128558,-0.5024515852021801,3.3899287376135927,23.469066472803817,-31.605604855979028,3.99,1.79,162.0,99.4,11.0,84.7,2477.0,7.0,746296,521692,686469,679845,672580,677951,669004,664728,671221,53.46,0.871,0.82,0.0,1.0,0.0,0.0,4.0,20,3,Slider,0,2,2,0,2,0,2,0,Standard,Standard,87.0,0.012,-0.363,79.3,8.8,1.026,0.363,99.4,-2,2,0.316,0.6839999999999999,27,32,28,32,2,1,5.0,2.0,5.0,1.0,3.19,-0.39,-0.39,32.7,22.48177285607835,-9.667004901448449,42.380359265486575,41.717872265754735,36.85442351534715
CU,2024-06-11,82.6,-0.94,6.32,"Judge, Aaron",592450,623433,home_run,hit_into_play,,,,,5.0,Aaron Judge homers (25) on a fly ball to center field. Juan Soto scores.,R,R,R,KC,NYY,X,,fly_ball,0,0,2024,0.13,-0.38,-0.1,2.81,,,665742.0,0,7,Top,100.33,24.24,,,,,1.6481405907728446,-120.35259217186857,-0.7306141370518158,0.879961067691506,24.50671417596183,-35.926001394071164,3.99,1.79,436.0,112.1,36.0,82.1,2026.0,6.0,746296,521692,686469,679845,672580,677951,669004,664728,671221,54.48,0.8905000000000001,2.0,2.0,1.0,0.0,3.0,6.0,55,1,Curveball,0,7,7,0,9,0,9,0,Standard,Standard,63.0,-0.005,1.056,78.2,8.2,3.567,-1.056,112.1,-7,7,0.007,0.993,33,32,34,32,1,3,2.0,2.0,4.0,1.0,3.72,-0.13,-0.13,47.5,14.489516972271108,-3.240758394930243,38.96114141489441,39.74527806511122,31.738269793627772
SI,2024-06-11,92.9,-1.33,5.13,"Judge, Aaron",592450,663903,single,hit_into_play,,,,,4.0,Aaron Judge singles on a fly ball to right fielder Drew Waters. Anthony Volpe scores. Juan Soto to 2nd.,R,R,R,KC,NYY,X,9.0,fly_ball,2,1,2024,-1.23,0.84,-0.56,2.52,683011.0,,665742.0,0,1,Top,178.39,119.19,,,,,4.736125572192808,-135.2758984957667,-2.8024994999968245,-16.083223055496394,27.975424750815232,-21.468941558073737,3.99,1.79,225.0,70.6,32.0,94.5,2263.0,7.0,746296,521692,686469,679845,672580,677951,669004,664728,671221,53.46,0.682,0.642,0.9,1.0,1.0,0.0,4.0,3,4,Sinker,0,0,0,0,1,0,1,0,Standard,Standard,216.0,-0.055,0.429,75.5,7.7,0.751,-0.429,88.0,0,0,0.379,0.621,27,32,28,32,1,0,5.0,2.0,5.0,1.0,1.79,1.23,1.23,25.5,1.7123833751976325,4.9632032195306115,47.75315586395397,35.72851735930075,19.20239487725966
SL,2024-06-09,89.8,-1.88,5.98,"Judge, Aaron",592450,607192,single,hit_into_play,,,,,8.0,"Aaron Judge singles on a sharp ground ball to shortstop Mookie Betts, deflected by third baseman Enrique Hernández. Alex Verdugo to 2nd.",R,R,R,NYY,LAD,X,5.0,ground_ball,3,2,2024,0.22,-0.12,-0.18,1.7,,,657077.0,0,6,Bot,92.6,156.6,,,,,3.8037012339602714,-130.72051103689873,-4.459119289228232,1.778044974149426,26.15369133787989,-32.86293718326051,4.0,1.81,49.0,104.0,0.0,91.6,2688.0,7.2,745736,669257,518692,666158,571771,605141,606192,681624,518792,53.27,0.489,0.45,0.9,1.0,1.0,0.0,4.0,46,6,Slider,2,3,2,3,3,2,2,3,Standard,Standard,54.0,0.077,0.345,74.6,8.8,0.535,-0.345,104.0,-1,-1,0.474,0.474,30,32,31,32,3,2,5.0,1.0,7.0,2.0,2.93,-0.22,-0.22,54.6,14.01946376440115,-7.854551464717232,43.912260420779305,40.54766461592824,31.57658600686019
FF,2024-06-09,97.3,-1.45,6.2,"Judge, Aaron",592450,607192,double,hit_into_play,,,,,4.0,Aaron Judge doubles (21) on a sharp fly ball to center fielder Andy Pages. Alex Verdugo scores.,R,R,R,NYY,LAD,X,8.0,fly_ball,1,1,2024,0.13,1.45,-0.63,2.94,,657077.0,,2,3,Bot,158.14,44.92,,,,,1.935556886595657,-141.6798215064443,-6.734193599116699,1.3627413417311802,30.924795974324176,-11.340068437324629,4.0,1.81,389.0,104.2,30.0,100.2,2556.0,7.8,745736,669257,518692,666158,571771,605141,606192,681624,518792,52.73,0.7102962962962963,1.413333333333333,1.25,1.0,1.0,1.0,6.0,23,3,4-Seam Fastball,1,0,1,0,0,2,2,0,Standard,Standard,191.0,0.101,0.929,72.2,7.5,2.781148148148149,-0.929,104.2,1,1,0.653,0.653,30,32,31,32,2,1,5.0,1.0,7.0,2.0,0.95,-0.13,-0.13,61.8,7.596570171280044,-2.1425848452077725,40.6178040709045,34.53390578160374,25.181136354456147
ST,2024-06-09,79.8,-3.22,5.18,"Judge, Aaron",592450,670990,home_run,hit_into_play,,,,,4.0,Aaron Judge homers (24) on a fly ball to left field.,R,R,R,NYY,LAD,X,,fly_ball,3,2,2024,1.79,0.07,-0.61,2.81,,,,0,8,Bot,13.03,62.88,,,,,2.3932850269177677,-116.21173069288363,1.4440043833237894,15.704023436581757,23.139038277031624,-32.01499552833475,4.0,1.81,434.0,107.6,36.0,81.2,2509.0,7.3,745736,669257,518692,666158,571771,605141,606192,681624,518792,53.18,0.8542500000000001,2.0,2.0,1.0,0.0,3.0,6.0,63,6,Sweeper,5,4,5,4,4,6,6,4,Standard,Standard,66.0,0.068,1.035,,,3.4117499999999996,-1.035,107.6,1,1,0.87,0.87,29,32,29,32,1,3,2.0,1.0,3.0,2.0,3.52,-1.79,-1.79,31.5,,,,,
FF,2024-06-08,97.4,-1.87,5.64,"Judge, Aaron",592450,694813,home_run,hit_into_play,,,,,5.0,"Umpire reviewed (home run), call on the field was upheld: Aaron Judge homers (22) on a line drive to left center field.",R,R,R,NYY,LAD,X,,line_drive,1,2,2024,-0.99,1.41,0.19,3.01,,,,1,3,Bot,56.97,58.7,,,,,7.875739379994676,-141.53750968701442,-4.768915161893966,-15.162853856754577,35.563495920234594,-12.301441992696994,4.03,1.82,386.0,108.1,19.0,97.8,2308.0,6.8,745735,669257,518692,500743,571771,605141,621035,681624,606192,53.67,0.6496896551724137,1.0837586206896554,2.0,1.0,0.0,3.0,6.0,24,4,4-Seam Fastball,1,2,1,2,2,2,2,2,Standard,Standard,221.0,0.126,1.657,78.5,8.6,2.010206896551725,-1.657,108.1,-1,-1,0.404,0.404,25,32,26,32,2,1,6.0,1.0,6.0,1.0,1.01,0.99,0.99,49.3,16.2194908988612,-3.2923014228637366,34.00406175906051,45.76205514996836,28.06449302854762
SI,2024-06-08,87.0,3.14,5.1,"Judge, Aaron",592450,642232,home_run,hit_into_play,,,,,4.0,Aaron Judge homers (23) on a fly ball to right center field.,R,R,L,NYY,LAD,X,,fly_ball,0,0,2024,1.45,0.39,-0.52,2.94,,,,2,9,Bot,177.57,54.67,,,,,-11.733078403776933,-126.13635623029364,0.2514617540849015,17.901657783850514,25.841176726524576,-28.26841343269136,4.03,1.82,379.0,105.2,35.0,86.7,1926.0,6.3,745735,669257,518692,500743,571771,605141,621035,681624,606192,54.17,0.638875,1.2872083333333335,2.0,1.0,0.0,3.0,6.0,82,1,Sinker,2,11,2,11,11,3,3,11,Infield shade,Standard,110.0,0.0,2.594,74.7,7.4,2.534875000000001,-2.594,105.2,-9,-9,0.001,0.001,32,32,33,32,1,4,3.0,1.0,5.0,1.0,2.64,1.45,-1.45,14.4,10.166113558727467,3.529376510720775,40.93094691823555,36.48752680049504,25.297181383513315
FF,2024-06-08,97.2,-1.7,5.69,"Judge, Aaron",592450,694813,field_out,hit_into_play,,,,,8.0,Aaron Judge flies out sharply to center fielder Andy Pages. Anthony Volpe to 3rd.,R,R,R,NYY,LAD,X,8.0,fly_ball,2,2,2024,-0.77,1.44,-0.08,2.34,,683011.0,657077.0,0,1,Bot,157.04,74.39,,,,,6.177678492876928,-141.25538775459174,-6.755978207268785,-11.790619252419694,33.33239023253108,-11.525735916564402,4.03,1.82,318.0,102.8,51.0,97.6,2220.0,6.7,745735,669257,518692,500743,571771,605141,621035,681624,606192,53.82,0.013,0.022,0.0,1.0,0.0,0.0,3.0,6,5,4-Seam Fastball,0,0,0,0,0,0,0,0,Standard,Standard,216.0,-0.018,-0.195,80.8,8.7,0.042,0.195,102.8,0,0,0.631,0.631,25,32,26,32,1,0,6.0,1.0,6.0,1.0,0.99,0.77,0.77,48.2,22.583031946220476,-9.064710906184766,42.95194018998004,40.15243747131562,35.59094521417263
SL,2024-06-07,87.3,-1.22,5.55,"Judge, Aaron",592450,808967,field_out,hit_into_play,,,,,9.0,"Aaron Judge grounds out, shortstop Mookie Betts to first baseman Freddie Freeman.",R,R,R,NYY,LAD,X,6.0,ground_ball,3,2,2024,0.84,0.11,0.4,2.36,,,,2,3,Bot,110.15,170.23,,,,,2.172795855590981,-127.18011996189624,-1.804918665675869,8.813965744799967,23.943740032718203,-30.878983340352253,4.03,1.82,8.0,66.9,-17.0,88.0,2678.0,6.5,745737,669257,518692,666158,571771,605141,606192,681624,518792,54.03,0.042,0.075,0.0,1.0,0.0,0.0,2.0,23,6,Slider,0,0,0,0,0,0,0,0,Standard,Standard,67.0,-0.014,-0.325,70.8,9.1,0.042,0.325,88.0,0,0,0.514,0.514,25,32,26,32,2,1,6.0,1.0,8.0,1.0,2.86,-0.84,-0.84,46.7,25.772582793002787,-20.95082649714027,37.122218998811775,48.21574936513555,43.416831274162746
FS,2024-06-07,92.0,-1.29,5.44,"Judge, Aaron",592450,808967,double,hit_into_play,,,,,7.0,Aaron Judge doubles (20) on a line drive to left fielder Teoscar Hernández.,R,R,R,NYY,LAD,X,7.0,line_drive,2,2,2024,-0.71,0.21,-0.31,2.34,,,,2,1,Bot,32.77,111.92,,,,,4.040592146419489,-133.97451907326675,-2.545848171035036,-9.388176029349111,27.213921486025605,-29.28574647177281,4.03,1.82,263.0,84.0,22.0,92.9,1291.0,6.7,745737,669257,518692,666158,571771,605141,606192,681624,518792,53.85,0.463,0.45,1.25,1.0,1.0,1.0,3.0,7,5,Split-Finger,0,0,0,0,0,0,0,0,Standard,Standard,245.0,0.024,0.651,76.1,9.0,0.577,-0.651,88.0,0,0,0.509,0.509,25,32,26,32,1,0,6.0,1.0,8.0,1.0,2.46,0.71,0.71,40.7,26.01149427204609,-25.358142663451797,41.62322247576152,37.83728052013938,43.765226500675475
ST,2024-06-07,82.1,-3.11,5.16,"Judge, Aaron",592450,670990,single,hit_into_play,,,,,5.0,Aaron Judge singles on a sharp line drive to left fielder Teoscar Hernández. Anthony Volpe scores.,R,R,R,NYY,LAD,X,7.0,line_drive,1,0,2024,1.66,0.57,-0.26,2.71,,683011.0,,1,11,Bot,56.75,108.17,,,,,3.3040985446594036,-119.57083671486248,-0.0559857911623208,15.12148477949429,25.067255404257704,-26.917956733345154,4.03,1.82,202.0,107.2,13.0,83.3,2538.0,7.2,745737,669257,518692,666158,571771,605141,606192,681624,518792,53.28,0.868,0.899,0.9,1.0,1.0,0.0,5.0,83,2,Sweeper,0,2,0,2,2,1,1,2,Standard,Standard,73.0,0.081,0.529,72.4,8.2,1.216,-0.529,107.2,-2,-2,0.133,0.133,29,32,29,32,1,4,2.0,1.0,2.0,1.0,2.83,-1.66,-1.66,25.0,16.358422919997537,-10.31253620256834,38.48690438117086,40.394853712144574,32.86985082645434
ST,2024-06-06,85.7,-1.64,5.68,"Judge, Aaron",592450,641154,field_out,hit_into_play,,,,,14.0,Aaron Judge flies out to center fielder Willi Castro.,R,R,R,NYY,MIN,X,8.0,fly_ball,1,2,2024,0.96,-0.02,1.07,2.85,,,665742.0,1,1,Bot,142.7,70.92,,,,,4.548156412611641,-124.69572400453896,-0.3468953604795889,9.0876319614527,25.82003741969777,-32.50659772748829,4.07,1.84,321.0,90.2,39.0,87.3,2513.0,7.4,745738,543877,467793,571657,669304,621043,663616,650489,596146,53.13,0.008,0.009,0.0,1.0,0.0,0.0,3.0,7,4,Sweeper,0,1,0,1,1,0,0,1,Standard,Standard,48.0,-0.023,-0.186,73.7,8.3,0.017,0.186,90.2,-1,-1,0.443,0.443,28,32,28,32,1,0,6.0,1.0,6.0,1.0,3.13,-0.96,-0.96,42.5,18.605612979269704,0.7786563990102402,29.803169419362614,55.54051352499036,30.372098573920457
SI,2024-06-06,98.1,-0.98,6.21,"Judge, Aaron",592450,622251,field_out,hit_into_play,,,,,9.0,"Aaron Judge grounds out, second baseman Kyle Farmer to first baseman Carlos Santana. Alex Verdugo to 2nd.",R,R,R,NYY,MIN,X,4.0,ground_ball,1,2,2024,-0.79,1.41,0.52,2.08,,,657077.0,1,8,Bot,122.84,141.74,,,,,5.951413946393017,-142.5702628767772,-9.02673575061856,-12.105503161003195,33.73312090473566,-11.013476456846265,4.07,1.84,9.0,100.4,-12.0,99.1,2288.0,7.0,745738,543877,467793,571657,669304,621043,622534,650489,596146,53.51,0.242,0.238,0.0,1.0,0.0,0.0,2.0,78,4,Sinker,8,5,8,5,5,8,8,5,Standard,Standard,196.0,-0.001,-0.244,79.1,7.9,0.276,0.244,100.4,3,3,0.972,0.972,30,32,31,32,1,4,1.0,1.0,3.0,1.0,0.97,0.79,0.79,61.8,1.9079723300960152,15.87087931349114,41.1589094462269,49.31369489690567,19.94616853230576
FF,2024-06-05,96.7,-2.3,6.31,"Judge, Aaron",592450,663978,field_out,hit_into_play,,,,,1.0,"Aaron Judge grounds out, second baseman Kyle Farmer to first baseman Carlos Santana. Anthony Volpe scores. Juan Soto to 2nd.",R,R,R,NYY,MIN,X,4.0,ground_ball,1,2,2024,-0.89,1.57,-0.4,3.85,683011.0,,665742.0,0,1,Bot,147.21,147.83,,,,,7.1640351770367365,-140.53590405550082,-4.541928893982201,-13.533110532360087,36.75672472052414,-10.651157392722949,4.08,1.82,30.0,79.2,-5.0,96.9,2278.0,6.8,745740,680777,467793,571657,668904,621043,650489,621439,622534,53.67,0.097,0.09,0.0,1.0,0.0,0.0,2.0,6,4,4-Seam Fastball,0,0,0,0,0,1,1,0,Infield shade,Standard,217.0,0.011,-0.174,61.9,6.1,0.104,0.174,88.0,0,0,0.651,0.651,28,32,28,32,1,0,6.0,1.0,5.0,1.0,0.91,0.89,0.89,48.8,6.584351601166415,21.89214084892013,30.42485443651593,35.56433287349538,12.52064037842879
SI,2024-06-05,96.5,-1.48,6.0,"Judge, Aaron",592450,650895,triple,hit_into_play,,,,,4.0,Aaron Judge triples (1) on a ground ball to left fielder Willi Castro. DJ LeMahieu scores. Anthony Volpe scores. Juan Soto scores.,R,R,R,NYY,MIN,X,7.0,ground_ball,1,1,2024,-1.34,0.77,-0.46,2.78,518934.0,683011.0,665742.0,0,5,Bot,44.18,110.87,,,,,5.6906910195531175,-140.32579400670966,-4.6400104088678615,-19.052573639966305,35.3312083936502,-21.186491596797453,4.08,1.82,88.0,109.2,4.0,94.9,2221.0,5.6,745740,680777,467793,571657,668904,621043,650489,621439,622534,54.86,0.632,0.588,1.6,1.0,1.0,2.0,4.0,36,3,Sinker,4,0,4,0,0,7,7,0,Infield shade,Standard,227.0,0.026,0.824,81.7,8.5,0.716,-0.824,109.2,4,4,0.966,0.966,30,32,30,32,1,2,4.0,1.0,3.0,1.0,1.71,1.34,1.34,34.3,14.985524281785564,-14.051807556704356,39.69840922050454,36.68472194346526,32.01664638080349
FF,2024-06-04,92.3,-1.4,6.03,"Judge, Aaron",592450,641927,double,hit_into_play,,,,,3.0,Aaron Judge doubles (19) on a fly ball to right fielder Max Kepler. DJ LeMahieu scores. Anthony Volpe scores.,R,R,R,NYY,MIN,X,9.0,fly_ball,2,2,2024,-0.6,1.41,0.48,3.75,,518934.0,683011.0,1,3,Bot,200.73,133.73,,,,,6.219887566155254,-134.31464487937123,-3.0738359947249263,-8.604278905896047,30.320367986605262,-14.722969625864238,4.07,1.8,199.0,73.1,27.0,94.0,2320.0,7.4,745739,543877,669304,650489,668904,621043,666135,621439,596146,53.13,0.816,0.781,1.25,1.0,1.0,1.0,4.0,23,5,4-Seam Fastball,1,0,1,0,0,3,3,0,Standard,Standard,207.0,0.15,0.838,76.3,8.1,0.928,-0.838,88.0,1,1,0.7,0.7,28,32,29,32,2,1,6.0,2.0,5.0,1.0,1.28,0.6,0.6,35.9,16.278757918945082,-18.76054300530748,30.176070397993225,48.20017475304089,36.10061366194509
FF,2024-06-04,93.6,-1.35,6.08,"Judge, Aaron",592450,641927,field_out,hit_into_play,,,,,6.0,Aaron Judge pops out to first baseman Jose Miranda.,R,R,R,NYY,MIN,X,3.0,popup,3,2,2024,-0.52,1.5,0.51,3.1,,,665742.0,1,1,Bot,148.22,175.31,,,,,6.086972264066947,-136.0999742909301,-5.349920891499654,-7.836979338682136,29.72524329060227,-12.53688058070015,4.07,1.8,89.0,91.5,72.0,95.6,2293.0,7.5,745739,543877,669304,650489,668904,621043,666135,621439,596146,53.0,0.005,0.005,0.0,1.0,0.0,0.0,3.0,6,6,4-Seam Fastball,0,0,0,0,0,0,0,0,Standard,Standard,207.0,-0.034,-0.31,79.5,8.6,0.006,0.31,91.5,0,0,0.556,0.556,28,32,29,32,1,0,6.0,2.0,5.0,1.0,1.1,0.52,0.52,35.6,18.633040726119496,-14.496043921791884,33.5537832398342,48.69022229463391,33.47941166731243
FF,2024-06-04,94.8,0.34,6.21,"Judge, Aaron",592450,573204,single,hit_into_play,,,,,5.0,Aaron Judge singles on a sharp line drive to center fielder Byron Buxton.,R,R,L,NYY,MIN,X,8.0,line_drive,1,1,2024,0.03,1.44,0.25,3.27,,,,1,8,Bot,104.76,72.2,,,,,-0.3053584665594078,-137.98710974649822,-5.227281250893859,0.4548858659695428,31.32837404727145,-12.819116402026124,4.07,1.8,283.0,102.7,18.0,94.8,2117.0,6.3,745739,543877,669304,650489,668904,621043,666135,621439,596146,54.15,0.474,0.579,0.9,1.0,1.0,0.0,5.0,58,3,4-Seam Fastball,3,1,3,1,1,3,3,1,Standard,Standard,163.0,0.007,0.434,86.4,7.9,0.903,-0.434,102.7,2,2,0.932,0.932,37,32,37,32,1,3,2.0,2.0,2.0,1.0,1.1,0.03,-0.03,53.3,12.50034404319249,13.087832931399882,31.609227462345604,45.89299582354394,21.19180878097041
FF,2024-06-02,96.6,1.92,6.89,"Judge, Aaron",592450,605483,single,hit_into_play,,,,,4.0,Aaron Judge singles on a ground ball to right fielder Luis Matos.,R,R,L,SF,NYY,X,9.0,ground_ball,0,0,2024,0.59,1.32,-0.64,3.01,,,,1,1,Top,152.52,111.53,,,,,-8.186809205504842,-140.35347312522157,-7.8431785064035635,9.555577700274116,29.25661460176077,-13.16752175040478,4.07,1.79,141.0,83.7,10.0,97.5,2505.0,6.7,745330,592200,527038,689172,656305,669477,671218,666149,682641,53.82,0.487,0.438,0.9,1.0,1.0,0.0,4.0,3,1,4-Seam Fastball,0,1,1,0,1,0,1,0,Strategic,Standard,160.0,-0.022,0.422,72.9,7.1,0.493,-0.422,88.0,-1,1,0.424,0.5760000000000001,31,32,32,32,1,0,6.0,1.0,37.0,2.0,1.12,0.59,-0.59,57.8,2.0668909271052818,16.150590669081538,41.02888250177665,32.1010850692317,14.840585196570595
SI,2024-06-02,96.4,-3.2,5.33,"Judge, Aaron",592450,676254,single,hit_into_play,,,,,4.0,Aaron Judge singles on a sharp line drive to left fielder Heliot Ramos.,R,R,R,SF,NYY,X,7.0,line_drive,0,0,2024,-1.43,0.09,-0.35,2.53,,,,2,7,Top,53.3,86.98,,,,,10.829880182541077,-140.00561111898372,-2.0466468736089833,-21.22156478823897,31.9998934772384,-30.69620302762231,4.07,1.79,247.0,116.1,11.0,96.5,2272.0,6.5,745330,592200,527038,689172,656305,669477,671218,666149,682641,54.03,0.837,0.906,0.9,1.0,1.0,0.0,6.0,59,1,Sinker,5,3,3,5,3,5,3,5,Strategic,Standard,236.0,-0.019,0.333,82.4,8.3,1.266,-0.333,116.1,2,-2,0.873,0.127,28,32,29,32,1,3,1.0,1.0,3.0,2.0,2.37,1.43,1.43,17.9,12.761771701249923,-6.402685347293905,41.85908458688165,37.220270512963936,30.551848452158502
CH,2024-06-01,87.3,-1.55,4.91,"Judge, Aaron",592450,657277,home_run,hit_into_play,,,,,8.0,Aaron Judge homers (21) on a fly ball to left center field. Juan Soto scores.,R,R,R,SF,NYY,X,,fly_ball,3,2,2024,-0.83,-0.49,-0.2,2.15,,,665742.0,1,1,Top,68.88,39.04,,,,,5.050213318760419,-127.12523994657164,0.5402952975591264,-10.042456467471093,25.813781953609553,-37.861718601420286,4.07,1.8,464.0,115.7,25.0,88.9,1523.0,7.2,745332,672275,527038,689172,656305,669477,671218,682641,573262,53.3,0.998,2.0,2.0,1.0,0.0,3.0,6.0,3,9,Changeup,0,0,0,0,2,0,2,0,Standard,Standard,272.0,-0.161,1.381,82.9,8.6,3.93,-1.381,115.7,0,0,0.492,0.508,27,32,28,32,1,0,6.0,1.0,6.0,1.0,3.48,0.83,0.83,19.8,15.632110153050853,-9.503273242177537,42.82460068058888,39.67834498615453,34.5119189934697
SI,2024-06-01,96.3,-3.17,5.29,"Judge, Aaron",592450,676254,single,hit_into_play,,,,,14.0,Aaron Judge singles on a ground ball to second baseman Brett Wisely.,R,R,R,SF,NYY,X,4.0,ground_ball,0,2,2024,-1.41,0.28,0.87,2.49,,,,2,8,Top,120.88,160.18,,,,,13.838901731346178,-139.59866517726803,-2.4844548190366136,-21.36290825630231,28.605573168311818,-28.159713982585775,4.07,1.8,39.0,77.6,0.0,96.1,2505.0,6.2,745332,672275,527038,689172,656305,669477,671218,682641,573262,54.31,0.139,0.134,0.9,1.0,1.0,0.0,2.0,57,3,Sinker,3,4,4,3,4,3,4,3,Strategic,Standard,231.0,-0.017,0.431,83.5,8.6,0.156,-0.431,88.0,-1,1,0.3,0.7,28,32,29,32,1,3,5.0,1.0,1.0,1.0,2.18,1.41,1.41,14.2,-2.2418959792159168,-32.275194151918306,54.04552685219786,51.91368727122636,26.72790579066761
SI,2024-05-31,91.9,-1.79,5.68,"Judge, Aaron",592450,663855,home_run,hit_into_play,,,,,4.0,Aaron Judge homers (20) on a fly ball to center field.,R,R,R,SF,NYY,X,,fly_ball,3,1,2024,-1.16,0.43,-0.49,2.62,,,,0,6,Top,137.31,26.87,,,,,5.864820708676713,-133.6911388215283,-2.8820925346517248,-15.215197146708904,27.901760157555636,-26.55584278496799,4.06,1.84,426.0,112.3,32.0,92.5,1903.0,6.6,745331,672275,670092,642731,656305,689172,671218,682641,573262,53.88,0.9668333333333332,1.963833333333333,2.0,1.0,0.0,3.0,6.0,38,5,Sinker,1,3,3,1,4,1,4,1,Strategic,Standard,227.0,-0.074,0.95,80.1,8.2,3.871,-0.95,112.3,-2,2,0.211,0.789,27,32,28,32,3,2,6.0,1.0,5.0,1.0,2.26,1.16,1.16,29.2,13.79504273134203,-3.047817929214052,41.952984002917766,35.83519067286431,29.808530530474727
FS,2024-05-31,86.8,-1.81,5.75,"Judge, Aaron",592450,663855,home_run,hit_into_play,,,,,7.0,Aaron Judge homers (19) on a fly ball to left center field. Anthony Volpe scores. Juan Soto scores.,R,R,R,SF,NYY,X,,fly_ball,3,2,2024,-0.2,-0.45,-0.5,2.2,683011.0,,665742.0,1,3,Top,56.27,57.24,,,,,3.5798402779199723,-126.37382044722818,-1.4055312468782983,-2.854691819299913,24.88895660632397,-36.967343181432895,4.06,1.84,394.0,104.4,27.0,87.6,811.0,6.7,745331,672275,670092,642731,656305,689172,671218,682641,573262,53.79,0.730378787878788,1.4502727272727272,2.0,1.0,0.0,3.0,6.0,20,8,Split-Finger,1,0,0,1,3,1,3,1,Standard,Standard,287.0,-0.222,1.169,81.2,8.1,2.84380303030303,-1.169,104.4,1,-1,0.528,0.472,27,32,28,32,2,1,6.0,1.0,5.0,1.0,3.47,0.2,0.2,28.9,12.902441123889377,-11.33408501544436,45.2130277464932,35.98210400887071,34.72800489419961
SI,2024-05-31,94.5,-1.69,5.73,"Judge, Aaron",592450,663855,field_error,hit_into_play,,,,,6.0,Aaron Judge reaches on a fielding error by shortstop Brett Wisely.,R,R,R,SF,NYY,X,6.0,ground_ball,1,2,2024,-1.6,0.36,0.64,2.76,,,,2,1,Top,104.61,132.3,,,,,9.740095200731345,-137.226716913554,-2.7723532405572944,-22.422806550666905,34.30922315553176,-27.20467456374413,4.06,1.84,85.0,110.9,3.0,94.8,1977.0,6.9,745331,672275,670092,642731,656305,689172,671218,682641,573262,53.6,0.639,0.609,0.9,1.0,0.0,0.0,4.0,3,5,Sinker,0,0,0,0,0,0,0,0,Strategic,Standard,229.0,-0.014,0.457,75.2,8.1,0.734,-0.457,110.9,0,0,0.54,0.4599999999999999,27,32,28,32,1,0,6.0,1.0,5.0,1.0,2.23,1.6,1.6,29.6,5.707393363426293,0.3572906050904134,36.91899104053379,48.44700753290184,25.97392984227689
SI,2024-05-31,95.0,-1.39,6.55,"Judge, Aaron",592450,663546,field_out,hit_into_play,,,,,5.0,Aaron Judge flies out to right fielder Mike Yastrzemski.,R,R,R,SF,NYY,X,9.0,fly_ball,1,1,2024,-1.31,0.26,-0.21,2.91,,,,0,8,Top,181.88,77.94,,,,,6.063832816537411,-138.12022294587493,-4.419218206383059,-18.13876512167445,33.861576674294625,-28.00633694236536,4.06,1.84,330.0,96.2,25.0,94.9,2265.0,6.5,745331,672275,670092,642731,656305,689172,671218,682641,573262,54.02,0.224,0.306,0.0,1.0,0.0,0.0,5.0,56,3,Sinker,2,6,6,2,6,2,6,2,Strategic,Standard,225.0,0.004,-0.243,77.7,7.8,0.534,0.243,96.2,-4,4,0.036,0.964,27,32,27,32,1,3,3.0,1.0,3.0,1.0,2.29,1.31,1.31,28.1,6.398271467159379,6.1359657917231045,39.76718079710615,40.071287079795056,21.611463308036285
ST,2024-05-30,82.6,1.0,6.01,"Judge, Aaron",592450,663776,home_run,hit_into_play,,,,,8.0,Aaron Judge homers (18) on a fly ball to left center field. Juan Soto scores.,R,R,L,LAA,NYY,X,,fly_ball,2,1,2024,-1.04,0.29,-0.12,2.28,,,665742.0,0,4,Top,47.86,41.51,,,,,-0.5502791357393879,-120.37632973240942,-2.5689839025584504,-9.95923366291664,23.735590267171837,-29.081052744079223,4.08,1.88,433.0,110.0,34.0,82.7,2673.0,6.3,746225,681351,694384,677347,650859,687263,621493,607680,666176,54.2,0.9174,2.0,2.0,1.0,0.0,3.0,6.0,22,4,Sweeper,1,0,0,1,2,1,2,1,Standard,Standard,292.0,-0.192,1.02,81.0,8.8,3.6762,-1.02,110.0,1,-1,0.569,0.431,27,32,28,32,2,1,6.0,1.0,5.0,1.0,3.05,-1.04,1.04,52.7,23.13068026897321,-9.8287164684259,39.73550947247553,40.40077475400955,36.84921660402418
FF,2024-05-29,91.2,1.43,6.48,"Judge, Aaron",592450,542881,field_out,hit_into_play,,,,,1.0,Aaron Judge flies out sharply to center fielder Mickey Moniak.,R,R,L,LAA,NYY,X,8.0,fly_ball,3,1,2024,0.35,1.6,-0.32,3.7,,,,1,3,Top,140.25,94.3,,,,,-5.110877309490249,-132.80586094871373,-4.521040783347376,5.182511257517106,27.64968925391534,-12.48270459416233,4.07,1.87,265.0,102.8,56.0,90.9,2168.0,6.0,746228,681351,694384,650859,641645,687263,621493,666160,666176,54.48,0.003,0.006,0.0,1.0,0.0,0.0,3.0,19,5,4-Seam Fastball,0,0,0,0,0,0,0,0,Infield shade,Standard,158.0,0.029,-0.424,72.1,7.6,0.015,0.424,102.8,0,0,0.514,0.486,34,32,35,32,2,1,7.0,1.0,5.0,1.0,1.13,0.35,-0.35,57.3,18.024849878132176,-5.88290998957325,32.7114813470533,39.236125235975706,28.331504126215915
SI,2024-05-29,94.9,-2.41,6.29,"Judge, Aaron",592450,472610,field_out,hit_into_play,,,,,4.0,Aaron Judge flies out to right fielder Jo Adell.,R,R,R,LAA,NYY,X,9.0,fly_ball,0,0,2024,-1.28,0.99,-0.61,3.28,,,665742.0,0,9,Top,169.14,121.13,,,,,7.642912292285886,-137.84493361941392,-4.391985906572342,-18.050595839117353,33.6624080192298,-18.806495708408303,4.07,1.87,224.0,76.4,46.0,95.2,2102.0,6.8,746228,681351,694384,650859,641645,687263,621493,666160,666176,53.7,0.1,0.101,0.0,1.0,0.0,0.0,3.0,67,1,Sinker,1,2,2,1,2,1,2,1,Infield shade,Standard,212.0,0.023,-0.246,72.6,7.6,0.131,0.246,88.0,-1,1,0.141,0.859,37,32,37,32,1,4,1.0,1.0,2.0,1.0,1.57,1.28,1.28,44.5,8.704514895674524,6.642854331531827,36.2983092391567,36.23930938064839,23.0043750690278
FF,2024-05-28,94.2,-1.33,6.06,"Judge, Aaron",592450,656288,field_out,hit_into_play,,,,,13.0,"Aaron Judge grounds out, third baseman Luis Rengifo to first baseman Nolan Schanuel.",R,R,R,LAA,NYY,X,5.0,ground_ball,0,1,2024,-1.04,1.27,-1.04,2.32,,683011.0,665742.0,2,4,Top,114.39,178.68,,,,,3.048311836327985,-137.01201346125762,-6.753830256184427,-13.699571310825586,33.33089839148098,-14.84892801608274,4.07,1.87,6.0,83.1,-19.0,93.6,2068.0,6.2,746229,681351,694384,677347,650859,687263,621493,607680,666176,54.29,0.076,0.072,0.0,1.0,0.0,0.0,2.0,32,2,4-Seam Fastball,2,2,2,2,2,2,2,2,Standard,Standard,211.0,0.045,-0.232,75.3,7.5,0.092,0.232,88.0,0,0,0.515,0.485,28,32,28,32,3,2,7.0,2.0,5.0,1.0,1.32,1.04,1.04,51.1,5.16325861081052,4.719929810772555,47.678125679985854,29.542705743051258,20.76308316851568
CH,2024-05-28,89.3,-1.78,5.86,"Judge, Aaron",592450,656288,field_out,hit_into_play,,,,,4.0,Aaron Judge flies out to right fielder Jo Adell.,R,R,R,LAA,NYY,X,9.0,fly_ball,2,1,2024,-1.41,0.47,-0.28,2.68,,,,0,3,Top,177.09,73.9,,,,,6.595970022745902,-129.90233620816176,-2.761835848135207,-17.373965593904874,29.0210036751996,-26.433798692424208,4.07,1.87,335.0,96.7,31.0,88.5,1904.0,5.9,746229,681351,694384,677347,650859,687263,621493,607680,666176,54.57,0.2855714285714285,0.5442142857142857,0.0,1.0,0.0,0.0,5.0,20,4,Changeup,2,1,1,2,1,2,1,2,Infield shade,Standard,241.0,0.03,-0.296,76.6,7.8,1.0647857142857142,0.296,96.7,1,-1,0.608,0.392,28,32,28,32,2,1,7.0,2.0,5.0,1.0,2.4,1.41,1.41,36.8,10.413931485854448,7.656959475051412,41.50659656219676,39.15231601925338,25.400468757508197
FF,2024-05-28,95.1,-1.5,5.97,"Judge, Aaron",592450,656288,single,hit_into_play,,,,,7.0,Aaron Judge singles on a sharp ground ball to left fielder Taylor Ward.,R,R,R,LAA,NYY,X,7.0,ground_ball,0,0,2024,-0.93,1.24,-0.46,2.42,,,,1,1,Top,79.26,114.48,,,,,4.800773226762271,-138.32582483789358,-6.422748331647267,-13.006409295938868,29.753715241223993,-15.051340328607548,4.07,1.87,38.0,108.1,-2.0,94.9,2040.0,6.1,746229,681351,694384,677347,650859,687263,621493,607680,666176,54.4,0.45,0.405,0.9,1.0,1.0,0.0,4.0,3,1,4-Seam Fastball,0,1,1,0,1,0,1,0,Infield shade,Standard,212.0,-0.022,0.422,76.0,8.1,0.461,-0.422,108.1,-1,1,0.424,0.5760000000000001,28,32,28,32,1,0,7.0,2.0,5.0,1.0,1.28,0.93,0.93,53.3,13.037228849238527,2.3470462782806214,46.848483087716446,35.647771510512456,24.723591709420756
ST,2024-05-26,81.1,-1.61,6.16,"Judge, Aaron",592450,605397,field_out,hit_into_play,,,,,8.0,Aaron Judge flies out to center fielder Jackson Merrill.,R,R,R,SD,NYY,X,8.0,fly_ball,1,1,2024,1.55,-0.77,-0.01,2.03,,,,1,4,Top,110.25,98.13,,,,,0.6212215009988867,-118.03770585878236,-1.0085105243930383,14.085012051386071,27.56796938999356,-39.248163475218036,4.07,1.87,255.0,81.0,46.0,79.9,3063.0,6.0,745413,543309,650333,630105,592518,673490,595777,701538,665487,54.53,0.021,0.024,0.0,1.0,0.0,0.0,3.0,28,3,Sweeper,0,0,0,0,0,0,0,0,Standard,Strategic,56.0,0.019,-0.243,76.5,8.8,0.036,0.243,88.0,0,0,0.528,0.472,31,32,32,32,2,1,5.0,1.0,78.0,2.0,4.3,-1.55,-1.55,27.5,22.026965606163103,-16.594040547743198,44.73150712178331,40.01192923159027,45.18491271572298
SI,2024-05-26,92.6,-1.33,6.38,"Judge, Aaron",592450,605397,single,hit_into_play,,,,,7.0,Aaron Judge singles on a sharp line drive to left fielder Jurickson Profar.,R,R,R,SD,NYY,X,7.0,line_drive,2,0,2024,-0.86,0.45,-0.4,2.56,,,,2,1,Top,42.35,86.46,,,,,4.232775065550029,-134.8524241673768,-4.985161470460123,-11.426386552674808,26.145267746598822,-25.801821741006833,4.07,1.87,345.0,115.8,17.0,92.5,2567.0,5.9,745413,543309,650333,630105,592518,673490,595777,701538,665487,54.57,0.865,1.503,0.9,1.0,1.0,0.0,6.0,3,3,Sinker,0,0,0,0,0,0,0,0,Standard,Standard,219.0,-0.008,0.225,77.4,8.4,2.8225,-0.225,115.8,0,0,0.534,0.4659999999999999,31,32,32,32,1,0,5.0,1.0,78.0,2.0,2.18,0.86,0.86,35.7,12.115957411368935,-14.370106658108948,41.807813285920474,34.55992542192829,34.45493854270852
SL,2024-05-25,86.9,-1.37,6.09,"Judge, Aaron",592450,656302,double,hit_into_play,,,,,5.0,Aaron Judge doubles (18) on a line drive to left fielder Jurickson Profar.,R,R,R,SD,NYY,X,7.0,line_drive,0,0,2024,0.03,0.14,-0.1,2.61,,,,0,4,Top,45.38,108.68,,,,,2.966668989169904,-126.53483677407534,-2.460830484060597,-0.2903768726554851,25.84033323911323,-30.41243469321727,4.08,1.86,144.0,108.4,8.0,87.1,2706.0,6.4,745411,669134,650333,630105,592518,673490,595777,701538,665487,54.15,0.708,0.657,1.25,1.0,1.0,1.0,4.0,24,1,Slider,0,2,2,0,2,0,2,0,Standard,Standard,100.0,-0.049,0.693,74.4,8.7,0.832,-0.693,108.4,-2,2,0.271,0.729,28,32,29,32,2,1,5.0,1.0,6.0,1.0,2.88,-0.03,-0.03,53.2,17.4746519941804,-13.376753350953065,38.237884267364656,41.02105479880057,37.937170257602574
KC,2024-05-25,83.6,-1.65,6.02,"Judge, Aaron",592450,656302,home_run,hit_into_play,,,,,8.0,Aaron Judge homers (17) on a fly ball to left center field.   Anthony Volpe scores.,R,R,R,SD,NYY,X,,fly_ball,0,2,2024,0.06,-1.07,-0.17,2.49,,,683011.0,1,1,Top,40.32,47.29,,,,,3.296794527437376,-121.67189441325104,0.5267703053904531,-0.2119319684152578,28.09622458604136,-43.00634291144349,4.08,1.86,429.0,113.7,24.0,83.0,2664.0,6.3,745411,669134,650333,630105,592518,673490,595777,701538,665487,54.19,0.98475,1.96475,2.0,1.0,0.0,3.0,6.0,3,3,Knuckle Curve,0,0,0,0,2,0,2,0,Standard,Standard,21.0,-0.177,1.528,,,3.85175,-1.528,113.7,0,0,0.508,0.492,28,32,29,32,1,0,5.0,1.0,6.0,1.0,4.37,-0.06,-0.06,52.1,,,,,
SL,2024-05-24,86.0,-1.98,5.68,"Judge, Aaron",592450,506433,home_run,hit_into_play,,,,,8.0,Aaron Judge homers (16) on a fly ball to left field.,R,R,R,SD,NYY,X,,fly_ball,1,0,2024,0.42,-0.06,0.13,2.26,,,,2,3,Top,36.8,58.73,,,,,4.180627682370058,-125.22618492752925,-1.7958218784698974,3.680778672969295,23.49401090461848,-32.631642989125766,4.08,1.85,409.0,104.9,26.0,86.6,2672.0,6.4,745415,669134,650333,630105,456781,673490,595777,701538,665487,54.05,0.8045254237288133,1.5924067796610166,2.0,1.0,0.0,3.0,6.0,19,2,Slider,0,3,3,0,4,0,4,0,Standard,Standard,79.0,-0.069,2.555,78.2,8.6,3.1230508474576264,-2.555,104.9,-3,3,0.228,0.772,37,32,38,32,2,1,5.0,1.0,5.0,1.0,3.12,-0.42,-0.42,43.1,13.117009166549916,-10.79729023948393,40.25426819064027,41.21436269734464,37.86410669659869
SI,2024-05-24,95.0,-1.17,6.12,"Judge, Aaron",592450,666745,field_out,hit_into_play,,,,,6.0,"Aaron Judge grounds out, shortstop Ha-Seong Kim to first baseman Luis Arraez.",R,R,R,SD,NYY,X,6.0,ground_ball,3,2,2024,-1.17,1.02,0.37,3.27,665742.0,,,2,9,Top,112.36,152.15,,,,,6.642957927115407,-138.09935116135665,-4.067540613721274,-16.436857742776876,31.457851520091104,-18.37810380091798,4.08,1.85,21.0,100.7,-8.0,94.9,2032.0,6.3,745415,669134,650333,630105,456781,673490,595777,701538,665487,54.17,0.3,0.305,0.0,1.0,0.0,0.0,2.0,67,6,Sinker,0,8,8,0,8,0,8,0,Standard,Standard,224.0,0.0,-0.267,75.3,7.8,0.336,0.267,100.7,-8,8,0.001,0.999,26,32,26,32,1,4,3.0,1.0,5.0,1.0,1.51,1.17,1.17,61.2,5.658219621606292,0.1308675599020966,31.427541273002124,47.07879930457268,22.70867204584324
SI,2024-05-24,96.1,-1.5,5.4,"Judge, Aaron",592450,663568,field_out,hit_into_play,,,,,9.0,"Aaron Judge grounds out, pitcher Stephen Kolek to first baseman Luis Arraez.",R,R,R,SD,NYY,X,1.0,ground_ball,3,2,2024,-1.16,0.49,0.41,2.16,,,,1,7,Top,129.31,181.21,,,,,7.696891035447699,-139.66368370139787,-4.034896711104914,-16.982503235260495,34.49301191074572,-25.04499056350367,4.08,1.85,6.0,100.0,-19.0,95.8,2291.0,6.4,745415,669134,650333,630105,456781,673490,595777,701538,665487,54.09,0.163,0.178,0.0,1.0,0.0,0.0,2.0,51,9,Sinker,0,7,7,0,7,0,7,0,Strategic,Standard,220.0,0.001,-0.332,73.7,7.5,0.17,0.332,100.0,-7,7,0.009,0.991,27,32,27,32,1,3,3.0,1.0,5.0,1.0,2.01,1.16,1.16,39.3,-5.761611846029074,15.028181074175665,39.74367769011646,47.60618060126773,14.72095726619322
SL,2024-05-24,89.6,-2.03,5.61,"Judge, Aaron",592450,506433,sac_fly,hit_into_play,,,,,6.0,Aaron Judge out on a sacrifice fly to left fielder Jurickson Profar. Anthony Volpe scores.,R,R,R,SD,NYY,X,7.0,line_drive,0,2,2024,0.38,0.25,0.4,2.57,683011.0,,,1,1,Top,55.77,100.61,,,,,5.239331908865088,-130.47039240788027,-2.100625216630859,3.344121546777883,25.30199304943033,-29.130384481267132,4.08,1.85,299.0,91.1,23.0,90.3,2870.0,6.5,745415,669134,650333,630105,456781,673490,595777,701538,665487,53.97,0.15,0.171,0.0,1.0,0.0,0.0,3.0,3,3,Slider,0,0,0,0,1,0,1,0,Strategic,Standard,120.0,-0.036,0.037,76.0,8.5,0.274,-0.037,91.1,0,0,0.474,0.526,37,32,38,32,1,0,5.0,1.0,5.0,1.0,2.57,-0.38,-0.38,39.4,14.519307351973616,-15.314780414710508,38.86640780466429,44.41423133639562,39.33205342198892
CH,2024-05-23,88.6,-2.54,4.93,"Judge, Aaron",592450,622491,home_run,hit_into_play,,,,,5.0,Aaron Judge homers (15) on a fly ball to center field.,R,R,R,NYY,SEA,X,,fly_ball,2,0,2024,-1.65,0.32,0.04,2.58,,,,1,3,Bot,152.31,33.62,,,,,9.545738661510091,-128.77615329675996,-0.3550651525274358,-20.310632260268353,26.137793303474503,-28.722067582331174,4.07,1.84,414.0,110.9,35.0,87.2,1681.0,5.4,745741,664874,664034,664238,668942,641487,670042,677594,686527,55.11,0.9111666666666666,1.8531666666666664,2.0,1.0,0.0,3.0,6.0,21,3,Changeup,1,0,1,0,0,2,2,0,Infield shade,Standard,259.0,0.094,1.472,79.9,8.3,3.645999999999999,-1.472,110.9,1,1,0.655,0.655,31,32,32,32,2,1,5.0,1.0,5.0,1.0,2.58,1.65,1.65,10.4,12.365852476439814,-7.500255591403837,42.274085246347155,41.84798050906595,32.71401103983007
FF,2024-05-23,94.6,1.73,5.5,"Judge, Aaron",592450,642100,double,hit_into_play,,,,,4.0,Aaron Judge doubles (17) on a line drive to left fielder Luke Raley. Juan Soto to 3rd.,R,R,L,NYY,SEA,X,7.0,line_drive,0,2,2024,0.6,1.14,-0.45,3.26,,,665742.0,0,7,Bot,51.52,85.23,,,,,-6.981360480088363,-137.64394835343134,-2.695718503567725,9.116164131286858,29.252134598381872,-17.249390142215507,4.07,1.84,349.0,107.6,20.0,94.3,2131.0,6.0,745741,664874,664034,664238,668942,641487,670042,677594,571745,54.47,0.7294893617021276,1.2864468085106382,1.25,1.0,1.0,1.0,6.0,55,4,4-Seam Fastball,3,0,3,0,0,3,3,0,Standard,Standard,134.0,0.026,0.824,80.2,8.0,2.414574468085106,-0.824,107.6,3,3,0.947,0.947,29,32,29,32,1,3,2.0,1.0,2.0,1.0,1.4,0.6,-0.6,31.0,14.359986610244713,-8.524783323988055,35.61538762515021,37.18039559539936,29.37024016950435
FF,2024-05-22,97.2,-1.25,5.79,"Judge, Aaron",592450,682243,field_out,hit_into_play,,,,,5.0,Aaron Judge flies out to right fielder Mitch Haniger.,R,R,R,NYY,SEA,X,9.0,fly_ball,0,2,2024,-0.51,1.39,0.05,2.91,,,,1,3,Bot,170.68,121.84,,,,,4.665923599238453,-141.4090604870863,-5.335821276316515,-7.962347902469869,34.461840949565264,-12.59531695247504,4.08,1.84,224.0,95.0,55.0,97.0,2431.0,6.3,745743,663728,664034,593871,649966,641487,664238,677594,571745,54.18,0.005,0.007,0.0,1.0,0.0,0.0,3.0,25,4,4-Seam Fastball,4,0,4,0,0,4,4,0,Standard,Standard,211.0,-0.004,-0.162,79.1,8.2,0.012,0.162,95.0,4,4,0.884,0.884,25,32,26,32,2,1,5.0,1.0,5.0,1.0,1.04,0.51,0.51,42.0,15.810369411279318,-6.427288533480124,37.88185651657757,43.64019520328292,30.669846008699963
SL,2024-05-22,88.2,-1.73,5.55,"Judge, Aaron",592450,682243,home_run,hit_into_play,,,,,9.0,Aaron Judge homers (14) on a fly ball to right field. Anthony Volpe scores.,R,R,R,NYY,SEA,X,,fly_ball,0,0,2024,0.35,0.14,0.41,2.45,,683011.0,,1,1,Bot,205.7,70.36,,,,,4.474023129529213,-128.46322297142314,-1.785945623914245,3.0677728493001433,24.940236591946345,-30.500285563121185,4.08,1.84,374.0,103.5,36.0,88.7,2660.0,6.4,745743,663728,664034,593871,649966,641487,664238,677594,571745,54.12,0.5320555555555555,1.0794444444444449,2.0,1.0,0.0,3.0,6.0,7,1,Slider,0,0,0,0,0,2,2,0,Standard,Standard,163.0,0.15,1.29,77.0,8.1,2.1157777777777778,-1.29,103.5,0,0,0.567,0.567,25,32,26,32,1,0,5.0,1.0,5.0,1.0,2.77,-0.35,-0.35,37.9,3.2468527842553243,-5.237113339651567,44.847016490650006,46.18989590192523,26.76067576728159
SL,2024-05-21,91.4,-1.39,6.2,"Judge, Aaron",592450,592773,field_out,hit_into_play,,,,,4.0,Aaron Judge flies out sharply to center fielder Julio Rodríguez.,R,R,R,NYY,SEA,X,8.0,fly_ball,0,0,2024,0.3,-0.05,-0.47,2.77,683011.0,,,2,8,Bot,97.69,61.92,,,,,1.652326967120568,-133.13827499322994,-2.6972746793998708,3.237057995614709,27.799166889009943,-32.39241438378493,4.08,1.83,346.0,100.2,41.0,91.5,2493.0,6.2,745742,663728,664034,664238,668942,641487,670042,677594,571745,54.26,0.132,0.256,0.0,1.0,0.0,0.0,3.0,65,1,Slider,3,5,3,5,5,3,3,5,Standard,Standard,89.0,-0.058,-0.271,83.1,8.5,0.483,0.271,100.2,-2,-2,0.134,0.134,32,32,33,32,1,3,3.0,1.0,4.0,1.0,2.76,-0.3,-0.3,39.8,14.560414489205746,-13.418938959384626,37.15242825305971,36.58890808626085,34.58731198593175
ST,2024-05-21,81.2,-1.56,4.98,"Judge, Aaron",592450,693433,field_out,hit_into_play,,,,,9.0,Aaron Judge flies out to center fielder Julio Rodríguez.,R,R,R,NYY,SEA,X,8.0,fly_ball,2,2,2024,1.51,0.0,0.68,2.28,,,,2,1,Bot,115.73,78.89,,,,,2.1323169390296375,-118.17557245482152,0.6608856414264788,13.57512474388684,24.90708109324547,-32.58344801277902,4.08,1.83,300.0,85.6,39.0,81.5,2420.0,6.7,745742,663728,664034,664238,668942,641487,670042,677594,686527,53.76,0.013,0.017,0.0,1.0,0.0,0.0,3.0,6,5,Sweeper,0,0,0,0,0,0,0,0,Infield shade,Standard,67.0,-0.009,-0.219,79.8,8.7,0.031,0.219,88.0,0,0,0.509,0.509,24,32,24,32,1,0,6.0,1.0,5.0,1.0,3.49,-1.51,-1.51,28.0,17.092096905756367,-16.059872163018937,36.38899708561261,49.19938656577085,38.85838142910037
SL,2024-05-20,88.0,-0.81,5.93,"Judge, Aaron",592450,669302,single,hit_into_play,,,,,14.0,Aaron Judge singles on a ground ball to right fielder Dominic Canzone.   Juan Soto to 2nd.,R,R,R,NYY,SEA,X,9.0,ground_ball,1,0,2024,0.26,0.07,0.95,2.35,,,665742.0,1,5,Bot,175.12,133.6,,,,,3.8526393335996794,-128.1629225045829,-2.786605190164091,2.0032585507236025,27.213661255173236,-30.994764869765294,4.08,1.83,82.0,80.7,6.0,90.5,1893.0,7.8,745746,663728,664034,668942,649966,664238,670042,677594,686527,52.65,0.284,0.272,0.9,1.0,1.0,0.0,2.0,37,2,Slider,2,0,2,0,0,2,2,0,Standard,Standard,121.0,0.021,0.369,61.1,8.2,0.293,-0.369,88.0,2,2,0.815,0.815,27,32,27,32,3,2,6.0,1.0,5.0,1.0,2.87,-0.26,-0.26,53.0,10.836216123394394,14.610239736118467,37.97140962182454,55.95861922158682,20.287120024707793
SL,2024-05-20,90.0,-0.95,5.88,"Judge, Aaron",592450,669302,field_error,hit_into_play,,,,,8.0,Aaron Judge reaches on a throwing error by third baseman Luis Urías.,R,R,R,NYY,SEA,X,5.0,ground_ball,2,1,2024,0.15,0.04,0.18,2.14,,,,2,3,Bot,104.56,180.4,,,,,2.5722420586838823,-130.98527307778775,-3.4099661571619464,1.0833043613161115,30.625659531083414,-31.185063517367265,4.08,1.83,9.0,78.4,-14.0,92.2,1880.0,7.8,745746,663728,664034,668942,649966,664238,670042,677594,686527,52.67,0.039,0.08,0.9,1.0,0.0,0.0,2.0,22,4,Slider,2,0,2,0,0,2,2,0,Standard,Standard,317.0,0.008,0.335,75.9,8.5,0.039,-0.335,88.0,2,2,0.738,0.738,27,32,27,32,2,1,6.0,1.0,5.0,1.0,2.8,-0.15,-0.15,47.0,15.06319830756872,-9.293142044377383,36.869725322346866,45.27632051092884,34.627741124407784
FC,2024-05-20,91.5,-1.07,5.97,"Judge, Aaron",592450,669302,double,hit_into_play,,,,,5.0,Aaron Judge doubles (16) on a sharp fly ball to center fielder Julio Rodríguez.   Juan Soto to 3rd.,R,R,R,NYY,SEA,X,8.0,fly_ball,0,0,2024,0.4,0.54,0.18,2.95,,,665742.0,1,1,Bot,146.1,37.39,,,,,2.3788568866722772,-133.28232270536614,-3.0377067267492466,4.273075238737811,26.337333574297556,-25.249617060960624,4.08,1.83,402.0,107.6,25.0,94.2,2320.0,7.6,745746,663728,664034,668942,649966,664238,670042,677594,686527,52.88,0.9140625,1.82959375,1.25,1.0,1.0,1.0,6.0,6,1,Cutter,0,0,0,0,0,0,0,0,Standard,Standard,170.0,0.082,0.811,74.6,7.8,3.5967187500000004,-0.811,107.6,0,0,0.551,0.551,27,32,27,32,1,0,6.0,1.0,5.0,1.0,2.16,-0.4,-0.4,47.5,-5.298101095646042,-9.039470548994808,45.02034532401102,44.57921016050166,24.930082243698315
FC,2024-05-19,86.8,-0.14,6.93,"Judge, Aaron",592450,623167,home_run,hit_into_play,,,,,6.0,Aaron Judge homers (13) on a fly ball to right field. Juan Soto scores.,R,R,R,NYY,CWS,X,,fly_ball,0,2,2024,0.77,0.27,0.7,2.62,,,665742.0,0,5,Bot,209.96,90.39,,,,,0.4332433325730556,-126.36289759209926,-4.704181011925842,8.16069405126936,25.24704243754006,-28.51946426919824,4.07,1.86,339.0,98.9,28.0,86.7,2362.0,6.2,745745,455117,683734,621545,664901,657557,667452,502054,650391,54.32,0.4278620689655172,0.8101379310344828,2.0,1.0,0.0,3.0,6.0,42,3,Cutter,5,2,5,2,2,7,7,2,Standard,Standard,150.0,0.067,1.146,74.0,7.7,1.5650689655172418,-1.146,98.9,3,3,0.893,0.893,29,32,30,32,3,2,5.0,1.0,5.0,1.0,2.75,-0.77,-0.77,70.5,-0.0581351564236801,16.495154388231008,35.23359707362444,50.06211539831396,20.84261224769268
CH,2024-05-19,83.5,1.47,5.57,"Judge, Aaron",592450,694363,field_out,hit_into_play,,,,,9.0,Aaron Judge flies out to center fielder Tommy Pham.,R,R,L,NYY,CWS,X,8.0,fly_ball,1,1,2024,0.95,1.03,0.65,2.1,,,,0,7,Bot,113.38,47.35,,,,,-3.79890401638637,-121.58319504151626,-3.606822981999809,10.195617900608982,24.224682045730862,-21.475647603486355,4.07,1.86,376.0,98.1,28.0,84.1,1459.0,6.7,745745,455117,683734,621545,664901,657557,667452,502054,650391,53.85,0.378318181818182,0.7020909090909092,0.0,1.0,0.0,0.0,6.0,59,3,Changeup,7,2,7,2,2,7,7,2,Standard,Standard,126.0,-0.002,-0.243,75.7,8.7,1.3427272727272728,0.243,98.1,5,5,0.986,0.986,25,32,26,32,1,3,4.0,1.0,4.0,1.0,2.24,0.95,-0.95,43.0,13.385784988402424,-9.849287007647783,43.44260629808376,50.61368692970832,30.734661301572416
SL,2024-05-18,84.7,-1.39,6.61,"Judge, Aaron",592450,641745,single,hit_into_play,,,,,9.0,Aaron Judge singles on a ground ball to third baseman Danny Mendick.,R,R,R,NYY,CWS,X,5.0,ground_ball,0,0,2024,0.69,-0.25,0.39,2.03,,,,1,1,Bot,109.09,165.62,,,,,2.770168035198475,-123.3596218146678,-3.823563902147165,6.452565341449694,24.77721893245406,-34.137742248647065,4.07,1.85,2.0,60.7,-49.0,84.0,2520.0,5.8,745744,686676,683734,670032,664901,657557,643217,502054,657757,54.71,0.263,0.265,0.9,1.0,1.0,0.0,2.0,10,1,Slider,1,1,1,1,1,1,1,1,Standard,Standard,78.0,0.025,0.422,82.0,8.9,0.265,-0.422,88.0,0,0,0.526,0.526,28,32,29,32,1,0,6.0,1.0,9.0,1.0,3.42,-0.69,-0.69,51.3,20.386084284580715,-12.858740132622383,41.097263588689074,45.40059126086585,35.092877307396584
SL,2024-05-16,86.3,-2.61,4.86,"Judge, Aaron",592450,657746,field_out,hit_into_play,,,,,6.0,Aaron Judge flies out sharply to center fielder Manuel Margot.,R,R,R,MIN,NYY,X,8.0,fly_ball,2,0,2024,0.44,0.19,0.28,2.89,,,,2,5,Top,104.14,35.0,,,,,6.014352287702972,-125.69988481448743,1.1084115154229706,3.566522344373448,23.09457708330413,-30.60563705927665,4.05,1.88,408.0,103.8,32.0,87.1,2500.0,6.5,745907,543877,467793,666397,650489,621043,666135,622534,596146,53.96,0.725,1.4584186046511625,0.0,1.0,0.0,0.0,6.0,36,3,Slider,0,3,3,0,3,0,3,0,Standard,Standard,109.0,0.009,-0.363,78.5,8.3,2.868581395348837,0.363,103.8,-3,3,0.183,0.817,28,32,28,32,3,2,6.0,1.0,5.0,1.0,2.85,-0.44,-0.44,28.4,18.55888838567092,-3.856544182463853,35.400915888290136,46.193011769463794,32.269267645310535
FF,2024-05-16,94.6,-2.43,4.93,"Judge, Aaron",592450,657746,double,hit_into_play,,,,,4.0,Aaron Judge doubles (14) on a sharp line drive to left fielder Alex Kirilloff.,R,R,R,MIN,NYY,X,7.0,line_drive,3,2,2024,-1.05,1.14,-0.41,3.03,,,,0,3,Top,43.8,99.58,,,,,7.611112926189173,-137.61539004095047,-1.8149832158606016,-14.98147625946149,30.380310684491064,-17.485713528997344,4.05,1.88,272.0,108.5,17.0,94.7,2401.0,6.4,745907,543877,467793,666397,650489,621043,666135,622534,596146,54.12,0.462578947368421,0.6762631578947369,1.25,1.0,1.0,1.0,6.0,19,6,4-Seam Fastball,0,3,3,0,3,0,3,0,Standard,Standard,224.0,-0.034,0.614,77.1,8.0,1.1975789473684206,-0.614,108.5,-3,3,0.203,0.7969999999999999,28,32,28,32,2,1,6.0,1.0,5.0,1.0,1.41,1.05,1.05,26.0,13.072642917179882,-10.516010502187966,36.63911471014339,37.30355784906119,32.62357410315407
CU,2024-05-16,82.6,-2.78,5.63,"Judge, Aaron",592450,663485,double,hit_into_play,,,,,8.0,Aaron Judge doubles (15) on a sharp fly ball to center fielder Manuel Margot. Juan Soto to 3rd.,R,R,R,MIN,NYY,X,8.0,fly_ball,0,0,2024,1.29,-0.71,0.03,2.26,,,665742.0,1,7,Top,103.69,33.65,,,,,3.830417961387318,-120.2341285688613,0.2024525905824508,11.653716309800258,24.647183338647263,-39.257125999335464,4.05,1.88,411.0,109.2,22.0,81.4,2936.0,5.6,745907,543877,467793,666397,650489,621043,666135,622534,596146,54.93,0.8862888888888888,1.6903333333333332,1.25,1.0,1.0,1.0,6.0,52,1,Curveball,0,4,4,0,4,0,4,0,Infield shade,Standard,52.0,-0.02,0.811,76.8,8.6,3.2737777777777777,-0.811,109.2,-4,4,0.059,0.941,26,32,27,32,1,3,4.0,1.0,9.0,1.0,4.06,-1.29,-1.29,21.7,10.759840369698738,-6.569111847855749,42.70399929733923,44.201359834966915,29.664183074424407
ST,2024-05-15,84.4,-1.74,5.36,"Judge, Aaron",592450,641154,double,hit_into_play,,,,,6.0,Aaron Judge doubles (12) on a sharp line drive to center fielder Willi Castro.,R,R,R,MIN,NYY,X,8.0,line_drive,0,2,2024,0.86,-0.31,0.52,2.82,,,,1,5,Top,96.26,44.37,,,,,3.600832928458525,-122.82628978690607,1.1110824361722482,7.95885834768081,24.658433387107568,-35.75544326520541,4.04,1.88,360.0,105.4,21.0,85.6,2243.0,7.1,745908,680777,467793,666397,669304,621043,666135,650489,596146,53.43,0.631,1.0830857142857149,1.25,1.0,1.0,1.0,6.0,38,3,Sweeper,0,3,3,0,3,0,3,0,Strategic,Standard,57.0,-0.027,0.751,71.2,8.4,2.0292857142857144,-0.751,105.4,-3,3,0.179,0.821,28,32,28,32,3,2,6.0,1.0,5.0,1.0,3.51,-0.86,-0.86,31.7,21.485628673722896,-3.633828138824155,32.965868124101085,49.43525716450328,30.175538530865513
SI,2024-05-15,93.2,-1.64,5.63,"Judge, Aaron",592450,641154,double,hit_into_play,,,,,4.0,Aaron Judge doubles (11) on a sharp fly ball to center fielder Willi Castro.,R,R,R,MIN,NYY,X,8.0,fly_ball,3,2,2024,-1.08,0.53,-0.45,2.89,,,,0,3,Top,159.46,51.87,,,,,5.544787001850898,-135.65758183808785,-2.478798013893938,-14.51626816116247,30.12443363493183,-25.24631562332118,4.04,1.88,388.0,103.6,24.0,94.9,2009.0,7.3,745908,680777,467793,666397,669304,621043,666135,650489,596146,53.22,0.6854032258064515,1.286225806451613,1.25,1.0,1.0,1.0,6.0,21,6,Sinker,0,2,2,0,2,0,2,0,Strategic,Standard,215.0,-0.044,0.614,79.0,7.6,2.4657419354838717,-0.614,103.6,-2,2,0.284,0.716,28,32,28,32,2,1,6.0,1.0,5.0,1.0,2.09,1.08,1.08,36.5,12.205922561784314,6.362692240744197,37.61694646218766,38.42314265846658,26.479231408357357
FF,2024-05-15,94.7,-1.63,5.67,"Judge, Aaron",592450,641154,home_run,hit_into_play,,,,,5.0,Aaron Judge homers (11) on a fly ball to left field.,R,R,R,MIN,NYY,X,,fly_ball,0,0,2024,-0.45,1.25,-0.22,3.3,,,,2,1,Top,26.86,36.65,,,,,4.775570168996996,-137.8316813185507,-3.3367790554128263,-6.83644806567406,32.0436175329209,-15.700626789202262,4.04,1.88,467.0,113.0,30.0,96.1,2144.0,7.2,745908,680777,467793,666397,669304,621043,666135,650489,596146,53.3,0.9901428571428572,2.0,2.0,1.0,0.0,3.0,6.0,3,1,4-Seam Fastball,0,0,0,0,1,0,1,0,Standard,Standard,212.0,-0.1,2.594,76.5,8.5,3.9572857142857143,-2.594,113.0,0,0,0.538,0.4619999999999999,28,32,28,32,1,0,6.0,1.0,5.0,1.0,1.3,0.45,0.45,40.2,22.735274710096068,-9.979061389655072,35.486141586352865,39.031459261580665,30.541754162730243
CH,2024-05-15,89.2,2.62,5.66,"Judge, Aaron",592450,681892,double,hit_into_play,,,,,8.0,Aaron Judge doubles (13) on a sharp line drive to center fielder Willi Castro. Juan Soto scores.,R,R,L,MIN,NYY,X,8.0,line_drive,0,1,2024,1.24,0.12,0.03,2.23,,665742.0,,1,7,Top,116.94,35.13,,,,,-9.148419782575576,-129.53618549805967,-2.6298480848069516,15.898712548360768,27.46820617802868,-30.513620114852657,4.04,1.88,370.0,111.5,16.0,90.5,1731.0,7.3,745908,680777,467793,666397,669304,621043,666135,650489,596146,53.25,0.522,0.7720909090909092,1.25,1.0,1.0,1.0,6.0,54,2,Changeup,0,3,3,0,4,0,4,0,Infield shade,Standard,111.0,-0.045,0.846,79.0,8.3,1.374090909090909,-0.846,111.5,-3,3,0.099,0.901,27,32,28,32,1,3,3.0,1.0,3.0,1.0,2.76,1.24,-1.24,31.5,7.572704581266246,-4.947011371623119,45.837457340537114,42.43652013250628,25.264596800661273
CU,2024-05-14,76.3,-2.62,6.27,"Judge, Aaron",592450,663978,single,hit_into_play,,,,,8.0,"Aaron Judge singles on a ground ball to shortstop Carlos Correa, deflected by third baseman Jose Miranda.   Juan Soto to 2nd.",R,R,R,MIN,NYY,X,5.0,ground_ball,0,0,2024,0.89,-1.43,-0.22,2.14,,,665742.0,2,4,Top,113.06,188.91,,,,,3.487347910428049,-111.01450947688596,1.0522624855053566,6.575476509099485,22.792997495354232,-44.33299694542598,4.04,1.87,2.0,61.7,-47.0,76.7,2193.0,6.9,745909,543877,467793,571657,669304,621043,668885,650489,622534,53.57,0.268,0.257,0.9,1.0,1.0,0.0,2.0,35,1,Curveball,1,3,3,1,3,1,3,1,Strategic,Standard,31.0,-0.016,0.357,81.7,8.8,0.287,-0.357,88.0,-2,2,0.292,0.708,28,32,28,32,3,2,6.0,2.0,5.0,1.0,5.39,-0.89,-0.89,47.3,21.01391312494016,-19.655297011755895,39.510326426713625,39.401110099973856,45.13604441627678
SL,2024-05-14,87.3,-2.59,6.25,"Judge, Aaron",592450,663978,field_out,hit_into_play,,,,,6.0,Aaron Judge lines out to left fielder Austin Martin.,R,R,R,MIN,NYY,X,7.0,line_drive,0,0,2024,0.22,0.78,0.36,2.59,669224.0,683011.0,,2,2,Top,78.52,98.96,,,,,6.762131157149071,-126.95606449474133,-4.320293862400903,1.0321839161693689,25.497684329336895,-23.051863706471067,4.04,1.87,276.0,89.7,21.0,88.7,2105.0,7.1,745909,543877,467793,571657,669304,621043,668885,650489,622534,53.35,0.268,0.268,0.0,1.0,0.0,0.0,3.0,18,1,Slider,1,2,2,1,2,1,2,1,Infield shade,Standard,217.0,0.054,-0.287,73.1,8.8,0.377,0.287,89.7,-1,1,0.389,0.611,28,32,28,32,2,1,6.0,2.0,5.0,1.0,2.21,-0.22,-0.22,46.5,18.286703805047864,-16.83656155360823,35.60457049054431,45.998050089095656,35.845145902865426
FF,2024-05-14,93.1,-2.52,6.29,"Judge, Aaron",592450,663978,field_out,hit_into_play,,,,,4.0,Aaron Judge lines out sharply to left fielder Austin Martin.,R,R,R,MIN,NYY,X,7.0,line_drive,1,1,2024,-1.09,1.57,-0.38,2.84,,665742.0,,1,1,Top,77.75,76.5,,,,,7.969586122897981,-135.20972547895457,-6.560477363457474,-15.14039856612737,30.021672973580703,-11.66317191985906,4.04,1.87,326.0,115.1,17.0,93.9,2361.0,6.9,745909,543877,467793,571657,669304,621043,668885,650489,622534,53.57,0.8423333333333334,1.4533333333333334,0.0,1.0,0.0,0.0,6.0,3,3,4-Seam Fastball,0,0,0,0,0,0,0,0,Infield shade,Standard,215.0,0.033,-0.247,,,2.734,0.247,115.1,0,0,0.483,0.517,28,32,28,32,1,0,6.0,2.0,5.0,1.0,1.08,1.09,1.09,47.0,,,,,
FC,2024-05-12,85.7,1.34,5.73,"Judge, Aaron",592450,641302,home_run,hit_into_play,,,,,5.0,Aaron Judge homers (10) on a fly ball to right field. Juan Soto scores.,R,R,L,TB,NYY,X,,fly_ball,0,0,2024,-0.06,1.0,-0.06,2.6,,,665742.0,1,5,Top,217.34,77.84,,,,,-3.1771543669014166,-124.74362996475418,-3.1288599543937146,0.0117541760509266,24.75754558192386,-21.35566034334112,4.04,1.89,374.0,106.7,33.0,85.5,2387.0,6.1,745092,666163,650490,680700,670623,642708,676356,642350,666139,54.39,0.8746666666666668,1.7699523809523812,2.0,1.0,0.0,3.0,6.0,36,1,Cutter,0,4,4,0,6,0,6,0,Infield shade,Standard,165.0,-0.062,1.436,78.4,8.1,3.4771904761904757,-1.436,106.7,-4,4,0.103,0.897,29,32,30,32,3,2,6.0,1.0,5.0,2.0,2.1,-0.06,0.06,36.8,16.116980665088583,1.774334627059322,43.50883388790726,41.74417578986906,24.4992988766425
SI,2024-05-12,92.7,-2.06,5.12,"Judge, Aaron",592450,541640,field_out,hit_into_play,,,,,8.0,Aaron Judge flies out sharply to center fielder Jose Siri.,R,R,R,TB,NYY,X,8.0,fly_ball,0,1,2024,-1.16,0.69,-0.26,2.54,,,,1,9,Top,167.21,56.4,,,,,7.130572210425575,-134.81935111208722,-2.2708529505858928,-15.698292590406528,30.45030366680175,-23.5253050479201,4.04,1.89,367.0,104.6,36.0,92.4,2323.0,6.2,745092,666163,650490,680700,670623,642708,676356,642350,666139,54.28,0.6454285714285716,1.2953571428571429,0.0,1.0,0.0,0.0,6.0,75,2,Sinker,5,10,10,5,10,5,10,5,Infield shade,Standard,224.0,0.001,-0.219,77.3,8.4,2.543,0.219,104.6,-5,5,0.007,0.993,34,32,34,32,1,4,6.0,1.0,4.0,2.0,1.98,1.16,1.16,29.3,16.27988984596521,-5.488905109112403,43.17489769729793,39.23029527731667,29.81341227497504
FC,2024-05-12,86.1,1.38,5.79,"Judge, Aaron",592450,641302,single,hit_into_play,,,,,7.0,Aaron Judge singles on a sharp line drive to left fielder Jonny DeLuca.,R,R,L,TB,NYY,X,7.0,line_drive,3,2,2024,-0.05,1.0,-0.56,2.17,,,,1,1,Top,68.46,92.61,,,,,-4.474296277171114,-125.32216801162431,-4.391522242619339,0.3110050012482293,24.649293441112405,-20.90261364761827,4.04,1.89,242.0,109.9,15.0,86.0,2404.0,6.1,745092,666163,650490,680700,670623,642708,676356,642350,666139,54.35,0.5,0.704,0.9,1.0,1.0,0.0,6.0,3,6,Cutter,0,1,1,0,1,0,1,0,Infield shade,Standard,172.0,-0.019,0.345,78.8,8.2,1.222,-0.345,109.9,-1,1,0.421,0.579,29,32,30,32,1,0,6.0,1.0,5.0,2.0,2.06,-0.05,0.05,38.4,10.36265102014038,0.2806727582551699,46.009693049123,34.83662850245145,28.579623863438883
FC,2024-05-12,91.5,-1.56,5.88,"Judge, Aaron",592450,542888,field_out,hit_into_play,,,,,5.0,Aaron Judge flies out sharply to center fielder Jose Siri.,R,R,R,TB,NYY,X,8.0,fly_ball,1,0,2024,0.19,0.84,-0.04,2.61,,,,0,8,Top,162.17,45.84,,,,,3.42858198362418,-133.19472331414082,-4.197117015444518,1.5451038058767188,29.14688957668559,-21.487391338993756,4.04,1.89,388.0,106.7,37.0,91.8,2546.0,6.5,745092,666163,650490,680700,670623,642708,676356,642350,666139,54.02,0.6752666666666668,1.3719333333333334,0.0,1.0,0.0,0.0,6.0,63,2,Cutter,5,6,6,5,6,5,6,5,Infield shade,Standard,183.0,0.026,-0.292,74.9,8.2,2.6904666666666666,0.292,106.7,-1,1,0.252,0.748,33,32,34,32,1,3,2.0,1.0,2.0,2.0,1.89,-0.19,-0.19,40.1,9.726710959185509,0.3961693436381541,40.34061170832765,41.633273102961354,28.9690413387006
ST,2024-05-11,79.7,-0.93,6.0,"Judge, Aaron",592450,641793,field_out,hit_into_play,,,,,9.0,Aaron Judge pops out to first baseman Yandy Díaz.,R,R,R,TB,NYY,X,3.0,popup,1,2,2024,1.04,-0.73,0.35,2.51,,,,1,3,Top,173.82,152.09,,,,,0.8615078672657179,-116.01658548980984,0.4966107840336986,9.15017122408129,23.482001760644653,-39.08677882268895,4.03,1.88,183.0,90.6,63.0,79.1,2234.0,6.1,745096,656577,650490,642708,670623,676609,668227,642350,676356,54.43,0.005,0.006,0.0,1.0,0.0,0.0,3.0,20,4,Sweeper,1,2,2,1,2,1,2,1,Standard,Standard,41.0,0.012,-0.182,75.5,8.8,0.013,0.182,90.6,-1,1,0.414,0.5860000000000001,28,32,29,32,2,1,7.0,1.0,5.0,1.0,4.34,-1.04,-1.04,40.1,29.785655799456848,2.7428191534181767,32.71940758200142,46.854748258673155,33.644798708368114
CU,2024-05-11,73.7,-1.19,5.42,"Judge, Aaron",592450,664208,field_out,hit_into_play,,,,,8.0,"Aaron Judge grounds out, third baseman Isaac Paredes to first baseman Yandy Díaz.",R,R,R,TB,NYY,X,5.0,ground_ball,1,2,2024,1.61,-1.16,0.14,2.31,,,,0,8,Top,90.67,162.73,,,,,-0.0963703183884748,-107.0463546520052,3.266151967926979,12.09774062908236,23.937198554274488,-41.93177913235718,4.03,1.88,36.0,81.9,-1.0,73.1,3158.0,6.7,745096,666163,650490,642708,670623,676609,668227,642350,680700,53.84,0.182,0.175,0.0,1.0,0.0,0.0,2.0,62,4,Curveball,7,2,2,7,2,7,2,7,Standard,Standard,48.0,0.006,-0.186,78.8,8.1,0.22,0.186,88.0,5,-5,0.984,0.016,31,32,31,32,1,3,4.0,1.0,3.0,1.0,5.48,-1.61,-1.61,36.2,17.370087784831533,-2.1748987896145486,38.22360087519704,44.451828498611384,38.30127980364023
FF,2024-05-10,95.4,-1.3,6.21,"Judge, Aaron",592450,671737,field_out,hit_into_play,,,,,5.0,Aaron Judge flies out sharply to center fielder Jonny DeLuca.,R,R,R,TB,NYY,X,8.0,fly_ball,3,1,2024,-0.57,1.62,0.25,2.69,,,,0,6,Top,156.97,37.55,,,,,5.385409101561656,-138.64711940499595,-7.292199177760987,-8.546756431875203,31.037678358583236,-9.78225422696024,4.03,1.89,405.0,108.1,34.0,95.7,2275.0,6.5,745094,656577,650490,680700,670623,676609,668227,676356,666139,53.96,0.8608,1.7464000000000002,0.0,1.0,0.0,0.0,6.0,39,5,4-Seam Fastball,0,1,1,0,1,0,1,0,Infield shade,Standard,197.0,0.04,-0.418,80.8,8.7,3.4410000000000003,0.418,108.1,-1,1,0.325,0.675,23,32,23,32,3,2,,1.0,5.0,1.0,0.89,0.57,0.57,53.9,19.068451072509703,-1.7605236950670429,34.455010829723655,45.503982444129754,27.94591037896905
CH,2024-05-10,89.9,-1.51,5.99,"Judge, Aaron",592450,592094,field_out,hit_into_play,,,,,8.0,"Aaron Judge grounds out, second baseman Richie Palacios to first baseman Yandy Díaz.",R,R,R,TB,NYY,X,4.0,ground_ball,3,2,2024,-1.61,0.3,-0.17,2.39,,,,0,8,Top,117.85,130.01,,,,,6.746374892557922,-130.6526280407399,-3.5221587965679273,-19.84104813861559,29.761655127372144,-28.143909010988068,4.03,1.89,13.0,109.2,-9.0,89.8,2156.0,6.5,745094,656577,650490,680700,670623,676609,668227,676356,666139,54.02,0.316,0.43,0.0,1.0,0.0,0.0,2.0,55,6,Changeup,0,1,1,0,1,0,1,0,Infield shade,Standard,235.0,0.028,-0.333,78.7,7.7,0.316,0.333,109.2,-1,1,0.25,0.75,32,32,33,32,1,3,6.0,1.0,1.0,1.0,2.54,1.61,1.61,27.5,10.435578339269794,19.269686151158393,39.35983211934645,39.62189063696831,20.11084514228485
CH,2024-05-09,85.4,-0.73,6.03,"Judge, Aaron",592450,669854,grounded_into_double_play,hit_into_play,,,,,13.0,"Aaron Judge grounds into a double play, third baseman Alex Bregman to second baseman Jose Altuve to first baseman Jon Singleton. Juan Soto out at 2nd. Aaron Judge out at 1st.",R,R,R,NYY,HOU,X,5.0,ground_ball,0,0,2024,-1.26,0.38,-0.84,2.08,,665828.0,665742.0,1,5,Bot,99.99,166.67,,,,,2.293286050399654,-124.25734479768994,-3.776073936345449,-13.436150679474023,26.48425296588637,-27.64239928055859,4.04,1.88,68.0,108.8,2.0,86.0,1498.0,6.8,745748,673237,572138,514888,608324,665161,694388,643289,663656,53.7,0.547,0.494,0.0,1.0,0.0,0.0,4.0,44,1,Changeup,2,4,2,4,4,2,2,4,Standard,Standard,239.0,-0.129,-0.306,75.5,8.0,0.592,0.306,108.8,-2,-2,0.35,0.35,30,32,31,32,3,2,6.0,1.0,5.0,1.0,2.76,1.26,1.26,45.2,9.710142520343291,-4.272787980502279,48.78368236586761,32.570565548764236,28.25933117931978
CH,2024-05-09,86.2,-0.68,6.04,"Judge, Aaron",592450,669854,field_out,hit_into_play,,,,,2.0,Aaron Judge flies out sharply to center fielder Mauricio Dubón.,R,R,R,NYY,HOU,X,8.0,fly_ball,3,2,2024,-1.17,0.79,0.07,3.43,,,,1,3,Bot,153.48,85.43,,,,,4.216714634142075,-125.4091338351152,-1.5526065985988016,-13.208447038102454,27.29722858166903,-23.726268238193956,4.04,1.88,291.0,105.9,45.0,86.9,1524.0,6.9,745748,673237,572138,514888,608324,665161,694388,643289,663656,53.57,0.184,0.368,0.0,1.0,0.0,0.0,5.0,28,7,Changeup,2,3,2,3,3,2,2,3,Infield shade,Standard,236.0,-0.024,-0.332,78.5,8.0,0.708,0.332,105.9,-1,-1,0.414,0.414,30,32,31,32,2,1,6.0,1.0,5.0,1.0,2.29,1.17,1.17,47.3,12.96403628596374,-11.412680989279682,33.3817444953526,43.49514357111926,30.598383016590173
CH,2024-05-09,89.9,-0.77,5.86,"Judge, Aaron",592450,519151,home_run,hit_into_play,,,,,4.0,Aaron Judge homers (9) on a fly ball to center field.,R,R,R,NYY,HOU,X,,fly_ball,3,1,2024,-0.5,0.63,-0.59,2.77,,,,1,8,Bot,103.07,8.18,,,,,1.511108120777302,-130.93967361332938,-3.034987962036902,-6.0516756802289065,27.859152616455187,-24.497218874693647,4.04,1.88,473.0,115.7,29.0,90.1,2072.0,6.4,745748,673237,572138,514888,608324,665161,694388,643289,663656,54.11,0.992,2.0,2.0,1.0,0.0,3.0,6.0,64,5,Changeup,2,4,2,4,4,3,3,4,Infield shade,Strategic,223.0,0.1,1.414,79.4,8.1,3.958,-1.414,115.7,-2,-2,0.145,0.145,35,32,36,32,1,3,6.0,1.0,4.0,1.0,2.19,0.5,0.5,53.8,9.22675148035404,-7.8770821201508,40.48498267889046,36.59560371641659,31.001819091848756
FC,2024-05-08,85.5,-1.34,4.99,"Judge, Aaron",592450,681293,double,hit_into_play,,,,,4.0,Aaron Judge doubles (9) on a sharp line drive to left fielder Mauricio Dubón.,R,R,R,NYY,HOU,X,7.0,line_drive,3,1,2024,0.51,0.13,-0.41,2.89,,,,2,4,Bot,36.45,93.87,,,,,1.1839604244122253,-124.59142851738804,1.0843326827199722,5.080440375919997,25.0459721903404,-31.22251602354786,4.05,1.89,266.0,115.6,14.0,86.9,2426.0,7.1,745749,673237,572138,514888,608324,665161,643289,676694,663656,53.4,0.528,0.735,1.25,1.0,1.0,1.0,6.0,36,5,Cutter,5,1,5,1,1,5,5,1,Infield shade,Standard,148.0,0.006,0.456,81.1,8.1,1.254,-0.456,115.6,4,4,0.902,0.902,24,32,24,32,3,2,6.0,1.0,5.0,1.0,2.98,-0.51,-0.51,22.0,14.865353415390668,-9.129428892436248,37.95440399087627,36.77055269060644,34.83601985293275
FF,2024-05-08,92.9,-0.95,5.34,"Judge, Aaron",592450,681293,home_run,hit_into_play,,,,,5.0,Aaron Judge homers (8) on a fly ball to right center field.,R,R,R,NYY,HOU,X,,fly_ball,0,0,2024,-0.76,1.21,-0.05,3.13,,,,0,3,Bot,184.69,46.18,,,,,4.03821182419885,-135.12763937440278,-2.497863584067955,-10.199668424564637,32.23470064535934,-17.102245566730026,4.05,1.89,404.0,106.4,33.0,93.9,2262.0,7.1,745749,673237,572138,514888,608324,665161,643289,676694,663656,53.39,0.815709677419355,1.6421612903225795,2.0,1.0,0.0,3.0,6.0,23,1,4-Seam Fastball,3,1,3,1,1,4,4,1,Infield shade,Strategic,214.0,0.075,1.114,75.7,7.6,3.2298709677419364,-1.114,106.4,2,2,0.764,0.764,24,32,24,32,2,1,6.0,1.0,5.0,1.0,1.46,0.76,0.76,33.9,12.342762065307369,8.082571536630816,34.03355339880782,42.47883156890435,25.617797635027827
FC,2024-05-08,88.4,-2.01,5.93,"Judge, Aaron",592450,681869,double,hit_into_play,,,,,6.0,Aaron Judge doubles (10) on a sharp line drive to center fielder Jake Meyers. Oswaldo Cabrera scores. Anthony Volpe scores.,R,R,R,NYY,HOU,X,8.0,line_drive,1,0,2024,0.51,0.48,0.32,2.75,665828.0,683011.0,,1,6,Bot,176.41,57.45,,,,,4.616800613392446,-128.7026827796025,-2.684102962013326,4.836092402537609,25.27048505176703,-26.5174976781146,4.05,1.89,305.0,104.7,17.0,88.6,2649.0,6.3,745749,673237,572138,514888,608324,665161,643289,676694,663656,54.21,0.532,0.638,1.25,1.0,1.0,1.0,5.0,54,2,Cutter,6,1,6,1,1,8,8,1,Strategic,Strategic,180.0,0.011,0.669,77.3,7.8,0.996,-0.669,104.7,5,5,0.983,0.983,28,32,29,32,1,3,3.0,1.0,3.0,1.0,2.42,-0.51,-0.51,40.1,8.601749895137166,7.17549068143955,37.149090315021255,47.84198671490647,24.259018447962728
ST,2024-05-08,84.1,-3.56,4.83,"Judge, Aaron",592450,605463,field_out,hit_into_play,,,,,5.0,Aaron Judge flies out to right fielder Kyle Tucker in foul territory.,R,R,R,NYY,HOU,X,9.0,fly_ball,1,0,2024,1.14,-0.27,-0.05,2.61,,,665742.0,1,8,Bot,209.89,120.52,,,,,5.794066511601938,-122.30982583115848,1.758042452372779,10.328317963462046,24.017982946348372,-35.50089273378844,4.05,1.89,283.0,91.0,45.0,82.9,2892.0,5.5,745749,673237,572138,514888,608324,665161,643289,676694,663656,55.01,0.005,0.006,0.0,1.0,0.0,0.0,3.0,72,2,Sweeper,9,3,9,3,3,9,9,3,Infield shade,Standard,59.0,0.0,-0.291,75.8,8.0,0.011,0.291,91.0,6,6,0.998,0.998,32,32,32,32,1,4,1.0,1.0,3.0,1.0,3.5,-1.14,-1.14,12.9,7.440716389946588,3.442610952726181,37.88693623988251,42.310110020907885,25.89546826031497
CU,2024-05-07,78.9,-2.12,6.86,"Judge, Aaron",592450,434378,field_out,hit_into_play,,,,,14.0,Aaron Judge flies out to left fielder Trey Cabbage.,R,R,R,NYY,HOU,X,7.0,fly_ball,1,2,2024,0.65,-1.27,0.18,1.45,,,665742.0,1,4,Bot,75.21,116.07,,,,,3.7776927062789976,-114.8144638131016,-2.552180784630395,4.949652193032212,22.388365705220853,-43.08815824847742,4.05,1.89,298.0,82.3,34.0,78.5,2883.0,6.1,745752,605170,572138,514888,608324,665161,663550,676694,663656,54.36,0.026,0.025,0.0,1.0,0.0,0.0,3.0,37,8,Curveball,6,1,6,1,1,6,6,1,Standard,Standard,39.0,-0.004,-0.186,72.7,8.8,0.036,0.186,88.0,5,5,0.945,0.945,41,32,41,32,3,2,6.0,2.0,5.0,1.0,4.95,-0.65,-0.65,56.0,14.37893896272084,-11.227890200441818,42.9837311659616,44.8026552972249,39.12313251334129
ST,2024-05-07,82.9,-1.04,6.3,"Judge, Aaron",592450,656232,field_out,hit_into_play,,,,,14.0,Aaron Judge lines out to right fielder Joey Loperfido.,R,R,R,NYY,HOU,X,9.0,line_drive,2,2,2024,1.34,-0.77,1.02,2.43,624431.0,683011.0,665828.0,2,7,Bot,157.58,98.15,,,,,2.058487099211161,-120.6951460492683,-0.8195332708837537,12.626611433997525,25.203467934610284,-39.6991594462168,4.05,1.89,264.0,77.8,27.0,81.6,2553.0,5.5,745752,605170,572138,676070,608324,665161,663550,676694,694388,54.96,0.324,0.295,0.0,1.0,0.0,0.0,3.0,65,7,Sweeper,10,1,10,1,1,10,10,1,Standard,Standard,37.0,0.0,-0.265,71.9,8.3,0.379,0.265,88.0,9,9,0.999,0.999,28,32,28,32,1,4,3.0,2.0,10.0,1.0,4.1,-1.34,-1.34,46.6,10.18802525964754,-1.911590722578339,36.260453215154854,56.58324379250626,26.92608320886359
ST,2024-05-07,84.1,-2.99,4.8,"Judge, Aaron",592450,605463,single,hit_into_play,,,,,9.0,Aaron Judge singles on a sharp ground ball to center fielder Jake Meyers. Jon Berti scores.,R,R,R,NYY,HOU,X,8.0,ground_ball,1,2,2024,0.93,-0.38,0.38,2.04,,542932.0,,2,6,Bot,124.0,188.7,,,,,5.91486888321899,-122.50418998192114,0.6581444781676578,8.33947238246611,22.858902252730477,-36.33348583345287,4.05,1.89,37.0,101.0,-1.0,83.6,2786.0,5.8,745752,605170,572138,514888,608324,665161,663550,676694,663656,54.7,0.392,0.353,0.9,1.0,1.0,0.0,4.0,53,6,Sweeper,7,1,7,1,1,8,8,1,Standard,Standard,47.0,0.007,0.76,68.7,8.1,0.415,-0.76,101.0,6,6,0.985,0.985,32,32,32,32,1,3,3.0,2.0,1.0,1.0,3.58,-0.93,-0.93,14.7,2.813341862074458,3.232837914543082,35.897036169257824,49.33656984117833,24.882207325120337
SI,2024-05-05,96.6,1.87,6.16,"Judge, Aaron",592450,669373,double,hit_into_play,,,,,8.0,Aaron Judge doubles (8) on a sharp line drive to center fielder Parker Meadows.,R,R,L,NYY,DET,X,8.0,line_drive,3,1,2024,1.48,0.86,-0.25,1.8,,,,0,6,Bot,163.85,48.06,,,,,-9.034116013015772,-140.19791784762452,-7.956438838758193,21.629301473180615,34.039147912441635,-19.12425225744939,4.04,1.88,352.0,104.8,19.0,96.4,2210.0,6.5,745751,668670,679529,690993,628451,595879,682985,678009,663837,53.99,0.4904117647058823,0.793,1.25,1.0,1.0,1.0,6.0,41,5,Sinker,2,0,2,0,0,2,2,0,Infield shade,Standard,139.0,0.028,0.529,78.5,8.2,1.4435294117647062,-0.529,104.8,2,2,0.853,0.853,27,32,28,32,3,2,7.0,1.0,6.0,2.0,1.61,1.48,-1.48,44.4,11.388127159797737,2.656029475365138,47.81778801172827,40.52675321410828,26.55980863147496
FF,2024-05-05,97.0,1.63,6.32,"Judge, Aaron",592450,669373,home_run,hit_into_play,,,,,8.0,Aaron Judge homers (7) on a fly ball to right center field.,R,R,L,NYY,DET,X,,fly_ball,1,1,2024,0.92,1.33,-0.2,2.29,,,,2,1,Bot,200.56,55.35,,,,,-7.008343843939688,-140.93283871293323,-8.296008695064128,13.835053101658184,32.830328955427156,-12.70921555434307,4.04,1.88,399.0,109.3,29.0,97.2,2226.0,6.5,745751,668670,679529,690993,628451,595879,682985,678009,663837,53.97,0.95375,1.93025,2.0,1.0,0.0,3.0,6.0,6,3,4-Seam Fastball,0,0,0,0,0,1,1,0,Standard,Standard,146.0,0.103,2.606,82.2,8.2,3.80625,-2.606,109.3,0,0,0.509,0.509,27,32,28,32,1,0,7.0,1.0,6.0,2.0,1.1,0.92,-0.92,50.2,8.180394075693465,-5.182388303201898,45.180668031317,40.23934664365127,24.95943808559856
FS,2024-05-04,85.8,-1.6,5.85,"Judge, Aaron",592450,663554,double,hit_into_play,,,,,11.0,Aaron Judge doubles (7) on a line drive to left fielder Riley Greene. Anthony Volpe scores. Juan Soto to 3rd.,R,R,R,NYY,DET,X,7.0,line_drive,2,1,2024,-1.04,-0.11,-1.24,3.72,683011.0,,665742.0,0,3,Bot,48.21,110.65,,,,,2.9960067386585454,-124.80975281686132,1.5374736257343309,-11.48615680980074,26.86574206210337,-33.90194133346705,4.07,1.89,267.0,85.4,26.0,86.6,951.0,7.0,745750,608348,679529,690993,663837,656716,682985,672761,681481,53.5,0.111,0.124,1.25,1.0,1.0,1.0,3.0,23,4,Split-Finger,1,1,1,1,1,2,2,1,Infield shade,Standard,224.0,0.1,0.686,70.0,7.0,0.183,-0.686,88.0,0,0,0.691,0.691,27,32,27,32,2,1,7.0,1.0,6.0,1.0,3.23,1.04,1.04,42.9,16.742520925633123,-9.247584218648177,32.45149387362888,29.17737553341729,26.329535136708685
FF,2024-05-04,96.2,-1.45,5.86,"Judge, Aaron",592450,663554,single,hit_into_play,,,,,8.0,Aaron Judge singles on a sharp line drive to right fielder Kerry Carpenter.,R,R,R,NYY,DET,X,9.0,line_drive,0,1,2024,-0.47,1.54,0.21,2.21,,,,2,1,Bot,173.0,81.37,,,,,5.5509581285899445,-139.68076588247408,-7.617518727641376,-7.456775448732511,35.766899829620435,-10.430431374284703,4.07,1.89,241.0,114.5,10.0,97.1,2269.0,7.3,745750,608348,679529,690993,663837,656716,682985,672761,681481,53.25,0.85,0.888,0.9,1.0,1.0,0.0,6.0,8,2,4-Seam Fastball,0,1,0,1,1,0,0,1,Standard,Standard,209.0,0.015,0.373,78.5,7.8,1.199,-0.373,114.5,-1,-1,0.405,0.405,27,32,27,32,1,0,7.0,1.0,6.0,1.0,0.96,0.47,0.47,49.4,5.734505483428533,5.3864194057967785,46.756569227173635,45.220050332193175,21.622898160543492
CU,2024-05-03,78.4,-2.46,6.25,"Judge, Aaron",592450,681857,field_out,hit_into_play,,,,,4.0,"Aaron Judge grounds out, third baseman Zach McKinstry to first baseman Spencer Torkelson.",R,R,R,NYY,DET,X,5.0,ground_ball,1,1,2024,0.91,-0.85,-0.38,2.88,,,,0,4,Bot,95.09,164.2,,,,,2.798880088619934,-114.08751373390594,1.1908740842460614,7.298174942577606,22.983201710931784,-40.05321320987903,4.07,1.89,41.0,97.9,-1.0,77.4,2121.0,5.8,745756,668670,679529,690993,656716,595879,682985,672761,592192,54.71,0.395,0.373,0.0,1.0,0.0,0.0,2.0,27,3,Curveball,0,0,0,0,0,0,0,0,Standard,Standard,40.0,-0.026,-0.243,75.1,7.4,0.429,0.243,97.9,0,0,0.559,0.559,24,32,25,32,2,1,7.0,1.0,5.0,1.0,4.59,-0.91,-0.91,45.0,12.671105480731876,-9.457854566976318,40.29182616337519,37.716039798179224,34.814416670292374
SI,2024-05-03,97.3,-1.63,5.84,"Judge, Aaron",592450,671345,single,hit_into_play,,,,,8.0,Aaron Judge singles on a ground ball to center fielder Parker Meadows.,R,R,R,NYY,DET,X,8.0,ground_ball,1,1,2024,-1.33,0.48,-0.24,2.08,,,,0,9,Bot,115.09,92.69,,,,,6.867945967252409,-141.5735389211814,-5.727195358053274,-19.5061234014781,31.265048629416743,-24.648458315659575,4.07,1.89,10.0,107.5,-11.0,98.6,1915.0,6.9,745756,668670,679529,628451,656716,595879,682985,678009,592192,53.56,0.305,0.286,0.9,1.0,1.0,0.0,2.0,68,3,Sinker,0,1,0,1,1,0,0,1,Standard,Standard,230.0,0.139,0.46,79.5,7.8,0.333,-0.46,107.5,-1,-1,0.2,0.2,28,32,29,32,1,3,3.0,1.0,5.0,1.0,1.92,1.33,1.33,33.0,2.606974727221309,6.824372668657427,49.41518933755514,41.9689991125542,17.514645979662117
SL,2024-05-02,87.8,-1.04,6.22,"Judge, Aaron",592450,680694,field_out,hit_into_play,,,,,6.0,Aaron Judge lines out to left fielder Colton Cowser.,R,R,R,BAL,NYY,X,7.0,line_drive,0,0,2024,0.87,-0.02,0.64,2.9,,683011.0,,1,3,Top,76.92,84.87,,,,,2.293932367192281,-127.90980120306251,-1.917644153617767,9.065182517419986,26.192106446968587,-32.22537731638418,4.07,1.9,308.0,86.7,27.0,88.4,2626.0,6.6,747044,543510,663624,622761,676059,683002,681297,663630,623993,53.9,0.05,0.048,0.0,1.0,0.0,0.0,3.0,21,1,Slider,0,0,0,0,0,0,0,0,Infield shade,Standard,59.0,0.04,-0.263,82.2,8.8,0.083,0.263,88.0,0,0,0.478,0.522,27,32,28,32,2,1,,1.0,6.0,1.0,2.97,-0.87,-0.87,57.5,19.66213305326548,-13.270122186067058,37.05531753142445,49.990016082239435,33.96759950340719
SL,2024-05-01,88.8,-0.94,6.01,"Judge, Aaron",592450,669203,field_out,hit_into_play,,,,,14.0,"Aaron Judge grounds out, shortstop Gunnar Henderson to first baseman Ryan Mountcastle.",R,R,R,BAL,NYY,X,6.0,ground_ball,1,2,2024,0.77,-0.27,0.89,1.83,,665742.0,,0,6,Top,109.33,155.18,,,,,2.86354685681256,-129.37317489816084,-3.642961190035676,8.106262897993997,26.027045185035675,-34.724578313784534,4.07,1.9,11.0,81.6,-8.0,89.2,2982.0,6.4,747048,668939,663624,676059,602104,683002,681297,656775,677008,54.12,0.132,0.125,0.0,1.0,0.0,0.0,2.0,38,5,Slider,0,2,2,0,2,0,2,0,Standard,Standard,100.0,0.023,-0.123,63.1,8.5,0.179,0.123,88.0,-2,2,0.182,0.8180000000000001,29,32,30,32,3,2,5.0,1.0,6.0,1.0,3.15,-0.77,-0.77,43.9,8.544654346926015,-0.7960666010405892,40.72478883790542,52.02053737505973,26.82768353132385
SL,2024-05-01,87.2,-0.86,6.16,"Judge, Aaron",592450,669203,field_out,hit_into_play,,,,,8.0,"Aaron Judge grounds out sharply, third baseman Ramón Urías to first baseman Ryan Mountcastle.",R,R,R,BAL,NYY,X,5.0,ground_ball,1,1,2024,0.75,-0.05,-0.27,2.41,,,,0,4,Top,96.62,164.26,,,,,-0.1231513047029601,-127.19462955675412,-2.883320414068314,8.232455414640409,23.13906420541424,-32.3426981615323,4.07,1.9,15.0,102.5,-8.0,88.2,3031.0,6.6,747048,668939,663624,676059,602104,683002,681297,656775,677008,53.94,0.311,0.293,0.0,1.0,0.0,0.0,2.0,22,3,Slider,0,0,0,0,0,0,0,0,Infield shade,Standard,101.0,0.026,-0.243,71.7,8.0,0.335,0.243,102.5,0,0,0.501,0.499,29,32,30,32,2,1,5.0,1.0,6.0,1.0,3.0,-0.75,-0.75,45.3,10.705265100043022,2.2069626236658015,43.7308203944605,37.98601821184407,29.39187904432398
ST,2024-05-01,82.6,-3.15,5.21,"Judge, Aaron",592450,670990,field_out,hit_into_play,,,,,7.0,Aaron Judge lines out sharply to center fielder Cedric Mullins.,R,R,R,BAL,NYY,X,8.0,line_drive,0,2,2024,1.56,0.14,-0.58,2.22,,,,1,9,Top,134.72,52.96,,,,,2.835999836358732,-120.27900527742064,-0.5392746125727925,14.497907961850888,24.830998612095826,-30.96950644847622,4.07,1.9,362.0,106.8,21.0,83.6,2647.0,7.1,747048,668939,663624,622761,676059,683002,681297,656775,677008,53.43,0.7193207547169809,1.2806415094339625,0.0,1.0,0.0,0.0,6.0,59,3,Sweeper,0,2,2,0,2,0,2,0,Strategic,Standard,61.0,0.004,-0.162,72.2,7.7,2.4227924528301874,0.162,106.8,-2,2,0.086,0.914,29,32,29,32,1,3,8.0,1.0,9.0,1.0,3.22,-1.56,-1.56,30.8,3.9651060576580415,0.7779235094569807,46.768574565213086,37.912250267546085,26.232258011875217
SI,2024-04-30,93.2,-2.03,5.77,"Judge, Aaron",592450,665152,force_out,hit_into_play,,,,,9.0,"Aaron Judge grounds into a force out, shortstop Gunnar Henderson to second baseman Jorge Mateo. Juan Soto out at 2nd.",R,R,R,BAL,NYY,X,6.0,ground_ball,1,0,2024,-1.36,0.74,0.34,2.51,663757.0,,665742.0,2,3,Top,102.96,154.14,,,,,9.050256489405951,-135.39854787315872,-4.214349409465752,-18.708709069997063,29.94143909103076,-22.32675209342588,4.06,1.89,12.0,87.0,-11.0,93.1,2230.0,6.3,747047,543510,663624,622761,676059,683002,681297,656775,623993,54.18,0.134,0.131,0.0,1.0,0.0,0.0,2.0,20,2,Sinker,1,1,1,1,1,1,1,1,Infield shade,Standard,213.0,0.058,-0.317,77.8,8.3,0.154,0.317,88.0,0,0,0.497,0.503,28,32,28,32,2,1,6.0,1.0,5.0,1.0,1.9,1.36,1.36,37.3,11.761486481061672,3.66747099661668,38.12814367285639,46.71801567890033,28.152851677980184
FC,2024-04-30,86.8,-2.12,6.18,"Judge, Aaron",592450,665152,grounded_into_double_play,hit_into_play,,,,,5.0,"Aaron Judge grounds into a double play, third baseman Jordan Westburg to second baseman Jorge Mateo to first baseman Ryan Mountcastle. Juan Soto out at 2nd. Aaron Judge out at 1st.",R,R,R,BAL,NYY,X,5.0,ground_ball,1,1,2024,0.12,0.32,-0.01,2.82,,,665742.0,1,1,Top,101.94,170.89,,,,,4.78625479668513,-126.36425158043848,-2.5329555960612296,0.2984407587479053,24.834058396317506,-28.397163777693592,4.06,1.89,9.0,95.6,-17.0,86.6,2391.0,6.0,747047,543510,663624,622761,676059,683002,681297,656775,623993,54.47,0.166,0.157,0.0,1.0,0.0,0.0,2.0,3,3,Cutter,0,0,0,0,0,0,0,0,Standard,Standard,155.0,0.049,-0.303,79.2,8.0,0.178,0.303,95.6,0,0,0.499,0.501,28,32,28,32,1,0,6.0,1.0,5.0,1.0,2.69,-0.12,-0.12,39.9,9.779238812040871,-0.5489589813307117,39.67678541213144,42.06465416997032,29.797603752447852
SL,2024-04-29,87.8,-2.22,5.69,"Judge, Aaron",592450,680570,field_out,hit_into_play,,,,,9.0,Aaron Judge flies out to right fielder Anthony Santander.,R,R,R,BAL,NYY,X,9.0,fly_ball,2,0,2024,0.53,0.44,0.33,2.57,,,663757.0,2,5,Top,206.0,104.4,,,,,5.164287145039299,-127.91261299255562,-2.4464721978441295,4.858828098333308,24.103581471607335,-27.00013449439757,4.06,1.89,323.0,99.0,33.0,89.6,2506.0,7.1,747046,668939,663624,676059,602104,683002,681297,656775,623993,53.38,0.3524,0.6876666666666665,0.0,1.0,0.0,0.0,5.0,35,3,Slider,1,0,0,1,0,1,0,1,Infield shade,Standard,158.0,0.041,-0.354,77.7,8.0,1.3577333333333332,0.354,99.0,1,-1,0.667,0.3329999999999999,24,32,25,32,3,2,6.0,1.0,19.0,1.0,2.49,-0.53,-0.53,39.8,4.859543975869354,4.474886297335187,41.24044951527873,48.72446718122299,23.301570763667694
SL,2024-04-29,88.9,-2.3,5.8,"Judge, Aaron",592450,680570,single,hit_into_play,,,,,6.0,Aaron Judge singles on a line drive to left fielder Colton Cowser.,R,R,R,BAL,NYY,X,7.0,line_drive,1,1,2024,0.57,0.25,0.65,2.88,,,,2,1,Top,87.59,94.85,,,,,6.107673306010882,-129.48849560833494,-1.702125837809029,5.332984747103498,24.824971517516357,-29.168413610036403,4.06,1.89,227.0,80.0,22.0,90.7,2565.0,7.1,747046,668939,663624,676059,602104,683002,681297,656775,623993,53.36,0.742,0.718,0.9,1.0,1.0,0.0,4.0,3,3,Slider,0,0,0,0,0,0,0,0,Infield shade,Standard,126.0,-0.012,0.344,75.6,8.7,0.882,-0.344,88.0,0,0,0.538,0.4619999999999999,24,32,25,32,1,0,6.0,1.0,19.0,1.0,2.61,-0.57,-0.57,40.5,19.324739607413747,-12.57642048830749,37.36650449571454,49.590504855022346,39.27264816947524
SI,2024-04-29,96.6,-2.37,5.55,"Judge, Aaron",592450,666974,field_out,hit_into_play,,,,,5.0,Aaron Judge flies out to right fielder Anthony Santander.,R,R,R,BAL,NYY,X,9.0,fly_ball,0,0,2024,-1.44,-0.1,-0.13,3.14,,683011.0,,2,7,Top,208.73,94.08,,,,,9.148936470490115,-140.39398392941254,-0.6299846252635146,-21.126466495668133,31.574529774780572,-33.50697487484055,4.06,1.89,330.0,97.8,39.0,95.7,2105.0,5.8,747046,668939,663624,676059,602104,683002,681297,656775,623993,54.68,0.346,0.681,0.0,1.0,0.0,0.0,3.0,53,1,Sinker,1,0,0,1,0,1,0,1,Standard,Standard,256.0,0.066,-0.301,76.5,7.7,1.36,0.301,97.8,1,-1,0.723,0.277,30,32,30,32,1,3,1.0,1.0,4.0,1.0,2.54,1.44,1.44,16.4,8.215320407076378,-0.4622855340869774,37.67845394620963,41.05659885040322,22.83615336040443
FF,2024-04-28,95.5,-1.07,5.9,"Judge, Aaron",592450,668964,field_out,hit_into_play,,,,,1.0,Aaron Judge lines out to right fielder Jackson Chourio.,R,R,R,MIL,NYY,X,9.0,line_drive,1,2,2024,-0.35,1.78,-0.29,3.6,,,,0,4,Top,169.09,88.02,,,,,2.8643537949366293,-139.01220146283214,-4.437697193515556,-5.243442488131174,32.53506662932989,-8.380577426661501,4.04,1.89,297.0,87.5,26.0,96.1,2281.0,6.7,746001,661388,641343,668930,687401,642715,686217,663368,694192,53.78,0.066,0.077,0.0,1.0,0.0,0.0,3.0,25,5,4-Seam Fastball,0,1,1,0,1,0,1,0,Standard,Standard,199.0,0.017,-0.186,69.9,6.8,0.133,0.186,88.0,-1,1,0.383,0.617,25,32,26,32,2,1,5.0,1.0,6.0,1.0,0.73,0.35,0.35,59.0,4.111264705063722,12.708638588502511,36.714661355502585,39.14969172804528,18.27654474732606
FF,2024-04-28,92.8,-1.17,5.63,"Judge, Aaron",592450,676083,single,hit_into_play,,,,,5.0,Aaron Judge singles on a sharp line drive to right fielder Jackson Chourio.,R,R,R,MIL,NYY,X,9.0,line_drive,3,2,2024,-0.29,1.57,-0.11,3.2,,,,0,8,Top,159.76,94.42,,,,,3.370282463494195,-135.11241692757642,-3.8941201851723655,-4.23171353617807,29.088228564422685,-12.340530960211208,4.04,1.89,211.0,103.4,10.0,93.4,2297.0,6.6,746001,661388,641343,668930,687401,642715,686217,663368,694192,53.91,0.813,0.766,0.9,1.0,1.0,0.0,4.0,76,7,4-Seam Fastball,5,13,13,5,13,5,13,5,Strategic,Standard,196.0,0.0,0.369,75.1,7.1,0.963,-0.369,103.4,-8,8,0.002,0.998,28,32,28,32,1,4,1.0,1.0,7.0,1.0,1.08,0.29,0.29,52.1,-3.779375402851918,12.804045869210055,38.48797503423828,43.011760133718184,15.730394281537592
FF,2024-04-28,93.6,-0.97,5.84,"Judge, Aaron",592450,668964,home_run,hit_into_play,,,,,6.0,Aaron Judge homers (6) on a line drive to left center field.,R,R,R,MIL,NYY,X,,line_drive,3,2,2024,-0.59,1.5,0.29,3.26,,,,2,1,Top,75.96,27.39,,,,,4.589115409184996,-136.2597574276585,-4.24926466705591,-8.384421800689244,30.780112223954735,-12.776423751012734,4.04,1.89,441.0,115.9,20.0,94.3,2163.0,6.8,746001,661388,641343,668930,687401,642715,686217,663368,694192,53.75,0.933,2.0,2.0,1.0,0.0,3.0,6.0,3,6,4-Seam Fastball,0,0,0,0,1,0,1,0,Standard,Standard,199.0,-0.098,2.525,80.3,8.4,3.346,-2.525,115.9,0,0,0.536,0.4639999999999999,25,32,26,32,1,0,5.0,1.0,6.0,1.0,1.11,0.59,0.59,59.9,20.697009161537174,0.3307757271851765,35.73183264175071,46.37179811480213,28.456985335851716
SI,2024-04-28,96.4,-2.76,5.51,"Judge, Aaron",592450,665625,single,hit_into_play,,,,,7.0,Aaron Judge singles on a sharp ground ball to left fielder Sal Frelick. Anthony Volpe scores. Juan Soto scores.,R,R,R,MIL,NYY,X,7.0,ground_ball,1,0,2024,-1.6,0.29,-0.31,2.39,683011.0,665742.0,,2,6,Top,72.07,112.24,,,,,10.239600938597675,-139.9589994786179,-3.346164472473446,-23.407522403708324,33.62585673778981,-27.79321328667823,4.04,1.89,20.0,108.2,-6.0,97.0,1857.0,6.9,746001,661388,641343,668930,687401,642715,686217,663368,694192,53.6,0.382,0.358,0.9,1.0,1.0,0.0,2.0,57,2,Sinker,4,9,9,4,11,4,11,4,Standard,Standard,245.0,-0.03,0.706,78.4,8.5,0.4,-0.706,108.2,-5,5,0.046,0.954,27,32,27,32,1,3,2.0,1.0,2.0,1.0,2.19,1.6,1.6,23.8,12.725842548496372,-4.751313876294108,42.66065169256392,39.58727605524537,26.656827392954177
SL,2024-04-27,85.5,-2.34,5.65,"Judge, Aaron",592450,605452,single,hit_into_play,,,,,8.0,Aaron Judge singles on a line drive to left fielder Joey Wiemer.,R,R,R,MIL,NYY,X,7.0,line_drive,0,0,2024,0.63,0.26,-0.17,2.52,,,,2,4,Top,51.67,124.74,,,,,3.8719492931794943,-124.4641138662981,-1.573299670268702,5.632856397619122,27.06821899172133,-29.337815353990106,4.02,1.87,172.0,86.4,16.0,85.9,1939.0,6.7,745998,596142,656555,687401,680911,642715,686894,663368,694192,53.77,0.971,0.928,0.9,1.0,1.0,0.0,4.0,32,1,Slider,1,6,6,1,6,1,6,1,Standard,Standard,153.0,-0.003,0.333,81.7,9.3,1.135,-0.333,88.0,-5,5,0.09,0.91,31,32,31,32,3,2,5.0,1.0,6.0,1.0,2.87,-0.63,-0.63,32.3,27.11609806208657,-25.830662402075735,40.77035598897585,40.87918305057257,42.91342911051045
SL,2024-04-27,89.8,-2.52,6.01,"Judge, Aaron",592450,600986,home_run,hit_into_play,,,,,8.0,Aaron Judge homers (5) on a fly ball to center field. Juan Soto scores.,R,R,R,MIL,NYY,X,,fly_ball,2,2,2024,0.04,0.67,0.17,2.01,,,665742.0,0,6,Top,105.69,31.37,,,,,6.659916689816386,-130.69242646304735,-5.43581573699203,-0.8509176059041994,25.65381727009355,-23.590100560833612,4.02,1.87,417.0,103.9,25.0,91.2,2340.0,7.0,745998,596142,656555,687401,680911,642715,686894,663368,694192,53.53,0.7425245901639347,1.4257540983606556,2.0,1.0,0.0,3.0,6.0,48,5,Slider,1,7,7,1,9,1,9,1,Standard,Standard,165.0,-0.015,1.068,71.8,8.6,2.762475409836064,-1.068,103.9,-6,6,0.023,0.977,31,32,31,32,1,3,5.0,1.0,3.0,1.0,2.14,-0.04,-0.04,47.7,11.111072440709547,-8.49429333661301,42.49266397923222,45.62735867161317,32.219752066794136
CU,2024-04-27,81.7,-1.2,5.59,"Judge, Aaron",592450,676083,grounded_into_double_play,hit_into_play,,,,,5.0,"Aaron Judge grounds into a double play, second baseman Owen Miller to shortstop Joey Ortiz to first baseman Jake Bauers. Taylor Trammell out at 2nd. Aaron Judge out at 1st.",R,R,R,MIL,NYY,X,4.0,ground_ball,1,0,2024,0.51,-1.15,0.02,2.6,,,666211.0,0,7,Top,151.26,157.0,,,,,1.790224963064983,-119.01781731749658,2.0997559269944785,4.500452447932967,23.53181666306508,-43.75134257684463,4.02,1.87,82.0,109.1,3.0,82.4,2557.0,6.7,745998,596142,641343,680911,686554,687401,686894,663368,694192,53.75,0.574,0.516,0.0,1.0,0.0,0.0,4.0,60,2,Curveball,1,11,11,1,11,1,11,1,Standard,Standard,39.0,0.0,-0.394,78.5,7.3,0.62,0.394,109.1,-10,10,0.001,0.999,28,32,28,32,1,4,,1.0,1.0,1.0,4.57,-0.51,-0.51,52.7,-8.092290774248646,5.6622374392102115,43.96701670236631,43.25168585219148,20.42370838582148
ST,2024-04-26,81.1,-2.0,5.58,"Judge, Aaron",592450,607067,field_out,hit_into_play,,,,,5.0,Aaron Judge flies out to right fielder Jackson Chourio.,R,R,R,MIL,NYY,X,9.0,fly_ball,1,1,2024,1.11,-0.44,-0.02,2.93,,,,1,5,Top,152.58,96.54,,,,,2.29844511451813,-118.014793407248,1.6003382652696736,9.894345195681565,24.110384878778195,-36.82100512631749,4.02,1.87,265.0,96.4,51.0,81.1,2103.0,6.4,746000,661388,656555,668930,687401,642715,686217,663368,694192,54.05,0.005,0.005,0.0,1.0,0.0,0.0,3.0,41,3,Sweeper,4,5,5,4,5,4,5,4,Standard,Standard,57.0,0.017,-0.243,77.5,7.8,0.007,0.243,96.4,-1,1,0.387,0.613,33,32,34,32,3,2,5.0,1.0,5.0,1.0,3.93,-1.11,-1.11,38.7,14.146405300296673,-11.887758069437638,41.603948725630715,40.772288841746935,35.66873149754722
SI,2024-04-26,96.2,-2.78,5.6,"Judge, Aaron",592450,665625,grounded_into_double_play,hit_into_play,,,,,9.0,"Aaron Judge grounds into a double play, shortstop Willy Adames to second baseman Brice Turang to first baseman Rhys Hoskins. Juan Soto out at 2nd. Aaron Judge out at 1st.",R,R,R,MIL,NYY,X,6.0,ground_ball,2,1,2024,-1.44,0.47,0.34,1.86,,,665742.0,0,8,Top,114.71,152.93,,,,,11.579541442091758,-139.53467998366096,-5.392367747925252,-21.47847601230452,31.758138500286837,-24.99072744232962,4.02,1.87,6.0,76.5,-16.0,96.4,1996.0,6.6,746000,661388,656555,668930,687401,642715,686217,663368,694192,53.9,0.047,0.054,0.0,1.0,0.0,0.0,2.0,61,4,Sinker,5,5,5,5,5,5,5,5,Standard,Standard,242.0,0.16,-0.388,79.3,8.3,0.049,0.388,88.0,0,0,0.422,0.5780000000000001,27,32,27,32,1,3,2.0,1.0,2.0,1.0,2.01,1.44,1.44,23.8,7.088465281005886,4.4277877697841195,44.06909315291891,46.7337468528976,25.03231556186331
SL,2024-04-25,87.7,-2.52,6.05,"Judge, Aaron",592450,695243,field_out,hit_into_play,,,,,4.0,Aaron Judge flies out to right fielder Lawrence Butler.,R,R,R,NYY,ATH,X,9.0,fly_ball,1,1,2024,0.99,-0.4,-0.47,3.1,,,683011.0,2,9,Bot,183.86,92.73,,,,,2.9462813360731,-127.75272771505212,-0.138623268308156,10.087187934424875,28.076132129631524,-36.7080814319028,4.03,1.88,301.0,97.5,41.0,88.7,2268.0,7.0,745755,669127,676116,680474,687231,669397,665923,668709,671732,53.47,0.177,0.35,0.0,1.0,0.0,0.0,3.0,72,3,Slider,1,3,1,3,3,1,1,3,Standard,Standard,46.0,-0.046,-0.256,75.1,7.6,0.693,0.256,97.5,-2,-2,0.046,0.046,25,32,26,32,1,4,3.0,1.0,1.0,1.0,3.37,-0.99,-0.99,35.0,8.466353049404201,1.5316169540177846,36.34356838050929,38.65614096015667,27.326782716322885
FF,2024-04-24,96.2,-0.47,6.41,"Judge, Aaron",592450,671212,single,hit_into_play,,,,,14.0,Aaron Judge singles on a ground ball to right fielder Lawrence Butler.,R,R,R,NYY,ATH,X,9.0,ground_ball,1,2,2024,-0.23,1.12,0.85,2.87,,,,0,3,Bot,163.45,123.94,,,,,4.061064697021063,-139.96396577414083,-6.430708862702944,-3.9657545036999022,32.10074854307667,-16.138085164996653,4.03,1.87,11.0,99.9,-13.0,97.1,2427.0,6.9,745753,669127,676116,647351,663527,669397,664913,668709,671732,53.63,0.25,0.242,0.9,1.0,1.0,0.0,2.0,23,4,4-Seam Fastball,2,0,2,0,0,2,2,0,Standard,Standard,191.0,0.029,0.516,70.0,7.0,0.284,-0.516,99.9,2,2,0.76,0.76,24,32,25,32,2,1,5.0,1.0,5.0,1.0,1.34,0.23,0.23,54.7,-8.962638335172757,20.367264708745537,37.84467281438227,53.212536999327654,7.329775675609883
FF,2024-04-24,91.2,1.18,6.74,"Judge, Aaron",592450,666205,grounded_into_double_play,hit_into_play,,,,,5.0,"Aaron Judge grounds into a double play, third baseman Tyler Nevin to second baseman Abraham Toro to first baseman Ryan Noda.   Anthony Volpe out at 2nd.    Aaron Judge out at 1st.",R,R,L,NYY,ATH,X,5.0,ground_ball,2,1,2024,-0.02,0.88,-0.2,2.95,,,683011.0,1,8,Bot,108.11,178.87,,,,,-3.465025200057639,-132.86513355243065,-5.6257146341382525,0.4537179580261625,26.43598852714637,-20.817355240091324,4.03,1.87,33.0,105.4,-4.0,92.3,2325.0,6.7,745753,669127,676116,647351,663527,669397,664913,668709,671732,53.77,0.384,0.369,0.0,1.0,0.0,0.0,2.0,69,4,4-Seam Fastball,7,3,7,3,3,7,7,3,Standard,Standard,170.0,-0.003,-0.349,79.4,7.8,0.402,0.349,105.4,4,4,0.988,0.988,26,32,27,32,1,4,5.0,1.0,4.0,1.0,1.84,-0.02,0.02,56.7,12.208156635383672,-3.7881989369510247,36.63402930464903,40.64296804716205,33.530133460347464
FF,2024-04-24,97.3,-0.28,6.52,"Judge, Aaron",592450,671212,home_run,hit_into_play,,,,,6.0,Aaron Judge homers (4) on a fly ball to right field.    Juan Soto scores.,R,R,R,NYY,ATH,X,,fly_ball,1,2,2024,-0.22,1.34,0.8,2.8,,665742.0,,1,1,Bot,203.42,69.1,,,,,3.4319816224344555,-141.5806379360487,-7.627967981580835,-3.667107255780933,31.85282052625935,-12.551996028374091,4.03,1.87,361.0,103.2,27.0,98.4,2507.0,6.9,745753,669127,676116,647351,663527,669397,664913,668709,671732,53.64,0.6704423076923078,1.3089615384615385,2.0,1.0,0.0,3.0,6.0,8,4,4-Seam Fastball,0,0,0,0,0,2,2,0,Standard,Standard,193.0,0.159,1.368,78.2,7.7,2.549269230769231,-1.368,103.2,0,0,0.558,0.558,24,32,25,32,1,0,5.0,1.0,5.0,1.0,1.06,0.22,0.22,56.7,5.564343538995961,7.786580191598746,37.10203340951893,51.7424343381964,23.686465481727573
FF,2024-04-24,94.5,-0.17,6.36,"Judge, Aaron",592450,666204,field_out,hit_into_play,,,,,4.0,"Aaron Judge grounds out, shortstop Nick Allen to first baseman Ryan Noda.",R,R,R,NYY,ATH,X,6.0,ground_ball,1,2,2024,-0.57,1.41,-0.55,2.97,,,,2,6,Bot,116.74,162.09,,,,,0.2788152223054928,-137.54496428396556,-6.239823095615148,-7.316352729480335,31.345505739763063,-13.157453625427491,4.03,1.87,42.0,98.1,-1.0,93.7,2207.0,5.9,745753,669127,676116,647351,663527,669397,664913,668709,671732,54.61,0.395,0.373,0.0,1.0,0.0,0.0,2.0,54,5,4-Seam Fastball,6,3,6,3,3,6,6,3,Standard,Standard,199.0,-0.004,-0.18,84.2,7.3,0.429,0.18,98.1,3,3,0.897,0.897,30,32,31,32,1,3,3.0,1.0,5.0,1.0,1.15,0.57,0.57,60.3,-1.4037891473940824,-1.2190780730970308,47.01985624262268,36.07566529699153,21.81256940735212
SL,2024-04-24,87.9,-1.11,6.31,"Judge, Aaron",592450,547184,field_out,hit_into_play,,,,,4.0,Aaron Judge lines out sharply to center fielder JJ Bleday.,R,R,R,NYY,ATH,X,8.0,line_drive,1,0,2024,0.65,-0.17,-0.44,3.2,,,,1,4,Bot,117.13,74.24,,,,,0.2882428303229951,-128.11062932795667,-1.0811252018128932,7.077084658767654,26.62388659042348,-34.04496353863077,4.03,1.87,312.0,106.3,17.0,87.5,2740.0,5.9,745753,669127,676116,647351,663527,669397,664913,668709,671732,54.57,0.39,0.557,0.0,1.0,0.0,0.0,5.0,36,2,Slider,4,0,4,0,0,4,4,0,Standard,Standard,94.0,-0.006,-0.295,71.1,7.3,0.981,0.295,106.3,4,4,0.906,0.906,31,32,32,32,1,2,4.0,1.0,3.0,1.0,3.11,-0.65,-0.65,39.1,11.120022197749352,1.0934389879688402,39.80988161614633,37.70855793317937,23.273774470960145
ST,2024-04-23,80.6,-2.08,6.0,"Judge, Aaron",592450,621112,field_out,hit_into_play,,,,,6.0,Aaron Judge flies out sharply to center fielder Esteury Ruiz.,R,R,R,NYY,ATH,X,8.0,fly_ball,0,1,2024,1.07,-0.35,0.49,2.57,,,,0,6,Bot,150.18,42.0,,,,,3.69386601575053,-117.36230110587502,-0.2353438043519662,9.013812943585249,24.30601196682347,-35.61302379787409,4.04,1.88,392.0,104.0,26.0,80.5,2560.0,6.4,745754,669127,676116,680869,663527,669397,664913,665923,671732,54.13,0.7614576271186437,1.502966101694915,0.0,1.0,0.0,0.0,6.0,47,2,Sweeper,4,3,4,3,3,4,4,3,Standard,Standard,52.0,-0.018,-0.217,74.2,8.0,2.931644067796611,0.217,104.0,1,1,0.737,0.737,30,32,31,32,3,2,6.0,1.0,5.0,1.0,3.89,-1.07,-1.07,53.3,9.574889761107237,-1.5054126389724722,40.38374920266955,49.674569051423006,31.433112833711444
FF,2024-04-23,91.8,-1.85,6.12,"Judge, Aaron",592450,621112,field_out,hit_into_play,,,,,3.0,Aaron Judge flies out to right fielder Lawrence Butler.,R,R,R,NYY,ATH,X,9.0,fly_ball,2,2,2024,-0.02,1.06,0.82,3.44,,,,0,3,Bot,168.56,89.5,,,,,6.796849803984161,-133.5105532183612,-3.23448750627446,-1.5935366284958925,27.77171105470591,-18.98771315159321,4.04,1.88,292.0,84.4,31.0,92.1,2289.0,6.4,745754,669127,676116,680869,663527,669397,664913,665923,671732,54.1,0.026,0.028,0.0,1.0,0.0,0.0,3.0,27,5,4-Seam Fastball,4,2,4,2,2,4,4,2,Standard,Standard,191.0,-0.013,-0.227,72.9,7.5,0.048,0.227,88.0,2,2,0.762,0.762,30,32,31,32,2,1,6.0,1.0,5.0,1.0,1.64,0.02,0.02,59.2,14.277362258365978,8.848686783627087,30.017737863732744,53.58809521276583,27.35271671300311
SI,2024-04-23,91.8,-2.0,6.19,"Judge, Aaron",592450,621112,double,hit_into_play,,,,,4.0,Aaron Judge doubles (6) on a ground ball to left fielder Seth Brown. Juan Soto to 3rd.,R,R,R,NYY,ATH,X,7.0,ground_ball,2,2,2024,-1.03,0.7,-0.33,3.05,,,665742.0,1,1,Bot,55.83,130.04,,,,,6.437587350154273,-133.51558595009976,-3.5832830022543223,-13.742295957195395,29.97493094034949,-23.215179808330586,4.04,1.88,8.0,95.3,-20.0,91.5,1950.0,6.2,745754,669127,676116,680869,663527,669397,664913,665923,671732,54.26,0.171,0.172,1.25,1.0,1.0,1.0,2.0,8,6,Sinker,0,1,0,1,1,0,0,1,Standard,Standard,202.0,0.091,0.833,75.0,7.6,0.224,-0.833,95.3,-1,-1,0.447,0.447,30,32,31,32,1,0,6.0,1.0,5.0,1.0,2.02,1.03,1.03,49.7,14.985639994440987,-3.6961187283525647,35.78084794754092,39.14060479828228,31.962411594498025
FF,2024-04-22,92.3,1.37,4.94,"Judge, Aaron",592450,676664,field_out,hit_into_play,,,,,6.0,Aaron Judge flies out sharply to right fielder Tyler Nevin.,R,R,L,NYY,ATH,X,9.0,fly_ball,2,2,2024,0.81,1.12,0.36,3.17,,,,2,6,Bot,156.53,115.09,,,,,-4.351167993183365,-134.1831104767235,-1.0127794856329124,10.82059052438682,34.412175548364274,-18.79849885622091,4.07,1.88,224.0,104.3,59.0,91.8,2002.0,6.5,745757,669127,676116,680869,647351,669397,680474,665923,663527,54.01,0.005,0.005,0.0,1.0,0.0,0.0,3.0,43,5,4-Seam Fastball,0,0,0,0,0,0,0,0,Standard,Standard,140.0,-0.015,-0.219,81.4,8.4,0.008,0.219,104.3,0,0,0.515,0.515,28,32,28,32,3,2,6.0,1.0,5.0,1.0,1.6,0.81,-0.81,27.9,17.04629220053968,-8.971889644090702,34.89588259593058,46.458099211557865,35.74510807189993
CH,2024-04-22,85.1,1.62,4.59,"Judge, Aaron",592450,676664,grounded_into_double_play,hit_into_play,,,,,14.0,"Aaron Judge grounds into a double play, shortstop Nick Allen to second baseman Zack Gelof to first baseman Ryan Noda. Anthony Volpe out at 2nd. Aaron Judge out at 1st.",R,R,L,NYY,ATH,X,6.0,ground_ball,1,2,2024,1.46,0.0,0.63,1.64,,,683011.0,1,1,Bot,105.39,149.65,,,,,-5.244821555525604,-123.81232479471949,-0.5591433888938611,16.07627407549485,26.10490487000636,-32.28647270543584,4.07,1.88,28.0,94.8,-2.0,84.6,1939.0,6.1,745757,669127,676116,680869,647351,669397,680474,665923,663527,54.39,0.313,0.296,0.0,1.0,0.0,0.0,2.0,6,4,Changeup,0,0,0,0,0,0,0,0,Standard,Standard,106.0,-0.044,-0.244,68.8,8.4,0.343,0.244,94.8,0,0,0.544,0.544,28,32,28,32,1,0,6.0,1.0,5.0,1.0,3.16,1.46,-1.46,16.2,6.098564723031506,-1.61012928916642,41.81825947691534,50.204181372492904,29.181977090167617
FC,2024-04-21,86.6,-0.77,6.48,"Judge, Aaron",592450,650644,field_out,hit_into_play,,,,,14.0,"Aaron Judge grounds out, shortstop José Caballero to first baseman Austin Shenton.",R,R,R,NYY,TB,X,6.0,ground_ball,2,1,2024,0.51,0.65,0.93,2.63,,,,1,5,Bot,102.46,159.21,,,,,2.9802099084066676,-126.10704417161024,-4.299792169985082,4.88416622974156,24.62700920601853,-24.626356894790263,4.08,1.88,11.0,70.6,-13.0,86.1,2703.0,5.8,745759,666163,668853,678554,670623,676609,680700,668227,642708,54.69,0.034,0.086,0.0,1.0,0.0,0.0,2.0,40,4,Cutter,1,1,1,1,1,1,1,1,Standard,Standard,144.0,-0.025,-0.302,77.3,8.5,0.034,0.302,88.0,0,0,0.54,0.54,29,32,29,32,3,2,5.0,1.0,6.0,1.0,2.38,-0.51,-0.51,47.2,17.48043885880849,-8.9046242963309,36.42865712529197,54.15106441696936,32.75285851786215
CU,2024-04-21,76.4,-0.86,6.62,"Judge, Aaron",592450,650644,single,hit_into_play,,,,,4.0,Aaron Judge singles on a ground ball to third baseman Isaac Paredes.,R,R,R,NYY,TB,X,5.0,ground_ball,0,0,2024,1.08,-1.36,-0.31,2.82,,,,0,3,Bot,94.92,168.23,,,,,-0.7564437029380267,-111.19749159448004,1.5887482611895556,8.956904479367585,23.695317152682257,-43.91145031318668,4.08,1.88,112.0,88.0,10.0,75.0,3032.0,5.7,745759,666163,668853,678554,670623,676609,680700,668227,642708,54.84,0.561,0.505,0.9,1.0,1.0,0.0,4.0,24,1,Curveball,1,1,1,1,1,1,1,1,Standard,Standard,40.0,0.04,0.448,77.6,8.0,0.607,-0.448,88.0,0,0,0.555,0.555,29,32,29,32,2,1,5.0,1.0,6.0,1.0,5.33,-1.08,-1.08,49.4,19.149427775314077,-14.450414029939845,40.725728675961776,40.25755686082947,39.7430043323207
FC,2024-04-19,83.6,1.27,5.75,"Judge, Aaron",592450,641302,field_out,hit_into_play,,,,,4.0,Aaron Judge flies out sharply to right fielder Amed Rosario.,R,R,L,NYY,TB,X,9.0,fly_ball,1,0,2024,-0.36,0.98,-0.38,3.1,,665828.0,,2,3,Bot,167.48,71.56,,,,,-3.0999604608954625,-121.72479719122272,-1.5582916430464735,-2.9159500577888657,26.160571234660846,-22.358650678686057,4.07,1.87,332.0,105.1,44.0,83.3,2394.0,6.2,745758,666163,650490,678554,670623,676609,680700,668227,642708,54.26,0.197,0.388,0.0,1.0,0.0,0.0,5.0,24,2,Cutter,0,0,0,0,0,0,0,0,Infield shade,Standard,194.0,-0.039,-0.315,78.8,7.6,0.751,0.315,105.1,0,0,0.539,0.539,29,32,30,32,2,1,5.0,2.0,5.0,1.0,2.3,-0.36,0.36,37.1,12.33665787854232,-3.3702708622318833,37.49366840692273,40.29842804562388,32.854916840819044
SI,2024-04-19,93.6,-1.9,5.81,"Judge, Aaron",592450,542888,single,hit_into_play,,,,,13.0,Aaron Judge singles on a line drive to left fielder Richie Palacios.,R,R,R,NYY,TB,X,7.0,line_drive,1,1,2024,-1.23,0.97,-1.17,2.81,,,,1,6,Bot,100.86,91.45,,,,,4.629157976960115,-136.178506768592,-4.12047697043283,-16.34794589401707,31.34045091390844,-19.42191541995668,4.07,1.87,195.0,87.1,17.0,93.9,2185.0,6.6,745758,666163,650490,678554,670623,676609,680700,668227,642708,53.94,0.908,0.868,0.9,1.0,1.0,0.0,4.0,46,3,Sinker,0,1,0,1,1,0,0,1,Standard,Standard,216.0,0.046,0.434,72.1,7.2,1.063,-0.434,88.0,-1,-1,0.355,0.355,33,32,34,32,1,2,2.0,2.0,5.0,1.0,1.64,1.23,1.23,36.8,4.152005199768285,2.6310533260957376,46.742195887434086,30.366740544662942,22.93998890375306
FF,2024-04-17,95.9,-2.22,5.84,"Judge, Aaron",592450,592332,grounded_into_double_play,hit_into_play,,,,,13.0,"Aaron Judge grounds into a double play, shortstop Bo Bichette to second baseman Davis Schneider to first baseman Vladimir Guerrero Jr. Juan Soto out at 2nd. Aaron Judge out at 1st.",R,R,R,TOR,NYY,X,6.0,ground_ball,2,1,2024,-0.63,1.59,-1.12,2.82,,,665742.0,0,3,Top,107.07,133.45,,,,,4.376395171527184,-139.42577094862347,-5.961350232225324,-9.296576425239294,34.777221563937644,-10.299746609387093,4.05,1.87,118.0,89.8,8.0,95.9,2282.0,6.6,744948,672386,665489,676914,624415,666182,662139,595281,543807,53.9,0.529,0.502,0.0,1.0,0.0,0.0,4.0,23,4,4-Seam Fastball,2,0,0,2,0,2,0,2,Standard,Standard,210.0,0.09,-0.388,,,0.618,0.388,89.8,2,-2,0.664,0.3359999999999999,33,32,33,32,2,1,5.0,1.0,6.0,2.0,0.91,0.63,0.63,41.6,,,,,
SI,2024-04-17,93.5,1.71,6.07,"Judge, Aaron",592450,641835,single,hit_into_play,,,,,7.0,Aaron Judge singles on a sharp ground ball to shortstop Bo Bichette. Alex Verdugo scores. Jose Trevino scores. Juan Soto to 3rd.,R,R,L,TOR,NYY,X,6.0,ground_ball,3,2,2024,1.41,0.53,-0.57,2.07,657077.0,624431.0,665742.0,2,9,Top,89.64,132.68,,,,,-9.046528161804943,-135.8154541100472,-5.775836058571185,19.474406380401614,29.242305790108254,-24.45885894801279,4.06,1.86,33.0,105.7,-2.0,94.1,1995.0,6.7,744948,672386,665489,643396,676391,666182,662139,595281,543807,53.83,0.463,0.423,0.9,1.0,1.0,0.0,4.0,73,6,Sinker,4,4,4,4,6,4,6,4,Strategic,Standard,133.0,-0.339,0.429,74.9,8.0,0.496,-0.429,105.7,0,0,0.415,0.585,32,32,32,32,1,4,2.0,1.0,2.0,2.0,2.08,1.41,-1.41,39.3,8.568442663951982,-2.5174129201554525,46.67262135808687,36.489989739786246,31.02026378343625
FF,2024-04-16,94.2,2.49,5.25,"Judge, Aaron",592450,579328,field_out,hit_into_play,,,,,4.0,Aaron Judge flies out to right fielder George Springer.,R,R,L,TOR,NYY,X,9.0,fly_ball,0,0,2024,0.64,1.35,-0.4,3.13,,,665742.0,0,6,Top,188.47,107.71,,,,,-9.041263663160915,-136.95141011008906,-2.7985020319500555,10.08662690533174,30.389396240284483,-14.791583859580353,4.05,1.87,275.0,86.1,41.0,95.2,2278.0,6.9,744944,643376,665489,643396,676391,666182,676914,662139,543807,53.56,0.003,0.002,0.0,1.0,0.0,0.0,3.0,45,1,4-Seam Fastball,3,1,1,3,1,3,1,3,Standard,Standard,145.0,0.05,-0.246,75.1,7.4,0.005,0.246,88.0,2,-2,0.724,0.276,33,32,33,32,3,2,6.0,1.0,6.0,1.0,1.23,0.64,-0.64,39.9,7.242602567555965,8.452936862460978,38.05858005876599,38.6280848597293,22.582281905372582
ST,2024-04-16,86.3,-2.35,5.01,"Judge, Aaron",592450,554340,field_out,hit_into_play,,,,,9.0,Aaron Judge pops out to first baseman Vladimir Guerrero Jr.,R,R,R,TOR,NYY,X,3.0,popup,1,2,2024,1.01,0.82,0.45,2.47,,,,1,8,Top,149.77,174.61,,,,,4.579313834147084,-125.64027458795366,-1.518162390029654,9.772134240531958,24.665760473008763,-23.323860628994904,4.05,1.87,90.0,81.3,71.0,85.8,2748.0,5.9,744944,643376,665489,643396,676391,666182,676914,662139,543807,54.61,0.003,0.002,0.0,1.0,0.0,0.0,3.0,65,5,Sweeper,5,3,3,5,3,5,3,5,Infield shade,Standard,73.0,0.019,-0.182,,,0.003,0.182,88.0,2,-2,0.906,0.0939999999999999,33,32,34,32,1,3,1.0,1.0,3.0,1.0,2.22,-1.01,-1.01,29.1,,,,,
SI,2024-04-15,93.5,-1.57,5.52,"Judge, Aaron",592450,605135,field_out,hit_into_play,,,,,1.0,"Aaron Judge grounds out, third baseman Isiah Kiner-Falefa to first baseman Vladimir Guerrero Jr. Anthony Volpe to 3rd.",R,R,R,TOR,NYY,X,5.0,ground_ball,3,2,2024,-1.3,0.66,-0.75,3.38,,683011.0,,1,3,Top,104.28,171.34,,,,,4.973603259215209,-136.15183687981104,-1.2409871296217934,-17.240332926676107,29.393876745712397,-23.87680056919037,4.06,1.87,4.0,74.0,-43.0,93.9,2107.0,6.5,744951,672386,665489,624415,643396,666182,662139,595281,543807,54.04,0.134,0.142,0.0,1.0,0.0,0.0,2.0,24,7,Sinker,2,1,1,2,1,2,1,2,Standard,Standard,217.0,0.04,-0.273,68.4,6.7,0.134,0.273,88.0,1,-1,0.586,0.414,35,32,35,32,2,1,6.0,1.0,6.0,1.0,1.94,1.3,1.3,39.6,2.295494949200807,10.454115820898432,37.4086736441702,34.67140084118551,17.929257344007105
SI,2024-04-15,96.2,-2.46,5.1,"Judge, Aaron",592450,554340,field_out,hit_into_play,,,,,13.0,Aaron Judge lines out to right fielder George Springer.,R,R,R,TOR,NYY,X,9.0,line_drive,2,1,2024,-1.26,0.82,-0.85,2.72,,,,1,9,Top,171.72,99.72,,,,,7.099996796955435,-139.90475590299505,-2.606689297374995,-18.110403966483343,31.436896118483823,-20.95820360198964,4.06,1.87,273.0,82.3,29.0,95.9,2366.0,6.2,744951,672386,665489,624415,643396,666182,662139,595281,543807,54.34,0.082,0.087,0.0,1.0,0.0,0.0,3.0,64,4,Sinker,3,1,1,3,1,3,1,3,Standard,Standard,221.0,0.03,-0.302,68.6,7.2,0.135,0.302,88.0,2,-2,0.958,0.042,33,32,34,32,1,3,2.0,1.0,1.0,1.0,1.64,1.26,1.26,28.8,-2.153304060112446,4.842846581657626,45.28977197125688,34.77127086233786,22.964470394604085
FF,2024-04-14,91.2,1.96,5.3,"Judge, Aaron",592450,671106,field_out,hit_into_play,,,,,6.0,Aaron Judge lines out sharply to right fielder Ramón Laureano.,R,R,L,CLE,NYY,X,9.0,line_drive,2,1,2024,0.39,1.06,0.49,3.22,,,665742.0,1,5,Top,173.86,61.05,,,,,-4.516051169560209,-132.83387832512787,-1.6889146553119572,5.5275862036236525,24.88054367833042,-19.344046937936067,4.01,1.85,361.0,107.7,18.0,91.3,2249.0,6.0,746648,595978,681807,665926,608070,672356,680757,671289,657656,54.48,0.5627619047619048,0.8861904761904762,0.0,1.0,0.0,0.0,6.0,39,4,4-Seam Fastball,2,4,4,2,4,2,4,2,Standard,Standard,156.0,0.026,-0.29,75.7,7.4,1.602714285714286,0.29,107.7,-2,2,0.244,0.756,25,32,26,32,3,2,5.0,1.0,6.0,1.0,1.65,0.39,-0.39,43.9,4.241447584196293,16.736782868421933,36.302293331535154,49.172976954799346,19.932359652628215
ST,2024-04-14,79.2,1.98,5.27,"Judge, Aaron",592450,671106,home_run,hit_into_play,,,,,7.0,Aaron Judge homers (3) on a fly ball to left center field. Anthony Volpe scores. Juan Soto scores.,R,R,L,CLE,NYY,X,,fly_ball,0,0,2024,-1.34,0.22,-0.3,2.52,683011.0,,665742.0,1,3,Top,68.53,17.32,,,,,-2.4807128893105483,-115.38462224504072,0.3334504324736944,-11.502137884220744,21.110014848327925,-30.51935362180318,4.01,1.85,456.0,114.0,36.0,79.4,2325.0,6.3,746648,595978,681807,665926,608070,672356,680757,671289,657656,54.19,0.9455,2.0,2.0,1.0,0.0,3.0,6.0,20,1,Sweeper,0,0,0,0,3,0,3,0,Standard,Standard,286.0,-0.206,1.158,77.4,8.6,3.792,-1.158,114.0,0,0,0.425,0.575,25,32,26,32,2,1,5.0,1.0,6.0,1.0,3.4,-1.34,1.34,40.6,12.998653501877202,-7.65418132306224,45.78467604148869,39.171744453656295,37.09702653102926
SL,2024-04-13,84.9,-1.41,5.81,"Judge, Aaron",592450,471911,single,hit_into_play,,,,,4.0,Aaron Judge singles on a sharp ground ball to center fielder Tyler Freeman.,R,R,R,CLE,NYY,X,8.0,ground_ball,1,1,2024,0.39,0.13,-0.78,3.0,,,,2,5,Top,115.78,106.54,,,,,0.7006271142240157,-123.87062410915809,-0.706490082308505,3.9975679969880025,18.014580581659448,-30.816722614207492,4.02,1.85,144.0,101.1,8.0,86.5,2374.0,6.6,746656,666310,647304,665926,608070,677587,680757,671289,686823,53.92,0.626,0.565,0.9,1.0,1.0,0.0,4.0,36,3,Slider,0,1,1,0,1,0,1,0,Strategic,Standard,132.0,-0.014,0.344,,,0.705,-0.344,101.1,-1,1,0.405,0.595,37,32,37,32,3,2,7.0,3.0,5.0,0.0,2.94,-0.39,-0.39,36.6,,,,,
ST,2024-04-13,81.1,-1.5,5.72,"Judge, Aaron",592450,471911,double_play,hit_into_play,,,,,2.0,"Guardians challenged (tag play), call on the field was overturned: Aaron Judge flies into a double play, center fielder Tyler Freeman to first baseman Josh Naylor. Juan Soto out at 1st.",R,R,R,CLE,NYY,X,8.0,fly_ball,2,2,2024,0.75,0.24,-0.1,3.44,,,665742.0,0,3,Top,121.71,100.42,,,,,1.7136267325575134,-118.2428005700291,0.952684553338977,6.796480167210347,19.20844239629464,-30.19808801061259,4.02,1.85,247.0,106.6,57.0,82.6,2571.0,6.9,746656,666310,647304,665926,608070,677587,680757,671289,686823,53.65,0.008,0.01,0.0,1.0,0.0,0.0,3.0,21,5,Sweeper,0,1,1,0,1,0,1,0,Standard,Standard,69.0,0.07,-0.233,79.4,8.1,0.019,0.233,106.6,-1,1,0.356,0.644,37,32,37,32,2,1,7.0,3.0,5.0,0.0,3.17,-0.75,-0.75,31.0,20.09033851256429,-13.04407733916688,34.839333089053326,40.08299111548345,37.92545942862634
FF,2024-04-13,90.7,-1.48,6.42,"Judge, Aaron",592450,663474,field_out,hit_into_play,,,,,9.0,"Aaron Judge grounds out, shortstop Brayan Rocchio to first baseman Josh Naylor.",R,R,R,CLE,NYY,X,6.0,ground_ball,1,1,2024,-0.39,1.84,0.37,1.99,,,,1,3,Top,118.41,159.26,,,,,5.555151798756189,-131.6916415636232,-9.181393861537504,-5.8347234605526275,29.9402203717356,-9.029775234593524,4.01,1.86,22.0,82.5,-3.0,92.0,2145.0,7.4,746658,681807,647304,665926,672356,677587,680757,657656,664314,53.13,0.132,0.132,0.0,1.0,0.0,0.0,2.0,18,3,4-Seam Fastball,0,2,2,0,2,0,2,0,Standard,Standard,185.0,0.012,-0.243,80.3,8.4,0.132,0.243,88.0,-2,2,0.307,0.6930000000000001,26,32,27,32,2,1,5.0,0.0,6.0,1.0,0.96,0.39,0.39,57.1,12.9498424650763,-2.8320657252497567,43.25027630880084,47.351005450213094,32.36591298912761
SL,2024-04-13,86.9,-1.55,5.69,"Judge, Aaron",592450,641149,field_out,hit_into_play,,,,,7.0,"Aaron Judge grounds out, shortstop Brayan Rocchio to first baseman Josh Naylor.",R,R,R,CLE,NYY,X,6.0,ground_ball,3,2,2024,0.25,0.08,-0.46,2.33,,,,0,8,Top,117.76,146.83,,,,,2.1237646366295464,-126.6015366206723,-2.101841038239405,2.2539595179468557,23.797972617931674,-31.091426167583105,4.01,1.86,37.0,107.7,-2.0,88.0,2680.0,6.7,746658,681807,647304,665926,672356,677587,664314,657656,686823,53.75,0.45,0.405,0.0,1.0,0.0,0.0,4.0,65,6,Slider,1,8,8,1,8,1,8,1,Standard,Standard,164.0,0.0,-0.333,77.2,7.4,0.461,0.333,107.7,-7,7,0.004,0.996,31,32,32,32,1,4,10.0,0.0,4.0,1.0,2.91,-0.25,-0.25,36.6,1.7331059537284474,4.276953427304363,44.47766673773642,37.36865778935778,24.41370814711494
FF,2024-04-13,92.3,-0.78,5.33,"Judge, Aaron",592450,669212,field_out,hit_into_play,,,,,5.0,Aaron Judge flies out to right fielder Ramón Laureano.,R,R,R,CLE,NYY,X,9.0,fly_ball,3,2,2024,-1.67,1.32,0.27,2.56,,,,0,7,Top,216.03,104.82,,,,,6.354500610619747,-134.26795141740524,-4.114807303085386,-21.52399983426242,30.049420207445735,-15.53207466114487,4.02,1.85,321.0,98.6,37.0,92.9,2332.0,6.7,746656,666310,647304,665926,608070,677587,680757,671289,657656,53.79,0.2643333333333333,0.5216666666666666,0.0,1.0,0.0,0.0,5.0,55,7,4-Seam Fastball,2,3,3,2,3,2,3,2,Strategic,Standard,229.0,0.03,-0.333,74.4,8.1,1.0331666666666666,0.333,98.6,-1,1,0.302,0.698,28,32,28,32,1,3,3.0,3.0,2.0,0.0,1.37,1.67,1.67,33.7,5.254621818873712,5.3473327273067035,40.891291423085,46.04848584332423,23.66528798665056
FF,2024-04-13,90.1,-1.64,6.46,"Judge, Aaron",592450,663474,field_error,hit_into_play,,,,,5.0,Aaron Judge reaches on a throwing error by second baseman Andrés Giménez. Anthony Volpe to 3rd. Juan Soto to 2nd.,R,R,R,CLE,NYY,X,5.0,ground_ball,1,1,2024,-0.15,1.61,0.04,2.77,,683011.0,665742.0,0,1,Top,90.39,159.47,,,,,4.526981530489779,-131.09366528266324,-6.6989118729784725,-2.6758640321918303,26.461584650612657,-12.373071959642084,4.01,1.86,24.0,94.3,-5.0,90.8,1997.0,6.6,746658,681807,647304,665926,672356,677587,680757,657656,664314,53.86,0.255,0.247,0.9,1.0,0.0,0.0,2.0,3,3,4-Seam Fastball,0,0,0,0,0,0,0,0,Standard,Standard,183.0,-0.072,0.463,85.1,8.0,0.29,-0.463,94.3,0,0,0.412,0.5880000000000001,26,32,27,32,1,0,5.0,0.0,6.0,1.0,1.19,0.15,0.15,56.7,7.896398569348608,-0.3272349742588332,39.44407392398369,43.23196771214177,35.51399238037905
ST,2024-04-13,81.3,-2.61,4.62,"Judge, Aaron",592450,657265,field_out,hit_into_play,,,,,5.0,Aaron Judge flies out to right fielder Ramón Laureano.,R,R,R,CLE,NYY,X,9.0,fly_ball,2,0,2024,1.35,0.59,0.21,2.63,,,,2,9,Top,181.29,113.54,,,,,3.754633388578944,-118.38414358990906,1.0173048260020758,12.059447294867162,21.6341087141059,-27.04340545165378,4.02,1.85,252.0,80.0,45.0,82.1,2855.0,6.7,746656,666310,647304,665926,608070,677587,680757,671289,657656,53.79,0.032,0.034,0.0,1.0,0.0,0.0,3.0,72,3,Sweeper,2,3,3,2,3,2,3,2,Strategic,Standard,87.0,0.013,-0.363,78.4,8.7,0.046,0.363,88.0,-1,1,0.191,0.8089999999999999,29,32,30,32,1,4,4.0,3.0,20.0,0.0,2.85,-1.35,-1.35,14.7,23.85953888704174,-14.696668182848668,39.40167404078029,44.54524775841045,45.180487302493155
FF,2024-04-13,92.0,-1.05,5.99,"Judge, Aaron",592450,471911,double,hit_into_play,,,,,5.0,Aaron Judge doubles (4) on a sharp fly ball to right fielder Will Brennan.,R,R,R,CLE,NYY,X,9.0,fly_ball,1,2,2024,-0.29,0.64,-0.02,2.86,,,,2,1,Top,216.16,98.75,,,,,3.273468929545878,-134.07423258164795,-3.5423896978152154,-4.217925435869412,27.020480686691045,-23.93541321164934,4.02,1.85,332.0,104.8,49.0,92.6,2060.0,6.4,746656,666310,647304,665926,608070,677587,680757,671289,686823,54.1,0.026,0.035,1.25,1.0,1.0,1.0,3.0,3,4,4-Seam Fastball,0,0,0,0,0,0,0,0,Strategic,Standard,217.0,-0.024,0.69,78.2,8.0,0.084,-0.69,104.8,0,0,0.54,0.4599999999999999,37,32,37,32,1,0,7.0,3.0,5.0,0.0,2.03,0.29,0.29,39.3,12.46433268778721,-2.52065200901909,41.57742224119365,41.4274059005404,29.778307894334407
ST,2024-04-13,81.2,-3.1,5.57,"Judge, Aaron",592450,671922,double,hit_into_play,,,,,4.0,Aaron Judge doubles (5) on a ground ball to left fielder Steven Kwan. Juan Soto to 3rd.,R,R,R,CLE,NYY,X,7.0,ground_ball,0,1,2024,1.32,0.49,-0.53,2.67,,,665742.0,0,6,Top,60.91,117.84,,,,,3.313376023924788,-118.33641688154822,-0.854308108587547,11.81233995351128,21.350047892416832,-27.622314143087326,4.01,1.86,126.0,100.7,8.0,83.0,2052.0,7.3,746658,681807,647304,665926,672356,677587,680757,657656,664314,53.22,0.626,0.565,1.25,1.0,1.0,1.0,4.0,48,2,Sweeper,1,8,8,1,8,1,8,1,Standard,Standard,76.0,-0.006,0.775,73.5,7.9,0.705,-0.775,100.7,-7,7,0.013,0.987,25,32,25,32,1,3,3.0,0.0,1.0,1.0,2.94,-1.32,-1.32,34.9,18.963387636406072,-10.38745029193705,38.218971912551545,38.5615978963596,37.99981702563056
CH,2024-04-10,86.3,2.81,5.7,"Judge, Aaron",592450,677960,field_out,hit_into_play,,,,,4.0,"Aaron Judge grounds out, third baseman Jake Burger to first baseman Josh Bell.",R,R,L,NYY,MIA,X,5.0,ground_ball,1,1,2024,1.18,0.29,-0.6,2.55,,683011.0,665742.0,2,3,Bot,96.44,169.21,,,,,-10.515587825732489,-125.34723864542072,-1.873639100502164,14.54528670407406,23.81120338695044,-28.88691436413459,4.0,1.84,34.0,105.1,-2.0,86.4,1690.0,6.3,745763,663743,605137,650333,669394,641313,624503,665862,660821,54.19,0.458,0.423,0.0,1.0,0.0,0.0,4.0,27,3,Changeup,0,4,0,4,4,0,0,4,Standard,Standard,115.0,-0.034,-0.265,69.4,8.0,0.493,0.265,105.1,-4,-4,0.158,0.158,24,32,25,32,2,1,6.0,1.0,6.0,3.0,2.76,1.18,-1.18,33.6,12.228265215813051,-4.587657070456769,42.93823176828584,38.002061874855386,29.208622877246743
FF,2024-04-10,94.5,2.28,5.37,"Judge, Aaron",592450,656945,field_out,hit_into_play,,,,,4.0,Aaron Judge flies out to center fielder Jazz Chisholm Jr.,R,R,L,NYY,MIA,X,8.0,fly_ball,1,0,2024,0.12,1.39,-0.61,2.57,542932.0,683011.0,665742.0,2,9,Bot,122.87,82.63,,,,,-7.8369707020525805,-137.41372749033658,-4.714514478906041,3.272813986515325,30.074577666182055,-13.74359887350064,4.0,1.84,288.0,88.2,41.0,95.0,2567.0,6.6,745763,663743,656896,650333,669394,641313,624503,665862,660821,53.91,0.005,0.006,0.0,1.0,0.0,0.0,3.0,76,2,4-Seam Fastball,2,5,2,5,5,2,2,5,Standard,Standard,158.0,-0.107,-0.306,78.3,8.6,0.01,0.306,88.2,-3,-3,0.107,0.107,29,32,30,32,1,4,4.0,1.0,3.0,3.0,1.17,0.12,-0.12,42.6,12.820927751585184,-4.908289503445085,47.36606155246642,37.85161392168841,27.058480487911524
FF,2024-04-09,92.5,2.47,5.76,"Judge, Aaron",592450,640462,double,hit_into_play,,,,,4.0,Aaron Judge doubles (3) on a sharp line drive to left fielder Bryan De La Cruz.,R,R,L,NYY,MIA,X,7.0,line_drive,2,1,2024,0.79,1.09,-0.75,2.76,,,,2,3,Bot,43.27,123.35,,,,,-10.051212230985977,-134.4426012023001,-4.3136209613284064,11.599431307101828,26.538427089362106,-18.09802660813649,3.99,1.82,150.0,108.1,9.0,94.0,2226.0,7.0,745762,542194,605137,650333,656896,641313,650559,665862,541645,53.49,0.784,0.751,1.25,1.0,1.0,1.0,4.0,23,4,4-Seam Fastball,1,0,1,0,0,1,1,0,Standard,Standard,137.0,0.021,0.568,78.0,8.2,0.971,-0.568,108.1,1,1,0.634,0.634,29,32,29,32,2,1,6.0,1.0,10.0,1.0,1.56,0.79,-0.79,34.8,17.368008455320336,-7.728165719522214,43.57097127101053,36.563651100520175,32.61880916022593
FF,2024-04-08,96.6,2.12,6.06,"Judge, Aaron",592450,666200,field_out,hit_into_play,,,,,4.0,Aaron Judge pops out to first baseman Jake Burger.,R,R,L,NYY,MIA,X,3.0,popup,0,0,2024,1.11,1.44,-0.35,3.15,,,,2,4,Bot,157.36,168.7,,,,,-9.054900482175878,-140.30756888937051,-5.393351577257591,16.84390939447451,34.50325938925413,-12.06888610059594,3.99,1.81,111.0,99.1,73.0,95.5,2247.0,5.9,745761,663743,669394,650333,656896,641313,650559,660644,541645,54.58,0.005,0.005,0.0,1.0,0.0,0.0,3.0,34,1,4-Seam Fastball,6,0,6,0,0,6,6,0,Standard,Standard,135.0,-0.002,-0.256,80.4,8.5,0.005,0.256,99.1,6,6,0.964,0.964,26,32,27,32,3,2,6.0,1.0,6.0,1.0,1.02,1.11,-1.11,39.5,19.180280452801263,-8.614333337741215,38.7846179124174,40.70156763046565,34.18541161710144
FF,2024-04-08,96.3,2.29,6.04,"Judge, Aaron",592450,666200,field_out,hit_into_play,,,,,1.0,Aaron Judge flies out to right fielder Avisaíl García.,R,R,L,NYY,MIA,X,9.0,fly_ball,2,1,2024,1.07,1.23,-0.7,3.67,,665742.0,,2,3,Bot,179.25,114.74,,,,,-10.261949159781055,-139.73069142212918,-3.409490404483527,16.39460877463122,34.46436616299746,-15.545058294937052,3.99,1.81,250.0,81.3,48.0,94.9,2272.0,5.9,745761,663743,669394,650333,656896,641313,650559,660644,541645,54.65,0.024,0.021,0.0,1.0,0.0,0.0,3.0,21,4,4-Seam Fastball,0,0,0,0,0,0,0,0,Standard,Standard,128.0,-0.039,-0.311,70.3,7.2,0.031,0.311,88.0,0,0,0.539,0.539,26,32,27,32,2,1,6.0,1.0,6.0,1.0,1.26,1.07,-1.07,37.4,11.613844773450635,5.355546289638576,35.67439669575271,36.4431819402082,20.635293879120105
FF,2024-04-08,96.2,-2.13,5.78,"Judge, Aaron",592450,572143,field_out,hit_into_play,,,,,7.0,"Aaron Judge grounds out, third baseman Emmanuel Rivera to first baseman Jake Burger.",R,R,R,NYY,MIA,X,5.0,ground_ball,2,1,2024,-0.19,1.31,-0.8,2.06,,,,2,6,Bot,105.58,174.8,,,,,3.998752398290859,-139.94469913674206,-7.294433483894377,-3.4808066922450434,33.032058229727845,-13.500693103280309,3.99,1.81,3.0,79.4,-34.0,96.9,2259.0,6.8,745761,663743,669394,650333,656896,641313,650559,660644,541645,53.68,0.053,0.062,0.0,1.0,0.0,0.0,2.0,49,4,4-Seam Fastball,7,0,7,0,0,7,7,0,Standard,Standard,205.0,-0.001,-0.303,74.5,7.8,0.057,0.303,88.0,7,7,0.992,0.992,34,32,34,32,1,3,2.0,1.0,4.0,1.0,1.16,0.19,0.19,36.1,5.454646992824717,4.616135029078471,45.998531052617366,37.31655953446119,23.28075493318748
SI,2024-04-08,97.8,2.21,5.89,"Judge, Aaron",592450,666200,grounded_into_double_play,hit_into_play,,,,,7.0,"Aaron Judge grounds into a double play, shortstop Tim Anderson to first baseman Jake Burger. Juan Soto out at 2nd. Aaron Judge out at 1st.",R,R,L,NYY,MIA,X,6.0,ground_ball,3,2,2024,1.33,1.02,-0.51,2.29,,,665742.0,1,1,Bot,118.22,151.93,,,,,-10.357363424269334,-141.90005858703825,-6.489113688734344,20.416653508218666,34.178577184610965,-17.080096545460222,3.99,1.81,7.0,92.0,-16.0,97.2,2093.0,6.2,745761,663743,669394,650333,656896,641313,650559,660644,541645,54.29,0.129,0.121,0.0,1.0,0.0,0.0,2.0,6,7,Sinker,0,0,0,0,0,0,0,0,Standard,Standard,131.0,-0.056,-0.368,76.2,7.4,0.148,0.368,92.0,0,0,0.556,0.556,26,32,27,32,1,0,6.0,1.0,6.0,1.0,1.39,1.33,-1.33,40.2,-5.769870349281517,13.964859426821365,47.76963687625359,37.11783279563629,16.27747111377843
CU,2024-04-07,79.3,1.79,6.16,"Judge, Aaron",592450,650893,field_out,hit_into_play,,,,,13.0,Aaron Judge pops out to first baseman Vladimir Guerrero Jr. in foul territory.,R,R,L,NYY,TOR,X,3.0,popup,0,0,2024,-1.2,-0.33,-0.87,2.75,,,650402.0,2,8,Bot,175.3,168.13,,,,,-3.5399949408142253,-115.350668501597,0.0447620721881887,-9.843575331183644,25.20830838129175,-35.34074944738678,3.98,1.79,147.0,65.3,57.0,78.1,2233.0,5.9,745765,672386,665489,643396,676391,666182,676914,595281,624415,54.61,0.016,0.014,0.0,1.0,0.0,0.0,3.0,77,1,Curveball,8,3,8,3,3,8,8,3,Standard,Standard,314.0,0.0,-0.271,71.0,7.6,0.016,0.271,88.0,5,5,0.994,0.994,27,32,28,32,1,4,2.0,1.0,5.0,1.0,4.01,-1.2,1.2,49.6,5.730807258181413,-0.1175004415654744,44.56484517574539,34.55970262043938,28.229093700378773
FF,2024-04-07,87.4,-1.03,5.72,"Judge, Aaron",592450,502179,field_out,hit_into_play,,,,,5.0,Aaron Judge lines out sharply to center fielder Kevin Kiermaier.,R,R,R,NYY,TOR,X,8.0,line_drive,0,0,2024,-0.53,1.67,-0.16,2.73,,,,0,5,Bot,105.96,68.33,,,,,3.2420790123202257,-127.32397538365991,-4.591778144753986,-6.4592519536300586,25.38779188015017,-13.285889638000407,3.98,1.79,328.0,107.9,17.0,88.9,2210.0,7.1,745765,672386,665489,643396,676391,666182,662139,595281,624415,53.38,0.462578947368421,0.6762631578947369,0.0,1.0,0.0,0.0,6.0,45,1,4-Seam Fastball,5,2,5,2,2,5,5,2,Standard,Standard,195.0,-0.009,-0.254,,,1.1975789473684206,0.254,107.9,3,3,0.884,0.884,37,32,37,32,1,2,,1.0,5.0,1.0,1.3,0.53,0.53,53.9,,,,,
FS,2024-04-06,83.7,-2.57,5.97,"Judge, Aaron",592450,592332,home_run,hit_into_play,,,,,13.0,Aaron Judge homers (2) on a fly ball to left center field. Juan Soto scores.,R,R,R,NYY,TOR,X,,fly_ball,0,2,2024,-1.53,0.49,-0.94,1.93,,,665742.0,1,1,Bot,67.62,37.0,,,,,6.716915673922157,-121.74775364563376,-3.928333935328918,-16.50548402256342,20.933421702206505,-26.724306129119583,3.99,1.84,425.0,109.7,29.0,83.6,1709.0,6.0,745766,661531,665489,676391,457759,666182,662139,595281,543807,54.54,0.9776363636363636,1.976,2.0,1.0,0.0,3.0,6.0,7,3,Split-Finger,0,0,0,0,0,2,2,0,Standard,Standard,233.0,0.176,1.528,76.4,8.5,3.897727272727273,-1.528,109.7,0,0,0.541,0.541,33,32,33,32,1,0,6.0,1.0,6.0,1.0,2.73,1.53,1.53,39.4,18.628467468999947,-11.778668633477192,49.81412940362144,34.25755494131261,35.963674791192304
SL,2024-04-06,86.1,-1.79,6.11,"Judge, Aaron",592450,669952,single,hit_into_play,,,,,6.0,Aaron Judge singles on a ground ball to right fielder George Springer. Juan Soto to 2nd.,R,R,R,NYY,TOR,X,9.0,ground_ball,1,0,2024,-0.12,0.31,0.57,2.66,,,665742.0,1,2,Bot,126.0,204.5,,,,,5.858759494438555,-125.09933502165408,-2.4245641261658357,-2.672811755376568,30.785898733745505,-28.591578542754363,3.99,1.84,141.0,78.7,13.0,85.5,2243.0,6.5,745766,661531,665489,676391,457759,666182,662139,595281,543807,53.99,0.561,0.506,0.9,1.0,1.0,0.0,4.0,20,2,Slider,6,0,6,0,0,6,6,0,Infield shade,Standard,119.0,0.005,0.369,77.0,8.2,0.613,-0.369,88.0,6,6,0.949,0.949,29,32,30,32,1,1,6.0,1.0,4.0,1.0,2.83,0.12,0.12,38.5,15.79347833752194,-2.816406308604698,37.44802293054707,52.03416574050069,32.89334757006951
SL,2024-04-05,86.6,-1.51,6.18,"Judge, Aaron",592450,643338,field_out,hit_into_play,,,,,8.0,"Aaron Judge grounds out, third baseman Ernie Clement to first baseman Vladimir Guerrero Jr.",R,R,R,NYY,TOR,X,5.0,ground_ball,1,1,2024,0.05,0.27,0.21,2.16,,,,0,9,Bot,97.05,156.87,,,,,4.037503892730579,-126.03281685779751,-3.9764462099742657,-0.2911367366815502,25.8906211473076,-28.70108767102309,3.99,1.84,11.0,81.8,-11.0,87.2,2173.0,6.7,745764,661531,665489,643396,676391,666182,662139,595281,543807,53.79,0.089,0.082,0.0,1.0,0.0,0.0,2.0,69,3,Slider,0,3,0,3,3,0,0,3,Standard,Standard,85.0,-0.024,-0.243,71.0,8.4,0.101,0.243,88.0,-3,-3,0.042,0.042,33,32,33,32,1,3,3.0,2.0,3.0,1.0,2.77,-0.05,-0.05,47.0,12.989812331525766,-8.620152870326159,41.21944270420534,46.764495303462645,32.19480273032151
SI,2024-04-03,93.0,-1.67,5.43,"Judge, Aaron",592450,518876,home_run,hit_into_play,,,,,8.0,Aaron Judge homers (1) on a fly ball to right center field. Juan Soto scores.,R,R,R,AZ,NYY,X,,fly_ball,1,0,2024,-1.64,0.66,-0.1,2.4,,,665742.0,1,4,Top,186.56,50.39,,,,,7.569938444767845,-135.17570721536106,-3.401139531343894,-21.806294001611267,30.01606154364552,-23.57590045974045,3.99,1.96,396.0,108.9,32.0,92.2,2317.0,5.9,747219,571466,572233,677942,553993,672695,666971,678489,682998,54.59,0.9127777777777778,1.8517777777777775,2.0,1.0,0.0,3.0,6.0,24,2,Sinker,1,0,0,1,2,1,2,1,Standard,Standard,228.0,-0.214,1.4,77.1,8.0,3.647777777777778,-1.4,108.9,1,-1,0.614,0.386,35,32,36,32,2,1,5.0,1.0,6.0,2.0,1.99,1.64,1.64,24.6,8.106129401399132,1.6687521589198142,44.54247400402543,42.62205700640779,28.530236996622847
FF,2024-04-03,93.3,-1.56,6.01,"Judge, Aaron",592450,543518,double,hit_into_play,,,,,2.0,Aaron Judge doubles (2) on a sharp line drive to center fielder Jorge Barrosa. Gleyber Torres scores.,R,R,R,AZ,NYY,X,8.0,line_drive,0,1,2024,-0.72,1.42,-0.22,3.42,,650402.0,,1,11,Top,156.12,71.11,,,,,4.968850984678516,-135.74048770906185,-3.954450636615671,-10.039422664270168,31.869629262736776,-14.03495443642298,3.99,1.96,327.0,108.8,16.0,92.1,2254.0,5.7,747219,672515,572233,607054,553993,606466,666971,678489,682998,54.78,0.431,0.598,1.25,1.0,1.0,1.0,6.0,79,2,4-Seam Fastball,4,5,5,4,6,4,6,4,Standard,Standard,206.0,-0.181,0.846,75.0,7.0,1.02,-0.846,108.8,-1,1,0.336,0.6639999999999999,34,32,35,32,1,4,1.0,1.0,2.0,2.0,1.22,0.72,0.72,44.8,6.6910699388788,5.97903823634189,35.44297679259398,42.45921817873951,21.326044466934803
SL,2024-04-03,77.5,-3.47,3.81,"Judge, Aaron",592450,657044,field_out,hit_into_play,,,,,9.0,Aaron Judge pops out to first baseman Christian Walker.,R,R,R,AZ,NYY,X,3.0,popup,2,2,2024,1.09,0.73,0.42,2.04,,,,0,9,Top,141.87,160.55,,,,,6.406814953583546,-112.69886335901244,1.90474809588492,8.072777403421387,21.29992379127674,-26.58372589572854,3.99,1.96,110.0,74.7,69.0,78.4,2119.0,7.0,747219,571466,572233,677942,553993,672695,666971,678489,682998,53.48,0.001,0.0,0.0,1.0,0.0,0.0,3.0,62,6,Slider,2,2,2,2,2,2,2,2,Infield shade,Standard,85.0,0.052,-0.227,68.2,8.7,0.001,0.227,88.0,0,0,0.506,0.494,32,32,32,32,1,3,1.0,1.0,2.0,2.0,3.08,-1.09,-1.09,-4.1,20.281932496363176,-17.036811044314508,41.75491786974331,47.7243103456508,41.063275713903465
FF,2024-04-02,92.5,-2.93,5.87,"Judge, Aaron",592450,668678,field_out,hit_into_play,,,,,1.0,Aaron Judge flies out to right fielder Jake McCarthy.,R,R,R,AZ,NYY,X,9.0,fly_ball,0,1,2024,-0.62,1.45,-0.41,3.41,,,665742.0,1,6,Top,208.73,120.44,,,,,7.855902171035089,-134.6031174060965,-3.717828590746618,-9.12779690974367,26.477712567559532,-13.823012487002623,3.99,1.96,282.0,90.2,45.0,93.6,2260.0,6.7,747220,672515,572233,606466,553993,672695,666971,678489,664983,53.77,0.005,0.007,0.0,1.0,0.0,0.0,3.0,44,2,4-Seam Fastball,3,0,0,3,0,3,0,3,Standard,Standard,208.0,0.026,-0.215,,,0.011,0.215,90.2,3,-3,0.864,0.136,28,32,29,32,3,2,5.0,1.0,6.0,1.0,1.19,0.62,0.62,43.2,,,,,
SL,2024-04-02,86.2,-2.78,5.54,"Judge, Aaron",592450,686826,field_out,hit_into_play,,,,,4.0,Aaron Judge flies out to center fielder Jorge Barrosa.,R,R,R,AZ,NYY,X,8.0,fly_ball,2,0,2024,0.29,-0.08,-0.68,3.3,,,,1,9,Top,116.97,63.5,,,,,4.346833397206904,-125.53006984968916,1.075301757610791,2.1792549074086165,26.762261962538417,-33.447438413020706,3.99,1.96,337.0,97.7,40.0,85.4,2637.0,5.9,747220,672515,572233,607054,553993,672695,666971,678489,664983,54.62,0.174,0.343,0.0,1.0,0.0,0.0,3.0,69,3,Slider,7,0,0,7,0,7,0,7,Standard,Standard,52.0,0.0,-0.367,,,0.679,0.367,97.7,7,-7,0.999,0.001,26,32,27,32,1,3,3.0,1.0,4.0,1.0,3.15,-0.29,-0.29,31.5,,,,,
ST,2024-04-01,84.7,-1.24,5.66,"Judge, Aaron",592450,669194,field_out,hit_into_play,,,,,5.0,Aaron Judge flies out to left fielder Lourdes Gurriel Jr.,R,R,R,AZ,NYY,X,7.0,fly_ball,1,0,2024,0.76,0.15,-0.25,2.63,,650402.0,,2,2,Top,100.56,65.79,,,,,0.8134681620313418,-123.47311819278356,-1.079905391950455,7.668037165904378,23.482065651315622,-30.67112055545022,4.03,1.95,335.0,94.5,41.0,86.1,2541.0,7.0,747218,672515,572233,606466,553993,672695,666971,682998,664983,53.53,0.016,0.019,0.0,1.0,0.0,0.0,3.0,16,2,Sweeper,0,2,2,0,2,0,2,0,Standard,Standard,69.0,0.028,-0.315,,,0.043,0.315,94.5,-2,2,0.313,0.687,26,32,26,32,2,1,,1.0,6.0,1.0,3.01,-0.76,-0.76,43.0,,,,,
SL,2024-04-01,82.5,-2.51,4.83,"Judge, Aaron",592450,612434,field_out,hit_into_play,,,,,7.0,Aaron Judge lines out to second baseman Ketel Marte.,R,R,R,AZ,NYY,X,4.0,line_drive,2,2,2024,1.43,0.49,-0.29,2.57,,,,0,7,Top,134.92,131.43,,,,,2.291687131428673,-120.093909866574,0.4710720175094344,13.372002299083546,24.28003929811496,-27.807146049830195,4.03,1.95,173.0,76.0,18.0,83.9,2888.0,7.3,747218,672515,572233,606466,553993,672695,666971,682998,664983,53.19,0.958,0.894,0.0,1.0,0.0,0.0,4.0,54,5,Slider,1,5,5,1,5,1,5,1,Standard,Standard,78.0,0.004,-0.227,,,1.054,0.227,88.0,-4,4,0.06,0.94,29,32,30,32,1,3,4.0,1.0,4.0,1.0,2.87,-1.43,-1.43,12.8,,,,,
SL,2024-04-01,83.7,0.76,5.73,"Judge, Aaron",592450,669459,field_out,hit_into_play,,,,,8.0,"Aaron Judge grounds out, second baseman Ketel Marte to first baseman Christian Walker. Gleyber Torres to 2nd.",R,R,L,AZ,NYY,X,4.0,ground_ball,2,2,2024,-0.2,0.14,0.18,2.14,,,650402.0,1,4,Top,152.8,154.14,,,,,-0.9340294027565178,-121.87994391168858,-2.106849105234755,-1.791099600675906,25.530579734567056,-30.569626746610787,4.03,1.95,3.0,65.3,-41.0,82.9,2732.0,5.8,747218,672515,572233,606466,553993,672695,666971,682998,664983,54.66,0.168,0.158,0.0,1.0,0.0,0.0,2.0,33,5,Slider,1,5,5,1,5,1,5,1,Standard,Standard,244.0,0.005,-0.292,,,0.179,0.292,88.0,-4,4,0.124,0.876,27,32,28,32,1,2,2.0,1.0,5.0,1.0,3.13,-0.2,0.2,43.5,,,,,
SI,2024-04-01,95.8,-1.17,6.46,"Judge, Aaron",592450,666818,grounded_into_double_play,hit_into_play,,,,,8.0,"Aaron Judge grounds into a double play, shortstop Geraldo Perdomo to second baseman Ketel Marte to first baseman Christian Walker. Juan Soto out at 2nd. Aaron Judge out at 1st.",R,R,R,AZ,NYY,X,6.0,ground_ball,2,1,2024,-1.13,1.07,-0.16,2.27,,,665742.0,1,9,Top,105.72,150.6,,,,,5.270600451611225,-139.3150790404067,-7.901422862650858,-15.921427397587008,31.11185574538735,-16.70860519298115,4.03,1.95,5.0,100.7,-23.0,96.3,2147.0,6.6,747218,672515,572233,606466,553993,672695,666971,682998,664983,53.9,0.158,0.149,0.0,1.0,0.0,0.0,2.0,72,4,Sinker,2,5,5,2,5,2,5,2,Standard,Standard,207.0,0.009,-0.349,,,0.169,0.349,100.7,-3,3,0.034,0.966,26,32,26,32,1,4,2.0,1.0,5.0,1.0,1.42,1.13,1.13,51.8,,,,,
FF,2024-04-01,95.7,-0.74,5.96,"Judge, Aaron",592450,669194,single,hit_into_play,,,,,7.0,Aaron Judge singles on a line drive to center fielder Corbin Carroll. Juan Soto to 2nd.,R,R,R,AZ,NYY,X,8.0,line_drive,0,0,2024,-0.42,1.66,-0.32,2.13,,,665742.0,1,1,Top,125.66,108.15,,,,,2.1172706481769983,-139.21134035051776,-8.405691334657176,-5.979555625700447,29.33654373699008,-8.85398262716003,4.03,1.95,159.0,112.0,8.0,97.6,2307.0,7.2,747218,672515,572233,606466,553993,672695,666971,682998,664983,53.26,0.805,0.786,0.9,1.0,1.0,0.0,5.0,3,1,4-Seam Fastball,0,0,0,0,0,0,0,0,Standard,Standard,194.0,-0.038,0.405,,,1.009,-0.405,112.0,0,0,0.498,0.502,26,32,26,32,1,0,,1.0,6.0,1.0,0.81,0.42,0.42,53.0,,,,,
FF,2024-03-31,91.2,-1.35,5.67,"Judge, Aaron",592450,641585,sac_fly,hit_into_play,,,,,1.0,Aaron Judge out on a sacrifice fly to center fielder Jake Meyers. Gleyber Torres scores.,R,R,R,HOU,NYY,X,8.0,fly_ball,2,1,2024,-0.62,1.51,-0.79,3.41,650402.0,,665742.0,1,5,Top,138.55,55.08,,,,,2.7851969241266072,-132.7749787257534,-3.030185255482533,-7.93346822048231,30.894488078500657,-13.942990266072789,4.03,1.96,358.0,94.5,31.0,91.6,2308.0,6.7,746413,673237,572138,514888,608324,665161,676801,676694,663656,53.79,0.134,0.21,0.0,1.0,0.0,0.0,3.0,35,4,4-Seam Fastball,1,2,2,1,3,1,3,1,Standard,Standard,208.0,-0.017,-0.125,,,0.38,0.125,94.5,-1,1,0.287,0.7130000000000001,29,32,29,32,3,2,,1.0,6.0,1.0,1.25,0.62,0.62,43.2,,,,,
FF,2024-03-31,91.9,-1.3,5.66,"Judge, Aaron",592450,641585,field_out,hit_into_play,,,,,5.0,Aaron Judge lines out to second baseman Jose Altuve.,R,R,R,HOU,NYY,X,4.0,line_drive,3,1,2024,-0.8,1.33,0.12,2.64,,,,2,3,Top,137.31,157.66,,,,,5.338722497608117,-133.7602598134836,-4.685617651455972,-10.708476266362538,29.478558925686457,-15.363646683977867,4.03,1.96,162.0,114.6,7.0,91.8,2389.0,6.3,746413,673237,572138,514888,608324,665161,676801,676694,663656,54.22,0.782,0.767,0.0,1.0,0.0,0.0,5.0,19,5,4-Seam Fastball,0,1,1,0,1,0,1,0,Standard,Standard,205.0,0.016,-0.414,,,0.977,0.414,114.6,-1,1,0.421,0.579,29,32,29,32,2,1,,1.0,6.0,1.0,1.37,0.8,0.8,39.8,,,,,
FF,2024-03-31,92.7,-1.41,5.84,"Judge, Aaron",592450,641585,field_out,hit_into_play,,,,,2.0,Aaron Judge pops out to second baseman Jose Altuve.,R,R,R,HOU,NYY,X,4.0,popup,3,0,2024,-0.42,1.48,-0.09,3.55,,,665742.0,1,1,Top,145.43,159.69,,,,,4.267284381149115,-134.8548023168293,-3.2254634118591214,-6.1260307514680985,31.14073676329268,-13.729850527085654,4.03,1.96,105.0,88.0,71.0,92.0,2393.0,6.0,746413,673237,572138,514888,608324,665161,676801,676694,663656,54.49,0.003,0.002,0.0,1.0,0.0,0.0,3.0,3,4,4-Seam Fastball,0,0,0,0,0,0,0,0,Infield shade,Standard,200.0,0.051,-0.449,,,0.003,0.449,88.0,0,0,0.475,0.525,29,32,29,32,1,0,,1.0,6.0,1.0,1.19,0.42,0.42,43.9,,,,,
FF,2024-03-30,96.5,-0.84,6.46,"Judge, Aaron",592450,686613,single,hit_into_play,,,,,7.0,Aaron Judge singles on a sharp line drive to center fielder Mauricio Dubón.   Juan Soto to 2nd.,R,R,R,HOU,NYY,X,8.0,line_drive,2,2,2024,-0.35,1.75,-0.37,1.98,,,665742.0,1,3,Top,110.22,89.48,,,,,2.079165856893816,-140.1347270705749,-10.312662517505872,-5.158036616034477,35.18306350941364,-7.005518471922622,4.02,1.94,173.0,114.0,9.0,96.6,2394.0,6.7,746410,605170,547989,514888,608324,665161,670541,643289,663656,53.78,0.858,0.871,0.9,1.0,1.0,0.0,5.0,21,8,4-Seam Fastball,2,0,0,2,0,2,0,2,Standard,Standard,193.0,-0.047,0.427,,,1.148,-0.427,114.0,2,-2,0.712,0.288,25,32,26,32,2,1,,1.0,6.0,1.0,0.73,0.35,0.35,63.8,,,,,
SI,2024-03-30,89.4,-2.47,4.48,"Judge, Aaron",592450,661527,field_out,hit_into_play,,,,,13.0,"Aaron Judge grounds out, shortstop Jeremy Peña to first baseman José Abreu.",R,R,R,HOU,NYY,X,6.0,ground_ball,3,2,2024,-1.26,0.07,-1.03,2.62,,,,2,5,Top,102.84,147.52,,,,,6.339973573547497,-129.96546399941377,1.3494404627438263,-15.663995609654616,28.281125901220857,-31.873949961810094,4.02,1.94,12.0,73.7,-11.0,91.0,1928.0,7.4,746410,605170,547989,514888,608324,665161,670541,643289,663656,53.13,0.053,0.054,0.0,1.0,0.0,0.0,2.0,37,6,Sinker,2,1,1,2,1,2,1,2,Standard,Standard,239.0,0.018,-0.325,,,0.06,0.325,88.0,1,-1,0.69,0.31,29,32,30,32,1,2,2.0,1.0,4.0,1.0,2.79,1.26,1.26,14.9,,,,,
ST,2024-03-29,79.7,-1.45,5.81,"Judge, Aaron",592450,664299,field_out,hit_into_play,,,,,8.0,Aaron Judge flies out to shortstop Jeremy Peña.,R,R,R,HOU,NYY,X,6.0,fly_ball,2,2,2024,1.04,0.48,0.11,1.89,,,,1,6,Top,114.59,120.58,,,,,1.4559224435649076,-115.99758529585502,-2.713155506415003,9.09958529264553,22.951079590432293,-27.580633225775134,4.0,1.88,200.0,80.6,57.0,79.1,2549.0,6.0,746412,673237,547989,514888,608324,665161,676801,676694,663656,54.54,0.026,0.026,0.0,1.0,0.0,0.0,3.0,45,5,Sweeper,1,0,0,1,0,1,0,1,Infield shade,Standard,71.0,0.024,-0.225,,,0.033,0.225,88.0,1,-1,0.699,0.301,27,32,27,32,3,2,,1.0,5.0,1.0,3.13,-1.04,-1.04,39.1,,,,,
FF,2024-03-29,92.8,-1.43,5.79,"Judge, Aaron",592450,664299,field_out,hit_into_play,,,,,1.0,Aaron Judge pops out to shortstop Jeremy Peña.,R,R,R,HOU,NYY,X,6.0,popup,0,0,2024,-0.77,1.7,-0.53,3.71,,665828.0,665742.0,2,3,Top,125.85,184.97,,,,,3.97548550511138,-135.00512724184614,-3.124130855528004,-10.331208545895434,35.32137140811802,-11.1660615733033,4.0,1.88,137.0,103.8,68.0,91.7,2414.0,6.1,746412,673237,547989,514888,608324,665161,676801,676694,663656,54.42,0.001,0.0,0.0,1.0,0.0,0.0,3.0,22,1,4-Seam Fastball,1,0,0,1,0,1,0,1,Infield shade,Standard,205.0,0.051,-0.279,,,0.001,0.279,103.8,1,-1,0.618,0.382,27,32,27,32,2,1,,1.0,5.0,1.0,1.0,0.77,0.77,35.8,,,,,
SI,2024-03-29,93.0,-1.13,6.23,"Judge, Aaron",592450,656232,field_out,hit_into_play,,,,,7.0,"Aaron Judge grounds out, shortstop Jeremy Peña to first baseman José Abreu.",R,R,R,HOU,NYY,X,6.0,ground_ball,0,0,2024,-1.3,0.46,-0.8,2.41,665828.0,665742.0,,2,8,Top,109.43,154.09,,,,,3.6531771348272,-135.28239705865937,-4.89010341765074,-16.760607598287795,33.60201219650181,-25.581740494792573,4.0,1.88,7.0,85.5,-18.0,91.1,2288.0,5.5,746412,673237,547989,514888,608324,665161,676801,676694,663656,55.01,0.058,0.056,0.0,1.0,0.0,0.0,2.0,71,1,Sinker,1,6,6,1,6,1,6,1,Standard,Standard,215.0,0.005,-0.282,,,0.058,0.282,88.0,-5,5,0.017,0.983,28,32,28,32,1,4,,1.0,7.0,1.0,2.21,1.3,1.3,44.7,,,,,
SI,2024-03-29,94.1,-1.52,5.12,"Judge, Aaron",592450,606160,grounded_into_double_play,hit_into_play,,,,,13.0,"Aaron Judge grounds into a double play, shortstop Jeremy Peña to second baseman Jose Altuve to first baseman José Abreu. Juan Soto out at 2nd. Aaron Judge out at 1st.",R,R,R,HOU,NYY,X,6.0,ground_ball,0,1,2024,-1.47,0.67,-1.04,2.6,665828.0,650402.0,665742.0,1,7,Top,114.5,154.12,,,,,4.5083835395306435,-136.81457448120517,-2.237438865910016,-19.41901691432212,34.174183014389186,-23.523184168949896,4.0,1.88,87.0,83.9,6.0,93.4,2276.0,6.2,746412,673237,547989,514888,608324,665161,676801,676694,663656,54.29,0.35,0.315,0.0,1.0,0.0,0.0,4.0,57,2,Sinker,1,2,2,1,2,1,2,1,Infield shade,Standard,220.0,0.145,-0.245,,,0.368,0.245,88.0,-1,1,0.219,0.781,33,32,34,32,1,3,1.0,1.0,5.0,1.0,1.94,1.47,1.47,33.3,,,,,
SI,2024-03-28,94.0,0.64,6.04,"Judge, Aaron",592450,664285,grounded_into_double_play,hit_into_play,,,,,8.0,"Aaron Judge grounds into a double play, third baseman Alex Bregman to second baseman Jose Altuve to first baseman José Abreu. Juan Soto out at 2nd. Aaron Judge out at 1st.",R,R,L,HOU,NYY,X,5.0,ground_ball,0,0,2024,1.07,0.39,-0.19,2.19,,,665742.0,1,1,Top,102.33,164.25,,,,,-4.502325147001736,-136.68612887212703,-5.073484587956481,14.409415606092692,32.401598231011775,-26.347708176807863,4.0,1.88,6.0,99.4,-20.0,93.6,2091.0,6.2,746418,673237,547989,514888,608324,665161,676801,676694,663656,54.26,0.15,0.146,0.0,1.0,0.0,0.0,2.0,3,1,Sinker,0,0,0,0,0,0,0,0,Standard,Standard,140.0,0.05,-0.314,,,0.154,0.314,99.4,0,0,0.498,0.502,30,32,31,32,1,0,,,5.0,1.0,2.21,1.07,-1.07,43.1,,,,,
CU,2024-03-28,81.6,-0.36,6.15,"Judge, Aaron",592450,519151,double,hit_into_play,,,,,5.0,Aaron Judge doubles (1) on a sharp line drive to left fielder Chas McCormick.,R,R,R,HOU,NYY,X,7.0,line_drive,1,2,2024,1.04,-0.85,-0.18,2.56,,,,0,7,Top,42.27,117.26,,,,,-1.5790505538929742,-118.76817010207262,0.2119695942127692,10.10075882429816,25.69587019685944,-40.43710053344295,4.0,1.88,288.0,100.6,22.0,80.7,3247.0,6.0,746418,673237,547989,514888,608324,665161,676801,643289,663656,54.53,0.4267307692307692,0.6972692307692306,1.25,1.0,1.0,1.0,5.0,57,5,Curveball,4,4,4,4,4,4,4,4,Infield shade,Standard,33.0,-0.117,0.761,,,1.286923076923077,-0.761,100.6,0,0,0.51,0.49,35,32,36,32,1,3,,,2.0,1.0,4.31,-1.04,-1.04,57.6,,,,,
ST,2024-03-25,80.5,3.0,5.44,"Judge, Aaron",592450,548384,single,hit_into_play,,,,,13.0,Aaron Judge singles on a line drive to left fielder Brandon McIlwain.,S,R,L,NYY,NYM,X,7.0,line_drive,1,2,2024,-1.65,-0.66,-0.2,1.32,,,,1,6,Bot,78.18,118.5,,,,,-3.928933329446839,-117.14562376980874,-1.1209928300647114,-14.151286167353506,25.47005481114039,-38.16730162328689,3.52,1.78,234.0,87.7,17.0,79.1,2989.0,5.6,748868,553882,801740,696281,683146,670097,666140,621438,684519,54.87,0.879,,0.9,,1.0,0.0,4.0,45,5,Sweeper,2,0,2,0,0,2,2,0,,,287.0,0.016,0.495,,,1.064,-0.495,88.0,2,2,0.83,0.83,36,32,36,32,1,2,,,,,4.22,-1.65,1.65,,,,,,
SI,2024-03-23,94.3,-1.62,5.36,"Judge, Aaron",592450,605513,double,hit_into_play,,,,,7.0,Aaron Judge doubles (3) on a sharp line drive to center fielder Johan Rojas.,S,R,R,NYY,PHI,X,8.0,line_drive,3,1,2024,-0.64,0.54,-0.34,2.09,,,,2,3,Bot,107.36,36.57,,,,,4.733180030279875,-137.33720617730697,-4.079315149759422,-9.096467006778155,27.089180955191672,-24.600059104182257,3.52,1.78,370.0,114.0,16.0,94.7,2163.0,6.2,747837,596117,547180,681082,593160,624641,595909,679032,665506,54.27,0.6906666666666667,,1.25,,1.0,1.0,6.0,26,5,Sinker,0,3,0,3,3,0,0,3,,,220.0,0.016,0.456,,,2.0616666666666665,-0.456,114.0,-3,-3,0.201,0.201,31,32,32,32,2,1,,,,,1.99,0.64,0.64,,,,,,
CU,2024-03-23,86.2,-1.68,6.11,"Judge, Aaron",592450,614179,field_out,hit_into_play,,,,,3.0,Aaron Judge lines out to center fielder Johan Rojas.,S,R,R,NYY,PHI,X,8.0,line_drive,2,1,2024,0.33,-0.21,0.41,3.09,,,,0,5,Bot,148.95,68.38,,,,,4.244382199189344,-125.57809437145264,-0.5604692724019475,2.7237658463110344,23.930731598201273,-34.514267130518895,3.52,1.78,330.0,99.8,23.0,85.8,1971.0,5.9,747837,596117,694930,681082,593160,624641,595909,679032,665506,54.64,0.3953,,0.0,,0.0,0.0,5.0,45,4,Curveball,2,6,2,6,6,2,2,6,,,40.0,-0.024,-0.296,,,1.2502,0.296,99.8,-4,-4,0.126,0.126,29,32,30,32,1,2,,,,,3.26,-0.33,-0.33,,,,,,
SL,2024-03-22,82.2,-2.23,5.54,"Judge, Aaron",592450,701603,field_out,hit_into_play,,,,,2.0,"Aaron Judge grounds out, third baseman Brett Baty to first baseman Pete Alonso.",S,R,R,NYY,NYM,X,5.0,ground_ball,1,0,2024,0.1,0.1,0.0,3.55,,650402.0,,1,1,Bot,103.47,166.89,,,,,4.861415486246951,-119.43217798141735,1.955093101634052,-0.1753684328995099,26.744202849741686,-31.906356245090095,3.52,1.78,24.0,94.6,-7.0,81.6,1741.0,6.3,747863,682626,624413,670097,683146,596019,621438,664056,516782,54.19,0.229,,0.0,,0.0,0.0,2.0,7,2,Slider,0,0,0,0,0,0,0,0,,,42.0,-0.036,-0.286,,,0.252,0.286,94.6,0,0,0.569,0.569,24,32,25,32,1,0,,,,,3.33,-0.1,-0.1,,,,,,
SL,2024-03-22,87.0,-2.48,5.35,"Judge, Aaron",592450,681738,grounded_into_double_play,hit_into_play,,,,,6.0,"Aaron Judge grounds into a double play, second baseman Zack Short to first baseman Pete Alonso. Juan Soto out at 2nd. Aaron Judge out at 1st.",S,R,R,NYY,NYM,X,4.0,ground_ball,1,1,2024,0.34,-0.13,0.52,2.34,,,665742.0,0,5,Bot,139.78,140.87,,,,,6.502131687815677,-126.68551201410556,-0.8380229864874067,2.4415523513303445,24.335597969133488,-33.57609020787671,3.52,1.78,105.0,96.8,6.0,87.3,2519.0,6.3,747863,682626,624413,670097,683146,596019,666126,664056,516782,54.18,0.555,,0.0,,0.0,0.0,4.0,43,3,Slider,2,3,2,3,3,2,2,3,,,42.0,-0.111,-0.345,,,0.62,0.345,96.8,-1,-1,0.468,0.468,24,32,25,32,1,2,,,,,3.12,-0.34,-0.34,,,,,,
CH,2024-03-20,80.7,2.23,5.05,"Judge, Aaron",592450,594835,double,hit_into_play,,,,,8.0,Aaron Judge doubles (2) on a sharp line drive to center fielder Jack Suwinski. Juan Soto scores.,S,R,L,NYY,PIT,X,8.0,line_drive,2,2,2024,1.24,0.56,0.16,2.03,,,665742.0,1,1,Bot,151.81,103.67,,,,,-6.972668511525776,-117.29547232123906,-1.1046502668060432,12.802709076385405,22.81400928576784,-27.00757022099554,3.52,1.78,249.0,106.4,12.0,80.7,2196.0,6.4,747887,645305,642133,669707,663647,665833,656582,669261,668804,54.11,0.942,,1.25,,1.0,1.0,4.0,7,5,Changeup,0,0,0,0,0,1,1,0,Standard,Standard,103.0,0.114,0.833,,,1.296,-0.833,106.4,0,0,0.548,0.548,32,32,32,32,1,0,,,,,2.95,1.24,-1.24,,,,,,
