pitch_type,game_date,release_speed,release_pos_x,release_pos_z,player_name,batter,pitcher,events,description,spin_dir,spin_rate_deprecated,break_angle_deprecated,break_length_deprecated,zone,des,game_type,stand,p_throws,home_team,away_team,type,hit_location,bb_type,balls,strikes,game_year,pfx_x,pfx_z,plate_x,plate_z,on_3b,on_2b,on_1b,outs_when_up,inning,inning_topbot,hc_x,hc_y,tfs_deprecated,tfs_zulu_deprecated,umpire,sv_id,vx0,vy0,vz0,ax,ay,az,sz_top,sz_bot,hit_distance_sc,launch_speed,launch_angle,effective_speed,release_spin_rate,release_extension,game_pk,fielder_2,fielder_3,fielder_4,fielder_5,fielder_6,fielder_7,fielder_8,fielder_9,release_pos_y,estimated_ba_using_speedangle,estimated_woba_using_speedangle,woba_value,woba_denom,babip_value,iso_value,launch_speed_angle,at_bat_number,pitch_number,pitch_name,home_score,away_score,bat_score,fld_score,post_away_score,post_home_score,post_bat_score,post_fld_score,if_fielding_alignment,of_fielding_alignment,spin_axis,delta_home_win_exp,delta_run_exp,bat_speed,swing_length,estimated_slg_using_speedangle,delta_pitcher_run_exp,hyper_speed,home_score_diff,bat_score_diff,home_win_exp,bat_win_exp,age_pit_legacy,age_bat_legacy,age_pit,age_bat,n_thruorder_pitcher,n_priorpa_thisgame_player_at_bat,pitcher_days_since_prev_game,batter_days_since_prev_game,pitcher_days_until_next_game,batter_days_until_next_game,api_break_z_with_gravity,api_break_x_arm,api_break_x_batter_in,arm_angle,attack_angle,attack_direction,swing_path_tilt,intercept_ball_minus_batter_pos_x_inches,intercept_ball_minus_batter_pos_y_inches
FS,2022-10-15,88.8,-0.46,6.35,"Raleigh, Cal",663728,592773,field_out,hit_into_play,,,,,8.0,Cal Raleigh flies out to left fielder Yordan Alvarez.,D,L,R,SEA,HOU,X,7.0,fly_ball,2,1,2022,-0.77,0.09,-0.08,1.99,,,,2,11,Bot,86.97,96.27,,,,,2.5217261654456338,-129.4339265385285,-4.863612585870079,-9.14957093459838,24.74660780182888,-30.37428725484094,3.52,1.67,274.0,87.7,45.0,88.7,1128.0,6.0,715756,543877,493329,514888,608324,665161,670541,676801,663656,54.53,0.005,0.005,0.0,1.0,0.0,0.0,3.0,83,4,Split-Finger,0,0,0,0,0,0,0,0,Infield shift,Standard,239.0,-0.039,-0.296,,,0.005,0.296,88.0,0,0,0.539,0.539,30,25,31,26,1,4,10.0,2.0,7.0,,2.77,0.77,-0.77,50.2,,,,,
SI,2022-10-15,87.5,-1.0,6.07,"Raleigh, Cal",663728,677651,field_out,hit_into_play,,,,,13.0,Cal Raleigh pops out to third baseman Alex Bregman.,D,L,R,SEA,HOU,X,5.0,popup,1,2,2022,-1.34,0.65,-1.36,1.37,,,,1,14,Bot,100.78,158.42,,,,,1.888994842070814,-127.25854569777738,-6.4959919507897546,-14.96392973524224,26.999223915361465,-23.955362721954305,3.52,1.67,124.0,56.3,57.0,87.3,2116.0,6.3,715756,543877,493329,514888,608324,665161,670541,676801,663656,54.22,0.016,0.014,0.0,1.0,0.0,0.0,1.0,102,5,Sinker,0,0,0,0,0,0,0,0,Infield shift,Standard,243.0,-0.035,-0.177,,,0.016,0.177,88.0,0,0,0.571,0.571,25,25,26,26,1,5,13.0,2.0,13.0,,2.34,1.34,-1.34,37.7,,,,,
CH,2022-10-15,88.6,-0.77,5.64,"Raleigh, Cal",663728,519151,force_out,hit_into_play,,,,,4.0,"Cal Raleigh grounds into a force out, first baseman Yuli Gurriel to shortstop Jeremy Pena. Dylan Moore out at 2nd. Cal Raleigh to 1st.",D,L,R,SEA,HOU,X,3.0,ground_ball,1,0,2022,-1.05,0.16,-0.38,2.36,,,664238.0,0,9,Bot,154.55,165.27,,,,,3.125295015899197,-128.99552780308346,-2.3008605782561316,-12.375611517284616,26.607954936238453,-30.1387222653622,3.52,1.67,11.0,80.4,-12.0,88.7,2127.0,6.3,715756,543877,493329,514888,608324,665161,670541,676801,663656,54.2,0.103,0.087,0.0,1.0,0.0,0.0,2.0,68,2,Changeup,0,0,0,0,0,0,0,0,Infield shift,Standard,236.0,-0.085,-0.379,,,0.124,0.379,88.0,0,0,0.72,0.72,33,25,34,26,1,3,2.0,2.0,4.0,,2.74,1.05,-1.05,42.9,,,,,
SI,2022-10-13,95.6,0.81,6.19,"Raleigh, Cal",663728,664285,field_out,hit_into_play,,,,,8.0,Cal Raleigh lines out to center fielder Jake Meyers.,D,R,L,HOU,SEA,X,8.0,line_drive,2,1,2022,1.32,0.91,0.18,1.7,,,664238.0,2,4,Top,122.27,92.16,,,,,-4.5868247267525435,-138.9077696199038,-8.14750219411882,18.143232859252592,32.619936383663955,-18.669181860150957,3.51,1.68,332.0,107.2,13.0,94.4,2174.0,5.8,715757,455117,493329,514888,608324,665161,670541,676694,663656,54.74,0.847,0.89,0.0,1.0,0.0,0.0,5.0,26,4,Sinker,1,2,2,1,2,1,2,1,Infield shift,Standard,143.0,0.026,-0.283,,,1.212,0.283,107.2,-1,1,0.402,0.598,28,25,29,26,2,1,8.0,2.0,7.0,2.0,1.6,1.32,-1.32,44.9,,,,,
SI,2022-10-13,95.1,0.89,6.25,"Raleigh, Cal",663728,664285,field_out,hit_into_play,,,,,8.0,"Cal Raleigh grounds out, shortstop Jeremy Pena to first baseman Yuli Gurriel.",D,R,L,HOU,SEA,X,6.0,ground_ball,0,0,2022,0.97,0.74,0.24,1.93,,,,0,3,Top,115.68,157.25,,,,,-3.828360354547033,-138.23393092953197,-7.233880725931256,13.306352739984227,32.20373766557376,-21.198241935122866,3.51,1.68,7.0,95.3,-14.0,93.8,2183.0,5.7,715757,455117,493329,514888,608324,665161,670541,676694,663656,54.82,0.176,0.159,0.0,1.0,0.0,0.0,2.0,14,1,Sinker,1,0,0,1,0,1,0,1,Infield shift,Standard,149.0,0.026,-0.247,,,0.186,0.247,95.3,1,-1,0.612,0.388,28,25,29,26,1,0,8.0,2.0,7.0,2.0,1.79,0.97,-0.97,44.9,,,,,
FS,2022-10-13,85.7,-1.52,6.14,"Raleigh, Cal",663728,593576,field_out,hit_into_play,,,,,14.0,"Cal Raleigh grounds out, shortstop Jeremy Pena to first baseman Yuli Gurriel.",D,L,R,HOU,SEA,X,6.0,ground_ball,1,2,2022,-0.86,-0.14,0.96,1.28,571745.0,467793.0,664238.0,2,6,Top,139.53,163.02,,,,,7.589744576396047,-124.41005720863753,-4.810662527081882,-10.590778713395402,28.14178139060936,-32.74850416702381,3.51,1.68,14.0,70.7,-5.0,85.0,1204.0,6.3,715757,455117,493329,514888,608324,665161,670541,676694,663656,54.21,0.103,0.091,0.0,1.0,0.0,0.0,2.0,42,4,Split-Finger,1,2,2,1,2,1,2,1,Infield shift,Standard,250.0,0.059,-0.184,,,0.119,0.184,88.0,-1,1,0.337,0.663,33,25,33,26,1,2,9.0,2.0,2.0,2.0,3.29,0.86,-0.86,39.2,,,,,
CH,2022-10-11,84.0,-1.67,6.97,"Raleigh, Cal",663728,434378,field_out,hit_into_play,,,,,4.0,"Cal Raleigh grounds out, first baseman Yuli Gurriel to pitcher Justin Verlander.",D,L,R,HOU,SEA,X,3.0,ground_ball,0,0,2022,-1.27,0.83,-0.63,2.52,,,,0,3,Top,142.69,168.0,,,,,4.9033327601531695,-122.09540328794472,-5.482834910816379,-13.701007077535431,25.32625936686852,-22.93955440119372,3.51,1.67,2.0,64.9,-53.0,83.2,1629.0,5.9,715758,455117,493329,514888,608324,665161,670541,676801,663656,54.57,0.289,0.256,0.0,1.0,0.0,0.0,2.0,20,1,Changeup,0,4,4,0,4,0,4,0,Infield shift,Standard,232.0,0.009,-0.247,,,0.319,0.247,88.0,-4,4,0.142,0.858,39,25,39,26,2,1,7.0,3.0,8.0,2.0,2.42,1.27,-1.27,46.8,,,,,
FF,2022-10-11,95.9,-1.35,7.08,"Raleigh, Cal",663728,434378,single,hit_into_play,,,,,5.0,Cal Raleigh singles on a sharp line drive to right fielder Kyle Tucker. Julio Rodriguez scores. Ty France to 3rd.,D,L,R,HOU,SEA,X,9.0,line_drive,1,1,2022,-0.62,1.55,0.01,2.42,677594.0,,664034.0,1,1,Top,203.05,110.27,,,,,4.9419771501735825,-139.25536010484336,-10.084644900208048,-9.226404690582791,33.44636083511669,-9.875993723948987,3.51,1.67,178.0,110.1,10.0,94.9,2320.0,6.0,715758,455117,493329,514888,608324,665161,670541,676801,663656,54.53,0.882,0.89,0.9,1.0,1.0,0.0,5.0,4,3,4-Seam Fastball,0,0,0,0,1,0,1,0,Infield shift,Standard,209.0,-0.094,0.473,,,1.154,-0.473,110.1,0,0,0.438,0.562,39,25,39,26,1,0,7.0,3.0,8.0,2.0,0.95,0.62,-0.62,54.2,,,,,
FF,2022-10-11,94.0,-1.46,5.7,"Raleigh, Cal",663728,664299,field_out,hit_into_play,,,,,8.0,Cal Raleigh pops out to third baseman Alex Bregman.,D,L,R,HOU,SEA,X,5.0,popup,2,2,2022,-0.68,1.49,-0.07,2.17,,,,1,7,Top,106.54,140.97,,,,,5.0650066490995185,-136.72649049593804,-6.63063832714537,-9.660623162313716,31.851998455505573,-12.257020299137311,3.51,1.67,175.0,91.9,65.0,93.1,2345.0,5.9,715758,455117,493329,514888,608324,665161,670541,676801,663656,54.62,0.011,0.011,0.0,1.0,0.0,0.0,3.0,56,5,4-Seam Fastball,3,7,7,3,7,3,7,3,Infield shift,Standard,209.0,0.004,-0.212,,,0.015,0.212,91.9,-4,4,0.064,0.936,25,25,25,26,1,3,10.0,3.0,11.0,2.0,1.11,0.68,-0.68,33.3,,,,,
FF,2022-10-08,95.8,-2.22,5.79,"Raleigh, Cal",663728,592332,single,hit_into_play,,,,,8.0,"Cal Raleigh singles on a fly ball to shortstop Bo Bichette, deflected by left fielder Raimel Tapia.   Ty France to 3rd.    Eugenio Suarez to 2nd.",F,L,R,TOR,SEA,X,7.0,fly_ball,2,0,2022,-0.81,1.39,0.07,2.22,,664034.0,553993.0,0,6,Top,71.09,136.28,,,,,7.91201794778174,-139.23653210394522,-6.994857704168058,-12.305357722573,31.46176004110496,-12.727667455831876,3.51,1.67,235.0,74.8,34.0,96.3,2280.0,6.7,715766,643376,665489,669289,656305,666182,606132,543807,606192,53.85,0.216,0.203,0.9,1.0,1.0,0.0,3.0,49,3,4-Seam Fastball,8,1,1,8,1,8,1,8,Standard,Standard,215.0,-0.018,0.388,,,0.26,-0.388,88.0,7,-7,0.955,0.045,31,25,31,26,3,2,6.0,1.0,,3.0,1.1,0.81,-0.81,36.5,,,,,
FF,2022-10-08,95.8,-2.15,5.86,"Raleigh, Cal",663728,605447,double,hit_into_play,,,,,2.0,Cal Raleigh doubles (1) on a sharp line drive to center fielder Jackie Bradley Jr.,F,L,R,TOR,SEA,X,8.0,line_drive,2,1,2022,-0.7,1.38,-0.23,3.03,,,,1,9,Top,158.19,65.2,,,,,6.7926717177730005,-139.32993728340318,-5.06400949407939,-10.628810734737511,32.751165566887764,-13.228345487558752,3.51,1.67,341.0,111.4,15.0,97.6,2269.0,7.4,715766,643376,665489,669289,656305,666182,606132,598265,606192,53.06,0.538,0.778,1.25,1.0,1.0,1.0,6.0,80,4,4-Seam Fastball,9,9,9,9,9,9,9,9,Infield shift,Standard,214.0,-0.114,0.626,,,1.358,-0.626,111.4,0,0,0.552,0.4479999999999999,29,25,29,26,1,4,3.0,1.0,,3.0,1.11,0.7,-0.7,42.5,,,,,
FS,2022-10-08,87.7,-1.41,5.92,"Raleigh, Cal",663728,542914,single,hit_into_play,,,,,11.0,Cal Raleigh singles on a line drive to left fielder Raimel Tapia.   Eugenio Suarez scores.,F,L,R,TOR,SEA,X,7.0,line_drive,0,1,2022,-1.26,0.59,-1.08,3.13,,553993.0,,0,8,Top,99.34,84.82,,,,,3.3977598478879125,-127.66768979707822,-1.8479005871366152,-14.499618393436892,25.881710939656568,-25.538519046698337,3.51,1.67,243.0,89.0,15.0,87.8,1159.0,6.3,715766,643376,665489,669289,656305,666182,606132,543807,606192,54.2,0.968,0.913,0.9,1.0,1.0,0.0,4.0,67,2,Split-Finger,9,5,5,9,6,9,6,9,Infield shift,Standard,214.0,-0.05,0.521,,,1.087,-0.521,89.0,4,-4,0.935,0.0649999999999999,34,25,35,26,1,3,3.0,1.0,,3.0,2.37,1.26,-1.26,53.5,,,,,
CH,2022-10-07,86.6,-2.7,5.75,"Raleigh, Cal",663728,666201,field_out,hit_into_play,,,,,13.0,Cal Raleigh pops out to third baseman Matt Chapman.,F,L,R,TOR,SEA,X,5.0,popup,0,1,2022,-1.35,0.91,-1.42,2.32,,,553993.0,2,5,Top,103.75,170.56,,,,,5.872151629629018,-125.88285481286609,-3.818802156533174,-15.520118885889042,26.651521407437556,-21.976131337347443,3.54,1.67,94.0,65.1,72.0,87.2,2089.0,6.8,715767,672386,665489,593160,656305,666182,606132,543807,606192,53.69,0.005,0.006,0.0,1.0,0.0,0.0,3.0,37,2,Changeup,0,4,4,0,4,0,4,0,Infield shift,Standard,226.0,0.007,-0.218,,,0.007,0.218,88.0,-4,4,0.115,0.885,24,25,24,26,3,2,7.0,3.0,,1.0,2.15,1.35,-1.35,37.6,,,,,
SI,2022-10-07,95.4,-2.82,5.91,"Raleigh, Cal",663728,666201,home_run,hit_into_play,,,,,2.0,Cal Raleigh homers (1) on a fly ball to right field.    Eugenio Suarez scores.,F,L,R,TOR,SEA,X,,fly_ball,3,2,2022,-1.35,0.81,-0.14,3.0,,553993.0,,1,1,Top,222.72,88.2,,,,,10.13180826464826,-138.5716975623777,-3.8256409800294007,-19.72087998027754,31.992310162653418,-21.065389087715307,3.54,1.67,362.0,99.5,38.0,95.7,2299.0,6.6,715767,672386,665489,593160,656305,666182,606132,543807,606192,53.88,0.2325,0.4606666666666667,2.0,1.0,0.0,3.0,3.0,4,7,Sinker,0,1,1,0,3,0,3,0,Infield shift,Standard,223.0,-0.133,1.273,,,0.9059999999999998,-1.273,99.5,-1,1,0.383,0.617,24,25,24,26,1,0,7.0,3.0,,1.0,1.71,1.35,-1.35,35.0,,,,,
FF,2022-10-04,93.7,-1.93,6.01,"Raleigh, Cal",663728,660730,home_run,hit_into_play,,,,,2.0,Cal Raleigh homers (27) on a fly ball to right field.,R,L,R,SEA,DET,X,,fly_ball,3,2,2022,-0.43,1.49,0.2,3.44,,,,1,5,Bot,224.54,66.36,,,,,6.471345105847921,-136.3778803478359,-4.250816825775169,-6.7527236542982205,28.77295577186232,-12.820856702261546,3.54,1.68,406.0,105.7,37.0,94.1,2418.0,6.4,662199,571466,679529,570731,665019,668952,622682,668731,663478,54.09,0.6027692307692308,1.220846153846154,2.0,1.0,0.0,3.0,6.0,51,9,4-Seam Fastball,4,5,4,5,5,5,5,5,Infield shift,Standard,206.0,0.149,1.501,,,2.3846153846153846,-1.501,105.7,-1,-1,0.388,0.388,24,25,24,26,2,2,82.0,1.0,,3.0,1.1,0.43,-0.43,47.1,,,,,
CH,2022-10-04,86.6,-2.04,6.06,"Raleigh, Cal",663728,660730,single,hit_into_play,,,,,11.0,Cal Raleigh singles on a line drive to center fielder Akil Baddoo.   Eugenio Suarez to 3rd.,R,L,R,SEA,DET,X,8.0,line_drive,3,2,2022,-1.41,0.84,-1.5,2.89,,,553993.0,2,3,Bot,113.39,108.79,,,,,4.209200030830508,-126.06560439898396,-3.111599280400979,-15.848510301402053,25.17458384768057,-22.741587551836776,3.54,1.68,186.0,63.6,22.0,87.4,2138.0,6.7,662199,571466,679529,570731,665019,668952,622682,668731,663478,53.76,0.658,0.592,0.9,1.0,1.0,0.0,4.0,29,9,Changeup,1,1,1,1,1,1,1,1,Infield shift,Standard,229.0,0.026,0.297,,,0.675,-0.297,88.0,0,0,0.529,0.529,24,25,24,26,1,1,82.0,1.0,,3.0,2.19,1.41,-1.41,48.1,,,,,
CH,2022-10-04,83.5,-2.75,5.31,"Raleigh, Cal",663728,682051,single,hit_into_play,,,,,13.0,Cal Raleigh singles on a fly ball to right fielder Brendon Davis.   Eugenio Suarez to 3rd.    Carlos Santana to 2nd.,R,L,R,SEA,DET,X,9.0,fly_ball,1,0,2022,-1.26,0.88,-0.96,2.31,,553993.0,467793.0,0,6,Bot,158.59,103.61,,,,,6.6165976539727325,-121.35457685407908,-2.14569095612573,-13.732969271077522,24.931100278870737,-23.310683375584063,3.54,1.68,252.0,73.9,29.0,83.5,1536.0,6.4,662199,571466,679529,570731,665019,668952,622682,668731,663478,54.06,0.589,0.552,0.9,1.0,1.0,0.0,4.0,64,2,Changeup,7,6,7,6,6,7,7,6,Infield shift,Standard,232.0,0.049,0.448,,,0.652,-0.448,88.0,1,1,0.824,0.824,26,25,26,26,1,3,2.0,1.0,,3.0,2.41,1.26,-1.26,35.6,,,,,
CH,2022-10-03,85.4,-2.43,5.38,"Raleigh, Cal",663728,650530,field_out,hit_into_play,,,,,5.0,Cal Raleigh grounds out to first baseman Harold Castro.,R,L,R,SEA,DET,X,3.0,ground_ball,1,0,2022,-1.45,0.65,0.12,2.43,,,,1,4,Bot,169.61,161.13,,,,,8.83010558723698,-124.02049603515748,-1.921055148605642,-16.728228449149814,25.56958345288499,-25.248605408353136,3.54,1.68,90.0,88.4,6.0,84.5,2070.0,5.9,662201,571466,605612,570731,665019,595879,668731,682985,622682,54.63,0.466,0.443,0.0,1.0,0.0,0.0,4.0,34,2,Changeup,1,4,1,4,4,1,1,4,Infield shift,Standard,258.0,-0.02,-0.282,,,0.538,0.282,88.4,-3,-3,0.194,0.194,27,25,27,26,2,1,49.0,3.0,,1.0,2.49,1.45,-1.45,34.4,,,,,
SL,2022-09-30,85.5,-1.63,5.77,"Raleigh, Cal",663728,642758,home_run,hit_into_play,,,,,9.0,Cal Raleigh homers (26) on a fly ball to right field.,R,L,R,SEA,ATH,X,,fly_ball,3,2,2022,-0.58,0.59,0.29,1.6,,,,2,9,Bot,244.75,83.5,,,,,5.624729925985224,-124.44942787181564,-4.708855109102423,-7.105250711274776,24.691737524744667,-25.25057823945895,3.54,1.67,406.0,108.0,31.0,84.8,2175.0,5.8,661111,669127,660650,643393,605353,669397,664913,665506,668843,54.73,0.942076923076923,1.921,2.0,1.0,0.0,3.0,6.0,63,7,Slider,1,1,1,1,1,2,2,1,Infield shift,Standard,247.0,0.46,2.549,,,3.7625384615384614,-2.549,108.0,0,0,0.54,0.54,28,25,28,26,1,0,2.0,1.0,3.0,3.0,2.52,0.58,-0.58,35.5,,,,,
FF,2022-09-29,95.4,-2.01,5.59,"Raleigh, Cal",663728,592351,single,hit_into_play,,,,,6.0,Cal Raleigh singles on a line drive to center fielder Bubba Thompson.,R,L,R,SEA,TEX,X,8.0,line_drive,3,2,2022,-0.62,1.21,0.51,2.47,,,,2,5,Bot,135.72,96.09,,,,,8.048772098345653,-138.70046624402525,-5.302066166900602,-9.807577833705793,30.274854753398188,-15.56371361844672,3.53,1.66,198.0,73.8,18.0,95.7,1871.0,6.5,661128,608700,663993,543760,673962,669701,664029,669352,666969,54.03,0.861,0.796,0.9,1.0,1.0,0.0,4.0,45,6,4-Seam Fastball,6,4,6,4,4,6,6,4,Infield shift,Standard,224.0,0.007,0.259,,,0.922,-0.259,88.0,2,2,0.787,0.787,30,25,31,26,3,2,6.0,2.0,5.0,1.0,1.3,0.62,-0.62,27.0,,,,,
ST,2022-09-29,83.5,-1.91,6.06,"Raleigh, Cal",663728,592351,field_out,hit_into_play,,,,,3.0,Cal Raleigh flies out to second baseman Marcus Semien.,R,L,R,SEA,TEX,X,4.0,fly_ball,0,2,2022,0.8,0.81,0.51,2.96,,,,2,3,Bot,178.46,132.58,,,,,4.010641888048718,-121.55175560905016,-2.3023082003896027,7.095400421511798,23.85861376308826,-23.88183360212596,3.53,1.66,211.0,84.7,54.0,83.4,2470.0,6.2,661128,608700,663993,543760,673962,669701,664029,669352,666969,54.3,0.013,0.012,0.0,1.0,0.0,0.0,3.0,29,3,Sweeper,4,4,4,4,4,4,4,4,Infield shift,Standard,57.0,-0.008,-0.153,,,0.017,0.153,88.0,0,0,0.508,0.508,30,25,31,26,2,1,6.0,2.0,5.0,1.0,2.45,-0.8,0.8,35.4,,,,,
FF,2022-09-29,97.9,-1.97,6.06,"Raleigh, Cal",663728,600917,sac_fly,hit_into_play,,,,,4.0,Cal Raleigh out on a sacrifice fly to left fielder Kole Calhoun.   Sam Haggerty scores.    Eugenio Suarez to 2nd.,R,L,R,SEA,TEX,X,7.0,fly_ball,1,0,2022,-0.28,1.71,-0.42,2.62,664059.0,,553993.0,1,10,Bot,100.43,101.37,,,,,4.754643645598985,-142.3043674922995,-7.601613930667007,-4.95525820876273,33.254277748988216,-7.39513552618663,3.53,1.66,253.0,76.3,34.0,96.2,2709.0,5.4,661128,608700,663993,543760,673962,669701,594777,669352,666969,55.11,0.145,0.13,0.0,1.0,0.0,0.0,3.0,86,2,4-Seam Fastball,7,8,7,8,8,8,8,8,Infield shift,Standard,208.0,0.137,-0.189,,,0.168,0.189,88.0,-1,-1,0.473,0.473,28,25,29,26,1,4,2.0,2.0,,1.0,0.68,0.28,-0.28,39.2,,,,,
SL,2022-09-27,82.6,-3.8,4.75,"Raleigh, Cal",663728,668338,field_out,hit_into_play,,,,,5.0,Cal Raleigh lines out to right fielder Adolis Garcia.,R,L,R,SEA,TEX,X,9.0,line_drive,3,1,2022,1.0,0.2,-0.21,2.42,,664034.0,571745.0,1,4,Bot,174.72,77.7,,,,,6.323037470569736,-120.17191224684164,0.8244393209189862,8.603746642301084,21.8710681230263,-30.598441467715027,3.53,1.66,324.0,91.3,25.0,84.0,2465.0,7.1,662117,669087,663993,543760,673962,608369,669352,665750,666969,53.41,0.126,0.159,0.0,1.0,0.0,0.0,3.0,29,5,Slider,0,1,0,1,1,0,0,1,Infield shift,Standard,69.0,-0.093,-0.353,,,0.253,0.353,91.3,-1,-1,0.514,0.514,26,25,27,26,1,1,104.0,2.0,5.0,2.0,3.13,-1.0,1.0,19.5,,,,,
CU,2022-09-27,84.2,-1.11,6.27,"Raleigh, Cal",663728,622786,field_out,hit_into_play,,,,,2.0,Cal Raleigh flies out to center fielder Leody Taveras.,R,L,R,SEA,TEX,X,8.0,fly_ball,1,2,2022,0.48,0.33,-0.25,3.12,,,,0,2,Bot,104.13,77.6,,,,,1.039614670519601,-122.6996222415154,-1.6653721889814537,4.693454274234756,22.325257613735516,-28.701544276369717,3.53,1.66,307.0,96.4,45.0,84.3,2311.0,6.1,662117,669087,663993,543760,673962,608369,669352,665750,666969,54.44,0.011,0.017,0.0,1.0,0.0,0.0,3.0,13,4,Curveball,0,1,0,1,1,0,0,1,Infield shift,Standard,77.0,-0.019,-0.176,,,0.031,0.176,96.4,-1,-1,0.437,0.437,27,25,27,26,1,0,4.0,2.0,4.0,2.0,2.85,-0.48,0.48,50.5,,,,,
CH,2022-09-27,89.2,-2.64,5.64,"Raleigh, Cal",663728,642701,force_out,hit_into_play,,,,,14.0,"Cal Raleigh grounds into a force out, fielded by third baseman Josh Jung.   Ty France out at 3rd.",R,L,R,SEA,TEX,X,5.0,ground_ball,1,0,2022,-1.59,0.82,0.03,1.3,,664034.0,553993.0,2,6,Bot,113.03,188.79,,,,,9.845533563365075,-129.4086839047433,-6.294459057759549,-19.936950572696265,28.478161449490266,-21.76525602806041,3.53,1.66,2.0,41.8,-37.0,88.5,2302.0,6.2,662117,669087,663993,543760,673962,608369,669352,665750,666969,54.34,0.247,0.221,0.0,1.0,0.0,0.0,1.0,48,2,Changeup,0,2,0,2,2,0,0,2,Infield shift,Standard,237.0,-0.074,-0.313,,,0.263,0.313,88.0,-2,-2,0.259,0.259,26,25,26,26,1,2,2.0,2.0,5.0,2.0,2.08,1.59,-1.59,28.2,,,,,
CH,2022-09-25,86.5,-2.98,5.78,"Raleigh, Cal",663728,666721,field_out,hit_into_play,,,,,4.0,Cal Raleigh flies out to left fielder Edward Olivares.,R,L,R,KC,SEA,X,7.0,fly_ball,1,1,2022,-1.19,0.16,-0.59,2.55,,,,0,2,Top,35.52,129.11,,,,,8.067756138355952,-125.86768452652336,-1.927769023464528,-14.119116808570135,20.912677372611295,-30.24576034204025,3.52,1.65,281.0,92.9,44.0,86.8,1373.0,6.1,662631,669004,686469,686681,641531,677951,658668,671221,656811,54.44,0.005,0.007,0.0,1.0,0.0,0.0,3.0,8,3,Changeup,0,0,0,0,0,0,0,0,Infield shift,Standard,254.0,0.022,-0.236,,,0.012,0.236,92.9,0,0,0.501,0.499,23,25,23,26,1,0,21.0,1.0,4.0,2.0,2.84,1.19,-1.19,26.6,,,,,
SI,2022-09-25,94.9,-4.02,4.12,"Raleigh, Cal",663728,621016,field_out,hit_into_play,,,,,5.0,"Cal Raleigh grounds out, shortstop Bobby Witt Jr.  to first baseman Vinnie Pasquantino.",R,L,R,KC,SEA,X,6.0,ground_ball,0,1,2022,-1.26,-0.03,0.02,2.71,,,,0,6,Top,143.08,152.67,,,,,13.337059749409343,-137.73216699362186,1.9939308409571377,-18.662718854133832,25.66168330354175,-33.148712617087526,3.52,1.65,27.0,98.6,-4.0,95.4,2490.0,6.3,662631,669004,686469,686681,641531,677951,658668,671221,656811,54.15,0.284,0.257,0.0,1.0,0.0,0.0,2.0,53,2,Sinker,2,9,9,2,9,2,9,2,Infield shift,Standard,257.0,0.001,-0.209,,,0.321,0.209,98.6,-7,7,0.015,0.985,28,25,28,26,1,3,1.0,1.0,,2.0,2.54,1.26,-1.26,0.5,,,,,
SL,2022-09-24,88.6,-1.3,6.34,"Raleigh, Cal",663728,641745,double,hit_into_play,,,,,1.0,Cal Raleigh doubles (20) on a sharp fly ball to left fielder Kyle Isbel.   Jarred Kelenic scores.    Jesse Winker to 3rd.,R,L,R,KC,SEA,X,7.0,fly_ball,1,1,2022,0.37,-0.06,-0.53,3.27,,672284.0,608385.0,1,9,Top,54.53,58.74,,,,,1.0999693219956854,-129.20717239394722,-1.374538626804554,3.992838866710907,24.67607061438454,-32.78560511218148,3.51,1.64,387.0,105.3,23.0,88.2,2681.0,5.7,662641,521692,686469,670032,681987,677951,664728,572191,671221,54.76,0.6940133333333335,1.2908000000000002,1.25,1.0,1.0,1.0,6.0,78,3,Slider,5,5,5,5,6,5,6,5,Infield shift,Standard,111.0,-0.32,0.788,,,2.463466666666667,-0.788,105.3,0,0,0.422,0.5780000000000001,26,25,27,26,1,2,2.0,1.0,5.0,1.0,2.93,-0.37,0.37,48.8,,,,,
SL,2022-09-24,86.3,-2.38,4.94,"Raleigh, Cal",663728,676092,home_run,hit_into_play,,,,,5.0,Cal Raleigh homers (25) on a fly ball to right field.    Jesse Winker scores.,R,L,R,KC,SEA,X,,fly_ball,2,1,2022,0.36,-0.3,0.1,2.35,,,608385.0,0,6,Top,246.24,63.5,,,,,5.1627418894382435,-125.7483799377788,0.5892180524177932,2.8674592740059763,22.887360388417807,-35.65530105118592,3.51,1.64,444.0,112.1,29.0,86.3,2553.0,6.0,662641,521692,686469,670032,681987,677951,664728,572191,671221,54.51,0.986,2.0,2.0,1.0,0.0,3.0,6.0,51,4,Slider,5,3,3,5,5,5,5,5,Infield shift,Standard,125.0,-0.216,1.005,,,3.9375,-1.005,112.1,2,-2,0.716,0.284,26,25,27,26,1,0,2.0,1.0,10.0,1.0,3.32,-0.36,0.36,16.6,,,,,
SI,2022-09-23,94.6,-1.43,5.26,"Raleigh, Cal",663728,663903,home_run,hit_into_play,,,,,3.0,Cal Raleigh homers (24) on a fly ball to right field.,R,L,R,KC,SEA,X,,fly_ball,2,2,2022,-1.35,0.84,0.51,3.01,,,,1,2,Top,213.94,64.16,,,,,8.12217565550214,-137.6270581440072,-2.1009704869450596,-18.900533901186712,29.693503766792027,-21.180537117791314,3.5,1.64,396.0,100.8,33.0,95.6,2424.0,6.8,662642,669004,686469,686681,681987,677951,658668,572191,641531,53.7,0.51936,1.0274,2.0,1.0,0.0,3.0,6.0,8,6,Sinker,0,0,0,0,1,0,1,0,Infield shift,Standard,214.0,-0.107,1.616,,,2.0122,-1.616,100.8,0,0,0.525,0.475,25,25,26,26,1,0,6.0,1.0,7.0,1.0,1.7,1.35,-1.35,28.1,,,,,
FF,2022-09-22,93.4,-2.4,5.45,"Raleigh, Cal",663728,661309,field_out,hit_into_play,,,,,8.0,Cal Raleigh flies out to left fielder Tony Kemp.,R,L,R,ATH,SEA,X,7.0,fly_ball,0,0,2022,-1.63,0.65,-0.17,1.53,,,,2,3,Top,52.5,122.36,,,,,9.35981997317919,-135.66185147577534,-5.778055871194164,-22.23873246453221,29.786063897237906,-23.046745225412003,3.52,1.64,263.0,90.9,50.0,93.5,2283.0,6.5,662306,669127,519390,672478,605353,669397,643393,664913,668843,54.03,0.008,0.007,0.0,1.0,0.0,0.0,3.0,24,1,4-Seam Fastball,0,3,3,0,3,0,3,0,Infield shift,Standard,242.0,0.007,-0.256,,,0.009,0.256,90.9,-3,3,0.229,0.771,25,25,26,26,2,1,6.0,1.0,6.0,1.0,1.97,1.63,-1.63,17.0,,,,,
CH,2022-09-22,84.3,-2.35,5.44,"Raleigh, Cal",663728,650204,field_out,hit_into_play,,,,,4.0,Cal Raleigh lines out sharply to right fielder Conner Capel.,R,L,R,ATH,SEA,X,9.0,line_drive,3,2,2022,-0.83,0.25,-0.65,2.64,,,,2,7,Top,179.77,68.58,,,,,5.565646376671705,-122.91885262515194,-0.7854645998810508,-9.421831708080976,19.372975220137334,-29.63984144504184,3.52,1.64,348.0,102.4,20.0,84.9,1759.0,6.1,662306,669127,519390,672478,605353,669397,643393,664913,668843,54.37,0.3801666666666667,0.5928333333333333,0.0,1.0,0.0,0.0,5.0,63,8,Changeup,5,8,8,5,8,5,8,5,Infield shift,Standard,215.0,0.006,-0.302,,,1.042166666666667,0.302,102.4,-3,3,0.122,0.878,28,25,28,26,1,3,4.0,1.0,3.0,1.0,2.89,0.83,-0.83,38.4,,,,,
CH,2022-09-22,84.3,-2.93,5.57,"Raleigh, Cal",663728,661309,double,hit_into_play,,,,,4.0,Cal Raleigh doubles (19) on a fly ball to left fielder Tony Kemp.   Mitch Haniger scores.    Ty France to 3rd.,R,L,R,ATH,SEA,X,7.0,fly_ball,1,0,2022,-1.18,-0.47,-0.66,2.69,,571745.0,664034.0,1,1,Top,31.4,103.23,,,,,7.567117157357706,-122.60375804311307,0.6064614039297063,-13.382298007524671,23.970758608150145,-37.277619930109154,3.52,1.64,331.0,99.3,24.0,83.9,2381.0,6.0,662306,669127,519390,672478,605353,669397,643393,664913,668843,54.45,0.4071333333333333,0.6868000000000001,1.25,1.0,1.0,1.0,5.0,5,2,Changeup,0,1,1,0,2,0,2,0,Infield shift,Standard,282.0,-0.114,0.742,,,1.2754,-0.742,99.3,-1,1,0.363,0.637,25,25,26,26,1,0,6.0,1.0,6.0,1.0,3.68,1.18,-1.18,16.6,,,,,
SL,2022-09-22,81.1,2.48,5.27,"Raleigh, Cal",663728,669912,field_out,hit_into_play,,,,,5.0,"Cal Raleigh grounds out, shortstop Nick Allen to first baseman Stephen Vogt.",R,R,L,ATH,SEA,X,6.0,ground_ball,1,0,2022,-0.57,-0.22,-0.03,2.74,664034.0,,,0,6,Top,112.95,160.1,,,,,-4.516770766281587,-118.1015233988204,1.374495557756772,-4.43413470835107,22.53237989109541,-34.70472609399642,3.52,1.64,12.0,89.2,-12.0,81.0,2540.0,6.2,662306,669127,519390,672478,605353,669397,643393,664913,668843,54.34,0.155,0.135,0.0,1.0,0.0,0.0,2.0,51,2,Slider,5,4,4,5,4,5,4,5,Strategic,Standard,280.0,0.066,-0.303,,,0.199,0.303,89.2,1,-1,0.517,0.483,27,25,28,26,1,2,4.0,1.0,6.0,1.0,3.68,-0.57,0.57,20.6,,,,,
SI,2022-09-21,95.1,-3.06,5.78,"Raleigh, Cal",663728,621076,field_out,hit_into_play,,,,,5.0,Cal Raleigh lines out sharply to center fielder Cristian Pache.,R,L,R,ATH,SEA,X,8.0,line_drive,3,2,2022,-1.44,0.67,0.24,2.51,,,,1,5,Top,118.15,64.06,,,,,11.87379373521624,-138.05011746005837,-4.436647668608788,-20.98084793667871,29.803330138551956,-22.707905701621463,3.53,1.65,336.0,105.9,16.0,95.3,1848.0,6.5,662320,669221,660650,681146,641914,669397,643393,665506,640461,54.04,0.468,0.694,0.0,1.0,0.0,0.0,5.0,31,6,Sinker,0,0,0,0,0,0,0,0,Infield shift,Standard,218.0,0.027,-0.328,,,1.221,0.328,105.9,0,0,0.525,0.475,28,25,28,26,2,1,6.0,3.0,6.0,1.0,1.85,1.44,-1.44,29.8,,,,,
SL,2022-09-21,87.5,3.5,5.53,"Raleigh, Cal",663728,640462,field_out,hit_into_play,,,,,9.0,Cal Raleigh flies out to right fielder Chad Pinder.,R,R,L,ATH,SEA,X,9.0,fly_ball,0,1,2022,-0.27,0.09,0.72,1.8,,,,0,8,Top,185.67,119.05,,,,,-6.2388944731602125,-127.23755575005376,-3.018579906810413,-1.5734873322908216,28.372179524421565,-30.74311946788035,3.53,1.65,250.0,86.9,40.0,88.6,2149.0,7.2,662320,669221,660650,643393,605353,669397,664913,665506,640461,53.31,0.008,0.01,0.0,1.0,0.0,0.0,3.0,54,2,Slider,2,0,0,2,0,2,0,2,Infield shift,Standard,203.0,0.032,-0.209,,,0.016,0.209,88.0,2,-2,0.868,0.132,27,25,27,26,1,2,1.0,3.0,3.0,1.0,2.91,-0.27,0.27,28.1,,,,,
FC,2022-09-17,94.4,-2.4,5.65,"Raleigh, Cal",663728,660271,single,hit_into_play,,,,,8.0,Cal Raleigh singles on a sharp line drive to center fielder Mike Trout.,R,L,R,LAA,SEA,X,8.0,line_drive,2,1,2022,0.11,0.77,-0.19,1.99,,,,1,2,Top,140.09,70.45,,,,,5.555136160177679,-137.4075037746182,-5.615613239306818,0.1922760261933989,29.1165971740856,-21.38888794033133,3.55,1.64,322.0,108.0,15.0,95.5,2427.0,6.8,663426,545358,645801,683021,622110,650859,666160,545361,621493,53.7,0.689,0.777,0.9,1.0,1.0,0.0,5.0,10,4,Cutter,1,0,0,1,0,1,0,1,Infield shift,Standard,207.0,-0.024,0.376,,,1.148,-0.376,108.0,1,-1,0.624,0.376,27,25,28,26,1,0,7.0,3.0,6.0,1.0,1.78,-0.11,0.11,32.7,,,,,
CH,2022-09-14,86.2,-1.5,5.48,"Raleigh, Cal",663728,605182,field_out,hit_into_play,,,,,13.0,"Cal Raleigh grounds out, shortstop Ha-Seong Kim to first baseman Wil Myers.",R,L,R,SEA,SD,X,6.0,ground_ball,0,0,2022,-1.15,0.9,-1.28,2.21,,,608385.0,2,3,Bot,143.91,151.58,,,,,2.8886506467733244,-125.61587650033148,-3.468161555283169,-12.748562597322293,22.97766466590223,-22.159534595539608,3.53,1.65,6.0,70.6,-20.0,87.6,1525.0,6.9,662118,595751,571976,630105,592518,673490,595777,663757,665742,53.63,0.047,0.053,0.0,1.0,0.0,0.0,2.0,28,1,Changeup,3,0,3,0,0,3,3,0,Infield shift,Standard,235.0,-0.012,-0.26,,,0.047,0.26,88.0,3,3,0.826,0.826,31,25,32,26,2,1,5.0,1.0,6.0,3.0,2.14,1.15,-1.15,38.8,,,,,
CH,2022-09-14,86.7,-1.34,5.59,"Raleigh, Cal",663728,605182,single,hit_into_play,,,,,13.0,Cal Raleigh singles on a ground ball to second baseman Jake Cronenworth.,R,L,R,SEA,SD,X,4.0,ground_ball,2,2,2022,-1.23,0.63,-0.83,2.18,,,,2,1,Bot,164.19,129.78,,,,,3.7535517673118193,-126.29738077684527,-3.293453411478212,-13.890431403067652,25.3800630564821,-24.94989895760374,3.53,1.65,134.0,103.2,8.0,87.5,1562.0,6.7,662118,595751,571976,630105,592518,673490,595777,663757,665742,53.79,0.708,0.685,0.9,1.0,1.0,0.0,4.0,9,5,Changeup,3,0,3,0,0,3,3,0,Infield shift,Standard,233.0,0.008,0.345,,,0.836,-0.345,103.2,3,3,0.783,0.783,31,25,32,26,1,0,5.0,1.0,6.0,3.0,2.39,1.23,-1.23,41.2,,,,,
FF,2022-09-14,91.4,3.45,3.38,"Raleigh, Cal",663728,657612,field_out,hit_into_play,,,,,1.0,"Cal Raleigh grounds out, third baseman Manny Machado to first baseman Wil Myers.",R,R,L,SEA,SD,X,5.0,ground_ball,1,2,2022,1.41,0.68,-0.73,3.4,,,,1,8,Bot,98.28,170.34,,,,,-13.622694256017509,-132.39631889267542,4.543887056577689,19.288214462898345,25.74909105218829,-25.31574718234329,3.53,1.65,14.0,82.1,-12.0,92.2,2294.0,6.8,662118,595751,571976,630105,592518,673490,595777,663757,665742,53.69,0.084,0.077,0.0,1.0,0.0,0.0,2.0,67,4,4-Seam Fastball,6,1,6,1,1,6,6,1,Standard,Standard,102.0,0.0,-0.177,,,0.084,0.177,88.0,5,5,0.994,0.994,32,25,32,26,1,3,3.0,1.0,6.0,3.0,2.05,1.41,-1.41,-14.0,,,,,
FF,2022-09-13,94.2,-2.48,5.48,"Raleigh, Cal",663728,506433,field_out,hit_into_play,,,,,2.0,Cal Raleigh flies out sharply to center fielder Trent Grisham.,R,L,R,SEA,SD,X,8.0,fly_ball,2,2,2022,-0.73,1.5,-0.06,3.35,,,,1,5,Bot,135.06,42.62,,,,,7.965790547819264,-136.96669987381662,-3.148884789024682,-10.96202749711078,30.614366666850735,-12.839026792279569,3.53,1.66,387.0,101.3,24.0,94.8,2457.0,6.7,662119,543592,571976,630105,592518,673490,595777,663757,665742,53.77,0.5203428571428572,0.902285714285714,0.0,1.0,0.0,0.0,6.0,37,6,4-Seam Fastball,0,1,0,1,1,0,0,1,Infield shift,Standard,211.0,-0.023,-0.212,,,1.692771428571428,0.212,101.3,-1,-1,0.38,0.38,35,25,36,26,2,1,6.0,2.0,5.0,1.0,1.08,0.73,-0.73,37.4,,,,,
FF,2022-09-11,95.7,-1.05,5.98,"Raleigh, Cal",663728,623451,field_out,hit_into_play,,,,,8.0,Cal Raleigh lines out to center fielder Michael Harris II.,R,L,R,SEA,ATL,X,8.0,line_drive,2,0,2022,-0.46,1.2,0.04,2.07,,,,1,7,Bot,125.53,63.58,,,,,3.8901771703383567,-139.22850916898892,-7.4121330604427245,-6.878524967959994,28.0771388463686,-15.068735789929123,3.53,1.65,336.0,91.0,22.0,95.3,2112.0,5.9,662120,661388,621566,687093,663586,621020,542303,671739,543257,54.65,0.2,0.197,0.0,1.0,0.0,0.0,3.0,55,3,4-Seam Fastball,6,1,6,1,1,6,6,1,Infield shift,Standard,218.0,-0.002,-0.352,,,0.289,0.352,91.0,5,5,0.985,0.985,28,25,28,26,1,3,16.0,1.0,3.0,2.0,1.26,0.46,-0.46,40.0,,,,,
CU,2022-09-10,74.6,1.21,6.11,"Raleigh, Cal",663728,608331,field_out,hit_into_play,,,,,12.0,Cal Raleigh flies out to center fielder Michael Harris II.,R,R,L,SEA,ATL,X,8.0,fly_ball,2,2,2022,-1.03,-1.68,0.84,3.11,,,571745.0,2,4,Bot,90.93,88.19,,,,,1.0530021301208614,-108.37132614010622,4.140499680721034,-8.207914190089854,22.46167802479737,-46.31273204791623,3.5,1.64,289.0,77.9,32.0,73.9,2883.0,6.3,662088,518595,621566,687093,663586,621020,592696,671739,543257,54.2,0.121,0.112,0.0,1.0,0.0,0.0,3.0,28,5,Curveball,0,0,0,0,0,0,0,0,Standard,Strategic,331.0,-0.025,-0.223,,,0.166,0.223,88.0,0,0,0.525,0.525,28,25,28,26,2,1,6.0,1.0,6.0,1.0,5.85,-1.03,1.03,52.9,,,,,
FS,2022-09-10,87.0,-2.62,5.32,"Raleigh, Cal",663728,489446,field_out,hit_into_play,,,,,13.0,"Cal Raleigh grounds out, second baseman Vaughn Grissom to first baseman Matt Olson.",R,L,R,SEA,ATL,X,4.0,ground_ball,3,2,2022,-1.18,-0.17,-1.11,1.72,,,571745.0,2,8,Bot,160.13,139.92,,,,,5.982787889099326,-126.591586686234,-2.120420135534573,-13.898814548887383,25.772525211114388,-33.72487819243312,3.5,1.64,4.0,73.8,-24.0,86.2,1174.0,5.7,662088,518595,621566,687093,663586,621020,592696,671739,543257,54.76,0.042,0.05,0.0,1.0,0.0,0.0,2.0,60,6,Split-Finger,3,1,3,1,1,3,3,1,Infield shift,Standard,263.0,-0.008,-0.305,,,0.042,0.305,88.0,2,2,0.932,0.932,35,25,35,26,1,3,6.0,1.0,,1.0,3.18,1.18,-1.18,18.5,,,,,
FF,2022-09-10,93.0,1.11,6.09,"Raleigh, Cal",663728,608331,field_out,hit_into_play,,,,,4.0,Cal Raleigh pops out to third baseman Austin Riley in foul territory.,R,R,L,SEA,ATL,X,5.0,popup,0,1,2022,-0.17,0.75,-0.47,2.77,,,,0,2,Bot,97.29,200.64,,,,,-3.6919435154834375,-135.35208300361228,-4.404229931740227,-1.3052449322607935,29.46783698879963,-22.182026669393256,3.5,1.64,69.0,86.6,75.0,93.2,2111.0,6.4,662088,518595,621566,687093,663586,621020,592696,671739,543257,54.13,0.003,0.002,0.0,1.0,0.0,0.0,3.0,12,2,4-Seam Fastball,0,0,0,0,0,0,0,0,Standard,Standard,162.0,-0.02,-0.209,,,0.003,0.209,88.0,0,0,0.548,0.548,28,25,28,26,1,0,6.0,1.0,6.0,1.0,1.88,-0.17,0.17,53.2,,,,,
CU,2022-09-09,81.0,-2.73,5.36,"Raleigh, Cal",663728,450203,single,hit_into_play,,,,,8.0,Cal Raleigh singles on a sharp ground ball to center fielder Michael Harris II.,R,L,R,SEA,ATL,X,8.0,ground_ball,1,1,2022,1.18,-0.59,-0.2,1.7,,,,1,7,Bot,128.19,92.27,,,,,3.3840960475550443,-118.00311666213304,-0.4323300547125375,10.427223847159096,22.483526703699997,-37.86241796210011,3.48,1.65,128.0,106.8,7.0,80.9,2969.0,6.1,662136,518595,621566,687093,663586,621020,542303,671739,543257,54.36,0.647,0.61,0.9,1.0,1.0,0.0,4.0,59,3,Curveball,4,6,4,6,6,4,4,6,Infield shift,Standard,59.0,0.048,0.428,,,0.748,-0.428,106.8,-2,-2,0.18,0.18,38,25,39,26,3,2,7.0,3.0,5.0,1.0,4.06,-1.18,1.18,20.5,,,,,
CH,2022-09-09,87.5,-2.68,5.31,"Raleigh, Cal",663728,450203,field_out,hit_into_play,,,,,8.0,Cal Raleigh flies out to center fielder Michael Harris II.,R,L,R,SEA,ATL,X,8.0,fly_ball,0,1,2022,-1.62,0.09,-0.2,1.88,,,,1,5,Bot,100.98,97.04,,,,,9.261202004498683,-127.08774959091772,-2.3087120107445296,-19.397593394265897,25.57221988197624,-30.924998933498063,3.48,1.65,262.0,95.6,48.0,87.3,2135.0,6.2,662136,518595,621566,687093,663586,621020,542303,671739,543257,54.29,0.001,0.0,0.0,1.0,0.0,0.0,3.0,41,2,Changeup,2,4,2,4,4,2,2,4,Infield shift,Standard,260.0,-0.019,-0.208,,,0.001,0.208,95.6,-2,-2,0.254,0.254,38,25,39,26,2,1,7.0,3.0,5.0,1.0,2.89,1.62,-1.62,18.6,,,,,
FF,2022-09-09,93.7,-2.69,5.37,"Raleigh, Cal",663728,450203,field_out,hit_into_play,,,,,2.0,Cal Raleigh flies out sharply to center fielder Michael Harris II.,R,L,R,SEA,ATL,X,8.0,fly_ball,2,0,2022,-1.05,1.1,-0.06,3.26,,,,2,2,Bot,120.13,103.2,,,,,9.082627538241194,-136.1570654251162,-2.0894009949508785,-15.099652123784349,30.916138962746544,-18.313234841731067,3.48,1.65,241.0,100.3,53.0,93.2,2315.0,6.1,662136,518595,621566,687093,663586,621020,542303,671739,543257,54.37,0.011,0.012,0.0,1.0,0.0,0.0,3.0,18,3,4-Seam Fastball,2,2,2,2,2,2,2,2,Infield shift,Standard,236.0,-0.015,-0.355,,,0.019,0.355,100.3,0,0,0.515,0.515,38,25,39,26,1,0,7.0,3.0,5.0,1.0,1.52,1.05,-1.05,19.7,,,,,
FC,2022-09-06,87.9,-2.62,5.49,"Raleigh, Cal",663728,456501,field_out,hit_into_play,,,,,3.0,Cal Raleigh pops out to third baseman Yoan Moncada in foul territory.,R,L,R,SEA,CWS,X,5.0,popup,0,0,2022,-0.56,1.18,0.49,3.42,,571745.0,553993.0,2,6,Bot,94.73,188.08,,,,,8.620204113706615,-127.76809048477936,-1.3740208694903755,-7.8507984160421005,24.86901349416682,-19.06831002961003,3.47,1.64,61.0,71.6,78.0,87.3,2095.0,5.8,662138,518735,547989,663853,660162,462101,572041,641553,657757,54.65,0.003,0.002,0.0,1.0,0.0,0.0,3.0,48,1,Cutter,1,0,1,0,0,1,1,0,Infield shift,Standard,226.0,-0.042,-0.28,,,0.003,0.28,88.0,1,1,0.734,0.734,36,25,36,26,3,2,5.0,1.0,5.0,3.0,1.76,0.56,-0.56,30.7,,,,,
SL,2022-09-06,82.4,-2.86,5.65,"Raleigh, Cal",663728,456501,field_out,hit_into_play,,,,,4.0,"Cal Raleigh grounds out, second baseman Romy Gonzalez to first baseman Jose Abreu.",R,L,R,SEA,CWS,X,4.0,ground_ball,0,1,2022,0.26,0.33,-0.33,2.24,,,608385.0,2,4,Bot,174.05,135.88,,,,,5.18044621061322,-119.97271721502348,-1.8997394756171877,1.6157177821965207,21.842237326370572,-28.803385845069204,3.47,1.64,139.0,93.5,9.0,81.8,2307.0,5.7,662138,518735,547989,663853,660162,462101,572041,673357,657757,54.8,0.621,0.589,0.0,1.0,0.0,0.0,4.0,30,2,Slider,1,0,1,0,0,1,1,0,Infield shift,Standard,182.0,-0.019,-0.218,,,0.72,0.218,93.5,1,1,0.657,0.657,36,25,36,26,2,1,5.0,1.0,5.0,3.0,3.0,-0.26,0.26,31.4,,,,,
CU,2022-09-06,82.7,-1.73,5.92,"Raleigh, Cal",663728,625643,home_run,hit_into_play,,,,,8.0,Cal Raleigh homers (23) on a fly ball to right field.    Sam Haggerty scores.,R,L,R,SEA,CWS,X,,fly_ball,1,1,2022,0.52,-0.62,-0.09,1.72,,664059.0,,2,8,Bot,211.33,71.99,,,,,2.711476583383813,-120.28150131845383,-1.758333049759778,4.367565124741617,26.67349104697485,-38.013532353549785,3.47,1.64,383.0,103.4,29.0,82.1,2563.0,6.2,662138,518735,547989,663853,660162,462101,572041,641553,657757,54.27,0.6445510204081635,1.283897959183674,2.0,1.0,0.0,3.0,6.0,66,3,Curveball,1,0,1,0,0,3,3,0,Infield shift,Standard,54.0,0.11,1.623,,,2.502102040816327,-1.623,103.4,1,1,0.857,0.857,28,25,28,26,1,3,2.0,1.0,5.0,3.0,4.0,-0.52,0.52,46.0,,,,,
FF,2022-09-05,92.8,-3.27,5.46,"Raleigh, Cal",663728,458681,field_out,hit_into_play,,,,,3.0,Cal Raleigh flies out to right fielder Andrew Vaughn.,R,L,R,SEA,CWS,X,9.0,fly_ball,0,1,2022,-0.18,1.05,0.68,3.15,,,,0,4,Bot,196.59,77.52,,,,,10.524071704212329,-134.87919962088242,-2.4592408019042273,-4.399822511919787,27.362905133626754,-18.905217131036355,3.46,1.64,346.0,91.6,35.0,93.2,2538.0,6.4,662121,518735,547989,663853,543281,462101,572041,673357,683734,54.05,0.039,0.053,0.0,1.0,0.0,0.0,3.0,30,2,4-Seam Fastball,1,3,1,3,3,1,1,3,Infield shift,Standard,214.0,-0.025,-0.209,,,0.092,0.209,91.6,-2,-2,0.307,0.307,35,25,35,26,2,1,5.0,1.0,5.0,1.0,1.58,0.18,-0.18,31.5,,,,,
FC,2022-09-05,87.7,-3.42,5.47,"Raleigh, Cal",663728,458681,double,hit_into_play,,,,,8.0,Cal Raleigh doubles (18) on a sharp ground ball to right fielder Andrew Vaughn.,R,L,R,SEA,CWS,X,9.0,ground_ball,0,0,2022,-0.08,0.33,0.16,2.0,,,,0,2,Bot,198.15,130.29,,,,,8.82138591320458,-127.54168156192694,-3.006251797471652,-2.525121724757218,23.641087105726708,-28.167082284160447,3.46,1.64,43.0,103.0,-1.0,88.0,2596.0,6.3,662121,518735,547989,663853,543281,462101,572041,673357,683734,54.23,0.453,0.43,1.25,1.0,1.0,1.0,4.0,13,1,Cutter,0,1,0,1,1,0,0,1,Infield shift,Standard,164.0,0.067,0.706,,,0.505,-0.706,103.0,-1,-1,0.443,0.443,35,25,35,26,1,0,5.0,1.0,5.0,1.0,2.61,0.08,-0.08,29.9,,,,,
SL,2022-09-05,87.0,-1.81,5.81,"Raleigh, Cal",663728,521230,field_out,hit_into_play,,,,,9.0,Cal Raleigh flies out to right fielder Adam Engel.,R,L,R,SEA,CWS,X,9.0,fly_ball,0,2,2022,0.33,0.05,0.28,1.99,,571745.0,,1,9,Bot,148.04,97.51,,,,,4.406448375608013,-126.63001032800985,-3.1505995958854447,2.7150116911605515,24.79302664059956,-31.182619887273475,3.46,1.64,259.0,98.2,50.0,88.5,2239.0,7.1,662121,518735,547989,663853,543281,462101,572041,673357,641553,53.37,0.011,0.018,0.0,1.0,0.0,0.0,3.0,67,3,Slider,1,3,1,3,3,1,1,3,Infield shift,Standard,162.0,-0.048,-0.179,,,0.029,0.179,98.2,-2,-2,0.098,0.098,33,25,33,26,1,3,3.0,1.0,2.0,1.0,2.95,-0.33,0.33,43.8,,,,,
FS,2022-09-04,87.0,-1.79,5.91,"Raleigh, Cal",663728,663986,home_run,hit_into_play,,,,,4.0,Cal Raleigh homers (22) on a fly ball to right center field.    J.P. Crawford scores.,R,L,R,CLE,SEA,X,,fly_ball,2,2,2022,-0.68,0.5,-0.33,2.34,,641487.0,,1,11,Top,207.63,50.71,,,,,4.933552408508973,-126.67269903326682,-3.447221269140632,-8.274809743307936,25.139020000615545,-26.344644371973835,3.46,1.64,417.0,111.0,24.0,87.9,1143.0,6.8,662962,571912,647304,665926,671289,642708,680757,664702,660757,53.72,0.971181818181818,1.9583181818181816,2.0,1.0,0.0,3.0,6.0,87,6,Split-Finger,3,4,4,3,6,3,6,3,Standard,Standard,247.0,-0.243,1.345,,,3.831954545454545,-1.345,111.0,-1,1,0.333,0.667,26,25,27,26,1,1,1.0,1.0,3.0,1.0,2.51,0.68,-0.68,35.7,,,,,
FF,2022-09-03,90.8,-1.58,6.17,"Raleigh, Cal",663728,675540,field_out,hit_into_play,,,,,8.0,"Cal Raleigh grounds out, second baseman Andres Gimenez to first baseman Owen Miller.",R,L,R,CLE,SEA,X,4.0,ground_ball,0,0,2022,-0.46,1.74,-0.18,2.13,,,624428.0,2,3,Top,153.23,140.97,,,,,4.503834661632949,-132.0701194317893,-7.975777086289256,-6.3531526726644785,26.50747601381537,-10.242625947714268,3.43,1.62,6.0,69.4,-19.0,91.0,2334.0,6.3,662963,571912,680911,665926,608070,671289,680757,664702,660757,54.18,0.063,0.06,0.0,1.0,0.0,0.0,2.0,24,1,4-Seam Fastball,0,2,2,0,2,0,2,0,Infield shift,Standard,192.0,0.019,-0.26,,,0.068,0.26,88.0,-2,2,0.309,0.6910000000000001,23,25,24,26,2,1,19.0,1.0,,1.0,1.01,0.46,-0.46,64.8,,,,,
FF,2022-09-03,95.5,0.13,6.78,"Raleigh, Cal",663728,675916,field_out,hit_into_play,,,,,4.0,Cal Raleigh flies out sharply to center fielder Myles Straw.,R,L,R,CLE,SEA,X,8.0,fly_ball,2,1,2022,-0.32,1.64,-0.6,2.54,,,624428.0,1,7,Top,129.0,46.13,,,,,-1.2157779195198972,-138.89928821854517,-9.166665775430031,-3.856658575162572,31.99884337823699,-9.121850582801668,3.43,1.62,378.0,101.8,29.0,95.0,2422.0,6.1,662963,571912,680911,665926,608070,671289,680757,664702,660757,54.39,0.5824,1.1279384615384616,0.0,1.0,0.0,0.0,6.0,58,4,4-Seam Fastball,0,4,4,0,4,0,4,0,Infield shift,Standard,185.0,0.008,-0.303,,,2.1979846153846156,0.303,101.8,-4,4,0.058,0.942,26,25,27,26,1,3,4.0,1.0,1.0,1.0,0.87,0.32,-0.32,68.6,,,,,
FS,2022-09-03,90.1,-3.08,4.33,"Raleigh, Cal",663728,680704,single,hit_into_play,,,,,9.0,Cal Raleigh singles on a line drive to right fielder Oscar Gonzalez.   Jesse Winker scores.    Carlos Santana to 3rd.    Adam Frazier to 2nd.,R,L,R,CLE,SEA,X,9.0,line_drive,2,2,2022,-1.07,0.34,0.28,2.12,608385.0,467793.0,624428.0,1,5,Top,174.04,96.9,,,,,10.642470584142371,-130.87548656352092,-0.2635279637636197,-14.44985084160784,25.885300479329988,-28.374390929604026,3.43,1.62,241.0,89.4,17.0,90.6,1767.0,6.5,662963,571912,680911,665926,608070,671289,680757,664702,660757,53.95,0.816,0.781,0.9,1.0,1.0,0.0,4.0,41,7,Split-Finger,0,2,2,0,3,0,3,0,Infield shade,Standard,256.0,-0.068,0.485,,,0.948,-0.485,89.4,-2,2,0.181,0.819,25,25,25,26,1,2,3.0,1.0,2.0,1.0,2.46,1.07,-1.07,9.8,,,,,
FF,2022-09-02,95.1,-2.18,5.72,"Raleigh, Cal",663728,663752,home_run,hit_into_play,,,,,5.0,Cal Raleigh homers (20) on a line drive to right field.,R,L,R,CLE,SEA,X,,line_drive,0,0,2022,-0.58,1.46,0.24,2.36,,,,1,2,Top,218.82,82.97,,,,,7.648899374813401,-138.18501806593306,-6.417693088845187,-9.146437995022142,30.59187084854477,-12.2542002903618,3.4,1.61,366.0,113.9,21.0,95.3,2508.0,6.5,662961,595978,647304,665926,608070,642708,680757,666181,660757,54.02,0.9543333333333334,1.8305,2.0,1.0,0.0,3.0,6.0,11,1,4-Seam Fastball,0,1,1,0,2,0,2,0,Infield shift,Standard,216.0,-0.098,1.582,,,3.5265,-1.582,113.9,-1,1,0.418,0.5820000000000001,25,25,26,26,1,0,,2.0,5.0,1.0,1.07,0.58,-0.58,32.7,,,,,
CU,2022-09-02,83.8,-2.79,6.05,"Raleigh, Cal",663728,543766,home_run,hit_into_play,,,,,5.0,Cal Raleigh homers (21) on a fly ball to right center field.    Carlos Santana scores.    Adam Frazier scores.,R,L,R,CLE,SEA,X,,fly_ball,0,1,2022,0.9,-0.92,-0.11,2.51,467793.0,,624428.0,0,6,Top,191.62,40.18,,,,,4.389959649048432,-122.03862736403872,0.0582220243251838,8.017861782678395,25.17129775472367,-41.570272090205265,3.4,1.61,424.0,107.7,28.0,82.8,2348.0,5.7,662961,595978,647304,665926,608070,642708,680757,666181,660757,54.79,0.9613125,1.9470625,2.0,1.0,0.0,3.0,6.0,46,2,Curveball,0,3,3,0,6,0,6,0,Infield shift,Standard,33.0,-0.057,1.021,,,3.8135625000000006,-1.021,107.7,-3,3,0.084,0.916,34,25,35,26,1,2,1.0,2.0,2.0,1.0,4.17,-0.9,0.9,45.7,,,,,
CU,2022-09-02,81.4,1.58,6.54,"Raleigh, Cal",663728,656529,field_out,hit_into_play,,,,,5.0,"Cal Raleigh grounds out, shortstop Amed Rosario to first baseman Josh Naylor.",R,R,L,CLE,SEA,X,6.0,ground_ball,3,1,2022,-0.7,-1.17,0.15,2.19,624428.0,,,2,3,Top,110.09,158.26,,,,,-1.869822919933684,-118.54453189508028,-0.859621165014909,-6.180980538011431,24.23556342121593,-43.23308832507802,3.4,1.61,5.0,89.9,-23.0,81.4,2520.0,6.4,662961,595978,647304,665926,608070,642708,680757,666181,660757,54.08,0.089,0.075,0.0,1.0,0.0,0.0,2.0,24,5,Curveball,0,3,3,0,3,0,3,0,Standard,Standard,326.0,0.026,-0.369,,,0.095,0.369,89.9,-3,3,0.21,0.79,25,25,26,26,1,1,2.0,2.0,2.0,1.0,4.63,-0.7,0.7,43.7,,,,,
FC,2022-09-02,90.1,1.63,5.96,"Raleigh, Cal",663728,668948,field_out,hit_into_play,,,,,1.0,"Cal Raleigh grounds out, shortstop Amed Rosario to first baseman Josh Naylor.",R,R,L,CLE,SEA,X,6.0,ground_ball,1,1,2022,-0.23,1.2,-0.63,3.23,,,,1,8,Top,103.41,157.35,,,,,-5.131520223850643,-131.25561231709543,-3.407905114576415,-1.6911488170912008,24.997899075339927,-17.748031912764226,3.4,1.61,16.0,83.1,-10.0,90.3,2469.0,6.1,662961,595978,647304,665926,608070,642708,680757,666181,660757,54.39,0.1,0.09,0.0,1.0,0.0,0.0,2.0,64,3,Cutter,1,6,6,1,6,1,6,1,Standard,Standard,170.0,0.002,-0.234,,,0.1,0.234,88.0,-5,5,0.019,0.981,26,25,27,26,1,3,29.0,2.0,11.0,1.0,1.58,-0.23,0.23,44.8,,,,,
FC,2022-08-31,85.4,2.18,5.53,"Raleigh, Cal",663728,641302,field_out,hit_into_play,,,,,9.0,"Cal Raleigh grounds out, third baseman Jeimer Candelario to first baseman Harold Castro.",R,R,L,DET,SEA,X,5.0,ground_ball,0,0,2022,-0.24,0.67,0.47,2.14,,,,1,4,Top,92.33,170.47,,,,,-3.5355279060119535,-124.42354743095302,-3.0840552246016175,-1.8439858551855104,23.103835179817285,-24.835418251892705,3.4,1.62,4.0,85.7,-32.0,85.5,2344.0,6.1,662903,606992,605612,650489,600869,595879,681481,682985,622682,54.41,0.066,0.057,0.0,1.0,0.0,0.0,2.0,30,1,Cutter,2,2,2,2,2,2,2,2,Infield shift,Standard,166.0,0.02,-0.246,,,0.088,0.246,88.0,0,0,0.527,0.473,27,25,28,26,2,1,5.0,1.0,5.0,2.0,2.43,-0.24,0.24,35.6,,,,,
FF,2022-08-31,89.9,2.14,5.67,"Raleigh, Cal",663728,641302,field_out,hit_into_play,,,,,4.0,Cal Raleigh flies out to center fielder Riley Greene.,R,R,L,DET,SEA,X,8.0,fly_ball,1,1,2022,0.99,1.43,-0.29,2.68,,,,0,2,Top,117.26,77.85,,,,,-8.105881940630569,-130.7260535560536,-4.5053360848577455,12.97401709197892,25.263451102944146,-14.966016393825974,3.4,1.62,302.0,97.6,47.0,90.1,2238.0,6.3,662903,606992,605612,650489,600869,595879,681481,682985,622682,54.23,0.005,0.005,0.0,1.0,0.0,0.0,3.0,11,3,4-Seam Fastball,0,2,2,0,2,0,2,0,Infield shift,Standard,141.0,0.017,-0.236,,,0.011,0.236,97.6,-2,2,0.303,0.6970000000000001,27,25,28,26,1,0,5.0,1.0,5.0,2.0,1.38,0.99,-0.99,39.3,,,,,
KC,2022-08-31,84.7,-2.75,5.64,"Raleigh, Cal",663728,656638,field_out,hit_into_play,,,,,8.0,Cal Raleigh grounds out to first baseman Harold Castro.,R,L,R,DET,SEA,X,3.0,ground_ball,1,2,2022,0.43,-0.45,-0.1,1.51,,,,0,7,Top,142.86,184.78,,,,,5.326935793949113,-123.35270869479834,-2.4720599863481834,3.509405421219986,21.728633250187976,-36.51867325303058,3.4,1.62,60.0,96.3,2.0,85.1,2217.0,6.2,662903,606992,605612,650489,600869,595879,681481,682985,622682,54.26,0.458,0.437,0.0,1.0,0.0,0.0,4.0,51,4,Knuckle Curve,3,2,2,3,2,3,2,3,Infield shift,Standard,35.0,0.033,-0.176,,,0.529,0.176,96.3,1,-1,0.703,0.297,26,25,27,26,1,2,3.0,1.0,4.0,2.0,3.59,-0.43,0.43,34.3,,,,,
ST,2022-08-30,84.4,-2.17,5.48,"Raleigh, Cal",663728,666159,home_run,hit_into_play,,,,,6.0,Cal Raleigh homers (19) on a fly ball to right field.,R,L,R,DET,SEA,X,,fly_ball,0,2,2022,0.52,0.94,0.37,2.23,,,,0,3,Top,222.9,76.9,,,,,4.894542807834544,-122.92235736862276,-3.1223751694929933,4.384697933254506,23.13483291570694,-22.245725978506385,3.4,1.62,384.0,98.6,32.0,85.0,2142.0,6.5,662804,571466,605612,650489,600869,595879,681481,682985,622682,53.96,0.4006521739130434,0.7933478260869565,2.0,1.0,0.0,3.0,5.0,15,3,Sweeper,0,1,1,0,2,0,2,0,Infield shift,Standard,121.0,-0.108,1.204,,,1.5501739130434782,-1.204,98.6,-1,1,0.396,0.604,24,25,24,26,1,0,6.0,2.0,5.0,1.0,2.24,-0.52,0.52,37.6,,,,,
SI,2022-08-30,91.7,2.67,5.54,"Raleigh, Cal",663728,596057,field_out,hit_into_play,,,,,5.0,Cal Raleigh flies out to right fielder Victor Reyes.,R,R,L,DET,SEA,X,9.0,fly_ball,0,0,2022,1.52,0.87,-0.2,2.25,,,,1,5,Top,196.81,121.62,,,,,-10.410771198486314,-133.07227912710235,-4.295084575612031,20.282801370581613,27.27549564446231,-21.08959224922633,3.4,1.62,260.0,85.7,46.0,90.9,2288.0,5.9,662804,571466,605612,650489,600869,595879,681481,682985,622682,54.64,0.001,0.0,0.0,1.0,0.0,0.0,3.0,39,1,Sinker,0,9,9,0,9,0,9,0,Standard,Standard,133.0,0.0,-0.246,,,0.001,0.246,88.0,-9,9,0.008,0.992,29,25,29,26,1,2,3.0,2.0,4.0,1.0,1.85,1.52,-1.52,33.4,,,,,
FF,2022-08-30,94.9,-2.58,5.57,"Raleigh, Cal",663728,676684,sac_fly,hit_into_play,,,,,6.0,Cal Raleigh out on a sacrifice fly to center fielder Riley Greene.   Ty France scores.,R,L,R,DET,SEA,X,8.0,fly_ball,0,0,2022,-0.98,1.17,0.47,2.6,664034.0,467793.0,624428.0,1,3,Top,136.24,79.8,,,,,10.138516138429832,-137.8138061187138,-4.729511875945457,-14.716324192773602,28.76019324092258,-16.297241775972438,3.4,1.62,298.0,98.2,49.0,94.7,2148.0,6.2,662804,571466,605612,650489,600869,595879,681481,682985,622682,54.35,0.008,0.013,0.0,1.0,0.0,0.0,3.0,24,1,4-Seam Fastball,0,6,6,0,7,0,7,0,Infield shift,Standard,219.0,-0.002,-0.141,,,0.022,0.141,98.2,-6,6,0.042,0.958,27,25,27,26,1,1,3.0,2.0,3.0,1.0,1.35,0.98,-0.98,42.2,,,,,
SI,2022-08-30,96.7,-1.98,5.59,"Raleigh, Cal",663728,671345,field_out,hit_into_play,,,,,4.0,"Cal Raleigh grounds out, second baseman Willi Castro to first baseman Harold Castro.",R,L,R,DET,SEA,X,4.0,ground_ball,0,2,2022,-1.53,0.42,-0.65,2.78,,,,0,8,Top,159.83,135.51,,,,,6.982817952891642,-140.67068222823065,-2.893976663992627,-21.83478878920089,31.32646597938465,-26.092469962890185,3.4,1.62,25.0,98.0,-5.0,96.4,2091.0,6.1,662804,571466,605612,650489,600869,670097,681481,682985,622682,54.43,0.282,0.251,0.0,1.0,0.0,0.0,2.0,61,3,Sinker,0,9,9,0,9,0,9,0,Infield shift,Standard,239.0,0.0,-0.157,,,0.309,0.157,98.0,-9,9,0.001,0.999,26,25,27,26,1,3,4.0,2.0,1.0,1.0,2.01,1.53,-1.53,25.8,,,,,
FC,2022-08-28,87.5,-1.01,6.47,"Raleigh, Cal",663728,650644,field_out,hit_into_play,,,,,6.0,"Cal Raleigh grounds out, second baseman Andres Gimenez to first baseman Owen Miller.   Carlos Santana to 3rd.",R,L,R,SEA,CLE,X,4.0,ground_ball,0,0,2022,0.44,0.69,0.69,2.59,,467793.0,,1,5,Bot,173.14,132.31,,,,,3.145443874291364,-127.37489457198348,-4.57694577221355,4.156759593124542,26.948252901580364,-23.956752124325252,3.39,1.62,153.0,97.6,12.0,86.4,2535.0,5.6,662139,595978,680911,665926,608070,642708,680757,664702,660757,54.85,0.903,0.864,0.0,1.0,0.0,0.0,4.0,31,1,Cutter,0,0,0,0,0,0,0,0,Infield shift,Standard,163.0,-0.04,-0.26,,,1.07,0.26,97.6,0,0,0.594,0.594,27,25,27,26,2,1,5.0,1.0,23.0,2.0,2.29,-0.44,0.44,47.2,,,,,
FC,2022-08-28,87.7,-0.92,6.43,"Raleigh, Cal",663728,650644,field_out,hit_into_play,,,,,6.0,"Cal Raleigh grounds out sharply, second baseman Andres Gimenez to first baseman Owen Miller.",R,L,R,SEA,CLE,X,4.0,ground_ball,0,0,2022,0.39,0.8,0.39,2.8,,,,0,3,Bot,160.64,144.99,,,,,2.3463933027226336,-127.75001172247715,-4.297830228646715,3.866392666933279,24.547363366084532,-22.71960324068716,3.39,1.62,87.0,104.5,4.0,86.9,2623.0,5.6,662139,595978,680911,665926,608070,642708,680757,664702,660757,54.93,0.595,0.567,0.0,1.0,0.0,0.0,4.0,16,1,Cutter,0,0,0,0,0,0,0,0,Infield shift,Standard,167.0,-0.025,-0.247,,,0.68,0.247,104.5,0,0,0.555,0.555,27,25,27,26,1,0,5.0,1.0,23.0,2.0,2.14,-0.39,0.39,45.0,,,,,
KC,2022-08-26,82.8,-1.2,5.56,"Raleigh, Cal",663728,669456,grounded_into_double_play,hit_into_play,,,,,14.0,"Cal Raleigh grounds into a double play, first baseman Josh Naylor to third baseman Tyler Freeman to first baseman Josh Naylor.   Carlos Santana out at 2nd.    Cal Raleigh out at 1st.",R,L,R,SEA,CLE,X,3.0,ground_ball,0,2,2022,0.82,-0.92,0.12,1.44,,,467793.0,1,7,Bot,148.98,175.91,,,,,1.4419359887367595,-120.59408274819694,-1.1264548541731705,7.719551233064119,23.981102657595347,-41.120436436364585,3.37,1.6,13.0,93.6,-7.0,83.5,2203.0,6.7,662143,595978,647304,665926,671289,642708,680757,664702,660757,53.75,0.189,0.171,0.0,1.0,0.0,0.0,2.0,53,3,Knuckle Curve,2,2,2,2,2,2,2,2,Infield shift,Standard,36.0,-0.073,-0.216,,,0.198,0.216,93.6,0,0,0.573,0.573,27,25,27,26,3,2,6.0,1.0,6.0,1.0,4.24,-0.82,0.82,42.0,,,,,
FC,2022-08-26,86.5,-1.32,5.52,"Raleigh, Cal",663728,669456,field_out,hit_into_play,,,,,1.0,Cal Raleigh flies out to left fielder Steven Kwan in foul territory.   Carlos Santana to 3rd.    Adam Frazier to 2nd.,R,L,R,SEA,CLE,X,7.0,fly_ball,1,0,2022,0.4,0.72,-0.46,2.91,,467793.0,624428.0,0,5,Bot,48.18,133.58,,,,,1.2376976735741645,-126.19974605776444,-1.626338807593803,4.1648462774775865,21.404168526069245,-24.292553520370948,3.37,1.6,251.0,83.5,48.0,87.8,2459.0,6.6,662143,595978,647304,665926,671289,642708,680757,664702,660757,53.88,0.003,0.002,0.0,1.0,0.0,0.0,3.0,34,2,Cutter,0,1,0,1,1,0,0,1,Standard,Standard,208.0,-0.013,-0.29,,,0.003,0.29,88.0,-1,-1,0.561,0.561,27,25,27,26,2,1,6.0,1.0,6.0,1.0,2.27,-0.4,0.4,39.2,,,,,
FC,2022-08-26,87.1,-1.44,5.53,"Raleigh, Cal",663728,669456,field_out,hit_into_play,,,,,3.0,Cal Raleigh flies out to second baseman Andres Gimenez.,R,L,R,SEA,CLE,X,4.0,fly_ball,0,1,2022,0.25,0.77,0.75,3.34,,,,2,2,Bot,182.82,128.23,,,,,4.798377776563938,-126.94709691558607,-0.7633161406936431,1.907441539903137,22.636448523530195,-23.823463085899657,3.37,1.6,226.0,70.9,42.0,88.5,2397.0,6.8,662143,595978,647304,665926,671289,642708,680757,664702,660757,53.73,0.371,0.381,0.0,1.0,0.0,0.0,3.0,14,2,Cutter,0,0,0,0,0,0,0,0,Infield shift,Standard,213.0,-0.009,-0.213,,,0.47,0.213,88.0,0,0,0.509,0.509,27,25,27,26,1,0,6.0,1.0,6.0,1.0,2.19,-0.25,0.25,40.8,,,,,
FS,2022-08-26,87.4,-1.77,5.78,"Raleigh, Cal",663728,663986,field_out,hit_into_play,,,,,13.0,"Cal Raleigh grounds out, second baseman Andres Gimenez to first baseman Josh Naylor.",R,L,R,SEA,CLE,X,4.0,ground_ball,1,2,2022,-0.95,0.41,-1.01,1.18,571745.0,624428.0,,2,9,Bot,152.53,155.64,,,,,3.8224692054705978,-127.26539942766452,-5.848404257741006,-11.060392715277066,24.90424138666815,-26.784558275194183,3.37,1.6,2.0,89.8,-25.0,88.4,967.0,6.7,662143,571912,647304,665926,671289,642708,680757,664702,660757,53.76,0.082,0.071,0.0,1.0,0.0,0.0,2.0,69,4,Split-Finger,2,2,2,2,2,2,2,2,Standard,Standard,255.0,-0.101,-0.202,,,0.094,0.202,89.8,0,0,0.601,0.601,26,25,27,26,1,3,3.0,1.0,4.0,1.0,2.56,0.95,-0.95,36.8,,,,,
SL,2022-08-25,86.0,-2.16,6.56,"Raleigh, Cal",663728,663474,field_out,hit_into_play,,,,,4.0,Cal Raleigh flies out to center fielder Will Benson.,R,L,R,SEA,CLE,X,8.0,fly_ball,2,2,2022,0.51,0.52,-0.5,2.55,,,,0,5,Bot,105.68,71.9,,,,,2.931880421873696,-125.22365734269997,-4.3647266705103185,4.802720706711291,23.531787377945243,-26.051430521326385,3.36,1.59,320.0,93.1,38.0,86.6,2163.0,6.5,662141,595978,680911,665926,608070,642708,680757,666181,660757,53.99,0.14,0.271,0.0,1.0,0.0,0.0,3.0,35,5,Slider,3,1,3,1,1,3,3,1,Infield shift,Standard,175.0,-0.014,-0.218,,,0.53,0.218,93.1,2,2,0.811,0.811,24,25,25,26,2,1,6.0,1.0,6.0,1.0,2.54,-0.51,0.51,49.6,,,,,
CH,2022-08-24,84.9,-0.41,5.85,"Raleigh, Cal",663728,434671,field_out,hit_into_play,,,,,5.0,Cal Raleigh flies out to left fielder Lane Thomas.,R,L,R,SEA,WSH,X,7.0,fly_ball,2,2,2022,-1.25,0.79,0.13,2.17,,,,0,3,Bot,78.12,105.65,,,,,3.760338825829179,-123.6868617068032,-3.929201300853321,-13.548549592732272,22.96843380531735,-23.495543049456483,3.37,1.59,262.0,82.1,43.0,85.3,1535.0,6.3,662144,660688,572228,514917,545121,682928,657041,645302,608841,54.16,0.016,0.015,0.0,1.0,0.0,0.0,3.0,20,6,Changeup,0,1,0,1,1,0,0,1,Infield shift,Standard,240.0,-0.025,-0.218,,,0.025,0.218,88.0,-1,-1,0.434,0.434,38,25,38,26,1,0,6.0,1.0,7.0,1.0,2.35,1.25,-1.25,45.3,,,,,
FF,2022-08-24,96.8,-1.87,5.53,"Raleigh, Cal",663728,640448,field_out,hit_into_play,,,,,5.0,Cal Raleigh flies out sharply to center fielder Victor Robles.,R,L,R,SEA,WSH,X,8.0,fly_ball,0,0,2022,-1.02,0.97,-0.2,2.35,553993.0,,624428.0,2,9,Bot,118.11,37.91,,,,,6.827119376474494,-140.99424963300962,-5.301159475753498,-15.008655395866,26.1716898895671,-18.230777134325127,3.37,1.59,398.0,104.7,24.0,98.4,2070.0,6.7,662144,660688,608841,514917,545121,682928,657041,645302,641943,53.79,0.7484067796610167,1.4344576271186444,0.0,1.0,0.0,0.0,6.0,71,1,4-Seam Fastball,1,3,1,3,3,1,1,3,Infield shift,Standard,217.0,-0.1,-0.285,,,2.751932203389832,0.285,104.7,-2,-2,0.1,0.1,30,25,31,26,1,3,5.0,1.0,4.0,1.0,1.42,1.02,-1.02,44.5,,,,,
FF,2022-08-24,95.6,-1.89,6.31,"Raleigh, Cal",663728,605218,field_out,hit_into_play,,,,,12.0,Cal Raleigh flies out to right fielder Josh Palacios.,R,L,R,SEA,WSH,X,9.0,fly_ball,1,2,2022,0.11,1.31,0.64,3.61,,,,0,8,Bot,155.84,102.52,,,,,6.49639956796195,-139.17703931047737,-4.570570046340073,0.0925629896675653,27.60963802095339,-14.230528221099084,3.37,1.59,253.0,80.9,42.0,97.4,2643.0,7.0,662144,660688,608841,514917,545121,682928,657041,645302,641943,53.5,0.024,0.024,0.0,1.0,0.0,0.0,3.0,57,4,4-Seam Fastball,0,1,0,1,1,0,0,1,Infield shift,Standard,208.0,-0.047,-0.176,,,0.034,0.176,88.0,-1,-1,0.292,0.292,30,25,31,26,1,2,5.0,1.0,3.0,1.0,1.16,-0.11,0.11,49.6,,,,,
FC,2022-08-23,89.9,-1.31,5.72,"Raleigh, Cal",663728,607200,field_out,hit_into_play,,,,,1.0,Cal Raleigh flies out sharply to center fielder Lane Thomas.,R,L,R,SEA,WSH,X,8.0,fly_ball,3,2,2022,0.26,0.78,-0.29,2.95,,,,0,5,Bot,112.44,45.52,,,,,2.004332144197823,-131.10833757622896,-2.67817154050193,2.652753276125179,24.433596120592927,-22.734002161987178,3.35,1.58,381.0,102.7,38.0,91.1,2161.0,6.6,662142,656180,572228,514917,545121,682928,669743,657041,608841,53.87,0.4102307692307692,0.8138461538461537,0.0,1.0,0.0,0.0,5.0,34,9,Cutter,2,0,2,0,0,2,2,0,Infield shift,Standard,199.0,-0.018,-0.333,,,1.6039999999999996,0.333,102.7,2,2,0.815,0.815,29,25,29,26,2,1,30.0,2.0,7.0,1.0,2.0,-0.26,0.26,33.9,,,,,
SI,2022-08-21,90.8,2.23,5.08,"Raleigh, Cal",663728,594580,double,hit_into_play,,,,,14.0,Cal Raleigh doubles (17) on a fly ball to right fielder Skye Bolt.,R,R,L,ATH,SEA,X,9.0,fly_ball,3,1,2022,1.09,-0.04,0.27,1.35,,,,1,9,Top,212.88,111.99,,,,,-7.023344682521611,-132.11223824072792,-3.277411555723486,14.264827942261205,27.838311995252212,-32.12992340201148,3.38,1.58,278.0,94.0,25.0,88.4,2447.0,4.8,662315,669127,664913,681146,605353,669397,643393,670276,621450,55.75,0.179,0.242,1.25,1.0,1.0,1.0,3.0,72,5,Sinker,5,3,3,5,3,5,3,5,Infield shift,Standard,118.0,-0.041,0.507,,,0.384,-0.507,94.0,2,-2,0.942,0.058,30,25,30,26,1,1,2.0,1.0,7.0,2.0,2.8,1.09,-1.09,16.9,,,,,
SL,2022-08-21,88.9,3.28,5.44,"Raleigh, Cal",663728,640462,double,hit_into_play,,,,,4.0,Cal Raleigh doubles (16) on a sharp line drive to left fielder Tony Kemp.   Dylan Moore scores.,R,R,L,ATH,SEA,X,7.0,line_drive,3,2,2022,-0.28,0.0,-0.45,2.23,664238.0,,,2,7,Top,44.63,95.21,,,,,-8.673808100434472,-129.31345722249077,-1.8944434581192735,-1.5955523779564849,24.02555999534073,-32.02988770518647,3.38,1.58,331.0,106.0,19.0,90.4,2299.0,7.0,662315,669127,519390,681146,605353,669397,643393,670276,664913,53.53,0.5266060606060607,0.8409999999999999,1.25,1.0,1.0,1.0,6.0,54,6,Slider,4,1,1,4,2,4,2,4,Standard,Standard,290.0,-0.066,0.774,,,1.5169696969696973,-0.774,106.0,3,-3,0.909,0.0909999999999999,27,25,27,26,1,0,1.0,1.0,3.0,2.0,2.86,-0.28,0.28,29.4,,,,,
SL,2022-08-20,82.5,-3.41,5.91,"Raleigh, Cal",663728,621076,field_out,hit_into_play,,,,,7.0,Cal Raleigh flies out to second baseman Jonah Bride.,R,L,R,ATH,SEA,X,4.0,fly_ball,3,2,2022,0.33,0.58,-0.49,2.08,,,,2,4,Top,146.3,111.21,,,,,5.950351756268633,-120.04398299178406,-3.304250355137597,2.0209534935362865,23.808245318086843,-26.0902232210376,3.44,1.6,226.0,72.4,45.0,81.9,2347.0,5.9,662340,669221,664913,681146,605353,669397,643393,670276,640461,54.57,0.245,0.253,0.0,1.0,0.0,0.0,3.0,28,8,Slider,0,2,2,0,2,0,2,0,Infield shift,Standard,83.0,0.011,-0.302,,,0.321,0.302,88.0,-2,2,0.3,0.7,28,25,28,26,2,1,5.0,1.0,5.0,1.0,2.77,-0.33,0.33,32.6,,,,,
CU,2022-08-19,79.1,1.87,5.66,"Raleigh, Cal",663728,608344,field_out,hit_into_play,,,,,7.0,Cal Raleigh lines out to left fielder Chad Pinder.,R,R,L,ATH,SEA,X,7.0,line_drive,1,1,2022,-0.6,-0.1,-0.51,1.63,,641487.0,,1,6,Top,94.01,87.33,,,,,-4.065320417081857,-115.23102882140024,-1.832452066386919,-4.61488356904194,21.16856810855661,-32.92159586309183,3.45,1.6,289.0,83.6,24.0,79.1,2124.0,6.2,662341,669221,676950,681146,641914,669397,640461,621450,664913,54.31,0.253,0.265,0.0,1.0,0.0,0.0,3.0,45,3,Curveball,2,6,6,2,6,2,6,2,Infield shade,Standard,317.0,0.01,-0.261,,,0.368,0.261,88.0,-4,4,0.076,0.924,28,25,28,26,3,2,5.0,2.0,5.0,1.0,3.73,-0.6,0.6,33.3,,,,,
CH,2022-08-19,85.2,-1.98,5.56,"Raleigh, Cal",663728,650204,single,hit_into_play,,,,,11.0,Cal Raleigh singles on a ground ball to left fielder Tony Kemp.,R,L,R,ATH,SEA,X,7.0,ground_ball,1,0,2022,-0.9,0.65,-1.03,2.6,,,,1,8,Top,78.24,129.4,,,,,4.0266463859271795,-124.20552394111608,-2.037781169453732,-10.155527355503857,21.47598631884135,-25.22550244830667,3.45,1.6,32.0,64.9,-1.0,85.4,1761.0,6.0,662341,669221,640461,681146,605353,669397,643393,621450,664913,54.49,0.132,0.118,0.9,1.0,1.0,0.0,2.0,63,2,Changeup,2,8,8,2,8,2,8,2,Infield shift,Standard,228.0,-0.001,0.379,,,0.144,-0.379,88.0,-6,6,0.009,0.991,28,25,28,26,1,3,,2.0,3.0,1.0,2.45,0.9,-0.9,39.0,,,,,
CH,2022-08-17,86.6,-1.94,5.59,"Raleigh, Cal",663728,594577,field_out,hit_into_play,,,,,13.0,"Cal Raleigh grounds out softly, shortstop Andrew Velazquez to first baseman Jared Walsh.   J.P. Crawford to 3rd.",R,L,R,LAA,SEA,X,6.0,ground_ball,2,2,2022,-1.15,0.47,-0.16,0.74,,641487.0,,1,7,Top,137.22,159.28,,,,,6.579699170580384,-125.88205191111052,-6.335026414225819,-13.585651405849092,25.128567470030248,-26.07094337910805,3.48,1.63,1.0,39.0,-30.0,86.5,1642.0,6.2,663408,435559,665120,664058,650859,623205,621453,642423,621493,54.25,0.279,0.248,0.0,1.0,0.0,0.0,1.0,62,5,Changeup,3,9,9,3,9,3,9,3,Infield shift,Standard,247.0,0.002,-0.207,,,0.302,0.207,88.0,-6,6,0.015,0.985,30,25,31,26,3,3,5.0,2.0,7.0,2.0,2.57,1.15,-1.15,38.4,,,,,
SL,2022-08-17,85.0,-2.11,5.59,"Raleigh, Cal",663728,594577,home_run,hit_into_play,,,,,5.0,Cal Raleigh homers (17) on a fly ball to right field.,R,L,R,LAA,SEA,X,,fly_ball,0,0,2022,0.46,0.19,-0.24,2.37,,,,2,5,Top,208.15,68.49,,,,,3.4508830722517017,-123.80299912382208,-1.6505247844017714,4.15703562000186,22.93628805816144,-30.084211668361977,3.48,1.63,380.0,101.2,25.0,84.9,2100.0,6.0,663408,435559,665120,664058,650859,623205,621453,642423,621493,54.48,0.5294999999999999,0.9439999999999998,2.0,1.0,0.0,3.0,6.0,41,1,Slider,1,6,6,1,7,1,7,1,Infield shift,Standard,58.0,-0.03,2.595,,,1.7942857142857134,-2.595,101.2,-5,5,0.073,0.927,30,25,31,26,2,2,5.0,2.0,7.0,2.0,2.94,-0.46,0.46,36.1,,,,,
FS,2022-08-17,87.6,-1.68,5.29,"Raleigh, Cal",663728,657053,field_out,hit_into_play,,,,,7.0,"Cal Raleigh grounds out, second baseman David Fletcher to first baseman Jared Walsh.",R,L,R,LAA,SEA,X,4.0,ground_ball,3,2,2022,-0.83,0.31,-0.74,1.87,,,467793.0,2,2,Top,156.55,156.08,,,,,4.078393844026152,-127.6204114667403,-2.8319749693578418,-9.889508926228547,25.155610224146976,-28.39522020122808,3.48,1.63,12.0,83.1,-9.0,89.4,1558.0,7.2,663408,435559,665120,664058,650859,623205,621453,642423,621493,53.26,0.1,0.088,0.0,1.0,0.0,0.0,2.0,12,6,Split-Finger,0,0,0,0,0,0,0,0,Infield shift,Standard,236.0,0.026,-0.305,,,0.108,0.305,88.0,0,0,0.525,0.475,26,25,26,26,1,0,7.0,2.0,6.0,2.0,2.64,0.83,-0.83,26.8,,,,,
SL,2022-08-17,87.8,-1.72,6.54,"Raleigh, Cal",663728,642545,home_run,hit_into_play,,,,,8.0,Cal Raleigh homers (18) on a fly ball to right center field.    J.P. Crawford scores.,R,L,R,LAA,SEA,X,,fly_ball,3,2,2022,-0.01,0.5,0.15,1.9,,,641487.0,2,9,Top,183.86,36.53,,,,,4.555484395566725,-127.77131298800394,-6.132443273512075,-1.097010638705082,27.072738306739115,-25.56821266285268,3.48,1.63,425.0,107.2,32.0,87.6,2140.0,6.2,663408,435559,665120,664058,670351,623205,621453,642423,621493,54.27,0.9002727272727271,1.823090909090909,2.0,1.0,0.0,3.0,6.0,79,7,Slider,5,9,9,5,11,5,11,5,Infield shift,Standard,167.0,-0.014,2.189,,,3.569363636363636,-2.189,107.2,-4,4,0.017,0.983,25,25,26,26,1,4,3.0,2.0,3.0,2.0,2.46,0.01,-0.01,57.9,,,,,
FF,2022-08-15,95.1,-2.4,6.05,"Raleigh, Cal",663728,660271,field_out,hit_into_play,,,,,7.0,Cal Raleigh flies out to center fielder Magneuris Sierra.,R,L,R,LAA,SEA,X,8.0,fly_ball,0,0,2022,-0.53,1.09,-0.71,1.82,,,,0,4,Top,80.93,54.09,,,,,5.663555846479642,-138.20074858404655,-7.915010010271256,-8.140843206688748,32.32042674513648,-16.562559266659022,3.5,1.64,375.0,98.3,27.0,95.7,2021.0,6.8,663370,545358,665120,664058,650859,623205,621453,642423,621493,53.7,0.3933333333333335,0.7109166666666668,0.0,1.0,0.0,0.0,6.0,28,1,4-Seam Fastball,1,2,2,1,2,1,2,1,Infield shift,Standard,220.0,0.023,-0.247,,,1.3434166666666665,0.247,98.3,-1,1,0.377,0.623,27,25,28,26,2,1,6.0,1.0,6.0,2.0,1.44,0.53,-0.53,39.9,,,,,
CH,2022-08-15,80.6,4.26,4.13,"Raleigh, Cal",663728,571901,field_out,hit_into_play,,,,,14.0,"Cal Raleigh grounds out, third baseman Jose Rojas to first baseman Jared Walsh.",R,R,L,LAA,SEA,X,5.0,ground_ball,0,2,2022,1.37,-0.35,0.41,1.31,,,,0,9,Top,96.78,161.06,,,,,-11.0302695777966,-116.9090270261422,1.0249824840060833,14.568159131085364,20.336654604119275,-35.798591850901126,3.5,1.64,7.0,93.3,-11.0,80.0,1873.0,5.9,663370,545358,665120,650859,670351,623205,621453,642423,621493,54.63,0.174,0.151,0.0,1.0,0.0,0.0,2.0,67,3,Changeup,2,2,2,2,2,2,2,2,Standard,Standard,78.0,0.038,-0.157,,,0.212,0.157,93.3,0,0,0.52,0.48,34,25,35,26,1,3,2.0,1.0,5.0,2.0,3.86,1.37,-1.37,-4.5,,,,,
CH,2022-08-13,84.5,-2.53,5.56,"Raleigh, Cal",663728,641540,field_out,hit_into_play,,,,,1.0,Cal Raleigh flies out to left fielder Elier Hernandez.,R,L,R,TEX,SEA,X,7.0,fly_ball,0,0,2022,-1.4,0.62,-0.6,3.4,,,,1,4,Top,59.39,102.55,,,,,7.298014597761757,-122.8963366585418,0.0872169750982871,-15.659490835454148,23.73534756094758,-26.14953677453675,3.52,1.66,291.0,87.8,45.0,84.7,1731.0,6.4,661790,641680,663993,543760,677649,608369,609274,669352,666969,54.09,0.005,0.005,0.0,1.0,0.0,0.0,3.0,26,1,Changeup,0,3,3,0,3,0,3,0,Infield shift,Strategic,244.0,0.01,-0.246,,,0.005,0.246,88.0,-3,3,0.199,0.8009999999999999,27,25,28,26,2,1,7.0,1.0,5.0,1.0,2.57,1.4,-1.4,38.5,,,,,
SI,2022-08-13,89.9,-2.64,5.41,"Raleigh, Cal",663728,641540,double,hit_into_play,,,,,7.0,Cal Raleigh doubles (15) on a sharp line drive to left fielder Elier Hernandez.,R,L,R,TEX,SEA,X,7.0,line_drive,3,2,2022,-1.47,0.25,-0.45,2.02,,,,0,2,Top,92.84,58.09,,,,,8.632091647752446,-130.58608871651074,-2.9207187688117577,-18.68183961096365,28.934937144681328,-28.883487410787367,3.57,1.68,239.0,107.0,10.0,90.3,2040.0,6.8,661790,641680,663993,543760,677649,608369,609274,669352,666969,53.73,0.842,0.845,1.25,1.0,1.0,1.0,4.0,10,7,Sinker,0,2,2,0,2,0,2,0,Infield shift,Standard,229.0,-0.043,0.619,,,1.097,-0.619,107.0,-2,2,0.298,0.702,27,25,28,26,1,0,7.0,1.0,5.0,1.0,2.59,1.47,-1.47,32.2,,,,,
SL,2022-08-13,88.6,1.95,6.26,"Raleigh, Cal",663728,656271,grounded_into_double_play,hit_into_play,,,,,8.0,"Cal Raleigh grounds into a double play, third baseman Ezequiel Duran to second baseman Marcus Semien to first baseman Nathaniel Lowe.   Adam Frazier out at 2nd.    Cal Raleigh out at 1st.",R,R,L,TEX,SEA,X,5.0,ground_ball,0,2,2022,0.01,0.41,-0.08,1.95,,,624428.0,0,6,Top,106.54,162.33,,,,,-5.023773439787318,-128.97923292615008,-5.371218250735259,1.156730714081915,26.746034733647296,-26.6358313212758,3.52,1.66,4.0,87.0,-24.0,89.1,2170.0,6.6,661790,641680,663993,543760,677649,608369,609274,669352,666969,53.94,0.082,0.071,0.0,1.0,0.0,0.0,2.0,48,3,Slider,5,4,4,5,4,5,4,5,Infield shift,Standard,148.0,0.104,-0.243,,,0.095,0.243,88.0,1,-1,0.619,0.381,25,25,26,26,1,2,3.0,1.0,2.0,1.0,2.49,0.01,-0.01,38.7,,,,,
FF,2022-08-12,94.5,2.7,6.27,"Raleigh, Cal",663728,621368,field_out,hit_into_play,,,,,7.0,Cal Raleigh flies out to second baseman Marcus Semien.,R,R,L,TEX,SEA,X,4.0,fly_ball,1,0,2022,0.59,1.43,-0.48,2.21,,,624428.0,2,2,Top,131.96,114.25,,,,,-9.606250833347293,-137.23862275653633,-8.123505898912814,9.506284122533245,28.76657366097517,-12.429260791957743,3.57,1.68,215.0,74.4,50.0,94.8,2337.0,6.5,661791,641680,663993,543760,677649,608369,669701,665750,666969,54.03,0.118,0.12,0.0,1.0,0.0,0.0,3.0,11,2,4-Seam Fastball,0,0,0,0,0,0,0,0,Infield shift,Strategic,144.0,0.025,-0.298,,,0.157,0.298,88.0,0,0,0.526,0.474,27,25,28,26,1,0,2.0,2.0,4.0,1.0,1.12,0.59,-0.59,36.8,,,,,
KC,2022-08-12,84.0,1.28,6.45,"Raleigh, Cal",663728,519043,double,hit_into_play,,,,,6.0,Cal Raleigh doubles (14) on a sharp line drive to right fielder Adolis Garcia.   Adam Frazier to 3rd.,R,R,L,TEX,SEA,X,9.0,line_drive,3,2,2022,-0.21,-0.38,0.73,2.71,,624428.0,,1,8,Top,212.18,98.64,,,,,-0.8440323704262511,-122.40862813673718,-1.535557732969095,-1.956094079036094,23.869950440362476,-35.91129214235795,3.57,1.68,335.0,100.3,22.0,82.7,2269.0,5.3,661791,641680,663993,543760,677649,608369,669701,665750,666969,55.21,0.3695833333333333,0.6211666666666666,1.25,1.0,1.0,1.0,5.0,64,7,Knuckle Curve,2,3,3,2,3,2,3,2,Infield shift,Standard,341.0,-0.063,0.77,,,1.1333333333333335,-0.77,100.3,-1,1,0.231,0.769,33,25,33,26,1,3,2.0,2.0,1.0,1.0,3.6,-0.21,0.21,48.9,,,,,
SI,2022-08-10,98.9,-1.56,5.7,"Raleigh, Cal",663728,656061,single,hit_into_play,,,,,9.0,Cal Raleigh singles on a line drive to right fielder Aaron Judge.,R,L,R,SEA,NYY,X,9.0,line_drive,2,2,2022,-1.13,1.12,0.5,1.94,,,,1,7,Bot,201.0,108.01,,,,,8.31714751864541,-143.6977618206135,-7.496933528993579,-17.55432803050897,31.74385193674218,-15.117060492223798,3.57,1.68,216.0,84.3,18.0,99.7,2233.0,6.7,662185,543309,519203,518934,518626,643396,643217,543305,592450,53.77,0.9,0.861,0.9,1.0,1.0,0.0,4.0,54,5,Sinker,4,3,4,3,3,4,4,3,Infield shift,Standard,220.0,0.021,0.449,,,1.052,-0.449,88.0,1,1,0.769,0.769,26,25,27,26,1,0,3.0,1.0,6.0,2.0,1.21,1.13,-1.13,35.2,,,,,
CH,2022-08-09,88.6,-1.97,5.47,"Raleigh, Cal",663728,543037,double,hit_into_play,,,,,4.0,"Cal Raleigh doubles (13) on a line drive to right fielder Aaron Judge, deflected by first baseman DJ LeMahieu.",R,L,R,SEA,NYY,X,3.0,line_drive,1,2,2022,-1.24,0.42,-0.66,2.52,,,,1,5,Bot,191.68,132.96,,,,,5.793235983409988,-128.8991916521127,-2.0230885036381636,-15.044799389817088,27.444595356961717,-27.249188371357448,3.56,1.65,180.0,92.3,11.0,88.8,1615.0,6.5,662148,624431,518934,650402,518626,643396,643217,543305,592450,54.03,0.795,0.746,1.25,1.0,1.0,1.0,4.0,32,4,Changeup,0,0,0,0,0,0,0,0,Infield shift,Standard,246.0,0.062,0.735,,,0.914,-0.735,92.3,0,0,0.532,0.532,31,25,32,26,2,1,6.0,1.0,6.0,1.0,2.49,1.24,-1.24,30.2,,,,,
ST,2022-08-09,79.6,-4.44,3.65,"Raleigh, Cal",663728,664123,field_out,hit_into_play,,,,,5.0,Cal Raleigh lines out to right fielder Aaron Judge.,R,L,R,SEA,NYY,X,9.0,line_drive,0,0,2022,1.21,0.26,0.17,2.42,,571745.0,,2,10,Bot,188.7,79.6,,,,,7.754160146866523,-115.57288288909908,3.590517010377223,9.244390119614309,23.109102549402568,-30.82492956194155,3.56,1.65,333.0,93.8,27.0,78.5,2462.0,5.8,662148,624431,518934,650402,503556,643396,643217,543305,592450,54.71,0.174,0.239,0.0,1.0,0.0,0.0,3.0,68,1,Sweeper,0,0,0,0,0,0,0,0,Infield shift,Standard,72.0,-0.11,-0.281,,,0.403,0.281,93.8,0,0,0.61,0.61,28,25,29,26,1,3,2.0,1.0,3.0,1.0,3.37,-1.21,1.21,-6.1,,,,,
FF,2022-08-09,96.8,0.63,6.02,"Raleigh, Cal",663728,547973,field_out,hit_into_play,,,,,11.0,Cal Raleigh flies out to shortstop Isiah Kiner-Falefa.,R,R,L,SEA,NYY,X,6.0,fly_ball,3,2,2022,0.16,1.49,-0.83,2.82,,,,0,8,Bot,85.43,126.48,,,,,-4.361721325523838,-140.88257190837956,-6.568987725432245,3.04293404662484,28.304706752317617,-11.065274450054954,3.56,1.65,208.0,73.6,49.0,99.1,2324.0,7.3,662148,624431,518934,650402,518626,643396,643217,543305,592450,53.18,0.121,0.116,0.0,1.0,0.0,0.0,3.0,53,9,4-Seam Fastball,0,0,0,0,0,0,0,0,Infield shift,Standard,153.0,-0.055,-0.333,,,0.152,0.333,88.0,0,0,0.617,0.617,34,25,34,26,1,2,1.0,1.0,3.0,1.0,0.92,0.16,-0.16,43.3,,,,,
SI,2022-08-09,96.4,-2.3,5.59,"Raleigh, Cal",663728,642528,single,hit_into_play,,,,,8.0,Cal Raleigh singles on a line drive to right fielder Aaron Judge.   Eugenio Suarez to 3rd.,R,L,R,SEA,NYY,X,9.0,line_drive,0,0,2022,-1.39,0.91,-0.21,2.12,,553993.0,,0,13,Bot,191.28,101.99,,,,,8.730157317780089,-140.08327399127438,-5.753137837000799,-20.21487920971722,29.76348151668318,-19.021226992408444,3.56,1.65,252.0,85.0,19.0,96.9,2193.0,6.5,662148,624431,518934,650402,503556,643396,643217,543305,592450,53.96,0.787,0.761,0.9,1.0,1.0,0.0,4.0,86,1,Sinker,0,0,0,0,0,0,0,0,Infield shift,Standard,221.0,0.122,0.48,,,0.933,-0.48,88.0,0,0,0.805,0.805,27,25,28,26,1,4,2.0,1.0,5.0,1.0,1.53,1.39,-1.39,44.4,,,,,
CH,2022-08-08,88.1,-1.37,6.06,"Raleigh, Cal",663728,592791,home_run,hit_into_play,,,,,1.0,Cal Raleigh homers (16) on a fly ball to center field.,R,L,R,SEA,NYY,X,,fly_ball,1,1,2022,-0.97,0.94,-0.46,3.49,,,,2,7,Bot,167.42,42.02,,,,,4.229491855820456,-128.2931274719613,-2.124957073865553,-11.621172146909124,24.6185580558248,-21.573720444397324,3.56,1.65,401.0,101.7,33.0,88.8,1988.0,6.5,662152,624431,518934,650402,518626,643396,643217,543305,592450,54.01,0.5356363636363635,1.0552727272727274,2.0,1.0,0.0,3.0,6.0,60,3,Changeup,2,7,2,7,7,3,3,7,Infield shift,Standard,226.0,0.021,2.61,,,2.079727272727273,-2.61,101.7,-5,-5,0.021,0.021,30,25,31,26,3,2,6.0,1.0,6.0,1.0,1.98,0.97,-0.97,42.9,,,,,
CH,2022-08-08,88.7,-1.31,5.95,"Raleigh, Cal",663728,592791,field_out,hit_into_play,,,,,13.0,Cal Raleigh grounds out to first baseman DJ LeMahieu.,R,L,R,SEA,NYY,X,3.0,ground_ball,2,2,2022,-1.06,0.98,-0.47,1.13,553993.0,467793.0,641487.0,2,4,Bot,153.54,171.35,,,,,4.302758983028178,-128.97561098415684,-7.836869721640165,-12.713342762481709,24.36990665105429,-19.880253858727404,3.56,1.65,4.0,81.0,-17.0,89.4,1972.0,6.6,662152,624431,518934,650402,518626,643396,643217,543305,592450,53.93,0.068,0.064,0.0,1.0,0.0,0.0,2.0,38,5,Changeup,2,4,2,4,4,2,2,4,Infield shift,Standard,224.0,-0.088,-0.22,,,0.074,0.22,88.0,-2,-2,0.337,0.337,30,25,31,26,2,1,6.0,1.0,6.0,1.0,1.9,1.06,-1.06,44.4,,,,,
SI,2022-08-08,98.1,-0.69,6.45,"Raleigh, Cal",663728,605280,field_out,hit_into_play,,,,,1.0,Cal Raleigh flies out to center fielder Aaron Hicks.,R,L,R,SEA,NYY,X,8.0,fly_ball,1,0,2022,-1.53,0.5,-0.28,3.37,,553993.0,641487.0,1,9,Bot,140.42,77.28,,,,,4.61565488639559,-142.75855072434436,-3.97829340990624,-22.002208125236496,32.86889695978144,-24.689187128248324,3.56,1.65,305.0,86.8,35.0,97.7,2220.0,6.1,662152,624431,518934,650402,518626,643396,643217,543305,592450,54.43,0.016,0.014,0.0,1.0,0.0,0.0,3.0,79,2,Sinker,3,9,3,9,9,3,3,9,Standard,Standard,229.0,-0.006,-0.273,,,0.019,0.273,88.0,-6,-6,0.008,0.008,29,25,29,26,1,3,3.0,1.0,1.0,1.0,1.87,1.53,-1.53,45.3,,,,,
CU,2022-08-07,76.3,1.62,6.22,"Raleigh, Cal",663728,656353,field_out,hit_into_play,,,,,5.0,Cal Raleigh flies out to right fielder Taylor Ward.,R,R,L,SEA,LAA,X,9.0,fly_ball,0,0,2022,-0.73,-1.04,0.15,2.56,,,,1,3,Bot,175.39,126.45,,,,,-1.778337434904514,-111.072450116656,1.1896549705005377,-5.752574056439243,19.752776986777228,-41.22111057711654,3.56,1.65,220.0,84.8,50.0,75.9,2638.0,6.0,662153,545358,594838,664058,650859,623205,666176,642423,621493,54.54,0.005,0.005,0.0,1.0,0.0,0.0,3.0,26,1,Curveball,5,0,5,0,0,5,5,0,Standard,Standard,342.0,-0.004,-0.246,,,0.005,0.246,88.0,5,5,0.927,0.927,26,25,26,26,2,1,71.0,1.0,7.0,1.0,4.95,-0.73,0.73,59.5,,,,,
SL,2022-08-07,86.9,2.03,6.11,"Raleigh, Cal",663728,656353,field_out,hit_into_play,,,,,5.0,Cal Raleigh pops out to first baseman Phil Gosselin.,R,R,L,SEA,LAA,X,3.0,popup,0,2,2022,-0.31,-0.27,0.12,2.51,571745.0,553993.0,,2,1,Bot,167.06,142.02,,,,,-3.930328513368929,-126.70420567612938,-1.980846083416286,-2.723800910626807,22.313567786390188,-34.97350555783713,3.56,1.65,177.0,77.2,58.0,87.2,2431.0,6.1,662153,545358,594838,664058,650859,623205,666176,642423,621493,54.43,0.063,0.073,0.0,1.0,0.0,0.0,3.0,9,3,Slider,1,0,1,0,0,1,1,0,Standard,Standard,268.0,-0.032,-0.165,,,0.098,0.165,88.0,1,1,0.635,0.635,26,25,26,26,1,0,71.0,1.0,7.0,1.0,3.25,-0.31,0.31,56.2,,,,,
FC,2022-08-07,89.5,-1.71,4.98,"Raleigh, Cal",663728,445926,field_out,hit_into_play,,,,,5.0,Cal Raleigh flies out to center fielder Magneuris Sierra.,R,L,R,SEA,LAA,X,8.0,fly_ball,1,2,2022,-0.04,0.98,0.13,2.44,,,,0,8,Bot,108.88,91.98,,,,,4.649551386567654,-130.45851705807573,-2.480139888299069,-1.2395446462032955,20.838188410930773,-20.587472312260296,3.56,1.65,271.0,90.1,45.0,90.6,2300.0,6.3,662153,545358,665120,650859,594838,664058,666176,642423,621493,54.18,0.008,0.011,0.0,1.0,0.0,0.0,3.0,65,6,Cutter,6,3,6,3,3,6,6,3,Infield shift,Standard,207.0,-0.002,-0.176,,,0.015,0.176,90.1,3,3,0.972,0.972,38,25,39,26,1,3,2.0,1.0,3.0,1.0,1.81,0.04,-0.04,20.9,,,,,
SI,2022-08-06,93.6,-1.83,6.48,"Raleigh, Cal",663728,642545,field_out,hit_into_play,,,,,2.0,"Cal Raleigh grounds out, second baseman Luis Rengifo to first baseman Jared Walsh.",R,L,R,SEA,LAA,X,4.0,ground_ball,1,2,2022,-0.95,1.14,-0.18,3.43,,,,0,5,Bot,140.36,148.03,,,,,6.34307685184654,-136.2433963592321,-4.724108625166673,-13.19222071491925,25.054475707559313,-17.054072593957056,3.53,1.64,9.0,93.7,-20.0,93.9,2149.0,6.1,662154,435559,665120,650859,670351,623205,666176,666160,621493,54.44,0.124,0.11,0.0,1.0,0.0,0.0,2.0,38,5,Sinker,2,1,2,1,1,2,2,1,Infield shift,Standard,191.0,-0.016,-0.176,,,0.144,0.176,93.7,1,1,0.703,0.703,25,25,26,26,2,1,3.0,1.0,4.0,1.0,1.42,0.95,-0.95,59.2,,,,,
FC,2022-08-06,88.0,-2.33,5.44,"Raleigh, Cal",663728,594577,single,hit_into_play,,,,,13.0,Cal Raleigh singles on a line drive to center fielder Mickey Moniak.   Jake Lamb to 3rd.,R,L,R,SEA,LAA,X,8.0,line_drive,2,2,2022,0.08,0.61,-0.43,1.49,,,571875.0,2,6,Bot,90.81,81.02,,,,,4.4301154485182455,-128.23624819797652,-4.837813151241466,0.1076240687776303,21.73318856694807,-24.745044319224093,3.53,1.64,281.0,87.2,19.0,88.4,2263.0,6.1,662154,435559,665120,650859,670351,623205,666176,666160,621493,54.43,0.703,0.712,0.9,1.0,1.0,0.0,4.0,51,5,Cutter,2,1,2,1,1,2,2,1,Infield shift,Standard,205.0,0.027,0.379,,,0.894,-0.379,88.0,1,1,0.713,0.713,30,25,31,26,1,2,73.0,1.0,6.0,1.0,2.29,-0.08,0.08,31.9,,,,,
SL,2022-08-05,88.5,1.25,6.12,"Raleigh, Cal",663728,663776,field_out,hit_into_play,,,,,5.0,Cal Raleigh pops out to first baseman Jared Walsh.,R,R,L,SEA,LAA,X,3.0,popup,2,1,2022,-0.56,0.05,-0.22,2.72,,,641487.0,1,4,Bot,159.12,162.23,,,,,-2.419540846912255,-128.90771432804132,-2.3563043732212754,-5.748481919122184,26.0231429156223,-31.37949019872923,3.51,1.62,113.0,64.4,66.0,88.1,2450.0,5.9,662164,545358,665120,650859,594838,623205,666176,642423,621493,54.56,0.001,0.0,0.0,1.0,0.0,0.0,3.0,31,4,Slider,0,1,0,1,1,0,0,1,Standard,Standard,196.0,-0.045,-0.303,,,0.001,0.303,88.0,-1,-1,0.437,0.437,25,25,26,26,2,1,7.0,3.0,7.0,1.0,2.85,-0.56,0.56,50.0,,,,,
CU,2022-08-05,73.7,-2.52,4.62,"Raleigh, Cal",663728,623474,field_out,hit_into_play,,,,,7.0,Cal Raleigh flies out to right fielder Taylor Ward.,R,L,R,SEA,LAA,X,9.0,fly_ball,0,1,2022,1.82,0.16,-0.63,1.57,,553993.0,,2,10,Bot,151.08,95.42,,,,,0.6691331291998591,-107.26267457399864,0.8288383989729926,13.86686159264792,20.15580386911866,-31.353492230520615,3.51,1.62,266.0,75.5,31.0,72.0,2806.0,5.2,662164,545358,665120,650859,594838,623205,642423,666160,621493,55.32,0.361,0.344,0.0,1.0,0.0,0.0,3.0,81,2,Curveball,3,4,3,4,4,3,3,4,Infield shift,Standard,75.0,-0.148,-0.24,,,0.412,0.24,88.0,-1,-1,0.148,0.148,28,25,29,26,1,4,3.0,3.0,2.0,1.0,4.07,-1.82,1.82,-2.1,,,,,
CH,2022-08-02,88.5,-1.61,6.05,"Raleigh, Cal",663728,592791,home_run,hit_into_play,,,,,4.0,Cal Raleigh homers (15) on a fly ball to center field.,R,L,R,NYY,SEA,X,,fly_ball,3,2,2022,-1.01,0.81,-0.32,2.33,,,,1,2,Top,143.67,31.83,,,,,5.267378933623991,-128.71244239622325,-4.71636136048186,-12.277420994100186,27.084627069234273,-22.33135840048626,3.45,1.6,416.0,105.0,26.0,89.0,1850.0,6.6,661253,624431,519203,518934,518626,643396,643217,543305,572761,53.86,0.8205510204081635,1.6368979591836728,2.0,1.0,0.0,3.0,6.0,11,6,Changeup,0,2,2,0,3,0,3,0,Infield shift,Standard,224.0,-0.081,1.501,,,3.1864285714285723,-1.501,105.0,-2,2,0.317,0.683,30,25,31,26,1,0,5.0,1.0,6.0,3.0,2.1,1.01,-1.01,44.4,,,,,
FC,2022-08-02,88.2,0.47,6.15,"Raleigh, Cal",663728,476595,field_out,hit_into_play,,,,,1.0,Cal Raleigh pops out to shortstop Isiah Kiner-Falefa.,R,R,L,NYY,SEA,X,6.0,popup,1,0,2022,-0.44,0.8,-0.57,2.89,,,,2,6,Top,103.67,156.0,,,,,-1.6095557164708367,-128.48755373575852,-3.5532189045586415,-4.536288599409012,25.46562657798801,-22.748823381118928,3.45,1.6,116.0,91.5,70.0,88.5,2646.0,6.3,661253,624431,519203,518934,518626,643396,643217,543305,572761,54.17,0.005,0.005,0.0,1.0,0.0,0.0,3.0,46,2,Cutter,3,6,6,3,6,3,6,3,Infield shift,Standard,182.0,0.007,-0.296,,,0.005,0.296,91.5,-3,3,0.156,0.844,35,25,35,26,1,2,2.0,1.0,11.0,3.0,2.11,-0.44,0.44,47.3,,,,,
SI,2022-08-02,98.9,-1.54,5.61,"Raleigh, Cal",663728,656061,field_out,hit_into_play,,,,,8.0,Cal Raleigh flies out to left fielder Andrew Benintendi.,R,L,R,NYY,SEA,X,7.0,fly_ball,3,2,2022,-1.27,0.99,0.2,1.68,,,,2,8,Top,71.2,65.94,,,,,7.7704421537704516,-143.75320880755663,-7.666350664454264,-19.401841618863553,31.516051940307403,-16.79519323992349,3.45,1.6,356.0,97.3,30.0,99.8,2190.0,6.7,661253,624431,519203,518934,518626,643396,643217,543305,572761,53.78,0.296888888888889,0.5571666666666666,0.0,1.0,0.0,0.0,5.0,65,6,Sinker,6,7,7,6,7,6,7,6,Infield shift,Standard,223.0,0.014,-0.302,,,1.072166666666667,0.302,97.3,-1,1,0.294,0.706,26,25,27,26,1,3,2.0,1.0,3.0,3.0,1.33,1.27,-1.27,37.7,,,,,
CH,2022-08-01,84.5,-1.56,5.49,"Raleigh, Cal",663728,593334,field_out,hit_into_play,,,,,4.0,Cal Raleigh pops out to third baseman Josh Donaldson.,R,L,R,NYY,SEA,X,5.0,popup,0,1,2022,-1.38,0.87,-0.71,2.67,,,,0,4,Top,103.06,137.2,,,,,4.703738886589918,-122.91623404307953,-1.9037623600106184,-14.884494741054167,25.664118354449972,-23.232497631093327,3.45,1.61,180.0,88.4,63.0,84.1,2256.0,6.1,661268,624431,518934,650402,518626,643396,643217,543305,592450,54.35,0.008,0.008,0.0,1.0,0.0,0.0,3.0,32,2,Changeup,5,1,1,5,1,5,1,5,Infield shift,Standard,231.0,0.015,-0.209,,,0.012,0.209,88.4,4,-4,0.879,0.121,29,25,30,26,2,1,5.0,1.0,5.0,1.0,2.34,1.38,-1.38,32.2,,,,,
CU,2022-08-01,82.4,-1.39,5.44,"Raleigh, Cal",663728,593334,field_out,hit_into_play,,,,,8.0,Cal Raleigh grounds out to first baseman DJ LeMahieu.,R,L,R,NYY,SEA,X,3.0,ground_ball,0,2,2022,0.0,-0.35,0.05,1.8,,,,0,2,Top,159.46,158.43,,,,,3.254879704370558,-119.93716122348889,-1.0693531082071952,-0.6596266567778589,23.57637911895265,-35.58779169913936,3.45,1.61,10.0,95.5,-10.0,82.1,2627.0,6.1,661268,624431,518934,650402,518626,643396,643217,543305,592450,54.42,0.197,0.173,0.0,1.0,0.0,0.0,2.0,14,3,Curveball,3,1,1,3,1,3,1,3,Infield shift,Standard,47.0,0.015,-0.157,,,0.227,0.157,95.5,2,-2,0.706,0.294,29,25,30,26,1,0,5.0,1.0,5.0,1.0,3.71,0.0,0.0,32.5,,,,,
SI,2022-08-01,97.1,-0.06,6.04,"Raleigh, Cal",663728,593974,field_error,hit_into_play,,,,,8.0,"Cal Raleigh reaches on a missed catch error by first baseman DJ LeMahieu, assist to shortstop Isiah Kiner-Falefa.",R,R,L,NYY,SEA,X,6.0,ground_ball,3,1,2022,1.55,0.72,0.2,2.15,,,,0,9,Top,107.31,155.4,,,,,-2.80911372208438,-141.25625776914777,-6.502368904532933,21.431039882726008,31.64491503681047,-21.199609286982476,3.45,1.61,40.0,103.5,-1.0,96.3,2195.0,5.8,661268,624431,518934,650402,518626,643396,643217,543305,592450,54.71,0.453,0.43,0.9,1.0,0.0,0.0,4.0,71,5,Sinker,7,2,2,7,2,7,2,7,Infield shift,Strategic,137.0,-0.005,0.311,,,0.505,-0.311,103.5,5,-5,0.99,0.01,30,25,31,26,1,3,1.0,1.0,2.0,1.0,1.69,1.55,-1.55,42.8,,,,,
FF,2022-08-01,94.7,-3.03,5.45,"Raleigh, Cal",663728,676760,field_out,hit_into_play,,,,,2.0,Cal Raleigh flies out to right fielder Aaron Judge.,R,L,R,NYY,SEA,X,9.0,fly_ball,0,1,2022,-0.83,1.45,0.25,3.15,,,,0,6,Top,157.62,105.41,,,,,10.446454650749978,-137.4766876839872,-3.493983532930938,-12.898350697633674,32.803807216626716,-13.28362304440612,3.45,1.61,247.0,96.8,56.0,94.7,2371.0,6.6,661268,624431,518934,650402,518626,643396,643217,543305,592450,53.93,0.013,0.016,0.0,1.0,0.0,0.0,3.0,50,2,4-Seam Fastball,6,2,2,6,2,6,2,6,Infield shift,Standard,217.0,0.014,-0.209,,,0.022,0.209,96.8,4,-4,0.921,0.0789999999999999,26,25,27,26,1,2,1.0,1.0,2.0,1.0,1.12,0.83,-0.83,36.8,,,,,
FF,2022-07-31,92.8,-0.98,5.98,"Raleigh, Cal",663728,543606,field_out,hit_into_play,,,,,3.0,Cal Raleigh lines out to center fielder Jake Meyers.,R,L,R,HOU,SEA,X,8.0,line_drive,1,0,2022,-0.61,1.53,0.41,3.09,,,641786.0,2,7,Top,143.95,86.56,,,,,4.886845088869419,-134.98956437456127,-4.896509879902173,-8.587602694722246,32.63144306897886,-12.653360024614498,3.45,1.61,285.0,80.4,30.0,92.2,2276.0,6.2,662918,686676,493329,514888,608324,665161,676801,676694,663656,54.29,0.155,0.166,0.0,1.0,0.0,0.0,3.0,50,2,4-Seam Fastball,2,0,0,2,0,2,0,2,Infield shift,Standard,212.0,0.036,-0.298,,,0.235,0.298,88.0,2,-2,0.851,0.149,32,25,32,26,3,2,6.0,1.0,6.0,1.0,1.14,0.61,-0.61,37.1,,,,,
FC,2022-07-31,89.2,-0.97,6.05,"Raleigh, Cal",663728,543606,field_out,hit_into_play,,,,,5.0,Cal Raleigh flies out to center fielder Jake Meyers.,R,L,R,HOU,SEA,X,8.0,fly_ball,0,0,2022,0.04,1.01,0.03,2.88,,,,1,5,Top,129.51,90.84,,,,,2.3501000747506926,-129.88608796009427,-3.893390408577917,-0.0169444615582059,27.28665540565296,-20.094751407522,3.45,1.61,271.0,76.6,34.0,88.6,1992.0,5.9,662918,686676,493329,514888,608324,665161,676801,676694,663656,54.6,0.105,0.095,0.0,1.0,0.0,0.0,3.0,34,1,Cutter,2,0,0,2,0,2,0,2,Infield shift,Standard,191.0,0.02,-0.246,,,0.119,0.246,88.0,2,-2,0.78,0.2199999999999999,32,25,32,26,2,1,6.0,1.0,6.0,1.0,1.85,-0.04,0.04,39.7,,,,,
FF,2022-07-31,91.5,-0.95,6.05,"Raleigh, Cal",663728,543606,field_out,hit_into_play,,,,,11.0,Cal Raleigh pops out to catcher Korey Lee in foul territory.,R,L,R,HOU,SEA,X,2.0,popup,0,1,2022,-0.8,1.72,-0.52,3.86,,,,0,3,Top,147.29,205.3,,,,,2.8004041792527476,-133.12194843057884,-3.243255618322599,-10.124248216409631,33.729518127176064,-11.482306485822043,3.45,1.61,52.0,84.0,79.0,90.8,2191.0,6.3,662918,686676,493329,514888,608324,665161,676801,676694,663656,54.21,0.018,0.022,0.0,1.0,0.0,0.0,3.0,19,2,4-Seam Fastball,2,0,0,2,0,2,0,2,Infield shift,Standard,209.0,0.02,-0.209,,,0.027,0.209,88.0,2,-2,0.716,0.284,32,25,32,26,1,0,6.0,1.0,6.0,1.0,1.05,0.8,-0.8,37.8,,,,,
SL,2022-07-30,89.9,-0.24,6.18,"Raleigh, Cal",663728,519151,field_out,hit_into_play,,,,,6.0,Cal Raleigh grounds out to first baseman Yuli Gurriel.   Jesse Winker to 3rd.    Adam Frazier to 2nd.,R,L,R,HOU,SEA,X,3.0,ground_ball,0,0,2022,0.49,0.06,0.66,2.27,,608385.0,624428.0,1,9,Top,158.0,176.0,,,,,1.1947799530334875,-130.87684826571558,-3.788232947268371,5.354830181034358,29.50827284444875,-30.864912162835015,3.45,1.6,5.0,83.9,-24.0,89.2,2826.0,6.0,662738,455117,493329,514888,608324,665161,676801,643289,663656,54.49,0.058,0.057,0.0,1.0,0.0,0.0,2.0,72,1,Slider,4,3,3,4,3,4,3,4,Infield shift,Standard,132.0,0.088,-0.316,,,0.058,0.316,88.0,1,-1,0.711,0.289,33,25,34,26,1,0,2.0,1.0,1.0,1.0,2.77,-0.49,0.49,54.9,,,,,
FF,2022-07-29,91.9,-1.59,7.05,"Raleigh, Cal",663728,434378,field_out,hit_into_play,,,,,6.0,Cal Raleigh pops out to third baseman Alex Bregman.,R,L,R,HOU,SEA,X,5.0,popup,1,0,2022,-0.85,1.81,0.66,2.59,,,,0,8,Top,101.85,172.98,,,,,7.486908019947923,-133.31074490445258,-9.224463393113746,-11.913054141524004,32.5030789467548,-8.712478824700094,3.42,1.59,84.0,85.9,78.0,90.6,2447.0,6.0,662745,455117,656695,649557,608324,665161,643289,676694,676801,54.52,0.016,0.02,0.0,1.0,0.0,0.0,3.0,68,2,4-Seam Fastball,10,0,0,10,0,10,0,10,Infield shift,Standard,209.0,0.0,-0.284,,,0.025,0.284,88.0,10,-10,0.999,0.001,39,25,39,26,3,2,6.0,1.0,6.0,1.0,0.93,0.85,-0.85,52.6,,,,,
CH,2022-07-29,86.0,-1.79,6.85,"Raleigh, Cal",663728,434378,single,hit_into_play,,,,,11.0,Cal Raleigh singles on a ground ball to first baseman Yuli Gurriel.,R,L,R,HOU,SEA,X,3.0,ground_ball,0,0,2022,-1.37,0.66,-0.96,2.58,,,,2,5,Top,152.79,166.92,,,,,4.723110744114635,-124.95878463847724,-5.108162850789067,-15.343678514293378,27.95584330131984,-24.42280136072281,3.42,1.59,8.0,70.9,-18.0,85.2,1804.0,6.1,662745,455117,493329,514888,608324,665161,649557,643289,663656,54.37,0.066,0.059,0.9,1.0,1.0,0.0,2.0,41,1,Changeup,5,0,0,5,0,5,0,5,Infield shift,Standard,237.0,-0.005,0.305,,,0.079,-0.305,88.0,5,-5,0.956,0.044,39,25,39,26,2,1,6.0,1.0,6.0,1.0,2.46,1.37,-1.37,45.0,,,,,
FF,2022-07-29,97.9,-1.57,5.72,"Raleigh, Cal",663728,650556,field_out,hit_into_play,,,,,6.0,Cal Raleigh flies out to center fielder Jake Meyers.,R,L,R,HOU,SEA,X,8.0,fly_ball,0,0,2022,-0.71,1.43,0.68,2.64,,467793.0,664238.0,2,9,Top,152.79,64.84,,,,,7.716766748081108,-142.231550779426,-6.078879751353902,-11.521510013775456,37.42692194075885,-11.513045802654526,3.42,1.59,339.0,94.8,34.0,97.7,2386.0,6.6,662745,686676,656695,649557,608324,665161,643289,676694,676801,53.91,0.092,0.172,0.0,1.0,0.0,0.0,3.0,82,1,4-Seam Fastball,11,1,1,11,1,11,1,11,Infield shift,Standard,214.0,0.001,-0.28,,,0.335,0.28,94.8,10,-10,0.999,0.001,25,25,25,26,1,3,3.0,1.0,4.0,1.0,0.98,0.71,-0.71,39.1,,,,,
FF,2022-07-28,94.7,-1.12,6.46,"Raleigh, Cal",663728,664353,double,hit_into_play,,,,,12.0,Cal Raleigh doubles (12) on a line drive to right fielder Kyle Tucker.,R,L,R,HOU,SEA,X,9.0,line_drive,1,2,2022,-0.64,1.86,0.93,2.55,,,,1,7,Top,205.53,113.25,,,,,6.723322923373233,-137.54430707564657,-8.542670517833454,-9.61690433719425,32.235017736102485,-6.8866839507123485,3.41,1.59,207.0,93.1,13.0,93.6,2303.0,5.9,662907,455117,493329,514888,608324,665161,676801,676694,663656,54.62,0.937,0.902,1.25,1.0,1.0,1.0,4.0,49,4,4-Seam Fastball,2,2,2,2,2,2,2,2,Infield shift,Standard,205.0,-0.083,0.735,,,1.107,-0.735,93.1,0,0,0.546,0.4539999999999999,27,25,27,26,3,2,6.0,1.0,6.0,1.0,0.71,0.64,-0.64,56.2,,,,,
FF,2022-07-28,93.1,-1.19,6.51,"Raleigh, Cal",663728,664353,field_out,hit_into_play,,,,,6.0,Cal Raleigh flies out to right fielder Kyle Tucker.,R,L,R,HOU,SEA,X,9.0,fly_ball,3,2,2022,-0.62,1.59,0.33,2.36,,,,1,4,Top,159.21,76.88,,,,,5.214522579570453,-135.2823032109339,-8.276218246706032,-8.732351483075103,30.581230717137892,-11.01204189783278,3.41,1.59,314.0,91.2,40.0,92.3,2137.0,6.0,662907,455117,493329,514888,608324,665161,676801,676694,663656,54.52,0.016,0.021,0.0,1.0,0.0,0.0,3.0,28,7,4-Seam Fastball,2,2,2,2,2,2,2,2,Infield shift,Standard,203.0,0.025,-0.328,,,0.033,0.328,91.2,0,0,0.522,0.478,27,25,27,26,2,1,6.0,1.0,6.0,1.0,1.05,0.62,-0.62,56.4,,,,,
CH,2022-07-26,86.1,-2.61,5.43,"Raleigh, Cal",663728,641540,field_out,hit_into_play,,,,,13.0,Cal Raleigh grounds out to first baseman Nathaniel Lowe.,R,L,R,SEA,TEX,X,3.0,ground_ball,1,2,2022,-1.32,0.27,-0.4,1.22,608385.0,641786.0,641487.0,2,1,Bot,156.58,163.75,,,,,7.99773434522021,-125.0585868926032,-4.287343150138419,-15.485007799755088,25.769330300784755,-28.675480574342465,3.39,1.6,6.0,91.6,-12.0,86.7,1768.0,6.8,662184,650619,663993,543760,669701,608369,594777,665750,666969,53.7,0.147,0.129,0.0,1.0,0.0,0.0,2.0,12,4,Changeup,2,0,2,0,0,2,2,0,Infield shift,Strategic,254.0,-0.038,-0.184,,,0.171,0.184,91.6,2,2,0.736,0.736,27,25,28,26,1,0,16.0,1.0,5.0,1.0,2.82,1.32,-1.32,33.6,,,,,
FF,2022-07-26,93.3,1.51,6.43,"Raleigh, Cal",663728,519043,home_run,hit_into_play,,,,,12.0,Cal Raleigh homers (14) on a fly ball to left center field.,R,R,L,SEA,TEX,X,,fly_ball,0,0,2022,0.61,1.41,0.27,3.56,,,,1,7,Bot,60.28,50.85,,,,,-4.54284876473519,-135.8398441697593,-4.745865889500523,8.58570107111446,29.41776376505309,-13.886170664139891,3.39,1.6,400.0,102.0,34.0,93.2,2253.0,6.2,662184,650619,663993,543760,677649,608369,669256,665750,666969,54.3,0.5319411764705883,1.0737058823529413,2.0,1.0,0.0,3.0,6.0,52,1,4-Seam Fastball,2,1,2,1,1,3,3,1,Infield shift,Standard,148.0,0.106,1.582,,,2.098705882352941,-1.582,102.0,1,1,0.77,0.77,33,25,33,26,1,2,3.0,1.0,2.0,1.0,1.2,0.61,-0.61,42.8,,,,,
FF,2022-07-26,94.2,1.78,6.43,"Raleigh, Cal",663728,656685,double,hit_into_play,,,,,9.0,Cal Raleigh doubles (11) on a sharp line drive to right fielder Adolis Garcia.   J.P. Crawford scores.,R,R,L,SEA,TEX,X,9.0,line_drive,0,1,2022,0.5,1.1,0.65,2.08,,,641487.0,0,9,Bot,162.78,63.06,,,,,-4.094661018464759,-137.1110356334413,-8.159503320195396,7.18277427706978,26.97129177736165,-16.751455036608405,3.39,1.6,349.0,100.9,18.0,95.3,2069.0,6.7,662184,650619,663993,543760,677649,608369,669256,665750,666969,53.82,0.413,0.469,1.25,1.0,1.0,1.0,5.0,71,2,4-Seam Fastball,3,4,3,4,4,4,4,4,Infield shift,Standard,151.0,0.485,0.749,,,0.717,-0.749,100.9,-1,-1,0.32,0.32,27,25,27,26,1,3,2.0,1.0,1.0,1.0,1.44,0.5,-0.5,48.6,,,,,
FF,2022-07-25,93.5,-1.61,5.96,"Raleigh, Cal",663728,657248,single,hit_into_play,,,,,5.0,Cal Raleigh singles on a line drive to right fielder Adolis Garcia.   Ty France scores.    Eugenio Suarez to 2nd.,R,L,R,SEA,TEX,X,9.0,line_drive,2,1,2022,-0.31,1.25,0.06,2.44,664034.0,,553993.0,1,4,Bot,196.35,123.28,,,,,5.036003535312092,-135.94506896619333,-6.149185849269017,-4.922739088482343,29.879651080172454,-15.49541511866646,3.39,1.6,213.0,92.1,16.0,94.6,2221.0,7.0,662166,641680,663993,543760,677649,608369,669701,665750,666969,53.54,0.811,0.786,0.9,1.0,1.0,0.0,4.0,32,4,4-Seam Fastball,0,1,0,1,1,1,1,1,Infield shift,Strategic,213.0,0.085,0.417,,,0.991,-0.417,92.1,-1,-1,0.522,0.522,26,25,26,26,2,1,8.0,2.0,5.0,1.0,1.36,0.31,-0.31,40.3,,,,,
KC,2022-07-25,80.9,-1.67,6.0,"Raleigh, Cal",663728,657248,single,hit_into_play,,,,,8.0,Cal Raleigh singles on a ground ball to right fielder Adolis Garcia.,R,L,R,SEA,TEX,X,9.0,ground_ball,0,0,2022,0.66,-0.6,-0.14,1.85,,,,1,2,Bot,202.85,127.04,,,,,2.162864416874072,-117.85004414060876,-1.520110653853898,5.766295330307909,20.75516353293266,-37.75494834186471,3.39,1.6,115.0,87.6,9.0,82.0,2444.0,6.8,662166,641680,663993,543760,677649,608369,669701,665750,666969,53.73,0.521,0.472,0.9,1.0,1.0,0.0,4.0,12,1,Knuckle Curve,0,0,0,0,0,0,0,0,Infield shift,Standard,39.0,0.026,0.415,,,0.565,-0.415,88.0,0,0,0.528,0.528,26,25,26,26,1,0,8.0,2.0,5.0,1.0,4.06,-0.66,0.66,44.4,,,,,
SL,2022-07-23,86.6,-1.74,7.0,"Raleigh, Cal",663728,434378,field_out,hit_into_play,,,,,5.0,Cal Raleigh pops out to third baseman Alex Bregman in foul territory.,R,L,R,SEA,HOU,X,5.0,popup,0,0,2022,0.51,0.27,-0.07,2.43,,,624428.0,1,2,Bot,93.72,180.98,,,,,2.9215010982449954,-126.08222028511808,-5.204846339777487,4.793236513120831,27.42228588175754,-28.40842181573236,3.38,1.6,93.0,77.6,74.0,85.8,2525.0,5.9,662146,455117,493329,514888,608324,665161,676801,676694,663656,54.57,0.005,0.006,0.0,1.0,0.0,0.0,3.0,13,1,Slider,0,0,0,0,0,0,0,0,Infield shift,Standard,156.0,-0.03,-0.255,,,0.007,0.255,88.0,0,0,0.554,0.554,39,25,39,26,1,0,7.0,1.0,6.0,2.0,2.78,-0.51,0.51,53.9,,,,,
CH,2022-07-22,85.3,-1.74,6.1,"Raleigh, Cal",663728,664353,field_out,hit_into_play,,,,,1.0,Cal Raleigh grounds out sharply to first baseman Yuli Gurriel.,R,L,R,SEA,HOU,X,3.0,ground_ball,1,1,2022,-1.42,0.99,-0.76,3.41,,,,0,5,Bot,161.27,156.26,,,,,5.12900085612109,-124.10454315975724,-1.9693944048796368,-15.70938457693484,26.230495898977377,-21.819885921642932,3.36,1.6,53.0,102.0,-1.0,84.6,1851.0,6.0,662167,455117,493329,514888,608324,665161,649557,676694,663656,54.52,0.416,0.379,0.0,1.0,0.0,0.0,4.0,38,3,Changeup,0,4,0,4,4,0,0,4,Infield shift,Standard,234.0,-0.019,-0.236,,,0.448,0.236,102.0,-4,-4,0.121,0.121,27,25,27,26,2,1,7.0,5.0,6.0,1.0,2.16,1.42,-1.42,49.4,,,,,
FF,2022-07-22,92.5,-2.54,4.63,"Raleigh, Cal",663728,661527,field_out,hit_into_play,,,,,2.0,Cal Raleigh flies out to center fielder Jake Meyers.,R,L,R,SEA,HOU,X,8.0,fly_ball,1,2,2022,-0.56,0.96,-0.08,3.23,,,,1,7,Bot,110.58,107.14,,,,,7.562892286247891,-134.66783130475432,0.1055407936281503,-8.39487715310996,27.398555949613733,-20.629402628138884,3.36,1.6,234.0,93.2,54.0,93.6,1993.0,6.8,662167,455117,493329,514888,608324,665161,649557,676694,663656,53.73,0.001,0.0,0.0,1.0,0.0,0.0,3.0,56,4,4-Seam Fastball,1,5,1,5,5,1,1,5,Infield shift,Standard,243.0,-0.008,-0.177,,,0.001,0.177,93.2,-4,-4,0.05,0.05,27,25,28,26,1,2,7.0,5.0,2.0,1.0,1.68,0.56,-0.56,16.2,,,,,
KC,2022-07-17,82.0,-1.67,6.01,"Raleigh, Cal",663728,657248,home_run,hit_into_play,,,,,5.0,Cal Raleigh homers (13) on a line drive to right field. Eugenio Suarez scores.,R,L,R,TEX,SEA,X,,line_drive,2,2,2022,0.53,-0.93,0.09,2.26,,553993.0,,2,4,Top,227.96,94.37,,,,,2.992159510059986,-119.38735020621196,-0.145494752325404,4.497631545916977,22.52651547809664,-41.30811458325223,3.35,1.61,359.0,106.6,23.0,82.8,2330.0,6.8,661821,650619,663993,543760,669701,608369,594777,665750,666969,53.74,0.8309999999999997,1.6170697674418604,2.0,1.0,0.0,3.0,6.0,29,5,Knuckle Curve,1,0,0,1,2,1,2,1,Infield shift,Standard,36.0,-0.231,1.657,,,3.1241627906976746,-1.657,106.6,1,-1,0.648,0.352,26,25,26,26,2,1,5.0,1.0,8.0,5.0,4.32,-0.53,0.53,44.1,,,,,
ST,2022-07-17,80.7,-1.82,5.92,"Raleigh, Cal",663728,657248,field_out,hit_into_play,,,,,5.0,Cal Raleigh flies out to right fielder Adolis Garcia.,R,L,R,TEX,SEA,X,9.0,fly_ball,2,1,2022,1.55,-0.16,-0.12,2.43,,,553993.0,1,2,Top,199.42,77.65,,,,,0.8240273102640725,-117.57739885829992,-0.7600628847406719,14.110337297044673,24.121101050467377,-33.7239686407634,3.35,1.61,349.0,97.0,38.0,81.2,2531.0,6.8,661821,650619,663993,543760,669701,608369,594777,665750,666969,53.74,0.121,0.235,0.0,1.0,0.0,0.0,3.0,11,4,Sweeper,0,0,0,0,0,0,0,0,Infield shift,Standard,54.0,0.035,-0.303,,,0.448,0.303,97.0,0,0,0.493,0.507,26,25,26,26,1,0,5.0,1.0,8.0,5.0,3.67,-1.55,1.55,38.9,,,,,
CH,2022-07-17,89.0,-1.59,5.98,"Raleigh, Cal",663728,600917,field_out,hit_into_play,,,,,1.0,Cal Raleigh flies out to right fielder Adolis Garcia.,R,L,R,TEX,SEA,X,9.0,fly_ball,0,0,2022,-1.26,0.69,-0.39,2.95,,,641487.0,1,8,Top,201.99,75.24,,,,,5.4819465062420525,-129.53658541205607,-2.8140253060039377,-15.384212510208911,27.951622343186965,-23.99808834826089,3.35,1.61,357.0,91.8,31.0,87.5,2032.0,5.4,661821,650619,663993,543760,669701,608369,594777,665750,666969,55.13,0.097,0.151,0.0,1.0,0.0,0.0,3.0,66,1,Changeup,2,6,6,2,6,2,6,2,Infield shift,Standard,198.0,0.004,-0.255,,,0.264,0.255,91.8,-4,4,0.036,0.964,28,25,29,26,1,3,2.0,1.0,5.0,5.0,2.19,1.26,-1.26,41.6,,,,,
CH,2022-07-17,89.8,-2.42,5.85,"Raleigh, Cal",663728,572070,field_out,hit_into_play,,,,,7.0,Cal Raleigh flies out to left fielder Kole Calhoun.,R,L,R,TEX,SEA,X,7.0,fly_ball,0,1,2022,-1.35,0.49,-0.29,2.06,,,,0,7,Top,86.48,71.85,,,,,8.091727384455499,-130.6131144923364,-4.455057244331391,-17.14149471430775,25.94078530089488,-25.773336982801556,3.35,1.61,330.0,100.0,46.0,89.4,1631.0,6.0,661821,650619,663993,543760,669701,608369,594777,665750,666969,54.55,0.021,0.041,0.0,1.0,0.0,0.0,3.0,51,2,Changeup,1,3,3,1,3,1,3,1,Infield shift,Standard,232.0,0.014,-0.209,,,0.081,0.209,100.0,-2,2,0.187,0.813,34,25,34,26,1,2,3.0,1.0,7.0,5.0,2.32,1.35,-1.35,35.7,,,,,
SI,2022-07-16,92.6,1.89,6.46,"Raleigh, Cal",663728,656685,single,hit_into_play,,,,,5.0,Cal Raleigh singles on a sharp line drive to left fielder Kole Calhoun.   J.P. Crawford to 2nd.,R,R,L,TEX,SEA,X,7.0,line_drive,1,0,2022,0.96,1.08,0.19,2.54,,,641487.0,1,10,Top,39.08,90.45,,,,,-6.436744017781705,-134.6845788753805,-6.571449304627877,13.056436054149737,28.381383827155226,-17.75409795808333,3.37,1.61,292.0,104.8,18.0,92.7,2235.0,6.3,661809,641680,663993,543760,669701,608369,594777,665750,666969,54.19,0.4095,0.621,0.9,1.0,1.0,0.0,5.0,77,2,Sinker,2,3,3,2,3,2,3,2,Standard,Standard,152.0,-0.049,0.374,,,1.1078333333333334,-0.374,104.8,-1,1,0.357,0.643,27,25,27,26,1,4,4.0,1.0,8.0,1.0,1.57,0.96,-0.96,45.7,,,,,
FF,2022-07-16,95.5,1.53,6.36,"Raleigh, Cal",663728,519043,field_out,hit_into_play,,,,,2.0,Cal Raleigh pops out to first baseman Nathaniel Lowe in foul territory.,R,R,L,TEX,SEA,X,3.0,popup,2,2,2022,0.88,1.41,0.21,3.35,,,,1,8,Top,149.76,195.42,,,,,-5.4470048243769424,-138.81591785061198,-5.412623621246562,12.63368074656611,33.53817797865311,-12.925460335064296,3.37,1.61,55.0,84.1,79.0,94.9,2552.0,6.2,661809,641680,663993,543760,669701,608369,594777,665750,666969,54.32,0.018,0.022,0.0,1.0,0.0,0.0,3.0,62,5,4-Seam Fastball,2,2,2,2,2,2,2,2,Infield shift,Strategic,139.0,0.032,-0.212,,,0.027,0.212,88.0,0,0,0.55,0.4499999999999999,33,25,33,26,1,3,2.0,1.0,5.0,1.0,1.11,0.88,-0.88,40.0,,,,,
FF,2022-07-15,96.5,2.7,6.21,"Raleigh, Cal",663728,621368,single,hit_into_play,,,,,8.0,Cal Raleigh singles on a sharp line drive to center fielder Leody Taveras.   Eugenio Suarez to 3rd.,R,R,L,TEX,SEA,X,8.0,line_drive,0,1,2022,0.67,1.33,-0.1,1.69,,553993.0,,1,4,Top,127.77,71.34,,,,,-8.968977538466834,-140.04337507440755,-9.490745138810276,10.796040769730537,31.95542334478876,-12.596272810381633,3.36,1.62,273.0,104.3,11.0,96.7,2361.0,6.6,661810,641680,663993,543760,518586,608369,609274,665750,666969,53.93,0.9,0.902,0.9,1.0,1.0,0.0,4.0,25,2,4-Seam Fastball,0,0,0,0,0,0,0,0,Standard,Standard,144.0,-0.063,0.568,,,1.174,-0.568,104.3,0,0,0.482,0.518,27,25,28,26,2,1,20.0,1.0,8.0,1.0,1.13,0.67,-0.67,33.4,,,,,
FF,2022-07-15,95.1,-1.16,6.06,"Raleigh, Cal",663728,669935,single,hit_into_play,,,,,4.0,Cal Raleigh singles on a line drive to left fielder Elier Hernandez.,R,L,R,TEX,SEA,X,7.0,line_drive,2,2,2022,-0.74,1.3,-0.4,2.52,,,,0,8,Top,62.42,124.11,,,,,3.676322973183908,-138.42973116533477,-6.570734855851262,-10.39114895340294,30.487490931476597,-14.218593121792583,3.36,1.62,157.0,90.8,8.0,95.6,2065.0,6.5,661810,641680,663993,543760,518586,608369,609274,665750,666969,53.98,0.537,0.512,0.9,1.0,1.0,0.0,4.0,59,5,4-Seam Fastball,3,4,4,3,4,3,4,3,Infield shift,Standard,206.0,-0.036,0.469,,,0.629,-0.469,90.8,-1,1,0.257,0.743,24,25,24,26,1,3,,1.0,38.0,1.0,1.22,0.74,-0.74,43.4,,,,,
CH,2022-07-14,86.1,0.98,5.7,"Raleigh, Cal",663728,527048,field_out,hit_into_play,,,,,9.0,Cal Raleigh flies out to second baseman Marcus Semien.,R,R,L,TEX,SEA,X,4.0,fly_ball,2,2,2022,0.88,1.17,0.55,1.93,664034.0,553993.0,608385.0,2,3,Top,158.07,145.83,,,,,-2.8044650417596313,-125.39810183249148,-5.089255560935281,9.872499073137105,24.62478745607067,-19.05036729237585,3.36,1.62,157.0,82.8,64.0,85.8,1665.0,6.0,661811,641680,663993,543760,518586,608369,594777,665750,666969,54.53,0.005,0.006,0.0,1.0,0.0,0.0,3.0,28,6,Changeup,4,0,0,4,0,4,0,4,Standard,Standard,125.0,0.053,-0.228,,,0.008,0.228,88.0,4,-4,0.841,0.159,31,25,31,26,2,1,5.0,1.0,10.0,1.0,1.9,0.88,-0.88,46.5,,,,,
FF,2022-07-13,94.8,-1.48,5.47,"Raleigh, Cal",663728,680686,field_out,hit_into_play,,,,,4.0,Cal Raleigh flies out to left fielder Yadiel Hernandez.,R,L,R,WSH,SEA,X,7.0,fly_ball,2,0,2022,-0.81,1.44,-0.58,2.76,,,,0,4,Top,60.29,105.31,,,,,4.112785214656241,-137.97266327735218,-4.566276559425352,-11.234803862470349,31.98052636186237,-12.94404916754225,3.36,1.62,284.0,91.4,44.0,93.6,2179.0,5.6,662517,660688,605137,514917,596748,671277,628450,657041,665742,54.86,0.008,0.012,0.0,1.0,0.0,0.0,3.0,27,3,4-Seam Fastball,0,4,4,0,4,0,4,0,Infield shift,Standard,208.0,0.013,-0.354,,,0.018,0.354,91.4,-4,4,0.12,0.88,24,25,25,26,2,1,7.0,3.0,13.0,1.0,1.1,0.81,-0.81,40.8,,,,,
SL,2022-07-13,87.2,-2.42,5.82,"Raleigh, Cal",663728,676265,home_run,hit_into_play,,,,,1.0,Cal Raleigh homers (12) on a fly ball to right field.,R,L,R,WSH,SEA,X,,fly_ball,2,2,2022,-0.49,0.41,-0.39,3.09,,,,0,9,Top,210.16,67.57,,,,,5.858468557781875,-127.01184976661696,-1.2897932680843782,-6.43432905952284,23.5251636905154,-27.697370795890222,3.36,1.62,385.0,98.9,30.0,87.2,2095.0,6.0,662517,660688,605137,514917,596748,671277,628450,657041,665742,54.46,0.4495999999999999,0.8640000000000001,2.0,1.0,0.0,3.0,6.0,67,5,Slider,1,5,5,1,6,1,6,1,Infield shift,Standard,235.0,-0.009,1.143,,,1.6778999999999995,-1.143,98.9,-4,4,0.015,0.985,26,25,27,26,1,3,24.0,3.0,18.0,1.0,2.56,0.49,-0.49,41.3,,,,,
FF,2022-07-13,97.8,-1.59,6.09,"Raleigh, Cal",663728,640451,field_out,hit_into_play,,,,,4.0,Cal Raleigh lines out sharply to left fielder Yadiel Hernandez.,R,L,R,WSH,SEA,X,7.0,line_drive,0,0,2022,-0.76,1.29,-0.61,2.62,,,,0,6,Top,60.14,70.14,,,,,4.363430031443643,-142.25302975079836,-6.81999713452936,-11.310946409823275,31.537741300094513,-13.223932077601091,3.36,1.62,357.0,100.4,21.0,97.3,1955.0,6.0,662517,660688,605137,514917,596748,671277,628450,657041,665742,54.52,0.338,0.54,0.0,1.0,0.0,0.0,5.0,46,1,4-Seam Fastball,1,5,5,1,5,1,5,1,Infield shift,Standard,216.0,0.007,-0.247,,,1.016,0.247,100.4,-4,4,0.082,0.918,27,25,28,26,1,2,84.0,3.0,1.0,1.0,1.08,0.76,-0.76,45.6,,,,,
CH,2022-07-10,88.2,-3.26,5.72,"Raleigh, Cal",663728,666721,single,hit_into_play,,,,,13.0,Cal Raleigh singles on a line drive to right fielder Teoscar Hernandez.,R,L,R,SEA,TOR,X,9.0,line_drive,0,0,2022,-1.29,0.21,-0.19,0.99,,,,1,5,Bot,168.6,80.29,,,,,10.221036650860295,-128.08519996682207,-5.9026478286727215,-16.27963587063887,24.696112261318746,-28.8681504774797,3.36,1.62,234.0,96.8,13.0,89.0,1553.0,6.8,662183,672515,665489,624415,669289,666182,666971,606132,606192,53.74,0.934,0.905,0.9,1.0,1.0,0.0,4.0,37,1,Changeup,1,4,1,4,4,1,1,4,Infield shift,Standard,249.0,0.03,0.415,,,1.125,-0.415,96.8,-3,-3,0.165,0.165,23,25,23,26,2,1,3.0,1.0,6.0,3.0,2.72,1.29,-1.29,26.9,,,,,
CH,2022-07-10,88.2,-3.26,5.73,"Raleigh, Cal",663728,666721,grounded_into_double_play,hit_into_play,,,,,13.0,"Cal Raleigh grounds into a double play, shortstop Bo Bichette to first baseman Vladimir Guerrero Jr.  Eugenio Suarez out at 2nd.    Cal Raleigh out at 1st.",R,L,R,SEA,TOR,X,6.0,ground_ball,0,1,2022,-1.22,0.33,-0.99,1.28,,,553993.0,0,2,Bot,138.84,158.68,,,,,8.082006894766204,-128.19257759235936,-5.496318844400282,-15.01684886769151,22.98099213396695,-27.66026022930368,3.36,1.62,4.0,83.1,-19.0,89.2,1529.0,6.7,662183,672515,665489,624415,669289,666182,666971,606132,606192,53.82,0.058,0.057,0.0,1.0,0.0,0.0,2.0,14,2,Changeup,1,1,1,1,1,1,1,1,Infield shift,Standard,243.0,-0.073,-0.296,,,0.062,0.296,88.0,0,0,0.584,0.584,23,25,23,26,1,0,3.0,1.0,6.0,3.0,2.58,1.22,-1.22,26.2,,,,,
SI,2022-07-10,94.0,1.94,6.31,"Raleigh, Cal",663728,641835,sac_fly,hit_into_play,,,,,4.0,Cal Raleigh out on a sacrifice fly to center fielder Raimel Tapia.   Carlos Santana scores.,R,R,L,SEA,TOR,X,8.0,line_drive,0,0,2022,1.4,0.4,-0.45,2.3,467793.0,,553993.0,1,6,Bot,110.67,64.52,,,,,-9.306340638047056,-136.53682676690684,-5.567465713657792,19.54543189636587,30.66557018750037,-26.04640388550077,3.36,1.62,335.0,97.4,20.0,94.0,,6.4,662183,672515,665489,624415,669289,666182,666971,606132,606192,54.09,0.295,0.337,0.0,1.0,0.0,0.0,4.0,51,1,Sinker,3,4,3,4,4,4,4,4,Infield shift,Standard,,0.021,-0.159,,,0.523,0.159,97.4,-1,-1,0.514,0.514,30,25,30,26,1,2,2.0,1.0,2.0,3.0,2.19,1.4,-1.4,39.7,,,,,
CH,2022-07-09,88.0,-2.04,5.7,"Raleigh, Cal",663728,666201,field_out,hit_into_play,,,,,13.0,"Cal Raleigh grounds out, second baseman Santiago Espinal to first baseman Vladimir Guerrero Jr.",R,L,R,SEA,TOR,X,4.0,ground_ball,2,2,2022,-1.15,0.8,-0.87,1.65,,,,1,7,Bot,153.03,152.09,,,,,5.268075618936715,-127.95445111599965,-5.354101205083269,-13.735965914613814,27.411198805197444,-22.50459058190604,3.36,1.62,17.0,69.7,-4.0,88.4,2113.0,6.7,662147,672386,665489,669289,656305,666182,606132,543807,606192,53.81,0.087,0.08,0.0,1.0,0.0,0.0,2.0,49,6,Changeup,2,1,2,1,1,2,2,1,Infield shift,Standard,227.0,-0.014,-0.212,,,0.087,0.212,88.0,1,1,0.769,0.769,24,25,24,26,3,2,5.0,1.0,6.0,1.0,2.16,1.15,-1.15,38.5,,,,,
SI,2022-07-09,94.5,-1.95,5.84,"Raleigh, Cal",663728,666201,field_out,hit_into_play,,,,,1.0,"Cal Raleigh grounds out, second baseman Santiago Espinal to first baseman Vladimir Guerrero Jr.",R,L,R,SEA,TOR,X,4.0,ground_ball,1,2,2022,-1.29,0.8,-0.52,3.31,,,,0,5,Bot,165.71,137.89,,,,,6.631511385979922,-137.5557592285181,-2.7311342968839076,-17.816912716840843,29.10478111821609,-21.55316007223611,3.36,1.62,18.0,94.7,-10.0,95.1,2316.0,6.5,662147,672386,665489,669289,656305,666182,606132,543807,606192,54.0,0.197,0.173,0.0,1.0,0.0,0.0,2.0,33,5,Sinker,0,0,0,0,0,0,0,0,Infield shift,Standard,216.0,-0.022,-0.176,,,0.227,0.176,94.7,0,0,0.559,0.559,24,25,24,26,2,1,5.0,1.0,6.0,1.0,1.74,1.29,-1.29,38.9,,,,,
SI,2022-07-09,95.0,-1.94,5.81,"Raleigh, Cal",663728,666201,grounded_into_double_play,hit_into_play,,,,,4.0,"Cal Raleigh grounds into a double play, first baseman Vladimir Guerrero Jr.  to third baseman Matt Chapman to first baseman Vladimir Guerrero Jr.  Eugenio Suarez out at 2nd.    Cal Raleigh out at 1st.",R,L,R,SEA,TOR,X,3.0,ground_ball,3,2,2022,-1.4,0.7,-0.46,2.2,,,553993.0,1,2,Bot,147.96,170.84,,,,,7.040339754187445,-138.16275561674192,-5.381683811192139,-19.542341248623583,30.368191325898508,-22.24512298679957,3.36,1.62,6.0,73.0,-21.0,95.6,2189.0,6.6,662147,672386,665489,669289,656305,666182,606132,543807,606192,53.88,0.037,0.048,0.0,1.0,0.0,0.0,2.0,12,6,Sinker,0,0,0,0,0,0,0,0,Infield shift,Standard,217.0,-0.06,-0.365,,,0.037,0.365,88.0,0,0,0.56,0.56,24,25,24,26,1,0,5.0,1.0,6.0,1.0,1.83,1.4,-1.4,38.3,,,,,
FF,2022-07-08,96.8,-1.67,6.18,"Raleigh, Cal",663728,605447,field_out,hit_into_play,,,,,9.0,Cal Raleigh pops out to third baseman Matt Chapman.,R,L,R,SEA,TOR,X,5.0,popup,1,2,2022,-0.48,1.6,0.64,2.01,,647351.0,,0,10,Bot,97.77,163.95,,,,,7.41269768921412,-140.5538430585865,-9.410788556018815,-8.021230302877303,29.87635910225465,-8.9982082067583,3.36,1.61,132.0,90.7,70.0,98.9,2349.0,7.4,662155,672386,624415,669289,656305,666182,666971,543807,606192,53.08,0.005,0.005,0.0,1.0,0.0,0.0,3.0,79,4,4-Seam Fastball,2,2,2,2,2,2,2,2,Infield shift,Standard,206.0,-0.076,-0.185,,,0.005,0.185,90.7,0,0,0.779,0.779,29,25,29,26,1,1,2.0,1.0,4.0,1.0,0.83,0.48,-0.48,53.1,,,,,
FC,2022-07-07,86.3,-2.41,5.3,"Raleigh, Cal",663728,596271,home_run,hit_into_play,,,,,5.0,Cal Raleigh homers (11) on a line drive to right field.    Eugenio Suarez scores.,R,L,R,SEA,TOR,X,,line_drive,1,0,2022,-0.05,0.65,0.16,2.56,,,553993.0,1,3,Bot,210.45,82.41,,,,,6.191039582628939,-125.65988090389683,-1.6441196292794094,-1.728295413929606,24.264866289514124,-25.19191794267852,3.38,1.62,355.0,114.0,19.0,86.2,2356.0,6.1,662156,672515,665489,669289,656305,666182,666971,605548,606192,54.4,0.9056,1.6482000000000003,2.0,1.0,0.0,3.0,6.0,28,2,Cutter,5,1,5,1,1,7,7,1,Infield shift,Standard,212.0,0.059,1.423,,,3.12,-1.423,114.0,4,4,0.896,0.896,34,25,35,26,2,1,5.0,2.0,90.0,1.0,2.4,0.05,-0.05,23.0,,,,,
CH,2022-07-07,84.3,-2.55,5.03,"Raleigh, Cal",663728,596271,single,hit_into_play,,,,,13.0,"Cal Raleigh singles on a ground ball to right fielder Teoscar Hernandez.   J.P. Crawford scores.  Eugenio Suarez out at 3rd on the throw, right fielder Teoscar Hernandez to third baseman Matt Chapman.",R,L,R,SEA,TOR,X,9.0,ground_ball,1,2,2022,-1.37,0.34,-0.9,1.47,641487.0,,553993.0,2,1,Bot,179.4,113.05,,,,,6.536969203029754,-122.71584329255944,-2.698872434896075,-15.088983533771197,19.68851397821593,-28.441544051455296,3.38,1.62,8.0,92.9,-10.0,84.8,1624.0,6.2,662156,672515,665489,669289,656305,666182,666971,605548,606192,54.3,0.184,0.161,0.9,1.0,1.0,0.0,2.0,9,5,Changeup,1,0,1,0,0,2,2,0,Infield shift,Standard,255.0,0.063,0.679,,,0.216,-0.679,92.9,1,1,0.635,0.635,34,25,35,26,1,0,5.0,2.0,90.0,1.0,2.82,1.37,-1.37,19.2,,,,,
CH,2022-07-05,83.4,-1.53,5.29,"Raleigh, Cal",663728,605182,field_out,hit_into_play,,,,,6.0,Cal Raleigh flies out to center fielder Trent Grisham.,R,L,R,SD,SEA,X,8.0,fly_ball,1,0,2022,-1.26,0.76,0.49,2.63,,,467793.0,2,5,Top,142.83,43.64,,,,,7.214785892331416,-121.24602496047716,-1.163041123398988,-13.82856624042988,23.67211695130713,-24.623060696241772,3.37,1.6,385.0,98.5,32.0,84.5,1626.0,7.1,662226,543592,543333,630105,592518,682928,595777,663757,608577,53.43,0.4006521739130434,0.7933478260869565,0.0,1.0,0.0,0.0,5.0,42,2,Changeup,1,4,4,1,4,1,4,1,Infield shift,Standard,228.0,0.014,-0.298,,,1.5501739130434782,0.298,98.5,-3,3,0.178,0.8220000000000001,31,25,32,26,3,2,6.0,1.0,7.0,2.0,2.52,1.26,-1.26,44.5,,,,,
FS,2022-07-05,90.4,-2.41,6.08,"Raleigh, Cal",663728,472610,single,hit_into_play,,,,,13.0,Cal Raleigh singles on a ground ball to shortstop C. J. Abrams.,R,L,R,SD,SEA,X,6.0,ground_ball,0,1,2022,-1.07,0.31,-0.97,2.04,,,,2,8,Top,126.19,143.87,,,,,5.894496541146642,-131.54948539534038,-4.879764234668904,-13.591587487077495,24.7329595342585,-27.774288078919195,3.37,1.6,83.0,77.4,6.0,91.5,1126.0,6.7,662226,543592,543333,630105,592518,682928,595777,663757,608577,53.82,0.3,0.268,0.9,1.0,1.0,0.0,2.0,65,2,Split-Finger,2,4,4,2,4,2,4,2,Infield shift,Standard,220.0,-0.008,0.349,,,0.362,-0.349,88.0,-2,2,0.161,0.839,35,25,35,26,1,3,7.0,1.0,2.0,2.0,2.45,1.07,-1.07,48.2,,,,,
FF,2022-07-05,95.9,-1.68,5.39,"Raleigh, Cal",663728,605182,field_out,hit_into_play,,,,,1.0,"Cal Raleigh grounds out, second baseman Jake Cronenworth to first baseman Eric Hosmer.",R,L,R,SD,SEA,X,4.0,ground_ball,2,0,2022,-0.6,1.4,-0.41,3.07,,,,1,2,Top,150.12,163.41,,,,,4.765060504944838,-139.4591876325084,-3.681348995820762,-9.00560015492096,34.47108258242396,-13.378769416244124,3.37,1.6,38.0,100.9,-3.0,96.4,2318.0,6.9,662226,543592,543333,630105,592518,682928,595777,663757,608577,53.65,0.308,0.278,0.0,1.0,0.0,0.0,2.0,8,3,4-Seam Fastball,0,0,0,0,0,0,0,0,Infield shift,Standard,209.0,0.025,-0.352,,,0.324,0.352,100.9,0,0,0.515,0.485,31,25,32,26,1,0,6.0,1.0,7.0,2.0,1.1,0.6,-0.6,38.2,,,,,
FF,2022-07-04,95.1,-1.21,5.24,"Raleigh, Cal",663728,605463,double,hit_into_play,,,,,5.0,Cal Raleigh doubles (10) on a sharp line drive to right fielder Nomar Mazara. Julio Rodriguez scores. J.P. Crawford scores. Carlos Santana scores.,R,L,R,SD,SEA,X,9.0,line_drive,2,2,2022,-1.01,0.88,0.03,2.46,677594.0,641487.0,467793.0,1,6,Top,163.99,40.52,,,,,5.4682540828520825,-138.31930315620326,-3.562959636521346,-14.222253108785642,32.59454117449151,-20.291837485779364,3.38,1.61,401.0,105.4,22.0,94.2,2120.0,5.9,662270,595751,543333,630105,592518,673490,595777,663757,608577,54.58,0.6818636363636362,1.2184772727272724,1.25,1.0,1.0,1.0,6.0,50,5,4-Seam Fastball,0,4,4,0,7,0,7,0,Infield shift,Standard,226.0,-0.043,0.703,,,2.2928863636363643,-0.703,105.4,-4,4,0.056,0.944,30,25,30,26,2,3,,1.0,6.0,1.0,1.65,1.01,-1.01,26.7,,,,,
CH,2022-07-04,84.0,3.12,5.38,"Raleigh, Cal",663728,640455,force_out,hit_into_play,,,,,1.0,"Cal Raleigh grounds into a force out, shortstop Ha-Seong Kim to second baseman Jake Cronenworth. J.P. Crawford scores. Eugenio Suarez to 3rd. Carlos Santana out at 2nd. Cal Raleigh to 1st.",R,R,L,SD,SEA,X,6.0,ground_ball,0,0,2022,1.26,0.56,-0.5,3.14,641487.0,553993.0,467793.0,1,1,Top,117.7,142.05,,,,,-11.015336836834932,-121.74742007200184,0.2173127288873463,14.773916692298243,24.891488845120648,-26.95412575174838,3.38,1.61,26.0,86.4,-5.0,84.8,1806.0,7.1,662270,595751,543333,630105,592518,673490,595777,663757,608577,53.4,0.15,0.135,0.0,1.0,0.0,0.0,2.0,5,1,Changeup,0,0,0,0,1,0,1,0,Standard,Standard,124.0,0.003,-0.31,,,0.15,0.31,88.0,0,0,0.401,0.599,30,25,30,26,1,0,6.0,1.0,7.0,1.0,2.71,1.26,-1.26,23.3,,,,,
SI,2022-07-04,89.0,4.04,3.09,"Raleigh, Cal",663728,657612,field_out,hit_into_play,,,,,14.0,"Cal Raleigh grounds out, shortstop C. J. Abrams to first baseman Eric Hosmer.",R,R,L,SD,SEA,X,6.0,ground_ball,2,2,2022,1.18,-0.39,1.27,1.42,,467793.0,,1,8,Top,109.21,161.46,,,,,-9.38509410443612,-129.31605327889287,2.8366534838198643,15.189800228652372,26.42519189079106,-37.40473902353153,3.38,1.61,3.0,82.5,-24.0,90.0,1871.0,6.9,662270,595751,543333,630105,673490,682928,640492,663757,608577,53.58,0.058,0.056,0.0,1.0,0.0,0.0,2.0,69,5,Sinker,0,7,7,0,7,0,7,0,Standard,Standard,93.0,0.0,-0.207,,,0.061,0.207,88.0,-7,7,0.004,0.996,32,25,32,26,1,4,2.0,1.0,5.0,1.0,3.27,1.18,-1.18,-15.8,,,,,
SI,2022-07-04,92.6,-1.94,4.87,"Raleigh, Cal",663728,605463,field_out,hit_into_play,,,,,11.0,Cal Raleigh pops out to second baseman Jake Cronenworth on the infield fly rule.,R,L,R,SD,SEA,X,4.0,popup,0,0,2022,-1.42,0.69,-0.84,2.98,641487.0,553993.0,467793.0,1,4,Top,143.17,163.28,,,,,5.819256063411556,-134.77509929896962,-0.5076985190528089,-18.619507491843688,29.739565665111403,-23.919544837192458,3.38,1.61,97.0,73.4,70.0,91.2,2253.0,5.5,662270,595751,543333,630105,592518,673490,595777,663757,608577,55.04,0.003,0.002,0.0,1.0,0.0,0.0,3.0,32,1,Sinker,0,4,4,0,4,0,4,0,Infield shift,Standard,234.0,0.029,-0.141,,,0.003,0.141,88.0,-4,4,0.086,0.914,30,25,30,26,1,2,,1.0,6.0,1.0,1.97,1.42,-1.42,14.6,,,,,
FF,2022-07-03,90.0,-0.58,5.76,"Raleigh, Cal",663728,643493,field_out,hit_into_play,,,,,5.0,"Cal Raleigh grounds out, shortstop Elvis Andrus to first baseman Christian Bethancourt.",R,L,R,SEA,ATH,X,6.0,ground_ball,0,0,2022,-0.28,1.06,0.27,2.73,,,,0,5,Bot,132.79,131.75,,,,,2.6554482543958873,-131.14032407514364,-3.8279123068015632,-3.724694503967236,25.67041441988433,-19.284767565427433,3.39,1.61,68.0,87.7,3.0,89.3,2179.0,5.6,662162,669221,542194,669397,641914,462101,640461,621450,657656,54.9,0.366,0.329,0.0,1.0,0.0,0.0,2.0,32,1,4-Seam Fastball,1,0,1,0,0,1,1,0,Infield shift,Standard,211.0,-0.021,-0.247,,,0.418,0.247,88.0,1,1,0.708,0.708,32,25,33,26,2,1,6.0,1.0,3.0,1.0,1.73,0.28,-0.28,52.2,,,,,
FF,2022-07-03,89.1,1.4,5.69,"Raleigh, Cal",663728,572125,field_out,hit_into_play,,,,,2.0,Cal Raleigh pops out to first baseman Christian Bethancourt.,R,R,L,SEA,ATH,X,3.0,popup,1,1,2022,0.49,1.22,0.15,3.21,,,,2,7,Bot,144.92,175.41,,,,,-4.13208392660325,-129.80743658234317,-2.6944826345190735,6.397466685647299,24.89626414960614,-17.96257187535837,3.39,1.61,88.0,83.2,74.0,89.8,2167.0,6.5,662162,669221,542194,669397,640461,462101,664913,621450,657656,54.02,0.008,0.01,0.0,1.0,0.0,0.0,3.0,49,3,4-Seam Fastball,2,1,2,1,1,2,2,1,Standard,Standard,145.0,-0.009,-0.241,,,0.012,0.241,88.0,1,1,0.754,0.754,31,25,32,26,1,2,5.0,1.0,5.0,1.0,1.62,0.49,-0.49,38.0,,,,,
CU,2022-07-02,78.6,-1.65,5.88,"Raleigh, Cal",663728,621112,double,hit_into_play,,,,,8.0,Cal Raleigh doubles (9) on a sharp line drive to right fielder Ramon Laureano.,R,L,R,SEA,ATH,X,9.0,line_drive,3,2,2022,0.74,-1.52,0.03,2.15,,,,1,7,Bot,222.41,103.7,,,,,2.261263510152158,-114.31638514360966,1.6547247617646603,5.954255184174751,24.20212047020657,-45.90933444135702,3.4,1.62,265.0,103.6,19.0,78.1,2607.0,6.3,662163,519390,664913,643393,605353,669397,572039,621450,657656,54.21,0.3793846153846153,0.574,1.25,1.0,1.0,1.0,5.0,48,7,Curveball,0,1,0,1,1,0,0,1,Infield shift,Standard,25.0,0.085,0.584,,,1.0196153846153846,-0.584,103.6,-1,-1,0.324,0.324,28,25,29,26,3,2,5.0,1.0,6.0,1.0,5.25,-0.74,0.74,52.1,,,,,
FF,2022-07-02,91.6,-1.62,6.07,"Raleigh, Cal",663728,621112,field_out,hit_into_play,,,,,3.0,Cal Raleigh flies out to center fielder Skye Bolt.,R,L,R,SEA,ATH,X,8.0,fly_ball,0,1,2022,-0.31,1.19,0.57,3.4,,,467793.0,0,2,Bot,143.4,102.41,,,,,6.203632155615593,-133.4447451430001,-3.5582609489247585,-4.840938323138052,24.05791201469649,-17.26812683490339,3.4,1.62,275.0,82.4,40.0,92.2,2125.0,6.2,662163,519390,664913,643393,605353,669397,572039,621450,657656,54.3,0.013,0.012,0.0,1.0,0.0,0.0,3.0,14,2,4-Seam Fastball,0,1,0,1,1,0,0,1,Infield shift,Standard,202.0,-0.032,-0.191,,,0.013,0.191,88.0,-1,-1,0.478,0.478,28,25,29,26,1,0,5.0,1.0,6.0,1.0,1.48,0.31,-0.31,53.1,,,,,
CH,2022-07-02,84.3,-1.9,6.02,"Raleigh, Cal",663728,642152,field_error,hit_into_play,,,,,13.0,Cal Raleigh reaches on a fielding error by shortstop Nick Allen. Carlos Santana to 2nd.,R,L,R,SEA,ATH,X,6.0,ground_ball,0,0,2022,-1.21,-0.1,-0.93,1.29,657129.0,,467793.0,0,9,Bot,130.73,164.76,,,,,4.67169978964078,-122.61363048304511,-4.394202307779186,-13.141620108149246,24.783339926376268,-32.51177476473357,3.4,1.62,3.0,88.2,-26.0,84.2,1589.0,6.3,662163,519390,664913,643393,641914,669397,572039,621450,657656,54.18,0.045,0.051,0.9,1.0,0.0,0.0,2.0,63,1,Changeup,1,1,1,1,1,1,1,1,Strategic,Strategic,265.0,0.001,0.479,,,0.045,-0.479,88.2,0,0,0.927,0.927,30,25,31,26,1,3,1.0,1.0,3.0,1.0,3.32,1.21,-1.21,31.1,,,,,
FF,2022-07-01,96.5,-1.74,5.97,"Raleigh, Cal",663728,642152,field_out,hit_into_play,,,,,4.0,Cal Raleigh flies out to center fielder Skye Bolt.,R,L,R,SEA,ATH,X,8.0,fly_ball,0,2,2022,-0.74,1.33,-0.45,2.81,,,664238.0,1,9,Bot,98.28,55.77,,,,,5.102487296471688,-140.2042243905529,-5.766904502611809,-11.01329243327734,36.621115610947726,-13.545741397335018,3.41,1.62,374.0,99.3,29.0,95.8,1975.0,6.3,662149,669221,664913,669397,641914,462101,640461,621450,657656,54.16,0.4363333333333333,0.8290416666666666,0.0,1.0,0.0,0.0,6.0,76,3,4-Seam Fastball,1,3,1,3,3,1,1,3,Infield shift,Standard,228.0,-0.043,-0.156,,,1.599,0.156,99.3,-2,-2,0.089,0.089,30,25,31,26,1,1,5.0,1.0,1.0,1.0,1.16,0.74,-0.74,31.6,,,,,
SL,2022-06-30,79.4,-2.3,5.52,"Raleigh, Cal",663728,661309,field_out,hit_into_play,,,,,8.0,Cal Raleigh flies out to second baseman Nick Allen in foul territory.,R,L,R,SEA,ATH,X,4.0,fly_ball,0,0,2022,0.26,-0.1,0.19,1.91,,,,1,4,Bot,199.82,141.59,,,,,4.927931928803847,-115.4150627987082,-0.8464026338731616,1.2310850160667992,24.301826069993503,-33.11830250782119,3.4,1.62,230.0,94.1,54.0,78.3,1824.0,5.9,662150,669221,664913,669397,641914,462101,643393,621450,657656,54.64,0.005,0.006,0.0,1.0,0.0,0.0,3.0,31,1,Slider,2,1,2,1,1,2,2,1,Infield shift,Standard,27.0,-0.015,-0.246,,,0.008,0.246,94.1,1,1,0.664,0.664,25,25,26,26,2,1,51.0,1.0,5.0,1.0,3.76,-0.26,0.26,17.7,,,,,
FF,2022-06-30,93.0,-2.21,5.41,"Raleigh, Cal",663728,661309,field_out,hit_into_play,,,,,7.0,Cal Raleigh flies out sharply to center fielder Skye Bolt.,R,L,R,SEA,ATH,X,8.0,fly_ball,2,1,2022,-1.49,0.56,-0.45,1.79,,,,0,2,Bot,135.8,47.15,,,,,7.721483734103269,-135.21058582708633,-4.7289809285394915,-19.98846644624324,29.006121278343233,-24.48042658929012,3.4,1.62,374.0,103.0,30.0,92.5,2183.0,6.0,662150,669221,664913,669397,641914,462101,643393,621450,657656,54.5,0.6311372549019608,1.265019607843137,0.0,1.0,0.0,0.0,6.0,12,4,4-Seam Fastball,1,0,1,0,0,1,1,0,Infield shift,Standard,248.0,-0.023,-0.291,,,2.4568431372549018,0.291,103.0,1,1,0.659,0.659,25,25,26,26,1,0,51.0,1.0,5.0,1.0,2.08,1.49,-1.49,14.5,,,,,
SI,2022-06-30,93.6,2.73,5.32,"Raleigh, Cal",663728,669912,double,hit_into_play,,,,,9.0,Cal Raleigh doubles (8) on a line drive to right fielder Ramon Laureano.,R,R,L,SEA,ATH,X,9.0,line_drive,0,0,2022,1.7,0.52,0.32,1.78,,,,1,8,Bot,201.44,119.57,,,,,-9.89904518451218,-135.89289041058663,-4.491243442902133,23.218580837441017,29.520186237805497,-24.936684308500524,3.4,1.62,271.0,88.1,25.0,93.0,2383.0,6.0,662150,669221,664913,605353,641914,462101,643393,621450,657656,54.49,0.097,0.098,1.25,1.0,1.0,1.0,3.0,69,1,Sinker,8,5,8,5,5,8,8,5,Standard,Standard,122.0,0.005,0.666,,,0.154,-0.666,88.1,3,3,0.97,0.97,27,25,28,26,1,3,3.0,1.0,6.0,1.0,2.09,1.7,-1.7,19.9,,,,,
SL,2022-06-30,87.8,3.48,5.59,"Raleigh, Cal",663728,640462,triple,hit_into_play,,,,,8.0,Cal Raleigh triples (1) on a sharp line drive to center fielder Skye Bolt.   Carlos Santana scores.    Abraham Toro scores.    Cal Raleigh scores.  Throwing error by second baseman Nick Allen.,R,R,L,SEA,ATH,X,8.0,line_drive,1,2,2022,-0.36,0.04,0.24,1.84,,467793.0,647351.0,2,5,Bot,116.77,38.88,,,,,-7.191357860881772,-127.72340719183616,-3.118996352851374,-2.619910610506224,23.75345100832731,-31.28132611689818,3.4,1.62,395.0,102.6,20.0,89.2,2211.0,7.0,662150,669221,664913,669397,641914,462101,643393,621450,657656,53.53,0.4158823529411765,0.6482941176470589,1.6,1.0,1.0,2.0,5.0,46,4,Slider,5,4,5,4,4,8,8,4,Standard,Standard,271.0,0.229,1.324,,,1.170705882352941,-1.324,102.6,1,1,0.692,0.692,27,25,27,26,1,2,3.0,1.0,2.0,1.0,2.89,-0.36,0.36,25.2,,,,,
FC,2022-06-29,90.3,-2.73,5.74,"Raleigh, Cal",663728,608723,field_out,hit_into_play,,,,,4.0,Cal Raleigh lines out to left fielder Anthony Santander.,R,L,R,SEA,BAL,X,7.0,line_drive,2,2,2022,0.17,0.63,-0.33,2.78,,,,0,2,Bot,90.26,85.84,,,,,5.603928302996274,-131.4803248497899,-2.7874952473832537,0.7496611269286865,27.668110983396705,-24.45317005352895,3.42,1.63,296.0,89.7,21.0,90.0,2365.0,6.1,662151,668939,641820,596059,660620,622761,623993,656775,669720,54.43,0.305,0.317,0.0,1.0,0.0,0.0,3.0,14,6,Cutter,0,0,0,0,0,0,0,0,Infield shift,Standard,193.0,-0.021,-0.218,,,0.432,0.218,89.7,0,0,0.549,0.549,30,25,30,26,1,0,5.0,1.0,6.0,1.0,2.16,-0.17,0.17,31.9,,,,,
FF,2022-06-29,94.3,-0.59,6.47,"Raleigh, Cal",663728,641329,sac_fly,hit_into_play,,,,,3.0,Cal Raleigh out on a sacrifice fly to right fielder Austin Hays.   Eugenio Suarez scores.,R,L,R,SEA,BAL,X,9.0,fly_ball,2,1,2022,0.05,1.52,0.36,3.5,553993.0,,467793.0,1,4,Bot,159.35,84.55,,,,,2.3505406779108973,-137.35534286089197,-5.436012374247608,0.1383402191860814,29.20728016157368,-11.972934312394727,3.42,1.63,296.0,97.5,45.0,94.9,2237.0,6.5,662151,668939,641820,596059,660620,622761,623993,656775,669720,54.03,0.021,0.038,0.0,1.0,0.0,0.0,3.0,40,4,4-Seam Fastball,8,1,8,1,1,9,9,1,Infield shift,Standard,191.0,0.002,-0.202,,,0.07,0.202,97.5,7,7,0.986,0.986,27,25,28,26,1,2,4.0,1.0,5.0,1.0,1.03,-0.05,0.05,58.9,,,,,
CH,2022-06-28,85.2,-2.74,5.64,"Raleigh, Cal",663728,665152,field_out,hit_into_play,,,,,4.0,"Cal Raleigh grounds out, second baseman Rougned Odor to first baseman Ryan Mountcastle.",R,L,R,SEA,BAL,X,4.0,ground_ball,0,0,2022,-1.25,0.41,-0.42,2.77,,,,0,5,Bot,149.55,139.56,,,,,7.981315962352731,-123.9354487682684,-1.2958446218541793,-14.404303878629957,23.30549668020599,-27.856614684983512,3.41,1.62,7.0,106.4,-21.0,85.7,1599.0,6.5,662186,455139,663624,596059,663527,622761,623993,656775,669720,53.99,0.179,0.156,0.0,1.0,0.0,0.0,2.0,35,1,Changeup,0,0,0,0,0,0,0,0,Infield shift,Standard,245.0,-0.03,-0.247,,,0.191,0.247,106.4,0,0,0.567,0.567,26,25,26,26,2,1,5.0,1.0,6.0,1.0,2.71,1.25,-1.25,32.7,,,,,
FF,2022-06-28,95.3,-2.65,5.64,"Raleigh, Cal",663728,665152,field_out,hit_into_play,,,,,4.0,Cal Raleigh flies out sharply to center fielder Cedric Mullins.,R,L,R,SEA,BAL,X,8.0,fly_ball,1,1,2022,-0.86,1.39,-0.4,2.63,553993.0,,,2,2,Bot,107.1,40.23,,,,,7.867524514438643,-138.4767483124959,-5.402660339316983,-12.805855546318764,30.9733762958055,-13.232777204863268,3.41,1.62,394.0,105.4,28.0,95.4,2238.0,6.5,662186,455139,663624,596059,663527,622761,623993,656775,669720,54.05,0.84025,1.697659090909091,0.0,1.0,0.0,0.0,6.0,15,3,4-Seam Fastball,0,0,0,0,0,0,0,0,Infield shift,Standard,218.0,-0.038,-0.283,,,3.3208863636363635,0.283,105.4,0,0,0.538,0.538,26,25,26,26,1,0,5.0,1.0,6.0,1.0,1.13,0.86,-0.86,35.9,,,,,
CH,2022-06-27,86.8,-0.93,6.75,"Raleigh, Cal",663728,669330,home_run,hit_into_play,,,,,11.0,Cal Raleigh homers (10) on a fly ball to right center field.,R,L,R,SEA,BAL,X,,fly_ball,3,2,2022,-1.25,1.27,-0.04,3.97,,,,2,5,Bot,200.08,56.97,,,,,4.70352331334854,-126.38591199339622,-3.103580273435564,-14.314657644396537,25.377170471200944,-18.08556102911369,3.41,1.62,395.0,101.0,24.0,87.2,2280.0,6.5,662168,668939,663624,596059,660620,622761,623993,656775,669720,54.02,0.5203428571428572,0.902285714285714,2.0,1.0,0.0,3.0,6.0,41,7,Changeup,0,7,0,7,7,1,1,7,Infield shift,Standard,212.0,0.013,2.549,,,1.692771428571428,-2.549,101.0,-7,-7,0.017,0.017,27,25,28,26,2,1,5.0,1.0,6.0,1.0,1.74,1.25,-1.25,51.4,,,,,
FF,2022-06-27,93.3,2.14,5.95,"Raleigh, Cal",663728,669211,field_out,hit_into_play,,,,,12.0,Cal Raleigh flies out to center fielder Cedric Mullins.,R,R,L,SEA,BAL,X,8.0,fly_ball,0,2,2022,1.04,1.47,0.73,4.42,,,,2,9,Bot,113.49,68.44,,,,,-5.854449001499704,-135.71141744751193,-1.403912036511081,14.103268777533374,30.18699571663292,-13.90459249780866,3.41,1.62,348.0,90.1,26.0,92.5,2329.0,5.8,662168,668939,663624,621006,660620,622761,663630,656775,669720,54.65,0.097,0.11,0.0,1.0,0.0,0.0,3.0,74,3,4-Seam Fastball,2,9,2,9,9,2,2,9,Standard,Standard,141.0,-0.001,-0.153,,,0.182,0.153,90.1,-7,-7,0.001,0.001,27,25,27,26,2,3,6.0,1.0,6.0,1.0,1.15,1.04,-1.04,40.3,,,,,
FF,2022-06-27,94.3,-0.95,6.9,"Raleigh, Cal",663728,669330,field_out,hit_into_play,,,,,1.0,Cal Raleigh pops out to third baseman Jonathan Arauz.,R,L,R,SEA,BAL,X,5.0,popup,1,0,2022,-0.65,1.6,-0.52,3.12,,,,2,2,Bot,72.93,142.46,,,,,2.574596313318703,-137.12849613571484,-7.670826057374208,-8.758330586436848,32.003667748837834,-10.458679046518276,3.41,1.62,169.0,85.2,64.0,94.1,2525.0,6.3,662168,668939,663624,596059,660620,622761,623993,656775,669720,54.17,0.008,0.01,0.0,1.0,0.0,0.0,3.0,17,2,4-Seam Fastball,0,2,0,2,2,0,0,2,Infield shift,Standard,200.0,-0.012,-0.296,,,0.014,0.296,88.0,-2,-2,0.3,0.3,27,25,28,26,1,0,5.0,1.0,6.0,1.0,0.98,0.65,-0.65,52.5,,,,,
FF,2022-06-25,93.6,1.35,6.1,"Raleigh, Cal",663728,663776,double,hit_into_play,,,,,8.0,Cal Raleigh doubles (6) on a sharp fly ball to left fielder Brandon Marsh.,R,R,L,LAA,SEA,X,7.0,fly_ball,3,1,2022,0.54,1.32,-0.08,2.15,,,,0,4,Top,31.39,85.38,,,,,-4.863540053259177,-136.0287669470311,-7.26683592296293,7.760028127975599,31.62809077011641,-14.401950560716864,3.38,1.61,363.0,102.8,25.0,93.0,1992.0,6.1,663441,435559,665120,650859,642180,623205,669016,545361,621493,54.37,0.5999302325581396,1.1181627906976743,1.25,1.0,1.0,1.0,6.0,30,5,4-Seam Fastball,1,1,1,1,1,1,1,1,Standard,Standard,148.0,-0.056,0.535,,,2.126813953488372,-0.535,102.8,0,0,0.482,0.518,25,25,26,26,2,1,7.0,1.0,7.0,1.0,1.3,0.54,-0.54,46.8,,,,,
CH,2022-06-25,82.4,1.6,6.04,"Raleigh, Cal",663728,663776,single,hit_into_play,,,,,12.0,Cal Raleigh singles on a pop up to right fielder Taylor Ward.   Justin Upton to 2nd.,R,R,L,LAA,SEA,X,9.0,popup,1,2,2022,1.14,0.78,1.32,3.29,,,457708.0,2,2,Top,169.16,124.77,,,,,-2.85243459521081,-120.05245018918008,-1.2562607844520826,11.593472554375602,23.256930163305764,-24.554947292786423,3.38,1.61,183.0,65.9,25.0,82.4,1589.0,6.2,663441,435559,665120,650859,642180,623205,669016,545361,621493,54.3,0.858,0.775,0.9,1.0,1.0,0.0,4.0,13,7,Changeup,0,1,1,0,1,0,1,0,Standard,Standard,116.0,-0.025,0.413,,,0.903,-0.413,88.0,-1,1,0.427,0.573,25,25,26,26,1,0,7.0,1.0,7.0,1.0,2.56,1.14,-1.14,46.3,,,,,
SI,2022-06-25,96.6,-3.31,5.46,"Raleigh, Cal",663728,665625,field_out,hit_into_play,,,,,1.0,Cal Raleigh flies out to center fielder Mike Trout.,R,L,R,LAA,SEA,X,8.0,fly_ball,1,2,2022,-1.03,0.57,-0.49,3.22,,,,2,9,Top,100.33,83.23,,,,,9.95032140091534,-140.43562635102663,-1.712158541742674,-15.847096367861791,30.84879697289221,-24.381490568538315,3.38,1.61,295.0,92.8,46.0,97.5,1925.0,6.8,663441,545358,665120,650859,676950,642180,656509,545361,621493,53.74,0.001,0.0,0.0,1.0,0.0,0.0,3.0,78,4,Sinker,3,5,5,3,5,3,5,3,Infield shift,Standard,242.0,0.004,-0.181,,,0.001,0.181,92.8,-2,2,0.091,0.909,25,25,25,26,1,4,49.0,1.0,3.0,1.0,1.87,1.03,-1.03,20.1,,,,,
FF,2022-06-25,94.0,2.29,5.27,"Raleigh, Cal",663728,650671,double,hit_into_play,,,,,4.0,Cal Raleigh doubles (7) on a ground ball to left fielder Brandon Marsh.   Taylor Trammell to 3rd.,R,R,L,LAA,SEA,X,7.0,ground_ball,0,0,2022,0.58,1.18,-0.72,2.35,,,666211.0,0,7,Top,43.78,111.53,,,,,-9.162332507405877,-136.51957059893772,-4.427036712079616,9.299638734633657,31.12150079764131,-16.678380221197557,3.38,1.61,10.0,96.6,-13.0,94.5,2054.0,6.8,663441,435559,665120,650859,676950,642180,669016,545361,621493,53.74,0.166,0.155,1.25,1.0,1.0,1.0,2.0,63,1,4-Seam Fastball,3,4,4,3,4,3,4,3,Standard,Standard,135.0,-0.105,0.705,,,0.166,-0.705,96.6,-1,1,0.27,0.73,26,25,27,26,1,3,4.0,1.0,4.0,1.0,1.42,0.58,-0.58,30.5,,,,,
CH,2022-06-24,85.9,-1.82,5.81,"Raleigh, Cal",663728,547179,field_out,hit_into_play,,,,,13.0,Cal Raleigh lines out to right fielder Taylor Ward.,R,L,R,LAA,SEA,X,9.0,line_drive,1,1,2022,-1.06,0.94,-0.89,1.88,,608385.0,553993.0,1,3,Top,179.69,104.99,,,,,4.297005449781132,-124.944507592107,-4.884880345856563,-11.938347735740788,26.057635144231675,-21.495506774174217,3.37,1.58,269.0,83.6,22.0,84.9,1961.0,5.8,663388,545358,665120,650859,622110,642180,669016,545361,621493,54.74,0.437,0.417,0.0,1.0,0.0,0.0,3.0,22,3,Changeup,0,1,1,0,1,0,1,0,Infield shift,Standard,235.0,0.042,-0.227,,,0.551,0.227,88.0,-1,1,0.352,0.648,30,25,30,26,2,1,7.0,2.0,7.0,1.0,2.16,1.06,-1.06,35.4,,,,,
FC,2022-06-22,86.5,-1.67,5.89,"Raleigh, Cal",663728,621112,field_out,hit_into_play,,,,,14.0,Cal Raleigh grounds out softly to first baseman Stephen Vogt.,R,L,R,ATH,SEA,X,3.0,ground_ball,1,1,2022,0.66,0.52,1.09,2.07,,,,0,4,Top,154.97,171.89,,,,,5.245285582620922,-125.84318599212466,-3.967782741042424,6.0024093093315,25.247410661379636,-26.01697246280576,3.36,1.6,7.0,54.2,-15.0,86.8,2477.0,6.5,662359,669221,519390,643393,681146,669397,664913,657656,640461,54.04,0.084,0.077,0.0,1.0,0.0,0.0,1.0,29,3,Cutter,0,3,3,0,3,0,3,0,Infield shift,Standard,151.0,0.012,-0.236,,,0.086,0.236,88.0,-3,3,0.187,0.813,28,25,29,26,2,1,6.0,1.0,5.0,2.0,2.52,-0.66,0.66,51.1,,,,,
SI,2022-06-22,92.7,-1.72,5.95,"Raleigh, Cal",663728,621112,home_run,hit_into_play,,,,,5.0,Cal Raleigh homers (9) on a fly ball to center field.,R,L,R,ATH,SEA,X,,fly_ball,3,1,2022,-1.29,1.06,0.05,2.16,,,,2,2,Top,119.99,31.04,,,,,7.340139415506442,-134.8013300729522,-6.251174267268336,-17.258542118652993,27.07486540458411,-18.064671254433353,3.36,1.6,416.0,103.0,30.0,93.2,2026.0,6.5,662359,669221,519390,643393,681146,669397,664913,657656,640461,54.05,0.6311372549019608,1.265019607843137,2.0,1.0,0.0,3.0,6.0,13,5,Sinker,0,1,1,0,2,0,2,0,Infield shift,Standard,207.0,-0.096,2.454,,,2.4568431372549018,-2.454,103.0,-1,1,0.429,0.571,28,25,29,26,1,0,6.0,1.0,5.0,2.0,1.58,1.29,-1.29,50.3,,,,,
EP,2022-06-22,50.2,-1.78,6.58,"Raleigh, Cal",663728,641914,field_out,hit_into_play,,,,,11.0,Cal Raleigh lines out to center fielder Cristian Pache.,R,L,R,ATH,SEA,X,8.0,line_drive,1,1,2022,-0.5,1.5,-0.8,3.99,,,,1,9,Top,104.16,56.82,,,,,1.8671127295344183,-72.90161993141666,5.071186429441277,-1.9996004258474596,8.290722547641638,-27.592015787803938,3.36,1.6,356.0,98.2,21.0,48.4,1281.0,4.2,662359,669221,519390,643393,681146,669397,664913,665506,640461,56.25,0.287,0.347,0.0,1.0,0.0,0.0,5.0,75,3,Eephus,0,9,9,0,9,0,9,0,Standard,Standard,226.0,0.0,-0.234,,,0.551,0.234,98.2,-9,9,0.001,0.999,27,25,28,26,1,4,,1.0,64.0,2.0,7.55,0.5,-0.5,33.0,,,,,
FF,2022-06-21,95.4,-1.67,5.8,"Raleigh, Cal",663728,670124,double,hit_into_play,,,,,2.0,"Umpire reviewed (tag play), call on the field was upheld: Cal Raleigh doubles (5) on a sharp line drive to right fielder Ramon Laureano.",R,L,R,ATH,SEA,X,9.0,line_drive,0,2,2022,-1.03,1.43,0.02,3.49,,,,2,8,Top,224.76,86.02,,,,,6.75689056044161,-138.70894070812284,-3.643912042799758,-14.798325109538734,32.23092618953571,-13.09410233274872,3.37,1.6,323.0,101.4,21.0,95.4,2259.0,6.4,662360,669221,542194,669397,641914,462101,640461,665506,657656,54.08,0.359090909090909,0.5765454545454546,1.25,1.0,1.0,1.0,5.0,65,5,4-Seam Fastball,2,7,7,2,7,2,7,2,Infield shift,Standard,222.0,-0.002,0.676,,,1.0238181818181815,-0.676,101.4,-5,5,0.021,0.979,27,25,28,26,1,3,7.0,2.0,6.0,1.0,1.08,1.03,-1.03,39.0,,,,,
CH,2022-06-19,82.2,1.17,5.91,"Raleigh, Cal",663728,670046,field_out,hit_into_play,,,,,9.0,"Cal Raleigh grounds out, shortstop Andrew Velazquez to first baseman Jared Walsh.",R,R,L,SEA,LAA,X,6.0,ground_ball,1,1,2022,1.03,0.54,0.59,1.83,664034.0,641487.0,608385.0,2,4,Bot,104.37,152.09,,,,,-3.2843367885395707,-119.68187167476376,-3.79681981436282,10.517571798079224,21.52432951845591,-26.456568445008585,3.39,1.59,16.0,79.8,-6.0,81.9,1552.0,5.9,662169,545358,665120,650859,642180,623205,669016,545361,621493,54.61,0.111,0.094,0.0,1.0,0.0,0.0,2.0,30,3,Changeup,0,2,0,2,2,0,0,2,Standard,Standard,131.0,-0.093,-0.245,,,0.134,0.245,88.0,-2,-2,0.342,0.342,26,25,27,26,2,1,19.0,1.0,,2.0,2.81,1.03,-1.03,45.2,,,,,
SL,2022-06-19,80.5,1.21,5.93,"Raleigh, Cal",663728,670046,field_out,hit_into_play,,,,,1.0,Cal Raleigh flies out to shortstop Andrew Velazquez.,R,R,L,SEA,LAA,X,6.0,fly_ball,1,2,2022,-0.78,-0.63,-0.67,3.14,,,,2,2,Bot,102.84,133.84,,,,,-2.6651515295366215,-117.21203555946862,1.6872305189739454,-6.680029762473533,22.765795388835333,-38.5611751044108,3.39,1.59,185.0,63.2,44.0,80.0,2321.0,6.0,662169,545358,665120,650859,642180,623205,669016,545361,621493,54.52,0.255,0.23,0.0,1.0,0.0,0.0,3.0,13,4,Slider,0,0,0,0,0,0,0,0,Strategic,Standard,315.0,-0.008,-0.181,,,0.255,0.181,88.0,0,0,0.508,0.508,26,25,27,26,1,0,19.0,1.0,,2.0,4.16,-0.78,0.78,47.0,,,,,
FF,2022-06-18,91.6,2.4,5.17,"Raleigh, Cal",663728,660761,single,hit_into_play,,,,,5.0,Cal Raleigh singles on a sharp line drive to center fielder Mike Trout.,R,R,L,SEA,LAA,X,8.0,line_drive,3,2,2022,0.6,1.27,-0.14,2.73,,,,2,2,Bot,94.57,68.15,,,,,-7.692582615923414,-133.27382180733733,-3.094813231887344,8.689135814982162,26.01183832126725,-16.475682326392985,3.39,1.59,249.0,100.3,13.0,91.7,2091.0,6.2,662170,545358,676950,650859,622110,623205,501571,545361,621493,54.34,0.889,0.876,0.9,1.0,1.0,0.0,4.0,17,6,4-Seam Fastball,0,0,0,0,0,0,0,0,Standard,Standard,130.0,0.011,0.259,,,1.12,-0.259,100.3,0,0,0.513,0.513,24,25,24,26,1,0,11.0,0.0,8.0,1.0,1.42,0.6,-0.6,35.3,,,,,
SL,2022-06-18,84.9,-2.23,4.93,"Raleigh, Cal",663728,623474,field_out,hit_into_play,,,,,5.0,Cal Raleigh pops out to third baseman Matt Duffy in foul territory.,R,L,R,SEA,LAA,X,5.0,popup,2,2,2022,-0.02,0.31,-0.26,2.76,,,,1,7,Bot,63.3,156.14,,,,,4.5429070802309885,-123.81374242139567,0.4288738764471421,-0.9462385784179628,20.114889398032556,-29.16269466125825,3.39,1.59,157.0,88.3,68.0,83.6,2723.0,4.9,662170,545358,665120,642180,622110,623205,669016,545361,621493,55.64,0.003,0.002,0.0,1.0,0.0,0.0,3.0,55,5,Slider,0,3,0,3,3,0,0,3,Infield shift,Standard,173.0,-0.017,-0.212,,,0.003,0.212,88.3,-3,-3,0.098,0.098,28,25,29,26,1,2,3.0,0.0,3.0,1.0,2.79,0.02,-0.02,0.4,,,,,
FF,2022-06-17,94.1,-2.2,5.41,"Raleigh, Cal",663728,547179,field_out,hit_into_play,,,,,5.0,Cal Raleigh flies out to left fielder Brandon Marsh.,R,L,R,SEA,LAA,X,7.0,fly_ball,0,0,2022,-1.09,1.08,-0.08,2.35,,608385.0,624428.0,1,4,Bot,86.68,130.37,,,,,7.816291980987574,-136.80059325236752,-4.547286097297744,-15.452576127920162,31.84018157807963,-17.81356814238885,3.37,1.59,199.0,90.1,59.0,92.9,2422.0,5.8,662171,545358,622110,650859,608686,623205,669016,501571,621493,54.75,0.013,0.016,0.0,1.0,0.0,0.0,3.0,31,1,4-Seam Fastball,3,0,3,0,0,3,3,0,Infield shift,Standard,235.0,-0.021,-0.24,,,0.023,0.24,90.1,3,3,0.878,0.878,30,25,30,26,2,1,6.0,1.0,7.0,1.0,1.51,1.09,-1.09,28.4,,,,,
CH,2022-06-17,86.3,-1.91,5.82,"Raleigh, Cal",663728,547179,home_run,hit_into_play,,,,,4.0,Cal Raleigh homers (8) on a fly ball to right center field.,R,L,R,SEA,LAA,X,,fly_ball,1,1,2022,-1.33,0.65,-0.64,2.3,,,,2,2,Bot,193.95,68.5,,,,,5.645920426796153,-125.5520834255064,-3.3929415705369266,-15.193695482806511,27.714187826802956,-24.80044189707491,3.37,1.59,364.0,95.4,31.0,85.0,1878.0,5.7,662171,545358,622110,650859,608686,623205,669016,501571,621493,54.81,0.305,0.595,2.0,1.0,0.0,3.0,5.0,16,3,Changeup,1,0,1,0,0,2,2,0,Infield shift,Standard,240.0,0.099,2.61,,,1.172,-2.61,95.4,1,1,0.621,0.621,30,25,30,26,1,0,6.0,1.0,7.0,1.0,2.43,1.33,-1.33,36.9,,,,,
KN,2022-06-17,60.9,-2.06,5.81,"Raleigh, Cal",663728,608686,field_out,hit_into_play,,,,,2.0,Cal Raleigh flies out to left fielder Brandon Marsh.,R,L,R,SEA,LAA,X,7.0,fly_ball,1,1,2022,0.42,0.58,-0.04,3.37,,,,1,8,Bot,86.36,71.22,,,,,2.708364247117036,-88.44721214676352,3.979005498010946,1.6880735952163053,15.801807892430071,-30.18943260919951,3.37,1.59,331.0,93.8,38.0,58.6,230.0,4.8,662171,545358,622110,650859,642180,623205,669016,501571,621493,55.69,0.068,0.116,0.0,1.0,0.0,0.0,3.0,64,3,Knuckleball,8,1,8,1,1,8,8,1,Infield shift,Standard,213.0,0.0,-0.234,,,0.215,0.234,93.8,7,7,0.999,0.999,31,25,32,26,1,3,,1.0,,1.0,5.72,-0.42,0.42,35.7,,,,,
SL,2022-06-17,83.9,-1.99,5.41,"Raleigh, Cal",663728,681810,double,hit_into_play,,,,,9.0,Cal Raleigh doubles (4) on a sharp fly ball to right fielder Taylor Ward.,R,L,R,SEA,LAA,X,9.0,fly_ball,0,0,2022,0.53,-0.5,0.44,1.82,,,,0,6,Bot,222.32,105.71,,,,,4.5806055835814385,-122.09159393138496,-0.8685774476977965,4.286016316063492,25.57099510396213,-37.184961654163565,3.37,1.59,328.0,112.2,22.0,83.6,2614.0,6.2,662171,545358,622110,650859,608686,623205,669016,501571,621493,54.27,0.96625,1.894166666666667,1.25,1.0,1.0,1.0,6.0,46,1,Slider,7,0,7,0,0,7,7,0,Infield shift,Standard,65.0,0.002,0.706,,,3.6651666666666665,-0.706,112.2,7,7,0.993,0.993,26,25,26,26,1,2,2.0,1.0,25.0,1.0,3.75,-0.53,0.53,37.1,,,,,
ST,2022-06-16,82.8,-2.4,5.94,"Raleigh, Cal",663728,660271,field_out,hit_into_play,,,,,4.0,Cal Raleigh flies out to right fielder Taylor Ward.,R,L,R,SEA,LAA,X,9.0,fly_ball,1,1,2022,0.92,0.47,-0.4,2.3,,,553993.0,0,4,Bot,142.72,108.99,,,,,2.8009999390374256,-120.719271395863,-2.8327858252500047,8.619687072416204,21.126779156516793,-27.261802438488317,3.37,1.59,230.0,95.7,54.0,84.1,2246.0,6.8,662172,545358,665120,650859,622110,642180,669016,545361,621493,53.69,0.008,0.009,0.0,1.0,0.0,0.0,3.0,32,3,Sweeper,0,2,0,2,2,0,0,2,Infield shift,Standard,60.0,-0.042,-0.225,,,0.013,0.225,95.7,-2,-2,0.357,0.357,27,25,28,26,2,1,7.0,2.0,6.0,1.0,2.82,-0.92,0.92,38.4,,,,,
ST,2022-06-16,85.0,-2.64,5.89,"Raleigh, Cal",663728,660271,field_out,hit_into_play,,,,,7.0,Cal Raleigh grounds out to first baseman Jared Walsh.,R,L,R,SEA,LAA,X,3.0,ground_ball,3,2,2022,1.03,0.64,-0.4,1.99,608385.0,553993.0,,2,1,Bot,158.1,168.31,,,,,3.2061006046214535,-123.73312109964633,-4.147684643965745,10.02530090335686,23.54612108023427,-24.996680439233614,3.37,1.59,38.0,95.6,-1.0,85.9,2481.0,6.8,662172,545358,665120,650859,622110,642180,669016,545361,621493,53.75,0.342,0.305,0.0,1.0,0.0,0.0,2.0,9,6,Sweeper,0,0,0,0,0,0,0,0,Infield shift,Standard,69.0,-0.058,-0.243,,,0.393,0.243,95.6,0,0,0.558,0.558,27,25,28,26,1,0,7.0,2.0,6.0,1.0,2.5,-1.03,1.03,37.2,,,,,
FF,2022-06-14,89.3,-2.27,5.01,"Raleigh, Cal",663728,657746,single,hit_into_play,,,,,8.0,"Cal Raleigh singles on a ground ball to left fielder Trevor Larnach, deflected by third baseman Gio Urshela.",R,L,R,SEA,MIN,X,5.0,ground_ball,0,0,2022,-0.81,1.14,0.1,1.78,,,,2,4,Bot,78.0,132.82,,,,,7.570333358570664,-129.84871345546108,-4.299454325599534,-10.836783734848334,28.468827646722566,-18.606645382789583,3.36,1.6,98.0,62.6,10.0,89.4,2040.0,6.5,662125,680777,669304,650333,570482,621043,663616,665482,596146,54.03,0.205,0.186,0.9,1.0,1.0,0.0,2.0,29,1,4-Seam Fastball,2,0,2,0,0,2,2,0,Infield shift,Strategic,221.0,0.008,0.305,,,0.213,-0.305,88.0,2,2,0.759,0.759,26,25,26,26,2,1,24.0,1.0,7.0,2.0,1.74,0.81,-0.81,24.6,,,,,
CH,2022-06-14,82.9,1.4,5.75,"Raleigh, Cal",663728,663558,field_out,hit_into_play,,,,,9.0,Cal Raleigh pops out to second baseman Luis Arraez.,R,R,L,SEA,MIN,X,4.0,popup,1,2,2022,1.18,0.82,0.39,1.5,,,,2,8,Bot,143.69,130.77,,,,,-4.660198108299077,-120.7149513922858,-4.90628392085577,12.418185370479128,22.433139288268407,-23.4165847587028,3.36,1.6,179.0,76.2,57.0,83.8,1658.0,6.7,662125,680777,669304,650333,570482,621043,663616,665482,596146,53.78,0.087,0.104,0.0,1.0,0.0,0.0,3.0,61,4,Changeup,5,0,5,0,0,5,5,0,Standard,Standard,145.0,0.0,-0.181,,,0.137,0.181,88.0,5,5,0.994,0.994,25,25,25,26,1,3,5.0,1.0,14.0,2.0,2.48,1.18,-1.18,48.3,,,,,
FF,2022-06-14,91.3,-2.34,5.01,"Raleigh, Cal",663728,657746,field_out,hit_into_play,,,,,1.0,"Cal Raleigh grounds out sharply, shortstop Carlos Correa to first baseman Jose Miranda.",R,L,R,SEA,MIN,X,6.0,ground_ball,0,2,2022,-1.0,1.13,-0.75,3.2,,,,1,2,Bot,143.28,134.89,,,,,6.176175597844827,-132.8636320109493,-1.0846635403561886,-13.14421285605025,29.18601001114429,-18.801767738390353,3.36,1.6,25.0,103.6,-6.0,91.6,2077.0,6.5,662125,680777,669304,650333,570482,621043,663616,665482,596146,54.0,0.308,0.28,0.0,1.0,0.0,0.0,2.0,12,4,4-Seam Fastball,0,0,0,0,0,0,0,0,Infield shift,Strategic,222.0,-0.011,-0.159,,,0.322,0.159,103.6,0,0,0.522,0.522,26,25,26,26,1,0,24.0,1.0,7.0,2.0,1.61,1.0,-1.0,26.2,,,,,
KC,2022-06-14,80.1,-1.65,6.54,"Raleigh, Cal",663728,656730,field_out,hit_into_play,,,,,5.0,Cal Raleigh flies out to left fielder Trevor Larnach.,R,L,R,SEA,MIN,X,7.0,fly_ball,0,0,2022,0.78,-1.28,0.01,2.77,,,,1,6,Bot,87.68,64.36,,,,,2.1886803094518053,-116.59754444168978,0.8399446699005899,6.662914480054164,23.186681054865073,-44.2145563652939,3.36,1.6,347.0,94.6,28.0,79.9,2667.0,6.3,662125,680777,669304,650333,570482,621043,663616,665482,596146,54.23,0.2789999999999999,0.5076666666666667,0.0,1.0,0.0,0.0,5.0,46,1,Knuckle Curve,4,0,4,0,0,4,4,0,Infield shift,Standard,28.0,-0.004,-0.246,,,0.9733333333333332,0.246,94.6,4,4,0.947,0.947,28,25,29,26,1,2,3.0,1.0,21.0,2.0,4.85,-0.78,0.78,48.3,,,,,
CH,2022-06-13,85.0,-1.69,6.19,"Raleigh, Cal",663728,502042,double,hit_into_play,,,,,7.0,Cal Raleigh doubles (3) on a line drive to right fielder Max Kepler.,R,L,R,SEA,MIN,X,9.0,line_drive,0,0,2022,-1.17,0.66,-0.34,2.1,,,,2,4,Bot,181.82,57.68,,,,,5.527725742420882,-123.66804422567957,-4.59939395780528,-13.149947605964885,24.178116149046257,-24.699327891893777,3.44,1.63,344.0,98.9,19.0,85.0,1706.0,6.2,662126,596142,669304,650333,570482,621043,663616,665482,596146,54.26,0.337,0.398,1.25,1.0,1.0,1.0,4.0,35,1,Changeup,1,2,1,2,2,1,1,2,Infield shift,Strategic,226.0,0.03,0.573,,,0.613,-0.573,98.9,-1,-1,0.376,0.376,33,25,34,26,2,1,5.0,2.0,6.0,1.0,2.49,1.17,-1.17,50.2,,,,,
SL,2022-06-13,88.0,-1.52,6.39,"Raleigh, Cal",663728,502042,field_out,hit_into_play,,,,,7.0,Cal Raleigh lines out to left fielder Trevor Larnach.,R,L,R,SEA,MIN,X,7.0,line_drive,3,2,2022,0.67,0.2,-0.31,1.92,,,624428.0,2,2,Bot,82.57,91.76,,,,,1.5626231800118138,-128.1726850467052,-5.235999611182782,7.174984381852776,23.690570103146964,-29.189422902104376,3.44,1.63,316.0,99.8,19.0,88.3,2460.0,6.2,662126,596142,669304,650333,570482,621043,663616,665482,596146,54.28,0.342,0.378,0.0,1.0,0.0,0.0,5.0,18,7,Slider,0,2,0,2,2,0,0,2,Infield shift,Standard,152.0,-0.028,-0.305,,,0.597,0.305,99.8,-2,-2,0.316,0.316,33,25,34,26,1,0,5.0,2.0,6.0,1.0,2.71,-0.67,0.67,56.2,,,,,
FS,2022-06-13,88.5,-1.57,5.55,"Raleigh, Cal",663728,641941,field_out,hit_into_play,,,,,4.0,"Cal Raleigh grounds out sharply, second baseman Luis Arraez to first baseman Jose Miranda.",R,L,R,SEA,MIN,X,4.0,ground_ball,0,0,2022,-0.8,1.04,-0.53,2.29,,,,0,9,Bot,166.21,147.52,,,,,4.2236248905274225,-128.8621120235582,-4.103488887016901,-9.736075136529244,26.113796415200262,-19.96072116493466,3.44,1.63,19.0,101.3,-6.0,89.3,1401.0,6.7,662126,596142,669304,650333,570482,621043,663616,665482,596146,53.78,0.255,0.233,0.0,1.0,0.0,0.0,2.0,74,1,Split-Finger,2,3,2,3,3,2,2,3,Infield shift,Strategic,220.0,-0.089,-0.247,,,0.262,0.247,101.3,-1,-1,0.204,0.204,31,25,31,26,1,3,2.0,2.0,8.0,1.0,1.86,0.8,-0.8,42.0,,,,,
CH,2022-06-11,83.9,-1.42,6.72,"Raleigh, Cal",663728,608379,field_out,hit_into_play,,,,,5.0,"Cal Raleigh grounds out softly, third baseman Rafael Devers to first baseman Bobby Dalbec.",R,L,R,SEA,BOS,X,5.0,ground_ball,1,1,2022,-0.85,1.1,0.06,2.88,,,,2,3,Bot,121.91,164.57,,,,,5.144240880816264,-122.05449508093147,-4.738937975044667,-9.509174119777022,21.87623584764897,-20.388846000192792,3.49,1.64,2.0,52.6,-57.0,84.8,1559.0,6.7,662128,543877,666915,596115,646240,593428,657077,598265,614173,53.84,0.221,0.201,0.0,1.0,0.0,0.0,1.0,32,3,Changeup,4,3,4,3,3,4,4,3,Infield shift,Standard,237.0,-0.009,-0.241,,,0.221,0.241,88.0,1,1,0.632,0.632,30,25,31,26,2,1,5.0,1.0,6.0,2.0,2.11,0.85,-0.85,54.1,,,,,
CH,2022-06-11,83.1,-1.53,6.62,"Raleigh, Cal",663728,608379,field_out,hit_into_play,,,,,1.0,"Cal Raleigh grounds out sharply, shortstop Xander Bogaerts to first baseman Bobby Dalbec.",R,L,R,SEA,BOS,X,6.0,ground_ball,1,1,2022,-1.06,1.18,-0.39,2.94,,,,0,2,Bot,140.36,146.0,,,,,4.711226439794912,-120.97238592133496,-4.289381920610244,-11.317150152162473,23.43102234629629,-19.985713750128347,3.49,1.64,79.0,107.5,3.0,83.6,1419.0,6.6,662128,543877,666915,596115,646240,593428,657077,598265,614173,53.94,0.521,0.469,0.0,1.0,0.0,0.0,4.0,20,3,Changeup,2,3,2,3,3,2,2,3,Infield shift,Standard,243.0,-0.024,-0.236,,,0.55,0.236,107.5,-1,-1,0.442,0.442,30,25,31,26,1,0,5.0,1.0,6.0,2.0,2.12,1.06,-1.06,53.3,,,,,
CU,2022-06-10,71.1,1.63,5.71,"Raleigh, Cal",663728,448179,field_out,hit_into_play,,,,,12.0,Cal Raleigh pops out to second baseman Trevor Story.,R,R,L,SEA,BOS,X,4.0,popup,0,0,2022,-1.64,-0.93,0.86,2.76,,620443.0,,0,5,Bot,162.67,156.65,,,,,1.2280355724802845,-103.3188013427616,3.4966265585134364,-11.775546219356531,21.078547035551463,-39.70109745061576,3.49,1.64,150.0,76.9,60.0,70.0,2620.0,6.0,662129,543877,666915,596115,646240,593428,614173,598265,608701,54.47,0.037,0.037,0.0,1.0,0.0,0.0,3.0,41,1,Curveball,0,2,0,2,2,0,0,2,Infield shade,Standard,304.0,-0.058,-0.257,,,0.049,0.257,88.0,-2,-2,0.372,0.372,42,25,42,26,2,1,5.0,2.0,6.0,1.0,5.54,-1.64,1.64,36.6,,,,,
CH,2022-06-10,87.4,1.96,5.49,"Raleigh, Cal",663728,621381,single,hit_into_play,,,,,6.0,"Cal Raleigh singles on a ground ball to center fielder Jackie Bradley Jr. , deflected by second baseman Trevor Story.   Abraham Toro scores.    Sam Haggerty to 3rd.",R,R,L,SEA,BOS,X,4.0,ground_ball,0,0,2022,1.57,0.47,0.42,2.48,,647351.0,664059.0,2,8,Bot,122.05,110.72,,,,,-6.929264715730917,-127.16852094947043,-2.065651549590255,18.49329818230708,26.345273615305945,-26.82043595356399,3.49,1.64,143.0,75.3,14.0,87.3,1837.0,6.3,662129,543877,666915,596115,646240,593428,614173,598265,608701,54.24,0.482,0.433,0.9,1.0,1.0,0.0,4.0,70,1,Changeup,2,4,2,4,4,3,3,4,Standard,Standard,122.0,0.143,0.537,,,0.501,-0.537,88.0,-2,-2,0.164,0.164,30,25,31,26,1,3,2.0,2.0,1.0,1.0,2.51,1.57,-1.57,33.6,,,,,
FF,2022-06-08,94.0,-0.98,6.37,"Raleigh, Cal",663728,664353,home_run,hit_into_play,,,,,3.0,Cal Raleigh homers (7) on a fly ball to right center field. Abraham Toro scores.,R,L,R,HOU,SEA,X,,fly_ball,1,1,2022,-1.02,1.57,0.32,3.55,,,647351.0,1,4,Top,175.83,40.18,,,,,5.56808903447348,-136.58403833913724,-4.9502235475289025,-14.022914706268285,33.321572189212894,-11.634218939953934,3.5,1.66,386.0,101.9,32.0,92.6,2214.0,5.8,662760,455117,493329,514888,608324,649557,670541,642350,663656,54.72,0.5389666666666668,1.087066666666667,2.0,1.0,0.0,3.0,6.0,33,3,4-Seam Fastball,3,1,1,3,3,3,3,3,Infield shift,Standard,203.0,-0.201,1.472,,,2.1225,-1.472,101.9,2,-2,0.728,0.272,27,25,27,26,2,1,5.0,1.0,6.0,2.0,1.04,1.02,-1.02,52.6,,,,,
CH,2022-06-08,86.3,-1.76,6.24,"Raleigh, Cal",663728,656232,field_out,hit_into_play,,,,,4.0,Cal Raleigh flies out to right fielder Kyle Tucker. Taylor Trammell to 3rd.,R,L,R,HOU,SEA,X,9.0,fly_ball,1,0,2022,-1.36,0.24,-0.36,2.27,,666211.0,,0,8,Top,199.77,100.12,,,,,5.978839312673572,-125.38960785350538,-3.557092725824183,-15.58957474147795,29.003483392829352,-29.033058400497268,3.5,1.66,304.0,86.3,37.0,84.4,1722.0,5.4,662760,455117,493329,514888,608324,649557,670541,642350,663656,55.06,0.011,0.014,0.0,1.0,0.0,0.0,3.0,67,2,Changeup,3,5,5,3,5,3,5,3,Infield shift,Standard,230.0,0.003,-0.297,,,0.023,0.297,88.0,-2,2,0.101,0.899,26,25,26,26,2,3,,1.0,7.0,2.0,2.86,1.36,-1.36,41.3,,,,,
FF,2022-06-08,92.0,-1.38,6.31,"Raleigh, Cal",663728,664353,field_out,hit_into_play,,,,,11.0,Cal Raleigh flies out to left fielder Yordan Alvarez.,R,L,R,HOU,SEA,X,7.0,fly_ball,0,0,2022,-0.84,1.52,-0.65,3.67,,,,0,3,Top,64.7,109.95,,,,,3.662329764172068,-133.82779629134882,-4.044947872897815,-10.947937056679566,32.54961330744199,-13.345688655259204,3.5,1.66,269.0,88.3,48.0,90.9,2068.0,5.9,662760,455117,493329,514888,608324,649557,670541,642350,663656,54.58,0.005,0.005,0.0,1.0,0.0,0.0,3.0,18,1,4-Seam Fastball,1,0,0,1,0,1,0,1,Infield shift,Standard,207.0,0.026,-0.247,,,0.005,0.247,88.3,1,-1,0.612,0.388,27,25,27,26,1,0,5.0,1.0,6.0,2.0,1.2,0.84,-0.84,55.4,,,,,
FF,2022-06-08,92.5,-1.32,6.41,"Raleigh, Cal",663728,656232,field_out,hit_into_play,,,,,8.0,"Cal Raleigh grounds out, second baseman Jose Altuve to first baseman Yuli Gurriel.",R,L,R,HOU,SEA,X,4.0,ground_ball,0,0,2022,-0.59,1.13,0.24,1.74,,,,0,6,Top,154.61,151.15,,,,,5.171696388087128,-134.47862230943758,-8.435812697705748,-8.271956262249356,28.852222584418698,-16.827464898260075,3.5,1.66,43.0,105.0,0.0,91.2,2379.0,5.5,662760,455117,493329,514888,608324,649557,670541,642350,663656,55.0,0.476,0.432,0.0,1.0,0.0,0.0,4.0,50,1,4-Seam Fastball,3,5,5,3,5,3,5,3,Infield shift,Standard,216.0,0.017,-0.247,,,0.516,0.247,105.0,-2,2,0.221,0.779,26,25,26,26,1,2,,1.0,7.0,2.0,1.54,0.59,-0.59,48.9,,,,,
SL,2022-06-07,88.4,-1.63,7.06,"Raleigh, Cal",663728,434378,field_out,hit_into_play,,,,,8.0,"Cal Raleigh grounds out, first baseman Yuli Gurriel to pitcher Justin Verlander.",R,L,R,HOU,SEA,X,3.0,ground_ball,0,2,2022,0.37,0.81,-0.09,1.9,,,,0,5,Top,152.18,160.25,,,,,2.9658285057146423,-128.62227898867997,-8.22957404172227,3.606101212238243,23.421682421118177,-21.811395417704333,3.5,1.66,16.0,92.7,-6.0,88.6,2519.0,6.1,662761,488771,493329,514888,608324,665161,488726,642350,663656,54.38,0.205,0.181,0.0,1.0,0.0,0.0,2.0,35,4,Slider,2,1,1,2,1,2,1,2,Infield shift,Standard,200.0,0.021,-0.157,,,0.257,0.157,92.7,1,-1,0.649,0.351,39,25,39,26,2,1,6.0,1.0,5.0,1.0,2.08,-0.37,0.37,51.5,,,,,
CU,2022-06-07,80.0,-0.27,6.23,"Raleigh, Cal",663728,519151,field_out,hit_into_play,,,,,5.0,Cal Raleigh lines out sharply to first baseman Yuli Gurriel.,R,L,R,HOU,SEA,X,3.0,line_drive,1,0,2022,1.15,-1.16,0.08,2.39,,,,1,9,Top,165.47,150.18,,,,,-1.363720383718534,-116.33868287191424,0.6073788358836998,10.54690958016097,27.08058487395136,-42.96710866772957,3.5,1.66,159.0,107.1,9.0,78.5,3248.0,5.8,662761,488771,493329,514888,608324,665161,488726,642350,663656,54.69,0.75,0.72,0.0,1.0,0.0,0.0,4.0,71,2,Curveball,4,1,1,4,1,4,1,4,Infield shift,Standard,25.0,0.013,-0.282,,,0.917,0.282,107.1,3,-3,0.983,0.017,33,25,34,26,1,3,2.0,1.0,5.0,1.0,4.8,-1.15,1.15,54.1,,,,,
FF,2022-06-06,92.5,-1.48,5.69,"Raleigh, Cal",663728,664299,single,hit_into_play,,,,,4.0,Cal Raleigh singles on a sharp ground ball to right fielder Kyle Tucker. Adam Frazier scores.,R,L,R,HOU,SEA,X,9.0,ground_ball,2,1,2022,-0.73,1.55,-0.55,2.63,,624428.0,,2,4,Top,183.11,95.36,,,,,3.9528467047631377,-134.48478760436345,-5.2889861292560685,-9.782256019832456,31.114605287399822,-12.462541088382572,3.51,1.67,66.0,101.3,2.0,91.5,2261.0,5.9,662762,455117,493329,514888,608324,665161,670541,676801,663656,54.59,0.511,0.485,0.9,1.0,1.0,0.0,4.0,35,4,4-Seam Fastball,4,4,4,4,5,4,5,4,Infield shift,Standard,212.0,-0.114,0.65,,,0.588,-0.65,101.3,0,0,0.518,0.482,25,25,25,26,2,1,6.0,1.0,7.0,1.0,1.13,0.73,-0.73,31.8,,,,,
KC,2022-06-06,76.5,-1.5,5.81,"Raleigh, Cal",663728,664299,home_run,hit_into_play,,,,,6.0,Cal Raleigh homers (6) on a fly ball to right field. Adam Frazier scores. Dylan Moore scores.,R,L,R,HOU,SEA,X,,fly_ball,0,1,2022,0.85,-0.61,0.39,2.49,,624428.0,664238.0,1,2,Top,203.83,73.71,,,,,2.4458576656135023,-111.44878893762294,1.1312603435948927,6.5806104959883935,20.857456455830892,-37.690302980629326,3.51,1.67,364.0,99.4,27.0,76.0,2885.0,5.9,662762,455117,493329,514888,608324,665161,670541,676801,663656,54.57,0.4676538461538461,0.8634999999999999,2.0,1.0,0.0,3.0,6.0,14,2,Knuckle Curve,1,1,1,1,4,1,4,1,Infield shift,Standard,40.0,-0.229,1.242,,,1.6384615384615384,-1.242,99.4,0,0,0.465,0.5349999999999999,25,25,25,26,1,0,6.0,1.0,7.0,1.0,4.51,-0.85,0.85,35.8,,,,,
CU,2022-06-06,80.2,1.47,5.52,"Raleigh, Cal",663728,656786,field_out,hit_into_play,,,,,7.0,"Cal Raleigh grounds out, third baseman Alex Bregman to first baseman Yuli Gurriel.",R,R,L,HOU,SEA,X,5.0,ground_ball,1,1,2022,-0.88,-1.18,-0.32,1.78,,,666211.0,2,6,Top,112.76,172.98,,,,,-2.2841742740897977,-116.67791561560972,0.7631270275529418,-7.452581526983488,24.994987805714093,-43.2617608304831,3.51,1.67,9.0,93.5,-12.0,79.5,2632.0,6.1,662762,455117,493329,514888,608324,665161,670541,676801,663656,54.4,0.147,0.134,0.0,1.0,0.0,0.0,2.0,52,3,Curveball,4,5,5,4,5,4,5,4,Infield shift,Standard,323.0,0.025,-0.248,,,0.157,0.248,93.5,-1,1,0.371,0.629,26,25,27,26,1,2,33.0,1.0,47.0,1.0,4.77,-0.88,0.88,47.4,,,,,
FS,2022-06-06,83.9,-1.35,6.11,"Raleigh, Cal",663728,593576,field_out,hit_into_play,,,,,7.0,Cal Raleigh lines out to first baseman Yuli Gurriel.,R,L,R,HOU,SEA,X,3.0,line_drive,0,2,2022,-0.72,0.01,-0.29,1.98,,,,0,9,Top,164.09,156.95,,,,,3.875125962508162,-122.10681271849606,-3.160752869011114,-8.000595835561853,24.631236278313196,-31.674815809806173,3.51,1.67,144.0,94.9,9.0,83.5,1161.0,6.0,662762,488771,493329,514888,608324,665161,670541,676801,663656,54.46,0.629,0.599,0.0,1.0,0.0,0.0,4.0,72,3,Split-Finger,4,5,5,4,5,4,5,4,Infield shift,Standard,249.0,0.01,-0.157,,,0.724,0.157,94.9,-1,1,0.171,0.829,33,25,33,26,1,3,1.0,1.0,4.0,1.0,3.24,0.72,-0.72,38.3,,,,,
CU,2022-06-05,81.6,-1.24,5.48,"Raleigh, Cal",663728,456713,field_out,hit_into_play,,,,,4.0,Cal Raleigh flies out to left fielder Steele Walker.,R,L,R,TEX,SEA,X,7.0,fly_ball,1,1,2022,0.58,-0.71,-0.79,2.71,,666211.0,,1,9,Top,42.82,99.63,,,,,-0.0972450349771124,-118.8475878337998,1.6893193651379426,5.527937032220515,22.644806651807595,-39.41790355459256,3.58,1.69,319.0,92.2,36.0,81.4,2494.0,6.1,661962,641680,663993,543760,677649,608369,667727,666969,594777,54.43,0.037,0.049,0.0,1.0,0.0,0.0,3.0,74,3,Curveball,5,5,5,5,5,5,5,5,Infield shift,Standard,54.0,0.09,-0.261,,,0.087,0.261,92.2,0,0,0.443,0.5569999999999999,36,25,36,26,1,1,2.0,1.0,3.0,1.0,4.12,-0.58,0.58,41.3,,,,,
SI,2022-06-05,95.3,-2.34,5.85,"Raleigh, Cal",663728,642701,field_out,hit_into_play,,,,,7.0,Cal Raleigh flies out to left fielder Steele Walker.,R,L,R,TEX,SEA,X,7.0,fly_ball,2,0,2022,-1.58,0.92,-0.46,1.91,,,553993.0,0,8,Top,74.28,73.92,,,,,8.459348509340607,-138.39483911372622,-6.763022106867246,-22.248889743004785,31.0242496212146,-18.928647667145967,3.58,1.69,335.0,95.3,37.0,94.8,2391.0,6.1,661962,641680,663993,543760,677649,608369,667727,666969,594777,54.35,0.224,0.442,0.0,1.0,0.0,0.0,3.0,60,3,Sinker,3,2,2,3,2,3,2,3,Infield shift,Standard,225.0,0.117,-0.346,,,0.861,0.346,95.3,1,-1,0.62,0.38,26,25,26,26,1,0,1.0,1.0,2.0,1.0,1.6,1.58,-1.58,29.2,,,,,
SI,2022-06-04,93.5,-1.8,6.0,"Raleigh, Cal",663728,657248,single,hit_into_play,,,,,7.0,Cal Raleigh singles on a sharp line drive to center fielder Eli White.,R,L,R,TEX,SEA,X,8.0,line_drive,3,2,2022,-1.15,1.03,-0.37,2.03,,,,1,5,Top,155.43,69.66,,,,,6.313828186881125,-135.84156079544906,-6.752547679645645,-15.636943132896834,33.303799903319536,-18.10798705933204,3.62,1.7,260.0,104.4,13.0,94.2,2176.0,7.0,661936,669087,663993,543760,677649,608369,518586,642201,666969,53.47,0.863,0.884,0.9,1.0,1.0,0.0,4.0,33,6,Sinker,3,0,0,3,0,3,0,3,Infield shift,Standard,214.0,-0.022,0.334,,,1.171,-0.334,104.4,3,-3,0.855,0.145,26,25,26,26,2,1,5.0,1.0,22.0,1.0,1.61,1.15,-1.15,40.2,,,,,
SL,2022-06-04,88.5,-0.27,5.65,"Raleigh, Cal",663728,669618,field_out,hit_into_play,,,,,14.0,Cal Raleigh grounds out to first baseman Nathaniel Lowe.,R,L,R,TEX,SEA,X,3.0,ground_ball,1,1,2022,0.62,0.35,0.34,1.35,,,,2,9,Top,156.43,162.07,,,,,0.1972553831763715,-128.90223425794903,-5.1401205947860875,6.825616186626539,26.98304614878728,-27.420761949679335,3.62,1.7,7.0,81.8,-10.0,88.2,2318.0,6.0,661936,669087,663993,543760,677649,608369,518586,642201,666969,54.46,0.089,0.08,0.0,1.0,0.0,0.0,2.0,66,3,Slider,3,2,2,3,2,3,2,3,Infield shift,Standard,190.0,0.035,-0.241,,,0.089,0.241,88.0,1,-1,0.965,0.035,26,25,27,26,1,3,1.0,1.0,3.0,1.0,2.56,-0.62,0.62,52.4,,,,,
SI,2022-06-03,89.0,-2.46,5.38,"Raleigh, Cal",663728,641540,home_run,hit_into_play,,,,,9.0,Cal Raleigh homers (5) on a fly ball to right field.,R,L,R,TEX,SEA,X,,fly_ball,2,2,2022,-1.4,0.33,0.68,1.96,,,,2,5,Top,235.32,64.44,,,,,10.744843464554515,-129.1606201242389,-3.0305302619555534,-17.925714145615913,28.108558174098196,-27.98465616935708,3.64,1.71,425.0,109.0,27.0,89.5,1976.0,6.9,661913,641680,663993,543760,669701,608369,642201,666969,594777,53.65,0.9645263157894736,1.962421052631579,2.0,1.0,0.0,3.0,6.0,33,5,Sinker,0,1,1,0,2,0,2,0,Infield shift,Standard,227.0,-0.125,2.635,,,3.845421052631578,-2.635,109.0,-1,1,0.405,0.595,27,25,28,26,2,1,5.0,2.0,5.0,1.0,2.57,1.4,-1.4,34.4,,,,,
SI,2022-06-03,89.3,-2.53,5.4,"Raleigh, Cal",663728,641540,double,hit_into_play,,,,,8.0,Cal Raleigh doubles (2) on a sharp line drive to right fielder Kole Calhoun.,R,L,R,TEX,SEA,X,9.0,line_drive,1,0,2022,-1.26,1.05,-0.1,2.13,,,,2,3,Top,212.87,97.57,,,,,8.664946730399588,-129.63275421063418,-4.231467886531021,-16.074335459873105,28.722302830696428,-19.59467026059723,3.64,1.71,266.0,110.5,15.0,89.5,1939.0,6.7,661913,641680,663993,543760,669701,608369,642201,666969,594777,53.85,0.538,0.778,1.25,1.0,1.0,1.0,6.0,16,2,Sinker,0,0,0,0,0,0,0,0,Infield shift,Standard,231.0,-0.024,0.534,,,1.358,-0.534,110.5,0,0,0.542,0.4579999999999999,27,25,28,26,1,0,5.0,2.0,5.0,1.0,1.83,1.26,-1.26,30.6,,,,,
FF,2022-06-01,93.9,2.25,6.2,"Raleigh, Cal",663728,669211,field_out,hit_into_play,,,,,6.0,Cal Raleigh lines out sharply to center fielder Cedric Mullins.,R,R,L,BAL,SEA,X,8.0,line_drive,0,2,2022,0.82,1.46,0.72,2.62,,,,2,9,Top,100.64,58.84,,,,,-5.686614887099507,-136.4571932926143,-6.650003863373708,11.559788658042116,32.03867148420368,-12.61716687849111,3.64,1.71,353.0,102.4,18.0,92.4,2217.0,5.6,661343,455139,641820,596059,602104,622761,669720,656775,663630,54.9,0.453,0.543,0.0,1.0,0.0,0.0,5.0,74,3,4-Seam Fastball,9,2,2,9,2,9,2,9,Strategic,Standard,145.0,0.001,-0.153,,,0.843,0.153,102.4,7,-7,0.999,0.001,27,25,27,26,1,3,4.0,1.0,3.0,2.0,1.14,0.82,-0.82,45.8,,,,,
FS,2022-06-01,90.3,-1.1,6.74,"Raleigh, Cal",663728,642585,field_out,hit_into_play,,,,,7.0,"Cal Raleigh grounds out, second baseman Rougned Odor to first baseman Trey Mancini.",R,L,R,BAL,SEA,X,4.0,ground_ball,1,2,2022,-0.34,0.93,-0.42,1.66,,,,0,7,Top,169.26,127.3,,,,,2.420986785373239,-131.24613398766053,-8.663634582464802,-4.473679756713197,28.56063470532791,-19.780428858611486,3.64,1.71,124.0,99.4,7.0,90.5,1372.0,6.5,661343,455139,641820,596059,602104,622761,669720,656775,623993,53.97,0.589,0.533,0.0,1.0,0.0,0.0,4.0,58,4,Split-Finger,9,2,2,9,2,9,2,9,Infield shift,Standard,234.0,0.002,-0.176,,,0.649,0.176,99.4,7,-7,0.992,0.008,27,25,27,26,1,2,4.0,1.0,2.0,2.0,1.88,0.34,-0.34,47.5,,,,,
CH,2022-05-31,82.8,2.07,5.51,"Raleigh, Cal",663728,675912,field_out,hit_into_play,,,,,14.0,"Cal Raleigh grounds out, shortstop Jorge Mateo to first baseman Ryan Mountcastle.",R,R,L,BAL,SEA,X,6.0,ground_ball,2,2,2022,1.39,0.8,1.01,2.29,,,,2,5,Top,103.99,142.55,,,,,-5.188447117616902,-120.43629146515416,-2.4288896990536255,14.55674297419315,23.293806401356132,-24.13203871787145,3.63,1.72,61.0,92.7,2.0,83.6,1746.0,6.8,661075,668939,663624,596059,602104,622761,669720,656775,623993,53.66,0.397,0.355,0.0,1.0,0.0,0.0,2.0,43,6,Changeup,0,8,8,0,8,0,8,0,Standard,Standard,126.0,0.001,-0.216,,,0.443,0.216,92.7,-8,8,0.014,0.986,26,25,26,26,3,2,,3.0,,1.0,2.53,1.39,-1.39,35.0,,,,,
FF,2022-05-31,91.4,1.94,5.64,"Raleigh, Cal",663728,675912,single,hit_into_play,,,,,2.0,Cal Raleigh singles on a sharp line drive to left fielder Austin Hays.   Adam Frazier scores.    Dylan Moore scores.,R,R,L,BAL,SEA,X,7.0,line_drive,0,2,2022,1.0,1.37,-0.12,3.1,624428.0,664238.0,,2,3,Top,57.0,113.53,,,,,-7.437833760876047,-132.77218364073192,-3.436406516048125,13.527804397694975,30.74662383555815,-15.456278256462989,3.63,1.72,131.0,108.8,6.0,91.9,2243.0,6.9,661075,668939,663624,596059,602104,622761,669720,656775,623993,53.63,0.697,0.67,0.9,1.0,1.0,0.0,4.0,27,3,4-Seam Fastball,0,5,5,0,7,0,7,0,Standard,Standard,137.0,-0.056,0.857,,,0.814,-0.857,108.8,-5,5,0.098,0.902,26,25,26,26,2,1,,3.0,,1.0,1.38,1.0,-1.0,37.5,,,,,
EP,2022-05-31,59.3,-0.69,7.13,"Raleigh, Cal",663728,572008,field_out,hit_into_play,,,,,5.0,Cal Raleigh lines out to first baseman Ryan Mountcastle in foul territory.,R,L,R,BAL,SEA,X,3.0,line_drive,0,0,2022,-0.23,1.79,0.19,2.94,,666211.0,,2,9,Top,163.98,166.93,,,,,1.739993260600062,-86.33192302955717,-0.2766209753421974,-1.3954837205544988,12.454959036340208,-23.431642636065497,3.63,1.72,125.0,80.0,12.0,58.6,1420.0,5.7,661075,668939,663624,596059,602104,622761,669720,656775,623993,54.78,0.495,0.445,0.0,1.0,0.0,0.0,4.0,75,1,Eephus,0,10,10,0,10,0,10,0,Infield shift,Standard,202.0,0.0,-0.281,,,0.529,0.281,88.0,-10,10,0.001,0.999,30,25,31,26,1,4,,3.0,,1.0,4.71,0.23,-0.23,63.8,,,,,
FF,2022-05-31,92.0,2.19,5.57,"Raleigh, Cal",663728,675912,sac_fly,hit_into_play,,,,,3.0,Cal Raleigh out on a sacrifice fly to center fielder Cedric Mullins.   Dylan Moore scores.,R,R,L,BAL,SEA,X,8.0,fly_ball,1,1,2022,1.24,1.06,0.35,3.26,664238.0,666211.0,,1,2,Top,129.89,86.3,,,,,-7.422391747413467,-133.71293079479338,-2.2531650221642625,16.488738419007987,31.48154422470896,-19.21720564215513,3.63,1.72,281.0,99.4,52.0,92.5,2105.0,6.9,661075,668939,663624,596059,602104,622761,669720,656775,623993,53.62,0.011,0.014,0.0,1.0,0.0,0.0,3.0,15,3,4-Seam Fastball,0,2,2,0,3,0,3,0,Strategic,Standard,126.0,-0.008,-0.196,,,0.021,0.196,99.4,-2,2,0.239,0.761,26,25,26,26,1,0,,3.0,,1.0,1.66,1.24,-1.24,33.3,,,,,
FF,2022-05-31,91.0,-1.47,6.33,"Raleigh, Cal",663728,650959,field_out,hit_into_play,,,,,4.0,Cal Raleigh flies out sharply to center fielder Cedric Mullins.,R,L,R,BAL,SEA,X,8.0,fly_ball,0,0,2022,0.01,1.03,-0.35,2.49,,,666211.0,2,7,Top,93.36,56.78,,,,,2.8019257041322665,-132.4372589010475,-6.048768779755015,-0.3954876644501869,26.55415763929191,-18.925285543075553,3.63,1.72,360.0,102.7,39.0,92.0,2062.0,6.7,661075,668939,663624,596059,602104,622761,669720,656775,623993,53.77,0.3870909090909091,0.7798181818181817,0.0,1.0,0.0,0.0,5.0,60,1,4-Seam Fastball,0,9,9,0,9,0,9,0,Infield shift,Standard,204.0,0.001,-0.26,,,1.5289090909090908,0.26,102.7,-9,9,0.002,0.998,25,25,26,26,1,3,2.0,3.0,,1.0,1.7,-0.01,0.01,48.0,,,,,
CU,2022-05-28,77.1,-1.79,6.16,"Raleigh, Cal",663728,664353,double,hit_into_play,,,,,5.0,"Cal Raleigh doubles (1) on a ground ball to second baseman Jose Altuve, deflected by first baseman Yuli Gurriel.",R,L,R,SEA,HOU,X,3.0,ground_ball,0,0,2022,0.75,-1.39,-0.02,2.94,,,,1,2,Bot,192.83,152.62,,,,,2.391979512138446,-112.18098717165346,2.722021619026408,5.8162772948572865,22.6996682263237,-44.62609545407831,3.65,1.72,14.0,91.1,-11.0,76.3,2448.0,6.0,662131,488771,493329,514888,608324,665161,670541,676801,663656,54.5,0.153,0.132,1.25,1.0,1.0,1.0,2.0,17,1,Curveball,2,0,2,0,0,2,2,0,Infield shift,Standard,30.0,0.03,0.666,,,0.193,-0.666,91.1,2,2,0.731,0.731,27,25,27,26,1,0,6.0,1.0,6.0,3.0,5.27,-0.75,0.75,53.1,,,,,
FF,2022-05-28,91.1,-1.62,5.27,"Raleigh, Cal",663728,664208,field_out,hit_into_play,,,,,2.0,Cal Raleigh pops out to shortstop Jeremy Pena.,R,L,R,SEA,HOU,X,6.0,popup,0,1,2022,-0.19,1.43,0.2,3.41,,,,0,7,Bot,144.72,149.8,,,,,5.078885608710261,-132.73286467887945,-1.9371665228450696,-3.2388211643521028,26.075282694214764,-14.984470833004291,3.65,1.72,137.0,94.1,65.0,93.2,2469.0,7.3,662131,488771,493329,514888,608324,665161,670541,676801,649557,53.25,0.016,0.018,0.0,1.0,0.0,0.0,3.0,62,2,4-Seam Fastball,6,0,6,0,0,6,6,0,Infield shift,Standard,205.0,-0.001,-0.209,,,0.023,0.209,94.1,6,6,0.993,0.993,29,25,29,26,1,3,5.0,1.0,3.0,3.0,1.29,0.19,-0.19,30.6,,,,,
SL,2022-05-27,85.5,-1.85,6.99,"Raleigh, Cal",663728,434378,field_out,hit_into_play,,,,,5.0,Cal Raleigh flies out to center fielder Jose Siri.,R,L,R,SEA,HOU,X,8.0,fly_ball,1,1,2022,0.41,0.37,0.25,2.76,,,666211.0,0,4,Bot,134.28,79.09,,,,,4.085143093212709,-124.51100652482216,-4.491769380473328,3.5457262169533443,22.626465608905377,-27.642616578155828,3.65,1.72,337.0,96.2,36.0,85.3,2617.0,5.9,662132,455117,493329,514888,608324,665161,488726,642350,663656,54.57,0.492,0.977,0.0,1.0,0.0,0.0,3.0,34,3,Slider,5,1,5,1,1,5,5,1,Infield shift,Standard,185.0,-0.009,-0.225,,,1.933,0.225,96.2,4,4,0.922,0.922,39,25,39,26,2,1,6.0,3.0,5.0,1.0,2.72,-0.41,0.41,51.6,,,,,
FF,2022-05-27,90.4,-2.43,4.58,"Raleigh, Cal",663728,661527,field_out,hit_into_play,,,,,9.0,Cal Raleigh flies out to right fielder Kyle Tucker.,R,L,R,SEA,HOU,X,9.0,fly_ball,1,1,2022,-0.71,1.11,0.52,2.17,,,,0,8,Bot,163.77,110.18,,,,,8.992367329871719,-131.43347129648157,-2.4613707247378827,-10.079493831842925,27.2808705515787,-18.92853156103314,3.65,1.72,242.0,90.5,52.0,91.6,2045.0,7.0,662132,455117,493329,514888,608324,665161,488726,642350,663656,53.46,0.016,0.018,0.0,1.0,0.0,0.0,3.0,68,3,4-Seam Fastball,6,1,6,1,1,6,6,1,Infield shift,Standard,233.0,-0.001,-0.236,,,0.021,0.236,90.5,5,5,0.995,0.995,27,25,28,26,1,3,4.0,3.0,7.0,1.0,1.68,0.71,-0.71,14.4,,,,,
SL,2022-05-24,84.9,-2.84,5.85,"Raleigh, Cal",663728,621076,single,hit_into_play,,,,,4.0,"Cal Raleigh singles on a ground ball to right fielder Luis Barrera, deflected by first baseman Seth Brown.",R,L,R,SEA,ATH,X,3.0,ground_ball,0,0,2022,0.31,0.54,-0.33,2.34,,,,0,5,Bot,180.41,138.91,,,,,5.222130510095134,-123.54231081224016,-2.9863576433435375,2.1984023911632815,24.264462793427075,-26.215755302429613,3.65,1.71,66.0,102.5,2.0,84.6,2101.0,6.0,662134,669221,664913,643393,675656,462101,640461,665506,642456,54.46,0.516,0.483,0.9,1.0,1.0,0.0,4.0,42,1,Slider,2,4,2,4,4,2,2,4,Infield shift,Standard,227.0,0.054,0.44,,,0.588,-0.44,102.5,-2,-2,0.289,0.289,28,25,28,26,2,1,7.0,1.0,5.0,3.0,2.61,-0.31,0.31,31.3,,,,,
CH,2022-05-23,80.2,2.78,4.92,"Raleigh, Cal",663728,656657,home_run,hit_into_play,,,,,8.0,Cal Raleigh homers (4) on a fly ball to left field.   Luis Torrens scores.,R,R,L,SEA,ATH,X,,fly_ball,0,0,2022,1.32,0.07,-0.02,1.74,,,620443.0,1,4,Bot,19.29,96.03,,,,,-8.604355608253183,-116.55547439200944,-0.546947592524348,13.587480066659028,18.89596518335191,-31.601017726980235,3.64,1.71,364.0,105.4,22.0,79.9,1820.0,5.9,662135,669221,542194,641914,675656,462101,643393,665506,640461,54.63,0.6818636363636362,1.2184772727272724,2.0,1.0,0.0,3.0,6.0,36,1,Changeup,3,3,3,3,3,5,5,3,Standard,Standard,106.0,0.207,1.458,,,2.2928863636363643,-1.458,105.4,0,0,0.563,0.563,26,25,26,26,2,1,7.0,1.0,5.0,1.0,3.44,1.32,-1.32,17.3,,,,,
FF,2022-05-23,97.2,3.59,5.59,"Raleigh, Cal",663728,640462,single,hit_into_play,,,,,14.0,Cal Raleigh singles on a line drive to right fielder Chad Pinder.,R,R,L,SEA,ATH,X,9.0,line_drive,0,2,2022,1.38,0.89,1.3,2.62,,,,1,6,Bot,167.39,99.4,,,,,-9.415496833336942,-141.21738027165452,-4.499008680531235,20.62334148615002,32.485007206290284,-19.378141920617523,3.64,1.71,210.0,87.4,13.0,98.2,2287.0,7.0,662135,669221,542194,641914,675656,462101,643393,665506,640461,53.51,0.847,0.785,0.9,1.0,1.0,0.0,4.0,57,3,4-Seam Fastball,7,6,7,6,6,7,7,6,Standard,Standard,125.0,0.029,0.502,,,0.93,-0.502,88.0,1,1,0.713,0.713,27,25,27,26,1,2,3.0,1.0,2.0,1.0,1.53,1.38,-1.38,27.7,,,,,
CU,2022-05-22,81.3,-2.28,5.53,"Raleigh, Cal",663728,543135,field_out,hit_into_play,,,,,8.0,Cal Raleigh flies out to left fielder Franchy Cordero.,R,L,R,BOS,SEA,X,7.0,fly_ball,0,1,2022,0.67,-0.9,-0.27,1.93,,,,2,5,Top,85.02,107.9,,,,,3.222138336824612,-118.32937154931136,0.2989991027068766,5.684888004212913,23.389752421820216,-40.90267696494206,3.63,1.71,249.0,91.4,52.0,81.5,2169.0,6.5,663277,608700,666915,596115,646240,593428,614173,571771,598265,54.02,0.018,0.025,0.0,1.0,0.0,0.0,3.0,35,2,Curveball,2,0,0,2,0,2,0,2,Infield shift,Standard,43.0,0.01,-0.213,,,0.031,0.213,91.4,2,-2,0.802,0.1979999999999999,32,25,32,26,2,1,5.0,2.0,6.0,1.0,4.36,-0.67,0.67,32.8,,,,,
CH,2022-05-20,85.7,-1.51,6.54,"Raleigh, Cal",663728,608379,field_out,hit_into_play,,,,,11.0,Cal Raleigh pops out to third baseman Rafael Devers.,R,L,R,BOS,SEA,X,5.0,popup,1,2,2022,-0.88,1.26,-0.92,2.86,,,,0,3,Top,92.17,120.44,,,,,3.1746958955101903,-124.67789689162824,-4.969837034295215,-9.848350313027332,24.809256552610456,-18.27768267592597,3.63,1.71,216.0,81.3,55.0,85.8,1689.0,6.4,663268,543877,666915,596115,646240,593428,657077,571771,624414,54.14,0.037,0.034,0.0,1.0,0.0,0.0,3.0,17,4,Changeup,0,0,0,0,0,0,0,0,Infield shift,Standard,240.0,0.019,-0.176,,,0.045,0.176,88.0,0,0,0.506,0.494,30,25,31,26,1,0,17.0,2.0,6.0,2.0,1.85,0.88,-0.88,51.8,,,,,
FF,2022-05-18,92.8,-2.38,6.09,"Raleigh, Cal",663728,592332,home_run,hit_into_play,,,,,1.0,Cal Raleigh homers (3) on a fly ball to left center field.,R,L,R,TOR,SEA,X,,fly_ball,0,0,2022,-1.07,1.18,-0.82,3.22,,,,0,5,Top,72.74,49.0,,,,,6.339719012720976,-134.98487652524597,-4.09691164590598,-14.543097938617558,31.83276415940085,-17.026576205083757,3.57,1.7,394.0,104.6,26.0,92.4,2188.0,6.3,661767,643376,665489,669289,656305,666182,666971,543807,606192,54.24,0.8205510204081635,1.6368979591836728,2.0,1.0,0.0,3.0,6.0,34,1,4-Seam Fastball,1,1,1,1,2,1,2,1,Infield shade,4th outfielder,221.0,-0.138,1.114,,,3.1864285714285723,-1.114,104.6,0,0,0.5,0.5,31,25,31,26,2,1,5.0,1.0,6.0,2.0,1.48,1.07,-1.07,40.2,,,,,
FS,2022-05-18,85.0,-2.5,5.95,"Raleigh, Cal",663728,592332,field_out,hit_into_play,,,,,7.0,Cal Raleigh grounds out to first baseman Vladimir Guerrero Jr.,R,L,R,TOR,SEA,X,3.0,ground_ball,2,1,2022,-1.26,0.58,-0.73,1.82,,,,2,2,Top,155.21,170.56,,,,,6.6773312139129315,-123.58503992918652,-4.5311454854160536,-14.256656760562649,23.95537787512348,-25.49548043401555,3.57,1.7,3.0,79.3,-36.0,85.2,1767.0,6.4,661767,643376,665489,669289,656305,666182,666971,543807,606192,54.11,0.074,0.063,0.0,1.0,0.0,0.0,2.0,12,4,Split-Finger,0,1,1,0,1,0,1,0,Infield shift,4th outfielder,231.0,0.011,-0.296,,,0.086,0.296,88.0,-1,1,0.432,0.5680000000000001,31,25,31,26,1,0,5.0,1.0,6.0,2.0,2.57,1.26,-1.26,36.8,,,,,
FF,2022-05-17,93.8,-2.27,5.39,"Raleigh, Cal",663728,621244,field_out,hit_into_play,,,,,8.0,Cal Raleigh flies out sharply to center fielder George Springer.,R,L,R,TOR,SEA,X,8.0,fly_ball,1,0,2022,-1.06,1.31,-0.02,2.08,,,519306.0,2,5,Top,129.42,46.49,,,,,8.174975613852405,-136.18016017666,-5.67500578615415,-15.08196792760715,31.819421499964335,-14.793069431407057,3.57,1.7,377.0,105.6,40.0,93.5,2221.0,6.4,661765,672386,665489,669289,656305,666182,666971,543807,606132,54.13,0.5166666666666667,1.0473333333333334,0.0,1.0,0.0,0.0,6.0,35,2,4-Seam Fastball,3,0,0,3,0,3,0,3,Infield shift,Standard,230.0,0.023,-0.298,,,2.0496666666666665,0.298,105.6,3,-3,0.861,0.139,28,25,28,26,2,1,6.0,2.0,6.0,1.0,1.31,1.06,-1.06,34.5,,,,,
FF,2022-05-17,92.8,-2.37,5.31,"Raleigh, Cal",663728,621244,field_out,hit_into_play,,,,,8.0,Cal Raleigh flies out to right fielder Raimel Tapia.,R,L,R,TOR,SEA,X,9.0,fly_ball,0,0,2022,-1.34,1.29,0.17,1.69,,,,0,3,Top,147.92,89.74,,,,,9.42755693858287,-134.60506186222247,-6.207307610981142,-18.389577742299387,32.23635143273072,-15.292086880441843,3.57,1.7,277.0,91.1,46.0,92.4,2278.0,6.4,661765,672386,665489,669289,656305,666182,666971,543807,606132,54.07,0.003,0.002,0.0,1.0,0.0,0.0,3.0,20,1,4-Seam Fastball,3,0,0,3,0,3,0,3,Infield shade,4th outfielder,229.0,0.022,-0.247,,,0.006,0.247,91.1,3,-3,0.794,0.2059999999999999,28,25,28,26,1,0,6.0,2.0,6.0,1.0,1.4,1.34,-1.34,33.7,,,,,
FC,2022-05-17,87.4,-2.52,6.11,"Raleigh, Cal",663728,475479,force_out,hit_into_play,,,,,3.0,"Cal Raleigh grounds into a force out, fielded by third baseman Matt Chapman.   Mike Ford out at 3rd.    Abraham Toro to 2nd.    Cal Raleigh to 1st.",R,L,R,TOR,SEA,X,5.0,ground_ball,0,0,2022,0.22,1.3,0.41,3.09,,645801.0,647351.0,0,8,Top,114.49,192.27,,,,,6.476578887285966,-127.09825375833958,-3.6719985091999447,0.8701376973694982,28.779973240914025,-17.61269866294001,3.57,1.7,8.0,26.7,-17.0,85.5,2358.0,5.3,661765,672386,665489,669289,656305,666182,666971,543807,606132,55.16,0.313,0.283,0.0,1.0,0.0,0.0,1.0,56,1,Cutter,3,0,0,3,0,3,0,3,Infield shift,Standard,198.0,0.068,-0.33,,,0.327,0.33,88.0,3,-3,0.805,0.1949999999999999,35,25,36,26,1,2,2.0,2.0,5.0,1.0,1.72,-0.22,0.22,39.8,,,,,
SI,2022-05-15,92.1,-1.3,5.62,"Raleigh, Cal",663728,471911,field_out,hit_into_play,,,,,4.0,"Cal Raleigh grounds out, pitcher Carlos Carrasco to first baseman Pete Alonso.",R,L,R,NYM,SEA,X,1.0,ground_ball,1,1,2022,-1.28,0.53,-0.8,2.91,,,645801.0,2,4,Top,130.39,194.43,,,,,4.029839668570102,-134.12455945983515,-2.228675166433191,-16.31085355973323,28.853478241801767,-25.452549727492706,3.57,1.7,1.0,61.3,-76.0,92.2,2127.0,6.3,662567,621512,624413,643446,500871,596019,592192,607043,516782,54.21,0.208,0.191,0.0,1.0,0.0,0.0,2.0,31,3,Sinker,1,4,4,1,4,1,4,1,Infield shift,Standard,221.0,0.013,-0.248,,,0.208,0.248,88.0,-3,3,0.203,0.7969999999999999,35,25,35,26,2,1,5.0,4.0,6.0,2.0,2.15,1.28,-1.28,34.6,,,,,
FF,2022-05-15,94.3,-1.31,5.9,"Raleigh, Cal",663728,471911,grounded_into_double_play,hit_into_play,,,,,4.0,"Cal Raleigh grounds into a double play, second baseman Jeff McNeil to shortstop Francisco Lindor to first baseman Pete Alonso.   Abraham Toro scores.    Steven Souza Jr.  out at 2nd.    Cal Raleigh out at 1st.",R,L,R,NYM,SEA,X,4.0,ground_ball,0,0,2022,-0.53,1.31,-0.28,2.83,647351.0,,519306.0,0,3,Top,148.54,157.28,,,,,3.862705852244775,-137.38508734396407,-5.241674750774122,-7.562755278180312,28.303955748116113,-14.573933275597888,3.57,1.7,43.0,108.7,-2.0,94.4,2274.0,6.1,662567,621512,624413,643446,500871,596019,592192,607043,516782,54.35,0.479,0.433,0.0,1.0,0.0,0.0,4.0,17,1,4-Seam Fastball,1,0,0,1,1,1,1,1,Infield shift,Standard,220.0,0.072,-0.235,,,0.504,0.235,108.7,1,-1,0.471,0.529,35,25,35,26,1,0,5.0,4.0,6.0,2.0,1.23,0.53,-0.53,38.9,,,,,
FF,2022-05-15,95.8,-2.13,5.68,"Raleigh, Cal",663728,622098,home_run,hit_into_play,,,,,8.0,Cal Raleigh homers (2) on a fly ball to right center field.    Abraham Toro scores.,R,L,R,NYM,SEA,X,,fly_ball,1,1,2022,-0.74,1.58,0.02,2.0,,,647351.0,2,6,Top,205.51,49.4,,,,,7.28768912455956,-139.1321407580114,-7.569083502699536,-11.266446090372726,32.629452004097374,-10.109003435268026,3.57,1.7,435.0,109.2,30.0,94.8,2538.0,5.9,662567,621512,624413,643446,500871,596019,592192,607043,516782,54.61,0.9675,2.0,2.0,1.0,0.0,3.0,6.0,51,3,4-Seam Fastball,5,5,5,5,7,5,7,5,Infield shift,Standard,208.0,-0.291,2.245,,,3.8708333333333336,-2.245,109.2,0,0,0.542,0.4579999999999999,28,25,29,26,1,2,2.0,4.0,2.0,2.0,0.92,0.74,-0.74,39.2,,,,,
FF,2022-05-09,94.2,2.3,5.82,"Raleigh, Cal",663728,624133,field_out,hit_into_play,,,,,2.0,Cal Raleigh pops out to shortstop Bryson Stott.,R,R,L,SEA,PHI,X,6.0,popup,1,2,2022,0.68,1.25,-0.24,3.29,,608385.0,620443.0,2,2,Bot,111.46,156.65,,,,,-8.097547348099454,-136.7666913929391,-3.548331575391081,10.48888344427871,34.34999578904008,-15.938922121471242,3.55,1.67,131.0,86.9,66.0,93.6,1913.0,6.3,662158,592663,656555,516416,664761,681082,656941,546318,592206,54.15,0.005,0.005,0.0,1.0,0.0,0.0,3.0,19,5,4-Seam Fastball,0,2,0,2,2,0,0,2,Standard,Standard,131.0,-0.036,-0.2,,,0.005,0.2,88.0,-2,-2,0.324,0.324,26,25,27,26,1,0,6.0,2.0,5.0,2.0,1.36,0.68,-0.68,37.8,,,,,
ST,2022-05-07,81.4,3.08,5.53,"Raleigh, Cal",663728,548384,field_out,hit_into_play,,,,,9.0,Cal Raleigh flies out to first baseman Yandy Diaz in foul territory.,R,R,L,SEA,TB,X,3.0,fly_ball,2,1,2022,-1.33,0.14,0.29,2.05,,,,2,7,Bot,190.04,155.64,,,,,-3.678360067149323,-118.4519163778001,-1.412808990131405,-11.675416422622844,24.364947548573525,-30.84551365358584,3.55,1.67,190.0,90.2,61.0,80.4,2716.0,5.8,662159,572287,650490,664040,670623,677551,668227,595281,622534,54.72,0.013,0.016,0.0,1.0,0.0,0.0,3.0,55,4,Sweeper,1,3,1,3,3,1,1,3,Infield shift,Standard,278.0,-0.018,-0.296,,,0.022,0.296,90.2,-2,-2,0.156,0.156,34,25,34,26,1,2,1.0,10.0,4.0,2.0,3.33,-1.33,1.33,28.2,,,,,
KC,2022-04-24,81.7,-0.96,6.1,"Raleigh, Cal",663728,672578,field_out,hit_into_play,,,,,14.0,Cal Raleigh pops out to shortstop Adalberto Mondesi.,R,L,R,SEA,KC,X,6.0,popup,2,1,2022,0.07,-0.61,0.46,1.48,,,,0,5,Bot,133.14,159.07,,,,,3.0680093583393813,-118.89588823601416,-2.6409215863615083,0.0605970520721247,23.48407314613954,-37.66715859953131,3.62,1.67,101.0,81.6,70.0,82.2,2125.0,6.7,662188,595956,467793,593160,677951,609275,658668,572191,641531,53.81,0.003,0.003,0.0,1.0,0.0,0.0,3.0,38,4,Knuckle Curve,2,2,2,2,2,2,2,2,Infield shift,Standard,38.0,-0.035,-0.291,,,0.003,0.291,88.0,0,0,0.572,0.572,25,25,25,26,2,1,5.0,2.0,6.0,3.0,4.03,-0.07,0.07,50.1,,,,,
FF,2022-04-24,95.8,-1.2,6.1,"Raleigh, Cal",663728,672578,field_out,hit_into_play,,,,,14.0,Cal Raleigh flies out to left fielder Edward Olivares.,R,L,R,SEA,KC,X,7.0,fly_ball,0,0,2022,-0.77,1.41,0.91,2.59,,,,0,3,Bot,91.34,108.84,,,,,7.36948183845193,-139.2949600972614,-6.896317490406995,-11.618745761478149,30.937023519830102,-12.378592780146391,3.62,1.67,243.0,78.7,41.0,96.6,2284.0,6.7,662188,595956,467793,593160,677951,609275,658668,572191,641531,53.76,0.039,0.041,0.0,1.0,0.0,0.0,3.0,22,1,4-Seam Fastball,2,2,2,2,2,2,2,2,Infield shift,Standard,220.0,-0.025,-0.247,,,0.062,0.247,88.0,0,0,0.555,0.555,25,25,25,26,1,0,5.0,2.0,6.0,3.0,1.07,0.77,-0.77,37.9,,,,,
FF,2022-04-22,93.4,-1.49,6.24,"Raleigh, Cal",663728,641745,field_out,hit_into_play,,,,,14.0,"Cal Raleigh grounds out, second baseman Nicky Lopez to first baseman Carlos Santana.",R,L,R,SEA,KC,X,4.0,ground_ball,3,2,2022,0.44,1.01,1.16,2.4,,,,1,3,Bot,156.89,145.56,,,,,5.868206954830414,-136.00093193042366,-6.399030957733757,4.326670215941407,26.186213069339715,-18.497585849184187,3.62,1.67,158.0,75.6,14.0,93.6,2506.0,6.1,662175,521692,467793,670032,677951,609275,643217,572191,641531,54.43,0.521,0.469,0.0,1.0,0.0,0.0,4.0,20,6,4-Seam Fastball,0,0,0,0,0,0,0,0,Infield shift,Standard,185.0,-0.022,-0.328,,,0.547,0.328,88.0,0,0,0.534,0.534,26,25,27,26,1,0,7.0,2.0,6.0,2.0,1.58,-0.44,0.44,47.7,,,,,
SI,2022-04-20,87.7,-2.6,5.28,"Raleigh, Cal",663728,641540,field_out,hit_into_play,,,,,8.0,Cal Raleigh flies out to left fielder Willie Calhoun.,R,L,R,SEA,TEX,X,7.0,fly_ball,3,1,2022,-1.63,0.34,-0.22,1.98,,672284.0,647351.0,2,4,Bot,48.62,84.04,,,,,9.197823273910185,-127.41452205621935,-2.5850063609650578,-19.64012314575026,24.45233966340421,-28.11752777639665,3.62,1.67,342.0,99.9,35.0,88.6,1899.0,6.8,662178,641680,663993,543760,543543,608369,641432,666969,594777,53.73,0.3902777777777777,0.7657777777777778,0.0,1.0,0.0,0.0,5.0,33,5,Sinker,1,0,1,0,0,1,1,0,Infield shift,Standard,236.0,-0.052,-0.367,,,1.4926666666666664,0.367,99.9,1,1,0.69,0.69,27,25,28,26,2,1,6.0,4.0,5.0,2.0,2.62,1.63,-1.63,,,,,,
CH,2022-04-20,82.7,-2.64,5.37,"Raleigh, Cal",663728,641540,field_error,hit_into_play,,,,,5.0,Cal Raleigh reaches on a fielding error by first baseman Nathaniel Lowe.   Abraham Toro scores.,R,L,R,SEA,TEX,X,3.0,ground_ball,1,0,2022,-1.35,0.12,-0.18,2.4,,647351.0,,1,3,Bot,160.09,168.62,,,,,8.290878422326491,-120.18089006219648,-0.4840348158899985,-14.711920541344956,24.154332706919337,-31.101081019530252,3.62,1.67,41.0,105.3,-1.0,82.9,2060.0,6.6,662178,641680,663993,543760,543543,608369,641432,666969,594777,53.94,0.445,0.408,0.9,1.0,0.0,0.0,4.0,20,2,Changeup,0,0,0,0,0,1,1,0,Infield shift,Standard,258.0,0.092,0.418,,,0.483,-0.418,105.3,0,0,0.579,0.579,27,25,28,26,1,0,6.0,4.0,5.0,2.0,3.23,1.35,-1.35,,,,,,
ST,2022-04-20,78.3,2.44,5.46,"Raleigh, Cal",663728,667463,field_out,hit_into_play,,,,,5.0,Cal Raleigh flies out to second baseman Marcus Semien.,R,R,L,SEA,TEX,X,4.0,fly_ball,0,0,2022,-1.76,-0.55,0.06,2.72,553993.0,677594.0,647351.0,2,5,Bot,149.15,117.27,,,,,-1.8568427629452369,-113.9001470098025,2.029155937452569,-14.820601259183832,23.5159578388236,-37.57669757542568,3.62,1.67,214.0,73.2,45.0,77.6,2713.0,6.1,662178,641680,663993,543760,543543,608369,641432,666969,594777,54.41,0.216,0.236,0.0,1.0,0.0,0.0,3.0,45,1,Sweeper,4,0,4,0,0,4,4,0,Standard,Standard,322.0,-0.018,-0.264,,,0.302,0.264,88.0,4,4,0.936,0.936,27,25,28,26,1,2,3.0,4.0,2.0,2.0,4.31,-1.76,1.76,26.3,,,,,
FF,2022-04-20,92.2,-2.57,5.72,"Raleigh, Cal",663728,572070,field_out,hit_into_play,,,,,4.0,Cal Raleigh flies out to left fielder Nick Solak.,R,L,R,SEA,TEX,X,7.0,fly_ball,0,2,2022,0.06,0.81,-0.29,2.33,,,647351.0,0,8,Bot,68.88,100.72,,,,,5.621474392077422,-134.16974356071566,-4.516056964851897,-0.4139686812711822,28.30679183641281,-21.65069850368184,3.62,1.67,286.0,92.0,46.0,91.7,2209.0,5.9,662178,641680,663993,543760,543543,608369,669256,666969,594777,54.56,0.005,0.009,0.0,1.0,0.0,0.0,3.0,64,3,4-Seam Fastball,4,0,4,0,0,4,4,0,Infield shift,Standard,205.0,-0.001,-0.138,,,0.015,0.138,92.0,4,4,0.989,0.989,34,25,34,26,1,3,4.0,4.0,2.0,2.0,1.87,-0.06,0.06,,,,,,
FF,2022-04-16,95.5,-1.86,6.86,"Raleigh, Cal",663728,434378,field_out,hit_into_play,,,,,11.0,"Cal Raleigh grounds out, shortstop Jeremy Pena to first baseman Yuli Gurriel.",R,L,R,SEA,HOU,X,6.0,ground_ball,1,2,2022,-0.83,1.58,-0.63,3.79,,,,2,8,Bot,138.3,145.31,,,,,5.081944467383713,-138.91223078517115,-5.986668267886045,-11.884828958602428,31.77851327446388,-10.523075383759416,3.49,1.6,45.0,101.8,-2.0,95.2,2287.0,6.2,662206,455117,493329,514888,608324,665161,488726,676801,663656,54.32,0.382,0.341,0.0,1.0,0.0,0.0,2.0,61,4,4-Seam Fastball,0,4,0,4,4,0,0,4,Infield shift,Standard,211.0,-0.003,-0.181,,,0.431,0.181,101.8,-4,-4,0.018,0.018,39,25,39,26,3,2,7.0,2.0,6.0,4.0,0.92,0.83,-0.83,49.9,,,,,
FF,2022-04-16,94.3,-1.7,6.97,"Raleigh, Cal",663728,434378,field_out,hit_into_play,,,,,11.0,Cal Raleigh flies out sharply to right fielder Kyle Tucker.,R,L,R,SEA,HOU,X,9.0,fly_ball,0,0,2022,-0.77,1.68,-0.11,3.75,,,,0,6,Bot,207.39,104.8,,,,,5.831844305656133,-137.11816213557142,-6.379608271939839,-10.979261337227342,30.826372137764693,-9.813620588332093,3.49,1.6,307.0,102.1,46.0,94.0,2291.0,6.2,662206,455117,493329,514888,608324,665161,488726,676801,663656,54.3,0.037,0.055,0.0,1.0,0.0,0.0,3.0,42,1,4-Seam Fastball,0,3,0,3,3,0,0,3,Infield shift,Standard,208.0,-0.028,-0.247,,,0.115,0.247,102.1,-3,-3,0.163,0.163,39,25,39,26,2,1,7.0,2.0,6.0,4.0,0.89,0.77,-0.77,52.8,,,,,
FF,2022-04-16,94.4,-1.78,6.94,"Raleigh, Cal",663728,434378,field_out,hit_into_play,,,,,4.0,Cal Raleigh flies out to left fielder Michael Brantley.,R,L,R,SEA,HOU,X,7.0,fly_ball,1,0,2022,-0.85,1.77,-0.31,2.79,,,,1,3,Bot,78.19,108.73,,,,,5.7069203082158575,-137.11655737567344,-9.016568784403011,-11.92761076802981,30.338331722235868,-8.015368645220713,3.49,1.6,255.0,95.4,51.0,94.2,2415.0,6.2,662206,455117,493329,514888,608324,665161,488726,676801,663656,54.26,0.005,0.006,0.0,1.0,0.0,0.0,3.0,21,2,4-Seam Fastball,0,1,0,1,1,0,0,1,Infield shift,Standard,208.0,-0.022,-0.282,,,0.008,0.282,95.4,-1,-1,0.412,0.412,39,25,39,26,1,0,7.0,2.0,6.0,4.0,0.8,0.85,-0.85,51.7,,,,,
CH,2022-04-14,84.0,-1.74,5.8,"Raleigh, Cal",663728,669424,field_error,hit_into_play,,,,,5.0,Cal Raleigh reaches on a fielding error by second baseman Leury Garcia.   Julio Rodriguez to 3rd.,R,L,R,CWS,SEA,X,4.0,ground_ball,3,2,2022,-1.24,0.45,0.16,2.24,,677594.0,,2,2,Top,157.02,142.13,,,,,6.797944933462905,-122.16787215830055,-2.7035455822060355,-13.751342113505364,24.75574597926617,-27.354521078869627,3.49,1.6,33.0,76.3,-1.0,83.4,1791.0,6.0,661529,624512,657757,544725,669394,641313,683734,673357,641553,54.54,0.103,0.091,0.9,1.0,0.0,0.0,2.0,12,6,Changeup,0,2,2,0,2,0,2,0,Infield shift,Standard,239.0,-0.011,0.488,,,0.103,-0.488,88.0,-2,2,0.313,0.687,27,25,28,26,1,0,,1.0,6.0,2.0,2.79,1.24,-1.24,38.8,,,,,
CH,2022-04-14,81.8,2.47,6.35,"Raleigh, Cal",663728,621383,field_out,hit_into_play,,,,,9.0,Cal Raleigh pops out to second baseman Leury Garcia.,R,R,L,CWS,SEA,X,4.0,popup,0,2,2022,0.98,0.57,0.35,1.65,,553993.0,677594.0,2,4,Top,128.56,127.93,,,,,-6.634080354365058,-118.92458154629064,-5.1295187794123995,10.53122951736044,21.161564103245595,-25.9916503223268,3.49,1.6,181.0,69.3,52.0,81.5,1675.0,6.0,661529,624512,657757,544725,669394,641313,683734,673357,641553,54.55,0.142,0.149,0.0,1.0,0.0,0.0,3.0,29,4,Changeup,0,2,2,0,2,0,2,0,Standard,Standard,162.0,0.023,-0.181,,,0.192,0.181,88.0,-2,2,0.288,0.712,30,25,31,26,1,1,4.0,1.0,3.0,2.0,2.82,0.98,-0.98,50.1,,,,,
FF,2022-04-14,92.8,1.4,6.2,"Raleigh, Cal",663728,656986,home_run,hit_into_play,,,,,4.0,Cal Raleigh homers (1) on a fly ball to left field.,R,R,L,CWS,SEA,X,,fly_ball,2,0,2022,0.47,1.15,-0.7,2.78,,,,1,7,Top,32.79,93.04,,,,,-6.417444054500386,-135.0916780242355,-5.554397610088962,7.031607885174876,25.703255933512857,-17.030588738181848,3.49,1.6,364.0,105.7,42.0,93.6,1999.0,6.4,661529,624512,657757,544725,669394,641313,683734,673357,641553,54.06,0.3276,0.6738,2.0,1.0,0.0,3.0,6.0,50,3,4-Seam Fastball,1,2,2,1,3,1,3,1,Standard,Standard,166.0,-0.123,1.477,,,1.3176,-1.477,105.7,-1,1,0.324,0.6759999999999999,27,25,27,26,1,2,2.0,1.0,2.0,2.0,1.47,0.47,-0.47,45.0,,,,,
FF,2022-04-11,90.0,-1.88,6.05,"Raleigh, Cal",663728,605164,field_out,hit_into_play,,,,,12.0,Cal Raleigh lines out softly to shortstop Carlos Correa.,R,L,R,MIN,SEA,X,6.0,line_drive,3,1,2022,-0.14,1.65,0.9,2.8,,,677594.0,2,5,Top,151.57,140.91,,,,,7.157143996392387,-130.8353017997554,-5.564134968971109,-3.162267065128982,28.161638328107735,-12.204921341953575,3.49,1.6,179.0,59.5,27.0,89.4,2378.0,6.0,661754,596142,593934,593871,650333,621043,666135,621439,596146,54.51,0.542,0.488,0.0,1.0,0.0,0.0,4.0,35,5,4-Seam Fastball,1,0,0,1,0,1,0,1,Infield shift,Standard,196.0,0.044,-0.364,,,0.559,0.364,88.0,1,-1,0.664,0.3359999999999999,29,25,30,26,2,1,,3.0,7.0,2.0,1.17,0.14,-0.14,54.9,,,,,
SL,2022-04-08,79.3,-2.38,5.04,"Raleigh, Cal",663728,657746,single,hit_into_play,,,,,8.0,Cal Raleigh singles on a soft ground ball to third baseman Gio Urshela. J.P. Crawford to 2nd.,R,L,R,MIN,SEA,X,5.0,ground_ball,0,1,2022,0.37,0.48,0.06,1.81,,,641487.0,2,4,Top,98.41,174.07,,,,,4.623365789435132,-115.52269700202584,-1.2422715743308372,2.5206591422266804,19.99209792920607,-27.836777373138247,3.49,1.6,3.0,38.2,-34.0,78.9,2069.0,5.8,661750,680777,593934,593871,570482,621043,666135,621439,596146,54.71,0.261,0.236,0.9,1.0,1.0,0.0,1.0,29,2,Slider,0,2,2,0,2,0,2,0,Infield shift,Standard,152.0,-0.019,0.384,,,0.271,-0.384,88.0,-2,2,0.295,0.7050000000000001,26,25,26,26,2,1,,,7.0,3.0,3.12,-0.37,0.37,,,,,,
,2022-04-05,,,,"Raleigh, Cal",663728,668881,double,hit_into_play,,,,,,Cal Raleigh doubles (2) on a line drive to center fielder Nick Senzel.,S,L,R,CIN,SEA,X,8.0,line_drive,0,0,2022,,,,,,,,2,2,Top,95.23,81.47,,,,,,,,,,,,,,,,,,,706987,663886,458015,663697,519058,571657,502054,669222,571980,,,,1.25,,1.0,1.0,,14,1,,1,2,2,1,2,1,2,1,,,,-0.022,0.573,,,,-0.573,,-1,1,0.433,0.567,22,25,23,26,1,0,,,,,,,,,,,,,
,2022-04-03,,,,"Raleigh, Cal",663728,663738,field_out,hit_into_play,,,,,,"Cal Raleigh grounds out, third baseman Bobby Witt Jr.  to first baseman Carlos Santana.   Jarred Kelenic to 2nd.",S,R,L,KC,SEA,X,5.0,ground_ball,0,0,2022,,,,,,,672284.0,1,4,Top,105.7,165.22,,,,,,,,,,,,,,,,,,,706946,521692,467793,670032,677951,609275,643217,572191,593160,,,,0.0,,0.0,0.0,,33,1,,3,2,2,3,2,3,2,3,,,,0.025,-0.314,,,,0.314,,1,-1,0.619,0.381,25,25,26,26,2,1,,,,,,,,,,,,,
SI,2022-04-01,90.7,1.74,5.64,"Raleigh, Cal",663728,607536,field_error,hit_into_play,,,,,2.0,Cal Raleigh reaches on a throwing error by shortstop Jose Iglesias.,S,R,L,COL,SEA,X,6.0,ground_ball,0,2,2022,1.33,0.57,-0.18,3.05,,,,1,6,Top,111.11,158.23,,,,,-7.70837938830971,-131.82138015093977,-1.749519860531444,17.093416949399078,28.03243892254728,-25.40016391167373,3.49,1.6,28.0,97.3,-5.0,91.5,2289.0,6.8,706970,553869,543068,663898,641857,578428,592178,602074,453568,53.67,0.284,,0.9,,0.0,0.0,2.0,36,3,Sinker,1,0,0,1,0,1,0,1,Standard,Standard,143.0,-0.05,0.539,,,0.316,-0.539,97.3,1,-1,0.705,0.295,29,25,29,26,2,1,,,,,2.21,1.33,-1.33,,,,,,
CH,2022-04-01,85.8,1.96,5.59,"Raleigh, Cal",663728,607536,single,hit_into_play,,,,,3.0,Cal Raleigh singles on a ground ball to center fielder Yonathan Daza.,S,R,L,COL,SEA,X,8.0,ground_ball,1,0,2022,1.06,0.63,0.61,2.92,,,,1,3,Top,102.59,96.13,,,,,-5.349088844147063,-124.90837261271923,-1.3455872322412188,12.149344553628495,24.717077535451104,-25.56206363320597,3.49,1.6,142.0,109.7,7.0,86.3,1491.0,6.5,706970,553869,543068,663898,641857,578428,592178,602074,453568,53.98,0.726,,0.9,,1.0,0.0,4.0,16,2,Changeup,0,0,0,0,0,0,0,0,Standard,Standard,131.0,-0.025,0.379,,,0.872,-0.379,109.7,0,0,0.522,0.478,29,25,29,26,1,0,,,,,2.46,1.06,-1.06,,,,,,
,2022-03-30,,,,"Raleigh, Cal",663728,592767,triple,hit_into_play,,,,,,Cal Raleigh triples (1) on a fly ball to right fielder Seiya Suzuki.,S,R,L,CHC,SEA,X,9.0,fly_ball,0,0,2022,,,,,,,,2,2,Top,182.74,58.58,,,,,,,,,,,,,,,,,,,707006,575929,643524,663611,542340,663538,640449,518792,673548,,,,1.6,,1.0,2.0,,13,1,,0,0,0,0,0,0,0,0,,,,-0.028,0.746,,,,-0.746,,0,0,0.54,0.4599999999999999,33,25,33,26,1,0,,,,,,,,,,,,,
,2022-03-28,,,,"Raleigh, Cal",663728,657248,grounded_into_double_play,hit_into_play,,,,,,"Cal Raleigh grounds into a double play, second baseman Charlie Culberson to shortstop Marcus Semien to first baseman Nathaniel Lowe.   Julio Rodriguez out at 2nd.    Cal Raleigh out at 1st.",S,L,R,SEA,TEX,X,4.0,ground_ball,0,0,2022,,,,,,647351.0,677594.0,1,2,Bot,155.54,162.05,,,,,,,,,,,,,,,,,,,706830,641680,663993,518586,628451,543760,669256,666969,594777,,,,0.0,,0.0,0.0,,17,1,,0,0,0,0,0,0,0,0,,,,-0.093,-0.316,,,,0.316,,0,0,0.593,0.593,26,25,26,26,1,0,,,,,,,,,,,,,
,2022-03-28,,,,"Raleigh, Cal",663728,607359,single,hit_into_play,,,,,,Cal Raleigh singles on a fly ball to left fielder Nick Solak.   Abraham Toro scores.    Cade Marlowe to 3rd.,S,L,R,SEA,TEX,X,7.0,fly_ball,0,0,2022,,,,,647351.0,687799.0,,1,5,Bot,89.15,129.61,,,,,,,,,,,,,,,,,,,706830,641680,663993,518586,628451,660634,669256,642201,594777,,,,0.9,,1.0,0.0,,47,1,,5,2,5,2,2,6,6,2,,,,0.029,0.535,,,,-0.535,,3,3,0.92,0.92,34,25,34,26,1,2,,,,,,,,,,,,,
,2022-03-27,,,,"Raleigh, Cal",663728,642758,home_run,hit_into_play,,,,,,Cal Raleigh homers (1) on a fly ball to center field.,S,L,R,ATH,SEA,X,,fly_ball,0,0,2022,,,,,,,,1,8,Top,153.38,22.51,,,,,,,,,,,,,,,,,,,706876,542194,660650,547173,641914,623515,665138,665506,642002,,,,2.0,,0.0,3.0,,62,1,,0,5,5,0,6,0,6,0,,,,-0.01,1.582,,,,-1.582,,-5,5,0.019,0.981,28,25,28,26,1,0,,,,,,,,,,,,,
,2022-03-25,,,,"Raleigh, Cal",663728,621383,field_out,hit_into_play,,,,,,"Cal Raleigh grounds out, second baseman Romy Gonzalez to first baseman Gavin Sheets.   Jarred Kelenic to 3rd.",S,R,L,SEA,CWS,X,4.0,ground_ball,0,0,2022,,,,,,672284.0,,1,5,Bot,127.15,162.1,,,,,,,,,,,,,,,,,,,706832,518735,657757,663853,669394,664901,642772,673461,683734,,,,0.0,,0.0,0.0,,37,1,,1,0,1,0,0,1,1,0,,,,-0.029,-0.26,,,,0.26,,1,1,0.728,0.728,30,25,31,26,1,1,,,,,,,,,,,,,
,2022-03-22,,,,"Raleigh, Cal",663728,543294,field_out,hit_into_play,,,,,,Cal Raleigh pops out to first baseman Alfonso Rivas in foul territory.,S,L,R,SEA,CHC,X,3.0,popup,0,0,2022,,,,,,553993.0,,0,1,Bot,162.85,182.92,,,,,,,,,,,,,,,,,,,706838,543228,663845,545121,553988,663538,640449,542364,683357,,,,0.0,,0.0,0.0,,7,1,,2,0,2,0,0,2,2,0,,,,-0.028,-0.257,,,,0.257,,2,2,0.775,0.775,32,25,33,26,1,0,,,,,,,,,,,,,
,2022-03-19,,,,"Raleigh, Cal",663728,686752,double,hit_into_play,,,,,,Cal Raleigh doubles (1) on a line drive to right fielder James Outman.   Abraham Toro scores.,S,L,R,SEA,LAD,X,9.0,line_drive,0,0,2022,,,,,,647351.0,,2,2,Bot,187.0,130.8,,,,,,,,,,,,,,,,,,,706836,605131,571875,666158,621458,607208,552662,641355,681546,,,,1.25,,1.0,1.0,,22,1,,5,1,5,1,1,6,6,1,,,,0.043,0.908,,,,-0.908,,4,4,0.872,0.872,24,25,25,26,2,1,,,,,,,,,,,,,
