pitch_type,game_date,release_speed,release_pos_x,release_pos_z,player_name,batter,pitcher,events,description,spin_dir,spin_rate_deprecated,break_angle_deprecated,break_length_deprecated,zone,des,game_type,stand,p_throws,home_team,away_team,type,hit_location,bb_type,balls,strikes,game_year,pfx_x,pfx_z,plate_x,plate_z,on_3b,on_2b,on_1b,outs_when_up,inning,inning_topbot,hc_x,hc_y,tfs_deprecated,tfs_zulu_deprecated,umpire,sv_id,vx0,vy0,vz0,ax,ay,az,sz_top,sz_bot,hit_distance_sc,launch_speed,launch_angle,effective_speed,release_spin_rate,release_extension,game_pk,fielder_2,fielder_3,fielder_4,fielder_5,fielder_6,fielder_7,fielder_8,fielder_9,release_pos_y,estimated_ba_using_speedangle,estimated_woba_using_speedangle,woba_value,woba_denom,babip_value,iso_value,launch_speed_angle,at_bat_number,pitch_number,pitch_name,home_score,away_score,bat_score,fld_score,post_away_score,post_home_score,post_bat_score,post_fld_score,if_fielding_alignment,of_fielding_alignment,spin_axis,delta_home_win_exp,delta_run_exp,bat_speed,swing_length,estimated_slg_using_speedangle,delta_pitcher_run_exp,hyper_speed,home_score_diff,bat_score_diff,home_win_exp,bat_win_exp,age_pit_legacy,age_bat_legacy,age_pit,age_bat,n_thruorder_pitcher,n_priorpa_thisgame_player_at_bat,pitcher_days_since_prev_game,batter_days_since_prev_game,pitcher_days_until_next_game,batter_days_until_next_game,api_break_z_with_gravity,api_break_x_arm,api_break_x_batter_in,arm_angle,attack_angle,attack_direction,swing_path_tilt,intercept_ball_minus_batter_pos_x_inches,intercept_ball_minus_batter_pos_y_inches
CH,2023-10-01,85.1,-2.38,5.4,"Raleigh, Cal",663728,641540,field_out,hit_into_play,,,,,13.0,Cal Raleigh flies out to left fielder Evan Carter.,R,L,R,SEA,TEX,X,7.0,fly_ball,2,0,2023,-1.33,0.5,-1.13,1.88,,,,0,4,Bot,80.98,101.8,,,,,5.643467213100015,-123.79534042279585,-2.994720298260132,-14.799752637022507,23.61213519214114,-26.610965643086985,3.46,1.66,267.0,81.0,40.0,86.0,1678.0,6.8,716360,641680,663993,543760,673962,608369,694497,665750,666969,53.72,0.026,0.027,0.0,1.0,0.0,0.0,3.0,26,3,Changeup,0,0,0,0,0,0,0,0,Infield shade,Standard,247.0,-0.04,-0.377,62.1,8.4,0.043,0.377,88.0,0,0,0.573,0.573,28,26,29,27,2,1,4.0,1.0,6.0,,2.64,1.33,-1.33,36.2,7.9688904912342515,0.3510987946714346,28.339019584406874,46.5899828654572,26.596420566772583
FF,2023-09-30,90.9,3.13,4.95,"Raleigh, Cal",663728,571760,field_out,hit_into_play,,,,,2.0,Cal Raleigh pops out to third baseman Josh Jung in foul territory.,R,R,L,SEA,TEX,X,5.0,popup,1,0,2023,1.52,1.2,-0.14,3.26,,,,0,4,Bot,72.92,156.41,,,,,-11.48933248335177,-131.9061959435872,-0.8504338211041147,20.20465070734328,29.57591122563491,-18.204762917501995,3.48,1.67,170.0,77.9,60.0,90.9,2353.0,6.6,716366,641680,663993,543760,673962,608369,694497,665750,666969,53.91,0.024,0.023,0.0,1.0,0.0,0.0,3.0,39,2,4-Seam Fastball,0,5,0,5,5,0,0,5,Standard,Standard,123.0,-0.018,-0.306,77.3,7.8,0.029,0.306,88.0,-5,-5,0.096,0.096,32,26,32,27,2,1,2.0,1.0,7.0,1.0,1.58,1.52,-1.52,28.0,23.189657252753427,-24.11653594378878,24.005806943518152,34.48246099303878,42.521057313047194
FF,2023-09-30,90.5,0.41,6.23,"Raleigh, Cal",663728,674003,field_out,hit_into_play,,,,,2.0,Cal Raleigh flies out sharply to left fielder Evan Carter.,R,R,L,SEA,TEX,X,7.0,fly_ball,2,1,2023,0.85,1.48,0.11,3.47,,,,1,8,Bot,69.56,75.05,,,,,-2.62054138613477,-131.75125966693247,-4.18841845183788,10.457596930672064,27.48242052687255,-14.262989485839327,3.48,1.67,336.0,102.9,42.0,92.4,1983.0,7.3,716366,641680,663993,543760,673962,608369,694497,665750,666969,53.16,0.192,0.365,0.0,1.0,0.0,0.0,5.0,71,4,4-Seam Fastball,1,6,1,6,6,1,1,6,Standard,Standard,145.0,-0.006,-0.31,76.2,7.6,0.7224999999999999,0.31,102.9,-5,-5,0.014,0.014,25,26,25,27,1,3,4.0,1.0,8.0,1.0,1.3,0.85,-0.85,62.8,21.984376947527796,-12.63789422336346,21.71808367153356,37.07286045203944,36.72181796194844
CH,2023-09-30,84.8,3.08,4.99,"Raleigh, Cal",663728,571760,force_out,hit_into_play,,,,,14.0,"Cal Raleigh grounds into a force out, third baseman Josh Jung to second baseman Marcus Semien. J.P. Crawford out at 2nd.",R,R,L,SEA,TEX,X,5.0,ground_ball,2,2,2023,1.47,0.43,1.11,1.54,,,641487.0,2,1,Bot,105.88,169.32,,,,,-7.5480847870592225,-123.25492632994768,-2.594095234492895,16.477473812092256,24.650733097867853,-27.453059148865027,3.48,1.67,25.0,68.1,-1.0,84.9,2056.0,6.4,716366,641680,663993,543760,673962,608369,694497,665750,666969,54.09,0.079,0.068,0.0,1.0,0.0,0.0,2.0,8,6,Changeup,0,0,0,0,0,0,0,0,Standard,Standard,104.0,-0.02,-0.24,69.4,8.5,0.083,0.24,88.0,0,0,0.52,0.52,32,26,32,27,1,0,2.0,1.0,7.0,1.0,2.75,1.47,-1.47,29.6,19.72886663092334,-10.973077384282536,28.75954616288322,49.13764701559024,41.90241291120627
CU,2023-09-30,84.6,-1.06,6.18,"Raleigh, Cal",663728,622250,field_out,hit_into_play,,,,,8.0,"Cal Raleigh grounds out, second baseman Marcus Semien to first baseman Nathaniel Lowe.",R,L,R,SEA,TEX,X,4.0,ground_ball,0,0,2023,1.09,-1.03,-0.23,2.15,,,,0,6,Bot,140.71,142.41,,,,,-0.2334503923741961,-123.2093070994336,-0.947590646402547,11.060532360688743,26.509991881349848,-42.62102635473463,3.48,1.67,28.0,97.8,-3.0,84.1,2302.0,6.1,716366,641680,663993,543760,673962,608369,694497,665750,666969,54.41,0.329,0.295,0.0,1.0,0.0,0.0,2.0,54,1,Curveball,0,5,0,5,5,0,0,5,Infield shade,Standard,29.0,-0.013,-0.265,73.3,7.5,0.367,0.265,97.8,-5,-5,0.057,0.057,29,26,30,27,1,2,1.0,1.0,4.0,1.0,4.23,-1.09,1.09,48.3,4.935667839231917,5.427183707643336,33.57571406506799,36.81431560406978,26.590653595887257
FC,2023-09-29,90.9,-2.47,5.4,"Raleigh, Cal",663728,543135,field_out,hit_into_play,,,,,3.0,Cal Raleigh flies out to shortstop Corey Seager.,R,L,R,SEA,TEX,X,6.0,fly_ball,2,0,2023,0.05,0.75,0.39,3.01,,553993.0,,2,3,Bot,130.32,119.44,,,,,7.109803247174144,-132.25176548058536,-1.715829150543901,-0.8504631650070971,26.90980588030916,-23.216881742440375,3.48,1.67,203.0,65.7,41.0,91.8,2334.0,6.7,716379,641680,663993,543760,673962,608369,694497,665750,666969,53.77,0.495,0.485,0.0,1.0,0.0,0.0,4.0,28,3,Cutter,3,0,3,0,0,3,3,0,Infield shade,Standard,196.0,-0.019,-0.345,75.0,7.1,0.591,0.345,88.0,3,3,0.833,0.833,33,26,33,27,2,1,5.0,1.0,5.0,1.0,2.0,-0.05,0.05,31.1,5.840835266762289,5.5718435194365075,31.65522230071183,29.353527720292828,28.282379670954185
FF,2023-09-29,94.8,-2.42,5.36,"Raleigh, Cal",663728,543135,field_out,hit_into_play,,,,,11.0,Cal Raleigh lines out to third baseman Josh Jung.,R,L,R,SEA,TEX,X,5.0,line_drive,0,2,2023,-1.03,1.08,-0.93,3.68,,,,0,2,Bot,107.91,152.59,,,,,6.255499092115937,-137.9174310134881,-1.1530225661745954,-14.584365185867489,29.944588087130388,-18.378548792319428,3.48,1.67,168.0,103.0,7.0,95.9,2098.0,6.9,716379,641680,663993,543760,673962,608369,694497,665750,666969,53.64,0.695,0.652,0.0,1.0,0.0,0.0,4.0,13,3,4-Seam Fastball,0,0,0,0,0,0,0,0,Infield shade,Standard,223.0,-0.015,-0.169,67.7,6.3,0.78,0.169,103.0,0,0,0.543,0.543,33,26,33,27,1,0,5.0,1.0,5.0,1.0,1.46,1.03,-1.03,30.6,4.761001273794381,21.66260877578713,13.377735195357545,42.328952164605454,21.120454261891783
FF,2023-09-28,93.6,1.56,6.74,"Raleigh, Cal",663728,656756,field_out,hit_into_play,,,,,7.0,Cal Raleigh flies out to left fielder Evan Carter.,R,R,L,SEA,TEX,X,7.0,fly_ball,2,2,2023,0.5,1.42,-0.82,1.96,,553993.0,,1,6,Bot,66.68,70.43,,,,,-7.24403328525122,-135.93569949074572,-9.758420980435824,7.683205322371411,28.25978000288956,-12.635126544358643,3.48,1.66,349.0,91.9,29.0,94.0,2215.0,6.5,716397,641680,663993,543760,673962,608369,694497,665750,666969,54.01,0.076,0.111,0.0,1.0,0.0,0.0,3.0,44,5,4-Seam Fastball,1,2,1,2,2,1,1,2,Standard,Standard,143.0,-0.058,-0.238,71.5,7.6,0.211,0.238,91.9,-1,-1,0.426,0.426,30,26,31,27,3,2,5.0,1.0,5.0,1.0,1.18,0.5,-0.5,47.2,13.850564394036336,-11.583346091031329,41.201239096359735,26.6936229766388,33.44641027128549
CH,2023-09-28,83.8,1.55,6.65,"Raleigh, Cal",663728,656756,single,hit_into_play,,,,,14.0,Cal Raleigh singles on a line drive to center fielder Leody Taveras.,R,R,L,SEA,TEX,X,8.0,line_drive,1,2,2023,0.85,1.21,1.18,2.25,,,,2,4,Bot,89.3,84.59,,,,,-2.5773804822429756,-121.94488806276476,-6.252573298990318,9.024442929034027,21.82994466407188,-19.08191878352896,3.48,1.66,248.0,85.3,16.0,84.7,1712.0,6.7,716397,641680,663993,543760,673962,608369,694497,665750,666969,53.83,0.971,0.911,0.9,1.0,1.0,0.0,4.0,28,4,Changeup,1,2,1,2,2,1,1,2,Standard,Standard,134.0,0.019,0.427,72.4,7.9,1.098,-0.427,88.0,-1,-1,0.373,0.373,30,26,31,27,2,1,5.0,1.0,5.0,1.0,2.01,0.85,-0.85,47.6,17.90960134638828,0.8372359099515905,25.401920587988176,49.295153300285776,34.32536604598683
CU,2023-09-28,79.4,1.48,6.79,"Raleigh, Cal",663728,656756,field_out,hit_into_play,,,,,9.0,Cal Raleigh flies out to center fielder Leody Taveras.,R,R,L,SEA,TEX,X,8.0,fly_ball,1,2,2023,-0.25,-0.88,0.69,2.19,,,,1,2,Bot,141.23,77.22,,,,,-1.27648577561337,-115.77543272498508,-1.7222272568995385,-1.9865862144902984,20.684432149475303,-39.99698015774038,3.48,1.66,305.0,89.6,39.0,79.8,2283.0,6.3,716397,641680,663993,543760,673962,608369,694497,665750,666969,54.16,0.013,0.016,0.0,1.0,0.0,0.0,3.0,11,4,Curveball,0,0,0,0,0,0,0,0,Standard,Standard,329.0,-0.013,-0.189,68.5,7.8,0.025,0.189,89.6,0,0,0.524,0.524,30,26,31,27,1,0,5.0,1.0,5.0,1.0,4.47,-0.25,0.25,51.5,17.7616013058626,-2.647272194906591,31.380804993969495,43.84090523711513,35.66576325375883
FF,2023-09-28,97.6,0.22,6.03,"Raleigh, Cal",663728,547973,single,hit_into_play,,,,,4.0,Cal Raleigh singles on a line drive to left fielder Evan Carter.,R,R,L,SEA,TEX,X,7.0,line_drive,1,0,2023,0.6,1.48,-0.51,2.49,,,,0,9,Bot,95.16,95.59,,,,,-3.402396882487451,-141.98388032981455,-7.575310909457485,8.84059244727436,30.953478436405295,-10.594957532508973,3.48,1.66,216.0,78.4,17.0,99.4,2277.0,7.2,716397,641680,663993,543760,673962,608369,694497,665750,666969,53.32,0.929,0.865,0.9,1.0,1.0,0.0,4.0,63,2,4-Seam Fastball,1,2,1,2,2,1,1,2,Standard,Standard,152.0,0.122,0.392,79.6,7.1,1.027,-0.392,88.0,-1,-1,0.217,0.217,35,26,35,27,1,3,1.0,1.0,5.0,1.0,0.9,0.6,-0.6,49.2,4.188211776483879,7.110057749355755,36.068312359933934,30.14749580469021,30.059460557798285
CH,2023-09-27,90.7,0.46,6.17,"Raleigh, Cal",663728,664285,single,hit_into_play,,,,,14.0,Cal Raleigh singles on a line drive to right fielder Kyle Tucker.,R,R,L,SEA,HOU,X,9.0,line_drive,1,2,2023,1.43,0.26,1.3,2.57,,,,0,4,Bot,172.22,109.19,,,,,-0.9407712527345364,-132.10743071452023,-3.627238306379765,16.973550299033494,29.000584706262963,-28.56076481924656,3.48,1.66,252.0,84.9,18.0,89.9,1620.0,5.8,716407,455117,547989,514888,608324,665161,488726,643289,663656,54.66,0.903,0.852,0.9,1.0,1.0,0.0,4.0,34,5,Changeup,1,4,1,4,4,1,1,4,Standard,Standard,134.0,0.049,0.504,69.1,7.6,1.021,-0.504,88.0,-3,-3,0.21,0.21,29,26,30,27,2,1,5.0,1.0,11.0,1.0,2.51,1.43,-1.43,51.8,13.220300299294884,15.08030830608292,23.64485177475601,51.79980196897341,21.4901687661329
SI,2023-09-27,93.5,0.82,6.1,"Raleigh, Cal",663728,664285,field_out,hit_into_play,,,,,5.0,"Cal Raleigh grounds out sharply, shortstop Jeremy Pena to first baseman Jose Abreu.",R,R,L,SEA,HOU,X,6.0,ground_ball,0,0,2023,1.14,0.63,0.07,2.38,,,,0,2,Bot,100.94,150.34,,,,,-4.416874541711421,-136.08851123020673,-5.249551153934909,15.144595806661751,27.542039077600627,-23.408034060064978,3.48,1.66,141.0,105.8,9.0,93.2,2089.0,5.9,716407,455117,547989,514888,608324,665161,488726,643289,663656,54.58,0.75,0.7,0.0,1.0,0.0,0.0,4.0,14,1,Sinker,1,0,1,0,0,1,1,0,Infield shade,Standard,139.0,-0.02,-0.265,77.0,7.9,0.886,0.265,105.8,1,1,0.656,0.656,29,26,30,27,1,0,5.0,1.0,11.0,1.0,1.96,1.14,-1.14,47.9,13.125493818942152,2.6513491114473373,31.28519711997873,36.43932846426482,32.92448896937822
FF,2023-09-27,93.9,-0.28,5.74,"Raleigh, Cal",663728,519151,field_out,hit_into_play,,,,,6.0,Cal Raleigh flies out to center fielder Mauricio Dubon.,R,L,R,SEA,HOU,X,8.0,fly_ball,2,0,2023,0.08,1.46,0.36,2.83,,553993.0,672284.0,2,9,Bot,134.61,93.13,,,,,1.4752093416460617,-136.7744893918982,-5.080785659090252,0.7329415775900394,28.89941289149121,-12.876228320011757,3.48,1.66,266.0,81.1,43.0,94.2,2433.0,6.3,716407,455117,547989,514888,608324,665161,488726,643289,663656,54.16,0.021,0.019,0.0,1.0,0.0,0.0,3.0,87,3,4-Seam Fastball,3,8,3,8,8,3,3,8,Infield shade,Standard,196.0,-0.007,-0.347,75.8,7.4,0.026,0.347,88.0,-5,-5,0.007,0.007,34,26,35,27,1,4,3.0,1.0,2.0,1.0,1.11,-0.08,0.08,60.6,10.603434997542726,1.6951360722467002,33.28113332574839,29.36856107862629,29.73183851850066
CH,2023-09-27,89.4,-1.05,5.59,"Raleigh, Cal",663728,608665,grounded_into_double_play,hit_into_play,,,,,11.0,"Cal Raleigh grounds into a double play, second baseman Jose Altuve to shortstop Jeremy Pena to first baseman Jose Abreu. Ty France out at 2nd. Cal Raleigh out at 1st.",R,L,R,SEA,HOU,X,4.0,ground_ball,3,1,2023,-1.36,0.35,-0.96,2.58,,,664034.0,1,5,Bot,141.37,152.59,,,,,3.109910716018733,-130.15306027787523,-2.1211702886885253,-16.142419900006658,28.415746024774784,-27.98244058264055,3.48,1.66,8.0,71.1,-17.0,89.3,1657.0,6.3,716407,455117,547989,514888,608324,665161,488726,643289,663656,54.18,0.05,0.05,0.0,1.0,0.0,0.0,2.0,48,5,Changeup,3,4,3,4,4,3,3,4,Infield shade,Standard,232.0,-0.102,-0.462,76.9,8.4,0.053,0.462,88.0,-1,-1,0.442,0.442,32,26,33,27,1,2,3.0,1.0,3.0,1.0,2.51,1.36,-1.36,41.7,14.449503286941525,-17.411381253239743,23.660268114961784,43.459605795260075,42.81675811869475
FF,2023-09-26,94.0,-1.63,5.72,"Raleigh, Cal",663728,664299,field_out,hit_into_play,,,,,2.0,Cal Raleigh pops out to second baseman Jose Altuve.,R,L,R,SEA,HOU,X,4.0,popup,0,1,2023,-0.35,1.71,0.27,3.19,,,,2,1,Bot,155.56,159.18,,,,,5.649446314060419,-136.70974999282095,-4.586432812750308,-5.650044885585909,31.14101561697521,-9.929823083710568,3.48,1.67,134.0,84.1,67.0,93.3,2307.0,6.0,716425,455117,547989,514888,608324,665161,670541,676801,663656,54.53,0.001,0.0,0.0,1.0,0.0,0.0,3.0,9,2,4-Seam Fastball,0,0,0,0,0,0,0,0,Infield shade,Standard,206.0,-0.008,-0.23,76.3,8.0,0.001,0.23,88.0,0,0,0.508,0.508,26,26,26,27,1,0,6.0,1.0,5.0,1.0,0.88,0.35,-0.35,39.2,17.388342164413494,-10.964225517517404,26.25609820156319,30.205508203901964,35.04246168472413
ST,2023-09-26,77.2,-2.23,5.19,"Raleigh, Cal",663728,664208,single,hit_into_play,,,,,5.0,Cal Raleigh singles on a line drive to right fielder Kyle Tucker.,R,L,R,SEA,HOU,X,9.0,line_drive,0,0,2023,1.83,0.27,0.21,2.49,,,,1,7,Bot,206.3,113.54,,,,,1.8558273752938537,-112.3368795769712,0.8323728818243727,14.944251285547445,23.111419914925968,-30.35457436993926,3.48,1.67,246.0,96.1,18.0,77.0,2700.0,6.5,716425,673237,547989,514888,608324,665161,670541,676801,663656,54.01,0.437,0.452,0.9,1.0,1.0,0.0,4.0,59,1,Sweeper,5,1,5,1,1,5,5,1,Infield shade,Standard,69.0,0.003,0.416,77.2,7.8,0.654,-0.416,96.1,4,4,0.968,0.968,30,26,30,27,1,3,4.0,1.0,3.0,1.0,3.6,-1.83,1.83,25.5,15.938505665924618,-5.993724853713707,29.47572631846588,32.59399935496279,39.59249001298673
FF,2023-09-26,95.4,-1.14,5.03,"Raleigh, Cal",663728,606160,single,hit_into_play,,,,,14.0,Cal Raleigh singles on a line drive to right fielder Kyle Tucker. Josh Rojas scores. Julio Rodriguez scores. Cal Raleigh to 3rd. Throwing error by right fielder Kyle Tucker.,R,L,R,SEA,HOU,X,9.0,line_drive,3,0,2023,-0.77,1.42,1.0,2.5,,668942.0,677594.0,2,5,Bot,190.55,133.33,,,,,7.377206493302848,-138.70690175759665,-4.19121850872059,-11.656998298398396,32.521319207779804,-13.120180895784934,3.48,1.67,213.0,69.1,32.0,95.3,2302.0,6.4,716425,455117,547989,514888,608324,665161,670541,676801,663656,54.11,0.803,0.784,0.9,1.0,1.0,0.0,4.0,39,4,4-Seam Fastball,2,0,2,0,0,4,4,0,Infield shade,Standard,220.0,0.11,0.431,75.5,6.9,0.92,-0.431,88.0,2,2,0.819,0.819,32,26,33,27,1,2,3.0,1.0,5.0,1.0,1.1,0.77,-0.77,34.9,0.0752662454588976,2.628938280381015,34.099694117081064,21.309288276370552,30.701914932335495
FF,2023-09-25,92.9,-1.15,7.04,"Raleigh, Cal",663728,434378,field_out,hit_into_play,,,,,11.0,Cal Raleigh flies out to left fielder Chas McCormick.,R,L,R,SEA,HOU,X,7.0,fly_ball,2,1,2023,-0.83,1.58,-0.85,2.77,,,,0,7,Bot,107.28,89.82,,,,,2.5547101051636045,-135.0651928847384,-8.491642333838087,-10.705525057574285,31.454509583197307,-11.150247185705874,3.48,1.67,277.0,81.1,38.0,91.7,2335.0,5.8,716436,455117,547989,514888,608324,665161,676801,643289,663656,54.72,0.029,0.031,0.0,1.0,0.0,0.0,3.0,51,4,4-Seam Fastball,0,5,0,5,5,0,0,5,Infield shade,Standard,206.0,-0.014,-0.313,75.8,7.8,0.045,0.313,88.0,-5,-5,0.041,0.041,40,26,40,27,3,2,7.0,1.0,5.0,1.0,1.08,0.83,-0.83,57.7,10.135038967659044,-3.5788226180061664,22.674981871450957,43.66292460402805,30.449100885493245
SL,2023-09-25,85.6,-1.39,7.03,"Raleigh, Cal",663728,434378,field_out,hit_into_play,,,,,3.0,Cal Raleigh flies out sharply to right fielder Kyle Tucker.,R,L,R,SEA,HOU,X,9.0,fly_ball,2,0,2023,0.37,0.23,0.32,3.08,,,,2,1,Bot,202.41,93.81,,,,,3.2664613556689206,-124.68403094547156,-3.5165704776190014,3.2058135698887305,24.96598258385004,-29.244148702822976,3.48,1.67,320.0,102.7,47.0,85.1,2353.0,5.9,716436,455117,547989,514888,608324,665161,676801,643289,663656,54.61,0.045,0.057,0.0,1.0,0.0,0.0,3.0,7,3,Slider,0,0,0,0,0,0,0,0,Infield shade,Standard,145.0,-0.014,-0.374,77.6,8.0,0.112,0.374,102.7,0,0,0.514,0.514,40,26,40,27,1,0,7.0,1.0,5.0,1.0,2.87,-0.37,0.37,53.9,23.02969206229408,-15.742255374203328,25.815112547676502,30.84062709284819,39.91974235978984
FS,2023-09-24,84.1,-2.2,5.78,"Raleigh, Cal",663728,543135,single,hit_into_play,,,,,8.0,Cal Raleigh singles on a sharp ground ball to right fielder Adolis Garcia.   Julio Rodriguez to 3rd.,R,L,R,TEX,SEA,X,9.0,ground_ball,0,1,2023,-1.06,0.25,-0.04,1.9,,,677594.0,0,6,Top,201.56,114.11,,,,,7.246398033170733,-122.40509663344837,-3.1988903643752225,-12.019487599342748,22.190001951250395,-29.247821802407405,3.48,1.68,16.0,102.0,-6.0,86.0,1450.0,7.3,716446,641680,663993,543760,673962,608369,694497,665750,666969,53.18,0.347,0.315,0.9,1.0,1.0,0.0,2.0,44,2,Split-Finger,7,2,2,7,2,7,2,7,Infield shade,Standard,232.0,-0.047,0.489,78.9,8.1,0.402,-0.489,102.0,5,-5,0.935,0.0649999999999999,33,26,33,27,3,2,5.0,1.0,5.0,1.0,2.95,1.06,-1.06,38.5,17.447754828339402,-5.3282439888605415,34.69193337037371,36.41344579764669,39.27911940336598
FF,2023-09-24,93.3,-2.32,5.57,"Raleigh, Cal",663728,543135,field_out,hit_into_play,,,,,6.0,Cal Raleigh lines out to center fielder Leody Taveras.,R,L,R,TEX,SEA,X,8.0,line_drive,1,2,2023,-1.12,1.19,0.36,2.5,,,,2,3,Top,132.77,75.42,,,,,9.52302277046044,-135.5434758721746,-4.80751954733329,-15.897926315743716,30.15996813657818,-16.587461810634874,3.48,1.68,308.0,99.0,17.0,94.6,2219.0,7.2,716446,641680,663993,543760,673962,608369,694497,665750,666969,53.32,0.476,0.507,0.0,1.0,0.0,0.0,4.0,19,4,4-Seam Fastball,1,2,2,1,2,1,2,1,Infield shade,Standard,221.0,0.008,-0.191,70.4,6.5,0.731,0.191,99.0,-1,1,0.429,0.571,33,26,33,27,2,1,5.0,1.0,5.0,1.0,1.44,1.12,-1.12,31.6,5.485951786763653,7.277199419107917,37.493141122392,27.82832991480887,28.338581911255808
FS,2023-09-24,85.0,-2.4,5.65,"Raleigh, Cal",663728,543135,field_out,hit_into_play,,,,,7.0,"Cal Raleigh grounds out, second baseman Marcus Semien to first baseman Nathaniel Lowe.",R,L,R,TEX,SEA,X,4.0,ground_ball,1,0,2023,-1.07,-0.2,-0.79,2.13,,,,2,1,Top,140.6,162.99,,,,,6.004938976129925,-123.71269649792583,-1.554327894713308,-12.188542310452997,23.92065971947836,-34.121483200953996,3.48,1.68,2.0,62.0,-48.0,86.3,1592.0,7.0,716446,641680,663993,543760,673962,608369,694497,665750,666969,53.49,0.25,0.224,0.0,1.0,0.0,0.0,2.0,3,2,Split-Finger,0,0,0,0,0,0,0,0,Infield shade,Standard,234.0,0.011,-0.317,77.6,8.6,0.275,0.317,88.0,0,0,0.537,0.4629999999999999,33,26,33,27,1,0,5.0,1.0,5.0,1.0,3.34,1.07,-1.07,35.9,22.116119736317557,-16.02146539602194,29.038772497164143,42.26796193904837,45.37512166170481
SI,2023-09-23,92.8,1.57,6.7,"Raleigh, Cal",663728,656756,field_out,hit_into_play,,,,,5.0,Cal Raleigh flies out to center fielder Leody Taveras.,R,R,L,TEX,SEA,X,8.0,fly_ball,3,1,2023,1.29,0.97,-0.08,2.5,,,606192.0,2,5,Top,145.35,37.95,,,,,-7.064935056566077,-134.97758146747384,-7.177742253781148,17.233036732311515,27.003968732910145,-18.934874042638302,3.48,1.67,406.0,101.1,25.0,93.6,2231.0,6.6,716461,641680,663993,543760,673962,608369,694497,665750,666969,53.91,0.5711538461538461,1.0440256410256414,0.0,1.0,0.0,0.0,6.0,39,5,Sinker,2,0,0,2,0,2,0,2,Standard,Standard,146.0,0.039,-0.399,75.3,7.4,2.021717948717949,0.399,101.1,2,-2,0.773,0.2269999999999999,30,26,31,27,3,2,5.0,1.0,5.0,1.0,1.66,1.29,-1.29,44.1,8.9105284257504,3.00367539865941,34.60663442323793,37.86561265023147,30.574261838426914
CH,2023-09-23,83.3,1.48,6.61,"Raleigh, Cal",663728,656756,field_out,hit_into_play,,,,,6.0,Cal Raleigh pops out to first baseman Nathaniel Lowe in foul territory.,R,R,L,TEX,SEA,X,3.0,popup,1,0,2023,0.72,1.11,0.75,2.36,,,606192.0,2,1,Top,174.97,182.41,,,,,-3.1077028141993024,-121.22486203095252,-5.522184475047377,7.678099603706812,23.779195772215157,-20.345325383667095,3.48,1.67,125.0,75.4,70.0,83.8,1396.0,6.6,716461,641680,663993,543760,673962,608369,694497,665750,666969,53.86,0.001,0.0,0.0,1.0,0.0,0.0,3.0,4,2,Changeup,0,0,0,0,0,0,0,0,Standard,Standard,131.0,0.024,-0.316,68.7,7.6,0.001,0.316,88.0,0,0,0.524,0.476,30,26,31,27,1,0,5.0,1.0,5.0,1.0,2.17,0.72,-0.72,46.2,14.874226087372865,2.1712135364479077,25.14659429835998,46.20587450089979,37.020645147288086
FF,2023-09-23,96.7,-1.53,5.83,"Raleigh, Cal",663728,600917,field_out,hit_into_play,,,,,4.0,"Cal Raleigh grounds out, third baseman Josh Jung to first baseman Nathaniel Lowe.",R,L,R,TEX,SEA,X,5.0,ground_ball,0,1,2023,-0.31,1.26,-0.51,2.78,,,,2,8,Top,111.5,152.19,,,,,3.3872836558844472,-140.74177828521255,-5.4006895536338115,-4.867242336098536,32.194096626886406,-14.406363948831364,3.48,1.67,115.0,105.4,4.0,95.7,2620.0,5.7,716461,641680,663993,543760,673962,608369,694497,665750,666969,54.77,0.576,0.528,0.0,1.0,0.0,0.0,4.0,61,2,4-Seam Fastball,2,0,0,2,0,2,0,2,Infield shade,Standard,207.0,0.011,-0.23,74.4,7.1,0.646,0.23,105.4,2,-2,0.927,0.0729999999999999,29,26,30,27,1,3,4.0,1.0,1.0,1.0,1.18,0.31,-0.31,41.9,6.487727906972673,23.09599025705254,25.58321062572602,41.08037365234988,16.81398716157288
CH,2023-09-22,85.5,-2.5,5.32,"Raleigh, Cal",663728,641540,home_run,hit_into_play,,,,,4.0,Cal Raleigh homers (30) on a fly ball to right center field.    J.P. Crawford scores.    Julio Rodriguez scores.,R,L,R,TEX,SEA,X,,fly_ball,1,1,2023,-1.73,0.46,-0.39,2.31,,641487.0,677594.0,0,6,Top,183.21,39.26,,,,,8.48261383302521,-124.23937384125313,-1.7122956482795395,-19.64848191218512,25.33078560459955,-27.29648073307577,3.5,1.68,419.0,106.3,34.0,85.7,1803.0,6.5,716477,641680,663993,543760,673962,608369,694497,665750,666969,54.0,0.7686666666666668,1.5405238095238094,2.0,1.0,0.0,3.0,6.0,47,3,Changeup,8,0,0,8,3,8,3,8,Infield shade,Standard,249.0,-0.027,1.002,76.0,7.7,3.0588095238095243,-1.002,106.3,8,-8,0.979,0.021,28,26,29,27,3,2,6.0,2.0,5.0,1.0,2.67,1.73,-1.73,36.9,13.924738172268896,-3.5800791100188363,32.25443860662909,38.04327238811128,38.39385841278164
SL,2023-09-22,80.5,-2.46,5.37,"Raleigh, Cal",663728,641540,field_out,hit_into_play,,,,,13.0,"Cal Raleigh grounds out, third baseman Josh Jung to first baseman Nathaniel Lowe.",R,L,R,TEX,SEA,X,5.0,ground_ball,0,0,2023,0.14,-0.12,-0.88,1.78,,,,1,4,Top,110.64,168.28,,,,,3.263140614501972,-117.30969797947576,-1.084449665129505,0.7188125302753436,21.909955232438023,-33.28071584725621,3.5,1.68,7.0,70.8,-15.0,81.2,2412.0,6.7,716477,641680,663993,543760,673962,608369,694497,665750,666969,53.84,0.055,0.053,0.0,1.0,0.0,0.0,2.0,26,1,Slider,4,0,0,4,0,4,0,4,Infield shade,Standard,51.0,0.012,-0.267,77.1,8.2,0.068,0.267,88.0,4,-4,0.894,0.1059999999999999,28,26,29,27,2,1,6.0,2.0,5.0,1.0,3.62,-0.14,0.14,31.5,17.6491291334989,-6.096419268367398,33.95267365713506,43.59676149398275,39.268619373623885
FF,2023-09-22,94.3,3.03,4.88,"Raleigh, Cal",663728,571760,field_out,hit_into_play,,,,,5.0,Cal Raleigh flies out sharply to center fielder Leody Taveras.,R,R,L,TEX,SEA,X,8.0,fly_ball,3,2,2023,1.43,1.08,0.25,2.81,,,,1,7,Top,114.2,51.81,,,,,-10.45939095484105,-136.91516967681795,-2.055558684111966,20.335827835000437,30.67008069748738,-18.275940007922017,3.5,1.68,365.0,101.6,37.0,94.7,2391.0,6.7,716477,641680,663993,543760,673962,608369,694497,665750,666969,53.82,0.4021666666666667,0.7964166666666667,0.0,1.0,0.0,0.0,5.0,59,6,4-Seam Fastball,8,4,4,8,4,8,4,8,Standard,Standard,120.0,0.013,-0.328,74.8,7.1,1.5715833333333336,0.328,101.6,4,-4,0.953,0.047,32,26,32,27,1,3,3.0,2.0,3.0,1.0,1.49,1.43,-1.43,26.4,10.525670290930895,2.7453586627332953,23.31082067252593,41.623041609622966,31.552090963449736
FF,2023-09-22,98.4,0.43,6.18,"Raleigh, Cal",663728,547973,double,hit_into_play,,,,,7.0,Cal Raleigh doubles (23) on a line drive to center fielder Leody Taveras.   J.P. Crawford to 3rd.,R,R,L,TEX,SEA,X,8.0,line_drive,0,0,2023,0.18,1.51,-0.54,1.96,,,641487.0,1,9,Top,111.85,58.05,,,,,-3.0871025893499664,-143.06583723659108,-9.6172498350001,3.1325206884378405,32.771536563713035,-9.44764490742754,3.5,1.68,326.0,105.4,16.0,99.8,2261.0,7.1,716477,641680,663993,543760,673962,608369,694497,665750,666969,53.43,0.6,0.694,1.25,1.0,1.0,1.0,5.0,74,1,4-Seam Fastball,8,4,4,8,4,8,4,8,Standard,Standard,159.0,-0.035,0.801,76.5,7.6,1.05,-0.801,105.4,4,-4,0.985,0.015,35,26,35,27,1,4,3.0,2.0,1.0,1.0,0.85,0.18,-0.18,50.1,7.837045136185761,-1.295063565554069,36.836736784427366,33.08896374275933,28.093386739689077
CH,2023-09-22,86.4,-2.58,5.41,"Raleigh, Cal",663728,641540,field_out,hit_into_play,,,,,7.0,"Cal Raleigh grounds out, second baseman Marcus Semien to first baseman Nathaniel Lowe.",R,L,R,TEX,SEA,X,4.0,ground_ball,1,1,2023,-1.37,0.23,-0.74,2.07,,,,2,1,Top,157.66,147.8,,,,,7.205726059832567,-125.61204906728985,-2.205855454128786,-15.977287517274393,24.52533479867325,-29.52330390847831,3.5,1.68,4.0,107.6,-25.0,86.9,1647.0,6.6,716477,641680,663993,543760,673962,608369,694497,665750,666969,53.93,0.155,0.135,0.0,1.0,0.0,0.0,2.0,3,3,Changeup,0,0,0,0,0,0,0,0,Infield shade,Standard,251.0,0.01,-0.261,77.6,7.6,0.169,0.261,107.6,0,0,0.538,0.4619999999999999,28,26,29,27,1,0,6.0,2.0,5.0,1.0,2.82,1.37,-1.37,30.9,9.828583656482143,3.956956765831522,31.10620910350007,41.5591326075326,31.955173302950943
CH,2023-09-20,85.1,-1.71,5.94,"Raleigh, Cal",663728,683155,home_run,hit_into_play,,,,,13.0,Cal Raleigh homers (29) on a fly ball to right field.,R,L,R,ATH,SEA,X,,fly_ball,2,2,2023,-1.03,1.06,-0.06,1.53,,,,0,5,Top,228.32,73.45,,,,,5.875335114868399,-123.7467025795146,-6.108458188218506,-11.780396499573026,24.629360383847057,-20.264950011044807,3.48,1.68,398.0,108.5,32.0,84.5,1540.0,5.9,716504,691016,676116,680869,672478,675656,643393,671732,664913,54.58,0.9148,1.84084,2.0,1.0,0.0,3.0,6.0,36,5,Changeup,1,3,3,1,4,1,4,1,Infield shade,Standard,235.0,-0.087,1.141,78.5,8.1,3.661919999999999,-1.141,108.5,-2,2,0.251,0.749,21,26,22,27,3,2,,1.0,7.0,2.0,2.09,1.03,-1.03,43.4,16.47436782489588,-11.451398099989133,38.60112442347426,34.3531351621348,41.251844571544936
CH,2023-09-20,85.8,-1.98,5.91,"Raleigh, Cal",663728,683155,field_out,hit_into_play,,,,,13.0,Cal Raleigh pops out to third baseman Jordan Diaz.,R,L,R,ATH,SEA,X,5.0,popup,0,0,2023,-1.48,0.94,-1.14,1.74,,,677594.0,0,3,Top,89.84,152.42,,,,,4.938348261949475,-124.71813145668771,-5.382244920143356,-16.402699092557988,27.245440254905628,-21.440051649283077,3.48,1.68,142.0,78.5,65.0,84.8,1582.0,5.9,716504,691016,676116,680869,672478,675656,643393,671732,664913,54.63,0.008,0.009,0.0,1.0,0.0,0.0,3.0,19,1,Changeup,0,2,2,0,2,0,2,0,Infield shade,Standard,238.0,0.027,-0.241,69.7,8.7,0.013,0.241,88.0,-2,2,0.26,0.74,21,26,22,27,2,1,,1.0,7.0,2.0,2.18,1.48,-1.48,41.6,11.405074130063554,-7.751112269967951,31.62858915130084,46.66948161066593,33.67359343850378
FF,2023-09-20,93.8,-1.96,6.0,"Raleigh, Cal",663728,683155,double,hit_into_play,,,,,4.0,Cal Raleigh hits a ground-rule double (22) on a line drive to right-center field.,R,L,R,ATH,SEA,X,,line_drive,3,2,2023,-0.68,1.3,-0.78,2.63,,,,2,1,Top,156.09,50.24,,,,,4.49972833430293,-136.46666235559985,-5.748088798578131,-9.499906347606574,32.677863050920685,-14.930965309369814,3.48,1.68,375.0,108.8,18.0,92.8,2285.0,5.9,716504,691016,676116,680869,672478,675656,643393,671732,664913,54.6,0.6451304347826087,1.036,1.25,1.0,1.0,1.0,6.0,3,6,4-Seam Fastball,0,0,0,0,0,0,0,0,Infield shade,Standard,218.0,-0.02,0.514,73.8,7.4,1.892130434782609,-0.514,108.8,0,0,0.536,0.4639999999999999,21,26,22,27,1,0,,1.0,7.0,2.0,1.31,0.68,-0.68,40.9,9.75249473579051,1.430001768870449,25.433367094840655,42.853271648895046,29.79370934814622
SL,2023-09-19,85.3,-0.9,6.19,"Raleigh, Cal",663728,682967,field_out,hit_into_play,,,,,12.0,Cal Raleigh pops out to first baseman Ryan Noda.,R,L,R,ATH,SEA,X,3.0,popup,2,2,2023,0.52,0.45,0.88,2.88,,,677594.0,0,9,Top,154.72,162.68,,,,,3.166161990868165,-124.22111256341732,-2.42372445214992,4.8261760152422815,23.627890303046083,-27.27919285087193,3.48,1.68,120.0,45.8,46.0,86.1,2322.0,6.7,716512,669127,676116,680869,649557,669397,643393,665923,664913,53.83,0.076,0.069,0.0,1.0,0.0,0.0,1.0,71,6,Slider,2,7,7,2,7,2,7,2,Infield shade,Standard,157.0,0.001,-0.215,75.0,7.5,0.076,0.215,88.0,-5,5,0.005,0.995,26,26,27,27,1,4,2.0,2.0,,1.0,2.67,-0.52,0.52,61.0,15.901257587226858,-10.885538511376971,35.71568575167259,22.649511660594943,30.595120381723152
FC,2023-09-19,89.5,1.7,6.12,"Raleigh, Cal",663728,687922,single,hit_into_play,,,,,1.0,Cal Raleigh singles on a line drive to left fielder Tony Kemp. J.P. Crawford scores. Julio Rodriguez to 2nd.,R,R,L,ATH,SEA,X,7.0,line_drive,0,0,2023,-0.29,0.68,-0.35,3.17,,641487.0,677594.0,2,7,Top,58.14,105.06,,,,,-4.452593512849622,-130.31058739765592,-2.745742525521174,-2.4329412735677716,26.25432180435695,-24.07774222526405,3.48,1.68,167.0,95.1,11.0,89.9,2049.0,6.4,716512,669127,676116,680869,649557,669397,643393,665923,664913,54.1,0.855,0.814,0.9,1.0,1.0,0.0,4.0,52,1,Cutter,0,3,3,0,4,0,4,0,Standard,Standard,172.0,-0.048,0.549,75.2,7.1,1.009,-0.549,95.1,-3,3,0.109,0.891,26,26,27,27,1,3,3.0,2.0,2.0,1.0,2.16,-0.29,0.29,49.3,8.488046787433124,-2.8469466824409424,26.433279377412347,30.159285153182275,34.048930410475805
FC,2023-09-17,84.0,3.49,4.79,"Raleigh, Cal",663728,642232,single,hit_into_play,,,,,3.0,Cal Raleigh singles on a sharp ground ball to center fielder James Outman.,R,R,L,SEA,LAD,X,8.0,ground_ball,2,1,2023,0.27,0.71,0.62,3.41,,,,0,3,Bot,117.08,122.06,,,,,-7.182310118768745,-122.3017880369365,1.7182924739142704,3.980511037385572,20.669073736287093,-25.47197265955903,3.48,1.67,78.0,103.4,3.0,84.5,1932.0,6.2,716537,605131,571771,543939,621035,642708,444482,681546,518792,54.25,0.589,0.568,0.9,1.0,1.0,0.0,4.0,27,4,Cutter,1,4,1,4,4,1,1,4,Infield shade,Strategic,133.0,0.036,0.385,72.6,7.6,0.694,-0.385,103.4,-3,-3,0.24,0.24,31,26,32,27,1,1,7.0,1.0,5.0,2.0,2.48,0.27,-0.27,12.2,14.93804684832055,7.812566694912819,22.319585248825103,44.83147549152532,23.66324794290444
FF,2023-09-16,88.3,1.86,6.12,"Raleigh, Cal",663728,477132,field_out,hit_into_play,,,,,3.0,Cal Raleigh flies out to center fielder James Outman.,R,R,L,SEA,LAD,X,8.0,fly_ball,0,1,2023,0.33,1.53,0.31,3.54,,,,0,4,Bot,114.6,48.61,,,,,-4.455757510374269,-128.52799163136555,-3.395223078706691,4.52298538654805,25.628530927532875,-14.70882140063008,3.49,1.66,372.0,96.9,34.0,88.7,2176.0,6.4,716552,669257,518692,605141,571970,500743,444482,681546,518792,54.07,0.2667857142857143,0.514,0.0,1.0,0.0,0.0,5.0,28,2,4-Seam Fastball,0,0,0,0,0,0,0,0,Standard,Standard,168.0,-0.023,-0.223,74.9,7.2,1.0098571428571428,0.223,96.9,0,0,0.556,0.556,35,26,35,27,2,1,11.0,1.0,7.0,1.0,1.38,0.33,-0.33,53.6,13.183467545225117,3.8315430111875366,20.796345245775857,40.13927512951598,30.76258426663516
CH,2023-09-16,83.4,-1.68,5.17,"Raleigh, Cal",663728,686218,field_out,hit_into_play,,,,,7.0,Cal Raleigh grounds out to first baseman Freddie Freeman.,R,L,R,SEA,LAD,X,3.0,ground_ball,0,1,2023,-1.81,0.39,-0.71,2.19,,,,0,7,Bot,160.9,163.73,,,,,5.841161225892977,-121.33101758642935,-1.145029316154688,-19.005920184238263,24.7967159972482,-28.299323351679515,3.49,1.66,36.0,89.2,-1.0,83.8,2130.0,6.7,716552,669257,518692,605141,571970,500743,621035,681546,518792,53.81,0.258,0.24,0.0,1.0,0.0,0.0,2.0,48,2,Changeup,0,0,0,0,0,0,0,0,Infield shade,Strategic,268.0,-0.032,-0.223,78.3,8.2,0.29,0.223,89.2,0,0,0.582,0.582,23,26,24,27,1,2,8.0,1.0,5.0,1.0,2.9,1.81,-1.81,30.2,19.75779112686328,-9.268854112394418,25.28745845154014,41.91890750887316,41.42719338234227
SL,2023-09-16,91.1,-1.78,5.52,"Raleigh, Cal",663728,523260,field_error,hit_into_play,,,,,5.0,Cal Raleigh reaches on a fielding error by pitcher Joe Kelly. Teoscar Hernandez to 3rd.,R,L,R,SEA,LAD,X,1.0,ground_ball,0,2,2023,0.62,-0.21,0.08,2.24,,606192.0,,0,11,Bot,137.54,191.39,,,,,3.315507067979573,-132.72156920673257,-1.9221721592146856,6.644568304213227,28.041082472423405,-34.48757445971972,3.49,1.66,1.0,54.7,-61.0,90.6,2816.0,5.9,716552,669257,518692,605141,571970,571771,621035,681546,518792,54.63,0.258,0.243,0.9,1.0,0.0,0.0,1.0,86,3,Slider,1,6,1,6,6,1,1,6,Infield shade,Standard,36.0,0.028,0.582,72.9,6.7,0.261,-0.582,88.0,-5,-5,0.016,0.016,35,26,35,27,1,4,3.0,1.0,2.0,1.0,2.95,-0.62,0.62,35.6,6.359022050111038,19.88431867453279,33.49081224698655,33.40221479161038,22.154379089089463
FC,2023-09-15,94.9,-2.14,5.17,"Raleigh, Cal",663728,623465,single,hit_into_play,,,,,5.0,Cal Raleigh singles on a line drive to center fielder James Outman.   Julio Rodriguez to 3rd.,R,L,R,SEA,LAD,X,8.0,line_drive,0,1,2023,-0.15,1.05,-0.14,2.24,,,677594.0,2,9,Bot,106.65,88.44,,,,,5.596704706265253,-138.14161302262795,-4.3732551330989615,-3.2376361193479903,31.284965728460303,-17.89579032951597,3.43,1.62,259.0,79.3,23.0,95.1,2580.0,6.4,716568,669257,518692,605141,571970,500743,621035,681546,518792,54.08,0.692,0.626,0.9,1.0,1.0,0.0,4.0,76,2,Cutter,3,6,3,6,6,3,3,6,Infield shade,Standard,212.0,0.032,0.413,74.8,7.4,0.752,-0.413,88.0,-3,-3,0.015,0.015,28,26,29,27,1,4,4.0,2.0,1.0,1.0,1.48,0.15,-0.15,23.6,2.622539728759647,6.448308346979271,33.498645482613895,35.352349139949425,25.08087249878264
FC,2023-09-15,96.3,-1.63,6.15,"Raleigh, Cal",663728,660813,field_out,hit_into_play,,,,,5.0,Cal Raleigh flies out to right fielder Jason Heyward.,R,L,R,SEA,LAD,X,9.0,fly_ball,1,2,2023,-0.01,0.67,0.26,2.42,641487.0,,,2,7,Bot,179.68,67.57,,,,,4.9787739590964,-140.16930739489246,-5.824469416327981,-1.1659305052486602,30.657007489700955,-22.20822710221499,3.43,1.62,351.0,95.1,33.0,95.5,2258.0,5.7,716568,669257,518692,605141,571970,500743,571771,681546,518792,54.77,0.168,0.309,0.0,1.0,0.0,0.0,3.0,58,4,Cutter,3,4,3,4,4,3,3,4,Infield shade,Standard,210.0,-0.065,-0.225,76.4,7.7,0.606,0.225,95.1,-1,-1,0.32,0.32,24,26,25,27,1,3,5.0,2.0,1.0,1.0,1.78,0.01,-0.01,35.9,11.944821230763546,-9.348840804204505,37.30929386037254,29.910748833707892,32.873379139808826
CH,2023-09-13,91.2,-2.36,5.52,"Raleigh, Cal",663728,665896,field_out,hit_into_play,,,,,5.0,Cal Raleigh flies out to right fielder Brett Phillips.,R,L,R,SEA,LAA,X,9.0,fly_ball,3,1,2023,-1.36,0.59,0.05,2.79,641487.0,677594.0,,1,3,Bot,193.08,130.8,,,,,9.071408216402018,-132.55930624745318,-2.309223248643642,-17.89648672621159,26.001044742165643,-24.912309498500825,3.44,1.62,199.0,95.5,61.0,92.5,1841.0,7.0,716602,681351,694384,592273,500871,687263,677941,677347,621433,53.54,0.029,0.033,0.0,1.0,0.0,0.0,3.0,22,5,Changeup,1,1,1,1,1,1,1,1,Standard,Standard,232.0,-0.092,-0.267,80.5,8.3,0.043,0.267,95.5,0,0,0.656,0.656,27,26,27,27,1,1,2.0,1.0,2.0,2.0,2.14,1.36,-1.36,25.2,22.058801904418953,-10.269297925540496,32.937482261248206,32.38731099562682,40.25920229158103
ST,2023-09-13,85.3,-2.48,5.81,"Raleigh, Cal",663728,681806,field_out,hit_into_play,,,,,13.0,Cal Raleigh flies out to center fielder Kyren Paris.,R,L,R,SEA,LAA,X,8.0,fly_ball,1,2,2023,0.64,0.44,-0.25,1.43,,,677594.0,1,1,Bot,128.19,80.1,,,,,3.920862280544336,-124.27869747869624,-4.928351263005856,5.963259886976906,23.27763257802765,-26.86655879607068,3.44,1.62,319.0,92.2,40.0,85.3,2650.0,6.0,716602,681351,694384,592273,500871,687263,677941,677347,621433,54.45,0.021,0.036,0.0,1.0,0.0,0.0,3.0,6,6,Sweeper,0,0,0,0,0,0,0,0,Strategic,Standard,65.0,-0.022,-0.185,76.1,8.3,0.065,0.185,92.2,0,0,0.544,0.544,27,26,28,27,1,0,3.0,1.0,3.0,2.0,2.67,-0.64,0.64,31.0,18.28707748295474,-5.227453147873444,37.33416768473013,36.273219737989415,34.67529162401719
CU,2023-09-13,75.5,-2.61,5.08,"Raleigh, Cal",663728,623474,single,hit_into_play,,,,,13.0,Cal Raleigh singles on a line drive to right fielder Brett Phillips. Ty France scores. Julio Rodriguez to 3rd.,R,L,R,SEA,LAA,X,9.0,line_drive,1,2,2023,1.38,0.2,-0.41,1.15,,664034.0,677594.0,2,5,Bot,197.98,111.99,,,,,2.072393902080349,-109.85120965718195,-1.3413764972073663,10.677881237256722,21.61882946056428,-30.501465199272012,3.44,1.62,233.0,99.8,16.0,73.5,2922.0,5.0,716602,681351,694384,592273,500871,687263,677941,677347,621433,55.47,0.6,0.641,0.9,1.0,1.0,0.0,4.0,41,5,Curveball,1,2,1,2,2,2,2,2,Standard,Standard,69.0,0.177,0.632,73.4,8.7,0.899,-0.632,99.8,-1,-1,0.39,0.39,29,26,30,27,1,2,2.0,1.0,3.0,2.0,3.83,-1.38,1.38,4.4,21.106622782492753,-10.799550372273837,39.26582462815656,37.2479139774142,41.21517947962887
SI,2023-09-13,92.4,3.69,4.67,"Raleigh, Cal",663728,571901,field_out,hit_into_play,,,,,14.0,Cal Raleigh lines out to second baseman Brandon Drury.,R,R,L,SEA,LAA,X,4.0,line_drive,0,0,2023,1.43,0.07,0.97,2.19,,,,0,8,Bot,143.4,128.82,,,,,-9.988581894910215,-134.3468938320403,-0.7169495544859821,19.42979587437139,26.92108300420903,-31.34341937981768,3.44,1.62,185.0,88.6,9.0,92.1,2139.0,6.0,716602,681351,694384,592273,500871,687263,677941,677347,621433,54.53,0.555,0.5,0.0,1.0,0.0,0.0,4.0,63,1,Sinker,3,2,3,2,2,3,3,2,Standard,Standard,112.0,-0.014,-0.265,75.7,7.2,0.592,0.265,88.6,1,1,0.867,0.867,35,26,36,27,1,3,2.0,1.0,4.0,2.0,2.58,1.43,-1.43,4.8,1.491816843425289,16.475218417899534,27.41634531274726,46.2877496734923,22.870675302853904
SI,2023-09-12,93.2,0.59,6.06,"Raleigh, Cal",663728,663776,field_out,hit_into_play,,,,,12.0,"Cal Raleigh grounds out, shortstop Zach Neto to first baseman Nolan Schanuel.",R,R,L,SEA,LAA,X,6.0,ground_ball,2,0,2023,1.28,0.95,0.83,2.77,,,,0,5,Bot,117.54,145.5,,,,,-2.160158073470628,-135.73690908278022,-4.806279824825565,16.284847661295252,27.919427049805115,-19.608036370211742,3.45,1.61,13.0,81.7,-12.0,93.3,1670.0,6.2,716606,681351,694384,677347,500871,687263,545341,621433,677941,54.31,0.079,0.066,0.0,1.0,0.0,0.0,2.0,40,3,Sinker,7,0,7,0,0,7,7,0,Standard,Standard,149.0,-0.001,-0.377,76.3,7.2,0.088,0.377,88.0,7,7,0.988,0.988,26,26,27,27,3,2,6.0,1.0,7.0,1.0,1.66,1.28,-1.28,56.1,13.015148367075192,10.601568565685296,23.04370569911379,46.81598517824098,29.448974538884457
FF,2023-09-12,94.7,0.68,6.05,"Raleigh, Cal",663728,663776,field_out,hit_into_play,,,,,4.0,Cal Raleigh flies out to center fielder Brett Phillips.,R,R,L,SEA,LAA,X,8.0,fly_ball,3,2,2023,0.31,1.2,-0.45,2.34,,,,2,3,Bot,97.77,47.63,,,,,-3.612095304792632,-137.92137080018404,-6.7599576158551455,4.6683064733901505,27.07721204259763,-15.570504684515278,3.45,1.61,380.0,98.3,34.0,95.0,1802.0,6.2,716606,681351,694384,500871,519058,687263,545341,621433,677941,54.35,0.2925714285714285,0.5616428571428571,0.0,1.0,0.0,0.0,5.0,24,6,4-Seam Fastball,3,0,3,0,0,3,3,0,Standard,Standard,153.0,-0.006,-0.336,74.9,7.5,1.1060714285714286,0.336,98.3,3,3,0.82,0.82,26,26,27,27,2,1,6.0,1.0,7.0,1.0,1.31,0.31,-0.31,53.4,12.248521602409877,-6.5835586129520705,39.887591304298496,30.49830541498357,32.42079966859363
FF,2023-09-12,90.2,3.05,5.59,"Raleigh, Cal",663728,646242,field_out,hit_into_play,,,,,5.0,Cal Raleigh flies out to center fielder Brett Phillips.,R,R,L,SEA,LAA,X,8.0,fly_ball,1,1,2023,0.81,1.01,-0.19,2.61,,,686527.0,1,7,Bot,104.16,76.84,,,,,-9.773842814501233,-131.02105483502407,-3.61722540374531,11.351223842499715,25.625586282950024,-19.96271492286632,3.45,1.61,308.0,84.8,38.0,90.3,2108.0,6.3,716606,595453,694384,677347,500871,687263,545341,621433,677941,54.2,0.005,0.007,0.0,1.0,0.0,0.0,3.0,56,3,4-Seam Fastball,8,0,8,0,0,8,8,0,Standard,Standard,124.0,0.0,-0.24,76.7,7.5,0.013,0.24,88.0,8,8,0.998,0.998,26,26,27,27,1,3,5.0,1.0,3.0,1.0,1.79,0.81,-0.81,34.1,11.941838355424164,-1.2283187273375704,36.67147429839296,33.48283178485859,32.4748599865745
CH,2023-09-11,84.6,1.34,5.97,"Raleigh, Cal",663728,672282,fielders_choice_out,hit_into_play,,,,,14.0,"Cal Raleigh reaches on a fielder's choice out, shortstop Zach Neto to third baseman Eduardo Escobar. Julio Rodriguez out at 3rd.",R,R,L,SEA,LAA,X,6.0,ground_ball,2,0,2023,1.0,0.64,0.05,1.28,,677594.0,,1,6,Bot,107.91,157.66,,,,,-4.960156338011435,-123.1944052645287,-5.890976748439746,11.130912018715556,22.09705163469151,-24.71569154861009,3.45,1.61,25.0,76.5,-1.0,84.5,1586.0,6.0,716623,681351,694384,592273,500871,687263,545341,621433,677941,54.52,0.087,0.086,0.0,1.0,0.0,0.0,2.0,46,3,Changeup,3,3,3,3,3,3,3,3,Standard,Standard,139.0,-0.079,-0.346,75.0,8.7,0.087,0.346,88.0,0,0,0.614,0.614,23,26,24,27,3,2,6.0,1.0,9.0,1.0,2.51,1.0,-1.0,38.7,25.28415791527011,-18.598707701582885,37.483804105382816,36.87221387329717,49.667305128335514
SL,2023-09-11,86.6,1.37,6.11,"Raleigh, Cal",663728,672282,home_run,hit_into_play,,,,,5.0,Cal Raleigh homers (28) on a fly ball to left center field. Julio Rodriguez scores.,R,R,L,SEA,LAA,X,,fly_ball,1,2,2023,0.04,-0.2,-0.2,2.71,,677594.0,,1,1,Bot,66.44,53.57,,,,,-3.7993053113868607,-126.21494230226185,-1.5666801795677403,1.1434513779748603,24.60998065544881,-34.234177226504606,3.45,1.61,388.0,101.7,24.0,86.4,2113.0,6.0,716623,681351,694384,592273,500871,687263,545341,621433,677941,54.54,0.5454418604651163,0.976860465116279,2.0,1.0,0.0,3.0,6.0,7,4,Slider,1,0,1,0,0,3,3,0,Standard,Standard,285.0,0.138,1.383,76.0,7.4,1.8875813953488376,-1.383,101.7,1,1,0.655,0.655,23,26,24,27,1,0,6.0,1.0,9.0,1.0,3.22,0.04,-0.04,40.2,12.56782303123188,-4.757883666089568,28.431609778411623,35.27591997113923,35.26706294588048
CH,2023-09-11,78.8,3.67,4.32,"Raleigh, Cal",663728,571901,single,hit_into_play,,,,,6.0,Cal Raleigh singles on a line drive to left fielder Randal Grichuk.,R,R,L,SEA,LAA,X,7.0,line_drive,1,1,2023,1.48,-0.22,0.73,2.28,,,,0,9,Bot,87.58,72.91,,,,,-9.083781055888108,-114.39758964247042,2.779062664082639,14.59150503268472,19.954106793348288,-34.83508057319003,3.45,1.61,294.0,94.8,19.0,78.6,2004.0,6.2,716623,681351,694384,592273,500871,687263,545341,621433,677941,54.31,0.382,0.408,0.9,1.0,1.0,0.0,4.0,68,3,Changeup,3,3,3,3,3,3,3,3,Standard,Standard,88.0,0.074,0.443,80.0,7.8,0.607,-0.443,94.8,0,0,0.636,0.636,35,26,36,27,1,3,4.0,1.0,2.0,1.0,3.89,1.48,-1.48,2.2,15.03449436427186,3.8475309981700496,27.592265661679157,45.88162239357652,34.04971590429129
SI,2023-09-10,91.6,-2.21,5.9,"Raleigh, Cal",663728,621107,single,hit_into_play,,,,,13.0,Cal Raleigh singles on a line drive to left fielder Luke Raley.   Julio Rodriguez to 2nd.,R,L,R,TB,SEA,X,7.0,line_drive,0,0,2023,-1.4,0.69,-1.09,1.84,,,677594.0,0,5,Top,67.07,118.16,,,,,5.913774168166842,-133.23769290763008,-5.902567431668013,-17.95949896445335,29.86878241724382,-22.85677809577974,3.45,1.6,182.0,72.7,20.0,92.0,1994.0,6.7,716645,542194,650490,664040,666018,678545,670042,642350,666139,53.85,0.968,0.885,0.9,1.0,1.0,0.0,4.0,42,1,Sinker,5,2,2,5,2,5,2,5,Infield shade,Standard,214.0,-0.065,0.452,74.8,8.5,1.025,-0.452,88.0,3,-3,0.795,0.2049999999999999,29,26,29,27,3,2,5.0,1.0,5.0,1.0,2.04,1.4,-1.4,36.5,17.237893131526235,-0.7922652664902882,35.02760969617371,45.65807156194408,29.674683989080123
SI,2023-09-10,92.8,-2.08,5.92,"Raleigh, Cal",663728,621107,field_out,hit_into_play,,,,,5.0,Cal Raleigh grounds out to first baseman Yandy Diaz.,R,L,R,TB,SEA,X,3.0,ground_ball,2,2,2023,-1.59,0.14,-0.21,2.19,664059.0,,641487.0,2,3,Top,148.88,170.73,,,,,8.348260976529867,-134.7225672122184,-3.99806866892958,-21.24731689006052,33.15370793961362,-29.675980098107352,3.45,1.6,3.0,61.1,-37.0,93.0,2103.0,6.8,716645,542194,650490,664040,666018,678545,670042,642350,666139,53.66,0.076,0.07,0.0,1.0,0.0,0.0,2.0,24,6,Sinker,3,0,0,3,0,3,0,3,Infield shade,Standard,218.0,0.041,-0.251,78.9,8.1,0.076,0.251,88.0,3,-3,0.798,0.2019999999999999,29,26,29,27,2,1,5.0,1.0,5.0,1.0,2.55,1.59,-1.59,35.4,22.358008992740658,-15.142310717479424,32.87073327612462,36.10154911871028,40.05586798529925
FC,2023-09-10,88.4,-2.34,5.88,"Raleigh, Cal",663728,621107,field_out,hit_into_play,,,,,5.0,Cal Raleigh flies out sharply to right fielder Josh Lowe.,R,L,R,TB,SEA,X,9.0,fly_ball,0,0,2023,0.17,0.6,0.12,2.77,,641487.0,,1,1,Top,181.33,120.84,,,,,5.677736283042156,-128.7393107950154,-2.8064538758054787,0.7981527616634686,25.103436187877673,-25.17117754394612,3.45,1.6,238.0,100.6,56.0,89.2,2282.0,6.6,716645,542194,650490,664040,666018,678545,670042,642350,666139,53.88,0.018,0.02,0.0,1.0,0.0,0.0,3.0,3,1,Cutter,0,0,0,0,0,0,0,0,Infield shade,Standard,189.0,0.035,-0.29,80.2,8.5,0.028,0.29,100.6,0,0,0.481,0.519,29,26,29,27,1,0,5.0,1.0,5.0,1.0,2.3,-0.17,0.17,32.9,27.40966515460155,-14.512244415042565,33.18260917736773,32.08969884975582,36.70446429404912
FS,2023-09-10,89.6,-1.11,5.99,"Raleigh, Cal",663728,596112,field_out,hit_into_play,,,,,4.0,Cal Raleigh flies out to right fielder Josh Lowe.,R,L,R,TB,SEA,X,9.0,fly_ball,0,0,2023,-1.32,0.99,-0.51,2.31,,,677594.0,0,7,Top,169.14,119.22,,,,,4.239813732748414,-130.32217835496505,-5.140930814378103,-15.920091403724266,27.64030895077219,-20.030580714503937,3.45,1.6,227.0,77.6,50.0,89.1,1826.0,6.0,716645,542194,650490,664040,678545,670764,670042,642350,666139,54.48,0.053,0.05,0.0,1.0,0.0,0.0,3.0,59,1,Split-Finger,6,3,3,6,3,6,3,6,Standard,Standard,222.0,0.041,-0.241,74.8,8.4,0.065,0.241,88.0,3,-3,0.849,0.151,30,26,30,27,1,3,1.0,1.0,3.0,1.0,1.86,1.32,-1.32,49.0,20.956575300801287,-10.970410967445185,33.57623366485334,40.307221337613925,41.85224975495237
SL,2023-09-09,83.4,0.99,6.26,"Raleigh, Cal",663728,621363,field_out,hit_into_play,,,,,8.0,Cal Raleigh flies out to center fielder Jose Siri.,R,R,L,TB,SEA,X,8.0,fly_ball,1,2,2023,-0.25,0.21,-0.25,1.84,,,,2,9,Top,116.05,70.47,,,,,-2.404559496460762,-121.3759665013455,-4.145754878949862,-1.9492962884926257,25.300427669298298,-29.50619605169803,3.45,1.6,319.0,96.9,44.0,84.5,2323.0,7.2,716656,650907,650490,666018,678545,670764,668227,642350,660644,53.34,0.034,0.065,0.0,1.0,0.0,0.0,3.0,69,4,Slider,5,5,5,5,5,5,5,5,Infield shade,Standard,263.0,0.026,-0.191,73.6,7.9,0.124,0.191,96.9,0,0,0.613,0.387,29,26,29,27,1,0,3.0,1.0,1.0,1.0,3.09,-0.25,0.25,68.8,15.000318759842289,-7.972089065423711,39.486926609118825,33.59883158629165,39.67415511686236
FF,2023-09-08,93.9,-1.39,6.11,"Raleigh, Cal",663728,671737,home_run,hit_into_play,,,,,1.0,Cal Raleigh homers (27) on a line drive to center field.,R,L,R,TB,SEA,X,,line_drive,2,0,2023,-0.46,1.58,-0.69,3.01,,,,2,5,Top,117.47,29.95,,,,,2.844470808436567,-136.63921052688144,-5.802614455538711,-6.443806139580029,31.19957179240457,-11.29119155976958,3.44,1.6,418.0,105.5,25.0,94.0,2131.0,6.5,716671,650907,650490,664040,670623,670764,668227,642350,666139,54.05,0.7922142857142854,1.537017857142858,2.0,1.0,0.0,3.0,6.0,38,3,4-Seam Fastball,2,3,3,2,4,2,4,2,Infield shade,Standard,199.0,-0.12,2.497,74.7,7.5,3.036374999999999,-2.497,105.5,-1,1,0.4,0.6,22,26,22,27,3,2,5.0,1.0,5.0,1.0,1.01,0.46,-0.46,56.7,15.769806159624864,9.041829548507865,23.60803495047714,42.75388894323261,27.18333577330889
FF,2023-09-08,93.4,-1.43,6.02,"Raleigh, Cal",663728,671737,field_out,hit_into_play,,,,,2.0,Cal Raleigh lines out to right fielder Josh Lowe.,R,L,R,TB,SEA,X,9.0,line_drive,0,0,2023,-0.5,1.47,0.24,3.04,,,,0,3,Top,181.83,97.05,,,,,5.421252167739916,-135.85675324024302,-5.145154829289184,-7.340485409807752,30.428626516661502,-13.09263517018962,3.44,1.6,288.0,96.6,20.0,93.6,2065.0,6.5,716671,650907,650490,664040,670623,670764,668227,642350,666139,54.04,0.332,0.412,0.0,1.0,0.0,0.0,4.0,22,1,4-Seam Fastball,2,3,3,2,3,2,3,2,Infield shade,Standard,203.0,0.022,-0.265,84.1,7.5,0.655,0.265,96.6,-1,1,0.388,0.612,22,26,22,27,2,1,5.0,1.0,5.0,1.0,1.15,0.5,-0.5,53.9,16.557958189868152,-6.291069624739502,30.494315800936292,29.937066341063485,32.21831771420418
FC,2023-09-08,92.1,-1.97,5.75,"Raleigh, Cal",663728,542888,field_out,hit_into_play,,,,,12.0,Cal Raleigh pops out to second baseman Brandon Lowe.,R,L,R,TB,SEA,X,4.0,popup,0,1,2023,0.51,1.02,0.02,3.6,,,,0,8,Top,141.85,144.43,,,,,3.985545904458837,-134.14702215754258,-1.84727719873326,5.244285715081441,30.068534158764336,-19.733466857802306,3.44,1.6,147.0,92.3,65.0,92.7,2569.0,6.7,716671,650907,650490,664040,670623,670764,668227,642350,666139,53.8,0.003,0.002,0.0,1.0,0.0,0.0,3.0,61,2,Cutter,6,4,4,6,4,6,4,6,Infield shade,Standard,182.0,0.032,-0.223,79.1,7.7,0.003,0.223,92.3,2,-2,0.868,0.132,32,26,33,27,1,3,3.0,1.0,2.0,1.0,1.67,-0.51,0.51,37.8,16.336809340091545,-7.71300765674227,22.36003890557944,33.650386344608386,32.940411711230254
FS,2023-09-07,84.0,-0.56,6.23,"Raleigh, Cal",663728,641793,field_out,hit_into_play,,,,,7.0,Cal Raleigh grounds out to pitcher Zack Littell.,R,L,R,TB,SEA,X,1.0,ground_ball,0,0,2023,-0.69,-0.3,-0.77,1.91,,,,1,6,Top,135.01,187.02,,,,,0.8886434875180498,-122.27444605492332,-2.9603440675471777,-7.101893685645139,26.528656828823294,-34.718302486462136,3.46,1.62,1.0,67.1,-67.0,83.3,825.0,6.0,716683,542194,650490,666018,670623,670764,668227,670042,666139,54.49,0.221,0.211,0.0,1.0,0.0,0.0,2.0,44,1,Split-Finger,0,1,1,0,1,0,1,0,Infield shade,Standard,241.0,0.019,-0.267,74.0,8.4,0.221,0.267,88.0,-1,1,0.365,0.635,27,26,28,27,3,2,5.0,1.0,5.0,1.0,3.55,0.69,-0.69,47.3,19.516374881104323,-10.969227566949062,29.747545210561174,42.68974894119976,40.64528875430994
SL,2023-09-07,89.1,-0.72,6.19,"Raleigh, Cal",663728,641793,field_out,hit_into_play,,,,,4.0,"Cal Raleigh grounds out, first baseman Yandy Diaz to pitcher Zack Littell.",R,L,R,TB,SEA,X,3.0,ground_ball,3,2,2023,0.08,0.51,-0.36,2.6,,,,1,3,Top,153.59,168.58,,,,,0.70756688324421,-129.84259155060315,-3.8660895151463617,0.7575681768298157,26.78682975658131,-25.862960381882612,3.46,1.62,33.0,76.6,-2.0,89.1,2058.0,6.2,716683,542194,650490,666018,670623,670764,668227,670042,666139,54.34,0.097,0.099,0.0,1.0,0.0,0.0,2.0,22,8,Slider,0,1,1,0,1,0,1,0,Infield shade,Standard,194.0,0.02,-0.328,77.3,8.3,0.097,0.328,88.0,-1,1,0.406,0.594,27,26,28,27,2,1,5.0,1.0,5.0,1.0,2.35,-0.08,0.08,43.4,23.760819902501872,-25.36027298957127,28.98176359575596,39.3392342703164,44.3220537783095
FS,2023-09-07,83.8,-0.72,6.16,"Raleigh, Cal",663728,641793,single,hit_into_play,,,,,4.0,Cal Raleigh singles on a sharp line drive to right fielder Josh Lowe.,R,L,R,TB,SEA,X,9.0,line_drive,0,1,2023,-1.07,-0.42,-0.57,2.5,,,,2,1,Top,188.69,97.14,,,,,2.4425536468191464,-121.94921283300266,-1.1343429081484018,-11.122388004860731,27.68639317160329,-36.31990444140781,3.46,1.62,196.0,104.0,12.0,82.9,1140.0,6.1,716683,542194,650490,666018,670623,670764,668227,670042,666139,54.44,0.945,0.956,0.9,1.0,1.0,0.0,4.0,3,2,Split-Finger,0,0,0,0,0,0,0,0,Infield shade,Standard,235.0,-0.014,0.388,76.6,8.0,1.254,-0.388,104.0,0,0,0.54,0.4599999999999999,27,26,28,27,1,0,5.0,1.0,5.0,1.0,3.71,1.07,-1.07,40.2,17.078954084386798,-5.584406935299725,28.361659743087912,40.812176852009486,40.56674655038192
FF,2023-09-06,95.2,-2.43,5.71,"Raleigh, Cal",663728,680689,home_run,hit_into_play,,,,,2.0,Cal Raleigh homers (26) on a fly ball to right center field.,R,L,R,CIN,SEA,X,,fly_ball,2,1,2023,-0.98,1.06,0.28,2.97,,,,2,4,Top,198.08,70.17,,,,,9.19683970007664,-138.4584745476831,-3.9270616536018266,-14.517553188972489,28.28811605557223,-17.86558919193525,3.48,1.64,365.0,107.5,23.0,94.7,2346.0,5.9,716693,663886,687952,668715,682622,682829,605361,670770,666181,54.65,0.8518750000000003,1.6155178571428572,2.0,1.0,0.0,3.0,6.0,34,4,4-Seam Fastball,1,6,6,1,7,1,7,1,Infield shade,Standard,226.0,-0.034,2.556,76.0,7.5,3.169696428571428,-2.556,107.5,-5,5,0.09,0.91,23,26,23,27,3,2,5.0,1.0,,1.0,1.44,0.98,-0.98,34.6,18.42726961526419,-1.625191259125224,28.671074919503347,31.07013677616259,31.873372741395155
CH,2023-09-06,87.7,-2.76,5.52,"Raleigh, Cal",663728,680689,single,hit_into_play,,,,,13.0,Cal Raleigh singles on a ground ball to center fielder TJ Friedl.,R,L,R,CIN,SEA,X,8.0,ground_ball,0,0,2023,-1.03,0.25,-0.91,2.41,,,,1,3,Top,123.58,147.6,,,,,6.529144811491785,-127.70969175912006,-1.9697256407396573,-12.552261933224568,24.161968721122843,-29.21393680025007,3.48,1.64,4.0,61.6,-29.0,87.2,1626.0,5.8,716693,663886,687952,668715,682622,682829,605361,670770,666181,54.74,0.042,0.051,0.9,1.0,1.0,0.0,2.0,20,1,Changeup,1,2,2,1,2,1,2,1,Infield shade,Standard,252.0,-0.024,0.416,43.4,7.0,0.042,-0.416,88.0,-1,1,0.41,0.5900000000000001,23,26,23,27,2,1,5.0,1.0,,1.0,2.69,1.03,-1.03,28.3,3.471298808532109,20.11574668356433,25.35317511443438,43.50735731860959,22.24713278100206
FF,2023-09-06,95.8,-0.84,5.85,"Raleigh, Cal",663728,650960,single,hit_into_play,,,,,8.0,Cal Raleigh singles on a fly ball to left fielder Nick Martini.,R,L,R,CIN,SEA,X,7.0,fly_ball,3,2,2023,-0.57,1.33,0.01,2.14,,,,0,7,Top,97.4,99.01,,,,,3.5124079364981853,-139.51872036978375,-7.243574484411815,-8.14954535125239,28.095007625290663,-13.328804239114996,3.48,1.64,249.0,72.4,34.0,96.0,2436.0,6.1,716693,663886,687952,668715,682622,682829,605361,670770,666181,54.38,0.461,0.435,0.9,1.0,1.0,0.0,3.0,58,8,4-Seam Fastball,3,7,7,3,7,3,7,3,Infield shade,Standard,210.0,-0.007,0.344,72.9,7.6,0.536,-0.344,88.0,-4,4,0.058,0.942,26,26,27,27,1,3,2.0,1.0,3.0,1.0,1.12,0.57,-0.57,45.7,10.130411837954483,9.058367019921365,34.53588841358536,34.8422824835112,27.73746878900847
FF,2023-09-05,97.4,-0.84,5.77,"Raleigh, Cal",663728,683175,field_out,hit_into_play,,,,,11.0,Cal Raleigh lines out to right fielder Will Benson.,R,L,R,CIN,SEA,X,9.0,line_drive,3,2,2023,-0.66,1.27,-0.08,3.63,,,641487.0,1,3,Top,188.29,106.69,,,,,3.559877080305875,-141.78240395108017,-3.173908684133556,-9.72903962561769,32.3799817999662,-14.512263168579809,3.47,1.63,311.0,108.9,17.0,97.8,2420.0,6.5,716712,571912,687952,668715,682622,682829,670770,664056,666181,54.03,0.5382666666666667,0.8102,0.0,1.0,0.0,0.0,6.0,19,8,4-Seam Fastball,0,2,2,0,2,0,2,0,Infield shade,Standard,199.0,0.026,-0.316,74.5,7.2,1.4468,0.316,108.9,-2,2,0.283,0.7170000000000001,22,26,22,27,2,1,,1.0,8.0,1.0,1.13,0.66,-0.66,47.1,12.391490830190602,-8.645064464912783,19.001155268155077,35.040118731728185,34.929479722683496
FF,2023-09-05,94.4,-2.22,4.86,"Raleigh, Cal",663728,668984,field_out,hit_into_play,,,,,8.0,Cal Raleigh flies out to center fielder Harrison Bader.,R,L,R,CIN,SEA,X,8.0,fly_ball,0,0,2023,-0.7,1.09,0.06,2.2,,668942.0,641487.0,2,8,Top,112.17,59.39,,,,,7.545165947537345,-137.3401543692732,-3.727756027219892,-10.473281274392578,28.193628710527108,-17.666291041229744,3.48,1.64,348.0,90.5,27.0,95.3,1982.0,6.7,716712,571912,687952,668715,682622,682829,669222,664056,666181,53.82,0.079,0.1,0.0,1.0,0.0,0.0,3.0,72,1,4-Seam Fastball,3,6,6,3,6,3,6,3,Standard,Standard,228.0,0.013,-0.295,79.2,7.8,0.166,0.295,90.5,-3,3,0.074,0.926,26,26,26,27,1,4,77.0,1.0,,1.0,1.45,0.7,-0.7,19.8,8.171472875954313,4.263888222198844,33.54150749732519,33.83615094180892,25.96285596857912
FC,2023-09-05,92.4,-1.38,6.47,"Raleigh, Cal",663728,571882,field_out,hit_into_play,,,,,12.0,Cal Raleigh flies out to left fielder Nick Senzel.,R,L,R,CIN,SEA,X,7.0,fly_ball,0,1,2023,0.31,0.67,0.04,3.66,,,,0,7,Top,56.31,89.61,,,,,2.9641996547846214,-134.6408348133281,-2.8915050880813515,3.209468440425172,25.90075904265806,-23.561179140478774,3.48,1.64,321.0,91.1,30.0,93.0,2332.0,6.3,716712,571912,687952,668715,682622,682829,669222,664056,666181,54.21,0.076,0.111,0.0,1.0,0.0,0.0,3.0,59,2,Cutter,3,6,6,3,6,3,6,3,Infield shade,Standard,184.0,0.008,-0.223,69.2,6.3,0.199,0.223,91.1,-3,3,0.108,0.892,32,26,33,27,1,3,2.0,1.0,3.0,1.0,1.97,-0.31,0.31,49.6,1.4427863534163157,20.489361823037072,20.750621146040555,34.411406680583525,21.186542167205644
FF,2023-09-04,92.1,-1.93,6.08,"Raleigh, Cal",663728,592527,single,hit_into_play,,,,,6.0,Cal Raleigh singles on a line drive to right fielder Hunter Renfroe.   Josh Rojas to 3rd.,R,L,R,CIN,SEA,X,9.0,line_drive,2,2,2023,-0.86,1.52,0.41,2.59,,,668942.0,2,7,Top,152.01,112.36,,,,,7.7839535515919,-133.77791065350928,-6.284029053582442,-12.021371650275183,28.476227038851157,-12.752686120955197,3.45,1.64,228.0,85.2,18.0,91.8,2498.0,6.2,716727,663886,687952,668715,682622,682829,670770,664056,592669,54.35,0.903,0.852,0.9,1.0,1.0,0.0,4.0,59,5,4-Seam Fastball,5,2,2,5,2,5,2,5,Infield shade,Standard,214.0,-0.03,0.414,70.8,7.0,1.021,-0.414,88.0,3,-3,0.923,0.0769999999999999,34,26,35,27,2,0,,1.0,,1.0,1.18,0.86,-0.86,41.5,7.854255793842178,-0.3218146031455736,31.913393890169935,28.42033719360723,26.357842879975312
FF,2023-09-04,95.1,-1.27,5.76,"Raleigh, Cal",663728,571656,single,hit_into_play,,,,,11.0,Cal Raleigh singles on a ground ball to center fielder Harrison Bader.   Ty France to 3rd.,R,L,R,CIN,SEA,X,8.0,ground_ball,3,2,2023,-0.89,0.99,-1.08,3.12,,,664034.0,2,9,Top,140.56,100.38,,,,,2.47394049559958,-138.55954605880038,-3.5340130196783717,-11.988638589034526,29.522169746589498,-18.834648968286945,3.45,1.64,32.0,103.9,-4.0,95.3,2326.0,6.2,716727,663886,687952,668715,682622,682829,670770,664056,592669,54.26,0.445,0.392,0.9,1.0,1.0,0.0,2.0,78,6,4-Seam Fastball,6,2,2,6,2,6,2,6,Infield shade,Standard,223.0,-0.007,0.349,73.8,7.2,0.5,-0.349,103.9,4,-4,0.995,0.005,32,26,32,27,1,1,2.0,1.0,4.0,1.0,1.52,0.89,-0.89,31.0,6.766617013237762,9.549374445288487,15.58150906066607,46.59147559224276,27.53010396395127
CH,2023-09-03,88.1,-1.53,5.79,"Raleigh, Cal",663728,656731,field_out,hit_into_play,,,,,5.0,"Cal Raleigh grounds out, second baseman Ronny Mauricio to first baseman Pete Alonso.",R,L,R,NYM,SEA,X,4.0,ground_ball,2,0,2023,-1.03,0.67,0.17,2.53,,,606192.0,2,5,Top,148.42,147.83,,,,,6.39960045431537,-128.2595186377452,-3.3352703390277827,-12.636145407393467,23.806499253987823,-24.227288368105757,3.45,1.64,42.0,74.5,1.0,90.1,1676.0,7.2,716742,682626,624413,677595,683146,596019,643446,607043,621466,53.27,0.139,0.121,0.0,1.0,0.0,0.0,2.0,42,3,Changeup,4,3,3,4,3,4,3,4,Infield shade,Standard,227.0,0.041,-0.353,77.9,8.8,0.153,0.353,88.0,1,-1,0.667,0.3329999999999999,27,26,28,27,3,2,6.0,1.0,7.0,1.0,2.23,1.03,-1.03,41.8,28.46777980812792,-35.63037542873955,32.16552385438555,32.662407253526034,50.53385402989055
FF,2023-09-02,95.8,2.57,6.06,"Raleigh, Cal",663728,656849,single,hit_into_play,,,,,6.0,Cal Raleigh singles on a line drive to right fielder DJ Stewart.,R,R,L,NYM,SEA,X,9.0,line_drive,2,2,2023,0.49,1.29,0.31,2.36,,,,0,2,Top,167.24,92.94,,,,,-7.194909430336473,-139.12265168318268,-7.112425280015336,8.058690831705967,33.071596404368,-14.039183690705208,3.45,1.64,219.0,98.7,10.0,96.9,2127.0,7.2,716751,553882,624413,677595,668901,596019,643446,607043,621466,53.33,0.761,0.72,0.9,1.0,1.0,0.0,4.0,9,5,4-Seam Fastball,0,1,1,0,1,0,1,0,Standard,Standard,137.0,-0.036,0.459,74.6,7.1,0.899,-0.459,98.7,-1,1,0.399,0.601,27,26,28,27,1,0,6.0,1.0,7.0,1.0,1.22,0.49,-0.49,37.8,2.969610915011325,13.417661144625926,33.57298500584665,38.69366766022958,19.500009830674017
CH,2023-09-02,88.0,-2.27,5.01,"Raleigh, Cal",663728,641360,field_out,hit_into_play,,,,,4.0,Cal Raleigh flies out to left fielder Jeff McNeil.,R,L,R,NYM,SEA,X,7.0,fly_ball,1,1,2023,-0.5,0.53,-0.41,2.34,,,,1,7,Top,98.68,115.13,,,,,5.622392542721442,-127.9974807452114,-1.437945830861311,-6.681380786766373,27.964627065268864,-26.30254302073147,3.45,1.64,222.0,91.5,58.0,88.7,1504.0,6.9,716751,553882,624413,677595,668901,596019,643446,607043,621466,53.6,0.018,0.019,0.0,1.0,0.0,0.0,3.0,63,3,Changeup,6,7,7,6,7,6,7,6,Infield shade,Standard,223.0,0.018,-0.257,76.2,7.9,0.031,0.257,91.5,-1,1,0.333,0.667,27,26,28,27,1,3,1.0,1.0,4.0,1.0,2.43,0.5,-0.5,26.8,17.465792775917226,-7.602461137842765,34.11533885380959,37.893197439558506,35.007861824739294
FC,2023-09-01,92.0,-1.98,5.82,"Raleigh, Cal",663728,673540,single,hit_into_play,,,,,8.0,Cal Raleigh singles on a ground ball to right fielder DJ Stewart.,R,L,R,NYM,SEA,X,9.0,ground_ball,1,0,2023,0.21,0.62,0.02,1.88,,,,2,4,Top,156.31,144.17,,,,,4.62876921964182,-133.941550365588,-5.544485997229097,1.5568632654187555,29.173442139013428,-23.70098257438167,3.45,1.64,51.0,102.9,1.0,92.7,2575.0,6.7,716769,682626,624413,677595,683146,596019,643446,607043,621466,53.81,0.474,0.426,0.9,1.0,1.0,0.0,4.0,25,2,Cutter,0,1,1,0,1,0,1,0,Infield shade,Standard,197.0,-0.012,0.301,80.2,7.9,0.512,-0.301,102.9,-1,1,0.416,0.5840000000000001,30,26,30,27,2,1,7.0,2.0,7.0,1.0,2.07,-0.21,0.21,49.6,11.124608923104333,2.125729097283433,37.23396697425733,32.51999463012352,28.530357818404735
FC,2023-09-01,90.3,-2.11,5.93,"Raleigh, Cal",663728,673540,field_out,hit_into_play,,,,,4.0,Cal Raleigh grounds out to first baseman Pete Alonso.,R,L,R,NYM,SEA,X,3.0,ground_ball,1,0,2023,0.07,0.67,-0.53,2.73,,,,0,2,Top,146.69,173.28,,,,,3.7862159285061905,-131.4927431871459,-3.4800686733114947,0.0378555210524309,27.553359289908684,-23.841450907660203,3.45,1.64,2.0,75.9,-49.0,90.5,2475.0,6.4,716769,682626,624413,677595,683146,596019,643446,607043,621466,54.13,0.174,0.156,0.0,1.0,0.0,0.0,2.0,8,2,Cutter,0,0,0,0,0,0,0,0,Infield shade,Standard,202.0,0.027,-0.306,80.4,7.5,0.177,0.306,88.0,0,0,0.496,0.504,30,26,30,27,1,0,7.0,2.0,7.0,1.0,2.12,-0.07,0.07,48.7,11.003062005086186,-2.028553949188835,22.754283396552005,37.81087474163317,31.330709189138673
FF,2023-08-30,89.2,-2.64,5.05,"Raleigh, Cal",663728,594943,double,hit_into_play,,,,,6.0,Cal Raleigh doubles (21) on a sharp line drive to right fielder Seth Brown.   Eugenio Suarez to 3rd.,R,L,R,SEA,ATH,X,9.0,line_drive,1,1,2023,-0.46,1.08,0.48,2.61,,,553993.0,2,3,Bot,210.15,108.88,,,,,8.734231666799758,-129.81662270473495,-2.354891898723759,-6.869011817652958,23.509813493990197,-19.62081403308325,3.42,1.62,221.0,101.8,15.0,90.6,2170.0,6.8,716788,542208,676116,680869,672478,649557,665923,671732,664913,53.67,0.689,0.732,1.25,1.0,1.0,1.0,4.0,26,3,4-Seam Fastball,0,3,0,3,3,0,0,3,Infield shade,Standard,229.0,0.039,0.901,80.2,7.7,1.011,-0.901,101.8,-3,-3,0.207,0.207,34,26,35,27,2,1,5.0,1.0,6.0,2.0,1.76,0.46,-0.46,25.3,20.140938193924267,-5.924616971454104,37.19073517311769,28.512810388479032,33.283030238534934
SL,2023-08-30,83.2,-0.6,6.37,"Raleigh, Cal",663728,666204,field_out,hit_into_play,,,,,7.0,Cal Raleigh flies out to center fielder Lawrence Butler.,R,L,R,SEA,ATH,X,8.0,fly_ball,1,2,2023,0.05,0.04,-0.8,1.8,641487.0,,553993.0,2,7,Bot,106.11,55.99,,,,,-0.5394929020924852,-121.21371701755328,-4.09982225872546,0.5547252744109772,23.03171024486122,-31.19664072849688,3.42,1.62,358.0,96.9,29.0,82.3,2279.0,5.6,716788,542208,676116,680869,672478,669397,665923,671732,664913,54.93,0.3183684210526315,0.5663157894736843,0.0,1.0,0.0,0.0,5.0,58,4,Slider,5,4,5,4,4,5,5,4,Infield shade,Standard,97.0,-0.033,-0.222,,,1.1138421052631575,0.222,96.9,1,1,0.778,0.778,29,26,30,27,1,3,1.0,1.0,3.0,2.0,3.24,-0.05,0.05,60.1,,,,,
FF,2023-08-29,92.5,2.16,5.56,"Raleigh, Cal",663728,686610,field_out,hit_into_play,,,,,2.0,Cal Raleigh pops out to shortstop Nick Allen.,R,R,L,SEA,ATH,X,6.0,popup,0,0,2023,0.7,1.39,0.24,3.26,,,,0,2,Bot,102.85,165.49,,,,,-6.45446340342603,-134.48218140049343,-3.0721706281141503,9.894553592509377,30.34078557979637,-14.853141452571476,3.42,1.61,107.0,97.3,69.0,92.9,2272.0,6.7,716790,669127,676116,680869,672478,669397,643393,671732,664913,53.82,0.013,0.017,0.0,1.0,0.0,0.0,3.0,14,1,4-Seam Fastball,0,3,0,3,3,0,0,3,Standard,Standard,137.0,-0.023,-0.265,78.6,8.0,0.022,0.265,97.3,-3,-3,0.253,0.253,25,26,25,27,1,0,5.0,2.0,7.0,1.0,1.29,0.7,-0.7,34.9,19.035306922032724,-10.400566552187996,24.083541193353035,39.183478084809906,39.271999089037784
FF,2023-08-29,94.3,-0.38,6.33,"Raleigh, Cal",663728,666204,field_out,hit_into_play,,,,,11.0,Cal Raleigh flies out to center fielder Lawrence Butler.,R,L,R,SEA,ATH,X,8.0,fly_ball,0,2,2023,-0.37,1.5,-0.25,3.71,,,,1,8,Bot,137.45,48.64,,,,,1.142145594949061,-137.28321235262297,-4.390739545129182,-4.907397112855315,31.969016013784767,-12.51451864342378,3.42,1.61,373.0,96.6,30.0,93.4,2281.0,5.8,716790,669127,676116,680869,672478,669397,643393,671732,664913,54.66,0.3256086956521739,0.6025652173913043,0.0,1.0,0.0,0.0,5.0,63,3,4-Seam Fastball,1,3,1,3,3,1,1,3,Infield shade,Standard,204.0,-0.02,-0.17,73.2,6.8,1.1705652173913046,0.17,96.6,-2,-2,0.113,0.113,29,26,30,27,1,3,5.0,2.0,1.0,1.0,1.07,0.37,-0.37,59.6,10.14421633563928,7.498269164883833,17.01244386437119,37.10209373500177,27.442831181091737
FF,2023-08-29,98.9,-2.06,6.02,"Raleigh, Cal",663728,668674,grounded_into_double_play,hit_into_play,,,,,6.0,"Cal Raleigh grounds into a double play, second baseman Zack Gelof to shortstop Nick Allen to first baseman Ryan Noda.   Teoscar Hernandez out at 2nd.    Cal Raleigh out at 1st.",R,L,R,SEA,ATH,X,4.0,ground_ball,0,1,2023,-0.85,1.23,0.45,2.47,,641487.0,606192.0,1,5,Bot,152.53,152.59,,,,,8.82450395079979,-143.53169992462742,-7.079189023073921,-13.793313066090008,34.8466837363918,-13.627611561571245,3.42,1.61,51.0,95.0,1.0,98.8,2213.0,6.5,716790,669127,676116,680869,672478,669397,643393,671732,664913,54.0,0.421,0.382,0.0,1.0,0.0,0.0,2.0,43,2,4-Seam Fastball,1,3,1,3,3,1,1,3,Standard,Standard,224.0,-0.119,-0.284,75.9,6.9,0.523,0.284,95.0,-2,-2,0.34,0.34,28,26,28,27,1,2,3.0,2.0,1.0,1.0,1.12,0.85,-0.85,40.7,7.299419514030031,9.656715814134357,33.776173316844734,27.898093573410826,23.99285129764488
FF,2023-08-27,98.6,-1.18,5.72,"Raleigh, Cal",663728,669111,field_out,hit_into_play,,,,,11.0,Cal Raleigh flies out to center fielder Kyle Isbel.,R,L,R,SEA,KC,X,8.0,fly_ball,3,2,2023,-0.74,1.16,-0.84,2.75,,,,2,8,Bot,110.36,64.72,,,,,2.6978116935252636,-143.61289555855265,-5.4209525135079195,-10.905148980573586,30.115697451752432,-15.01868565695379,3.44,1.61,336.0,95.9,38.0,100.0,2247.0,6.8,716820,666023,521692,686681,672580,677951,669004,664728,671221,53.7,0.111,0.206,0.0,1.0,0.0,0.0,3.0,61,8,4-Seam Fastball,3,2,3,2,2,3,3,2,Infield shade,Standard,213.0,-0.009,-0.336,75.3,7.8,0.4,0.336,95.9,1,1,0.844,0.844,25,26,25,27,1,3,5.0,1.0,,2.0,1.16,0.74,-0.74,45.4,7.411211099892806,0.591407543200424,21.627080613676537,44.16377311731071,27.450715759013676
SI,2023-08-27,94.5,-2.85,5.48,"Raleigh, Cal",663728,679525,field_out,hit_into_play,,,,,1.0,"Cal Raleigh grounds out, second baseman Michael Massey to first baseman Matt Beaty.",R,L,R,SEA,KC,X,4.0,ground_ball,2,0,2023,-1.26,0.53,-0.69,3.26,,553993.0,,2,1,Bot,148.47,153.61,,,,,8.428236961472697,-137.39757371410636,-1.3279807248334712,-17.835875987434424,27.95663923547462,-25.284936525872276,3.44,1.61,11.0,92.6,-15.0,94.7,2380.0,6.3,716820,521692,607461,686681,672580,677951,669004,664728,671221,54.24,0.111,0.114,0.0,1.0,0.0,0.0,2.0,7,3,Sinker,0,0,0,0,0,0,0,0,Infield shade,Standard,229.0,-0.036,-0.344,75.7,7.4,0.111,0.344,92.6,0,0,0.536,0.536,25,26,25,27,1,0,6.0,1.0,6.0,2.0,2.01,1.26,-1.26,32.6,12.763221177930363,-0.9286341087060428,20.40446998036402,42.19197374157683,29.304212709104743
FC,2023-08-26,87.2,-1.41,6.02,"Raleigh, Cal",663728,543475,single,hit_into_play,,,,,2.0,"Cal Raleigh singles on a ground ball to right fielder Drew Waters.   Eugenio Suarez to 3rd.  Eugenio Suarez advances to 3rd, on a fielding error by right fielder Drew Waters.",R,L,R,SEA,KC,X,9.0,ground_ball,2,1,2023,-0.05,0.44,0.2,3.35,,,553993.0,2,1,Bot,175.84,127.75,,,,,4.017986140044531,-127.19065134165696,-1.3011185447326712,-1.2166900391557984,21.627419431634017,-27.31212906695171,3.47,1.64,82.0,103.6,4.0,88.8,2360.0,6.8,716832,666023,521692,686681,672580,677951,680118,664728,671221,53.7,0.563,0.516,0.9,1.0,1.0,0.0,4.0,7,4,Cutter,0,0,0,0,0,0,0,0,Infield shade,Standard,170.0,0.024,0.351,71.6,7.2,0.63,-0.351,103.6,0,0,0.524,0.524,32,26,33,27,1,0,6.0,1.0,6.0,1.0,2.5,0.05,-0.05,46.4,16.51514415345953,-4.508855646980018,24.462093144647064,30.40003691865581,32.13212139579275
SL,2023-08-26,86.8,2.28,5.41,"Raleigh, Cal",663728,672582,home_run,hit_into_play,,,,,2.0,Cal Raleigh homers (25) on a fly ball to left field.,R,R,L,SEA,KC,X,,fly_ball,3,2,2023,-0.66,-0.04,-0.1,3.16,,,,0,6,Bot,47.24,72.6,,,,,-4.310053041647952,-126.54529855390145,0.7588918966328346,-6.319173446910366,22.93803346134317,-32.93866908174029,3.47,1.64,368.0,92.1,30.0,86.1,2394.0,5.5,716832,666023,521692,686681,672580,677951,680118,664728,671221,55.03,0.092,0.147,2.0,1.0,0.0,3.0,3.0,52,11,Slider,11,1,11,1,1,12,12,1,Standard,Standard,226.0,0.0,1.027,72.0,7.4,0.268,-1.027,92.1,10,10,0.999,0.999,23,26,24,27,1,3,4.0,1.0,4.0,1.0,3.03,-0.66,0.66,37.5,15.01789715714164,-7.783945985336594,22.953066509580196,37.18446990170224,37.31467363650981
FA,2023-08-26,79.1,-1.29,6.15,"Raleigh, Cal",663728,622110,field_out,hit_into_play,,,,,3.0,Cal Raleigh flies out to right fielder Drew Waters in foul territory.,R,L,R,SEA,KC,X,9.0,fly_ball,1,1,2023,-0.76,1.19,0.33,3.4,,,,0,8,Bot,197.86,139.79,,,,,4.814967272189489,-115.22548921780732,-1.5116178935144426,-7.589009274640215,18.87574474591551,-21.40552785552454,3.47,1.64,230.0,94.8,57.0,77.7,1776.0,5.0,716832,666023,521692,686681,669392,672580,676369,680118,671221,55.5,0.021,0.02,0.0,1.0,0.0,0.0,3.0,69,3,Other,14,2,14,2,2,14,14,2,Infield shade,Standard,218.0,0.0,-0.254,76.0,7.8,0.027,0.254,94.8,12,12,0.999,0.999,32,26,32,27,1,4,59.0,1.0,,1.0,2.41,0.76,-0.76,32.5,19.2358401106438,-18.876969981059137,28.19217517061852,29.561367722146233,39.84188907021222
CH,2023-08-25,86.3,-1.5,5.37,"Raleigh, Cal",663728,663903,double,hit_into_play,,,,,4.0,Cal Raleigh doubles (20) on a line drive to right fielder Drew Waters. Eugenio Suarez to 3rd.,R,L,R,SEA,KC,X,9.0,line_drive,0,0,2023,-1.12,0.64,-0.49,2.24,,,553993.0,1,3,Bot,211.33,115.08,,,,,4.769337147155126,-125.70682756341093,-2.6093582114801954,-12.850449916239208,23.642139353256496,-25.04777802982909,3.48,1.65,187.0,89.6,14.0,87.7,1766.0,7.0,716853,521692,607461,686681,672580,677951,669004,664728,671221,53.53,0.984,0.938,1.25,1.0,1.0,1.0,4.0,26,1,Changeup,2,3,2,3,3,2,2,3,Infield shade,Standard,222.0,0.102,0.801,81.4,8.3,1.141,-0.801,89.6,-1,-1,0.44,0.44,26,26,27,27,2,1,6.0,2.0,11.0,1.0,2.4,1.12,-1.12,32.1,21.00734089147298,-18.52947231124404,29.54513942272635,38.51370873455923,41.85498945968798
SL,2023-08-25,87.4,2.57,6.47,"Raleigh, Cal",663728,621368,field_out,hit_into_play,,,,,11.0,"Cal Raleigh grounds out, third baseman Maikel Garcia to first baseman Matt Beaty.",R,R,L,SEA,KC,X,5.0,ground_ball,1,2,2023,-0.35,-0.03,-0.86,2.77,,553993.0,,1,8,Bot,98.51,161.12,,,,,-7.483051599180874,-127.08418534997426,-2.711640675963646,-2.328576175733821,25.356559929157005,-32.1725729624298,3.48,1.65,9.0,64.0,-17.0,86.9,2079.0,6.0,716853,521692,607461,622110,672580,677951,669004,664728,671221,54.53,0.026,0.053,0.0,1.0,0.0,0.0,2.0,73,4,Slider,7,5,7,5,5,7,7,5,Standard,Standard,253.0,-0.008,-0.183,55.8,6.2,0.026,0.183,88.0,2,2,0.943,0.943,28,26,29,27,1,4,4.0,2.0,3.0,1.0,3.01,-0.35,0.35,38.7,2.7197800042225655,4.251758293726656,24.73550926574375,24.50784767235826,27.23315117869027
FF,2023-08-25,93.4,-1.48,5.39,"Raleigh, Cal",663728,663903,single,hit_into_play,,,,,2.0,Cal Raleigh singles on a fly ball to left fielder MJ Melendez. Julio Rodriguez scores.,R,L,R,SEA,KC,X,7.0,fly_ball,3,2,2023,-0.43,1.4,-0.03,2.95,,677594.0,,1,1,Bot,100.82,114.57,,,,,4.716509334684849,-135.9619171754154,-3.6575533648544583,-6.2842296516040435,28.73563825530114,-14.182435886446171,3.48,1.65,227.0,75.3,23.0,94.7,2394.0,6.9,716853,521692,607461,686681,672580,677951,669004,664728,671221,53.58,0.926,0.86,0.9,1.0,1.0,0.0,4.0,7,7,4-Seam Fastball,1,0,1,0,0,2,2,0,Standard,Standard,203.0,0.069,0.505,66.3,6.1,1.014,-0.505,88.0,1,1,0.665,0.665,26,26,27,27,1,0,6.0,2.0,11.0,1.0,1.2,0.43,-0.43,33.6,-0.7189426968043101,15.641825062340455,28.63564800388369,31.851930724325175,23.09983228312912
FF,2023-08-25,94.3,-3.41,5.07,"Raleigh, Cal",663728,676092,single,hit_into_play,,,,,8.0,Cal Raleigh singles on a line drive to center fielder Kyle Isbel.,R,L,R,SEA,KC,X,8.0,line_drive,1,1,2023,-0.29,0.44,0.17,2.04,,,,0,6,Bot,97.13,91.19,,,,,9.898466953535229,-137.02894061755785,-3.12809518624863,-5.869411340377534,30.155589229734172,-26.075884838644896,3.48,1.65,169.0,87.2,12.0,93.8,2366.0,6.0,716853,521692,607461,686681,672580,677951,669004,664728,671221,54.45,0.774,0.733,0.9,1.0,1.0,0.0,4.0,55,3,4-Seam Fastball,6,3,6,3,3,6,6,3,Infield shade,Standard,218.0,0.012,0.443,72.0,7.0,0.885,-0.443,88.0,3,3,0.911,0.911,27,26,28,27,1,3,41.0,2.0,2.0,1.0,2.13,0.29,-0.29,19.9,-1.8828096072398863,15.646309205536078,41.34409760240129,30.411651664650236,22.0028075770386
SL,2023-08-23,92.6,-1.56,5.55,"Raleigh, Cal",663728,666619,single,hit_into_play,,,,,4.0,Cal Raleigh singles on a line drive to left fielder Trayce Thompson. Josh Rojas to 2nd.,R,L,R,CWS,SEA,X,7.0,line_drive,1,0,2023,0.43,0.04,-0.48,2.61,,,668942.0,1,9,Top,86.0,89.37,,,,,1.8182315090578869,-135.0895232602845,-1.9252247719594904,4.986060089341129,25.07808916333528,-31.501499277540407,3.48,1.65,255.0,92.7,15.0,93.9,2601.0,6.6,716881,656024,683734,672820,462101,641313,572204,673357,693049,53.94,0.895,0.841,0.9,1.0,1.0,0.0,4.0,68,2,Slider,3,1,1,3,1,3,1,3,Infield shade,Standard,102.0,-0.076,0.379,78.6,7.2,1.046,-0.379,92.7,2,-2,0.902,0.0979999999999999,23,26,24,27,1,0,3.0,1.0,7.0,2.0,2.57,-0.43,0.43,33.0,-14.29600748054793,14.215495616638862,31.18271287338893,38.772520111734345,23.842392264236427
FF,2023-08-23,90.7,2.3,4.76,"Raleigh, Cal",663728,671111,field_out,hit_into_play,,,,,4.0,Cal Raleigh flies out to second baseman Elvis Andrus.,R,R,L,CWS,SEA,X,4.0,fly_ball,1,1,2023,1.16,0.53,-0.8,2.83,645801.0,,668942.0,1,10,Top,145.79,120.97,,,,,-10.423505273597083,-131.75757718826833,-0.0133083337180998,15.721269477696808,27.662394260185874,-26.25740508989331,3.48,1.65,204.0,82.6,54.0,92.4,2138.0,7.3,716881,518735,683734,462101,660162,641313,643217,673357,693049,53.15,0.029,0.032,0.0,1.0,0.0,0.0,3.0,82,3,4-Seam Fastball,4,4,4,4,4,4,4,4,Standard,Standard,117.0,0.174,-0.13,69.4,6.6,0.047,0.13,88.0,0,0,0.493,0.507,25,26,25,27,1,1,17.0,1.0,3.0,2.0,2.25,1.16,-1.16,15.9,12.455256973028424,-2.5130759499665256,39.39337315341556,24.88447770236232,31.968059908390607
SI,2023-08-22,94.6,-3.07,5.82,"Raleigh, Cal",663728,543766,sac_fly,hit_into_play,,,,,6.0,Cal Raleigh out on a sacrifice fly to right fielder Oscar Colas. J.P. Crawford scores. Eugenio Suarez to 3rd.,R,L,R,CWS,SEA,X,9.0,fly_ball,2,2,2023,-0.5,0.84,0.35,2.81,641487.0,553993.0,664034.0,1,6,Top,167.97,88.25,,,,,9.96184029736667,-137.42278083429753,-4.039126972231631,-8.492823119498805,29.93986847966394,-20.76980063092775,3.54,1.68,294.0,90.2,45.0,93.9,2027.0,5.9,716893,518735,683734,672820,660162,462101,643217,673357,693049,54.57,0.013,0.018,0.0,1.0,0.0,0.0,3.0,53,5,Sinker,1,5,5,1,6,1,6,1,Infield shade,Standard,206.0,-0.008,-0.105,75.8,7.6,0.025,0.105,90.2,-4,4,0.056,0.944,35,26,36,27,1,3,2.0,1.0,1.0,1.0,1.71,0.5,-0.5,38.1,20.864511807630837,-9.777392011517785,33.95516438122197,28.48762703103224,35.33067074405489
FF,2023-08-22,95.2,-1.6,5.79,"Raleigh, Cal",663728,605182,field_out,hit_into_play,,,,,6.0,Cal Raleigh pops out to shortstop Elvis Andrus.,R,L,R,CWS,SEA,X,6.0,popup,1,0,2023,-0.65,1.28,0.49,2.96,,553993.0,,2,1,Top,129.89,129.47,,,,,7.0355476137837005,-138.44579755618548,-4.745448188347165,-9.82998002187585,29.02136419860211,-14.811555311624296,3.54,1.68,179.0,71.3,57.0,96.6,2136.0,7.0,716893,518735,683734,672820,660162,462101,643217,673357,693049,53.54,0.024,0.021,0.0,1.0,0.0,0.0,3.0,4,2,4-Seam Fastball,0,0,0,0,0,0,0,0,Infield shade,Standard,206.0,0.033,-0.315,74.1,7.3,0.025,0.315,88.0,0,0,0.515,0.485,32,26,33,27,1,0,6.0,1.0,5.0,1.0,1.23,0.65,-0.65,41.6,15.52617271491667,-1.236051060125985,37.34700960530227,24.45852742717749,28.5850988728751
FF,2023-08-22,93.8,-1.77,6.22,"Raleigh, Cal",663728,682010,field_out,hit_into_play,,,,,1.0,Cal Raleigh flies out to left fielder Andrew Benintendi.,R,L,R,CWS,SEA,X,7.0,fly_ball,1,0,2023,-0.51,1.18,-0.34,3.05,,,,1,9,Top,58.28,78.26,,,,,4.868982784964171,-136.65849543842688,-5.230146519226007,-7.3357661867906545,25.23232504652692,-16.40243387240122,3.54,1.68,342.0,93.0,28.0,95.4,2349.0,6.8,716893,518735,683734,672820,660162,462101,643217,673357,693049,53.69,0.118,0.183,0.0,1.0,0.0,0.0,3.0,75,2,4-Seam Fastball,2,6,6,2,6,2,6,2,Standard,Standard,221.0,0.001,-0.306,79.5,7.0,0.32,0.306,93.0,-4,4,0.017,0.983,26,26,27,27,1,4,1.0,1.0,2.0,1.0,1.37,0.51,-0.51,41.6,-2.9181080403557895,10.014145564564604,23.715838546082917,37.48003027997156,23.299920985445834
SI,2023-08-21,92.2,-1.75,5.56,"Raleigh, Cal",663728,657053,home_run,hit_into_play,,,,,5.0,Cal Raleigh homers (23) on a fly ball to right field.,R,L,R,CWS,SEA,X,,fly_ball,2,0,2023,-1.43,0.68,-0.21,2.37,,,,0,5,Top,229.5,90.86,,,,,7.121642179763185,-134.1177172142889,-3.836710426211255,-18.793583529720383,27.75097581631687,-23.337041118513604,3.56,1.69,367.0,111.9,22.0,93.6,2175.0,7.0,716905,518735,657757,672820,660162,462101,643217,673357,693049,53.46,0.9731666666666668,1.8858333333333333,2.0,1.0,0.0,3.0,6.0,36,3,Sinker,1,5,5,1,6,1,6,1,Infield shade,Standard,228.0,-0.036,1.003,78.8,8.2,3.715666666666667,-1.003,111.9,-4,4,0.1,0.9,27,26,27,27,3,2,6.0,1.0,5.0,1.0,1.99,1.43,-1.43,33.1,23.69328997652014,-9.758582406727694,34.55494065562527,33.07414415232162,40.08046867768921
FS,2023-08-21,87.9,-1.45,5.57,"Raleigh, Cal",663728,657053,field_out,hit_into_play,,,,,13.0,Cal Raleigh pops out to third baseman Yoan Moncada in foul territory.,R,L,R,CWS,SEA,X,5.0,popup,0,2,2023,-1.18,0.22,-1.3,1.38,,664034.0,,1,2,Top,70.68,164.7,,,,,2.865777866762496,-128.0686939462556,-4.661050141193609,-13.619844261084872,23.818255643858663,-29.008032731270557,3.56,1.69,161.0,67.5,59.0,90.0,1643.0,7.3,716905,518735,657757,672820,660162,462101,643217,673357,693049,53.2,0.003,0.002,0.0,1.0,0.0,0.0,3.0,18,3,Split-Finger,1,5,5,1,5,1,5,1,Standard,Standard,230.0,0.011,-0.183,70.6,8.0,0.003,0.183,88.0,-4,4,0.154,0.846,27,26,27,27,2,1,6.0,1.0,5.0,1.0,2.69,1.18,-1.18,33.9,7.551743443630705,2.9905229254677708,30.908454672107748,46.13347074352825,30.071613139650808
CH,2023-08-21,86.1,-1.31,6.01,"Raleigh, Cal",663728,641703,home_run,hit_into_play,,,,,8.0,Cal Raleigh homers (24) on a fly ball to right field. J.P. Crawford scores. Ty France scores.,R,L,R,CWS,SEA,X,,fly_ball,1,2,2023,-1.08,0.75,-0.25,1.83,641487.0,,664034.0,1,8,Top,227.39,64.82,,,,,4.758997794544617,-125.35222259838108,-5.297198302967433,-12.389328452810194,23.291366864732225,-23.459437295849035,3.56,1.69,413.0,104.1,29.0,87.0,1898.0,6.7,716905,518735,657757,672820,621545,462101,643217,572204,693049,53.82,0.805333333333333,1.600727272727273,2.0,1.0,0.0,3.0,6.0,66,4,Changeup,1,9,9,1,12,1,12,1,Infield shade,Standard,253.0,0.0,1.282,76.3,8.0,3.1790303030303035,-1.282,104.1,-8,8,0.001,0.999,28,26,28,27,1,4,3.0,1.0,,1.0,2.31,1.08,-1.08,40.2,19.28473080862942,-11.253243956782542,35.642569239789246,34.7981874658373,39.45305409845122
FF,2023-08-21,92.1,-1.8,5.57,"Raleigh, Cal",663728,657053,double,hit_into_play,,,,,13.0,Cal Raleigh doubles (19) on a sharp line drive to right fielder Oscar Colas. Eugenio Suarez scores. Ty France scores.,R,L,R,CWS,SEA,X,9.0,line_drive,2,1,2023,-0.9,1.05,-0.89,2.49,553993.0,664034.0,,0,1,Top,208.76,82.71,,,,,4.352714427109315,-134.13424849926045,-4.380125525587895,-11.788155352001336,26.458442447313228,-18.75331199928416,3.56,1.69,352.0,108.2,20.0,94.0,2114.0,7.2,716905,518735,657757,672820,660162,462101,643217,673357,693049,53.34,0.7104285714285714,1.206089285714286,1.25,1.0,1.0,1.0,6.0,4,4,4-Seam Fastball,0,1,1,0,3,0,3,0,Strategic,Strategic,230.0,-0.082,0.734,78.2,8.4,2.2613214285714287,-0.734,108.2,-1,1,0.281,0.719,27,26,27,27,1,0,6.0,1.0,5.0,1.0,1.62,0.9,-0.9,30.7,17.263142982902988,-9.728739609495983,27.924140596970194,40.198254805149205,35.04593825619776
SL,2023-08-19,83.7,0.65,6.09,"Raleigh, Cal",663728,664285,field_out,hit_into_play,,,,,2.0,Cal Raleigh flies out to center fielder Jake Meyers.,R,R,L,HOU,SEA,X,8.0,fly_ball,0,2,2023,-0.14,-0.25,0.26,3.15,,,664034.0,1,5,Top,137.43,74.32,,,,,-0.6103565213953327,-121.97394671918894,0.1014906242195685,-1.23234782690247,24.08556825593918,-34.934762947449045,3.56,1.7,310.0,93.6,43.0,83.4,2490.0,6.0,716932,455117,673237,514888,608324,665161,643289,676694,676801,54.49,0.013,0.02,0.0,1.0,0.0,0.0,3.0,41,3,Slider,2,4,4,2,4,2,4,2,Standard,Standard,308.0,0.015,-0.162,71.5,7.3,0.04,0.162,93.6,-2,2,0.255,0.745,29,26,30,27,3,2,5.0,1.0,6.0,1.0,3.5,-0.14,0.14,45.7,19.093264717197687,2.455444549484682,27.999007781440785,37.20480601987139,32.61459727969748
CU,2023-08-19,79.0,0.98,6.07,"Raleigh, Cal",663728,664285,single,hit_into_play,,,,,7.0,Cal Raleigh singles on a line drive to left fielder Mauricio Dubon.   Teoscar Hernandez scores.,R,R,L,HOU,SEA,X,7.0,line_drive,0,0,2023,-0.35,-0.82,-0.28,2.24,,606192.0,,2,3,Top,71.02,122.16,,,,,-2.080888287202928,-115.05116008152476,-0.0023950252861038,-2.738537099487222,22.265109200689665,-39.688990680082966,3.56,1.7,209.0,89.1,15.0,78.5,2527.0,6.0,716932,455117,673237,514888,608324,665161,643289,676694,676801,54.54,0.982,0.917,0.9,1.0,1.0,0.0,4.0,23,1,Curveball,0,3,3,0,4,0,4,0,Standard,Standard,322.0,-0.062,0.675,72.1,7.7,1.107,-0.675,89.1,-3,3,0.215,0.785,29,26,30,27,2,1,5.0,1.0,6.0,1.0,4.48,-0.35,0.35,46.1,16.60104857966857,-9.586159026422704,32.585438828023484,30.334318392482547,35.38893017263662
FF,2023-08-19,93.6,-1.59,5.98,"Raleigh, Cal",663728,593576,field_out,hit_into_play,,,,,4.0,Cal Raleigh flies out to left fielder Mauricio Dubon.,R,L,R,HOU,SEA,X,7.0,fly_ball,3,2,2023,-0.97,1.12,-0.49,2.36,,606192.0,,2,8,Top,93.87,125.76,,,,,4.989480042065836,-136.08226638966386,-6.025300580183306,-13.159797918415764,31.554167368646834,-17.166533049582256,3.56,1.7,217.0,93.5,58.0,93.2,2094.0,6.2,716932,455117,673237,514888,608324,665161,643289,676694,676801,54.28,0.024,0.028,0.0,1.0,0.0,0.0,3.0,70,7,4-Seam Fastball,2,8,8,2,8,2,8,2,Standard,Standard,216.0,0.001,-0.272,74.7,7.8,0.039,0.272,93.5,-6,6,0.009,0.991,34,26,34,27,1,4,5.0,1.0,2.0,1.0,1.5,0.97,-0.97,39.1,14.791543451468367,-5.4292592205474195,28.89067604019704,38.930631441530835,34.11587666892169
FF,2023-08-19,98.6,-0.72,6.61,"Raleigh, Cal",663728,592773,field_out,hit_into_play,,,,,12.0,Cal Raleigh pops out to third baseman Alex Bregman.,R,L,R,HOU,SEA,X,5.0,popup,0,2,2023,-0.61,1.66,0.08,4.67,677594.0,664034.0,606192.0,2,6,Top,89.26,156.06,,,,,3.5486654113555347,-143.44310408897698,-3.610645221703387,-9.215634459453131,37.09892288949179,-8.749002327822526,3.56,1.7,145.0,72.4,63.0,97.4,2439.0,5.9,716932,455117,673237,514888,608324,665161,643289,676694,676801,54.63,0.005,0.005,0.0,1.0,0.0,0.0,3.0,53,3,4-Seam Fastball,2,6,6,2,6,2,6,2,Infield shade,Standard,210.0,0.014,-0.163,48.5,5.9,0.005,0.163,88.0,-4,4,0.084,0.916,31,26,32,27,1,3,3.0,1.0,1.0,1.0,0.71,0.61,-0.61,48.6,10.513763959309642,12.148841003620497,8.403999187141915,33.23772649328469,21.259042900834757
FF,2023-08-18,96.1,-1.11,5.7,"Raleigh, Cal",663728,608665,field_out,hit_into_play,,,,,5.0,Cal Raleigh flies out to center fielder Mauricio Dubon.,R,L,R,HOU,SEA,X,8.0,fly_ball,1,2,2023,-0.84,1.24,0.13,2.7,677594.0,,,2,7,Top,165.99,61.11,,,,,5.192607755511836,-139.72995718749982,-5.073710142207913,-12.192513707744308,35.662872442069535,-15.048290063943574,3.56,1.7,355.0,93.2,33.0,95.5,2340.0,6.3,716948,455117,673237,514888,608324,665161,670541,643289,676801,54.24,0.121,0.214,0.0,1.0,0.0,0.0,3.0,51,4,4-Seam Fastball,0,2,2,0,2,0,2,0,Infield shade,Standard,223.0,0.023,-0.225,75.1,7.2,0.394,0.225,93.2,-2,2,0.198,0.802,32,26,33,27,1,3,2.0,1.0,2.0,1.0,1.26,0.84,-0.84,40.8,12.730892248204729,-4.194182037015552,29.015296404401425,32.455987617896625,31.264885644424822
FF,2023-08-17,98.3,-1.25,5.82,"Raleigh, Cal",663728,669111,home_run,hit_into_play,,,,,6.0,Cal Raleigh homers (22) on a fly ball to right field.,R,L,R,KC,SEA,X,,fly_ball,2,1,2023,-0.56,1.28,0.47,2.43,,,,2,9,Top,242.44,88.33,,,,,5.978387891920312,-143.07658302961855,-6.761432020728894,-9.00424386080217,30.38093595881499,-13.24430261726534,3.55,1.69,394.0,103.6,26.0,99.2,2381.0,6.6,716964,666023,622110,686681,672580,677951,669004,664728,676369,53.89,0.7526779661016949,1.4541694915254244,2.0,1.0,0.0,3.0,6.0,72,4,4-Seam Fastball,4,5,5,4,6,4,6,4,Infield shade,Standard,219.0,-0.103,2.556,78.4,7.9,2.879525423728814,-2.556,103.6,-1,1,0.193,0.8069999999999999,25,26,25,27,1,0,,1.0,2.0,1.0,1.06,0.56,-0.56,42.6,18.047675179183607,-7.276252135484193,37.306009848658285,28.264831505170935,35.05625931868905
CH,2023-08-16,87.2,-2.59,5.49,"Raleigh, Cal",663728,679525,field_out,hit_into_play,,,,,4.0,"Cal Raleigh grounds out, first baseman Matt Beaty to pitcher Alec Marsh.",R,L,R,KC,SEA,X,3.0,ground_ball,1,1,2023,-1.05,0.06,-0.51,2.77,,664034.0,606192.0,2,4,Top,152.06,161.33,,,,,7.160486848840743,-126.91661722312632,-0.6090341214400858,-12.777180930345985,22.427686489659553,-31.56577203924739,3.55,1.7,42.0,75.7,1.0,87.8,1642.0,6.4,716963,521692,607461,686681,672580,677951,669004,671221,676369,54.15,0.134,0.118,0.0,1.0,0.0,0.0,2.0,38,3,Changeup,3,4,4,3,4,3,4,3,Standard,Standard,240.0,0.043,-0.281,75.4,8.5,0.143,0.281,88.0,-1,1,0.385,0.615,25,26,25,27,2,2,6.0,1.0,5.0,1.0,2.9,1.05,-1.05,32.7,26.06403719779589,-24.62379638219968,26.626959050430894,38.44451663894904,45.1523604166123
CH,2023-08-16,85.5,-2.55,5.52,"Raleigh, Cal",663728,679525,double,hit_into_play,,,,,13.0,Cal Raleigh doubles (18) on a line drive to right fielder Nelson Velazquez.,R,L,R,KC,SEA,X,9.0,line_drive,0,1,2023,-1.25,0.32,-1.04,1.95,,,,0,3,Top,167.59,60.62,,,,,6.100363293435215,-124.32536412372312,-2.7681605954531334,-14.240838326026472,25.044474652023705,-28.51000040925352,3.48,1.66,343.0,91.6,24.0,85.7,1803.0,6.5,716963,521692,607461,686681,672580,677951,669004,671221,676369,54.05,0.142,0.179,1.25,1.0,1.0,1.0,3.0,24,2,Changeup,2,4,4,2,4,2,4,2,Infield shade,Standard,242.0,-0.051,0.748,74.1,8.2,0.282,-0.748,91.6,-2,2,0.291,0.7090000000000001,25,26,25,27,1,1,6.0,1.0,5.0,1.0,2.8,1.25,-1.25,32.4,14.263826872496308,0.0702103159495674,32.22511343928536,44.126721288047534,32.84583769102595
SI,2023-08-16,93.6,-2.29,5.57,"Raleigh, Cal",663728,663704,home_run,hit_into_play,,,,,8.0,Cal Raleigh homers (21) on a fly ball to right field. Ty France scores.,R,L,R,KC,SEA,X,,fly_ball,0,0,2023,-1.1,0.58,0.25,2.01,,,664034.0,2,1,Top,234.64,92.09,,,,,9.066430122030509,-136.12710023042078,-4.842106585676017,-15.536174142469802,26.37583784804936,-24.109219109430633,3.55,1.7,374.0,110.6,24.0,95.0,2142.0,6.9,716963,521692,607461,686681,672580,677951,669004,671221,676369,53.63,0.9887142857142858,1.959714285714286,2.0,1.0,0.0,3.0,6.0,5,1,Sinker,0,1,1,0,3,0,3,0,Infield shade,Standard,235.0,-0.167,2.216,77.9,8.1,3.898214285714286,-2.216,110.6,-1,1,0.427,0.573,26,26,27,27,1,0,1.0,1.0,17.0,1.0,2.0,1.1,-1.1,23.2,18.940715188814263,-6.647314708121267,42.21631622607254,30.27583925893169,36.87136182490863
CH,2023-08-15,84.3,-1.59,5.71,"Raleigh, Cal",663728,543475,field_out,hit_into_play,,,,,11.0,Cal Raleigh flies out to left fielder MJ Melendez.,R,L,R,KC,SEA,X,7.0,fly_ball,1,1,2023,-1.03,0.09,-1.23,2.78,,664034.0,,0,5,Top,58.42,83.2,,,,,2.926768707430793,-122.87263953540864,-0.6813954578759642,-11.027205712690106,22.169647864396246,-31.3411563509388,3.55,1.69,331.0,91.3,26.0,85.7,1639.0,6.9,716981,666023,521692,686681,672580,677951,669004,664728,671221,53.6,0.076,0.085,0.0,1.0,0.0,0.0,3.0,35,3,Changeup,0,7,7,0,7,0,7,0,Standard,Standard,232.0,0.003,-0.242,73.7,7.2,0.146,0.242,91.3,-7,7,0.017,0.983,32,26,33,27,3,2,6.0,1.0,5.0,1.0,3.08,1.03,-1.03,37.5,5.524484516594749,15.712012157909186,23.64453360187149,47.1793018370685,23.206364007927796
CH,2023-08-15,87.1,-2.15,5.75,"Raleigh, Cal",663728,666721,field_out,hit_into_play,,,,,13.0,Cal Raleigh lines out to center fielder Kyle Isbel.,R,L,R,KC,SEA,X,8.0,line_drive,1,2,2023,-1.11,0.13,-1.4,1.84,,,553993.0,1,7,Top,121.15,84.88,,,,,4.156797464653722,-126.88592761794874,-3.57270213550382,-12.834240932816025,25.302507260528312,-30.30248687323368,3.55,1.69,286.0,91.5,16.0,89.0,1614.0,7.3,716981,666023,521692,686681,672580,677951,669004,664728,671221,53.15,0.842,0.801,0.0,1.0,0.0,0.0,4.0,55,5,Changeup,5,7,7,5,7,5,7,5,Infield shade,Standard,256.0,0.015,-0.185,68.0,8.2,1.007,0.185,91.5,-2,2,0.189,0.8109999999999999,24,26,24,27,1,3,27.0,1.0,2.0,1.0,2.87,1.11,-1.11,29.1,11.937889441160186,2.09260090074678,27.733666878650993,49.10247013324884,26.968323613534
ST,2023-08-15,82.4,2.57,5.88,"Raleigh, Cal",663728,656353,field_out,hit_into_play,,,,,4.0,"Cal Raleigh grounds out, shortstop Bobby Witt Jr.  to first baseman Salvador Perez.",R,R,L,KC,SEA,X,6.0,ground_ball,2,1,2023,-1.22,-0.01,-0.28,2.44,,677594.0,664034.0,2,10,Top,110.47,137.09,,,,,-4.115684921908825,-120.01889644798528,-1.284824355933697,-10.936480159183784,23.906017896010773,-32.18638324107225,3.55,1.69,113.0,78.8,8.0,82.4,2128.0,6.3,716981,666023,521692,669392,672580,677951,669004,671221,680118,54.18,0.329,0.299,0.0,1.0,0.0,0.0,2.0,89,4,Sweeper,8,10,10,8,10,8,10,8,Standard,Standard,294.0,0.036,-0.306,77.1,7.3,0.361,0.306,88.0,-2,2,0.175,0.825,27,26,27,27,1,5,4.0,1.0,1.0,1.0,3.36,-1.22,1.22,46.5,7.806173589661482,11.38629720300169,37.5094432186301,31.867512153835193,29.07246901401551
FC,2023-08-15,86.4,-1.21,6.07,"Raleigh, Cal",663728,543475,field_out,hit_into_play,,,,,3.0,Cal Raleigh flies out sharply to right fielder Drew Waters.,R,L,R,KC,SEA,X,9.0,fly_ball,0,0,2023,0.45,0.54,0.4,3.2,,,,0,2,Top,186.95,128.66,,,,,2.932389009299067,-125.93428915910016,-1.784182902104456,4.300919232317421,23.56611715075657,-26.304895842517094,3.55,1.69,231.0,102.4,57.0,87.6,2315.0,6.8,716981,666023,521692,686681,672580,677951,669004,664728,671221,53.72,0.024,0.026,0.0,1.0,0.0,0.0,3.0,7,1,Cutter,0,0,0,0,0,0,0,0,Infield shade,Standard,170.0,0.023,-0.265,77.1,7.8,0.036,0.265,102.4,0,0,0.5,0.5,32,26,33,27,1,0,6.0,1.0,5.0,1.0,2.49,-0.45,0.45,44.1,24.869872735386345,-17.378382648860683,30.426718009806702,28.33126731985777,40.15460759723019
SI,2023-08-15,93.8,-2.57,5.58,"Raleigh, Cal",663728,663704,field_out,hit_into_play,,,,,11.0,Cal Raleigh flies out to left fielder Samad Taylor.,R,L,R,KC,SEA,X,7.0,fly_ball,3,2,2023,-1.54,0.55,-1.08,2.85,,,664034.0,0,9,Top,64.36,108.91,,,,,7.283297067119146,-136.4679817543563,-2.5917181569265093,-20.824359379304195,28.631526026882295,-24.93511412841955,3.55,1.69,271.0,92.0,51.0,94.6,2219.0,6.7,716981,666023,521692,686681,672580,677951,669392,671221,669004,53.84,0.003,0.003,0.0,1.0,0.0,0.0,3.0,73,6,Sinker,5,8,8,5,8,5,8,5,Infield shade,Standard,237.0,0.006,-0.303,73.8,7.2,0.004,0.303,92.0,-3,3,0.028,0.972,26,26,27,27,1,4,3.0,1.0,1.0,1.0,2.03,1.54,-1.54,24.7,12.309088626073365,10.86928149066937,23.920971748152212,45.36751465542873,26.508997663512595
CH,2023-08-14,88.7,-1.44,5.26,"Raleigh, Cal",663728,663903,field_out,hit_into_play,,,,,11.0,Cal Raleigh lines out to center fielder Kyle Isbel.,R,L,R,KC,SEA,X,8.0,line_drive,0,1,2023,-1.15,0.44,-1.27,2.66,,,,2,4,Top,113.37,92.5,,,,,2.8404018823263657,-129.25501413280654,-1.3066352246097996,-13.466302097012871,24.937285206162077,-27.136629089130594,3.56,1.69,312.0,86.9,24.0,90.3,2099.0,7.0,716994,521692,607461,686681,672580,677951,669004,664728,671221,53.5,0.139,0.14,0.0,1.0,0.0,0.0,3.0,27,2,Changeup,3,0,0,3,0,3,0,3,Infield shade,Standard,224.0,0.008,-0.23,74.9,7.4,0.207,0.23,88.0,3,-3,0.852,0.148,26,26,27,27,2,1,6.0,1.0,5.0,1.0,2.43,1.15,-1.15,31.7,8.66736622875453,11.803390670196537,21.587212598361024,47.10956717298365,28.155288768620753
CH,2023-08-14,89.9,-1.42,5.28,"Raleigh, Cal",663728,663903,field_out,hit_into_play,,,,,13.0,"Cal Raleigh grounds out, pitcher Brady Singer to first baseman Matt Beaty.",R,L,R,KC,SEA,X,1.0,ground_ball,1,2,2023,-1.14,0.42,-1.3,1.96,,,,2,1,Top,129.75,184.07,,,,,2.797205198856285,-131.0404359863686,-3.2641859450153223,-13.769068777217422,25.64467056174889,-26.858767496396663,3.56,1.69,10.0,78.0,-10.0,92.0,1879.0,7.3,716994,521692,607461,686681,672580,677951,669004,664728,671221,53.19,0.082,0.07,0.0,1.0,0.0,0.0,2.0,3,4,Changeup,0,0,0,0,0,0,0,0,Infield shade,Standard,226.0,0.008,-0.191,73.4,7.9,0.098,0.191,88.0,0,0,0.54,0.4599999999999999,26,26,27,27,1,0,6.0,1.0,5.0,1.0,2.37,1.14,-1.14,30.1,11.131358751542802,5.880658403126365,25.474192971976013,48.93922074442484,24.91031956261099
CU,2023-08-13,84.0,-1.26,6.43,"Raleigh, Cal",663728,680694,field_out,hit_into_play,,,,,13.0,"Cal Raleigh grounds out, second baseman Adam Frazier to first baseman Ryan Mountcastle.",R,L,R,SEA,BAL,X,4.0,ground_ball,2,1,2023,0.27,-0.87,-0.97,2.53,,,,0,6,Bot,154.55,155.64,,,,,0.1604948082440082,-122.46270508464868,-0.954244750947368,2.650544720889299,23.587703762725894,-40.96893067425199,3.55,1.69,7.0,89.3,-20.0,84.1,2640.0,6.2,717005,543510,663624,624428,676059,683002,669720,656775,623993,54.3,0.089,0.087,0.0,1.0,0.0,0.0,2.0,47,4,Curveball,2,2,2,2,2,2,2,2,Infield shade,Standard,18.0,-0.039,-0.313,76.8,7.8,0.092,0.313,89.3,0,0,0.581,0.581,26,26,27,27,3,2,7.0,1.0,7.0,1.0,4.08,-0.27,0.27,59.7,16.90533658932892,7.795052345254868,25.302599042751712,45.22210935520654,33.1737355065857
CU,2023-08-13,83.3,-1.39,6.38,"Raleigh, Cal",663728,680694,grounded_into_double_play,hit_into_play,,,,,5.0,"Cal Raleigh grounds into a double play, first baseman Ryan Mountcastle to shortstop Gunnar Henderson to first baseman Ryan Mountcastle. Eugenio Suarez out at 2nd. Cal Raleigh out at 1st.",R,L,R,SEA,BAL,X,3.0,ground_ball,0,0,2023,0.64,-1.28,-0.14,2.45,,,553993.0,1,1,Bot,155.06,166.28,,,,,1.599297481362244,-121.37157231757388,-0.0982247225479608,6.019612435011303,23.012691616933907,-45.03255823252637,3.55,1.69,8.0,95.8,-16.0,83.3,2684.0,6.2,717005,543510,663624,624428,676059,683002,656811,669720,623993,54.32,0.166,0.147,0.0,1.0,0.0,0.0,2.0,7,1,Curveball,0,0,0,0,0,0,0,0,Infield shade,Standard,15.0,-0.051,-0.333,79.6,7.8,0.177,0.333,95.8,0,0,0.551,0.551,26,26,27,27,1,0,7.0,1.0,7.0,1.0,4.55,-0.64,0.64,58.8,13.97168450239396,-2.6007692191876504,31.65644168758828,34.29767705348249,34.41630200274592
FF,2023-08-12,96.9,-1.65,6.11,"Raleigh, Cal",663728,657508,double,hit_into_play,,,,,5.0,Cal Raleigh doubles (17) on a sharp line drive to right fielder Anthony Santander. Ty France to 3rd.,R,L,R,SEA,BAL,X,9.0,line_drive,1,2,2023,-0.54,1.31,0.09,2.81,,,664034.0,2,6,Bot,224.71,101.03,,,,,5.885362112638997,-140.89854209715597,-6.28504390772081,-8.497701769444365,32.31491612934027,-13.471394135486536,3.53,1.68,291.0,106.6,19.0,97.4,2122.0,6.6,717018,668939,656811,624428,676059,622761,669720,656775,623993,53.88,0.5714516129032259,0.9094838709677416,1.25,1.0,1.0,1.0,6.0,40,4,4-Seam Fastball,0,0,0,0,0,0,0,0,Infield shade,Standard,218.0,0.059,0.961,77.1,7.8,1.6621612903225804,-0.961,106.6,0,0,0.526,0.526,27,26,28,27,1,2,3.0,1.0,1.0,1.0,1.12,0.54,-0.54,47.1,24.33794966534822,-13.695625364964148,29.05536497740879,32.37384297417169,37.069807383142134
SI,2023-08-12,97.1,-2.28,5.32,"Raleigh, Cal",663728,666974,field_out,hit_into_play,,,,,6.0,Cal Raleigh flies out to left fielder Austin Hays.,R,L,R,SEA,BAL,X,7.0,fly_ball,1,0,2023,-1.51,0.0,0.33,2.37,,553993.0,664034.0,1,8,Bot,78.84,89.58,,,,,10.387167148209365,-141.0572928871146,-2.351066207844959,-22.51041779357041,31.187750008643462,-31.894359808246648,3.53,1.68,296.0,90.8,40.0,96.7,2160.0,6.1,717018,668939,656811,624428,676059,622761,669720,656775,623993,54.44,0.016,0.022,0.0,1.0,0.0,0.0,3.0,56,2,Sinker,0,0,0,0,0,0,0,0,Infield shade,Standard,249.0,-0.092,-0.281,80.0,7.3,0.039,0.281,90.8,0,0,0.683,0.683,29,26,29,27,1,3,2.0,1.0,1.0,1.0,2.42,1.51,-1.51,13.8,12.207596084400112,1.4513009376229689,38.71581120769302,28.58531284280965,26.86203433490393
FF,2023-08-12,93.7,1.16,6.33,"Raleigh, Cal",663728,608344,field_out,hit_into_play,,,,,1.0,Cal Raleigh pops out to first baseman Ryan O'Hearn.,R,R,L,SEA,BAL,X,3.0,popup,1,1,2023,0.52,1.32,-0.47,3.31,,,,0,2,Bot,138.46,184.63,,,,,-5.364171182705029,-136.42135675769492,-5.070845481841527,7.550436548301239,26.19864835002972,-14.763574977161763,3.53,1.68,55.0,83.8,76.0,94.7,1962.0,6.5,717018,668939,656811,624428,676059,622761,669720,656775,623993,53.96,0.003,0.002,0.0,1.0,0.0,0.0,3.0,10,3,4-Seam Fastball,0,0,0,0,0,0,0,0,Standard,Standard,144.0,-0.022,-0.254,76.4,7.4,0.003,0.254,88.0,0,0,0.55,0.55,29,26,29,27,1,0,6.0,1.0,7.0,1.0,1.25,0.52,-0.52,44.9,17.157496895553386,-9.949752793054222,29.950537040947168,28.727925654969155,33.05258691246814
FF,2023-08-11,92.4,-1.94,6.36,"Raleigh, Cal",663728,502043,home_run,hit_into_play,,,,,5.0,Cal Raleigh homers (20) on a fly ball to right field.    Eugenio Suarez scores.,R,L,R,SEA,BAL,X,,fly_ball,1,1,2023,-0.48,1.37,-0.01,2.94,,,553993.0,1,1,Bot,213.89,61.1,,,,,6.045095298250726,-134.51505609194533,-6.024946669992936,-7.072444425013757,25.89910108661685,-14.42315892235827,3.53,1.69,403.0,112.6,23.0,94.1,2183.0,7.0,717034,668939,663624,624428,602104,683002,681297,656775,656811,53.52,0.9855,1.9365,2.0,1.0,0.0,3.0,6.0,6,3,4-Seam Fastball,0,0,0,0,0,2,2,0,Infield shade,Standard,211.0,0.167,1.466,78.1,7.5,3.8388333333333335,-1.466,112.6,0,0,0.55,0.55,35,26,36,27,1,0,6.0,2.0,7.0,1.0,1.28,0.48,-0.48,46.0,14.463686625379411,-4.25738889188259,28.692615560424372,33.42778490820105,33.80725435867601
FF,2023-08-09,96.2,-1.69,5.55,"Raleigh, Cal",663728,506433,field_out,hit_into_play,,,,,2.0,Cal Raleigh flies out to center fielder Trent Grisham.,R,L,R,SEA,SD,X,8.0,fly_ball,1,2,2023,-0.51,1.32,0.0,3.15,,,553993.0,0,4,Bot,111.07,78.98,,,,,5.65940755869284,-139.9731163797009,-3.777215726371257,-7.941643020463847,31.434952998338716,-14.136412553730436,3.56,1.68,302.0,85.4,38.0,96.6,2331.0,6.5,717055,669134,630105,673490,592518,593428,665742,663757,665487,53.96,0.005,0.007,0.0,1.0,0.0,0.0,3.0,29,4,4-Seam Fastball,1,1,1,1,1,1,1,1,Infield shade,Standard,212.0,-0.03,-0.17,74.2,6.8,0.013,0.17,88.0,0,0,0.593,0.593,36,26,37,27,2,1,5.0,1.0,5.0,2.0,1.14,0.51,-0.51,41.7,10.917354220118629,8.492757263124954,28.57012416702312,31.46577329030938,26.628084357920535
SL,2023-08-09,82.4,-1.75,5.52,"Raleigh, Cal",663728,506433,single,hit_into_play,,,,,8.0,"Cal Raleigh singles on a ground ball to right fielder Fernando Tatis Jr. Cal Raleigh out at 2nd on the throw, right fielder Fernando Tatis Jr.  to shortstop Xander Bogaerts.   Eugenio Suarez to 3rd.",R,L,R,SEA,SD,X,9.0,ground_ball,3,2,2023,0.46,-0.37,-0.27,1.74,,,553993.0,2,1,Bot,191.56,134.85,,,,,2.489420440583888,-119.95884374023208,-1.315396394080153,3.868841999382355,24.562608698643892,-35.723441847047454,3.56,1.68,122.0,86.0,10.0,82.5,2518.0,6.5,717055,669134,630105,673490,592518,593428,665742,663757,665487,54.04,0.534,0.481,0.9,1.0,1.0,0.0,4.0,8,7,Slider,0,1,0,1,1,0,0,1,Infield shade,Standard,44.0,-0.026,0.349,60.4,8.4,0.572,-0.349,88.0,-1,-1,0.423,0.423,36,26,37,27,1,0,5.0,1.0,5.0,2.0,3.74,-0.46,0.46,40.5,20.159188355322964,-18.1794805184879,33.50632032307346,35.932184671974824,42.64710381017207
ST,2023-08-09,82.5,-2.9,5.1,"Raleigh, Cal",663728,621051,home_run,hit_into_play,,,,,8.0,Cal Raleigh homers (19) on a fly ball to right field.    Julio Rodriguez scores.,R,L,R,SEA,SD,X,,fly_ball,3,2,2023,1.14,0.63,0.04,2.01,,,677594.0,1,8,Bot,227.05,47.15,,,,,4.508445154557633,-120.16171745501777,-1.777619794378209,10.16828651463431,23.38088425001591,-25.916034534694106,3.56,1.68,450.0,109.7,37.0,83.0,2594.0,6.6,717055,669134,630105,673490,592518,593428,665742,663757,665487,53.93,0.8585,2.0,2.0,1.0,0.0,3.0,6.0,62,7,Sweeper,1,1,1,1,1,3,3,1,Infield shade,Standard,88.0,0.314,1.39,79.4,8.2,3.436,-1.39,109.7,0,0,0.618,0.618,28,26,29,27,1,3,2.0,1.0,2.0,2.0,2.71,-1.14,1.14,33.0,20.919006244843818,-20.30553282625312,36.46075329997728,32.93821554684504,43.05569510277654
FF,2023-08-08,93.6,-2.14,5.97,"Raleigh, Cal",663728,607259,field_out,hit_into_play,,,,,11.0,Cal Raleigh pops out to third baseman Manny Machado in foul territory.,R,L,R,SEA,SD,X,5.0,popup,2,2,2023,-0.53,1.32,-1.06,3.41,,641487.0,,2,3,Bot,88.65,182.0,,,,,3.933702551844184,-136.38219682194315,-3.8169272736022495,-7.450608572137626,27.152558028678424,-14.99451055648868,3.57,1.7,110.0,86.8,74.0,93.4,2263.0,5.9,717072,596142,630105,673490,592518,593428,665742,663757,665487,54.59,0.003,0.003,0.0,1.0,0.0,0.0,3.0,23,8,4-Seam Fastball,0,0,0,0,0,0,0,0,Strategic,Standard,210.0,-0.034,-0.22,74.4,7.4,0.003,0.22,88.0,0,0,0.534,0.534,32,26,33,27,2,1,3.0,2.0,5.0,1.0,1.25,0.53,-0.53,53.1,13.146429874969762,-1.2473370104629198,17.56081626305523,42.36004290041896,28.813619094806697
CH,2023-08-08,89.9,-1.37,5.89,"Raleigh, Cal",663728,663158,field_out,hit_into_play,,,,,4.0,Cal Raleigh lines out to right fielder Fernando Tatis Jr.,R,L,R,SEA,SD,X,9.0,line_drive,1,0,2023,-1.49,0.62,-0.54,2.57,,,,2,7,Bot,201.2,112.3,,,,,5.2639741804522755,-130.79261631374422,-3.5898881099995195,-18.15724285735514,27.781850220698978,-24.50284557218671,3.57,1.7,284.0,85.0,26.0,90.9,1806.0,6.9,717072,596142,630105,673490,592518,593428,665742,663757,665487,53.58,0.132,0.155,0.0,1.0,0.0,0.0,3.0,53,2,Changeup,2,0,2,0,0,2,2,0,Infield shade,Standard,226.0,-0.007,-0.317,79.1,8.1,0.235,0.317,88.0,2,2,0.869,0.869,32,26,32,27,1,3,4.0,2.0,1.0,1.0,2.2,1.49,-1.49,42.5,22.110827772833613,-7.873555042541565,31.792257794131935,38.13485975752504,43.48093814344726
CH,2023-08-06,84.7,-2.09,6.39,"Raleigh, Cal",663728,642545,field_out,hit_into_play,,,,,7.0,Cal Raleigh lines out to first baseman C.  J. Cron.,R,L,R,LAA,SEA,X,3.0,line_drive,2,1,2023,-1.44,0.34,-0.51,1.64,,,553993.0,2,10,Top,146.77,172.38,,,,,6.529351961629946,-123.15220332206702,-5.3975798143915545,-15.946556532999733,24.463608600593545,-27.87357623144545,3.57,1.69,101.0,87.4,8.0,84.3,1765.0,6.1,717101,642136,543068,592273,519058,650859,545341,666160,592669,54.44,0.471,0.424,0.0,1.0,0.0,0.0,4.0,73,4,Changeup,2,3,3,2,3,2,3,2,Infield shade,Standard,201.0,0.043,-0.302,69.9,8.7,0.502,0.302,88.0,-1,1,0.405,0.595,26,26,27,27,1,4,4.0,1.0,5.0,2.0,2.85,1.44,-1.44,48.1,26.07497870244392,-11.192767980572414,36.67476622125463,39.55533965994172,42.86739189384596
FF,2023-08-06,96.5,-1.58,6.11,"Raleigh, Cal",663728,681217,field_error,hit_into_play,,,,,5.0,Cal Raleigh reaches on a fielding error by right fielder Hunter Renfroe.   Cal Raleigh to 2nd.,R,L,R,LAA,SEA,X,9.0,fly_ball,2,1,2023,-0.18,1.48,0.25,2.49,,,,2,1,Top,192.2,73.05,,,,,5.254877567269926,-140.2736415109526,-7.390397792465866,-3.6043554695762383,32.211298005549004,-11.1405744105639,3.57,1.69,,91.1,32.0,,2464.0,6.1,717101,642136,519058,592273,500871,650859,545341,666160,592669,54.39,0.061,0.081,0.9,1.0,0.0,0.0,3.0,4,4,4-Seam Fastball,0,1,1,0,1,0,1,0,Infield shade,Standard,198.0,-0.019,0.343,80.9,7.9,0.151,-0.343,91.1,-1,1,0.437,0.563,23,26,23,27,1,0,6.0,1.0,7.0,2.0,0.98,0.18,-0.18,42.4,19.602725331275067,-5.137789957502208,37.23838997908404,28.88279812366788,31.086103423780223
SL,2023-08-04,88.1,1.58,5.95,"Raleigh, Cal",663728,672282,grounded_into_double_play,hit_into_play,,,,,5.0,"Cal Raleigh grounds into a double play, third baseman Mike Moustakas to first baseman C.  J. Cron.   Teoscar Hernandez out at 3rd.    Cal Raleigh out at 1st.",R,R,L,LAA,SEA,X,5.0,ground_ball,0,1,2023,-0.19,0.56,-0.22,2.49,,606192.0,664034.0,1,3,Top,104.74,168.82,,,,,-3.961919253054403,-128.33028761094178,-3.4771644038028926,-1.2851330830787333,26.067987771080777,-25.480489217462424,3.54,1.69,8.0,92.6,-16.0,87.7,2006.0,5.9,717130,642136,543068,592273,519058,650859,545341,666160,592669,54.59,0.134,0.121,0.0,1.0,0.0,0.0,2.0,25,2,Slider,1,5,5,1,5,1,5,1,Standard,Standard,150.0,0.036,-0.284,76.2,7.5,0.155,0.284,92.6,-4,4,0.128,0.872,23,26,24,27,2,1,6.0,1.0,7.0,1.0,2.37,-0.19,0.19,34.3,15.108441287345403,-3.926324190751071,34.20496060917442,30.55989022863445,31.950598694488008
FF,2023-08-04,94.4,1.46,6.02,"Raleigh, Cal",663728,672282,field_out,hit_into_play,,,,,12.0,Cal Raleigh flies out sharply to left fielder Randal Grichuk.,R,R,L,LAA,SEA,X,7.0,fly_ball,2,2,2023,0.58,1.52,0.85,2.89,,,,2,1,Top,61.51,63.46,,,,,-2.8699355129062587,-137.31292890542977,-5.777258347837933,8.015504928202171,32.75829348486104,-11.9220253812708,3.54,1.69,370.0,102.0,38.0,93.5,2203.0,6.0,717130,642136,543068,592273,519058,650859,545341,666160,592669,54.55,0.3541111111111111,0.6824444444444445,0.0,1.0,0.0,0.0,5.0,7,6,4-Seam Fastball,0,4,4,0,4,0,4,0,Standard,Standard,141.0,0.004,-0.233,73.4,8.3,1.3653333333333333,0.233,102.0,-4,4,0.192,0.808,23,26,24,27,1,0,6.0,1.0,7.0,1.0,1.06,0.58,-0.58,38.0,22.06522322521273,-9.361000603515564,25.599756994643354,43.41831358516225,32.222120043867065
SI,2023-08-04,91.9,3.8,4.71,"Raleigh, Cal",663728,571901,home_run,hit_into_play,,,,,5.0,Cal Raleigh homers (18) on a fly ball to center field.,R,R,L,LAA,SEA,X,,fly_ball,0,1,2023,1.42,0.55,-0.04,2.53,,,,1,9,Top,101.5,39.73,,,,,-12.742957200668688,-133.21691718617484,-0.8235151481392489,19.70290320384391,29.286071953091433,-25.647982056038927,3.54,1.69,399.0,101.1,29.0,91.2,2049.0,6.1,717130,595453,543068,592273,519058,650859,545341,677941,592669,54.35,0.57165,1.0987333333333331,2.0,1.0,0.0,3.0,6.0,78,2,Sinker,7,8,8,7,9,7,9,7,Standard,Standard,113.0,-0.099,1.623,74.0,7.4,2.1824166666666667,-1.623,101.1,-1,1,0.183,0.817,35,26,36,27,1,4,4.0,1.0,1.0,1.0,2.17,1.42,-1.42,10.4,9.19349551536261,-0.0936067085969727,36.00430868219024,34.78996135433418,30.324387071156067
ST,2023-08-03,80.5,-2.41,5.62,"Raleigh, Cal",663728,660271,single,hit_into_play,,,,,7.0,Cal Raleigh singles on a soft ground ball to third baseman Mike Moustakas.,R,L,R,LAA,SEA,X,5.0,ground_ball,0,0,2023,0.92,0.53,-0.53,2.0,,,,0,4,Top,108.92,174.61,,,,,2.4442171371651216,-117.23668237123051,-2.38270267438376,8.013888597961813,22.0182743382563,-27.02532715226439,3.53,1.69,3.0,46.3,-32.0,81.4,2144.0,6.8,717144,642136,543068,650859,519058,687263,545341,666160,592669,53.68,0.176,0.155,0.9,1.0,1.0,0.0,1.0,23,1,Sweeper,0,0,0,0,0,0,0,0,Infield shade,Standard,75.0,-0.044,0.432,84.7,8.7,0.192,-0.432,88.0,0,0,0.5,0.5,28,26,29,27,2,1,7.0,1.0,6.0,1.0,2.98,-0.92,0.92,30.3,21.893498353688077,-15.371165313035442,32.70343476332933,38.67685772038028,49.11772859979644
FC,2023-08-02,89.2,-1.09,5.94,"Raleigh, Cal",663728,676710,field_out,hit_into_play,,,,,3.0,Cal Raleigh flies out to second baseman Christian Arroyo.,R,L,R,SEA,BOS,X,4.0,fly_ball,3,1,2023,0.18,0.9,0.6,3.13,,,553993.0,0,4,Bot,139.96,121.24,,,,,3.778182068206686,-130.0151376502633,-2.8830552831340066,1.38924012453857,22.701988101614916,-21.558304918581808,3.52,1.69,201.0,79.6,55.0,89.8,2291.0,6.2,717161,657136,671213,624414,646240,644374,680776,594807,657077,54.28,0.039,0.039,0.0,1.0,0.0,0.0,3.0,29,5,Cutter,0,2,0,2,2,0,0,2,Infield shade,Standard,187.0,-0.074,-0.372,76.5,7.4,0.053,0.372,88.0,-2,-2,0.389,0.389,27,26,27,27,2,1,5.0,1.0,6.0,1.0,1.92,-0.18,0.18,48.5,12.357741669119507,-5.208799550390574,33.323177964850586,25.384384731212133,31.862885339055204
SI,2023-08-02,91.5,-2.67,4.23,"Raleigh, Cal",663728,670167,home_run,hit_into_play,,,,,7.0,Cal Raleigh homers (17) on a fly ball to right field.    Eugenio Suarez scores.,R,L,R,SEA,BOS,X,,fly_ball,3,2,2023,-1.15,0.08,-0.39,1.83,,553993.0,,1,6,Bot,217.81,84.46,,,,,8.226351658413074,-133.03903682843395,-0.3127791903330905,-15.446726599677008,30.22614632978226,-31.389498600497703,3.52,1.69,362.0,105.4,26.0,91.3,2186.0,6.3,717161,657136,671213,624414,646240,644374,680776,594807,657077,54.17,0.842830769230769,1.6619384615384611,2.0,1.0,0.0,3.0,6.0,47,10,Sinker,0,3,0,3,3,2,2,3,Standard,Standard,248.0,0.168,1.252,75.7,8.4,3.292215384615384,-1.252,105.4,-3,-3,0.188,0.188,29,26,29,27,1,2,3.0,1.0,3.0,1.0,2.66,1.15,-1.15,13.6,18.23631065654395,-10.12439290247324,37.76776193327723,36.20000005330697,35.948776422225976
FC,2023-08-02,87.0,3.39,5.92,"Raleigh, Cal",663728,542947,field_out,hit_into_play,,,,,11.0,Cal Raleigh pops out to shortstop Yu Chang.,R,R,L,SEA,BOS,X,6.0,popup,0,2,2023,-0.05,0.56,-0.21,3.79,677594.0,,553993.0,1,7,Bot,111.46,154.12,,,,,-8.574696375924546,-126.54092435309546,-0.1314636883731859,1.0761045093804713,23.879582403001148,-26.26161298601056,3.52,1.69,109.0,96.0,69.0,87.7,1879.0,6.6,717161,657136,671213,624414,646240,644374,680776,594807,657077,53.88,0.011,0.013,0.0,1.0,0.0,0.0,3.0,59,6,Cutter,5,3,5,3,3,5,5,3,Standard,Standard,156.0,-0.021,-0.03,72.7,7.4,0.018,0.03,96.0,2,2,0.908,0.908,36,26,36,27,1,3,3.0,1.0,2.0,1.0,2.43,-0.05,0.05,31.9,20.328764401289437,-16.27108132815711,26.555349248097208,33.32220366594953,39.327519538248616
FC,2023-08-02,88.7,-1.28,5.9,"Raleigh, Cal",663728,676710,field_out,hit_into_play,,,,,12.0,"Cal Raleigh grounds out, first baseman Triston Casas to pitcher Kutter Crawford.",R,L,R,SEA,BOS,X,3.0,ground_ball,3,2,2023,0.29,0.95,0.28,3.77,,,,0,2,Bot,171.47,159.31,,,,,3.201555607210891,-129.33565810225443,-1.255439283603422,2.7995786259628086,21.917540386521793,-21.36844579316639,3.52,1.69,5.0,85.6,-36.0,89.5,2333.0,6.2,717161,657136,671213,624414,646240,644374,680776,594807,657077,54.25,0.037,0.047,0.0,1.0,0.0,0.0,2.0,11,7,Cutter,0,0,0,0,0,0,0,0,Infield shade,Standard,185.0,-0.029,-0.353,71.9,7.0,0.037,0.353,88.0,0,0,0.557,0.557,27,26,27,27,1,0,5.0,1.0,6.0,1.0,1.9,-0.29,0.29,47.4,13.143632203049076,-13.844764508226698,16.575687544884058,29.185418972206865,35.99201726189518
SI,2023-08-01,94.8,-1.9,5.01,"Raleigh, Cal",663728,678394,field_out,hit_into_play,,,,,7.0,"Cal Raleigh grounds out, first baseman Triston Casas to pitcher Brayan Bello.",R,L,R,SEA,BOS,X,3.0,ground_ball,1,1,2023,-1.42,0.28,-0.44,1.87,,,,2,3,Bot,156.94,153.84,,,,,6.993349609215064,-137.87813955149863,-3.1545009065611644,-19.728478880037297,31.154981304992805,-28.144068066204508,3.54,1.7,9.0,101.7,-11.0,94.8,1844.0,6.4,717167,624512,671213,624414,646240,644374,680776,594807,657077,54.14,0.266,0.234,0.0,1.0,0.0,0.0,2.0,24,3,Sinker,1,0,1,0,0,1,1,0,Infield shade,Standard,244.0,-0.009,-0.261,78.5,8.1,0.302,0.261,101.7,1,1,0.632,0.632,24,26,24,27,2,1,6.0,1.0,6.0,1.0,2.27,1.42,-1.42,23.4,11.097431046985928,1.8665585177790105,36.59504108901153,37.00665021050278,32.108794959816784
FC,2023-07-31,84.8,-1.19,6.72,"Raleigh, Cal",663728,601713,home_run,hit_into_play,,,,,5.0,Cal Raleigh homers (16) on a fly ball to right field.,R,L,R,SEA,BOS,X,,fly_ball,1,1,2023,0.4,0.01,-0.19,2.32,,,,1,7,Bot,237.47,87.33,,,,,1.5528142072093265,-123.55371832121722,-4.098463979886788,3.868612588304649,21.300685462973956,-31.55147629737774,3.55,1.72,387.0,105.0,37.0,86.2,2276.0,6.8,717181,657136,671213,622569,646240,644374,807799,680776,657077,53.7,0.6265625,1.25275,2.0,1.0,0.0,3.0,6.0,50,3,Cutter,1,1,1,1,1,2,2,1,Infield shade,Standard,118.0,0.221,1.593,80.1,8.4,2.4885624999999996,-1.593,105.0,0,0,0.549,0.549,30,26,30,27,3,2,6.0,1.0,5.0,1.0,3.12,-0.4,0.4,58.6,22.18302379413105,-11.425183135271476,33.56312726686826,34.66741079535024,41.575382578882994
SI,2023-07-31,92.2,3.48,4.5,"Raleigh, Cal",663728,682175,fielders_choice,hit_into_play,,,,,14.0,"Cal Raleigh reaches on a fielder's choice, fielded by shortstop Pablo Reyes.   Julio Rodriguez to 3rd.    Eugenio Suarez to 2nd.  Fielding error by shortstop Pablo Reyes.",R,R,L,SEA,BOS,X,6.0,ground_ball,1,2,2023,1.62,-0.07,0.88,1.66,,677594.0,553993.0,1,8,Bot,129.71,142.96,,,,,-10.13451304077415,-133.98352649931252,-1.2124310035447905,21.672681003253697,28.643663431479812,-32.983538015768644,3.55,1.72,5.0,99.5,-17.0,92.3,1955.0,6.4,717181,657136,644374,624414,646240,622569,807799,680776,608701,54.1,0.174,0.161,0.9,1.0,0.0,0.0,2.0,64,4,Sinker,5,1,5,1,1,5,5,1,Standard,Standard,90.0,0.004,0.528,71.6,7.3,0.176,-0.528,99.5,4,4,0.989,0.989,28,26,28,27,1,3,5.0,1.0,4.0,1.0,2.76,1.62,-1.62,8.7,0.2637567558950445,16.275059896846155,35.82132989223662,42.86320517674354,24.285075794494112
FF,2023-07-31,94.8,-1.13,6.68,"Raleigh, Cal",663728,601713,home_run,hit_into_play,,,,,5.0,Cal Raleigh homers (15) on a fly ball to right field.,R,L,R,SEA,BOS,X,,fly_ball,3,1,2023,-0.3,1.75,-0.18,2.62,,,,0,2,Bot,204.97,73.63,,,,,3.1884622957123425,-137.82910715310254,-8.90047938088872,-4.475609472790636,30.979433586500136,-8.107932804983355,3.55,1.72,366.0,104.5,41.0,95.7,2201.0,6.9,717181,657136,671213,622569,646240,644374,807799,680776,657077,53.62,0.28575,0.5519999999999999,2.0,1.0,0.0,3.0,5.0,13,5,4-Seam Fastball,0,1,0,1,1,1,1,1,Infield shade,Standard,191.0,0.092,0.938,79.2,8.6,1.1002500000000002,-0.938,104.5,-1,-1,0.459,0.459,30,26,30,27,1,0,6.0,1.0,5.0,1.0,0.79,0.3,-0.3,66.8,23.81722880863363,-12.087626903828424,33.22533440700896,34.4294109709309,34.69970706272036
FF,2023-07-30,90.2,-1.8,5.49,"Raleigh, Cal",663728,518876,field_out,hit_into_play,,,,,7.0,Cal Raleigh pops out to first baseman Christian Walker.,R,L,R,AZ,SEA,X,3.0,popup,3,0,2023,-0.67,1.28,-0.29,2.29,,,553993.0,2,2,Top,140.95,175.08,,,,,5.134840514637889,-131.274598887685,-4.714943278723764,-8.821883928189553,26.491817998683523,-16.505984473472846,3.58,1.72,85.0,99.2,72.0,89.9,2244.0,6.0,717193,645444,572233,668942,656896,672695,666971,682998,686527,54.5,0.008,0.01,0.0,1.0,0.0,0.0,3.0,16,4,4-Seam Fastball,0,3,3,0,3,0,3,0,Infield shade,Standard,228.0,0.022,-0.457,79.4,8.6,0.013,0.457,99.2,-3,3,0.231,0.769,34,26,35,27,2,1,5.0,1.0,5.0,1.0,1.51,0.67,-0.67,24.1,25.78794854815105,-11.51883395301145,35.047728030915565,37.34769282233209,38.519406509144744
CH,2023-07-30,89.0,-1.7,5.7,"Raleigh, Cal",663728,518876,field_out,hit_into_play,,,,,11.0,Cal Raleigh flies out to left fielder Lourdes Gurriel Jr.,R,L,R,AZ,SEA,X,7.0,fly_ball,2,2,2023,-1.34,-0.08,-1.02,2.77,,641487.0,677594.0,1,1,Top,88.13,124.64,,,,,4.446666181375616,-129.60480270104298,-0.989683576800512,-16.02609114257164,27.02317507871976,-33.04206434443579,3.58,1.72,210.0,83.1,56.0,88.5,2173.0,5.9,717193,645444,572233,668942,656896,672695,666971,682998,686527,54.59,0.034,0.047,0.0,1.0,0.0,0.0,3.0,4,7,Changeup,0,0,0,0,0,0,0,0,Standard,Standard,243.0,0.04,-0.198,71.2,7.9,0.065,0.198,88.0,0,0,0.465,0.5349999999999999,34,26,35,27,1,0,5.0,1.0,5.0,1.0,2.95,1.34,-1.34,29.0,8.394750277910685,-0.1616555406923628,22.345257088956338,43.53142700932344,27.837710253274093
CH,2023-07-30,84.5,-1.85,5.56,"Raleigh, Cal",663728,642121,field_out,hit_into_play,,,,,13.0,Cal Raleigh lines out softly to third baseman Emmanuel Rivera.,R,L,R,AZ,SEA,X,5.0,line_drive,1,2,2023,-1.12,0.42,-1.52,2.57,,,553993.0,1,9,Top,98.74,145.94,,,,,3.034988680775955,-123.0841558097608,-1.475907835617143,-12.037240770852506,24.13400863013406,-27.796048493137494,3.58,1.72,153.0,56.4,25.0,85.5,1482.0,6.9,717193,608348,572233,668942,656896,672695,666971,682998,686527,53.64,0.321,0.289,0.0,1.0,0.0,0.0,1.0,68,5,Changeup,0,4,4,0,4,0,4,0,Infield shade,Standard,227.0,0.002,-0.185,50.1,7.6,0.321,0.185,88.0,-4,4,0.015,0.985,33,26,33,27,1,4,118.0,1.0,,1.0,2.76,1.12,-1.12,41.2,7.170890260912109,9.054060867611614,22.45786235178184,50.748720581326054,19.842219611320015
CH,2023-07-29,86.3,-2.19,5.2,"Raleigh, Cal",663728,694297,single,hit_into_play,,,,,13.0,Cal Raleigh singles on a line drive to right fielder Jake McCarthy.,R,L,R,AZ,SEA,X,9.0,line_drive,1,2,2023,-1.28,0.09,-1.02,1.78,,,,0,2,Top,175.25,124.41,,,,,5.4341379252251,-125.59060985483768,-2.0847242299132116,-14.600954836388274,25.759083119566544,-30.985172970346355,3.62,1.72,157.0,93.1,10.0,87.0,1974.0,6.8,717210,608348,572233,606466,668942,672695,682998,677950,664983,53.73,0.708,0.651,0.9,1.0,1.0,0.0,4.0,7,4,Changeup,0,0,0,0,0,0,0,0,Infield shade,Standard,244.0,-0.044,0.504,72.5,8.4,0.778,-0.504,93.1,0,0,0.506,0.494,24,26,25,27,1,0,7.0,1.0,5.0,1.0,2.97,1.28,-1.28,24.4,20.8896304289821,-5.641155715236821,30.020857811670663,43.51160870072923,37.215857206812885
FF,2023-07-28,88.9,1.76,5.73,"Raleigh, Cal",663728,674072,field_out,hit_into_play,,,,,1.0,"Cal Raleigh grounds out softly, third baseman Emmanuel Rivera to first baseman Christian Walker.",R,R,L,AZ,SEA,X,5.0,ground_ball,0,0,2023,0.15,1.34,-0.64,3.57,,,,1,6,Top,113.96,169.88,,,,,-6.253034181615351,-129.3712398777665,-2.0964483335702795,3.0048708905476245,26.162550934802944,-16.82999209017369,3.62,1.72,3.0,34.9,-49.0,89.6,2140.0,6.7,717223,645444,572233,606466,656896,672695,666971,682998,664983,53.84,0.305,0.274,0.0,1.0,0.0,0.0,1.0,44,1,4-Seam Fastball,0,4,4,0,4,0,4,0,Standard,Standard,143.0,0.005,-0.267,35.3,5.4,0.32,0.267,88.0,-4,4,0.089,0.911,25,26,26,27,3,2,7.0,3.0,,1.0,1.53,0.15,-0.15,,-1.1944343733104543,26.710264187976563,37.530990414455,24.82104418695923,16.854035305688505
CU,2023-07-28,79.9,1.83,5.77,"Raleigh, Cal",663728,674072,double,hit_into_play,,,,,9.0,Cal Raleigh doubles (15) on a ground ball to left fielder Lourdes Gurriel Jr.  J.P. Crawford scores.    Julio Rodriguez scores.    Teoscar Hernandez to 3rd.,R,R,L,AZ,SEA,X,7.0,ground_ball,0,0,2023,-0.7,-0.44,0.35,2.07,641487.0,677594.0,606192.0,1,1,Top,35.04,106.51,,,,,-1.952426499303601,-116.44767602565652,-0.6123413693112713,-5.965441627297249,22.435181607962672,-36.24491250003279,3.62,1.72,63.0,101.0,2.0,80.2,2375.0,6.5,717223,645444,572233,606466,656896,672695,666971,682998,664983,54.04,0.511,0.47,1.25,1.0,1.0,1.0,4.0,5,1,Curveball,0,0,0,0,2,0,2,0,Standard,Standard,315.0,-0.152,0.687,75.1,8.3,0.575,-0.687,101.0,0,0,0.401,0.599,25,26,26,27,1,0,7.0,3.0,,1.0,4.0,-0.7,0.7,,14.040633519362768,-17.00253768922203,28.92649331916584,37.029906136167185,41.55453030406541
FC,2023-07-28,90.2,-1.54,6.49,"Raleigh, Cal",663728,666818,double,hit_into_play,,,,,5.0,Cal Raleigh doubles (16) on a sharp line drive to right fielder Jake McCarthy.,R,L,R,AZ,SEA,X,9.0,line_drive,1,2,2023,0.27,0.49,-0.03,2.57,,,,0,8,Top,201.23,99.81,,,,,3.166146707962194,-131.32045741128732,-4.854629405200874,2.5427010749254113,25.960863691671847,-25.753978972819898,3.62,1.72,307.0,111.2,19.0,90.3,2224.0,6.1,717223,645444,572233,606466,656896,672695,666971,682998,664983,54.35,0.8367647058823531,1.4801764705882352,1.25,1.0,1.0,1.0,6.0,64,4,Cutter,2,5,5,2,5,2,5,2,Infield shade,Standard,186.0,-0.02,0.778,76.2,7.5,2.821235294117647,-0.778,111.2,-3,3,0.073,0.927,25,26,25,27,1,3,3.0,3.0,4.0,1.0,2.3,-0.27,0.27,45.4,16.00649651911424,-6.752480794431525,34.60000322306067,32.296137244706955,36.13836232774733
CH,2023-07-25,88.5,-2.07,5.68,"Raleigh, Cal",663728,641154,single,hit_into_play,,,,,13.0,Cal Raleigh singles on a ground ball to second baseman Edouard Julien.,R,L,R,MIN,SEA,X,4.0,ground_ball,0,1,2023,-1.22,0.53,-1.05,2.25,,,,1,4,Top,147.68,138.22,,,,,5.0850847932014664,-128.93058371671842,-3.478144908909159,-14.613742991096483,24.85953589325464,-25.785794144160526,3.62,1.72,129.0,95.0,8.0,90.0,2106.0,7.0,717264,680777,666135,666397,650489,621043,663616,608336,596146,53.54,0.611,0.561,0.9,1.0,1.0,0.0,4.0,29,2,Changeup,5,1,1,5,1,5,1,5,Infield shade,Standard,227.0,-0.022,0.457,75.0,8.0,0.683,-0.457,95.0,4,-4,0.896,0.1039999999999999,27,26,27,27,2,1,5.0,1.0,7.0,3.0,2.36,1.22,-1.22,37.7,14.100275835209944,-1.2544262490580889,30.23487625623256,43.96081465080367,29.77265846518484
CH,2023-07-25,84.3,1.32,5.77,"Raleigh, Cal",663728,663558,double,hit_into_play,,,,,6.0,Cal Raleigh doubles (14) on a sharp line drive to left fielder Trevor Larnach.   J.P. Crawford scores.    Eugenio Suarez to 3rd.,R,R,L,MIN,SEA,X,7.0,line_drive,1,1,2023,1.24,0.85,0.83,2.35,,641487.0,553993.0,0,8,Top,77.45,64.38,,,,,-3.613651776527508,-122.76117937689948,-3.3427312917394945,13.297368391228051,21.32715755336511,-23.09924141742232,3.62,1.72,322.0,100.3,20.0,85.1,1727.0,6.5,717264,680777,666135,571657,650489,621043,663616,572191,596146,54.03,0.405,0.533,1.25,1.0,1.0,1.0,5.0,62,3,Changeup,6,2,2,6,3,6,3,6,Infield shade,Standard,142.0,-0.125,0.748,72.8,8.2,0.869,-0.748,100.3,4,-4,0.892,0.1079999999999999,26,26,26,27,1,3,1.0,1.0,3.0,3.0,2.32,1.24,-1.24,42.3,18.285164841833975,-5.7343674233890845,27.582251000476635,44.71130763758233,34.0073343606428
FF,2023-07-25,95.0,-2.0,5.63,"Raleigh, Cal",663728,641154,field_out,hit_into_play,,,,,4.0,Cal Raleigh flies out to left fielder Trevor Larnach in foul territory.,R,L,R,MIN,SEA,X,7.0,fly_ball,2,0,2023,-0.43,1.02,-0.52,2.48,,,,2,1,Top,54.26,141.16,,,,,4.901097925637858,-138.39718196718306,-5.041307985842974,-6.500791930032408,28.217075146106428,-18.090646837428302,3.62,1.72,228.0,84.5,56.0,97.0,2206.0,7.2,717264,680777,666135,666397,650489,621043,663616,608336,596146,53.33,0.018,0.022,0.0,1.0,0.0,0.0,3.0,3,3,4-Seam Fastball,0,0,0,0,0,0,0,0,Infield shade,Standard,220.0,0.014,-0.374,77.7,7.9,0.032,0.374,88.0,0,0,0.534,0.4659999999999999,27,26,27,27,1,0,5.0,1.0,7.0,3.0,1.48,0.43,-0.43,34.0,10.080720135942382,5.930973098410211,30.307180825069743,38.10330384983228,23.79331697312026
FF,2023-07-24,97.5,-0.91,5.54,"Raleigh, Cal",663728,643377,single,hit_into_play,,,,,4.0,Cal Raleigh singles on a ground ball to center fielder Michael A.   Taylor.,R,L,R,MIN,SEA,X,8.0,ground_ball,2,2,2023,-0.52,1.25,-0.48,2.91,,,,2,9,Top,115.22,140.91,,,,,2.3456898289484984,-141.92030305840697,-4.434402476218418,-7.527705636696893,32.06957674502948,-14.515291689544208,3.63,1.71,82.0,97.9,3.0,97.6,2462.0,6.3,717275,543877,666135,571657,650489,621043,608336,572191,596146,54.21,0.484,0.453,0.9,1.0,1.0,0.0,4.0,64,6,4-Seam Fastball,2,1,1,2,1,2,1,2,Infield shade,Standard,213.0,-0.046,0.385,73.0,6.6,0.541,-0.385,97.9,1,-1,0.967,0.033,28,26,29,27,1,0,1.0,1.0,4.0,1.0,1.15,0.52,-0.52,43.5,-2.5566080441011017,18.197614390325967,25.063170728066535,37.01669872680197,17.506872049592225
FF,2023-07-23,93.6,-2.13,5.94,"Raleigh, Cal",663728,666201,single,hit_into_play,,,,,1.0,Cal Raleigh singles on a ground ball to right fielder George Springer.,R,L,R,SEA,TOR,X,9.0,ground_ball,1,0,2023,-0.34,1.39,-0.47,3.33,,,,0,2,Bot,176.35,113.05,,,,,5.076262799662611,-136.32300456637873,-4.132985545790767,-5.323306452143237,28.804074115830705,-14.11531160208633,3.62,1.7,29.0,97.9,-5.0,94.6,2353.0,6.7,717281,643376,665489,593160,656305,666182,662139,595281,543807,53.79,0.284,0.249,0.9,1.0,1.0,0.0,2.0,11,2,4-Seam Fastball,0,0,0,0,0,0,0,0,Infield shade,Standard,212.0,0.034,0.392,75.7,7.8,0.322,-0.392,97.9,0,0,0.555,0.555,25,26,25,27,1,0,5.0,1.0,6.0,1.0,1.2,0.34,-0.34,37.4,15.089124783196992,-5.440211677043476,21.467581383438574,37.18433284961158,28.1768153865994
FF,2023-07-22,91.7,-2.57,5.73,"Raleigh, Cal",663728,592332,home_run,hit_into_play,,,,,8.0,Cal Raleigh homers (14) on a fly ball to center field.,R,L,R,SEA,TOR,X,,fly_ball,3,2,2023,-0.63,1.23,-0.26,1.91,,,,0,5,Bot,162.46,39.42,,,,,7.215595656104726,-133.31834357285427,-6.526422692827771,-8.90228786890884,25.07083289910924,-16.328178918698914,3.62,1.7,405.0,106.5,32.0,92.5,2112.0,6.5,717301,672386,665489,624415,656305,666182,662139,595281,543807,53.97,0.8470689655172414,1.684482758620689,2.0,1.0,0.0,3.0,6.0,40,6,4-Seam Fastball,3,5,3,5,5,4,4,5,Standard,Standard,215.0,0.118,1.027,76.4,7.7,3.3557241379310345,-1.027,106.5,-2,-2,0.297,0.297,32,26,32,27,2,1,14.0,2.0,6.0,1.0,1.46,0.63,-0.63,37.8,10.642863160484785,-4.282180861738988,39.499507995875696,34.16332291860783,30.2728255865708
FF,2023-07-22,91.6,-2.51,5.81,"Raleigh, Cal",663728,592332,home_run,hit_into_play,,,,,8.0,Cal Raleigh homers (13) on a fly ball to right center field.,R,L,R,SEA,TOR,X,,fly_ball,1,1,2023,-0.76,1.37,0.09,2.16,,,,0,3,Bot,178.59,45.06,,,,,8.199525438144521,-133.1747550265912,-6.353081739024671,-10.706955271416463,26.696606860814235,-14.660194818277658,3.62,1.7,402.0,99.0,29.0,92.0,2064.0,6.4,717301,672386,665489,624415,656305,666182,662139,595281,543807,54.07,0.4619189189189191,0.8694594594594595,2.0,1.0,0.0,3.0,6.0,18,3,4-Seam Fastball,0,0,0,0,0,1,1,0,Standard,Standard,217.0,0.115,1.126,67.1,7.9,1.7045135135135134,-1.126,99.0,0,0,0.554,0.554,32,26,32,27,1,0,14.0,2.0,6.0,1.0,1.34,0.76,-0.76,35.8,12.602491426902771,-6.549334953057615,39.76146135801784,29.99491826013767,30.137994234943033
FF,2023-07-22,97.3,-0.78,5.47,"Raleigh, Cal",663728,663878,field_out,hit_into_play,,,,,1.0,Cal Raleigh pops out to shortstop Bo Bichette.,R,L,R,SEA,TOR,X,6.0,popup,2,1,2023,-0.92,1.23,-0.61,3.06,,,664034.0,0,7,Bot,108.92,127.99,,,,,2.597833879026117,-141.84564550304518,-3.862544515760086,-13.061142289628917,29.623979020320657,-14.885049004563784,3.62,1.7,187.0,93.7,59.0,98.8,2084.0,6.9,717301,672386,665489,624415,656305,666182,662139,595281,543807,53.64,0.029,0.036,0.0,1.0,0.0,0.0,3.0,62,4,4-Seam Fastball,4,7,4,7,7,4,4,7,Standard,Standard,211.0,-0.056,-0.271,73.1,7.5,0.05,0.271,93.7,-3,-3,0.188,0.188,26,26,27,27,1,2,4.0,2.0,7.0,1.0,1.15,0.92,-0.92,40.2,10.193705362669004,-0.2862186037209371,23.101640361138543,41.461450391537845,26.94090983897904
FF,2023-07-20,94.9,-1.87,5.43,"Raleigh, Cal",663728,641154,field_out,hit_into_play,,,,,2.0,Cal Raleigh flies out to right fielder Matt Wallner.,R,L,R,SEA,MIN,X,9.0,fly_ball,0,0,2023,-0.47,0.82,0.06,3.61,,,,0,4,Bot,170.53,63.23,,,,,6.196593439508808,-138.29253876761464,-1.0122645574274007,-7.297607387698653,26.95673615219346,-21.59621767782936,3.59,1.68,353.0,91.1,33.0,96.9,2163.0,7.1,717327,543877,666135,666397,456781,571657,608336,650489,670242,53.43,0.053,0.078,0.0,1.0,0.0,0.0,3.0,29,1,4-Seam Fastball,2,0,2,0,0,2,2,0,Infield shade,Standard,208.0,-0.016,-0.265,74.5,6.9,0.144,0.265,91.1,2,2,0.786,0.786,27,26,27,27,2,1,5.0,2.0,5.0,2.0,1.68,0.47,-0.47,36.5,12.58810691731572,1.7766310608488165,22.31655351058517,31.35132040008324,30.38221634408795
FF,2023-07-18,90.2,-1.4,5.84,"Raleigh, Cal",663728,641927,field_out,hit_into_play,,,,,11.0,Cal Raleigh pops out to third baseman Kyle Farmer.,R,L,R,SEA,MIN,X,5.0,popup,0,1,2023,-0.73,1.46,-0.93,3.48,,,,0,6,Bot,81.55,143.47,,,,,2.7797676222451937,-131.35042771888408,-3.0573379891893895,-9.06145175103978,27.38847414729373,-14.808771022068406,3.59,1.68,184.0,91.2,62.0,91.4,2146.0,7.0,717350,543877,666135,666397,571657,621043,608336,650489,596146,53.54,0.011,0.009,0.0,1.0,0.0,0.0,3.0,57,2,4-Seam Fastball,3,8,3,8,8,3,3,8,Infield shade,Standard,209.0,-0.011,-0.223,75.6,7.3,0.013,0.223,91.2,-5,-5,0.055,0.055,27,26,28,27,3,2,11.0,1.0,5.0,2.0,1.33,0.73,-0.73,30.8,9.38430384278706,5.567585438833666,17.230740117337522,43.472171305421895,29.55509570945814
CH,2023-07-18,82.3,-1.67,5.94,"Raleigh, Cal",663728,641927,field_out,hit_into_play,,,,,4.0,Cal Raleigh pops out to first baseman Alex Kirilloff.,R,L,R,SEA,MIN,X,3.0,popup,0,0,2023,-1.33,0.5,-0.65,2.79,,,,1,3,Bot,160.32,165.26,,,,,4.955811554814769,-119.9010266523615,-1.6639276821027382,-13.801693520730492,21.064249912648283,-27.200906157271447,3.59,1.68,124.0,89.8,68.0,83.5,2009.0,6.8,717350,543877,666135,666397,571657,621043,608336,650489,596146,53.65,0.001,0.0,0.0,1.0,0.0,0.0,3.0,31,1,Changeup,3,5,3,5,5,3,3,5,Infield shade,Standard,250.0,-0.019,-0.267,73.4,8.2,0.001,0.267,89.8,-2,-2,0.301,0.301,27,26,28,27,2,1,11.0,1.0,5.0,2.0,2.83,1.33,-1.33,31.0,20.14913324892295,-9.778647813209323,28.584704579732385,39.90369194032755,41.72705172915806
ST,2023-07-17,84.3,-0.83,5.44,"Raleigh, Cal",663728,543243,field_out,hit_into_play,,,,,8.0,"Cal Raleigh grounds out, second baseman Edouard Julien to first baseman Alex Kirilloff.",R,L,R,SEA,MIN,X,4.0,ground_ball,0,2,2023,0.88,-0.45,-0.16,1.87,,,,0,5,Bot,156.07,157.16,,,,,-0.2022808473125361,-122.92032380058764,-1.0716974459298907,9.014503158180268,23.51111262663627,-36.77433845135543,3.6,1.68,5.0,96.2,-19.0,84.9,2787.0,6.5,717365,680777,666135,666397,456781,621043,608336,572191,596146,54.01,0.134,0.118,0.0,1.0,0.0,0.0,2.0,37,3,Sweeper,0,2,0,2,2,0,0,2,Infield shade,Standard,42.0,-0.021,-0.169,75.2,7.5,0.143,0.169,96.2,-2,-2,0.278,0.278,33,26,34,27,2,1,9.0,1.0,5.0,1.0,3.64,-0.88,0.88,45.4,14.412521900032518,-0.0717353802984681,32.40830257145911,34.93279637833645,33.78465536614177
SL,2023-07-17,84.4,-2.35,5.53,"Raleigh, Cal",663728,661383,field_out,hit_into_play,,,,,8.0,Cal Raleigh pops out to catcher Ryan Jeffers in foul territory.,R,L,R,SEA,MIN,X,2.0,popup,0,0,2023,0.55,-0.11,0.06,1.61,,,,2,7,Bot,123.12,208.36,,,,,4.453448608581823,-122.80564932607582,-2.405136196829896,4.447646496586726,28.700713468777263,-32.990311000995156,3.6,1.68,10.0,74.5,83.0,83.0,2292.0,5.8,717365,680777,666135,666397,456781,621043,608336,572191,596146,54.73,0.003,0.002,0.0,1.0,0.0,0.0,3.0,65,1,Slider,7,3,7,3,3,7,7,3,Infield shade,Standard,67.0,-0.002,-0.275,77.0,8.6,0.003,0.275,88.0,4,4,0.966,0.966,26,26,27,27,1,3,2.0,1.0,3.0,1.0,3.36,-0.55,0.55,37.5,25.864762473005115,-15.571049582914316,40.624746896929246,33.380592991636476,46.230833389817704
FF,2023-07-17,92.2,-0.75,5.52,"Raleigh, Cal",663728,543243,single,hit_into_play,,,,,3.0,Cal Raleigh singles on a line drive to right fielder Max Kepler.   Eugenio Suarez to 2nd.,R,L,R,SEA,MIN,X,9.0,line_drive,0,1,2023,-0.07,0.82,0.37,3.12,,,553993.0,0,2,Bot,188.85,111.15,,,,,3.0339016006384227,-134.4881072886858,-2.213346823712906,-1.4357732729537016,23.657167372374172,-21.863514517526543,3.6,1.68,197.0,94.7,15.0,93.8,2465.0,6.7,717365,680777,666135,666397,456781,621043,608336,572191,596146,53.81,0.816,0.794,0.9,1.0,1.0,0.0,4.0,13,2,4-Seam Fastball,0,0,0,0,0,0,0,0,Infield shade,Standard,192.0,0.06,0.489,75.8,7.4,1.033,-0.489,94.7,0,0,0.584,0.584,33,26,34,27,1,0,9.0,1.0,5.0,1.0,1.81,0.07,-0.07,46.8,17.420705603875085,-9.114565093571835,30.720669751611563,27.449751417750605,31.521204989559433
FF,2023-07-16,95.5,-2.84,5.96,"Raleigh, Cal",663728,681857,home_run,hit_into_play,,,,,8.0,Cal Raleigh homers (12) on a fly ball to right center field.,R,L,R,SEA,DET,X,,fly_ball,3,1,2023,-0.83,1.2,-0.05,2.11,,,,2,4,Bot,182.42,32.93,,,,,9.161084506790557,-138.76513069159122,-7.208185560987386,-12.631240790234228,28.52704943465903,-15.232378937739943,3.58,1.68,432.0,108.1,28.0,95.3,2304.0,6.1,717373,668670,679529,670097,665155,595879,656716,663837,681481,54.44,0.9484230769230771,2.0,2.0,1.0,0.0,3.0,6.0,32,5,4-Seam Fastball,1,0,1,0,0,2,2,0,Infield shade,Standard,226.0,0.106,2.441,79.6,8.0,3.782692307692307,-2.441,108.1,1,1,0.653,0.653,23,26,24,27,2,1,7.0,1.0,5.0,1.0,1.29,0.83,-0.83,43.0,14.601295019638812,0.538528852221817,36.989889843166296,34.203250952385496,30.81085214422136
FF,2023-07-16,95.0,-2.87,5.97,"Raleigh, Cal",663728,681857,field_out,hit_into_play,,,,,8.0,Cal Raleigh flies out to left fielder Zach McKinstry.,R,L,R,SEA,DET,X,7.0,fly_ball,2,1,2023,-1.09,1.07,0.1,2.13,,,,0,2,Bot,49.22,125.78,,,,,10.133875717188044,-137.95492574355205,-6.76457718493235,-16.080668836378553,28.970833640396755,-17.173646016177273,3.58,1.68,262.0,94.3,51.0,94.5,2333.0,6.0,717373,668670,679529,670097,665155,595879,656716,663837,681481,54.5,0.003,0.002,0.0,1.0,0.0,0.0,3.0,14,4,4-Seam Fastball,1,0,1,0,0,1,1,0,Infield shade,Standard,225.0,-0.023,-0.313,78.1,7.7,0.003,0.313,94.3,1,1,0.659,0.659,23,26,24,27,1,0,7.0,1.0,5.0,1.0,1.46,1.09,-1.09,36.0,12.045777746427987,4.1560480460302065,39.982303666402466,33.338854701354286,31.458611051855048
ST,2023-07-16,83.2,1.09,5.65,"Raleigh, Cal",663728,592741,field_out,hit_into_play,,,,,4.0,Cal Raleigh flies out to second baseman Zack Short.,R,R,L,SEA,DET,X,4.0,fly_ball,0,0,2023,-0.95,0.18,-0.33,2.52,,,553993.0,2,6,Bot,134.99,113.39,,,,,-1.3952346734565826,-121.28418187774868,-1.176701900870578,-9.219122413811949,20.840851490604333,-30.34204006155125,3.58,1.68,217.0,75.1,46.0,83.8,2241.0,6.3,717373,668670,679529,670097,665155,595879,656716,663837,681481,54.18,0.108,0.097,0.0,1.0,0.0,0.0,3.0,48,1,Sweeper,2,0,2,0,0,2,2,0,Standard,Standard,289.0,-0.014,-0.286,78.7,7.8,0.121,0.286,88.0,2,2,0.829,0.829,32,26,33,27,1,2,7.0,1.0,2.0,1.0,3.07,-0.95,0.95,35.1,9.507616984661173,-6.061311881928182,36.13087999948192,32.416292652630815,33.67131194266078
CH,2023-07-15,84.9,-1.71,5.91,"Raleigh, Cal",663728,547179,field_out,hit_into_play,,,,,4.0,"Cal Raleigh grounds out, first baseman Spencer Torkelson to pitcher Michael Lorenzen.",R,L,R,SEA,DET,X,3.0,ground_ball,0,2,2023,-1.28,0.93,-0.78,2.69,,,,0,3,Bot,151.0,162.23,,,,,4.653321937041634,-123.53026868305288,-3.0346394654291178,-14.039543424945569,23.706382230852544,-22.251676247081324,3.58,1.68,8.0,75.9,-20.0,83.8,2200.0,5.5,717390,606992,679529,628451,656716,595879,668731,682985,681481,55.01,0.071,0.059,0.0,1.0,0.0,0.0,2.0,19,3,Changeup,0,2,0,2,2,0,0,2,Infield shade,Standard,237.0,-0.018,-0.169,76.3,7.7,0.093,0.169,88.0,-2,-2,0.319,0.319,31,26,31,27,1,0,9.0,1.0,5.0,1.0,2.22,1.28,-1.28,44.8,18.054662405565292,-3.5526272443606173,21.93990989737291,43.20779944703742,37.4479311736425
FF,2023-07-15,97.5,-2.08,4.76,"Raleigh, Cal",663728,686839,field_out,hit_into_play,,,,,14.0,Cal Raleigh grounds out to first baseman Spencer Torkelson.,R,L,R,SEA,DET,X,3.0,ground_ball,2,2,2023,-0.23,0.91,0.86,1.84,,,672284.0,2,9,Bot,156.58,167.3,,,,,8.471473574075809,-141.9915826005655,-4.577252064872381,-4.720157933165325,25.617951781992907,-18.947866124353673,3.58,1.68,2.0,80.7,-38.0,98.8,2443.0,6.5,717390,606992,679529,628451,656716,595879,668731,682985,681481,54.03,0.055,0.05,0.0,1.0,0.0,0.0,2.0,70,5,4-Seam Fastball,0,6,0,6,6,0,0,6,Infield shade,Standard,208.0,-0.001,-0.24,69.2,6.4,0.058,0.24,88.0,-6,-6,0.001,0.001,24,26,25,27,1,3,8.0,1.0,2.0,1.0,1.44,0.23,-0.23,29.4,-6.361005669783459,17.243768458887782,45.94510776669181,22.81736514308942,19.19551140474876
KC,2023-07-14,88.1,-2.51,5.77,"Raleigh, Cal",663728,656638,field_out,hit_into_play,,,,,13.0,Cal Raleigh lines out to right fielder Zach McKinstry.,R,L,R,SEA,DET,X,9.0,line_drive,2,2,2023,-0.22,-0.28,-0.89,2.17,,,,0,9,Bot,184.67,93.17,,,,,4.401552562374377,-128.2448591973345,-2.057768584836767,-3.3879377903256715,27.09485975664942,-35.0441271150125,3.58,1.69,300.0,97.6,20.0,88.1,2217.0,6.3,717406,668670,679529,665155,670097,595879,668731,663837,656716,54.18,0.305,0.348,0.0,1.0,0.0,0.0,4.0,70,6,Knuckle Curve,3,5,3,5,5,3,3,5,Infield shade,Standard,16.0,-0.043,-0.239,69.6,8.0,0.566,0.239,97.6,-2,-2,0.09,0.09,27,26,28,27,1,0,5.0,5.0,3.0,1.0,3.22,0.22,-0.22,37.2,19.673267741164153,-0.3663264122865461,28.899242657165235,43.44615487841986,34.49805396048123
FF,2023-07-09,93.0,-1.21,6.35,"Raleigh, Cal",663728,656232,field_out,hit_into_play,,,,,2.0,Cal Raleigh flies out to third baseman Alex Bregman in foul territory.,R,L,R,HOU,SEA,X,5.0,fly_ball,0,2,2023,-0.11,1.22,0.25,3.34,,,,0,3,Top,74.66,155.5,,,,,3.902109792699588,-135.30504613800105,-4.502664134710171,-2.2048572826415596,30.304790773336556,-16.464593778625204,3.58,1.68,169.0,70.9,60.0,91.3,2483.0,5.3,717430,455117,547989,643289,608324,665161,676801,676694,663656,55.17,0.008,0.007,0.0,1.0,0.0,0.0,3.0,14,3,4-Seam Fastball,0,0,0,0,0,0,0,0,Infield shade,Standard,216.0,0.016,-0.169,,,0.008,0.169,88.0,0,0,0.509,0.491,27,26,27,27,1,0,5.0,1.0,10.0,5.0,1.43,0.11,-0.11,43.5,,,,,
CH,2023-07-09,91.0,-1.48,4.93,"Raleigh, Cal",663728,606160,field_out,hit_into_play,,,,,5.0,Cal Raleigh grounds out to first baseman Jose Abreu.,R,L,R,HOU,SEA,X,3.0,ground_ball,2,0,2023,-1.43,0.48,-0.2,2.66,606192.0,,,2,6,Top,158.3,172.5,,,,,6.380232202074285,-132.4376571602512,-0.7929845542338059,-18.14251532103781,29.573994076551617,-26.56528732278782,3.58,1.68,7.0,98.1,-20.0,92.1,2123.0,7.1,717430,455117,547989,643289,608324,665161,676801,676694,663656,53.43,0.145,0.128,0.0,1.0,0.0,0.0,2.0,42,3,Changeup,0,3,3,0,3,0,3,0,Standard,Standard,233.0,0.023,-0.361,,,0.15,0.361,98.1,-3,3,0.14,0.86,32,26,33,27,1,2,3.0,1.0,7.0,5.0,2.28,1.43,-1.43,29.2,,,,,
FC,2023-07-09,88.5,-1.54,5.5,"Raleigh, Cal",663728,664208,double,hit_into_play,,,,,3.0,Cal Raleigh doubles (13) on a line drive to right fielder Kyle Tucker.,R,L,R,HOU,SEA,X,9.0,line_drive,0,0,2023,0.16,0.78,0.6,3.3,,,,1,9,Top,205.04,119.45,,,,,5.020122697221502,-128.841152168287,-0.9382607638517636,0.7319410754525711,25.7076319046178,-23.52268174814583,3.58,1.68,223.0,98.4,16.0,91.0,2461.0,7.7,717430,455117,547989,643289,608324,665161,676801,676694,663656,52.82,0.624,0.644,1.25,1.0,1.0,1.0,4.0,61,1,Cutter,1,3,3,1,3,1,3,1,Infield shade,Strategic,191.0,-0.016,0.662,,,0.891,-0.662,98.4,-2,2,0.084,0.916,30,26,30,27,1,3,2.0,1.0,5.0,5.0,2.12,-0.16,0.16,33.1,,,,,
FF,2023-07-07,96.9,-0.76,6.45,"Raleigh, Cal",663728,592773,field_out,hit_into_play,,,,,6.0,Cal Raleigh pops out to catcher Martin Maldonado in foul territory.,R,L,R,HOU,SEA,X,2.0,popup,0,0,2023,-0.84,1.35,0.73,2.96,,,606192.0,0,6,Top,140.54,214.19,,,,,5.870940497827132,-140.75503310774462,-6.759627481362907,-12.533494580808943,34.94265108373824,-12.892453201051891,3.63,1.73,26.0,76.8,85.0,95.9,2264.0,6.0,717453,455117,547989,643289,608324,665161,667452,676801,663656,54.49,0.003,0.003,0.0,1.0,0.0,0.0,3.0,52,1,4-Seam Fastball,1,9,9,1,9,1,9,1,Infield shade,Standard,213.0,0.001,-0.241,,,0.003,0.241,88.0,-8,8,0.007,0.993,31,26,32,27,1,3,3.0,1.0,8.0,1.0,1.11,0.84,-0.84,45.6,,,,,
FC,2023-07-07,89.0,-1.39,5.32,"Raleigh, Cal",663728,664208,force_out,hit_into_play,,,,,8.0,"Cal Raleigh grounds into a force out, second baseman Mauricio Dubon to shortstop Jeremy Pena.   J.P. Crawford scores.    Julio Rodriguez to 3rd.    Teoscar Hernandez out at 2nd.    Cal Raleigh to 1st.",R,L,R,HOU,SEA,X,4.0,ground_ball,2,2,2023,0.44,0.58,0.08,2.09,641487.0,677594.0,606192.0,1,4,Top,154.75,151.14,,,,,2.7504873339306273,-129.64707121138574,-3.1498340411365247,4.3770607152540935,27.823332274217105,-25.23929231831396,3.63,1.73,10.0,93.9,-11.0,91.3,2545.0,7.7,717453,455117,547989,643289,608324,665161,667452,676801,663656,52.81,0.163,0.147,0.0,1.0,0.0,0.0,2.0,35,5,Cutter,1,3,3,1,4,1,4,1,Standard,Standard,181.0,-0.016,-0.238,,,0.167,0.238,93.9,-2,2,0.202,0.798,30,26,30,27,1,2,4.0,1.0,2.0,1.0,2.3,-0.44,0.44,31.7,,,,,
FF,2023-07-06,94.8,-0.94,6.04,"Raleigh, Cal",663728,669854,field_out,hit_into_play,,,,,2.0,Cal Raleigh flies out to shortstop Jeremy Pena.,R,L,R,HOU,SEA,X,6.0,fly_ball,2,2,2023,-0.82,1.63,-0.09,3.15,,,,0,5,Top,133.94,118.59,,,,,4.116796054147918,-137.84810640454228,-5.521414272406272,-11.44630971812913,34.366998725147226,-10.425711705332027,3.62,1.72,205.0,86.5,57.0,95.0,2364.0,6.8,717467,455117,547989,643289,608324,665161,667452,676801,663656,53.75,0.005,0.005,0.0,1.0,0.0,0.0,3.0,31,6,4-Seam Fastball,0,3,3,0,3,0,3,0,Infield shade,Standard,213.0,0.011,-0.239,,,0.005,0.239,88.0,-3,3,0.165,0.835,29,26,30,27,2,1,6.0,1.0,27.0,1.0,0.94,0.82,-0.82,42.6,,,,,
FF,2023-07-06,92.1,-2.2,4.65,"Raleigh, Cal",663728,661527,single,hit_into_play,,,,,14.0,Cal Raleigh singles on a ground ball to right fielder Kyle Tucker.   Eugenio Suarez scores.,R,L,R,HOU,SEA,X,9.0,ground_ball,2,1,2023,-0.93,1.05,0.4,1.48,,553993.0,,0,7,Top,209.19,126.46,,,,,8.779542131402518,-133.81083874282962,-4.53474661982627,-13.094395526074557,29.3669173933194,-18.750142570252024,3.62,1.72,64.0,107.6,2.0,93.5,2297.0,7.2,717467,455117,547989,643289,608324,665161,667452,676801,663656,53.26,0.545,0.49,0.9,1.0,1.0,0.0,4.0,47,4,4-Seam Fastball,0,3,3,0,4,0,4,0,Standard,Standard,238.0,-0.029,0.479,,,0.585,-0.479,107.6,-3,3,0.08,0.92,28,26,29,27,1,2,2.0,1.0,1.0,1.0,1.65,0.93,-0.93,14.2,,,,,
KC,2023-07-05,84.6,-1.74,5.76,"Raleigh, Cal",663728,502171,double,hit_into_play,,,,,4.0,Cal Raleigh doubles (12) on a line drive to left fielder Austin Slater.,R,L,R,SF,SEA,X,7.0,line_drive,1,1,2023,0.68,-0.76,-0.49,2.3,,,,0,5,Top,53.13,108.93,,,,,1.5310565991495386,-123.26942862681032,-0.2397222666815546,6.634198887642294,24.058793569754084,-40.0674253294733,3.6,1.71,287.0,95.8,20.0,84.0,2525.0,5.8,717490,672275,664774,669477,605204,543063,596103,682641,624424,54.74,0.329,0.411,1.25,1.0,1.0,1.0,4.0,33,3,Knuckle Curve,1,0,0,1,0,1,0,1,Infield shade,Standard,39.0,-0.088,0.717,,,0.651,-0.717,95.8,1,-1,0.64,0.36,35,26,36,27,2,1,5.0,2.0,10.0,1.0,3.93,-0.68,0.68,43.3,,,,,
FS,2023-07-05,90.7,-2.27,5.93,"Raleigh, Cal",663728,502171,single,hit_into_play,,,,,7.0,Cal Raleigh singles on a sharp line drive to center fielder Luis Matos.   Jarred Kelenic to 2nd.,R,L,R,SF,SEA,X,8.0,line_drive,0,2,2023,-1.31,0.87,-0.72,1.92,,,672284.0,2,2,Top,129.79,65.45,,,,,6.62357970951648,-131.8300335777196,-5.884517506709407,-16.721760789637102,28.350142248650055,-20.949999304576163,3.6,1.71,293.0,105.1,13.0,89.9,1766.0,5.9,717490,672275,664774,669477,605204,543063,596103,682641,624424,54.64,0.874,0.887,0.9,1.0,1.0,0.0,4.0,11,3,Split-Finger,0,0,0,0,0,0,0,0,Infield shade,Standard,223.0,-0.03,0.467,,,1.174,-0.467,105.1,0,0,0.536,0.4639999999999999,35,26,36,27,1,0,5.0,2.0,10.0,1.0,1.91,1.31,-1.31,41.9,,,,,
ST,2023-07-05,79.4,1.8,5.72,"Raleigh, Cal",663728,573124,field_out,hit_into_play,,,,,5.0,Cal Raleigh pops out to first baseman LaMonte Wade Jr.,R,R,L,SF,SEA,X,3.0,popup,0,0,2023,-1.38,0.28,-0.12,2.79,,,,1,7,Top,152.28,164.63,,,,,-1.6200658300452613,-115.71014046858664,-0.1725332396566861,-12.045394641072502,22.48321223181772,-29.852028869210816,3.6,1.71,110.0,75.9,72.0,78.6,2695.0,5.8,717490,672275,664774,669477,605204,543063,596103,682641,624424,54.73,0.003,0.003,0.0,1.0,0.0,0.0,3.0,52,1,Sweeper,2,0,0,2,0,2,0,2,Standard,Standard,289.0,0.024,-0.267,,,0.004,0.267,88.0,2,-2,0.849,0.151,32,26,33,27,1,2,2.0,2.0,2.0,1.0,3.34,-1.38,1.38,30.0,,,,,
CH,2023-07-03,87.6,-1.51,5.01,"Raleigh, Cal",663728,657277,field_out,hit_into_play,,,,,13.0,Cal Raleigh flies out to center fielder Luis Matos.,R,L,R,SF,SEA,X,8.0,fly_ball,1,2,2023,-1.09,-0.3,-0.89,1.8,,,606192.0,0,4,Top,117.14,88.03,,,,,3.849212611988631,-127.66348684045532,-1.0596442655771137,-12.684930602531384,24.605765489201755,-35.504216944979405,3.62,1.71,277.0,89.7,43.0,90.1,1501.0,7.6,717516,666165,664774,689172,605204,669477,592626,682641,573262,52.91,0.005,0.005,0.0,1.0,0.0,0.0,3.0,26,4,Changeup,0,0,0,0,0,0,0,0,Infield shade,Standard,266.0,0.031,-0.17,,,0.005,0.17,89.7,0,0,0.466,0.534,26,26,27,27,2,1,5.0,2.0,6.0,2.0,3.25,1.09,-1.09,19.7,,,,,
FC,2023-07-03,99.6,-1.74,5.41,"Raleigh, Cal",663728,666808,field_out,hit_into_play,,,,,9.0,Cal Raleigh flies out sharply to right fielder Mike Yastrzemski.,R,L,R,SF,SEA,X,9.0,fly_ball,1,2,2023,-0.51,1.07,0.43,1.94,,606192.0,,2,9,Top,182.74,58.44,,,,,7.216761620383796,-144.84588419393586,-6.741366105493821,-8.727896814699214,30.1484213175734,-15.7277209677982,3.62,1.71,374.0,100.3,38.0,101.1,2386.0,6.9,717516,666165,664774,689172,605204,543063,592626,682641,573262,53.6,0.2562222222222222,0.4998888888888888,0.0,1.0,0.0,0.0,5.0,70,4,Cutter,2,6,6,2,6,2,6,2,Standard,Standard,223.0,0.002,-0.205,,,1.0016666666666667,0.205,100.3,-4,4,0.017,0.983,25,26,26,27,1,4,3.0,2.0,2.0,2.0,1.21,0.51,-0.51,22.9,,,,,
SI,2023-07-03,82.5,-3.96,0.98,"Raleigh, Cal",663728,643511,field_out,hit_into_play,,,,,5.0,Cal Raleigh grounds out to first baseman LaMonte Wade Jr.,R,L,R,SF,SEA,X,3.0,ground_ball,0,1,2023,0.25,-0.88,0.13,2.43,,,,1,8,Top,150.76,160.56,,,,,8.672005404458003,-119.18177375185724,11.454346769564175,0.6454346333919795,23.45724662049559,-43.178895898204495,3.62,1.71,68.0,102.2,3.0,81.1,1725.0,5.8,717516,666165,664774,689172,605204,669477,592626,682641,573262,54.68,0.574,0.544,0.0,1.0,0.0,0.0,4.0,58,2,Sinker,2,2,2,2,2,2,2,2,Standard,Standard,342.0,0.031,-0.227,,,0.669,0.227,102.2,0,0,0.551,0.4489999999999999,32,26,33,27,1,3,1.0,2.0,2.0,2.0,4.29,-0.25,0.25,-67.7,,,,,
FC,2023-07-01,85.1,-1.05,6.03,"Raleigh, Cal",663728,596112,field_out,hit_into_play,,,,,5.0,Cal Raleigh flies out to right fielder Josh Lowe.,R,L,R,SEA,TB,X,9.0,fly_ball,1,2,2023,0.04,0.01,-0.05,2.51,,641487.0,677594.0,2,8,Bot,212.05,113.46,,,,,2.24608689381238,-124.00345336128264,-2.036761425185765,0.0378119950680908,22.050781787439895,-31.918257621148907,3.62,1.71,298.0,95.1,46.0,84.9,2839.0,5.9,717534,542194,670042,670764,650490,677551,668227,642350,666139,54.64,0.005,0.008,0.0,1.0,0.0,0.0,3.0,71,4,Cutter,8,3,8,3,3,8,8,3,Standard,Standard,59.0,-0.001,-0.212,,,0.018,0.212,95.1,5,5,0.995,0.995,30,26,30,27,1,4,2.0,1.0,4.0,2.0,3.1,-0.04,0.04,49.8,,,,,
FC,2023-06-30,91.4,-1.86,5.75,"Raleigh, Cal",663728,542888,single,hit_into_play,,,,,4.0,Cal Raleigh singles on a sharp ground ball to center fielder Jose Siri.,R,L,R,SEA,TB,X,8.0,ground_ball,0,1,2023,0.38,0.85,-0.34,2.75,,,,0,4,Bot,146.05,113.26,,,,,3.054792681532945,-133.2230879009439,-3.5976476257751093,3.9403918439996457,26.046407857191312,-21.460592880409617,3.6,1.71,126.0,102.6,8.0,92.5,2499.0,6.6,717548,542194,650490,670764,670623,677551,668227,642350,670042,53.86,0.724,0.675,0.9,1.0,1.0,0.0,4.0,33,2,Cutter,4,2,4,2,2,4,4,2,Infield shade,Standard,180.0,0.025,0.474,,,0.825,-0.474,102.6,2,2,0.784,0.784,32,26,33,27,1,1,3.0,2.0,2.0,1.0,1.85,-0.38,0.38,41.8,,,,,
CU,2023-06-27,79.6,-2.2,5.65,"Raleigh, Cal",663728,663623,single,hit_into_play,,,,,14.0,"Cal Raleigh singles on a sharp line drive to right fielder Lane Thomas, deflected by first baseman Dominic Smith.   Teoscar Hernandez to 3rd.",R,L,R,SEA,WSH,X,3.0,line_drive,2,2,2023,1.1,-0.06,0.02,1.43,,,606192.0,2,6,Bot,172.67,153.37,,,,,2.862738318892447,-116.0559113039334,-2.510650702124911,9.45449587969788,20.301959167362703,-32.46411597851608,3.59,1.7,122.0,102.6,8.0,81.0,2307.0,7.0,717590,660688,642086,671277,600869,682928,656448,656537,657041,53.49,0.724,0.675,0.9,1.0,1.0,0.0,4.0,48,6,Curveball,3,2,3,2,2,3,3,2,Standard,Standard,51.0,0.027,0.414,,,0.825,-0.414,102.6,1,1,0.713,0.713,26,26,26,27,3,2,5.0,1.0,6.0,1.0,3.62,-1.1,1.1,30.2,,,,,
SI,2023-06-27,95.2,-2.03,5.79,"Raleigh, Cal",663728,663623,single,hit_into_play,,,,,7.0,Cal Raleigh singles on a ground ball to left fielder Corey Dickerson.   Ty France to 3rd.,R,L,R,SEA,WSH,X,7.0,ground_ball,1,1,2023,-1.34,0.63,-0.78,1.85,,,664034.0,1,4,Bot,102.84,113.05,,,,,6.39381333097906,-138.48146910997696,-6.22839383844881,-18.69488356828692,28.65041741639048,-22.938916179175056,3.59,1.7,17.0,107.2,-5.0,96.8,2322.0,7.0,717590,660688,642086,671277,600869,682928,572816,656537,657041,53.45,0.376,0.34,0.9,1.0,1.0,0.0,2.0,31,3,Sinker,2,1,2,1,1,2,2,1,Standard,Standard,218.0,0.063,0.432,,,0.376,-0.432,107.2,1,1,0.686,0.686,26,26,26,27,2,1,5.0,1.0,6.0,1.0,1.87,1.34,-1.34,30.0,,,,,
CU,2023-06-27,81.8,-1.94,5.87,"Raleigh, Cal",663728,663623,field_out,hit_into_play,,,,,4.0,Cal Raleigh flies out to center fielder Derek Hill.,R,L,R,SEA,WSH,X,8.0,fly_ball,2,2,2023,0.52,-0.61,-0.3,2.35,,,,2,1,Bot,121.0,66.0,,,,,2.6959957774420635,-119.15614991144226,-0.2067094250690646,4.4925629841437535,22.319384311747836,-38.193777430089135,3.59,1.7,328.0,97.6,41.0,82.3,2372.0,6.5,717590,660688,642086,671277,600869,682928,572816,656537,657041,53.98,0.076,0.13,0.0,1.0,0.0,0.0,3.0,9,5,Curveball,2,1,2,1,1,2,2,1,Strategic,Standard,47.0,-0.008,-0.233,,,0.261,0.233,97.6,1,1,0.611,0.611,26,26,26,27,1,0,5.0,1.0,6.0,1.0,4.0,-0.52,0.52,37.8,,,,,
FF,2023-06-27,95.5,-0.91,5.95,"Raleigh, Cal",663728,607179,field_out,hit_into_play,,,,,12.0,"Cal Raleigh grounds out softly, pitcher Jordan Weems to first baseman Dominic Smith.",R,L,R,SEA,WSH,X,1.0,ground_ball,2,0,2023,-0.64,1.44,0.88,3.4,543939.0,641487.0,677594.0,2,10,Bot,130.99,180.56,,,,,6.1545574565126016,-138.90565211854602,-4.345923509463187,-9.601719435385853,31.114357370655227,-12.736145914644068,3.59,1.7,3.0,51.4,-48.0,95.7,1935.0,6.5,717590,660688,642086,671277,600869,545121,656448,656537,657041,54.05,0.224,0.2,0.0,1.0,0.0,0.0,1.0,83,3,4-Seam Fastball,4,4,4,4,4,4,4,4,Standard,Standard,207.0,-0.265,-0.36,,,0.224,0.36,88.0,0,0,0.765,0.765,30,26,31,27,1,4,2.0,1.0,6.0,1.0,1.06,0.64,-0.64,52.4,,,,,
FS,2023-06-27,89.9,-2.23,5.64,"Raleigh, Cal",663728,640451,field_out,hit_into_play,,,,,5.0,Cal Raleigh lines out sharply to center fielder Derek Hill.,R,L,R,SEA,WSH,X,8.0,line_drive,2,2,2023,-0.44,0.07,-0.18,2.37,,,,0,9,Bot,116.13,42.56,,,,,5.9968341967760965,-130.8370195137722,-2.3064291560720287,-6.254686842095359,25.56204153063968,-31.155125352861152,3.59,1.7,387.0,102.4,21.0,89.9,889.0,6.1,717590,660688,642086,671277,600869,545121,656448,656537,657041,54.39,0.43471875,0.6805,0.0,1.0,0.0,0.0,5.0,70,6,Split-Finger,4,4,4,4,4,4,4,4,Standard,Standard,246.0,-0.051,-0.239,,,1.2423749999999998,0.239,102.4,0,0,0.633,0.633,28,26,29,27,1,3,2.0,1.0,1.0,1.0,2.74,0.44,-0.44,41.9,,,,,
FF,2023-06-26,90.5,-2.3,4.87,"Raleigh, Cal",663728,592866,field_out,hit_into_play,,,,,6.0,Cal Raleigh pops out to third baseman Jeimer Candelario.,R,L,R,SEA,WSH,X,5.0,popup,0,1,2023,-0.68,0.8,0.41,2.94,,641487.0,677594.0,2,3,Bot,103.35,168.82,,,,,8.264635386976865,-131.63725027266605,-0.5942821662282984,-9.593499355382496,26.599764372827277,-22.968114090373263,3.58,1.7,106.0,73.9,70.0,91.1,2229.0,6.6,717602,660688,642086,671277,600869,682928,572816,656537,657041,53.91,0.001,0.0,0.0,1.0,0.0,0.0,3.0,26,2,4-Seam Fastball,1,3,1,3,3,1,1,3,Strategic,Standard,228.0,-0.043,-0.256,,,0.001,0.256,88.0,-2,-2,0.314,0.314,31,26,31,27,2,1,5.0,1.0,6.0,1.0,1.98,0.68,-0.68,17.6,,,,,
FF,2023-06-26,90.3,-2.48,4.85,"Raleigh, Cal",663728,592866,field_out,hit_into_play,,,,,5.0,Cal Raleigh pops out to shortstop CJ Abrams.,R,L,R,SEA,WSH,X,6.0,popup,0,0,2023,-0.75,1.02,-0.2,2.86,,677594.0,,2,1,Bot,75.98,143.98,,,,,7.274966072042057,-131.35403812206437,-1.204541969968857,-10.13437932154182,26.43941605481033,-20.259589410030436,3.58,1.7,183.0,85.7,61.0,90.6,2164.0,6.4,717602,660688,642086,671277,600869,682928,572816,656537,657041,54.09,0.011,0.01,0.0,1.0,0.0,0.0,3.0,9,1,4-Seam Fastball,1,1,1,1,1,1,1,1,Strategic,Standard,229.0,-0.033,-0.295,,,0.018,0.295,88.0,0,0,0.533,0.533,31,26,31,27,1,0,5.0,1.0,6.0,1.0,1.76,0.75,-0.75,14.3,,,,,
FC,2023-06-26,87.6,-1.56,5.67,"Raleigh, Cal",663728,663658,field_out,hit_into_play,,,,,12.0,Cal Raleigh lines out to right fielder Lane Thomas.,R,L,R,SEA,WSH,X,9.0,line_drive,2,2,2023,0.46,0.25,0.48,3.77,,,664034.0,2,8,Bot,180.89,76.12,,,,,3.996522997598634,-127.67267521331956,0.9445273778757812,4.313051479240549,23.436900956465436,-29.76225420108553,3.58,1.7,333.0,89.3,26.0,88.3,2353.0,6.4,717602,660688,642086,671277,600869,682928,572816,656537,657041,54.09,0.068,0.075,0.0,1.0,0.0,0.0,3.0,73,6,Cutter,8,3,8,3,3,8,8,3,Strategic,Standard,131.0,0.0,-0.24,,,0.123,0.24,89.3,5,5,0.994,0.994,26,26,26,27,1,4,3.0,1.0,5.0,1.0,2.68,-0.46,0.46,35.2,,,,,
KC,2023-06-26,85.8,-2.69,5.63,"Raleigh, Cal",663728,676265,field_out,hit_into_play,,,,,13.0,"Cal Raleigh grounds out, shortstop CJ Abrams to first baseman Dominic Smith.   Teoscar Hernandez to 3rd.",R,L,R,SEA,WSH,X,6.0,ground_ball,1,2,2023,0.18,-0.8,-0.92,1.56,,606192.0,,0,5,Bot,128.7,141.95,,,,,3.820375612632323,-124.86756600833066,-1.7140965682377711,1.073158910428854,26.47728836814961,-40.417402898167225,3.58,1.7,80.0,81.4,3.0,85.4,2359.0,6.2,717602,660688,642086,671277,600869,682928,572816,656537,657041,54.34,0.282,0.248,0.0,1.0,0.0,0.0,2.0,45,4,Knuckle Curve,3,3,3,3,3,3,3,3,Strategic,Standard,27.0,0.003,-0.124,,,0.336,0.124,88.0,0,0,0.634,0.634,27,26,28,27,1,2,4.0,1.0,5.0,1.0,3.91,-0.18,0.18,39.2,,,,,
FF,2023-06-25,96.3,-1.25,6.27,"Raleigh, Cal",663728,680694,field_out,hit_into_play,,,,,13.0,"Cal Raleigh grounds out, shortstop Jorge Mateo to first baseman Ryan O'Hearn.",R,L,R,BAL,SEA,X,6.0,ground_ball,3,2,2023,0.07,1.04,-0.97,2.19,,,,1,5,Top,123.77,142.47,,,,,0.6241344014336565,-140.27707019873046,-7.760424182903892,0.7503898981817222,28.021716353825628,-16.91014789365403,3.58,1.7,23.0,101.5,-4.0,97.7,2434.0,6.8,717627,621532,656811,624428,683002,622761,669720,656775,623993,53.71,0.326,0.306,0.0,1.0,0.0,0.0,2.0,31,6,4-Seam Fastball,2,2,2,2,2,2,2,2,Infield shade,Standard,167.0,0.027,-0.328,,,0.35,0.328,101.5,0,0,0.525,0.475,26,26,27,27,2,1,5.0,1.0,6.0,1.0,1.39,-0.07,0.07,57.3,,,,,
FC,2023-06-25,86.7,-0.45,6.01,"Raleigh, Cal",663728,543056,field_out,hit_into_play,,,,,1.0,Cal Raleigh pops out to shortstop Jorge Mateo.,R,R,L,BAL,SEA,X,6.0,popup,2,1,2023,-0.24,0.29,-0.29,3.4,,,,0,8,Top,105.49,134.85,,,,,0.8572326773463752,-126.3684831026724,-0.7207405526302368,-2.719323470832341,22.564926507792272,-29.096570515350997,3.58,1.7,200.0,83.1,53.0,86.5,2622.0,5.8,717627,621532,656811,624428,683002,622761,669720,656775,623993,54.72,0.021,0.021,0.0,1.0,0.0,0.0,3.0,52,4,Cutter,3,2,2,3,2,3,2,3,Standard,Standard,236.0,0.063,-0.313,,,0.032,0.313,88.0,1,-1,0.736,0.264,33,26,34,27,1,2,1.0,1.0,3.0,1.0,2.7,-0.24,0.24,50.8,,,,,
CH,2023-06-24,85.4,-2.61,5.62,"Raleigh, Cal",663728,665152,field_out,hit_into_play,,,,,7.0,Cal Raleigh pops out to third baseman Ramon Urias in foul territory.,R,L,R,BAL,SEA,X,5.0,popup,1,2,2023,-1.28,0.47,-0.55,1.61,,,,0,7,Top,74.22,160.63,,,,,7.454355962186792,-124.1831509232156,-4.11667752609408,-14.761577301322706,24.368511789858346,-26.647189576062807,3.55,1.68,157.0,77.2,66.0,85.8,1759.0,6.5,717628,668939,656811,624428,602104,683002,669720,543305,623993,53.97,0.003,0.002,0.0,1.0,0.0,0.0,3.0,52,4,Changeup,4,3,3,4,3,4,3,4,Strategic,Standard,256.0,0.033,-0.193,,,0.003,0.193,88.0,1,-1,0.703,0.297,27,26,27,27,3,2,6.0,1.0,6.0,1.0,2.65,1.28,-1.28,32.1,,,,,
FC,2023-06-24,88.1,-2.46,5.74,"Raleigh, Cal",663728,665152,single,hit_into_play,,,,,1.0,Cal Raleigh singles on a sharp line drive to right fielder Anthony Santander.,R,L,R,BAL,SEA,X,9.0,line_drive,1,0,2023,0.23,0.77,-0.39,3.08,,,,0,5,Top,170.42,85.63,,,,,4.572823213383857,-128.4474706793879,-2.047857449094243,1.7418941255068925,23.347887845564987,-23.43603288054886,3.55,1.68,196.0,107.5,11.0,88.8,2478.0,6.3,717628,668939,656811,624428,602104,683002,669720,543305,623993,54.17,0.934,0.958,0.9,1.0,1.0,0.0,5.0,33,2,Cutter,2,2,2,2,2,2,2,2,Standard,Standard,183.0,-0.043,0.392,,,1.279,-0.392,107.5,0,0,0.495,0.505,27,26,27,27,2,1,6.0,1.0,6.0,1.0,2.13,-0.23,0.23,33.5,,,,,
FC,2023-06-24,89.1,-2.44,5.84,"Raleigh, Cal",663728,665152,field_out,hit_into_play,,,,,3.0,Cal Raleigh flies out to left fielder Austin Hays.,R,L,R,BAL,SEA,X,7.0,fly_ball,1,1,2023,0.38,0.57,0.29,3.16,,,,0,3,Top,83.9,128.84,,,,,5.926902583533179,-129.7237642679936,-1.8098214729729776,3.2584296943524182,24.222086796484387,-25.52762306308513,3.55,1.68,206.0,79.7,56.0,89.8,2411.0,6.4,717628,668939,656811,624428,602104,683002,669720,543305,623993,54.06,0.047,0.057,0.0,1.0,0.0,0.0,3.0,16,3,Cutter,1,0,0,1,0,1,0,1,Strategic,Standard,157.0,0.025,-0.254,,,0.076,0.254,88.0,1,-1,0.613,0.387,27,26,27,27,1,0,6.0,1.0,6.0,1.0,2.27,-0.38,0.38,34.0,,,,,
FC,2023-06-23,90.5,-2.3,6.33,"Raleigh, Cal",663728,502043,field_out,hit_into_play,,,,,6.0,Cal Raleigh flies out to shortstop Jorge Mateo.,R,L,R,BAL,SEA,X,6.0,fly_ball,2,0,2023,0.06,0.93,0.38,2.69,664034.0,,606192.0,0,3,Top,94.83,140.95,,,,,6.598031069250761,-131.7235186410593,-5.260035915795675,-0.4554737608499402,24.268184475631525,-20.45122205865673,3.55,1.68,180.0,82.3,62.0,91.9,2318.0,6.8,717651,668939,656811,624428,602104,622761,669720,543305,623993,53.68,0.013,0.015,0.0,1.0,0.0,0.0,3.0,21,3,Cutter,0,1,1,0,1,0,1,0,Standard,Standard,201.0,0.061,-0.261,,,0.024,0.261,88.0,-1,1,0.262,0.738,35,26,36,27,2,1,6.0,1.0,5.0,1.0,1.82,-0.06,0.06,46.6,,,,,
SL,2023-06-23,87.0,2.53,5.85,"Raleigh, Cal",663728,669211,single,hit_into_play,,,,,4.0,"Cal Raleigh singles on a fly ball to center fielder Aaron Hicks. Ty France scores. Teoscar Hernandez to 3rd. Cal Raleigh to 2nd. Cal Raleigh advances to 2nd, on a throwing error by center fielder Aaron Hicks.",R,R,L,BAL,SEA,X,8.0,fly_ball,3,2,2023,-0.28,0.29,-0.68,2.33,664034.0,,606192.0,2,8,Top,127.76,102.66,,,,,-7.018763783415774,-126.61561790643576,-2.8918302170674433,-1.7106812649559284,24.11943207348387,-28.65251640761027,3.55,1.68,242.0,75.3,42.0,86.2,2210.0,5.6,717651,668939,656811,624428,602104,622761,669720,543305,623993,54.91,0.182,0.191,0.9,1.0,1.0,0.0,3.0,64,6,Slider,1,10,10,1,11,1,11,1,Standard,Standard,179.0,0.0,0.578,,,0.25,-0.578,88.0,-9,9,0.001,0.999,28,26,28,27,1,4,2.0,1.0,4.0,1.0,2.7,-0.28,0.28,41.9,,,,,
FF,2023-06-23,97.9,1.09,5.57,"Raleigh, Cal",663728,672335,grounded_into_double_play,hit_into_play,,,,,1.0,"Cal Raleigh grounds into a double play, third baseman Ramon Urias to second baseman Adam Frazier to first baseman Ryan O'Hearn. Ty France out at 2nd. Cal Raleigh out at 1st.",R,R,L,BAL,SEA,X,5.0,ground_ball,0,0,2023,0.54,1.17,-0.73,3.25,,,664034.0,1,7,Top,96.37,150.45,,,,,-6.1523315200695485,-142.58873972980152,-3.5399423445087184,8.718950810369758,29.504431965897034,-15.4996350942416,3.55,1.68,100.0,68.3,9.0,97.9,2189.0,6.0,717651,668939,656811,624428,602104,622761,669720,543305,623993,54.49,0.25,0.224,0.0,1.0,0.0,0.0,2.0,51,1,4-Seam Fastball,0,6,6,0,6,0,6,0,Standard,Standard,151.0,0.003,-0.333,,,0.281,0.333,88.0,-6,6,0.017,0.983,27,26,27,27,1,3,7.0,1.0,3.0,1.0,1.18,0.54,-0.54,39.4,,,,,
CU,2023-06-23,78.3,-2.25,6.3,"Raleigh, Cal",663728,502043,single,hit_into_play,,,,,8.0,Cal Raleigh singles on a sharp line drive to right fielder Anthony Santander.,R,L,R,BAL,SEA,X,9.0,line_drive,2,1,2023,0.58,-0.66,-0.16,2.16,,,,0,2,Top,187.63,124.01,,,,,3.477855298621649,-114.0746039203934,-0.8761334839694216,4.399026508805585,21.237492262319467,-37.96945933597728,3.55,1.68,185.0,109.3,10.0,79.0,2488.0,6.7,717651,668939,656811,624428,602104,622761,669720,543305,623993,53.77,0.903,0.908,0.9,1.0,1.0,0.0,5.0,8,4,Curveball,0,0,0,0,0,0,0,0,Infield shade,Standard,52.0,-0.034,0.385,,,1.188,-0.385,109.3,0,0,0.496,0.504,35,26,36,27,1,0,6.0,1.0,5.0,1.0,4.37,-0.58,0.58,45.8,,,,,
ST,2023-06-23,84.7,-1.12,5.9,"Raleigh, Cal",663728,670810,field_out,hit_into_play,,,,,8.0,Cal Raleigh flies out to center fielder Aaron Hicks.,R,L,R,BAL,SEA,X,8.0,fly_ball,1,2,2023,1.13,0.07,0.19,2.19,,,,2,4,Top,122.12,90.83,,,,,0.7927751109571535,-123.46249867818672,-2.4813665324410037,11.38902530943432,24.48538516915376,-31.206351575589732,3.55,1.68,270.0,75.3,32.0,84.8,2404.0,6.2,717651,668939,656811,624428,602104,622761,669720,543305,623993,54.26,0.276,0.249,0.0,1.0,0.0,0.0,3.0,33,5,Sweeper,0,6,6,0,6,0,6,0,Infield shade,Standard,64.0,0.001,-0.191,,,0.298,0.191,88.0,-6,6,0.057,0.943,26,26,26,27,1,2,2.0,1.0,,1.0,3.1,-1.13,1.13,43.6,,,,,
CU,2023-06-22,82.5,-1.23,5.7,"Raleigh, Cal",663728,593334,home_run,hit_into_play,,,,,8.0,Cal Raleigh homers (10) on a line drive to right field.,R,L,R,NYY,SEA,X,,line_drive,2,2,2023,0.15,0.06,0.23,1.86,,,,1,4,Top,214.56,88.55,,,,,3.004908618820118,-120.18503692732747,-2.379975369531318,0.9294863123698018,22.117481492746656,-31.370025731914247,3.56,1.68,349.0,109.6,21.0,82.3,2597.0,6.0,717652,543309,519203,518934,518626,683011,641856,664056,519317,54.49,0.9079999999999998,1.6922058823529416,2.0,1.0,0.0,3.0,6.0,34,7,Curveball,0,9,9,0,10,0,10,0,Standard,Standard,333.0,-0.005,1.616,,,3.293294117647058,-1.616,109.6,-9,9,0.011,0.989,30,26,31,27,3,2,6.0,1.0,6.0,1.0,3.27,-0.15,0.15,35.1,,,,,
CU,2023-06-22,81.1,-1.48,5.69,"Raleigh, Cal",663728,593334,field_out,hit_into_play,,,,,7.0,Cal Raleigh pops out to third baseman Josh Donaldson.,R,L,R,NYY,SEA,X,5.0,popup,0,1,2023,0.05,0.07,-0.34,2.02,,,,0,3,Top,117.73,184.59,,,,,2.418202374320419,-118.13274112580822,-1.701014558929608,0.0211096514154941,23.223990924651247,-31.393711176006768,3.56,1.68,49.0,78.8,78.0,80.7,2503.0,6.0,717652,543309,519203,518934,518626,683011,641856,664056,519317,54.47,0.001,0.0,0.0,1.0,0.0,0.0,3.0,21,2,Curveball,0,6,6,0,6,0,6,0,Standard,Standard,317.0,0.004,-0.223,,,0.001,0.223,88.0,-6,6,0.062,0.938,30,26,31,27,2,1,6.0,1.0,6.0,1.0,3.4,-0.05,0.05,35.3,,,,,
SI,2023-06-22,93.7,-1.31,5.39,"Raleigh, Cal",663728,593334,single,hit_into_play,,,,,9.0,Cal Raleigh singles on a line drive to right fielder Giancarlo Stanton.   Ty France to 3rd.    Teoscar Hernandez to 2nd.,R,L,R,NYY,SEA,X,9.0,line_drive,3,2,2023,-1.46,0.71,0.75,2.23,,664034.0,606192.0,1,1,Top,199.38,98.61,,,,,8.58745669936599,-136.2424477507872,-4.034747286882783,-20.08758647359846,27.95891152361212,-22.662503845715214,3.56,1.68,259.0,98.0,18.0,94.3,2259.0,6.6,717652,543309,519203,518934,518626,683011,641856,664056,519317,53.94,0.387,0.422,0.9,1.0,1.0,0.0,4.0,5,6,Sinker,0,1,1,0,1,0,1,0,Standard,Standard,221.0,-0.044,0.462,,,0.644,-0.462,98.0,-1,1,0.36,0.64,30,26,31,27,1,0,6.0,1.0,6.0,1.0,1.88,1.46,-1.46,27.7,,,,,
FA,2023-06-22,77.2,-1.94,6.69,"Raleigh, Cal",663728,643396,field_out,hit_into_play,,,,,1.0,Cal Raleigh flies out sharply to center fielder Harrison Bader.,R,L,R,NYY,SEA,X,8.0,fly_ball,0,1,2023,-0.46,1.44,-0.37,3.05,,,,0,9,Top,142.7,36.38,,,,,4.105099208897458,-112.30442823707044,-3.343973963284625,-4.655057083269523,21.055587137757875,-19.60176231815692,3.56,1.68,403.0,104.9,29.0,75.8,1647.0,5.4,717652,543309,519203,518934,665828,683011,641856,664056,641343,55.13,0.8353829787234044,1.657595744680851,0.0,1.0,0.0,0.0,6.0,70,2,Other,0,10,10,0,10,0,10,0,Infield shade,Standard,211.0,0.0,-0.223,,,3.2971063829787224,0.223,104.9,-10,10,0.001,0.999,28,26,28,27,1,4,6.0,1.0,14.0,1.0,2.4,0.46,-0.46,53.1,,,,,
SI,2023-06-21,96.8,-1.37,6.14,"Raleigh, Cal",663728,666745,force_out,hit_into_play,,,,,3.0,"Cal Raleigh grounds into a force out, third baseman Josh Donaldson to shortstop Anthony Volpe.   Jarred Kelenic out at 2nd.    Cal Raleigh to 1st.",R,L,R,NYY,SEA,X,5.0,ground_ball,3,2,2023,-1.69,0.8,0.29,3.14,,,672284.0,1,5,Top,103.55,166.67,,,,,8.260562901893557,-140.6590684349273,-4.159698130944565,-24.377433900035783,36.137260251049035,-20.84534294286013,3.55,1.67,14.0,83.9,-12.0,95.8,2074.0,6.1,717666,543309,519203,650402,518626,683011,641856,664056,641343,54.41,0.1,0.084,0.0,1.0,0.0,0.0,2.0,34,6,Sinker,3,0,0,3,0,3,0,3,Infield shade,Standard,225.0,0.037,-0.392,,,0.132,0.392,88.0,3,-3,0.826,0.174,25,26,25,27,2,1,32.0,1.0,6.0,1.0,1.67,1.69,-1.69,45.9,,,,,
KC,2023-06-21,82.1,-1.06,6.06,"Raleigh, Cal",663728,666745,field_out,hit_into_play,,,,,5.0,Cal Raleigh pops out to shortstop Anthony Volpe.,R,L,R,NYY,SEA,X,6.0,popup,0,0,2023,0.3,-0.53,0.17,2.65,,,,2,2,Top,99.97,139.8,,,,,2.208177125647198,-119.56065101922998,-0.1582918625857494,2.5105905389101593,22.596231613830795,-37.456164800533685,3.55,1.67,165.0,85.4,54.0,82.5,2192.0,6.4,717666,543309,519203,650402,518626,683011,641856,664056,641343,54.06,0.016,0.017,0.0,1.0,0.0,0.0,3.0,11,1,Knuckle Curve,0,0,0,0,0,0,0,0,Infield shade,Standard,46.0,0.011,-0.275,,,0.027,0.275,88.0,0,0,0.54,0.4599999999999999,25,26,25,27,1,0,32.0,1.0,6.0,1.0,3.9,-0.3,0.3,52.3,,,,,
CH,2023-06-21,87.8,0.75,5.68,"Raleigh, Cal",663728,593974,field_out,hit_into_play,,,,,9.0,"Cal Raleigh grounds out, shortstop Anthony Volpe to first baseman Anthony Rizzo.",R,R,L,NYY,SEA,X,6.0,ground_ball,0,0,2023,1.51,0.4,0.79,2.15,,,,0,8,Top,112.05,135.27,,,,,-3.0093687385893504,-127.63556535782084,-3.085819279737595,17.038477635078312,31.647902918125126,-27.35804930650964,3.55,1.67,102.0,100.4,6.0,85.9,2098.0,5.6,717666,543309,519203,650402,518626,683011,643396,664056,641856,54.89,0.618,0.591,0.0,1.0,0.0,0.0,4.0,54,1,Changeup,4,0,0,4,0,4,0,4,Standard,Standard,132.0,0.013,-0.265,,,0.741,0.265,100.4,4,-4,0.964,0.036,31,26,32,27,1,2,3.0,1.0,2.0,1.0,2.61,1.51,-1.51,32.1,,,,,
FF,2023-06-20,95.8,-2.19,5.97,"Raleigh, Cal",663728,543037,single,hit_into_play,,,,,3.0,"Cal Raleigh singles on a ground ball to right fielder Jake Bauers, deflected by second baseman Gleyber Torres.",R,L,R,NYY,SEA,X,4.0,ground_ball,0,0,2023,-0.38,1.33,0.32,3.0,,,,1,5,Top,163.38,144.53,,,,,7.454125400235312,-139.23899074624836,-5.14600481601278,-6.666314458859284,33.92580023754931,-13.97041694768435,3.54,1.67,27.0,93.1,-5.0,95.1,2415.0,6.2,717684,624431,519203,650402,518626,683011,641856,664056,641343,54.33,0.213,0.194,0.9,1.0,1.0,0.0,2.0,33,1,4-Seam Fastball,3,0,0,3,0,3,0,3,Infield shade,Standard,204.0,-0.026,0.416,,,0.226,-0.416,93.1,3,-3,0.859,0.141,32,26,33,27,2,1,6.0,2.0,5.0,1.0,1.18,0.38,-0.38,43.7,,,,,
FF,2023-06-20,97.7,-2.37,5.98,"Raleigh, Cal",663728,543037,field_out,hit_into_play,,,,,2.0,Cal Raleigh flies out to left fielder Billy McKinney.,R,L,R,NYY,SEA,X,7.0,fly_ball,0,1,2023,-0.38,1.41,-0.23,2.98,,672284.0,553993.0,1,2,Top,65.76,90.08,,,,,6.60933276323257,-142.0777930738741,-5.78486426652237,-6.729532094328039,33.90122080814694,-11.952502271891936,3.54,1.67,309.0,92.7,38.0,97.0,2488.0,6.0,717684,624431,519203,650402,518626,683011,641856,664056,641343,54.46,0.042,0.062,0.0,1.0,0.0,0.0,3.0,12,2,4-Seam Fastball,1,0,0,1,0,1,0,1,Infield shade,Standard,218.0,0.043,-0.198,,,0.115,0.198,92.7,1,-1,0.566,0.434,32,26,33,27,1,0,6.0,2.0,5.0,1.0,0.99,0.38,-0.38,39.3,,,,,
CU,2023-06-18,82.1,-3.35,5.53,"Raleigh, Cal",663728,458681,single,hit_into_play,,,,,13.0,Cal Raleigh singles on a ground ball to center fielder Luis Robert Jr.,R,L,R,SEA,CWS,X,8.0,ground_ball,0,2,2023,0.4,-0.43,-1.11,1.83,,,,2,7,Bot,145.93,97.84,,,,,4.309660307886762,-119.58052562240069,-1.0297506200601654,3.0251334189104213,22.62090320232272,-36.27851869762754,3.55,1.66,67.0,85.3,4.0,82.4,2346.0,6.4,717704,518735,683734,621545,669394,462101,643217,673357,657757,54.11,0.371,0.334,0.9,1.0,1.0,0.0,2.0,50,3,Curveball,2,1,2,1,1,2,2,1,Infield shade,Standard,57.0,0.013,0.449,,,0.44,-0.449,88.0,1,1,0.752,0.752,36,26,36,27,3,2,5.0,1.0,6.0,2.0,3.8,-0.4,0.4,34.3,,,,,
FF,2023-06-18,91.4,-3.23,5.64,"Raleigh, Cal",663728,458681,field_out,hit_into_play,,,,,2.0,Cal Raleigh flies out to right fielder Gavin Sheets.,R,L,R,SEA,CWS,X,9.0,fly_ball,0,0,2023,-0.48,0.99,-0.17,3.23,,,,0,5,Bot,166.17,110.39,,,,,8.739149076039965,-132.81644290473912,-2.296399531800204,-7.581518851046033,28.14578346377703,-20.176357232761493,3.55,1.66,244.0,79.4,45.0,91.4,2176.0,6.3,717704,518735,683734,621545,669394,462101,643217,673357,657757,54.15,0.024,0.021,0.0,1.0,0.0,0.0,3.0,33,1,4-Seam Fastball,2,0,2,0,0,2,2,0,Infield shade,Standard,222.0,-0.015,-0.265,,,0.024,0.265,88.0,2,2,0.812,0.812,36,26,36,27,2,1,5.0,1.0,6.0,2.0,1.75,0.48,-0.48,31.4,,,,,
CH,2023-06-18,83.2,-3.32,5.41,"Raleigh, Cal",663728,458681,single,hit_into_play,,,,,13.0,Cal Raleigh singles on a ground ball to right fielder Gavin Sheets.,R,L,R,SEA,CWS,X,9.0,ground_ball,0,1,2023,-1.01,0.52,-0.74,1.42,,,,0,3,Bot,177.87,116.6,,,,,7.96375451781033,-120.96174399329176,-3.7455567779868986,-11.403173096742314,23.012362636311913,-26.485015007203938,3.55,1.66,69.0,81.4,5.0,84.1,1792.0,6.9,717704,518735,683734,621545,669394,462101,643217,673357,657757,53.61,0.282,0.278,0.9,1.0,1.0,0.0,2.0,17,2,Changeup,0,0,0,0,0,0,0,0,Strategic,Standard,221.0,0.044,0.474,,,0.309,-0.474,88.0,0,0,0.551,0.551,36,26,36,27,1,0,5.0,1.0,6.0,2.0,2.77,1.01,-1.01,30.4,,,,,
SL,2023-06-16,86.5,2.83,6.13,"Raleigh, Cal",663728,621383,field_out,hit_into_play,,,,,9.0,"Cal Raleigh grounds out, third baseman Jake Burger to first baseman Andrew Vaughn.",R,R,L,SEA,CWS,X,5.0,ground_ball,3,2,2023,-0.55,0.26,0.32,1.85,,,,2,7,Bot,87.15,150.91,,,,,-4.822064632077092,-125.95853008540747,-4.531713380156735,-4.960449756289069,24.469829522565902,-28.708729219528266,3.55,1.66,13.0,96.4,-8.0,86.1,2341.0,5.9,717733,664874,683734,462101,669394,641313,643217,673357,657757,54.61,0.247,0.222,0.0,1.0,0.0,0.0,2.0,60,6,Slider,3,2,3,2,2,3,3,2,Standard,Standard,194.0,-0.011,-0.336,,,0.276,0.336,96.4,1,1,0.756,0.756,31,26,32,27,2,3,3.0,2.0,3.0,1.0,2.77,-0.55,0.55,47.6,,,,,
FF,2023-06-14,97.1,-1.54,6.09,"Raleigh, Cal",663728,691587,double,hit_into_play,,,,,2.0,Cal Raleigh doubles (11) on a sharp line drive to right fielder Jesus Sanchez.,R,L,R,SEA,MIA,X,9.0,line_drive,2,1,2023,-0.55,1.41,-0.16,3.25,,,,1,5,Bot,174.04,67.12,,,,,5.003029457258752,-141.35250545657257,-5.354258683944029,-8.565589702419324,31.805815101116256,-12.2191980840823,3.55,1.66,286.0,101.8,15.0,98.2,2619.0,6.9,717759,663743,643265,650333,516416,542932,650559,641505,660821,53.63,0.689,0.732,1.25,1.0,1.0,1.0,4.0,35,4,4-Seam Fastball,0,1,0,1,1,0,0,1,Standard,Strategic,207.0,0.059,0.619,,,1.011,-0.619,101.8,-1,-1,0.386,0.386,20,26,20,27,2,1,5.0,1.0,6.0,2.0,1.0,0.55,-0.55,33.8,,,,,
FF,2023-06-14,95.9,3.53,5.29,"Raleigh, Cal",663728,640462,field_out,hit_into_play,,,,,5.0,Cal Raleigh lines out sharply to right fielder Jesus Sanchez.,R,R,L,SEA,MIA,X,9.0,line_drive,1,1,2023,0.96,1.09,0.19,2.29,606192.0,,672284.0,2,9,Bot,195.31,97.0,,,,,-11.151703290955028,-139.17822981178168,-4.856922965123747,14.873947215184277,30.201234697276085,-16.993985949660328,3.55,1.66,305.0,102.7,16.0,97.2,2229.0,7.1,717759,663743,643265,650333,542932,621563,650559,641505,660821,53.39,0.539,0.603,0.0,1.0,0.0,0.0,5.0,74,3,4-Seam Fastball,1,4,1,4,4,1,1,4,Standard,Standard,126.0,-0.046,-0.296,,,0.899,0.296,102.7,-3,-3,0.046,0.046,28,26,28,27,1,3,3.0,1.0,2.0,2.0,1.39,0.96,-0.96,26.3,,,,,
SL,2023-06-14,87.5,2.96,4.94,"Raleigh, Cal",663728,656945,single,hit_into_play,,,,,8.0,"Cal Raleigh singles on a ground ball to pitcher Tanner Scott.   Cal Raleigh to 2nd.  Cal Raleigh advances to 2nd, on a throwing error by pitcher Tanner Scott.",R,R,L,SEA,MIA,X,1.0,ground_ball,2,2,2023,-0.69,-0.03,0.03,2.13,,,,0,8,Bot,116.03,187.07,,,,,-5.641381387681558,-127.50705478572762,-0.6319799831727997,-6.471825036279388,24.163603427708544,-32.60948413526585,3.55,1.66,2.0,71.8,-50.0,87.9,2645.0,6.3,717759,663743,643265,650333,542932,621563,650559,641505,660821,54.21,0.216,0.202,0.9,1.0,1.0,0.0,2.0,62,5,Slider,0,4,0,4,4,0,0,4,Standard,Standard,268.0,0.041,0.459,,,0.216,-0.459,88.0,-4,-4,0.042,0.042,28,26,29,27,1,2,5.0,1.0,2.0,2.0,2.98,-0.69,0.69,31.4,,,,,
CH,2023-06-13,93.6,-1.28,6.2,"Raleigh, Cal",663728,665795,field_out,hit_into_play,,,,,14.0,Cal Raleigh grounds out to first baseman Yuli Gurriel.,R,L,R,SEA,MIA,X,3.0,ground_ball,3,2,2023,-1.57,0.39,0.21,1.14,672284.0,,,1,4,Bot,149.48,169.32,,,,,7.349931266477449,-135.9020195208943,-8.200797176270637,-21.052298713213368,29.81951591895936,-25.736333495495387,3.53,1.66,88.0,75.2,8.0,94.1,1630.0,6.7,717773,607732,493329,650333,516416,542932,650559,641658,624585,53.81,0.237,0.209,0.0,1.0,0.0,0.0,2.0,28,8,Changeup,3,0,3,0,0,3,3,0,Strategic,Standard,221.0,-0.031,-0.233,,,0.245,0.233,88.0,3,3,0.887,0.887,25,26,25,27,2,1,6.0,2.0,35.0,1.0,2.23,1.57,-1.57,44.8,,,,,
FF,2023-06-13,94.1,2.89,5.78,"Raleigh, Cal",663728,595345,field_out,hit_into_play,,,,,1.0,Cal Raleigh flies out to center fielder Garrett Hampson.,R,R,L,SEA,MIA,X,8.0,fly_ball,0,1,2023,0.85,0.94,-0.54,3.27,,,672284.0,2,7,Bot,132.75,84.16,,,,,-10.767257036543803,-136.6715080146873,-2.86569246380201,12.964591818377505,28.469682832274305,-19.945118776340475,3.53,1.66,280.0,84.9,39.0,94.1,2262.0,6.3,717773,607732,493329,650333,516416,542932,650559,641658,624585,54.22,0.005,0.005,0.0,1.0,0.0,0.0,3.0,61,2,4-Seam Fastball,8,1,8,1,1,8,8,1,Standard,Standard,139.0,0.0,-0.241,,,0.009,0.241,88.0,7,7,0.996,0.996,31,26,32,27,1,3,3.0,2.0,4.0,1.0,1.63,0.85,-0.85,34.0,,,,,
CU,2023-06-13,85.0,-1.41,6.32,"Raleigh, Cal",663728,665795,home_run,hit_into_play,,,,,5.0,Cal Raleigh homers (9) on a fly ball to right field. Jarred Kelenic scores. Eugenio Suarez scores.,R,L,R,SEA,MIA,X,,fly_ball,1,0,2023,0.73,-0.33,0.14,2.94,,672284.0,553993.0,1,2,Bot,225.02,85.68,,,,,2.1696716008946777,-123.86691736137912,-0.9618434567031536,7.093020376468404,24.440433474044827,-35.598917650776826,3.53,1.66,409.0,105.4,26.0,85.2,2282.0,6.3,717773,607732,493329,650333,516416,542932,650559,641658,624585,54.18,0.842830769230769,1.6619384615384611,2.0,1.0,0.0,3.0,6.0,13,2,Curveball,0,0,0,0,0,3,3,0,Standard,Standard,39.0,0.21,1.159,,,3.292215384615384,-1.159,105.4,0,0,0.599,0.599,25,26,25,27,1,0,6.0,2.0,35.0,1.0,3.47,-0.73,0.73,48.1,,,,,
FF,2023-06-11,94.9,0.03,6.42,"Raleigh, Cal",663728,606965,field_out,hit_into_play,,,,,6.0,Cal Raleigh lines out to left fielder Taylor Ward.,R,L,R,LAA,SEA,X,7.0,line_drive,2,2,2023,-0.76,1.46,0.72,2.96,664034.0,672284.0,606192.0,0,6,Top,73.12,121.01,,,,,3.5146153207171027,-138.06626086537176,-6.697491550663038,-10.445137365841903,30.261002290993343,-12.206670316579284,3.56,1.68,237.0,75.3,27.0,95.5,2209.0,6.6,717799,642136,665120,592273,650859,687263,621493,545361,592669,53.89,0.637,0.6,0.0,1.0,0.0,0.0,4.0,51,6,4-Seam Fastball,7,3,3,7,3,7,3,7,Infield shade,Standard,220.0,0.061,-0.146,,,0.723,0.146,88.0,4,-4,0.764,0.236,32,26,33,27,1,2,3.0,2.0,1.0,2.0,1.07,0.76,-0.76,39.9,,,,,
SL,2023-06-09,87.4,-1.56,5.54,"Raleigh, Cal",663728,696147,field_out,hit_into_play,,,,,8.0,"Cal Raleigh grounds out softly, pitcher Sam Bachman to first baseman Jared Walsh. Jarred Kelenic to 2nd.",R,L,R,LAA,SEA,X,1.0,ground_ball,2,1,2023,0.14,0.18,0.26,1.73,,,672284.0,1,8,Top,131.53,185.97,,,,,4.071847879582011,-127.18475124609996,-3.325375434104553,0.6241127655080566,28.890197675411684,-29.72608782487522,3.56,1.68,1.0,59.8,-64.0,86.8,2115.0,6.1,717824,595453,665120,650859,543685,687263,621493,545361,666160,54.35,0.221,0.218,0.0,1.0,0.0,0.0,2.0,63,4,Slider,5,3,3,5,3,5,3,5,Infield shade,Standard,34.0,0.048,-0.362,,,0.221,0.362,88.0,2,-2,0.846,0.154,23,26,24,27,1,3,2.0,2.0,3.0,2.0,2.83,-0.14,0.14,38.1,,,,,
CH,2023-06-09,83.5,-2.49,5.74,"Raleigh, Cal",663728,657097,field_out,hit_into_play,,,,,7.0,Cal Raleigh flies out to shortstop Zach Neto.,R,L,R,LAA,SEA,X,6.0,fly_ball,3,2,2023,-1.56,0.91,-0.59,1.98,,,606192.0,0,6,Top,115.48,114.86,,,,,7.465323604657241,-121.3929465726972,-3.996055376048523,-16.89788604649546,24.216342867048244,-22.613919721098497,3.56,1.68,214.0,88.9,57.0,83.7,2080.0,6.5,717824,595453,665120,650859,543685,687263,621493,545361,666160,53.96,0.013,0.019,0.0,1.0,0.0,0.0,3.0,45,6,Changeup,3,3,3,3,3,3,3,3,Infield shade,Standard,243.0,0.061,-0.303,,,0.029,0.303,88.9,0,0,0.436,0.5640000000000001,29,26,30,27,1,2,3.0,2.0,3.0,2.0,2.37,1.56,-1.56,38.3,,,,,
CH,2023-06-07,80.0,-1.23,6.66,"Raleigh, Cal",663728,608379,field_out,hit_into_play,,,,,1.0,Cal Raleigh pops out to third baseman Manny Machado in foul territory.,R,L,R,SD,SEA,X,5.0,popup,1,1,2023,-1.04,1.23,-0.46,3.06,,,,1,4,Top,93.98,186.04,,,,,3.677261865257565,-116.32912049013927,-3.4849227665682125,-10.143932981929396,24.316947050837328,-20.559479999000875,3.55,1.67,94.0,82.8,72.0,79.8,1482.0,6.5,717863,596142,663845,630105,592518,673490,665742,663757,665487,54.04,0.003,0.003,0.0,1.0,0.0,0.0,3.0,29,3,Changeup,4,0,0,4,0,4,0,4,Infield shade,Standard,238.0,0.011,-0.257,,,0.004,0.257,88.0,4,-4,0.895,0.1049999999999999,31,26,32,27,2,1,5.0,1.0,7.0,2.0,2.37,1.04,-1.04,56.6,,,,,
CH,2023-06-07,85.6,-2.23,5.31,"Raleigh, Cal",663728,656290,field_out,hit_into_play,,,,,13.0,"Cal Raleigh grounds out, second baseman Jake Cronenworth to first baseman Alfonso Rivas.",R,L,R,SD,SEA,X,4.0,ground_ball,0,0,2023,-1.36,0.32,-0.61,1.52,676609.0,,,2,8,Top,155.63,154.0,,,,,6.5421620959548,-124.45136154792908,-3.209112758617975,-15.450179765222725,27.50959160610476,-28.43269905403386,3.55,1.67,8.0,86.9,-10.0,84.8,1821.0,6.1,717863,596142,663845,630105,592518,673490,641525,663757,665487,54.44,0.153,0.135,0.0,1.0,0.0,0.0,2.0,70,1,Changeup,10,3,3,10,3,10,3,10,Infield shade,Standard,255.0,0.001,-0.293,,,0.192,0.293,88.0,7,-7,0.998,0.002,27,26,28,27,1,3,3.0,1.0,3.0,2.0,2.83,1.36,-1.36,25.3,,,,,
CU,2023-06-07,73.5,-1.57,6.5,"Raleigh, Cal",663728,608379,field_out,hit_into_play,,,,,13.0,Cal Raleigh flies out to right fielder Fernando Tatis Jr.,R,L,R,SD,SEA,X,9.0,fly_ball,0,0,2023,0.89,-1.0,-0.25,1.14,,664034.0,,2,1,Top,173.13,74.1,,,,,1.1446158563532065,-107.02719192535076,-1.720268075143059,6.537928333939706,21.084851178886176,-39.69911220014627,3.55,1.67,329.0,93.9,36.0,74.0,2057.0,6.9,717863,596142,663845,630105,592518,673490,665742,663757,665487,53.58,0.089,0.174,0.0,1.0,0.0,0.0,3.0,4,1,Curveball,0,0,0,0,0,0,0,0,Standard,Standard,28.0,0.032,-0.295,,,0.332,0.295,93.9,0,0,0.516,0.484,31,26,32,27,1,0,5.0,1.0,7.0,2.0,5.27,-0.89,0.89,53.0,,,,,
FF,2023-06-06,94.0,-1.2,6.19,"Raleigh, Cal",663728,641703,field_out,hit_into_play,,,,,3.0,Cal Raleigh flies out sharply to right fielder Brandon Dixon.,R,L,R,SD,SEA,X,9.0,fly_ball,1,2,2023,-0.54,1.44,0.58,3.19,,,,2,6,Top,170.36,82.66,,,,,5.819951876937297,-136.72569189545678,-5.2229760711762845,-8.159328107449811,31.972490668328543,-13.210252439653235,3.53,1.66,309.0,101.0,47.0,93.7,2121.0,6.3,717864,543592,630105,596059,592518,673490,665742,665487,641525,54.23,0.026,0.03,0.0,1.0,0.0,0.0,3.0,42,6,4-Seam Fastball,1,2,2,1,2,1,2,1,Infield shade,Standard,207.0,0.009,-0.191,,,0.056,0.191,101.0,-1,1,0.387,0.613,28,26,28,27,1,2,3.0,2.0,5.0,1.0,1.16,0.54,-0.54,47.1,,,,,
ST,2023-06-06,78.6,-3.05,5.19,"Raleigh, Cal",663728,621051,grounded_into_double_play,hit_into_play,,,,,8.0,"Cal Raleigh grounds into a double play, second baseman Rougned Odor to shortstop Ha-Seong Kim to first baseman Jake Cronenworth.   Teoscar Hernandez out at 2nd.    Cal Raleigh out at 1st.",R,L,R,SD,SEA,X,4.0,ground_ball,1,1,2023,0.97,0.16,0.12,1.55,,,606192.0,1,8,Top,150.79,152.8,,,,,5.119928603634395,-114.34280067661707,-1.3018620859816017,7.43402965884151,23.04610050598304,-30.761528765731377,3.53,1.66,75.0,77.5,7.0,79.2,2620.0,6.9,717864,543592,630105,596059,592518,673490,665742,665487,641525,53.6,0.237,0.215,0.0,1.0,0.0,0.0,2.0,59,3,Sweeper,1,4,4,1,4,1,4,1,Infield shade,Standard,68.0,0.016,-0.316,,,0.247,0.316,88.0,-3,3,0.071,0.929,28,26,29,27,1,3,1.0,2.0,4.0,1.0,3.56,-0.97,0.97,32.2,,,,,
FS,2023-06-04,86.6,-2.48,5.61,"Raleigh, Cal",663728,543135,field_out,hit_into_play,,,,,4.0,"Cal Raleigh grounds out, first baseman Nathaniel Lowe to pitcher Nathan Eovaldi.",R,L,R,TEX,SEA,X,3.0,ground_ball,0,1,2023,-0.97,0.07,-0.63,2.01,,,,1,4,Top,150.31,171.31,,,,,6.431061305231346,-126.09981851910398,-2.5806371769333847,-11.571953284211553,23.933506216005217,-31.09889608201215,3.16,1.43,5.0,67.7,-24.0,87.4,1608.0,6.6,717894,641680,663993,543760,673962,608369,543257,608671,666969,53.87,0.032,0.046,0.0,1.0,0.0,0.0,2.0,32,2,Split-Finger,7,0,0,7,0,7,0,7,Infield shade,Standard,229.0,0.003,-0.227,,,0.032,0.227,88.0,7,-7,0.977,0.023,33,26,33,27,2,1,6.0,2.0,6.0,2.0,2.95,0.97,-0.97,32.6,,,,,
FF,2023-06-04,94.7,-2.47,5.61,"Raleigh, Cal",663728,543135,field_out,hit_into_play,,,,,2.0,Cal Raleigh flies out to center fielder Travis Jankowski.,R,L,R,TEX,SEA,X,8.0,fly_ball,2,2,2023,-0.68,1.02,0.15,3.04,,,,0,2,Top,132.81,51.68,,,,,8.449475777314271,-137.64172870688986,-3.3346663877208145,-10.56138560830586,30.465234213695307,-18.607744319092255,3.51,1.65,365.0,94.0,28.0,95.4,2058.0,6.8,717894,641680,663993,543760,673962,608369,543257,608671,666969,53.74,0.124,0.171,0.0,1.0,0.0,0.0,3.0,11,6,4-Seam Fastball,2,0,0,2,0,2,0,2,Infield shade,Strategic,223.0,0.021,-0.239,,,0.326,0.239,94.0,2,-2,0.7,0.3,33,26,33,27,1,0,6.0,2.0,6.0,2.0,1.52,0.68,-0.68,34.9,,,,,
CH,2023-06-04,88.1,1.86,6.04,"Raleigh, Cal",663728,656271,field_out,hit_into_play,,,,,6.0,Cal Raleigh flies out sharply to center fielder Travis Jankowski.,R,R,L,TEX,SEA,X,8.0,fly_ball,2,2,2023,1.27,0.93,0.62,2.54,,,664034.0,1,8,Top,129.53,31.83,,,,,-5.755191972519968,-128.16681701125967,-4.390957686989536,15.172028163701793,26.94112994067661,-21.16074598997073,3.51,1.65,411.0,102.2,25.0,89.7,2105.0,7.3,717894,506702,663993,543760,673962,669701,543257,608671,666969,53.19,0.6002666666666667,1.1045555555555555,0.0,1.0,0.0,0.0,6.0,70,5,Changeup,12,3,3,12,3,12,3,12,Strategic,Standard,135.0,0.0,-0.232,,,2.1392888888888897,0.232,102.2,9,-9,0.999,0.001,26,26,27,27,1,3,4.0,2.0,9.0,2.0,2.01,1.27,-1.27,39.2,,,,,
SL,2023-06-02,87.5,-2.04,5.43,"Raleigh, Cal",663728,592351,field_out,hit_into_play,,,,,9.0,Cal Raleigh flies out to shortstop Corey Seager.,R,L,R,TEX,SEA,X,6.0,fly_ball,0,2,2023,0.35,0.21,0.48,2.02,,,,0,5,Top,97.33,138.73,,,,,5.436318040168385,-127.46984095185113,-2.5746803544247916,2.7408329295453404,24.683680090607663,-29.615589730034102,3.51,1.63,170.0,90.3,64.0,88.8,2436.0,6.9,717922,506702,663993,543760,673962,608369,608671,665750,666969,53.61,0.008,0.007,0.0,1.0,0.0,0.0,3.0,29,3,Slider,0,0,0,0,0,0,0,0,Infield shade,Standard,136.0,0.02,-0.169,,,0.009,0.169,90.3,0,0,0.51,0.49,31,26,32,27,2,1,7.0,2.0,5.0,2.0,2.75,-0.35,0.35,29.7,,,,,
SL,2023-06-02,88.0,-1.98,5.55,"Raleigh, Cal",663728,592351,field_out,hit_into_play,,,,,1.0,Cal Raleigh pops out to third baseman Josh Jung in foul territory.,R,L,R,TEX,SEA,X,5.0,popup,2,2,2023,0.41,0.21,-0.39,2.98,,,,2,2,Top,74.84,167.3,,,,,3.0476787877047826,-128.2526789776392,-0.588699853928,3.926672000959953,25.821434427340886,-29.9375125265789,3.51,1.63,193.0,87.7,62.0,89.1,2275.0,6.8,717922,506702,663993,543760,673962,608369,608671,665750,666969,53.65,0.016,0.019,0.0,1.0,0.0,0.0,3.0,10,5,Slider,0,0,0,0,0,0,0,0,Infield shade,Standard,137.0,0.01,-0.233,,,0.028,0.233,88.0,0,0,0.541,0.4589999999999999,31,26,32,27,1,0,7.0,2.0,5.0,2.0,2.72,-0.41,0.41,33.3,,,,,
SL,2023-06-02,85.0,-2.75,4.08,"Raleigh, Cal",663728,681982,field_out,hit_into_play,,,,,12.0,Cal Raleigh pops out to second baseman Marcus Semien.,R,L,R,TEX,SEA,X,4.0,popup,1,2,2023,-0.03,0.8,1.4,2.73,,,,0,8,Top,137.97,143.03,,,,,9.840208725443487,-123.47297516684225,1.5561533898826307,-2.0471695709276925,22.15906656767561,-24.45472094397942,3.51,1.63,148.0,76.0,63.0,85.9,2500.0,6.7,717922,641680,663993,543760,673962,608369,608671,665750,666969,53.76,0.013,0.013,0.0,1.0,0.0,0.0,3.0,51,4,Slider,1,0,0,1,0,1,0,1,Infield shade,Standard,121.0,0.041,-0.193,,,0.016,0.193,88.0,1,-1,0.758,0.242,26,26,26,27,1,2,3.0,2.0,3.0,2.0,2.34,0.03,-0.03,-0.4,,,,,
SI,2023-05-31,93.9,-1.03,5.69,"Raleigh, Cal",663728,657376,field_out,hit_into_play,,,,,5.0,"Cal Raleigh grounds out, second baseman Gleyber Torres to first baseman Jake Bauers.",R,L,R,SEA,NYY,X,4.0,ground_ball,2,2,2023,-0.91,0.57,0.09,2.6,,,,2,2,Bot,143.9,142.46,,,,,4.898863938824796,-136.81816135954708,-3.6049037103578447,-12.49310021586293,27.52617111282707,-24.42591175427856,3.5,1.63,11.0,96.3,-12.0,94.2,2471.0,6.2,717939,543309,641343,650402,518934,683011,641432,643396,656185,54.3,0.187,0.173,0.0,1.0,0.0,0.0,2.0,12,5,Sinker,0,0,0,0,0,0,0,0,Standard,Standard,214.0,-0.01,-0.233,,,0.187,0.233,96.3,0,0,0.51,0.51,27,26,27,27,1,0,6.0,1.0,6.0,2.0,1.99,0.91,-0.91,41.7,,,,,
CH,2023-05-31,89.5,0.62,5.55,"Raleigh, Cal",663728,593974,field_out,hit_into_play,,,,,14.0,"Cal Raleigh grounds out, pitcher Wandy Peralta to first baseman Jake Bauers.",R,R,L,SEA,NYY,X,1.0,ground_ball,0,1,2023,1.37,0.44,0.9,2.02,,553993.0,,0,7,Bot,126.16,181.49,,,,,-2.197510825997401,-130.2963379948702,-3.614922692518808,16.061166698596526,27.9542348989641,-26.56976235442779,3.5,1.63,6.0,83.1,-20.0,88.9,2169.0,5.9,717939,543309,641343,650402,518934,683011,641432,643396,656185,54.58,0.066,0.055,0.0,1.0,0.0,0.0,2.0,47,2,Changeup,0,0,0,0,0,0,0,0,Standard,Standard,123.0,-0.059,-0.169,,,0.077,0.169,88.0,0,0,0.685,0.685,31,26,32,27,1,2,4.0,1.0,3.0,2.0,2.4,1.37,-1.37,33.6,,,,,
CH,2023-05-31,82.6,-3.05,5.26,"Raleigh, Cal",663728,676760,single,hit_into_play,,,,,8.0,Cal Raleigh singles on a sharp line drive to right fielder Greg Allen.   Jose Caballero scores.,R,L,R,SEA,NYY,X,9.0,line_drive,2,2,2023,-1.28,-0.25,0.06,1.54,,676609.0,,0,10,Bot,180.54,122.14,,,,,9.607058648679011,-119.84775741700938,-1.4158978811340557,-14.16013530237527,23.457034904165912,-34.54168246324399,3.5,1.63,234.0,107.1,13.0,83.1,1737.0,6.8,717939,624431,641343,650402,518934,683011,665828,643396,656185,53.72,0.839,0.875,0.9,1.0,1.0,0.0,5.0,68,5,Changeup,0,0,0,0,0,1,1,0,Standard,Standard,270.0,0.205,0.56,,,1.221,-0.56,107.1,0,0,0.795,0.795,27,26,28,27,1,3,2.0,1.0,8.0,2.0,3.62,1.28,-1.28,30.5,,,,,
FF,2023-05-30,94.4,-2.34,5.79,"Raleigh, Cal",663728,650633,double,hit_into_play,,,,,8.0,Cal Raleigh doubles (10) on a fly ball to center fielder Greg Allen.,R,L,R,SEA,NYY,X,8.0,fly_ball,2,2,2023,-0.36,1.3,0.12,1.8,,,,0,6,Bot,137.73,90.23,,,,,7.218584271263454,-137.2712040072318,-7.632962653505367,-6.095978959342416,27.780985122356977,-14.293379832652006,3.49,1.61,348.0,91.5,29.0,94.9,2343.0,6.4,717952,624431,641343,650402,518934,683011,643396,656185,592450,54.07,0.076,0.111,1.25,1.0,1.0,1.0,3.0,53,5,4-Seam Fastball,2,7,2,7,7,2,2,7,Standard,Standard,220.0,0.034,0.732,,,0.211,-0.732,91.5,-5,-5,0.056,0.056,28,26,28,27,1,0,3.0,1.0,4.0,1.0,1.25,0.36,-0.36,42.0,,,,,
CH,2023-05-30,76.2,-2.09,4.96,"Raleigh, Cal",663728,543901,field_out,hit_into_play,,,,,13.0,Cal Raleigh grounds out to first baseman Jake Bauers.,R,L,R,SEA,NYY,X,3.0,ground_ball,1,1,2023,-1.59,-0.47,-0.84,2.06,,,,0,8,Bot,154.55,166.28,,,,,5.356161882234445,-110.61475616066856,1.9047801577595096,-14.021116554919,23.641232340378792,-36.619461085210276,3.49,1.61,8.0,78.2,-16.0,74.0,1984.0,5.3,717952,624431,641343,650402,518934,683011,643396,656185,592450,55.23,0.058,0.052,0.0,1.0,0.0,0.0,2.0,71,3,Changeup,2,8,2,8,8,2,2,8,Standard,Standard,281.0,-0.004,-0.254,,,0.071,0.254,88.0,-6,-6,0.01,0.01,32,26,33,27,1,1,4.0,1.0,3.0,1.0,4.48,1.59,-1.59,17.3,,,,,
CU,2023-05-29,84.0,-1.34,5.62,"Raleigh, Cal",663728,593334,field_out,hit_into_play,,,,,8.0,Cal Raleigh flies out to center fielder Greg Allen.,R,L,R,SEA,NYY,X,8.0,fly_ball,1,1,2023,-0.09,0.19,-0.22,1.77,,,,1,6,Bot,136.35,45.5,,,,,2.768647794156069,-122.51262345417088,-3.0141882872801764,-1.390298904131431,21.07327022168444,-29.892029011770124,3.49,1.61,379.0,98.0,33.0,84.1,2609.0,6.0,717969,543309,518934,650402,665828,643396,641343,656185,592450,54.53,0.3278,0.6220999999999999,0.0,1.0,0.0,0.0,5.0,56,3,Curveball,4,9,4,9,9,4,4,9,Infield shade,Standard,285.0,-0.008,-0.257,,,1.2335,0.257,98.0,-5,-5,0.044,0.044,30,26,31,27,3,2,13.0,1.0,6.0,1.0,2.99,0.09,-0.09,37.6,,,,,
CH,2023-05-29,86.6,-1.44,5.61,"Raleigh, Cal",663728,593334,field_out,hit_into_play,,,,,7.0,Cal Raleigh flies out sharply to center fielder Greg Allen.   Jarred Kelenic to 2nd.,R,L,R,SEA,NYY,X,8.0,fly_ball,0,1,2023,-1.48,0.97,-0.51,2.04,,,672284.0,1,4,Bot,133.28,37.85,,,,,5.236726842330496,-126.02088266237232,-4.297129917256571,-16.8798255381369,26.146390671996233,-21.1199291763246,3.49,1.61,397.0,102.6,27.0,86.4,2492.0,6.2,717969,543309,518934,650402,665828,643396,641343,656185,592450,54.32,0.6650483870967742,1.2835000000000003,0.0,1.0,0.0,0.0,6.0,34,2,Changeup,2,4,2,4,4,2,2,4,Infield shade,Standard,227.0,-0.02,-0.215,,,2.5419677419354834,0.215,102.6,-2,-2,0.309,0.309,30,26,31,27,2,1,13.0,1.0,6.0,1.0,2.07,1.48,-1.48,34.4,,,,,
CU,2023-05-29,82.5,-1.76,5.66,"Raleigh, Cal",663728,593334,field_out,hit_into_play,,,,,8.0,"Cal Raleigh grounds out, shortstop Isiah Kiner-Falefa to first baseman DJ LeMahieu.   Jarred Kelenic to 3rd.    Eugenio Suarez to 2nd.",R,L,R,SEA,NYY,X,6.0,ground_ball,0,0,2023,-0.16,0.14,-0.09,1.98,,672284.0,553993.0,0,2,Bot,116.87,157.38,,,,,4.093196752894155,-120.22534343744204,-2.1693877852375403,-2.3212052907145,22.466404031940627,-30.650705515889666,3.49,1.61,4.0,59.7,-31.0,82.1,2652.0,5.9,717969,543309,518934,650402,665828,643396,641343,664056,592450,54.63,0.055,0.052,0.0,1.0,0.0,0.0,2.0,15,1,Curveball,0,1,0,1,1,0,0,1,Standard,Standard,350.0,-0.005,-0.307,,,0.059,0.307,88.0,-1,-1,0.545,0.545,30,26,31,27,1,0,13.0,1.0,6.0,1.0,3.19,0.16,-0.16,33.1,,,,,
SL,2023-05-28,86.4,-1.33,5.26,"Raleigh, Cal",663728,682847,field_out,hit_into_play,,,,,13.0,"Cal Raleigh grounds out, third baseman Ke'Bryan Hayes to first baseman Carlos Santana.",R,L,R,SEA,PIT,X,5.0,ground_ball,2,2,2023,0.39,0.13,-0.25,0.74,,672284.0,553993.0,2,5,Bot,115.81,167.51,,,,,1.8128671171361508,-125.92367225462408,-4.983640106938954,3.9387038069416183,20.17040718531364,-30.186639359608225,3.48,1.6,2.0,72.1,-30.0,88.1,2477.0,6.8,717983,595978,467793,666801,663647,572008,656582,678225,457705,53.72,0.05,0.045,0.0,1.0,0.0,0.0,2.0,44,6,Slider,3,1,3,1,1,3,3,1,Infield shade,Standard,43.0,-0.026,-0.246,,,0.06,0.246,88.0,2,2,0.805,0.805,24,26,24,27,3,2,6.0,1.0,6.0,1.0,2.87,-0.39,0.39,34.2,,,,,
FF,2023-05-28,95.5,-1.28,5.41,"Raleigh, Cal",663728,682847,home_run,hit_into_play,,,,,5.0,Cal Raleigh homers (8) on a fly ball to right field.,R,L,R,SEA,PIT,X,,fly_ball,0,0,2023,-1.14,1.26,0.26,2.51,,,,0,4,Bot,210.84,86.01,,,,,6.679038794472817,-138.99345216656175,-4.904121518053516,-16.254434093744603,28.829158800743567,-14.871473708990576,3.48,1.6,349.0,107.1,43.0,96.4,2270.0,6.6,717983,595978,467793,666801,663647,572008,656582,678225,457705,53.86,0.288,0.562,2.0,1.0,0.0,3.0,6.0,30,1,4-Seam Fastball,1,0,1,0,0,2,2,0,Infield shade,Standard,220.0,0.101,1.114,,,1.108,-1.114,107.1,1,1,0.685,0.685,24,26,24,27,2,1,6.0,1.0,6.0,1.0,1.22,1.14,-1.14,31.9,,,,,
CH,2023-05-28,89.2,-1.37,5.18,"Raleigh, Cal",663728,682847,field_out,hit_into_play,,,,,7.0,Cal Raleigh grounds out to first baseman Carlos Santana.,R,L,R,SEA,PIT,X,3.0,ground_ball,1,2,2023,-1.22,0.8,-0.7,1.88,,,,0,2,Bot,156.07,165.27,,,,,4.251020926450907,-129.93461663750838,-3.8379817964069782,-14.731036384699385,26.356037678085332,-22.478053657822795,3.48,1.6,3.0,75.0,-33.0,90.2,1532.0,6.8,717983,595978,467793,666801,663647,572008,656582,678225,457705,53.75,0.045,0.046,0.0,1.0,0.0,0.0,2.0,13,6,Changeup,1,0,1,0,0,1,1,0,Infield shade,Standard,244.0,-0.015,-0.193,,,0.047,0.193,88.0,1,1,0.651,0.651,24,26,24,27,1,0,6.0,1.0,6.0,1.0,2.05,1.22,-1.22,33.0,,,,,
SL,2023-05-27,81.9,0.99,6.34,"Raleigh, Cal",663728,669796,fielders_choice_out,hit_into_play,,,,,9.0,"Cal Raleigh reaches on a fielder's choice out, third baseman Ke'Bryan Hayes to catcher Jason Delay. Jarred Kelenic out at home.",R,R,L,SEA,PIT,X,5.0,ground_ball,1,0,2023,0.11,0.0,0.37,1.59,672284.0,,,1,5,Bot,106.9,180.48,,,,,-1.5893316335393912,-119.20894813054272,-4.042648024796062,1.3897941970677996,26.710345618763057,-31.495827486524572,3.45,1.58,30.0,75.9,-1.0,80.6,2076.0,5.8,718004,641511,656582,678225,663647,672779,668804,669261,641943,54.72,0.087,0.086,0.0,1.0,0.0,0.0,2.0,43,2,Slider,4,0,4,0,0,4,4,0,Strategic,Standard,338.0,-0.022,-0.299,,,0.087,0.299,88.0,4,4,0.946,0.946,25,26,26,27,2,2,4.0,1.0,3.0,1.0,3.44,0.11,-0.11,52.1,,,,,
SL,2023-05-27,84.1,-2.29,5.47,"Raleigh, Cal",663728,592826,single,hit_into_play,,,,,8.0,Cal Raleigh singles on a ground ball to center fielder Jack Suwinski. Eugenio Suarez to 3rd.,R,L,R,SEA,PIT,X,8.0,ground_ball,3,2,2023,0.53,0.54,-0.24,1.63,,,553993.0,2,1,Bot,145.93,116.09,,,,,3.7431050178431375,-122.51163933353858,-3.646036417379331,4.64384423690699,23.956263543251264,-26.195874543770294,3.45,1.58,43.0,98.7,0.0,85.0,2573.0,6.8,718004,641511,656582,678225,663647,672779,668804,669261,641943,53.71,0.418,0.399,0.9,1.0,1.0,0.0,4.0,10,6,Slider,2,0,2,0,0,2,2,0,Infield shade,Standard,90.0,0.016,0.349,,,0.488,-0.349,98.7,2,2,0.716,0.716,31,26,31,27,1,0,23.0,1.0,,1.0,2.67,-0.53,0.53,46.2,,,,,
CH,2023-05-27,86.6,-1.11,5.77,"Raleigh, Cal",663728,664294,field_out,hit_into_play,,,,,4.0,"Cal Raleigh grounds out, first baseman Connor Joe to pitcher Dauri Moreta.",R,L,R,SEA,PIT,X,3.0,ground_ball,2,0,2023,-1.07,0.94,-0.46,2.7,,,,2,7,Bot,158.61,165.27,,,,,3.733799431717346,-126.15089870148503,-3.095690555228849,-12.209986383727744,24.865363993625134,-21.675374044261,3.45,1.58,19.0,87.5,-7.0,86.9,1570.0,6.4,718004,641511,656582,666801,663647,672779,668804,669261,457705,54.14,0.171,0.149,0.0,1.0,0.0,0.0,2.0,59,3,Changeup,5,0,5,0,0,5,5,0,Infield shade,Standard,224.0,-0.001,-0.374,,,0.186,0.374,88.0,5,5,0.983,0.983,27,26,27,27,1,3,3.0,1.0,3.0,1.0,2.08,1.07,-1.07,42.9,,,,,
CH,2023-05-27,86.8,1.0,6.41,"Raleigh, Cal",663728,669796,field_out,hit_into_play,,,,,3.0,"Cal Raleigh grounds out, shortstop Tucupita Marcano to first baseman Connor Joe.",R,R,L,SEA,PIT,X,6.0,ground_ball,0,1,2023,1.16,1.05,0.68,2.98,,,,0,3,Bot,116.02,147.52,,,,,-3.1058848762588913,-126.38188526845252,-4.153211030550983,13.107634550535138,26.040689216668977,-20.27720235367668,3.45,1.58,52.0,75.7,2.0,86.1,1699.0,5.8,718004,641511,656582,678225,663647,672779,668804,669261,641943,54.67,0.205,0.181,0.0,1.0,0.0,0.0,2.0,27,2,Changeup,4,0,4,0,0,4,4,0,Infield shade,Standard,135.0,-0.007,-0.223,,,0.246,0.223,88.0,4,4,0.893,0.893,25,26,26,27,1,1,4.0,1.0,3.0,1.0,1.97,1.16,-1.16,53.6,,,,,
ST,2023-05-26,83.8,-2.16,5.81,"Raleigh, Cal",663728,656605,double,hit_into_play,,,,,2.0,Cal Raleigh doubles (9) on a fly ball to center fielder Jack Suwinski.,R,L,R,SEA,PIT,X,8.0,fly_ball,1,2,2023,1.4,0.18,-0.14,3.1,,,,1,6,Bot,120.49,100.06,,,,,1.9126585294936311,-122.11654310801045,-0.2202590098559204,13.622861291648464,24.299605625442755,-30.537476052596393,3.44,1.58,249.0,72.4,36.0,84.0,2799.0,6.3,718012,595978,467793,678225,663647,672779,668804,669261,656582,54.16,0.458,0.455,1.25,1.0,1.0,1.0,3.0,54,4,Sweeper,4,8,4,8,8,4,4,8,Infield shade,Standard,70.0,0.035,0.741,,,0.564,-0.741,88.0,-4,-4,0.075,0.075,27,26,27,27,3,2,6.0,1.0,5.0,1.0,3.06,-1.4,1.4,36.7,,,,,
FF,2023-05-26,97.9,-2.15,5.77,"Raleigh, Cal",663728,656605,field_out,hit_into_play,,,,,8.0,Cal Raleigh flies out to center fielder Jack Suwinski.,R,L,R,SEA,PIT,X,8.0,fly_ball,0,2,2023,-0.85,1.22,0.01,2.05,,,,2,4,Bot,101.2,73.34,,,,,7.798498243216997,-142.2856693816371,-7.445860953125559,-13.240760957343468,29.93487679745531,-14.0594456071316,3.44,1.58,318.0,86.8,28.0,98.7,2454.0,6.6,718012,595978,467793,678225,663647,672779,668804,669261,656582,53.91,0.068,0.084,0.0,1.0,0.0,0.0,3.0,32,3,4-Seam Fastball,2,2,2,2,2,2,2,2,Infield shade,Standard,224.0,-0.008,-0.169,,,0.139,0.169,88.0,0,0,0.508,0.508,27,26,27,27,2,1,6.0,1.0,5.0,1.0,1.15,0.85,-0.85,35.4,,,,,
FF,2023-05-26,95.3,-2.14,5.86,"Raleigh, Cal",663728,656605,double,hit_into_play,,,,,5.0,Cal Raleigh doubles (8) on a sharp line drive to center fielder Jack Suwinski.,R,L,R,SEA,PIT,X,8.0,line_drive,0,0,2023,-1.05,1.24,-0.17,2.34,,,,1,2,Bot,151.1,50.2,,,,,7.582927208453258,-138.55217802120168,-6.4810520751531415,-15.101685505280724,28.32694138082319,-14.868701034311702,3.44,1.58,331.0,109.2,14.0,96.2,2338.0,6.7,718012,595978,467793,678225,663647,672779,668804,669261,656582,53.84,0.721,0.775,1.25,1.0,1.0,1.0,5.0,15,1,4-Seam Fastball,1,1,1,1,1,1,1,1,Infield shade,Standard,225.0,0.044,0.662,,,1.145,-0.662,109.2,0,0,0.528,0.528,27,26,27,27,1,0,6.0,1.0,5.0,1.0,1.25,1.05,-1.05,38.7,,,,,
CH,2023-05-25,84.1,1.47,4.52,"Raleigh, Cal",663728,676664,field_out,hit_into_play,,,,,8.0,Cal Raleigh flies out to right fielder Seth Brown.,R,R,L,SEA,ATH,X,9.0,fly_ball,0,1,2023,1.37,0.16,0.22,1.71,,,553993.0,1,4,Bot,184.62,78.38,,,,,-5.679917056510181,-122.43143845831726,-0.4682462151286847,14.915354831601055,22.836234283147355,-30.723091767699824,3.43,1.57,331.0,94.9,32.0,85.0,1656.0,6.8,718025,669127,676116,643393,607054,669397,668709,665923,664913,53.75,0.199,0.37,0.0,1.0,0.0,0.0,3.0,29,2,Changeup,1,2,1,2,2,1,1,2,Standard,Standard,101.0,-0.034,-0.215,,,0.718,0.215,94.9,-1,-1,0.426,0.426,27,26,27,27,2,1,5.0,1.0,5.0,1.0,3.05,1.37,-1.37,21.0,,,,,
ST,2023-05-25,81.4,1.47,4.64,"Raleigh, Cal",663728,676664,field_out,hit_into_play,,,,,8.0,Cal Raleigh flies out to shortstop Nick Allen.,R,R,L,SEA,ATH,X,6.0,fly_ball,2,2,2023,-0.92,0.18,-0.17,1.85,,,,1,2,Bot,74.33,129.55,,,,,-1.9273447620297304,-118.61097519729846,-0.0462968020068923,-8.334670507404107,21.279989320974,-30.703694581134055,3.43,1.57,215.0,75.1,47.0,82.0,2511.0,6.5,718025,669127,676116,643393,607054,669397,668709,665923,664913,54.0,0.089,0.081,0.0,1.0,0.0,0.0,3.0,14,5,Sweeper,1,2,1,2,2,1,1,2,Standard,Standard,277.0,-0.016,-0.234,,,0.096,0.234,88.0,-1,-1,0.416,0.416,27,26,27,27,1,0,5.0,1.0,5.0,1.0,3.24,-0.92,0.92,20.3,,,,,
SL,2023-05-25,83.2,-1.34,5.61,"Raleigh, Cal",663728,543507,field_out,hit_into_play,,,,,5.0,Cal Raleigh pops out to third baseman Jace Peterson.,R,L,R,SEA,ATH,X,5.0,popup,0,0,2023,0.44,-0.23,0.06,2.36,,,,0,7,Bot,108.92,163.75,,,,,2.373819972791653,-121.2772418475874,-0.6196677672955636,3.889512091813213,22.010409672894728,-34.564201402876925,3.43,1.57,138.0,90.9,66.0,84.6,2624.0,6.9,718025,669127,676116,643393,607054,669397,668709,665923,664913,53.58,0.003,0.002,0.0,1.0,0.0,0.0,3.0,48,1,Slider,2,2,2,2,2,2,2,2,Infield shade,Standard,75.0,-0.038,-0.265,,,0.003,0.265,90.9,0,0,0.588,0.588,33,26,34,27,1,2,2.0,1.0,2.0,1.0,3.49,-0.44,0.44,40.4,,,,,
FF,2023-05-25,96.7,-2.56,6.0,"Raleigh, Cal",663728,670183,field_out,hit_into_play,,,,,4.0,Cal Raleigh flies out to left fielder JJ Bleday.,R,L,R,SEA,ATH,X,7.0,fly_ball,1,1,2023,-0.69,1.49,-0.52,2.18,677594.0,672284.0,553993.0,2,8,Bot,60.26,104.94,,,,,6.967843445635543,-140.52849938114096,-7.974176157914243,-10.643112380801156,31.14664263534837,-10.809673923238604,3.43,1.57,291.0,93.3,46.0,96.1,2456.0,6.0,718025,669127,676116,643393,607054,669397,668709,665923,664913,54.51,0.005,0.005,0.0,1.0,0.0,0.0,3.0,60,3,4-Seam Fastball,3,2,3,2,2,3,3,2,Infield shade,Standard,208.0,-0.04,-0.253,,,0.005,0.253,93.3,1,1,0.875,0.875,25,26,25,27,1,3,4.0,1.0,2.0,1.0,0.95,0.69,-0.69,43.3,,,,,
FF,2023-05-24,91.6,2.79,5.59,"Raleigh, Cal",663728,686610,single,hit_into_play,,,,,6.0,Cal Raleigh singles on a sharp line drive to center fielder Ramon Laureano.,R,R,L,SEA,ATH,X,8.0,line_drive,0,0,2023,0.86,1.14,0.56,2.55,,,,0,4,Bot,119.07,84.85,,,,,-7.550233380186545,-133.27316535818306,-4.346458124666626,11.80701501873592,26.135507392095224,-17.773607627622695,3.43,1.57,160.0,105.0,9.0,92.8,2232.0,6.8,718037,669127,676116,643393,607054,649557,668709,657656,664913,53.71,0.75,0.707,0.9,1.0,1.0,0.0,4.0,28,1,4-Seam Fastball,0,0,0,0,0,0,0,0,Standard,Standard,138.0,0.043,0.432,,,0.897,-0.432,105.0,0,0,0.56,0.56,25,26,25,27,2,1,5.0,1.0,4.0,1.0,1.56,0.86,-0.86,34.4,,,,,
CH,2023-05-24,84.0,1.09,5.9,"Raleigh, Cal",663728,669674,field_out,hit_into_play,,,,,3.0,"Cal Raleigh grounds out, second baseman Tony Kemp to first baseman Ryan Noda.",R,R,L,SEA,ATH,X,4.0,ground_ball,1,0,2023,0.89,1.32,0.57,2.89,,,,2,6,Bot,138.9,143.96,,,,,-2.930646227831733,-122.25349778666914,-3.1765022698258356,9.456127214299654,24.391111048131496,-18.54924715706819,3.43,1.57,145.0,69.9,18.0,83.6,1924.0,6.0,718037,669127,676116,643393,607054,649557,668709,657656,664913,54.48,0.758,0.699,0.0,1.0,0.0,0.0,4.0,54,2,Changeup,5,0,5,0,0,5,5,0,Standard,Standard,127.0,-0.001,-0.317,,,0.812,0.317,88.0,5,5,0.969,0.969,27,26,28,27,1,3,3.0,1.0,4.0,1.0,1.91,0.89,-0.89,48.3,,,,,
FF,2023-05-24,92.4,2.87,5.57,"Raleigh, Cal",663728,686610,single,hit_into_play,,,,,8.0,Cal Raleigh singles on a ground ball to center fielder Ramon Laureano.,R,R,L,SEA,ATH,X,8.0,ground_ball,0,0,2023,1.17,1.29,0.12,1.75,,,,0,2,Bot,121.11,103.99,,,,,-9.658981282784373,-134.18476645374085,-6.832152042837822,16.09100921016368,26.18228490589175,-15.2564792227976,3.43,1.57,127.0,78.9,12.0,93.7,2395.0,7.0,718037,669127,676116,643393,607054,649557,668709,657656,664913,53.54,0.503,0.469,0.9,1.0,1.0,0.0,4.0,11,1,4-Seam Fastball,0,0,0,0,0,0,0,0,Standard,Standard,132.0,0.038,0.432,,,0.558,-0.432,88.0,0,0,0.551,0.551,25,26,25,27,1,0,5.0,1.0,4.0,1.0,1.37,1.17,-1.17,34.1,,,,,
SL,2023-05-23,84.5,-3.03,5.79,"Raleigh, Cal",663728,665622,field_out,hit_into_play,,,,,4.0,Cal Raleigh flies out to right fielder Ramon Laureano.,R,L,R,SEA,ATH,X,9.0,fly_ball,0,0,2023,0.15,-0.13,-0.43,2.26,,,,2,4,Bot,211.22,97.31,,,,,5.728086883253459,-123.07965075262491,-1.658933433124013,0.477690432829278,22.703897011750776,-33.44299203967261,3.41,1.57,326.0,90.7,31.0,84.4,2283.0,6.0,718050,542208,542583,649557,607054,669397,667670,665923,657656,54.48,0.071,0.105,0.0,1.0,0.0,0.0,3.0,30,1,Slider,0,2,0,2,2,0,0,2,Infield shade,Standard,47.0,-0.013,-0.275,,,0.196,0.275,90.7,-2,-2,0.262,0.262,24,26,24,27,2,1,6.0,1.0,5.0,1.0,3.3,-0.15,0.15,30.7,,,,,
SL,2023-05-23,84.3,-1.37,5.71,"Raleigh, Cal",663728,543507,field_out,hit_into_play,,,,,4.0,Cal Raleigh flies out to shortstop Aledmys Diaz.,R,L,R,SEA,ATH,X,6.0,fly_ball,1,1,2023,0.47,-0.25,-0.73,2.44,664059.0,,553993.0,2,8,Bot,121.2,123.49,,,,,0.5584701198985154,-122.8684828335597,-0.789256359801316,4.719566735954182,22.422702011837405,-34.75853698360271,3.41,1.57,192.0,87.0,56.0,85.7,2560.0,6.9,718050,542208,542583,643393,607054,649557,667670,665923,657656,53.56,0.005,0.005,0.0,1.0,0.0,0.0,3.0,61,3,Slider,3,2,3,2,2,3,3,2,Infield shade,Standard,68.0,-0.029,-0.296,,,0.011,0.296,88.0,1,1,0.864,0.864,33,26,34,27,1,3,35.0,1.0,2.0,1.0,3.43,-0.47,0.47,39.6,,,,,
SL,2023-05-23,87.4,-0.73,5.91,"Raleigh, Cal",663728,643493,field_out,hit_into_play,,,,,3.0,Cal Raleigh flies out to right fielder Ramon Laureano.,R,L,R,SEA,ATH,X,9.0,fly_ball,0,0,2023,0.72,0.34,0.31,3.31,,672284.0,,1,6,Bot,161.72,99.84,,,,,1.0177428152068964,-127.37151900339585,-0.9020078008214464,7.680194436315619,23.700992479077133,-28.43565623923764,3.41,1.57,263.0,78.0,38.0,86.8,2652.0,5.6,718050,542208,542583,649557,607054,669397,667670,665923,657656,54.9,0.055,0.054,0.0,1.0,0.0,0.0,3.0,46,1,Slider,3,2,3,2,2,3,3,2,Infield shade,Strategic,134.0,-0.033,-0.29,,,0.087,0.29,88.0,1,1,0.76,0.76,33,26,34,27,1,2,4.0,1.0,1.0,1.0,2.61,-0.72,0.72,52.8,,,,,
FF,2023-05-22,91.6,1.48,5.89,"Raleigh, Cal",663728,666205,field_out,hit_into_play,,,,,8.0,Cal Raleigh flies out sharply to center fielder Esteury Ruiz.   Jarred Kelenic to 3rd.,R,R,L,SEA,ATH,X,8.0,fly_ball,2,0,2023,0.61,1.02,-0.12,2.0,,672284.0,,1,5,Bot,121.92,35.81,,,,,-5.3961307052519345,-133.2215330299923,-6.2262806918325815,8.33856218900971,26.330683760365712,-18.843601418683548,3.4,1.58,402.0,106.4,34.0,92.4,2445.0,6.6,718062,669127,676116,643393,607054,669397,668709,665923,664913,53.91,0.7686666666666668,1.5405238095238094,0.0,1.0,0.0,0.0,6.0,42,3,4-Seam Fastball,6,0,6,0,0,6,6,0,Standard,Standard,136.0,-0.003,-0.361,,,3.0588095238095243,0.361,106.4,6,6,0.98,0.98,25,26,26,27,3,2,6.0,1.0,40.0,1.0,1.68,0.61,-0.61,31.9,,,,,
FF,2023-05-22,91.7,1.47,5.86,"Raleigh, Cal",663728,666205,field_out,hit_into_play,,,,,5.0,"Cal Raleigh grounds out, shortstop Nick Allen to first baseman Ryan Noda.",R,R,L,SEA,ATH,X,6.0,ground_ball,2,1,2023,0.19,0.8,0.03,2.52,,,,1,3,Bot,106.68,140.71,,,,,-4.075366835226822,-133.62882242593568,-4.41244226345743,3.0813159699580384,25.28438094865192,-21.896200895868215,3.4,1.58,7.0,101.0,-19.0,92.8,2412.0,6.6,718062,669127,676116,643393,607054,669397,668709,665923,664913,53.88,0.15,0.135,0.0,1.0,0.0,0.0,2.0,25,4,4-Seam Fastball,5,0,5,0,0,5,5,0,Standard,Standard,142.0,-0.005,-0.31,,,0.15,0.31,101.0,5,5,0.928,0.928,25,26,26,27,2,1,6.0,1.0,40.0,1.0,1.88,0.19,-0.19,33.7,,,,,
FS,2023-05-22,92.2,-2.76,5.38,"Raleigh, Cal",663728,660261,force_out,hit_into_play,,,,,13.0,"Cal Raleigh grounds into a force out, pitcher Shintaro Fujinami to shortstop Nick Allen.   Jarred Kelenic scores.    Sam Haggerty out at 2nd.    Cal Raleigh to 1st.",R,L,R,SEA,ATH,X,1.0,ground_ball,0,2,2023,-0.48,0.62,-1.28,1.51,672284.0,,664059.0,1,8,Bot,130.73,156.14,,,,,4.84754500420198,-134.1417355627875,-5.4332166497097925,-6.779327330327806,27.526753271556984,-23.70026850197137,3.4,1.58,2.0,76.7,-35.0,93.3,967.0,6.9,718062,669127,676116,643393,607054,669397,664913,665923,657656,53.64,0.05,0.05,0.0,1.0,0.0,0.0,2.0,74,3,Split-Finger,10,2,10,2,2,11,11,2,Infield shade,Standard,244.0,0.0,-0.23,,,0.051,0.23,88.0,8,8,0.999,0.999,29,26,29,27,1,4,5.0,1.0,5.0,1.0,2.05,0.48,-0.48,37.0,,,,,
SL,2023-05-22,87.5,1.57,5.83,"Raleigh, Cal",663728,666205,single,hit_into_play,,,,,5.0,Cal Raleigh singles on a ground ball to left fielder JJ Bleday.,R,R,L,SEA,ATH,X,7.0,ground_ball,0,0,2023,0.1,0.24,0.08,2.29,,,,0,2,Bot,67.36,108.49,,,,,-3.8164423981107305,-127.46762246948022,-2.9993484459043342,1.7754426819029938,23.1413173612378,-29.190607805019837,3.4,1.58,31.0,108.6,-3.0,88.3,2152.0,6.4,718062,669127,676116,643393,607054,669397,668709,665923,664913,54.06,0.442,0.408,0.9,1.0,1.0,0.0,4.0,12,1,Slider,2,0,2,0,0,2,2,0,Standard,Standard,117.0,0.025,0.432,,,0.478,-0.432,108.6,2,2,0.747,0.747,25,26,26,27,1,0,6.0,1.0,40.0,1.0,2.7,0.1,-0.1,33.5,,,,,
FF,2023-05-19,91.0,-1.07,6.63,"Raleigh, Cal",663728,693821,field_out,hit_into_play,,,,,14.0,Cal Raleigh pops out to first baseman Matt Olson.,R,L,R,ATL,SEA,X,3.0,popup,1,1,2023,-0.27,1.3,1.14,2.42,,,,1,5,Top,143.57,178.74,,,,,6.08172736182376,-132.34527607229415,-7.4444025009853725,-4.371756655733422,25.82938840612718,-15.53905463617349,3.41,1.61,74.0,68.1,72.0,90.9,2136.0,6.0,718110,669221,621566,645277,663586,606115,592696,671739,660670,54.45,0.001,0.0,0.0,1.0,0.0,0.0,3.0,31,3,4-Seam Fastball,1,0,0,1,0,1,0,1,Infield shade,Standard,195.0,0.022,-0.257,,,0.001,0.257,88.0,1,-1,0.671,0.3289999999999999,24,26,24,27,2,1,6.0,2.0,5.0,2.0,1.44,0.27,-0.27,55.5,,,,,
CH,2023-05-19,85.5,-1.15,6.67,"Raleigh, Cal",663728,693821,single,hit_into_play,,,,,13.0,Cal Raleigh singles on a line drive to right fielder Ronald Acuna Jr.,R,L,R,ATL,SEA,X,9.0,line_drive,1,2,2023,-0.88,0.39,-0.83,1.51,,,,2,2,Top,167.66,97.09,,,,,2.4891819053416735,-124.4388829800672,-6.682824368475566,-9.63210158612644,22.168917328534334,-27.066637582177965,3.41,1.61,232.0,88.1,15.0,85.1,2062.0,5.8,718110,669221,621566,645277,663586,606115,592696,671739,660670,54.73,0.987,0.924,0.9,1.0,1.0,0.0,4.0,11,4,Changeup,1,0,0,1,0,1,0,1,Infield shade,Standard,221.0,-0.016,0.427,,,1.115,-0.427,88.1,1,-1,0.648,0.352,24,26,24,27,1,0,6.0,2.0,5.0,2.0,2.7,0.88,-0.88,55.2,,,,,
FC,2023-05-19,89.0,-2.11,5.61,"Raleigh, Cal",663728,543521,field_out,hit_into_play,,,,,12.0,Cal Raleigh flies out to right fielder Ronald Acuna Jr.  Jarred Kelenic to 3rd.,R,L,R,ATL,SEA,X,9.0,fly_ball,1,0,2023,0.09,0.72,0.9,2.67,,672284.0,553993.0,0,7,Top,197.5,71.03,,,,,7.241656802934809,-129.4543959431171,-2.707806792401795,-0.5028490307525885,26.951403762411836,-23.73616528769004,3.41,1.61,361.0,93.7,35.0,89.7,2392.0,6.7,718110,669221,621566,645277,663586,606115,592696,671739,660670,53.77,0.082,0.142,0.0,1.0,0.0,0.0,3.0,46,2,Cutter,1,1,1,1,1,1,1,1,Standard,Standard,207.0,0.036,-0.273,,,0.279,0.273,93.7,0,0,0.346,0.654,36,26,36,27,1,2,5.0,2.0,2.0,2.0,2.16,-0.09,0.09,30.4,,,,,
FF,2023-05-17,96.5,-1.54,5.41,"Raleigh, Cal",663728,678394,double,hit_into_play,,,,,9.0,Cal Raleigh hits a ground-rule double (7) on a line drive down the right-field line.,R,L,R,BOS,SEA,X,,line_drive,0,0,2023,-0.89,1.14,0.29,1.78,,,,0,4,Top,203.92,132.24,,,,,6.893977107253426,-140.21292347127914,-6.626167213279146,-13.308540992523673,32.62423219442962,-15.870301650542162,3.42,1.62,184.0,107.8,11.0,96.3,2173.0,6.3,718133,657136,457759,622569,646240,571771,608701,680776,606132,54.2,0.934,0.958,1.25,1.0,1.0,1.0,5.0,37,1,4-Seam Fastball,9,0,0,9,0,9,0,9,Infield shade,Standard,226.0,-0.007,0.706,,,1.279,-0.706,107.8,9,-9,0.99,0.01,24,26,24,27,2,1,7.0,1.0,6.0,2.0,1.33,0.89,-0.89,36.3,,,,,
FF,2023-05-17,93.9,-1.77,5.49,"Raleigh, Cal",663728,621057,field_out,hit_into_play,,,,,11.0,Cal Raleigh flies out sharply to center fielder Jarren Duran.,R,L,R,BOS,SEA,X,8.0,fly_ball,1,2,2023,-0.71,1.5,-0.25,3.64,,,,2,9,Top,141.84,48.08,,,,,5.4545428798832924,-136.66728176677915,-2.3774217538370777,-10.120086953078388,29.2746808335557,-13.071757901128366,3.42,1.62,375.0,103.4,25.0,93.4,2333.0,5.9,718133,657136,671213,665839,622569,571771,608701,680776,606132,54.56,0.6713913043478261,1.263652173913044,0.0,1.0,0.0,0.0,6.0,85,4,4-Seam Fastball,12,3,3,12,3,12,3,12,Infield shade,Standard,217.0,0.001,-0.191,,,2.465492753623189,0.191,103.4,9,-9,0.999,0.001,29,26,29,27,1,4,1.0,1.0,4.0,2.0,1.08,0.71,-0.71,39.9,,,,,
FC,2023-05-17,91.0,-3.1,5.99,"Raleigh, Cal",663728,455119,field_out,hit_into_play,,,,,12.0,"Cal Raleigh grounds out, first baseman Triston Casas to pitcher Chris Martin.",R,L,R,BOS,SEA,X,3.0,ground_ball,0,1,2023,0.15,1.0,0.57,3.54,,,,1,7,Top,152.52,161.21,,,,,8.883579907021586,-132.28744218624533,-2.343537840896336,-0.2107995186393431,29.40554383757504,-20.20942944321308,3.42,1.62,87.0,103.9,4.0,90.8,2103.0,6.3,718133,657136,671213,622569,646240,571771,608701,680776,606132,54.15,0.563,0.516,0.0,1.0,0.0,0.0,4.0,70,2,Cutter,12,3,3,12,3,12,3,12,Infield shade,Standard,195.0,0.0,-0.227,,,0.63,0.227,103.9,9,-9,0.999,0.001,37,26,37,27,1,3,7.0,1.0,3.0,2.0,1.77,-0.15,0.15,34.9,,,,,
CU,2023-05-16,79.1,-1.38,6.48,"Raleigh, Cal",663728,601713,single,hit_into_play,,,,,4.0,Cal Raleigh singles on a line drive to right fielder Alex Verdugo. Eugenio Suarez to 2nd.,R,L,R,BOS,SEA,X,9.0,line_drive,1,1,2023,0.84,-1.35,-0.28,2.77,,,553993.0,1,2,Top,185.58,116.4,,,,,0.8412508864842351,-115.13801604532952,1.3014367325016776,7.220494765217088,23.98754738102782,-44.54661196272983,3.43,1.64,150.0,92.9,10.0,79.3,2733.0,6.7,718149,624512,671213,665839,646240,622569,807799,680776,657077,53.82,0.708,0.651,0.9,1.0,1.0,0.0,4.0,14,3,Curveball,4,0,0,4,0,4,0,4,Infield shade,Standard,29.0,-0.033,0.432,,,0.778,-0.432,92.9,4,-4,0.841,0.159,30,26,30,27,1,0,7.0,1.0,5.0,1.0,5.02,-0.84,0.84,55.6,,,,,
FC,2023-05-16,91.0,-1.5,6.07,"Raleigh, Cal",663728,670174,field_out,hit_into_play,,,,,3.0,Cal Raleigh grounds out to first baseman Triston Casas.,R,L,R,BOS,SEA,X,3.0,ground_ball,0,0,2023,0.7,0.12,0.63,3.0,,,,1,8,Top,156.85,169.21,,,,,3.873984363946022,-132.48252917799513,-2.0626535245806945,7.377918891648311,28.102168879322093,-30.53758302844037,3.43,1.64,4.0,67.6,-36.0,91.5,2229.0,6.6,718149,624512,671213,665839,646240,622569,807799,680776,657077,53.94,0.066,0.061,0.0,1.0,0.0,0.0,2.0,66,1,Cutter,8,4,4,8,4,8,4,8,Infield shade,Standard,145.0,0.008,-0.267,,,0.066,0.267,88.0,4,-4,0.977,0.023,25,26,25,27,1,3,4.0,1.0,3.0,1.0,2.63,-0.7,0.7,54.3,,,,,
SI,2023-05-15,92.1,-2.93,5.12,"Raleigh, Cal",663728,656557,home_run,hit_into_play,,,,,8.0,Cal Raleigh homers (6) on a fly ball to right field. Eugenio Suarez scores.,R,L,R,BOS,SEA,X,,fly_ball,2,2,2023,-1.39,-0.27,0.24,1.68,,,553993.0,0,5,Top,238.49,60.1,,,,,11.074787874279556,-133.6310803188644,-2.2388215966958835,-19.121703128122157,30.45817259404997,-35.07926154573858,3.43,1.64,438.0,109.3,32.0,92.0,2222.0,6.5,718163,657136,671213,665839,646240,622569,606132,680776,657077,54.0,0.9390769230769228,2.0,2.0,1.0,0.0,3.0,6.0,29,5,Sinker,0,0,0,0,2,0,2,0,Infield shade,Standard,249.0,-0.208,1.087,,,3.7573846153846153,-1.087,109.3,0,0,0.457,0.5429999999999999,27,26,27,27,2,1,8.0,1.0,7.0,1.0,2.98,1.39,-1.39,19.1,,,,,
FC,2023-05-15,86.5,2.88,5.8,"Raleigh, Cal",663728,542947,single,hit_into_play,,,,,5.0,Cal Raleigh singles on a sharp line drive to left fielder Rob Refsnyder.,R,R,L,BOS,SEA,X,7.0,line_drive,1,1,2023,-0.07,0.52,-0.15,2.77,,,,0,8,Top,77.47,85.55,,,,,-7.139963570730834,-125.93227608843348,-2.1344763639898297,0.6083124820899294,24.12750567325458,-26.42465448379795,3.43,1.64,246.0,107.3,14.0,87.3,1994.0,6.6,718163,657136,671213,665839,646240,622569,608701,606132,657077,53.86,0.761,0.838,0.9,1.0,1.0,0.0,5.0,62,3,Cutter,1,7,7,1,7,1,7,1,Standard,Standard,141.0,-0.001,0.443,,,1.2,-0.443,107.3,-6,6,0.008,0.992,36,26,36,27,1,3,1.0,1.0,6.0,1.0,2.51,-0.07,0.07,28.9,,,,,
EP,2023-05-15,41.8,-1.06,6.14,"Raleigh, Cal",663728,622569,field_out,hit_into_play,,,,,11.0,Cal Raleigh grounds out to first baseman Triston Casas. Jarred Kelenic to 3rd. Eugenio Suarez to 2nd.,R,L,R,BOS,SEA,X,3.0,ground_ball,1,1,2023,-0.14,1.48,-0.1,4.22,,672284.0,553993.0,0,9,Top,158.03,167.94,,,,,1.1842678407746543,-59.94074704922377,9.00337307055866,-0.4486982289034639,5.655537867878128,-29.653943415945665,3.43,1.64,4.0,57.7,-45.0,39.9,1167.0,4.5,718163,624512,671213,657136,646240,665839,608701,606132,657077,56.01,0.168,0.161,0.0,1.0,0.0,0.0,1.0,74,3,Eephus,1,9,9,1,9,1,9,1,Standard,Standard,208.0,0.0,-0.294,,,0.168,0.294,88.0,-8,8,0.001,0.999,29,26,30,27,1,4,,1.0,83.0,1.0,11.92,0.14,-0.14,40.6,,,,,
SI,2023-05-15,90.7,3.0,5.0,"Raleigh, Cal",663728,657514,home_run,hit_into_play,,,,,8.0,Cal Raleigh homers (7) on a fly ball to left center field. Jarred Kelenic scores.,R,R,L,BOS,SEA,X,,fly_ball,0,0,2023,1.4,0.84,0.17,1.82,,672284.0,,2,6,Top,76.66,29.96,,,,,-10.014769073416293,-131.76228956820765,-3.8234163647541983,18.36461618507447,26.38044698187938,-21.772601463927916,3.43,1.64,434.0,107.1,30.0,90.5,2222.0,6.1,718163,657136,671213,665839,646240,622569,606132,680776,657077,54.38,0.9072424242424244,2.0,2.0,1.0,0.0,3.0,6.0,42,1,Sinker,0,3,3,0,5,0,5,0,Standard,Standard,129.0,-0.089,1.604,,,3.605969696969697,-1.604,107.1,-3,3,0.144,0.856,31,26,31,27,1,2,1.0,1.0,11.0,1.0,1.93,1.4,-1.4,22.6,,,,,
SI,2023-05-14,97.2,-1.99,5.55,"Raleigh, Cal",663728,671345,double,hit_into_play,,,,,4.0,Cal Raleigh doubles (6) on a sharp line drive to left fielder Akil Baddoo.,R,L,R,DET,SEA,X,7.0,line_drive,0,0,2023,-1.46,0.37,-0.78,2.74,,,,1,7,Top,63.19,64.74,,,,,6.607971870231255,-141.48212365989548,-2.862752207311444,-21.053807866118714,32.34181472933131,-26.7907092331993,3.42,1.65,365.0,103.6,22.0,97.8,2151.0,6.6,718173,668670,679529,656716,628451,595879,668731,682985,663837,53.87,0.6498249999999999,1.14465,1.25,1.0,1.0,1.0,6.0,58,1,Sinker,3,3,3,3,3,3,3,3,Infield shade,Standard,235.0,-0.076,0.662,,,2.18245,-0.662,103.6,0,0,0.539,0.4609999999999999,27,26,28,27,1,0,4.0,1.0,5.0,1.0,2.04,1.46,-1.46,29.9,,,,,
ST,2023-05-13,82.0,1.0,5.68,"Raleigh, Cal",663728,592741,field_out,hit_into_play,,,,,8.0,Cal Raleigh flies out to left fielder Akil Baddoo.   Julio Rodriguez to 3rd.    Eugenio Suarez to 2nd.,R,R,L,DET,SEA,X,7.0,fly_ball,3,2,2023,-0.61,-0.27,-0.13,1.65,,677594.0,553993.0,0,9,Top,45.81,89.71,,,,,-1.386410162895141,-119.50269963579352,-2.067784470403303,-5.605992704599155,22.27248097250079,-34.61819614806485,3.42,1.64,333.0,93.0,38.0,82.6,2303.0,6.5,718194,606992,679529,656716,628451,595879,668731,682985,663837,53.96,0.042,0.062,0.0,1.0,0.0,0.0,3.0,60,7,Sweeper,0,3,3,0,3,0,3,0,Infield shade,Standard,291.0,0.0,-0.29,,,0.115,0.29,93.0,-3,3,0.021,0.979,32,26,33,27,1,3,3.0,3.0,1.0,1.0,3.64,-0.61,0.61,37.7,,,,,
SI,2023-05-10,92.9,-2.35,5.5,"Raleigh, Cal",663728,641540,field_out,hit_into_play,,,,,8.0,"Cal Raleigh grounds out, third baseman Josh Jung to first baseman Nathaniel Lowe.",R,L,R,SEA,TEX,X,5.0,ground_ball,3,2,2023,-1.26,0.87,0.15,1.97,,,,2,6,Bot,100.81,162.73,,,,,9.233016950808269,-135.0153819360299,-5.228287186256444,-17.411865873860847,27.078557344774236,-20.502423019628026,3.44,1.64,12.0,100.8,-8.0,93.8,2151.0,6.7,718229,641680,663993,543760,673962,677649,543257,665750,666969,53.81,0.271,0.26,0.0,1.0,0.0,0.0,2.0,53,6,Sinker,2,4,2,4,4,2,2,4,Infield shade,Standard,211.0,-0.018,-0.336,,,0.283,0.336,100.8,-2,-2,0.203,0.203,28,26,29,27,3,2,5.0,2.0,6.0,3.0,1.76,1.26,-1.26,43.3,,,,,
CH,2023-05-10,87.9,-2.62,5.52,"Raleigh, Cal",663728,641540,field_out,hit_into_play,,,,,11.0,Cal Raleigh lines out to second baseman Marcus Semien.,R,L,R,SEA,TEX,X,4.0,line_drive,0,2,2023,-1.53,0.45,-0.86,2.8,,,,2,4,Bot,163.35,141.5,,,,,7.466712177175586,-127.81172528096518,-1.463122235578037,-18.2818052604344,24.28756113173692,-27.089267461773808,3.44,1.64,174.0,84.0,13.0,88.7,1919.0,6.6,718229,641680,663993,543760,673962,677649,543257,665750,666969,53.87,0.784,0.74,0.0,1.0,0.0,0.0,4.0,34,3,Changeup,1,3,1,3,3,1,1,3,Infield shade,Standard,245.0,-0.008,-0.169,,,0.894,0.169,88.0,-2,-2,0.257,0.257,28,26,29,27,2,1,5.0,2.0,6.0,3.0,2.48,1.53,-1.53,40.4,,,,,
SI,2023-05-10,90.8,-2.47,5.62,"Raleigh, Cal",663728,641540,single,hit_into_play,,,,,2.0,Cal Raleigh singles on a ground ball to first baseman Nathaniel Lowe.,R,L,R,SEA,TEX,X,3.0,ground_ball,0,2,2023,-0.73,0.4,0.03,3.02,,,,0,2,Bot,143.64,168.74,,,,,7.842139070429894,-132.25556092827534,-1.5668649818241505,-10.089779951011849,23.66415479300563,-27.32569621668017,3.44,1.64,2.0,67.4,-58.0,91.7,2078.0,6.4,718229,641680,663993,543760,673962,677649,543257,665750,666969,54.08,0.25,0.239,0.9,1.0,1.0,0.0,2.0,14,3,Sinker,1,0,1,0,0,1,1,0,Infield shade,Standard,198.0,0.038,0.528,,,0.25,-0.528,88.0,1,1,0.649,0.649,28,26,29,27,1,0,5.0,2.0,6.0,3.0,2.32,0.73,-0.73,40.0,,,,,
FF,2023-05-08,94.7,-2.06,5.38,"Raleigh, Cal",663728,592351,field_out,hit_into_play,,,,,1.0,"Cal Raleigh grounds out, shortstop Ezequiel Duran to first baseman Nathaniel Lowe.",R,L,R,SEA,TEX,X,6.0,ground_ball,2,0,2023,-1.06,1.19,-0.42,2.92,,,,0,7,Bot,121.09,145.5,,,,,6.691496500711521,-137.7653894293137,-3.424617353777105,-15.024598556368243,30.781507587447667,-16.45972780025472,3.45,1.64,11.0,102.3,-14.0,95.1,2195.0,6.5,718251,506702,663993,543760,673962,677649,543257,665750,666969,53.96,0.208,0.2,0.0,1.0,0.0,0.0,2.0,48,3,4-Seam Fastball,1,2,1,2,2,1,1,2,Infield shade,Standard,227.0,-0.071,-0.377,,,0.208,0.377,102.3,-1,-1,0.387,0.387,31,26,32,27,3,2,6.0,1.0,5.0,2.0,1.35,1.06,-1.06,28.1,,,,,
FF,2023-05-08,94.2,-1.96,5.29,"Raleigh, Cal",663728,592351,field_out,hit_into_play,,,,,5.0,"Cal Raleigh grounds out, third baseman Josh Jung to first baseman Nathaniel Lowe.",R,L,R,SEA,TEX,X,5.0,ground_ball,1,1,2023,-0.93,1.15,-0.09,2.35,,,,0,2,Bot,110.1,154.8,,,,,6.986349106669652,-137.05046478122352,-4.589402154825957,-13.127676398015067,26.45428713422882,-16.849327925378823,3.45,1.64,9.0,90.5,-13.0,95.5,1974.0,6.8,718251,506702,663993,543760,673962,677649,543257,665750,666969,53.74,0.158,0.143,0.0,1.0,0.0,0.0,2.0,11,3,4-Seam Fastball,1,0,1,0,0,1,1,0,Infield shade,Standard,225.0,-0.019,-0.254,,,0.197,0.254,90.5,1,1,0.655,0.655,31,26,32,27,1,0,6.0,1.0,5.0,2.0,1.4,0.93,-0.93,31.9,,,,,
CH,2023-05-07,87.3,-1.38,6.04,"Raleigh, Cal",663728,656232,field_out,hit_into_play,,,,,4.0,Cal Raleigh pops out to first baseman Jose Abreu in foul territory.,R,L,R,SEA,HOU,X,3.0,popup,2,0,2023,-1.24,0.46,-0.53,2.59,672284.0,,553993.0,1,5,Bot,143.91,196.7,,,,,4.527467779694646,-127.11527575868725,-3.1424403069867752,-14.328188761659336,24.05659465578333,-26.735112396265404,3.46,1.64,29.0,78.9,79.0,86.8,1961.0,5.8,718265,455117,547989,643289,608324,665161,667452,676694,663656,54.73,0.003,0.003,0.0,1.0,0.0,0.0,3.0,40,3,Changeup,2,0,2,0,0,2,2,0,Standard,Standard,232.0,-0.049,-0.244,,,0.003,0.244,88.0,2,2,0.861,0.861,27,26,27,27,3,2,6.0,1.0,6.0,1.0,2.51,1.24,-1.24,42.8,,,,,
FF,2023-05-07,92.9,-1.12,6.31,"Raleigh, Cal",663728,656232,field_error,hit_into_play,,,,,2.0,Cal Raleigh reaches on a fielding error by first baseman Jose Abreu. Eugenio Suarez scores. Cal Raleigh to 2nd.,R,L,R,SEA,HOU,X,3.0,ground_ball,0,1,2023,-0.69,1.27,0.18,3.28,,553993.0,,2,3,Bot,156.58,170.34,,,,,4.764941636187118,-135.2330670509621,-4.778585632788147,-9.420595964186605,26.07910435106192,-15.711943950998952,3.46,1.64,37.0,103.2,-2.0,92.3,2546.0,5.6,718265,455117,547989,643289,608324,665161,667452,676694,663656,54.85,0.463,0.427,0.9,1.0,0.0,0.0,4.0,25,2,4-Seam Fastball,1,0,1,0,0,2,2,0,Standard,Standard,205.0,0.104,0.51,,,0.51,-0.51,103.2,1,1,0.65,0.65,27,26,27,27,2,1,6.0,1.0,6.0,1.0,1.34,0.69,-0.69,55.4,,,,,
FF,2023-05-07,91.6,-1.19,6.4,"Raleigh, Cal",663728,656232,field_out,hit_into_play,,,,,3.0,Cal Raleigh grounds out to first baseman Jose Abreu.,R,L,R,SEA,HOU,X,3.0,ground_ball,0,0,2023,-0.48,1.02,0.51,3.16,,,,0,2,Bot,156.3,172.12,,,,,5.249846329880521,-133.3601370147293,-4.548515886277796,-6.722036347384301,24.533121615378853,-19.216078236201767,3.46,1.64,6.0,81.3,-28.0,91.1,2331.0,5.6,718265,455117,547989,643289,608324,665161,667452,676694,663656,54.89,0.047,0.042,0.0,1.0,0.0,0.0,2.0,12,1,4-Seam Fastball,0,0,0,0,0,0,0,0,Infield shade,Standard,205.0,-0.023,-0.265,,,0.05,0.265,88.0,0,0,0.551,0.551,27,26,27,27,1,0,6.0,1.0,6.0,1.0,1.66,0.48,-0.48,55.5,,,,,
CU,2023-05-07,73.1,-1.4,5.34,"Raleigh, Cal",663728,664208,field_out,hit_into_play,,,,,7.0,Cal Raleigh flies out to right fielder Kyle Tucker.,R,L,R,SEA,HOU,X,9.0,fly_ball,2,1,2023,1.55,-0.89,-0.6,1.83,,,,0,7,Bot,160.51,118.05,,,,,-1.0891978143665644,-106.29129897352378,1.9448148691129787,11.870695445207645,20.43143319999966,-39.503074996417794,3.46,1.64,221.0,72.6,45.0,73.4,3068.0,6.8,718265,455117,547989,643289,608324,665161,667452,676694,663656,53.66,0.184,0.174,0.0,1.0,0.0,0.0,3.0,58,4,Curveball,3,1,3,1,1,3,3,1,Infield shade,Standard,50.0,-0.013,-0.313,,,0.219,0.313,88.0,2,2,0.889,0.889,30,26,30,27,1,3,1.0,1.0,6.0,1.0,5.21,-1.55,1.55,27.8,,,,,
FF,2023-05-06,91.7,-1.63,5.36,"Raleigh, Cal",663728,641585,field_out,hit_into_play,,,,,5.0,"Cal Raleigh grounds out, first baseman David Hensley to pitcher J.  P. France.",R,L,R,SEA,HOU,X,3.0,ground_ball,3,1,2023,0.1,1.26,-0.01,2.85,,,,0,4,Bot,150.5,163.75,,,,,3.9147413527021326,-133.55249595099028,-3.26149977619787,0.4474941713945644,26.597937478144992,-16.55776388513649,3.48,1.65,6.0,89.4,-27.0,92.5,2310.0,6.6,718274,673237,682073,643289,608324,665161,670541,676694,663656,53.94,0.079,0.066,0.0,1.0,0.0,0.0,2.0,30,5,4-Seam Fastball,0,2,0,2,2,0,0,2,Infield shade,Standard,194.0,-0.048,-0.442,,,0.092,0.442,89.4,-2,-2,0.33,0.33,28,26,28,27,2,1,,1.0,6.0,1.0,1.43,-0.1,0.1,45.1,,,,,
CH,2023-05-06,91.7,-1.65,4.58,"Raleigh, Cal",663728,606160,single,hit_into_play,,,,,13.0,"Cal Raleigh singles on a ground ball to third baseman Alex Bregman, deflected by shortstop Jeremy Pena.   Eugenio Suarez to 2nd.",R,L,R,SEA,HOU,X,6.0,ground_ball,2,2,2023,-1.38,0.55,-0.71,1.22,,,553993.0,2,8,Bot,122.28,177.71,,,,,5.365642911386737,-133.4304835799445,-3.8159241009177416,-17.669416212758165,28.48026198134136,-25.03407308977157,3.48,1.65,1.0,60.2,-44.0,91.9,2091.0,6.4,718274,673237,682073,643289,608324,665161,670541,676694,663656,54.09,0.168,0.156,0.9,1.0,1.0,0.0,2.0,63,5,Changeup,0,3,0,3,3,0,0,3,Infield shade,Standard,229.0,0.033,0.414,,,0.168,-0.414,88.0,-3,-3,0.054,0.054,32,26,33,27,1,3,5.0,1.0,2.0,1.0,2.16,1.38,-1.38,26.4,,,,,
FC,2023-05-06,90.5,-1.19,5.36,"Raleigh, Cal",663728,664208,single,hit_into_play,,,,,6.0,Cal Raleigh singles on a sharp line drive to right fielder Kyle Tucker.,R,L,R,SEA,HOU,X,9.0,line_drive,0,1,2023,0.14,1.18,0.61,2.42,,,,2,6,Bot,192.49,89.57,,,,,4.2743960358286,-131.7731471602798,-4.070790897658031,0.8052416261472767,25.342194489102457,-17.689809169935465,3.48,1.65,268.0,103.2,17.0,92.6,2552.0,7.3,718274,673237,682073,643289,608324,665161,670541,676694,663656,53.23,0.437,0.48,0.9,1.0,1.0,0.0,5.0,48,2,Cutter,0,3,0,3,3,0,0,3,Infield shade,Standard,192.0,0.016,0.388,,,0.754,-0.388,103.2,-3,-3,0.115,0.115,30,26,30,27,1,2,3.0,1.0,1.0,1.0,1.57,-0.14,0.14,35.1,,,,,
FF,2023-05-05,93.4,-1.96,5.59,"Raleigh, Cal",663728,664299,field_out,hit_into_play,,,,,11.0,Cal Raleigh pops out to shortstop Jeremy Pena.,R,L,R,SEA,HOU,X,6.0,popup,2,2,2023,-0.37,1.61,-0.57,3.88,,,,2,6,Bot,103.86,139.92,,,,,4.387064908904333,-136.02336281589956,-2.2066297397968184,-5.522291345519377,29.21648842793948,-11.824624448756047,3.53,1.65,167.0,82.2,61.0,93.2,2275.0,6.0,718297,455117,547989,643289,608324,665161,667452,676694,663656,54.45,0.011,0.01,0.0,1.0,0.0,0.0,3.0,46,5,4-Seam Fastball,3,4,3,4,4,3,3,4,Standard,Standard,199.0,-0.017,-0.233,,,0.017,0.233,88.0,-1,-1,0.325,0.325,26,26,26,27,3,2,6.0,1.0,5.0,1.0,0.99,0.37,-0.37,38.5,,,,,
FF,2023-05-05,93.2,-2.01,5.67,"Raleigh, Cal",663728,664299,single,hit_into_play,,,,,5.0,Cal Raleigh singles on a sharp ground ball to right fielder Kyle Tucker.,R,L,R,SEA,HOU,X,9.0,ground_ball,0,0,2023,-0.59,1.59,0.11,2.71,,,,0,5,Bot,173.31,107.98,,,,,6.697106588213999,-135.5014727313938,-5.319719499605072,-8.665584567730292,28.358696145796007,-11.547636914555545,3.53,1.65,58.0,103.0,2.0,92.8,2123.0,6.0,718297,455117,547989,643289,608324,665161,667452,676694,663656,54.52,0.534,0.501,0.9,1.0,1.0,0.0,4.0,34,1,4-Seam Fastball,0,4,0,4,4,0,0,4,Standard,Standard,204.0,0.035,0.432,,,0.613,-0.432,103.0,-4,-4,0.122,0.122,26,26,26,27,2,1,6.0,1.0,5.0,1.0,1.03,0.59,-0.59,36.5,,,,,
SL,2023-05-04,88.5,-0.66,5.86,"Raleigh, Cal",663728,643493,field_out,hit_into_play,,,,,12.0,Cal Raleigh pops out softly to third baseman Jace Peterson.,R,L,R,ATH,SEA,X,5.0,popup,2,2,2023,0.37,0.36,0.79,3.72,,,553993.0,1,5,Top,126.86,165.32,,,,,2.7321284804960646,-128.93516782457277,0.0661944568809104,3.5822188145251403,26.58330120775044,-28.36664938985403,3.53,1.65,93.0,57.4,66.0,87.7,2516.0,5.7,718304,542208,542583,643393,607054,669397,667670,665923,668709,54.83,0.003,0.002,0.0,1.0,0.0,0.0,1.0,40,6,Slider,3,5,5,3,5,3,5,3,Infield shade,Standard,148.0,0.021,-0.232,,,0.003,0.232,88.0,-2,2,0.249,0.751,33,26,34,27,1,2,,1.0,1.0,1.0,2.54,-0.37,0.37,57.5,,,,,
SL,2023-05-04,84.7,-2.71,5.59,"Raleigh, Cal",663728,607968,field_out,hit_into_play,,,,,6.0,Cal Raleigh pops out to shortstop Nick Allen.,R,L,R,ATH,SEA,X,6.0,popup,0,0,2023,0.39,0.52,0.83,2.94,,,553993.0,0,2,Top,130.54,121.79,,,,,7.512710430861857,-123.15635575057814,-0.8624046711788025,2.489561622361453,24.836084866855384,-26.950568622138512,3.53,1.65,197.0,62.5,31.0,85.2,2094.0,6.7,718304,542208,542583,643393,607054,669397,667670,665923,668709,53.84,0.679,0.611,0.0,1.0,0.0,0.0,4.0,8,1,Slider,0,0,0,0,0,0,0,0,Infield shade,Standard,145.0,0.035,-0.241,,,0.703,0.241,88.0,0,0,0.462,0.538,34,26,35,27,1,0,6.0,1.0,5.0,1.0,2.67,-0.39,0.39,36.1,,,,,
FF,2023-05-04,91.7,-1.64,4.97,"Raleigh, Cal",663728,607359,field_out,hit_into_play,,,,,2.0,Cal Raleigh flies out sharply to center fielder Esteury Ruiz.,R,L,R,ATH,SEA,X,8.0,fly_ball,2,2,2023,-0.43,1.03,0.11,3.1,,,,1,7,Top,117.71,37.42,,,,,5.353584528851187,-133.57097937871805,-1.168026099170688,-6.2130619411107135,25.652962794454204,-19.713732040114245,3.53,1.65,399.0,103.6,32.0,92.4,2011.0,6.4,718304,542208,542583,643393,607054,669397,667670,665923,668709,54.07,0.6966981132075469,1.3822264150943395,0.0,1.0,0.0,0.0,6.0,57,8,4-Seam Fastball,3,5,5,3,5,3,5,3,Infield shade,Standard,206.0,0.01,-0.234,,,2.755320754716981,0.234,103.6,-2,2,0.202,0.798,35,26,35,27,1,3,,1.0,1.0,1.0,1.65,0.43,-0.43,31.7,,,,,
FF,2023-05-03,92.9,-1.03,6.92,"Raleigh, Cal",663728,667427,field_out,hit_into_play,,,,,11.0,Cal Raleigh flies out to right fielder Ramon Laureano.,R,L,R,ATH,SEA,X,9.0,fly_ball,1,1,2023,-0.48,1.79,-0.21,3.96,,,,0,9,Top,151.86,104.45,,,,,3.0753380324382196,-135.19408330325825,-5.557482377898583,-6.516333212512468,31.139975988062805,-9.3068298218468,3.54,1.69,246.0,95.9,54.0,90.8,2248.0,5.1,718319,669127,542583,643393,607054,669397,668709,665923,657656,55.38,0.011,0.011,0.0,1.0,0.0,0.0,3.0,63,3,4-Seam Fastball,2,1,1,2,1,2,1,2,Infield shade,Standard,198.0,0.069,-0.254,,,0.017,0.254,95.9,1,-1,0.839,0.161,28,26,29,27,1,1,3.0,1.0,2.0,1.0,0.87,0.48,-0.48,55.5,,,,,
CH,2023-05-03,87.2,-2.15,5.89,"Raleigh, Cal",663728,642758,field_out,hit_into_play,,,,,13.0,Cal Raleigh flies out to center fielder Esteury Ruiz.,R,L,R,ATH,SEA,X,8.0,fly_ball,0,1,2023,-1.53,0.44,-0.92,2.25,,,,0,7,Top,109.63,59.09,,,,,6.009931008425084,-126.8884594280968,-3.494419953181256,-17.74011186447406,23.34184760790079,-26.957807176896136,3.54,1.69,349.0,95.9,34.0,86.4,1825.0,5.6,718319,669127,676116,643393,607054,669397,668709,665923,657656,54.92,0.211,0.4126666666666667,0.0,1.0,0.0,0.0,3.0,46,2,Changeup,2,0,0,2,0,2,0,2,Standard,Standard,261.0,0.029,-0.223,,,0.8133333333333334,0.223,95.9,2,-2,0.82,0.18,29,26,29,27,1,0,3.0,1.0,,1.0,2.54,1.53,-1.53,29.0,,,,,
SL,2023-05-02,84.3,-2.37,6.22,"Raleigh, Cal",663728,695243,field_out,hit_into_play,,,,,7.0,Cal Raleigh flies out to right fielder Ramon Laureano.,R,L,R,ATH,SEA,X,9.0,fly_ball,1,1,2023,0.84,-0.05,-0.33,1.98,,,,1,7,Top,192.04,94.62,,,,,3.0995354513680304,-122.7420454886862,-3.345478590857958,7.7438998457940365,26.31761958296138,-32.16719198365176,3.49,1.67,305.0,83.5,29.0,84.6,2356.0,6.6,718332,669127,676116,643393,607054,669397,668843,665923,657656,53.87,0.063,0.068,0.0,1.0,0.0,0.0,3.0,43,3,Slider,1,0,0,1,0,1,0,1,Standard,Standard,53.0,0.03,-0.257,,,0.109,0.257,88.0,1,-1,0.738,0.262,24,26,25,27,3,2,7.0,2.0,5.0,1.0,3.27,-0.84,0.84,34.5,,,,,
SI,2023-04-30,94.1,-1.17,5.98,"Raleigh, Cal",663728,542914,home_run,hit_into_play,,,,,8.0,Cal Raleigh homers (4) on a line drive to right center field. Jarred Kelenic scores.,R,L,R,TOR,SEA,X,,line_drive,2,1,2023,-1.22,1.13,0.03,2.15,,,672284.0,1,8,Top,181.33,42.73,,,,,5.853289752793454,-136.845040364027,-6.76071922620621,-16.66434394114806,29.01530296753167,-16.698394704751333,3.47,1.67,409.0,105.0,23.0,94.7,1921.0,6.6,718363,672386,665489,669289,656305,666182,593160,662139,543807,53.93,0.731225352112676,1.3556197183098586,2.0,1.0,0.0,3.0,6.0,67,4,Sinker,8,5,5,8,7,8,7,8,Standard,Standard,207.0,-0.121,1.42,,,2.633028169014086,-1.42,105.0,3,-3,0.92,0.0799999999999999,35,26,36,27,1,3,5.0,1.0,3.0,2.0,1.44,1.22,-1.22,56.3,,,,,
CH,2023-04-30,83.7,-2.37,6.29,"Raleigh, Cal",663728,670950,field_out,hit_into_play,,,,,4.0,Cal Raleigh flies out to right fielder George Springer.,R,L,R,TOR,SEA,X,9.0,fly_ball,3,2,2023,-1.47,0.3,-0.75,2.32,,,,0,6,Top,160.92,97.91,,,,,6.646071851168607,-121.73956079464632,-3.345491572325288,-15.948502907173635,23.20877227379764,-28.77892248442025,3.47,1.67,267.0,85.2,46.0,83.7,2767.0,6.2,718363,672386,665489,669289,656305,666182,593160,662139,543807,54.25,0.011,0.01,0.0,1.0,0.0,0.0,3.0,48,6,Changeup,8,4,4,8,4,8,4,8,Strategic,Standard,239.0,0.022,-0.353,,,0.013,0.353,88.0,4,-4,0.913,0.0869999999999999,30,26,30,27,1,2,4.0,1.0,3.0,2.0,2.95,1.47,-1.47,52.3,,,,,
SL,2023-04-30,84.9,-2.79,5.47,"Raleigh, Cal",663728,647315,home_run,hit_into_play,,,,,8.0,Cal Raleigh homers (5) on a fly ball to right field. Eugenio Suarez scores.,R,L,R,TOR,SEA,X,,fly_ball,1,0,2023,0.32,-0.36,-0.06,1.79,,553993.0,,1,10,Top,217.43,60.79,,,,,5.7275357171125565,-123.51787618994383,-1.4875149439482511,1.989046659627676,27.636529495536468,-35.77224134850781,3.47,1.67,408.0,106.2,28.0,84.1,2399.0,6.1,718363,672386,665489,669289,656305,666182,662139,595281,543807,54.43,0.9077234042553192,1.805446808510638,2.0,1.0,0.0,3.0,6.0,84,2,Slider,8,8,8,8,10,8,10,8,Standard,Standard,80.0,-0.416,1.256,,,3.597234042553192,-1.256,106.2,0,0,0.605,0.395,26,26,27,27,1,4,1.0,1.0,2.0,2.0,3.56,-0.32,0.32,27.5,,,,,
CH,2023-04-28,85.5,-2.87,5.63,"Raleigh, Cal",663728,666201,field_out,hit_into_play,,,,,4.0,Cal Raleigh grounds out to first baseman Vladimir Guerrero Jr.,R,L,R,TOR,SEA,X,3.0,ground_ball,3,1,2023,-1.42,0.93,-0.32,2.27,,672284.0,,2,5,Top,125.43,184.81,,,,,8.97776551219674,-124.14118107214443,-3.4163060023843133,-16.60535760143771,28.170010074946937,-22.10152018774015,3.44,1.67,77.0,106.1,2.0,85.9,2021.0,7.0,718392,672386,665489,593160,656305,666182,662139,595281,543807,53.55,0.547,0.502,0.0,1.0,0.0,0.0,4.0,43,5,Changeup,2,2,2,2,2,2,2,2,Standard,Standard,235.0,0.051,-0.358,,,0.605,0.358,106.1,0,0,0.516,0.484,25,26,25,27,3,2,6.0,2.0,5.0,1.0,2.24,1.42,-1.42,40.2,,,,,
CH,2023-04-28,86.8,-2.81,5.72,"Raleigh, Cal",663728,666201,single,hit_into_play,,,,,13.0,Cal Raleigh singles on a ground ball to right fielder George Springer.   Jarred Kelenic scores.    Eugenio Suarez to 2nd.,R,L,R,TOR,SEA,X,9.0,ground_ball,0,0,2023,-1.55,0.72,-0.84,1.93,,672284.0,553993.0,1,3,Top,164.6,141.52,,,,,7.966555390259099,-126.06046318755205,-4.348029764591989,-18.168357854251624,26.83662884107591,-23.811499655690803,3.44,1.67,99.0,92.1,7.0,87.4,2097.0,6.9,718392,672386,665489,593160,656305,666182,662139,595281,543807,53.62,0.508,0.457,0.9,1.0,1.0,0.0,4.0,24,1,Changeup,1,1,1,1,2,1,2,1,Standard,Standard,230.0,-0.105,0.485,,,0.551,-0.485,92.1,0,0,0.455,0.5449999999999999,25,26,25,27,2,1,6.0,2.0,5.0,1.0,2.33,1.55,-1.55,38.2,,,,,
SL,2023-04-28,81.6,-3.11,5.71,"Raleigh, Cal",663728,666201,home_run,hit_into_play,,,,,14.0,Cal Raleigh homers (3) on a fly ball to right field.,R,L,R,TOR,SEA,X,,fly_ball,3,2,2023,1.11,0.03,0.06,1.39,,,,0,2,Top,230.21,93.02,,,,,4.9921822421419115,-118.66480466599371,-3.1257510287771875,9.384011823153427,24.83765963852342,-31.45239306076332,3.44,1.67,365.0,102.5,33.0,81.3,2212.0,6.3,718392,672386,665489,593160,656305,666182,662139,595281,543807,54.16,0.5876538461538463,1.1700769230769237,2.0,1.0,0.0,3.0,6.0,9,8,Slider,0,0,0,0,1,0,1,0,Strategic,Standard,59.0,-0.097,1.027,,,2.3247307692307695,-1.027,102.5,0,0,0.494,0.506,25,26,25,27,1,0,6.0,2.0,5.0,1.0,3.42,-1.11,1.11,33.4,,,,,
FF,2023-04-26,92.1,-2.11,6.59,"Raleigh, Cal",663728,592836,field_out,hit_into_play,,,,,2.0,Cal Raleigh lines out to left fielder Kyle Schwarber.,R,L,R,PHI,SEA,X,7.0,line_drive,2,1,2023,-0.49,1.37,-0.25,3.17,,,606192.0,2,3,Top,71.28,83.73,,,,,5.7215113586420445,-133.89287478267568,-5.775444482525186,-7.1005723746635985,28.89209683477257,-14.57733397646292,3.5,1.69,311.0,92.8,24.0,91.3,2211.0,5.9,718415,592663,664761,681082,624641,607208,656941,669016,595909,54.62,0.168,0.211,0.0,1.0,0.0,0.0,3.0,23,4,4-Seam Fastball,2,5,5,2,5,2,5,2,Infield shade,Standard,217.0,0.015,-0.302,,,0.335,0.302,92.8,-3,3,0.221,0.779,30,26,31,27,2,1,7.0,1.0,5.0,2.0,1.32,0.49,-0.49,40.8,,,,,
CH,2023-04-26,86.0,-2.8,5.84,"Raleigh, Cal",663728,656814,field_out,hit_into_play,,,,,13.0,Cal Raleigh pops out to third baseman Edmundo Sosa.,R,L,R,PHI,SEA,X,5.0,popup,0,2,2023,-1.63,0.34,-1.6,2.03,,,,0,6,Top,82.58,152.25,,,,,6.1432309425781515,-125.03665421957588,-3.4686535013720188,-18.39022345347954,25.488139944746845,-28.07721511712638,3.5,1.69,160.0,64.2,55.0,85.8,1678.0,6.2,718415,592663,664761,681082,624641,607208,656941,669016,595909,54.27,0.021,0.019,0.0,1.0,0.0,0.0,3.0,47,4,Changeup,4,5,5,4,5,4,5,4,Infield shade,Standard,240.0,0.016,-0.169,,,0.021,0.169,88.0,-1,1,0.349,0.651,27,26,28,27,1,2,3.0,1.0,4.0,2.0,2.75,1.63,-1.63,30.3,,,,,
FF,2023-04-25,89.8,1.13,5.88,"Raleigh, Cal",663728,663559,field_out,hit_into_play,,,,,5.0,"Cal Raleigh grounds out, shortstop Trea Turner to first baseman Alec Bohm.",R,R,L,PHI,SEA,X,6.0,ground_ball,1,1,2023,0.03,1.55,-0.16,2.84,,672284.0,,2,2,Top,108.72,149.39,,,,,-3.335680256289887,-130.68539146504358,-4.929421571282486,1.0570893375158712,28.610727001909087,-13.599536991637938,3.5,1.69,14.0,99.7,-11.0,91.7,2073.0,7.5,718430,592663,664761,681082,624641,607208,665506,669016,592206,52.98,0.239,0.21,0.0,1.0,0.0,0.0,2.0,10,3,4-Seam Fastball,0,0,0,0,0,0,0,0,Infield shade,Standard,170.0,0.032,-0.268,,,0.258,0.268,99.7,0,0,0.519,0.481,26,26,26,27,1,0,7.0,2.0,5.0,1.0,1.29,0.03,-0.03,56.6,,,,,
CH,2023-04-25,82.4,-2.74,5.78,"Raleigh, Cal",663728,641401,triple,hit_into_play,,,,,5.0,"Umpire reviewed (home run), call on the field was upheld: Cal Raleigh triples (1) on a fly ball to second baseman Bryson Stott.",R,L,R,PHI,SEA,X,4.0,fly_ball,1,2,2023,-1.37,1.01,-0.24,2.47,,,,0,7,Top,190.0,124.96,,,,,8.462000677918043,-119.74535783638687,-2.962646982648086,-14.824224062548977,23.46320236164845,-22.067340492592876,3.5,1.69,333.0,99.3,42.0,83.5,1875.0,7.1,718430,592663,664761,681082,624641,607208,665506,669016,592206,53.4,0.071,0.118,1.6,1.0,1.0,2.0,3.0,50,6,Changeup,2,4,4,2,4,2,4,2,Infield shade,Standard,251.0,-0.068,1.064,,,0.23,-1.064,99.3,-2,2,0.189,0.8109999999999999,28,26,28,27,1,2,3.0,2.0,2.0,1.0,2.36,1.37,-1.37,33.7,,,,,
SI,2023-04-22,89.2,-2.09,6.34,"Raleigh, Cal",663728,571945,single,hit_into_play,,,,,7.0,Cal Raleigh singles on a line drive to right fielder Lars Nootbaar.,R,L,R,SEA,STL,X,9.0,line_drive,3,2,2023,-1.32,0.77,-0.35,1.91,,,,1,6,Bot,192.85,123.13,,,,,7.109081177843279,-129.57007830499862,-6.483693668948285,-16.41216502069357,27.647854014736183,-22.356770200437772,3.51,1.7,174.0,91.0,12.0,89.5,1988.0,6.6,718464,575929,502671,669357,571448,669242,641933,666185,663457,53.87,0.871,0.813,0.9,1.0,1.0,0.0,4.0,49,8,Sinker,1,3,1,3,3,1,1,3,Strategic,Standard,213.0,0.035,0.355,,,0.973,-0.355,91.0,-2,-2,0.231,0.231,34,26,35,27,3,2,6.0,3.0,5.0,1.0,2.11,1.32,-1.32,43.3,,,,,
SI,2023-04-22,94.2,-2.0,6.58,"Raleigh, Cal",663728,571945,field_out,hit_into_play,,,,,2.0,Cal Raleigh flies out to left fielder Tyler O'Neill.,R,L,R,SEA,STL,X,7.0,fly_ball,0,0,2023,-1.18,1.04,-0.15,2.95,,,,2,3,Bot,55.62,131.47,,,,,7.428612020620777,-136.85406315586496,-6.040581749715962,-16.49513612523292,29.777205149494616,-17.883866207490495,3.51,1.7,242.0,90.3,55.0,94.3,2114.0,6.4,718464,575929,502671,669357,571448,669242,641933,666185,663457,54.1,0.016,0.02,0.0,1.0,0.0,0.0,3.0,29,1,Sinker,1,3,1,3,3,1,1,3,Infield shade,Standard,216.0,-0.011,-0.275,,,0.028,0.275,90.3,-2,-2,0.282,0.282,34,26,35,27,2,1,6.0,3.0,5.0,1.0,1.53,1.18,-1.18,44.4,,,,,
SI,2023-04-22,93.0,-2.04,6.47,"Raleigh, Cal",663728,571945,field_out,hit_into_play,,,,,11.0,"Cal Raleigh grounds out, shortstop Tommy Edman to first baseman Paul Goldschmidt.",R,L,R,SEA,STL,X,6.0,ground_ball,1,1,2023,-1.02,0.95,-1.07,3.09,,,664034.0,2,1,Bot,119.57,142.96,,,,,4.745690158793878,-135.4518821234797,-4.997800415139475,-13.629159295518186,27.84653193247584,-19.64118630738458,3.51,1.7,16.0,99.5,-10.0,93.4,2158.0,6.4,718464,575929,502671,669357,571448,669242,641933,666185,663457,54.15,0.247,0.218,0.0,1.0,0.0,0.0,2.0,11,3,Sinker,0,1,0,1,1,0,0,1,Infield shade,Standard,210.0,-0.022,-0.266,,,0.283,0.266,99.5,-1,-1,0.419,0.419,34,26,35,27,1,0,6.0,3.0,5.0,1.0,1.67,1.02,-1.02,46.8,,,,,
FS,2023-04-18,85.6,-2.11,5.67,"Raleigh, Cal",663728,607067,field_out,hit_into_play,,,,,1.0,Cal Raleigh flies out to second baseman Brice Turang.,R,L,R,SEA,MIL,X,4.0,fly_ball,0,0,2023,-1.14,0.97,-0.81,2.96,,,,1,5,Bot,157.15,116.01,,,,,5.417368641214324,-124.55681186368736,-2.094353577851204,-13.00316886470124,24.701930583363108,-21.820725358670114,3.48,1.68,222.0,74.3,46.0,86.3,1563.0,6.7,718517,605170,642133,668930,605119,642715,592885,669003,680911,53.82,0.134,0.123,0.0,1.0,0.0,0.0,3.0,41,1,Split-Finger,4,3,4,3,3,4,4,3,Infield shade,Standard,230.0,-0.016,-0.267,,,0.157,0.267,88.0,1,1,0.687,0.687,32,26,33,27,3,2,5.0,1.0,6.0,1.0,2.13,1.14,-1.14,40.0,,,,,
FS,2023-04-18,85.5,-2.06,5.8,"Raleigh, Cal",663728,607067,double,hit_into_play,,,,,5.0,Cal Raleigh doubles (5) on a sharp line drive to right fielder Owen Miller.   Julio Rodriguez scores.    Ty France scores.    Eugenio Suarez to 3rd.,R,L,R,SEA,MIL,X,9.0,line_drive,0,2,2023,-1.22,0.72,0.01,2.74,677594.0,664034.0,553993.0,1,3,Bot,188.26,115.3,,,,,7.418154856920705,-124.41217215074732,-2.4551067240226163,-14.14732855612266,22.970935128673396,-24.428304882709288,3.48,1.68,259.0,107.1,16.0,86.6,1525.0,6.8,718517,605170,642133,668930,605119,642715,592885,669003,680911,53.67,0.634,0.748,1.25,1.0,1.0,1.0,5.0,26,3,Split-Finger,0,3,0,3,3,2,2,3,Standard,Standard,234.0,0.221,0.818,,,1.158,-0.818,107.1,-3,-3,0.321,0.321,32,26,33,27,2,1,5.0,1.0,6.0,1.0,2.38,1.22,-1.22,44.8,,,,,
SI,2023-04-18,93.2,-2.84,5.75,"Raleigh, Cal",663728,669060,single,hit_into_play,,,,,13.0,Cal Raleigh singles on a line drive to left fielder Christian Yelich.   Eugenio Suarez to 2nd.,R,L,R,SEA,MIL,X,7.0,line_drive,1,0,2023,-1.47,0.91,-1.23,2.15,,,553993.0,2,10,Bot,74.67,122.57,,,,,7.445323944459348,-135.51653346261202,-5.526099242562373,-19.763662457880095,29.643550421593233,-19.89439922392686,3.48,1.68,187.0,71.2,20.0,93.9,2174.0,6.7,718517,605170,642133,668930,670712,642715,592885,686894,605119,53.76,0.921,0.84,0.9,1.0,1.0,0.0,4.0,76,2,Sinker,5,5,5,5,5,5,5,5,Infield shade,Standard,213.0,0.046,0.338,,,0.972,-0.338,88.0,0,0,0.568,0.568,25,26,26,27,1,4,4.0,1.0,3.0,1.0,1.72,1.47,-1.47,42.9,,,,,
FF,2023-04-18,93.5,-2.07,5.67,"Raleigh, Cal",663728,607067,field_out,hit_into_play,,,,,3.0,"Cal Raleigh grounds out, second baseman Brice Turang to first baseman Rowdy Tellez.",R,L,R,SEA,MIL,X,4.0,ground_ball,1,2,2023,-0.39,1.15,0.5,3.23,,677594.0,,2,1,Bot,140.36,150.57,,,,,7.536054274769575,-136.08483550874115,-3.150505335151007,-6.447605567976979,28.57863187891013,-17.33499618104572,3.48,1.68,78.0,67.2,8.0,94.5,2113.0,6.8,718517,605170,642133,668930,605119,642715,592885,669003,680911,53.73,0.208,0.193,0.0,1.0,0.0,0.0,2.0,8,4,4-Seam Fastball,0,1,0,1,1,0,0,1,Standard,Standard,205.0,-0.025,-0.204,,,0.218,0.204,88.0,-1,-1,0.422,0.422,32,26,33,27,1,0,5.0,1.0,6.0,1.0,1.45,0.39,-0.39,39.2,,,,,
CH,2023-04-17,91.0,-0.84,5.81,"Raleigh, Cal",663728,669203,home_run,hit_into_play,,,,,7.0,Cal Raleigh homers (2) on a fly ball to right center field.,R,L,R,SEA,MIL,X,,fly_ball,1,1,2023,-0.96,0.56,-0.42,2.19,,,,0,2,Bot,186.68,52.21,,,,,3.123882458563589,-132.59297433081244,-4.501041453214262,-11.967225092761542,25.073037034001764,-24.88558799429149,3.48,1.68,392.0,96.6,30.0,92.2,2276.0,6.7,718534,661388,642133,680911,605119,642715,592885,669003,686894,53.83,0.3256086956521739,0.6025652173913043,2.0,1.0,0.0,3.0,5.0,14,3,Changeup,0,3,0,3,3,1,1,3,Infield shade,Standard,215.0,0.089,1.126,,,1.1705652173913046,-1.126,96.6,-3,-3,0.252,0.252,28,26,29,27,1,0,6.0,1.0,6.0,1.0,2.16,0.96,-0.96,41.4,,,,,
ST,2023-04-17,77.8,-2.81,4.83,"Raleigh, Cal",663728,657265,field_out,hit_into_play,,,,,8.0,Cal Raleigh lines out to left fielder Christian Yelich.,R,L,R,SEA,MIL,X,7.0,line_drive,2,2,2023,2.08,0.08,-0.21,1.72,,664034.0,,2,6,Bot,63.98,101.32,,,,,1.7674076559440306,-113.20850275134192,0.16593087074057,17.43044998204147,22.48044646674868,-31.772391782719513,3.48,1.68,287.0,92.4,20.0,78.3,3021.0,6.8,718534,661388,642133,680911,605119,642715,592885,669003,686894,53.66,0.324,0.352,0.0,1.0,0.0,0.0,4.0,48,5,Sweeper,2,4,2,4,4,2,2,4,Standard,Standard,63.0,-0.043,-0.22,,,0.515,0.22,92.4,-2,-2,0.228,0.228,28,26,29,27,1,2,1.0,1.0,2.0,1.0,3.71,-2.08,2.08,21.8,,,,,
FC,2023-04-16,89.6,-2.2,5.81,"Raleigh, Cal",663728,663562,field_out,hit_into_play,,,,,8.0,Cal Raleigh flies out to left fielder Jurickson Profar.,R,L,R,SEA,COL,X,7.0,fly_ball,1,1,2023,-0.28,0.93,0.01,2.12,,,,0,2,Bot,77.59,106.95,,,,,5.973833123331663,-130.51053149433895,-5.108708122530279,-4.342306945577571,23.948944408619266,-20.6405969633931,3.54,1.68,260.0,80.6,31.0,88.9,2148.0,5.5,718545,661531,543068,641857,660707,676701,595777,605612,453568,54.98,0.063,0.064,0.0,1.0,0.0,0.0,3.0,10,3,Cutter,0,0,0,0,0,0,0,0,Infield shade,Standard,221.0,-0.022,-0.254,,,0.105,0.254,88.0,0,0,0.55,0.55,26,26,26,27,1,0,,1.0,5.0,1.0,1.87,0.28,-0.28,30.9,,,,,
SI,2023-04-16,95.3,-3.09,3.95,"Raleigh, Cal",663728,664875,field_out,hit_into_play,,,,,9.0,Cal Raleigh lines out to first baseman C.J. Cron.,R,L,R,SEA,COL,X,3.0,line_drive,2,1,2023,-1.36,-0.13,0.28,1.9,,,,2,8,Bot,158.1,163.75,,,,,11.856272921428356,-138.35485801632896,0.549324983245665,-20.09542407407576,29.46675742990164,-34.24023224178204,3.54,1.68,132.0,106.9,7.0,95.1,2227.0,6.2,718545,553869,543068,641857,660707,676701,595777,605612,453568,54.28,0.674,0.627,0.0,1.0,0.0,0.0,4.0,58,4,Sinker,1,0,1,0,0,1,1,0,Infield shade,Standard,261.0,-0.009,-0.314,,,0.768,0.314,106.9,1,1,0.844,0.844,28,26,29,27,1,3,4.0,1.0,4.0,1.0,2.64,1.36,-1.36,-8.8,,,,,
SI,2023-04-15,93.8,-1.79,5.24,"Raleigh, Cal",663728,663372,single,hit_into_play,,,,,11.0,Cal Raleigh singles on a ground ball to second baseman Ryan McMahon.,R,L,R,SEA,COL,X,4.0,ground_ball,2,1,2023,-1.29,0.64,-0.91,2.78,,,,0,4,Bot,141.88,159.69,,,,,5.159922057639917,-136.5052659447749,-2.080330113897055,-17.26218090445753,28.89250738107659,-23.925985267404418,3.55,1.69,3.0,74.7,-41.0,94.6,2193.0,6.7,718561,553869,543068,641857,660707,678662,595777,602074,592178,53.84,0.105,0.09,0.9,1.0,1.0,0.0,2.0,28,4,Sinker,1,1,1,1,1,1,1,1,Infield shade,Standard,217.0,0.039,0.385,,,0.108,-0.385,88.0,0,0,0.564,0.564,26,26,27,27,2,1,6.0,3.0,5.0,1.0,1.94,1.29,-1.29,39.9,,,,,
CH,2023-04-15,84.8,-1.74,5.3,"Raleigh, Cal",663728,663372,field_out,hit_into_play,,,,,13.0,"Cal Raleigh grounds out, second baseman Ryan McMahon to first baseman C.  J. Cron.",R,L,R,SEA,COL,X,4.0,ground_ball,2,2,2023,-1.1,0.5,-0.99,2.37,,,,0,2,Bot,149.32,149.81,,,,,3.973761411357524,-123.50131754936491,-1.5677736333239456,-12.079878601058065,23.389818383084194,-26.915872805714763,3.55,1.69,141.0,77.1,12.0,85.5,1499.0,6.6,718561,553869,543068,641857,660707,678662,595777,602074,592178,53.91,0.432,0.388,0.0,1.0,0.0,0.0,4.0,12,5,Changeup,0,1,0,1,1,0,0,1,Infield shade,Standard,215.0,-0.023,-0.239,,,0.452,0.239,88.0,-1,-1,0.441,0.441,26,26,27,27,1,0,6.0,3.0,5.0,1.0,2.65,1.1,-1.1,41.3,,,,,
CH,2023-04-15,80.0,3.59,6.25,"Raleigh, Cal",663728,608718,field_out,hit_into_play,,,,,5.0,Cal Raleigh pops out to catcher Elias Diaz in foul territory.,R,R,L,SEA,COL,X,2.0,popup,2,2,2023,0.94,0.9,-0.15,2.36,,,,1,5,Bot,136.4,217.13,,,,,-10.138914821448704,-116.18867248908688,-3.63950130984836,10.328720049157132,19.89434878422962,-23.451128929053056,3.55,1.69,42.0,79.3,88.0,81.1,1570.0,7.0,718561,553869,543068,641857,660707,678662,595777,602074,592178,53.53,0.003,0.003,0.0,1.0,0.0,0.0,3.0,40,6,Changeup,5,1,5,1,1,5,5,1,Standard,Standard,145.0,-0.004,-0.234,,,0.003,0.234,88.0,4,4,0.925,0.925,33,26,34,27,1,2,3.0,3.0,3.0,1.0,2.65,0.94,-0.94,47.1,,,,,
SL,2023-04-12,88.4,-0.97,5.31,"Raleigh, Cal",663728,573186,field_out,hit_into_play,,,,,13.0,Cal Raleigh grounds out to first baseman Eric Hosmer.,R,L,R,CHC,SEA,X,3.0,ground_ball,1,2,2023,0.21,-0.26,-0.19,1.56,,,,2,5,Top,154.0,168.69,,,,,1.47121312654092,-128.89990128204752,-2.5757577365363833,2.0326354029625833,25.2212463589709,-34.78725514128303,3.6,1.71,2.0,68.7,-34.0,87.8,2808.0,5.6,718606,571466,543333,663611,621550,663538,664023,641355,670156,54.86,0.074,0.063,0.0,1.0,0.0,0.0,2.0,36,4,Slider,1,2,2,1,2,1,2,1,Standard,Standard,88.0,0.008,-0.191,,,0.084,0.191,88.0,-1,1,0.407,0.593,32,26,32,27,3,2,5.0,1.0,6.0,3.0,3.15,-0.21,0.21,37.8,,,,,
SL,2023-04-12,88.2,-1.46,5.57,"Raleigh, Cal",663728,502202,field_out,hit_into_play,,,,,14.0,Cal Raleigh grounds out to first baseman Eric Hosmer.,R,L,R,CHC,SEA,X,3.0,ground_ball,1,2,2023,0.69,0.3,0.73,1.5,677594.0,,664034.0,2,7,Top,154.0,173.26,,,,,3.832995976746951,-128.33913000080693,-4.36815005740969,6.849651813212007,27.198619896777124,-28.12974958458369,3.6,1.71,31.0,99.7,-1.0,87.2,2467.0,5.7,718606,571466,543333,663611,621550,663538,664023,641355,670156,54.79,0.416,0.365,0.0,1.0,0.0,0.0,2.0,52,5,Slider,1,3,3,1,3,1,3,1,Infield shade,Standard,159.0,0.027,-0.228,,,0.454,0.228,99.7,-2,2,0.194,0.806,35,26,35,27,1,3,2.0,1.0,2.0,3.0,2.63,-0.69,0.69,35.4,,,,,
FC,2023-04-11,87.7,-2.1,5.91,"Raleigh, Cal",663728,669713,single,hit_into_play,,,,,2.0,Cal Raleigh singles on a line drive to right fielder Nelson Velazquez. Julio Rodriguez scores. Ty France to 3rd.,R,L,R,CHC,SEA,X,9.0,line_drive,3,2,2023,0.49,0.34,0.08,3.32,,677594.0,664034.0,1,2,Top,159.44,104.61,,,,,4.291985936577826,-127.83112570355324,-0.9024204508310372,4.604828533783456,24.19928274221146,-28.49544355371048,3.59,1.71,251.0,89.3,16.0,88.9,2505.0,6.7,718617,543228,641820,663538,621550,621020,664023,641355,676369,53.76,0.958,0.911,0.9,1.0,1.0,0.0,4.0,17,7,Cutter,0,4,4,0,5,0,5,0,Standard,Standard,132.0,-0.05,0.462,,,1.112,-0.462,89.3,-4,4,0.136,0.864,25,26,26,27,2,1,7.0,1.0,6.0,1.0,2.6,-0.49,0.49,46.7,,,,,
SL,2023-04-11,85.2,-1.58,6.08,"Raleigh, Cal",663728,640470,field_out,hit_into_play,,,,,7.0,Cal Raleigh grounds out to first baseman Trey Mancini.,R,L,R,CHC,SEA,X,3.0,ground_ball,1,2,2023,0.6,0.01,-0.73,2.11,,,,2,6,Top,156.82,170.2,,,,,0.8024181535371345,-124.10051024155604,-3.086314546945293,5.9982148391113945,24.48415784604712,-31.624414819324464,3.59,1.71,3.0,72.0,-37.0,85.8,2744.0,6.6,718617,543228,641820,663611,621550,663538,664023,641355,676369,53.94,0.079,0.066,0.0,1.0,0.0,0.0,2.0,64,5,Slider,11,8,8,11,8,11,8,11,Standard,Standard,107.0,0.007,-0.191,,,0.085,0.191,88.0,3,-3,0.904,0.0959999999999999,28,26,28,27,1,3,1.0,1.0,5.0,1.0,3.12,-0.6,0.6,45.3,,,,,
FF,2023-04-11,94.1,-2.64,5.41,"Raleigh, Cal",663728,669713,double,hit_into_play,,,,,4.0,Cal Raleigh doubles (4) on a line drive to center fielder Cody Bellinger.,R,L,R,CHC,SEA,X,8.0,line_drive,1,1,2023,-0.71,0.99,-0.33,2.78,,,,1,1,Top,110.79,81.22,,,,,7.619694909579851,-136.82051902402904,-3.305512515737152,-10.612689564318083,29.607550915742063,-19.22381756055993,3.59,1.71,296.0,92.9,17.0,94.7,2328.0,6.6,718617,543228,641820,663538,621550,621020,664023,641355,676369,53.88,0.671,0.656,1.25,1.0,1.0,1.0,4.0,4,3,4-Seam Fastball,0,2,2,0,2,0,2,0,Infield shade,Standard,235.0,-0.033,0.673,,,0.867,-0.673,92.9,-2,2,0.332,0.6679999999999999,25,26,26,27,1,0,7.0,1.0,6.0,1.0,1.59,0.71,-0.71,32.4,,,,,
FF,2023-04-10,90.6,-1.26,5.78,"Raleigh, Cal",663728,643410,field_out,hit_into_play,,,,,2.0,Cal Raleigh lines out sharply to right fielder Miles Mastrobuoni.,R,L,R,CHC,SEA,X,9.0,line_drive,2,0,2023,-0.64,1.43,-0.01,3.06,,,543939.0,2,7,Top,195.2,90.01,,,,,4.531729239477043,-131.92656691253416,-3.953588665351486,-8.439878149533032,28.481386774399297,-14.81723668411621,3.59,1.71,334.0,108.2,17.0,91.5,2044.0,6.8,718628,543228,641820,663538,621550,621020,664023,641355,670156,53.68,0.5134705882352941,0.7739999999999999,0.0,1.0,0.0,0.0,6.0,50,3,4-Seam Fastball,2,1,1,2,1,2,1,2,Infield shade,Standard,210.0,0.058,-0.353,,,1.3726470588235296,0.353,108.2,1,-1,0.731,0.269,32,26,32,27,1,0,3.0,1.0,1.0,1.0,1.34,0.64,-0.64,49.2,,,,,
FS,2023-04-09,87.4,-1.57,6.0,"Raleigh, Cal",663728,663986,field_out,hit_into_play,,,,,7.0,"Cal Raleigh grounds out, pitcher Trevor Stephan to first baseman Josh Bell.",R,L,R,CLE,SEA,X,1.0,ground_ball,2,2,2023,-0.62,0.51,-0.74,2.19,543939.0,677594.0,664034.0,2,10,Top,134.89,192.81,,,,,3.3052168239754964,-127.31607481404085,-4.147469733748888,-7.411348198568233,24.981696371506477,-25.966772029310405,3.53,1.7,1.0,63.2,-61.0,88.2,1139.0,6.6,718646,650619,605137,665926,608070,642708,680757,664702,686823,53.89,0.213,0.213,0.0,1.0,0.0,0.0,2.0,75,5,Split-Finger,3,3,3,3,3,3,3,3,Infield shade,Strategic,231.0,0.189,-0.226,,,0.213,0.226,88.0,0,0,0.616,0.384,27,26,28,27,1,4,1.0,1.0,3.0,1.0,2.45,0.62,-0.62,40.8,,,,,
CH,2023-04-09,85.1,-0.58,6.05,"Raleigh, Cal",663728,668676,home_run,hit_into_play,,,,,7.0,Cal Raleigh homers (1) on a fly ball to right field.    Ty France scores.,R,L,R,CLE,SEA,X,,fly_ball,1,1,2023,-0.91,1.05,-0.45,1.66,,,664034.0,2,1,Top,213.0,74.41,,,,,2.147699276793608,-123.77142289710372,-6.07627423611895,-9.803150328629942,24.84965320852779,-20.408218593719976,3.53,1.7,375.0,100.0,26.0,85.3,1489.0,6.5,718646,595956,605137,665926,608070,642708,680757,664702,686823,54.05,0.4698387096774193,0.8533225806451613,2.0,1.0,0.0,3.0,6.0,4,3,Changeup,0,0,0,0,2,0,2,0,Infield shade,Standard,222.0,-0.183,2.237,,,1.673322580645161,-2.237,100.0,0,0,0.527,0.473,28,26,28,27,1,0,6.0,1.0,6.0,1.0,2.11,0.91,-0.91,48.0,,,,,
FC,2023-04-09,98.8,-0.7,5.94,"Raleigh, Cal",663728,661403,field_out,hit_into_play,,,,,6.0,"Cal Raleigh grounds out, second baseman Andres Gimenez to first baseman Josh Bell.",R,L,R,CLE,SEA,X,4.0,ground_ball,3,1,2023,0.29,0.83,0.54,2.32,,,,0,9,Top,147.65,150.64,,,,,2.732260671486091,-143.9551355651502,-6.47097769521654,3.5274063054306635,28.757671894628253,-19.34360342414845,3.53,1.7,74.0,87.8,6.0,100.1,2708.0,6.6,718646,650619,605137,665926,608070,642708,680757,664702,686823,53.89,0.455,0.433,0.0,1.0,0.0,0.0,4.0,60,5,Cutter,1,2,2,1,2,1,2,1,Infield shade,Standard,171.0,0.026,-0.442,,,0.531,0.442,88.0,-1,1,0.155,0.845,25,26,25,27,1,3,4.0,1.0,1.0,1.0,1.47,-0.29,0.29,50.6,,,,,
CH,2023-04-08,87.8,-1.31,6.19,"Raleigh, Cal",663728,615698,field_out,hit_into_play,,,,,4.0,"Cal Raleigh grounds out, third baseman Jose Ramirez to first baseman Josh Naylor.",R,L,R,CLE,SEA,X,5.0,ground_ball,1,2,2023,-1.17,1.25,-0.83,2.53,,,553993.0,2,2,Top,101.95,155.48,,,,,3.6211638216331576,-127.6138478063497,-5.276957924208868,-13.468188106776749,29.093740992806417,-17.69247954709391,3.5,1.7,13.0,63.1,-10.0,88.0,1765.0,6.7,718663,572287,647304,665926,608070,642708,680757,664702,660757,53.8,0.076,0.067,0.0,1.0,0.0,0.0,2.0,17,4,Changeup,0,3,3,0,3,0,3,0,Infield shade,Standard,230.0,0.011,-0.207,,,0.089,0.207,88.0,-3,3,0.242,0.758,28,26,28,27,2,1,6.0,1.0,6.0,1.0,1.74,1.17,-1.17,43.5,,,,,
FC,2023-04-07,87.8,-0.85,6.39,"Raleigh, Cal",663728,650644,single,hit_into_play,,,,,5.0,Cal Raleigh singles on a sharp line drive to right fielder Oscar Gonzalez.   Ty France to 3rd.,R,L,R,CLE,SEA,X,9.0,line_drive,0,0,2023,0.23,0.53,0.04,2.8,,,664034.0,2,5,Top,216.64,99.82,,,,,1.6763036876232864,-128.02712242426915,-3.7765723172040966,2.2437474233936903,22.759268967131664,-25.78111909016807,3.49,1.69,330.0,113.3,17.0,88.4,2543.0,6.2,718677,572287,647304,665926,608070,642708,680757,664702,660757,54.26,0.7605999999999999,1.2692,0.9,1.0,1.0,0.0,6.0,41,1,Cutter,3,2,2,3,2,3,2,3,Infield shade,Strategic,164.0,-0.038,0.368,,,2.361,-0.368,113.3,1,-1,0.676,0.3239999999999999,28,26,28,27,3,2,6.0,2.0,56.0,1.0,2.38,-0.23,0.23,46.0,,,,,
CU,2023-04-07,76.9,-0.76,6.44,"Raleigh, Cal",663728,650644,field_out,hit_into_play,,,,,2.0,Cal Raleigh flies out sharply to center fielder Myles Straw.,R,L,R,CLE,SEA,X,8.0,fly_ball,1,2,2023,1.38,-1.37,-0.03,2.99,,,,0,4,Top,141.36,42.4,,,,,-0.9470802070937578,-111.86403079450729,2.2382599827830427,11.649720626273018,22.75358308649661,-44.22390264655619,3.49,1.69,388.0,104.8,23.0,76.3,2994.0,6.2,718677,572287,647304,665926,608070,642708,680757,664702,660757,54.34,0.731225352112676,1.3556197183098586,0.0,1.0,0.0,0.0,6.0,27,4,Curveball,2,0,0,2,0,2,0,2,Infield shade,Strategic,40.0,0.02,-0.193,,,2.633028169014086,0.193,104.8,2,-2,0.736,0.264,28,26,28,27,2,1,6.0,2.0,56.0,1.0,5.26,-1.38,1.38,50.5,,,,,
FC,2023-04-07,87.5,-0.94,6.44,"Raleigh, Cal",663728,650644,field_out,hit_into_play,,,,,4.0,Cal Raleigh flies out sharply to left fielder Steven Kwan.,R,L,R,CLE,SEA,X,7.0,fly_ball,1,1,2023,0.5,0.58,-0.48,2.88,,,553993.0,2,1,Top,86.83,64.55,,,,,0.0820004847477818,-127.52426986662118,-3.654212005729552,5.4851865576932175,25.836844565941377,-25.264405162259617,3.49,1.69,346.0,101.2,33.0,86.9,2575.0,5.8,718677,572287,647304,665926,608070,642708,680757,664702,660757,54.7,0.4764444444444444,0.9295555555555554,0.0,1.0,0.0,0.0,6.0,4,3,Cutter,0,0,0,0,0,0,0,0,Infield shade,Strategic,154.0,0.021,-0.266,,,1.8485833333333337,0.266,101.2,0,0,0.527,0.473,28,26,28,27,1,0,6.0,2.0,56.0,1.0,2.38,-0.5,0.5,45.6,,,,,
ST,2023-04-05,85.2,-2.42,5.53,"Raleigh, Cal",663728,660271,field_out,hit_into_play,,,,,7.0,Cal Raleigh grounds out to first baseman Jake Lamb.,R,L,R,SEA,LAA,X,3.0,ground_ball,1,1,2023,1.26,-0.1,-0.3,1.87,,,,2,5,Bot,160.13,165.27,,,,,2.48426001741945,-124.06663579463142,-2.1144360973099214,12.489377543495536,24.486733136270857,-33.02611925175658,3.49,1.69,84.0,86.0,7.0,85.8,2674.0,6.6,718691,681351,571875,592273,570482,650859,621493,545361,592669,53.88,0.445,0.406,0.0,1.0,0.0,0.0,4.0,41,3,Sweeper,1,2,1,2,2,1,1,2,Standard,Standard,61.0,-0.016,-0.261,,,0.499,0.261,88.0,-1,-1,0.356,0.356,28,26,29,27,3,2,6.0,1.0,6.0,2.0,3.23,-1.26,1.26,32.7,,,,,
FS,2023-04-05,87.5,-1.8,5.94,"Raleigh, Cal",663728,660271,force_out,hit_into_play,,,,,13.0,"Cal Raleigh grounds into a force out, first baseman Jake Lamb to shortstop Luis Rengifo. Ty France out at 2nd. Cal Raleigh to 1st.",R,L,R,SEA,LAA,X,3.0,ground_ball,1,2,2023,-0.95,0.53,-1.06,1.4,,,664034.0,1,3,Bot,146.44,173.89,,,,,3.7878088766323295,-127.31172988555586,-6.007419338405347,-11.111040194065216,24.586769455301543,-25.410141157612188,3.49,1.69,4.0,66.3,-19.0,88.7,1031.0,6.9,718691,681351,571875,592273,570482,650859,621493,545361,592669,53.6,0.042,0.043,0.0,1.0,0.0,0.0,2.0,26,4,Split-Finger,1,2,1,2,2,1,1,2,Infield shade,Standard,234.0,-0.027,-0.261,,,0.048,0.261,88.0,-1,-1,0.431,0.431,28,26,29,27,2,1,6.0,1.0,6.0,2.0,2.43,0.95,-0.95,44.4,,,,,
CH,2023-04-05,85.1,-2.34,5.05,"Raleigh, Cal",663728,623474,field_out,hit_into_play,,,,,13.0,Cal Raleigh lines out to third baseman Gio Urshela.,R,L,R,SEA,LAA,X,5.0,line_drive,3,2,2023,-0.7,-0.38,-0.87,1.49,,,,0,8,Bot,105.77,150.08,,,,,4.758311988335418,-124.04116879905186,-1.3576240920433251,-8.083621346964199,22.030815538309493,-36.11238813637717,3.49,1.69,137.0,70.1,14.0,84.3,1393.0,5.4,718691,681351,592273,650859,570482,664058,621493,545361,592669,55.09,0.403,0.362,0.0,1.0,0.0,0.0,2.0,66,8,Changeup,3,4,3,4,4,3,3,4,Standard,Standard,252.0,-0.078,-0.353,,,0.404,0.353,88.0,-1,-1,0.323,0.323,29,26,30,27,1,3,2.0,1.0,2.0,2.0,3.49,0.7,-0.7,5.8,,,,,
SL,2023-04-04,84.5,1.94,5.47,"Raleigh, Cal",663728,660761,double,hit_into_play,,,,,7.0,Cal Raleigh doubles (3) on a sharp line drive to left fielder Taylor Ward.   Eugenio Suarez to 3rd.,R,R,L,SEA,LAA,X,7.0,line_drive,1,2,2023,-0.49,0.27,-0.31,2.23,,,553993.0,0,4,Bot,36.94,115.02,,,,,-4.242423859168011,-123.05555080271488,-1.77152317944133,-4.245120837041431,22.697145968664383,-29.260086320059845,3.52,1.69,198.0,110.7,12.0,84.3,2642.0,6.0,718706,642136,571875,592273,650859,664058,621493,545361,592669,54.53,0.892,0.946,1.25,1.0,1.0,1.0,5.0,28,6,Slider,2,0,2,0,0,2,2,0,Standard,Standard,209.0,0.073,0.791,,,1.299,-0.791,110.7,2,2,0.803,0.803,25,26,25,27,2,1,,2.0,6.0,1.0,2.9,-0.49,0.49,34.3,,,,,
CH,2023-04-04,88.1,-2.44,6.19,"Raleigh, Cal",663728,642545,single,hit_into_play,,,,,13.0,Cal Raleigh singles on a line drive to left fielder Taylor Ward.   Ty France scores.,R,L,R,SEA,LAA,X,7.0,line_drive,1,2,2023,-1.39,0.77,-1.4,2.31,664034.0,,,2,7,Bot,102.46,126.35,,,,,5.388117947546265,-128.21257974926905,-4.971028424629231,-16.44386521186162,24.03142072998105,-22.860980620720515,3.52,1.69,194.0,64.1,25.0,88.2,1690.0,6.1,718706,642136,571875,592273,650859,664058,621493,545361,592669,54.36,0.742,0.668,0.9,1.0,1.0,0.0,4.0,59,4,Changeup,8,0,8,0,0,9,9,0,Strategic,Standard,226.0,0.001,0.796,,,0.774,-0.796,88.0,8,8,0.998,0.998,26,26,27,27,2,3,,2.0,4.0,1.0,2.14,1.39,-1.39,50.4,,,,,
FS,2023-04-02,85.9,-1.41,6.17,"Raleigh, Cal",663728,615698,field_error,hit_into_play,,,,,13.0,Cal Raleigh reaches on a fielding error by first baseman Josh Bell.   Eugenio Suarez scores.,R,L,R,SEA,CLE,X,3.0,ground_ball,3,2,2023,-0.95,0.28,-0.27,1.19,553993.0,,,1,5,Bot,156.07,170.34,,,,,4.645325051271924,-125.03757481574362,-6.180764713707896,-10.934026379103845,23.989204754968984,-28.216879843250386,3.56,1.69,,,,86.7,921.0,6.6,718735,572287,605137,665926,672356,642708,680757,664702,660757,53.85,,,0.9,,0.0,0.0,,45,6,Split-Finger,4,4,4,4,4,5,5,4,Strategic,Standard,245.0,0.07,0.494,,,,-0.494,,0,0,0.64,0.64,28,26,28,27,3,2,,1.0,6.0,2.0,2.79,0.95,-0.95,43.8,,,,,
FC,2023-04-02,89.4,-1.19,6.31,"Raleigh, Cal",663728,615698,double,hit_into_play,,,,,5.0,Cal Raleigh doubles (2) on a line drive to center fielder Myles Straw.   Ty France scores.    Eugenio Suarez scores.,R,L,R,SEA,CLE,X,8.0,line_drive,1,2,2023,0.0,0.8,-0.13,2.74,664034.0,553993.0,,1,3,Bot,120.08,43.6,,,,,2.619033291801649,-130.22909418821888,-4.569428293413207,-0.4836881099821051,24.21034599572256,-22.2898194399282,3.56,1.69,391.0,99.1,23.0,,2174.0,,718735,572287,605137,665926,672356,642708,680757,664702,660757,54.13,0.3478,0.5539333333333333,1.25,1.0,1.0,1.0,5.0,28,4,Cutter,2,3,2,3,3,4,4,3,Standard,Strategic,203.0,0.168,0.799,,,1.0344,-0.799,99.1,-1,-1,0.519,0.519,28,26,28,27,2,1,,1.0,6.0,2.0,2.02,0.0,0.0,,,,,,
SI,2023-04-02,92.4,-1.28,6.34,"Raleigh, Cal",663728,615698,single,hit_into_play,,,,,8.0,Cal Raleigh singles on a sharp line drive to right fielder Oscar Gonzalez.   Ty France to 3rd.,R,L,R,SEA,CLE,X,9.0,line_drive,3,1,2023,-1.34,1.03,-0.13,2.19,,,664034.0,2,1,Bot,215.17,112.47,,,,,5.855565166408597,-134.33880835457413,-6.980313999311371,-17.485981482402785,29.27067426168252,-18.414506374388267,3.56,1.69,185.0,103.6,11.0,92.5,2156.0,6.4,718735,572287,605137,665926,672356,642708,680757,664702,660757,54.08,0.924,0.914,0.9,1.0,1.0,0.0,4.0,8,5,Sinker,1,0,1,0,0,1,1,0,Standard,Standard,217.0,0.016,0.255,,,1.192,-0.255,103.6,1,1,0.63,0.63,28,26,28,27,1,0,,1.0,6.0,2.0,1.65,1.34,-1.34,46.1,,,,,
FF,2023-04-02,95.5,-1.86,5.74,"Raleigh, Cal",663728,663986,field_out,hit_into_play,,,,,6.0,Cal Raleigh flies out to center fielder Myles Straw.,R,L,R,SEA,CLE,X,8.0,fly_ball,1,2,2023,-0.95,1.22,0.5,2.84,664059.0,,,2,10,Bot,121.6,102.41,,,,,8.382362659463112,-138.84304127594706,-4.772944150211039,-14.066077682291692,29.096394718999463,-15.516988447213484,3.56,1.69,280.0,79.1,30.0,96.2,2448.0,6.6,718735,650619,605137,665926,672356,642708,680757,664702,647304,53.91,0.126,0.114,0.0,1.0,0.0,0.0,3.0,84,4,4-Seam Fastball,5,6,5,6,6,5,5,6,Infield shade,Strategic,219.0,-0.168,-0.225,,,0.17,0.225,88.0,-1,-1,0.168,0.168,27,26,28,27,1,4,2.0,1.0,2.0,2.0,1.27,0.95,-0.95,35.7,,,,,
FF,2023-04-02,91.2,0.02,5.75,"Raleigh, Cal",663728,669212,field_out,hit_into_play,,,,,5.0,Cal Raleigh pops out to shortstop Amed Rosario.,R,L,R,SEA,CLE,X,6.0,popup,1,1,2023,-0.89,1.71,0.2,2.84,,,,0,8,Bot,102.47,136.62,,,,,2.3812557194661084,-132.75141261697394,-5.135428023673608,-10.992862609444694,28.62999739522269,-11.03417161581333,3.56,1.69,170.0,83.3,63.0,91.8,2278.0,6.6,718735,650619,605137,665926,672356,642708,680757,664702,660757,53.87,0.005,0.005,0.0,1.0,0.0,0.0,3.0,66,3,4-Seam Fastball,5,5,5,5,5,5,5,5,Infield shade,Strategic,202.0,-0.044,-0.254,,,0.007,0.254,88.0,0,0,0.606,0.606,27,26,27,27,1,3,2.0,1.0,1.0,2.0,1.03,0.89,-0.89,49.7,,,,,
FF,2023-03-31,93.7,-2.52,6.38,"Raleigh, Cal",663728,683769,double,hit_into_play,,,,,2.0,Cal Raleigh doubles (1) on a sharp line drive to center fielder Myles Straw. Kolten Wong scores. Ty France scores.,R,L,R,SEA,CLE,X,8.0,line_drive,1,0,2023,-0.69,1.28,-0.17,3.44,543939.0,664034.0,,2,3,Bot,187.7,61.26,,,,,7.667422919117569,-136.13023770880636,-4.692238130391528,-10.350150176555186,30.7480123470728,-15.426255658337087,3.56,1.69,309.0,111.7,13.0,94.3,1945.0,6.8,718763,572287,605137,665926,608070,642708,680757,664702,660757,53.71,0.832,0.888,1.25,1.0,1.0,1.0,6.0,29,2,4-Seam Fastball,1,3,1,3,3,3,3,3,Strategic,Strategic,211.0,0.197,0.862,,,1.264,-0.862,111.7,-2,-2,0.341,0.341,25,26,25,27,2,1,,1.0,5.0,1.0,1.33,0.69,-0.69,35.7,,,,,
CH,2023-03-31,87.4,-2.03,5.39,"Raleigh, Cal",663728,660853,field_out,hit_into_play,,,,,8.0,"Cal Raleigh grounds out, pitcher Enyel De Los Santos to first baseman Josh Bell.",R,L,R,SEA,CLE,X,1.0,ground_ball,0,1,2023,-1.52,0.78,-0.13,1.58,,,664034.0,2,7,Bot,131.23,182.5,,,,,7.6697816356184365,-127.07788100475854,-4.6322515247020215,-18.01021644781865,25.648973361239612,-22.910268021368676,3.56,1.69,47.0,68.6,4.0,87.1,1922.0,6.1,718763,572287,605137,665926,608070,642708,680757,664702,660757,54.37,0.163,0.148,0.0,1.0,0.0,0.0,2.0,70,2,Changeup,4,8,4,8,8,4,4,8,Infield shade,Strategic,236.0,-0.012,-0.241,,,0.198,0.241,88.0,-4,-4,0.048,0.048,27,26,28,27,1,3,1.0,1.0,2.0,1.0,2.2,1.52,-1.52,24.8,,,,,
FF,2023-03-31,90.4,-3.5,4.28,"Raleigh, Cal",663728,680704,field_out,hit_into_play,,,,,13.0,"Cal Raleigh grounds out, pitcher Nick Sandlin to shortstop Amed Rosario to first baseman Josh Bell.",R,L,R,SEA,CLE,X,1.0,ground_ball,3,1,2023,-1.36,-0.01,-1.03,2.56,,,,2,5,Bot,119.57,157.66,,,,,9.039127370191348,-131.38795241136623,1.6768530936967516,-17.64050036004162,26.391670844395648,-32.85620931790828,3.56,1.69,13.0,103.3,-11.0,,2158.0,,718763,572287,605137,665926,608070,642708,680757,664702,660757,54.13,0.266,0.234,0.0,1.0,0.0,0.0,2.0,53,5,4-Seam Fastball,4,8,4,8,8,4,4,8,Infield shade,Standard,330.0,-0.011,-0.43,,,0.277,0.43,103.3,-4,-4,0.093,0.093,26,26,26,27,1,2,,1.0,2.0,1.0,2.79,1.36,-1.36,,,,,,
FF,2023-03-31,95.2,-2.5,6.36,"Raleigh, Cal",663728,683769,field_out,hit_into_play,,,,,3.0,Cal Raleigh pops out to third baseman Jose Ramirez.,R,L,R,SEA,CLE,X,5.0,popup,2,2,2023,-0.51,1.44,0.6,3.18,,,543939.0,2,1,Bot,103.35,164.25,,,,,9.328577852883978,-138.20510339891484,-5.904903175281084,-8.687568066421093,31.641915969715196,-12.567564028436172,3.56,1.69,109.0,59.0,63.0,95.5,2133.0,6.7,718763,572287,605137,665926,608070,642708,680757,664702,660757,53.84,0.005,0.005,0.0,1.0,0.0,0.0,1.0,10,5,4-Seam Fastball,1,0,1,0,0,1,1,0,Infield shade,Strategic,217.0,-0.018,-0.24,,,0.005,0.24,88.0,1,1,0.621,0.621,25,26,25,27,1,0,,1.0,5.0,1.0,1.09,0.51,-0.51,34.1,,,,,
FC,2023-03-30,85.9,-1.55,5.58,"Raleigh, Cal",663728,669456,field_out,hit_into_play,,,,,4.0,Cal Raleigh flies out to left fielder Steven Kwan.,R,L,R,SEA,CLE,X,7.0,fly_ball,1,1,2023,0.37,0.7,-0.6,2.52,664034.0,,,2,6,Bot,73.86,117.89,,,,,1.5067598186163125,-125.19957789600652,-2.4684419047175044,3.6307072757011056,24.77885565669411,-24.564708994355367,3.55,1.69,240.0,93.4,55.0,86.7,2517.0,6.7,718767,572287,647304,665926,608070,642708,680757,664702,686823,53.85,0.018,0.025,0.0,1.0,0.0,0.0,3.0,42,3,Cutter,0,0,0,0,0,0,0,0,Infield shade,Standard,184.0,-0.059,-0.286,,,0.037,0.286,93.4,0,0,0.559,0.559,28,26,28,27,3,2,,,5.0,1.0,2.38,-0.37,0.37,41.0,,,,,
FF,2023-03-30,90.7,-1.53,5.67,"Raleigh, Cal",663728,669456,single,hit_into_play,,,,,4.0,"Cal Raleigh singles on a ground ball to third baseman Jose Ramirez, deflected by pitcher Shane Bieber.",R,L,R,SEA,CLE,X,1.0,ground_ball,1,1,2023,-0.91,1.21,-0.38,2.38,,,,1,4,Bot,129.71,183.01,,,,,4.822096982557671,-132.05316860454,-4.9577772488696885,-11.608023027572187,25.207725885404408,-17.156663750700083,3.55,1.69,21.0,109.9,-5.0,91.7,2209.0,6.6,718767,572287,647304,665926,608070,642708,680757,664702,686823,53.89,0.424,0.386,0.9,1.0,1.0,0.0,4.0,27,3,4-Seam Fastball,0,0,0,0,0,0,0,0,Infield shade,Strategic,215.0,0.031,0.427,,,0.447,-0.427,109.9,0,0,0.532,0.532,28,26,28,27,2,1,,,5.0,1.0,1.54,0.91,-0.91,47.6,,,,,
FC,2023-03-30,85.6,-1.73,5.66,"Raleigh, Cal",663728,669456,field_out,hit_into_play,,,,,8.0,Cal Raleigh flies out to left fielder Steven Kwan.,R,L,R,SEA,CLE,X,7.0,fly_ball,0,1,2023,0.24,0.89,-0.13,1.93,,,,0,2,Bot,52.93,126.59,,,,,3.310460935597079,-124.73660602346526,-4.461029662421316,1.996294608230883,19.551074246540203,-22.241106803710625,3.55,1.69,254.0,92.9,58.0,86.9,,6.6,718767,572287,647304,665926,608070,642708,680757,664702,686823,53.95,0.026,0.034,0.0,1.0,0.0,0.0,3.0,11,2,Cutter,0,0,0,0,0,0,0,0,Infield shade,Standard,,-0.02,-0.223,,,0.048,0.223,92.9,0,0,0.548,0.548,28,26,28,27,1,0,,,5.0,1.0,2.16,-0.24,0.24,40.7,,,,,
FF,2023-03-30,92.8,-1.88,5.51,"Raleigh, Cal",663728,660853,field_out,hit_into_play,,,,,2.0,Cal Raleigh flies out to left fielder Steven Kwan.,R,L,R,SEA,CLE,X,7.0,fly_ball,0,1,2023,-1.06,1.06,-0.14,2.99,,,,2,8,Bot,86.64,125.39,,,,,6.726546207631973,-135.04805282070944,-3.0055621306030607,-14.410368822858278,27.544729258669523,-18.758920747164233,3.55,1.69,210.0,83.7,54.0,92.5,2025.0,6.0,718767,572287,647304,665926,608070,642708,680757,664702,686823,54.53,0.026,0.034,0.0,1.0,0.0,0.0,3.0,58,2,4-Seam Fastball,3,0,3,0,0,3,3,0,Infield shade,Standard,227.0,-0.001,-0.23,,,0.05,0.23,88.0,3,3,0.967,0.967,27,26,28,27,1,3,,,1.0,1.0,1.58,1.06,-1.06,24.8,,,,,
,2023-03-26,,,,"Raleigh, Cal",663728,608379,sac_fly,hit_into_play,,,,,,Cal Raleigh out on a sacrifice fly to center fielder Trent Grisham.   Leonardo Rivas scores.,S,L,R,SD,SEA,X,8.0,fly_ball,0,0,2023,,,,,660844.0,669450.0,,1,5,Top,109.52,91.2,,,,,,,,,,,,,,,,,,,718940,669134,572761,630105,592518,593428,640492,663757,665487,,,,0.0,,0.0,0.0,,37,1,,2,2,2,2,3,2,3,2,,,,-0.006,-0.196,,,,0.196,,0,0,0.384,0.616,31,26,32,27,3,2,,,,,,,,,,,,,
,2023-03-26,,,,"Raleigh, Cal",663728,608379,field_out,hit_into_play,,,,,,Cal Raleigh flies out to left fielder Jose Azocar.,S,L,R,SD,SEA,X,7.0,fly_ball,0,0,2023,,,,,,,,0,4,Top,84.42,95.77,,,,,,,,,,,,,,,,,,,718940,669134,572761,630105,592518,593428,640492,663757,665487,,,,0.0,,0.0,0.0,,25,1,,2,1,1,2,1,2,1,2,,,,0.029,-0.265,,,,0.265,,1,-1,0.623,0.377,31,26,32,27,2,1,,,,,,,,,,,,,
,2023-03-26,,,,"Raleigh, Cal",663728,608379,single,hit_into_play,,,,,,Cal Raleigh singles on a ground ball to right fielder Fernando Tatis Jr.  Teoscar Hernandez to 2nd.,S,L,R,SD,SEA,X,9.0,ground_ball,0,0,2023,,,,,,,606192.0,2,1,Top,182.17,113.03,,,,,,,,,,,,,,,,,,,718940,669134,572761,630105,592518,593428,640492,663757,665487,,,,0.9,,1.0,0.0,,5,1,,0,1,1,0,1,0,1,0,,,,-0.018,0.368,,,,-0.368,,-1,1,0.427,0.573,31,26,32,27,1,0,,,,,,,,,,,,,
,2023-03-24,,,,"Raleigh, Cal",663728,679052,field_out,hit_into_play,,,,,,"Cal Raleigh grounds out, second baseman Zack Gelof to first baseman Dermis Garcia.   Robbie Tenerowicz to 3rd.",S,L,R,SEA,ATH,X,4.0,ground_ball,0,0,2023,,,,,,642134.0,,0,6,Bot,157.15,153.33,,,,,,,,,,,,,,,,,,,718967,650968,660650,680869,681146,691777,670276,671732,642137,,,,0.0,,0.0,0.0,,56,1,,9,2,9,2,2,9,9,2,,,,0.0,-0.215,,,,0.215,,7,7,0.995,0.995,22,26,22,27,2,3,,,,,,,,,,,,,
,2023-03-24,,,,"Raleigh, Cal",663728,670161,force_out,hit_into_play,,,,,,"Cal Raleigh grounds into a force out, second baseman Zack Gelof to shortstop Max Muncy.   Mason McCoy to 3rd.    Ty France out at 2nd.    Cal Raleigh to 1st.",S,L,R,SEA,ATH,X,4.0,ground_ball,0,0,2023,,,,,,669200.0,664034.0,0,3,Bot,149.06,155.86,,,,,,,,,,,,,,,,,,,718967,691016,660650,680869,681146,691777,670276,671732,642137,,,,0.0,,0.0,0.0,,25,1,,3,2,3,2,2,3,3,2,,,,-0.018,-0.307,,,,0.307,,1,1,0.748,0.748,28,26,28,27,1,1,,,,,,,,,,,,,
,2023-03-24,,,,"Raleigh, Cal",663728,679052,single,hit_into_play,,,,,,Cal Raleigh singles on a line drive to right fielder Cody Thomas.   Ty France to 2nd.,S,L,R,SEA,ATH,X,9.0,line_drive,0,0,2023,,,,,,,664034.0,0,5,Bot,160.7,94.62,,,,,,,,,,,,,,,,,,,718967,691016,660650,680869,681146,691777,670276,671732,642137,,,,0.9,,1.0,0.0,,44,1,,6,2,6,2,2,6,6,2,,,,0.012,0.452,,,,-0.452,,4,4,0.94,0.94,22,26,22,27,1,2,,,,,,,,,,,,,
,2023-03-24,,,,"Raleigh, Cal",663728,695243,home_run,hit_into_play,,,,,,Cal Raleigh homers (1) on a fly ball to right field.    Mason McCoy scores.    Ty France scores.,S,L,R,SEA,ATH,X,,fly_ball,1,0,2023,,,,,669200.0,,664034.0,0,1,Bot,214.84,56.67,,,,,,,,,,,,,,,,,,,718967,691016,660650,680869,681146,691777,670276,671732,642137,,,,2.0,,0.0,3.0,,10,2,,0,2,0,2,2,3,3,2,,,,0.164,0.914,,,,-0.914,,-2,-2,0.481,0.481,24,26,25,27,1,0,,,,,,,,,,,,,
,2023-03-22,,,,"Raleigh, Cal",663728,686752,field_out,hit_into_play,,,,,,"Cal Raleigh grounds out, third baseman Max Muncy to first baseman Ryan Ward.",S,L,R,SEA,LAD,X,5.0,ground_ball,0,0,2023,,,,,,,,2,4,Bot,113.13,179.64,,,,,,,,,,,,,,,,,,,719002,605131,669899,678246,571970,500743,605548,572204,681546,,,,0.0,,0.0,0.0,,27,1,,1,0,1,0,0,1,1,0,,,,-0.011,-0.275,,,,0.275,,1,1,0.649,0.649,25,26,26,27,2,1,,,,,,,,,,,,,
,2023-03-19,,,,"Raleigh, Cal",663728,656271,field_out,hit_into_play,,,,,,Cal Raleigh flies out to center fielder Travis Jankowski.,S,R,L,TEX,SEA,X,8.0,fly_ball,1,0,2023,,,,,,672284.0,,2,5,Top,122.61,81.32,,,,,,,,,,,,,,,,,,,719042,641598,663993,543760,673962,608369,543257,608671,666969,,,,0.0,,0.0,0.0,,39,2,,2,1,1,2,1,2,1,2,,,,0.049,-0.315,,,,0.315,,1,-1,0.659,0.3409999999999999,26,26,27,27,2,2,,,,,,,,,,,,,
,2023-03-17,,,,"Raleigh, Cal",663728,605483,field_out,hit_into_play,,,,,,Cal Raleigh pops out to second baseman Rougned Odor.,S,R,L,SD,SEA,X,4.0,popup,0,0,2023,,,,,,,,1,3,Top,143.49,139.66,,,,,,,,,,,,,,,,,,,719070,543592,663845,596059,621005,701538,621311,641553,665487,,,,0.0,,0.0,0.0,,20,1,,1,4,4,1,4,1,4,1,,,,0.01,-0.267,,,,0.267,,-3,3,0.219,0.781,30,26,31,27,2,1,,,,,,,,,,,,,
,2023-03-17,,,,"Raleigh, Cal",663728,605483,double,hit_into_play,,,,,,Cal Raleigh doubles (4) on a line drive to left fielder David Dahl.   Sam Haggerty scores.    AJ Pollock scores.,S,R,L,SD,SEA,X,7.0,line_drive,0,0,2023,,,,,664059.0,,572041.0,1,1,Top,36.21,94.62,,,,,,,,,,,,,,,,,,,719070,543592,663845,596059,621005,701538,621311,641553,665487,,,,1.25,,1.0,1.0,,4,1,,0,0,0,0,2,0,2,0,,,,-0.136,0.721,,,,-0.721,,0,0,0.435,0.565,30,26,31,27,1,0,,,,,,,,,,,,,
,2023-03-17,,,,"Raleigh, Cal",663728,623352,field_out,hit_into_play,,,,,,Cal Raleigh pops out to shortstop Jackson Merrill.,S,R,L,SD,SEA,X,6.0,popup,0,0,2023,,,,,,,,0,6,Top,98.45,142.19,,,,,,,,,,,,,,,,,,,719070,543592,592660,656734,641525,701538,605512,642451,670128,,,,0.0,,0.0,0.0,,55,1,,4,10,10,4,10,4,10,4,,,,0.002,-0.265,,,,0.265,,-6,6,0.027,0.973,29,26,29,27,1,3,,,,,,,,,,,,,
,2023-03-17,,,,"Raleigh, Cal",663728,678870,field_out,hit_into_play,,,,,,Cal Raleigh flies out to right fielder Fernando Tatis Jr.,S,R,L,SD,SEA,X,9.0,fly_ball,0,0,2023,,,,,,,572041.0,1,4,Top,199.16,91.08,,,,,,,,,,,,,,,,,,,719070,543592,663845,596059,621005,701538,621311,641553,665487,,,,0.0,,0.0,0.0,,33,1,,1,9,9,1,9,1,9,1,,,,0.002,-0.257,,,,0.257,,-8,8,0.018,0.982,22,26,22,27,1,2,,,,,,,,,,,,,
