pitch_type,game_date,release_speed,release_pos_x,release_pos_z,player_name,batter,pitcher,events,description,spin_dir,spin_rate_deprecated,break_angle_deprecated,break_length_deprecated,zone,des,game_type,stand,p_throws,home_team,away_team,type,hit_location,bb_type,balls,strikes,game_year,pfx_x,pfx_z,plate_x,plate_z,on_3b,on_2b,on_1b,outs_when_up,inning,inning_topbot,hc_x,hc_y,tfs_deprecated,tfs_zulu_deprecated,umpire,sv_id,vx0,vy0,vz0,ax,ay,az,sz_top,sz_bot,hit_distance_sc,launch_speed,launch_angle,effective_speed,release_spin_rate,release_extension,game_pk,fielder_2,fielder_3,fielder_4,fielder_5,fielder_6,fielder_7,fielder_8,fielder_9,release_pos_y,estimated_ba_using_speedangle,estimated_woba_using_speedangle,woba_value,woba_denom,babip_value,iso_value,launch_speed_angle,at_bat_number,pitch_number,pitch_name,home_score,away_score,bat_score,fld_score,post_away_score,post_home_score,post_bat_score,post_fld_score,if_fielding_alignment,of_fielding_alignment,spin_axis,delta_home_win_exp,delta_run_exp,bat_speed,swing_length,estimated_slg_using_speedangle,delta_pitcher_run_exp,hyper_speed,home_score_diff,bat_score_diff,home_win_exp,bat_win_exp,age_pit_legacy,age_bat_legacy,age_pit,age_bat,n_thruorder_pitcher,n_priorpa_thisgame_player_at_bat,pitcher_days_since_prev_game,batter_days_since_prev_game,pitcher_days_until_next_game,batter_days_until_next_game,api_break_z_with_gravity,api_break_x_arm,api_break_x_batter_in,arm_angle,attack_angle,attack_direction,swing_path_tilt,intercept_ball_minus_batter_pos_x_inches,intercept_ball_minus_batter_pos_y_inches
CH,2025-10-20,88.8,-1.69,5.52,"Raleigh, Cal",663728,669456,field_out,hit_into_play,,,,,13.0,"Cal Raleigh grounds out, first baseman Vladimir Guerrero Jr. to pitcher Shane Bieber.",L,L,R,TOR,SEA,X,3.0,ground_ball,0,0,2025,-1.2,-0.09,-1.21,2.34,,,,0,3,Top,144.67,171.63,,,,,3.678301707564096,-129.2666091891541,-1.5246810782271278,-14.169688521259364,27.72288645959136,-33.07964347124974,3.59,1.71,3.0,80.8,-39.0,89.1,1319.0,6.5,813037,672386,665489,643396,676391,665926,664770,662139,680718,53.99,0.071,0.062,0.0,1.0,0.0,0.0,2.0,21,1,Changeup,1,2,2,1,2,1,2,1,Infield shade,Standard,251.0,0.022,-0.259,77.4,8.0,0.079,0.259,88.0,-1,1,0.388,0.612,30,28,30,29,2,1,5.0,1.0,8.0,,2.99,1.2,-1.2,36.7,8.369567512386476,7.955189278215075,30.961716826378815,46.506493840197194,30.0018179530336
CH,2025-10-20,93.8,-3.03,5.37,"Raleigh, Cal",663728,686973,home_run,hit_into_play,,,,,5.0,Cal Raleigh homers (5) on a fly ball to right field.,L,L,R,TOR,SEA,X,,fly_ball,0,1,2025,-1.1,0.07,0.13,2.34,,,,0,5,Top,206.92,67.32,,,,,10.668552112799556,-136.216716578604,-2.2424544360550915,-16.083952291716,30.12846906582074,-31.058993560898955,3.59,1.71,381.0,102.1,35.0,94.4,1644.0,6.7,813037,672386,665489,643396,676391,665926,664770,662139,680718,53.76,0.4560357142857144,0.9071428571428573,2.0,1.0,0.0,3.0,6.0,37,2,Changeup,1,2,2,1,3,1,3,1,Infield shade,Standard,239.0,-0.117,1.154,83.0,8.0,1.7845357142857143,-1.154,102.1,-1,1,0.366,0.634,27,28,28,29,1,2,1.0,1.0,5.0,,2.54,1.1,-1.1,33.5,2.246682492019223,0.4179389701989641,42.31123208993918,30.183310240694873,32.936070405491115
FS,2025-10-19,83.4,-0.41,7.23,"Raleigh, Cal",663728,702056,grounded_into_double_play,hit_into_play,,,,,6.0,"Cal Raleigh grounds into a double play, first baseman Vladimir Guerrero Jr. to shortstop Andrés Giménez to pitcher Trey Yesavage. Julio Rodríguez out at 2nd. Cal Raleigh out at 1st.",L,L,R,TOR,SEA,X,3.0,ground_ball,0,0,2025,-0.74,0.75,0.36,2.39,641487.0,660844.0,677594.0,1,3,Top,154.29,173.15,,,,,3.2263388345994177,-121.3741888165282,-6.106533210191309,-7.987552201650468,24.814588511438604,-23.729238683199387,3.59,1.7,39.0,100.5,-2.0,82.8,1467.0,6.0,813038,672386,665489,643396,676391,665926,664770,662139,680718,54.52,0.357,0.318,0.0,1.0,0.0,0.0,2.0,23,1,Split-Finger,2,0,0,2,0,2,0,2,Standard,Standard,214.0,0.169,-0.31,73.4,7.3,0.375,0.31,100.5,2,-2,0.595,0.405,21,28,22,29,2,1,6.0,2.0,5.0,1.0,2.54,0.74,-0.74,65.4,17.544091718197468,-5.623730061742637,38.82161795314322,28.27083585331831,34.13531420358831
FS,2025-10-17,83.3,-2.71,5.31,"Raleigh, Cal",663728,592332,field_out,hit_into_play,,,,,13.0,Cal Raleigh flies out to left fielder Nathan Lukes.,L,L,R,SEA,TOR,X,7.0,fly_ball,2,2,2025,-1.43,0.12,-1.74,1.87,,,660844.0,2,5,Bot,84.92,115.43,,,,,5.123352598982628,-121.20923666391616,-1.6842559657429907,-15.12329367097845,23.59517749507063,-30.909979165071796,3.58,1.68,264.0,78.0,31.0,84.4,1410.0,7.0,813039,672386,665489,643396,676391,665926,664770,662139,680718,53.51,0.139,0.125,0.0,1.0,0.0,0.0,3.0,41,6,Split-Finger,1,1,1,1,1,1,1,1,Infield shade,Standard,239.0,-0.028,-0.216,,,0.172,0.216,88.0,0,0,0.528,0.528,34,28,34,29,3,2,5.0,1.0,3.0,2.0,3.17,1.43,-1.43,29.8,,,,,
FF,2025-10-17,93.8,-2.28,5.74,"Raleigh, Cal",663728,592332,double,hit_into_play,,,,,8.0,Cal Raleigh doubles (2) on a sharp fly ball to right fielder Addison Barger.,L,L,R,SEA,TOR,X,9.0,fly_ball,2,0,2025,-1.0,1.29,0.04,1.84,,,,1,1,Bot,201.1,79.92,,,,,8.276440762732316,-136.2126728038069,-7.204319610424207,-14.338242655084978,32.41196171419225,-14.67524309499878,3.58,1.68,347.0,112.0,22.0,94.1,2146.0,6.8,813039,672386,665489,643396,676391,665926,664770,662139,680718,53.74,0.9446363636363638,1.8235,1.25,1.0,1.0,1.0,6.0,6,3,4-Seam Fastball,0,0,0,0,0,0,0,0,Infield shade,Standard,219.0,0.034,0.531,,,3.556818181818183,-0.531,112.0,0,0,0.533,0.533,34,28,34,29,1,0,5.0,1.0,3.0,2.0,1.33,1.0,-1.0,38.9,,,,,
SI,2025-10-17,93.5,2.28,5.8,"Raleigh, Cal",663728,663893,home_run,hit_into_play,,,,,8.0,Cal Raleigh homers (4) on a fly ball to left field.,L,R,L,SEA,TOR,X,,fly_ball,2,0,2025,1.24,0.06,-0.08,2.2,,,,0,8,Bot,31.88,93.49,,,,,-8.724587616477258,-135.85541458118266,-3.5991468502126933,17.294690159082943,30.64552526950511,-30.832993908516297,3.58,1.68,348.0,108.6,43.0,92.5,2103.0,5.8,813039,672386,665489,643396,676391,665926,664702,662139,664770,54.67,0.3896666666666666,0.7926666666666667,2.0,1.0,0.0,3.0,6.0,63,3,Sinker,1,2,1,2,2,2,2,2,Infield shade,Standard,113.0,0.271,0.996,,,1.5556666666666663,-0.996,108.6,-1,-1,0.337,0.337,28,28,29,29,1,3,5.0,1.0,10.0,2.0,2.56,1.24,-1.24,28.5,,,,,
SL,2025-10-16,87.3,-3.24,5.51,"Raleigh, Cal",663728,453286,field_out,hit_into_play,,,,,3.0,Cal Raleigh flies out sharply to right fielder Addison Barger.,L,L,R,SEA,TOR,X,9.0,fly_ball,0,1,2025,0.24,0.58,0.51,3.19,,,,0,6,Bot,189.59,102.03,,,,,8.507288941084791,-127.06090546486328,-0.6728503627112528,0.9943504915829278,23.553213095044583,-25.934839124873687,3.58,1.68,287.0,102.5,49.0,87.2,2562.0,6.0,813035,672386,665489,643396,676391,665926,664770,662139,680718,54.53,0.028,0.04,0.0,1.0,0.0,0.0,3.0,48,2,Slider,1,5,1,5,5,1,1,5,Infield shade,Standard,180.0,-0.017,-0.22,74.9,7.6,0.076,0.22,102.5,-4,-4,0.095,0.095,40,28,41,29,3,2,22.0,1.0,11.0,1.0,2.39,-0.24,0.24,31.5,22.46826511338705,-10.023265798406191,33.432061254266046,26.988874052020968,36.4285299885841
FS,2025-10-16,88.9,-2.75,5.68,"Raleigh, Cal",663728,656546,field_out,hit_into_play,,,,,13.0,Cal Raleigh flies out to third baseman Ernie Clement in foul territory.,L,L,R,SEA,TOR,X,5.0,fly_ball,1,0,2025,-1.39,0.56,-1.19,2.26,,,,1,8,Bot,72.77,165.05,,,,,6.726571262410227,-129.33790397459558,-3.505241374601048,-17.05221691144823,27.27462593677772,-25.374661269470547,3.58,1.68,143.0,75.0,66.0,88.6,1556.0,6.2,813035,672386,665489,643396,676391,665926,664702,662139,664770,54.34,0.001,0.0,0.0,1.0,0.0,0.0,3.0,68,2,Split-Finger,2,8,2,8,8,2,2,8,Infield shade,Standard,244.0,-0.002,-0.293,77.7,8.0,0.001,0.293,88.0,-6,-6,0.006,0.006,32,28,32,29,1,3,4.0,1.0,3.0,1.0,2.33,1.39,-1.39,32.9,13.285160808437418,1.7337096085588952,30.0183048661938,49.607326093218234,33.27820742376487
FF,2025-10-15,92.3,-1.65,5.63,"Raleigh, Cal",663728,669456,field_out,hit_into_play,,,,,6.0,Cal Raleigh pops out to second baseman Ernie Clement.,L,L,R,SEA,TOR,X,4.0,popup,0,1,2025,-0.84,1.46,0.29,2.89,,,,1,3,Bot,137.58,163.02,,,,,6.80173266156723,-134.17816195616936,-4.299417392606378,-11.678522680506545,30.48691660506864,-13.8570322055777,3.59,1.69,101.0,85.9,69.0,92.7,2305.0,6.7,813043,672386,665489,676391,680718,665926,664770,662139,623993,53.78,0.008,0.008,0.0,1.0,0.0,0.0,3.0,27,2,4-Seam Fastball,2,5,2,5,5,2,2,5,Infield shade,Standard,220.0,-0.014,-0.215,74.1,7.7,0.009,0.215,88.0,-3,-3,0.21,0.21,30,28,30,29,2,1,8.0,2.0,5.0,1.0,1.23,0.84,-0.84,37.5,23.315156861050067,2.0776765350342385,39.06917910587619,28.58353323237295,34.234190745221916
FF,2025-10-15,95.6,-1.32,5.92,"Raleigh, Cal",663728,684320,home_run,hit_into_play,,,,,6.0,Cal Raleigh homers (3) on a fly ball to right field.,L,L,R,SEA,TOR,X,,fly_ball,1,1,2025,-0.17,1.1,0.66,2.4,,,,1,8,Bot,219.57,99.12,,,,,5.589257463041664,-139.06158270693751,-6.110614329247614,-3.4080075357968886,30.666372471460353,-16.780102178272404,3.59,1.69,337.0,92.5,33.0,95.4,2355.0,6.1,813043,672386,665489,676391,680718,665926,664702,662139,664770,54.36,0.109,0.2,2.0,1.0,0.0,3.0,3.0,71,3,4-Seam Fastball,3,12,3,12,12,4,4,12,Infield shade,Standard,216.0,0.0,1.593,84.1,8.2,0.362,-1.593,92.5,-9,-9,0.001,0.001,28,28,28,29,1,3,2.0,2.0,,1.0,1.4,0.17,-0.17,41.1,19.549432088277943,-11.975661321955378,41.407333556909,26.89860704938374,35.34350831069759
FC,2025-10-15,88.6,-1.93,5.64,"Raleigh, Cal",663728,669456,field_out,hit_into_play,,,,,4.0,Cal Raleigh flies out to left fielder Nathan Lukes in foul territory.,L,L,R,SEA,TOR,X,7.0,fly_ball,2,2,2025,0.0,0.58,-0.62,2.74,,,668227.0,0,1,Bot,52.4,132.29,,,,,3.225803469619388,-129.1967498918454,-2.312576790217572,-0.6128919753538351,24.20789162167461,-25.39621969368531,3.59,1.69,246.0,81.8,48.0,89.5,2650.0,6.5,813043,672386,665489,676391,680718,665926,664770,662139,623993,54.01,0.023,0.021,0.0,1.0,0.0,0.0,3.0,6,5,Cutter,0,0,0,0,0,0,0,0,Infield shade,Standard,201.0,-0.029,-0.2,76.5,7.1,0.03,0.2,88.0,0,0,0.58,0.58,30,28,30,29,1,0,8.0,2.0,5.0,1.0,2.29,0.0,0.0,37.1,4.3133618628627755,14.671701415625966,30.56571044090989,39.33115546823582,24.406618030415828
FF,2025-10-13,92.5,-0.54,6.99,"Raleigh, Cal",663728,702056,field_out,hit_into_play,,,,,2.0,Cal Raleigh flies out to right fielder Nathan Lukes.,L,L,R,TOR,SEA,X,9.0,fly_ball,0,0,2025,-0.61,1.55,0.25,3.0,,,,0,3,Top,174.94,117.76,,,,,3.318248786369568,-134.5358044529364,-7.725018653964233,-8.097270769136902,29.286220800374277,-11.930673259429929,3.58,1.7,237.0,90.9,52.0,92.4,2301.0,6.3,813044,672386,665489,676391,680718,665926,676914,662139,664770,54.22,0.008,0.007,0.0,1.0,0.0,0.0,3.0,23,1,4-Seam Fastball,3,3,3,3,3,3,3,3,Infield shade,Standard,197.0,0.025,-0.259,74.7,7.5,0.011,0.259,90.9,0,0,0.5,0.5,21,28,22,29,2,1,8.0,1.0,6.0,2.0,1.12,0.61,-0.61,64.3,19.30314193379041,-4.988890904514125,34.27466257770457,30.045467691181763,34.508131011918
SI,2025-10-13,93.3,-1.3,5.42,"Raleigh, Cal",663728,605135,field_out,hit_into_play,,,,,6.0,Cal Raleigh pops out to third baseman Addison Barger in foul territory.,L,L,R,TOR,SEA,X,5.0,popup,1,2,2025,-1.02,0.46,0.52,2.65,,,,0,8,Top,89.48,174.16,,,,,6.934377786883531,-135.6296067813145,-2.268667239067923,-14.269157732662178,35.1917939225828,-26.200210861828737,3.58,1.7,124.0,69.1,69.0,92.4,2161.0,6.2,813044,672386,665489,676391,680718,665926,676914,662139,664770,54.27,0.001,0.0,0.0,1.0,0.0,0.0,3.0,67,5,Sinker,3,10,10,3,10,3,10,3,Infield shade,Standard,220.0,0.0,-0.189,73.1,7.2,0.001,0.189,88.0,-7,7,0.004,0.996,36,28,36,29,1,4,25.0,1.0,7.0,2.0,2.2,1.02,-1.02,32.1,14.413241531697736,0.0829681362861682,41.99538567059139,26.384052191911564,32.0982556987355
FS,2025-10-12,86.2,-2.65,5.4,"Raleigh, Cal",663728,592332,home_run,hit_into_play,,,,,8.0,Cal Raleigh homers (2) on a fly ball to right center field.,L,L,R,TOR,SEA,X,,fly_ball,2,2,2025,-1.35,0.09,-0.23,1.89,,,,2,6,Top,195.23,43.13,,,,,8.646601033453152,-125.18942214213624,-2.189871869922261,-15.982582582829751,27.46809948688579,-30.95803174693598,3.6,1.7,420.0,108.0,28.0,86.6,1672.0,6.9,813040,672386,665489,676391,680718,665926,623993,662139,664702,53.63,0.9484545454545454,1.9146060606060609,2.0,1.0,0.0,3.0,6.0,39,5,Split-Finger,1,0,0,1,1,1,1,1,Infield shade,Standard,240.0,-0.166,2.632,77.8,8.0,3.7895151515151513,-2.632,108.0,1,-1,0.725,0.275,34,28,34,29,3,2,8.0,2.0,5.0,1.0,3.01,1.35,-1.35,32.6,19.4831811341122,-9.801153120171598,41.807916781707824,34.79851803463082,37.13049666720466
FF,2025-10-12,96.1,-2.11,5.87,"Raleigh, Cal",663728,592332,single,hit_into_play,,,,,8.0,Cal Raleigh singles on a sharp line drive to right fielder Nathan Lukes.,L,L,R,TOR,SEA,X,9.0,line_drive,0,0,2025,-0.81,1.37,0.06,2.12,,,,1,1,Top,197.56,96.79,,,,,7.653771205470028,-139.5138102169726,-7.433507948391753,-12.40941466491628,36.07832473498817,-12.72274280623563,3.6,1.7,253.0,101.2,18.0,96.3,2334.0,6.9,813040,672386,665489,676391,680718,665926,623993,662139,664770,53.62,0.403,0.463,0.9,1.0,1.0,0.0,5.0,2,1,4-Seam Fastball,0,0,0,0,0,0,0,0,Infield shade,Standard,220.0,-0.024,0.414,79.8,7.9,0.717,-0.414,101.2,0,0,0.522,0.478,34,28,34,29,1,0,8.0,2.0,5.0,1.0,1.14,0.81,-0.81,44.2,15.228367904502893,3.0134825734759545,40.593876275726906,31.643765893369377,30.78888946387724
CH,2025-10-10,87.6,-1.91,5.62,"Raleigh, Cal",663728,592454,field_out,hit_into_play,,,,,13.0,Cal Raleigh lines out to center fielder Parker Meadows. J.P. Crawford to 3rd. Throwing error by center fielder Parker Meadows.,D,L,R,SEA,DET,X,8.0,line_drive,1,2,2025,-1.2,0.2,-1.44,1.72,,641487.0,668227.0,0,15,Bot,127.81,67.03,,,,,3.610673863904146,-127.56292502948882,-3.73080906784104,-13.83039740930302,25.977749055278007,-29.430981451745353,3.6,1.69,328.0,91.8,23.0,88.1,1304.0,6.5,813054,693307,679529,650402,656716,595879,682985,678009,681481,53.99,0.149,0.184,0.0,1.0,0.0,0.0,3.0,115,4,Changeup,2,2,2,2,2,2,2,2,Standard,Standard,246.0,0.057,-0.172,64.6,8.3,0.284,0.172,91.8,0,0,0.786,0.786,35,28,36,29,1,6,3.0,2.0,,2.0,2.76,1.2,-1.2,35.9,11.08246621639145,-4.16504240545022,31.360494909156692,48.63586168601323,29.034735722993048
CH,2025-10-10,89.3,1.9,6.04,"Raleigh, Cal",663728,669373,single,hit_into_play,,,,,9.0,Cal Raleigh singles on a line drive to left fielder Riley Greene.,D,R,L,SEA,DET,X,7.0,line_drive,3,2,2025,1.49,0.34,0.62,1.99,,,,1,1,Bot,59.62,113.0,,,,,-6.294083964579687,-129.75742415790012,-4.646178918316897,18.177967641787223,28.5816883432727,-27.470577918768647,3.6,1.69,185.0,79.6,17.0,89.4,1612.0,6.5,813054,693307,679529,650402,656716,595879,682985,678009,681481,53.96,0.982,0.92,0.9,1.0,1.0,0.0,4.0,6,7,Changeup,0,0,0,0,0,0,0,0,Standard,Standard,135.0,0.021,0.336,75.8,8.4,1.108,-0.336,88.0,0,0,0.53,0.53,28,28,29,29,1,0,5.0,2.0,,2.0,2.53,1.49,-1.49,44.6,22.53322719001614,-16.659684805245657,35.105213387361964,40.19830961491032,42.784979434189474
FF,2025-10-08,96.8,-1.52,5.32,"Raleigh, Cal",663728,675512,field_out,hit_into_play,,,,,2.0,Cal Raleigh pops out to shortstop Javier Báez.,D,L,R,DET,SEA,X,6.0,popup,0,0,2025,-0.57,1.47,-0.12,3.43,,,,0,7,Top,112.43,139.72,,,,,5.098668420183707,-140.8305205387801,-2.7977332395219854,-8.798285904774463,36.06165839443023,-12.313869438157033,3.59,1.68,188.0,84.5,60.0,97.1,2336.0,6.8,813055,693307,679529,650402,656716,595879,682985,672761,681481,53.74,0.02,0.018,0.0,1.0,0.0,0.0,3.0,57,1,4-Seam Fastball,7,3,3,7,3,7,3,7,Standard,Standard,215.0,0.015,-0.259,74.4,7.0,0.022,0.259,88.0,4,-4,0.941,0.059,24,28,25,29,1,3,4.0,1.0,2.0,2.0,0.99,0.57,-0.57,38.2,5.235829343117973,1.9697406237374089,24.23478372128922,35.4452443834941,29.05330150509971
FF,2025-10-08,96.4,-1.84,5.59,"Raleigh, Cal",663728,640448,single,hit_into_play,,,,,11.0,Cal Raleigh singles on a sharp line drive to right fielder Kerry Carpenter. Randy Arozarena scores.,D,L,R,DET,SEA,X,9.0,line_drive,2,2,2025,-0.97,1.39,-0.89,3.28,,668227.0,,0,5,Top,161.31,90.37,,,,,4.758069068703479,-140.31511608290953,-3.701811768534648,-13.912983530319272,34.45682179067574,-13.20238500831598,3.59,1.68,197.0,105.1,11.0,96.4,2193.0,6.5,813055,693307,679529,650402,656716,595879,682985,678009,681481,54.02,0.942,0.941,0.9,1.0,1.0,0.0,4.0,33,5,4-Seam Fastball,0,2,2,0,3,0,3,0,Standard,Standard,213.0,-0.059,0.575,82.6,7.6,1.208,-0.575,105.1,-2,2,0.204,0.796,33,28,34,29,1,2,3.0,1.0,2.0,2.0,1.08,0.97,-0.97,53.2,6.369119938769904,8.704155783037528,21.17003082614644,44.02934087340811,30.56220840349663
CH,2025-10-07,86.1,-2.42,5.37,"Raleigh, Cal",663728,592454,single,hit_into_play,,,,,4.0,Cal Raleigh singles on a ground ball to center fielder Parker Meadows. Dominic Canzone scores. J.P. Crawford to 2nd.,D,L,R,DET,SEA,X,8.0,ground_ball,0,0,2025,-1.0,0.2,-0.81,2.94,,686527.0,641487.0,2,4,Top,154.95,79.48,,,,,5.870133143088087,-125.2326543200653,0.1099087451468833,-11.757159150648391,26.83359878657429,-30.343715028183674,3.59,1.68,41.0,102.4,-2.0,86.1,1300.0,6.5,813056,693307,679529,650402,656716,595879,682985,678009,681481,54.04,0.375,0.332,0.9,1.0,1.0,0.0,2.0,32,1,Changeup,0,3,3,0,4,0,4,0,Infield shade,Standard,256.0,-0.064,0.542,77.4,7.6,0.391,-0.542,102.4,-3,3,0.19,0.81,35,28,36,29,1,2,3.0,2.0,3.0,1.0,2.89,1.0,-1.0,27.7,8.298628770869007,8.52028971869387,26.272203175875976,42.78030818346091,26.934489607244107
SI,2025-10-07,94.1,-2.88,5.31,"Raleigh, Cal",663728,669724,home_run,hit_into_play,,,,,1.0,Cal Raleigh homers (1) on a fly ball to left center field. Randy Arozarena scores.,D,L,R,DET,SEA,X,,fly_ball,1,1,2025,-1.45,0.1,-0.72,3.32,,668227.0,,0,9,Top,70.67,50.66,,,,,8.740475701032834,-136.83140804268982,0.295750631311925,-20.160146845259888,28.611641112678583,-31.193800059749275,3.59,1.68,391.0,105.9,24.0,93.5,2141.0,5.9,813056,693307,679529,650402,656716,595879,682985,678009,681481,54.63,0.7872264150943401,1.5137924528301885,2.0,1.0,0.0,3.0,6.0,68,3,Sinker,1,6,6,1,8,1,8,1,Infield shade,Standard,239.0,-0.003,1.008,73.3,7.0,2.952698113207547,-1.008,105.9,-5,5,0.004,0.996,27,28,27,29,1,4,26.0,2.0,,1.0,2.47,1.45,-1.45,29.3,8.373158302528983,15.41880454478701,23.45949322512127,41.60888907021072,24.642552182529215
FF,2025-10-07,93.2,-2.52,5.39,"Raleigh, Cal",663728,656427,field_out,hit_into_play,,,,,3.0,Cal Raleigh flies out to right fielder Kerry Carpenter.,D,L,R,DET,SEA,X,9.0,fly_ball,0,0,2025,-0.42,1.34,0.56,3.17,,,,1,1,Top,177.31,82.99,,,,,8.851720060492532,-135.4324473330003,-2.830332477743867,-7.228444422129451,31.031978700425626,-15.346206232942263,3.59,1.68,314.0,90.0,40.0,93.2,2294.0,6.5,813056,693307,679529,650402,656716,595879,682985,678009,681481,54.03,0.018,0.025,0.0,1.0,0.0,0.0,3.0,2,1,4-Seam Fastball,0,0,0,0,0,0,0,0,Infield shade,Standard,210.0,0.016,-0.254,73.8,7.0,0.04,0.254,90.0,0,0,0.522,0.478,29,28,30,29,1,0,5.0,2.0,3.0,1.0,1.31,0.42,-0.42,27.9,14.110229126437028,-1.179759053370706,33.750828999168235,25.812358377854103,30.016509687350872
CH,2025-10-05,88.8,1.99,6.06,"Raleigh, Cal",663728,669373,field_out,hit_into_play,,,,,9.0,Cal Raleigh lines out to shortstop Javier Báez.,D,R,L,SEA,DET,X,6.0,line_drive,0,0,2025,1.2,0.52,0.54,1.74,,,645302.0,2,3,Bot,100.42,146.3,,,,,-6.092379856880735,-129.09867992304603,-5.591763331402291,14.75873613341753,28.458614518777217,-25.30456514777224,3.59,1.67,150.0,88.7,10.0,88.8,1909.0,6.5,813057,693307,679529,650402,656716,595879,682985,678009,681481,54.01,0.587,0.529,0.0,1.0,0.0,0.0,4.0,23,1,Changeup,0,0,0,0,0,0,0,0,Standard,Standard,137.0,-0.026,-0.271,71.8,8.1,0.62,0.271,88.7,0,0,0.526,0.526,28,28,29,29,2,1,5.0,1.0,5.0,2.0,2.39,1.2,-1.2,46.2,13.761077753126315,-3.7806744236139647,34.69394583892908,40.670864761409725,40.5604485518332
FS,2025-10-05,87.3,-1.97,5.73,"Raleigh, Cal",663728,640448,double,hit_into_play,,,,,8.0,Cal Raleigh doubles (1) on a sharp line drive to right fielder Kerry Carpenter.,D,L,R,SEA,DET,X,9.0,line_drive,0,0,2025,-0.36,0.16,-0.18,1.98,,,,1,8,Bot,199.26,117.68,,,,,5.042497388727083,-127.06973327728038,-3.2278030326343927,-4.8968095094169595,25.50798461273776,-30.01455806076215,3.59,1.67,213.0,110.9,13.0,87.6,892.0,6.4,813057,693307,679529,650402,656716,595879,682985,678009,681481,54.09,0.752,0.79,1.25,1.0,1.0,1.0,6.0,62,1,Split-Finger,2,2,2,2,2,2,2,2,Infield shade,Standard,223.0,0.094,0.642,78.2,8.3,1.117,-0.642,110.9,0,0,0.562,0.562,33,28,34,29,1,3,1.0,1.0,3.0,2.0,2.83,0.36,-0.36,52.5,19.74702878791558,-6.408548989588573,40.28951707715748,35.24580936126286,39.56191954513791
FF,2025-10-04,97.5,-1.64,5.52,"Raleigh, Cal",663728,675512,field_out,hit_into_play,,,,,5.0,Cal Raleigh flies out to center fielder Parker Meadows.,D,L,R,SEA,DET,X,8.0,fly_ball,0,0,2025,-0.64,1.13,-0.07,2.74,,,,2,3,Bot,113.07,68.28,,,,,5.752713001465759,-141.93044681880434,-4.6487102290472295,-9.927258367550074,31.693996823360283,-15.958889281654832,3.58,1.65,326.0,97.7,39.0,98.7,2217.0,6.9,813058,693307,679529,650402,656716,595879,682985,678009,681481,53.61,0.096,0.182,0.0,1.0,0.0,0.0,3.0,24,1,4-Seam Fastball,0,0,0,0,0,0,0,0,Infield shade,Standard,212.0,-0.012,-0.26,79.9,7.4,0.357,0.26,97.7,0,0,0.512,0.512,24,28,25,29,2,1,3.0,6.0,4.0,1.0,1.26,0.64,-0.64,36.4,11.510646529250575,1.7150204305731658,34.08792304015437,33.05092138392079,29.48980621782014
FS,2025-10-04,88.0,-2.22,5.53,"Raleigh, Cal",663728,640448,single,hit_into_play,,,,,13.0,Cal Raleigh singles on a line drive to left fielder Riley Greene.,D,L,R,SEA,DET,X,7.0,line_drive,0,1,2025,-1.09,0.66,-1.44,2.49,,,,2,8,Bot,97.6,97.32,,,,,4.158924038575571,-128.03537723550198,-2.6028815349335215,-12.853659684174971,28.18122480694532,-24.605163835513057,3.58,1.65,216.0,74.9,22.0,88.2,966.0,6.6,813058,693307,679529,650402,656716,595879,682985,678009,681481,53.94,0.962,0.891,0.9,1.0,1.0,0.0,4.0,62,2,Split-Finger,2,2,2,2,2,2,2,2,Infield shade,Standard,237.0,0.028,0.368,77.0,8.1,1.042,-0.368,88.0,0,0,0.522,0.522,33,28,34,29,1,3,2.0,6.0,1.0,1.0,2.3,1.09,-1.09,47.6,17.04862816904065,0.9861673829987748,26.276362766372223,50.36189118707038,33.95520160040469
FS,2025-10-04,87.3,-1.74,4.73,"Raleigh, Cal",663728,606160,single,hit_into_play,,,,,13.0,Cal Raleigh singles on a line drive to center fielder Parker Meadows. Randy Arozarena to 3rd.,D,L,R,SEA,DET,X,8.0,line_drive,2,0,2025,-0.86,0.05,-0.93,2.54,,,668227.0,0,6,Bot,154.18,80.3,,,,,3.7148551331010786,-127.13503318074751,0.8139349518719279,-10.079259400294177,27.000230269840067,-32.03388863495374,3.58,1.65,304.0,96.5,19.0,87.3,1555.0,6.3,813058,693307,679529,650402,656716,595879,682985,678009,681481,54.16,0.349,0.41,0.9,1.0,1.0,0.0,4.0,46,3,Split-Finger,1,2,1,2,2,1,1,2,Infield shade,Standard,244.0,0.117,0.368,78.8,8.0,0.626,-0.368,96.5,-1,-1,0.487,0.487,34,28,35,29,1,2,7.0,6.0,,1.0,2.94,0.86,-0.86,36.6,15.671055496483593,-6.098073106670852,27.262953425057987,45.25305626879429,33.519430650322754
FF,2025-10-04,97.8,-1.52,5.49,"Raleigh, Cal",663728,675512,single,hit_into_play,,,,,5.0,Cal Raleigh singles on a ground ball to right fielder Kerry Carpenter.,D,L,R,SEA,DET,X,9.0,ground_ball,1,2,2025,-0.37,1.24,-0.12,2.89,,,,1,1,Bot,165.58,99.73,,,,,4.672837962804291,-142.35432864167086,-4.461807146358855,-6.113874783622928,31.347851597408045,-14.404709046937894,3.58,1.65,98.0,90.1,7.0,98.9,2218.0,6.8,813058,693307,679529,650402,656716,595879,682985,678009,681481,53.69,0.496,0.455,0.9,1.0,1.0,0.0,4.0,6,5,4-Seam Fastball,0,0,0,0,0,0,0,0,Infield shade,Standard,210.0,0.029,0.489,75.4,6.8,0.549,-0.489,90.1,0,0,0.522,0.522,24,28,25,29,1,0,3.0,6.0,4.0,1.0,1.13,0.37,-0.37,34.0,7.141217683269607,12.380137818583078,29.525463524877953,33.8715891064845,24.31760963630746
SL,2025-10-04,85.7,-2.38,5.94,"Raleigh, Cal",663728,672456,field_out,hit_into_play,,,,,5.0,Cal Raleigh pops out to third baseman Zach McKinstry in foul territory.,D,L,R,SEA,DET,X,5.0,popup,0,0,2025,1.22,-0.03,0.14,2.83,,,,1,11,Bot,80.8,178.15,,,,,3.502811977835216,-124.67142106568744,-0.9005164962453678,11.748516993582426,28.91632583758227,-32.56269927642029,3.58,1.65,125.0,65.0,63.0,85.1,2852.0,6.2,813058,693307,679529,650402,656716,595879,682985,678009,681481,54.26,0.003,0.002,0.0,1.0,0.0,0.0,3.0,82,1,Slider,2,3,2,3,3,2,2,3,Infield shade,Standard,58.0,-0.068,-0.254,77.0,7.2,0.003,0.254,88.0,-1,-1,0.115,0.115,24,28,25,29,1,4,7.0,6.0,3.0,1.0,3.18,-1.22,1.22,48.6,8.090787368942111,3.040027246863621,35.3746886349072,31.312142260256593,26.283586636578427
FF,2025-09-28,92.8,-0.96,5.95,"Raleigh, Cal",663728,689017,single,hit_into_play,,,,,12.0,Cal Raleigh singles on a line drive to center fielder Andy Pages. Randy Arozarena to 3rd.,R,L,R,SEA,LAD,X,8.0,line_drive,0,2,2025,-0.32,1.6,0.04,4.1,,,668227.0,1,8,Bot,159.23,97.9,,,,,3.2581737809958375,-135.18852907177995,-2.4485988691394542,-4.657426577139867,29.23478249792503,-12.18872937291906,3.56,1.64,227.0,89.5,17.0,92.2,2385.0,5.8,776139,666163,687221,500743,571771,808975,624424,681624,606192,54.68,0.77,0.726,0.9,1.0,1.0,0.0,4.0,63,3,4-Seam Fastball,0,6,0,6,6,0,0,6,Infield shade,Standard,203.0,0.014,0.493,68.9,6.6,0.884,-0.493,89.5,-6,-6,0.008,0.008,27,28,28,29,1,3,115.0,1.0,,6.0,1.04,0.32,-0.32,54.6,15.77596383675936,2.7931616866943725,16.15780277131401,32.772090486035374,26.498516933174095
FF,2025-09-28,89.9,1.8,5.98,"Raleigh, Cal",663728,477132,field_out,hit_into_play,,,,,6.0,Cal Raleigh pops out to first baseman Freddie Freeman.,R,R,L,SEA,LAD,X,3.0,popup,0,0,2025,0.02,1.64,0.81,2.88,,,,1,1,Bot,145.77,160.53,,,,,-2.4935858258739247,-130.79164500782042,-5.181250054146776,0.7865891637047501,28.14787013962625,-12.447154424624184,3.56,1.64,113.0,91.3,71.0,90.0,2314.0,6.4,776139,666163,518692,808975,571771,605141,624424,681624,606192,54.08,0.001,0.0,0.0,1.0,0.0,0.0,3.0,6,1,4-Seam Fastball,0,0,0,0,0,0,0,0,Standard,Standard,169.0,-0.016,-0.254,78.2,8.3,0.001,0.254,91.3,0,0,0.526,0.526,37,28,37,29,1,0,4.0,1.0,10.0,6.0,1.18,0.02,-0.02,53.9,16.407507335639497,-0.7990810175304304,26.709469674112093,42.03687688532821,33.18578773677251
SL,2025-09-27,80.0,2.99,5.07,"Raleigh, Cal",663728,571760,force_out,hit_into_play,,,,,6.0,"Cal Raleigh grounds into a force out, second baseman Miguel Rojas to shortstop Mookie Betts. Randy Arozarena out at 2nd. Cal Raleigh to 1st.",R,R,L,SEA,LAD,X,4.0,ground_ball,3,2,2025,-0.21,-0.27,0.73,2.9,,,668227.0,0,5,Bot,145.43,155.13,,,,,-4.555308300364849,-116.5270348846577,2.3314142705468512,-1.1514309664851965,19.90069337129477,-35.2316279912265,3.56,1.64,135.0,86.4,66.0,79.7,2384.0,5.8,776150,687221,518692,500743,571771,605141,624424,681624,669743,54.66,0.008,0.007,0.0,1.0,0.0,0.0,3.0,39,6,Slider,0,2,0,2,2,0,0,2,Standard,Standard,317.0,-0.062,-0.407,75.2,7.9,0.01,0.407,88.0,-2,-2,0.355,0.355,34,28,34,29,1,2,33.0,1.0,,1.0,3.8,-0.21,0.21,26.8,17.612339777493784,-6.209426388158936,26.242262761496573,42.62087291014409,41.821512154182706
CU,2025-09-26,79.8,2.39,5.48,"Raleigh, Cal",663728,680736,single,hit_into_play,,,,,6.0,Cal Raleigh singles on a ground ball to left fielder Michael Conforto.,R,R,L,SEA,LAD,X,7.0,ground_ball,0,0,2025,-0.79,-1.03,0.31,2.47,,,,0,3,Bot,69.13,114.17,,,,,-3.0425966063199135,-116.1124126215792,2.0899097196607697,-6.428337421046172,25.15426797836917,-42.0841926255298,3.57,1.64,57.0,108.1,1.0,78.2,2536.0,5.5,776168,666163,687221,500743,571771,808975,624424,681624,606192,54.99,0.542,0.495,0.9,1.0,1.0,0.0,4.0,23,1,Curveball,1,2,1,2,2,1,1,2,Standard,Standard,313.0,0.044,0.438,80.3,7.9,0.59,-0.438,108.1,-1,-1,0.437,0.437,24,28,25,29,1,1,2.0,1.0,28.0,1.0,4.66,-0.79,0.79,37.0,13.89075598825437,-2.4407449479003596,27.943359384222845,39.71419114707096,38.52475564890241
SL,2025-09-26,91.5,2.58,5.13,"Raleigh, Cal",663728,656945,double,hit_into_play,,,,,4.0,Cal Raleigh doubles (24) on a line drive to left fielder Alex Call.,R,R,L,SEA,LAD,X,7.0,line_drive,0,0,2025,-0.54,0.22,-0.64,2.89,,,,2,9,Bot,46.99,125.58,,,,,-6.961776629802326,-133.2022676402499,-0.3009496170176156,-5.151983677153843,25.640766789588454,-29.656836306660413,3.57,1.64,216.0,98.5,16.0,91.9,2713.0,6.3,776168,666163,687221,500743,571771,808975,669743,681624,606192,54.23,0.6,0.607,1.25,1.0,1.0,1.0,4.0,74,1,Slider,2,3,2,3,3,2,2,3,Strategic,Standard,223.0,0.101,0.579,78.7,7.8,0.826,-0.579,98.5,-1,-1,0.047,0.047,30,28,31,29,1,4,1.0,1.0,,1.0,2.48,-0.54,0.54,33.8,19.55251583681815,-4.886795778890356,33.38420438808684,28.829030233068295,37.958806536509734
FS,2025-09-25,86.8,-1.75,6.23,"Raleigh, Cal",663728,687134,field_out,hit_into_play,,,,,13.0,"Cal Raleigh grounds out, second baseman Ryan Ritter to first baseman Blaine Crim.",R,L,R,SEA,COL,X,4.0,ground_ball,3,1,2025,-1.08,0.74,-1.61,1.99,,,,1,3,Bot,145.93,147.52,,,,,2.538870138020811,-126.34371833098604,-5.467062014308154,-12.041723866741856,26.24436457232491,-23.305589121836498,3.56,1.64,17.0,76.3,-5.0,86.9,1263.0,6.4,776179,690924,688760,690022,691720,678662,687597,686668,666160,54.1,0.081,0.071,0.0,1.0,0.0,0.0,2.0,22,5,Split-Finger,2,0,2,0,0,2,2,0,Infield shade,Standard,218.0,-0.019,-0.419,74.0,8.3,0.081,0.419,88.0,2,2,0.756,0.756,24,28,25,29,2,1,6.0,1.0,,1.0,2.29,1.08,-1.08,59.0,17.484688662857508,-0.6609424735692498,29.89036660371592,49.0361619593115,32.8497876528958
FF,2025-09-25,94.5,-1.51,6.35,"Raleigh, Cal",663728,687134,field_out,hit_into_play,,,,,5.0,Cal Raleigh flies out sharply to right fielder Mickey Moniak.,R,L,R,SEA,COL,X,9.0,fly_ball,0,0,2025,-0.44,1.52,-0.12,2.71,,,,1,1,Bot,180.59,58.54,,,,,4.612096124108076,-137.29951394543917,-7.126989772118534,-6.659397104064849,33.565693370812696,-11.556049658552093,3.56,1.64,371.0,110.1,40.0,94.2,2031.0,6.4,776179,690924,688760,690022,691720,678662,687597,686668,666160,54.09,0.601,1.223,0.0,1.0,0.0,0.0,6.0,6,1,4-Seam Fastball,0,0,0,0,0,0,0,0,Infield shade,Standard,198.0,-0.016,-0.254,76.6,7.7,2.405,0.254,110.1,0,0,0.526,0.526,24,28,25,29,1,0,6.0,1.0,,1.0,1.06,0.44,-0.44,63.1,18.052821180911863,-4.876585321680829,33.56313170156393,34.2124546053262,35.3245242050337
FC,2025-09-25,90.7,-1.91,5.83,"Raleigh, Cal",663728,688642,field_out,hit_into_play,,,,,6.0,Cal Raleigh pops out to second baseman Ryan Ritter.,R,L,R,SEA,COL,X,4.0,popup,1,1,2025,0.1,0.6,0.6,2.88,,,,0,8,Bot,140.86,164.25,,,,,6.039842281523559,-132.11682900079776,-2.7839630266036974,-0.0369695832343826,26.28963705755548,-24.693839846856495,3.56,1.64,92.0,68.4,70.0,90.5,2384.0,6.0,776179,690924,688760,690022,691720,678662,687597,686668,692585,54.53,0.001,0.0,0.0,1.0,0.0,0.0,3.0,71,3,Cutter,6,1,6,1,1,6,6,1,Infield shade,Standard,190.0,-0.001,-0.251,79.2,7.5,0.001,0.251,88.0,5,5,0.995,0.995,24,28,25,29,1,4,61.0,1.0,3.0,1.0,2.15,-0.1,0.1,36.4,21.410767907081222,2.341046806837189,38.48155018164312,25.521368766222977,33.16821272305684
FF,2025-09-24,95.8,-2.26,5.72,"Raleigh, Cal",663728,622608,field_out,hit_into_play,,,,,3.0,Cal Raleigh pops out to third baseman Kyle Karros.,R,L,R,SEA,COL,X,5.0,popup,0,1,2025,-0.68,0.98,0.6,3.12,,668227.0,,1,6,Bot,104.34,157.86,,,,,9.045635207412344,-139.32827617828562,-3.509652077691096,-10.730114528510198,28.791279987364906,-18.766220620143383,3.56,1.63,122.0,60.7,63.0,95.9,2343.0,6.2,776194,696100,682653,606115,691720,678662,687597,666160,692585,54.33,0.003,0.002,0.0,1.0,0.0,0.0,3.0,48,2,4-Seam Fastball,7,1,7,1,1,7,7,1,Strategic,Standard,220.0,-0.002,-0.223,73.3,6.9,0.003,0.223,88.0,6,6,0.987,0.987,30,28,30,29,2,3,11.0,1.0,4.0,1.0,1.49,0.68,-0.68,33.4,14.24368841944833,7.811849254991183,37.71330255098144,26.604782149815545,28.565476721614623
CH,2025-09-24,84.7,-2.74,6.18,"Raleigh, Cal",663728,685299,double,hit_into_play,,,,,13.0,Cal Raleigh doubles (23) on a line drive to right fielder Yanquiel Fernández. Dominic Canzone scores. Victor Robles scores.,R,L,R,SEA,COL,X,9.0,line_drive,0,1,2025,-1.44,0.57,-0.43,0.94,,686527.0,645302.0,2,2,Bot,196.18,133.44,,,,,8.295215566792873,-122.81035784782124,-6.936814874353745,-16.231317691217537,26.52534296471925,-25.13151776990043,3.56,1.63,180.0,83.5,16.0,84.6,2108.0,6.6,776194,696100,682653,606115,691720,678662,687597,666160,692585,53.9,0.977,0.914,1.25,1.0,1.0,1.0,4.0,17,2,Changeup,3,0,3,0,0,5,5,0,Strategic,Standard,242.0,0.101,1.04,67.9,8.9,1.089,-1.04,88.0,3,3,0.814,0.814,27,28,28,29,2,1,6.0,1.0,,1.0,2.66,1.44,-1.44,45.0,20.212376229954504,-13.98946244009596,44.49467886692659,36.93076163435093,42.915389149821465
FF,2025-09-24,98.3,-1.61,5.73,"Raleigh, Cal",663728,683409,home_run,hit_into_play,,,,,8.0,Cal Raleigh homers (60) on a fly ball to right field.,R,L,R,SEA,COL,X,,fly_ball,0,0,2025,-0.93,1.33,-0.24,1.67,,,,2,8,Bot,218.78,71.35,,,,,5.869296922435008,-142.78297182044906,-8.551242594872237,-14.076202923569358,34.91975224472917,-12.195885663292705,3.56,1.63,389.0,108.7,24.0,97.9,2444.0,6.3,776194,696100,682653,606115,691720,678662,687597,666160,692585,54.18,0.9236052631578948,1.827342105263158,2.0,1.0,0.0,3.0,6.0,63,1,4-Seam Fastball,8,1,8,1,1,9,9,1,Infield shade,Standard,230.0,0.0,2.596,76.9,8.8,3.5854210526315775,-2.596,108.7,7,7,0.999,0.999,22,28,23,29,1,4,4.0,1.0,,1.0,1.05,0.93,-0.93,34.1,26.000457314490593,-8.145701503963675,41.71241207383364,36.51831690513134,37.18917200249814
FF,2025-09-24,93.1,-2.82,6.0,"Raleigh, Cal",663728,685299,home_run,hit_into_play,,,,,4.0,Cal Raleigh homers (59) on a fly ball to right field.,R,L,R,SEA,COL,X,,fly_ball,1,1,2025,-0.97,1.24,-0.34,2.37,,,,1,1,Bot,231.44,54.92,,,,,8.507743686944409,-135.40549173809765,-6.354448891662226,-13.6393337362069,24.138104748249336,-15.709682559294231,3.56,1.63,438.0,110.9,33.0,93.9,2210.0,6.4,776194,696100,682653,606115,691720,678662,687597,666160,692585,54.09,0.9668,2.0,2.0,1.0,0.0,3.0,6.0,5,3,4-Seam Fastball,0,0,0,0,0,1,1,0,Infield shade,Standard,224.0,0.101,1.593,77.4,8.3,3.8732,-1.593,110.9,0,0,0.525,0.525,27,28,28,29,1,0,6.0,1.0,,1.0,1.36,0.97,-0.97,41.6,22.690140030089783,-6.310286970220472,36.01512763569099,36.829057908903835,37.59519494144092
FF,2025-09-24,95.9,-2.24,5.86,"Raleigh, Cal",663728,622608,field_out,hit_into_play,,,,,6.0,Cal Raleigh flies out to shortstop Ezequiel Tovar.,R,L,R,SEA,COL,X,6.0,fly_ball,1,2,2025,-0.51,1.14,0.49,2.7,,,641487.0,1,4,Bot,124.82,123.03,,,,,8.27130417513644,-139.2529879332143,-5.239806871205414,-8.590117078779842,33.67753580797042,-16.312946903004153,3.56,1.63,194.0,63.0,40.0,94.6,2120.0,5.8,776194,696100,682653,606115,691720,678662,687597,666160,692585,54.67,0.4,0.36,0.0,1.0,0.0,0.0,3.0,33,4,4-Seam Fastball,6,1,6,1,1,6,6,1,Infield shade,Standard,225.0,-0.004,-0.179,74.3,7.0,0.407,0.179,88.0,5,5,0.945,0.945,30,28,30,29,1,2,11.0,1.0,4.0,1.0,1.36,0.51,-0.51,33.0,12.097236812442164,8.506863719107072,42.58498228304601,26.08836479293195,28.24581661336692
CH,2025-09-23,89.6,-3.73,5.46,"Raleigh, Cal",663728,685326,field_out,hit_into_play,,,,,14.0,Cal Raleigh pops out to second baseman Ryan Ritter.,R,L,R,SEA,COL,X,4.0,popup,1,0,2025,-1.5,0.67,0.19,1.52,,,,0,4,Bot,139.4,111.21,,,,,12.98677292916032,-129.87348862994446,-5.2226847153695575,-19.645607385297335,25.53003133584578,-23.56350678966959,3.58,1.65,223.0,77.3,47.0,90.7,2108.0,7.0,776212,696100,688760,690022,691720,678662,687597,686668,666160,53.48,0.089,0.092,0.0,1.0,0.0,0.0,3.0,26,2,Changeup,0,1,0,1,1,0,0,1,Infield shade,Standard,242.0,-0.035,-0.301,78.7,8.9,0.119,0.301,88.0,-1,-1,0.433,0.433,24,28,25,29,2,1,6.0,2.0,5.0,1.0,2.17,1.5,-1.5,25.6,23.93328952011168,-20.493659739668548,48.187209806817954,32.01585127765769,43.169845051810626
CH,2025-09-23,84.5,-1.21,5.55,"Raleigh, Cal",663728,677955,field_out,hit_into_play,,,,,13.0,Cal Raleigh lines out sharply to second baseman Ryan Ritter.,R,L,R,SEA,COL,X,4.0,line_drive,1,1,2025,-1.35,0.01,-0.98,1.66,,,,0,6,Bot,148.44,131.89,,,,,3.2153810757802233,-122.99106799713005,-2.657521479916637,-14.247077293925672,27.63906454079647,-31.681536015968152,3.58,1.65,181.0,105.3,11.0,84.2,1583.0,6.4,776212,696100,688760,690022,691720,678662,687597,686668,666160,54.09,0.942,0.941,0.0,1.0,0.0,0.0,4.0,44,3,Changeup,1,3,1,3,3,1,1,3,Infield shade,Standard,259.0,-0.033,-0.251,74.7,8.7,1.208,0.251,105.3,-2,-2,0.258,0.258,25,28,26,29,1,2,3.0,2.0,3.0,1.0,3.21,1.35,-1.35,25.5,17.505920978294597,-2.514072122934262,33.94198876008691,43.79959373094206,34.22568442298209
CH,2025-09-21,78.7,-1.3,5.64,"Raleigh, Cal",663728,669920,home_run,hit_into_play,,,,,7.0,Cal Raleigh homers (58) on a line drive to right field. Randy Arozarena scores.,R,L,R,HOU,SEA,X,,line_drive,1,0,2025,-1.52,-0.04,-0.49,2.23,,,668227.0,1,2,Top,227.05,91.76,,,,,4.603300005150304,-114.47533847370214,-0.3624937789753387,-14.191803881637584,24.886595957007422,-32.69448467991399,3.59,1.67,351.0,107.6,27.0,78.4,1882.0,6.5,776228,673237,572233,514888,621043,643289,660821,676694,805904,53.97,0.926,1.8696000000000008,2.0,1.0,0.0,3.0,6.0,15,2,Changeup,0,5,5,0,7,0,7,0,Infield shade,Standard,272.0,-0.056,1.43,,,3.698025,-1.43,107.6,-5,5,0.107,0.893,32,28,32,29,2,1,6.0,1.0,5.0,2.0,3.78,1.52,-1.52,20.8,,,,,
SI,2025-09-20,95.5,0.47,6.23,"Raleigh, Cal",663728,664285,home_run,hit_into_play,,,,,3.0,Cal Raleigh homers (57) on a fly ball to right center field.,R,R,L,HOU,SEA,X,,fly_ball,0,2,2025,1.4,0.65,0.33,3.1,,,,1,3,Top,184.3,48.57,,,,,-3.509057793329297,-138.9411572537284,-3.9843791696052753,18.894802915741263,34.14374058666027,-23.077751470671544,3.61,1.69,399.0,105.6,25.0,94.3,2202.0,5.8,776248,673237,605170,514888,621043,665161,660821,676694,701358,54.71,0.7939374999999997,1.5645781250000006,2.0,1.0,0.0,3.0,6.0,19,3,Sinker,0,2,2,0,3,0,3,0,Infield shade,Standard,143.0,-0.092,1.674,74.1,6.5,3.0643125000000015,-1.674,105.6,-2,2,0.311,0.6890000000000001,31,28,32,29,2,1,6.0,1.0,5.0,1.0,1.87,1.4,-1.4,43.3,7.295070249981457,14.921253234092644,28.739775940403955,37.71486910456929,27.67764115997117
FF,2025-09-20,92.5,3.32,5.98,"Raleigh, Cal",663728,595345,field_out,hit_into_play,,,,,5.0,"Cal Raleigh grounds out, shortstop Jeremy Peña to first baseman Victor Caratini.",R,R,L,HOU,SEA,X,6.0,ground_ball,1,0,2025,0.82,1.37,-0.23,2.8,,,,2,8,Top,112.98,160.2,,,,,-10.789859626007363,-134.2049090962251,-5.200359087059935,12.29659408334006,30.789135170613815,-14.65865163854533,3.61,1.69,54.0,90.9,1.0,91.8,2304.0,6.2,776248,673237,605170,514888,621043,665161,660821,676694,701358,54.33,0.372,0.333,0.0,1.0,0.0,0.0,2.0,67,2,4-Seam Fastball,4,6,6,4,6,4,6,4,Standard,Standard,139.0,0.008,-0.297,71.2,6.5,0.397,0.297,90.9,-2,2,0.159,0.841,33,28,34,29,1,4,3.0,1.0,3.0,1.0,1.32,0.82,-0.82,31.5,-0.8113956814618303,9.560247596689482,43.15429546351846,30.480283157456338,26.848817622510467
SL,2025-09-19,88.2,-1.86,5.2,"Raleigh, Cal",663728,660853,field_out,hit_into_play,,,,,8.0,Cal Raleigh flies out to center fielder Jake Meyers.,R,L,R,HOU,SEA,X,8.0,fly_ball,1,1,2025,0.1,0.54,0.25,1.67,,,,2,7,Top,144.38,81.83,,,,,4.982211659321139,-128.39436543155972,-3.616595345214715,0.0525818157161115,28.367120028864075,-25.60634623570033,3.6,1.7,295.0,95.0,45.0,89.1,2284.0,7.0,776262,673237,572233,514888,621043,665161,660821,676694,805904,53.54,0.015,0.025,0.0,1.0,0.0,0.0,3.0,51,3,Slider,0,3,3,0,3,0,3,0,Infield shade,Standard,208.0,0.005,-0.244,78.5,8.4,0.045,0.244,95.0,-3,3,0.123,0.877,29,28,30,29,1,3,3.0,1.0,2.0,1.0,2.4,-0.1,0.1,17.0,17.387404753859997,-9.641639557042566,45.74916446872658,31.183622788743964,35.39764369421333
CH,2025-09-19,87.7,-2.38,6.01,"Raleigh, Cal",663728,686613,field_out,hit_into_play,,,,,11.0,"Cal Raleigh grounds out, second baseman Jose Altuve to first baseman Christian Walker.",R,L,R,HOU,SEA,X,4.0,ground_ball,0,2,2025,-1.23,0.25,-1.44,2.69,,,,1,1,Top,147.71,158.68,,,,,4.879573228911205,-127.59361006045874,-2.3807486850704658,-14.49480005078418,28.45362194115716,-29.131045125491745,3.6,1.7,48.0,72.1,2.0,88.3,1534.0,6.9,776262,673237,572233,514888,621043,665161,660821,676694,805904,53.64,0.114,0.101,0.0,1.0,0.0,0.0,2.0,2,5,Changeup,0,0,0,0,0,0,0,0,Infield shade,Standard,228.0,0.01,-0.163,75.3,8.1,0.114,0.163,88.0,0,0,0.528,0.472,26,28,27,29,1,0,6.0,1.0,5.0,1.0,2.73,1.23,-1.23,45.8,19.13174858096807,-9.8697766207146,26.286399639556496,48.735622815646664,38.842451315478016
CH,2025-09-18,87.8,-2.03,5.11,"Raleigh, Cal",663728,663568,field_out,hit_into_play,,,,,13.0,Cal Raleigh grounds out to first baseman Vinnie Pasquantino.,R,L,R,KC,SEA,X,3.0,ground_ball,1,1,2025,-1.28,-0.3,-0.5,1.08,,,,0,4,Top,158.4,168.91,,,,,6.329761776052029,-127.66228357052567,-2.915544681979302,-15.335762142918265,29.850847006547102,-34.99696692325565,3.6,1.7,10.0,74.0,-7.0,87.1,1333.0,6.2,776272,695600,686469,686681,672580,677951,624428,573262,695506,54.32,0.056,0.051,0.0,1.0,0.0,0.0,2.0,22,3,Changeup,0,1,1,0,1,0,1,0,Infield shade,Standard,251.0,0.022,-0.251,76.6,8.7,0.057,0.251,88.0,-1,1,0.378,0.622,28,28,28,29,2,1,7.0,1.0,6.0,1.0,3.3,1.28,-1.28,28.2,23.804870048245583,-10.047196850842628,40.585324489455154,38.00862799110843,40.430467516675265
CH,2025-09-18,91.0,-0.97,5.81,"Raleigh, Cal",663728,664199,single,hit_into_play,,,,,14.0,Cal Raleigh singles on a line drive to right fielder Jac Caglianone.,R,L,R,KC,SEA,X,9.0,line_drive,3,2,2025,-1.34,0.02,0.39,1.41,,,,0,9,Top,190.12,129.01,,,,,6.28646462626194,-132.40251865155824,-5.211267982331267,-17.12511640855069,26.119000653484836,-31.1073725780744,3.6,1.7,236.0,87.1,18.0,91.2,1878.0,6.2,776272,571912,686469,663697,672580,677951,624428,686475,695506,54.27,0.815,0.778,0.9,1.0,1.0,0.0,4.0,57,6,Changeup,0,2,2,0,2,0,2,0,Infield shade,Standard,243.0,-0.009,0.353,71.1,8.0,0.957,-0.353,88.0,-2,2,0.074,0.926,32,28,32,29,1,3,2.0,1.0,2.0,1.0,2.72,1.34,-1.34,38.8,14.048565562863322,-4.093253214919668,49.74772751251119,28.37616400022759,34.590536837452305
FC,2025-09-17,89.0,1.47,5.9,"Raleigh, Cal",663728,666142,field_out,hit_into_play,,,,,8.0,"Cal Raleigh grounds out, third baseman Maikel Garcia to first baseman Vinnie Pasquantino.",R,R,L,KC,SEA,X,5.0,ground_ball,2,1,2025,-0.28,0.44,0.17,2.26,,,,2,3,Top,95.06,166.38,,,,,-2.618064631521816,-129.7450504434408,-3.906505813615064,-2.6347629883692076,24.648794581172556,-26.61618487679778,3.6,1.7,22.0,83.1,-4.0,89.2,2688.0,6.1,776289,521692,686469,624428,672580,677951,573262,686475,695506,54.41,0.137,0.121,0.0,1.0,0.0,0.0,2.0,20,4,Cutter,3,2,2,3,2,3,2,3,Strategic,Standard,167.0,0.013,-0.296,78.1,8.4,0.139,0.296,88.0,1,-1,0.656,0.344,27,28,28,29,2,1,104.0,1.0,6.0,1.0,2.41,-0.28,0.28,31.5,14.517168769345986,-4.361000990596804,28.38950699361366,36.076536839993224,35.68536709043022
CH,2025-09-17,89.0,-1.78,5.96,"Raleigh, Cal",663728,668674,single,hit_into_play,,,,,13.0,Cal Raleigh singles on a ground ball to center fielder Tyler Tolbert.,R,L,R,KC,SEA,X,8.0,ground_ball,0,2,2025,-1.45,0.36,-1.26,1.81,,,,1,8,Top,152.83,98.98,,,,,4.296328778284552,-129.5942674831903,-4.967430764113159,-17.224722220955726,25.674096629241077,-27.252266291155017,3.6,1.7,35.0,88.0,-1.0,89.1,1982.0,6.2,776289,521692,686469,624428,672580,677951,573262,686475,695506,54.31,0.241,0.216,0.9,1.0,1.0,0.0,2.0,60,5,Changeup,3,4,4,3,4,3,4,3,Infield shade,Standard,234.0,-0.03,0.506,73.3,8.0,0.273,-0.506,88.0,-1,1,0.284,0.716,30,28,30,29,1,3,4.0,1.0,,1.0,2.5,1.45,-1.45,39.4,11.024458668910452,-4.903987531569848,32.28021048151038,47.9070161204858,29.37449921939593
FF,2025-09-17,93.4,-2.63,4.61,"Raleigh, Cal",663728,670167,field_out,hit_into_play,,,,,11.0,Cal Raleigh flies out to left fielder Mike Yastrzemski.,R,L,R,KC,SEA,X,7.0,fly_ball,2,2,2025,-1.02,0.89,-0.37,4.22,,,,0,6,Top,76.8,119.59,,,,,8.045524020758503,-135.70734441090278,2.797755287983001,-14.376954133082178,29.95794758991656,-22.02634239513652,3.6,1.7,234.0,70.7,38.0,93.2,2332.0,6.3,776289,521692,686469,624428,672580,677951,573262,686475,695506,54.2,0.509,0.522,0.0,1.0,0.0,0.0,3.0,44,5,4-Seam Fastball,3,2,2,3,2,3,2,3,Infield shade,Standard,245.0,0.032,-0.232,46.8,6.1,0.641,0.232,88.0,1,-1,0.664,0.3359999999999999,31,28,31,29,1,2,3.0,1.0,3.0,1.0,1.73,1.02,-1.02,7.6,6.783737706437562,18.458808417316455,14.669936184642648,37.55048937143334,21.867193049781953
CH,2025-09-16,85.8,1.22,5.67,"Raleigh, Cal",663728,663738,home_run,hit_into_play,,,,,3.0,Cal Raleigh homers (56) on a fly ball to center field. Randy Arozarena scores.,R,R,L,KC,SEA,X,,fly_ball,0,0,2025,1.02,-0.11,0.65,3.05,,,668227.0,0,4,Top,135.48,27.24,,,,,-3.4364579850650676,-125.00237203091132,0.2508349998794834,11.431530970792204,23.323562085534785,-33.621483900129235,3.6,1.71,425.0,106.1,23.0,86.6,1420.0,6.6,776302,695600,686469,663697,672580,677951,573262,664728,695506,53.92,0.7125178571428572,1.330339285714285,2.0,1.0,0.0,3.0,6.0,34,1,Changeup,0,7,7,0,9,0,9,0,Strategic,Standard,112.0,-0.016,1.059,74.2,7.2,2.5631607142857153,-1.059,106.1,-7,7,0.026,0.974,28,28,29,29,1,2,4.0,2.0,2.0,1.0,3.18,1.02,-1.02,33.3,9.675964041324455,7.615830263062044,24.75407320195472,41.05228521323219,30.94956754446545
CH,2025-09-16,85.0,-2.48,6.2,"Raleigh, Cal",663728,679883,field_out,hit_into_play,,,,,13.0,Cal Raleigh flies out to center fielder Kyle Isbel.,R,L,R,KC,SEA,X,8.0,fly_ball,2,2,2025,-1.17,0.46,-1.23,2.44,,,668227.0,0,6,Top,136.61,82.77,,,,,5.305079894506521,-123.79429839368215,-3.491224445602944,-13.039268876332534,22.54505036017585,-27.00683467700708,3.6,1.71,319.0,84.9,29.0,85.9,2032.0,6.7,776302,695600,686469,663697,672580,677951,573262,664728,695506,53.85,0.068,0.087,0.0,1.0,0.0,0.0,3.0,51,5,Changeup,1,10,10,1,10,1,10,1,Infield shade,Standard,230.0,0.0,-0.2,61.5,8.1,0.135,0.2,88.0,-9,9,0.004,0.996,23,28,24,29,1,3,2.0,2.0,3.0,1.0,2.67,1.17,-1.17,49.8,12.003654676238584,1.6694030252095544,23.658584047548093,49.08935267492831,30.522732554456567
CH,2025-09-16,78.9,-1.52,6.68,"Raleigh, Cal",663728,608379,double,hit_into_play,,,,,14.0,Cal Raleigh doubles (22) on a sharp line drive to right fielder Jac Caglianone. Randy Arozarena to 3rd.,R,L,R,KC,SEA,X,9.0,line_drive,1,0,2025,-0.94,0.59,0.03,1.41,,,668227.0,0,1,Top,192.89,136.49,,,,,5.163056397450727,-114.76089611640656,-5.771173036209916,-9.301794505270015,21.46970603265613,-26.10498452240705,3.6,1.71,142.0,105.2,9.0,79.5,1564.0,6.8,776302,695600,686469,663697,672580,677951,573262,664728,695506,53.71,0.803,0.777,1.25,1.0,1.0,1.0,4.0,2,2,Changeup,0,0,0,0,0,0,0,0,Infield shade,Standard,250.0,-0.094,0.692,81.8,8.6,0.984,-0.692,105.2,0,0,0.459,0.5409999999999999,33,28,34,29,1,0,11.0,2.0,5.0,1.0,3.08,0.94,-0.94,59.3,26.94538150667764,-9.895008521913644,42.82109861603178,32.66471908765065,42.07101894712598
FF,2025-09-16,95.0,-0.76,6.05,"Raleigh, Cal",663728,664199,field_out,hit_into_play,,,,,7.0,Cal Raleigh flies out to left fielder Mike Yastrzemski.,R,L,R,KC,SEA,X,7.0,fly_ball,0,2,2025,-0.43,1.51,-0.33,1.87,,,,0,8,Top,48.87,124.8,,,,,2.060744158663218,-138.12655579283597,-8.640285346845829,-5.920964206588143,31.01465379614712,-11.085101692973057,3.6,1.71,265.0,79.7,41.0,94.7,2481.0,6.2,776302,695600,686469,663697,672580,677951,573262,664728,695506,54.31,0.028,0.026,0.0,1.0,0.0,0.0,3.0,70,3,4-Seam Fastball,3,10,10,3,10,3,10,3,Infield shade,Standard,211.0,0.0,-0.165,74.8,7.6,0.039,0.165,88.0,-7,7,0.004,0.996,32,28,32,29,1,4,3.0,2.0,2.0,1.0,1.02,0.43,-0.43,40.1,2.8139389907038472,6.944087520498229,38.94051604391442,37.029522239381095,21.69016628210976
FS,2025-09-14,85.9,-2.06,5.73,"Raleigh, Cal",663728,570632,field_out,hit_into_play,,,,,13.0,"Cal Raleigh grounds out softly, pitcher José Ureña to first baseman Logan Davidson.",R,L,R,SEA,LAA,X,1.0,ground_ball,2,2,2025,-0.97,0.91,-0.84,1.27,,,,1,7,Bot,129.61,197.24,,,,,4.841053846017374,-124.83510250266716,-6.119542009946574,-11.104449899191753,26.05064607078297,-21.570668834492523,3.61,1.72,1.0,48.7,-65.0,85.6,1380.0,6.2,776317,665861,669722,695681,672724,694203,621493,669326,666176,54.25,0.225,0.203,0.0,1.0,0.0,0.0,1.0,62,7,Split-Finger,11,2,11,2,2,11,11,2,Infield shade,Standard,219.0,0.0,-0.228,76.7,9.4,0.226,0.228,88.0,9,9,0.999,0.999,33,28,34,29,2,4,4.0,1.0,3.0,2.0,2.19,0.97,-0.97,35.8,24.37876412112628,-25.043593842848132,38.54133686321519,43.91393259520399,48.173235801485504
CH,2025-09-14,80.5,-2.75,5.99,"Raleigh, Cal",663728,543294,single,hit_into_play,,,,,13.0,Cal Raleigh singles on a soft ground ball to third baseman Yoán Moncada.,R,L,R,SEA,LAA,X,5.0,ground_ball,2,1,2025,-1.3,0.55,-1.05,1.96,,,,0,3,Bot,107.12,178.99,,,,,6.1416467122113145,-117.06327107951032,-3.2390475947094823,-13.172642331611524,23.816304835573185,-26.66967230609023,3.61,1.72,6.0,37.4,-18.0,79.0,2080.0,5.4,776317,665861,669722,695681,660162,694203,621493,669326,666176,55.08,0.225,0.202,0.9,1.0,1.0,0.0,1.0,20,4,Changeup,2,0,2,0,0,2,2,0,Infield shade,Standard,233.0,0.023,0.392,77.7,9.0,0.236,-0.392,88.0,2,2,0.766,0.766,35,28,36,29,2,1,5.0,1.0,6.0,2.0,2.99,1.3,-1.3,42.5,29.27698049900968,-16.64318310012131,30.386469854664963,48.06535950009996,44.84520410851177
CH,2025-09-14,90.2,-2.38,5.48,"Raleigh, Cal",663728,570632,field_out,hit_into_play,,,,,7.0,Cal Raleigh flies out to left fielder Taylor Ward.,R,L,R,SEA,LAA,X,7.0,fly_ball,2,2,2025,-1.18,0.8,-0.79,1.61,,,,0,5,Bot,61.35,134.62,,,,,6.449506160924741,-131.21553174803458,-5.397951557045344,-15.02695853600892,25.736606418506287,-22.03521163203313,3.61,1.72,226.0,87.3,51.0,90.3,2007.0,6.2,776317,665861,669722,695681,672724,694203,621493,669326,666176,54.29,0.008,0.007,0.0,1.0,0.0,0.0,3.0,46,6,Changeup,11,1,11,1,1,11,11,1,Infield shade,Standard,236.0,0.0,-0.232,72.5,8.2,0.011,0.232,88.0,10,10,0.998,0.998,33,28,34,29,1,3,4.0,1.0,3.0,2.0,1.99,1.18,-1.18,28.8,18.69535755921433,4.095662547746943,36.82928860848449,42.47484630126769,30.759910253153095
SI,2025-09-14,84.6,-2.7,6.02,"Raleigh, Cal",663728,543294,home_run,hit_into_play,,,,,13.0,Cal Raleigh homers (54) on a line drive to left center field. Randy Arozarena scores.,R,L,R,SEA,LAA,X,,line_drive,0,0,2025,-0.93,0.52,-1.02,2.64,,,668227.0,0,1,Bot,70.19,42.92,,,,,5.676886019526002,-123.24119298978404,-2.660341177905262,-10.49505138745216,20.89272366068077,-26.487590486682382,3.61,1.72,409.0,109.4,20.0,83.9,1912.0,5.4,776317,665861,669722,695681,660162,694203,621493,669326,666176,55.07,0.6838064516129032,1.1916451612903225,2.0,1.0,0.0,3.0,6.0,5,1,Sinker,0,0,0,0,0,2,2,0,Standard,Standard,214.0,0.149,1.059,76.8,7.4,2.235935483870968,-1.059,109.4,0,0,0.583,0.583,35,28,36,29,1,0,5.0,1.0,6.0,2.0,2.62,0.93,-0.93,40.8,7.937164310287272,10.231853194649664,29.356261849166813,43.82295237223912,28.324972655221785
SL,2025-09-13,80.9,1.15,5.94,"Raleigh, Cal",663728,815083,single,hit_into_play,,,,,4.0,Cal Raleigh singles on a fly ball to center fielder Bryce Teodosio.,R,R,L,SEA,LAA,X,8.0,fly_ball,0,1,2025,-0.19,-0.4,-0.55,2.99,,,,0,5,Bot,136.23,98.6,,,,,-3.440718103268968,-117.88616909610036,0.8105239644611015,-1.1283047342838677,21.519405336974742,-36.30701624309762,3.62,1.72,224.0,68.9,26.0,81.5,2250.0,6.5,776333,665861,669722,695681,660162,694203,621493,669326,666176,53.96,0.977,0.905,0.9,1.0,1.0,0.0,4.0,39,2,Slider,3,2,3,2,2,3,3,2,Infield shade,Standard,275.0,0.036,0.477,72.1,6.5,1.04,-0.477,88.0,1,1,0.705,0.705,24,28,24,29,3,2,6.0,1.0,6.0,1.0,3.87,-0.19,0.19,43.9,1.5710330000839507,11.154873931958178,32.37008626208236,28.40208417728794,28.13222422677262
SI,2025-09-13,90.9,3.03,4.91,"Raleigh, Cal",663728,671111,field_out,hit_into_play,,,,,7.0,"Cal Raleigh grounds out, third baseman Yoán Moncada to first baseman Logan Davidson.",R,R,L,SEA,LAA,X,5.0,ground_ball,1,2,2025,1.45,0.36,-0.5,2.29,,,,0,7,Bot,102.33,163.75,,,,,-12.12089909133438,-131.90213500407384,-1.4290984288633548,19.41501487521264,27.232828836970643,-27.883617826769324,3.62,1.72,49.0,103.9,0.0,92.3,2270.0,7.2,776333,665861,669722,695681,660162,694203,621493,669326,666176,53.31,0.466,0.424,0.0,1.0,0.0,0.0,4.0,54,5,Sinker,5,2,5,2,2,5,5,2,Standard,Standard,128.0,-0.004,-0.189,76.0,7.1,0.508,0.189,103.9,3,3,0.94,0.94,27,28,27,29,1,3,2.0,1.0,3.0,1.0,2.41,1.45,-1.45,23.8,12.649296198061675,-4.590653105829362,38.29409870118645,30.46723244537681,32.98672791918546
CU,2025-09-12,78.8,1.97,5.54,"Raleigh, Cal",663728,579328,field_out,hit_into_play,,,,,9.0,"Cal Raleigh grounds out, third baseman Yoán Moncada to first baseman Logan Davidson.",R,R,L,SEA,LAA,X,5.0,ground_ball,3,2,2025,-0.65,-0.55,0.64,1.82,,,,1,6,Bot,100.81,171.35,,,,,-1.6982446882202933,-114.87392794868444,-0.3133936979013441,-5.47817926496019,19.93065415220774,-37.19026988814258,3.64,1.72,7.0,82.6,-16.0,79.8,2555.0,6.7,776345,665861,669722,650859,660162,672724,621493,669326,621035,53.77,0.073,0.064,0.0,1.0,0.0,0.0,2.0,42,8,Curveball,1,0,1,0,0,1,1,0,Infield shade,Standard,313.0,-0.019,-0.332,70.6,8.0,0.073,0.332,88.0,1,1,0.722,0.722,34,28,34,29,3,2,6.0,1.0,6.0,1.0,4.19,-0.65,0.65,48.0,17.58533652623988,-8.111503513636377,29.488049469853426,43.947877626809166,45.30692465301397
FF,2025-09-12,95.4,2.3,5.31,"Raleigh, Cal",663728,579328,double,hit_into_play,,,,,2.0,Cal Raleigh doubles (20) on a line drive to left fielder Taylor Ward.,R,R,L,SEA,LAA,X,7.0,line_drive,0,0,2025,0.6,1.29,-0.21,3.19,,,,1,4,Bot,41.5,96.83,,,,,-8.01399207409878,-138.81274217435924,-2.8881514001288884,9.512102891580456,30.187973561191107,-14.98253939507774,3.64,1.72,211.0,97.4,14.0,96.5,2175.0,6.8,776345,665861,669722,650859,660162,672724,621493,669326,621035,53.66,0.894,0.852,1.25,1.0,1.0,1.0,4.0,25,1,4-Seam Fastball,0,0,0,0,0,0,0,0,Infield shade,Standard,141.0,0.052,0.642,78.9,7.8,1.057,-0.642,97.4,0,0,0.533,0.533,34,28,34,29,2,1,6.0,1.0,6.0,1.0,1.21,0.6,-0.6,35.2,20.198451437121687,-8.956851633362257,28.96403722915716,31.67965837413548,37.7368668490496
CH,2025-09-12,83.2,-2.89,5.55,"Raleigh, Cal",663728,641401,double,hit_into_play,,,,,13.0,"Cal Raleigh doubles (21) on a fly ball to left fielder Taylor Ward, deflected by center fielder Bryce Teodosio.",R,L,R,SEA,LAA,X,8.0,fly_ball,2,1,2025,-1.33,0.05,-1.28,2.04,,,,2,8,Bot,86.11,63.88,,,,,6.3464473505550165,-120.9707356933972,-1.6562198380321034,-14.316837389500764,25.373624161563193,-31.546515303582037,3.64,1.72,384.0,102.7,32.0,83.6,2000.0,6.7,776345,595453,669722,621035,650859,672724,621493,669326,683090,53.76,0.6212000000000001,1.2407272727272731,1.25,1.0,1.0,1.0,6.0,60,4,Changeup,2,1,2,1,1,2,2,1,Infield shade,Standard,253.0,0.014,0.542,77.5,8.5,2.4420727272727265,-0.542,102.7,1,1,0.844,0.844,30,28,30,29,1,3,27.0,1.0,2.0,1.0,3.27,1.33,-1.33,26.7,16.162732269655546,1.0710975086448018,31.438686559778574,48.94405425194353,30.20135658824268
CU,2025-09-12,80.1,1.87,5.63,"Raleigh, Cal",663728,579328,field_out,hit_into_play,,,,,14.0,"Cal Raleigh grounds out, third baseman Yoán Moncada to first baseman Logan Davidson.",R,R,L,SEA,LAA,X,5.0,ground_ball,1,2,2025,-0.61,-1.12,0.4,1.03,,,,1,1,Bot,93.24,169.04,,,,,-2.097856515516865,-116.66857924045664,-1.325426115688856,-5.139035578184113,22.608984242477636,-42.32630961427411,3.64,1.72,9.0,71.0,-8.0,80.8,2768.0,6.8,776345,665861,669722,650859,660162,672724,621493,669326,621035,53.75,0.046,0.044,0.0,1.0,0.0,0.0,2.0,5,5,Curveball,0,0,0,0,0,0,0,0,Infield shade,Standard,318.0,-0.012,-0.18,70.2,8.7,0.047,0.18,88.0,0,0,0.522,0.522,34,28,34,29,1,0,6.0,1.0,6.0,1.0,4.67,-0.61,0.61,44.3,18.303214812455256,-16.196784660697105,36.56455948855104,39.75282566098931,47.52301981973651
FC,2025-09-11,93.2,-2.02,6.35,"Raleigh, Cal",663728,445276,field_out,hit_into_play,,,,,1.0,Cal Raleigh pops out to second baseman Luis Rengifo.,R,L,R,SEA,LAA,X,4.0,popup,3,1,2025,0.42,1.46,-0.3,3.74,,,668227.0,1,9,Bot,159.62,140.43,,,,,3.536658897037468,-135.64150785210674,-4.128600180929957,4.312896514076875,31.96091573421689,-13.561911828396092,3.65,1.71,169.0,96.0,64.0,93.6,2645.0,6.7,776362,518595,669722,650859,660162,687263,621493,669326,621035,53.78,0.015,0.018,0.0,1.0,0.0,0.0,3.0,72,5,Cutter,4,4,4,4,4,4,4,4,Infield shade,Standard,181.0,-0.102,-0.406,80.2,7.7,0.021,0.406,96.0,0,0,0.665,0.665,37,28,38,29,1,4,1.0,1.0,7.0,1.0,1.18,-0.42,0.42,51.4,15.486611050544523,-15.02199290023006,20.45047152389788,35.64079059396312,33.49501114550654
CH,2025-09-10,89.6,-2.25,5.72,"Raleigh, Cal",663728,700241,single,hit_into_play,,,,,13.0,Cal Raleigh singles on a ground ball to right fielder Lars Nootbaar.,R,L,R,SEA,STL,X,9.0,ground_ball,2,2,2025,-1.35,0.28,-0.92,2.26,,,,2,3,Bot,144.95,172.0,,,,,6.155750910002354,-130.27934175106842,-3.134063162545971,-16.71367430918334,27.73940592559019,-28.565535856015916,3.65,1.72,41.0,85.0,0.0,89.9,1645.0,6.5,776373,686780,575929,665877,669357,695336,676475,701675,663457,53.98,0.238,0.21,0.9,1.0,1.0,0.0,2.0,25,5,Changeup,1,1,1,1,1,1,1,1,Infield shade,Standard,233.0,0.015,0.362,75.6,8.4,0.287,-0.362,88.0,0,0,0.511,0.511,24,28,25,29,2,1,5.0,1.0,6.0,1.0,2.57,1.35,-1.35,33.7,22.1873668564823,-8.04190758065507,30.294525130435755,43.87850859288042,36.757824773225295
CH,2025-09-10,88.3,-2.37,5.81,"Raleigh, Cal",663728,700241,field_out,hit_into_play,,,,,5.0,Cal Raleigh flies out to center fielder Nathan Church.,R,L,R,SEA,STL,X,8.0,fly_ball,1,0,2025,-1.13,0.3,-0.1,2.72,,,,1,1,Bot,116.21,103.26,,,,,7.91632993560086,-128.39993238130393,-2.1108888720107193,-14.121401677565713,23.927241432731662,-28.6528673304361,3.65,1.72,242.0,80.7,46.0,88.9,1956.0,6.5,776373,686780,575929,665877,669357,695336,676475,701675,663457,54.02,0.023,0.022,0.0,1.0,0.0,0.0,3.0,6,2,Changeup,0,1,0,1,1,0,0,1,Infield shade,Standard,236.0,-0.02,-0.293,78.4,7.8,0.03,0.293,88.0,-1,-1,0.427,0.427,24,28,25,29,1,0,5.0,1.0,6.0,1.0,2.61,1.13,-1.13,31.9,17.140404077510937,2.298569292032764,37.366111653671865,32.9706974350991,30.30659233860356
FF,2025-09-09,91.3,0.61,6.59,"Raleigh, Cal",663728,669461,field_out,hit_into_play,,,,,5.0,Cal Raleigh lines out to center fielder Victor Scott II.,R,R,L,SEA,STL,X,8.0,line_drive,0,1,2025,0.67,1.29,0.24,2.84,645302.0,,641487.0,2,4,Bot,104.87,72.5,,,,,-2.3474293762272236,-132.83504638935983,-6.279249843314776,8.374692028283118,31.367918383220104,-15.7341058134176,3.65,1.72,354.0,106.5,18.0,90.6,1900.0,6.1,776391,686780,575929,665877,669357,695336,676475,687363,663457,54.37,0.4430666666666667,0.6848333333333332,0.0,1.0,0.0,0.0,6.0,40,2,4-Seam Fastball,5,3,5,3,3,5,5,3,Infield shade,Standard,150.0,-0.03,-0.237,78.9,7.3,1.2481999999999998,0.237,106.5,2,2,0.781,0.781,25,28,26,29,3,2,6.0,1.0,6.0,1.0,1.47,0.67,-0.67,46.4,8.984159275051217,1.4362084451434167,31.040225109925185,36.73514887767347,30.228058063517867
CH,2025-09-09,86.4,0.85,6.41,"Raleigh, Cal",663728,669461,field_out,hit_into_play,,,,,14.0,Cal Raleigh lines out to left fielder Alec Burleson.,R,R,L,SEA,STL,X,7.0,line_drive,1,0,2025,1.13,1.12,0.6,1.6,,,,0,3,Bot,44.91,88.92,,,,,-2.877861891717137,-125.63138993120457,-7.511596559714638,12.52999850411342,25.14681586211826,-18.98091105992299,3.65,1.72,336.0,96.2,23.0,86.3,1561.0,6.2,776391,686780,575929,665877,669357,695336,676475,687363,663457,54.27,0.218,0.278,0.0,1.0,0.0,0.0,5.0,24,2,Changeup,3,2,3,2,2,3,3,2,Standard,Standard,138.0,-0.024,-0.301,68.9,8.7,0.443,0.301,96.2,1,1,0.672,0.672,25,28,26,29,2,1,6.0,1.0,6.0,1.0,1.93,1.13,-1.13,42.1,11.551210780464812,-14.794246493792018,40.56825746276668,39.539177486338936,41.734447693136175
FF,2025-09-09,93.5,0.67,6.71,"Raleigh, Cal",663728,669461,field_out,hit_into_play,,,,,6.0,Cal Raleigh lines out to left fielder Alec Burleson.,R,R,L,SEA,STL,X,7.0,line_drive,0,0,2025,0.42,1.42,0.62,2.41,,,,1,1,Bot,46.33,98.4,,,,,-1.0558602094675826,-136.02438168284084,-8.48804976404863,5.399723946571608,28.70159225165665,-12.85189420926503,3.65,1.72,316.0,88.6,25.0,93.7,2077.0,6.3,776391,686780,575929,665877,669357,695336,676475,687363,663457,54.18,0.111,0.132,0.0,1.0,0.0,0.0,3.0,5,1,4-Seam Fastball,0,0,0,0,0,0,0,0,Standard,Standard,149.0,-0.016,-0.254,77.6,8.4,0.204,0.254,88.6,0,0,0.526,0.526,25,28,26,29,1,0,6.0,1.0,6.0,1.0,1.18,0.42,-0.42,50.4,21.406761355585232,-17.014818243572215,30.836487814053992,40.03452862514233,40.01662878016892
FF,2025-09-08,92.8,-1.89,6.72,"Raleigh, Cal",663728,571945,field_out,hit_into_play,,,,,7.0,Cal Raleigh flies out sharply to center fielder Victor Scott II.,R,L,R,SEA,STL,X,8.0,fly_ball,0,1,2025,-0.73,1.46,-0.41,2.23,,668227.0,,0,4,Bot,112.54,97.23,,,,,5.348298898927407,-134.94433252037717,-8.88149044237413,-10.074642342219567,26.84348079871061,-12.611459006529945,3.65,1.72,257.0,106.8,55.0,92.7,2175.0,6.1,776400,699625,676475,695336,669357,691026,663457,687363,691023,54.42,0.02,0.024,0.0,1.0,0.0,0.0,3.0,25,2,4-Seam Fastball,0,2,0,2,2,0,0,2,Standard,Strategic,217.0,-0.045,-0.246,84.1,8.5,0.039,0.246,106.8,-2,-2,0.379,0.379,36,28,37,29,2,1,6.0,1.0,6.0,1.0,1.17,0.73,-0.73,49.2,24.06843857485547,-9.116943292675815,36.80591420791797,37.46872850930059,34.85076082397231
CH,2025-09-08,87.6,-2.43,6.3,"Raleigh, Cal",663728,571945,field_out,hit_into_play,,,,,13.0,Cal Raleigh lines out to center fielder Victor Scott II.,R,L,R,SEA,STL,X,8.0,line_drive,2,2,2025,-1.09,1.01,-1.14,2.68,,,,1,1,Bot,164.82,65.43,,,,,5.3744594017533425,-127.48304516385606,-4.780656498474573,-12.983644251791238,23.440469038743753,-20.40783045798492,3.65,1.72,345.0,98.6,20.0,88.2,1469.0,6.4,776400,699625,676475,695336,669357,691026,663457,687363,691023,54.07,0.311,0.361,0.0,1.0,0.0,0.0,5.0,5,5,Changeup,0,0,0,0,0,0,0,0,Infield shade,Strategic,235.0,-0.014,-0.228,75.7,8.0,0.565,0.228,98.6,0,0,0.524,0.524,36,28,37,29,1,0,6.0,1.0,6.0,1.0,1.94,1.09,-1.09,39.4,17.92865089736799,-1.209944788519021,24.359701030810612,47.028073355221096,32.34190174668148
CU,2025-09-07,77.3,0.54,6.44,"Raleigh, Cal",663728,666214,single,hit_into_play,,,,,6.0,Cal Raleigh singles on a sharp line drive to left fielder Jurickson Profar. Victor Robles to 3rd. Randy Arozarena to 2nd.,R,R,L,ATL,SEA,X,7.0,line_drive,2,1,2025,-0.32,-0.93,0.63,2.32,,645302.0,668227.0,0,3,Top,68.46,100.32,,,,,0.791230934859982,-112.69717671805854,-0.2014625357851882,-2.91057217936939,18.965252792442566,-40.293566556851026,3.59,1.69,283.0,105.4,19.0,78.8,2510.0,7.1,776428,686948,621566,645277,805373,673490,595777,671739,660670,53.44,0.4285,0.6652777777777777,0.9,1.0,1.0,0.0,6.0,18,4,Curveball,0,1,1,0,1,0,1,0,Standard,Standard,310.0,-0.058,0.451,76.3,8.0,1.1996111111111114,-0.451,105.4,-1,1,0.296,0.704,27,28,28,29,2,1,5.0,1.0,7.0,1.0,4.71,-0.32,0.32,51.6,25.070573003830592,-4.856957756580493,28.914144628704456,40.66519784488688,43.54393010772584
FC,2025-09-07,86.4,2.72,5.83,"Raleigh, Cal",663728,689266,field_out,hit_into_play,,,,,8.0,"Cal Raleigh grounds out, shortstop Ha-Seong Kim to first baseman Matt Olson.",R,R,L,ATL,SEA,X,6.0,ground_ball,0,2,2025,0.05,0.36,0.04,2.22,,,,0,6,Top,101.65,151.04,,,,,-6.486869084868455,-125.8372293516526,-3.2391547785957133,1.575485705525998,20.707081316404416,-27.919697897099788,3.59,1.69,11.0,96.1,-10.0,87.0,2097.0,6.2,776428,686948,621566,645277,805373,673490,595777,671739,660670,54.28,0.228,0.201,0.0,1.0,0.0,0.0,2.0,46,3,Cutter,1,10,10,1,10,1,10,1,Standard,Standard,134.0,0.001,-0.165,73.9,6.8,0.262,0.165,96.1,-9,9,0.004,0.996,27,28,27,29,2,3,5.0,1.0,6.0,1.0,2.64,0.05,-0.05,35.1,2.354337502637444,17.391245337840168,32.40608768349801,35.38956061124985,29.234888416777125
SL,2025-09-07,90.0,-2.14,6.12,"Raleigh, Cal",663728,691548,home_run,hit_into_play,,,,,5.0,Cal Raleigh homers (53) on a fly ball to center field. Victor Robles scores. Randy Arozarena scores.,R,L,R,ATL,SEA,X,,fly_ball,2,1,2025,0.01,0.1,-0.18,2.45,645302.0,,668227.0,1,9,Top,134.06,26.79,,,,,4.859939308925513,-131.09737849722123,-3.380375219979475,-0.8818644253710426,26.586007376148213,-30.536631644497128,3.59,1.69,426.0,109.7,30.0,90.5,2507.0,6.4,776428,686948,642201,645277,805373,669397,595777,671739,641584,54.05,0.9719375,1.972,2.0,1.0,0.0,3.0,6.0,77,4,Slider,1,13,13,1,16,1,16,1,Infield shade,Strategic,349.0,0.0,1.148,80.4,7.9,3.8963125,-1.148,109.7,-12,12,0.001,0.999,25,28,25,29,2,5,1.0,1.0,,1.0,2.7,-0.01,0.01,39.0,17.390279833766364,1.6366563106210272,35.64845247484195,37.17401954106867,31.64716465510185
CU,2025-09-07,78.1,0.44,6.5,"Raleigh, Cal",663728,666214,field_out,hit_into_play,,,,,14.0,"Cal Raleigh grounds out softly, pitcher Joey Wentz to first baseman Matt Olson.",R,R,L,ATL,SEA,X,1.0,ground_ball,0,2,2025,-0.5,-0.59,0.93,1.33,,,,1,1,Top,131.79,184.38,,,,,2.0022279278877004,-113.74437179194192,-3.157502690984238,-4.725666048179942,21.96362958638796,-36.883216095389066,3.59,1.69,1.0,57.6,-68.0,79.0,2568.0,7.0,776428,686948,621566,645277,805373,673490,595777,671739,660670,53.53,0.284,0.249,0.0,1.0,0.0,0.0,1.0,2,3,Curveball,0,0,0,0,0,0,0,0,Standard,Standard,319.0,0.01,-0.163,68.8,8.5,0.304,0.163,88.0,0,0,0.528,0.472,27,28,28,29,1,0,5.0,1.0,7.0,1.0,4.34,-0.5,0.5,51.6,25.622479511811605,-12.307949467501402,32.863011312486904,44.06880091526521,45.77136188702157
SL,2025-09-06,85.4,-1.34,6.18,"Raleigh, Cal",663728,694462,field_out,hit_into_play,,,,,14.0,"Cal Raleigh grounds out, first baseman Matt Olson to pitcher Hurston Waldrep. Randy Arozarena to 3rd.",R,L,R,ATL,SEA,X,3.0,ground_ball,1,0,2025,0.17,-0.08,0.02,1.4,,668227.0,,0,5,Top,158.54,162.54,,,,,2.8647282509892693,-124.37617634912743,-4.867957006202251,1.2234248414781228,23.757151413672887,-32.26615388600248,3.59,1.69,104.0,99.8,6.0,85.6,2233.0,6.3,776447,669221,621566,645277,805373,673490,595777,671739,660670,54.21,0.595,0.548,0.0,1.0,0.0,0.0,4.0,36,2,Slider,1,2,2,1,2,1,2,1,Infield shade,Standard,144.0,0.012,-0.257,78.2,8.5,0.676,0.257,99.8,-1,1,0.294,0.706,23,28,23,29,3,2,6.0,1.0,6.0,1.0,3.19,-0.17,0.17,48.9,20.061490032373847,-9.151239044179333,42.022193622718774,33.92933540971349,36.18919636760391
FF,2025-09-06,91.5,-1.75,5.79,"Raleigh, Cal",663728,605154,home_run,hit_into_play,,,,,2.0,Cal Raleigh homers (52) on a fly ball to right field.,R,L,R,ATL,SEA,X,,fly_ball,1,1,2025,-0.53,1.41,0.25,3.06,,,,2,9,Top,230.69,64.95,,,,,6.203151831388986,-133.1297952369006,-4.083027133040413,-7.619187618489128,29.784725790939696,-14.719691815602747,3.59,1.69,418.0,106.8,35.0,91.8,2324.0,6.6,776447,669221,621566,645277,660644,673490,595777,671739,660670,53.92,0.7577894736842105,1.5221052631578948,2.0,1.0,0.0,3.0,6.0,80,3,4-Seam Fastball,2,9,9,2,10,2,10,2,Infield shade,Standard,214.0,0.0,2.612,83.7,7.9,3.0061052631578953,-2.612,106.8,-7,7,0.001,0.999,35,28,35,29,2,5,5.0,1.0,,1.0,1.32,0.53,-0.53,36.1,24.906291484536872,-11.905128828742066,34.29483406001761,28.392302100922528,36.40154413396234
SL,2025-09-06,88.0,-1.49,6.18,"Raleigh, Cal",663728,678226,field_out,hit_into_play,,,,,2.0,Cal Raleigh flies out to center fielder Michael Harris II. Randy Arozarena to 2nd.,R,L,R,ATL,SEA,X,8.0,fly_ball,1,0,2025,0.18,-0.36,0.08,3.0,,,668227.0,0,7,Top,139.78,47.56,,,,,3.405042188948834,-128.27129284217386,-0.946436483026772,1.3370112512171597,24.22379594988581,-36.20575421219005,3.59,1.69,382.0,104.4,38.0,87.9,2706.0,5.9,776447,669221,621566,645277,805373,673490,595777,671739,660670,54.56,0.4328636363636363,0.8677727272727274,0.0,1.0,0.0,0.0,6.0,55,2,Slider,2,2,2,2,2,2,2,2,Infield shade,Standard,104.0,0.03,-0.282,81.1,7.7,1.7007272727272726,0.282,104.4,0,0,0.433,0.567,28,28,29,29,1,3,19.0,1.0,,1.0,3.27,-0.18,0.18,43.4,16.354003316916792,-6.874262678641905,30.39946101591912,31.77689637353624,32.74659190412058
SL,2025-09-05,78.7,3.1,4.94,"Raleigh, Cal",663728,519242,field_out,hit_into_play,,,,,9.0,Cal Raleigh flies out to left fielder Jurickson Profar.,R,R,L,ATL,SEA,X,7.0,fly_ball,0,0,2025,-0.82,-0.28,0.39,1.92,,,,1,6,Top,46.71,107.26,,,,,-4.351953372163232,-114.5475640265798,0.8179440840196397,-6.410434434769466,21.911575675851104,-34.99282104302372,3.59,1.69,298.0,88.8,27.0,78.9,2456.0,6.5,776460,686948,621566,645277,805373,673490,595777,671739,641584,53.98,0.084,0.119,0.0,1.0,0.0,0.0,3.0,42,1,Slider,1,0,0,1,0,1,0,1,Standard,Standard,305.0,0.027,-0.254,79.9,8.8,0.195,0.254,88.8,1,-1,0.696,0.304,36,28,36,29,3,2,6.0,2.0,5.0,1.0,3.97,-0.82,0.82,10.2,27.640353609568884,-21.25862097519988,35.61642643616603,39.3452957711537,48.76851725319833
SL,2025-09-05,80.9,3.15,4.95,"Raleigh, Cal",663728,519242,field_out,hit_into_play,,,,,14.0,Cal Raleigh flies out to second baseman Ozzie Albies.,R,R,L,ATL,SEA,X,4.0,fly_ball,0,1,2025,-0.83,-0.33,0.69,1.35,,660844.0,668227.0,2,3,Top,147.08,118.33,,,,,-3.921701268855476,-117.7975212937111,-0.733332955838474,-6.9723423933736095,23.11975769233886,-35.35529941400155,3.59,1.69,210.0,70.0,41.0,81.4,2566.0,6.7,776460,686948,621566,645277,805373,673490,595777,671739,641584,53.83,0.408,0.407,0.0,1.0,0.0,0.0,3.0,22,2,Slider,1,0,0,1,0,1,0,1,Standard,Standard,305.0,0.043,-0.235,70.5,8.4,0.504,0.235,88.0,1,-1,0.626,0.374,36,28,36,29,2,1,6.0,2.0,5.0,1.0,3.82,-0.83,0.83,9.2,17.122775613874392,-12.101015524925602,35.51391486587625,44.13462946180091,42.56903887631388
SL,2025-09-05,85.0,-0.75,6.7,"Raleigh, Cal",663728,641755,field_out,hit_into_play,,,,,2.0,Cal Raleigh flies out to center fielder Michael Harris II.,R,L,R,ATL,SEA,X,8.0,fly_ball,2,1,2025,0.24,-0.01,-0.23,3.44,,,,1,8,Top,122.09,72.65,,,,,0.7315443745840237,-123.90357666727314,-1.4128966406265882,2.404997341759356,21.40439126071653,-32.22701363666312,3.59,1.69,315.0,96.8,45.0,84.2,2553.0,5.4,776460,686948,621566,645277,805373,673490,595777,671739,641584,55.11,0.025,0.036,0.0,1.0,0.0,0.0,3.0,57,4,Slider,1,1,1,1,1,1,1,1,Infield shade,Standard,133.0,0.041,-0.298,79.2,7.6,0.067,0.298,96.8,0,0,0.541,0.4589999999999999,34,28,34,29,1,3,2.0,2.0,3.0,1.0,3.12,-0.24,0.24,45.9,13.48604566256705,1.8851772803537787,26.40529969198399,37.0279928027638,31.171965588088774
FF,2025-09-05,93.7,3.09,4.96,"Raleigh, Cal",663728,519242,single,hit_into_play,,,,,5.0,Cal Raleigh singles on a line drive to left fielder Jurickson Profar.,R,R,L,ATL,SEA,X,7.0,line_drive,0,0,2025,1.19,0.65,0.25,2.35,,,,1,1,Top,76.75,89.81,,,,,-10.006461412314904,-136.0742529287173,-2.4561499355037415,17.000858518644485,29.5845299065173,-23.717995856056987,3.59,1.69,207.0,97.7,13.0,94.1,2231.0,6.6,776460,686948,621566,645277,805373,673490,595777,671739,641584,53.9,0.924,0.888,0.9,1.0,1.0,0.0,4.0,2,1,4-Seam Fastball,0,0,0,0,0,0,0,0,Standard,Standard,109.0,-0.024,0.414,78.3,7.7,1.112,-0.414,97.7,0,0,0.522,0.478,36,28,36,29,1,0,6.0,2.0,5.0,1.0,1.95,1.19,-1.19,8.2,16.354858957537243,-2.2590781469660675,32.94691026018806,38.04937147060373,36.937518009128254
SI,2025-09-03,95.1,-1.22,5.65,"Raleigh, Cal",663728,605288,single,hit_into_play,,,,,2.0,Cal Raleigh singles on a line drive to center fielder Jake Mangum. Dominic Canzone scores. J.P. Crawford to 2nd.,R,L,R,TB,SEA,X,8.0,line_drive,0,2,2025,-1.36,0.31,-0.19,3.48,,686527.0,641487.0,2,6,Top,140.95,92.44,,,,,5.751346352308273,-138.41873557905222,-0.7759487023277593,-18.72567778560338,29.683090155785855,-28.183674138718818,3.59,1.69,234.0,95.0,15.0,95.8,2127.0,6.6,776476,676439,676044,664040,691406,700246,802415,663968,666139,53.93,0.825,0.782,0.9,1.0,1.0,0.0,4.0,51,3,Sinker,9,0,0,9,1,9,1,9,Standard,Standard,225.0,-0.004,0.646,74.0,6.8,0.966,-0.646,95.0,9,-9,0.997,0.003,32,28,32,29,3,2,5.0,1.0,6.0,2.0,2.2,1.36,-1.36,33.5,10.492062652763485,15.691900995764987,27.88607111952354,36.401577895021475,24.662640508526984
SI,2025-09-03,94.2,-1.18,5.8,"Raleigh, Cal",663728,605288,field_out,hit_into_play,,,,,4.0,Cal Raleigh flies out sharply to center fielder Jake Mangum.,R,L,R,TB,SEA,X,8.0,fly_ball,0,0,2025,-1.23,0.56,-0.78,2.79,,,,1,1,Top,114.11,41.01,,,,,3.794538294354752,-137.22385510101867,-3.4238396157245248,-16.38114087591245,27.73411359476261,-24.54247194350491,3.59,1.69,391.0,103.0,25.0,95.0,2078.0,6.5,776476,676439,676044,664040,691406,700246,802415,663968,666139,54.0,0.6105111111111111,1.139111111111111,0.0,1.0,0.0,0.0,6.0,2,1,Sinker,0,0,0,0,0,0,0,0,Infield shade,Standard,228.0,0.016,-0.254,68.0,7.6,2.200266666666666,0.254,103.0,0,0,0.522,0.478,32,28,32,29,1,0,5.0,1.0,6.0,2.0,1.98,1.23,-1.23,34.1,9.634535842085649,5.65327242187236,30.196943133926048,42.67312028239664,24.501803926622653
FF,2025-09-02,96.4,-1.44,6.17,"Raleigh, Cal",663728,656876,home_run,hit_into_play,,,,,2.0,Cal Raleigh homers (51) on a fly ball to right field.,R,L,R,TB,SEA,X,,fly_ball,3,2,2025,0.07,1.48,0.03,3.66,,,,0,4,Top,219.41,81.11,,,,,3.761596153969248,-140.37897555927722,-4.557597891083724,0.1987341541115246,29.003156990778255,-11.668816111239131,3.58,1.69,371.0,102.9,26.0,97.4,2477.0,6.6,776485,676439,650490,664040,691406,700246,802415,663968,666139,53.87,0.6175151515151514,1.1609393939393935,2.0,1.0,0.0,3.0,6.0,26,9,4-Seam Fastball,2,0,0,2,1,2,1,2,Infield shade,Standard,197.0,-0.099,1.029,84.4,7.7,2.2579393939393935,-1.029,102.9,2,-2,0.722,0.278,29,28,30,29,2,1,6.0,1.0,5.0,1.0,0.95,-0.07,0.07,65.6,19.152992337826703,-9.362604835883342,22.555109697809705,34.319524330504834,30.886109582408253
FF,2025-09-02,98.5,1.01,5.45,"Raleigh, Cal",663728,664076,field_out,hit_into_play,,,,,1.0,Cal Raleigh pops out to third baseman Junior Caminero.,R,R,L,TB,SEA,X,5.0,popup,2,2,2025,0.61,1.36,-0.73,3.23,,670042.0,641487.0,2,9,Top,118.37,174.49,,,,,-6.061143459714407,-143.39735746836152,-3.743016396644796,9.722063828879437,30.59690854085085,-12.65975975016919,3.58,1.69,88.0,102.8,70.0,98.1,2286.0,5.9,776485,676439,650490,664040,691406,656484,802415,663968,666139,54.65,0.005,0.005,0.0,1.0,0.0,0.0,3.0,74,5,4-Seam Fastball,6,5,5,6,5,6,5,6,Infield shade,Standard,142.0,0.131,-0.203,76.1,7.0,0.005,0.203,102.8,1,-1,0.869,0.131,31,28,31,29,1,4,1.0,1.0,2.0,1.0,0.97,0.61,-0.61,39.4,18.42856015130616,-12.561486644865608,28.602722907427165,27.401021632083385,37.46255390862094
FF,2025-09-02,97.7,-1.57,6.15,"Raleigh, Cal",663728,656876,field_out,hit_into_play,,,,,3.0,Cal Raleigh flies out to right fielder Josh Lowe.,R,L,R,TB,SEA,X,9.0,fly_ball,0,2,2025,-0.3,1.45,0.5,3.07,,,,1,1,Top,190.29,90.1,,,,,6.3100481550501755,-142.2011322598768,-6.22500262428106,-5.44018480325349,30.34674788095755,-11.203694474772709,3.58,1.69,313.0,89.7,40.0,98.6,2537.0,6.6,776485,676439,650490,664040,691406,700246,802415,663968,666139,53.89,0.018,0.025,0.0,1.0,0.0,0.0,3.0,2,3,4-Seam Fastball,0,0,0,0,0,0,0,0,Infield shade,Standard,200.0,0.01,-0.163,74.2,7.4,0.04,0.163,89.7,0,0,0.528,0.472,29,28,30,29,1,0,6.0,1.0,5.0,1.0,0.92,0.3,-0.3,62.3,20.53629674708224,-4.678705397367512,37.95250695007376,27.55283545548764,28.852749329178316
CH,2025-09-02,86.4,-0.81,6.56,"Raleigh, Cal",663728,641329,field_out,hit_into_play,,,,,5.0,"Cal Raleigh grounds out, second baseman Brandon Lowe to first baseman Yandy Díaz.",R,L,R,TB,SEA,X,4.0,ground_ball,1,2,2025,-1.37,0.63,0.06,2.47,,,,0,6,Top,139.51,145.42,,,,,4.853361077613482,-125.7711804750818,-4.864795695155132,-15.575259179462892,23.150375028749096,-24.745220066127317,3.58,1.69,12.0,58.6,-11.0,86.7,1935.0,6.3,776485,676439,650490,664040,691406,700246,802415,663968,666139,54.22,0.048,0.046,0.0,1.0,0.0,0.0,1.0,41,4,Changeup,2,3,3,2,3,2,3,2,Infield shade,Standard,226.0,0.019,-0.189,74.7,8.2,0.048,0.189,88.0,-1,1,0.346,0.654,30,28,31,29,1,2,3.0,1.0,2.0,1.0,2.4,1.37,-1.37,49.6,33.38809783822515,-21.665295484147492,37.80816098363448,31.09436023762465,49.25164059545425
FC,2025-09-01,92.2,-1.46,5.81,"Raleigh, Cal",663728,669358,single,hit_into_play,,,,,8.0,Cal Raleigh singles on a sharp ground ball to right fielder Josh Lowe. Randy Arozarena to 2nd.,R,L,R,TB,SEA,X,9.0,ground_ball,1,0,2025,0.22,0.5,-0.22,2.16,,,668227.0,0,6,Top,186.78,124.32,,,,,2.666177579247231,-134.4492957883934,-4.693019134085416,2.263045115954324,21.29959207644363,-25.38892917135582,3.58,1.68,47.0,105.7,0.0,93.1,2354.0,6.1,776504,663743,650490,664040,691406,656484,802415,663968,666139,54.38,0.506,0.459,0.9,1.0,1.0,0.0,4.0,41,2,Cutter,5,0,0,5,0,5,0,5,Infield shade,Standard,202.0,-0.032,0.429,83.3,8.3,0.544,-0.429,105.7,5,-5,0.928,0.0719999999999999,26,28,26,29,3,2,6.0,1.0,5.0,1.0,2.11,-0.22,0.22,31.5,8.751811048945841,-1.3020783862101657,35.51147994353424,37.70470963234321,35.3793154821124
FC,2025-09-01,93.4,-1.54,5.76,"Raleigh, Cal",663728,669358,field_out,hit_into_play,,,,,5.0,Cal Raleigh pops out to third baseman Junior Caminero in foul territory.,R,L,R,TB,SEA,X,5.0,popup,1,0,2025,0.21,0.89,0.02,2.81,,,702284.0,2,3,Top,97.09,180.06,,,,,3.5709854404942862,-136.08473878979623,-3.874356323333701,1.899122797314566,26.282053724435094,-20.50796747259632,3.58,1.68,110.0,71.2,67.0,93.8,2417.0,6.2,776504,663743,650490,664040,691406,656484,802415,663968,666139,54.34,0.001,0.0,0.0,1.0,0.0,0.0,3.0,20,2,Cutter,3,0,0,3,0,3,0,3,Infield shade,Standard,213.0,0.022,-0.305,78.0,7.7,0.001,0.305,88.0,3,-3,0.817,0.183,26,28,26,29,2,1,6.0,1.0,5.0,1.0,1.7,-0.21,0.21,30.6,7.019356766960879,0.9697911638118012,37.14156760420379,36.164861961254346,29.34036351898002
CH,2025-09-01,84.2,-1.81,5.22,"Raleigh, Cal",663728,687003,single,hit_into_play,,,,,7.0,Cal Raleigh singles on a line drive to right fielder Josh Lowe.,R,L,R,TB,SEA,X,9.0,line_drive,1,1,2025,-1.4,-0.37,-0.7,2.13,,,,1,8,Top,176.44,120.97,,,,,5.419230700259283,-122.64867640237486,-0.1151918322831337,-15.23631862541949,22.335086391078665,-36.089000529118,3.58,1.68,232.0,88.4,20.0,85.4,1571.0,6.8,776504,663743,650490,664040,691406,656484,802415,663968,666139,53.66,0.494,0.496,0.9,1.0,1.0,0.0,4.0,61,3,Changeup,8,0,0,8,0,8,0,8,Infield shade,Standard,261.0,-0.001,0.425,76.9,8.2,0.651,-0.425,88.4,8,-8,0.999,0.001,28,28,29,29,1,3,3.0,1.0,4.0,1.0,3.56,1.4,-1.4,28.2,17.076057762582376,-7.798132365457774,40.04674100600021,41.330618667654655,39.99512837759115
FF,2025-09-01,97.1,-1.41,5.82,"Raleigh, Cal",663728,669358,field_out,hit_into_play,,,,,5.0,Cal Raleigh flies out to right fielder Josh Lowe.,R,L,R,TB,SEA,X,9.0,fly_ball,1,0,2025,-0.64,1.34,0.23,2.35,,,668227.0,0,1,Top,193.84,87.75,,,,,5.826188831284487,-141.30083616834983,-6.862056763633149,-9.861290408480595,29.52286235650397,-12.860480650899255,3.58,1.68,321.0,94.4,40.0,97.4,2463.0,6.3,776504,663743,650490,664040,691406,656484,802415,663968,666139,54.25,0.038,0.063,0.0,1.0,0.0,0.0,3.0,2,2,4-Seam Fastball,0,0,0,0,0,0,0,0,Infield shade,Standard,218.0,0.039,-0.282,84.2,8.4,0.111,0.282,94.4,0,0,0.459,0.5409999999999999,26,28,26,29,1,0,6.0,1.0,5.0,1.0,1.06,0.64,-0.64,32.5,21.33117723177613,-8.941154899485394,42.56374561089414,30.917956042978965,32.591542086541125
SI,2025-08-31,92.4,-1.96,6.3,"Raleigh, Cal",663728,676440,field_out,hit_into_play,,,,,8.0,Cal Raleigh flies out to left fielder Steven Kwan.,R,L,R,CLE,SEA,X,7.0,fly_ball,0,0,2025,-1.23,0.7,0.22,2.08,,,,1,5,Top,81.65,75.96,,,,,8.274501305536143,-134.29111155914396,-6.524793060258982,-16.60372217291919,27.75692726893987,-22.491770136184684,3.56,1.67,324.0,90.8,39.0,93.2,2208.0,6.7,776521,595978,700932,682177,669717,677587,680757,666134,692216,53.8,0.023,0.034,0.0,1.0,0.0,0.0,3.0,35,1,Sinker,2,2,2,2,2,2,2,2,Infield shade,Strategic,214.0,0.022,-0.254,,,0.057,0.254,90.8,0,0,0.53,0.47,26,28,26,29,3,2,6.0,1.0,6.0,1.0,1.97,1.23,-1.23,52.8,,,,,
CU,2025-08-30,80.6,-2.88,5.88,"Raleigh, Cal",663728,668909,field_out,hit_into_play,,,,,6.0,Cal Raleigh lines out to first baseman Kyle Manzardo.,R,L,R,CLE,SEA,X,3.0,line_drive,0,0,2025,1.12,-1.03,0.31,2.43,,,,1,6,Top,168.65,161.33,,,,,4.998514183025823,-117.35317705624745,0.9648509754086952,9.377536144381004,22.30122588169368,-42.07368418586358,3.58,1.69,144.0,59.1,24.0,81.2,2458.0,6.7,776537,666310,700932,682177,608070,677587,680757,666134,692216,53.84,0.413,0.371,0.0,1.0,0.0,0.0,1.0,38,1,Curveball,1,0,0,1,0,1,0,1,Infield shade,Strategic,38.0,0.027,-0.254,72.9,7.9,0.413,0.254,88.0,1,-1,0.696,0.304,25,28,26,29,3,2,6.0,1.0,6.0,1.0,4.53,-1.12,1.12,33.8,20.092221726566432,-2.5343418734246206,30.51033922531403,30.15829299296036,35.174672279119335
FF,2025-08-29,92.7,2.17,5.4,"Raleigh, Cal",663728,671106,field_out,hit_into_play,,,,,3.0,Cal Raleigh flies out to right fielder Nolan Jones.,R,R,L,CLE,SEA,X,9.0,fly_ball,2,1,2025,0.62,1.63,0.32,3.05,,,,2,2,Top,207.0,94.0,,,,,-6.1168535098021986,-134.88855966664178,-3.746216790793342,8.883133165994856,30.630482683284814,-11.731194224329068,3.59,1.69,331.0,97.0,40.0,93.1,2292.0,6.6,776547,666310,692216,677587,608070,672356,680757,682177,666134,53.85,0.051,0.091,0.0,1.0,0.0,0.0,3.0,16,4,4-Seam Fastball,0,4,4,0,4,0,4,0,Infield shade,Standard,153.0,0.006,-0.296,70.9,6.9,0.179,0.296,97.0,-4,4,0.175,0.825,26,28,27,29,2,1,6.0,2.0,6.0,1.0,1.04,0.62,-0.62,43.5,10.124972657647938,10.445848332773734,29.527419636794164,38.258752756134655,25.50576214283647
SL,2025-08-27,85.7,-2.37,5.15,"Raleigh, Cal",663728,506433,field_out,hit_into_play,,,,,6.0,Cal Raleigh pops out to first baseman Jake Cronenworth in foul territory.,R,L,R,SEA,SD,X,3.0,popup,2,2,2025,0.73,-0.03,0.3,2.29,,,,2,3,Bot,174.04,157.33,,,,,4.846645877347011,-124.9132910522396,-0.5061250674870996,6.827878055894124,22.81602224968627,-32.57085583544214,3.62,1.69,160.0,67.0,58.0,86.3,2798.0,6.4,776561,666023,630105,578428,592518,593428,657757,657656,665487,54.12,0.008,0.007,0.0,1.0,0.0,0.0,3.0,22,6,Slider,1,0,1,0,0,1,1,0,Infield shade,Strategic,90.0,-0.009,-0.224,75.6,7.9,0.008,0.224,88.0,1,1,0.632,0.632,38,28,39,29,2,1,5.0,1.0,6.0,2.0,3.1,-0.73,0.73,25.8,17.159834133319883,-8.718870156224549,39.73992615312997,29.52485698409965,37.44490579600955
FC,2025-08-27,91.8,-2.63,5.05,"Raleigh, Cal",663728,506433,field_out,hit_into_play,,,,,5.0,Cal Raleigh flies out sharply to right fielder Fernando Tatis Jr.,R,L,R,SEA,SD,X,9.0,fly_ball,3,1,2025,-0.09,0.85,-0.05,2.73,,,,1,1,Bot,197.18,101.57,,,,,6.755361309478392,-133.63916573636743,-1.8943687106181533,-2.407773716566296,26.450828406845577,-21.76290504306632,3.62,1.69,298.0,102.1,50.0,92.6,2497.0,6.5,776561,666023,630105,578428,592518,593428,657757,657656,665487,53.96,0.025,0.04,0.0,1.0,0.0,0.0,3.0,5,5,Cutter,0,0,0,0,0,0,0,0,Infield shade,Strategic,211.0,-0.026,-0.419,80.4,8.2,0.068,0.419,102.1,0,0,0.536,0.536,38,28,39,29,1,0,5.0,1.0,6.0,2.0,1.84,0.09,-0.09,22.3,22.614478528145696,-11.37129727800621,36.65700429925515,32.44916698916039,35.85433640551457
FF,2025-08-27,86.5,-3.39,3.85,"Raleigh, Cal",663728,689690,field_out,hit_into_play,,,,,1.0,"Cal Raleigh grounds out, second baseman Jose Iglesias to first baseman Jake Cronenworth.",R,L,R,SEA,SD,X,4.0,ground_ball,0,0,2025,-1.18,0.96,-0.47,3.61,,,,2,5,Bot,151.0,150.57,,,,,9.473162580632424,-125.54574574585284,3.7493837596543065,-14.386522495920126,25.06789440191167,-22.98940478415837,3.62,1.69,36.0,71.1,-2.0,87.5,2230.0,7.0,776561,666023,630105,578428,592518,593428,657757,657656,665487,53.5,0.066,0.058,0.0,1.0,0.0,0.0,2.0,39,1,4-Seam Fastball,4,0,4,0,0,4,4,0,Infield shade,Standard,242.0,-0.003,-0.26,71.3,7.2,0.066,0.26,88.0,4,4,0.921,0.921,27,28,27,29,1,2,38.0,1.0,2.0,2.0,2.09,1.18,-1.18,0.5,21.764718140676436,-8.734943182613385,24.27179696083373,37.94343914935773,35.53129246309508
SL,2025-08-26,89.7,-1.64,5.97,"Raleigh, Cal",663728,656302,field_out,hit_into_play,,,,,9.0,Cal Raleigh pops out to second baseman Jake Cronenworth.,R,L,R,SEA,SD,X,4.0,popup,2,1,2025,0.2,0.03,0.32,1.96,,,,1,4,Bot,144.41,165.27,,,,,4.404180183533926,-130.59543063642002,-4.066814577145439,1.4813931598521206,25.402165477589215,-31.212875561281745,3.65,1.71,101.0,95.2,71.0,90.0,2849.0,6.3,776577,666023,656811,630105,592518,593428,657757,657656,665487,54.2,0.001,0.0,0.0,1.0,0.0,0.0,3.0,30,4,Slider,0,5,0,5,5,0,0,5,Infield shade,Standard,82.0,-0.011,-0.298,78.1,8.6,0.001,0.298,95.2,-5,-5,0.08,0.08,29,28,30,29,2,1,5.0,1.0,6.0,1.0,2.78,-0.2,0.2,47.3,23.874760624025075,-18.84668046415205,43.92284663858007,29.335918123177205,39.46895261356896
FF,2025-08-26,100.3,-1.63,6.12,"Raleigh, Cal",663728,663158,field_out,hit_into_play,,,,,7.0,Cal Raleigh flies out to left fielder Ramón Laureano.,R,L,R,SEA,SD,X,7.0,fly_ball,1,1,2025,-0.78,1.4,-0.53,1.94,,,,1,9,Bot,44.71,116.28,,,,,4.912703028488996,-145.69667478555922,-9.562205201667958,-12.23760170592272,36.081613965508225,-10.15002108414446,3.65,1.71,286.0,94.0,48.0,101.0,2420.0,6.9,776577,666023,656811,630105,592518,593428,657656,669369,665487,53.64,0.008,0.01,0.0,1.0,0.0,0.0,3.0,78,3,4-Seam Fastball,6,7,6,7,7,6,6,7,Infield shade,Standard,204.0,-0.065,-0.244,77.1,7.9,0.018,0.244,94.0,-1,-1,0.112,0.112,34,28,34,29,1,4,4.0,1.0,6.0,1.0,0.88,0.78,-0.78,42.5,11.76993567977332,-2.254017334134445,39.35159357325967,39.8951169332926,27.55502411786202
FF,2025-08-25,92.1,1.08,5.07,"Raleigh, Cal",663728,676664,field_out,hit_into_play,,,,,2.0,Cal Raleigh pops out to first baseman Luis Arraez.,R,R,L,SEA,SD,X,3.0,popup,2,1,2025,0.89,1.15,0.22,3.66,,,,0,3,Bot,171.79,143.98,,,,,-4.109147307835634,-134.11320520517432,-0.2605564597179551,11.586888947409284,27.349111656228256,-18.432747790087376,3.65,1.71,182.0,85.8,62.0,92.5,1921.0,6.4,776595,666023,650333,630105,592518,593428,657757,657656,665487,54.12,0.023,0.028,0.0,1.0,0.0,0.0,3.0,26,4,4-Seam Fastball,3,4,3,4,4,3,3,4,Standard,Standard,130.0,-0.032,-0.305,75.4,7.1,0.034,0.305,88.0,-1,-1,0.441,0.441,29,28,29,29,2,1,5.0,1.0,18.0,1.0,1.52,0.89,-0.89,32.1,15.353824883267162,6.2251288923021795,22.554220684876235,37.806663812577,28.420444063040183
FS,2025-08-25,85.3,2.33,5.93,"Raleigh, Cal",663728,673513,field_out,hit_into_play,,,,,14.0,Cal Raleigh flies out to right fielder Fernando Tatis Jr.,R,R,L,SEA,SD,X,9.0,fly_ball,1,2,2025,0.56,0.31,1.0,1.5,,,,2,8,Bot,163.28,96.59,,,,,-4.241983344640116,-124.2516233864074,-4.778934398589476,6.653669581968727,23.154173928009293,-28.197990596733415,3.65,1.71,271.0,82.3,40.0,85.0,1415.0,5.9,776595,666023,650333,630105,592518,593428,657757,657656,665487,54.59,0.02,0.021,0.0,1.0,0.0,0.0,3.0,72,4,Split-Finger,9,5,9,5,5,9,9,5,Standard,Standard,118.0,-0.001,-0.182,68.6,8.0,0.031,0.182,88.0,4,4,0.986,0.986,29,28,30,29,1,4,1.0,1.0,2.0,1.0,2.79,0.56,-0.56,52.1,10.837384386375044,-0.8330022384138855,32.2709951231373,46.27323338054914,38.28275834603535
FF,2025-08-25,92.9,1.17,5.06,"Raleigh, Cal",663728,676664,home_run,hit_into_play,,,,,7.0,Cal Raleigh homers (50) on a fly ball to left field.,R,R,L,SEA,SD,X,,fly_ball,3,2,2025,0.76,1.38,-0.58,1.79,,,,1,1,Bot,7.68,75.63,,,,,-6.1405013435859885,-135.11681687578394,-5.675125769543759,10.583706502828075,26.825928502741547,-14.177446725919346,3.65,1.71,419.0,107.2,30.0,93.4,2095.0,6.4,776595,666023,650333,630105,592518,593428,657757,657656,665487,54.08,0.8837714285714284,1.7764,2.0,1.0,0.0,3.0,6.0,6,8,4-Seam Fastball,0,0,0,0,0,1,1,0,Standard,Standard,136.0,0.096,1.505,77.4,8.1,3.5096857142857143,-1.505,107.2,0,0,0.53,0.53,29,28,29,29,1,0,5.0,1.0,18.0,1.0,1.24,0.76,-0.76,34.0,16.380508534625136,-9.285165087908531,42.509645228076394,28.3633419771448,40.88043050292687
CH,2025-08-24,83.6,3.67,4.71,"Raleigh, Cal",663728,682052,home_run,hit_into_play,,,,,8.0,Cal Raleigh homers (49) on a fly ball to left center field. Randy Arozarena scores.,R,R,L,SEA,ATH,X,,fly_ball,0,0,2025,1.34,0.19,-0.03,2.08,,668227.0,,2,2,Bot,42.18,54.11,,,,,-11.284526832773594,-121.32003814487015,-0.0374652997842164,15.28641027707753,20.496864155389066,-30.501066059817568,3.67,1.71,412.0,106.9,25.0,84.9,2069.0,7.0,776602,680862,701762,687231,695391,805779,691016,671732,667670,53.53,0.8653461538461541,1.7179423076923075,2.0,1.0,0.0,3.0,6.0,18,1,Changeup,3,1,3,1,1,5,5,1,Infield shade,Standard,103.0,0.127,1.604,74.8,8.0,3.3771346153846165,-1.604,106.9,2,2,0.736,0.736,27,28,27,29,2,1,5.0,1.0,,1.0,3.06,1.34,-1.34,16.5,16.190603590573954,-15.395656474689138,43.10611680646976,32.98066614380706,39.06961558501886
ST,2025-08-24,77.3,-2.14,5.62,"Raleigh, Cal",663728,683155,single,hit_into_play,,,,,2.0,Cal Raleigh singles on a ground ball to right fielder JJ Bleday.,R,L,R,SEA,ATH,X,9.0,ground_ball,0,0,2025,0.98,0.33,0.24,3.69,,,,1,8,Bot,179.04,127.99,,,,,3.266242391064096,-112.58410572499425,2.15410702022655,7.851254041680621,18.858313136322472,-29.903831411941773,3.67,1.71,123.0,88.4,9.0,76.9,2524.0,5.8,776602,680862,695391,687231,649966,805779,691016,687515,668709,54.69,0.478,0.431,0.9,1.0,1.0,0.0,4.0,72,1,Sweeper,11,4,11,4,4,11,11,4,Infield shade,Standard,71.0,0.0,0.414,68.0,6.5,0.48,-0.414,88.4,7,7,0.999,0.999,23,28,24,29,2,4,140.0,1.0,,1.0,3.45,-0.98,0.98,33.3,18.99419473121631,-4.596194455076276,26.829720347927587,31.038373635508695,34.76608727265339
CH,2025-08-24,84.8,-2.01,5.62,"Raleigh, Cal",663728,683155,field_out,hit_into_play,,,,,13.0,Cal Raleigh grounds out to first baseman Nick Kurtz.,R,L,R,SEA,ATH,X,3.0,ground_ball,1,1,2025,-1.27,0.45,-0.49,1.09,,,,1,5,Bot,156.07,160.71,,,,,6.033797863117036,-123.39628241574158,-5.185106761955046,-14.186258017868266,22.29280947611724,-26.73515919436431,3.67,1.71,25.0,82.3,-1.0,84.4,1526.0,5.8,776602,680862,701762,687231,695391,805779,691016,687515,668709,54.7,0.157,0.137,0.0,1.0,0.0,0.0,2.0,46,3,Changeup,11,1,11,1,1,11,11,1,Infield shade,Standard,246.0,0.0,-0.244,71.3,8.4,0.166,0.244,88.0,10,10,0.998,0.998,23,28,24,29,1,3,140.0,1.0,,1.0,2.69,1.27,-1.27,36.3,13.963221845132647,-14.40279086496048,43.80272541235499,38.28806852095869,38.48618155365148
FF,2025-08-24,91.7,3.42,5.36,"Raleigh, Cal",663728,682052,home_run,hit_into_play,,,,,5.0,Cal Raleigh homers (48) on a fly ball to left field. Randy Arozarena scores.,R,R,L,SEA,ATH,X,,fly_ball,0,1,2025,0.9,1.18,0.0,2.95,,,668227.0,0,1,Bot,26.92,45.55,,,,,-10.718852934797653,-133.2178070593725,-2.8517708178486414,12.887685282432,26.66349047191085,-17.655761374850346,3.67,1.71,448.0,110.9,32.0,93.1,2191.0,7.0,776602,680862,701762,687231,695391,805779,691016,671732,667670,53.47,0.971,2.0,2.0,1.0,0.0,3.0,6.0,5,2,4-Seam Fastball,0,0,0,0,0,2,2,0,Infield shade,Strategic,133.0,0.154,1.101,76.5,7.5,3.89,-1.101,110.9,0,0,0.578,0.578,27,28,27,29,1,0,5.0,1.0,,1.0,1.53,0.9,-0.9,25.7,18.5099932507978,-3.646996118126534,33.70774186689816,33.773873913846266,39.088054392122466
CH,2025-08-23,79.3,2.26,6.13,"Raleigh, Cal",663728,605488,field_out,hit_into_play,,,,,8.0,"Cal Raleigh grounds out softly, first baseman Nick Kurtz to pitcher Jeffrey Springs.",R,R,L,SEA,ATH,X,3.0,ground_ball,1,2,2025,0.71,0.26,0.21,1.65,,,,0,4,Bot,134.4,186.89,,,,,-5.799494317969761,-115.3680879006919,-3.5845883067853883,7.390130539479908,19.043473688704765,-29.393345146249448,3.66,1.7,2.0,30.4,-40.0,79.6,1326.0,6.2,776620,669127,701762,687231,649966,805779,691016,671732,666126,54.25,0.22,0.2,0.0,1.0,0.0,0.0,1.0,28,4,Changeup,0,1,0,1,1,0,0,1,Standard,Standard,128.0,-0.022,-0.189,74.3,8.3,0.22,0.189,88.0,-1,-1,0.42,0.42,32,28,33,29,2,1,6.0,1.0,6.0,1.0,3.33,0.71,-0.71,46.2,25.14179941417699,-23.30757324055679,36.47442157738538,35.67282940644087,54.25827121198958
SV,2025-08-23,83.0,3.09,5.63,"Raleigh, Cal",663728,656794,field_out,hit_into_play,,,,,7.0,Cal Raleigh flies out to center fielder Lawrence Butler.,R,R,L,SEA,ATH,X,8.0,fly_ball,1,2,2025,-1.37,-0.57,-0.35,2.07,,,,2,8,Bot,96.76,48.16,,,,,-5.08018660599706,-120.73379378067044,-0.4804458067834998,-12.181991408389862,26.33972249805477,-37.86570026878162,3.66,1.7,385.0,98.6,28.0,81.1,2913.0,5.3,776620,669127,701762,687231,649966,805779,691016,671732,687515,55.2,0.4077142857142857,0.7642380952380952,0.0,1.0,0.0,0.0,6.0,61,4,Slurve,1,1,1,1,1,1,1,1,Infield shade,Strategic,311.0,-0.02,-0.182,73.0,6.9,1.4654285714285715,0.182,98.6,0,0,0.52,0.52,32,28,32,29,1,3,3.0,1.0,2.0,1.0,3.92,-1.37,1.37,23.6,-0.0234860844192686,-5.573096248729956,43.39763030839324,30.222718230982625,36.34195067370778
CH,2025-08-23,79.3,2.36,6.16,"Raleigh, Cal",663728,605488,field_out,hit_into_play,,,,,9.0,"Cal Raleigh grounds out softly, shortstop Jacob Wilson to first baseman Nick Kurtz.",R,R,L,SEA,ATH,X,6.0,ground_ball,0,2,2025,0.98,0.18,0.69,2.19,,,,1,1,Bot,117.46,178.8,,,,,-5.483830438138298,-115.47625911779906,-2.320265954363501,9.76864231181613,19.44162276699991,-30.366870738322195,3.66,1.7,25.0,58.9,-2.0,79.4,1293.0,6.1,776620,669127,701762,687231,649966,805779,691016,671732,666126,54.39,0.073,0.065,0.0,1.0,0.0,0.0,1.0,5,3,Changeup,0,0,0,0,0,0,0,0,Infield shade,Strategic,120.0,-0.01,-0.163,63.2,8.7,0.084,0.163,88.0,0,0,0.52,0.52,32,28,33,29,1,0,6.0,1.0,6.0,1.0,3.41,0.98,-0.98,45.6,22.2832082728772,-27.334738762227285,30.101380028712992,42.11836113767711,51.72656691419268
CH,2025-08-22,90.9,-1.78,5.62,"Raleigh, Cal",663728,806960,field_out,hit_into_play,,,,,4.0,"Cal Raleigh grounds out, second baseman Darell Hernaiz to first baseman Nick Kurtz.",R,L,R,SEA,ATH,X,4.0,ground_ball,0,1,2025,-1.33,1.08,-0.71,2.33,,,,2,6,Bot,161.67,144.01,,,,,5.519698285967722,-132.14270390920385,-4.605928241012704,-16.798141049952022,30.303264350928615,-18.736746900863185,3.66,1.7,116.0,77.7,11.0,90.6,2082.0,6.3,776638,669127,701762,687231,695391,805779,691016,671732,668709,54.19,0.392,0.353,0.0,1.0,0.0,0.0,4.0,41,2,Changeup,1,1,1,1,1,1,1,1,Infield shade,Standard,222.0,-0.014,-0.217,70.4,8.3,0.409,0.217,88.0,0,0,0.514,0.514,22,28,23,29,3,2,6.0,2.0,5.0,1.0,1.7,1.33,-1.33,42.9,27.50888614207716,-12.471846660590163,30.344205574171877,42.14146230819476,40.98714414232088
FF,2025-08-22,98.3,-2.07,5.64,"Raleigh, Cal",663728,806960,field_out,hit_into_play,,,,,4.0,Cal Raleigh lines out to left fielder Tyler Soderstrom.,R,L,R,SEA,ATH,X,7.0,line_drive,2,2,2025,-0.59,1.23,-0.5,2.35,,,,1,4,Bot,78.45,97.77,,,,,5.625423881370209,-143.12814725069504,-6.33432591331258,-9.394617610607945,30.35584579517846,-14.020448010812126,3.66,1.7,279.0,90.9,19.0,98.5,2475.0,6.2,776638,669127,701762,687231,695391,805779,691016,671732,668709,54.3,0.471,0.453,0.0,1.0,0.0,0.0,4.0,26,5,4-Seam Fastball,0,1,0,1,1,0,0,1,Infield shade,Strategic,203.0,-0.02,-0.228,85.5,7.3,0.583,0.228,90.9,-1,-1,0.396,0.396,22,28,23,29,2,1,6.0,2.0,5.0,1.0,1.11,0.59,-0.59,40.6,-1.7365621840989829,10.97162302505614,33.201748465367146,39.61775799962019,21.444487552787372
FF,2025-08-20,95.8,2.52,5.86,"Raleigh, Cal",663728,666200,field_out,hit_into_play,,,,,5.0,Cal Raleigh lines out to right fielder Max Kepler.,R,R,L,PHI,SEA,X,9.0,line_drive,1,1,2025,1.16,1.11,-0.2,2.83,,,668227.0,1,6,Top,169.74,90.98,,,,,-9.6764016296672,-139.00095930405675,-4.794359492843533,17.317526272099425,33.629080798134886,-16.82057819439694,3.64,1.69,290.0,87.3,23.0,94.3,2237.0,5.8,776662,592663,547180,681082,664761,607208,669016,664056,596146,54.72,0.271,0.299,0.0,1.0,0.0,0.0,3.0,47,3,4-Seam Fastball,3,1,1,3,1,3,1,3,Standard,Standard,130.0,0.039,-0.235,70.4,6.6,0.415,0.235,88.0,2,-2,0.776,0.2239999999999999,27,28,28,29,3,2,6.0,1.0,6.0,2.0,1.4,1.16,-1.16,31.4,2.9081030419107425,8.069979308153908,42.34942070032184,30.258955573033305,23.03407285544069
SL,2025-08-19,86.9,2.12,6.07,"Raleigh, Cal",663728,650911,double,hit_into_play,,,,,8.0,Cal Raleigh doubles (19) on a sharp line drive to left fielder Brandon Marsh. J.P. Crawford to 3rd.,R,R,L,PHI,SEA,X,7.0,line_drive,0,0,2025,-0.1,0.09,-0.25,2.03,,,641487.0,2,5,Top,41.0,96.0,,,,,-5.517809568622431,-126.3706611859258,-3.665182826466656,0.0472226996988103,26.578647273741662,-30.694616698416013,3.64,1.68,301.0,107.0,20.0,87.4,2021.0,6.7,776680,592663,547180,681082,664761,607208,669016,664056,592206,53.77,0.648457142857143,1.1067714285714283,1.25,1.0,1.0,1.0,6.0,39,1,Slider,4,1,1,4,1,4,1,4,Standard,Standard,326.0,-0.037,0.917,79.2,8.1,2.0654,-0.917,107.0,3,-3,0.863,0.137,28,28,29,29,3,2,6.0,1.0,6.0,1.0,2.94,-0.1,0.1,31.0,12.786040319302431,-1.3503482647682328,37.71492173140757,31.570200959568,34.67067445477426
CH,2025-08-18,78.9,1.99,5.95,"Raleigh, Cal",663728,624133,field_out,hit_into_play,,,,,12.0,Cal Raleigh pops out to second baseman Bryson Stott.,R,R,L,PHI,SEA,X,4.0,popup,1,2,2025,0.88,0.42,1.01,3.17,,,,1,6,Top,160.25,138.33,,,,,-3.764407306574712,-114.88983492662922,-0.0061681011967928,8.492198989102153,21.99759607177828,-28.682891870667508,3.63,1.68,170.0,86.6,62.0,78.8,1213.0,6.3,776689,592663,547180,681082,664761,607208,596146,669016,592206,54.23,0.013,0.011,0.0,1.0,0.0,0.0,3.0,48,4,Changeup,6,0,0,6,0,6,0,6,Standard,Standard,122.0,0.003,-0.18,70.4,7.6,0.013,0.18,88.0,6,-6,0.981,0.019,29,28,30,29,3,2,6.0,1.0,6.0,1.0,3.25,0.88,-0.88,42.9,14.92497427226007,2.5452562735800703,22.629903244353912,46.92054052581163,33.74100967662755
FC,2025-08-18,87.2,2.2,5.87,"Raleigh, Cal",663728,624133,field_out,hit_into_play,,,,,1.0,"Cal Raleigh grounds out softly, pitcher Ranger Suárez to first baseman Bryce Harper.",R,R,L,PHI,SEA,X,1.0,ground_ball,0,1,2025,-0.54,0.56,-0.47,3.06,,,,0,4,Top,124.59,176.59,,,,,-5.2707904411425455,-126.86789641339335,-1.7239401477871712,-4.793110410684643,26.21214061198997,-26.0117335168814,3.63,1.68,31.0,59.4,-1.0,86.7,2124.0,6.0,776689,592663,547180,681082,664761,607208,596146,669016,592206,54.5,0.076,0.066,0.0,1.0,0.0,0.0,1.0,31,2,Cutter,6,0,0,6,0,6,0,6,Standard,Standard,167.0,0.008,-0.22,79.8,6.7,0.082,0.22,88.0,6,-6,0.952,0.048,29,28,30,29,2,1,6.0,1.0,6.0,1.0,2.44,-0.54,0.54,35.3,-0.8060677055000866,17.279125031890896,33.98404626131354,29.631040778785717,25.36496799475487
CH,2025-08-17,88.2,-0.97,6.44,"Raleigh, Cal",663728,605280,field_out,hit_into_play,,,,,13.0,Cal Raleigh flies out to center fielder Cedric Mullins.,R,L,R,NYM,SEA,X,8.0,fly_ball,1,1,2025,-1.14,0.14,-1.02,1.94,,,,1,5,Top,144.05,61.05,,,,,1.9983531,-127.96849,-5.0901575,-12.031854,27.347546,-29.512594,3.6,1.65,347.0,91.0,29.0,86.5,1059.0,5.4,776707,682626,624413,683146,668901,596019,607043,656775,665742,55.08,0.03,0.027,0.0,1.0,0.0,0.0,3.0,41,3,Changeup,3,1,1,3,1,3,1,3,,,268.0,0.019,-0.244,,,0.053,0.244,91.0,2,-2,0.781,0.2189999999999999,32,28,32,29,3,2,5.0,1.0,6.0,1.0,2.92,1.14,-1.14,,,,,,
CH,2025-08-17,88.7,-0.9,6.52,"Raleigh, Cal",663728,605280,field_out,hit_into_play,,,,,11.0,Cal Raleigh flies out to left fielder Brandon Nimmo.,R,L,R,NYM,SEA,X,7.0,fly_ball,2,2,2025,-0.71,-0.02,-1.1,3.08,,,702284.0,2,3,Top,67.86,118.63,,,,,0.89386815,-129.00757,-2.4382808,-7.6723757,24.873356,-31.681274,3.6,1.65,244.0,85.8,50.0,87.9,919.0,5.7,776707,682626,624413,683146,668901,596019,607043,656775,665742,54.85,0.013,0.014,0.0,1.0,0.0,0.0,3.0,21,5,Changeup,3,0,0,3,0,3,0,3,,,278.0,0.018,-0.216,,,0.02,0.216,88.0,3,-3,0.821,0.179,32,28,32,29,2,1,5.0,1.0,6.0,1.0,2.98,0.71,-0.71,,,,,,
FS,2025-08-17,88.9,-2.43,5.73,"Raleigh, Cal",663728,657585,home_run,hit_into_play,,,,,13.0,Cal Raleigh homers (47) on a fly ball to left field. Randy Arozarena scores.,R,L,R,NYM,SEA,X,,fly_ball,0,1,2025,-0.88,-0.21,-0.54,1.44,,,668227.0,1,7,Top,37.44,74.52,,,,,6.2385364,-128.98923,-4.1005774,-10.462493,25.871006,-33.340397,3.6,1.65,338.0,94.8,34.0,87.7,1522.0,5.6,776707,682626,624413,683146,668901,596019,607043,656775,665742,54.87,0.094,0.161,2.0,1.0,0.0,3.0,3.0,61,2,Split-Finger,7,1,1,7,3,7,3,7,,,289.0,-0.028,1.505,,,0.314,-1.505,94.8,6,-6,0.984,0.016,32,28,32,29,1,3,4.0,1.0,3.0,1.0,3.18,0.88,-0.88,,,,,,
SI,2025-08-17,84.5,-4.04,1.25,"Raleigh, Cal",663728,643511,single,hit_into_play,,,,,9.0,Cal Raleigh singles on a line drive to left fielder Brandon Nimmo.,R,L,R,NYM,SEA,X,7.0,line_drive,0,1,2025,-0.03,-1.37,0.33,2.1,,,,2,9,Top,84.8,118.25,,,,,10.03207,-121.735214,10.715991,-2.4405117,26.758333,-46.82537,3.6,1.65,230.0,85.0,19.0,82.6,2049.0,5.9,776707,620443,624413,682668,683146,596019,607043,656775,665742,54.64,0.8,0.774,0.9,1.0,1.0,0.0,4.0,79,2,Sinker,7,3,3,7,3,7,3,7,,,359.0,-0.003,0.368,,,0.949,-0.368,88.0,4,-4,0.999,0.001,34,28,35,29,1,4,2.0,1.0,3.0,1.0,4.72,0.03,-0.03,,,,,,
CU,2025-08-16,80.1,-3.7,5.18,"Raleigh, Cal",663728,690997,single,hit_into_play,,,,,8.0,Cal Raleigh singles on a sharp line drive to right fielder Juan Soto. J.P. Crawford to 3rd. Cole Young to 2nd.,R,L,R,NYM,SEA,X,9.0,line_drive,1,2,2025,1.34,-1.13,-0.22,1.86,,641487.0,702284.0,1,3,Top,169.44,97.45,,,,,5.138897676417983,-116.38890952782866,1.678573328353754,10.81566929036168,26.726074560025147,-42.89896825695345,3.6,1.68,224.0,106.8,15.0,79.2,3354.0,6.2,776726,682626,624413,683146,677595,596019,607043,656775,665742,54.26,0.63,0.702,0.9,1.0,1.0,0.0,5.0,19,4,Curveball,0,0,0,0,0,0,0,0,Standard,Standard,48.0,-0.079,0.55,69.6,7.4,1.016,-0.55,106.8,0,0,0.468,0.532,23,28,24,29,2,1,,1.0,6.0,1.0,4.76,-1.34,1.34,26.3,4.749009046043268,12.908790073833998,43.26751888579972,34.784412286478286,34.47626260221101
FF,2025-08-16,97.1,-1.9,4.67,"Raleigh, Cal",663728,621242,single,hit_into_play,,,,,1.0,Cal Raleigh singles on a line drive to right fielder Juan Soto.,R,L,R,NYM,SEA,X,9.0,line_drive,2,0,2025,-0.96,1.03,-0.53,3.3,,,,2,8,Top,174.07,122.01,,,,,5.966812227356256,-141.41063134680164,-0.5059124085317573,-14.273599132491178,31.682191455511123,-18.407115916715195,3.6,1.68,227.0,98.8,16.0,98.5,2323.0,7.0,776726,682626,624413,683146,677595,596019,607043,656775,665742,53.54,0.6,0.607,0.9,1.0,1.0,0.0,4.0,61,3,4-Seam Fastball,3,0,0,3,0,3,0,3,Infield shade,Standard,230.0,-0.008,0.223,71.6,7.5,0.826,-0.223,98.8,3,-3,0.963,0.037,31,28,31,29,1,3,2.0,1.0,7.0,1.0,1.38,0.96,-0.96,12.7,16.764042915156676,-6.218929535275023,28.33370786386554,39.60706520514297,32.68317519974632
ST,2025-08-15,78.4,3.42,5.23,"Raleigh, Cal",663728,640455,field_out,hit_into_play,,,,,13.0,Cal Raleigh pops out to second baseman Jeff McNeil.,R,R,L,NYM,SEA,X,4.0,popup,1,2,2025,-1.66,0.39,-0.15,1.35,,,,0,5,Top,137.82,131.68,,,,,-4.696985935650845,-113.96494875021978,-2.1405941717535395,-13.25235604426592,24.556509177051836,-28.57890214546639,3.62,1.69,174.0,90.9,62.0,78.8,2332.0,7.1,776736,682626,624413,643446,677595,596019,607043,656775,665742,53.44,0.018,0.019,0.0,1.0,0.0,0.0,3.0,42,4,Sweeper,6,4,4,6,4,6,4,6,Standard,Standard,283.0,0.022,-0.189,68.8,8.7,0.027,0.189,90.9,2,-2,0.758,0.242,33,28,33,29,3,2,5.0,1.0,6.0,1.0,3.38,-1.66,1.66,19.0,30.12668647431353,-10.013491560584905,44.2091267508474,33.83359796723187,45.090097927684866
FF,2025-08-15,92.4,3.29,5.1,"Raleigh, Cal",663728,640455,home_run,hit_into_play,,,,,4.0,Cal Raleigh homers (46) on a fly ball to left field. Randy Arozarena scores.,R,R,L,NYM,SEA,X,,fly_ball,0,1,2025,1.25,1.05,-0.56,3.0,,,668227.0,0,3,Top,35.54,64.71,,,,,-12.753401258880496,-133.9258542711036,-1.7612534905467268,17.850251188790835,29.34700178923513,-19.40601038809316,3.62,1.69,382.0,106.8,38.0,93.8,2103.0,7.3,776736,682626,624413,643446,677595,596019,607043,656775,665742,53.16,0.6738,1.3558,2.0,1.0,0.0,3.0,6.0,23,2,4-Seam Fastball,3,2,2,3,4,3,4,3,Standard,Standard,118.0,-0.187,1.101,74.5,7.4,2.675,-1.101,106.8,1,-1,0.575,0.425,33,28,33,29,2,1,5.0,1.0,6.0,1.0,1.65,1.25,-1.25,14.5,18.190843644103637,-2.157585964402621,35.137456497518464,29.54692614313945,38.329562369242694
FF,2025-08-15,101.0,-0.24,5.97,"Raleigh, Cal",663728,664854,double,hit_into_play,,,,,4.0,Cal Raleigh doubles (17) on a ground ball to left fielder Brandon Nimmo.,R,L,R,NYM,SEA,X,7.0,ground_ball,3,2,2025,-0.11,1.57,-0.35,2.58,,,,0,7,Top,65.16,134.45,,,,,-0.0600306969456585,-146.95762501736098,-7.893009754976122,-1.5839078535765352,36.07845158498238,-7.750862287601868,3.62,1.69,98.0,101.9,4.0,101.6,2567.0,6.7,776736,682626,624413,643446,677595,596019,607043,656775,665742,53.78,0.554,0.505,1.25,1.0,1.0,1.0,4.0,57,7,4-Seam Fastball,6,5,5,6,5,6,5,6,Strategic,Standard,190.0,-0.106,0.631,,,0.618,-0.631,101.9,1,-1,0.681,0.3189999999999999,30,28,31,29,1,3,1.0,1.0,2.0,1.0,0.67,0.11,-0.11,59.0,,,,,
FS,2025-08-15,87.4,-0.67,6.06,"Raleigh, Cal",663728,593423,double,hit_into_play,,,,,13.0,Cal Raleigh doubles (18) on a fly ball to center fielder Cedric Mullins.,R,L,R,NYM,SEA,X,8.0,fly_ball,2,2,2025,-0.92,0.55,-0.53,1.21,,,,0,8,Top,173.77,54.5,,,,,2.2158438670823877,-127.02366404860258,-6.542489851009555,-10.404351701864805,29.131705149233607,-24.954471833512734,3.62,1.69,375.0,98.0,30.0,86.2,1739.0,5.8,776736,682626,624413,643446,677595,596019,607043,656775,665742,54.66,0.3687058823529411,0.7058529411764707,1.25,1.0,1.0,1.0,6.0,69,5,Split-Finger,6,10,10,6,10,6,10,6,Strategic,Standard,233.0,-0.01,0.744,66.6,8.4,1.3849705882352945,-0.744,98.0,-4,4,0.036,0.964,32,28,32,29,1,4,6.0,1.0,,1.0,2.47,0.92,-0.92,45.1,23.32246248214819,-7.848671636749535,42.04682544939581,37.68980672947932,35.909202607720985
FF,2025-08-15,92.0,3.26,5.13,"Raleigh, Cal",663728,640455,field_out,hit_into_play,,,,,2.0,Cal Raleigh flies out sharply to center fielder Cedric Mullins.,R,R,L,NYM,SEA,X,8.0,fly_ball,0,0,2025,1.21,0.79,0.25,3.12,,,668227.0,0,1,Top,142.82,56.53,,,,,-10.381958572708236,-133.52949766278434,-0.8811121668565748,16.802699373064936,30.690697879473618,-22.84161872719567,3.62,1.69,355.0,104.6,41.0,92.6,1993.0,7.0,776736,682626,624413,643446,677595,596019,607043,656775,665742,53.54,0.2845,0.56875,0.0,1.0,0.0,0.0,5.0,2,1,4-Seam Fastball,0,0,0,0,0,0,0,0,Standard,Standard,120.0,0.034,-0.242,72.4,7.2,1.12075,0.242,104.6,0,0,0.464,0.536,33,28,33,29,1,0,5.0,1.0,6.0,1.0,1.94,1.21,-1.21,12.2,17.44238891907672,0.7015242402283073,31.95515573440214,35.00492535403875,32.90657619276266
ST,2025-08-13,78.1,2.55,5.45,"Raleigh, Cal",663728,669432,field_out,hit_into_play,,,,,3.0,Cal Raleigh flies out sharply to left fielder Dylan Carlson.,R,R,L,BAL,SEA,X,7.0,fly_ball,1,2,2025,-0.58,1.09,0.39,3.03,,,,2,6,Top,29.27,92.11,,,,,-3.5781614535904716,-113.65636499508172,-0.2217972907119701,-4.2347920406401,24.29663275316095,-23.03068052808845,3.63,1.69,353.0,101.1,42.0,77.8,2028.0,6.4,776761,668939,691723,702616,676059,683002,666185,669288,676116,54.08,0.111,0.211,0.0,1.0,0.0,0.0,3.0,38,4,Sweeper,0,0,0,0,0,0,0,0,Standard,Standard,231.0,0.013,-0.182,73.2,7.8,0.407,0.182,101.1,0,0,0.563,0.437,27,28,28,29,3,2,7.0,1.0,5.0,1.0,2.7,-0.58,0.58,13.0,27.60244861599871,-18.798769010982156,28.377760392353263,38.50452913890899,46.140656915244904
CH,2025-08-13,85.6,2.05,5.67,"Raleigh, Cal",663728,669432,field_out,hit_into_play,,,,,9.0,"Cal Raleigh grounds out, third baseman Jordan Westburg to first baseman Coby Mayo.",R,R,L,BAL,SEA,X,5.0,ground_ball,0,2,2025,0.99,0.34,0.4,2.05,,,641487.0,2,3,Top,106.21,165.87,,,,,-5.945207577439769,-124.47573452353144,-2.9138437141960134,11.48803456532586,26.67733235230149,-28.23627513916232,3.63,1.69,27.0,101.6,-3.0,86.2,1335.0,6.9,776761,668939,691723,702616,676059,683002,666185,669288,676116,53.62,0.39,0.346,0.0,1.0,0.0,0.0,2.0,18,3,Changeup,0,0,0,0,0,0,0,0,Standard,Standard,108.0,0.016,-0.174,72.4,7.7,0.46,0.174,101.6,0,0,0.539,0.4609999999999999,27,28,28,29,2,1,7.0,1.0,5.0,1.0,2.79,0.99,-0.99,21.0,17.03560014028996,0.969861829411763,36.10010412004662,37.07996276254387,39.143545586602784
FF,2025-08-13,93.4,2.07,5.93,"Raleigh, Cal",663728,669432,field_out,hit_into_play,,,,,12.0,Cal Raleigh pops out to first baseman Coby Mayo in foul territory.,R,R,L,BAL,SEA,X,3.0,popup,0,0,2025,0.68,1.07,1.03,3.86,,,,1,1,Top,167.39,162.62,,,,,-4.19117170578216,-136.04911083047494,-1.9532699313873705,9.34798733834597,30.13253528098241,-18.65141882089273,3.63,1.69,139.0,89.0,70.0,93.6,2271.0,6.4,776761,668939,691723,702616,676059,683002,666185,669288,676116,54.11,0.005,0.005,0.0,1.0,0.0,0.0,3.0,2,1,4-Seam Fastball,0,0,0,0,0,0,0,0,Standard,Standard,133.0,0.016,-0.254,72.9,7.4,0.005,0.254,89.0,0,0,0.522,0.478,27,28,28,29,1,0,7.0,1.0,5.0,1.0,1.54,0.68,-0.68,22.8,12.734840203376644,4.714918812358812,19.194123678007916,43.12089341725837,29.53949192330703
FF,2025-08-12,94.2,-2.11,6.21,"Raleigh, Cal",663728,665152,field_out,hit_into_play,,,,,1.0,Cal Raleigh flies out to left fielder Dylan Carlson.,R,L,R,BAL,SEA,X,7.0,fly_ball,1,1,2025,-0.61,1.5,-0.38,3.08,,,,2,6,Top,57.45,112.34,,,,,5.816567971009906,-136.87931507825297,-5.657622260455896,-9.05835071202876,32.83849344464656,-12.310830915064342,3.64,1.67,273.0,88.3,47.0,93.2,2202.0,6.0,776776,668939,691723,702616,676059,683002,666185,656185,676116,54.54,0.003,0.002,0.0,1.0,0.0,0.0,3.0,36,3,4-Seam Fastball,0,1,1,0,1,0,1,0,Standard,Standard,209.0,0.011,-0.244,70.1,6.7,0.003,0.244,88.3,-1,1,0.385,0.615,29,28,29,29,3,2,7.0,2.0,5.0,1.0,1.1,0.61,-0.61,40.3,8.538781613555628,13.843639283705931,30.227340960797676,36.139934658234374,22.473351287969564
FS,2025-08-12,82.1,-1.71,6.42,"Raleigh, Cal",663728,665152,field_out,hit_into_play,,,,,4.0,"Cal Raleigh grounds out softly, catcher Adley Rutschman to first baseman Coby Mayo.",R,L,R,BAL,SEA,X,2.0,ground_ball,3,2,2025,-0.9,1.15,-0.28,2.81,,,,2,3,Top,127.82,198.27,,,,,4.961372908418314,-119.46675885189404,-3.867697989918554,-9.570092749136052,22.55136655886967,-20.56217964016159,3.64,1.67,1.0,32.3,-66.0,81.9,1081.0,6.1,776776,668939,691723,702616,676059,683002,666185,656185,676116,54.37,0.213,0.19,0.0,1.0,0.0,0.0,1.0,17,7,Split-Finger,0,1,1,0,1,0,1,0,Standard,Standard,217.0,0.013,-0.328,64.9,8.9,0.214,0.328,88.0,-1,1,0.424,0.5760000000000001,29,28,29,29,2,1,7.0,2.0,5.0,1.0,2.22,0.9,-0.9,50.3,41.06528630327004,-44.197530744876936,37.01287246096077,33.61970861007961,57.67346032755195
CH,2025-08-12,84.8,-1.67,5.89,"Raleigh, Cal",663728,670329,field_out,hit_into_play,,,,,13.0,Cal Raleigh flies out to second baseman Jackson Holliday.,R,L,R,BAL,SEA,X,4.0,fly_ball,2,1,2025,-1.26,1.11,-1.14,2.28,,,,1,9,Top,162.76,123.59,,,,,3.730012605529179,-123.35415903816404,-4.272532990489413,-13.583701229867147,25.77015693288064,-20.20305712235338,3.64,1.67,211.0,68.3,45.0,84.4,2152.0,6.2,776776,668939,691723,702616,676059,683002,666185,669288,669236,54.35,0.256,0.232,0.0,1.0,0.0,0.0,3.0,56,4,Changeup,0,1,1,0,1,0,1,0,Standard,Standard,230.0,0.015,-0.298,67.7,8.7,0.299,0.298,88.0,-1,1,0.179,0.821,31,28,31,29,1,3,10.0,2.0,2.0,1.0,2.07,1.26,-1.26,48.2,27.36634430536012,-19.977699882408466,31.56186248592512,44.16875103609517,50.142032819503505
FF,2025-08-12,92.5,-2.37,6.34,"Raleigh, Cal",663728,665152,field_out,hit_into_play,,,,,5.0,Cal Raleigh flies out sharply to right fielder Ryan Noda.,R,L,R,BAL,SEA,X,9.0,fly_ball,0,0,2025,-0.66,1.51,0.26,2.82,,,668227.0,0,1,Top,197.86,112.52,,,,,8.116396240848998,-134.44106707570157,-6.507646491193077,-9.62470182844879,24.768333088918023,-12.52669743227364,3.64,1.67,278.0,104.5,55.0,92.6,2310.0,6.1,776776,668939,691723,702616,676059,683002,666185,656185,676116,54.43,0.023,0.032,0.0,1.0,0.0,0.0,3.0,2,1,4-Seam Fastball,0,0,0,0,0,0,0,0,Standard,Standard,207.0,0.034,-0.242,71.2,7.7,0.048,0.242,104.5,0,0,0.464,0.536,29,28,29,29,1,0,7.0,2.0,5.0,1.0,1.12,0.66,-0.66,42.4,21.04177755510344,-12.739841937391889,39.85660291169688,27.253413498125106,35.9908070071793
CU,2025-08-10,81.6,-1.29,5.89,"Raleigh, Cal",663728,605288,field_out,hit_into_play,,,,,13.0,"Cal Raleigh grounds out softly, pitcher Adrian Houser to first baseman Yandy Díaz.",R,L,R,SEA,TB,X,1.0,ground_ball,0,0,2025,0.33,-1.51,-0.54,1.25,,,,0,2,Bot,123.03,188.15,,,,,1.0646173052772778,-118.82512320603212,-0.903128169799594,2.861691032490848,24.808050090258316,-46.44323899658577,3.64,1.67,1.0,49.8,-49.0,81.6,2067.0,6.5,776791,676439,650490,664040,691406,673490,802415,671976,663968,54.02,0.296,0.257,0.0,1.0,0.0,0.0,1.0,20,1,Curveball,4,1,4,1,1,4,4,1,Infield shade,Standard,21.0,-0.012,-0.259,82.6,8.8,0.329,0.259,88.0,3,3,0.821,0.821,32,28,32,29,2,1,6.0,1.0,6.0,2.0,4.96,-0.33,0.33,41.6,24.290332142277165,-13.343696991763606,39.1684857994506,39.56152645480744,44.90549981917411
SI,2025-08-10,95.6,-1.52,5.68,"Raleigh, Cal",663728,605288,home_run,hit_into_play,,,,,8.0,Cal Raleigh homers (45) on a fly ball to right field. Randy Arozarena scores.,R,L,R,SEA,TB,X,,fly_ball,3,1,2025,-1.43,0.71,0.21,2.09,,,668227.0,0,1,Bot,224.22,81.81,,,,,7.818818106279207,-138.9691833831515,-5.503815920010566,-20.244085283368467,28.674308802121,-21.95505305746733,3.64,1.67,376.0,112.9,23.0,96.4,2243.0,6.6,776791,676439,650490,664040,691406,673490,802415,671976,663968,53.86,0.9825,1.9365,2.0,1.0,0.0,3.0,6.0,6,5,Sinker,0,0,0,0,0,2,2,0,Infield shade,Standard,228.0,0.128,0.907,81.2,8.2,3.7975,-0.907,112.9,0,0,0.604,0.604,32,28,32,29,1,0,6.0,1.0,6.0,2.0,1.77,1.43,-1.43,35.1,17.577239417470775,-13.532378821867608,43.37519820645364,30.217362756208693,34.73354195488081
CH,2025-08-10,84.2,-1.01,6.5,"Raleigh, Cal",663728,641329,field_out,hit_into_play,,,,,4.0,"Cal Raleigh grounds out, second baseman Brandon Lowe to first baseman Yandy Díaz.",R,L,R,SEA,TB,X,4.0,ground_ball,0,2,2025,-1.27,0.8,-0.73,2.34,,,,0,7,Bot,134.51,148.96,,,,,3.1705087465419877,-122.70633926061006,-4.95093669934753,-13.481883006573968,21.52094590026406,-23.354724595027868,3.64,1.67,19.0,66.2,-5.0,84.6,2002.0,6.2,776791,676439,650490,664040,691406,673490,666624,802415,663968,54.27,0.078,0.065,0.0,1.0,0.0,0.0,2.0,59,3,Changeup,4,3,4,3,3,4,4,3,Infield shade,Standard,225.0,-0.012,-0.165,80.8,8.3,0.097,0.165,88.0,1,1,0.782,0.782,30,28,31,29,1,3,4.0,1.0,3.0,2.0,2.38,1.27,-1.27,51.3,30.877207576289507,-21.859825810073257,34.232192125513144,41.08519741132011,50.60940373583945
FF,2025-08-09,99.6,-1.39,5.82,"Raleigh, Cal",663728,671212,home_run,hit_into_play,,,,,4.0,Cal Raleigh homers (44) on a fly ball to left center field. Cole Young scores. Randy Arozarena scores.,R,L,R,SEA,TB,X,,fly_ball,0,0,2025,-0.81,1.25,-0.43,2.32,,702284.0,668227.0,0,3,Bot,60.12,52.55,,,,,4.546376745819572,-144.92789158842928,-7.2075374922691235,-12.452380281359432,33.258518298951145,-13.053739552867697,3.63,1.67,397.0,107.3,27.0,100.2,2574.0,6.6,776805,676439,650490,656484,691406,673490,802415,671976,666139,53.94,0.8954375000000003,1.8055833333333335,2.0,1.0,0.0,3.0,6.0,22,1,4-Seam Fastball,2,1,2,1,1,5,5,1,Infield shade,Standard,223.0,0.146,0.965,78.3,7.7,3.5695833333333327,-0.965,107.3,1,1,0.748,0.748,25,28,26,29,2,1,6.0,1.0,6.0,1.0,1.04,0.81,-0.81,30.7,12.321296456689067,-0.1839358374589161,34.708962188080086,38.24466788237562,25.65744925801699
CH,2025-08-09,87.7,-1.62,5.74,"Raleigh, Cal",663728,669438,field_out,hit_into_play,,,,,13.0,"Cal Raleigh grounds out, pitcher Mason Englert to first baseman Yandy Díaz.",R,L,R,SEA,TB,X,1.0,ground_ball,2,2,2025,-0.91,0.14,-0.42,0.96,,668227.0,,1,6,Bot,126.67,179.46,,,,,4.797691508114574,-127.6018055418479,-5.767947493876009,-10.924166517787649,24.319322931224036,-29.75678969139027,3.63,1.67,3.0,62.9,-18.0,88.1,2093.0,6.4,776805,663743,650490,656484,691406,673490,802415,671976,666139,54.12,0.041,0.042,0.0,1.0,0.0,0.0,2.0,54,6,Changeup,7,4,7,4,4,7,7,4,Infield shade,Standard,241.0,-0.012,-0.211,38.7,7.5,0.041,0.211,88.0,3,3,0.918,0.918,25,28,26,29,1,3,6.0,1.0,4.0,1.0,2.81,0.91,-0.91,37.9,-0.6850702795437773,12.981172270266237,39.06258509084405,38.162328434269256,23.887680570577817
FC,2025-08-08,89.5,-2.05,5.99,"Raleigh, Cal",663728,656876,field_out,hit_into_play,,,,,6.0,Cal Raleigh pops out to first baseman Brandon Lowe in foul territory.,R,L,R,SEA,TB,X,3.0,popup,0,0,2025,0.38,0.52,0.46,2.68,,,668227.0,1,6,Bot,156.07,195.18,,,,,5.429625515581337,-130.41019086739814,-3.406438433633457,3.387602342136201,23.04812074499879,-25.70311676003152,3.64,1.67,61.0,97.4,76.0,90.4,2691.0,6.4,776824,676439,664040,656484,691406,670764,663968,671976,666139,54.09,0.003,0.002,0.0,1.0,0.0,0.0,3.0,42,1,Cutter,0,2,0,2,2,0,0,2,Infield shade,Standard,174.0,-0.046,-0.256,77.6,8.3,0.003,0.256,97.4,-2,-2,0.266,0.266,29,28,30,29,3,2,6.0,1.0,5.0,1.0,2.28,-0.38,0.38,54.2,25.1669822691421,-20.087980256464892,33.54884507698455,29.925535605524153,43.213726940146834
ST,2025-08-08,87.5,-0.93,5.3,"Raleigh, Cal",663728,643377,home_run,hit_into_play,,,,,8.0,Cal Raleigh homers (43) on a fly ball to right center field. J.P. Crawford scores. Cole Young scores.,R,L,R,SEA,TB,X,,fly_ball,2,0,2025,1.54,-0.35,-0.22,1.7,,641487.0,702284.0,2,8,Bot,175.21,37.26,,,,,-1.4705710688426503,-127.33108595677528,-1.7711307367185634,16.943874269172593,28.53458056732752,-35.78129827772047,3.64,1.67,417.0,108.1,28.0,87.2,3300.0,6.3,776824,676439,664040,656484,691406,670764,663968,671976,666139,54.19,0.9484545454545454,1.9146060606060609,2.0,1.0,0.0,3.0,6.0,57,3,Sweeper,0,2,0,2,2,3,3,2,Infield shade,Standard,40.0,0.658,1.61,77.3,8.3,3.7895151515151513,-1.61,108.1,-2,-2,0.185,0.185,30,28,31,29,1,3,2.0,1.0,3.0,1.0,3.35,-1.54,1.54,36.9,11.125301377920698,-3.2233258279118604,37.43733158237339,37.594441571167394,31.33868704010966
FF,2025-08-08,95.9,-1.78,6.06,"Raleigh, Cal",663728,656876,double_play,hit_into_play,,,,,2.0,"Cal Raleigh pops into a double play in foul territory, first baseman Brandon Lowe to second baseman Tristan Gray. Randy Arozarena out at 1st.",R,L,R,SEA,TB,X,3.0,popup,0,0,2025,-0.65,1.65,0.11,3.48,,,668227.0,0,1,Bot,162.9,187.47,,,,,6.476368564640746,-139.45906275164796,-4.961632784715457,-9.96288029323402,30.916421422523765,-9.707199554527138,3.64,1.67,96.0,98.7,72.0,96.4,2581.0,6.6,776824,676439,664040,656484,691406,670764,663968,671976,666139,53.95,0.008,0.01,0.0,1.0,0.0,0.0,3.0,6,1,4-Seam Fastball,0,1,0,1,1,0,0,1,Infield shade,Standard,200.0,-0.079,-0.242,77.4,7.8,0.011,0.242,98.7,-1,-1,0.486,0.486,29,28,30,29,1,0,6.0,1.0,5.0,1.0,0.83,0.65,-0.65,55.0,19.875419886652992,-20.14779654672421,25.566172075971323,35.070999695650045,38.519560509997454
FF,2025-08-07,97.3,-1.98,5.49,"Raleigh, Cal",663728,681343,field_out,hit_into_play,,,,,4.0,Cal Raleigh flies out sharply to center fielder Luis Robert Jr.,R,L,R,SEA,CWS,X,8.0,fly_ball,3,2,2025,-0.82,1.16,-0.6,2.66,,,,2,5,Bot,148.32,66.29,,,,,5.669319486400643,-141.6380101959524,-4.836260866912571,-12.312808876189775,29.59213073930946,-15.598269803240347,3.63,1.67,334.0,101.6,39.0,98.9,2288.0,6.9,776830,700337,678554,672820,681460,695657,643217,673357,572191,53.56,0.2726666666666666,0.5286666666666666,0.0,1.0,0.0,0.0,5.0,40,6,4-Seam Fastball,2,1,2,1,1,2,2,1,Infield shade,Standard,222.0,-0.013,-0.328,77.2,7.6,1.0545,0.328,101.6,1,1,0.673,0.673,25,28,25,29,3,2,6.0,1.0,6.0,1.0,1.23,0.82,-0.82,33.1,15.98305977544322,-1.1420482660374276,31.189751677956476,39.71913697114503,31.635502322531742
FF,2025-08-07,97.2,-1.97,5.65,"Raleigh, Cal",663728,681343,field_out,hit_into_play,,,,,2.0,Cal Raleigh pops out to third baseman Brooks Baldwin in foul territory.,R,L,R,SEA,CWS,X,5.0,popup,0,1,2025,-0.8,1.32,-0.01,3.57,,,,1,1,Bot,102.33,202.78,,,,,7.169897395105402,-141.45915901028582,-3.12034672871858,-12.351220361656871,31.84486086648227,-13.943122914350594,3.63,1.67,72.0,86.3,82.0,98.5,2283.0,7.0,776830,700337,678554,672820,681460,695657,643217,673357,572191,53.54,0.01,0.011,0.0,1.0,0.0,0.0,3.0,5,2,4-Seam Fastball,0,0,0,0,0,0,0,0,Strategic,Standard,212.0,-0.014,-0.215,74.4,7.4,0.012,0.215,88.0,0,0,0.524,0.524,25,28,25,29,1,0,6.0,1.0,6.0,1.0,1.09,0.8,-0.8,35.7,19.271446428257267,-2.4647266402329753,35.26962710068322,33.00083268199642,27.648964888786978
FF,2025-08-06,96.0,-2.32,5.86,"Raleigh, Cal",663728,686563,single,hit_into_play,,,,,1.0,Cal Raleigh singles on a sharp line drive to right fielder Michael A. Taylor. Dominic Canzone scores. J.P. Crawford scores. Randy Arozarena to 3rd.,R,L,R,SEA,CWS,X,9.0,line_drive,1,2,2025,-0.97,1.3,-0.3,3.16,686527.0,641487.0,668227.0,2,2,Bot,209.56,103.25,,,,,7.526986197204972,-139.5828473199175,-4.458370418927483,-14.395584882746896,33.16503793316457,-14.35432923010828,3.63,1.68,235.0,109.0,14.0,95.6,2315.0,6.3,776841,691019,678554,672820,681460,695657,643217,673357,572191,54.25,0.678,0.715,0.9,1.0,1.0,0.0,5.0,19,4,4-Seam Fastball,2,1,2,1,1,4,4,1,Standard,Standard,229.0,0.16,0.585,76.2,7.4,1.027,-0.585,109.0,1,1,0.661,0.661,24,28,25,29,2,1,8.0,1.0,29.0,1.0,1.19,0.97,-0.97,32.3,20.215907036267268,-6.187206844676015,31.68788734772698,35.76695661828758,35.22692039120939
FF,2025-08-06,90.9,1.81,5.48,"Raleigh, Cal",663728,641302,field_out,hit_into_play,,,,,3.0,Cal Raleigh flies out sharply to center fielder Luis Robert Jr.,R,R,L,SEA,CWS,X,8.0,fly_ball,2,2,2025,0.67,1.51,0.32,3.13,,,,0,4,Bot,108.7,51.86,,,,,-5.1625387155125955,-132.35000240487466,-3.236038165497302,8.97832207263995,27.64346160259441,-13.914204301390924,3.63,1.68,366.0,103.0,39.0,90.9,2187.0,6.2,776841,691019,678554,672820,681460,695657,643217,673357,572191,54.3,0.3312222222222222,0.655888888888889,0.0,1.0,0.0,0.0,5.0,38,5,4-Seam Fastball,7,2,7,2,2,7,7,2,Standard,Standard,143.0,-0.004,-0.232,76.4,7.5,1.294222222222222,0.232,103.0,5,5,0.946,0.946,30,28,31,29,1,2,3.0,1.0,5.0,1.0,1.24,0.67,-0.67,34.7,16.034047221476637,-2.7672994861307116,30.817908753024316,39.03233043761401,32.335315831662655
FF,2025-08-06,94.1,-2.23,5.93,"Raleigh, Cal",663728,621051,field_out,hit_into_play,,,,,4.0,Cal Raleigh lines out sharply to left fielder Andrew Benintendi.,R,L,R,SEA,CWS,X,7.0,line_drive,0,0,2025,-0.5,1.61,-0.8,2.51,,,,0,7,Bot,54.45,85.23,,,,,4.834134328009835,-136.93382899931692,-6.7753347032928675,-7.372586760780107,30.14167638440936,-10.634912532417282,3.63,1.68,332.0,100.2,20.0,94.4,2520.0,6.4,776841,691019,678554,672820,681460,695657,643217,673357,572191,54.07,0.324,0.393,0.0,1.0,0.0,0.0,5.0,60,1,4-Seam Fastball,7,5,7,5,5,7,7,5,Strategic,Standard,198.0,-0.011,-0.259,69.9,7.0,0.63,0.259,100.2,2,2,0.887,0.887,30,28,31,29,1,3,3.0,1.0,1.0,1.0,0.97,0.5,-0.5,50.4,2.1256910441083674,11.808545238985111,33.59650433886162,41.95298471886736,20.98197059393523
FF,2025-08-05,93.7,-2.08,5.88,"Raleigh, Cal",663728,663436,field_out,hit_into_play,,,,,6.0,Cal Raleigh flies out sharply to right fielder Mike Tauchman.,R,L,R,SEA,CWS,X,9.0,fly_ball,1,1,2025,-0.58,1.4,0.31,2.32,,,702284.0,1,5,Bot,210.1,95.02,,,,,7.439506004629976,-136.1984344828569,-6.536142096244551,-8.790770435999963,29.11983575744881,-13.468332706050022,3.62,1.71,329.0,104.2,24.0,93.7,2334.0,6.3,776857,691019,672820,668942,681460,695657,643217,673357,643565,54.19,0.6389787234042552,1.1834468085106378,0.0,1.0,0.0,0.0,6.0,38,3,4-Seam Fastball,3,1,3,1,1,3,3,1,Infield shade,Standard,213.0,-0.018,-0.235,76.7,8.0,2.2859999999999996,0.235,104.2,2,2,0.812,0.812,28,28,28,29,3,2,8.0,2.0,5.0,1.0,1.2,0.58,-0.58,39.9,17.118851971372735,-8.02966054270857,44.73373637607136,29.473707335689276,33.46594628988758
CH,2025-08-05,93.6,-2.21,5.87,"Raleigh, Cal",663728,663436,grounded_into_double_play,hit_into_play,,,,,13.0,"Cal Raleigh grounds into a double play, shortstop Colson Montgomery to first baseman Lenyn Sosa. Cole Young to 3rd. Randy Arozarena out at 2nd. Cal Raleigh out at 1st.",R,L,R,SEA,CWS,X,6.0,ground_ball,0,2,2025,-1.44,0.04,-1.05,2.38,,702284.0,668227.0,0,3,Bot,120.08,146.0,,,,,6.142145464940786,-136.28693273157992,-3.4256723921747465,-19.30752387265231,26.870501077266653,-31.16507503231,3.62,1.71,133.0,103.0,4.0,93.9,2141.0,6.2,776857,691019,672820,668942,681460,695657,643217,673357,643565,54.3,0.603,0.569,0.0,1.0,0.0,0.0,4.0,23,3,Changeup,1,1,1,1,1,1,1,1,Standard,Standard,238.0,-0.092,-0.227,70.4,7.7,0.689,0.227,103.0,0,0,0.635,0.635,28,28,28,29,2,1,8.0,2.0,5.0,1.0,2.54,1.44,-1.44,37.9,0.8825096429944845,3.614659909032016,29.429296948209185,45.43914102276303,22.239267285533536
SL,2025-08-03,91.7,-1.29,5.45,"Raleigh, Cal",663728,594798,field_out,hit_into_play,,,,,8.0,Cal Raleigh pops out to shortstop Corey Seager.,R,L,R,SEA,TEX,X,6.0,popup,3,1,2025,0.44,0.31,-0.24,2.09,,,,1,5,Bot,97.26,141.44,,,,,1.703427530881258,-133.74685792566956,-3.48709734902075,5.115977113376225,22.287098626428033,-27.943859241989195,3.65,1.71,169.0,101.8,65.0,93.1,2724.0,6.5,776883,543309,642133,543760,669701,608369,696030,694671,666969,54.0,0.013,0.014,0.0,1.0,0.0,0.0,3.0,40,5,Slider,5,3,5,3,3,5,5,3,Infield shade,Standard,127.0,-0.017,-0.419,80.5,8.4,0.017,0.419,101.8,2,2,0.803,0.803,37,28,37,29,3,2,6.0,1.0,6.0,2.0,2.34,-0.44,0.44,33.5,25.050745032615723,-0.9484322826757212,39.38735903616666,37.12599790660708,34.32120356157919
FF,2025-08-01,98.1,-1.27,5.38,"Raleigh, Cal",663728,683004,single,hit_into_play,,,,,1.0,Cal Raleigh singles on a line drive to center fielder Evan Carter.,R,L,R,SEA,TEX,X,8.0,line_drive,1,1,2025,-1.01,1.45,-0.62,3.36,,,,0,3,Bot,145.13,99.97,,,,,4.143307221629395,-142.76768082571556,-3.345279039090549,-14.82436056200497,35.26876903100947,-11.834155749988058,3.66,1.71,167.0,98.6,11.0,99.0,2469.0,7.0,776908,641680,642133,543760,669701,608369,694671,694497,666969,53.53,0.878,0.821,0.9,1.0,1.0,0.0,4.0,24,3,4-Seam Fastball,1,3,1,3,3,1,1,3,Infield shade,Standard,213.0,0.045,0.447,73.8,7.2,1.009,-0.447,98.6,-2,-2,0.327,0.327,25,28,25,29,2,1,5.0,1.0,5.0,1.0,0.93,1.01,-1.01,39.7,11.550209086630556,7.438091882254074,21.608787252732157,43.67605493850966,26.65545308593784
FF,2025-07-31,96.3,-2.05,5.55,"Raleigh, Cal",663728,677958,home_run,hit_into_play,,,,,3.0,Cal Raleigh homers (42) on a fly ball to right center field.,R,L,R,SEA,TEX,X,,fly_ball,0,1,2025,-0.91,1.28,0.6,3.13,,,,1,5,Bot,195.11,69.21,,,,,9.140032706425266,-139.92017423876092,-3.7429922673704095,-13.989949247898656,32.08157309383172,-14.730359238113568,3.65,1.7,364.0,101.3,42.0,96.8,2319.0,6.7,776923,543309,642133,543760,669701,608369,694671,694497,666969,53.82,0.111,0.211,2.0,1.0,0.0,3.0,3.0,37,2,4-Seam Fastball,2,0,2,0,0,3,3,0,Infield shade,Standard,228.0,0.08,1.622,72.2,7.3,0.407,-1.622,101.3,2,2,0.795,0.795,25,28,26,29,3,2,5.0,1.0,,1.0,1.19,0.91,-0.91,24.5,17.486007651801238,-0.5655135778078968,34.20920929764237,30.590241047125453,32.97696078193217
CH,2025-07-31,89.4,-2.25,5.56,"Raleigh, Cal",663728,677958,force_out,hit_into_play,,,,,7.0,"Cal Raleigh grounds into a force out, shortstop Corey Seager to second baseman Marcus Semien. Randy Arozarena out at 2nd. Cal Raleigh to 1st.",R,L,R,SEA,TEX,X,6.0,ground_ball,2,2,2025,-1.02,0.6,-0.74,1.65,,,668227.0,1,3,Bot,122.12,161.14,,,,,5.916757582593613,-130.09526895194284,-4.980362619359211,-12.820000752966012,23.71107616385794,-24.59467178603666,3.65,1.7,103.0,102.8,5.0,90.5,1636.0,6.6,776923,543309,642133,543760,669701,608369,694671,694497,666969,53.85,0.61,0.56,0.0,1.0,0.0,0.0,4.0,22,5,Changeup,0,0,0,0,0,0,0,0,Infield shade,Standard,235.0,-0.029,-0.285,75.7,7.6,0.688,0.285,102.8,0,0,0.555,0.555,25,28,26,29,2,1,5.0,1.0,,1.0,2.23,1.02,-1.02,28.0,6.9757186270613,9.195638495539196,34.8560077211026,40.34976274263137,23.91298808064293
SL,2025-07-31,84.8,1.59,5.9,"Raleigh, Cal",663728,656641,field_out,hit_into_play,,,,,8.0,"Cal Raleigh grounds out sharply, third baseman Josh Smith to first baseman Rowdy Tellez.",R,R,L,SEA,TEX,X,5.0,ground_ball,2,2,2025,-0.49,0.21,0.2,2.13,,,,2,6,Bot,98.79,166.79,,,,,-2.2758623205454205,-123.56733597983678,-3.006100895503566,-4.695450534728835,21.96987099954575,-29.65738260144499,3.65,1.7,26.0,108.3,-4.0,86.0,2415.0,6.7,776923,543309,642133,543760,669701,608369,694671,694497,666969,53.78,0.41,0.372,0.0,1.0,0.0,0.0,4.0,51,7,Slider,6,0,6,0,0,6,6,0,Standard,Standard,225.0,-0.001,-0.224,81.7,8.0,0.442,0.224,108.3,6,6,0.984,0.984,29,28,29,29,1,3,5.0,1.0,20.0,1.0,2.92,-0.49,0.49,49.5,11.896481675246582,-8.516317139876872,28.54998843283993,37.0677868709632,39.34579511403451
SL,2025-07-31,84.8,-1.93,6.1,"Raleigh, Cal",663728,677958,force_out,hit_into_play,,,,,4.0,"Cal Raleigh grounds into a force out, first baseman Rowdy Tellez to shortstop Corey Seager. Randy Arozarena out at 2nd. Cal Raleigh to 1st.",R,L,R,SEA,TEX,X,3.0,ground_ball,1,2,2025,0.27,0.1,-0.74,2.52,,,668227.0,0,1,Bot,148.97,171.35,,,,,2.269750049297212,-123.6768851653847,-2.328850816236267,2.353901090491245,21.633679634670266,-30.93108523758983,3.65,1.7,4.0,79.5,-30.0,85.8,2309.0,6.5,776923,543309,642133,543760,669701,608369,694671,694497,666969,54.0,0.035,0.039,0.0,1.0,0.0,0.0,2.0,5,4,Slider,0,0,0,0,0,0,0,0,Infield shade,Standard,102.0,-0.024,-0.258,66.1,8.2,0.035,0.258,88.0,0,0,0.575,0.575,25,28,26,29,1,0,5.0,1.0,,1.0,3.03,-0.27,0.27,38.3,19.7026805803504,-10.553675260452836,29.19928595398525,41.54085617880057,34.4470636405329
FF,2025-07-30,90.5,2.41,5.95,"Raleigh, Cal",663728,605488,field_out,hit_into_play,,,,,2.0,Cal Raleigh flies out to left fielder Tyler Soderstrom.,R,R,L,ATH,SEA,X,7.0,fly_ball,0,0,2025,1.04,1.36,0.15,3.42,,810938.0,,2,6,Top,77.15,107.09,,,,,-7.864558261590947,-131.61665638193887,-3.306823377122493,13.688919196452511,26.50438014961806,-15.84071281113369,3.65,1.7,248.0,100.8,60.0,90.9,2257.0,6.4,776930,669127,701762,680474,609280,687231,691016,671732,666126,54.07,0.013,0.014,0.0,1.0,0.0,0.0,3.0,41,1,4-Seam Fastball,4,1,1,4,1,4,1,4,Standard,Strategic,137.0,0.028,-0.289,77.1,7.6,0.019,0.289,100.8,3,-3,0.883,0.1169999999999999,32,28,33,29,3,2,5.0,1.0,7.0,1.0,1.42,1.04,-1.04,41.9,22.261239824043663,-3.3144073779062513,28.449933830598805,37.692403345909426,38.18150196570089
FF,2025-07-30,90.9,2.4,5.94,"Raleigh, Cal",663728,605488,field_out,hit_into_play,,,,,4.0,Cal Raleigh flies out to left fielder Tyler Soderstrom.,R,R,L,ATH,SEA,X,7.0,fly_ball,0,1,2025,1.08,1.37,-0.66,2.76,,,,1,1,Top,57.47,110.28,,,,,-9.987835671734263,-131.88477999534817,-4.934035961370965,14.82190293143805,29.52208490579464,-15.340413969398428,3.65,1.7,276.0,78.2,44.0,90.7,2145.0,6.5,776930,669127,701762,680474,609280,687231,691016,671732,666126,54.05,0.076,0.08,0.0,1.0,0.0,0.0,3.0,3,2,4-Seam Fastball,0,1,1,0,1,0,1,0,Infield shade,Standard,132.0,0.012,-0.215,71.9,7.6,0.106,0.215,88.0,-1,1,0.426,0.5740000000000001,32,28,33,29,1,0,5.0,1.0,7.0,1.0,1.42,1.08,-1.08,40.3,18.420849591376975,-9.414459308026746,40.47785046698516,25.93413959321904,41.06988030654322
FC,2025-07-30,94.0,-2.31,5.53,"Raleigh, Cal",663728,678022,field_out,hit_into_play,,,,,3.0,Cal Raleigh flies out to second baseman Max Schuemann.,R,L,R,ATH,SEA,X,4.0,fly_ball,0,0,2025,-0.06,0.74,0.59,3.06,,,,0,9,Top,163.93,129.23,,,,,7.608651835353492,-136.68022854706638,-2.2605059953230637,-2.6399220141345245,33.06984190205533,-22.670655032264676,3.65,1.7,201.0,67.8,47.0,93.2,2515.0,6.1,776930,669127,701762,680474,609280,687231,691016,671732,666126,54.42,0.21,0.195,0.0,1.0,0.0,0.0,3.0,63,1,Cutter,5,3,3,5,3,5,3,5,Infield shade,Strategic,224.0,0.039,-0.259,76.6,7.3,0.251,0.259,88.0,2,-2,0.924,0.0759999999999999,25,28,26,29,1,3,3.0,1.0,4.0,1.0,1.87,0.06,-0.06,30.2,18.507176104356738,1.4407083741853368,37.27760922480906,23.95494277382697,29.04599484576736
FC,2025-07-29,93.8,-2.25,6.0,"Raleigh, Cal",663728,622663,field_out,hit_into_play,,,,,3.0,Cal Raleigh pops out to second baseman Luis Urías.,R,L,R,ATH,SEA,X,4.0,popup,0,0,2025,0.17,0.77,0.73,3.03,,677594.0,,1,5,Top,158.4,136.07,,,,,7.312804463992116,-136.44899094488724,-3.6619326277694015,0.5849934133648508,29.014221090573393,-21.95407259366538,3.63,1.69,180.0,61.6,29.0,93.6,2365.0,6.1,776944,669127,701762,649966,609280,687231,691016,671732,666126,54.37,0.646,0.581,0.0,1.0,0.0,0.0,4.0,40,1,Cutter,4,1,1,4,1,4,1,4,Standard,Strategic,192.0,0.035,-0.262,,,0.659,0.262,88.0,3,-3,0.82,0.18,31,28,31,29,3,2,5.0,1.0,7.0,1.0,1.82,-0.17,0.17,43.3,,,,,
FF,2025-07-29,97.2,-2.12,6.11,"Raleigh, Cal",663728,622663,single,hit_into_play,,,,,8.0,Cal Raleigh singles on a sharp line drive to right fielder Carlos Cortes. J.P. Crawford to 2nd.,R,L,R,ATH,SEA,X,9.0,line_drive,3,2,2025,-0.52,1.39,-0.09,2.0,,,641487.0,1,1,Top,182.21,105.29,,,,,6.634295853836065,-141.1571676067107,-8.672901620113855,-8.486505960177066,32.87494264963748,-11.751018411198416,3.63,1.69,194.0,100.4,12.0,97.3,2296.0,6.5,776944,669127,701762,649966,609280,687231,691016,671732,666126,53.97,0.916,0.871,0.9,1.0,1.0,0.0,4.0,3,6,4-Seam Fastball,0,0,0,0,0,0,0,0,Infield shade,Standard,216.0,-0.032,0.341,77.8,7.6,1.102,-0.341,100.4,0,0,0.492,0.508,31,28,31,29,1,0,5.0,1.0,7.0,1.0,1.04,0.52,-0.52,41.0,10.33548384506721,5.019589689939468,42.477861003609675,32.101607236836855,27.812688271188375
SL,2025-07-28,80.6,1.33,4.62,"Raleigh, Cal",663728,676664,single,hit_into_play,,,,,9.0,Cal Raleigh singles on a line drive to left fielder Tyler Soderstrom. Ben Williamson scores.,R,R,L,ATH,SEA,X,7.0,line_drive,3,2,2025,-0.21,1.0,0.67,2.15,,810938.0,,1,5,Top,78.27,134.88,,,,,-1.0597338921886674,-117.39172083516593,-0.6819011165355752,-1.74580027457602,24.08999262971212,-23.050595618276947,3.64,1.67,200.0,79.3,18.0,80.4,2463.0,6.3,776957,669127,701762,649966,609280,680474,691016,671732,666126,54.2,0.98,0.917,0.9,1.0,1.0,0.0,4.0,33,7,Slider,0,2,2,0,3,0,3,0,Infield shade,Strategic,236.0,-0.068,0.519,76.6,8.5,1.106,-0.519,88.0,-2,2,0.231,0.769,29,28,29,29,3,2,5.0,1.0,7.0,1.0,2.52,-0.21,0.21,19.4,22.4918168346881,-23.324251070812444,32.893164057179725,39.15527369383037,52.66137079320673
SV,2025-07-28,82.7,3.06,5.8,"Raleigh, Cal",663728,656794,single,hit_into_play,,,,,6.0,"Mariners challenged (play at 1st), call on the field was overturned: Cal Raleigh singles on a ground ball to second baseman Luis Urías.",R,R,L,ATH,SEA,X,4.0,ground_ball,1,2,2025,-1.51,-0.15,0.55,2.62,,,,0,8,Top,155.87,151.18,,,,,-2.727656571225827,-120.38316260851484,-0.3516240842682537,-13.842500628626716,28.001046512179833,-33.77394379244547,3.64,1.67,24.0,74.6,-4.0,80.6,2928.0,5.3,776957,669127,701762,649966,609280,680474,691016,671732,666126,55.18,0.096,0.08,0.9,1.0,1.0,0.0,2.0,55,4,Slurve,1,3,3,1,3,1,3,1,Standard,Strategic,313.0,-0.022,0.508,63.2,6.3,0.121,-0.508,88.0,-2,2,0.141,0.859,32,28,32,29,1,3,2.0,1.0,1.0,1.0,3.53,-1.51,1.51,24.9,-6.995920810915278,28.600338393511905,30.351000745585136,37.56290805450148,20.91293691539837
SI,2025-07-27,87.1,-2.74,5.94,"Raleigh, Cal",663728,543294,home_run,hit_into_play,,,,,4.0,Cal Raleigh homers (41) on a fly ball to center field.,R,L,R,LAA,SEA,X,,fly_ball,2,2,2025,-1.1,0.32,-0.62,2.62,,,,0,7,Top,135.03,28.89,,,,,7.240763609117216,-126.81187514911676,-2.511209157225567,-13.24110350270262,23.42468398869418,-28.43058052967278,3.64,1.68,421.0,105.8,30.0,86.4,1889.0,5.6,776977,518595,694384,650859,621028,687263,621493,666176,672569,54.93,0.8117674418604651,1.6295813953488372,2.0,1.0,0.0,3.0,6.0,46,5,Sinker,4,0,0,4,1,4,1,4,Infield shade,Standard,223.0,-0.05,1.141,76.3,7.6,3.215511627906977,-1.141,105.8,4,-4,0.943,0.057,35,28,36,29,3,2,5.0,1.0,6.0,1.0,2.66,1.1,-1.1,40.4,15.82907426403611,-2.1455734259761,34.214241017286085,42.36139435338026,33.0235925624607
CH,2025-07-27,79.8,-2.68,6.12,"Raleigh, Cal",663728,543294,field_out,hit_into_play,,,,,13.0,"Cal Raleigh grounds out, second baseman Luis Rengifo to first baseman Nolan Schanuel.",R,L,R,LAA,SEA,X,4.0,ground_ball,0,1,2025,-1.53,0.69,-1.27,2.16,,,,2,4,Top,153.08,147.79,,,,,5.848001271638218,-116.07689656622982,-3.222956709806251,-14.90555066695858,22.392333228514648,-25.490585318805948,3.64,1.68,71.0,87.3,4.0,78.4,2098.0,5.4,776977,518595,694384,650859,621028,687263,621493,666176,672569,55.09,0.357,0.315,0.0,1.0,0.0,0.0,2.0,21,2,Changeup,0,0,0,0,0,0,0,0,Infield shade,Standard,233.0,0.011,-0.217,74.6,8.2,0.38,0.217,88.0,0,0,0.549,0.4509999999999999,35,28,36,29,2,1,5.0,1.0,6.0,1.0,2.9,1.53,-1.53,44.0,21.41010109959897,0.3406847299866991,34.41075143551323,47.84894356885417,36.56046497873256
CH,2025-07-27,78.9,-2.63,6.15,"Raleigh, Cal",663728,543294,field_out,hit_into_play,,,,,4.0,Cal Raleigh flies out to right fielder Gustavo Campero.,R,L,R,LAA,SEA,X,9.0,fly_ball,0,1,2025,-1.34,0.39,-0.43,2.44,,,,2,1,Top,177.2,119.1,,,,,7.128790856520092,-114.66436830012752,-1.956761937407293,-13.109278208478978,20.986057329260976,-28.587800995581425,3.64,1.68,236.0,84.3,52.0,77.5,1992.0,5.3,776977,518595,694384,650859,621028,687263,621493,666176,672569,55.17,0.02,0.02,0.0,1.0,0.0,0.0,3.0,3,2,Changeup,0,0,0,0,0,0,0,0,Infield shade,Standard,237.0,0.008,-0.217,83.5,8.3,0.027,0.217,88.0,0,0,0.54,0.4599999999999999,35,28,36,29,1,0,5.0,1.0,6.0,1.0,3.28,1.34,-1.34,43.2,31.068073780807005,-15.41211092554388,35.76019239033639,39.51164509747778,48.010674261548075
FC,2025-07-27,95.1,-2.27,6.19,"Raleigh, Cal",663728,445276,field_out,hit_into_play,,,,,12.0,Cal Raleigh pops out to third baseman Kevin Newman.,R,L,R,LAA,SEA,X,5.0,popup,0,2,2025,0.18,1.43,0.17,3.82,,,,1,9,Top,92.45,146.77,,,,,6.0522549973933355,-138.39467724160014,-3.818979169148197,0.979505072715161,29.747719274152015,-13.129939172656949,3.64,1.68,159.0,65.2,56.0,96.3,2554.0,6.9,776977,518595,694384,650859,621028,687263,621493,666176,672569,53.6,0.018,0.016,0.0,1.0,0.0,0.0,3.0,62,3,Cutter,4,1,1,4,1,4,1,4,Infield shade,Standard,188.0,0.007,-0.163,69.6,6.0,0.018,0.163,88.0,3,-3,0.989,0.011,37,28,38,29,1,3,2.0,1.0,1.0,1.0,1.08,-0.18,0.18,45.0,2.1477218437524894,11.598171550085889,25.144070936405857,30.06407807235893,25.8375225016666
CH,2025-07-26,79.9,1.4,6.33,"Raleigh, Cal",663728,542881,single,hit_into_play,,,,,9.0,Cal Raleigh singles on a line drive to left fielder Taylor Ward. Julio Rodríguez to 2nd.,R,R,L,LAA,SEA,X,7.0,line_drive,0,2,2025,1.03,0.89,0.3,2.15,,,677594.0,1,1,Top,58.24,95.26,,,,,-4.335293111861508,-116.20503993124464,-4.110704531629266,10.194163240070814,22.507795949082304,-23.525789103600125,3.61,1.69,254.0,99.9,16.0,79.2,1892.0,5.9,776995,681351,694384,650859,660162,687263,621493,666176,664774,54.57,0.587,0.626,0.9,1.0,1.0,0.0,4.0,3,3,Changeup,0,0,0,0,0,0,0,0,Infield shade,Standard,132.0,-0.048,0.493,75.2,7.9,0.868,-0.493,99.9,0,0,0.508,0.492,35,28,36,29,1,0,5.0,1.0,6.0,1.0,2.69,1.03,-1.03,55.2,19.702742895316792,-4.9665820703401105,36.41534690401666,38.05893013930501,41.2378188673058
FF,2025-07-26,97.0,-1.48,6.22,"Raleigh, Cal",663728,820862,home_run,hit_into_play,,,,,9.0,Cal Raleigh homers (40) on a fly ball to right field.,R,L,R,LAA,SEA,X,,fly_ball,2,0,2025,-0.61,1.57,0.32,2.17,,,,0,6,Top,234.91,69.32,,,,,6.218608566423722,-140.95240421262065,-8.861575120653182,-9.528720249577544,33.2080410832285,-9.37372039536968,3.61,1.69,416.0,113.5,27.0,96.9,2222.0,6.4,776995,681351,694384,650859,660162,687263,621493,666176,664774,54.08,0.9968333333333332,2.0115000000000003,2.0,1.0,0.0,3.0,6.0,42,3,4-Seam Fastball,2,2,2,2,3,2,3,2,Infield shade,Standard,209.0,-0.144,0.996,80.1,8.1,3.978,-0.996,113.5,0,0,0.484,0.516,23,28,24,29,1,2,2.0,1.0,22.0,1.0,0.87,0.61,-0.61,47.9,22.367578675054844,-9.138400892506144,44.18351374078139,28.68901702023309,36.14310190481916
SI,2025-07-25,98.2,-1.35,5.75,"Raleigh, Cal",663728,667755,single,hit_into_play,,,,,13.0,Cal Raleigh singles on a sharp ground ball to right fielder Chris Taylor.,R,L,R,LAA,SEA,X,9.0,ground_ball,3,2,2025,-1.08,0.3,-0.38,1.48,,,,0,6,Top,164.52,148.07,,,,,5.1657839559172904,-142.78961615279275,-6.8242088060065225,-16.01223460999367,32.28389050537235,-26.75841278272036,3.61,1.7,19.0,100.7,-4.0,98.9,1912.0,6.7,777006,681351,694384,650859,660162,687263,621493,666176,621035,53.8,0.357,0.313,0.9,1.0,1.0,0.0,2.0,41,6,Sinker,2,2,2,2,2,2,2,2,Infield shade,Standard,224.0,-0.045,0.353,78.2,8.5,0.392,-0.353,100.7,0,0,0.492,0.508,26,28,27,29,3,2,5.0,1.0,5.0,1.0,2.07,1.08,-1.08,34.4,19.263416597371773,-5.362360087256427,40.55480020618769,38.6844990723461,31.738202159890196
KC,2025-07-25,85.2,-1.06,6.03,"Raleigh, Cal",663728,667755,field_out,hit_into_play,,,,,5.0,Cal Raleigh flies out to center fielder Jo Adell.,R,L,R,LAA,SEA,X,8.0,fly_ball,0,1,2025,1.21,-0.85,-0.07,2.53,,,,2,3,Top,155.01,67.51,,,,,-0.1387987305950642,-123.92318789543788,-0.0972789054987075,12.362414047375491,28.79004583057515,-41.04524343630518,3.61,1.7,334.0,90.0,27.0,85.3,2507.0,6.7,777006,681351,694384,650859,660162,687263,621493,666176,621035,53.77,0.071,0.091,0.0,1.0,0.0,0.0,3.0,22,2,Knuckle Curve,2,1,1,2,1,2,1,2,Infield shade,Standard,36.0,0.01,-0.217,64.1,7.5,0.154,0.217,90.0,1,-1,0.659,0.3409999999999999,26,28,27,29,2,1,5.0,1.0,5.0,1.0,4.03,-1.21,1.21,43.8,13.655485266911809,-2.4234050528422575,33.211466304203775,34.92132189639533,32.018554790920916
SL,2025-07-24,85.2,2.47,5.29,"Raleigh, Cal",663728,579328,single,hit_into_play,,,,,5.0,Cal Raleigh singles on a ground ball to third baseman Yoán Moncada.,R,R,L,LAA,SEA,X,5.0,ground_ball,3,1,2025,-0.3,0.19,0.17,2.68,,,,2,5,Top,76.08,153.25,,,,,-4.841105700666454,-124.0087750056658,-0.1689635905218997,-2.110596157452219,26.138322357297447,-30.46142702712295,3.61,1.66,9.0,95.6,-16.0,85.9,2280.0,6.8,777018,518595,694384,650859,660162,687263,621493,666176,664774,53.66,0.175,0.149,0.9,1.0,1.0,0.0,2.0,38,5,Slider,1,1,1,1,1,1,1,1,Infield shade,Standard,197.0,-0.01,0.172,79.7,8.1,0.199,-0.172,95.6,0,0,0.546,0.4539999999999999,34,28,34,29,3,2,5.0,2.0,5.0,1.0,2.97,-0.3,0.3,37.4,17.313720487529018,-9.957588602568974,28.941308414646738,36.034297374743545,40.4838038785639
SI,2025-07-24,96.9,-2.09,5.42,"Raleigh, Cal",663728,696147,field_out,hit_into_play,,,,,5.0,Cal Raleigh flies out to left fielder Taylor Ward.,R,L,R,LAA,SEA,X,7.0,fly_ball,0,0,2025,-1.42,0.73,-0.23,2.53,,,,0,7,Top,75.35,129.45,,,,,8.189739833299132,-140.93029823216793,-3.848055599227629,-20.83390052412512,30.80395420003605,-21.797775574524156,3.61,1.66,215.0,102.8,62.0,97.0,2258.0,6.3,777018,518595,694384,650859,660162,687263,621493,666176,664774,54.22,0.015,0.018,0.0,1.0,0.0,0.0,3.0,54,1,Sinker,1,3,3,1,3,1,3,1,Infield shade,Standard,227.0,0.016,-0.259,77.3,7.9,0.023,0.259,102.8,-2,2,0.185,0.815,25,28,26,29,1,3,1.0,2.0,2.0,1.0,1.7,1.42,-1.42,32.1,22.69631604576448,-5.982363986303177,40.22497674029466,35.513738397999575,31.08723240001359
FF,2025-07-22,101.9,-1.55,5.36,"Raleigh, Cal",663728,694819,field_out,hit_into_play,,,,,7.0,Cal Raleigh lines out to center fielder Jackson Chourio.,R,L,R,SEA,MIL,X,8.0,line_drive,3,2,2025,-0.93,1.19,-0.77,2.19,,,,2,1,Bot,162.3,58.85,,,,,4.543400080074726,-148.2793687832233,-6.652305447306894,-14.806883098267692,34.95453914293523,-13.229067842764453,3.61,1.66,358.0,94.3,24.0,104.3,2588.0,7.5,777035,661388,683734,668930,702332,687401,592885,694192,686555,53.0,0.142,0.171,0.0,1.0,0.0,0.0,3.0,6,10,4-Seam Fastball,0,0,0,0,0,0,0,0,Strategic,Standard,216.0,-0.012,-0.328,78.4,7.8,0.282,0.328,94.3,0,0,0.512,0.512,23,28,23,29,1,0,14.0,1.0,6.0,2.0,1.0,0.93,-0.93,36.5,20.401736458100707,-7.236233801012736,32.678189501732334,40.54777552994746,32.93479699370261
FF,2025-07-22,96.1,-1.62,6.3,"Raleigh, Cal",663728,683232,home_run,hit_into_play,,,,,1.0,Cal Raleigh homers (39) on a fly ball to right field.,R,L,R,SEA,MIL,X,,fly_ball,2,2,2025,-0.55,1.73,-0.64,3.57,,,,2,6,Bot,216.03,68.45,,,,,3.8548997975762704,-139.8697229506687,-5.553958080872686,-8.123690640952633,32.90114762120518,-8.48457077939673,3.61,1.66,391.0,103.3,29.0,96.3,2251.0,6.5,777035,661388,683734,668930,702332,687401,592885,694192,686555,54.03,0.6560246913580249,1.294395061728395,2.0,1.0,0.0,3.0,6.0,40,5,4-Seam Fastball,0,0,0,0,0,1,1,0,Strategic,Strategic,205.0,0.188,2.632,71.2,7.8,2.5330493827160505,-2.632,103.3,0,0,0.515,0.515,28,28,29,29,1,2,2.0,1.0,3.0,2.0,0.75,0.55,-0.55,57.1,19.6211063455641,-7.701878667934821,23.065053486703153,41.61584226801578,31.90277028963501
FF,2025-07-21,94.7,-1.29,5.96,"Raleigh, Cal",663728,605540,field_out,hit_into_play,,,,,2.0,Cal Raleigh pops out to catcher William Contreras in foul territory.,R,L,R,SEA,MIL,X,2.0,popup,2,2,2025,-0.42,1.63,0.26,3.27,,,,2,6,Bot,126.87,212.06,,,,,5.024690790909349,-137.89239493628222,-5.041330262125183,-6.454273085053764,29.748071658361916,-10.391439866939931,3.61,1.65,20.0,83.5,86.0,95.4,2375.0,6.6,777050,661388,683734,668930,678011,687401,686555,663368,694192,53.9,0.008,0.007,0.0,1.0,0.0,0.0,3.0,45,5,4-Seam Fastball,0,4,0,4,4,0,0,4,Strategic,Standard,199.0,-0.006,-0.224,76.0,7.0,0.008,0.224,88.0,-4,-4,0.065,0.065,32,28,32,29,3,2,9.0,1.0,6.0,1.0,0.9,0.42,-0.42,46.5,13.672727846341276,-6.191397968733236,27.7268567076561,29.907852202716217,33.91021937792929
SI,2025-07-21,97.4,0.37,6.43,"Raleigh, Cal",663728,676879,single,hit_into_play,,,,,5.0,Cal Raleigh singles on a sharp line drive to left fielder Isaac Collins.,R,R,L,SEA,MIL,X,7.0,line_drive,1,1,2025,1.12,0.61,-0.26,2.57,,,,0,9,Bot,72.56,77.81,,,,,-4.167635037921755,-141.86101255817974,-6.194498294907995,16.036488088719803,30.101526696308213,-22.827726985155714,3.61,1.65,258.0,104.3,13.0,96.2,2241.0,5.4,777050,661388,683734,668930,678011,687401,686555,663368,694192,55.1,0.838,0.802,0.9,1.0,1.0,0.0,4.0,66,3,Sinker,0,6,0,6,6,0,0,6,Standard,Standard,149.0,0.005,0.447,77.2,7.1,1.045,-0.447,104.3,-6,-6,0.003,0.003,27,28,27,29,1,3,2.0,1.0,4.0,1.0,1.78,1.12,-1.12,57.2,4.98372092676925,-1.5316696865684498,38.40874427469062,31.47490175367914,31.073248010399425
SI,2025-07-21,93.0,-1.44,5.95,"Raleigh, Cal",663728,605540,field_out,hit_into_play,,,,,2.0,Cal Raleigh flies out sharply to center fielder Blake Perkins.,R,L,R,SEA,MIL,X,8.0,fly_ball,0,1,2025,-1.28,1.22,0.07,3.34,,,,0,4,Bot,171.48,70.37,,,,,6.702896153218173,-135.39014528556214,-3.6385422964987626,-17.2373664626175,26.66716768174473,-16.52578653223766,3.61,1.65,337.0,104.5,48.0,93.8,2258.0,6.5,777050,661388,683734,668930,678011,687401,686555,663368,694192,53.99,0.053,0.085,0.0,1.0,0.0,0.0,3.0,25,2,Sinker,0,0,0,0,0,0,0,0,Standard,Standard,202.0,-0.023,-0.22,75.7,7.6,0.167,0.22,104.5,0,0,0.556,0.556,32,28,32,29,2,1,9.0,1.0,6.0,1.0,1.39,1.28,-1.28,44.2,21.558517681263297,-13.071214011714924,32.62305584349969,30.77964581347176,35.6097951406729
FF,2025-07-21,91.8,-1.31,6.18,"Raleigh, Cal",663728,605540,field_out,hit_into_play,,,,,1.0,Cal Raleigh pops out to third baseman Anthony Seigler in foul territory.,R,L,R,SEA,MIL,X,5.0,popup,0,0,2025,-0.25,1.47,-0.48,3.23,,,,2,1,Bot,93.21,190.62,,,,,2.6624333795481356,-133.68200958538046,-4.839709474732871,-3.613334946731509,27.83876045714164,-13.650024986773724,3.61,1.65,84.0,95.2,78.0,92.2,2325.0,6.4,777050,661388,683734,668930,678011,687401,686555,663368,694192,54.09,0.003,0.002,0.0,1.0,0.0,0.0,3.0,6,1,4-Seam Fastball,0,0,0,0,0,0,0,0,Infield shade,Strategic,203.0,-0.01,-0.26,81.1,8.0,0.003,0.26,95.2,0,0,0.51,0.51,32,28,32,29,1,0,9.0,1.0,6.0,1.0,1.22,0.25,-0.25,48.2,23.56617079827879,-10.182025762824708,29.42199980877615,37.67476273037322,34.79491084597961
CH,2025-07-20,88.5,-2.45,5.8,"Raleigh, Cal",663728,686613,field_out,hit_into_play,,,,,11.0,Cal Raleigh flies out to right fielder Cam Smith.,R,L,R,SEA,HOU,X,9.0,fly_ball,3,2,2025,-1.24,0.51,-1.54,2.8,670156.0,677594.0,,2,4,Bot,165.2,99.36,,,,,4.870214510836345,-128.91137190525902,-2.3949143552184653,-14.882418593432511,24.68645155305777,-26.143100862923323,3.57,1.61,298.0,85.2,36.0,89.5,1589.0,6.7,777067,673237,572233,514888,694376,643289,669450,666211,701358,53.81,0.005,0.005,0.0,1.0,0.0,0.0,3.0,35,6,Changeup,3,0,3,0,0,3,3,0,Standard,Standard,232.0,-0.028,-0.259,64.3,8.0,0.005,0.259,88.0,3,3,0.864,0.864,26,28,27,29,3,2,7.0,1.0,6.0,1.0,2.37,1.24,-1.24,45.9,18.771441514120948,-9.402282132769033,24.25994644248336,48.77983142008449,36.20933316584426
CH,2025-07-20,89.1,-2.1,5.59,"Raleigh, Cal",663728,687473,field_out,hit_into_play,,,,,11.0,"Cal Raleigh grounds out, second baseman Shay Whitcomb to first baseman Christian Walker. J.P. Crawford to 3rd.",R,L,R,SEA,HOU,X,4.0,ground_ball,3,2,2025,-1.15,0.59,-1.24,2.95,,641487.0,,1,9,Bot,159.62,149.05,,,,,4.520793712410659,-129.7925456672548,-1.7181132887166348,-13.960123055988424,26.35409726459713,-25.360524746187455,3.57,1.61,113.0,89.8,7.0,89.4,1987.0,6.3,777067,673237,572233,694376,643289,670097,666211,676801,701358,54.16,0.496,0.455,0.0,1.0,0.0,0.0,4.0,83,8,Changeup,3,11,3,11,11,3,3,11,Infield shade,Standard,241.0,0.0,-0.279,73.8,7.5,0.549,0.279,89.8,-8,-8,0.001,0.001,26,28,26,29,1,4,1.0,1.0,5.0,1.0,2.27,1.15,-1.15,38.7,15.29017965458019,-6.498201454879867,26.922021348502124,46.00782823206113,34.40981729377024
FF,2025-07-20,98.7,-1.9,6.13,"Raleigh, Cal",663728,686613,single,hit_into_play,,,,,13.0,Cal Raleigh singles on a fly ball to center fielder Taylor Trammell.,R,L,R,SEA,HOU,X,8.0,fly_ball,0,1,2025,-0.69,1.31,-1.13,2.33,,,,2,1,Bot,107.4,111.53,,,,,3.709401779321842,-143.5964680325515,-8.044585181075256,-10.387412473110494,32.55040016781913,-12.396892067716658,3.57,1.61,258.0,75.4,29.0,99.7,2280.0,6.8,777067,673237,572233,514888,694376,643289,669450,666211,701358,53.72,0.463,0.434,0.9,1.0,1.0,0.0,3.0,7,2,4-Seam Fastball,0,0,0,0,0,0,0,0,Infield shade,Standard,201.0,0.014,0.368,77.4,7.9,0.532,-0.368,88.0,0,0,0.508,0.508,26,28,27,29,1,0,7.0,1.0,6.0,1.0,1.03,0.69,-0.69,62.7,18.917461738677225,-1.7764696629335566,28.300954727305097,45.78748263059373,31.787125420468115
CH,2025-07-20,86.5,2.64,5.38,"Raleigh, Cal",663728,687911,field_out,hit_into_play,,,,,12.0,"Cal Raleigh grounds out, shortstop Mauricio Dubón to first baseman Christian Walker.",R,R,L,SEA,HOU,X,6.0,ground_ball,0,0,2025,1.13,0.65,1.11,2.64,,,,1,7,Bot,122.11,140.43,,,,,-5.999314799644342,-125.92224220350352,-1.7050951043595446,13.250638471848278,23.268435068987923,-25.10301188233002,3.57,1.61,6.0,86.5,-22.0,87.4,1525.0,6.6,777067,673237,572233,514888,694376,643289,666211,676801,701358,53.87,0.066,0.059,0.0,1.0,0.0,0.0,2.0,64,1,Changeup,3,9,3,9,9,3,3,9,Standard,Standard,133.0,-0.004,-0.254,73.0,7.7,0.077,0.254,88.0,-6,-6,0.014,0.014,28,28,29,29,1,3,1.0,1.0,2.0,1.0,2.37,1.13,-1.13,33.1,11.45531009762027,7.11153858841064,29.182047945802967,46.2341441664128,26.676676670613396
SL,2025-07-19,83.1,-2.34,4.86,"Raleigh, Cal",663728,621121,field_out,hit_into_play,,,,,5.0,Cal Raleigh flies out to right fielder Cam Smith.,R,L,R,SEA,HOU,X,9.0,fly_ball,3,2,2025,1.64,0.46,-0.12,2.53,,,677594.0,0,3,Bot,162.16,130.29,,,,,1.871701772898,-121.05448498509314,0.2125654428306345,15.755183474560395,23.392925884386955,-27.940040581519312,3.59,1.61,189.0,102.7,62.0,82.8,2908.0,6.0,777086,605170,572233,694728,643289,670097,514888,676801,701358,54.52,0.015,0.018,0.0,1.0,0.0,0.0,3.0,27,6,Slider,1,1,1,1,1,1,1,1,Infield shade,Standard,76.0,-0.046,-0.313,78.7,8.6,0.023,0.313,102.7,0,0,0.604,0.604,31,28,32,29,2,1,8.0,1.0,34.0,1.0,2.83,-1.64,1.64,23.7,26.880475994112505,-20.25693803041004,38.532588410548314,35.75559811860791,40.21458419894099
SL,2025-07-19,85.1,3.07,5.43,"Raleigh, Cal",663728,623352,field_out,hit_into_play,,,,,8.0,Cal Raleigh lines out to third baseman Mauricio Dubón.,R,R,L,SEA,HOU,X,5.0,line_drive,0,1,2025,-0.52,-0.15,0.13,1.85,,,677594.0,2,9,Bot,95.74,165.78,,,,,-5.870953759390422,-123.79643123755471,-1.732626572950732,-4.0263006540356505,26.81545000912587,-33.55349782754434,3.59,1.61,158.0,104.2,8.0,84.9,2544.0,6.4,777086,605170,572233,694728,643289,670097,514888,676801,701358,54.1,0.711,0.667,0.0,1.0,0.0,0.0,4.0,82,2,Slider,5,5,5,5,5,5,5,5,Infield shade,Standard,297.0,-0.054,-0.229,79.7,8.5,0.809,0.229,104.2,0,0,0.554,0.554,31,28,31,29,1,4,7.0,1.0,2.0,1.0,3.32,-0.52,0.52,28.4,14.938511362592084,-19.13041262915217,34.08764102342865,36.463916232525506,46.30455738388489
SI,2025-07-19,91.3,-2.32,5.08,"Raleigh, Cal",663728,621121,field_out,hit_into_play,,,,,6.0,Cal Raleigh pops out to catcher Victor Caratini in foul territory.,R,L,R,SEA,HOU,X,2.0,popup,1,2,2025,-0.75,0.41,0.51,2.89,,,,2,1,Bot,138.84,220.53,,,,,8.68530783121012,-132.74292117201068,-0.5301976426396303,-10.667673638412127,26.267589329543043,-27.39281346442016,3.59,1.61,42.0,88.5,85.0,91.0,2180.0,6.0,777086,605170,572233,694728,670623,643289,514888,676801,701358,54.52,0.01,0.011,0.0,1.0,0.0,0.0,3.0,9,4,Sinker,0,0,0,0,0,0,0,0,Infield shade,Standard,226.0,-0.008,-0.182,77.4,7.8,0.013,0.182,88.5,0,0,0.508,0.508,31,28,32,29,1,0,8.0,1.0,34.0,1.0,2.31,0.75,-0.75,28.9,23.57265698188833,-10.609724716442328,40.40305191379301,26.53793876077008,38.704921132748886
ST,2025-07-19,81.0,2.65,5.33,"Raleigh, Cal",663728,687911,grounded_into_double_play,hit_into_play,,,,,2.0,"Cal Raleigh grounds into a double play, third baseman Mauricio Dubón to second baseman Brice Matthews to first baseman Christian Walker. Julio Rodríguez out at 2nd. Cal Raleigh out at 1st.",R,R,L,SEA,HOU,X,5.0,ground_ball,1,2,2025,-1.26,0.18,-0.03,3.04,,,677594.0,1,7,Bot,98.79,164.76,,,,,-3.5660623793501345,-118.0569924634259,1.1281083823637956,-11.214925623529076,21.513308621446324,-30.92001883451406,3.59,1.61,24.0,98.6,-6.0,81.4,2101.0,6.4,777086,605170,572233,694728,643289,670097,514888,676801,701358,54.11,0.278,0.245,0.0,1.0,0.0,0.0,2.0,66,4,Sweeper,4,5,4,5,5,4,4,5,Infield shade,Standard,286.0,-0.099,-0.241,79.5,7.4,0.291,0.241,98.6,-1,-1,0.354,0.354,28,28,29,29,1,3,7.0,1.0,1.0,1.0,3.27,-1.26,1.26,30.0,14.918966993591535,-12.667242875159094,24.34407013102355,33.33662149722841,41.632857846329394
FF,2025-07-19,94.1,-1.79,5.73,"Raleigh, Cal",663728,687473,field_out,hit_into_play,,,,,5.0,Cal Raleigh flies out sharply to center fielder Chas McCormick.,R,L,R,SEA,HOU,X,8.0,fly_ball,0,0,2025,-0.58,1.46,-0.06,2.95,,,,0,5,Bot,164.21,47.85,,,,,5.779817000006656,-136.95156108442862,-4.762462787166889,-8.504185350856645,29.54130739206471,-12.917901962743086,3.59,1.61,384.0,108.8,39.0,94.4,2502.0,6.4,777086,605170,572233,694728,643289,670097,514888,676801,701358,54.09,0.631,1.28425,0.0,1.0,0.0,0.0,6.0,46,1,4-Seam Fastball,4,2,4,2,2,4,4,2,Infield shade,Standard,202.0,-0.015,-0.259,77.4,7.2,2.5245,0.259,108.8,2,2,0.812,0.812,26,28,26,29,1,2,8.0,1.0,1.0,1.0,1.11,0.58,-0.58,44.1,19.1355007780408,-2.511899834620998,31.371022952971504,33.16391661475214,39.117656289985305
FF,2025-07-18,92.5,1.92,5.61,"Raleigh, Cal",663728,687888,double_play,hit_into_play,,,,,5.0,"Cal Raleigh pops into a double play in foul territory, first baseman Christian Walker to second baseman Brice Matthews. Julio Rodríguez out at 1st.",R,R,L,SEA,HOU,X,3.0,popup,1,2,2025,0.75,1.19,0.05,2.67,,,677594.0,0,4,Bot,154.04,200.25,,,,,-6.462123790519003,-134.53810275762206,-4.366095371823571,10.427919381469362,27.667735922785095,-16.91084738128309,3.6,1.61,65.0,90.9,82.0,93.5,2243.0,6.8,777099,673237,572233,694728,670623,643289,514888,666211,701358,53.72,0.008,0.007,0.0,1.0,0.0,0.0,3.0,27,4,4-Seam Fastball,0,0,0,0,0,0,0,0,Infield shade,Standard,136.0,-0.08,-0.164,74.4,8.1,0.008,0.164,90.9,0,0,0.593,0.593,28,28,29,29,2,1,9.0,5.0,5.0,1.0,1.46,0.75,-0.75,29.2,9.789823230005126,-19.838777873747336,36.110775677459586,34.97747126851804,41.56500642683963
CH,2025-07-18,87.4,-1.51,5.88,"Raleigh, Cal",663728,593576,single,hit_into_play,,,,,7.0,Cal Raleigh singles on a sharp line drive to right fielder Cam Smith. J.P. Crawford scores. Julio Rodríguez to 3rd.,R,L,R,SEA,HOU,X,9.0,line_drive,3,2,2025,-0.88,0.09,-0.65,1.8,,641487.0,677594.0,1,8,Bot,199.71,111.87,,,,,3.867470601850133,-127.27292497539696,-3.915748098915152,-10.32137911706005,23.907279432666677,-30.646452821007475,3.6,1.61,241.0,103.6,15.0,87.7,1848.0,6.2,777099,673237,572233,694728,670623,643289,514888,666211,701358,54.27,0.638,0.668,0.9,1.0,1.0,0.0,5.0,61,7,Changeup,3,1,3,1,1,4,4,1,Standard,Standard,236.0,0.031,0.411,75.8,8.5,0.933,-0.411,103.6,2,2,0.95,0.95,36,28,36,29,1,3,5.0,5.0,1.0,1.0,2.87,0.88,-0.88,40.1,25.09803129328219,-4.143548656877451,36.76709068078333,40.010400999962286,39.158078539271195
SL,2025-07-13,87.0,-2.56,5.16,"Raleigh, Cal",663728,656427,field_out,hit_into_play,,,,,8.0,Cal Raleigh grounds out to first baseman Spencer Torkelson.,R,L,R,DET,SEA,X,3.0,ground_ball,2,2,2025,0.58,0.21,0.13,1.66,,,,2,3,Top,158.61,164.76,,,,,5.309148163752989,-126.62551398585616,-2.6956714270817956,5.1564499975195135,25.29236342318708,-29.574856173374148,3.64,1.7,19.0,72.1,-3.0,87.8,2504.0,6.7,777121,693307,679529,690993,656716,595879,682985,678009,663837,53.79,0.073,0.062,0.0,1.0,0.0,0.0,2.0,22,5,Slider,2,1,1,2,1,2,1,2,Infield shade,Standard,125.0,0.011,-0.224,56.7,8.1,0.096,0.224,88.0,1,-1,0.658,0.3419999999999999,29,28,30,29,2,1,5.0,1.0,8.0,5.0,2.79,-0.58,0.58,26.5,17.28505869875223,3.2902695114783698,40.263604608129384,32.275622391697766,35.84745190507504
CU,2025-07-13,79.2,1.34,6.01,"Raleigh, Cal",663728,663947,field_out,hit_into_play,,,,,6.0,Cal Raleigh flies out to right fielder Matt Vierling.,R,R,L,DET,SEA,X,9.0,fly_ball,1,2,2025,-0.63,-1.07,0.42,2.56,,,,0,6,Top,147.89,119.01,,,,,-0.843422739360525,-115.46436939868654,1.192132281426896,-5.538253353815736,19.439945834787515,-42.24783910157846,3.64,1.7,209.0,92.3,53.0,79.9,2684.0,6.4,777121,693307,679529,690993,656716,595879,682985,678009,663837,54.08,0.01,0.014,0.0,1.0,0.0,0.0,3.0,43,5,Curveball,2,2,2,2,2,2,2,2,Standard,Standard,316.0,0.026,-0.189,74.2,7.4,0.021,0.189,92.3,0,0,0.508,0.492,29,28,29,29,1,2,2.0,1.0,5.0,5.0,4.67,-0.63,0.63,46.3,10.196550254992069,-5.941149818880099,30.993735206388884,39.692230042481846,40.04589716383504
FF,2025-07-12,94.8,-2.01,5.71,"Raleigh, Cal",663728,663554,sac_fly,hit_into_play,,,,,2.0,Cal Raleigh out on a sacrifice fly to right fielder Wenceel Pérez. Julio Rodríguez scores.,R,L,R,DET,SEA,X,9.0,fly_ball,2,2,2025,-0.65,1.36,0.21,3.75,677594.0,,,1,3,Top,211.33,96.83,,,,,7.3554371117417165,-138.01506189566757,-2.559084876712996,-9.826238238954778,27.628966259041476,-14.37154305893418,3.64,1.7,317.0,91.2,37.0,96.5,2245.0,7.0,777145,668670,679529,650402,656716,700242,682985,663837,672761,53.5,0.03,0.047,0.0,1.0,0.0,0.0,3.0,23,5,4-Seam Fastball,1,2,2,1,3,1,3,1,Strategic,Standard,217.0,-0.026,-0.042,74.9,6.9,0.083,0.042,91.2,-1,1,0.345,0.655,28,28,28,29,2,1,7.0,1.0,10.0,1.0,1.16,0.65,-0.65,44.2,13.645280294934231,-4.624710716668249,22.006716755802753,29.133516207338253,30.72424471890286
CH,2025-07-12,87.8,-2.19,5.66,"Raleigh, Cal",663728,672456,field_out,hit_into_play,,,,,13.0,Cal Raleigh flies out sharply to center fielder Matt Vierling.,R,L,R,DET,SEA,X,8.0,fly_ball,0,1,2025,-1.29,0.72,-0.89,2.33,,,,2,6,Top,121.55,48.91,,,,,5.825723802821519,-127.83497363129504,-3.48291886082806,-15.377387519732268,25.664636846106667,-23.71031105109634,3.64,1.7,371.0,102.8,35.0,88.2,1991.0,6.5,777145,668670,679529,650402,656716,700242,682985,663837,672761,54.03,0.5321538461538463,1.064230769230769,0.0,1.0,0.0,0.0,6.0,55,2,Changeup,4,8,8,4,8,4,8,4,Infield shade,Standard,229.0,0.003,-0.217,75.6,8.0,2.0948076923076924,0.217,102.8,-4,4,0.095,0.905,24,28,25,29,2,3,5.0,1.0,7.0,1.0,2.22,1.29,-1.29,35.7,17.883854186045138,5.180588404544745,32.12825068458866,41.897971871820104,32.50059425500936
ST,2025-07-12,79.4,-2.96,3.54,"Raleigh, Cal",663728,695445,field_out,hit_into_play,,,,,7.0,Cal Raleigh flies out sharply to right fielder Wenceel Pérez. Julio Rodríguez to 3rd.,R,L,R,DET,SEA,X,9.0,fly_ball,3,2,2025,1.22,0.36,-0.55,2.24,,677594.0,,1,8,Top,199.11,84.06,,,,,2.9473118145603614,-115.54851431450942,3.178193980097465,10.445491598627758,20.82768078049573,-29.756870410466536,3.64,1.7,336.0,100.3,40.0,78.6,2919.0,5.6,777145,668670,679529,650402,656716,700242,682985,663837,672761,54.86,0.2925,0.578,0.0,1.0,0.0,0.0,3.0,72,6,Sweeper,5,9,9,5,9,5,9,5,Standard,Standard,83.0,0.004,-0.281,81.0,8.5,1.15325,0.281,100.3,-4,4,0.033,0.967,26,28,27,29,1,4,3.0,1.0,6.0,1.0,3.25,-1.22,1.22,-5.4,19.87452633419532,-10.207280883044728,34.52290904092028,38.13979063931323,39.734688538330786
SI,2025-07-11,93.3,3.2,5.63,"Raleigh, Cal",663728,676428,home_run,hit_into_play,,,,,8.0,Cal Raleigh hits a grand slam (38) to left field. Ben Williamson scores. J.P. Crawford scores. Julio Rodríguez scores.,R,R,L,DET,SEA,X,,fly_ball,2,2,2025,1.3,0.05,-0.02,1.97,810938.0,641487.0,677594.0,0,9,Top,20.87,71.85,,,,,-11.091265063100158,-135.46813065117468,-3.781497013100612,18.3849009784697,27.81808045516803,-30.889681838077585,3.67,1.7,405.0,107.1,26.0,93.2,2176.0,6.2,777161,693307,679529,650402,656716,595879,682985,678009,663330,54.29,0.8752295081967211,1.753606557377049,2.0,1.0,0.0,3.0,6.0,71,6,Sinker,3,8,8,3,12,3,12,3,Standard,Standard,131.0,-0.001,0.882,72.2,8.2,3.4611147540983604,-0.882,107.1,-5,5,0.002,0.998,26,28,27,29,1,4,2.0,1.0,8.0,1.0,2.56,1.3,-1.3,27.0,16.312635626675025,-15.853405908255416,38.7956742428235,32.836112273408474,40.23072329527097
CH,2025-07-11,84.5,1.6,5.65,"Raleigh, Cal",663728,663947,home_run,hit_into_play,,,,,14.0,Cal Raleigh homers (37) on a fly ball to left center field.,R,R,L,DET,SEA,X,,fly_ball,2,2,2025,1.2,0.48,1.06,2.55,,,,1,8,Top,67.02,55.64,,,,,-3.645421501879601,-123.13066452207389,-1.8651330473703789,12.9135120257255,23.02362629688433,-27.158065521144977,3.67,1.7,383.0,98.1,26.0,84.8,1531.0,6.3,777161,693307,679529,650402,656716,595879,682985,678009,672761,54.19,0.3324444444444444,0.5884444444444444,2.0,1.0,0.0,3.0,6.0,59,5,Changeup,3,4,4,3,5,3,5,3,Infield shade,Standard,107.0,-0.13,1.609,70.6,8.0,1.1204444444444444,-1.609,98.1,-1,1,0.28,0.72,29,28,29,29,1,3,3.0,1.0,2.0,1.0,2.69,1.2,-1.2,37.5,11.525807199495867,-1.3826613302325068,24.406429911760643,46.01805589329125,40.56156103442178
CH,2025-07-11,87.1,1.97,5.97,"Raleigh, Cal",663728,669373,grounded_into_double_play,hit_into_play,,,,,9.0,"Cal Raleigh grounds into a double play, third baseman Zach McKinstry to second baseman Gleyber Torres to first baseman Spencer Torkelson. Julio Rodríguez out at 2nd. Cal Raleigh out at 1st.",R,R,L,DET,SEA,X,5.0,ground_ball,0,1,2025,1.03,0.54,0.53,2.17,,,677594.0,1,1,Top,105.88,170.34,,,,,-5.581072120781849,-126.72162254591208,-4.064435667660332,12.21257781028106,25.517295057104313,-25.720748642571223,3.67,1.7,7.0,68.0,-17.0,87.4,1789.0,6.4,777161,693307,679529,650402,656716,595879,682985,678009,672761,54.06,0.043,0.042,0.0,1.0,0.0,0.0,2.0,3,2,Changeup,0,0,0,0,0,0,0,0,Infield shade,Standard,123.0,0.046,-0.278,76.3,8.8,0.048,0.278,88.0,0,0,0.502,0.498,28,28,29,29,1,0,5.0,1.0,9.0,1.0,2.46,1.03,-1.03,46.6,22.771751049946307,-31.70605889148445,34.082463435425325,39.540151914621184,51.87743290250576
FC,2025-07-10,89.4,-1.17,5.16,"Raleigh, Cal",663728,573186,field_out,hit_into_play,,,,,2.0,Cal Raleigh flies out to left fielder Jasson Domínguez.,R,L,R,NYY,SEA,X,7.0,fly_ball,1,1,2025,0.13,0.74,-0.22,3.08,,,,0,5,Top,69.46,137.26,,,,,2.0694076834325905,-130.25959121454537,-0.7196355377134553,1.0377676603199266,25.02798243762386,-23.7475742090428,3.67,1.7,209.0,93.3,61.0,89.2,2549.0,5.9,777169,669224,700250,665862,678391,683011,691176,663757,641355,54.6,0.023,0.028,0.0,1.0,0.0,0.0,3.0,34,3,Cutter,0,2,2,0,2,0,2,0,Strategic,Standard,202.0,0.017,-0.251,76.5,7.1,0.04,0.251,93.3,-2,2,0.25,0.75,34,28,34,29,3,2,6.0,1.0,10.0,1.0,2.08,-0.13,0.13,30.6,13.004747673164609,9.390262493037335,28.96663758793065,35.99708788226757,27.85732378795374
FF,2025-07-10,95.6,-1.27,5.88,"Raleigh, Cal",663728,690925,field_out,hit_into_play,,,,,9.0,Cal Raleigh flies out to right fielder Cody Bellinger.,R,L,R,NYY,SEA,X,9.0,fly_ball,1,0,2025,-0.33,1.35,0.58,2.17,,,641487.0,1,7,Top,183.33,146.64,,,,,5.639648514892948,-138.9461214140602,-7.211717081336561,-5.588010946815105,30.7730192716763,-13.222268278090432,3.67,1.7,193.0,100.1,60.0,95.5,2262.0,6.3,777169,669224,700250,665862,678391,683011,691176,663757,641355,54.2,0.013,0.014,0.0,1.0,0.0,0.0,3.0,49,2,4-Seam Fastball,0,2,2,0,2,0,2,0,Infield shade,Standard,208.0,0.022,-0.29,85.3,8.8,0.019,0.29,100.1,-2,2,0.182,0.8180000000000001,26,28,27,29,1,3,7.0,1.0,26.0,1.0,1.15,0.33,-0.33,47.6,30.111678488160596,-14.444491020894622,45.67101762233008,27.55945034310453,38.06250340888902
FF,2025-07-09,98.4,-1.87,6.38,"Raleigh, Cal",663728,693645,field_out,hit_into_play,,,,,2.0,Cal Raleigh pops out to shortstop Anthony Volpe.,R,L,R,NYY,SEA,X,6.0,popup,0,1,2025,-0.12,1.28,0.25,3.27,,,,2,3,Top,99.68,141.8,,,,,6.048033744343948,-143.1072960946711,-5.956573437388283,-2.996159382945257,33.26138470296349,-13.441383478360503,3.66,1.71,162.0,65.1,57.0,98.6,2409.0,6.4,777184,669224,502671,665862,672724,683011,691176,641355,592450,54.07,0.005,0.005,0.0,1.0,0.0,0.0,3.0,24,2,4-Seam Fastball,3,1,1,3,1,3,1,3,Standard,Standard,205.0,0.008,-0.217,74.3,6.8,0.005,0.217,88.0,2,-2,0.756,0.244,24,28,24,29,2,1,,1.0,13.0,1.0,1.08,0.12,-0.12,40.4,8.16676449002929,9.203184980475394,31.679339591912846,28.907260390449288,27.06301818679117
FF,2025-07-09,94.7,-1.39,5.69,"Raleigh, Cal",663728,596133,field_out,hit_into_play,,,,,11.0,Cal Raleigh flies out to right fielder Aaron Judge in foul territory.,R,L,R,NYY,SEA,X,9.0,fly_ball,0,1,2025,-0.87,1.68,-0.24,3.97,,,,0,8,Top,190.97,140.98,,,,,4.898546748750237,-137.7940110398251,-2.469440848104062,-12.215450512935092,34.76135851540579,-10.587672429873525,3.66,1.71,216.0,77.5,54.0,93.5,2540.0,5.9,777184,669224,502671,665862,672724,683011,691176,641355,592450,54.6,0.073,0.082,0.0,1.0,0.0,0.0,3.0,66,2,4-Seam Fastball,9,6,6,9,6,9,6,9,Infield shade,Standard,207.0,0.02,-0.22,74.4,8.3,0.111,0.22,88.0,3,-3,0.931,0.0689999999999999,31,28,32,29,1,3,5.0,1.0,4.0,1.0,0.89,0.87,-0.87,44.7,22.443963342820247,-29.8905916285086,23.89103037353445,35.40042700547592,44.98419543808264
CH,2025-07-08,85.6,-2.68,5.74,"Raleigh, Cal",663728,701542,field_out,hit_into_play,,,,,13.0,Cal Raleigh grounds out to first baseman Paul Goldschmidt.,R,L,R,NYY,SEA,X,3.0,ground_ball,0,1,2025,-1.4,-0.16,-1.09,1.87,,,,0,4,Top,156.88,167.39,,,,,6.588869562390674,-124.37896187436722,-2.4223975613929647,-15.919013726648023,29.189906823195948,-33.435260968436864,3.66,1.71,11.0,66.6,-10.0,85.0,1724.0,6.4,777187,669224,502671,665862,672724,683011,691176,641355,592450,54.13,0.046,0.044,0.0,1.0,0.0,0.0,2.0,21,2,Changeup,0,0,0,0,0,0,0,0,Infield shade,Standard,244.0,0.023,-0.22,71.6,8.9,0.047,0.22,88.0,0,0,0.504,0.496,26,28,26,29,2,1,6.0,2.0,5.0,1.0,3.32,1.4,-1.4,27.7,23.716423551662125,-13.536309102220937,32.71627797370005,45.021804405450574,39.76182390215489
FF,2025-07-08,94.0,-2.55,5.48,"Raleigh, Cal",663728,701542,force_out,hit_into_play,,,,,3.0,"Cal Raleigh grounds into a force out, first baseman Paul Goldschmidt to shortstop Anthony Volpe. Julio Rodríguez out at 2nd. Cal Raleigh to 1st.",R,L,R,NYY,SEA,X,3.0,ground_ball,1,1,2025,-0.48,1.16,0.54,3.19,,,677594.0,1,1,Top,145.86,167.55,,,,,9.149493535478827,-136.4808504233426,-2.7534892110737994,-8.19840752163106,32.47553640263223,-17.275832385989467,3.66,1.71,53.0,48.0,8.0,94.5,2735.0,6.9,777187,669224,502671,665862,672724,683011,691176,641355,592450,53.6,0.139,0.122,0.0,1.0,0.0,0.0,1.0,3,3,4-Seam Fastball,0,0,0,0,0,0,0,0,Infield shade,Standard,220.0,0.027,-0.297,70.3,6.4,0.159,0.297,88.0,0,0,0.499,0.501,26,28,26,29,1,0,6.0,2.0,5.0,1.0,1.45,0.48,-0.48,25.7,6.903759454768501,10.299505469619712,34.44043049043206,25.03098459462423,23.362232573685944
SL,2025-07-08,84.9,-3.55,6.05,"Raleigh, Cal",663728,664129,home_run,hit_into_play,,,,,7.0,Cal Raleigh homers (36) on a fly ball to right field. Julio Rodríguez scores.,R,L,R,NYY,SEA,X,,fly_ball,1,1,2025,0.16,0.31,-0.56,2.28,,677594.0,,0,8,Top,213.41,65.3,,,,,6.629415536644654,-123.46105091929137,-3.0191294524556573,0.1219751601572441,27.55374847777317,-28.616260611155315,3.66,1.71,394.0,107.7,28.0,83.9,2520.0,6.0,777187,669224,502671,665862,672724,683011,691176,641355,592450,54.54,0.9484545454545454,1.9146060606060609,2.0,1.0,0.0,3.0,6.0,65,3,Slider,10,1,1,10,3,10,3,10,Infield shade,Standard,45.0,-0.002,1.008,78.3,8.5,3.7895151515151513,-1.008,107.7,9,-9,0.998,0.002,31,28,32,29,1,3,7.0,2.0,16.0,1.0,2.89,-0.16,0.16,37.6,17.486287231398364,-10.529731931337048,37.59762424077123,38.97231602233194,37.639810079542045
SL,2025-07-06,88.0,-2.83,5.37,"Raleigh, Cal",663728,669387,field_out,hit_into_play,,,,,8.0,Cal Raleigh flies out sharply to right fielder Bryan Reynolds.,R,L,R,SEA,PIT,X,9.0,fly_ball,3,2,2025,0.23,0.05,-0.12,2.27,,,,1,8,Bot,155.76,114.58,,,,,6.041654879486957,-128.100623682871,-1.58616288607387,1.5009747048161814,23.43105831167165,-31.469560526378903,3.66,1.7,225.0,103.0,55.0,87.7,2471.0,5.8,777205,680779,669707,693304,663647,643396,502054,665833,668804,54.66,0.02,0.03,0.0,1.0,0.0,0.0,3.0,60,6,Slider,1,0,1,0,0,1,1,0,Infield shade,Standard,60.0,-0.012,-0.332,84.7,8.4,0.044,0.332,103.0,1,1,0.855,0.855,26,28,26,29,2,3,7.0,1.0,5.0,2.0,2.86,-0.23,0.23,33.0,25.152442296817153,-18.56291105759583,35.9172618125663,34.01459457729936,39.75932901309936
FF,2025-07-06,97.4,-2.65,5.67,"Raleigh, Cal",663728,694973,field_out,hit_into_play,,,,,1.0,Cal Raleigh flies out sharply to center fielder Oneil Cruz. Julio Rodríguez to 3rd.,R,L,R,SEA,PIT,X,8.0,fly_ball,1,1,2025,-1.28,0.98,-0.79,3.43,,677594.0,,1,3,Bot,127.35,61.52,,,,,7.950963280359192,-141.73435175762785,-2.8080738413948008,-19.02423279006595,29.56130323950992,-18.455808325813,3.66,1.7,341.0,101.6,41.0,97.8,2150.0,6.3,777205,680779,687462,693304,669707,643396,502054,665833,668804,54.21,0.205,0.40075,0.0,1.0,0.0,0.0,5.0,23,3,4-Seam Fastball,0,0,0,0,0,0,0,0,Infield shade,Standard,240.0,-0.032,-0.248,76.9,7.4,0.79375,0.248,101.6,0,0,0.575,0.575,23,28,23,29,2,1,5.0,1.0,5.0,2.0,1.4,1.28,-1.28,25.0,10.381518220031758,-0.0821895522003624,22.75049276116889,43.028906014882025,27.860944322468832
FF,2025-07-04,93.4,1.28,5.81,"Raleigh, Cal",663728,663559,home_run,hit_into_play,,,,,7.0,Cal Raleigh homers (35) on a fly ball to left center field.,R,R,L,SEA,PIT,X,,fly_ball,1,0,2025,0.26,1.39,-0.52,2.19,,,,2,6,Bot,66.7,57.02,,,,,-5.331741506868399,-135.8682369123401,-6.782482583778423,4.3276588697311675,27.837519421043133,-13.666247769964414,3.69,1.67,381.0,104.9,37.0,95.5,2063.0,7.4,777236,663698,687462,693304,663647,643396,624428,665833,668804,53.11,0.5698888888888889,1.135,2.0,1.0,0.0,3.0,6.0,44,2,4-Seam Fastball,3,0,3,0,0,4,4,0,Standard,Standard,168.0,0.045,2.559,79.0,7.8,2.237333333333334,-2.559,104.9,3,3,0.898,0.898,28,28,28,29,3,2,6.0,1.0,5.0,1.0,1.21,0.26,-0.26,54.8,11.61327143681272,-7.108197297402572,38.99029489592821,29.72150381527307,38.70354530536109
FF,2025-07-04,96.7,-1.17,5.96,"Raleigh, Cal",663728,677952,field_out,hit_into_play,,,,,6.0,Cal Raleigh flies out to left fielder Adam Frazier.,R,L,R,SEA,PIT,X,7.0,fly_ball,0,0,2025,-0.82,1.38,0.45,2.37,,,641487.0,1,8,Bot,102.94,103.1,,,,,6.201748052844591,-140.67615503088211,-7.172981316703872,-12.242484730394407,30.5985727173247,-12.44251050773151,3.69,1.67,248.0,91.6,53.0,97.0,2563.0,6.4,777236,663698,687462,693304,663647,643396,624428,665833,668804,54.12,0.01,0.014,0.0,1.0,0.0,0.0,3.0,62,1,4-Seam Fastball,6,0,6,0,0,6,6,0,Infield shade,Standard,222.0,0.0,-0.256,78.5,7.8,0.021,0.256,91.6,6,6,0.998,0.998,25,28,26,29,1,3,6.0,1.0,5.0,1.0,1.05,0.82,-0.82,34.4,22.805988247122254,-1.5839163728789003,39.86288155658091,29.873871663428577,32.20503611048008
FF,2025-07-04,92.0,1.53,5.72,"Raleigh, Cal",663728,663559,home_run,hit_into_play,,,,,8.0,Cal Raleigh homers (34) on a fly ball to left field. Julio Rodríguez scores.,R,R,L,SEA,PIT,X,,fly_ball,3,1,2025,0.29,1.48,-0.25,2.27,,,677594.0,1,1,Bot,21.29,73.88,,,,,-5.2751131023462285,-133.9220262478413,-6.280775286303852,4.6099501199942825,26.386214352546776,-13.200115268867318,3.69,1.67,440.0,114.7,31.0,94.1,2119.0,7.3,777236,663698,687462,693304,663647,643396,624428,665833,668804,53.2,0.993,2.0,2.0,1.0,0.0,3.0,6.0,8,5,4-Seam Fastball,0,0,0,0,0,2,2,0,Standard,Standard,166.0,0.152,1.315,81.9,8.3,3.9775,-1.315,114.7,0,0,0.565,0.565,28,28,28,29,1,0,6.0,1.0,5.0,1.0,1.19,0.29,-0.29,57.0,16.53386201263518,-15.553212499458946,38.529322539867934,32.36789365752199,39.33605810152375
FC,2025-07-03,88.5,-1.65,5.71,"Raleigh, Cal",663728,607625,field_out,hit_into_play,,,,,2.0,Cal Raleigh flies out to right fielder John Rave.,R,L,R,SEA,KC,X,9.0,fly_ball,0,0,2025,0.17,0.82,-0.05,3.2,,,,2,5,Bot,162.0,106.56,,,,,3.517399399021682,-129.0240846605079,-1.8587853694646237,1.2739115248890076,23.240148119351577,-22.7535018003051,3.68,1.67,248.0,93.5,52.0,88.5,2417.0,5.9,777251,521692,686469,663697,672580,677951,679845,664728,670231,54.62,0.01,0.012,0.0,1.0,0.0,0.0,3.0,41,1,Cutter,1,0,1,0,0,1,1,0,Infield shade,Standard,201.0,-0.011,-0.26,81.9,7.9,0.018,0.26,93.5,1,1,0.671,0.671,35,28,36,29,3,2,5.0,2.0,5.0,1.0,2.05,-0.17,0.17,28.6,20.045177788805997,-13.228193446526086,30.620641365626778,33.507045187170085,32.69236848337757
FF,2025-07-03,90.1,-1.43,5.55,"Raleigh, Cal",663728,607625,field_out,hit_into_play,,,,,1.0,Cal Raleigh flies out to left fielder Nick Loftin.,R,L,R,SEA,KC,X,7.0,fly_ball,3,0,2025,-0.84,1.51,-0.82,3.3,,,641487.0,1,3,Bot,86.62,127.25,,,,,3.290490007786613,-131.16447800925235,-2.7870250135700867,-10.418681215090244,28.141718822190832,-14.372769361524098,3.68,1.67,223.0,98.2,58.0,89.3,2365.0,5.8,777251,521692,686469,663697,672580,677951,679845,664728,670231,54.69,0.013,0.014,0.0,1.0,0.0,0.0,3.0,21,4,4-Seam Fastball,0,0,0,0,0,0,0,0,Infield shade,Standard,214.0,-0.057,-0.456,75.4,7.7,0.019,0.456,98.2,0,0,0.583,0.583,35,28,36,29,2,1,5.0,2.0,5.0,1.0,1.3,0.84,-0.84,30.4,15.837231171720989,0.067828267276201,23.555360185845657,42.50326906732782,30.95164297881515
SL,2025-07-03,89.4,-1.8,5.84,"Raleigh, Cal",663728,608032,field_out,hit_into_play,,,,,14.0,"Cal Raleigh grounds out, second baseman Jonathan India to first baseman Vinnie Pasquantino.",R,L,R,SEA,KC,X,4.0,ground_ball,0,1,2025,0.4,0.16,0.09,1.52,670156.0,641487.0,,2,9,Bot,150.58,161.2,,,,,3.833191767044475,-130.13754382118196,-4.991291242655973,3.723821679287325,26.480892749973066,-29.496138294124613,3.68,1.67,6.0,60.2,-13.0,89.4,2269.0,6.2,777251,666023,686469,663697,672580,677951,671221,664728,670231,54.31,0.051,0.047,0.0,1.0,0.0,0.0,2.0,78,2,Slider,2,3,2,3,3,2,2,3,Standard,Standard,131.0,-0.23,-0.269,65.0,8.0,0.052,0.269,88.0,-1,-1,0.23,0.23,32,28,33,29,1,4,2.0,2.0,3.0,1.0,2.68,-0.4,0.4,44.6,7.153676255970259,6.590762922946337,38.73431853269973,31.636009357525623,27.52057765428285
SL,2025-07-03,86.7,-0.85,6.11,"Raleigh, Cal",663728,664199,field_out,hit_into_play,,,,,4.0,Cal Raleigh pops out to third baseman Maikel Garcia.,R,L,R,SEA,KC,X,5.0,popup,2,2,2025,0.4,0.14,-0.53,2.9,,,,0,8,Bot,110.45,179.46,,,,,-0.0434013115216553,-126.3733620618083,-1.8545146940831727,4.29407225634951,22.43382449476314,-30.503178968646697,3.68,1.67,60.0,88.7,73.0,86.8,2363.0,6.0,777251,666023,686469,663697,672580,677951,671221,664728,670231,54.51,0.005,0.005,0.0,1.0,0.0,0.0,3.0,66,5,Slider,1,3,1,3,3,1,1,3,Infield shade,Standard,129.0,-0.04,-0.232,77.3,8.0,0.005,0.232,88.7,-2,-2,0.163,0.163,32,28,32,29,1,3,1.0,2.0,2.0,1.0,2.85,-0.4,0.4,40.3,18.35124691743477,-5.388817108305195,29.16742225356553,38.26784732785934,35.50535310812482
CH,2025-06-30,81.4,-1.49,6.63,"Raleigh, Cal",663728,608379,sac_fly,hit_into_play,,,,,4.0,Cal Raleigh out on a sacrifice fly to right fielder John Rave. Cole Young scores. J.P. Crawford to 3rd.,R,L,R,SEA,KC,X,9.0,fly_ball,3,2,2025,-0.97,0.59,-0.46,2.87,702284.0,641487.0,677594.0,0,5,Bot,183.99,105.69,,,,,4.188221968893107,-118.4790900276212,-3.017964704720221,-9.957519307071804,21.39773877991504,-26.278173229741004,3.68,1.69,273.0,95.2,48.0,82.0,1449.0,6.5,777297,521692,686469,663697,672580,677951,671221,664728,670231,53.97,0.01,0.015,0.0,1.0,0.0,0.0,3.0,39,6,Changeup,1,1,1,1,1,2,2,1,Standard,Standard,241.0,-0.003,-0.253,80.8,7.9,0.025,0.253,95.2,0,0,0.776,0.776,33,28,34,29,3,2,5.0,1.0,5.0,1.0,2.84,0.97,-0.97,52.3,24.232175414096073,-6.856259013441529,26.54096730758814,37.456364572386434,37.68569326556013
CH,2025-06-30,79.8,-1.5,6.67,"Raleigh, Cal",663728,608379,field_out,hit_into_play,,,,,13.0,"Cal Raleigh grounds out, second baseman Jonathan India to first baseman Vinnie Pasquantino.",R,L,R,SEA,KC,X,4.0,ground_ball,0,1,2025,-1.44,0.59,-1.03,1.66,,,,1,4,Bot,146.44,149.05,,,,,3.7799595499840777,-116.046065429962,-5.364409247661328,-13.656442643824812,23.620181446427587,-26.008556705407013,3.68,1.69,37.0,78.7,0.0,80.1,1462.0,6.7,777297,521692,686469,663697,672580,677951,671221,664728,670231,53.78,0.149,0.13,0.0,1.0,0.0,0.0,2.0,27,2,Changeup,0,1,0,1,1,0,0,1,Infield shade,Standard,246.0,-0.019,-0.215,61.4,7.9,0.18,0.215,88.0,-1,-1,0.395,0.395,33,28,34,29,2,1,5.0,1.0,5.0,1.0,3.02,1.44,-1.44,55.4,17.383949013202674,-5.84596566404003,31.081479395933776,44.76212349903858,35.84363203333831
KC,2025-06-30,82.5,1.48,5.99,"Raleigh, Cal",663728,663738,home_run,hit_into_play,,,,,14.0,Cal Raleigh homers (33) on a fly ball to center field.,R,R,L,SEA,KC,X,,fly_ball,2,1,2025,-0.13,-0.41,0.91,2.18,,,,0,7,Bot,164.96,44.82,,,,,-1.0543379232327077,-120.29251712203288,-1.4421941347022802,-1.0588807794787845,21.21642757394702,-36.09886997665848,3.68,1.69,393.0,103.1,31.0,83.0,2304.0,6.3,777297,521692,686469,663697,672580,677951,671221,664728,670231,54.19,0.6044583333333331,1.195166666666667,2.0,1.0,0.0,3.0,6.0,54,4,Knuckle Curve,5,1,5,1,1,6,6,1,Standard,Standard,304.0,0.015,1.068,78.4,8.0,2.361083333333332,-1.068,103.1,4,4,0.971,0.971,28,28,29,29,1,3,2.0,1.0,4.0,1.0,3.72,-0.13,0.13,42.8,11.964845270088912,-1.135374597646474,26.91050371200068,43.83885752571405,33.468190823457554
FF,2025-06-30,95.6,-1.45,6.44,"Raleigh, Cal",663728,608379,field_out,hit_into_play,,,,,13.0,Cal Raleigh flies out to center fielder Kyle Isbel.,R,L,R,SEA,KC,X,8.0,fly_ball,3,2,2025,-0.71,1.35,-0.43,1.51,,,,2,1,Bot,121.76,79.18,,,,,4.34234964690618,-138.90032924948315,-10.477515606935851,-10.198158832443042,31.593895705955585,-12.509041262348982,3.68,1.69,299.0,87.1,36.0,96.1,2227.0,6.7,777297,521692,686469,663697,672580,677951,671221,664728,670231,53.79,0.008,0.007,0.0,1.0,0.0,0.0,3.0,6,9,4-Seam Fastball,0,0,0,0,0,0,0,0,Infield shade,Standard,206.0,-0.012,-0.328,74.4,8.2,0.012,0.328,88.0,0,0,0.512,0.512,33,28,34,29,1,0,5.0,1.0,5.0,1.0,1.15,0.71,-0.71,46.2,11.50215909185258,2.0963881678323126,39.241531539080654,36.14092152484749,28.310071196647375
FF,2025-06-29,97.1,-1.39,5.53,"Raleigh, Cal",663728,683004,field_out,hit_into_play,,,,,2.0,Cal Raleigh pops out to catcher Jonah Heim in foul territory.,R,L,R,TEX,SEA,X,2.0,popup,1,1,2025,-0.88,1.53,-0.1,3.16,,810938.0,677594.0,2,5,Top,127.6,209.91,,,,,5.558509781084555,-141.14111643044703,-4.2252624819661415,-13.131242814565306,39.728008094634184,-11.172582497794847,3.68,1.68,23.0,94.3,83.0,97.4,2506.0,7.1,777302,641680,669701,543760,673962,608369,696030,694497,666969,53.44,0.008,0.008,0.0,1.0,0.0,0.0,3.0,38,3,4-Seam Fastball,1,0,0,1,0,1,0,1,Infield shade,Standard,213.0,0.06,-0.253,78.2,7.9,0.009,0.253,94.3,1,-1,0.648,0.352,25,28,25,29,3,2,7.0,1.0,7.0,1.0,0.94,0.88,-0.88,46.6,27.21888039187431,-14.078189323046969,28.98329785906043,33.09262349556984,35.133937686118514
FF,2025-06-29,97.1,-1.21,5.59,"Raleigh, Cal",663728,683004,field_out,hit_into_play,,,,,5.0,Cal Raleigh pops out to third baseman Josh Jung in foul territory.,R,L,R,TEX,SEA,X,5.0,popup,0,0,2025,-0.87,1.43,0.11,2.35,,,677594.0,2,3,Top,123.73,190.94,,,,,5.608344214033085,-141.14623454114454,-6.409470324350539,-13.01435957994109,36.43537416038426,-11.855039684417514,3.68,1.68,138.0,90.1,71.0,97.5,,6.9,777302,641680,669701,543760,673962,608369,696030,694497,666969,53.64,0.003,0.002,0.0,1.0,0.0,0.0,3.0,21,1,4-Seam Fastball,1,0,0,1,0,1,0,1,Infield shade,Standard,,0.026,-0.271,77.1,7.9,0.003,0.271,90.1,1,-1,0.643,0.357,25,28,25,29,2,1,7.0,1.0,7.0,1.0,1.02,0.87,-0.87,44.5,13.535387749559966,-10.956347560164758,43.257375989418925,31.335100469508227,29.91600496545181
CH,2025-06-29,82.7,2.09,5.85,"Raleigh, Cal",663728,656641,field_out,hit_into_play,,,,,6.0,Cal Raleigh flies out to center fielder Evan Carter.,R,R,L,TEX,SEA,X,8.0,fly_ball,0,1,2025,1.29,0.99,0.75,2.92,,,,0,8,Top,105.76,83.3,,,,,-5.587241229926363,-120.2729609735114,-2.0439648370797117,13.598054659661376,25.514042623085167,-22.460872255416188,3.68,1.68,292.0,80.5,32.0,82.8,,6.6,777302,641680,669701,543760,673962,608369,696030,694497,666969,53.92,0.046,0.046,0.0,1.0,0.0,0.0,3.0,59,2,Changeup,1,1,1,1,1,1,1,1,Standard,Standard,,0.039,-0.22,78.8,8.3,0.076,0.22,88.0,0,0,0.507,0.493,29,28,29,29,1,3,5.0,1.0,2.0,1.0,2.38,1.29,-1.29,51.9,28.83907894893717,-13.089342949027708,29.616757278462696,41.727811500601675,44.95708300424445
CH,2025-06-29,89.8,-1.77,5.55,"Raleigh, Cal",663728,683004,single,hit_into_play,,,,,8.0,Cal Raleigh singles on a ground ball to right fielder Adolis García. Julio Rodríguez to 2nd.,R,L,R,TEX,SEA,X,9.0,ground_ball,1,1,2025,-1.07,0.03,-0.23,2.3,,,677594.0,1,1,Top,183.27,109.71,,,,,6.089054706642223,-130.66459050825742,-2.0945355121810585,-13.560944673054278,29.089660822143184,-31.572175271277622,3.68,1.68,33.0,101.9,-2.0,89.7,,6.4,777302,641680,669701,543760,673962,608369,696030,694497,666969,54.12,0.375,0.332,0.9,1.0,1.0,0.0,2.0,3,3,Changeup,0,0,0,0,0,0,0,0,Infield shade,Standard,,-0.039,0.427,78.3,7.6,0.391,-0.427,101.9,0,0,0.499,0.501,25,28,25,29,1,0,7.0,1.0,7.0,1.0,2.81,1.07,-1.07,42.8,10.025171401041137,3.241346140363419,34.58487328191512,35.52227916240196,33.151780148470706
SI,2025-06-28,94.0,-2.23,5.4,"Raleigh, Cal",663728,677958,single,hit_into_play,,,,,4.0,Cal Raleigh singles on a sharp ground ball to right fielder Adolis García.,R,L,R,TEX,SEA,X,9.0,ground_ball,2,1,2025,-1.29,0.4,-0.43,2.41,,,,1,6,Top,181.66,107.6,,,,,7.585302665700397,-136.62635714027965,-2.8671375282815244,-17.87993510470702,33.91766264993198,-26.69149286180078,3.67,1.69,81.0,105.5,3.0,94.2,2093.0,6.8,777322,543309,669701,543760,673962,608369,696030,694497,666969,53.75,0.57,0.519,0.9,1.0,1.0,0.0,4.0,42,4,Sinker,2,1,1,2,1,2,1,2,Infield shade,Standard,226.0,-0.037,0.37,76.1,7.9,0.636,-0.37,105.5,1,-1,0.692,0.308,25,28,26,29,3,2,7.0,1.0,6.0,1.0,2.21,1.29,-1.29,25.3,18.88676310138138,-3.2112511313388032,35.91022174213017,38.872586648665184,31.84309437566552
FF,2025-06-28,97.5,-2.35,5.47,"Raleigh, Cal",663728,677958,field_out,hit_into_play,,,,,5.0,"Cal Raleigh grounds out, second baseman Marcus Semien to first baseman Josh Smith.",R,L,R,TEX,SEA,X,4.0,ground_ball,1,1,2025,-1.17,0.62,0.05,2.56,,,,2,1,Top,158.85,153.71,,,,,9.19704500981727,-141.53419573962148,-3.6739669941256783,-17.935365468400065,35.578631091114225,-23.147396060730273,3.67,1.69,77.0,90.6,5.0,97.4,2282.0,6.6,777322,543309,669701,543760,673962,608369,696030,694497,666969,53.9,0.473,0.435,0.0,1.0,0.0,0.0,4.0,3,3,4-Seam Fastball,0,0,0,0,0,0,0,0,Infield shade,Standard,229.0,0.01,-0.244,75.1,6.9,0.524,0.244,90.6,0,0,0.538,0.4619999999999999,25,28,26,29,1,0,7.0,1.0,6.0,1.0,1.81,1.17,-1.17,22.3,6.424839548738108,12.744410748841894,37.04069962854168,31.059349692781034,26.951631515473068
FS,2025-06-28,87.9,-2.96,6.24,"Raleigh, Cal",663728,455119,field_out,hit_into_play,,,,,4.0,Cal Raleigh flies out to left fielder Alejandro Osuna.,R,L,R,TEX,SEA,X,7.0,fly_ball,0,0,2025,-0.69,0.3,-0.55,3.0,,,677594.0,1,8,Top,86.39,120.77,,,,,7.2893117449561,-127.89679848956224,-2.376723708516606,-9.051964547072114,25.636714132180575,-28.54239927441801,3.67,1.69,212.0,91.5,59.0,88.3,1545.0,6.5,777322,543309,669701,543760,673962,608369,696030,694497,666969,54.02,0.03,0.041,0.0,1.0,0.0,0.0,3.0,58,1,Split-Finger,2,2,2,2,2,2,2,2,Infield shade,Standard,219.0,0.059,-0.256,75.2,7.5,0.059,0.256,91.5,0,0,0.498,0.502,39,28,39,29,1,3,1.0,1.0,2.0,1.0,2.64,0.69,-0.69,44.3,14.219509477220296,8.670131166352414,31.06044261396695,38.9643741410776,25.920582963246787
SL,2025-06-27,86.0,-1.53,5.67,"Raleigh, Cal",663728,668390,double,hit_into_play,,,,,8.0,Cal Raleigh doubles (16) on a sharp line drive to right fielder Adolis García. J.P. Crawford to 3rd.,R,L,R,TEX,SEA,X,9.0,line_drive,0,0,2025,0.13,-0.65,-0.14,1.61,,,641487.0,1,6,Top,191.9,135.24,,,,,3.071587312110977,-125.18792183801696,-2.056441572015204,0.6856037472350278,25.750572334911457,-38.767147940039486,3.67,1.69,167.0,100.1,9.0,86.5,,6.6,777340,641680,669701,543760,673962,608369,696030,694497,666969,53.88,0.737,0.683,1.25,1.0,1.0,1.0,4.0,48,1,Slider,1,4,4,1,4,1,4,1,Infield shade,Standard,,-0.041,0.791,84.4,9.0,0.824,-0.791,100.1,-3,3,0.136,0.864,25,28,26,29,1,3,2.0,1.0,2.0,1.0,3.73,-0.13,0.13,41.2,21.849305710382684,-13.159014487463612,33.41846099013872,36.18145465787321,42.34168794386662
FF,2025-06-27,93.8,-2.77,6.14,"Raleigh, Cal",663728,455119,field_out,hit_into_play,,,,,4.0,Cal Raleigh flies out sharply to center fielder Evan Carter. J.P. Crawford to 3rd.,R,L,R,TEX,SEA,X,8.0,fly_ball,0,0,2025,-0.52,1.08,-0.51,2.57,,641487.0,677594.0,0,8,Top,156.0,52.59,,,,,7.046416876933829,-136.4153664643313,-5.897440467775884,-8.041690156802465,30.69749928253595,-17.625360398857637,3.67,1.69,369.0,103.0,22.0,94.3,,6.7,777340,641680,669701,543760,673962,608369,677649,694497,666969,53.81,0.5053846153846155,0.8584358974358975,0.0,1.0,0.0,0.0,6.0,70,1,4-Seam Fastball,5,5,5,5,5,5,5,5,Infield shade,Standard,,0.021,-0.263,77.4,7.8,1.615307692307692,0.263,103.0,0,0,0.336,0.6639999999999999,39,28,39,29,1,4,3.0,1.0,1.0,1.0,1.52,0.52,-0.52,42.6,14.634392008742056,-1.195088647707008,32.4655203973312,40.61511409344877,30.092740211735624
FC,2025-06-26,92.7,-2.1,5.26,"Raleigh, Cal",663728,592779,field_out,hit_into_play,,,,,12.0,Cal Raleigh pops out to second baseman Kody Clemens in foul territory.,R,L,R,MIN,SEA,X,4.0,popup,1,0,2025,0.27,0.91,0.93,2.74,,,641487.0,1,6,Top,172.11,176.45,,,,,7.203552721240007,-134.9512905788855,-2.700008606417295,1.872542142452864,26.954938238527394,-20.5898900971477,3.65,1.69,161.0,74.3,60.0,93.7,2544.0,6.7,777356,680777,664034,665019,686797,621043,650489,621439,670242,53.84,0.018,0.016,0.0,1.0,0.0,0.0,3.0,44,2,Cutter,2,0,0,2,0,2,0,2,Infield shade,Standard,188.0,0.047,-0.29,77.4,7.9,0.018,0.29,88.0,2,-2,0.768,0.2319999999999999,33,28,34,29,1,2,2.0,1.0,3.0,1.0,1.72,-0.27,0.27,23.2,25.210935851982867,-6.915492736072409,40.64491976385188,25.62986009847184,34.37906204042423
FS,2025-06-26,88.3,-2.61,5.56,"Raleigh, Cal",663728,663485,field_out,hit_into_play,,,,,13.0,"Cal Raleigh grounds out, second baseman Kody Clemens to first baseman Ty France.",R,L,R,MIN,SEA,X,4.0,ground_ball,2,0,2025,-1.15,-0.38,-0.93,1.9,,,,0,9,Top,152.14,150.43,,,,,6.393873813822772,-128.3439056842085,-1.9058018954303189,-14.118543479751006,32.08339603338745,-36.03558356344772,3.65,1.69,40.0,71.9,1.0,86.5,1408.0,5.7,777356,680777,664034,665019,681146,686797,650489,680577,670242,54.81,0.104,0.09,0.0,1.0,0.0,0.0,2.0,75,3,Split-Finger,10,0,0,10,0,10,0,10,Infield shade,Standard,253.0,0.0,-0.378,73.3,8.9,0.104,0.378,88.0,10,-10,0.999,0.001,27,28,28,29,1,3,5.0,1.0,2.0,1.0,3.36,1.15,-1.15,20.5,21.869520939307854,-17.280820220538143,29.676433196706604,46.914886471629835,41.425062278639835
FS,2025-06-25,97.4,-2.21,6.02,"Raleigh, Cal",663728,661395,field_out,hit_into_play,,,,,8.0,"Cal Raleigh grounds out sharply, second baseman Kody Clemens to first baseman Ty France.",R,L,R,MIN,SEA,X,4.0,ground_ball,0,0,2025,-1.18,-0.07,-0.1,1.95,,,,0,9,Top,145.46,148.82,,,,,8.355166900767015,-141.6611434450246,-5.285135019606495,-17.771213301003378,30.98378487735158,-32.06572340229806,3.67,1.69,11.0,104.5,-8.0,97.3,1811.0,6.1,777363,543877,664034,665019,650489,621043,664056,621439,680577,54.36,0.324,0.287,0.0,1.0,0.0,0.0,2.0,59,1,Split-Finger,2,0,0,2,0,2,0,2,Strategic,Standard,237.0,0.039,-0.259,75.7,7.4,0.361,0.259,104.5,2,-2,0.924,0.0759999999999999,27,28,27,29,1,3,1.0,1.0,2.0,1.0,2.46,1.18,-1.18,31.4,4.712737260684665,9.095281343730528,40.32121181090532,35.42153586351479,24.03805692404036
FF,2025-06-24,93.3,-1.79,6.25,"Raleigh, Cal",663728,663978,field_out,hit_into_play,,,,,4.0,Cal Raleigh flies out to center fielder Byron Buxton.,R,L,R,MIN,SEA,X,8.0,fly_ball,2,1,2025,-0.75,1.65,-0.49,2.49,,,,0,5,Top,134.96,47.48,,,,,5.078232981031717,-135.50394374003707,-7.58909574707809,-10.428067975863671,32.43162891967043,-10.333986441659468,3.67,1.7,375.0,98.3,25.0,94.1,2312.0,7.1,777375,680777,664034,665019,686797,621043,664056,621439,670242,53.43,0.2928333333333333,0.5102500000000001,0.0,1.0,0.0,0.0,5.0,40,4,4-Seam Fastball,5,5,5,5,5,5,5,5,Infield shade,Standard,205.0,0.035,-0.305,76.1,7.5,0.9685833333333336,0.305,98.3,0,0,0.495,0.505,29,28,29,29,3,2,5.0,1.0,5.0,1.0,1.0,0.75,-0.75,51.5,10.679674935528196,10.594300379739128,30.91543360311854,37.36130955052553,25.628738326137807
FC,2025-06-24,88.4,-2.04,6.14,"Raleigh, Cal",663728,663978,single,hit_into_play,,,,,6.0,Cal Raleigh singles on a line drive to right fielder Matt Wallner. Cole Young scores. J.P. Crawford to 2nd.,R,L,R,MIN,SEA,X,9.0,line_drive,0,0,2025,-0.03,0.74,0.73,2.35,702284.0,,641487.0,1,3,Top,196.52,119.61,,,,,6.875532626148372,-128.58168607760857,-4.782138651931109,-1.6528541174550238,25.574514334210264,-23.17802249288627,3.67,1.7,217.0,77.4,22.0,89.7,1966.0,7.0,777375,680777,664034,665019,686797,621043,664056,621439,670242,53.5,0.909,0.836,0.9,1.0,1.0,0.0,4.0,18,1,Cutter,0,1,1,0,2,0,2,0,Infield shade,Standard,196.0,-0.065,0.479,69.6,7.3,0.982,-0.479,88.0,-1,1,0.323,0.677,29,28,29,29,2,1,5.0,1.0,5.0,1.0,2.17,0.03,-0.03,48.4,11.599374120011383,-3.383663907888048,40.76307263043587,22.01206130634546,29.085668072967977
FF,2025-06-24,95.1,-1.66,6.22,"Raleigh, Cal",663728,663978,double,hit_into_play,,,,,4.0,Cal Raleigh doubles (15) on a sharp fly ball to left fielder Harrison Bader.,R,L,R,MIN,SEA,X,7.0,fly_ball,1,0,2025,-0.58,1.45,-0.29,2.38,,,,2,1,Top,58.09,67.78,,,,,4.933697491360913,-138.26103104972805,-7.744044074995302,-8.487351370773426,29.61388687572052,-12.082868438065235,3.67,1.7,364.0,104.4,23.0,96.3,2306.0,6.9,777375,680777,664034,665019,686797,621043,664056,621439,670242,53.58,0.6137317073170732,1.104951219512195,1.25,1.0,1.0,1.0,6.0,3,2,4-Seam Fastball,0,0,0,0,0,0,0,0,Infield shade,Standard,209.0,-0.021,0.542,79.6,7.3,2.0953658536585364,-0.542,104.4,0,0,0.537,0.4629999999999999,29,28,29,29,1,0,5.0,1.0,5.0,1.0,1.07,0.58,-0.58,52.3,7.515311534657577,9.378769243917828,36.528450350166445,34.59036427010659,23.517096253289303
SL,2025-06-23,84.5,-1.41,5.97,"Raleigh, Cal",663728,641927,field_out,hit_into_play,,,,,6.0,Cal Raleigh pops out to second baseman Kody Clemens.,R,L,R,MIN,SEA,X,4.0,popup,1,0,2025,0.16,0.57,0.6,2.65,,,,1,5,Top,149.02,163.14,,,,,4.428341910695447,-123.03289054421452,-2.568420816918813,0.8289769368373825,22.91288665397013,-26.10769644535446,3.68,1.68,109.0,93.3,69.0,86.2,1962.0,7.2,777388,543877,664034,665019,686797,621043,664056,621439,663616,53.27,0.005,0.006,0.0,1.0,0.0,0.0,3.0,39,2,Slider,0,6,6,0,6,0,6,0,Infield shade,Standard,187.0,0.002,-0.293,80.8,7.9,0.007,0.293,93.3,-6,6,0.041,0.959,29,28,30,29,3,2,5.0,1.0,5.0,1.0,2.61,-0.16,0.16,30.2,22.549301093070127,-14.2493013801555,40.59381839683813,24.801826193293053,38.69304979194594
CH,2025-06-23,84.0,-1.53,5.98,"Raleigh, Cal",663728,641927,single,hit_into_play,,,,,8.0,Cal Raleigh singles on a soft ground ball to pitcher Bailey Ober.,R,L,R,MIN,SEA,X,1.0,ground_ball,0,0,2025,-1.6,0.35,-0.22,1.59,,,,1,3,Top,119.82,194.23,,,,,6.30251476486276,-122.17512096968012,-4.477392389550527,-17.28259758357622,24.734213943049856,-27.997974851288177,3.68,1.68,1.0,42.3,-58.0,85.0,2144.0,7.0,777388,543877,664034,665019,686797,621043,664056,621439,663616,53.46,0.223,0.2,0.9,1.0,1.0,0.0,1.0,22,1,Changeup,0,3,3,0,3,0,3,0,Infield shade,Standard,250.0,-0.015,0.414,65.1,9.4,0.225,-0.414,88.0,-3,3,0.219,0.781,29,28,30,29,2,1,5.0,1.0,5.0,1.0,2.89,1.6,-1.6,28.7,35.44067455237674,-34.468155061064394,42.23949864328401,34.98372986007056,49.63223933165682
CH,2025-06-23,86.3,0.92,6.11,"Raleigh, Cal",663728,666214,home_run,hit_into_play,,,,,2.0,Cal Raleigh homers (32) on a fly ball to left field. Julio Rodríguez scores.,R,R,L,MIN,SEA,X,,fly_ball,2,1,2025,0.72,0.71,0.25,3.36,,677594.0,,2,9,Top,36.78,73.69,,,,,-3.1004433558458095,-125.67955217375888,-1.7757029125093258,8.237598692816695,25.81546404835046,-24.517096489874795,3.68,1.68,379.0,100.6,33.0,87.4,1803.0,7.0,777388,543877,664034,665019,686797,621043,664056,621439,663616,53.5,0.4695624999999999,0.9344062500000002,2.0,1.0,0.0,3.0,6.0,72,4,Changeup,2,9,9,2,11,2,11,2,Standard,Standard,141.0,0.0,1.609,76.1,7.7,1.8421874999999996,-1.609,100.6,-7,7,0.001,0.999,27,28,28,29,2,4,3.0,1.0,5.0,1.0,2.35,0.72,-0.72,48.5,23.01686749398033,-12.625202829951531,24.25341305187162,38.26431504911879,44.53369080312873
CU,2025-06-23,82.1,1.08,6.2,"Raleigh, Cal",663728,666214,field_out,hit_into_play,,,,,8.0,Cal Raleigh flies out to second baseman Kody Clemens.,R,R,L,MIN,SEA,X,4.0,fly_ball,1,2,2025,-0.57,-0.47,-0.03,1.73,,,,0,8,Top,155.68,126.83,,,,,-1.410264906071163,-119.49552580455654,-2.6584533200423275,-5.160267492535202,24.36018483440569,-36.33595811799877,3.68,1.68,189.0,91.3,63.0,83.0,2622.0,7.0,777388,543877,664034,665019,686797,621043,664056,621439,663616,53.48,0.01,0.009,0.0,1.0,0.0,0.0,3.0,59,4,Curveball,2,7,7,2,7,2,7,2,Standard,Standard,309.0,0.001,-0.189,80.9,8.2,0.01,0.189,91.3,-5,5,0.018,0.982,27,28,28,29,1,3,3.0,1.0,5.0,1.0,3.87,-0.57,0.57,51.6,15.84459232813837,-5.252215940227427,37.143075612717254,32.957786729487026,41.49449392550578
FF,2025-06-22,93.2,-1.76,5.56,"Raleigh, Cal",663728,607067,single,hit_into_play,,,,,2.0,Cal Raleigh singles on a line drive to right fielder Seiya Suzuki.,R,L,R,CHC,SEA,X,9.0,line_drive,0,1,2025,-0.58,1.12,0.09,3.67,,,,1,5,Top,189.31,117.73,,,,,6.056701621253595,-135.69308508516707,-1.6042369697086367,-8.407374453232555,27.625299134323104,-18.109632301820337,3.68,1.69,278.0,96.2,20.0,94.0,2212.0,6.5,777403,624512,683737,660644,807713,663538,664023,691718,673548,53.95,0.241,0.253,0.9,1.0,1.0,0.0,4.0,37,2,4-Seam Fastball,1,4,4,1,4,1,4,1,Infield shade,Standard,223.0,-0.014,0.453,75.8,7.6,0.41,-0.453,96.2,-3,3,0.177,0.823,34,28,35,29,3,2,7.0,1.0,6.0,1.0,1.48,0.58,-0.58,28.1,19.63337747394073,-3.8001632536112666,26.84716910376847,32.95531898090111,29.94276984221493
FC,2025-06-22,90.5,-1.05,6.78,"Raleigh, Cal",663728,623167,field_out,hit_into_play,,,,,3.0,Cal Raleigh pops out softly to third baseman Matt Shaw.,R,L,R,CHC,SEA,X,5.0,popup,0,1,2025,0.73,0.72,0.7,3.54,641487.0,,,2,6,Top,106.24,181.39,,,,,2.8037138961985733,-131.81630061400844,-3.6862155019491833,7.888542573621589,27.403190498919596,-23.20184361198944,3.68,1.69,73.0,56.9,75.0,90.6,2483.0,6.3,777403,624512,683737,660644,807713,663538,664023,691718,673548,54.24,0.005,0.005,0.0,1.0,0.0,0.0,1.0,52,2,Cutter,4,7,7,4,7,4,7,4,Infield shade,Standard,168.0,0.018,-0.232,69.6,6.8,0.006,0.232,88.0,-3,3,0.145,0.855,30,28,31,29,1,3,3.0,1.0,2.0,1.0,2.05,-0.73,0.73,61.6,14.165623956356834,6.298694262133416,34.928548906521144,25.339488451336575,26.95747500468023
FF,2025-06-22,93.8,-1.68,5.61,"Raleigh, Cal",663728,607067,home_run,hit_into_play,,,,,4.0,Cal Raleigh homers (31) on a fly ball to center field. J.P. Crawford scores.,R,L,R,CHC,SEA,X,,fly_ball,0,0,2025,-0.97,1.04,-0.34,2.88,,,641487.0,1,1,Top,155.68,34.18,,,,,5.65148367432288,-136.58646263844676,-3.697870175197186,-13.381670913227502,29.114631866734253,-18.464765362168723,3.68,1.69,440.0,105.0,36.0,94.5,2271.0,6.6,777403,624512,683737,660644,807713,663538,664023,691718,673548,53.9,0.5809032258064516,2.0,2.0,1.0,0.0,3.0,6.0,3,1,4-Seam Fastball,0,0,0,0,2,0,2,0,Infield shade,Standard,216.0,-0.167,1.465,75.6,7.7,2.29,-1.465,105.0,0,0,0.498,0.502,34,28,35,29,1,0,7.0,1.0,6.0,1.0,1.54,0.97,-0.97,29.4,17.869454752309867,-2.4657197157316304,30.47046499771812,39.11432793251477,35.50287134696126
CH,2025-06-21,87.9,-2.6,5.86,"Raleigh, Cal",663728,690990,field_out,hit_into_play,,,,,7.0,"Cal Raleigh grounds out softly, third baseman Vidal Bruján to first baseman Michael Busch.",R,L,R,CHC,SEA,X,5.0,ground_ball,1,2,2025,-0.83,0.71,-0.37,1.73,,641487.0,,1,5,Top,111.54,167.6,,,,,7.106234574545367,-127.964327291486,-5.477262759031679,-10.428144288893003,20.675811049360274,-23.49661978187376,3.69,1.72,6.0,45.4,-16.0,88.5,1773.0,6.1,777419,608348,683737,663538,660644,621020,664023,691718,663656,54.37,0.137,0.12,0.0,1.0,0.0,0.0,1.0,42,5,Changeup,9,3,3,9,3,9,3,9,Infield shade,Standard,203.0,0.009,-0.185,83.5,8.8,0.143,0.185,88.0,6,-6,0.961,0.039,23,28,24,29,3,2,8.0,1.0,6.0,1.0,2.19,0.83,-0.83,46.1,17.591723549202182,-1.4918166098056458,39.37361555352615,38.93562442740244,49.00305314631677
CH,2025-06-21,89.7,-2.61,5.94,"Raleigh, Cal",663728,690990,field_out,hit_into_play,,,,,4.0,"Cal Raleigh grounds out, first baseman Michael Busch to pitcher Cade Horton.",R,L,R,CHC,SEA,X,3.0,ground_ball,0,0,2025,-0.98,0.97,-0.58,2.55,,677594.0,,2,3,Top,160.43,159.28,,,,,7.044567709884222,-130.40949476236284,-4.423308800800013,-12.663101741503583,26.693708395653506,-20.39943209712504,3.69,1.72,107.0,94.0,6.0,89.5,1953.0,6.1,777419,608348,683737,663538,660644,621020,664023,691718,663656,54.37,0.511,0.46,0.0,1.0,0.0,0.0,4.0,24,1,Changeup,6,1,1,6,1,6,1,6,Infield shade,Standard,209.0,0.015,-0.288,77.2,8.5,0.547,0.288,94.0,5,-5,0.917,0.0829999999999999,23,28,24,29,2,1,8.0,1.0,6.0,1.0,1.87,0.98,-0.98,46.1,24.384977173736633,-12.578217699070944,31.443966494784632,42.35627504876059,39.43171486616661
FF,2025-06-21,99.4,-1.17,5.55,"Raleigh, Cal",663728,694037,home_run,hit_into_play,,,,,2.0,Cal Raleigh homers (30) on a fly ball to left center field.,R,L,R,CHC,SEA,X,,fly_ball,2,1,2025,-0.98,0.94,-0.13,3.4,,,,0,9,Top,60.91,67.37,,,,,5.1827542354534595,-144.8406132950582,-2.77101623545264,-14.993674087063544,29.983794323626487,-18.442115754277182,3.69,1.72,363.0,97.9,41.0,100.6,2332.0,6.6,777419,608348,683737,663538,807713,621020,664023,691718,663656,53.87,0.053,0.081,2.0,1.0,0.0,3.0,3.0,78,4,4-Seam Fastball,10,6,6,10,7,10,7,10,Infield shade,Standard,221.0,-0.017,1.068,72.2,6.6,0.158,-1.068,97.9,4,-4,0.983,0.017,25,28,25,29,1,4,4.0,1.0,5.0,1.0,1.34,0.98,-0.98,33.0,7.051882051212992,12.356613725031014,25.45555771469252,37.41512598675691,22.104710134536873
FS,2025-06-20,86.1,1.01,6.0,"Raleigh, Cal",663728,650893,single,hit_into_play,,,,,3.0,Cal Raleigh singles on a ground ball to left fielder Ian Happ.,R,R,L,CHC,SEA,X,7.0,ground_ball,2,2,2025,0.4,0.55,0.78,3.21,,,,2,9,Top,62.73,101.17,,,,,-1.3452767900156215,-125.44601084325716,-1.5160562739886885,4.511578722079662,24.60737735936613,-26.27952162891374,3.7,1.73,98.0,90.7,6.0,85.8,1490.0,6.0,777436,624512,683737,663538,807713,621020,664023,691718,663656,54.55,0.509,0.492,0.9,1.0,1.0,0.0,4.0,72,6,Split-Finger,4,6,6,4,6,4,6,4,Infield shade,Standard,150.0,-0.004,0.362,74.6,7.9,0.597,-0.362,90.7,-2,2,0.09,0.91,28,28,29,29,1,4,1.0,2.0,7.0,1.0,2.51,0.4,-0.4,46.4,23.237528453080945,-9.605048503576588,24.050289781994433,44.01539122444486,42.31389139095219
FF,2025-06-20,94.2,-0.09,6.14,"Raleigh, Cal",663728,573204,home_run,hit_into_play,,,,,5.0,Cal Raleigh homers (29) on a fly ball to left field. Julio Rodríguez scores.,R,R,L,CHC,SEA,X,,fly_ball,1,1,2025,0.28,1.57,0.09,2.35,,,677594.0,2,7,Top,22.78,86.03,,,,,-0.1458686190069087,-137.02026866770555,-7.60430986254968,3.5349127835982497,30.06998377448812,-10.912771236288778,3.7,1.73,419.0,106.3,27.0,93.9,2406.0,6.1,777436,624512,683737,663538,807713,621020,664023,691718,663656,54.37,0.8310169491525423,1.6490338983050843,2.0,1.0,0.0,3.0,6.0,55,3,4-Seam Fastball,4,4,4,4,6,4,6,4,Infield shade,Standard,167.0,-0.337,2.241,81.3,8.7,3.2553898305084754,-2.241,106.3,0,0,0.549,0.4509999999999999,38,28,38,29,1,3,3.0,2.0,1.0,1.0,1.0,0.28,-0.28,59.7,24.46232676850994,-20.863475852952355,33.47142703505535,35.525976343239876,42.444750130498605
FF,2025-06-20,94.6,2.36,5.48,"Raleigh, Cal",663728,571510,home_run,hit_into_play,,,,,9.0,Cal Raleigh homers (28) on a fly ball to center field.,R,R,L,CHC,SEA,X,,fly_ball,0,0,2025,1.21,0.89,0.62,1.95,,,,2,1,Top,90.7,49.29,,,,,-7.23316442701699,-137.51063691476935,-5.449660194238032,16.99205022340149,32.8199438566176,-19.871765399626444,3.7,1.73,381.0,98.4,24.0,94.2,2251.0,6.3,777436,624512,683737,663538,807713,621020,664023,691718,663656,54.24,0.2690909090909091,0.4559090909090909,2.0,1.0,0.0,3.0,5.0,3,1,4-Seam Fastball,0,0,0,0,1,0,1,0,Infield shade,Standard,129.0,-0.1,2.596,80.8,8.0,0.8528181818181818,-2.596,98.4,0,0,0.538,0.4619999999999999,34,28,34,29,1,0,6.0,2.0,5.0,1.0,1.68,1.21,-1.21,24.6,19.183226452320984,-2.1393992138551736,29.9777463608147,42.70891728151854,41.45696893709722
FF,2025-06-20,93.5,-0.55,5.84,"Raleigh, Cal",663728,519151,field_out,hit_into_play,,,,,4.0,Cal Raleigh flies out to center fielder Pete Crow-Armstrong.,R,L,R,CHC,SEA,X,8.0,fly_ball,2,0,2025,-0.26,1.37,-0.65,2.44,,,,1,6,Top,161.75,74.18,,,,,0.3303833517202695,-136.124487302682,-6.065797195877392,-3.3223203551523164,28.007738033806632,-14.03657084014112,3.7,1.73,322.0,93.0,41.0,93.9,2548.0,6.4,777436,624512,683737,663538,807713,621020,664023,691718,663656,54.12,0.02,0.031,0.0,1.0,0.0,0.0,3.0,43,3,4-Seam Fastball,4,2,2,4,2,4,2,4,Infield shade,Standard,200.0,0.033,-0.364,76.8,8.5,0.06,0.364,93.0,2,-2,0.799,0.2009999999999999,36,28,37,29,1,2,5.0,2.0,4.0,1.0,1.22,0.26,-0.26,56.4,17.246407533440212,-14.12350676929446,30.375302705606877,43.6507609203729,36.88408095244449
CH,2025-06-18,87.4,2.55,5.99,"Raleigh, Cal",663728,676979,field_out,hit_into_play,,,,,14.0,"Cal Raleigh grounds out, third baseman Marcelo Mayer to first baseman Abraham Toro.",R,R,L,SEA,BOS,X,5.0,ground_ball,0,2,2025,0.34,0.16,0.79,1.54,,,,1,3,Bot,81.85,162.52,,,,,-4.989974808050901,-127.3932949936766,-5.076406297206224,4.568477800961212,21.225327710447132,-29.740243651105764,3.7,1.73,4.0,94.4,-25.0,88.8,1325.0,6.7,777453,657136,647351,666152,691785,596115,680776,692225,701350,53.82,0.063,0.057,0.0,1.0,0.0,0.0,2.0,24,3,Changeup,1,1,1,1,1,1,1,1,Standard,Strategic,144.0,-0.012,-0.163,68.6,8.7,0.065,0.163,94.4,0,0,0.524,0.524,26,28,26,29,2,1,5.0,1.0,6.0,2.0,2.77,0.34,-0.34,33.8,18.738351391026978,-12.4815927236436,30.248721773005084,43.27465182932713,43.06734034919768
SI,2025-06-18,100.2,0.2,6.13,"Raleigh, Cal",663728,547973,field_out,hit_into_play,,,,,13.0,"Cal Raleigh grounds out, third baseman Marcelo Mayer to first baseman Abraham Toro.",R,R,L,SEA,BOS,X,5.0,ground_ball,0,0,2025,0.97,1.25,-0.29,1.41,,,,2,8,Bot,97.26,165.78,,,,,-3.6925443660674073,-145.69779645229636,-10.874797279639672,14.639283130695285,31.767604541441273,-12.04906834457422,3.7,1.73,4.0,104.8,-20.0,102.5,2553.0,7.4,777453,657136,647351,666152,691785,596115,680776,678882,701350,53.11,0.144,0.125,0.0,1.0,0.0,0.0,2.0,60,1,Sinker,1,3,1,3,3,1,1,3,Standard,Strategic,162.0,-0.017,-0.26,77.2,7.8,0.151,0.26,104.8,-2,-2,0.093,0.093,37,28,37,29,1,3,2.0,1.0,2.0,2.0,1.01,0.97,-0.97,52.8,3.0177984245583023,-1.4649665584514997,41.204525689216425,32.32652501790054,32.83002950029569
FF,2025-06-18,95.0,2.62,6.18,"Raleigh, Cal",663728,676979,double,hit_into_play,,,,,6.0,Cal Raleigh doubles (14) on a sharp line drive to left fielder Jarren Duran.,R,R,L,SEA,BOS,X,7.0,line_drive,0,0,2025,0.34,1.36,0.47,2.67,,,,2,1,Bot,53.03,135.63,,,,,-6.4225874234730975,-138.14920027963362,-6.641711491897242,5.721561672679822,27.70309724206953,-13.507428273379114,3.7,1.73,153.0,102.9,9.0,95.7,2427.0,6.5,777453,657136,647351,666152,691785,596115,680776,692225,701350,53.99,0.744,0.712,1.25,1.0,1.0,1.0,4.0,7,1,4-Seam Fastball,0,0,0,0,0,0,0,0,Standard,Strategic,140.0,0.023,0.579,78.1,8.6,0.876,-0.579,102.9,0,0,0.51,0.51,26,28,26,29,1,0,5.0,1.0,6.0,2.0,1.15,0.34,-0.34,36.4,27.685580262066978,-21.477867725033953,28.376107583436497,40.910640472717105,43.20379921945079
FF,2025-06-17,95.6,-1.53,5.35,"Raleigh, Cal",663728,621111,double,hit_into_play,,,,,5.0,Cal Raleigh doubles (13) on a sharp ground ball to right fielder Roman Anthony. Cole Young scores. J.P. Crawford scores.,R,L,R,SEA,BOS,X,9.0,ground_ball,1,2,2025,-0.62,1.46,0.18,3.04,702284.0,641487.0,,1,4,Bot,196.12,124.71,,,,,5.943825194596901,-139.0155323937042,-3.7242659927598334,-9.421107579225602,32.14499484627492,-12.645932748121004,3.71,1.73,40.0,102.0,-2.0,95.7,2379.0,6.5,777473,665966,647351,666152,691785,596115,680776,678882,701350,54.02,0.375,0.332,1.25,1.0,1.0,1.0,2.0,34,4,4-Seam Fastball,5,0,5,0,0,7,7,0,Strategic,Strategic,211.0,0.024,0.794,72.7,7.6,0.391,-0.794,102.0,5,5,0.959,0.959,30,28,31,29,3,2,6.0,1.0,6.0,1.0,1.05,0.62,-0.62,41.0,16.41271609644142,-14.634224469257155,30.939971242058927,32.35442631117442,34.41115785434478
CH,2025-06-17,90.9,-1.87,5.24,"Raleigh, Cal",663728,621111,home_run,hit_into_play,,,,,1.0,Cal Raleigh hits a grand slam (27) to right field. Cole Young scores. J.P. Crawford scores. Julio Rodríguez scores.,R,L,R,SEA,BOS,X,,fly_ball,0,0,2025,-1.27,0.38,-0.32,3.24,702284.0,641487.0,677594.0,2,2,Bot,216.82,79.58,,,,,6.642719736168836,-132.30773427074203,0.064340248084639,-16.341548702040836,28.0390533423134,-27.88349889985536,3.71,1.73,370.0,106.0,43.0,91.4,1458.0,6.6,777473,665966,647351,666152,691785,596115,680776,678882,701350,53.95,0.2532,0.5102,2.0,1.0,0.0,3.0,5.0,19,1,Changeup,1,0,1,0,0,5,5,0,Infield shade,Standard,238.0,0.232,1.148,77.4,8.3,1.0032,-1.148,106.0,1,1,0.677,0.677,30,28,31,29,2,1,6.0,1.0,6.0,1.0,2.37,1.27,-1.27,38.0,28.55192436140772,-17.146970674802283,30.345040474338703,40.27529577747234,40.43374820927776
CU,2025-06-17,81.3,3.19,4.85,"Raleigh, Cal",663728,657514,field_out,hit_into_play,,,,,8.0,Cal Raleigh pops out to second baseman David Hamilton.,R,R,L,SEA,BOS,X,4.0,popup,1,2,2025,-1.26,0.35,0.27,2.06,,641487.0,677594.0,1,6,Bot,168.52,143.74,,,,,-4.077478199191835,-118.43722059861706,-0.3677619756033178,-11.098876876991486,21.892987697381,-28.9783698728007,3.71,1.73,176.0,74.8,59.0,80.1,2717.0,5.3,777473,665966,647351,666152,691785,596115,680776,678882,701350,55.2,0.025,0.023,0.0,1.0,0.0,0.0,3.0,51,4,Curveball,8,0,8,0,0,8,8,0,Standard,Strategic,290.0,-0.001,-0.171,75.2,7.8,0.031,0.171,88.0,8,8,0.997,0.997,33,28,33,29,1,3,2.0,1.0,3.0,1.0,3.08,-1.26,1.26,12.3,13.724663966586212,-4.698602308671878,38.48341899412346,36.45300336395345,36.51124128001497
SI,2025-06-17,96.2,-1.84,5.15,"Raleigh, Cal",663728,621111,single,hit_into_play,,,,,4.0,Cal Raleigh singles on a sharp line drive to right fielder Roman Anthony.,R,L,R,SEA,BOS,X,9.0,line_drive,3,2,2025,-1.49,0.71,-0.43,2.78,,,,2,1,Bot,179.65,134.07,,,,,7.116134288265541,-139.97234911947177,-2.3401146852932846,-21.146282276449387,30.52328556543719,-22.474782871151163,3.71,1.73,211.0,107.7,13.0,96.3,2188.0,6.3,777473,665966,647351,666152,691785,596115,680776,678882,701350,54.22,0.777,0.794,0.9,1.0,1.0,0.0,5.0,7,6,Sinker,0,0,0,0,0,0,0,0,Infield shade,Strategic,224.0,0.01,0.258,77.9,7.8,1.094,-0.258,107.7,0,0,0.512,0.512,30,28,31,29,1,0,6.0,1.0,6.0,1.0,1.74,1.49,-1.49,30.2,18.68902742437701,-11.869124673596373,33.719600484895736,36.870010130837315,35.74965136095742
CH,2025-06-16,83.8,-1.4,5.93,"Raleigh, Cal",663728,608337,field_out,hit_into_play,,,,,13.0,"Cal Raleigh grounds out, second baseman David Hamilton to first baseman Abraham Toro.",R,L,R,SEA,BOS,X,4.0,ground_ball,0,1,2025,-1.07,1.2,-0.39,1.26,,,,2,6,Bot,150.55,148.58,,,,,4.498674146506627,-121.87280242363668,-6.862776290036282,-11.523336048771643,21.593361185706733,-19.051320974064268,3.7,1.72,3.0,98.7,-22.0,85.0,1710.0,6.9,777486,665966,647351,666152,691785,596115,680776,678882,701350,53.64,0.104,0.091,0.0,1.0,0.0,0.0,2.0,43,2,Changeup,0,2,0,2,2,0,0,2,Infield shade,Strategic,221.0,-0.013,-0.217,76.0,7.7,0.113,0.217,98.7,-2,-2,0.198,0.198,30,28,31,29,3,2,6.0,1.0,6.0,1.0,2.02,1.07,-1.07,49.6,6.171311004854435,8.372351065214458,40.60980582166165,37.56797796362571,24.69154943390971
CU,2025-06-16,80.7,-1.39,6.34,"Raleigh, Cal",663728,608337,field_out,hit_into_play,,,,,4.0,Cal Raleigh flies out to center fielder Ceddanne Rafaela.,R,L,R,SEA,BOS,X,8.0,fly_ball,1,2,2025,0.41,-1.29,-0.55,2.34,,,,2,1,Bot,113.58,52.47,,,,,1.0868430811801828,-117.5617640896925,0.2327477732602227,3.5558372243646126,22.737858618536432,-44.42657828546877,3.7,1.72,364.0,96.5,28.0,81.1,2326.0,6.5,777486,665966,647351,666152,691785,596115,680776,678882,701350,53.96,0.2979166666666666,0.5546666666666666,0.0,1.0,0.0,0.0,5.0,7,4,Curveball,0,1,0,1,1,0,0,1,Infield shade,Standard,13.0,-0.007,-0.182,71.0,7.4,1.0705833333333332,0.182,96.5,-1,-1,0.404,0.404,30,28,31,29,1,0,6.0,1.0,6.0,1.0,4.79,-0.41,0.41,52.3,12.347221039289048,7.682554230852131,31.976416092425413,38.75691549785593,30.2054749923538
CH,2025-06-15,90.0,-2.07,5.03,"Raleigh, Cal",663728,682847,field_out,hit_into_play,,,,,13.0,Cal Raleigh flies out to left fielder Steven Kwan.,R,L,R,SEA,CLE,X,7.0,fly_ball,1,1,2025,-1.29,0.46,-0.53,1.14,,,,2,2,Bot,57.32,129.79,,,,,6.609997206079656,-130.9816826042591,-4.755909571315013,-16.21899909894674,24.72505775984603,-26.129069389761327,3.7,1.72,241.0,88.3,53.0,91.1,1599.0,6.7,777495,595978,700932,682657,608070,682177,680757,657041,666134,53.78,0.01,0.011,0.0,1.0,0.0,0.0,3.0,19,3,Changeup,5,0,5,0,0,5,5,0,Infield shade,Strategic,245.0,-0.003,-0.244,73.3,8.5,0.015,0.244,88.3,5,5,0.909,0.909,26,28,26,29,2,1,6.0,1.0,6.0,1.0,2.33,1.29,-1.29,24.7,11.32929418231114,-5.16669130587074,44.25014336630297,39.583248008881455,34.72558973645647
FF,2025-06-15,97.9,-2.1,4.9,"Raleigh, Cal",663728,682847,single,hit_into_play,,,,,9.0,Cal Raleigh singles on a sharp line drive to right fielder Nolan Jones.,R,L,R,SEA,CLE,X,9.0,line_drive,0,0,2025,-1.15,0.97,0.37,1.7,,,,2,1,Bot,192.63,143.06,,,,,9.400576182749436,-142.25443937592107,-5.454434003294442,-17.734713352676437,30.299894984101687,-17.969570103445633,3.7,1.72,169.0,105.4,11.0,98.9,2335.0,6.7,777495,595978,700932,682657,608070,682177,680757,657041,666134,53.76,0.942,0.941,0.9,1.0,1.0,0.0,4.0,6,1,4-Seam Fastball,0,0,0,0,0,0,0,0,Infield shade,Strategic,235.0,0.012,0.325,81.3,8.0,1.208,-0.325,105.4,0,0,0.51,0.51,26,28,26,29,1,0,6.0,1.0,6.0,1.0,1.41,1.15,-1.15,16.5,14.15591119968323,-2.0004727036689984,49.515241295138665,27.969870096553635,30.913590746806257
FF,2025-06-15,94.0,-1.53,6.33,"Raleigh, Cal",663728,663671,field_out,hit_into_play,,,,,11.0,Cal Raleigh lines out sharply to left fielder Nolan Jones.,R,L,R,SEA,CLE,X,7.0,line_drive,2,2,2025,-0.77,1.52,-1.21,2.79,,,,0,7,Bot,73.62,91.32,,,,,2.5499182689868896,-136.78413989773748,-6.808161536424831,-10.2797264594286,31.882278456226505,-11.86128804874819,3.7,1.72,297.0,100.5,17.0,94.0,2520.0,6.4,777495,595978,700932,682657,608070,682177,666134,657041,671286,54.1,0.481,0.527,0.0,1.0,0.0,0.0,4.0,52,5,4-Seam Fastball,6,0,6,0,0,6,6,0,Infield shade,Strategic,197.0,-0.001,-0.232,71.2,7.3,0.766,0.232,100.5,6,6,0.993,0.993,28,28,28,29,1,3,4.0,1.0,4.0,1.0,1.08,0.77,-0.77,54.6,2.157420523927355,13.019041045036223,23.71778057084001,45.7099177083179,20.876900574681116
FF,2025-06-14,95.1,-2.08,6.44,"Raleigh, Cal",663728,676440,field_out,hit_into_play,,,,,7.0,Cal Raleigh flies out to left fielder Steven Kwan.,R,L,R,SEA,CLE,X,7.0,fly_ball,1,2,2025,-0.59,1.1,-0.81,2.03,,,,0,3,Bot,52.38,120.91,,,,,4.680841436079933,-138.3895789678151,-8.450502939732461,-8.614627292345201,28.03120115680952,-16.452693434036835,3.69,1.74,265.0,94.4,53.0,95.8,2255.0,6.5,777507,666310,467793,682177,608070,672356,680757,682657,666134,54.0,0.008,0.007,0.0,1.0,0.0,0.0,3.0,23,4,4-Seam Fastball,2,0,2,0,0,2,2,0,Infield shade,Strategic,209.0,-0.011,-0.189,75.3,8.1,0.013,0.189,94.4,2,2,0.76,0.76,26,28,26,29,2,1,6.0,1.0,6.0,1.0,1.41,0.59,-0.59,56.3,19.357615029017527,-2.133707621498514,34.283482449000644,40.5432166644692,31.48306143170336
CH,2025-06-14,84.2,-2.45,6.15,"Raleigh, Cal",663728,676440,double,hit_into_play,,,,,13.0,Cal Raleigh doubles (12) on a fly ball to right fielder Nolan Jones. J.P. Crawford scores. Julio Rodríguez to 3rd.,R,L,R,SEA,CLE,X,9.0,fly_ball,3,2,2025,-1.33,0.9,-0.91,1.82,641487.0,677594.0,,0,1,Bot,216.4,100.38,,,,,6.267051966162971,-122.39097478539692,-5.493235026779506,-14.569243981236164,23.557255935118256,-22.22780424540153,3.69,1.74,335.0,97.1,26.0,84.8,2088.0,6.7,777507,666310,467793,682177,608070,672356,680757,682657,666134,53.79,0.2486666666666666,0.4377999999999999,1.25,1.0,1.0,1.0,5.0,7,6,Changeup,0,0,0,0,0,1,1,0,Strategic,Strategic,218.0,0.076,0.678,70.2,8.4,0.8309333333333334,-0.678,97.1,0,0,0.684,0.684,26,28,26,29,1,0,6.0,1.0,6.0,1.0,2.32,1.33,-1.33,52.9,30.68532451202862,-10.156383670861551,33.385741034001505,41.987907548188296,46.661814655430085
FF,2025-06-14,92.6,-2.44,6.3,"Raleigh, Cal",663728,683769,field_out,hit_into_play,,,,,1.0,"Cal Raleigh grounds out, shortstop Daniel Schneemann to first baseman Carlos Santana.",R,L,R,SEA,CLE,X,6.0,ground_ball,0,0,2025,-0.84,1.51,-0.83,3.74,,,641487.0,2,7,Bot,133.39,132.93,,,,,5.996117535808966,-134.60935022267012,-4.003666981725721,-11.571141373758904,32.32602685192288,-13.19207743125773,3.69,1.74,82.0,68.4,9.0,92.9,2301.0,6.8,777507,666310,467793,682657,608070,682177,680757,657041,666134,53.74,0.271,0.238,0.0,1.0,0.0,0.0,2.0,61,1,4-Seam Fastball,2,3,2,3,3,2,2,3,Infield shade,Strategic,212.0,-0.052,-0.271,77.7,7.9,0.322,0.271,88.0,-1,-1,0.307,0.307,27,28,27,29,1,3,1.0,1.0,3.0,1.0,1.17,0.84,-0.84,33.1,18.246343090691187,-24.53377943470546,23.12785282546295,40.75667275707053,40.52318203344148
FF,2025-06-13,93.3,-3.31,6.13,"Raleigh, Cal",663728,668909,field_out,hit_into_play,,,,,1.0,Cal Raleigh flies out to center fielder Lane Thomas.,R,L,R,SEA,CLE,X,8.0,fly_ball,0,0,2025,-0.88,1.17,-0.49,3.54,,641487.0,677594.0,2,4,Bot,129.26,79.01,,,,,9.175264373541184,-135.55857904538527,-3.4321057668816546,-12.914841463365155,30.84605321338992,-17.197701703677577,3.69,1.74,299.0,94.5,43.0,93.0,2156.0,6.3,777520,666310,467793,682177,608070,672356,680757,657041,666134,54.21,0.02,0.031,0.0,1.0,0.0,0.0,3.0,38,1,4-Seam Fastball,2,2,2,2,2,2,2,2,Standard,Strategic,227.0,-0.053,-0.282,75.0,7.2,0.059,0.282,94.5,0,0,0.553,0.553,25,28,26,29,3,2,6.0,2.0,6.0,1.0,1.47,0.88,-0.88,33.4,12.618607514644491,4.555538543303711,21.671902886574863,38.2557951449297,27.526891141356337
FF,2025-06-13,94.7,-3.3,5.92,"Raleigh, Cal",663728,668909,field_out,hit_into_play,,,,,5.0,Cal Raleigh pops out to third baseman José Ramírez in foul territory.,R,L,R,SEA,CLE,X,5.0,popup,0,2,2025,-1.28,1.33,-0.07,2.91,,677594.0,,0,3,Bot,85.1,175.41,,,,,11.300650758292225,-137.35852914405632,-5.1616629056584715,-18.63250559163617,29.833764703789804,-14.326399733662765,3.69,1.74,134.0,92.9,71.0,94.9,2462.0,6.5,777520,666310,467793,682177,608070,672356,680757,657041,666134,53.96,0.001,0.0,0.0,1.0,0.0,0.0,3.0,24,3,4-Seam Fastball,0,2,0,2,2,0,0,2,Standard,Standard,225.0,-0.032,-0.175,77.1,7.2,0.001,0.175,92.9,-2,-2,0.381,0.381,25,28,26,29,2,1,6.0,2.0,6.0,1.0,1.22,1.28,-1.28,32.0,13.885250626286023,0.9525125031302802,31.293395821996107,32.959737284575226,32.23422590787263
FC,2025-06-13,84.7,1.91,5.4,"Raleigh, Cal",663728,663465,field_out,hit_into_play,,,,,4.0,Cal Raleigh pops out to catcher Bo Naylor in foul territory.,R,R,L,SEA,CLE,X,2.0,popup,0,0,2025,-0.57,0.48,-0.33,2.96,,,,0,8,Bot,144.46,205.6,,,,,-4.091139010375362,-123.46813327652634,-0.3828215993406032,-5.157357699278049,22.176403818490463,-27.39615499242484,3.69,1.74,45.0,60.9,83.0,85.0,2013.0,6.2,777520,666310,467793,682177,608070,672356,680757,657041,666134,54.33,0.008,0.008,0.0,1.0,0.0,0.0,3.0,69,1,Cutter,6,2,6,2,2,6,6,2,Infield shade,Standard,200.0,-0.001,-0.259,75.9,7.5,0.009,0.259,88.0,4,4,0.988,0.988,27,28,28,29,1,4,4.0,2.0,11.0,1.0,2.66,-0.57,0.57,52.2,12.492774509711408,-2.329553239421615,34.19790778992047,29.23524898827863,33.27552996401078
CH,2025-06-11,83.9,1.19,5.95,"Raleigh, Cal",663728,593958,field_out,hit_into_play,,,,,14.0,"Cal Raleigh grounds out, third baseman Eugenio Suárez to first baseman Pavin Smith.",R,R,L,AZ,SEA,X,5.0,ground_ball,1,2,2025,1.34,0.83,0.71,1.44,,677594.0,,0,6,Top,102.69,171.35,,,,,-3.7598326694781647,-122.10842086071258,-5.663512290317767,14.11430050879092,24.016969436590653,-22.95391243695515,3.7,1.7,2.0,65.8,-35.0,84.0,1962.0,6.3,777548,645444,656976,606466,553993,672695,666971,677950,682998,54.17,0.071,0.062,0.0,1.0,0.0,0.0,2.0,40,5,Changeup,0,2,2,0,2,0,2,0,Standard,Standard,130.0,0.023,-0.128,72.0,7.8,0.071,0.128,88.0,-2,2,0.182,0.8180000000000001,32,28,32,29,3,2,5.0,1.0,7.0,2.0,2.41,1.34,-1.34,39.9,14.813832337727977,-4.688671184479234,37.677969079730985,41.931288034870065,38.94925422952649
SI,2025-06-11,91.2,1.14,5.94,"Raleigh, Cal",663728,593958,single,hit_into_play,,,,,14.0,Cal Raleigh singles on a ground ball to second baseman Ketel Marte.,R,R,L,AZ,SEA,X,4.0,ground_ball,0,0,2025,1.08,1.03,0.88,1.85,,,,2,3,Top,139.03,168.27,,,,,-2.993307256955115,-132.73385808761208,-6.61533294378531,13.444949870730794,28.264366768009193,-18.76895873140207,3.7,1.7,2.0,49.7,-43.0,91.2,2376.0,6.2,777548,645444,656976,606466,553993,672695,666971,677950,682998,54.26,0.256,0.224,0.9,1.0,1.0,0.0,1.0,19,1,Sinker,0,1,1,0,1,0,1,0,Infield shade,Standard,154.0,-0.012,0.325,75.3,8.2,0.281,-0.325,88.0,-1,1,0.426,0.5740000000000001,32,28,32,29,2,1,5.0,1.0,7.0,2.0,1.71,1.08,-1.08,41.9,17.032638754651085,-9.822841924230223,36.426284187163745,43.428890569154426,39.96638242843203
CH,2025-06-11,90.6,1.06,6.02,"Raleigh, Cal",663728,656222,field_out,hit_into_play,,,,,4.0,Cal Raleigh pops out to second baseman Ketel Marte.,R,R,L,AZ,SEA,X,4.0,popup,2,1,2025,1.34,0.79,-0.47,2.43,,677594.0,,1,8,Top,147.74,155.16,,,,,-6.708968315366162,-131.7266719302295,-4.721852916343517,17.05357768827958,28.600897201434677,-22.2025662525802,3.7,1.7,128.0,66.4,65.0,90.7,1844.0,6.4,777548,645444,656976,606466,553993,672695,666971,677950,682998,54.05,0.003,0.002,0.0,1.0,0.0,0.0,3.0,61,4,Changeup,5,2,2,5,2,5,2,5,Standard,Standard,130.0,0.038,-0.278,77.6,7.6,0.003,0.278,88.0,3,-3,0.912,0.0879999999999999,31,28,32,29,1,3,2.0,1.0,3.0,2.0,2.0,1.34,-1.34,47.4,9.779662047450032,-2.1169530688797735,41.116258981102526,30.265163471371142,35.41970545202811
FF,2025-06-10,94.5,-1.71,5.72,"Raleigh, Cal",663728,694297,field_out,hit_into_play,,,,,9.0,Cal Raleigh lines out to first baseman Josh Naylor.,R,L,R,AZ,SEA,X,3.0,line_drive,3,2,2025,-0.55,1.34,0.34,1.65,,641487.0,,1,5,Top,158.63,168.25,,,,,6.606375592994292,-137.30462173494732,-7.982491356062668,-8.368802681069896,29.04612397063597,-13.684819582090896,3.7,1.7,125.0,110.9,6.0,95.5,2594.0,6.8,777559,672515,647304,606466,553993,672695,666971,677950,682998,53.67,0.686,0.663,0.0,1.0,0.0,0.0,4.0,38,6,4-Seam Fastball,3,0,0,3,0,3,0,3,Standard,Standard,215.0,0.04,-0.281,80.8,7.8,0.831,0.281,110.9,3,-3,0.815,0.185,26,28,27,29,3,2,5.0,1.0,7.0,1.0,1.21,0.55,-0.55,34.1,7.7211895491704015,-2.5180094008166867,42.93822886734152,28.93212069326549,36.13630222667541
CH,2025-06-10,87.1,-2.16,5.43,"Raleigh, Cal",663728,694297,field_out,hit_into_play,,,,,13.0,Cal Raleigh flies out sharply to left fielder Lourdes Gurriel Jr.,R,L,R,AZ,SEA,X,7.0,fly_ball,0,0,2025,-1.51,0.55,-0.88,2.68,,,677594.0,0,3,Top,36.62,85.09,,,,,6.210112532343341,-126.75308777077034,-1.562496113284492,-17.499905629133576,26.304991512610005,-26.122067420351108,3.7,1.7,356.0,100.0,35.0,87.5,2232.0,6.6,777559,672515,647304,606466,553993,672695,666971,677950,682998,53.93,0.3674166666666666,0.7117916666666666,0.0,1.0,0.0,0.0,5.0,19,1,Changeup,0,0,0,0,0,0,0,0,Infield shade,Standard,229.0,0.038,-0.242,77.7,7.4,1.4121249999999996,0.242,100.0,0,0,0.459,0.5409999999999999,26,28,27,29,2,1,5.0,1.0,7.0,1.0,2.46,1.51,-1.51,23.2,10.424345250166615,10.478222669267597,31.67838622605597,42.629990418817115,27.510229817485335
FF,2025-06-10,93.6,-1.87,5.65,"Raleigh, Cal",663728,686826,field_out,hit_into_play,,,,,6.0,Cal Raleigh flies out to center fielder Alek Thomas.,R,L,R,AZ,SEA,X,8.0,fly_ball,1,2,2025,-0.8,1.26,0.38,2.95,,702284.0,677594.0,2,8,Top,122.36,97.46,,,,,7.499142081477894,-136.0784556573633,-3.952689286557881,-11.62888980374367,30.80059828694641,-15.854943248924098,3.7,1.7,255.0,80.2,45.0,92.7,2041.0,5.9,777559,672515,647304,606466,553993,672695,666971,677950,682998,54.6,0.035,0.034,0.0,1.0,0.0,0.0,3.0,74,4,4-Seam Fastball,9,3,3,9,3,9,3,9,Infield shade,Standard,225.0,0.004,-0.19,73.4,7.0,0.044,0.19,88.0,6,-6,0.994,0.006,27,28,28,29,2,4,53.0,1.0,26.0,1.0,1.35,0.8,-0.8,38.3,12.580971031459947,-0.3006959816712115,38.79704126340929,27.819316821339072,29.56043980117217
CH,2025-06-10,89.1,-2.1,5.25,"Raleigh, Cal",663728,694297,single,hit_into_play,,,,,7.0,Cal Raleigh singles on a line drive to right fielder Corbin Carroll.,R,L,R,AZ,SEA,X,9.0,line_drive,0,1,2025,-1.3,0.31,-0.64,1.6,,,,2,1,Top,199.32,109.45,,,,,6.363466747914962,-129.57950923298512,-3.616909093221905,-15.965493623945882,26.698876546734088,-28.076681395471095,3.7,1.7,210.0,93.9,15.0,89.7,2194.0,6.7,777559,672515,647304,606466,553993,672695,666971,677950,682998,53.81,0.884,0.857,0.9,1.0,1.0,0.0,4.0,3,2,Changeup,0,0,0,0,0,0,0,0,Infield shade,Standard,236.0,-0.014,0.368,76.9,8.7,1.051,-0.368,93.9,0,0,0.54,0.4599999999999999,26,28,27,29,1,0,5.0,1.0,7.0,1.0,2.56,1.3,-1.3,20.5,20.52264022202551,-4.055103547334887,41.29631429269535,39.20228550815487,37.18324285211673
FF,2025-06-09,91.9,-1.82,5.35,"Raleigh, Cal",663728,518876,field_out,hit_into_play,,,,,1.0,Cal Raleigh flies out to left fielder Lourdes Gurriel Jr.,R,L,R,AZ,SEA,X,7.0,fly_ball,0,0,2025,-0.84,1.19,-0.82,3.48,,810938.0,641487.0,1,6,Top,87.26,68.26,,,,,4.332371846172819,-133.83310864898613,-1.4685425768585123,-11.04467336888856,28.593466953578687,-17.780079175906458,3.65,1.7,338.0,99.0,42.0,91.5,2369.0,6.0,777577,645444,647304,606466,553993,672695,666971,677950,682998,54.5,0.078,0.145,0.0,1.0,0.0,0.0,3.0,44,1,4-Seam Fastball,2,0,0,2,0,2,0,2,Standard,Standard,227.0,0.068,-0.243,75.9,7.1,0.273,0.243,99.0,2,-2,0.716,0.284,36,28,37,29,3,2,5.0,2.0,6.0,1.0,1.5,0.84,-0.84,20.3,10.443304923853852,6.020968289438564,20.804226871496653,41.82846340260603,27.87783860257286
SI,2025-06-09,93.6,-1.64,5.43,"Raleigh, Cal",663728,518876,field_out,hit_into_play,,,,,5.0,Cal Raleigh flies out to left fielder Lourdes Gurriel Jr.,R,L,R,AZ,SEA,X,7.0,fly_ball,2,2,2025,-1.33,0.37,0.13,2.65,,,,0,4,Top,73.08,120.59,,,,,7.464689110901042,-136.1746328028889,-2.2627232647613376,-18.226776746861916,29.025171978839385,-27.26465014002445,3.65,1.7,218.0,94.1,63.0,93.3,2331.0,6.0,777577,645444,647304,606466,553993,672695,666971,677950,682998,54.45,0.008,0.007,0.0,1.0,0.0,0.0,3.0,24,5,Sinker,1,0,0,1,0,1,0,1,Infield shade,Standard,227.0,0.026,-0.232,83.2,7.6,0.008,0.232,94.1,1,-1,0.626,0.374,36,28,37,29,2,1,5.0,2.0,6.0,1.0,2.23,1.33,-1.33,21.0,18.247200617085394,-8.487265705639023,38.7029631507149,29.839827082539284,34.0842019154496
CH,2025-06-09,89.4,-1.91,5.5,"Raleigh, Cal",663728,518876,field_out,hit_into_play,,,,,13.0,Cal Raleigh lines out to right fielder Corbin Carroll.,R,L,R,AZ,SEA,X,9.0,line_drive,0,1,2025,-1.42,0.1,-0.41,1.22,,,,2,1,Top,177.64,105.88,,,,,6.6510343321582805,-129.94774154262382,-4.710759645852799,-17.441304374107645,28.506327132646906,-30.213442696276093,3.65,1.7,278.0,85.6,21.0,89.0,2249.0,6.2,777577,645444,647304,606466,553993,672695,666971,677950,682998,54.31,0.471,0.441,0.0,1.0,0.0,0.0,3.0,3,2,Changeup,0,0,0,0,0,0,0,0,Infield shade,Strategic,244.0,0.008,-0.217,71.1,8.5,0.57,0.217,88.0,0,0,0.54,0.4599999999999999,36,28,37,29,1,0,5.0,2.0,6.0,1.0,2.77,1.42,-1.42,24.6,20.70801758724941,-5.668153093768004,42.95972683396257,36.15025211544642,37.78607557071636
FS,2025-06-09,85.2,-1.52,5.3,"Raleigh, Cal",663728,571946,double_play,hit_into_play,,,,,7.0,"Cal Raleigh lines into an unassisted double play, first baseman Josh Naylor. Julio Rodríguez out at 1st.",R,L,R,AZ,SEA,X,3.0,line_drive,0,1,2025,-1.1,0.14,-0.68,2.03,,,677594.0,1,8,Top,152.82,168.76,,,,,4.248574797641391,-124.15268623541714,-1.7273487701342165,-12.193403012950824,23.746889507779866,-30.615691056801776,3.65,1.7,92.0,98.1,5.0,86.5,1853.0,7.0,777577,645444,647304,606466,553993,672695,666971,677950,682998,53.53,0.542,0.516,0.0,1.0,0.0,0.0,4.0,64,2,Split-Finger,4,0,0,4,0,4,0,4,Infield shade,Standard,239.0,0.023,-0.216,79.5,8.4,0.622,0.216,98.1,4,-4,0.965,0.035,34,28,35,29,1,3,4.0,2.0,2.0,1.0,2.98,1.1,-1.1,40.2,16.73434882220613,-12.99606898390537,34.30755636688769,40.27848560432243,41.83805701188817
CH,2025-06-09,91.2,-1.97,5.88,"Raleigh, Cal",663728,666661,field_out,hit_into_play,,,,,13.0,"Cal Raleigh grounds out softly, catcher Jose Herrera to first baseman Josh Naylor.",R,L,R,AZ,SEA,X,2.0,ground_ball,2,1,2025,-1.12,0.92,-1.0,1.62,,641487.0,677594.0,2,9,Top,126.01,200.84,,,,,4.845357363109843,-132.6048757094431,-6.730497661509735,-14.281629439340175,29.32743167506292,-19.99726221840443,3.65,1.7,0.0,56.7,-77.0,90.6,2251.0,6.1,777577,645444,647304,606466,553993,672695,694374,677950,682998,54.43,0.235,0.212,0.0,1.0,0.0,0.0,1.0,77,4,Changeup,4,4,4,4,4,4,4,4,Standard,Standard,243.0,0.123,-0.283,81.1,8.4,0.235,0.283,88.0,0,0,0.516,0.484,26,28,26,29,1,4,3.0,2.0,2.0,1.0,1.83,1.12,-1.12,43.7,16.92735073349367,-2.554979364877485,36.48529326437326,45.00534062748367,37.7110865628285
FF,2025-06-07,94.3,-2.88,5.66,"Raleigh, Cal",663728,641401,field_out,hit_into_play,,,,,1.0,Cal Raleigh flies out to center fielder Jo Adell.,R,L,R,LAA,SEA,X,8.0,fly_ball,3,2,2025,-0.96,1.2,-0.44,3.29,,,,0,5,Top,113.89,66.99,,,,,8.602625317818404,-137.16316868434322,-3.2103916392120406,-13.958239886048224,28.74269007846469,-16.412813552895177,3.65,1.7,329.0,92.1,37.0,95.8,2031.0,7.1,777603,681351,694384,650859,621028,687263,621493,666176,621035,53.43,0.041,0.068,0.0,1.0,0.0,0.0,3.0,41,7,4-Seam Fastball,5,4,4,5,4,5,4,5,Infield shade,Standard,227.0,0.04,-0.345,70.6,6.5,0.122,0.345,92.1,1,-1,0.63,0.37,30,28,30,29,1,2,4.0,1.0,2.0,2.0,1.35,0.96,-0.96,31.3,9.646083639129548,6.019345852473381,30.073002023722974,35.50933444471501,27.204351636860583
SI,2025-06-07,96.8,-1.86,5.77,"Raleigh, Cal",663728,686799,home_run,hit_into_play,,,,,5.0,Cal Raleigh homers (25) on a fly ball to right center field. Jorge Polanco scores. Julio Rodríguez scores.,R,L,R,LAA,SEA,X,,fly_ball,0,1,2025,-1.27,0.16,-0.11,2.38,593871.0,,677594.0,1,1,Top,172.42,52.39,,,,,7.570484750969579,-140.74207114062017,-3.8463450416115297,-18.589297571707835,32.22035256406131,-29.383377311825875,3.65,1.7,372.0,99.0,37.0,97.0,2247.0,6.5,777603,681351,694384,650859,621028,687263,621493,666176,624585,54.04,0.2579166666666666,0.5113333333333334,2.0,1.0,0.0,3.0,5.0,4,2,Sinker,0,0,0,0,3,0,3,0,Infield shade,Standard,232.0,-0.195,1.204,78.6,8.0,1.0131666666666668,-1.204,99.0,0,0,0.445,0.5549999999999999,24,28,25,29,1,0,6.0,1.0,6.0,2.0,2.28,1.27,-1.27,24.4,16.985143895252165,-3.7617322409900265,37.05569522010762,33.137715682282696,33.00281220082668
SI,2025-06-07,93.4,-1.81,6.42,"Raleigh, Cal",663728,445276,home_run,hit_into_play,,,,,11.0,Cal Raleigh homers (26) on a fly ball to right center field.,R,L,R,LAA,SEA,X,,fly_ball,1,2,2025,-0.76,1.56,-0.13,3.78,,,,1,9,Top,187.64,37.13,,,,,6.0757494420678295,-135.92045066876997,-4.549186658021831,-10.781427281644635,29.490497512149464,-11.986705333918604,3.65,1.7,427.0,105.9,27.0,94.7,2375.0,7.0,777603,681351,694384,650859,621028,687263,621493,666176,621035,53.51,0.8310169491525423,1.6490338983050843,2.0,1.0,0.0,3.0,6.0,82,4,Sinker,8,5,5,8,6,8,6,8,Infield shade,Standard,194.0,-0.025,1.657,,,3.2553898305084754,-1.657,105.9,3,-3,0.988,0.012,37,28,38,29,1,4,1.0,1.0,2.0,2.0,1.05,0.76,-0.76,59.9,,,,,
SI,2025-06-06,85.1,-2.55,6.2,"Raleigh, Cal",663728,543294,single,hit_into_play,,,,,7.0,Cal Raleigh singles on a sharp ground ball to shortstop Zach Neto. Julio Rodríguez to 2nd.,R,L,R,LAA,SEA,X,6.0,ground_ball,0,0,2025,-1.3,0.57,-0.4,1.93,,,677594.0,0,4,Top,129.06,144.75,,,,,7.500819508290445,-123.78928716795238,-4.829502936720573,-14.822598849338949,23.15896170499324,-25.591547159616223,3.65,1.69,135.0,111.4,7.0,84.1,1962.0,5.5,777614,518595,694384,621035,650859,687263,621493,666176,624585,55.02,0.684,0.64,0.9,1.0,1.0,0.0,4.0,24,1,Sinker,1,1,1,1,1,1,1,1,Infield shade,Standard,211.0,-0.064,0.469,,,0.827,-0.469,111.4,0,0,0.456,0.544,35,28,36,29,2,1,6.0,1.0,5.0,1.0,2.57,1.3,-1.3,44.3,,,,,
CH,2025-06-06,78.4,-2.58,6.27,"Raleigh, Cal",663728,543294,field_out,hit_into_play,,,,,13.0,"Cal Raleigh grounds out, second baseman Chris Taylor to first baseman Nolan Schanuel.",R,L,R,LAA,SEA,X,4.0,ground_ball,1,1,2025,-1.36,0.6,-0.97,1.41,,,,0,2,Top,150.73,151.25,,,,,5.882578490360603,-113.91808022245569,-4.600294856230611,-12.91610985892108,23.894323893040415,-26.26096849608949,3.65,1.69,21.0,95.9,-3.0,76.7,2128.0,5.5,777614,518595,694384,621035,650859,687263,621493,666176,624585,55.03,0.314,0.273,0.0,1.0,0.0,0.0,2.0,7,3,Changeup,0,0,0,0,0,0,0,0,Infield shade,Standard,229.0,0.022,-0.251,85.4,8.1,0.363,0.251,95.9,0,0,0.501,0.499,35,28,36,29,1,0,6.0,1.0,5.0,1.0,3.16,1.36,-1.36,43.8,8.493227954190777,6.384641195995487,40.330891539320845,44.14567429668347,36.600134233082954
FC,2025-06-05,88.4,-2.3,5.4,"Raleigh, Cal",663728,621107,home_run,hit_into_play,,,,,2.0,Cal Raleigh homers (24) on a fly ball to right field. J.P. Crawford scores.,R,L,R,SEA,BAL,X,,fly_ball,1,0,2025,0.09,0.56,0.04,3.09,641487.0,,,2,5,Bot,216.64,97.05,,,,,5.5372454533812645,-128.74327741358815,-0.7821494564086487,-0.0230681690160891,24.636216772639308,-25.955665300242043,3.64,1.69,337.0,99.9,42.0,89.1,2310.0,6.5,777628,668974,656811,702616,656896,683002,666185,622761,677008,54.01,0.086,0.154,2.0,1.0,0.0,3.0,3.0,40,2,Cutter,1,1,1,1,1,3,3,1,Standard,Standard,192.0,0.231,1.427,81.3,8.0,0.297,-1.427,99.9,0,0,0.555,0.555,31,28,31,29,3,2,6.0,1.0,6.0,1.0,2.33,-0.09,0.09,24.1,22.357545271096804,-12.645055034102525,32.583131935649405,31.7197177342274,36.77231095666947
CH,2025-06-05,88.2,-2.48,5.44,"Raleigh, Cal",663728,621107,single,hit_into_play,,,,,13.0,Cal Raleigh singles on a line drive to left fielder Dylan Carlson. Jorge Polanco scores.,R,L,R,SEA,BAL,X,7.0,line_drive,3,2,2025,-1.66,0.24,-0.99,1.47,,593871.0,,2,3,Bot,81.49,79.92,,,,,7.11191316053592,-128.31116455417526,-4.116999548106542,-19.84717406520565,24.531537990259707,-28.926941886736778,3.64,1.69,274.0,98.8,13.0,89.0,1734.0,6.6,777628,668974,656811,702616,656896,683002,666185,622761,677008,53.87,0.909,0.871,0.9,1.0,1.0,0.0,4.0,25,7,Changeup,0,1,0,1,1,1,1,1,Standard,Standard,248.0,0.107,0.685,76.9,7.9,1.093,-0.685,98.8,-1,-1,0.419,0.419,31,28,31,29,2,1,6.0,1.0,6.0,1.0,2.68,1.66,-1.66,24.1,2.456202387183399,1.8281153298869723,39.95097083017525,43.05413956441835,25.36368685262251
CH,2025-06-05,84.9,-2.45,5.59,"Raleigh, Cal",663728,621107,field_out,hit_into_play,,,,,4.0,Cal Raleigh flies out to left fielder Dylan Carlson.,R,L,R,SEA,BAL,X,7.0,fly_ball,0,1,2025,-1.36,0.38,-0.81,2.55,,593871.0,,2,1,Bot,47.45,79.59,,,,,6.60729541593746,-123.52514049773204,-1.613472149190971,-15.209824705914611,22.19938912171722,-28.11188521745375,3.64,1.69,352.0,98.7,35.0,85.6,1623.0,6.6,777628,668974,656811,702616,656896,683002,666185,622761,677008,53.94,0.3074999999999999,0.60625,0.0,1.0,0.0,0.0,5.0,9,2,Changeup,0,0,0,0,0,0,0,0,Standard,Standard,246.0,-0.028,-0.249,78.1,7.5,1.1908125,0.249,98.7,0,0,0.528,0.528,31,28,31,29,1,0,6.0,1.0,6.0,1.0,2.75,1.36,-1.36,25.6,8.32422518682277,5.697566273744143,33.36680928538433,41.316818077683706,25.95359281211336
SI,2025-06-05,95.0,-2.01,5.64,"Raleigh, Cal",663728,552640,field_out,hit_into_play,,,,,7.0,Cal Raleigh flies out sharply to center fielder Jordyn Adams.,R,L,R,SEA,BAL,X,8.0,fly_ball,1,0,2025,-1.32,0.76,-0.58,2.18,,,,1,8,Bot,124.73,44.35,,,,,6.745087848884264,-138.25565019683935,-5.194124922922271,-18.459465975603443,27.18447795827278,-21.497781394146113,3.64,1.69,382.0,107.3,22.0,96.0,2297.0,6.6,777628,668974,656811,702616,656896,683002,666185,677941,681297,53.89,0.7147619047619047,1.306761904761905,0.0,1.0,0.0,0.0,6.0,62,2,Sinker,3,4,3,4,4,3,3,4,Standard,Standard,217.0,-0.055,-0.293,78.4,7.7,2.508738095238096,0.293,107.3,-1,-1,0.252,0.252,35,28,35,29,1,3,4.0,1.0,2.0,1.0,1.74,1.32,-1.32,37.3,13.97999142322188,0.5322269465584055,37.48412107084049,38.567422325099656,32.88368331650353
CU,2025-06-04,79.0,1.95,5.81,"Raleigh, Cal",663728,700249,single,hit_into_play,,,,,14.0,"Cal Raleigh singles on a line drive to left fielder Dylan Carlson. Ben Williamson scores. Cal Raleigh out at 2nd on the throw, left fielder Dylan Carlson to shortstop Gunnar Henderson to second baseman Jackson Holliday. J.P. Crawford to 3rd.",R,R,L,SEA,BAL,X,7.0,line_drive,1,1,2025,-0.63,-1.08,0.2,1.52,,810938.0,641487.0,0,6,Bot,53.08,118.65,,,,,-2.632414154892184,-115.08350643220656,-0.530899898707793,-5.103592177244829,22.11068298179121,-41.887160823154304,3.64,1.69,268.0,81.6,27.0,78.8,2441.0,6.1,777645,668939,691723,702616,602104,683002,666185,681297,677008,54.36,0.149,0.145,0.9,1.0,1.0,0.0,3.0,41,3,Curveball,1,1,1,1,1,2,2,1,Standard,Standard,322.0,0.098,0.512,78.8,8.7,0.206,-0.512,88.0,0,0,0.695,0.695,25,28,25,29,3,2,7.0,1.0,6.0,1.0,4.74,-0.63,0.63,40.2,24.229396022442003,-18.475338000852396,40.52444582650767,37.31747338703751,49.48824847158955
CU,2025-06-04,81.5,1.93,5.93,"Raleigh, Cal",663728,700249,double,hit_into_play,,,,,14.0,Cal Raleigh hits a ground-rule double (11) on a fly ball down the right-field line.,R,R,L,SEA,BAL,X,,fly_ball,1,2,2025,-0.53,-0.79,1.01,2.29,,,,0,4,Bot,226.64,121.89,,,,,-1.035934221134872,-118.82963040966736,-0.1208667745711891,-4.874714089742987,21.494991305452295,-39.88589719701725,3.64,1.69,283.0,89.8,38.0,81.3,2430.0,5.9,777645,668939,691723,702616,602104,683002,666185,681297,677008,54.58,0.02,0.026,1.25,1.0,1.0,1.0,3.0,25,4,Curveball,0,0,0,0,0,0,0,0,Standard,Standard,327.0,0.081,0.786,67.2,7.6,0.044,-0.786,89.8,0,0,0.553,0.553,25,28,25,29,2,1,7.0,1.0,6.0,1.0,4.19,-0.53,0.53,41.4,10.459097385041987,8.350741781832754,34.393108396289314,46.042001883898806,25.09664149914726
FS,2025-06-03,88.0,-2.18,6.0,"Raleigh, Cal",663728,608372,grounded_into_double_play,hit_into_play,,,,,11.0,"Cal Raleigh grounds into a double play, second baseman Jackson Holliday to shortstop Gunnar Henderson to first baseman Ryan O'Hearn. Jorge Polanco out at 2nd. Cal Raleigh out at 1st.",R,L,R,SEA,BAL,X,4.0,ground_ball,1,0,2025,-1.32,0.34,-0.93,2.78,,641487.0,593871.0,1,6,Bot,146.95,156.65,,,,,5.782949280818615,-128.10732601112943,-2.4487768443768196,-15.772211410712544,24.841862970265904,-28.127977147345508,3.6,1.68,97.0,88.3,7.0,88.2,1500.0,6.3,777655,668939,656811,702616,602104,683002,666185,681297,677008,54.23,0.471,0.43,0.0,1.0,0.0,0.0,4.0,49,2,Split-Finger,1,3,1,3,3,1,1,3,Standard,Standard,215.0,-0.154,-0.345,75.5,7.9,0.517,0.345,88.3,-2,-2,0.339,0.339,35,28,36,29,3,2,7.0,2.0,5.0,1.0,2.59,1.32,-1.32,43.3,24.49045423654578,-4.807318504547138,31.416466562015056,43.32484884817325,34.36803469625383
FS,2025-06-03,88.4,-2.12,5.94,"Raleigh, Cal",663728,608372,field_out,hit_into_play,,,,,13.0,Cal Raleigh flies out to center fielder Colton Cowser.,R,L,R,SEA,BAL,X,8.0,fly_ball,1,2,2025,-1.07,0.24,-0.35,1.14,,,677594.0,0,4,Bot,105.88,75.54,,,,,6.544803786634956,-128.59429306454945,-6.180217914492195,-13.21997615424002,24.7087988965776,-28.495708501825497,3.6,1.68,326.0,90.6,23.0,88.7,1612.0,6.4,777655,668939,656811,702616,602104,683002,666185,681297,677008,54.15,0.162,0.202,0.0,1.0,0.0,0.0,3.0,30,4,Split-Finger,1,1,1,1,1,1,1,1,Infield shade,Standard,216.0,-0.03,-0.164,70.2,8.2,0.306,0.164,90.6,0,0,0.593,0.593,35,28,36,29,2,1,7.0,2.0,5.0,1.0,2.66,1.07,-1.07,42.2,12.20013193436636,2.0702589094642514,40.931860650958214,36.51523197137014,27.61870794992426
SI,2025-06-03,97.2,-0.04,6.89,"Raleigh, Cal",663728,642585,field_out,hit_into_play,,,,,8.0,"Orioles challenged (play at 1st), call on the field was overturned: Cal Raleigh grounds out, second baseman Jackson Holliday to first baseman Ryan O'Hearn.",R,L,R,SEA,BAL,X,4.0,ground_ball,0,0,2025,-0.46,1.79,-0.2,1.85,,,,0,9,Bot,157.09,150.57,,,,,0.6288235420864141,-141.0678643384681,-12.124596879564864,-6.32959585322161,32.30522452360532,-5.738026372732373,3.6,1.68,42.0,82.1,1.0,97.8,2369.0,6.8,777655,668939,656811,702616,602104,683002,666185,677941,681297,53.74,0.195,0.173,0.0,1.0,0.0,0.0,2.0,70,1,Sinker,1,5,1,5,5,1,1,5,Infield shade,Standard,188.0,-0.012,-0.259,77.7,8.0,0.22,0.259,88.0,-4,-4,0.019,0.019,30,28,30,29,1,3,3.0,2.0,1.0,1.0,0.64,0.46,-0.46,66.2,19.954798875118374,-9.542787750011223,40.70872784783451,35.59458580610438,34.394023148951874
CU,2025-06-01,78.6,-1.93,6.14,"Raleigh, Cal",663728,663978,home_run,hit_into_play,,,,,14.0,Cal Raleigh homers (23) on a fly ball to right field.,R,L,R,SEA,MIN,X,,fly_ball,0,0,2025,0.11,-1.02,0.04,1.42,,,,1,7,Bot,230.93,95.65,,,,,4.10595842141241,-114.48176990796163,-1.4906796434168004,0.2042643334124474,21.93794182526907,-41.013861008116784,3.6,1.68,362.0,106.9,28.0,79.0,2155.0,6.6,777680,680777,664034,665019,668904,621043,650489,664056,663616,53.87,0.9049642857142858,1.825178571428572,2.0,1.0,0.0,3.0,6.0,49,1,Curveball,0,0,0,0,0,1,1,0,Infield shade,Standard,20.0,0.22,1.583,75.8,8.5,3.606053571428571,-1.583,106.9,0,0,0.55,0.55,29,28,29,29,3,2,6.0,1.0,6.0,2.0,4.71,-0.11,0.11,51.7,22.343143445894203,-12.640807025718091,43.479232347945874,33.32230304829399,44.44311442443227
CH,2025-06-01,83.6,-2.37,5.89,"Raleigh, Cal",663728,663978,field_out,hit_into_play,,,,,13.0,"Cal Raleigh grounds out, pitcher Chris Paddack to first baseman Ty France.",R,L,R,SEA,MIN,X,1.0,ground_ball,0,1,2025,-1.46,0.01,-0.79,1.34,,,,0,2,Bot,128.43,172.73,,,,,6.5763046356287,-121.58191293657244,-4.080815492822308,-15.734230889388652,23.60053619204437,-31.51340549953045,3.6,1.68,4.0,102.0,-15.0,84.4,1863.0,6.8,777680,680777,664034,665019,668904,621043,650489,664056,663616,53.7,0.215,0.193,0.0,1.0,0.0,0.0,2.0,12,2,Changeup,0,0,0,0,0,0,0,0,Infield shade,Standard,247.0,-0.02,-0.22,68.4,7.6,0.23,0.22,102.0,0,0,0.548,0.548,29,28,29,29,1,0,6.0,1.0,6.0,2.0,3.26,1.46,-1.46,,-3.0984209791251955,12.769837421527058,40.23971805088453,41.182610270901876,21.117080661213777
FF,2025-05-31,89.4,-0.93,6.05,"Raleigh, Cal",663728,641927,home_run,hit_into_play,,,,,12.0,Cal Raleigh homers (22) on a fly ball to right field. Ben Williamson scores.,R,L,R,SEA,MIN,X,,fly_ball,2,2,2025,-0.14,1.75,0.29,4.05,,,810938.0,1,3,Bot,225.22,79.08,,,,,3.3842482930410087,-130.23186329273446,-2.6795326968933386,-2.3020206554726403,27.508736122704,-11.928972953372169,3.55,1.66,383.0,99.2,34.0,91.1,2393.0,7.3,777695,543877,665019,650489,686797,621043,664056,621439,670242,53.2,0.32708,0.63748,2.0,1.0,0.0,3.0,5.0,26,5,4-Seam Fastball,0,3,0,3,3,2,2,3,Infield shade,Standard,201.0,0.173,1.498,70.1,6.9,1.25656,-1.498,99.2,-3,-3,0.236,0.236,29,28,30,29,2,1,6.0,1.0,6.0,1.0,1.1,0.14,-0.14,36.8,24.270885506303724,-9.539926433783137,22.61313483492775,29.195156060072833,28.849448549728475
CU,2025-05-31,85.6,-2.42,6.64,"Raleigh, Cal",663728,660896,field_out,hit_into_play,,,,,7.0,Cal Raleigh lines out to right fielder Matt Wallner.,R,L,R,SEA,MIN,X,9.0,line_drive,0,2,2025,0.16,-0.5,-0.62,2.01,,,,1,7,Bot,195.73,97.64,,,,,3.899330766866236,-124.71786955475304,-3.6220701480302417,0.9138734621967914,24.595152975023083,-36.9231128145803,3.55,1.66,304.0,89.7,25.0,84.8,2419.0,5.6,777695,543877,664034,665019,650489,686797,664056,621439,670242,54.85,0.111,0.133,0.0,1.0,0.0,0.0,3.0,60,3,Curveball,4,3,4,3,3,4,4,3,Infield shade,Standard,45.0,-0.01,-0.163,72.0,8.4,0.205,0.163,89.7,1,1,0.765,0.765,29,28,30,29,1,3,3.0,1.0,3.0,1.0,3.6,-0.16,0.16,57.6,22.596166241555295,-8.035356872313839,38.00681544529226,40.511216662029085,39.32029247795542
FF,2025-05-30,98.1,-1.66,5.82,"Raleigh, Cal",663728,805673,field_out,hit_into_play,,,,,6.0,Cal Raleigh pops out to first baseman Ty France.,R,L,R,SEA,MIN,X,3.0,popup,3,2,2025,-0.72,1.56,0.72,2.75,,,,0,6,Bot,164.8,160.14,,,,,8.126314026352084,-142.6164136001867,-6.439799557864904,-11.713178808873597,32.175051682876514,-9.534249742513868,3.55,1.65,140.0,65.5,59.0,98.5,2517.0,6.5,777713,680777,664034,686797,668904,621043,650489,621439,665019,54.0,0.005,0.005,0.0,1.0,0.0,0.0,3.0,46,6,4-Seam Fastball,4,2,4,2,2,4,4,2,Infield shade,Standard,213.0,-0.016,-0.345,75.0,7.6,0.005,0.345,88.0,2,2,0.848,0.848,25,28,25,29,3,2,6.0,1.0,5.0,1.0,0.81,0.72,-0.72,42.3,14.59055720661188,-5.054451093780403,40.16374162121741,23.750544238223178,31.07400224945865
FF,2025-05-30,94.8,-2.52,5.58,"Raleigh, Cal",663728,663485,home_run,hit_into_play,,,,,5.0,Cal Raleigh homers (21) on a fly ball to right field. Julio Rodríguez scores.,R,L,R,SEA,MIN,X,,fly_ball,0,0,2025,-0.99,1.02,0.1,2.93,,,677594.0,2,8,Bot,240.49,94.28,,,,,8.986116730833317,-137.75633922806114,-3.500131618219951,-14.66320353055152,30.990881791238635,-18.556127745870644,3.55,1.65,383.0,113.2,25.0,93.8,2240.0,5.8,777713,680777,664034,686797,668904,621043,650489,621439,665019,54.71,0.9907142857142858,1.992714285714286,2.0,1.0,0.0,3.0,6.0,63,1,4-Seam Fastball,4,3,4,3,3,6,6,3,Infield shade,Standard,224.0,0.117,2.225,78.8,7.9,3.933,-2.225,113.2,1,1,0.85,0.85,27,28,28,29,1,3,2.0,1.0,1.0,1.0,1.52,0.99,-0.99,25.3,21.159360917306888,-8.952046823616584,29.414816161790604,34.343546917036505,37.136332447059814
FC,2025-05-30,92.5,-1.91,5.76,"Raleigh, Cal",663728,805673,home_run,hit_into_play,,,,,5.0,Cal Raleigh homers (20) on a fly ball to right field. J.P. Crawford scores. Jorge Polanco scores.,R,L,R,SEA,MIN,X,,fly_ball,0,0,2025,0.26,0.73,0.21,2.49,,641487.0,593871.0,1,1,Bot,227.54,96.13,,,,,4.848926030377574,-134.69267273505,-4.197702939946629,2.2921356205882866,25.25511988573326,-22.62253212206502,3.55,1.65,356.0,102.9,26.0,93.1,2481.0,6.3,777713,680777,664034,686797,668904,621043,650489,621439,665019,54.2,0.6175151515151514,1.1609393939393935,2.0,1.0,0.0,3.0,6.0,8,1,Cutter,0,0,0,0,0,3,3,0,Infield shade,Standard,194.0,0.206,1.194,79.8,8.1,2.2579393939393935,-1.194,102.9,0,0,0.587,0.587,25,28,25,29,1,0,6.0,1.0,5.0,1.0,1.9,-0.26,0.26,37.3,20.305831186043697,-10.070981592319033,36.36302916155203,31.042579368081853,34.34760734219406
CU,2025-05-29,81.9,1.83,5.66,"Raleigh, Cal",663728,669022,single,hit_into_play,,,,,5.0,"Cal Raleigh singles on a sharp ground ball to left fielder James Wood, deflected by shortstop CJ Abrams.",R,R,L,SEA,WSH,X,6.0,ground_ball,1,1,2025,-0.35,-1.36,0.17,2.67,,,,2,1,Bot,76.71,115.85,,,,,-3.095551133601953,-119.13282911901072,2.5343309305495696,-2.6272414653141776,25.458668874881315,-45.78343726711625,3.56,1.65,96.0,106.5,5.0,82.1,2514.0,6.7,777722,660688,663993,671277,677588,682928,695578,690987,695734,53.83,0.597,0.545,0.9,1.0,1.0,0.0,4.0,7,3,Curveball,0,0,0,0,0,0,0,0,Strategic,Standard,334.0,0.013,0.342,75.9,7.3,0.661,-0.342,106.5,0,0,0.509,0.509,26,28,26,29,1,0,6.0,1.0,6.0,1.0,4.79,-0.35,0.35,49.4,11.388162841460288,1.927680170218348,27.29024388763851,38.25243833427521,37.0468744155915
FF,2025-05-28,89.2,-2.31,4.86,"Raleigh, Cal",663728,592866,field_out,hit_into_play,,,,,5.0,Cal Raleigh flies out sharply to right fielder Daylen Lile.,R,L,R,SEA,WSH,X,9.0,fly_ball,3,2,2025,0.03,0.84,-0.06,2.81,,,,2,4,Bot,200.73,96.67,,,,,5.48382155018542,-129.7767474552416,-0.7843784286924196,-0.8151663427642714,27.2221627311082,-22.73075438418776,3.56,1.64,312.0,103.8,48.0,89.5,2295.0,6.5,777730,660688,663993,671277,677588,682928,695578,690987,695734,54.02,0.043,0.068,0.0,1.0,0.0,0.0,3.0,32,8,4-Seam Fastball,0,5,0,5,5,0,0,5,Infield shade,Standard,207.0,-0.006,-0.328,84.7,8.0,0.133,0.328,103.8,-5,-5,0.07,0.07,33,28,33,29,2,1,6.0,1.0,6.0,1.0,2.03,-0.03,0.03,17.2,26.275585765287357,-17.273875147223617,33.02066650387454,31.646565685441587,38.76605477137794
CU,2025-05-28,82.3,-1.27,5.8,"Raleigh, Cal",663728,694350,field_out,hit_into_play,,,,,4.0,Cal Raleigh flies out to center fielder Robert Hassell III.,R,L,R,SEA,WSH,X,8.0,fly_ball,0,1,2025,0.46,-1.03,-0.4,2.85,,,,2,9,Bot,106.43,73.48,,,,,1.1084540364128368,-119.9288021906781,1.794628958890183,4.2059048692514125,22.042305936846944,-42.664153345849506,3.56,1.64,315.0,97.5,45.0,82.7,2694.0,6.4,777730,660688,663993,671277,677588,683083,695578,690987,695734,54.14,0.025,0.036,0.0,1.0,0.0,0.0,3.0,74,2,Curveball,0,9,0,9,9,0,0,9,Infield shade,Standard,40.0,-0.001,-0.217,72.8,7.5,0.067,0.217,97.5,-9,-9,0.001,0.001,25,28,26,29,1,3,1.0,1.0,4.0,1.0,4.37,-0.46,0.46,52.8,18.5434043197793,-0.5046409134154128,31.93117820639625,36.99880385980997,33.79698585363181
FF,2025-05-28,88.8,-2.29,4.91,"Raleigh, Cal",663728,592866,field_out,hit_into_play,,,,,11.0,Cal Raleigh flies out sharply to center fielder Robert Hassell III.,R,L,R,SEA,WSH,X,8.0,fly_ball,2,2,2025,-0.28,0.89,-0.97,3.28,,,,0,2,Bot,138.16,43.67,,,,,3.839619634308867,-129.38435088231185,0.1530029986022945,-3.890783426837455,24.547589189129237,-22.378173616210617,3.56,1.64,385.0,102.4,36.0,89.6,2194.0,6.5,777730,660688,663993,671277,677588,682928,695578,690987,695734,53.97,0.4562666666666666,0.8960666666666666,0.0,1.0,0.0,0.0,6.0,12,5,4-Seam Fastball,0,2,0,2,2,0,0,2,Infield shade,Standard,223.0,-0.022,-0.232,75.6,7.5,1.774,0.232,102.4,-2,-2,0.339,0.339,33,28,33,29,1,0,6.0,1.0,6.0,1.0,1.98,0.28,-0.28,16.4,16.593955317445474,-4.20774357371519,23.60944862451647,41.78131068905364,31.378493409578432
CH,2025-05-28,85.8,-2.2,5.18,"Raleigh, Cal",663728,695418,single,hit_into_play,,,,,7.0,Cal Raleigh singles on a line drive to right fielder Daylen Lile.,R,L,R,SEA,WSH,X,9.0,line_drive,0,2,2025,-1.71,0.09,-0.8,1.98,,,,1,7,Bot,187.85,123.32,,,,,6.614070988571954,-124.86620540512372,-1.4995832665646909,-19.18299692420365,25.019247347503526,-31.099860521193552,3.56,1.64,147.0,91.3,11.0,84.3,1897.0,5.3,777730,660688,663993,671277,677588,682928,695578,690987,695734,55.22,0.724,0.659,0.9,1.0,1.0,0.0,4.0,54,4,Changeup,0,6,0,6,6,0,0,6,Infield shade,Standard,260.0,0.008,0.506,75.8,8.1,0.793,-0.506,91.3,-6,-6,0.013,0.013,25,28,25,29,1,2,3.0,1.0,2.0,1.0,3.0,1.71,-1.71,18.2,21.34164772984595,-5.08568944647841,29.55909305005426,41.077897492940714,39.14316340922254
FS,2025-05-27,87.2,1.85,5.93,"Raleigh, Cal",663728,680730,home_run,hit_into_play,,,,,5.0,Cal Raleigh homers (19) on a fly ball to left field.,R,R,L,SEA,WSH,X,,fly_ball,0,2,2025,0.42,0.99,0.07,2.45,,,,2,5,Bot,40.98,77.98,,,,,-5.214206393487344,-126.92607725914412,-4.355192910930411,5.590758775676785,24.301993340262527,-20.75283848809255,3.56,1.64,365.0,107.3,22.0,88.8,902.0,7.1,777743,660688,663993,671277,677588,682928,695578,690987,695734,53.41,0.7147619047619047,1.306761904761905,2.0,1.0,0.0,3.0,6.0,37,3,Split-Finger,3,1,3,1,1,4,4,1,Strategic,Standard,147.0,0.084,2.696,79.6,7.7,2.508738095238096,-2.696,107.3,2,2,0.784,0.784,25,28,26,29,3,2,7.0,2.0,5.0,1.0,1.99,0.42,-0.42,53.2,15.667663501164675,-9.103422782413102,35.43889164678426,35.20830895817228,40.53612561455633
CU,2025-05-27,80.7,1.39,6.0,"Raleigh, Cal",663728,680730,field_out,hit_into_play,,,,,6.0,Cal Raleigh flies out to left fielder James Wood.,R,R,L,SEA,WSH,X,7.0,fly_ball,0,2,2025,0.06,-0.57,0.55,2.74,,810938.0,641487.0,2,2,Bot,53.59,119.85,,,,,-2.0135895520218847,-117.54152715683485,0.4472248148956945,0.9388650229932398,20.660100558673104,-37.76416901946085,3.56,1.64,265.0,75.1,35.0,81.7,2221.0,6.7,777743,660688,663993,671277,677588,682928,695578,690987,695734,53.78,0.185,0.166,0.0,1.0,0.0,0.0,3.0,18,4,Curveball,3,0,3,0,0,3,3,0,Standard,Standard,327.0,-0.016,-0.178,72.7,8.0,0.204,0.178,88.0,3,3,0.81,0.81,25,28,26,29,2,1,7.0,2.0,5.0,1.0,4.04,0.06,-0.06,57.1,25.683013583822085,-21.45632823238431,26.99728112336289,41.38587928131155,50.08975906501601
FF,2025-05-27,93.1,1.41,6.21,"Raleigh, Cal",663728,680730,home_run,hit_into_play,,,,,2.0,Cal Raleigh homers (18) on a fly ball to left field.,R,R,L,SEA,WSH,X,,fly_ball,2,1,2025,0.27,1.36,-0.18,3.42,,,,0,1,Bot,13.62,83.65,,,,,-4.698770431187943,-135.55976699192286,-4.427292726177799,4.279899233501557,28.435934999971913,-14.584717259220914,3.56,1.64,389.0,112.1,40.0,94.1,2088.0,6.8,777743,660688,663993,671277,677588,682928,695578,690987,695734,53.73,0.797,1.619,2.0,1.0,0.0,3.0,6.0,6,4,4-Seam Fastball,2,0,2,0,0,3,3,0,Strategic,Standard,162.0,0.07,1.068,79.0,7.5,3.192,-1.068,112.1,2,2,0.735,0.735,25,28,26,29,1,0,7.0,2.0,5.0,1.0,1.26,0.27,-0.27,62.4,22.395480493188956,-14.895749298382189,27.794410618605458,31.938385015484467,38.75033639162707
CH,2025-05-25,83.4,2.97,5.48,"Raleigh, Cal",663728,676467,field_out,hit_into_play,,,,,9.0,Cal Raleigh pops out to third baseman Isaac Paredes in foul territory.,R,R,L,HOU,SEA,X,5.0,popup,2,2,2025,1.06,0.71,0.82,2.11,,,,0,5,Top,87.46,189.11,,,,,-7.105226618856404,-121.24546547126656,-2.6497315277265066,11.877030879892107,25.928041432163976,-24.897386970701568,3.6,1.67,99.0,78.0,71.0,84.1,1582.0,7.0,777774,673237,572233,643289,670623,665161,514888,676694,701358,53.51,0.001,0.0,0.0,1.0,0.0,0.0,3.0,39,6,Changeup,2,3,3,2,3,2,3,2,Standard,Strategic,131.0,0.022,-0.232,69.9,8.7,0.001,0.232,88.0,-1,1,0.364,0.636,26,28,27,29,3,2,6.0,1.0,6.0,2.0,2.6,1.06,-1.06,29.6,25.11559154980791,-20.916692813357628,30.555301393773934,43.92183157302796,51.70725706765672
FF,2025-05-25,93.7,2.57,5.55,"Raleigh, Cal",663728,687911,single,hit_into_play,,,,,4.0,Cal Raleigh singles on a ground ball to shortstop Jeremy Peña.,R,R,L,HOU,SEA,X,6.0,ground_ball,2,1,2025,0.13,1.1,-0.76,2.42,,,,1,9,Top,76.99,154.12,,,,,-8.915264831603581,-136.09503858125916,-4.723988233558188,3.710403485809976,32.135155042561905,-17.619803919833423,3.6,1.67,99.0,87.7,7.0,93.6,2146.0,6.5,777774,673237,572233,643289,670623,665161,514888,676694,701358,54.01,0.471,0.43,0.9,1.0,1.0,0.0,4.0,76,4,4-Seam Fastball,3,3,3,3,3,3,3,3,Strategic,Standard,146.0,-0.052,0.37,76.9,7.2,0.517,-0.37,88.0,0,0,0.552,0.4479999999999999,28,28,29,29,1,4,2.0,1.0,4.0,2.0,1.52,0.13,-0.13,39.7,8.166620921437447,-3.114647393338251,43.32271811323566,25.67191757346952,35.82329496254513
ST,2025-05-25,80.2,3.38,5.17,"Raleigh, Cal",663728,676467,field_out,hit_into_play,,,,,6.0,Cal Raleigh flies out sharply to center fielder Jake Meyers.,R,R,L,HOU,SEA,X,8.0,fly_ball,0,1,2025,-0.8,0.57,0.42,2.4,,,,1,1,Top,125.77,60.65,,,,,-5.0857561486098835,-116.6743807743075,-0.3882235756134123,-6.149045406627547,25.326504369947784,-27.222634602163577,3.6,1.67,342.0,101.6,41.0,80.7,2673.0,7.0,777774,673237,572233,643289,670623,665161,514888,676694,701358,53.52,0.205,0.40075,0.0,1.0,0.0,0.0,5.0,2,2,Sweeper,0,0,0,0,0,0,0,0,Standard,Strategic,272.0,0.014,-0.215,78.9,8.0,0.79375,0.215,101.6,0,0,0.524,0.476,26,28,27,29,1,0,6.0,1.0,6.0,2.0,3.02,-0.8,0.8,20.0,24.797110812194088,-1.504175557536228,29.473768224648374,39.933273408814685,40.98997027791148
SI,2025-05-24,95.7,0.75,6.3,"Raleigh, Cal",663728,664285,field_out,hit_into_play,,,,,5.0,Cal Raleigh flies out sharply to center fielder Jake Meyers.,R,R,L,HOU,SEA,X,8.0,fly_ball,2,1,2025,1.2,0.58,0.13,2.96,,,,1,1,Top,151.95,47.16,,,,,-4.30063565408415,-139.2267163633092,-4.411211459397397,16.52860085918515,34.35273515413774,-23.834182902847072,3.6,1.66,380.0,105.9,38.0,94.6,2142.0,5.9,777787,605170,572233,514888,643289,665161,701305,676694,701358,54.61,0.525,1.054625,0.0,1.0,0.0,0.0,6.0,2,4,Sinker,0,0,0,0,0,0,0,0,Standard,Strategic,145.0,0.018,-0.298,78.8,7.2,2.0715,0.298,105.9,0,0,0.52,0.48,31,28,32,29,1,0,6.0,1.0,6.0,1.0,1.93,1.2,-1.2,46.0,13.615112357341165,7.3170697543738,31.609424633147427,35.185544669888756,34.20982842963781
FF,2025-05-23,94.6,1.19,6.39,"Raleigh, Cal",663728,656986,single,hit_into_play,,,,,4.0,Cal Raleigh singles on a line drive to left fielder Jose Altuve.,R,R,L,HOU,SEA,X,7.0,line_drive,0,1,2025,0.05,1.48,-0.65,2.97,,,,0,6,Top,57.06,109.75,,,,,-4.930470292386579,-137.47188499344847,-6.481716107350123,1.892706335904588,34.0560841597476,-12.124451568097898,3.61,1.66,244.0,86.7,20.0,94.3,2351.0,6.5,777800,673237,572233,643289,670623,665161,514888,676694,701358,54.04,0.554,0.524,0.9,1.0,1.0,0.0,4.0,46,2,4-Seam Fastball,3,2,2,3,2,3,2,3,Infield shade,Standard,164.0,-0.065,0.477,73.9,7.2,0.667,-0.477,88.0,1,-1,0.665,0.3349999999999999,30,28,30,29,1,2,2.0,1.0,1.0,1.0,1.09,0.05,-0.05,51.1,13.70352065921911,-4.75643289522409,33.79181981267839,25.68703998711838,31.45344329298352
SL,2025-05-23,88.3,-2.66,5.88,"Raleigh, Cal",663728,650556,home_run,hit_into_play,,,,,6.0,Cal Raleigh homers (17) on a fly ball to right field. Julio Rodríguez scores.,R,L,R,HOU,SEA,X,,fly_ball,0,0,2025,0.8,-0.1,0.46,2.53,,677594.0,,2,7,Top,241.83,101.88,,,,,5.938603163477849,-128.32946845520522,-1.7463242347559749,7.250771547555404,31.53964125729815,-33.07145235051085,3.61,1.66,369.0,111.8,41.0,87.7,2965.0,6.4,777800,673237,572233,643289,670623,665161,514888,676694,701358,54.08,0.749,1.521,2.0,1.0,0.0,3.0,6.0,59,1,Slider,3,3,3,3,5,3,5,3,Infield shade,Standard,64.0,-0.313,1.604,79.9,7.9,3.0,-1.604,111.8,0,0,0.525,0.475,28,28,28,29,1,3,4.0,1.0,1.0,1.0,3.08,-0.8,0.8,46.6,25.48136345551487,-13.450048873063638,37.93748172192041,28.307248225205775,44.81947925115494
SL,2025-05-22,83.3,-1.86,4.94,"Raleigh, Cal",663728,621121,single,hit_into_play,,,,,7.0,Cal Raleigh singles on a ground ball to right fielder Cam Smith.,R,L,R,HOU,SEA,X,9.0,ground_ball,3,2,2025,1.56,0.28,-0.67,2.17,,,,1,5,Top,136.09,162.39,,,,,-0.3466822582631076,-121.27516414913528,-0.414158895546281,15.33347413518877,26.25579400912849,-29.60186692670435,3.62,1.68,27.0,94.7,-3.0,82.5,2817.0,6.0,777822,605170,572233,643289,670623,665161,514888,676694,701358,54.5,0.278,0.242,0.9,1.0,1.0,0.0,2.0,41,6,Slider,5,2,2,5,2,5,2,5,Infield shade,Standard,75.0,-0.022,0.336,74.8,7.5,0.312,-0.336,94.7,3,-3,0.855,0.145,31,28,32,29,3,2,6.0,1.0,6.0,1.0,3.03,-1.56,1.56,21.6,10.10016516502625,14.06234315986796,35.148036046365476,40.65199951128091,27.13211759176113
FF,2025-05-22,91.7,2.74,5.47,"Raleigh, Cal",663728,687911,single,hit_into_play,,,,,3.0,Cal Raleigh singles on a sharp line drive to center fielder Jake Meyers.,R,R,L,HOU,SEA,X,8.0,line_drive,3,2,2025,0.46,1.07,0.7,3.27,,,,1,7,Top,110.83,82.74,,,,,-6.200479458580438,-133.4575373398641,-2.007368455388188,6.90652122341892,29.806273903791464,-19.24220423829198,3.62,1.68,248.0,109.0,12.0,92.1,2043.0,6.6,777822,605170,572233,643289,670623,665161,514888,676694,701358,53.87,0.856,0.873,0.9,1.0,1.0,0.0,5.0,64,9,4-Seam Fastball,9,2,2,9,2,9,2,9,Standard,Strategic,143.0,-0.003,0.336,77.5,7.0,1.185,-0.336,109.0,7,-7,0.994,0.006,28,28,29,29,1,3,3.0,1.0,1.0,1.0,1.65,0.46,-0.46,31.8,11.715508994589491,6.048206762963354,23.068823170547756,41.1721345628753,29.797653094889256
CU,2025-05-21,80.3,-2.16,6.13,"Raleigh, Cal",663728,681343,double,hit_into_play,,,,,8.0,Cal Raleigh doubles (10) on a sharp line drive to right fielder Joshua Palacios.,R,L,R,CWS,SEA,X,9.0,line_drive,2,1,2025,0.68,-1.27,-0.09,1.97,,,,2,3,Top,203.13,127.01,,,,,3.3038814400574483,-116.7202556778399,0.0715116090657068,5.347676556085482,26.683797135203648,-43.87445236110312,3.63,1.7,260.0,104.3,19.0,79.8,2340.0,6.5,777830,642136,671284,672820,678246,805367,668942,673357,641943,54.0,0.3774615384615384,0.5626153846153845,1.25,1.0,1.0,1.0,5.0,20,4,Curveball,0,3,3,0,3,0,3,0,Infield shade,Standard,48.0,-0.013,0.542,75.6,8.3,1.0159999999999998,-0.542,104.3,-3,3,0.228,0.772,25,28,25,29,2,1,5.0,1.0,7.0,1.0,4.88,-0.68,0.68,37.9,23.61852740344898,-10.063185230391714,40.58042902882812,31.23148006666466,40.79563138844374
CH,2025-05-21,83.4,3.98,5.07,"Raleigh, Cal",663728,685126,home_run,hit_into_play,,,,,14.0,Cal Raleigh homers (16) on a fly ball to left field.,R,R,L,CWS,SEA,X,,fly_ball,3,2,2025,1.35,0.0,0.94,2.07,,,,0,6,Top,35.19,88.76,,,,,-9.774168182824898,-121.0830505322906,-0.3687421090584436,15.2183721183826,24.93408124228788,-32.309645965590974,3.63,1.7,352.0,100.3,25.0,84.4,1120.0,7.2,777830,642136,671284,672820,678246,805367,668942,673357,641943,53.33,0.4354827586206897,0.7724137931034483,2.0,1.0,0.0,3.0,6.0,43,6,Changeup,4,3,3,4,4,4,4,4,Standard,Standard,129.0,-0.151,1.029,70.8,8.9,1.4689999999999996,-1.029,100.3,1,-1,0.651,0.349,27,28,27,29,1,2,1.0,1.0,3.0,1.0,3.3,1.35,-1.35,33.2,28.891668774605673,-13.10294579594408,34.080990404496006,45.10809095003916,42.9029745621686
SL,2025-05-20,85.7,-1.5,5.71,"Raleigh, Cal",663728,605288,double,hit_into_play,,,,,8.0,Cal Raleigh doubles (9) on a sharp line drive to right fielder Joshua Palacios.,R,L,R,CWS,SEA,X,9.0,line_drive,2,2,2025,0.33,0.05,-0.04,1.78,,,,1,4,Top,206.25,111.75,,,,,2.813694046014884,-124.79180637557818,-3.185792596359705,2.888720720885694,24.79786601710462,-31.244555157126392,3.62,1.72,237.0,110.0,13.0,87.3,2225.0,7.3,777846,700337,671284,672820,678246,805367,668942,673357,641943,53.24,0.77,0.803,1.25,1.0,1.0,1.0,5.0,27,6,Slider,1,0,0,1,0,1,0,1,Infield shade,Standard,113.0,-0.055,0.668,77.4,8.1,1.113,-0.668,110.0,1,-1,0.654,0.346,32,28,32,29,2,1,,1.0,6.0,1.0,3.05,-0.33,0.33,35.6,21.03161391277079,-12.661060935130958,41.07503906372834,31.232216034331913,38.8142522423974
FF,2025-05-20,95.1,-1.23,5.81,"Raleigh, Cal",663728,605288,field_out,hit_into_play,,,,,6.0,Cal Raleigh pops out to shortstop Chase Meidroth.,R,L,R,CWS,SEA,X,6.0,popup,2,1,2025,-0.9,1.11,0.28,2.63,,,677594.0,2,1,Top,112.29,128.88,,,,,6.058592190429098,-138.33172780582638,-5.201019632217187,-12.931138201062216,32.66739853197174,-16.988952784510833,3.62,1.72,173.0,95.6,64.0,96.1,2166.0,7.0,777846,700337,671284,672820,678246,805367,668942,673357,641943,53.5,0.015,0.018,0.0,1.0,0.0,0.0,3.0,4,4,4-Seam Fastball,0,0,0,0,0,0,0,0,Strategic,Standard,220.0,0.024,-0.309,76.3,7.6,0.021,0.309,95.6,0,0,0.524,0.476,32,28,32,29,1,0,,1.0,6.0,1.0,1.43,0.9,-0.9,41.6,13.92828131266203,-9.481530132670375,36.37300616006063,28.777662863438355,32.60126259954835
CH,2025-05-20,82.6,4.06,5.04,"Raleigh, Cal",663728,685126,field_out,hit_into_play,,,,,6.0,Cal Raleigh flies out to center fielder Luis Robert Jr.,R,R,L,CWS,SEA,X,8.0,fly_ball,3,2,2025,0.63,-0.12,0.76,2.43,,,,0,7,Top,125.1,53.52,,,,,-8.908302023729808,-119.95624490975888,0.844616275631112,7.802420288457977,22.580390246867264,-33.70528508243661,3.62,1.72,360.0,94.3,32.0,84.0,1285.0,7.3,777846,700337,671284,672820,678246,805367,668942,673357,641943,53.23,0.122,0.225,0.0,1.0,0.0,0.0,3.0,48,6,Changeup,1,0,0,1,0,1,0,1,Standard,Standard,121.0,0.055,-0.345,73.7,7.9,0.423,0.345,94.3,1,-1,0.681,0.3189999999999999,27,28,27,29,1,2,2.0,1.0,1.0,1.0,3.46,0.63,-0.63,28.1,19.440086477515575,12.601657620986828,29.900695382188648,43.232222916775406,33.08833689323332
FF,2025-05-20,97.9,-0.87,5.94,"Raleigh, Cal",663728,673929,field_out,hit_into_play,,,,,1.0,Cal Raleigh pops out to third baseman Miguel Vargas.,R,L,R,CWS,SEA,X,5.0,popup,2,2,2025,-0.36,1.5,-0.54,3.44,,,,0,9,Top,75.08,149.87,,,,,1.7528445722902486,-142.46777028480813,-4.757429971758526,-5.339888017878754,33.69755297697609,-10.939376280881955,3.62,1.72,178.0,82.4,60.0,99.0,2237.0,7.0,777846,700337,671284,672820,678246,805367,596103,673357,572191,53.54,0.025,0.027,0.0,1.0,0.0,0.0,3.0,63,5,4-Seam Fastball,1,0,0,1,0,1,0,1,Infield shade,Standard,198.0,0.066,-0.232,71.8,6.8,0.036,0.232,88.0,1,-1,0.842,0.158,26,28,27,29,1,3,6.0,1.0,1.0,1.0,0.89,0.36,-0.36,53.6,5.790448789880167,7.993946677579551,21.252341811856866,37.350464823658385,25.90124917620008
FF,2025-05-19,91.6,-1.8,6.06,"Raleigh, Cal",663728,663436,field_out,hit_into_play,,,,,7.0,Cal Raleigh flies out sharply to left fielder Austin Slater.,R,L,R,CWS,SEA,X,7.0,fly_ball,2,1,2025,-0.54,1.54,-0.57,2.29,,,,0,7,Top,77.68,87.55,,,,,4.310775981981441,-133.0948241487365,-6.965132741663819,-7.359231694173512,30.41515875777351,-12.571551530076825,3.59,1.71,302.0,102.0,47.0,91.9,2270.0,6.7,777857,642136,671284,668942,678246,805367,596103,673357,641943,53.78,0.035,0.056,0.0,1.0,0.0,0.0,3.0,43,4,4-Seam Fastball,0,1,1,0,1,0,1,0,Strategic,Standard,205.0,0.028,-0.305,80.6,7.9,0.109,0.305,102.0,-1,1,0.304,0.696,28,28,28,29,3,2,5.0,1.0,6.0,1.0,1.2,0.54,-0.54,41.4,11.638258040179013,-3.143484721282696,34.80184564676206,37.55954837249892,31.989474162935785
FC,2025-05-19,88.1,-1.84,6.1,"Raleigh, Cal",663728,663436,field_out,hit_into_play,,,,,1.0,"Cal Raleigh grounds out, second baseman Josh Rojas to first baseman Tim Elko.",R,L,R,CWS,SEA,X,4.0,ground_ball,0,0,2025,-0.23,0.83,-0.51,3.71,,,,0,4,Top,150.55,144.98,,,,,3.718743843062483,-128.40160896658386,-1.5257620197004955,-3.215759821441653,23.61371772021924,-22.791754578491815,3.59,1.71,76.0,98.6,3.0,88.8,2569.0,6.4,777857,642136,671284,668942,678246,805367,596103,673357,641943,54.1,0.423,0.381,0.0,1.0,0.0,0.0,4.0,25,1,Cutter,0,1,1,0,1,0,1,0,Standard,Standard,172.0,0.023,-0.259,72.4,7.2,0.448,0.259,98.6,-1,1,0.377,0.623,28,28,28,29,2,1,5.0,1.0,6.0,1.0,2.07,0.23,-0.23,45.4,9.16179696680387,2.5723497974049296,21.46095315355045,36.36605624039037,27.784966073989253
FC,2025-05-19,89.6,-1.94,6.08,"Raleigh, Cal",663728,663436,field_out,hit_into_play,,,,,3.0,Cal Raleigh pops out to shortstop Chase Meidroth.,R,L,R,CWS,SEA,X,6.0,popup,2,0,2025,-0.05,0.55,0.37,3.06,,,,0,2,Top,133.07,173.98,,,,,5.865717178862391,-130.5261694216196,-2.710118574897546,-1.6963534309252892,24.70333533985812,-25.522972422950108,3.59,1.71,70.0,82.9,74.0,90.7,2553.0,6.7,777857,642136,671284,668942,678246,805367,596103,673357,641943,53.83,0.005,0.005,0.0,1.0,0.0,0.0,3.0,8,3,Cutter,0,0,0,0,0,0,0,0,Strategic,Standard,186.0,0.034,-0.378,75.2,7.6,0.005,0.378,88.0,0,0,0.489,0.511,28,28,28,29,1,0,5.0,1.0,6.0,1.0,2.26,0.05,-0.05,40.6,19.23709385804806,-7.27674155548515,30.34351597838174,26.524929725074617,35.290012841440785
CH,2025-05-18,75.3,-3.56,3.68,"Raleigh, Cal",663728,689690,sac_fly,hit_into_play,,,,,7.0,Cal Raleigh out on a sacrifice fly to right fielder Fernando Tatis Jr. Dylan Moore scores. Leo Rivas to 3rd.,R,L,R,SD,SEA,X,9.0,line_drive,1,1,2025,-1.75,-0.18,-0.76,1.93,664238.0,660844.0,641487.0,0,9,Top,198.73,110.06,,,,,9.054441304818669,-109.01427754510274,4.083322303575664,-15.573414828340283,21.44306050398587,-34.72478331956175,3.57,1.73,284.0,98.4,23.0,75.9,2220.0,7.3,777868,553869,650333,630105,578428,593428,657757,701538,665487,53.23,0.242,0.38,0.0,1.0,0.0,0.0,5.0,67,3,Changeup,1,4,4,1,5,1,5,1,Strategic,Standard,276.0,-0.003,-0.203,82.6,8.4,0.703,0.203,98.4,-3,3,0.013,0.987,27,28,27,29,1,4,1.0,1.0,3.0,1.0,4.28,1.75,-1.75,-7.3,21.358385101502236,-9.617965617452269,37.97403739321518,41.195357899870345,45.78457176640983
FC,2025-05-17,93.2,2.43,6.03,"Raleigh, Cal",663728,670970,home_run,hit_into_play,,,,,5.0,Cal Raleigh homers (15) on a fly ball to left center field.,R,R,L,SD,SEA,X,,fly_ball,0,0,2025,0.13,1.26,-0.11,2.51,,,,0,7,Top,50.6,56.25,,,,,-6.78110162266581,-135.56381382878556,-6.0441192043995535,3.0338482777948177,28.84647808912594,-15.55288946989401,3.57,1.73,399.0,109.6,41.0,93.2,2688.0,6.2,777875,553869,657757,630105,592518,593428,518792,701538,665487,54.27,0.623,1.2635,2.0,1.0,0.0,3.0,6.0,48,1,Cutter,1,1,1,1,2,1,2,1,Strategic,Standard,159.0,-0.192,1.114,78.8,8.0,2.487,-1.114,109.6,0,0,0.5,0.5,26,28,26,29,1,2,3.0,1.0,4.0,1.0,1.37,0.13,-0.13,40.4,19.40420913571876,-13.366937381699708,32.03811892385171,34.494907866336334,42.514921469466785
FF,2025-05-16,93.5,-2.65,5.36,"Raleigh, Cal",663728,663568,home_run,hit_into_play,,,,,1.0,Cal Raleigh homers (14) on a fly ball to left center field. Julio Rodríguez scores.,R,L,R,SD,SEA,X,,fly_ball,0,1,2025,-0.72,1.07,-0.71,3.04,,,677594.0,0,6,Top,61.48,69.08,,,,,6.587319973928766,-135.93361821075297,-2.5410825101873216,-10.428782900825096,32.20205383760347,-18.56652975811589,3.55,1.72,363.0,101.0,34.0,93.0,2200.0,6.2,777896,553869,650333,630105,592518,593428,663604,701538,665487,54.29,0.4813030303030301,0.9592121212121212,2.0,1.0,0.0,3.0,6.0,43,2,4-Seam Fastball,0,3,3,0,5,0,5,0,Infield shade,Standard,226.0,-0.075,1.101,77.0,6.9,1.8855454545454544,-1.101,101.0,-3,3,0.123,0.877,28,28,28,29,3,2,6.0,2.0,6.0,1.0,1.56,0.72,-0.72,41.2,4.298874636653072,8.964943984712287,24.424523431721187,41.31870001344836,26.216887904117304
FF,2025-05-16,95.3,-2.8,5.31,"Raleigh, Cal",663728,663568,grounded_into_double_play,hit_into_play,,,,,1.0,"Cal Raleigh grounds into a double play, third baseman Manny Machado to shortstop Xander Bogaerts to first baseman Luis Arraez. Jorge Polanco to 3rd. Julio Rodríguez out at 2nd. Cal Raleigh out at 1st.",R,L,R,SD,SEA,X,5.0,ground_ball,2,2,2025,-0.72,1.18,-0.62,3.09,,593871.0,677594.0,0,1,Top,104.17,162.68,,,,,7.363025335646581,-138.51272221202754,-2.776153889423579,-11.037867088467824,33.38241979450575,-16.664570150204288,3.55,1.72,35.0,92.3,-3.0,95.0,2357.0,6.4,777896,553869,650333,630105,592518,593428,663604,701538,665487,54.12,0.248,0.22,0.0,1.0,0.0,0.0,2.0,4,6,4-Seam Fastball,0,1,1,0,1,0,1,0,Infield shade,Standard,221.0,0.086,-0.3,65.6,6.2,0.286,0.3,92.3,-1,1,0.328,0.6719999999999999,28,28,28,29,1,0,6.0,2.0,6.0,1.0,1.36,0.72,-0.72,33.5,-4.5996117928767815,32.45873671038401,24.043793277821894,41.38075432356887,13.313895588763408
CH,2025-05-14,88.1,-2.51,5.53,"Raleigh, Cal",663728,701542,field_out,hit_into_play,,,,,13.0,Cal Raleigh lines out sharply to center fielder Trent Grisham.,R,L,R,SEA,NYY,X,8.0,line_drive,0,0,2025,-1.29,0.13,-0.86,2.45,593871.0,677594.0,,2,3,Bot,151.59,71.22,,,,,6.757489475156334,-128.2163195439548,-1.6724953629746977,-15.632798302783147,26.31169147624631,-30.56866857329375,3.58,1.72,323.0,105.8,18.0,88.9,1465.0,6.8,777915,641555,700250,518934,678391,683011,691176,663757,641355,53.71,0.411,0.6296875,0.0,1.0,0.0,0.0,6.0,26,1,Changeup,2,0,2,0,0,2,2,0,Infield shade,Standard,246.0,-0.041,-0.305,77.7,7.8,1.1223124999999998,0.305,105.8,2,2,0.77,0.77,26,28,26,29,2,1,5.0,1.0,6.0,2.0,2.8,1.29,-1.29,23.8,16.43616406737136,-0.4452586191946818,31.7036947229359,41.480706129494266,31.50767494176569
FS,2025-05-14,80.5,-1.93,6.0,"Raleigh, Cal",663728,518585,single,hit_into_play,,,,,5.0,Cal Raleigh singles on a sharp line drive to right fielder Cody Bellinger.,R,L,R,SEA,NYY,X,9.0,line_drive,2,2,2025,-0.32,-0.25,-0.06,2.79,,,,1,8,Bot,222.18,79.98,,,,,4.813141028872634,-117.27824380558496,-0.0665640729165819,-3.8040491776071352,19.40887416547149,-34.6985695469549,3.58,1.72,315.0,106.2,20.0,82.0,727.0,6.9,777915,669224,502671,518934,672724,683011,691176,663757,641355,53.56,0.5847954545454546,0.9753409090909092,0.9,1.0,1.0,0.0,6.0,64,5,Split-Finger,2,3,2,3,3,2,2,3,Infield shade,Standard,231.0,0.076,0.44,80.3,7.6,1.8113636363636367,-0.44,106.2,-1,-1,0.24,0.24,35,28,35,29,1,3,1.0,1.0,3.0,2.0,3.73,0.32,-0.32,52.9,22.057789875994988,-8.474810311323063,30.61612512212565,33.07734064898396,33.6634406632431
SL,2025-05-14,84.1,2.1,5.88,"Raleigh, Cal",663728,554431,single,hit_into_play,,,,,8.0,Cal Raleigh singles on a line drive to left fielder Jasson Domínguez.,R,R,L,SEA,NYY,X,7.0,line_drive,0,2,2025,-0.23,-0.4,0.14,1.88,,,,0,6,Bot,46.78,107.78,,,,,-4.101272968612147,-122.53822398789202,-2.14573056874513,-1.556776310054688,22.838540912944232,-36.02304457235565,3.58,1.72,252.0,84.6,22.0,84.4,2558.0,6.3,777915,641555,700250,518934,678391,683011,691176,663757,641355,54.22,0.415,0.378,0.9,1.0,1.0,0.0,3.0,47,3,Slider,2,1,2,1,1,2,2,1,Standard,Standard,307.0,0.039,0.532,79.6,8.2,0.494,-0.532,88.0,1,1,0.733,0.733,34,28,35,29,1,2,3.0,1.0,,2.0,3.6,-0.23,0.23,45.5,25.722841539897814,-14.530452305214816,35.03263069535863,38.42231899431901,48.44589201472171
FF,2025-05-13,94.2,1.48,5.93,"Raleigh, Cal",663728,608331,double,hit_into_play,,,,,8.0,Cal Raleigh doubles (8) on a sharp line drive to center fielder Trent Grisham. Julio Rodríguez scores.,R,R,L,SEA,NYY,X,8.0,line_drive,1,1,2025,0.17,1.19,0.06,2.09,,,677594.0,0,4,Bot,132.24,41.57,,,,,-4.0782249002102136,-137.10810375535723,-6.9597059998893425,2.970905386962471,27.957545599692537,-15.87796000460592,3.59,1.72,400.0,105.6,21.0,94.8,2337.0,6.4,777926,669224,502671,678391,672724,683011,641355,663757,592450,54.07,0.6428780487804877,1.110390243902439,1.25,1.0,1.0,1.0,6.0,25,3,4-Seam Fastball,0,0,0,0,0,1,1,0,Standard,Standard,154.0,0.142,0.74,77.9,7.6,2.086951219512195,-0.74,105.6,0,0,0.601,0.601,31,28,31,29,2,1,6.0,1.0,5.0,1.0,1.36,0.17,-0.17,47.2,3.57475642525684,1.2657267715537488,36.08455424941311,35.537020532773255,28.41146208627917
FF,2025-05-13,94.0,-1.53,5.61,"Raleigh, Cal",663728,596133,field_out,hit_into_play,,,,,4.0,Cal Raleigh grounds out to first baseman Cody Bellinger.,R,L,R,SEA,NYY,X,3.0,ground_ball,0,0,2025,-0.59,1.66,-0.7,2.84,,,,0,9,Bot,149.51,174.91,,,,,3.440331035309726,-136.8124475615378,-5.098150989753966,-8.241571929492812,31.55733887133237,-10.432592347387004,3.59,1.72,2.0,57.7,-50.0,93.5,2435.0,6.1,777926,669224,641355,518934,672724,683011,622569,663757,592450,54.43,0.248,0.221,0.0,1.0,0.0,0.0,1.0,65,1,4-Seam Fastball,1,1,1,1,1,1,1,1,Infield shade,Standard,199.0,-0.057,-0.259,74.7,7.8,0.258,0.259,88.0,0,0,0.639,0.639,31,28,32,29,1,3,6.0,1.0,1.0,1.0,0.93,0.59,-0.59,50.3,15.883323366751794,-5.503808115599103,25.163287798732025,40.25311783066331,27.336395900944595
CU,2025-05-13,77.1,1.27,6.29,"Raleigh, Cal",663728,608331,field_out,hit_into_play,,,,,9.0,Cal Raleigh lines out to left fielder Cody Bellinger.,R,R,L,SEA,NYY,X,7.0,line_drive,0,2,2025,-0.8,-1.85,0.58,2.17,,,,2,1,Bot,61.36,102.44,,,,,-0.0191440395656226,-112.15083881969647,1.735323624845022,-6.645279646857076,24.972617838782934,-48.12878382103072,3.59,1.72,287.0,92.9,22.0,76.2,3149.0,6.2,777926,669224,502671,678391,672724,683011,641355,663757,592450,54.29,0.18,0.225,0.0,1.0,0.0,0.0,3.0,7,3,Curveball,0,0,0,0,0,0,0,0,Standard,Standard,333.0,-0.006,-0.16,75.8,8.0,0.34,0.16,92.9,0,0,0.506,0.506,31,28,31,29,1,0,6.0,1.0,5.0,1.0,5.76,-0.8,0.8,52.5,19.319305058371224,-11.711724834253406,30.076327840536788,41.583551768425465,47.91737384256349
KC,2025-05-12,85.1,-1.21,5.68,"Raleigh, Cal",663728,657376,field_out,hit_into_play,,,,,8.0,Cal Raleigh flies out to center fielder Trent Grisham.,R,L,R,SEA,NYY,X,8.0,fly_ball,3,1,2025,0.77,-1.12,0.14,2.15,,,,2,6,Bot,118.73,104.14,,,,,1.609687960925401,-123.95019658949488,0.2496816357206492,7.572751717610798,25.30689441063107,-43.95949351871228,3.61,1.71,239.0,94.8,53.0,84.4,3067.0,5.8,777941,669224,502671,672724,665828,683011,641355,663757,592450,54.68,0.01,0.013,0.0,1.0,0.0,0.0,3.0,52,5,Knuckle Curve,2,7,2,7,7,2,2,7,Infield shade,Standard,42.0,-0.006,-0.414,81.1,8.2,0.021,0.414,94.8,-5,-5,0.038,0.038,29,28,29,29,3,2,6.0,1.0,5.0,1.0,4.27,-0.77,0.77,44.2,20.08672290227666,-3.4350837952554447,42.12303963318633,31.994533985752945,35.50606091130529
SI,2025-05-12,92.5,-1.77,5.21,"Raleigh, Cal",663728,657376,field_out,hit_into_play,,,,,5.0,Cal Raleigh lines out to right fielder Aaron Judge.,R,L,R,SEA,NYY,X,9.0,line_drive,0,0,2025,-0.84,0.33,0.12,2.67,,,,2,3,Bot,189.87,108.71,,,,,6.6186545921099365,-134.64077976218746,-1.4082411909805326,-11.604318263864776,27.699938329171008,-27.993366309445396,3.61,1.71,274.0,92.1,22.0,92.4,2618.0,6.1,777941,669224,502671,672724,665828,683011,641355,663757,592450,54.39,0.142,0.134,0.0,1.0,0.0,0.0,3.0,26,1,Sinker,2,1,2,1,1,2,2,1,Infield shade,Standard,231.0,-0.01,-0.26,79.6,7.6,0.218,0.26,92.1,1,1,0.633,0.633,29,28,29,29,2,1,6.0,1.0,5.0,1.0,2.32,0.84,-0.84,25.4,16.733370810440935,3.368347471850972,36.30379611839034,32.35010979522484,31.03115347401536
KC,2025-05-12,85.3,-1.34,5.78,"Raleigh, Cal",663728,657376,field_out,hit_into_play,,,,,6.0,Cal Raleigh pops out to third baseman Oswaldo Cabrera.,R,L,R,SEA,NYY,X,5.0,popup,1,2,2025,0.75,-0.89,0.3,2.32,,,,2,1,Bot,94.78,172.67,,,,,2.349724530288058,-124.30979474664336,-0.0727494061309073,7.276411815849071,25.243997758143767,-41.54863617731093,3.61,1.71,106.0,58.5,65.0,84.8,3160.0,5.9,777941,669224,502671,672724,665828,683011,641355,663757,592450,54.59,0.003,0.002,0.0,1.0,0.0,0.0,1.0,7,4,Knuckle Curve,1,0,1,0,0,1,1,0,Infield shade,Standard,46.0,-0.007,-0.182,82.5,7.5,0.003,0.182,88.0,1,1,0.61,0.61,29,28,29,29,1,0,6.0,1.0,5.0,1.0,4.01,-0.75,0.75,44.8,17.76235200428327,-2.670173849190082,40.91871814882617,28.639672942498088,32.288899986368705
FF,2025-05-12,89.8,3.91,3.33,"Raleigh, Cal",663728,657612,home_run,hit_into_play,,,,,12.0,Cal Raleigh homers (13) on a fly ball to center field. Mitch Garver scores.,R,R,L,SEA,NYY,X,,fly_ball,2,2,2025,1.27,0.19,1.18,3.19,,641598.0,,2,8,Bot,129.97,28.98,,,,,-9.462259437337323,-130.27782546737592,5.289434832093909,16.510402655780968,27.566970314405477,-31.412153853791107,3.61,1.71,420.0,106.0,26.0,89.9,2072.0,6.5,777941,669224,502671,672724,665828,683011,641355,663757,592450,53.97,0.8130350877192983,1.6162280701754383,2.0,1.0,0.0,3.0,6.0,71,5,4-Seam Fastball,3,8,3,8,8,5,5,8,Standard,Standard,90.0,0.031,1.674,75.5,7.8,3.176385964912282,-1.674,106.0,-5,-5,0.012,0.012,35,28,35,29,1,3,2.0,1.0,1.0,1.0,2.65,1.27,-1.27,-16.3,20.200696179329707,6.030798909082294,21.23596344886889,47.06238276042556,29.354377075074588
FS,2025-05-10,81.7,-2.18,5.87,"Raleigh, Cal",663728,670102,field_out,hit_into_play,,,,,13.0,Cal Raleigh flies out to right fielder Nathan Lukes in foul territory.,R,L,R,SEA,TOR,X,9.0,fly_ball,3,2,2025,-0.71,0.58,-0.17,0.97,,,,1,6,Bot,195.41,135.95,,,,,5.945030346723442,-118.85154173402934,-5.6323496807955395,-7.8546638985923645,21.594459130290577,-25.8273592571572,3.6,1.68,232.0,83.9,53.0,82.6,1118.0,6.8,777970,672386,665489,676391,680718,666182,664702,662139,664770,53.69,0.028,0.032,0.0,1.0,0.0,0.0,3.0,48,6,Split-Finger,3,3,3,3,3,3,3,3,Infield shade,Strategic,230.0,-0.03,-0.332,60.3,9.2,0.041,0.332,88.0,0,0,0.547,0.547,29,28,29,29,3,2,6.0,1.0,6.0,1.0,2.82,0.71,-0.71,35.7,24.599563630008216,-25.922680643190787,41.03467568125045,33.92179038873364,45.10813496567063
FF,2025-05-10,92.7,-2.33,5.93,"Raleigh, Cal",663728,670102,field_out,hit_into_play,,,,,1.0,Cal Raleigh pops out to third baseman Addison Barger.,R,L,R,SEA,TOR,X,5.0,popup,1,0,2025,-0.78,1.19,-0.57,3.52,,,,0,2,Bot,79.78,144.54,,,,,6.272680601739496,-134.78589891880245,-2.968898017123856,-10.93984408893846,30.11904191185975,-17.219752791876132,3.6,1.68,180.0,88.7,64.0,93.4,2228.0,6.8,777970,672386,665489,676391,680718,666182,664702,662139,664770,53.7,0.01,0.009,0.0,1.0,0.0,0.0,3.0,11,2,4-Seam Fastball,0,0,0,0,0,0,0,0,Infield shade,Standard,213.0,-0.027,-0.301,77.3,7.2,0.01,0.301,88.7,0,0,0.555,0.555,29,28,29,29,1,0,6.0,1.0,6.0,1.0,1.47,0.78,-0.78,39.3,7.407501008882819,4.341921686199857,24.311409292817466,39.59468306817263,27.71964087964945
FS,2025-05-09,84.5,-2.46,5.67,"Raleigh, Cal",663728,592332,single,hit_into_play,,,,,5.0,Cal Raleigh singles on a ground ball to third baseman Addison Barger. Julio Rodríguez to 2nd.,R,L,R,SEA,TOR,X,5.0,ground_ball,3,2,2025,-1.4,0.17,-0.14,2.3,,,677594.0,1,6,Bot,115.52,180.48,,,,,8.233740539834315,-122.7798100525908,-1.806963461667173,-15.80965196305751,24.90949076021567,-30.293557367683817,3.58,1.67,1.0,73.0,-56.0,84.8,1567.0,6.6,777984,623168,665489,676391,680718,666182,682729,662139,664770,53.91,0.238,0.214,0.9,1.0,1.0,0.0,2.0,49,6,Split-Finger,1,5,1,5,5,1,1,5,Infield shade,Standard,340.0,0.033,0.341,47.4,5.5,0.238,-0.341,88.0,-4,-4,0.106,0.106,34,28,34,29,3,2,6.0,2.0,6.0,1.0,3.04,1.4,-1.4,36.3,-14.602400064196058,38.48566579483928,32.39156308349552,32.07479696560215,7.005293676253979
FS,2025-05-09,87.8,-2.55,5.59,"Raleigh, Cal",663728,592332,field_out,hit_into_play,,,,,13.0,Cal Raleigh lines out to shortstop Bo Bichette.,R,L,R,SEA,TOR,X,6.0,line_drive,1,2,2025,-1.58,0.51,-0.42,1.17,,,,0,4,Bot,119.21,128.82,,,,,8.42976995134545,-127.54282250739416,-5.674528626297926,-18.905892435697872,24.474181145630663,-25.686852307285967,3.58,1.67,179.0,69.1,22.0,88.2,1864.0,6.5,777984,623168,665489,676391,680718,666182,682729,662139,664770,54.01,0.942,0.875,0.0,1.0,0.0,0.0,4.0,34,7,Split-Finger,1,5,1,5,5,1,1,5,Infield shade,Standard,230.0,-0.015,-0.189,76.4,8.5,1.01,0.189,88.0,-4,-4,0.139,0.139,34,28,34,29,2,1,6.0,2.0,6.0,1.0,2.45,1.58,-1.58,32.0,22.692723509710056,-18.08608558714182,42.44188639816883,34.89780081197601,44.4565025410061
FF,2025-05-09,90.1,-2.32,5.82,"Raleigh, Cal",663728,592332,field_out,hit_into_play,,,,,4.0,Cal Raleigh pops out to second baseman Ernie Clement.,R,L,R,SEA,TOR,X,4.0,popup,2,2,2025,-0.76,1.5,-0.39,2.52,,,,0,2,Bot,131.23,166.28,,,,,6.429596373606885,-131.02120591916466,-5.421368432437281,-10.121405697101691,28.63246349282408,-13.920741804686138,3.58,1.67,100.0,92.3,67.0,90.5,2042.0,6.6,777984,623168,665489,676391,680718,666182,682729,662139,664770,53.86,0.005,0.005,0.0,1.0,0.0,0.0,3.0,15,7,4-Seam Fastball,0,2,0,2,2,0,0,2,Infield shade,Standard,212.0,-0.022,-0.232,75.7,7.9,0.005,0.232,92.3,-2,-2,0.339,0.339,34,28,34,29,1,0,6.0,2.0,6.0,1.0,1.32,0.76,-0.76,42.3,18.75789852517935,-7.578631929332278,34.72018097583438,35.76801499840427,37.02065473319233
SL,2025-05-07,92.3,-2.38,6.2,"Raleigh, Cal",663728,680684,field_out,hit_into_play,,,,,3.0,Cal Raleigh lines out to second baseman Luis Urías.,R,L,R,ATH,SEA,X,4.0,line_drive,1,2,2025,0.19,1.37,0.67,3.48,,,,0,4,Top,162.0,140.32,,,,,7.434419469055418,-134.14348269621485,-4.0537644024878485,0.4373649850679989,32.840701046101884,-15.045003678132272,3.55,1.66,175.0,59.3,29.0,92.8,2566.0,7.0,778010,640902,691016,649966,609280,805779,664913,668709,671732,53.53,0.446,0.401,0.0,1.0,0.0,0.0,1.0,27,4,Slider,3,0,0,3,0,3,0,3,Infield shade,Standard,196.0,0.017,-0.189,75.2,6.7,0.446,0.189,88.0,3,-3,0.819,0.181,25,28,26,29,2,1,5.0,1.0,7.0,2.0,1.34,-0.19,0.19,47.5,16.444867712313158,-1.2767002898023945,31.35006048331072,24.2640001630758,26.19076799055499
FF,2025-05-07,94.7,-2.25,6.43,"Raleigh, Cal",663728,680684,field_out,hit_into_play,,,,,1.0,Cal Raleigh pops out to third baseman Miguel Andujar in foul territory.,R,L,R,ATH,SEA,X,5.0,popup,3,2,2025,-0.47,1.47,-0.38,3.24,,,677594.0,2,1,Top,100.46,184.11,,,,,5.983944336640884,-137.64369067594615,-5.93571382808751,-7.315419584871381,32.64307792265104,-12.389380548454035,3.55,1.66,71.0,81.1,79.0,95.3,2316.0,6.8,778010,640902,691016,649966,609280,805779,664913,668709,671732,53.66,0.008,0.007,0.0,1.0,0.0,0.0,3.0,4,6,4-Seam Fastball,0,0,0,0,0,0,0,0,Infield shade,Standard,201.0,0.025,-0.294,77.3,7.5,0.008,0.294,88.0,0,0,0.523,0.477,25,28,26,29,1,0,5.0,1.0,7.0,2.0,1.09,0.47,-0.47,54.1,14.728173378293636,-0.5016904162475068,28.514178042238168,36.00760298362796,28.8327524554182
FF,2025-05-07,92.6,-2.01,6.11,"Raleigh, Cal",663728,680880,single,hit_into_play,,,,,2.0,Cal Raleigh singles on a ground ball to right fielder Lawrence Butler. Julio Rodríguez to 2nd.,R,L,R,ATH,SEA,X,9.0,ground_ball,0,0,2025,-0.43,1.13,-0.2,3.17,,,677594.0,2,9,Top,191.87,120.26,,,,,5.614552867016556,-134.65449108896857,-4.165996589418017,-6.454819762303988,31.282670724473636,-17.790559889200928,3.55,1.66,53.0,104.6,-1.0,93.6,1812.0,7.1,778010,640902,691016,649966,609280,805779,664913,668709,671732,53.44,0.496,0.468,0.9,1.0,1.0,0.0,4.0,73,1,4-Seam Fastball,5,6,6,5,6,5,6,5,Infield shade,Standard,220.0,-0.015,0.346,75.5,7.7,0.553,-0.346,104.6,-1,1,0.185,0.815,25,28,25,29,1,4,2.0,1.0,3.0,2.0,1.55,0.43,-0.43,37.9,19.482418146195368,-8.789859045195076,26.582120449730613,35.748919666371215,35.26043190778677
FF,2025-05-06,94.4,-3.36,5.91,"Raleigh, Cal",663728,621053,single,hit_into_play,,,,,13.0,Cal Raleigh singles on a line drive to right fielder Lawrence Butler. Jorge Polanco scores. Julio Rodríguez scores. Leo Rivas to 3rd.,R,L,R,ATH,SEA,X,9.0,line_drive,3,1,2025,-0.91,1.2,-1.0,2.37,593871.0,677594.0,660844.0,1,9,Top,193.8,124.34,,,,,8.174700960834711,-137.11521715976824,-6.114606023964533,-13.438662629402764,33.919704875189055,-15.807085339158752,3.5,1.64,178.0,92.6,13.0,93.8,2257.0,6.3,778024,669127,701762,649966,680474,805779,691016,668709,671732,54.2,0.962,0.917,0.9,1.0,1.0,0.0,4.0,76,5,4-Seam Fastball,3,2,2,3,4,3,4,3,Infield shade,Standard,234.0,-0.321,0.323,79.0,8.5,1.105,-0.323,92.6,1,-1,0.434,0.5660000000000001,31,28,32,29,1,0,1.0,1.0,4.0,1.0,1.39,0.91,-0.91,25.5,22.85836671032836,-13.046178600020966,34.32961284844747,41.93055707982488,37.52960077573113
FF,2025-05-05,96.2,-1.79,6.09,"Raleigh, Cal",663728,622663,field_out,hit_into_play,,,,,1.0,Cal Raleigh lines out sharply to center fielder JJ Bleday.,R,L,R,ATH,SEA,X,8.0,line_drive,2,2,2025,-0.65,1.06,-0.71,3.45,,,,1,5,Top,142.28,66.54,,,,,4.285607034913092,-140.07182578208736,-3.8069696258374464,-9.522132050863432,32.83924610931171,-17.514384410842624,3.51,1.64,332.0,105.0,17.0,95.3,2293.0,5.8,778038,669127,701762,649966,609280,805779,691016,668709,671732,54.67,0.504,0.59,0.0,1.0,0.0,0.0,5.0,43,5,4-Seam Fastball,4,4,4,4,4,4,4,4,Infield shade,Strategic,216.0,0.02,-0.228,69.5,7.1,0.89,0.228,105.0,0,0,0.532,0.4679999999999999,31,28,31,29,3,2,5.0,1.0,6.0,1.0,1.4,0.65,-0.65,38.0,16.50858636388674,9.225500844242106,20.00455961053861,38.36523790589129,24.914419086821553
FF,2025-05-04,97.9,-1.31,5.32,"Raleigh, Cal",663728,594798,field_out,hit_into_play,,,,,14.0,Cal Raleigh pops out to catcher Jonah Heim in foul territory.,R,L,R,TEX,SEA,X,2.0,popup,0,2,2025,-0.71,1.33,0.83,2.36,,,677594.0,2,1,Top,129.68,189.93,,,,,7.455946210683106,-142.19290165854437,-5.486716668953027,-11.490995929117627,38.45760544450587,-13.159071420511395,3.52,1.65,52.0,82.6,78.0,97.7,2485.0,6.7,778052,641680,688760,543760,673962,608369,694671,669701,666969,53.83,0.008,0.007,0.0,1.0,0.0,0.0,3.0,4,3,4-Seam Fastball,0,0,0,0,0,0,0,0,Infield shade,Standard,219.0,0.014,-0.173,69.7,8.3,0.008,0.173,88.0,0,0,0.534,0.4659999999999999,37,28,37,29,1,0,5.0,1.0,6.0,1.0,1.1,0.71,-0.71,26.1,26.387891246639345,-15.99506388375639,46.858110472670184,20.865119285712,33.55440259888481
CH,2025-05-04,85.3,-2.95,5.57,"Raleigh, Cal",663728,657097,field_out,hit_into_play,,,,,11.0,Cal Raleigh flies out to right fielder Adolis García.,R,L,R,TEX,SEA,X,9.0,fly_ball,1,1,2025,-1.28,1.07,-1.2,2.68,,,,1,6,Top,169.14,72.51,,,,,6.699578216658925,-123.86816854833836,-2.460086554165432,-14.591218898748297,30.93333963584612,-20.99284225478857,3.52,1.65,331.0,89.6,28.0,84.3,2184.0,6.3,778052,641680,688760,543760,673962,608369,694671,669701,666969,54.16,0.046,0.054,0.0,1.0,0.0,0.0,3.0,49,3,Changeup,6,1,1,6,1,6,1,6,Infield shade,Standard,241.0,0.007,-0.244,65.4,8.3,0.097,0.244,89.6,5,-5,0.963,0.037,31,28,32,29,1,2,3.0,1.0,3.0,1.0,2.14,1.28,-1.28,34.5,33.84861702110612,-2.2647067020084166,20.614804483735888,47.60032448697537,32.75925086992376
SI,2025-05-03,89.9,2.53,6.07,"Raleigh, Cal",663728,571578,double,hit_into_play,,,,,8.0,Cal Raleigh doubles (7) on a sharp line drive to left fielder Wyatt Langford.,R,R,L,TEX,SEA,X,7.0,line_drive,2,2,2025,1.25,0.63,0.2,2.1,,,,1,1,Top,72.12,58.91,,,,,-8.492322341112033,-130.59267456955288,-5.1922309877272905,16.10826396001906,28.737847505760683,-24.037832912553657,3.51,1.63,329.0,106.8,18.0,90.6,2004.0,6.9,778070,641680,592626,543760,673962,669701,694671,687957,666969,53.62,0.4430666666666667,0.6848333333333332,1.25,1.0,1.0,1.0,6.0,3,5,Sinker,0,1,1,0,1,0,1,0,Standard,Standard,140.0,-0.039,0.668,76.8,7.5,1.2481999999999998,-0.668,106.8,-1,1,0.425,0.575,35,28,36,29,1,0,5.0,1.0,6.0,1.0,2.21,1.25,-1.25,32.6,9.384126407399563,3.828912439295485,39.02130597925763,35.38518423060866,32.844569074219194
CH,2025-05-03,88.3,3.9,5.63,"Raleigh, Cal",663728,676395,single,hit_into_play,,,,,9.0,Cal Raleigh singles on a ground ball to left fielder Wyatt Langford.,R,R,L,TEX,SEA,X,7.0,ground_ball,0,0,2025,1.37,-0.11,0.78,2.21,,,,1,8,Top,115.84,91.38,,,,,-10.430974684818738,-128.23952314415598,-2.0276614492824923,17.21814904624384,25.3880354297459,-33.14162475590573,3.51,1.63,40.0,103.7,-1.0,88.4,1606.0,6.4,778070,641680,592626,543760,673962,669701,694671,687957,666969,54.13,0.443,0.414,0.9,1.0,1.0,0.0,4.0,56,1,Changeup,1,1,1,1,1,1,1,1,Infield shade,Standard,115.0,-0.048,0.414,87.6,7.9,0.496,-0.414,103.7,0,0,0.546,0.4539999999999999,29,28,29,29,1,3,3.0,1.0,3.0,1.0,3.03,1.37,-1.37,31.9,18.218799846414385,10.899585529228302,30.742639365349188,43.670184935093545,31.099592001129892
CU,2025-05-02,83.3,-2.25,5.9,"Raleigh, Cal",663728,683004,home_run,hit_into_play,,,,,13.0,Cal Raleigh hits a grand slam (12) to right field. Rhylan Thomas scores. Jorge Polanco scores. Julio Rodríguez scores.,R,L,R,TEX,SEA,X,,fly_ball,2,2,2025,0.22,-1.0,-0.3,1.32,689041.0,593871.0,677594.0,1,5,Top,226.03,76.55,,,,,4.050064348308123,-121.2166093891894,-2.0188754130478124,1.3075886031064652,26.223889190044343,-41.78190382263151,3.5,1.63,387.0,104.8,30.0,83.1,2666.0,6.4,778083,641680,688760,543760,673962,669701,694671,665750,666969,54.13,0.7133333333333334,1.4232222222222224,2.0,1.0,0.0,3.0,6.0,34,5,Curveball,0,1,1,0,5,0,5,0,Standard,Standard,24.0,-0.2,0.996,74.6,8.7,2.8105,-0.996,104.8,-1,1,0.269,0.731,25,28,25,29,3,2,5.0,2.0,6.0,1.0,4.32,-0.22,0.22,49.0,19.89039626375908,-15.40036664311486,38.11601747811205,36.6131218351552,45.50422255907253
SL,2025-05-02,86.9,-2.42,5.76,"Raleigh, Cal",663728,683004,home_run,hit_into_play,,,,,5.0,Cal Raleigh homers (11) on a fly ball to right field.,R,L,R,TEX,SEA,X,,fly_ball,0,0,2025,0.2,0.28,-0.26,2.87,,,,0,4,Top,245.85,69.58,,,,,4.792305977096476,-126.39017764341632,-1.2448399328954345,0.9899580369335008,29.087911678997596,-29.146734725415055,3.5,1.63,432.0,110.7,33.0,86.8,2589.0,6.5,778083,641680,688760,543760,673962,669701,694671,665750,666969,53.98,0.9668,2.0,2.0,1.0,0.0,3.0,6.0,22,1,Slider,0,0,0,0,1,0,1,0,Infield shade,Standard,112.0,-0.123,1.114,79.7,8.4,3.8732,-1.114,110.7,0,0,0.5,0.5,25,28,25,29,2,1,5.0,2.0,6.0,1.0,2.77,-0.2,0.2,52.8,21.24807138104037,-15.943618802150183,33.796118655923756,35.25934519528734,40.896066206383715
FF,2025-05-02,92.5,1.75,6.02,"Raleigh, Cal",663728,656641,field_out,hit_into_play,,,,,14.0,"Cal Raleigh grounds out, second baseman Marcus Semien to first baseman Blaine Crim.",R,R,L,TEX,SEA,X,4.0,ground_ball,3,1,2025,0.84,1.59,0.36,1.38,,,,0,6,Top,141.88,158.68,,,,,-5.4079705182654365,-134.20310619812346,-9.438942550602157,11.388460159530888,32.490258045026806,-11.05148937452154,3.5,1.63,2.0,89.1,-33.0,92.5,2230.0,6.7,778083,641680,688760,543760,673962,669701,694671,665750,666969,53.76,0.041,0.042,0.0,1.0,0.0,0.0,2.0,47,5,4-Seam Fastball,0,10,10,0,10,0,10,0,Standard,Standard,151.0,0.0,-0.439,72.8,8.6,0.041,0.439,89.1,-10,10,0.002,0.998,29,28,29,29,1,3,1.0,2.0,6.0,1.0,1.12,0.84,-0.84,49.8,21.668834105771904,-14.60208587374619,33.557659552012574,37.38266884808485,44.89729123798542
FF,2025-05-02,97.6,-2.38,5.62,"Raleigh, Cal",663728,683004,field_out,hit_into_play,,,,,6.0,Cal Raleigh flies out to right fielder Adolis García.,R,L,R,TEX,SEA,X,9.0,fly_ball,3,2,2025,-0.7,1.44,0.32,2.84,,641487.0,593871.0,1,1,Top,180.64,113.17,,,,,8.93536638509972,-141.70885062269102,-5.254919952951384,-11.509435552236305,34.67869885936056,-11.791127362856791,3.5,1.63,261.0,75.3,40.0,98.0,2316.0,6.8,778083,641680,688760,543760,673962,669701,694671,665750,666969,53.71,0.175,0.175,0.0,1.0,0.0,0.0,3.0,4,6,4-Seam Fastball,0,0,0,0,0,0,0,0,Infield shade,Standard,214.0,0.054,-0.31,73.6,7.3,0.226,0.31,88.0,0,0,0.451,0.5489999999999999,25,28,25,29,1,0,5.0,2.0,6.0,1.0,0.98,0.7,-0.7,44.5,14.783764559290582,-2.1521104897795684,36.12271887014463,28.004293553821828,33.24748240615775
CH,2025-04-30,78.7,1.38,6.5,"Raleigh, Cal",663728,542881,field_out,hit_into_play,,,,,14.0,"Cal Raleigh grounds out, shortstop Zach Neto to first baseman Nolan Schanuel.",R,R,L,SEA,LAA,X,6.0,ground_ball,2,2,2025,1.18,1.03,1.39,1.52,,,,2,5,Bot,110.86,156.64,,,,,-2.135534707444237,-114.42582098810269,-5.766009502746687,10.729058517389449,22.77695174318795,-22.28106053936841,3.55,1.64,6.0,61.2,-18.0,77.6,1922.0,5.7,778104,681351,694384,621028,650859,687263,672569,677347,666176,54.78,0.056,0.05,0.0,1.0,0.0,0.0,2.0,46,7,Changeup,3,3,3,3,3,3,3,3,Infield shade,Standard,136.0,-0.014,-0.224,62.3,8.5,0.064,0.224,88.0,0,0,0.514,0.514,35,28,36,29,3,2,6.0,1.0,6.0,2.0,2.68,1.18,-1.18,58.4,22.403949074572377,-15.37033712133214,28.61134777832636,49.28032222035567,49.30638588526923
FF,2025-04-30,89.8,1.62,6.11,"Raleigh, Cal",663728,542881,field_error,hit_into_play,,,,,9.0,Cal Raleigh reaches on a throwing error by third baseman Luis Rengifo.,R,R,L,SEA,LAA,X,5.0,ground_ball,3,2,2025,0.73,1.56,0.76,1.97,,,,0,3,Bot,106.39,171.35,,,,,-3.68195941722132,-130.63709655442594,-7.526274142538138,9.164213370025768,27.983675768168396,-12.89998657193414,3.55,1.64,7.0,73.0,-16.0,89.5,2178.0,6.1,778104,681351,694384,621028,650859,687263,672569,677347,545361,54.36,0.046,0.044,0.9,1.0,0.0,0.0,2.0,27,6,4-Seam Fastball,2,2,2,2,2,2,2,2,Infield shade,Standard,153.0,0.034,0.399,78.2,8.5,0.046,-0.399,88.0,0,0,0.561,0.561,35,28,36,29,2,1,6.0,1.0,6.0,2.0,1.27,0.73,-0.73,50.7,19.91397284588691,-20.47633609022427,31.10581353432623,40.330674676663094,44.079150142137536
SL,2025-04-30,85.9,1.3,5.93,"Raleigh, Cal",663728,672282,single,hit_into_play,,,,,9.0,Cal Raleigh singles on a ground ball to left fielder Gustavo Campero. Julio Rodríguez scores.,R,R,L,SEA,LAA,X,7.0,ground_ball,1,1,2025,-0.34,-0.64,0.37,1.54,,677594.0,,0,7,Bot,80.54,131.3,,,,,-1.5158559764555333,-125.24689016666754,-2.9237112715802027,-3.277746130300444,23.170625636186312,-38.55968931487263,3.55,1.64,3.0,65.7,-29.0,86.0,2556.0,6.0,778104,681351,694384,621028,650859,687263,672569,677347,666176,54.46,0.033,0.038,0.9,1.0,1.0,0.0,2.0,64,3,Slider,6,3,6,3,3,7,7,3,Infield shade,Standard,301.0,0.019,0.54,75.2,8.0,0.033,-0.54,88.0,3,3,0.956,0.956,25,28,26,29,1,3,4.0,1.0,1.0,2.0,3.69,-0.34,0.34,42.2,9.903350728194027,-6.049006231396409,36.39617119205686,39.735580573028834,38.53270047735029
FF,2025-04-30,92.4,1.47,5.63,"Raleigh, Cal",663728,671109,field_out,hit_into_play,,,,,4.0,Cal Raleigh pops out to first baseman Nolan Schanuel.,R,R,L,SEA,LAA,X,3.0,popup,3,1,2025,0.94,1.11,-0.63,2.54,,,,2,8,Bot,153.03,160.2,,,,,-7.472717205225732,-134.33846495521564,-4.468250274674238,13.051171758354092,31.090865412222907,-17.924981593408738,3.55,1.64,109.0,65.0,67.0,92.9,2071.0,6.8,778104,681351,694384,621028,650859,687263,672569,677347,666176,53.7,0.001,0.0,0.0,1.0,0.0,0.0,3.0,76,5,4-Seam Fastball,9,3,9,3,3,9,9,3,Infield shade,Standard,131.0,0.0,-0.414,71.6,6.8,0.001,0.414,88.0,6,6,0.997,0.997,26,28,27,29,1,4,3.0,1.0,2.0,2.0,1.58,0.94,-0.94,37.4,6.508657091494294,-0.7587789278839442,37.92167617431749,27.207083279323943,34.032928207943534
FF,2025-04-30,89.3,1.63,6.35,"Raleigh, Cal",663728,542881,field_out,hit_into_play,,,,,12.0,Cal Raleigh flies out to left fielder Gustavo Campero.,R,R,L,SEA,LAA,X,7.0,fly_ball,2,2,2025,0.48,1.68,0.49,3.86,,,,2,1,Bot,33.43,102.56,,,,,-3.756734148833857,-130.00999407276308,-3.6523221114638744,6.176516632804151,26.572208965325633,-12.501430368066565,3.55,1.64,328.0,93.7,32.0,88.8,2096.0,5.9,778104,681351,694384,621028,650859,687263,672569,677347,545361,54.63,0.122,0.225,0.0,1.0,0.0,0.0,3.0,9,5,4-Seam Fastball,0,1,0,1,1,0,0,1,Infield shade,Standard,158.0,-0.009,-0.224,72.6,7.2,0.423,0.224,93.7,-1,-1,0.406,0.406,35,28,36,29,1,0,6.0,1.0,6.0,2.0,1.17,0.48,-0.48,53.0,18.25793009088213,-10.965691138598784,23.586944906290004,40.085497777636014,40.52457135066586
SI,2025-04-29,95.5,-1.87,5.82,"Raleigh, Cal",663728,686799,field_out,hit_into_play,,,,,7.0,"Cal Raleigh grounds out, second baseman Kyren Paris to first baseman Nolan Schanuel.",R,L,R,SEA,LAA,X,4.0,ground_ball,0,1,2025,-1.32,0.22,-0.62,1.86,,,,2,2,Bot,153.54,157.16,,,,,6.266310883534967,-138.83544864105752,-5.284041767577962,-18.45916190127927,32.010306342953605,-28.26505220316792,3.55,1.64,13.0,84.4,-8.0,95.4,2074.0,6.4,778121,681351,694384,677347,650859,687263,621493,666176,545361,54.12,0.119,0.101,0.0,1.0,0.0,0.0,2.0,20,2,Sinker,3,0,3,0,0,3,3,0,Infield shade,Standard,234.0,-0.005,-0.217,76.1,7.5,0.145,0.217,88.0,3,3,0.799,0.799,24,28,25,29,2,1,6.0,2.0,5.0,1.0,2.29,1.32,-1.32,27.2,14.844667063100632,1.3186059101150245,39.615621294979256,38.85355644516962,33.72687063508718
FF,2025-04-29,97.5,-1.35,6.17,"Raleigh, Cal",663728,820862,single,hit_into_play,,,,,6.0,Cal Raleigh singles on a fly ball to right fielder Mike Trout.,R,L,R,SEA,LAA,X,9.0,fly_ball,2,2,2025,-0.98,1.56,0.36,2.56,,,,1,7,Bot,173.06,124.45,,,,,6.815662301817033,-141.6981180813381,-7.752183012799126,-14.726726175454925,32.87602969679398,-9.604426413087843,3.55,1.64,193.0,64.3,26.0,97.3,2385.0,6.3,778121,681351,694384,677347,650859,687263,621493,666176,545361,54.22,0.767,0.69,0.9,1.0,1.0,0.0,4.0,57,6,4-Seam Fastball,5,1,5,1,1,5,5,1,Infield shade,Standard,219.0,0.003,0.44,74.7,7.4,0.794,-0.44,88.0,4,4,0.968,0.968,23,28,24,29,1,3,3.0,2.0,2.0,1.0,0.85,0.98,-0.98,45.8,17.72308590032272,1.965615818190344,40.17797685605445,27.60562462308923,27.181950500957747
CH,2025-04-27,90.2,-1.63,5.45,"Raleigh, Cal",663728,676974,field_out,hit_into_play,,,,,4.0,"Cal Raleigh grounds out, first baseman Matt Mervis to pitcher Max Meyer.",R,L,R,SEA,MIA,X,3.0,ground_ball,1,1,2025,-1.22,-0.05,-0.56,2.29,,677594.0,593871.0,2,4,Bot,155.56,167.3,,,,,5.260968295295324,-131.287376907055,-1.8079963894974176,-15.177651263453138,27.939722715713717,-32.53952005734509,3.55,1.64,26.0,102.8,-4.0,90.3,1713.0,6.4,778136,689414,670223,672640,681393,669364,676572,660821,669065,54.14,0.37,0.331,0.0,1.0,0.0,0.0,2.0,36,3,Changeup,5,1,5,1,1,5,5,1,Standard,Standard,237.0,-0.013,-0.253,77.0,8.1,0.409,0.253,102.8,4,4,0.909,0.909,26,28,26,29,3,2,6.0,1.0,6.0,2.0,2.85,1.22,-1.22,37.3,18.68253449496981,-5.067822426884413,32.176503062740615,37.63772371601702,33.76276018853954
FF,2025-04-27,93.3,-1.04,5.93,"Raleigh, Cal",663728,663969,field_out,hit_into_play,,,,,5.0,Cal Raleigh flies out to right fielder Kyle Stowers.,R,L,R,SEA,MIA,X,9.0,fly_ball,1,0,2025,-0.13,0.95,0.03,2.52,,593871.0,,1,8,Bot,177.21,134.86,,,,,3.0677166476084308,-135.87900418619247,-5.150167808468395,-2.3174437781839115,28.8761479746766,-19.471063700763786,3.55,1.64,205.0,93.0,57.0,93.7,2351.0,6.4,778136,689414,670223,672640,681393,669364,676572,660821,669065,54.07,0.018,0.02,0.0,1.0,0.0,0.0,3.0,75,2,4-Seam Fastball,7,6,7,6,6,7,7,6,Infield shade,Standard,211.0,-0.023,-0.29,79.9,8.3,0.03,0.29,93.0,1,1,0.881,0.881,27,28,28,29,1,4,1.0,1.0,2.0,2.0,1.66,0.13,-0.13,31.6,20.006905242359423,-14.939459783617831,34.23451837220278,31.613535299691357,37.00923934641825
FF,2025-04-27,95.5,-1.43,5.6,"Raleigh, Cal",663728,676974,home_run,hit_into_play,,,,,8.0,Cal Raleigh homers (10) on a fly ball to right field.,R,L,R,SEA,MIA,X,,fly_ball,0,0,2025,-0.95,1.27,-0.18,2.23,,,,2,1,Bot,211.58,76.8,,,,,5.446061072592267,-138.85826551313343,-6.107000809766976,-13.52057495183974,31.00873666670489,-14.56960724665928,3.55,1.64,368.0,101.2,35.0,95.7,2567.0,6.4,778136,689414,670223,672640,681393,669364,676572,660821,669065,54.06,0.4728181818181818,0.9493636363636364,2.0,1.0,0.0,3.0,5.0,7,1,4-Seam Fastball,0,1,0,1,1,1,1,1,Infield shade,Standard,230.0,0.103,2.596,74.5,8.2,1.8572727272727272,-2.596,101.2,-1,-1,0.407,0.407,26,28,26,29,1,0,6.0,1.0,6.0,2.0,1.23,0.95,-0.95,32.7,17.11837217495047,-15.618461168905167,39.202443204288535,34.239414643211816,37.57885950084629
CH,2025-04-26,86.1,-1.93,5.45,"Raleigh, Cal",663728,687362,double,hit_into_play,,,,,13.0,"Cal Raleigh hits a ground-rule double (6) on a ground ball down the right-field line, on fan interference. Jorge Polanco to 3rd.",R,L,R,SEA,MIA,X,,ground_ball,0,1,2025,-1.36,0.53,-0.43,1.39,,,593871.0,0,2,Bot,171.18,161.61,,,,,6.256428678442907,-125.26149186384832,-4.443999087932723,-15.588430611993283,24.377227070431157,-25.916441533075822,3.55,1.64,48.0,86.5,2.0,85.4,1907.0,5.8,778154,682663,676572,672640,681393,669364,669065,667472,660821,54.73,0.294,0.257,1.25,1.0,1.0,1.0,2.0,20,2,Changeup,6,0,6,0,0,6,6,0,Infield shade,Standard,231.0,0.018,0.774,79.7,8.3,0.341,-0.774,88.0,6,6,0.953,0.953,27,28,28,29,2,1,6.0,1.0,,1.0,2.54,1.36,-1.36,,22.14159387773227,-7.705815853004019,42.25774940539991,36.19900774365292,39.13559937485195
FS,2025-04-25,87.8,-1.26,6.3,"Raleigh, Cal",663728,615698,field_out,hit_into_play,,,,,13.0,Cal Raleigh flies out to center fielder Jesús Sánchez.,R,L,R,SEA,MIA,X,8.0,fly_ball,1,2,2025,-0.93,1.2,-1.28,2.45,,,,1,4,Bot,142.56,52.89,,,,,1.8911112590671115,-127.69037232550455,-5.66514273331988,-10.556045671265238,27.65629487211328,-18.05056990445123,3.55,1.65,363.0,97.0,35.0,87.6,1459.0,6.3,778175,689414,670223,691594,681393,669364,676572,660821,669065,54.17,0.1987499999999999,0.379,0.0,1.0,0.0,0.0,3.0,24,5,Split-Finger,1,0,1,0,0,1,1,0,Infield shade,Standard,224.0,-0.011,-0.18,73.3,8.0,0.748,0.18,97.0,1,1,0.66,0.66,30,28,30,29,2,1,6.0,1.0,5.0,1.0,1.77,0.93,-0.93,48.1,16.317478404915665,-3.951259144913299,25.75576584742629,46.2954195006228,35.009268202577445
FC,2025-04-25,90.3,-1.48,5.74,"Raleigh, Cal",663728,676534,single,hit_into_play,,,,,4.0,Cal Raleigh singles on a line drive to right fielder Jesús Sánchez. Julio Rodríguez to 3rd.,R,L,R,SEA,MIA,X,9.0,line_drive,2,0,2025,0.37,-0.17,-0.82,2.33,,,677594.0,2,8,Bot,195.62,112.51,,,,,0.8585385257862679,-131.63990859445153,-2.231695855050785,4.193504416204838,25.753178724559938,-33.92678452155606,3.55,1.65,189.0,93.9,13.0,90.0,2832.0,5.8,778175,689414,670223,672640,681393,669364,669065,667472,660821,54.66,0.957,0.911,0.9,1.0,1.0,0.0,4.0,65,3,Cutter,4,8,4,8,8,4,4,8,Infield shade,Standard,104.0,0.013,0.263,77.3,8.3,1.115,-0.263,93.9,-4,-4,0.03,0.03,29,28,30,29,1,3,3.0,1.0,3.0,1.0,2.94,-0.37,0.37,42.6,21.079573169695156,-7.699219618673818,30.862381791675396,41.67490023342031,38.52685855039999
FC,2025-04-25,89.3,-1.16,6.33,"Raleigh, Cal",663728,615698,field_out,hit_into_play,,,,,8.0,Cal Raleigh lines out to center fielder Jesús Sánchez.,R,L,R,SEA,MIA,X,8.0,line_drive,0,1,2025,0.12,0.87,0.21,2.09,,,,2,1,Bot,156.56,79.23,,,,,3.125887918990647,-130.089763492261,-6.3486929006913915,0.8038078126481636,23.660212078255515,-21.16778827601723,3.55,1.65,307.0,87.7,24.0,89.7,2366.0,6.2,778175,689414,670223,691594,681393,669364,676572,660821,669065,54.33,0.137,0.138,0.0,1.0,0.0,0.0,3.0,6,2,Cutter,0,0,0,0,0,0,0,0,Infield shade,Standard,187.0,-0.008,-0.217,75.5,7.4,0.215,0.217,88.0,0,0,0.508,0.508,30,28,30,29,1,0,6.0,1.0,5.0,1.0,1.95,-0.12,0.12,45.3,12.070719151472142,0.3371368431433599,40.6859510226077,29.855580981034535,29.83221549973684
FF,2025-04-24,95.8,2.66,6.07,"Raleigh, Cal",663728,676979,field_out,hit_into_play,,,,,2.0,"Cal Raleigh grounds out, third baseman Alex Bregman to first baseman Triston Casas.",R,R,L,BOS,SEA,X,5.0,ground_ball,0,0,2025,0.31,1.44,0.22,3.23,,641487.0,,2,2,Top,96.68,155.08,,,,,-7.1963321181980495,-139.32919298157898,-5.141612860792687,5.677688411773565,32.88794145200273,-12.498250638261744,3.57,1.67,4.0,61.5,-39.0,96.4,2478.0,6.8,778196,665966,671213,666152,608324,596115,680776,692225,677800,53.71,0.111,0.098,0.0,1.0,0.0,0.0,2.0,16,1,4-Seam Fastball,1,4,4,1,4,1,4,1,Standard,Standard,145.0,0.022,-0.288,75.1,8.0,0.111,0.288,88.0,-3,3,0.231,0.769,26,28,26,29,2,1,5.0,1.0,5.0,1.0,1.06,0.31,-0.31,33.7,23.59123872706463,-27.02946366757777,25.85381053551964,38.738872089738784,47.904404785913215
CH,2025-04-24,87.5,-1.73,5.71,"Raleigh, Cal",663728,692285,field_out,hit_into_play,,,,,13.0,Cal Raleigh flies out to right fielder Wilyer Abreu.,R,L,R,BOS,SEA,X,9.0,fly_ball,0,2,2025,-1.46,0.2,-0.25,1.45,,,,2,8,Top,219.05,103.2,,,,,6.458963392330087,-127.2661830441158,-4.490295617296643,-17.15974452447536,26.289631312411597,-29.303042705246774,3.57,1.67,327.0,97.3,27.0,86.3,1962.0,5.5,778196,665966,671213,666152,608324,596115,680776,692225,677800,54.97,0.2631875,0.4569999999999999,0.0,1.0,0.0,0.0,5.0,65,3,Changeup,2,4,4,2,4,2,4,2,Infield shade,Standard,242.0,0.005,-0.16,67.4,8.3,0.8785000000000001,0.16,97.3,-2,2,0.162,0.838,24,28,25,29,1,4,,1.0,2.0,1.0,2.78,1.46,-1.46,25.9,16.191013188845865,-14.422364653605577,39.350478064579995,34.59422434309393,43.21344246726891
CU,2025-04-23,79.1,2.55,6.16,"Raleigh, Cal",663728,656794,field_out,hit_into_play,,,,,9.0,Cal Raleigh flies out to center fielder Ceddanne Rafaela.,R,R,L,BOS,SEA,X,8.0,fly_ball,0,2,2025,-1.09,-1.3,0.34,2.16,,,,2,4,Top,108.14,65.78,,,,,-2.7529066508239337,-115.08969845523784,0.6142796762999687,-8.876283480632503,26.057717220832203,-43.89716482954089,3.54,1.67,332.0,98.5,41.0,77.4,2971.0,5.6,778207,666165,671213,663853,608324,596115,680776,678882,677800,54.92,0.053,0.081,0.0,1.0,0.0,0.0,3.0,32,3,Curveball,0,4,4,0,4,0,4,0,Standard,Standard,322.0,0.003,-0.16,68.0,7.5,0.158,0.16,98.5,-4,4,0.141,0.859,32,28,32,29,3,2,7.0,1.0,4.0,1.0,5.01,-1.09,1.09,36.0,20.55135606960002,-4.445678172102856,33.49374948806355,38.18112663353588,42.97431598543531
SI,2025-04-23,92.4,2.79,5.17,"Raleigh, Cal",663728,657514,field_out,hit_into_play,,,,,12.0,Cal Raleigh flies out to center fielder Ceddanne Rafaela.,R,R,L,BOS,SEA,X,8.0,fly_ball,2,1,2025,1.62,0.37,1.11,3.23,,,677594.0,2,6,Top,117.11,50.06,,,,,-7.6758564690379005,-134.20575725170025,0.1393817532999609,21.266540895717934,33.4030847799851,-27.999558571053928,3.54,1.67,369.0,97.7,28.0,90.5,2297.0,5.6,778207,666165,671213,663853,608324,596115,680776,678882,677800,54.9,0.3347894736842104,0.6084736842105264,0.0,1.0,0.0,0.0,6.0,52,4,Sinker,2,6,6,2,6,2,6,2,Infield shade,Standard,124.0,0.009,-0.309,71.3,7.3,1.1846315789473685,0.309,97.7,-4,4,0.089,0.911,33,28,33,29,1,3,3.0,1.0,3.0,1.0,2.34,1.62,-1.62,20.3,25.635163987526337,10.853335759266496,25.226423660015357,46.90052536779416,30.632650531109572
CH,2025-04-22,89.0,-1.75,5.15,"Raleigh, Cal",663728,678394,field_out,hit_into_play,,,,,5.0,Cal Raleigh flies out to left fielder Jarren Duran.,R,L,R,BOS,SEA,X,7.0,fly_ball,2,1,2025,-1.31,0.72,0.01,2.72,,677594.0,593871.0,1,5,Top,104.85,106.68,,,,,7.081940357794354,-129.44811602041833,-1.4034161817922632,-16.206799195655222,29.062272548018093,-24.057663511026536,3.54,1.67,265.0,84.3,26.0,89.0,1832.0,6.5,778224,665966,671213,692225,608324,596115,680776,678882,677800,54.0,0.114,0.107,0.0,1.0,0.0,0.0,3.0,39,4,Changeup,2,1,1,2,1,2,1,2,Infield shade,Standard,247.0,0.074,-0.276,71.8,6.6,0.165,0.276,88.0,1,-1,0.571,0.429,26,28,26,29,3,2,,2.0,5.0,1.0,2.18,1.31,-1.31,25.8,4.745716072936217,10.200767874148918,42.405969609849166,30.01441217318314,27.155052795488555
CH,2025-04-22,89.9,-1.57,5.04,"Raleigh, Cal",663728,678394,double,hit_into_play,,,,,8.0,Cal Raleigh doubles (5) on a line drive to right fielder Wilyer Abreu.,R,L,R,BOS,SEA,X,9.0,line_drive,2,2,2025,-1.59,0.79,-0.1,1.8,,,,1,3,Top,187.93,100.6,,,,,7.023326759841915,-130.61036232278374,-3.657212021856103,-19.676938752637536,31.16566230449173,-22.562965852417943,3.54,1.67,120.0,93.9,9.0,89.5,2050.0,6.4,778224,665966,671213,692225,608324,596115,680776,678882,677800,54.06,0.615,0.573,1.25,1.0,1.0,1.0,4.0,20,5,Changeup,1,1,1,1,1,1,1,1,Infield shade,Standard,241.0,-0.049,0.668,77.5,8.0,0.693,-0.668,93.9,0,0,0.527,0.473,26,28,26,29,2,1,,2.0,5.0,1.0,2.07,1.59,-1.59,25.9,21.733217841181062,-12.39445191312706,40.30087415684281,32.02161986622617,41.13574003529216
CH,2025-04-22,83.9,-2.18,5.74,"Raleigh, Cal",663728,676477,field_out,hit_into_play,,,,,4.0,Cal Raleigh flies out to center fielder Ceddanne Rafaela.,R,L,R,BOS,SEA,X,8.0,fly_ball,3,2,2025,-1.38,-0.18,-0.75,2.31,,,,0,7,Top,128.62,94.89,,,,,6.184853236658007,-121.91948545160054,-1.082474572476934,-15.045525956289064,26.549437769741893,-33.97588286550507,3.54,1.67,261.0,79.0,39.0,85.3,2164.0,7.5,778224,665966,671213,692225,608324,596115,680776,678882,677800,52.99,0.02,0.018,0.0,1.0,0.0,0.0,3.0,61,7,Changeup,4,3,3,4,3,4,3,4,Infield shade,Standard,265.0,0.055,-0.345,74.1,7.8,0.02,0.345,88.0,1,-1,0.681,0.3189999999999999,29,28,29,29,1,3,3.0,2.0,5.0,1.0,3.46,1.38,-1.38,35.9,12.012865733664258,2.4212448713833123,26.05129903103006,40.10274433765392,33.88894914376868
FF,2025-04-22,94.7,-1.73,5.92,"Raleigh, Cal",663728,521230,field_out,hit_into_play,,,,,1.0,Cal Raleigh flies out to center fielder Ceddanne Rafaela.,R,L,R,BOS,SEA,X,8.0,fly_ball,0,0,2025,-0.26,1.34,-0.29,3.01,,,,2,9,Top,97.76,57.54,,,,,4.400920161120602,-137.81030957930383,-4.947804055023682,-4.287613412012377,30.593853734992344,-14.183718046994231,3.54,1.67,344.0,96.0,33.0,95.6,2320.0,6.8,778224,665966,671213,692225,608324,596115,680776,678882,677800,53.72,0.1854,0.3537,0.0,1.0,0.0,0.0,5.0,82,1,4-Seam Fastball,8,3,3,8,3,8,3,8,Infield shade,Standard,199.0,0.001,-0.26,77.4,6.9,0.7010000000000001,0.26,96.0,5,-5,0.999,0.001,36,28,36,29,1,4,2.0,2.0,2.0,1.0,1.2,0.26,-0.26,52.0,7.917608954255452,9.957568125537174,26.753153588816577,35.57610897235298,26.021232221086155
SL,2025-04-20,86.4,2.55,6.18,"Raleigh, Cal",663728,687922,home_run,hit_into_play,,,,,5.0,Cal Raleigh homers (9) on a fly ball to left field. Julio Rodríguez scores.,R,R,L,TOR,SEA,X,,fly_ball,2,1,2025,-0.26,0.16,-0.02,2.78,,677594.0,,0,1,Top,19.62,76.63,,,,,-5.566702930931786,-125.7209798652542,-2.174126117166082,-1.545757962725285,27.538130697720128,-30.187324832511365,3.54,1.68,398.0,110.7,28.0,85.8,2312.0,6.1,778241,623168,665489,665926,695238,666182,664770,543807,680718,54.41,0.9824999999999998,1.989,2.0,1.0,0.0,3.0,6.0,3,4,Slider,0,1,1,0,3,0,3,0,Standard,Standard,251.0,-0.111,0.963,74.8,7.9,3.93325,-0.963,110.7,-1,1,0.347,0.653,28,28,29,29,1,0,6.0,1.0,41.0,2.0,2.91,-0.26,0.26,45.4,20.846074155419267,-9.841412100450048,34.76947748308295,33.99460609530003,41.414415492188326
CH,2025-04-19,87.8,-2.1,5.64,"Raleigh, Cal",663728,621244,double,hit_into_play,,,,,8.0,"Blue Jays challenged (fair or foul in outfield), call on the field was upheld: Cal Raleigh doubles (4) on a line drive to right fielder Anthony Santander. Ben Williamson scores. J.P. Crawford scores.",R,L,R,TOR,SEA,X,9.0,line_drive,1,0,2025,-0.92,0.55,-0.16,1.81,810938.0,641487.0,,2,5,Top,216.63,112.31,,,,,6.644180971713243,-127.50935391071584,-4.19186768902664,-11.564463071830932,30.81874283587673,-25.420141087768393,3.53,1.67,310.0,109.9,21.0,87.4,1660.0,6.5,778258,672386,665489,665926,676391,666182,702176,664702,623993,53.98,0.8553243243243245,1.5903513513513516,1.25,1.0,1.0,1.0,6.0,41,2,Changeup,1,0,0,1,2,1,2,1,Standard,Standard,253.0,-0.245,0.861,80.7,8.8,3.0621081081081076,-0.861,109.9,1,-1,0.623,0.377,31,28,31,29,3,2,6.0,1.0,6.0,1.0,2.46,0.92,-0.92,39.0,29.811884565880984,-10.642944151484471,41.17898402305095,34.73650335427146,39.13556122037383
FF,2025-04-19,93.2,-2.06,5.64,"Raleigh, Cal",663728,621244,single,hit_into_play,,,,,4.0,Cal Raleigh singles on a ground ball to second baseman Andrés Giménez.,R,L,R,TOR,SEA,X,4.0,ground_ball,0,0,2025,-0.92,1.33,-0.59,2.3,,,,0,4,Top,160.09,144.33,,,,,5.836385254008664,-135.48240770243993,-5.667366445279993,-12.689006746530383,34.120902524152335,-14.799455547831265,3.53,1.67,53.0,96.0,1.0,93.0,2169.0,6.6,778258,672386,665489,665926,676391,666182,702176,664702,623993,53.93,0.494,0.487,0.9,1.0,1.0,0.0,4.0,28,1,4-Seam Fastball,1,0,0,1,0,1,0,1,Infield shade,Standard,231.0,-0.047,0.438,80.0,7.9,0.586,-0.438,96.0,1,-1,0.623,0.377,31,28,31,29,2,1,6.0,1.0,6.0,1.0,1.33,0.92,-0.92,37.8,22.133706138169877,0.2174383312455833,36.295333622133015,38.38867538908626,33.3595747585097
KC,2025-04-19,86.8,1.84,6.15,"Raleigh, Cal",663728,663893,force_out,hit_into_play,,,,,6.0,"Cal Raleigh grounds into a force out, shortstop Bo Bichette to second baseman Andrés Giménez. Mitch Garver out at 2nd.",R,R,L,TOR,SEA,X,6.0,ground_ball,2,2,2025,-0.2,-0.86,0.76,2.35,,,641598.0,2,7,Top,102.39,148.0,,,,,-2.130507936456816,-126.34868454337324,-1.0877867806601302,-1.7107615166766792,27.92924359369248,-41.30338811413801,3.53,1.67,13.0,98.5,-11.0,85.6,1880.0,5.7,778258,672386,665489,665926,676391,666182,702176,664702,623993,54.79,0.205,0.185,0.0,1.0,0.0,0.0,2.0,60,5,Knuckle Curve,3,3,3,3,3,3,3,3,Standard,Standard,331.0,0.037,-0.216,78.1,7.7,0.205,0.216,98.5,0,0,0.551,0.4489999999999999,28,28,29,29,1,3,3.0,1.0,3.0,1.0,3.9,-0.2,0.2,35.8,14.029447766390453,-3.6033266430294737,30.029322220272867,42.6728644476156,37.5929014452374
FS,2025-04-18,80.8,-2.24,5.97,"Raleigh, Cal",663728,670102,single,hit_into_play,,,,,4.0,"Cal Raleigh singles on a sharp line drive to right fielder Addison Barger. Cal Raleigh out at 2nd on the throw, right fielder Addison Barger to shortstop Bo Bichette.",R,L,R,TOR,SEA,X,9.0,line_drive,0,0,2025,-0.52,0.29,-0.65,2.68,,,,1,4,Top,218.98,97.95,,,,,4.621419400590543,-117.47821008842814,-1.125090369264328,-5.762727482535192,25.221125193560532,-29.536139129245612,3.52,1.67,277.0,107.9,19.0,81.6,885.0,7.2,778273,672386,665489,665926,695238,666182,702176,543807,680718,53.31,0.6161612903225805,1.0279354838709678,0.9,1.0,1.0,0.0,6.0,25,1,Split-Finger,2,1,1,2,1,2,1,2,Infield shade,Standard,234.0,0.02,0.414,74.5,8.2,1.8940967741935488,-0.414,107.9,1,-1,0.652,0.348,29,28,29,29,2,1,6.0,1.0,5.0,1.0,3.25,0.52,-0.52,39.9,21.503982606340816,-9.107067100188337,29.924124561681772,39.59064752656858,40.46625950385277
FS,2025-04-18,91.2,-2.74,5.76,"Raleigh, Cal",663728,656546,field_out,hit_into_play,,,,,11.0,Cal Raleigh pops out to third baseman Ernie Clement.,R,L,R,TOR,SEA,X,5.0,popup,1,0,2025,-1.28,0.81,-1.14,3.08,,,,0,9,Top,74.56,150.26,,,,,6.8354119719368684,-132.62496132429857,-2.545245530598037,-16.58630925774759,31.116049262631492,-22.29857205960629,3.52,1.67,177.0,88.3,65.0,91.4,1658.0,6.7,778273,672386,665489,665926,676391,666182,702176,664702,543807,53.83,0.005,0.005,0.0,1.0,0.0,0.0,3.0,63,2,Split-Finger,3,1,1,3,1,3,1,3,Infield shade,Standard,240.0,0.047,-0.301,76.7,7.6,0.005,0.301,88.3,2,-2,0.916,0.0839999999999999,32,28,32,29,1,3,2.0,1.0,5.0,1.0,1.96,1.28,-1.28,34.3,13.040949472842144,0.4981817554081832,24.653221989882365,46.22474176716277,31.18819783270103
FF,2025-04-17,89.3,-1.6,5.44,"Raleigh, Cal",663728,663903,single,hit_into_play,,,,,3.0,Cal Raleigh singles on a ground ball to left fielder Blake Dunn. Julio Rodríguez scores. Jorge Polanco to 3rd.,R,L,R,CIN,SEA,X,7.0,ground_ball,0,1,2025,-0.38,1.23,0.74,3.25,677594.0,593871.0,,0,5,Top,112.44,130.3,,,,,6.648372663441148,-129.91465574977684,-1.9810562777249023,-5.685979703751958,26.39043896634211,-18.003394498325683,3.51,1.68,125.0,55.5,26.0,90.6,2331.0,7.0,778285,642851,600869,666158,669289,682829,694362,670770,641584,53.5,0.261,0.235,0.9,1.0,1.0,0.0,1.0,36,2,4-Seam Fastball,2,2,2,2,3,2,3,2,Infield shade,Standard,213.0,-0.093,0.56,61.1,5.8,0.261,-0.56,88.0,0,0,0.33,0.6699999999999999,28,28,29,29,3,2,6.0,1.0,6.0,1.0,1.62,0.38,-0.38,29.6,-4.346131215433433,17.888583669904396,39.495146651341685,22.861851620295084,21.288399506987354
FF,2025-04-17,94.2,-2.19,4.8,"Raleigh, Cal",663728,664747,field_out,hit_into_play,,,,,11.0,Cal Raleigh pops out to third baseman Santiago Espinal.,R,L,R,CIN,SEA,X,5.0,popup,0,2,2025,-0.9,1.27,-0.48,3.76,,593871.0,,0,7,Top,97.86,150.16,,,,,6.603704014489551,-136.96513197029782,0.2112294795357419,-12.790109527825887,31.82247370760609,-16.46731291952729,3.51,1.68,139.0,85.5,66.0,96.3,2900.0,7.6,778285,642851,600869,666158,669289,682829,694362,670770,641584,52.87,0.008,0.007,0.0,1.0,0.0,0.0,3.0,54,3,4-Seam Fastball,2,4,4,2,4,2,4,2,Strategic,Standard,224.0,0.018,-0.175,71.3,7.0,0.01,0.175,88.0,-2,2,0.152,0.848,28,28,29,29,1,3,2.0,1.0,1.0,1.0,1.31,0.9,-0.9,13.7,15.006564665783708,1.3203492174370544,19.718146444457116,37.03821196606197,26.82567941194589
FF,2025-04-17,93.9,-1.74,5.58,"Raleigh, Cal",663728,641941,home_run,hit_into_play,,,,,6.0,Cal Raleigh homers (8) on a fly ball to right field.,R,L,R,CIN,SEA,X,,fly_ball,1,1,2025,-0.15,1.64,0.51,2.78,,,,0,9,Top,224.5,58.18,,,,,6.233209266864434,-136.61648777917193,-5.221553868983202,-3.2690251452911565,30.180153003435368,-10.655211150223302,3.51,1.68,422.0,110.5,33.0,95.0,2610.0,6.9,778285,624431,600869,680574,682622,682829,694362,670770,641584,53.55,0.9668,1.9628,2.0,1.0,0.0,3.0,6.0,78,3,4-Seam Fastball,7,5,5,7,6,7,6,7,Infield shade,Standard,204.0,-0.091,1.123,76.7,7.3,3.8732,-1.123,110.5,2,-2,0.926,0.0739999999999999,34,28,34,29,1,4,2.0,1.0,4.0,1.0,0.94,0.15,-0.15,37.8,16.498588805461033,-6.200293383236167,39.01576578657172,26.61780636694071,37.45625605786845
FC,2025-04-16,87.5,-1.65,6.25,"Raleigh, Cal",663728,607259,home_run,hit_into_play,,,,,2.0,Cal Raleigh homers (6) on a fly ball to right center field.,R,L,R,CIN,SEA,X,,fly_ball,0,0,2025,-0.06,1.23,-0.1,3.23,,,,1,5,Top,194.18,46.39,,,,,3.8342328623270103,-127.38369689341673,-3.663790330971683,-1.4014083970756148,26.407961847247247,-18.261680110993,3.54,1.67,412.0,104.1,32.0,86.9,2351.0,5.9,778304,624431,687952,680574,666158,682829,669720,670770,641584,54.63,0.6579272727272728,1.330909090909091,2.0,1.0,0.0,3.0,6.0,35,1,Cutter,0,3,3,0,4,0,4,0,Strategic,Standard,202.0,-0.064,1.583,76.5,7.7,2.6122,-1.583,104.1,-3,3,0.176,0.8240000000000001,34,28,35,29,3,2,7.0,1.0,6.0,1.0,1.75,0.06,-0.06,52.6,22.607082829850384,-7.128594419118833,29.700715206081,32.41851143938374,32.719735642333106
CH,2025-04-16,80.5,-1.65,6.23,"Raleigh, Cal",663728,607259,field_out,hit_into_play,,,,,13.0,Cal Raleigh pops out to second baseman Matt McLain.,R,L,R,CIN,SEA,X,4.0,popup,0,2,2025,-0.96,0.3,-0.49,1.21,,593871.0,,1,3,Top,169.36,141.57,,,,,4.387947879569871,-117.14283454684276,-5.005792677913144,-9.650878188976025,22.923581569932608,-28.60204897995433,3.54,1.67,181.0,73.3,57.0,80.2,2086.0,6.1,778304,624431,687952,680574,666158,682829,669720,670770,641584,54.37,0.048,0.046,0.0,1.0,0.0,0.0,3.0,18,5,Changeup,0,2,2,0,2,0,2,0,Standard,Standard,242.0,0.018,-0.172,71.6,8.8,0.058,0.172,88.0,-2,2,0.282,0.718,34,28,35,29,2,1,7.0,1.0,6.0,1.0,3.22,0.96,-0.96,60.5,25.94568016197349,-23.118791217782388,40.698891750493345,35.462445473223795,49.37767564779875
ST,2025-04-16,79.8,2.08,5.58,"Raleigh, Cal",663728,573124,home_run,hit_into_play,,,,,5.0,Cal Raleigh homers (7) on a fly ball to left field.,R,R,L,CIN,SEA,X,,fly_ball,1,2,2025,-1.47,0.13,0.2,2.31,,,,1,7,Top,36.05,89.35,,,,,-1.3685959713154652,-116.17057959589732,-0.6655458106638417,-12.918131232661876,23.60247987590346,-31.089602479851212,3.54,1.67,350.0,104.0,39.0,78.6,2797.0,5.6,778304,624431,687952,680574,666158,682829,669720,670770,641584,54.86,0.354625,0.7015,2.0,1.0,0.0,3.0,6.0,52,5,Sweeper,0,4,4,0,5,0,5,0,Infield shade,Standard,285.0,-0.03,1.657,73.0,8.0,1.385625,-1.657,104.0,-4,4,0.065,0.935,34,28,35,29,1,3,5.0,1.0,1.0,1.0,3.47,-1.47,1.47,27.2,21.30504141536585,-15.758613519159743,29.72172020992632,38.09096235273984,45.73753808051788
FC,2025-04-16,87.9,-1.96,6.21,"Raleigh, Cal",663728,607259,field_out,hit_into_play,,,,,1.0,Cal Raleigh flies out to center fielder TJ Friedl.,R,L,R,CIN,SEA,X,8.0,fly_ball,1,0,2025,0.11,1.02,-0.82,3.4,,677594.0,,1,1,Top,128.27,69.0,,,,,2.5206210446638195,-128.1159547743846,-2.873589754630718,0.7233737020955384,24.579132437964834,-20.47681323901392,3.54,1.67,322.0,98.7,46.0,87.7,2360.0,5.9,778304,624431,687952,680574,666158,682829,669720,670770,641584,54.62,0.033,0.057,0.0,1.0,0.0,0.0,3.0,3,2,Cutter,0,0,0,0,0,0,0,0,Standard,Standard,198.0,0.037,-0.29,73.9,7.6,0.105,0.29,98.7,0,0,0.479,0.521,34,28,35,29,1,0,7.0,1.0,6.0,1.0,1.9,-0.11,0.11,51.9,14.49435092225333,-3.64641690142828,23.72536323780982,41.871341047595635,33.40511075126263
FF,2025-04-16,83.0,3.38,6.03,"Raleigh, Cal",663728,608718,field_out,hit_into_play,,,,,6.0,Cal Raleigh lines out to center fielder TJ Friedl.,R,R,L,CIN,SEA,X,8.0,line_drive,1,1,2025,-0.45,1.03,0.42,2.85,,,,0,9,Top,109.56,59.77,,,,,-5.997333523773754,-120.75612563733944,-2.880269857340868,-3.32694229594707,22.1519588413199,-21.73589248361857,3.54,1.67,347.0,94.1,23.0,84.8,2082.0,7.4,778304,624431,687952,680574,669289,682829,669720,670770,641584,53.15,0.18,0.226,0.0,1.0,0.0,0.0,3.0,71,3,4-Seam Fastball,3,5,5,3,5,3,5,3,Infield shade,Standard,179.0,0.008,-0.251,72.5,6.8,0.349,0.251,94.1,-2,2,0.076,0.924,35,28,36,29,1,4,10.0,1.0,1.0,1.0,2.27,-0.45,0.45,54.7,2.5196601748049843,7.605995634734045,28.758670763271223,37.35635185645841,31.0248365134576
CH,2025-04-15,86.0,3.6,5.26,"Raleigh, Cal",663728,666157,field_out,hit_into_play,,,,,14.0,"Cal Raleigh grounds out, shortstop Elly De La Cruz to first baseman Christian Encarnacion-Strand.",R,R,L,CIN,SEA,X,6.0,ground_ball,0,1,2025,1.6,-0.09,1.0,1.64,,,,1,5,Top,103.8,155.1,,,,,-9.36659837521253,-124.81069602578968,-2.0824674569578407,18.609011260620267,26.340623237316397,-32.89793392835124,3.54,1.68,9.0,77.3,-10.0,85.6,1929.0,6.3,778316,624431,687952,680574,600869,682829,666158,670770,641584,54.21,0.066,0.058,0.0,1.0,0.0,0.0,2.0,40,2,Changeup,2,4,4,2,4,2,4,2,Standard,Standard,103.0,0.011,-0.215,70.4,8.0,0.079,0.215,88.0,-2,2,0.269,0.731,27,28,27,29,3,2,7.0,2.0,6.0,1.0,3.2,1.6,-1.6,14.7,10.71236890775089,-5.572602740400698,31.31209488463873,45.93222164077855,37.028026406871966
FF,2025-04-15,96.1,-1.75,5.55,"Raleigh, Cal",663728,641941,field_out,hit_into_play,,,,,1.0,Cal Raleigh flies out sharply to center fielder TJ Friedl.,R,L,R,CIN,SEA,X,8.0,fly_ball,2,2,2025,-0.65,1.66,-0.33,3.16,,,,2,9,Top,120.84,35.48,,,,,5.284913279645705,-139.84370338794892,-4.518704615611733,-9.769932285648537,32.8235018117858,-9.56432251055272,3.54,1.68,404.0,105.6,32.0,96.7,2635.0,6.7,778316,624431,687952,680574,600869,682829,694362,670770,641584,53.8,0.7370333333333332,1.4806,0.0,1.0,0.0,0.0,6.0,79,5,4-Seam Fastball,8,4,4,8,4,8,4,8,Infield shade,Standard,210.0,0.001,-0.224,75.1,7.1,2.920033333333332,0.224,105.6,4,-4,0.999,0.001,34,28,34,29,1,4,3.0,2.0,2.0,1.0,0.81,0.65,-0.65,42.5,10.51351034143694,1.3058254652876282,27.05444478249989,37.50245689040344,30.15012137823233
FC,2025-04-15,97.4,0.17,6.57,"Raleigh, Cal",663728,668933,field_out,hit_into_play,,,,,6.0,"Cal Raleigh grounds out, first baseman Christian Encarnacion-Strand to pitcher Graham Ashcraft.",R,L,R,CIN,SEA,X,3.0,ground_ball,0,1,2025,0.18,0.6,0.35,2.34,660844.0,641487.0,677594.0,2,6,Top,150.16,164.21,,,,,0.0649091266366944,-141.91984376031044,-7.208479867868443,2.4580867273937854,29.198654220511926,-22.666478735675447,3.54,1.68,5.0,79.2,-25.0,96.4,2739.0,5.4,778316,624431,687952,680574,600869,682829,666158,670770,641584,55.1,0.051,0.047,0.0,1.0,0.0,0.0,2.0,56,2,Cutter,6,4,4,6,4,6,4,6,Infield shade,Standard,187.0,0.092,-0.22,77.1,7.5,0.059,0.22,88.0,2,-2,0.753,0.247,27,28,27,29,1,3,4.0,2.0,2.0,1.0,1.77,-0.18,0.18,55.7,3.444851869298693,4.071859460641095,38.73615605629588,33.1919327771752,26.88405878899641
FF,2025-04-13,93.2,-2.29,5.26,"Raleigh, Cal",663728,543135,field_out,hit_into_play,,,,,5.0,"Cal Raleigh grounds out sharply, second baseman Josh Smith to first baseman Jake Burger.",R,L,R,SEA,TEX,X,4.0,ground_ball,0,0,2025,-1.09,0.99,0.09,2.26,,,677594.0,2,3,Bot,154.46,141.14,,,,,8.57043839701898,-135.508202109033,-4.152117716053418,-15.30044373128917,28.012380281892387,-19.235600753591747,3.53,1.68,76.0,108.8,3.0,93.9,2212.0,6.6,778334,543309,669394,669701,673962,608369,687957,665750,666969,53.87,0.595,0.547,0.0,1.0,0.0,0.0,4.0,24,1,4-Seam Fastball,2,1,2,1,1,2,2,1,Infield shade,Standard,224.0,-0.021,-0.271,73.6,7.3,0.656,0.271,108.8,1,1,0.644,0.644,35,28,35,29,2,1,6.0,1.0,6.0,2.0,1.63,1.09,-1.09,31.7,16.915626232782447,2.4996988444220816,41.0881247622069,32.181419534837865,28.55527487366659
FS,2025-04-13,86.0,-2.44,5.23,"Raleigh, Cal",663728,543135,home_run,hit_into_play,,,,,7.0,Cal Raleigh homers (5) on a fly ball to right field. Jorge Polanco scores.,R,L,R,SEA,TEX,X,,fly_ball,3,2,2025,-1.12,0.0,-0.35,1.66,,,593871.0,1,1,Bot,226.85,93.31,,,,,7.271061948997405,-125.25740261756611,-2.3590651008649672,-13.100972248341852,20.24701328396726,-31.992625281032065,3.53,1.68,351.0,99.2,29.0,87.5,1604.0,6.7,778334,543309,669394,669701,673962,608369,687957,665750,666969,53.78,0.4139062499999999,0.78365625,2.0,1.0,0.0,3.0,6.0,8,7,Split-Finger,0,0,0,0,0,2,2,0,Infield shade,Standard,242.0,0.161,1.4,72.5,8.3,1.5283125000000006,-1.4,99.2,0,0,0.556,0.556,35,28,35,29,1,0,6.0,1.0,6.0,2.0,3.03,1.12,-1.12,31.2,22.34462868188032,-16.277592910261177,36.75334247706217,36.85243397651774,42.514491548810554
SI,2025-04-12,94.6,-2.03,5.53,"Raleigh, Cal",663728,677958,double,hit_into_play,,,,,5.0,Cal Raleigh doubles (3) on a sharp line drive to center fielder Leody Taveras.,R,L,R,SEA,TEX,X,8.0,line_drive,2,1,2025,-1.53,0.55,-0.03,2.61,,,,2,3,Bot,95.74,65.15,,,,,8.720472497395052,-137.51160027290138,-3.1813309764513136,-21.345250735959652,30.15855664438976,-24.629694462558657,3.52,1.68,340.0,104.7,19.0,95.6,2279.0,6.9,778341,641680,669394,543760,673962,608369,669701,665750,666969,53.59,0.4285,0.6652777777777777,1.25,1.0,1.0,1.0,6.0,26,4,Sinker,2,1,2,1,1,2,2,1,Infield shade,Standard,232.0,0.021,0.542,75.2,6.9,1.1996111111111114,-0.542,104.7,1,1,0.634,0.634,25,28,26,29,2,1,6.0,1.0,5.0,1.0,2.0,1.53,-1.53,25.7,2.9393857429608916,11.815530088305026,36.971755023329386,34.41312438144851,26.60698613184708
SI,2025-04-12,92.3,-1.48,6.03,"Raleigh, Cal",663728,676961,home_run,hit_into_play,,,,,5.0,Cal Raleigh homers (4) on a fly ball to center field.,R,L,R,SEA,TEX,X,,fly_ball,0,2,2025,-1.36,1.0,-0.18,2.52,,,,2,5,Bot,123.63,29.19,,,,,6.207787516661057,-134.2169500759446,-5.274613023043534,-17.780201107968736,27.757936845809407,-19.140188949365506,3.52,1.68,420.0,108.7,28.0,92.0,2136.0,6.0,778341,641680,669394,543760,673962,608369,669701,665750,666969,54.48,0.9584,1.9375999999999995,2.0,1.0,0.0,3.0,6.0,42,3,Sinker,4,1,4,1,1,5,5,1,Infield shade,Standard,213.0,0.055,2.696,79.8,7.2,3.8321333333333327,-2.696,108.7,3,3,0.866,0.866,31,28,32,29,1,2,,1.0,11.0,1.0,1.67,1.36,-1.36,47.6,10.565536896232144,0.8011255325588084,34.30171298835121,33.78535896441231,32.19565209218108
FF,2025-04-11,95.8,-1.44,5.34,"Raleigh, Cal",663728,594798,field_out,hit_into_play,,,,,2.0,Cal Raleigh pops out to third baseman Josh Jung.,R,L,R,SEA,TEX,X,5.0,popup,0,0,2025,-1.06,1.26,0.25,2.95,,,,1,3,Bot,88.03,164.99,,,,,6.876996815099535,-139.36159971053584,-3.5289549904184203,-15.392373364450687,31.89799219608894,-15.211961201564405,3.52,1.68,130.0,90.6,70.0,96.1,2412.0,6.5,778360,641680,669394,543760,673962,608369,669701,665750,666969,53.98,0.003,0.002,0.0,1.0,0.0,0.0,3.0,24,1,4-Seam Fastball,2,0,2,0,0,2,2,0,Infield shade,Standard,220.0,-0.012,-0.254,77.3,7.1,0.003,0.254,90.6,2,2,0.749,0.749,37,28,37,29,2,1,6.0,2.0,7.0,1.0,1.23,1.06,-1.06,26.9,12.828264333976213,-3.5519185802604056,31.580174507974927,30.400138129500952,34.27234003427411
FC,2025-04-11,90.2,-3.1,6.2,"Raleigh, Cal",663728,455119,home_run,hit_into_play,,,,,2.0,Cal Raleigh homers (3) on a fly ball to right center field. Dylan Moore scores.,R,L,R,SEA,TEX,X,,fly_ball,1,0,2025,0.35,0.8,0.1,3.39,,,664238.0,0,8,Bot,202.71,50.19,,,,,7.213525931764062,-131.29829619980126,-2.749838895082956,2.556852009992914,27.304120838385387,-22.50596353192701,3.52,1.68,399.0,109.7,27.0,90.3,2120.0,6.3,778360,641680,669394,543760,673962,608369,669701,607680,666969,54.2,0.97175,1.963,2.0,1.0,0.0,3.0,6.0,64,2,Cutter,3,3,3,3,3,5,5,3,Infield shade,Standard,194.0,0.259,1.019,77.6,7.6,3.8838999999999992,-1.019,109.7,0,0,0.679,0.679,39,28,39,29,1,3,3.0,2.0,4.0,1.0,1.99,-0.35,0.35,40.2,19.398336509691696,-9.580319947672598,25.330300773257783,34.52685056637205,36.800281623245425
FF,2025-04-09,95.6,-1.95,6.15,"Raleigh, Cal",663728,686613,field_out,hit_into_play,,,,,1.0,"Cal Raleigh grounds out, second baseman Brendan Rodgers to first baseman Christian Walker.",R,L,R,SEA,HOU,X,4.0,ground_ball,1,0,2025,-0.53,1.33,-0.63,3.16,,,,1,4,Bot,138.84,145.5,,,,,4.7085007109080586,-139.08205419271263,-5.308188173735534,-7.9143874154206895,30.49899279120394,-13.866830345216384,3.53,1.68,57.0,110.4,1.0,96.3,2248.0,6.7,778383,605170,572233,663898,670623,665161,670541,676694,701358,53.82,0.572,0.522,0.0,1.0,0.0,0.0,4.0,35,2,4-Seam Fastball,0,4,0,4,4,0,0,4,Infield shade,Standard,210.0,-0.015,-0.293,74.8,7.0,0.609,0.293,110.4,-4,-4,0.126,0.126,26,28,27,29,2,1,6.0,1.0,6.0,2.0,1.16,0.53,-0.53,53.7,6.961544833144533,3.112491703953909,24.186403094369624,38.44917199836175,28.90853511778954
FF,2025-04-09,98.1,-2.45,5.5,"Raleigh, Cal",663728,650556,force_out,hit_into_play,,,,,1.0,"Cal Raleigh grounds into a force out, first baseman Christian Walker to catcher Victor Caratini. J.P. Crawford out at home. Julio Rodríguez to 3rd. Mitch Garver to 2nd. Cal Raleigh to 1st.",R,L,R,SEA,HOU,X,3.0,ground_ball,0,1,2025,-0.65,1.35,-0.37,3.2,641487.0,677594.0,641598.0,1,9,Bot,147.45,173.38,,,,,7.176567270248854,-142.6058122431575,-3.838280177574038,-10.62359866020364,34.743648895012086,-13.120560474118776,3.53,1.68,9.0,88.6,-19.0,98.1,2275.0,6.5,778383,605170,572233,663898,670623,665161,643289,676694,676801,54.03,0.089,0.077,0.0,1.0,0.0,0.0,2.0,84,2,4-Seam Fastball,6,6,6,6,6,6,6,6,Strategic,Standard,209.0,-0.146,-0.26,75.9,7.4,0.096,0.26,88.6,0,0,0.811,0.811,28,28,28,29,1,4,2.0,1.0,4.0,2.0,1.04,0.65,-0.65,38.3,18.55407155998378,-7.0449993406106035,25.19627967163044,36.12488559718224,30.43980846600992
KC,2025-04-09,85.2,-2.0,6.13,"Raleigh, Cal",663728,686613,field_out,hit_into_play,,,,,7.0,Cal Raleigh flies out to left fielder Yordan Alvarez.,R,L,R,SEA,HOU,X,7.0,fly_ball,1,2,2025,0.28,-1.42,-0.51,1.79,,,,2,1,Bot,87.48,108.39,,,,,2.951983471215523,-124.0081730600924,-0.9944019287963224,2.2449004389213485,26.647218895882123,-46.78687685386152,3.53,1.68,246.0,91.9,47.0,85.2,2707.0,6.4,778383,605170,572233,663898,670623,665161,670541,676694,701358,54.07,0.008,0.013,0.0,1.0,0.0,0.0,3.0,6,5,Knuckle Curve,0,0,0,0,0,0,0,0,Infield shade,Standard,15.0,-0.008,-0.182,76.8,7.9,0.022,0.182,91.9,0,0,0.508,0.508,26,28,27,29,1,0,6.0,1.0,6.0,2.0,4.58,-0.28,0.28,53.3,13.233580282555623,-4.711404062682458,37.37147044449663,36.93739465074054,35.09080475924897
CH,2025-04-08,90.2,0.54,5.91,"Raleigh, Cal",663728,664285,field_out,hit_into_play,,,,,9.0,"Cal Raleigh grounds out, third baseman Isaac Paredes to first baseman Christian Walker.",R,R,L,SEA,HOU,X,5.0,ground_ball,2,2,2025,1.41,0.17,0.37,2.24,,677594.0,,2,3,Bot,100.31,162.73,,,,,-3.3739525791350173,-131.2855092669638,-3.4558000140816594,16.998655789050815,29.664657347025,-29.71245363201611,3.51,1.67,22.0,94.9,-5.0,89.0,1668.0,5.7,778398,673237,572233,663898,670623,665161,514888,676694,701358,54.79,0.241,0.217,0.0,1.0,0.0,0.0,2.0,23,6,Changeup,0,0,0,0,0,0,0,0,Standard,Standard,125.0,-0.034,-0.219,74.3,8.3,0.244,0.219,94.9,0,0,0.534,0.534,31,28,32,29,2,1,6.0,1.0,6.0,1.0,2.65,1.41,-1.41,42.3,21.270249491194715,-9.801229901630927,30.905059200684512,39.68737708921926,39.05771669362504
FF,2025-04-08,92.2,2.63,5.32,"Raleigh, Cal",663728,687911,double,hit_into_play,,,,,14.0,Cal Raleigh doubles (2) on a sharp line drive to right fielder Cam Smith.,R,R,L,SEA,HOU,X,9.0,line_drive,1,2,2025,0.5,1.24,0.92,2.42,,,,1,8,Bot,149.27,86.65,,,,,-5.430526287411692,-134.11174610543756,-4.24884317987563,7.249159768713299,29.41639238965481,-16.470022979886984,3.51,1.67,286.0,102.2,12.0,92.3,2147.0,6.4,778398,673237,572233,663898,670623,665161,514888,676694,701358,54.11,0.965,0.968,1.25,1.0,1.0,1.0,4.0,61,4,4-Seam Fastball,1,1,1,1,1,1,1,1,Standard,Standard,147.0,0.103,0.716,70.8,7.1,1.254,-0.716,102.2,0,0,0.553,0.553,28,28,29,29,1,3,2.0,1.0,4.0,1.0,1.44,0.5,-0.5,33.6,8.203842228436502,14.091198780827328,26.392260288233068,44.15113889804198,28.299303711595226
FF,2025-04-08,92.6,-2.14,5.88,"Raleigh, Cal",663728,687473,field_out,hit_into_play,,,,,11.0,Cal Raleigh flies out to left fielder Jose Altuve. Julio Rodríguez to 3rd.,R,L,R,SEA,HOU,X,7.0,fly_ball,2,2,2025,-0.56,1.46,-1.25,3.23,,677594.0,,0,11,Bot,73.44,91.25,,,,,3.4890184451503985,-134.75610191051084,-4.14853492136567,-7.642639395631241,29.265872260613992,-13.706592790174293,3.51,1.67,329.0,92.5,32.0,92.4,2337.0,6.2,778398,605170,572233,663898,643289,665161,514888,676694,676801,54.34,0.089,0.146,0.0,1.0,0.0,0.0,3.0,81,6,4-Seam Fastball,1,1,1,1,1,1,1,1,Standard,Standard,211.0,0.038,-0.237,69.3,7.1,0.256,0.237,92.5,0,0,0.795,0.795,26,28,26,29,1,4,3.0,1.0,4.0,1.0,1.2,0.56,-0.56,48.6,5.827879907427567,6.312258093694693,19.225709817074563,46.792187255947184,25.09823752154935
CH,2025-04-07,85.9,-1.91,5.72,"Raleigh, Cal",663728,669713,field_out,hit_into_play,,,,,7.0,"Cal Raleigh grounds out, third baseman Isaac Paredes to first baseman Christian Walker.",R,L,R,SEA,HOU,X,5.0,ground_ball,0,0,2025,-1.21,0.43,-0.66,1.94,,,,2,4,Bot,114.22,168.06,,,,,5.463914808026041,-125.02806134984635,-3.609078759328354,-13.833245842012031,24.88682177034783,-27.08972372583543,3.49,1.68,4.0,60.4,-27.0,86.9,1501.0,6.9,778405,605170,572233,514888,670623,665161,670541,676694,643289,53.64,0.063,0.056,0.0,1.0,0.0,0.0,2.0,27,1,Changeup,0,0,0,0,0,0,0,0,Infield shade,Standard,230.0,-0.013,-0.26,70.4,8.6,0.065,0.26,88.0,0,0,0.513,0.513,27,28,28,29,2,1,6.0,1.0,6.0,1.0,2.65,1.21,-1.21,41.4,29.351299885682405,-18.84672015949772,36.375170932471846,39.85395579706089,44.38992434026848
ST,2025-04-07,84.7,-1.79,5.91,"Raleigh, Cal",663728,669713,field_out,hit_into_play,,,,,5.0,"Cal Raleigh grounds out, first baseman Christian Walker to pitcher Hayden Wesneski.",R,L,R,SEA,HOU,X,3.0,ground_ball,2,2,2025,1.36,-0.14,-0.05,2.76,,668227.0,,2,1,Bot,163.17,168.82,,,,,1.3415101474272002,-123.33078810438624,-0.6832658926454499,13.493704920468126,27.134092786400167,-33.629672584380494,3.49,1.68,56.0,99.3,1.0,85.2,2695.0,6.8,778405,605170,572233,514888,670623,665161,670541,676694,643289,53.7,0.446,0.412,0.0,1.0,0.0,0.0,4.0,8,7,Sweeper,0,0,0,0,0,0,0,0,Strategic,Standard,56.0,-0.03,-0.219,77.0,8.1,0.493,0.219,99.3,0,0,0.53,0.53,27,28,28,29,1,0,6.0,1.0,6.0,1.0,3.34,-1.36,1.36,43.5,22.86601862361005,-14.209408693498125,29.2434002840276,32.41895036569864,38.18973690719246
FS,2025-04-06,89.4,-1.74,5.72,"Raleigh, Cal",663728,663855,single,hit_into_play,,,,,4.0,Cal Raleigh singles on a sharp line drive to right fielder Mike Yastrzemski.,R,L,R,SF,SEA,X,9.0,line_drive,2,1,2025,-0.75,0.11,-0.57,2.36,,,,2,5,Top,174.29,99.44,,,,,4.482393467561166,-130.17276354479085,-2.5503406522286545,-9.398860243329883,26.068247502922063,-30.595064400681224,3.48,1.69,275.0,100.4,17.0,90.0,1005.0,6.5,778427,672275,664774,683766,656305,642715,682641,808982,573262,53.95,0.481,0.527,0.9,1.0,1.0,0.0,4.0,38,4,Split-Finger,4,2,2,4,2,4,2,4,Standard,Strategic,257.0,-0.014,0.289,74.1,8.3,0.766,-0.289,100.4,2,-2,0.798,0.2019999999999999,28,28,29,29,3,2,6.0,1.0,6.0,1.0,2.73,0.75,-0.75,35.4,21.482906867036725,-4.247122446349758,31.40509488566921,39.431206410258305,32.28690365650967
SI,2025-04-06,95.1,-1.7,5.74,"Raleigh, Cal",663728,663855,home_run,hit_into_play,,,,,6.0,Cal Raleigh homers (2) on a fly ball to right field.,R,L,R,SF,SEA,X,,fly_ball,0,0,2025,-1.43,0.57,0.29,2.9,,,,0,3,Top,220.35,94.28,,,,,8.434526289108987,-138.1785585334553,-3.0291692022313423,-20.22707465652061,31.495561769485885,-24.40321353892598,3.48,1.69,347.0,97.6,28.0,94.9,2019.0,6.3,778427,672275,664774,683766,656305,642715,682641,808982,573262,54.18,0.3347894736842104,0.6084736842105264,2.0,1.0,0.0,3.0,6.0,19,1,Sinker,0,1,1,0,2,0,2,0,Standard,Strategic,227.0,-0.1,1.114,77.1,8.0,1.1846315789473685,-1.114,97.6,-1,1,0.388,0.612,28,28,29,29,2,1,6.0,1.0,6.0,1.0,1.96,1.43,-1.43,36.0,16.828832095775734,-19.255890902904632,34.057200617443414,30.308469885631496,32.57476792379481
SI,2025-04-06,97.9,-1.78,5.61,"Raleigh, Cal",663728,663855,double,hit_into_play,,,,,11.0,Cal Raleigh doubles (1) on a sharp line drive to left fielder Luis Matos.,R,L,R,SF,SEA,X,7.0,line_drive,2,2,2025,-1.36,0.6,-1.03,3.2,,,,1,1,Top,32.67,110.35,,,,,5.176289199879632,-142.42618734626163,-2.369262711945612,-19.683438443099128,35.84260402080948,-23.689531199327345,3.48,1.69,195.0,102.8,9.0,97.5,1962.0,6.3,778427,672275,664774,683766,656305,642715,682641,808982,573262,54.2,0.744,0.712,1.25,1.0,1.0,1.0,4.0,3,5,Sinker,0,1,1,0,1,0,1,0,Strategic,Strategic,233.0,-0.039,0.668,74.1,6.7,0.876,-0.668,102.8,-1,1,0.425,0.575,28,28,29,29,1,0,6.0,1.0,6.0,1.0,1.8,1.36,-1.36,29.8,1.566946753325642,23.66895574851356,21.164054751321512,45.232048514121416,12.647432791432724
SI,2025-04-06,82.4,-3.95,1.39,"Raleigh, Cal",663728,643511,field_out,hit_into_play,,,,,7.0,"Cal Raleigh grounds out, second baseman Christian Koss to first baseman LaMonte Wade Jr.",R,L,R,SF,SEA,X,4.0,ground_ball,0,2,2025,-0.05,-0.99,-0.49,2.01,,,,1,7,Top,151.95,152.64,,,,,7.932713354781611,-119.41298596266972,9.8087794997703,-1.8716999432536057,20.489944914237395,-43.70858672022901,3.48,1.69,8.0,95.1,-14.0,82.4,1935.0,6.3,778427,672275,664774,683766,656305,642715,682641,808982,573262,54.22,0.154,0.135,0.0,1.0,0.0,0.0,2.0,54,3,Sinker,4,3,3,4,3,4,3,4,Standard,Strategic,330.0,0.021,-0.163,73.7,7.4,0.169,0.163,95.1,1,-1,0.747,0.253,34,28,35,29,1,3,2.0,1.0,3.0,1.0,4.35,0.05,-0.05,-59.5,11.02312260344146,7.804799581102685,35.39839378236081,37.49363671416738,27.244818607437225
FF,2025-04-05,94.3,2.51,6.27,"Raleigh, Cal",663728,592662,field_out,hit_into_play,,,,,2.0,Cal Raleigh lines out sharply to center fielder Jung Hoo Lee.,R,R,L,SF,SEA,X,8.0,line_drive,1,2,2025,0.41,1.44,0.05,3.21,,,,0,6,Top,121.41,56.47,,,,,-7.295041206281254,-137.18499367268043,-5.4993602488875215,6.632173675233733,27.710999090799717,-12.934969949873254,3.48,1.68,353.0,104.0,20.0,94.7,2321.0,6.3,778436,669087,664774,666149,656305,642715,671218,808982,573262,54.18,0.4604642857142856,0.7378214285714286,0.0,1.0,0.0,0.0,6.0,42,4,4-Seam Fastball,2,1,1,2,1,2,1,2,Strategic,Standard,154.0,0.027,-0.189,71.7,6.8,1.3467857142857145,0.189,104.0,1,-1,0.669,0.3309999999999999,33,28,34,29,3,2,6.0,1.0,6.0,1.0,1.11,0.41,-0.41,49.2,13.673886676680544,11.13232046322138,24.176167148113763,36.91218812897317,26.574225742248252
KC,2025-04-05,80.2,2.72,6.23,"Raleigh, Cal",663728,592662,single,hit_into_play,,,,,6.0,Cal Raleigh singles on a line drive to left fielder Heliot Ramos.,R,R,L,SF,SEA,X,7.0,line_drive,0,0,2025,-0.24,-0.45,0.61,2.27,,,,0,4,Top,96.55,93.9,,,,,-4.210038837174514,-116.90430987736036,-1.3110594079542952,-1.4787708497743306,19.374829931121795,-36.27113377633193,3.48,1.68,272.0,82.4,22.0,80.4,2102.0,6.0,778436,669087,664774,666149,656305,642715,671218,808982,573262,54.45,0.597,0.571,0.9,1.0,1.0,0.0,4.0,23,1,Knuckle Curve,0,0,0,0,0,0,0,0,Strategic,Standard,316.0,-0.044,0.438,71.8,8.0,0.727,-0.438,88.0,0,0,0.5,0.5,33,28,34,29,2,1,6.0,1.0,6.0,1.0,3.94,-0.24,0.24,43.7,18.77596113223973,-6.381245177405403,26.735709734930076,42.25816258470587,37.72523440018742
SI,2025-04-04,96.5,1.34,6.47,"Raleigh, Cal",663728,669062,field_out,hit_into_play,,,,,2.0,Cal Raleigh flies out to center fielder Jung Hoo Lee.,R,R,L,SF,SEA,X,8.0,fly_ball,3,2,2025,1.42,0.66,0.03,2.98,664238.0,669208.0,677594.0,2,7,Top,145.93,60.83,,,,,-6.7518743670860015,-140.3578442140222,-5.236710395390894,20.340153696482155,31.508530854736804,-22.418820841524916,3.43,1.69,389.0,103.9,24.0,97.0,2199.0,6.6,778444,672275,664774,666149,656305,642715,671218,808982,573262,53.91,0.6389787234042552,1.1834468085106378,0.0,1.0,0.0,0.0,6.0,75,9,Sinker,8,8,8,8,8,8,8,8,Strategic,Standard,126.0,0.151,-0.301,71.7,6.3,2.2859999999999996,0.301,103.9,0,0,0.437,0.563,27,28,27,29,1,4,4.0,2.0,2.0,1.0,1.79,1.42,-1.42,34.5,6.523765839663004,12.137391759680698,28.396445063580085,34.69403617153547,29.18559747579629
SL,2025-04-04,88.2,-1.41,5.64,"Raleigh, Cal",663728,666808,fielders_choice,hit_into_play,,,,,7.0,"Cal Raleigh reaches on a fielder's choice, fielded by second baseman Tyler Fitzgerald. Victor Robles scores. Julio Rodríguez scores. Cal Raleigh to 2nd. Fielding error by second baseman Tyler Fitzgerald.",R,L,R,SF,SEA,X,4.0,ground_ball,0,2,2025,0.81,-0.46,-0.76,1.7,645302.0,677594.0,,1,6,Top,148.47,151.07,,,,,-0.1320107965272353,-128.48650168232888,-2.5436984456422724,9.04104030030001,26.484003771172873,-36.98484672466205,3.43,1.69,3.0,94.4,-25.0,88.7,2808.0,6.5,778444,672275,664774,666149,656305,642715,671218,808982,573262,53.98,0.063,0.057,0.9,1.0,0.0,0.0,2.0,60,4,Slider,6,5,5,6,7,6,7,6,Strategic,Strategic,71.0,-0.244,0.543,64.9,7.2,0.065,-0.543,94.4,1,-1,0.561,0.4389999999999999,27,28,28,29,1,3,2.0,2.0,2.0,1.0,3.38,-0.81,0.81,19.5,-2.33369292682753,15.64089129192824,33.96060890213776,41.55035341135984,18.275393968773017
FF,2025-04-04,96.2,-1.56,6.99,"Raleigh, Cal",663728,434378,single,hit_into_play,,,,,5.0,Cal Raleigh singles on a line drive to left fielder Heliot Ramos.,R,L,R,SF,SEA,X,7.0,line_drive,0,2,2025,-0.68,1.6,0.15,2.56,,,,1,1,Top,81.23,122.75,,,,,6.054877402632936,-139.60632447848062,-9.687882837626915,-10.37909109104767,34.259820031492545,-9.1793922330034,3.43,1.69,178.0,68.2,23.0,95.5,2519.0,6.2,778444,672275,664774,666149,656305,642715,671218,808982,573262,54.25,0.949,0.886,0.9,1.0,1.0,0.0,4.0,3,4,4-Seam Fastball,0,1,1,0,1,0,1,0,Standard,Strategic,204.0,-0.027,0.506,71.2,6.6,1.022,-0.506,88.0,-1,1,0.429,0.571,42,28,42,29,1,0,6.0,2.0,5.0,1.0,0.89,0.68,-0.68,54.0,-3.1065616048457816,18.77307935868051,39.62188180721629,30.51018216134461,19.999984004859023
FC,2025-04-04,90.8,-1.9,6.25,"Raleigh, Cal",663728,702352,field_out,hit_into_play,,,,,3.0,Cal Raleigh flies out to right fielder Mike Yastrzemski. Julio Rodríguez to 3rd.,R,L,R,SF,SEA,X,9.0,fly_ball,0,0,2025,0.22,0.7,0.5,3.01,,677594.0,,0,10,Top,197.19,92.39,,,,,5.526721922908582,-132.250998568493,-3.7595161647819144,1.5234064772754072,25.198901077195135,-23.317324438801194,3.43,1.69,316.0,87.3,30.0,90.9,2127.0,6.1,778444,669087,664774,666149,656305,642715,671218,808982,573262,54.45,0.035,0.041,0.0,1.0,0.0,0.0,3.0,96,1,Cutter,8,8,8,8,8,8,8,8,Standard,Strategic,189.0,0.18,-0.289,75.4,7.0,0.067,0.289,88.0,0,0,0.333,0.667,31,28,31,29,1,5,4.0,2.0,7.0,1.0,2.03,-0.22,0.22,32.1,15.661990133944768,-2.3253163586697756,35.44604786776757,26.027726876879093,32.461055371316235
CH,2025-04-02,87.9,1.57,6.27,"Raleigh, Cal",663728,669373,force_out,hit_into_play,,,,,6.0,"Cal Raleigh grounds into a force out, shortstop Trey Sweeney to second baseman Colt Keith. Julio Rodríguez out at 2nd.",R,R,L,SEA,DET,X,6.0,ground_ball,0,1,2025,1.42,0.39,0.38,2.71,,645302.0,677594.0,2,2,Bot,107.4,155.64,,,,,-5.841894859396223,-127.91948897197024,-3.3275721950929027,16.829691239344555,26.81393370340591,-27.44733238416439,3.34,1.69,77.0,108.0,3.0,88.0,1688.0,6.4,778469,668670,679529,690993,656716,700242,682985,668952,681481,54.14,0.587,0.532,0.0,1.0,0.0,0.0,4.0,19,2,Changeup,2,0,2,0,0,2,2,0,Standard,Standard,133.0,-0.026,-0.235,75.7,7.5,0.627,0.235,108.0,2,2,0.738,0.738,28,28,29,29,2,1,6.0,1.0,6.0,2.0,2.57,1.42,-1.42,48.2,15.93888589586011,0.5314130459807261,26.81688637357839,39.26373631891275,35.516607581425376
FF,2025-04-02,96.0,1.4,6.26,"Raleigh, Cal",663728,669373,single,hit_into_play,,,,,4.0,Cal Raleigh singles on a fly ball to left fielder Riley Greene.,R,R,L,SEA,DET,X,7.0,fly_ball,0,1,2025,0.54,1.37,-0.8,2.66,,,,2,1,Bot,86.95,109.07,,,,,-7.035573796550512,-139.48627292640643,-7.014157662058957,8.62347280165943,32.81777691571242,-12.844490414056969,3.34,1.69,214.0,65.6,29.0,96.0,2222.0,6.5,778469,668670,679529,690993,656716,700242,682985,668952,681481,54.04,0.886,0.825,0.9,1.0,1.0,0.0,4.0,7,2,4-Seam Fastball,0,0,0,0,0,0,0,0,Standard,Standard,147.0,0.014,0.368,75.6,7.2,0.967,-0.368,88.0,0,0,0.508,0.508,28,28,29,29,1,0,6.0,1.0,6.0,2.0,1.12,0.54,-0.54,51.7,8.94669991308427,-5.803259425360904,37.78083631721616,23.908888192237903,30.302762281099827
FF,2025-04-02,90.4,-1.49,5.8,"Raleigh, Cal",663728,605154,field_out,hit_into_play,,,,,2.0,Cal Raleigh flies out sharply to right fielder Zach McKinstry.,R,L,R,SEA,DET,X,9.0,fly_ball,1,1,2025,-0.82,1.52,0.25,2.92,,,,0,8,Bot,202.27,120.35,,,,,6.130647242904513,-131.4132469270877,-4.454889243606233,-10.78794019852508,29.59322572164339,-13.8118366594305,3.34,1.69,270.0,100.5,51.0,90.8,2080.0,6.8,778469,668670,679529,690993,628451,700242,682985,668952,656716,53.75,0.015,0.024,0.0,1.0,0.0,0.0,3.0,61,3,4-Seam Fastball,3,2,3,2,2,3,3,2,Infield shade,Standard,214.0,-0.013,-0.251,76.4,7.6,0.039,0.251,100.5,1,1,0.866,0.866,35,28,35,29,1,3,6.0,1.0,3.0,2.0,1.29,0.82,-0.82,42.2,25.473254407651364,-12.517797129342464,34.70322193012822,29.10056606724665,37.246976524520264
CH,2025-04-01,85.0,-2.25,5.58,"Raleigh, Cal",663728,592454,field_out,hit_into_play,,,,,7.0,Cal Raleigh pops out to shortstop Trey Sweeney.,R,L,R,SEA,DET,X,6.0,popup,1,1,2025,-1.13,-0.01,-0.65,1.61,,,677594.0,0,9,Bot,114.33,131.03,,,,,6.052757424382959,-123.66061408003536,-2.938732839289126,-12.836131597424805,26.239374552615544,-31.826942853385408,3.37,1.67,175.0,83.5,60.0,85.5,1402.0,6.8,778486,668670,679529,690993,628451,700242,656716,668952,622534,53.74,0.02,0.018,0.0,1.0,0.0,0.0,3.0,66,3,Changeup,1,4,1,4,4,1,1,4,Standard,Standard,257.0,-0.044,-0.234,76.0,8.4,0.022,0.234,88.0,-3,-3,0.09,0.09,35,28,36,29,1,3,4.0,1.0,5.0,1.0,3.18,1.13,-1.13,34.6,20.904355513007076,-10.285913491354226,37.83450809562435,39.2120764216003,38.54279677806392
FF,2025-04-01,95.5,-1.48,6.14,"Raleigh, Cal",663728,689225,field_out,hit_into_play,,,,,1.0,Cal Raleigh pops out to third baseman Andy Ibáñez.,R,L,R,SEA,DET,X,5.0,popup,1,2,2025,-0.16,1.57,-0.44,3.29,,,677594.0,2,6,Bot,127.18,165.27,,,,,3.073906190072901,-138.9886218506201,-5.311931789293441,-2.767804662320356,34.46498437350791,-10.882998997093765,3.37,1.67,98.0,77.7,70.0,94.3,2430.0,5.8,778486,668670,679529,690993,628451,700242,656716,668952,622534,54.65,0.001,0.0,0.0,1.0,0.0,0.0,3.0,45,4,4-Seam Fastball,0,3,0,3,3,0,0,3,Infield shade,Standard,205.0,-0.018,-0.182,72.5,7.3,0.001,0.182,88.0,-3,-3,0.125,0.125,27,28,27,29,1,2,4.0,1.0,4.0,1.0,0.95,0.16,-0.16,51.7,10.718422984254508,-2.6819705208797022,23.387899697375804,36.2665136083439,32.96044988579318
SL,2025-03-31,89.6,-2.12,5.72,"Raleigh, Cal",663728,695549,field_out,hit_into_play,,,,,13.0,Cal Raleigh lines out to first baseman Spencer Torkelson. Throwing error by first baseman Spencer Torkelson.,R,L,R,SEA,DET,X,3.0,line_drive,3,2,2025,0.53,0.17,-0.5,1.23,,645302.0,,1,3,Bot,162.73,151.59,,,,,2.902073342396799,-130.46480256762658,-5.472521142799346,5.486406564965751,25.216879177482877,-29.380503585149256,3.37,1.67,152.0,96.2,8.0,89.6,2747.0,6.1,778496,693307,679529,690993,595879,700242,681481,682985,656716,54.4,0.633,0.586,0.0,1.0,0.0,0.0,4.0,33,6,Slider,2,7,2,7,7,2,2,7,Standard,Standard,140.0,-0.024,-0.281,68.8,8.4,0.706,0.281,96.2,-5,-5,0.123,0.123,22,28,23,29,2,1,,1.0,6.0,1.0,2.65,-0.53,0.53,42.3,13.836769356878907,-8.130162514460743,36.06122897853925,38.595528880055966,39.05446686025811
SI,2025-03-31,91.5,3.43,5.97,"Raleigh, Cal",663728,676428,home_run,hit_into_play,,,,,4.0,Cal Raleigh homers (1) on a fly ball to left field. Julio Rodríguez scores.,R,R,L,SEA,DET,X,,fly_ball,2,0,2025,1.43,0.37,-0.46,2.28,,,677594.0,1,9,Bot,32.45,87.76,,,,,-12.67449541228041,-132.6153417849828,-4.116244492510459,19.701178635010734,29.469969363524527,-27.076410923059942,3.37,1.67,358.0,106.3,40.0,89.8,2095.0,5.6,778496,693307,679529,690993,595879,700242,681481,682985,656716,54.94,0.5004285714285714,0.9982857142857144,2.0,1.0,0.0,3.0,6.0,85,3,Sinker,4,9,4,9,9,6,6,9,Standard,Standard,121.0,0.007,1.362,86.3,8.1,1.9752857142857143,-1.362,106.3,-5,-5,0.011,0.011,26,28,27,29,2,4,2.0,1.0,8.0,1.0,2.39,1.43,-1.43,30.6,14.081033627346416,-18.17046474902309,37.77083565376824,28.8581930030085,42.68583501583963
SI,2025-03-31,92.2,3.15,6.04,"Raleigh, Cal",663728,676428,field_out,hit_into_play,,,,,5.0,"Cal Raleigh grounds out, second baseman Colt Keith to first baseman Spencer Torkelson.",R,R,L,SEA,DET,X,4.0,ground_ball,1,1,2025,1.48,0.59,-0.05,2.53,,,,0,7,Bot,140.36,151.58,,,,,-11.156730269058956,-133.71469810114488,-4.279621346964143,20.279861322012273,30.49334091170137,-24.26005562575604,3.37,1.67,23.0,94.5,-5.0,90.4,2164.0,5.5,778496,693307,679529,690993,595879,700242,681481,682985,656716,54.96,0.241,0.217,0.0,1.0,0.0,0.0,2.0,68,3,Sinker,4,9,4,9,9,4,4,9,Standard,Standard,127.0,-0.011,-0.251,68.7,6.2,0.244,0.251,94.5,-5,-5,0.038,0.038,26,28,27,29,1,3,2.0,1.0,8.0,1.0,2.12,1.48,-1.48,33.2,-8.386872068487486,17.38084827100396,43.11510116566959,31.770799071673167,20.73007783194009
CU,2025-03-30,80.6,1.35,4.7,"Raleigh, Cal",663728,676664,field_out,hit_into_play,,,,,8.0,"Cal Raleigh grounds out, shortstop Jacob Wilson to first baseman Tyler Soderstrom.",R,R,L,SEA,ATH,X,6.0,ground_ball,0,1,2025,-0.42,-0.29,0.03,1.97,,,,1,6,Bot,104.36,153.61,,,,,-2.1325911013295404,-117.4678266804652,1.1015563755149986,-3.4922482601442835,20.745222349672588,-35.28610504233094,3.42,1.64,11.0,98.6,-10.0,81.0,2526.0,6.3,778513,640902,691016,680474,570482,805779,609280,668709,671732,54.19,0.235,0.212,0.0,1.0,0.0,0.0,2.0,44,2,Curveball,2,1,2,1,1,2,2,1,Infield shade,Standard,282.0,-0.014,-0.215,79.0,7.8,0.259,0.215,98.6,1,1,0.717,0.717,29,28,29,29,3,2,,1.0,6.0,1.0,3.77,-0.42,0.42,24.3,8.045973797481638,-4.170806066111229,35.270196395170565,33.54452908267467,35.280959357263825
CH,2025-03-30,83.9,1.46,4.63,"Raleigh, Cal",663728,676664,single,hit_into_play,,,,,6.0,Cal Raleigh singles on a line drive to left fielder Miguel Andujar.,R,R,L,SEA,ATH,X,7.0,line_drive,1,0,2025,0.99,0.31,0.78,2.3,,,,1,4,Bot,69.57,114.13,,,,,-3.546982122416803,-122.34635190593478,0.2871255402347902,10.62426632776064,20.934688960456988,-29.2622712630241,3.42,1.64,152.0,82.6,12.0,84.6,1569.0,6.3,778513,640902,691016,680474,570482,805779,609280,668709,671732,54.19,0.623,0.569,0.9,1.0,1.0,0.0,4.0,29,2,Changeup,0,1,0,1,1,0,0,1,Infield shade,Standard,104.0,0.031,0.375,76.8,8.1,0.686,-0.375,88.0,-1,-1,0.401,0.401,29,28,29,29,2,1,,1.0,6.0,1.0,2.88,0.99,-0.99,19.6,15.16410305591184,-7.519445294251589,31.86500303992815,42.7063477513679,42.32461097919473
FF,2025-03-30,93.4,1.1,5.15,"Raleigh, Cal",663728,676664,field_out,hit_into_play,,,,,9.0,Cal Raleigh pops out to first baseman Tyler Soderstrom in foul territory.,R,R,L,SEA,ATH,X,3.0,popup,0,1,2025,1.03,1.27,0.35,2.07,,,645302.0,1,1,Bot,155.66,177.4,,,,,-4.208236783097338,-135.95482786596972,-4.998631455815142,13.637650511012453,28.66794166046452,-15.552951328596892,3.42,1.64,94.0,80.6,75.0,93.7,2114.0,6.4,778513,640902,691016,680474,570482,805779,609280,668709,671732,54.11,0.005,0.005,0.0,1.0,0.0,0.0,3.0,7,2,4-Seam Fastball,0,0,0,0,0,0,0,0,Standard,Standard,133.0,-0.025,-0.216,77.1,8.1,0.006,0.216,88.0,0,0,0.547,0.547,29,28,29,29,1,0,,1.0,6.0,1.0,1.34,1.03,-1.03,31.0,13.503356783347012,-10.84875812034318,36.89229201611151,36.69716454312469,41.50967063472112
FF,2025-03-29,93.8,-2.46,5.81,"Raleigh, Cal",663728,674370,grounded_into_double_play,hit_into_play,,,,,8.0,"Cal Raleigh grounds into a double play, shortstop Jacob Wilson to first baseman Tyler Soderstrom. Victor Robles out at 2nd. Cal Raleigh out at 1st.",R,L,R,SEA,ATH,X,6.0,ground_ball,2,1,2025,-1.11,1.27,-0.03,1.77,,641487.0,645302.0,1,5,Bot,118.05,148.54,,,,,8.687045211268645,-136.0541711572496,-7.408839518706517,-15.737171971470984,32.45410748974258,-14.887923871907558,3.42,1.64,4.0,103.0,-21.0,93.0,2399.0,6.2,778521,669127,691016,691777,649966,805779,609280,668709,671732,54.34,0.132,0.116,0.0,1.0,0.0,0.0,2.0,41,4,4-Seam Fastball,1,2,1,2,2,1,1,2,Standard,Standard,225.0,-0.145,-0.347,70.6,6.3,0.141,0.347,103.0,-1,-1,0.485,0.485,29,28,30,29,3,2,,1.0,6.0,1.0,1.36,1.11,-1.11,32.5,-9.386902049881371,32.42792708939348,38.84376114034245,31.38278080993135,17.436856169737297
FF,2025-03-29,93.5,-2.36,5.95,"Raleigh, Cal",663728,674370,field_out,hit_into_play,,,,,2.0,Cal Raleigh flies out to right fielder Lawrence Butler.,R,L,R,SEA,ATH,X,9.0,fly_ball,2,0,2025,-0.86,1.44,-0.04,3.24,,,677594.0,0,3,Bot,170.6,118.97,,,,,7.817646292718351,-135.92042603615587,-4.374386824416682,-12.366283337700397,30.08083813721308,-13.579077726210386,3.42,1.64,229.0,94.5,56.0,93.1,2365.0,6.1,778521,669127,691016,691777,649966,805779,609280,668709,671732,54.39,0.01,0.009,0.0,1.0,0.0,0.0,3.0,21,3,4-Seam Fastball,1,0,1,0,0,1,1,0,Infield shade,Standard,222.0,-0.044,-0.343,76.7,7.6,0.01,0.343,94.5,1,1,0.715,0.715,29,28,30,29,2,1,,1.0,6.0,1.0,1.18,0.86,-0.86,35.4,20.977068882885153,-6.650797833295345,30.50977904691121,32.57738024511738,34.43841058401752
SI,2025-03-29,92.9,-2.01,4.96,"Raleigh, Cal",663728,668716,field_out,hit_into_play,,,,,6.0,Cal Raleigh flies out to right fielder Lawrence Butler.,R,L,R,SEA,ATH,X,9.0,fly_ball,3,2,2025,-0.91,0.37,0.35,2.79,,,677594.0,1,7,Bot,164.24,102.96,,,,,8.091509455654982,-135.14798637551908,-0.5991737031482489,-12.867836475771668,28.64283329434724,-27.714717712369637,3.42,1.64,258.0,81.3,43.0,93.7,2070.0,6.7,778521,669127,691016,691777,649966,805779,609280,668709,671732,53.79,0.018,0.016,0.0,1.0,0.0,0.0,3.0,60,7,Sinker,2,4,2,4,4,2,2,4,Infield shade,Standard,236.0,-0.063,-0.321,75.7,7.1,0.021,0.321,88.0,-2,-2,0.239,0.239,26,28,27,29,1,3,,1.0,2.0,1.0,2.27,0.91,-0.91,16.3,17.511745139030918,-1.0870950762554037,33.9377719460652,27.92891300444721,31.714831390544127
FF,2025-03-28,89.5,2.4,5.88,"Raleigh, Cal",663728,605488,field_out,hit_into_play,,,,,1.0,"Cal Raleigh grounds out, second baseman Max Muncy to first baseman Tyler Soderstrom.",R,R,L,SEA,ATH,X,4.0,ground_ball,1,0,2025,0.81,1.39,-0.34,3.45,,,,1,4,Bot,137.31,146.0,,,,,-8.47395733988884,-130.1541752920282,-2.9660675524373863,10.938911487292785,26.05878833274365,-15.885823002222432,3.49,1.61,53.0,87.9,1.0,89.8,2066.0,6.4,778541,669127,691016,691777,570482,805779,664913,668709,671732,54.07,0.299,0.263,0.0,1.0,0.0,0.0,2.0,28,2,4-Seam Fastball,0,0,0,0,0,0,0,0,Standard,Standard,138.0,-0.023,-0.293,54.7,5.6,0.334,0.293,88.0,0,0,0.536,0.536,32,28,33,29,2,1,,1.0,5.0,1.0,1.45,0.81,-0.81,38.8,7.0917990008930065,17.36935545722721,27.431193476942862,28.82060641326475,25.32488723025609
FF,2025-03-27,96.3,-1.89,6.09,"Raleigh, Cal",663728,622663,field_out,hit_into_play,,,,,8.0,Cal Raleigh flies out sharply to center fielder JJ Bleday.,R,L,R,SEA,ATH,X,8.0,fly_ball,0,0,2025,-0.55,1.39,-0.01,2.1,,,,0,6,Bot,134.65,55.0,,,,,6.221113946297286,-139.97241397514222,-8.114057540032569,-8.632759149001595,31.90278162400399,-12.189776223819935,3.49,1.61,357.0,105.7,39.0,95.9,2311.0,6.2,778547,669127,691016,691777,570482,805779,609280,668709,671732,54.33,0.527888888888889,1.0576666666666668,0.0,1.0,0.0,0.0,6.0,41,1,4-Seam Fastball,0,1,0,1,1,0,0,1,Infield shade,Standard,203.0,-0.04,-0.259,81.1,8.0,2.0882222222222224,0.259,105.7,-1,-1,0.396,0.396,31,28,31,29,3,2,,,5.0,1.0,1.07,0.55,-0.55,45.9,16.09893564355776,-7.25638592372731,38.52525698902924,32.0216562170765,33.47393369930935
FC,2025-03-27,93.7,-2.01,5.96,"Raleigh, Cal",663728,622663,field_out,hit_into_play,,,,,12.0,Cal Raleigh pops out to shortstop Jacob Wilson.,R,L,R,SEA,ATH,X,6.0,popup,2,1,2025,0.05,0.66,0.42,3.65,,,677594.0,2,3,Bot,115.01,137.39,,,,,6.16406395316718,-136.25719599713358,-1.6498573471424764,-0.8516532310215592,31.555770300763665,-23.826394138879397,3.49,1.61,174.0,59.6,46.0,93.2,2393.0,6.2,778547,669127,691016,691777,570482,805779,609280,668709,671732,54.32,0.154,0.139,0.0,1.0,0.0,0.0,3.0,22,4,Cutter,0,0,0,0,0,0,0,0,Infield shade,Strategic,186.0,-0.028,-0.309,70.8,6.6,0.154,0.309,88.0,0,0,0.528,0.528,31,28,31,29,2,1,,,5.0,1.0,1.95,-0.05,0.05,43.2,4.03406060362029,0.5229574117191618,31.066865468154287,27.265221891062968,27.670103333748905
FC,2025-03-24,91.9,-2.6,5.54,"Raleigh, Cal",663728,663568,field_out,hit_into_play,,,,,2.0,"Cal Raleigh grounds out, first baseman Trenton Brooks to pitcher Stephen Kolek.",S,L,R,SD,SEA,X,3.0,ground_ball,2,1,2025,-0.31,0.95,0.14,2.81,670156.0,808083.0,,2,2,Top,156.95,167.91,,,,,7.627206046090277,-133.80547311841627,-3.189237942797462,-5.189586444276791,25.89115802160231,-20.20137566626976,3.29,1.66,9.0,88.6,-18.0,92.5,2302.0,6.4,778992,455117,670092,630105,670712,593428,518792,805234,686744,54.14,0.104,,0.0,,0.0,0.0,2.0,16,4,Cutter,0,2,2,0,2,0,2,0,Infield shade,Standard,225.0,0.046,-0.293,,,0.116,0.293,88.6,-2,2,0.295,0.7050000000000001,28,28,28,29,2,1,,,,,1.72,0.31,-0.31,,,,,,
FF,2025-03-24,94.6,-2.66,5.68,"Raleigh, Cal",663728,663568,force_out,hit_into_play,,,,,1.0,"Cal Raleigh grounds into a force out, second baseman Jake Cronenworth to shortstop Xander Bogaerts. Julio Rodríguez out at 2nd. Cal Raleigh to 1st.",S,L,R,SD,SEA,X,4.0,ground_ball,1,2,2025,-0.75,1.16,-0.35,3.38,,,677594.0,1,1,Top,148.35,153.74,,,,,7.667240174185838,-137.57267133453595,-2.8778420954960957,-11.184470936042082,30.665219698988935,-16.948762042594534,3.29,1.66,14.0,85.6,-13.0,94.3,2222.0,6.2,778992,455117,650333,630105,592518,593428,518792,701538,665487,54.32,0.101,,0.0,,0.0,0.0,2.0,3,5,4-Seam Fastball,0,0,0,0,0,0,0,0,Infield shade,Standard,231.0,0.021,-0.241,,,0.106,0.241,88.0,0,0,0.505,0.495,28,28,28,29,1,0,,,,,1.39,0.75,-0.75,,,,,,
CH,2025-03-23,85.1,1.52,5.43,"Raleigh, Cal",663728,671162,field_out,hit_into_play,,,,,6.0,"Cal Raleigh grounds out, first baseman Jake Bauers to pitcher Connor Thomas.",S,R,L,SEA,MIL,X,3.0,ground_ball,3,2,2025,1.07,0.07,0.7,2.4,,,,1,1,Bot,146.0,167.05,,,,,-4.0334436031069005,-123.91137866579244,-0.9611066989621984,11.862919385350253,23.746795274730115,-31.440141549365737,3.29,1.66,55.0,100.8,0.0,84.6,1247.0,5.8,778997,687783,641343,699130,702332,655316,686555,800325,691621,54.67,0.443,,0.0,,0.0,0.0,4.0,5,6,Changeup,0,0,0,0,0,0,0,0,,,98.0,-0.02,-0.332,,,0.489,0.332,100.8,0,0,0.53,0.53,27,28,27,29,1,0,,,,,3.06,1.07,-1.07,,,,,,
SL,2025-03-23,85.4,-1.78,5.91,"Raleigh, Cal",663728,687866,field_out,hit_into_play,,,,,8.0,Cal Raleigh flies out to left fielder Yhoswar Garcia.,S,L,R,SEA,MIL,X,7.0,fly_ball,1,0,2025,0.25,0.0,-0.2,2.16,,,,1,7,Bot,84.6,65.87,,,,,3.214930306395458,-124.37933433476876,-2.5419152644311387,1.9903196609437608,24.66303569833436,-31.86630992591149,3.29,1.66,,94.7,38.0,,2296.0,6.0,778997,701392,682265,702391,680518,694206,694070,800325,691621,54.52,0.063,,0.0,,0.0,0.0,3.0,58,2,Slider,3,5,3,5,5,3,3,5,Infield shade,Standard,118.0,-0.032,-0.293,,,0.208,0.293,94.7,-2,-2,0.186,0.186,27,28,27,29,1,3,,,,,3.12,-0.25,0.25,,,,,,
FF,2025-03-23,91.5,-1.04,5.77,"Raleigh, Cal",663728,668831,home_run,hit_into_play,,,,,1.0,Cal Raleigh homers (4) on a fly ball to right field.,S,L,R,SEA,MIL,X,,fly_ball,2,0,2025,-0.29,1.39,-0.36,2.92,,,,0,5,Bot,212.48,57.73,,,,,2.363694502733289,-133.1546070868653,-4.3206852527164585,-3.9756541446038263,29.17579078372104,-14.9643636182082,3.29,1.66,,98.9,32.0,,2021.0,6.5,778997,687783,682265,699130,702332,655316,686555,800325,691621,53.97,0.3752666666666667,,2.0,,0.0,3.0,5.0,38,3,4-Seam Fastball,2,2,2,2,2,3,3,2,Infield shade,Standard,201.0,0.127,0.996,,,1.4177333333333335,-0.996,98.9,0,0,0.581,0.581,27,28,28,29,1,2,,,,,1.34,0.29,-0.29,,,,,,
SI,2025-03-23,93.2,-2.91,5.31,"Raleigh, Cal",663728,689337,home_run,hit_into_play,,,,,6.0,Cal Raleigh homers (5) on a fly ball to right field.,S,L,R,SEA,MIL,X,,fly_ball,0,0,2025,-0.91,1.28,0.39,2.74,,,,1,8,Bot,213.75,61.36,,,,,10.410456358626725,-135.34326855649618,-3.5972862836386508,-13.535662637251928,29.94548493982675,-15.89053210988775,3.29,1.66,402.0,111.4,30.0,92.6,2219.0,6.1,778997,701392,682265,702391,680518,694206,694070,800325,691621,54.41,0.9798888888888888,,2.0,,0.0,3.0,6.0,72,1,Sinker,9,6,9,6,6,10,10,6,Infield shade,Standard,223.0,0.017,1.583,,,3.923333333333334,-1.583,111.4,3,3,0.97,0.97,28,28,28,29,1,4,,,,,1.36,0.91,-0.91,,,,,,
FF,2025-03-23,92.4,2.84,5.22,"Raleigh, Cal",663728,663542,single,hit_into_play,,,,,3.0,Cal Raleigh singles on a ground ball to center fielder Luis Lara.,S,R,L,SEA,MIL,X,8.0,ground_ball,0,0,2025,0.93,0.84,0.61,2.86,,,,0,3,Bot,113.01,90.27,,,,,-7.811022780989996,-134.3437091832928,-2.0652634971712054,12.905833072634856,27.82214051210284,-21.68804005906367,3.29,1.66,16.0,106.3,-10.0,93.9,2115.0,7.1,778997,687783,682265,699130,702332,655316,686555,800325,691621,53.38,0.289,,0.9,,1.0,0.0,2.0,23,1,4-Seam Fastball,2,2,2,2,2,2,2,2,Standard,Standard,114.0,0.04,0.438,,,0.295,-0.438,106.3,0,0,0.555,0.555,28,28,28,29,1,1,,,,,1.82,0.93,-0.93,,,,,,
CH,2025-03-21,86.0,-1.53,5.61,"Raleigh, Cal",663728,680689,field_out,hit_into_play,,,,,11.0,Cal Raleigh pops out to third baseman Davis Wendzel in foul territory.,S,L,R,SEA,CIN,X,5.0,popup,0,1,2025,-1.41,0.37,-0.85,2.78,,,,0,8,Bot,86.92,155.63,,,,,4.382732184667957,-125.20822670193338,-1.211933200880985,-15.741943112924895,25.19262874974363,-28.284613707406542,3.29,1.66,148.0,81.1,73.0,84.5,1775.0,5.3,778995,687192,664731,703150,673995,694193,699302,807751,690988,55.22,0.003,,0.0,,0.0,0.0,3.0,62,2,Changeup,3,5,3,5,5,3,3,5,Infield shade,Standard,241.0,-0.037,-0.22,,,0.003,0.22,88.0,-2,-2,0.16,0.16,25,28,25,29,1,3,,,,,2.71,1.41,-1.41,,,,,,
FF,2025-03-19,95.2,-1.12,5.53,"Raleigh, Cal",663728,594798,single,hit_into_play,,,,,1.0,Cal Raleigh singles on a sharp line drive to center fielder Leody Taveras. Jorge Polanco to 2nd.,S,L,R,SEA,TEX,X,8.0,line_drive,1,1,2025,-1.12,1.26,-0.37,2.98,,,593871.0,0,4,Bot,130.93,92.46,,,,,4.515866206124832,-138.69898543267843,-3.9696442664491025,-15.458354339716958,28.53910783375157,-15.236815510578673,3.29,1.66,198.0,103.4,11.0,96.2,2550.0,6.6,779002,543309,669394,543760,673962,608369,669701,665750,666969,53.88,0.949,,0.9,,1.0,0.0,4.0,29,3,4-Seam Fastball,1,1,1,1,1,1,1,1,Infield shade,Standard,211.0,0.064,0.478,,,1.199,-0.478,103.4,0,0,0.601,0.601,37,28,37,29,2,1,,,,,1.24,1.12,-1.12,,,,,,
FF,2025-03-19,93.7,3.75,5.88,"Raleigh, Cal",663728,676395,field_out,hit_into_play,,,,,1.0,Cal Raleigh flies out to left fielder Alejandro Osuna.,S,R,L,SEA,TEX,X,7.0,fly_ball,0,0,2025,0.62,1.28,-0.57,2.85,,,,1,6,Bot,85.32,77.21,,,,,-12.515471986548954,-135.84309587804415,-4.866711746133833,10.581935413297424,31.47007408548381,-15.343482440621065,3.29,1.66,,88.3,29.0,,1985.0,6.4,779002,543309,803015,677649,676701,605113,696030,665750,607680,54.1,0.043,,0.0,,0.0,0.0,3.0,47,1,4-Seam Fastball,3,2,3,2,2,3,3,2,Standard,Standard,133.0,-0.016,-0.254,,,0.091,0.254,88.3,1,1,0.719,0.719,29,28,29,29,1,2,,,,,1.34,0.62,-0.62,,,,,,
FC,2025-03-18,88.6,-1.35,6.11,"Raleigh, Cal",663728,660730,home_run,hit_into_play,,,,,4.0,Cal Raleigh homers (3) on a line drive to right field. Ryan Bliss scores.,S,L,R,SEA,MIL,X,,line_drive,3,2,2025,-0.33,0.64,-0.31,2.71,669208.0,,,2,3,Bot,226.97,92.35,,,,,3.249233937426529,-129.0607469898388,-3.641848375085359,-4.383995269544873,25.623508618850177,-24.42662552874607,3.29,1.66,361.0,113.7,20.0,89.1,2254.0,6.5,779001,595751,641343,702332,681962,655316,686555,686217,622534,54.05,0.9515,,2.0,,0.0,3.0,6.0,26,8,Cutter,2,3,2,3,3,4,4,3,Infield shade,Standard,182.0,0.209,1.471,,,3.368166666666667,-1.471,113.7,-1,-1,0.424,0.424,27,28,27,29,2,1,,,,,2.24,0.33,-0.33,,,,,,
CH,2025-03-18,82.6,1.95,5.56,"Raleigh, Cal",663728,641302,field_out,hit_into_play,,,,,14.0,Cal Raleigh flies out to right fielder Manuel Margot.,S,R,L,SEA,MIL,X,9.0,fly_ball,2,2,2025,1.11,0.2,1.29,2.12,,670042.0,,2,6,Bot,172.07,103.31,,,,,-3.6530440398546298,-120.26388223507524,-1.7079597064795382,11.507489666365393,24.20583096319122,-30.100870996761607,3.29,1.66,264.0,79.7,43.0,82.0,1762.0,5.9,779001,595751,641343,702332,681962,655316,686555,686217,622534,54.58,0.028,,0.0,,0.0,0.0,3.0,53,6,Changeup,9,3,9,3,3,9,9,3,Standard,Standard,118.0,-0.002,-0.22,,,0.04,0.22,88.0,6,6,0.985,0.985,30,28,31,29,2,3,,,,,3.15,1.11,-1.11,,,,,,
CH,2025-03-18,81.7,2.01,5.66,"Raleigh, Cal",663728,641302,field_out,hit_into_play,,,,,9.0,"Cal Raleigh grounds out, shortstop Andruw Monasterio to first baseman Jake Bauers.",S,R,L,SEA,MIL,X,6.0,ground_ball,0,1,2025,1.15,-0.11,0.6,1.9,,670042.0,,1,5,Bot,106.93,149.86,,,,,-5.35159207172904,-118.84448184448787,-1.6148619817680223,11.963219635507828,24.574951175303234,-33.07693556454664,3.29,1.66,5.0,108.1,-20.0,80.9,1560.0,5.9,779001,595751,641343,702332,681962,655316,686555,686217,622534,54.57,0.124,,0.0,,0.0,0.0,2.0,41,2,Changeup,5,3,5,3,3,5,5,3,Standard,Standard,120.0,-0.02,-0.221,,,0.124,0.221,108.1,2,2,0.823,0.823,30,28,31,29,1,2,,,,,3.55,1.15,-1.15,,,,,,
FF,2025-03-18,93.5,-1.48,6.31,"Raleigh, Cal",663728,660730,field_out,hit_into_play,,,,,7.0,Cal Raleigh flies out to right fielder Manuel Margot.,S,L,R,SEA,MIL,X,9.0,fly_ball,0,1,2025,-0.69,1.68,-0.71,2.06,,,,2,1,Bot,194.21,101.97,,,,,3.5259801131526487,-135.920168710895,-8.910082495331906,-9.350607349898636,29.83725517546482,-9.59461321320389,3.29,1.66,,82.9,36.0,,2326.0,6.5,779001,595751,641343,702332,681962,655316,686555,686217,622534,54.02,0.023,,0.0,,0.0,0.0,3.0,9,2,4-Seam Fastball,0,3,0,3,3,0,0,3,Infield shade,Standard,201.0,-0.008,-0.217,,,0.048,0.217,88.0,-3,-3,0.23,0.23,27,28,27,29,1,0,,,,,0.93,0.69,-0.69,,,,,,
,2025-03-17,,,,"Raleigh, Cal",663728,688445,home_run,hit_into_play,,,,,,Cal Raleigh homers (2) on a fly ball to right field.,S,L,R,ATH,SEA,X,,fly_ball,3,2,2025,,,,,,,,0,8,Top,212.85,61.34,,,,,,,,,,,,,,,,,,,779140,640902,686810,690985,649966,691777,683454,682183,678577,,,,2.0,,0.0,3.0,,64,11,,5,3,3,5,4,5,4,5,,,,-0.107,1.029,,,,-1.029,,2,-2,0.852,0.148,28,28,29,29,1,3,,,,,,,,,,,,,
,2025-03-17,,,,"Raleigh, Cal",663728,663687,field_out,hit_into_play,,,,,,Cal Raleigh pops out to first baseman Tyler Soderstrom.,S,R,L,ATH,SEA,X,3.0,popup,1,0,2025,,,,,,,,2,1,Top,147.45,157.16,,,,,,,,,,,,,,,,,,,779140,669127,691016,680869,570482,805779,609280,668709,671732,,,,0.0,,0.0,0.0,,3,2,,0,0,0,0,0,0,0,0,,,,0.011,-0.297,,,,0.297,,0,0,0.537,0.4629999999999999,28,28,29,29,1,0,,,,,,,,,,,,,
,2025-03-17,,,,"Raleigh, Cal",663728,669920,field_out,hit_into_play,,,,,,"Cal Raleigh grounds out, second baseman Zack Gelof to first baseman Tyler Soderstrom.",S,L,R,ATH,SEA,X,4.0,ground_ball,1,0,2025,,,,,,,,0,4,Top,154.55,154.62,,,,,,,,,,,,,,,,,,,779140,669127,691016,680869,570482,805779,609280,668709,671732,,,,0.0,,0.0,0.0,,25,2,,1,0,0,1,0,1,0,1,,,,0.034,-0.301,,,,0.301,,1,-1,0.618,0.382,32,28,32,29,1,1,,,,,,,,,,,,,
,2025-03-15,,,,"Raleigh, Cal",663728,657277,field_out,hit_into_play,,,,,,"Cal Raleigh grounds out, first baseman LaMonte Wade Jr. to pitcher Logan Webb.",S,L,R,SF,SEA,X,3.0,ground_ball,1,0,2025,,,,,,,,2,1,Top,151.53,165.21,,,,,,,,,,,,,,,,,,,778982,672275,664774,666149,656305,642715,671218,687529,666464,,,,0.0,,0.0,0.0,,3,2,,0,0,0,0,0,0,0,0,,,,0.011,-0.297,,,,0.297,,0,0,0.537,0.4629999999999999,28,28,29,29,1,0,,,,,,,,,,,,,
