pitch_type,game_date,release_speed,release_pos_x,release_pos_z,player_name,batter,pitcher,events,description,spin_dir,spin_rate_deprecated,break_angle_deprecated,break_length_deprecated,zone,des,game_type,stand,p_throws,home_team,away_team,type,hit_location,bb_type,balls,strikes,game_year,pfx_x,pfx_z,plate_x,plate_z,on_3b,on_2b,on_1b,outs_when_up,inning,inning_topbot,hc_x,hc_y,tfs_deprecated,tfs_zulu_deprecated,umpire,sv_id,vx0,vy0,vz0,ax,ay,az,sz_top,sz_bot,hit_distance_sc,launch_speed,launch_angle,effective_speed,release_spin_rate,release_extension,game_pk,fielder_2,fielder_3,fielder_4,fielder_5,fielder_6,fielder_7,fielder_8,fielder_9,release_pos_y,estimated_ba_using_speedangle,estimated_woba_using_speedangle,woba_value,woba_denom,babip_value,iso_value,launch_speed_angle,at_bat_number,pitch_number,pitch_name,home_score,away_score,bat_score,fld_score,post_away_score,post_home_score,post_bat_score,post_fld_score,if_fielding_alignment,of_fielding_alignment,spin_axis,delta_home_win_exp,delta_run_exp,bat_speed,swing_length,estimated_slg_using_speedangle,delta_pitcher_run_exp,hyper_speed,home_score_diff,bat_score_diff,home_win_exp,bat_win_exp,age_pit_legacy,age_bat_legacy,age_pit,age_bat,n_thruorder_pitcher,n_priorpa_thisgame_player_at_bat,pitcher_days_since_prev_game,batter_days_since_prev_game,pitcher_days_until_next_game,batter_days_until_next_game,api_break_z_with_gravity,api_break_x_arm,api_break_x_batter_in,arm_angle,attack_angle,attack_direction,swing_path_tilt,intercept_ball_minus_batter_pos_x_inches,intercept_ball_minus_batter_pos_y_inches
SL,2020-09-27,85.1,2.98,6.29,"Skubal, Tarik",521692,669373,strikeout,called_strike,,,,,1,Salvador Perez called out on strikes.,R,R,L,KC,DET,S,2.0,,2,2,2020,-0.17,0.06,-0.49,3.18,,,,2,6,Bot,,,,,,,-7.782972658354792,-123.72101634894976,-1.1076246883587202,-0.1730321003197225,24.39320712148949,-31.523367934677967,3.55,1.7,,,,84.9,1483,6.2,631386,606992,641525,642727,670623,592348,593528,622682,663662,54.35,,0.0,0.0,1.0,0.0,0.0,,42,5,Slider,2,1,2,1,1,2,2,1,Infield shift,Standard,206,-0.01,-0.25,,,,0.25,,1,1,0.702,0.702,23,30,24,30,2,2,5.0,1,,,3.09,-0.17,0.17,47.9,,,,,
FF,2020-09-27,94.4,3.23,6.32,"Skubal, Tarik",521692,669373,,ball,,,,,12,Ball,R,R,L,KC,DET,B,,,1,2,2020,1.14,1.65,1.62,2.98,,,,2,6,Bot,,,,,,,-6.675962418924591,-137.05598683152957,-6.557066624714857,15.899447300278084,33.809778768937235,-10.09479711768925,3.62,1.67,,,,93.3,2385,6.0,631386,606992,641525,642727,670623,592348,593528,622682,663662,54.49,,,,,,,,42,4,4-Seam Fastball,2,1,2,1,1,2,2,1,Infield shift,Standard,136,0.002,0.046,,,,-0.046,,1,1,0.7,0.7,23,30,24,30,2,2,5.0,1,,,0.94,1.14,-1.14,43.1,,,,,
FF,2020-09-27,93.6,2.98,6.35,"Skubal, Tarik",521692,669373,,foul,,,,,12,Foul,R,R,L,KC,DET,S,,,1,1,2020,1.0,1.34,1.37,2.92,,,,2,6,Bot,,,,,,,-6.308547789444005,-136.0070887564894,-5.991313498834297,13.82325150165146,32.572721395922585,-14.43508513911628,3.49,1.6,,,,92.8,2251,6.1,631386,606992,641525,642727,670623,592348,593528,622682,663662,54.39,,,,,,,,42,3,4-Seam Fastball,2,1,2,1,1,2,2,1,Infield shift,Standard,141,-0.002,-0.075,,,,0.075,,1,1,0.702,0.702,23,30,24,30,2,2,5.0,1,,,1.29,1.0,-1.0,46.0,,,,,
FF,2020-09-27,93.1,2.96,6.39,"Skubal, Tarik",521692,669373,,swinging_strike,,,,,12,Swinging Strike,R,R,L,KC,DET,S,,,1,0,2020,0.91,1.64,1.44,2.99,,,,2,6,Bot,,,,,,,-5.883010172651513,-135.35303264283198,-6.501201065263845,12.50907456736458,30.77689550094933,-10.758048309022406,3.49,1.6,,,,92.6,2279,6.1,631386,606992,641525,642727,670623,592348,593528,622682,663662,54.39,,,,,,,,42,2,4-Seam Fastball,2,1,2,1,1,2,2,1,Infield shift,Standard,140,-0.002,-0.057,,,,0.057,,1,1,0.704,0.704,23,30,24,30,2,2,5.0,1,,,1.0,0.91,-0.91,47.6,,,,,
CU,2020-09-27,76.4,2.71,6.52,"Skubal, Tarik",521692,669373,,ball,,,,,14,Ball,R,R,L,KC,DET,B,,,0,0,2020,-0.26,-1.32,0.06,-1.13,,,,2,6,Bot,,,,,,,-5.115603780159112,-111.10553677527024,-6.662703172763065,-1.187119651417324,20.428366077234266,-42.0328347892433,3.53,1.7,,,,76.1,2287,6.2,631386,606992,641525,642727,670623,592348,593528,622682,663662,54.34,,,,,,,,42,1,Curveball,2,1,2,1,1,2,2,1,Infield shift,Standard,339,0.001,0.046,,,,-0.046,,1,1,0.703,0.703,23,30,24,30,2,2,5.0,1,,,5.23,-0.26,0.26,,,,,,
CH,2020-09-27,80.2,2.37,6.56,"Skubal, Tarik",609275,669373,field_out,hit_into_play,,,,,7,Adalberto Mondesi pops out to shortstop Niko Goodrum in foul territory.,R,R,L,KC,DET,X,6.0,popup,2,1,2020,0.69,1.41,-0.41,2.05,,,,1,6,Bot,57.75,159.82,,,,,-7.421521074869191,-116.51406272233436,-5.920807782893213,7.692969454181171,21.30094354496264,-18.34593601418778,3.45,1.58,185.0,85.8,61.0,79.9,1405,6.1,631386,606992,641525,642727,670623,592348,593528,622682,663662,54.38,0.02,0.027,0.0,1.0,0.0,0.0,3.0,41,4,Changeup,2,1,2,1,1,2,2,1,Standard,Standard,136,-0.018,-0.309,,,0.039,0.309,88.0,1,1,0.721,0.721,23,24,24,25,2,2,5.0,1,,,2.13,0.69,-0.69,58.3,,,,,
SL,2020-09-27,85.9,3.08,6.25,"Skubal, Tarik",609275,669373,,foul,,,,,6,Foul,R,R,L,KC,DET,S,,,2,0,2020,-0.24,0.28,0.37,2.34,,,,1,6,Bot,,,,,,,-5.919212850707475,-124.98813502039523,-3.5777024248787073,-1.339944184259896,24.371418223886096,-28.752875747590046,3.45,1.58,252.0,84.3,49.0,85.7,2114,6.1,631386,606992,641525,642727,670623,592348,593528,622682,663662,54.43,,,,,,,,41,3,Slider,2,1,2,1,1,2,2,1,Standard,Standard,128,-0.005,-0.062,,,,0.062,88.0,1,1,0.726,0.726,23,24,24,25,2,2,5.0,1,,,2.8,-0.24,0.24,46.0,,,,,
CH,2020-09-27,79.5,2.36,6.66,"Skubal, Tarik",609275,669373,,ball,,,,,11,Ball,R,R,L,KC,DET,B,,,1,0,2020,0.5,1.09,-0.15,4.34,,,,1,6,Bot,,,,,,,-6.417961033388408,-115.74786639844184,-0.4348996317238197,5.629638941201278,19.383119023083207,-22.45914863714547,3.34,1.58,,,,79.6,1440,6.1,631386,606992,641525,642727,670623,592348,593528,622682,663662,54.42,,,,,,,,41,2,Changeup,2,1,2,1,1,2,2,1,Standard,Standard,144,0.005,0.063,,,,-0.063,,1,1,0.721,0.721,23,24,24,25,2,2,5.0,1,,,2.49,0.5,-0.5,59.8,,,,,
CH,2020-09-27,79.5,2.49,6.65,"Skubal, Tarik",609275,669373,,ball,,,,,14,Ball,R,R,L,KC,DET,B,,,0,0,2020,0.35,1.04,0.27,0.64,,,,1,6,Bot,,,,,,,-5.517090135213358,-115.61581548186489,-8.46346999843337,4.0297614310951895,17.84689115517486,-21.522921220849735,3.28,1.49,,,,79.9,1432,6.2,631386,606992,641525,642727,670623,592348,593528,622682,663662,54.25,,,,,,,,41,1,Changeup,2,1,2,1,1,2,2,1,Standard,Strategic,141,0.002,0.042,,,,-0.042,,1,1,0.719,0.719,23,24,24,25,2,2,5.0,1,,,2.52,0.35,-0.35,58.8,,,,,
CH,2020-09-27,81.2,2.47,6.65,"Skubal, Tarik",593160,669373,field_out,hit_into_play,,,,,2,Whit Merrifield flies out to left fielder Jorge Bonifacio.,R,R,L,KC,DET,X,7.0,fly_ball,2,2,2020,0.47,1.12,-0.04,3.01,,,,0,6,Bot,100.4,55.17,,,,,-6.522898532333969,-118.190769750375,-3.7387289227311737,5.5836632355626605,19.775310350120016,-21.146143979478104,3.34,1.55,345.0,92.6,31.0,81.3,1219,6.1,631386,606992,641525,642727,670623,592348,593528,622682,663662,54.41,0.14,0.235,0.0,1.0,0.0,0.0,3.0,40,5,Changeup,2,1,2,1,1,2,2,1,Standard,Standard,145,-0.019,-0.24,,,0.459,0.24,92.6,1,1,0.738,0.738,23,31,24,31,2,2,5.0,1,,,2.3,0.47,-0.47,57.9,,,,,
FF,2020-09-27,94.6,3.0,6.38,"Skubal, Tarik",593160,669373,,ball,,,,,12,Ball,R,R,L,KC,DET,B,,,1,2,2020,1.06,1.32,1.78,3.06,,,,0,6,Bot,,,,,,,-5.524037935405328,-137.63597167763024,-5.933466739267421,14.685144310193513,27.90929377624268,-14.286464769391362,3.4,1.59,,,,94.5,2312,6.1,631386,606992,641525,642727,670623,592348,593528,622682,663662,54.43,,,,,,,,40,4,4-Seam Fastball,2,1,2,1,1,2,2,1,Standard,Standard,140,0.003,0.039,,,,-0.039,,1,1,0.735,0.735,23,31,24,31,2,2,5.0,1,,,1.21,1.06,-1.06,46.8,,,,,
FF,2020-09-27,94.9,3.25,6.31,"Skubal, Tarik",593160,669373,,ball,,,,,12,Ball,R,R,L,KC,DET,B,,,0,2,2020,0.92,1.28,1.63,4.86,,,,0,6,Bot,,,,,,,-6.269254337324958,-138.10001902295377,-1.0096265148685504,13.172651378245416,28.602026958587437,-15.704929642909736,3.43,1.62,,,,94.8,2261,6.1,631386,606992,641525,642727,670623,592348,593528,622682,663662,54.42,,,,,,,,40,3,4-Seam Fastball,2,1,2,1,1,2,2,1,Standard,Standard,133,0.002,0.03,,,,-0.03,,1,1,0.733,0.733,23,31,24,31,2,2,5.0,1,,,1.24,0.92,-0.92,42.2,,,,,
FF,2020-09-27,94.2,3.18,6.24,"Skubal, Tarik",593160,669373,,swinging_strike,,,,,6,Swinging Strike,R,R,L,KC,DET,S,,,0,1,2020,0.87,1.22,0.81,2.71,,,,0,6,Bot,,,,,,,-8.053941251599252,-136.88515679799454,-6.194180039463283,12.699241900288882,28.012849340350986,-15.589086069092287,3.34,1.55,,,,94.0,2333,6.1,631386,606992,641525,642727,670623,592348,593528,622682,663662,54.4,,,,,,,,40,2,4-Seam Fastball,2,1,2,1,1,2,2,1,Standard,Standard,144,-0.004,-0.062,,,,0.062,,1,1,0.737,0.737,23,31,24,31,2,2,5.0,1,,,1.34,0.87,-0.87,43.7,,,,,
FF,2020-09-27,91.5,3.05,6.39,"Skubal, Tarik",593160,669373,,foul,,,,,6,Foul,R,R,L,KC,DET,S,,,0,0,2020,1.0,1.24,0.46,2.43,,,,0,6,Bot,,,,,,,-8.662124517503269,-132.8161885698692,-6.711976124657986,13.75760553619246,29.527846182309407,-16.179930948939408,3.34,1.55,219.0,75.3,48.0,91.0,2149,6.2,631386,606992,641525,642727,670623,592348,593528,622682,663662,54.3,,,,,,,,40,1,4-Seam Fastball,2,1,2,1,1,2,2,1,Standard,Standard,137,-0.003,-0.046,,,,0.046,88.0,1,1,0.74,0.74,23,31,24,31,2,2,5.0,1,,,1.5,1.0,-1.0,49.4,,,,,
SL,2020-09-27,84.1,3.18,6.21,"Skubal, Tarik",614173,669373,field_out,hit_into_play,,,,,4,"Franchy Cordero grounds out softly, pitcher Tarik Skubal to first baseman Brandon Dixon.",R,L,L,KC,DET,X,1.0,ground_ball,0,0,2020,-0.09,0.23,-0.52,2.26,,,,2,5,Bot,128.89,179.74,,,,,-8.362433284268013,-122.28759311507208,-3.248071286027454,0.6194769683912847,22.96305043964255,-29.43558443092376,3.46,1.63,2.0,55.2,-43.0,84.0,2304,6.2,631386,606992,641525,642727,670623,592348,593528,622682,663662,54.33,0.2,0.233,0.0,1.0,0.0,0.0,1.0,36,1,Slider,2,1,2,1,1,2,2,1,Infield shift,Standard,174,-0.011,-0.29,,,0.222,0.29,88.0,1,1,0.671,0.671,23,25,24,26,2,1,5.0,1,,,2.99,-0.09,-0.09,46.1,,,,,
SL,2020-09-27,86.7,2.78,6.3,"Skubal, Tarik",670032,669373,strikeout,swinging_strike_blocked,,,,,13,Nicky Lopez strikes out swinging.,R,L,L,KC,DET,S,2.0,,0,2,2020,-0.05,0.47,-1.56,0.92,,,,1,5,Bot,,,,,,,-10.239654279939078,-125.83120517383394,-7.64366329584178,1.3712181602234594,23.649938453935626,-25.77695764928866,3.05,1.42,,,,86.7,2360,6.3,631386,606992,641525,642727,670623,592348,593528,622682,663662,54.21,,0.0,0.0,1.0,0.0,0.0,,35,3,Slider,2,1,2,1,1,2,2,1,Standard,Strategic,166,-0.01,-0.163,,,,0.163,,1,1,0.681,0.681,23,25,24,25,2,1,5.0,1,,,2.56,-0.05,-0.05,48.9,,,,,
SL,2020-09-27,85.1,2.9,6.37,"Skubal, Tarik",670032,669373,,foul,,,,,2,Foul,R,L,L,KC,DET,S,,,0,1,2020,-0.14,0.36,-0.05,2.61,,,,1,5,Bot,,,,,,,-6.646728765287268,-123.99656375531433,-3.3448905980806938,-0.3368587980497664,20.19874230503423,-28.07054721385146,3.05,1.42,108.0,78.8,69.0,85.6,2227,6.1,631386,606992,641525,642727,670623,592348,593528,622682,663662,54.36,,,,,,,,35,2,Slider,2,1,2,1,1,2,2,1,Standard,Standard,180,-0.004,-0.062,,,,0.062,88.0,1,1,0.685,0.685,23,25,24,25,2,1,5.0,1,,,2.74,-0.14,-0.14,49.9,,,,,
FF,2020-09-27,93.2,2.81,6.52,"Skubal, Tarik",670032,669373,,foul,,,,,6,Foul,R,L,L,KC,DET,S,,,0,0,2020,0.81,1.44,0.45,2.24,,,,1,5,Bot,,,,,,,-7.808451262188926,-135.31151738494293,-8.367190171885133,11.664318348216376,28.48922974781111,-12.816433970429228,3.05,1.42,90.0,76.4,77.0,92.8,2363,6.1,631386,606992,641525,642727,670623,592348,593528,622682,663662,54.38,,,,,,,,35,1,4-Seam Fastball,2,1,2,1,1,2,2,1,Standard,Standard,143,-0.002,-0.041,,,,0.041,88.0,1,1,0.687,0.687,23,25,24,25,2,1,5.0,1,,,1.19,0.81,0.81,52.6,,,,,
FF,2020-09-27,95.0,2.92,6.39,"Skubal, Tarik",658668,669373,field_out,hit_into_play,,,,,7,"Edward Olivares grounds out softly, third baseman Isaac Paredes to first baseman Brandon Dixon.",R,R,L,KC,DET,X,5.0,ground_ball,2,2,2020,0.93,1.54,-0.8,2.26,,,,0,5,Bot,108.59,165.01,,,,,-11.751874280847032,-137.72202110812694,-8.566083940982908,14.36659770566382,29.90990391027312,-10.723857568014488,3.61,1.74,11.0,56.3,-9.0,94.6,2330,6.2,631386,606992,641525,642727,670623,592348,593528,622682,663662,54.28,0.113,0.127,0.0,1.0,0.0,0.0,1.0,34,6,4-Seam Fastball,2,1,2,1,1,2,2,1,Standard,Standard,145,-0.019,-0.24,,,0.127,0.24,88.0,1,1,0.706,0.706,23,24,24,24,2,1,5.0,1,,,1.0,0.93,-0.93,47.8,,,,,
FF,2020-09-27,94.6,2.96,6.39,"Skubal, Tarik",658668,669373,,foul,,,,,12,Foul,R,R,L,KC,DET,S,,,2,2,2020,0.68,1.41,0.49,3.92,,,,0,5,Bot,,,,,,,-7.946038104907614,-137.51988881052247,-3.843605261827013,10.523068673265898,32.38901022347833,-13.649881179714866,3.61,1.74,266.0,76.8,40.0,93.9,2243,6.1,631386,606992,641525,642727,670623,592348,593528,622682,663662,54.41,,,,,,,,34,5,4-Seam Fastball,2,1,2,1,1,2,2,1,Infield shift,Standard,140,0.0,0.0,,,,0.0,88.0,1,1,0.706,0.706,23,24,24,24,2,1,5.0,1,,,1.15,0.68,-0.68,46.9,,,,,
FF,2020-09-27,94.0,3.03,6.35,"Skubal, Tarik",658668,669373,,swinging_strike,,,,,12,Swinging Strike,R,R,L,KC,DET,S,,,2,1,2020,0.67,1.44,0.58,3.85,,,,0,5,Bot,,,,,,,-7.770812476038145,-136.5653300557183,-3.889208428285604,10.172835488228856,31.50429161970756,-13.531103153954431,3.61,1.74,,,,93.2,2258,6.0,631386,606992,641525,642727,670623,592348,593528,622682,663662,54.51,,,,,,,,34,4,4-Seam Fastball,2,1,2,1,1,2,2,1,Infield shift,Standard,148,-0.005,-0.085,,,,0.085,,1,1,0.711,0.711,23,24,24,24,2,1,5.0,1,,,1.16,0.67,-0.67,45.7,,,,,
FF,2020-09-27,92.8,2.88,6.42,"Skubal, Tarik",658668,669373,,foul,,,,,3,Foul,R,R,L,KC,DET,S,,,2,0,2020,0.88,1.49,0.67,3.43,,,,0,5,Bot,,,,,,,-7.532949170186716,-134.85827855471146,-5.074689835133365,12.437391170446425,29.497323766524545,-13.011050250329134,3.61,1.74,152.0,80.6,74.0,92.3,2336,6.1,631386,606992,641525,642727,670623,592348,593528,622682,663662,54.41,,,,,,,,34,3,4-Seam Fastball,2,1,2,1,1,2,2,1,Infield shift,Standard,144,-0.007,-0.066,,,,0.066,88.0,1,1,0.718,0.718,23,24,24,24,2,1,5.0,1,,,1.16,0.88,-0.88,49.8,,,,,
CH,2020-09-27,79.2,2.54,6.61,"Skubal, Tarik",658668,669373,,ball,,,,,13,Ball,R,R,L,KC,DET,B,,,1,0,2020,0.93,1.24,-1.02,1.99,,,,0,5,Bot,,,,,,,-9.445085166596913,-114.82520952908637,-5.5738601811168715,9.968088353668849,20.888285692222357,-20.328939227432755,3.45,1.68,,,,78.8,1438,6.2,631386,606992,641525,642727,670623,592348,593528,622682,663662,54.35,,,,,,,,34,2,Changeup,2,1,2,1,1,2,2,1,Infield shift,Standard,139,0.007,0.067,,,,-0.067,,1,1,0.711,0.711,23,24,24,24,2,1,5.0,1,,,2.42,0.93,-0.93,58.9,,,,,
FF,2020-09-27,94.6,2.87,6.42,"Skubal, Tarik",658668,669373,,ball,,,,,14,Ball,R,R,L,KC,DET,B,,,0,0,2020,1.14,1.68,0.3,1.48,,,,0,5,Bot,,,,,,,-9.168284497537709,-136.9936734047063,-10.782506822543796,16.51033254938291,32.390817727989365,-8.715534406382458,3.61,1.82,,,,93.6,2439,6.1,631386,606992,641525,642727,670623,592348,593528,622682,663662,54.36,,,,,,,,34,1,4-Seam Fastball,2,1,2,1,1,2,2,1,Infield shift,Standard,146,0.003,0.045,,,,-0.045,,1,1,0.708,0.708,23,24,24,24,2,1,5.0,1,,,0.91,1.14,-1.14,50.1,,,,,
SL,2020-09-27,86.3,2.96,6.18,"Skubal, Tarik",643436,669373,home_run,hit_into_play,,,,,8,Ryan McBroom homers (6) on a fly ball to left center field.,R,R,L,KC,DET,X,,fly_ball,1,2,2020,-0.25,0.22,0.0,2.02,,,,0,5,Bot,64.54,35.13,,,,,-6.492783231311479,-125.4905837898012,-4.088147959492367,-1.3595898614762982,25.331437037073886,-29.19242099937612,3.49,1.62,412.0,107.9,24.0,86.0,2207,6.1,631386,606992,641525,642727,670623,592348,593528,622682,663662,54.4,0.993,1.954,2.0,1.0,0.0,3.0,6.0,33,4,Slider,1,1,1,1,1,2,2,1,Standard,Standard,151,0.149,1.192,,,3.919,-1.192,107.9,0,0,0.559,0.559,23,28,24,28,2,1,5.0,1,,,2.84,-0.25,0.25,46.7,,,,,
CH,2020-09-27,81.8,2.39,6.61,"Skubal, Tarik",643436,669373,,ball,,,,,12,Ball,R,R,L,KC,DET,B,,,0,2,2020,0.74,1.09,0.85,3.35,,,,0,5,Bot,,,,,,,-4.895191000796825,-119.12410829198625,-2.915920977796742,7.973301398291999,22.73550644684156,-21.408512902708175,3.23,1.57,,,,81.8,1381,6.2,631386,606992,641525,642727,670623,592348,593528,622682,663662,54.27,,,,,,,,33,3,Changeup,1,1,1,1,1,1,1,1,Standard,Standard,144,0.003,0.03,,,,-0.03,,0,0,0.556,0.556,23,28,24,28,2,1,5.0,1,,,2.31,0.74,-0.74,58.9,,,,,
CU,2020-09-27,75.4,2.45,6.52,"Skubal, Tarik",643436,669373,,called_strike,,,,,9,Called Strike,R,R,L,KC,DET,S,,,0,1,2020,-0.64,-0.93,0.66,1.79,,,,0,5,Bot,,,,,,,-2.5661535276322356,-109.82992599720824,-1.0376143025499909,-4.66104866554553,20.43164750563838,-39.69511974463873,3.24,1.54,,,,74.9,2171,6.0,631386,606992,641525,642727,670623,592348,593528,622682,663662,54.51,,,,,,,,33,2,Curveball,1,1,1,1,1,1,1,1,Infield shift,Standard,338,-0.006,-0.062,,,,0.062,,0,0,0.562,0.562,23,28,24,28,2,1,5.0,1,,,4.95,-0.64,0.64,,,,,,
FF,2020-09-27,91.7,3.01,6.44,"Skubal, Tarik",643436,669373,,called_strike,,,,,2,Called Strike,R,R,L,KC,DET,S,,,0,0,2020,0.67,1.4,-0.22,2.88,,,,0,5,Bot,,,,,,,-9.556442846544972,-133.09751087517006,-6.085710737011146,10.081145722853744,29.95014109897356,-14.395035135768474,3.29,1.53,,,,91.0,2076,6.1,631386,606992,641525,642727,670623,592348,593528,622682,663662,54.36,,,,,,,,33,1,4-Seam Fastball,1,1,1,1,1,1,1,1,Infield shift,Standard,136,-0.005,-0.046,,,,0.046,,0,0,0.567,0.567,23,28,24,28,2,1,5.0,1,,,1.34,0.67,-0.67,49.9,,,,,
CH,2020-09-27,81.7,2.29,6.61,"Skubal, Tarik",641531,669373,strikeout,called_strike,,,,,12,Hunter Dozier called out on strikes.,R,R,L,KC,DET,S,2.0,,1,2,2020,1.12,1.21,0.83,2.47,,,,2,4,Bot,,,,,,,-5.397864194014094,-118.85270400051868,-5.111966865318867,11.626011363293708,20.574740032713468,-19.884961677610832,3.31,1.54,,,,81.6,1541,6.0,631386,606992,641525,642727,670623,592348,593528,622682,663662,54.5,,0.0,0.0,1.0,0.0,0.0,,29,4,Changeup,1,1,1,1,1,1,1,1,Infield shift,Standard,136,-0.01,-0.204,,,,0.204,,0,0,0.51,0.51,23,28,24,29,2,1,5.0,1,,,2.18,1.12,-1.12,,,,,,
CH,2020-09-27,81.6,2.47,6.57,"Skubal, Tarik",641531,669373,,swinging_strike,,,,,8,Swinging Strike,R,R,L,KC,DET,S,,,1,1,2020,1.21,1.08,0.04,1.72,,,,2,4,Bot,,,,,,,-7.772447086046748,-118.5129994944132,-6.36815725260749,12.888270868670332,22.74443671324807,-20.92341715476862,3.42,1.65,,,,81.3,1620,6.2,631386,606992,641525,642727,670623,592348,593528,622682,663662,54.33,,,,,,,,29,3,Changeup,1,1,1,1,1,1,1,1,Infield shift,Standard,136,-0.002,-0.075,,,,0.075,,0,0,0.512,0.512,23,28,24,29,2,1,5.0,1,,,2.36,1.21,-1.21,57.6,,,,,
FF,2020-09-27,94.0,3.1,6.33,"Skubal, Tarik",641531,669373,,foul,,,,,4,Foul,R,R,L,KC,DET,S,,,1,0,2020,0.89,1.3,-0.46,2.57,,,,2,4,Bot,,,,,,,-11.14910888919199,-136.44371048890667,-6.938491717129371,13.40769316552772,26.425764633333447,-14.46505576358904,3.42,1.65,201.0,77.1,60.0,94.1,2362,6.2,631386,606992,641525,642727,670623,592348,593528,622682,663662,54.27,,,,,,,,29,2,4-Seam Fastball,1,1,1,1,1,1,1,1,Infield shift,Standard,140,-0.002,-0.057,,,,0.057,88.0,0,0,0.514,0.514,23,28,24,29,2,1,5.0,1,,,1.26,0.89,-0.89,46.4,,,,,
CU,2020-09-27,74.7,2.56,6.57,"Skubal, Tarik",641531,669373,,ball,,,,,14,Ball,R,R,L,KC,DET,B,,,0,0,2020,-0.28,-1.29,0.15,1.33,,,,2,4,Bot,,,,,,,-4.435002732415788,-108.66659689191911,-1.281459365483106,-1.396330313505431,20.026841964376455,-42.349153525618306,3.27,1.53,,,,74.0,2186,5.9,631386,606992,641525,642727,670623,592348,593528,622682,663662,54.6,,,,,,,,29,1,Curveball,1,1,1,1,1,1,1,1,Infield shift,Standard,346,0.001,0.046,,,,-0.046,,0,0,0.513,0.513,23,28,24,29,2,1,5.0,1,,,5.39,-0.28,0.28,,,,,,
FF,2020-09-27,94.0,2.98,6.37,"Skubal, Tarik",596748,669373,field_out,hit_into_play,,,,,2,"Maikel Franco grounds out, third baseman Isaac Paredes to first baseman Brandon Dixon.",R,R,L,KC,DET,X,5.0,ground_ball,0,0,2020,0.68,1.34,-0.04,2.84,,,,1,4,Bot,106.42,158.4,,,,,-9.253126321132392,-136.40393909427138,-6.321511752932842,10.578464917349534,30.94420327242183,-14.16867150035864,3.35,1.54,6.0,95.8,-24.0,93.2,2386,6.1,631386,606992,641525,642727,670623,592348,593528,622682,663662,54.43,0.087,0.069,0.0,1.0,0.0,0.0,2.0,28,1,4-Seam Fastball,1,1,1,1,1,1,1,1,Infield shift,Standard,137,-0.02,-0.266,,,0.087,0.266,95.8,0,0,0.533,0.533,23,27,24,28,2,1,5.0,1,,,1.26,0.68,-0.68,47.7,,,,,
CH,2020-09-27,81.5,2.33,6.65,"Skubal, Tarik",521692,669373,strikeout,swinging_strike,,,,,14,Salvador Perez strikes out swinging.,R,R,L,KC,DET,S,2.0,,1,2,2020,0.67,1.24,0.08,1.47,,,,0,4,Bot,,,,,,,-6.316363035603663,-118.47087403276656,-7.47312998529278,7.418901017371481,18.906776740889857,-19.291254672068703,3.49,1.6,,,,81.7,1429,6.1,631386,606992,641525,642727,670623,592348,593528,622682,663662,54.37,,0.0,0.0,1.0,0.0,0.0,,27,4,Changeup,1,1,1,1,1,1,1,1,Infield shift,Standard,140,-0.02,-0.201,,,,0.201,,0,0,0.553,0.553,23,30,24,30,1,1,5.0,1,,,2.15,0.67,-0.67,60.4,,,,,
SL,2020-09-27,85.8,2.9,6.26,"Skubal, Tarik",521692,669373,,foul,,,,,5,Foul,R,R,L,KC,DET,S,,,1,1,2020,-0.27,0.4,0.21,2.38,,,,0,4,Bot,,,,,,,-5.82449743220091,-124.81603893215824,-3.7030008348392167,-1.6027365331681525,25.347218836308308,-27.474933155940228,3.49,1.6,118.0,73.1,76.0,85.6,2137,6.2,631386,606992,641525,642727,670623,592348,593528,622682,663662,54.33,,,,,,,,27,3,Slider,1,1,1,1,1,1,1,1,Infield shift,Standard,163,-0.006,-0.067,,,,0.067,88.0,0,0,0.559,0.559,23,30,24,30,1,1,5.0,1,,,2.7,-0.27,0.27,48.6,,,,,
CU,2020-09-27,75.9,2.63,6.5,"Skubal, Tarik",521692,669373,,ball,,,,,13,Ball,R,R,L,KC,DET,B,,,0,1,2020,-0.53,-1.14,-0.54,0.74,,,,0,4,Bot,,,,,,,-5.666892301867301,-110.3846554842092,-2.872606275232029,-3.2144715218164173,20.759046470768727,-41.15161854835958,3.54,1.7,,,,75.4,2256,6.0,631386,606992,641525,642727,670623,592348,593528,622682,663662,54.45,,,,,,,,27,2,Curveball,1,1,1,1,1,1,1,1,Infield shift,Standard,336,0.003,0.035,,,,-0.035,,0,0,0.556,0.556,23,30,24,30,1,1,5.0,1,,,5.12,-0.53,0.53,,,,,,
FF,2020-09-27,93.8,2.67,6.57,"Skubal, Tarik",521692,669373,,swinging_strike,,,,,12,Swinging Strike,R,R,L,KC,DET,S,,,0,0,2020,0.61,1.41,0.25,3.65,,,,0,4,Bot,,,,,,,-7.573452078621058,-136.43313805924126,-4.969499778967414,9.23206621237216,27.918974666034604,-13.628854969282267,3.49,1.6,,,,93.6,2234,6.0,631386,606992,641525,642727,670623,592348,593528,622682,663662,54.46,,,,,,,,27,1,4-Seam Fastball,1,1,1,1,1,1,1,1,Infield shift,Standard,147,-0.004,-0.046,,,,0.046,,0,0,0.56,0.56,23,30,24,30,1,1,5.0,1,,,1.17,0.61,-0.61,52.8,,,,,
FF,2020-09-27,94.5,3.07,6.39,"Skubal, Tarik",609275,669373,home_run,hit_into_play,,,,,2,Adalberto Mondesi homers (6) on a fly ball to left center field.,R,R,L,KC,DET,X,,fly_ball,1,2,2020,0.87,1.32,0.12,3.44,,,,0,4,Bot,40.55,53.53,,,,,-9.575792835505371,-137.30440632922893,-4.961559887589898,13.04598588735506,27.827522041843423,-14.510019393086,3.45,1.58,397.0,108.4,24.0,94.3,2363,6.1,631386,606992,641525,642727,670623,592348,593528,622682,663662,54.42,0.993,1.954,2.0,1.0,0.0,3.0,6.0,26,4,4-Seam Fastball,0,1,0,1,1,1,1,1,Standard,Standard,152,0.14,1.192,,,3.919,-1.192,108.4,-1,-1,0.42,0.42,23,24,24,25,1,1,5.0,1,,,1.22,0.87,-0.87,46.3,,,,,
CH,2020-09-27,80.8,2.46,6.62,"Skubal, Tarik",609275,669373,,swinging_strike,,,,,6,Swinging Strike,R,R,L,KC,DET,S,,,1,1,2020,0.82,1.34,0.8,2.54,,,,0,4,Bot,,,,,,,-5.220530888961868,-117.53646634079546,-5.03117801185981,8.513248884363204,20.594377404517452,-18.952051517291668,3.45,1.58,,,,80.8,1538,6.2,631386,606992,641525,642727,670623,592348,593528,622682,663662,54.34,,,,,,,,26,3,Changeup,0,1,0,1,1,0,0,1,Standard,Standard,138,-0.006,-0.067,,,,0.067,,-1,-1,0.426,0.426,23,24,24,25,1,1,5.0,1,,,2.13,0.82,-0.82,58.5,,,,,
FF,2020-09-27,94.4,3.18,6.34,"Skubal, Tarik",609275,669373,,ball,,,,,12,Ball,R,R,L,KC,DET,B,,,0,1,2020,0.88,1.42,0.64,3.52,,,,0,4,Bot,,,,,,,-8.494995532087199,-137.22230599984422,-4.788538051205061,12.960338186317893,30.434298013321435,-13.36933935720146,3.28,1.5,,,,93.9,2377,6.1,631386,606992,641525,642727,670623,592348,593528,622682,663662,54.44,,,,,,,,26,2,4-Seam Fastball,0,1,0,1,1,0,0,1,Standard,Standard,135,0.003,0.035,,,,-0.035,,-1,-1,0.423,0.423,23,24,24,25,1,1,5.0,1,,,1.15,0.88,-0.88,44.9,,,,,
SL,2020-09-27,85.4,3.09,6.36,"Skubal, Tarik",609275,669373,,called_strike,,,,,8,Called Strike,R,R,L,KC,DET,S,,,0,0,2020,-0.11,0.38,-0.13,2.02,,,,0,4,Bot,,,,,,,-7.326885213932242,-124.32720319942644,-4.839234933204779,-0.0493651952341348,18.758210333645636,-27.54776111609974,3.18,1.52,,,,86.0,2174,6.1,631386,606992,641525,642727,670623,592348,593528,622682,663662,54.42,,,,,,,,26,1,Slider,0,1,0,1,1,0,0,1,Standard,Standard,141,-0.005,-0.046,,,,0.046,,-1,-1,0.428,0.428,23,24,24,25,1,1,5.0,1,,,2.68,-0.11,0.11,48.9,,,,,
SL,2020-09-27,85.3,2.74,6.24,"Skubal, Tarik",593160,669373,field_out,hit_into_play,,,,,5,Whit Merrifield flies out to right fielder Daz Cameron.,R,R,L,KC,DET,X,9.0,fly_ball,0,2,2020,-0.09,0.14,-0.25,2.35,,,614173.0,2,3,Bot,208.64,114.67,,,,,-6.839410096736218,-124.14112536803562,-3.1574914360986437,0.3640735150057744,23.037079246654773,-30.345554929668214,3.34,1.55,285.0,83.7,35.0,85.3,2260,6.1,631386,606992,641525,642727,670623,592348,593528,622682,663662,54.36,0.033,0.052,0.0,1.0,0.0,0.0,3.0,22,4,Slider,0,1,0,1,1,0,0,1,Standard,Standard,45,-0.018,-0.188,,,0.074,0.188,88.0,-1,-1,0.395,0.395,23,31,24,31,1,1,5.0,1,,,2.98,-0.09,0.09,48.8,,,,,
FF,2020-09-27,94.6,2.48,6.46,"Skubal, Tarik",593160,669373,,foul,,,,,4,Foul,R,R,L,KC,DET,S,,,0,2,2020,0.92,1.45,-0.38,2.4,,,614173.0,2,3,Bot,,,,,,,-9.44743413902272,-137.26128963592097,-8.054454787580424,13.70597784268032,30.638933879480152,-12.203977936845105,3.34,1.55,206.0,72.0,45.0,93.9,2407,6.1,631386,606992,641525,642727,670623,592348,593528,622682,663662,54.43,,,,,,,,22,3,4-Seam Fastball,0,1,0,1,1,0,0,1,Standard,Standard,149,0.0,0.0,,,,0.0,88.0,-1,-1,0.395,0.395,23,31,24,31,1,1,5.0,1,,,1.12,0.92,-0.92,50.3,,,,,
CH,2020-09-27,83.9,2.39,6.53,"Skubal, Tarik",593160,669373,,foul,,,,,9,Foul,R,R,L,KC,DET,S,,,0,1,2020,0.75,1.23,0.74,1.64,,,614173.0,2,3,Bot,,,,,,,-5.277186835878693,-122.0309718701888,-7.366239953703498,8.472907889354248,22.611050647062676,-18.63323671126396,3.34,1.55,,,,83.8,1584,6.1,631386,606992,641525,642727,670623,592348,593528,622682,663662,54.35,,,,,,,,22,2,Changeup,0,1,0,1,1,0,0,1,Standard,Standard,141,-0.005,-0.064,,,,0.064,,-1,-1,0.4,0.4,23,31,24,31,1,1,5.0,1,,,2.0,0.75,-0.75,57.3,,,,,
FF,2020-09-27,94.0,2.77,6.4,"Skubal, Tarik",593160,669373,,called_strike,,,,,2,Called Strike,R,R,L,KC,DET,S,,,0,0,2020,0.92,1.44,-0.04,3.33,,,614173.0,2,3,Bot,,,,,,,-9.225917858362306,-136.52852143895882,-5.411348063673749,13.415895240200676,28.435403935559744,-13.093077030003144,3.34,1.59,,,,93.6,2357,6.0,631386,606992,641525,642727,670623,592348,593528,622682,663662,54.46,,,,,,,,22,1,4-Seam Fastball,0,1,0,1,1,0,0,1,Standard,Standard,143,-0.004,-0.049,,,,0.049,,-1,-1,0.404,0.404,23,31,24,31,1,1,5.0,1,,,1.14,0.92,-0.92,49.4,,,,,
FF,2020-09-27,95.1,3.11,6.21,"Skubal, Tarik",614173,669373,walk,ball,,,,,12,Franchy Cordero walks.,R,L,L,KC,DET,B,,,3,2,2020,1.09,1.47,0.59,3.88,,,,2,3,Bot,,,,,,,-9.0324833135077,-138.23803147626958,-3.7937705453817263,15.868878442751306,26.907943877172283,-12.562428519888917,3.38,1.63,,,,95.3,2488,6.2,631386,606992,641525,642727,670623,592348,593528,622682,663662,54.3,,0.698811,0.7,1.0,0.0,0.0,,21,10,4-Seam Fastball,0,1,0,1,1,0,0,1,Strategic,Strategic,143,0.012,0.301,,,,-0.301,,-1,-1,0.392,0.392,23,25,24,26,1,0,5.0,1,,,1.03,1.09,1.09,45.0,,,,,
FF,2020-09-27,94.3,3.03,6.33,"Skubal, Tarik",614173,669373,,foul,,,,,14,Foul,R,L,L,KC,DET,S,,,3,2,2020,1.21,1.44,0.97,2.07,,,,2,3,Bot,,,,,,,-8.041148109854642,-137.04660256261892,-8.598164056685317,17.011113112084217,27.004614173580695,-12.276039937229877,3.46,1.63,4.0,66.3,-25.0,94.5,2511,6.2,631386,606992,641525,642727,670623,592348,593528,622682,663662,54.27,,,,,,,,21,9,4-Seam Fastball,0,1,0,1,1,0,0,1,Strategic,Strategic,139,0.0,0.0,,,,0.0,88.0,-1,-1,0.392,0.392,23,25,24,26,1,0,5.0,1,,,1.11,1.21,1.21,47.7,,,,,
FF,2020-09-27,95.5,2.9,6.38,"Skubal, Tarik",614173,669373,,foul,,,,,11,Foul,R,L,L,KC,DET,S,,,3,2,2020,0.95,1.53,-0.05,3.77,,,,2,3,Bot,,,,,,,-9.882058482802034,-138.77803230681135,-4.668834103286512,14.468899241788984,30.070582413477386,-11.541627952853954,3.46,1.63,208.0,73.1,23.0,95.3,2546,6.2,631386,606992,641525,642727,670623,592348,593528,622682,663662,54.35,,,,,,,,21,8,4-Seam Fastball,0,1,0,1,1,0,0,1,Strategic,Strategic,139,0.0,0.0,,,,0.0,88.0,-1,-1,0.392,0.392,23,25,24,26,1,0,5.0,1,,,0.97,0.95,0.95,47.1,,,,,
FF,2020-09-27,95.0,2.69,6.33,"Skubal, Tarik",614173,669373,,foul,,,,,13,Foul,R,L,L,KC,DET,S,,,3,2,2020,0.97,1.66,-0.81,1.46,,,,2,3,Bot,,,,,,,-11.261643418890534,-137.56133402527365,-10.743755208392995,14.73771522564396,29.22371594124849,-8.793928973542341,3.46,1.63,192.0,81.9,16.0,94.6,2574,6.2,631386,606992,641525,642727,670623,592348,593528,622682,663662,54.25,,,,,,,,21,7,4-Seam Fastball,0,1,0,1,1,0,0,1,Strategic,Strategic,146,0.0,0.0,,,,0.0,88.0,-1,-1,0.392,0.392,23,25,24,26,1,0,5.0,1,,,0.88,0.97,0.97,49.3,,,,,
FF,2020-09-27,94.7,2.96,6.34,"Skubal, Tarik",614173,669373,,foul,,,,,9,Foul,R,L,L,KC,DET,S,,,3,2,2020,0.71,1.34,0.36,1.99,,,,2,3,Bot,,,,,,,-8.351812437900382,-137.5309996134735,-8.681359432231892,10.68819464681342,27.074838866871023,-13.445266939220794,3.46,1.63,195.0,64.9,43.0,94.9,2491,6.3,631386,606992,641525,642727,670623,592348,593528,622682,663662,54.21,,,,,,,,21,6,4-Seam Fastball,0,1,0,1,1,0,0,1,Strategic,Strategic,133,0.0,0.0,,,,0.0,88.0,-1,-1,0.392,0.392,23,25,24,26,1,0,5.0,1,,,1.19,0.71,0.71,46.7,,,,,
FF,2020-09-27,96.1,2.79,6.42,"Skubal, Tarik",614173,669373,,ball,,,,,11,Ball,R,L,L,KC,DET,B,,,2,2,2020,0.76,1.4,-1.16,3.07,,,,2,3,Bot,,,,,,,-12.109676236234854,-139.49489978037587,-6.4746262855710395,12.403689071293655,28.14540032602689,-12.512347309054125,3.38,1.63,,,,96.0,2548,6.1,631386,606992,641525,642727,670623,592348,593528,622682,663662,54.36,,,,,,,,21,5,4-Seam Fastball,0,1,0,1,1,0,0,1,Strategic,Strategic,165,0.003,0.101,,,,-0.101,,-1,-1,0.389,0.389,23,25,24,26,1,0,5.0,1,,,1.06,0.76,0.76,49.7,,,,,
FF,2020-09-27,94.0,2.82,6.45,"Skubal, Tarik",614173,669373,,foul,,,,,5,Foul,R,L,L,KC,DET,S,,,2,1,2020,0.86,1.6,-0.16,2.32,,,,2,3,Bot,,,,,,,-9.547695547822844,-136.45270767635745,-8.51846584900254,12.702888715850086,27.83750270565414,-10.415007580615518,3.46,1.63,,,,93.8,2461,6.2,631386,606992,641525,642727,670623,592348,593528,622682,663662,54.34,,,,,,,,21,4,4-Seam Fastball,0,1,0,1,1,0,0,1,Infield shift,Standard,149,-0.002,-0.084,,,,0.084,,-1,-1,0.391,0.391,23,25,24,26,1,0,5.0,1,,,0.98,0.86,0.86,52.4,,,,,
FF,2020-09-27,92.3,2.71,6.44,"Skubal, Tarik",614173,669373,,foul,,,,,8,Foul,R,L,L,KC,DET,S,,,2,0,2020,0.78,1.51,0.02,2.12,,,,2,3,Bot,,,,,,,-8.476431108394497,-133.88121142761335,-8.35962895868144,11.186416691022012,29.71279008519389,-12.340133743673393,3.46,1.63,276.0,86.4,34.0,91.7,2270,6.2,631386,606992,641525,642727,670623,592348,593528,622682,663662,54.34,,,,,,,,21,3,4-Seam Fastball,0,1,0,1,1,0,0,1,Infield shift,Standard,149,-0.003,-0.073,,,,0.073,88.0,-1,-1,0.394,0.394,23,25,24,26,1,0,5.0,1,,,1.19,0.78,0.78,52.8,,,,,
FF,2020-09-27,94.2,3.05,6.32,"Skubal, Tarik",614173,669373,,ball,,,,,12,Ball,R,L,L,KC,DET,B,,,1,0,2020,1.07,1.45,1.6,3.98,,,,2,3,Bot,,,,,,,-6.086450675145717,-137.04304817681896,-3.5836125462462896,14.788100361691662,30.69308275167157,-13.305331238483454,3.71,1.78,,,,93.7,2418,6.1,631386,606992,641525,642727,670623,592348,593528,622682,663662,54.45,,,,,,,,21,2,4-Seam Fastball,0,1,0,1,1,0,0,1,Infield shift,Standard,142,0.003,0.07,,,,-0.07,,-1,-1,0.391,0.391,23,25,24,26,1,0,5.0,1,,,1.12,1.07,1.07,48.1,,,,,
FF,2020-09-27,94.0,2.65,6.49,"Skubal, Tarik",614173,669373,,ball,,,,,13,Ball,R,L,L,KC,DET,B,,,0,0,2020,0.76,1.59,-1.04,1.67,,,,2,3,Bot,,,,,,,-11.164955557466428,-136.16942617907822,-10.242627197897948,11.774385272370376,28.276862344590228,-10.258342496511368,3.73,1.76,,,,93.6,2432,6.2,631386,606992,641525,642727,670623,592348,593528,622682,663662,54.29,,,,,,,,21,1,4-Seam Fastball,0,1,0,1,1,0,0,1,Infield shift,Standard,148,0.001,0.046,,,,-0.046,,-1,-1,0.39,0.39,23,25,24,26,1,0,5.0,1,,,1.0,0.76,0.76,53.3,,,,,
FF,2020-09-27,95.2,2.65,6.52,"Skubal, Tarik",670032,669373,field_out,hit_into_play,,,,,4,Nicky Lopez flies out to left fielder Jorge Bonifacio in foul territory.,R,L,L,KC,DET,X,7.0,fly_ball,0,1,2020,0.85,1.47,-0.51,2.19,,,,1,3,Bot,31.62,115.83,,,,,-10.13805696106984,-138.05739956724878,-8.977966520068774,13.003074603518982,28.33217952006901,-11.560399825647172,3.05,1.42,294.0,90.1,33.0,94.9,2321,6.1,631386,606992,641525,642727,670623,592348,593528,622682,663662,54.37,0.053,0.069,0.0,1.0,0.0,0.0,3.0,20,2,4-Seam Fastball,0,1,0,1,1,0,0,1,Standard,Standard,150,-0.016,-0.225,,,0.122,0.225,90.1,-1,-1,0.406,0.406,23,25,24,25,1,0,5.0,1,,,1.05,0.85,0.85,52.9,,,,,
SL,2020-09-27,85.7,3.11,6.3,"Skubal, Tarik",670032,669373,,foul,,,,,5,Foul,R,L,L,KC,DET,S,,,0,0,2020,-0.27,0.4,0.01,2.47,,,,1,3,Bot,,,,,,,-6.762167344188065,-124.73061161467054,-3.6599503103744824,-1.6712623087599614,21.836929704531663,-27.486910199796583,3.05,1.42,95.0,75.2,7.0,86.0,2159,6.2,631386,606992,641525,642727,670623,592348,593528,622682,663662,54.32,,,,,,,,20,1,Slider,0,1,0,1,1,0,0,1,Standard,Standard,223,-0.003,-0.041,,,,0.041,88.0,-1,-1,0.409,0.409,23,25,24,25,1,0,5.0,1,,,2.67,-0.27,-0.27,48.1,,,,,
CH,2020-09-27,81.6,2.4,6.61,"Skubal, Tarik",658668,669373,field_out,hit_into_play,,,,,2,Edward Olivares lines out to left fielder Jorge Bonifacio.,R,R,L,KC,DET,X,7.0,line_drive,2,2,2020,0.51,1.11,-0.04,3.51,,,,0,3,Bot,95.78,65.56,,,,,-6.431515349277358,-118.85210375167384,-2.609409067059289,5.969617074505908,19.937292180320743,-21.31790010520825,3.61,1.74,324.0,89.5,24.0,81.8,1426,6.1,631386,606992,641525,642727,670623,592348,593528,622682,663662,54.44,0.193,0.228,0.0,1.0,0.0,0.0,3.0,19,7,Changeup,0,1,0,1,1,0,0,1,Standard,Standard,140,-0.025,-0.24,,,0.349,0.24,89.5,-1,-1,0.434,0.434,23,24,24,24,1,0,5.0,1,,,2.28,0.51,-0.51,59.5,,,,,
FF,2020-09-27,95.0,3.12,6.25,"Skubal, Tarik",658668,669373,,foul,,,,,5,Foul,R,R,L,KC,DET,S,,,2,2,2020,1.1,1.12,0.0,2.95,,,,0,3,Bot,,,,,,,-10.588700789240074,-137.99623963146712,-5.550956587464671,16.240549442397732,26.536419534512557,-16.715275878318792,3.61,1.74,,,,95.1,2372,6.1,631386,606992,641525,642727,670623,592348,593528,622682,663662,54.38,,,,,,,,19,6,4-Seam Fastball,0,1,0,1,1,0,0,1,Standard,Standard,123,0.0,0.0,,,,0.0,,-1,-1,0.434,0.434,23,24,24,24,1,0,5.0,1,,,1.38,1.1,-1.1,43.3,,,,,
CH,2020-09-27,83.5,2.22,6.6,"Skubal, Tarik",658668,669373,,ball,,,,,13,Ball,R,R,L,KC,DET,B,,,1,2,2020,1.04,1.45,-0.71,1.39,,,,0,3,Bot,,,,,,,-8.749061431076996,-121.06705337187468,-8.353324692648311,11.912085452560024,22.85517519448146,-16.44305962794199,3.38,1.62,,,,83.2,1479,6.2,631386,606992,641525,642727,670623,592348,593528,622682,663662,54.3,,,,,,,,19,5,Changeup,0,1,0,1,1,0,0,1,Standard,Standard,148,0.004,0.039,,,,-0.039,,-1,-1,0.43,0.43,23,24,24,24,1,0,5.0,1,,,1.84,1.04,-1.04,59.7,,,,,
FF,2020-09-27,96.4,2.9,6.39,"Skubal, Tarik",658668,669373,,foul,,,,,3,Foul,R,R,L,KC,DET,S,,,1,2,2020,1.12,1.59,0.29,3.64,,,,0,3,Bot,,,,,,,-9.435293262638623,-139.8671144451834,-5.223394339747833,16.912833256509916,35.00839942883688,-10.39378645989911,3.61,1.74,239.0,74.2,35.0,95.5,2388,6.2,631386,606992,641525,642727,670623,592348,593528,622682,663662,54.34,,,,,,,,19,4,4-Seam Fastball,0,1,0,1,1,0,0,1,Standard,Standard,140,0.0,0.0,,,,0.0,88.0,-1,-1,0.43,0.43,23,24,24,24,1,0,5.0,1,,,0.9,1.12,-1.12,46.2,,,,,
FF,2020-09-27,95.4,2.96,6.41,"Skubal, Tarik",658668,669373,,ball,,,,,12,Ball,R,R,L,KC,DET,B,,,0,2,2020,1.07,1.68,0.23,4.12,,,,0,3,Bot,,,,,,,-9.530241820186578,-138.44466168209496,-4.017988021633892,16.148442169324333,36.96575218290696,-10.083978222569812,3.4,1.61,,,,94.0,2449,6.1,631386,606992,641525,642727,670623,592348,593528,622682,663662,54.41,,,,,,,,19,3,4-Seam Fastball,0,1,0,1,1,0,0,1,Standard,Standard,139,0.003,0.03,,,,-0.03,,-1,-1,0.427,0.427,23,24,24,24,1,0,5.0,1,,,0.88,1.07,-1.07,44.7,,,,,
FF,2020-09-27,93.4,2.97,6.47,"Skubal, Tarik",658668,669373,,swinging_strike,,,,,3,Swinging Strike,R,R,L,KC,DET,S,,,0,1,2020,0.75,1.69,0.42,3.25,,,,0,3,Bot,,,,,,,-8.183316260981442,-135.54003955859957,-6.129006834517533,11.172326964415172,33.41390552250165,-10.19221921685937,3.61,1.74,,,,92.4,2345,6.2,631386,606992,641525,642727,670623,592348,593528,622682,663662,54.35,,,,,,,,19,2,4-Seam Fastball,0,1,0,1,1,0,0,1,Standard,Standard,144,-0.006,-0.062,,,,0.062,,-1,-1,0.433,0.433,23,24,24,24,1,0,5.0,1,,,0.96,0.75,-0.75,49.7,,,,,
FF,2020-09-27,92.8,2.8,6.43,"Skubal, Tarik",658668,669373,,foul_tip,,,,,2,Foul Tip,R,R,L,KC,DET,S,,,0,0,2020,1.17,1.65,0.24,3.08,,,,0,3,Bot,,,,,,,-9.037257223365252,-134.54575593644816,-6.232871332305879,16.294890124388036,33.793104369658685,-11.012965937026635,3.61,1.74,,,,91.4,2305,6.0,631386,606992,641525,642727,670623,592348,593528,622682,663662,54.46,,,,,,,,19,1,4-Seam Fastball,0,1,0,1,1,0,0,1,Standard,Standard,141,-0.004,-0.046,,,,0.046,,-1,-1,0.437,0.437,23,24,24,24,1,0,5.0,1,,,1.05,1.17,-1.17,49.6,,,,,
CH,2020-09-27,83.5,2.28,6.53,"Skubal, Tarik",643436,669373,strikeout,swinging_strike,,,,,7,Ryan McBroom strikes out swinging.,R,R,L,KC,DET,S,2.0,,2,2,2020,0.95,0.97,-0.43,1.83,,,,2,2,Bot,,,,,,,-8.071596602801907,-121.31371540030746,-6.363398130911132,10.779588996150263,20.06538965718004,-21.578924337905395,3.49,1.62,,,,83.8,1511,6.2,631386,606992,641525,642727,670623,592348,593528,622682,663662,54.29,,0.0,0.0,1.0,0.0,0.0,,15,7,Changeup,0,1,0,1,1,0,0,1,Standard,Standard,199,-0.011,-0.25,,,,0.25,,-1,-1,0.399,0.399,23,28,24,28,1,0,5.0,1,,,2.27,0.95,-0.95,58.3,,,,,
FF,2020-09-27,95.3,2.79,6.29,"Skubal, Tarik",643436,669373,,foul,,,,,1,Foul,R,R,L,KC,DET,S,,,2,2,2020,0.68,1.58,-0.79,3.53,,,,2,2,Bot,,,,,,,-10.90268902589906,-138.27380842603523,-5.09442339961411,11.298790420788224,32.314657988513474,-10.98080798104808,3.49,1.62,200.0,73.1,60.0,94.7,2331,6.2,631386,606992,641525,642727,670623,592348,593528,622682,663662,54.28,,,,,,,,15,6,4-Seam Fastball,0,1,0,1,1,0,0,1,Standard,Standard,142,0.0,0.0,,,,0.0,88.0,-1,-1,0.399,0.399,23,28,24,28,1,0,5.0,1,,,0.96,0.68,-0.68,47.9,,,,,
FF,2020-09-27,95.3,2.85,6.33,"Skubal, Tarik",643436,669373,,foul,,,,,5,Foul,R,R,L,KC,DET,S,,,2,2,2020,1.01,1.27,0.21,2.8,,,,2,2,Bot,,,,,,,-9.158963331212684,-138.32545991580312,-6.427313207917156,15.095214573270509,31.466658427647246,-14.576054186770742,3.49,1.62,246.0,79.1,49.0,94.7,2311,6.1,631386,606992,641525,642727,670623,592348,593528,622682,663662,54.38,,,,,,,,15,5,4-Seam Fastball,0,1,0,1,1,0,0,1,Standard,Standard,143,0.0,0.0,,,,0.0,88.0,-1,-1,0.399,0.399,23,28,24,28,1,0,5.0,1,,,1.26,1.01,-1.01,46.6,,,,,
FF,2020-09-27,93.9,3.0,6.31,"Skubal, Tarik",643436,669373,,swinging_strike,,,,,6,Swinging Strike,R,R,L,KC,DET,S,,,2,1,2020,0.87,1.68,0.33,2.86,,,,2,2,Bot,,,,,,,-8.772777004724228,-136.2944323280244,-6.834963178127773,12.800367377992488,32.23022867642821,-9.866827060206909,3.49,1.62,,,,93.1,2390,6.1,631386,606992,641525,642727,670623,592348,593528,622682,663662,54.39,,,,,,,,15,4,4-Seam Fastball,0,1,0,1,1,0,0,1,Standard,Standard,142,-0.002,-0.084,,,,0.084,,-1,-1,0.401,0.401,23,28,24,28,1,0,5.0,1,,,0.93,0.87,-0.87,47.4,,,,,
FF,2020-09-27,94.7,3.01,6.42,"Skubal, Tarik",643436,669373,,ball,,,,,11,Ball,R,R,L,KC,DET,B,,,1,1,2020,0.95,1.6,-0.03,4.04,,,,2,2,Bot,,,,,,,-9.992233165787257,-137.48288514241736,-4.017968132179691,14.365319172281868,32.464675929492714,-11.232202473151846,3.4,1.62,,,,94.0,2354,6.1,631386,606992,641525,642727,670623,592348,593528,622682,663662,54.35,,,,,,,,15,3,4-Seam Fastball,0,1,0,1,1,0,0,1,Standard,Standard,145,0.002,0.054,,,,-0.054,,-1,-1,0.399,0.399,23,28,24,28,1,0,5.0,1,,,0.97,0.95,-0.95,48.0,,,,,
FF,2020-09-27,94.5,3.01,6.22,"Skubal, Tarik",643436,669373,,swinging_strike,,,,,1,Swinging Strike,R,R,L,KC,DET,S,,,1,0,2020,0.77,1.47,-0.49,3.31,,,,2,2,Bot,,,,,,,-10.787200708421793,-137.1784838568533,-5.128677651549455,12.091012989951434,29.644412016442484,-12.621007109983898,3.49,1.62,,,,94.2,2321,6.2,631386,606992,641525,642727,670623,592348,593528,622682,663662,54.32,,,,,,,,15,2,4-Seam Fastball,0,1,0,1,1,0,0,1,Standard,Standard,141,-0.002,-0.057,,,,0.057,,-1,-1,0.401,0.401,23,28,24,28,1,0,5.0,1,,,1.09,0.77,-0.77,45.7,,,,,
CU,2020-09-27,75.5,2.52,6.54,"Skubal, Tarik",643436,669373,,ball,,,,,14,Ball,R,R,L,KC,DET,B,,,0,0,2020,-0.43,-1.28,0.75,0.6,,,,2,2,Bot,,,,,,,-2.9098422366511425,-109.95508336313912,-2.9362231805537338,-2.9574164934501614,20.64436987837446,-42.21137826350091,3.43,1.62,,,,74.9,2246,5.9,631386,606992,641525,642727,670623,592348,593528,622682,663662,54.59,,,,,,,,15,1,Curveball,0,1,0,1,1,0,0,1,Standard,Standard,341,0.001,0.046,,,,-0.046,,-1,-1,0.4,0.4,23,28,24,28,1,0,5.0,1,,,5.29,-0.43,0.43,,,,,,
FF,2020-09-27,94.8,2.8,6.37,"Skubal, Tarik",641531,669373,strikeout,swinging_strike,,,,,11,Hunter Dozier strikes out swinging.,R,R,L,KC,DET,S,2.0,,3,2,2020,0.84,1.41,-0.13,3.58,,,,1,2,Bot,,,,,,,-9.473251963234482,-137.78662997879738,-4.745822936068819,12.730079458693435,30.285669862784488,-13.326634443202469,3.42,1.65,,,,94.5,2262,6.1,631386,606992,641525,642727,670623,592348,593528,622682,663662,54.37,,0.0,0.0,1.0,0.0,0.0,,14,6,4-Seam Fastball,0,1,0,1,1,0,0,1,Standard,Standard,143,-0.022,-0.33,,,,0.33,,-1,-1,0.422,0.422,23,28,24,29,1,0,5.0,1,,,1.13,0.84,-0.84,46.7,,,,,
CH,2020-09-27,83.4,2.43,6.5,"Skubal, Tarik",641531,669373,,ball,,,,,13,Ball,R,R,L,KC,DET,B,,,2,2,2020,0.43,1.21,-0.72,1.44,,,,1,2,Bot,,,,,,,-8.029371216401954,-121.12336848524416,-7.588013536952696,5.667030112602643,21.35272441773575,-18.929230784419165,3.4,1.65,,,,83.3,1370,6.1,631386,606992,641525,642727,670623,592348,593528,622682,663662,54.37,,,,,,,,14,5,Changeup,0,1,0,1,1,0,0,1,Standard,Standard,136,0.006,0.096,,,,-0.096,,-1,-1,0.416,0.416,23,28,24,29,1,0,5.0,1,,,2.05,0.43,-0.43,57.3,,,,,
FF,2020-09-27,93.5,3.09,6.26,"Skubal, Tarik",641531,669373,,foul,,,,,5,Foul,R,R,L,KC,DET,S,,,2,1,2020,1.03,1.45,-0.06,2.79,,,,1,2,Bot,,,,,,,-10.364853550171432,-135.6873020589963,-6.3541931724948935,15.017910500929766,28.822234346314342,-12.986814624135686,3.42,1.65,224.0,75.8,51.0,93.2,2372,6.2,631386,606992,641525,642727,670623,592348,593528,622682,663662,54.29,,,,,,,,14,4,4-Seam Fastball,0,1,0,1,1,0,0,1,Standard,Standard,136,-0.005,-0.075,,,,0.075,88.0,-1,-1,0.421,0.421,23,28,24,29,1,0,5.0,1,,,1.17,1.03,-1.03,45.5,,,,,
FF,2020-09-27,93.5,2.97,6.34,"Skubal, Tarik",641531,669373,,foul,,,,,2,Foul,R,R,L,KC,DET,S,,,2,0,2020,1.09,1.59,0.06,3.12,,,,1,2,Bot,,,,,,,-9.86006256967568,-135.73888955287103,-6.019983924667987,15.645932339656513,31.266159103782268,-11.314659172958333,3.42,1.65,210.0,73.4,55.0,93.1,2312,6.3,631386,606992,641525,642727,670623,592348,593528,622682,663662,54.19,,,,,,,,14,3,4-Seam Fastball,0,1,0,1,1,0,0,1,Standard,Standard,141,-0.005,-0.062,,,,0.062,88.0,-1,-1,0.426,0.426,23,28,24,29,1,0,5.0,1,,,1.04,1.09,-1.09,47.0,,,,,
FF,2020-09-27,93.4,2.64,6.47,"Skubal, Tarik",641531,669373,,ball,,,,,11,Ball,R,R,L,KC,DET,B,,,1,0,2020,0.77,1.46,-0.57,4.26,,,,1,2,Bot,,,,,,,-9.913759861643502,-135.7558597859255,-3.1934183544757637,11.568532727950297,26.3428604133289,-13.507247570890192,3.32,1.59,,,,93.4,2221,6.1,631386,606992,641525,642727,670623,592348,593528,622682,663662,54.37,,,,,,,,14,2,4-Seam Fastball,0,1,0,1,1,0,0,1,Standard,Standard,141,0.005,0.063,,,,-0.063,,-1,-1,0.421,0.421,23,28,24,29,1,0,5.0,1,,,1.14,0.77,-0.77,53.0,,,,,
FF,2020-09-27,93.5,3.13,6.3,"Skubal, Tarik",641531,669373,,ball,,,,,12,Ball,R,R,L,KC,DET,B,,,0,0,2020,1.07,1.29,1.56,4.41,,,,1,2,Bot,,,,,,,-6.373746172680768,-136.15332103018997,-1.982402702168219,14.626760078910651,28.027429824000613,-15.862585932098964,3.35,1.63,,,,93.5,2194,6.1,631386,606992,641525,642727,670623,592348,593528,622682,663662,54.36,,,,,,,,14,1,4-Seam Fastball,0,1,0,1,1,0,0,1,Standard,Standard,134,0.003,0.042,,,,-0.042,,-1,-1,0.418,0.418,23,28,24,29,1,0,5.0,1,,,1.3,1.07,-1.07,44.9,,,,,
FF,2020-09-27,95.1,3.01,6.26,"Skubal, Tarik",596748,669373,field_out,hit_into_play,,,,,1,Maikel Franco pops out to second baseman Sergio Alcantara.,R,R,L,KC,DET,X,4.0,popup,3,2,2020,0.63,1.63,-0.48,3.28,,,,0,2,Bot,130.83,116.84,,,,,-10.552174366317022,-137.96088209326172,-5.762646124210091,10.50533232453183,31.668164294717,-10.285183893799877,3.35,1.54,199.0,69.4,48.0,94.8,2318,6.4,631386,606992,641525,642727,670623,592348,593528,622682,663662,54.13,0.22,0.212,0.0,1.0,0.0,0.0,3.0,13,10,4-Seam Fastball,0,1,0,1,1,0,0,1,Standard,Standard,141,-0.031,-0.356,,,0.264,0.356,88.0,-1,-1,0.449,0.449,23,27,24,28,1,0,5.0,1,,,0.92,0.63,-0.63,45.6,,,,,
CH,2020-09-27,82.1,2.11,6.63,"Skubal, Tarik",596748,669373,,ball,,,,,13,Ball,R,R,L,KC,DET,B,,,2,2,2020,0.7,1.46,-0.78,0.97,,,,0,2,Bot,,,,,,,-7.852505426411719,-119.03404668044068,-9.048534693394023,8.113661031642268,22.00056349611164,-16.692439909254322,3.17,1.46,,,,81.8,1397,6.2,631386,606992,641525,642727,670623,592348,593528,622682,663662,54.27,,,,,,,,13,9,Changeup,0,1,0,1,1,0,0,1,Standard,Standard,150,0.008,0.115,,,,-0.115,,-1,-1,0.441,0.441,23,27,24,28,1,0,5.0,1,,,1.93,0.7,-0.7,62.2,,,,,
CH,2020-09-27,82.1,2.51,6.58,"Skubal, Tarik",596748,669373,,foul,,,,,14,Foul,R,R,L,KC,DET,S,,,2,2,2020,0.83,1.27,1.17,2.07,,,,0,2,Bot,,,,,,,-4.623873397262069,-119.4295567857566,-6.149840998654266,8.779215941115998,21.443041795137596,-19.064475595467098,3.35,1.54,159.0,59.2,52.0,82.0,1450,6.1,631386,606992,641525,642727,670623,592348,593528,622682,663662,54.4,,,,,,,,13,8,Changeup,0,1,0,1,1,0,0,1,Standard,Standard,141,0.0,0.0,,,,0.0,88.0,-1,-1,0.441,0.441,23,27,24,28,1,0,5.0,1,,,2.1,0.83,-0.83,57.3,,,,,
FF,2020-09-27,96.6,2.94,6.41,"Skubal, Tarik",596748,669373,,foul,,,,,12,Foul,R,R,L,KC,DET,S,,,2,2,2020,0.83,1.5,0.17,3.82,,,,0,2,Bot,,,,,,,-9.233051171069132,-140.34512888865527,-4.77103021090085,12.94944266451096,29.50760327140547,-11.3360703739195,3.35,1.54,128.0,77.9,78.0,96.5,2387,6.1,631386,606992,641525,642727,670623,592348,593528,622682,663662,54.35,,,,,,,,13,7,4-Seam Fastball,0,1,0,1,1,0,0,1,Standard,Standard,141,0.0,0.0,,,,0.0,88.0,-1,-1,0.441,0.441,23,27,24,28,1,0,5.0,1,,,0.93,0.83,-0.83,46.2,,,,,
FF,2020-09-27,95.1,2.95,6.32,"Skubal, Tarik",596748,669373,,foul,,,,,11,Foul,R,R,L,KC,DET,S,,,2,2,2020,0.69,1.59,-0.49,3.59,,,,0,2,Bot,,,,,,,-10.503021577422112,-138.16436763605347,-5.080823098279136,11.040879597414262,28.775852619523253,-10.774073569045772,3.35,1.54,123.0,59.2,65.0,94.9,2454,6.1,631386,606992,641525,642727,670623,592348,593528,622682,663662,54.41,,,,,,,,13,6,4-Seam Fastball,0,1,0,1,1,0,0,1,Standard,Standard,148,0.0,0.0,,,,0.0,88.0,-1,-1,0.441,0.441,23,27,24,28,1,0,5.0,1,,,0.92,0.69,-0.69,47.9,,,,,
SL,2020-09-27,85.9,2.89,6.27,"Skubal, Tarik",596748,669373,,ball,,,,,13,Ball,R,R,L,KC,DET,B,,,1,2,2020,-0.17,0.33,-1.11,1.43,,,,0,2,Bot,,,,,,,-9.072559313389029,-124.70438571094162,-5.828729950130125,0.0080391865536191,25.084772693210503,-27.735079867607332,3.26,1.51,,,,85.5,2260,6.1,631386,606992,641525,642727,670623,592348,593528,622682,663662,54.36,,,,,,,,13,5,Slider,0,1,0,1,1,0,0,1,Standard,Standard,137,0.004,0.039,,,,-0.039,,-1,-1,0.437,0.437,23,27,24,28,1,0,5.0,1,,,2.78,-0.17,0.17,47.9,,,,,
CU,2020-09-27,78.9,2.4,6.52,"Skubal, Tarik",596748,669373,,ball,,,,,13,Ball,R,R,L,KC,DET,B,,,0,2,2020,-0.5,-1.44,-0.47,-2.08,,,,0,2,Bot,,,,,,,-5.247239399504103,-114.38677079802842,-8.916148581882913,-3.070655167423423,27.464130322631753,-42.604287670552935,3.24,1.49,,,,77.3,2267,6.1,631386,606992,641525,642727,670623,592348,593528,622682,663662,54.43,,,,,,,,13,4,Curveball,0,1,0,1,1,0,0,1,Standard,Standard,344,0.003,0.03,,,,-0.03,,-1,-1,0.434,0.434,23,27,24,28,1,0,5.0,1,,,5.22,-0.5,0.5,,,,,,
FF,2020-09-27,95.5,3.15,6.37,"Skubal, Tarik",596748,669373,,foul,,,,,12,Foul,R,R,L,KC,DET,S,,,0,2,2020,1.19,1.55,0.68,4.37,,,,0,2,Bot,,,,,,,-9.135569203953608,-138.63189764350784,-3.03119348191611,17.5077408941402,34.85483713266227,-11.765709957834389,3.35,1.54,200.0,73.6,55.0,94.4,2354,6.1,631386,606992,641525,642727,670623,592348,593528,622682,663662,54.43,,,,,,,,13,3,4-Seam Fastball,0,1,0,1,1,0,0,1,Standard,Standard,140,0.0,0.0,,,,0.0,88.0,-1,-1,0.434,0.434,23,27,24,28,1,0,5.0,1,,,0.98,1.19,-1.19,43.7,,,,,
CH,2020-09-27,81.0,2.33,6.59,"Skubal, Tarik",596748,669373,,foul,,,,,4,Foul,R,R,L,KC,DET,S,,,0,1,2020,0.65,1.07,-0.38,2.24,,,,0,2,Bot,,,,,,,-7.27215764234188,-117.7245469075739,-5.060318498569425,7.513992097064826,23.664644306006046,-21.4817218508965,3.35,1.54,155.0,68.2,68.0,80.6,1491,6.2,631386,606992,641525,642727,670623,592348,593528,622682,663662,54.32,,,,,,,,13,2,Changeup,0,1,0,1,1,0,0,1,Infield shift,Standard,142,-0.005,-0.062,,,,0.062,88.0,-1,-1,0.439,0.439,23,27,24,28,1,0,5.0,1,,,2.43,0.65,-0.65,58.5,,,,,
FF,2020-09-27,93.6,3.03,6.36,"Skubal, Tarik",596748,669373,,foul,,,,,1,Foul,R,R,L,KC,DET,S,,,0,0,2020,0.85,1.45,-0.41,3.01,,,,0,2,Bot,,,,,,,-10.68396773689198,-135.89416723020787,-6.067290805320097,12.809774455661705,27.93057177505832,-13.039294918161602,3.35,1.54,,,,93.2,2306,6.0,631386,606992,641525,642727,670623,592348,593528,622682,663662,54.48,,,,,,,,13,1,4-Seam Fastball,0,1,0,1,1,0,0,1,Infield shift,Standard,141,-0.004,-0.046,,,,0.046,,-1,-1,0.443,0.443,23,27,24,28,1,0,5.0,1,,,1.15,0.85,-0.85,45.6,,,,,
SL,2020-09-22,86.3,2.82,6.2,"Skubal, Tarik",501303,669373,hit_by_pitch,hit_by_pitch,,,,,13,Ehire Adrianza hit by pitch. Max Kepler to 3rd. Ryan Jeffers to 2nd.,R,R,L,MIN,DET,B,,,0,0,2020,-0.18,0.64,-1.7,0.68,,596146.0,680777.0,2,4,Bot,,,,,,,-10.39842954498472,-125.22166152150965,-8.259197806901968,0.0194754895559868,23.035988730517545,-23.95057056904556,3.1,1.47,,,,86.8,2237,6.5,631251,519222,600869,592348,670623,650489,641525,622682,663662,53.95,,0.728443,0.7,1.0,0.0,0.0,,33,1,Slider,2,1,2,1,1,2,2,1,Standard,Standard,105,0.026,0.172,,,,-0.172,,1,1,0.68,0.68,23,30,24,31,2,1,6.0,3,5.0,3.0,2.42,-0.18,0.18,47.8,,,,,
FF,2020-09-22,93.6,3.25,6.12,"Skubal, Tarik",680777,669373,walk,ball,,,,,14,Ryan Jeffers walks. Max Kepler to 2nd.,R,R,L,MIN,DET,B,,,3,1,2020,1.12,1.11,0.74,0.9,,,596146.0,2,4,Bot,,,,,,,-8.899154254852242,-135.6511032393346,-10.071192324776105,15.838174099666098,29.835453638015913,-16.386941449927033,3.55,1.72,,,,93.1,2346,6.2,631251,519222,600869,592348,670623,650489,641525,622682,663662,54.3,,0.698811,0.7,1.0,0.0,0.0,,32,5,4-Seam Fastball,2,1,2,1,1,2,2,1,Standard,Standard,131,0.012,0.139,,,,-0.139,,1,1,0.668,0.668,23,23,24,23,2,1,6.0,5,5.0,1.0,1.52,1.12,-1.12,41.1,,,,,
CH,2020-09-22,80.3,2.41,6.51,"Skubal, Tarik",680777,669373,,ball,,,,,12,Ball,R,R,L,MIN,DET,B,,,2,1,2020,0.89,1.38,0.08,3.69,,,596146.0,2,4,Bot,,,,,,,-6.818187070558709,-116.80134151490576,-2.156085577670515,9.380619435286588,21.59756447908002,-19.355503322832313,3.46,1.63,,,,80.1,1708,6.1,631251,519222,600869,592348,670623,650489,641525,622682,663662,54.36,,,,,,,,32,4,Changeup,2,1,2,1,1,2,2,1,Standard,Standard,143,0.006,0.097,,,,-0.097,,1,1,0.662,0.662,23,23,24,23,2,1,6.0,5,5.0,1.0,2.16,0.89,-0.89,59.9,,,,,
FF,2020-09-22,92.3,3.1,6.31,"Skubal, Tarik",680777,669373,,ball,,,,,14,Ball,R,R,L,MIN,DET,B,,,1,1,2020,1.11,1.31,0.42,1.35,,,596146.0,2,4,Bot,,,,,,,-9.18209484017679,-133.7952892265769,-9.563397510466723,15.368236709980192,29.842419699277247,-14.45861354196487,3.51,1.71,,,,91.7,2399,6.2,631251,519222,600869,592348,670623,650489,641525,622682,663662,54.31,,,,,,,,32,3,4-Seam Fastball,2,1,2,1,1,2,2,1,Standard,Standard,138,0.003,0.054,,,,-0.054,,1,1,0.659,0.659,23,23,24,23,2,1,6.0,5,5.0,1.0,1.39,1.11,-1.11,45.4,,,,,
CH,2020-09-22,80.6,2.3,6.61,"Skubal, Tarik",680777,669373,,ball,,,,,12,Ball,R,R,L,MIN,DET,B,,,0,1,2020,0.45,1.47,0.28,4.38,,,596146.0,2,4,Bot,,,,,,,-5.312045423292389,-117.34099499719837,-1.0803751513537958,5.133259937919104,22.435462976476018,-18.635702237074465,3.52,1.72,,,,80.2,1582,6.0,631251,519222,600869,592348,670623,650489,641525,622682,663662,54.47,,,,,,,,32,2,Changeup,2,1,2,1,1,2,2,1,Standard,Standard,142,0.002,0.027,,,,-0.027,,1,1,0.657,0.657,23,23,24,23,2,1,6.0,5,5.0,1.0,2.04,0.45,-0.45,61.0,,,,,
FF,2020-09-22,91.7,3.03,6.3,"Skubal, Tarik",680777,669373,,swinging_strike,,,,,5,Swinging Strike,R,R,L,MIN,DET,S,,,0,0,2020,0.98,1.62,0.13,2.81,,,596146.0,2,4,Bot,,,,,,,-9.438295569748764,-133.09900085703458,-6.406187676330632,13.800343341144178,30.685736827354468,-11.678021083228488,3.55,1.63,,,,91.2,2409,6.3,631251,519222,600869,592348,670623,650489,641525,622682,663662,54.19,,,,,,,,32,1,4-Seam Fastball,2,1,2,1,1,2,2,1,Standard,Standard,136,-0.003,-0.049,,,,0.049,,1,1,0.66,0.66,23,23,24,23,2,1,6.0,5,5.0,1.0,1.12,0.98,-0.98,47.5,,,,,
FF,2020-09-22,93.4,2.96,6.27,"Skubal, Tarik",503556,669373,strikeout,swinging_strike,,,,,12,Marwin Gonzalez strikes out swinging.,R,R,L,MIN,DET,S,2.0,,3,2,2020,0.91,1.38,0.21,4.03,,,596146.0,1,4,Bot,,,,,,,-9.039495075660597,-135.70567392899048,-2.9990979922211585,13.362547088366698,31.750674141060795,-14.700570560121188,3.43,1.63,,,,92.6,2351,6.1,631251,519222,600869,592348,670623,650489,641525,622682,663662,54.42,,0.0,0.0,1.0,0.0,0.0,,31,7,4-Seam Fastball,2,1,2,1,1,2,2,1,Standard,Standard,135,-0.032,-0.26,,,,0.26,,1,1,0.692,0.692,23,31,24,31,2,1,6.0,2,5.0,1.0,1.26,0.91,-0.91,45.6,,,,,
CH,2020-09-22,80.6,2.31,6.51,"Skubal, Tarik",503556,669373,,foul,,,,,7,Foul,R,R,L,MIN,DET,S,,,3,2,2020,0.64,1.26,-0.5,2.16,,,596146.0,1,4,Bot,,,,,,,-7.458447271140533,-117.08852468470464,-5.418142151846433,7.2381607299697235,20.68410456774704,-19.70916904971892,3.43,1.63,,,,80.8,1448,6.3,631251,519222,600869,592348,670623,650489,641525,622682,663662,54.16,,,,,,,,31,6,Changeup,2,1,2,1,1,2,2,1,Standard,Standard,141,0.0,0.0,,,,0.0,,1,1,0.692,0.692,23,31,24,31,2,1,6.0,2,5.0,1.0,2.24,0.64,-0.64,59.6,,,,,
FF,2020-09-22,93.4,3.17,6.2,"Skubal, Tarik",503556,669373,,foul,,,,,14,Foul,R,R,L,MIN,DET,S,,,3,1,2020,1.26,1.2,0.96,1.72,,,596146.0,1,4,Bot,,,,,,,-8.44605928349463,-135.6279845199189,-8.369105217801875,17.440406029526283,29.12825901888572,-15.716852785434169,3.43,1.63,148.0,57.4,49.0,93.2,2412,6.2,631251,519222,600869,592348,670623,650489,641525,622682,663662,54.28,,,,,,,,31,5,4-Seam Fastball,2,1,2,1,1,2,2,1,Standard,Standard,130,-0.009,-0.108,,,,0.108,88.0,1,1,0.701,0.701,23,31,24,31,2,1,6.0,2,5.0,1.0,1.42,1.26,-1.26,41.3,,,,,
FF,2020-09-22,92.8,2.91,6.26,"Skubal, Tarik",503556,669373,,foul,,,,,2,Foul,R,R,L,MIN,DET,S,,,3,0,2020,0.85,1.59,-0.17,3.2,,,596146.0,1,4,Bot,,,,,,,-9.697210030771524,-134.70861933713184,-5.448873983007786,12.43408835478244,28.95152985828967,-11.807144624154278,3.43,1.63,248.0,74.1,39.0,92.3,2383,6.1,631251,519222,600869,592348,670623,650489,641525,622682,663662,54.38,,,,,,,,31,4,4-Seam Fastball,2,1,2,1,1,2,2,1,Standard,Standard,143,-0.006,-0.045,,,,0.045,88.0,1,1,0.707,0.707,23,31,24,31,2,1,6.0,2,5.0,1.0,1.07,0.85,-0.85,,,,,,
FF,2020-09-22,93.1,2.82,6.2,"Skubal, Tarik",503556,669373,,ball,,,,,13,Ball,R,R,L,MIN,DET,B,,,2,0,2020,1.16,1.16,-0.91,0.91,,,596146.0,1,4,Bot,,,,,,,-12.026162548642215,-134.7107843610087,-10.26331309092359,16.712564292870272,28.429632426464277,-15.838292893620752,3.6,1.72,,,,92.6,2329,6.2,631251,519222,600869,592348,670623,650489,641525,622682,663662,54.26,,,,,,,,31,3,4-Seam Fastball,2,1,2,1,1,2,2,1,Standard,Standard,138,0.01,0.076,,,,-0.076,,1,1,0.697,0.697,23,31,24,31,2,1,6.0,2,5.0,1.0,1.49,1.16,-1.16,45.4,,,,,
FF,2020-09-22,92.5,3.07,6.29,"Skubal, Tarik",503556,669373,,ball,,,,,14,Ball,R,R,L,MIN,DET,B,,,1,0,2020,1.07,1.28,1.47,2.61,,,596146.0,1,4,Bot,,,,,,,-6.38230809438283,-134.45109415573867,-6.318797890930954,14.386599362568033,28.7615890497106,-15.50819813732137,3.6,1.72,,,,92.1,2359,6.1,631251,519222,600869,592348,670623,650489,641525,622682,663662,54.41,,,,,,,,31,2,4-Seam Fastball,2,1,2,1,1,2,2,1,Standard,Standard,139,0.007,0.062,,,,-0.062,,1,1,0.69,0.69,23,31,24,31,2,1,6.0,2,5.0,1.0,1.39,1.07,-1.07,44.8,,,,,
CU,2020-09-22,74.4,2.62,6.54,"Skubal, Tarik",503556,669373,,blocked_ball,,,,,13,Ball In Dirt,R,R,L,MIN,DET,B,,,0,0,2020,-0.34,-1.31,-0.66,0.41,,,596146.0,1,4,Bot,,,,,,,-6.100562663645278,-108.20446260694192,-2.98744049218368,-1.533159076350564,20.393530254919614,-42.04627577578779,3.61,1.69,,,,73.8,2222,6.0,631251,519222,600869,592348,670623,650489,641525,622682,663662,54.46,,,,,,,,31,1,Curveball,2,1,2,1,1,2,2,1,Standard,Standard,343,0.003,0.026,,,,-0.026,,1,1,0.687,0.687,23,31,24,31,2,1,6.0,2,5.0,1.0,5.46,-0.34,0.34,,,,,,
SL,2020-09-22,87.9,3.26,6.13,"Skubal, Tarik",596146,669373,single,hit_into_play,,,,,5,Max Kepler singles on a sharp line drive to right fielder Daz Cameron.,R,L,L,MIN,DET,X,9.0,line_drive,2,2,2020,-0.21,0.58,-0.24,2.61,,,,1,4,Bot,184.62,76.58,,,,,-8.00576745318758,-127.87132890270487,-3.661201459915137,-0.818401213238846,24.628524021157837,-25.203199923056182,3.55,1.63,273.0,102.6,11.0,88.0,2311,6.2,631251,519222,600869,592348,670623,650489,641525,622682,663662,54.3,0.873,0.815,0.9,1.0,1.0,0.0,4.0,30,5,Slider,2,1,2,1,1,2,2,1,Infield shift,Standard,157,0.025,0.452,,,1.0,-0.452,102.6,1,1,0.662,0.662,23,27,24,27,2,1,6.0,2,5.0,1.0,2.35,-0.21,-0.21,45.2,,,,,
CU,2020-09-22,77.5,2.55,6.5,"Skubal, Tarik",596146,669373,,ball,,,,,14,Ball,R,L,L,MIN,DET,B,,,1,2,2020,-0.1,-1.07,0.44,1.19,,,,1,4,Bot,,,,,,,-4.325436350478838,-112.84125314009869,-2.4328493684704977,-0.0114217048291299,20.95839016717976,-41.10737411629946,3.46,1.57,,,,77.0,2224,6.0,631251,519222,600869,592348,670623,650489,641525,622682,663662,54.55,,,,,,,,30,4,Curveball,2,1,2,1,1,2,2,1,Infield shift,Standard,340,0.002,0.047,,,,-0.047,,1,1,0.66,0.66,23,27,24,27,2,1,6.0,2,5.0,1.0,4.87,-0.1,-0.1,,,,,,
FF,2020-09-22,94.4,3.05,6.27,"Skubal, Tarik",596146,669373,,foul,,,,,5,Foul,R,L,L,MIN,DET,S,,,1,1,2020,1.09,1.41,-0.27,2.44,,,,1,4,Bot,,,,,,,-10.981794893270148,-136.87694817558298,-7.335172477756588,16.208793411976668,32.08742284109444,-12.860629001222105,3.55,1.63,194.0,74.5,55.0,93.6,2499,6.1,631251,519222,600869,592348,670623,650489,641525,622682,663662,54.35,,,,,,,,30,3,4-Seam Fastball,2,1,2,1,1,2,2,1,Infield shift,Standard,136,-0.003,-0.07,,,,0.07,88.0,1,1,0.663,0.663,23,27,24,27,2,1,6.0,2,5.0,1.0,1.17,1.09,1.09,45.4,,,,,
SL,2020-09-22,88.5,2.96,6.31,"Skubal, Tarik",596146,669373,,ball,,,,,13,Ball,R,L,L,MIN,DET,B,,,0,1,2020,-0.17,0.43,-1.7,2.13,,,,1,4,Bot,,,,,,,-11.00612728131555,-128.48714512026405,-5.061799933388259,0.2241615195309906,24.28135204476988,-26.558438152131824,3.46,1.57,,,,88.6,2394,6.3,631251,519222,600869,592348,670623,650489,641525,622682,663662,54.19,,,,,,,,30,2,Slider,2,1,2,1,1,2,2,1,Infield shift,Standard,131,0.001,0.031,,,,-0.031,,1,1,0.662,0.662,23,27,24,27,2,1,6.0,2,5.0,1.0,2.47,-0.17,-0.17,48.3,,,,,
SL,2020-09-22,87.3,2.96,6.2,"Skubal, Tarik",596146,669373,,called_strike,,,,,1,Called Strike,R,L,L,MIN,DET,S,,,0,0,2020,-0.04,0.49,-0.32,2.93,,,,1,4,Bot,,,,,,,-7.829034259253807,-127.0835475597943,-2.7965438163268477,1.006274310794365,23.1142402331648,-26.4881376320809,3.39,1.56,,,,87.8,2319,6.3,631251,519222,600869,592348,670623,650489,641525,622682,663662,54.16,,,,,,,,30,1,Slider,2,1,2,1,1,2,2,1,Infield shift,Standard,148,-0.002,-0.041,,,,0.041,,1,1,0.664,0.664,23,27,24,27,2,1,6.0,2,5.0,1.0,2.47,-0.04,-0.04,47.4,,,,,
FF,2020-09-22,93.7,2.97,6.38,"Skubal, Tarik",641598,669373,home_run,hit_into_play,,,,,4,Mitch Garver homers (2) on a fly ball to left field.,R,R,L,MIN,DET,X,,fly_ball,1,1,2020,0.9,1.41,-0.3,2.2,,,,1,4,Bot,21.59,55.1,,,,,-10.362075597938858,-135.87906594217725,-8.125995371937467,13.343079796176172,29.04690626031713,-12.98416495293639,3.41,1.56,417.0,107.1,37.0,93.2,2306,6.1,631251,519222,600869,592348,670623,650489,641525,622682,663662,54.37,0.78,1.555,2.0,1.0,0.0,3.0,6.0,29,3,4-Seam Fastball,1,1,1,1,1,2,2,1,Infield shift,Standard,142,0.132,1.592,,,3.105,-1.592,107.1,0,0,0.532,0.532,23,29,24,29,2,1,6.0,2,5.0,3.0,1.2,0.9,-0.9,48.3,,,,,
CU,2020-09-22,75.6,2.45,6.6,"Skubal, Tarik",641598,669373,,ball,,,,,14,Ball,R,R,L,MIN,DET,B,,,0,1,2020,-0.35,-1.27,0.5,1.43,,,,1,4,Bot,,,,,,,-3.4328876113460285,-110.06415930947774,-1.376275229685518,-2.149598208765917,20.62297329513546,-42.4113906563802,3.28,1.63,,,,75.1,2190,6.0,631251,519222,600869,592348,670623,650489,641525,622682,663662,54.46,,,,,,,,29,2,Curveball,1,1,1,1,1,1,1,1,Infield shift,Standard,340,0.002,0.031,,,,-0.031,,0,0,0.53,0.53,23,29,24,29,2,1,6.0,2,5.0,3.0,5.27,-0.35,0.35,,,,,,
FF,2020-09-22,92.6,2.81,6.36,"Skubal, Tarik",641598,669373,,called_strike,,,,,8,Called Strike,R,R,L,MIN,DET,S,,,0,0,2020,0.9,1.21,-0.18,1.69,,,,1,4,Bot,,,,,,,-9.550179617319335,-134.35869370927864,-8.707901359552512,12.918650497995731,28.115687251927067,-15.729323727723283,3.39,1.6,,,,92.3,2223,6.2,631251,519222,600869,592348,670623,650489,641525,622682,663662,54.31,,,,,,,,29,1,4-Seam Fastball,1,1,1,1,1,1,1,1,Infield shift,Standard,138,-0.003,-0.041,,,,0.041,,0,0,0.533,0.533,23,29,24,29,2,1,6.0,2,5.0,3.0,1.45,0.9,-0.9,47.3,,,,,
FF,2020-09-22,93.7,2.97,6.36,"Skubal, Tarik",593934,669373,field_out,hit_into_play,,,,,14,Miguel Sano flies out to right fielder Daz Cameron.,R,R,L,MIN,DET,X,9.0,fly_ball,1,1,2020,1.03,1.33,1.06,2.27,,,,0,4,Bot,207.33,122.01,,,,,-7.193159038484451,-136.08894976036217,-7.741277313932785,14.399319717531634,28.92572213518481,-14.111563428816122,3.52,1.7,263.0,98.2,54.0,93.4,2366,6.1,631251,519222,600869,592348,670623,650489,641525,622682,663662,54.35,0.007,0.006,0.0,1.0,0.0,0.0,3.0,28,3,4-Seam Fastball,1,1,1,1,1,1,1,1,Infield shift,Standard,141,-0.026,-0.269,,,0.009,0.269,98.2,0,0,0.559,0.559,23,27,24,27,2,1,6.0,2,5.0,1.0,1.27,1.03,-1.03,47.2,,,,,
CH,2020-09-22,83.4,2.6,6.58,"Skubal, Tarik",593934,669373,,ball,,,,,14,Ball,R,R,L,MIN,DET,B,,,0,1,2020,0.93,1.41,1.44,0.63,,,,0,4,Bot,,,,,,,-4.470887495985464,-121.01619677184976,-9.91623426911804,9.990476618269994,24.29656119224736,-16.566721983562655,3.57,1.7,,,,83.0,1738,6.2,631251,519222,600869,592348,670623,650489,641525,622682,663662,54.27,,,,,,,,28,2,Changeup,1,1,1,1,1,1,1,1,Infield shift,Standard,144,0.003,0.035,,,,-0.035,,0,0,0.556,0.556,23,27,24,27,2,1,6.0,2,5.0,1.0,1.9,0.93,-0.93,59.0,,,,,
CU,2020-09-22,73.8,2.62,6.72,"Skubal, Tarik",593934,669373,,called_strike,,,,,3,Called Strike,R,R,L,MIN,DET,S,,,0,0,2020,-0.52,-1.05,0.29,3.08,,,,0,4,Bot,,,,,,,-3.793553260415905,-107.37338596383088,1.7296524957830286,-3.284044225773206,20.06393387351222,-40.8102738917488,3.53,1.69,,,,73.0,2110,5.9,631251,519222,600869,592348,670623,650489,641525,622682,663662,54.59,,,,,,,,28,1,Curveball,1,1,1,1,1,1,1,1,Infield shift,Standard,331,-0.004,-0.046,,,,0.046,,0,0,0.56,0.56,23,27,24,27,2,1,6.0,2,5.0,1.0,5.26,-0.52,0.52,,,,,,
SL,2020-09-22,86.4,2.97,6.16,"Skubal, Tarik",592696,669373,field_out,hit_into_play,,,,,7,Eddie Rosario pops out to third baseman Isaac Paredes.,R,L,L,MIN,DET,X,5.0,popup,3,1,2020,-0.19,0.45,-0.59,1.96,,,501303.0,2,3,Bot,112.4,160.77,,,,,-8.08363886255746,-125.63156852573624,-4.706555290915131,-0.4285976310623186,24.310830315760175,-26.70353954883288,3.41,1.56,102.0,83.3,70.0,86.3,2258,6.2,631251,519222,600869,592348,670623,650489,641525,622682,663662,54.31,0.0,0.0,0.0,1.0,0.0,0.0,3.0,21,5,Slider,1,0,1,0,0,1,1,0,Infield shift,Standard,117,-0.029,-0.43,,,0.0,0.43,88.0,1,1,0.652,0.652,23,28,24,29,2,1,6.0,2,5.0,1.0,2.6,-0.19,-0.19,47.8,,,,,
SL,2020-09-22,85.9,2.93,6.22,"Skubal, Tarik",592696,669373,,ball,,,,,11,Ball,R,L,L,MIN,DET,B,,,2,1,2020,-0.12,0.47,-2.02,2.68,,,501303.0,2,3,Bot,,,,,,,-11.430441778638995,-124.66596187843017,-3.06889677150993,0.8905483951114916,23.488512424342968,-26.87963198741489,3.22,1.55,,,,85.8,2220,6.2,631251,519222,600869,592348,670623,650489,641525,622682,663662,54.29,,,,,,,,21,4,Slider,1,0,1,0,0,1,1,0,Infield shift,Standard,119,0.006,0.097,,,,-0.097,,1,1,0.646,0.646,23,28,24,29,2,1,6.0,2,5.0,1.0,2.62,-0.12,-0.12,51.1,,,,,
FF,2020-09-22,91.9,2.73,6.4,"Skubal, Tarik",592696,669373,,ball,,,,,14,Ball,R,L,L,MIN,DET,B,,,1,1,2020,0.93,1.51,0.58,1.52,,,501303.0,2,3,Bot,,,,,,,-7.440580979440321,-133.3603403172029,-9.73412959462729,12.728949795231186,29.20827171348509,-12.135726901218613,3.3,1.76,,,,91.5,2366,6.2,631251,519222,600869,592348,670623,650489,641525,622682,663662,54.27,,,,,,,,21,3,4-Seam Fastball,1,0,1,0,0,1,1,0,Infield shift,Standard,143,0.003,0.054,,,,-0.054,,1,1,0.643,0.643,23,28,24,29,2,1,6.0,2,5.0,1.0,1.2,0.93,0.93,53.4,,,,,
FF,2020-09-22,94.2,2.54,6.44,"Skubal, Tarik",592696,669373,,ball,,,,,11,Ball,R,L,L,MIN,DET,B,,,0,1,2020,0.76,1.48,-0.94,3.59,,,501303.0,2,3,Bot,,,,,,,-10.656086829602144,-136.73057563513228,-4.9318528866512015,11.87570082146112,30.985576221705177,-12.686852247528526,3.37,1.52,,,,93.7,2403,6.2,631251,519222,600869,592348,670623,650489,641525,622682,663662,54.31,,,,,,,,21,2,4-Seam Fastball,1,0,1,0,0,1,1,0,Infield shift,Standard,147,0.002,0.027,,,,-0.027,,1,1,0.641,0.641,23,28,24,29,2,1,6.0,2,5.0,1.0,1.11,0.76,0.76,52.6,,,,,
FF,2020-09-22,93.0,2.39,6.52,"Skubal, Tarik",592696,669373,,called_strike,,,,,1,Called Strike,R,L,L,MIN,DET,S,,,0,0,2020,0.94,1.36,-0.35,2.89,,,501303.0,2,3,Bot,,,,,,,-9.054632920779015,-134.99208783316752,-6.404478904910355,13.574936237131675,31.54402098753164,-14.33202281827024,3.32,1.47,,,,92.3,2380,6.2,631251,519222,600869,592348,670623,650489,641525,622682,663662,54.33,,,,,,,,21,1,4-Seam Fastball,1,0,1,0,0,1,1,0,Infield shift,Standard,146,-0.003,-0.049,,,,0.049,,1,1,0.644,0.644,23,28,24,29,2,1,6.0,2,5.0,1.0,1.31,0.94,0.94,55.7,,,,,
FF,2020-09-22,94.7,2.87,6.39,"Skubal, Tarik",518626,669373,strikeout,swinging_strike,,,,,11,Josh Donaldson strikes out swinging.,R,R,L,MIN,DET,S,2.0,,3,2,2020,0.91,1.51,-0.85,3.57,,,501303.0,1,3,Bot,,,,,,,-11.681796005052556,-137.3366020605946,-4.974534892831983,14.164205194465527,32.298081078737816,-12.094588315440348,3.31,1.54,,,,94.1,2409,6.2,631251,519222,600869,592348,670623,650489,641525,622682,663662,54.26,,0.0,0.0,1.0,0.0,0.0,,20,6,4-Seam Fastball,1,0,1,0,0,1,1,0,Infield shift,Standard,146,-0.032,-0.26,,,,0.26,,1,1,0.676,0.676,23,34,24,35,2,1,6.0,2,5.0,1.0,1.06,0.91,-0.91,51.8,,,,,
CU,2020-09-22,76.6,2.53,6.47,"Skubal, Tarik",518626,669373,,blocked_ball,,,,,13,Ball In Dirt,R,R,L,MIN,DET,B,,,2,2,2020,-0.58,-1.06,-1.2,0.15,,,501303.0,1,3,Bot,,,,,,,-6.833842091347395,-111.3897682504397,-4.400248425591329,-3.5316960282572336,20.58437374334875,-40.37939688382233,3.2,1.49,,,,76.5,2265,6.3,631251,519222,600869,592348,670623,650489,641525,622682,663662,54.19,,,,,,,,20,5,Curveball,1,0,1,0,0,1,1,0,Infield shift,Standard,342,0.008,0.052,,,,-0.052,,1,1,0.668,0.668,23,34,24,35,2,1,6.0,2,5.0,1.0,4.96,-0.58,0.58,,,,,,
FF,2020-09-22,93.7,2.47,6.39,"Skubal, Tarik",518626,669373,,called_strike,,,,,13,Called Strike,R,R,L,MIN,DET,S,,,2,1,2020,0.88,1.58,-0.88,2.3,,,501303.0,1,3,Bot,,,,,,,-10.53064867179876,-135.90796858451412,-8.287286449768246,13.203347548701958,29.100622250395276,-10.843545940953453,3.44,1.58,,,,93.3,2484,6.2,631251,519222,600869,592348,670623,650489,641525,622682,663662,54.33,,,,,,,,20,4,4-Seam Fastball,1,0,1,0,0,1,1,0,Infield shift,Standard,151,-0.006,-0.063,,,,0.063,,1,1,0.674,0.674,23,34,24,35,2,1,6.0,2,5.0,1.0,1.03,0.88,-0.88,55.3,,,,,
FF,2020-09-22,92.6,2.5,6.47,"Skubal, Tarik",518626,669373,,called_strike,,,,,4,Called Strike,R,R,L,MIN,DET,S,,,2,0,2020,0.81,1.51,-0.59,2.77,,,501303.0,1,3,Bot,,,,,,,-9.616081529332233,-134.45009733071663,-6.890501203796397,11.88183140109509,28.327891783179883,-12.498932520242,3.37,1.63,,,,92.2,2437,6.1,631251,519222,600869,592348,670623,650489,641525,622682,663662,54.38,,,,,,,,20,3,4-Seam Fastball,1,0,1,0,0,1,1,0,Infield shift,Standard,141,-0.007,-0.066,,,,0.066,,1,1,0.681,0.681,23,34,24,35,2,1,6.0,2,5.0,1.0,1.15,0.81,-0.81,55.2,,,,,
FF,2020-09-22,93.3,2.46,6.37,"Skubal, Tarik",518626,669373,,ball,,,,,13,Ball,R,R,L,MIN,DET,B,,,1,0,2020,1.03,1.46,-0.4,1.17,,,501303.0,1,3,Bot,,,,,,,-9.61591331324867,-135.23401730345063,-10.827342385378538,14.672840187327886,27.857585398029386,-12.041227747235649,3.4,1.6,,,,93.6,2483,6.5,631251,519222,600869,592348,670623,650489,641525,622682,663662,53.97,,,,,,,,20,2,4-Seam Fastball,1,0,1,0,0,1,1,0,Infield shift,Standard,149,0.007,0.062,,,,-0.062,,1,1,0.674,0.674,23,34,24,35,2,1,6.0,2,5.0,1.0,1.17,1.03,-1.03,54.9,,,,,
FF,2020-09-22,93.4,2.77,6.46,"Skubal, Tarik",518626,669373,,ball,,,,,12,Ball,R,R,L,MIN,DET,B,,,0,0,2020,1.07,1.55,0.96,2.76,,,501303.0,1,3,Bot,,,,,,,-7.007653648963558,-135.73660607058935,-7.156343709010223,14.816278587002184,29.309506192544905,-11.639292025437394,3.38,1.63,,,,93.2,2533,6.2,631251,519222,600869,592348,670623,650489,641525,622682,663662,54.29,,,,,,,,20,1,4-Seam Fastball,1,0,1,0,0,1,1,0,Infield shift,Standard,145,0.003,0.026,,,,-0.026,,1,1,0.671,0.671,23,34,24,35,2,1,6.0,2,5.0,1.0,1.07,1.07,-1.07,52.0,,,,,
FF,2020-09-22,93.2,2.5,6.45,"Skubal, Tarik",621439,669373,strikeout,swinging_strike,,,,,2,Byron Buxton strikes out swinging.,R,R,L,MIN,DET,S,2.0,,2,2,2020,0.9,1.63,-0.25,3.09,,,501303.0,0,3,Bot,,,,,,,-9.004567716585282,-135.3898028859855,-6.437476428361795,13.010794998217404,29.288142318753454,-10.81409076061398,3.36,1.58,,,,93.0,2500,6.3,631251,519222,600869,592348,670623,650489,641525,622682,663662,54.24,,0.0,0.0,1.0,0.0,0.0,,19,6,4-Seam Fastball,1,0,1,0,0,1,1,0,Infield shift,Standard,145,-0.027,-0.222,,,,0.222,,1,1,0.698,0.698,23,26,24,27,2,1,6.0,3,5.0,1.0,1.0,0.9,-0.9,54.5,,,,,
FF,2020-09-22,93.1,2.52,6.55,"Skubal, Tarik",621439,669373,,ball,,,,,12,Ball,R,R,L,MIN,DET,B,,,1,2,2020,0.99,1.58,1.37,3.89,,,501303.0,0,3,Bot,,,,,,,-5.103324432978566,-135.51193751003754,-4.5135395608728155,13.274133508738542,29.680965552014214,-11.931622966361193,3.29,1.48,,,,92.8,2469,6.1,631251,519222,600869,592348,670623,650489,641525,622682,663662,54.38,,,,,,,,19,5,4-Seam Fastball,1,0,1,0,0,1,1,0,Infield shift,Standard,145,0.004,0.044,,,,-0.044,,1,1,0.694,0.694,23,26,24,27,2,1,6.0,3,5.0,1.0,1.05,0.99,-0.99,55.8,,,,,
SL,2020-09-22,85.7,2.82,6.38,"Skubal, Tarik",621439,669373,,foul,,,,,11,Foul,R,R,L,MIN,DET,S,,,1,2,2020,-0.29,0.41,-0.89,2.95,,,501303.0,0,3,Bot,,,,,,,-8.157888795512061,-124.63641732354856,-2.684566855397488,-1.451749038681902,23.480623332695455,-27.580852339425014,3.36,1.58,76.0,77.7,5.0,85.7,2260,6.2,631251,519222,600869,592348,670623,650489,641525,622682,663662,54.32,,,,,,,,19,4,Slider,1,0,1,0,0,1,1,0,Infield shift,Standard,144,0.0,0.0,,,,0.0,88.0,1,1,0.694,0.694,23,26,24,27,2,1,6.0,3,5.0,1.0,2.68,-0.29,0.29,52.3,,,,,
FF,2020-09-22,94.2,2.68,6.48,"Skubal, Tarik",621439,669373,,foul,,,,,6,Foul,R,R,L,MIN,DET,S,,,1,1,2020,1.1,1.34,0.61,2.67,,,501303.0,0,3,Bot,,,,,,,-7.787692085668189,-136.7806804707005,-7.0869640325868515,15.58461179234051,31.613342324490976,-13.883281635167368,3.36,1.58,212.0,74.9,46.0,93.5,2396,6.1,631251,519222,600869,592348,670623,650489,641525,622682,663662,54.4,,,,,,,,19,3,4-Seam Fastball,1,0,1,0,0,1,1,0,Infield shift,Standard,145,-0.005,-0.053,,,,0.053,88.0,1,1,0.699,0.699,23,26,24,27,2,1,6.0,3,5.0,1.0,1.25,1.1,-1.1,53.2,,,,,
FF,2020-09-22,94.8,2.72,6.41,"Skubal, Tarik",621439,669373,,ball,,,,,11,Ball,R,R,L,MIN,DET,B,,,0,1,2020,0.88,1.31,-1.16,2.69,,,501303.0,0,3,Bot,,,,,,,-12.001531794486317,-137.43321869988696,-6.916909363373478,13.795265048852244,31.09096606229877,-14.087675177634049,3.34,1.48,,,,94.2,2360,6.2,631251,519222,600869,592348,670623,650489,641525,622682,663662,54.32,,,,,,,,19,2,4-Seam Fastball,1,0,1,0,0,1,1,0,Infield shift,Standard,139,0.002,0.01,,,,-0.01,,1,1,0.697,0.697,23,26,24,27,2,1,6.0,3,5.0,1.0,1.25,0.88,-0.88,48.9,,,,,
FF,2020-09-22,93.2,2.79,6.45,"Skubal, Tarik",621439,669373,,foul,,,,,14,Foul,R,R,L,MIN,DET,S,,,0,0,2020,1.15,1.43,0.92,1.78,,,501303.0,0,3,Bot,,,,,,,-7.263662383587437,-135.26581461843108,-9.282898245682398,15.686304995799002,30.60526922463994,-12.75454655955261,3.36,1.58,42.0,74.1,1.0,92.4,2422,6.1,631251,519222,600869,592348,670623,650489,641525,622682,663662,54.45,,,,,,,,19,1,4-Seam Fastball,1,0,1,0,0,1,1,0,Infield shift,Standard,144,-0.004,-0.033,,,,0.033,88.0,1,1,0.701,0.701,23,26,24,27,2,1,6.0,3,5.0,1.0,1.22,1.15,-1.15,51.1,,,,,
CH,2020-09-22,84.6,2.26,6.62,"Skubal, Tarik",501303,669373,single,hit_into_play,,,,,14,Ehire Adrianza singles on a ground ball to center fielder Victor Reyes.,R,R,L,MIN,DET,X,8.0,ground_ball,1,2,2020,0.49,1.59,1.13,1.42,,,,0,3,Bot,117.08,97.95,,,,,-3.611242568425211,-122.99156216551172,-8.938154632215028,5.681236504884521,23.29292349766128,-14.470784180066712,3.1,1.47,145.0,79.8,9.0,84.6,1806,6.2,631251,519222,600869,592348,670623,650489,641525,622682,663662,54.26,0.4,0.389,0.9,1.0,1.0,0.0,4.0,18,4,Changeup,1,0,1,0,0,1,1,0,Standard,Standard,143,0.037,0.522,,,0.468,-0.522,88.0,1,1,0.664,0.664,23,30,24,31,1,0,6.0,3,5.0,3.0,1.59,0.49,-0.49,61.9,,,,,
FF,2020-09-22,95.5,3.09,6.43,"Skubal, Tarik",501303,669373,,ball,,,,,11,Ball,R,R,L,MIN,DET,B,,,0,2,2020,1.05,1.44,-0.71,3.56,,,,0,3,Bot,,,,,,,-12.269114053250282,-138.46520375943828,-5.09282670663561,16.210328578646994,31.14683827934837,-12.595738011578636,3.11,1.49,,,,94.7,2402,6.1,631251,519222,600869,592348,670623,650489,641525,622682,663662,54.45,,,,,,,,18,3,4-Seam Fastball,1,0,1,0,0,1,1,0,Standard,Strategic,141,0.002,0.03,,,,-0.03,,1,1,0.662,0.662,23,30,24,31,1,0,6.0,3,5.0,3.0,1.08,1.05,-1.05,47.6,,,,,
SL,2020-09-22,88.1,3.09,6.18,"Skubal, Tarik",501303,669373,,swinging_strike,,,,,4,Swinging Strike,R,R,L,MIN,DET,S,,,0,1,2020,-0.12,0.53,-0.8,2.29,,,,0,3,Bot,,,,,,,-9.215945009815483,-128.04287306516963,-4.512780053337326,0.3793346805400074,23.66241178659887,-25.574859791782497,3.1,1.47,,,,88.7,2265,6.5,631251,519222,600869,592348,670623,650489,641525,622682,663662,54.01,,,,,,,,18,2,Slider,1,0,1,0,0,1,1,0,Infield shift,Standard,161,-0.004,-0.062,,,,0.062,,1,1,0.666,0.666,23,30,24,31,1,0,6.0,3,5.0,3.0,2.39,-0.12,0.12,45.3,,,,,
FF,2020-09-22,93.3,3.27,6.38,"Skubal, Tarik",501303,669373,,foul,,,,,3,Foul,R,R,L,MIN,DET,S,,,0,0,2020,1.03,1.45,0.43,2.69,,,,0,3,Bot,,,,,,,-9.503728386313888,-135.37365268475796,-6.815862890117339,14.792136334352625,30.882964312801807,-13.017443148946237,3.1,1.47,179.0,76.2,64.0,92.5,2418,6.1,631251,519222,600869,592348,670623,650489,641525,622682,663662,54.42,,,,,,,,18,1,4-Seam Fastball,1,0,1,0,0,1,1,0,Infield shift,Standard,137,-0.003,-0.046,,,,0.046,88.0,1,1,0.669,0.669,23,30,24,31,1,0,6.0,3,5.0,3.0,1.2,1.03,-1.03,46.6,,,,,
CU,2020-09-22,77.9,2.53,6.43,"Skubal, Tarik",680777,669373,strikeout,swinging_strike,,,,,14,Ryan Jeffers strikes out swinging.,R,R,L,MIN,DET,S,2.0,,1,2,2020,-0.16,-1.08,0.13,1.02,,,,2,2,Bot,,,,,,,-4.868198490190968,-113.45068027107185,-2.7741281134502054,-0.5150596756799177,20.36728669479594,-41.19561853544038,3.55,1.63,,,,77.9,2179,6.2,631251,519222,600869,592348,670623,650489,641525,622682,663662,54.31,,0.0,0.0,1.0,0.0,0.0,,14,4,Curveball,1,0,1,0,0,1,1,0,Standard,Standard,342,-0.007,-0.204,,,,0.204,,1,1,0.619,0.619,23,23,24,23,1,0,6.0,5,5.0,1.0,4.82,-0.16,0.16,,,,,,
FF,2020-09-22,94.1,3.17,6.23,"Skubal, Tarik",680777,669373,,foul,,,,,5,Foul,R,R,L,MIN,DET,S,,,1,1,2020,1.12,1.17,0.15,2.72,,,,2,2,Bot,,,,,,,-10.304083908937338,-136.6205471682843,-5.94457985971349,16.34605666394457,30.98367906473092,-16.282318074006046,3.55,1.63,219.0,82.0,55.0,93.7,2288,6.3,631251,519222,600869,592348,670623,650489,641525,622682,663662,54.25,,,,,,,,14,3,4-Seam Fastball,1,0,1,0,0,1,1,0,Strategic,Standard,140,-0.002,-0.075,,,,0.075,88.0,1,1,0.621,0.621,23,23,24,23,1,0,6.0,5,5.0,1.0,1.42,1.12,-1.12,43.7,,,,,
FF,2020-09-22,94.3,2.98,6.3,"Skubal, Tarik",680777,669373,,swinging_strike,,,,,8,Swinging Strike,R,R,L,MIN,DET,S,,,1,0,2020,1.0,1.25,-0.13,2.03,,,,2,2,Bot,,,,,,,-10.262573462840503,-136.75223605963134,-8.107749170084439,14.87960402089659,31.36534467632656,-14.77933802817191,3.55,1.63,,,,93.9,2339,6.3,631251,519222,600869,592348,670623,650489,641525,622682,663662,54.19,,,,,,,,14,2,4-Seam Fastball,1,0,1,0,0,1,1,0,Standard,Standard,139,-0.001,-0.057,,,,0.057,,1,1,0.622,0.622,23,23,24,23,1,0,6.0,5,5.0,1.0,1.34,1.0,-1.0,48.3,,,,,
FF,2020-09-22,94.0,3.2,6.38,"Skubal, Tarik",680777,669373,,ball,,,,,12,Ball,R,R,L,MIN,DET,B,,,0,0,2020,1.02,1.43,1.16,2.74,,,,2,2,Bot,,,,,,,-7.524816943432807,-136.49617036186527,-6.830972899786815,14.475804577603014,32.165310718183775,-12.921478253884285,3.46,1.6,,,,93.4,2396,6.2,631251,519222,600869,592348,670623,650489,641525,622682,663662,54.28,,,,,,,,14,1,4-Seam Fastball,1,0,1,0,0,1,1,0,Standard,Standard,136,0.001,0.046,,,,-0.046,,1,1,0.621,0.621,23,23,24,23,1,0,6.0,5,5.0,1.0,1.17,1.02,-1.02,46.7,,,,,
CH,2020-09-22,84.3,2.35,6.51,"Skubal, Tarik",503556,669373,field_out,hit_into_play,,,,,12,"Marwin Gonzalez grounds out, shortstop Willi Castro to first baseman Jeimer Candelario.",R,R,L,MIN,DET,X,6.0,ground_ball,2,2,2020,1.11,1.15,0.83,2.86,,,,1,2,Bot,116.38,177.6,,,,,-5.71801130943988,-122.54695146596843,-4.362282490943975,12.280617627139508,24.802269676679817,-19.92672670989653,3.43,1.63,18.0,69.5,-7.0,84.0,1693,6.2,631251,519222,600869,592348,670623,650489,641525,622682,663662,54.29,0.08,0.064,0.0,1.0,0.0,0.0,2.0,13,6,Changeup,1,0,1,0,0,1,1,0,Standard,Standard,147,-0.014,-0.234,,,0.085,0.234,88.0,1,1,0.635,0.635,23,31,24,31,1,0,6.0,2,5.0,1.0,2.07,1.11,-1.11,60.3,,,,,
FF,2020-09-22,96.1,3.16,6.45,"Skubal, Tarik",503556,669373,,ball,,,,,12,Ball,R,R,L,MIN,DET,B,,,1,2,2020,0.81,1.43,0.82,5.15,,,,1,2,Bot,,,,,,,-7.981389961989353,-139.64742959206066,-1.0300302104106631,12.478950462203352,33.46606877557022,-13.509365848241004,3.56,1.66,,,,95.4,2303,6.1,631251,519222,600869,592348,670623,650489,641525,622682,663662,54.41,,,,,,,,13,5,4-Seam Fastball,1,0,1,0,0,1,1,0,Standard,Standard,145,0.003,0.047,,,,-0.047,,1,1,0.632,0.632,23,31,24,31,1,0,6.0,2,5.0,1.0,1.06,0.81,-0.81,49.0,,,,,
FF,2020-09-22,95.7,3.12,6.33,"Skubal, Tarik",503556,669373,,foul,,,,,5,Foul,R,R,L,MIN,DET,S,,,1,2,2020,1.13,1.53,0.15,2.72,,,,1,2,Bot,,,,,,,-10.351542367253328,-138.7999398782524,-7.27413655471844,17.035432433774744,32.37386118440575,-10.919086511470892,3.43,1.63,205.0,73.1,50.0,95.0,2545,6.2,631251,519222,600869,592348,670623,650489,641525,622682,663662,54.31,,,,,,,,13,4,4-Seam Fastball,1,0,1,0,0,1,1,0,Standard,Standard,140,0.0,0.0,,,,0.0,88.0,1,1,0.632,0.632,23,31,24,31,1,0,6.0,2,5.0,1.0,0.99,1.13,-1.13,45.7,,,,,
CU,2020-09-22,78.4,2.55,6.49,"Skubal, Tarik",503556,669373,,ball,,,,,13,Ball,R,R,L,MIN,DET,B,,,0,2,2020,-0.33,-1.07,-0.78,0.71,,,,1,2,Bot,,,,,,,-6.588159951982767,-114.06243255650882,-3.6450328808808226,-1.6058754357053064,21.519099653480986,-40.99903599468496,3.51,1.72,,,,78.0,2258,6.1,631251,519222,600869,592348,670623,650489,641525,622682,663662,54.39,,,,,,,,13,3,Curveball,1,0,1,0,0,1,1,0,Standard,Standard,341,0.001,0.024,,,,-0.024,,1,1,0.631,0.631,23,31,24,31,1,0,6.0,2,5.0,1.0,4.79,-0.33,0.33,,,,,,
FF,2020-09-22,95.4,3.02,6.46,"Skubal, Tarik",503556,669373,,foul,,,,,5,Foul,R,R,L,MIN,DET,S,,,0,1,2020,1.01,1.49,0.13,2.54,,,,1,2,Bot,,,,,,,-9.788749561305629,-138.38597293701886,-7.952129138071912,15.16589260831237,31.94662169803999,-11.35487672384989,3.43,1.63,,,,94.6,2576,6.1,631251,519222,600869,592348,670623,650489,641525,622682,663662,54.42,,,,,,,,13,2,4-Seam Fastball,1,0,1,0,0,1,1,0,Standard,Standard,140,-0.003,-0.062,,,,0.062,,1,1,0.634,0.634,23,31,24,31,1,0,6.0,2,5.0,1.0,1.04,1.01,-1.01,46.6,,,,,
FF,2020-09-22,93.3,2.81,6.44,"Skubal, Tarik",503556,669373,,foul,,,,,3,Foul,R,R,L,MIN,DET,S,,,0,0,2020,0.91,1.43,0.49,3.05,,,,1,2,Bot,,,,,,,-7.949626037500535,-135.50812144385736,-6.034609518733824,13.042118633781463,31.024325186960898,-13.441509463698868,3.43,1.63,201.0,71.6,49.0,92.8,2324,6.2,631251,519222,600869,592348,670623,650489,641525,622682,663662,54.32,,,,,,,,13,1,4-Seam Fastball,1,0,1,0,0,1,1,0,Standard,Standard,143,-0.002,-0.041,,,,0.041,88.0,1,1,0.636,0.636,23,31,24,31,1,0,6.0,2,5.0,1.0,1.21,0.91,-0.91,52.0,,,,,
FF,2020-09-22,94.2,2.5,6.56,"Skubal, Tarik",596146,669373,strikeout,swinging_strike,,,,,3,Max Kepler strikes out swinging.,R,L,L,MIN,DET,S,2.0,,0,2,2020,0.72,1.55,0.49,3.58,,,,0,2,Bot,,,,,,,-6.799733878636237,-136.97823287999012,-5.438559767956665,10.639359511512245,31.68115765954137,-11.641843293642037,3.55,1.63,,,,93.9,2438,6.2,631251,519222,600869,592348,670623,650489,641525,622682,663662,54.27,,0.0,0.0,1.0,0.0,0.0,,12,3,4-Seam Fastball,1,0,1,0,0,1,1,0,Infield shift,Standard,152,-0.013,-0.171,,,,0.171,,1,1,0.649,0.649,23,27,24,27,1,0,6.0,2,5.0,1.0,1.03,0.72,0.72,56.4,,,,,
SL,2020-09-22,88.0,3.1,6.27,"Skubal, Tarik",596146,669373,,swinging_strike,,,,,13,Swinging Strike,R,L,L,MIN,DET,S,,,0,1,2020,-0.21,0.49,-0.69,0.75,,,,0,2,Bot,,,,,,,-8.715090303540986,-127.70676990803491,-8.309477380730279,-0.5903104592393008,24.924785567607607,-25.261652509630075,3.55,1.63,,,,87.9,2245,6.3,631251,519222,600869,592348,670623,650489,641525,622682,663662,54.23,,,,,,,,12,2,Slider,1,0,1,0,0,1,1,0,Infield shift,Standard,133,-0.004,-0.062,,,,0.062,,1,1,0.653,0.653,23,27,24,27,1,0,6.0,2,5.0,1.0,2.45,-0.21,-0.21,48.9,,,,,
FF,2020-09-22,93.8,3.11,6.24,"Skubal, Tarik",596146,669373,,called_strike,,,,,7,Called Strike,R,L,L,MIN,DET,S,,,0,0,2020,0.74,1.58,-0.42,1.73,,,,0,2,Bot,,,,,,,-10.735620777801902,-135.81104119338633,-9.325914653270408,11.604567086892365,31.445056202875605,-10.65346079436434,3.43,1.61,,,,93.3,2442,6.4,631251,519222,600869,592348,670623,650489,641525,622682,663662,54.12,,,,,,,,12,1,4-Seam Fastball,1,0,1,0,0,1,1,0,Infield shift,Standard,140,-0.003,-0.046,,,,0.046,,1,1,0.656,0.656,23,27,24,27,1,0,6.0,2,5.0,1.0,1.05,0.74,0.74,46.8,,,,,
FF,2020-09-22,93.1,2.98,6.32,"Skubal, Tarik",641598,669373,field_out,hit_into_play,,,,,12,Mitch Garver flies out to right fielder Daz Cameron.,R,R,L,MIN,DET,X,9.0,fly_ball,2,1,2020,1.17,1.21,0.9,2.96,,,518626.0,2,1,Bot,152.31,116.59,,,,,-7.911959294489841,-135.35723422148513,-5.505608545004918,16.16257887871135,29.382870220296866,-16.203616338682085,3.41,1.56,208.0,93.2,58.0,92.9,2521,6.2,631251,519222,600869,592348,670623,650489,641525,622682,663662,54.28,0.007,0.006,0.0,1.0,0.0,0.0,3.0,8,4,4-Seam Fastball,1,0,1,0,0,1,1,0,Infield shift,Standard,148,-0.022,-0.333,,,0.007,0.333,93.2,1,1,0.625,0.625,23,29,24,29,1,0,6.0,2,5.0,3.0,1.42,1.17,-1.17,47.8,,,,,
FF,2020-09-22,94.6,2.68,6.38,"Skubal, Tarik",641598,669373,,ball,,,,,13,Ball,R,R,L,MIN,DET,B,,,1,1,2020,0.99,1.41,-1.67,2.31,,,518626.0,2,1,Bot,,,,,,,-13.466099985650382,-136.86609849553847,-7.98115746315764,15.496788867341452,30.70896849684178,-12.696813083506257,3.37,1.5,,,,93.9,2665,6.2,631251,519222,600869,592348,670623,650489,641525,622682,663662,54.28,,,,,,,,8,3,4-Seam Fastball,1,0,1,0,0,1,1,0,Infield shift,Standard,149,0.003,0.054,,,,-0.054,,1,1,0.622,0.622,23,29,24,29,1,0,6.0,2,5.0,3.0,1.17,0.99,-0.99,50.5,,,,,
FF,2020-09-22,94.3,3.0,6.26,"Skubal, Tarik",641598,669373,,ball,,,,,12,Ball,R,R,L,MIN,DET,B,,,0,1,2020,0.83,1.42,0.65,3.73,,,518626.0,2,1,Bot,,,,,,,-7.952890009604678,-137.04200808298745,-4.018348034154144,12.251879401338094,30.743696708823272,-13.531021560966655,3.43,1.59,,,,94.1,2621,6.3,631251,519222,600869,592348,670623,650489,641525,622682,663662,54.22,,,,,,,,8,2,4-Seam Fastball,1,0,1,0,0,1,1,0,Infield shift,Standard,136,0.002,0.027,,,,-0.027,,1,1,0.62,0.62,23,29,24,29,1,0,6.0,2,5.0,3.0,1.15,0.83,-0.83,46.5,,,,,
FF,2020-09-22,93.6,2.99,6.23,"Skubal, Tarik",641598,669373,,called_strike,,,,,5,Called Strike,R,R,L,MIN,DET,S,,,0,0,2020,1.11,1.31,0.08,2.19,,,518626.0,2,1,Bot,,,,,,,-9.886933274612888,-135.72750006713116,-7.49882237973301,15.860280663934027,30.34966328536134,-14.511112287012988,3.36,1.52,,,,93.0,2690,6.2,631251,519222,600869,592348,670623,650489,641525,622682,663662,54.33,,,,,,,,8,1,4-Seam Fastball,1,0,1,0,0,1,1,0,Infield shift,Standard,135,-0.003,-0.049,,,,0.049,,1,1,0.623,0.623,23,29,24,29,1,0,6.0,2,5.0,3.0,1.32,1.11,-1.11,45.7,,,,,
FF,2020-09-22,93.5,3.01,6.26,"Skubal, Tarik",593934,669373,field_out,hit_into_play,,,,,9,Miguel Sano flies out to center fielder Victor Reyes.,R,R,L,MIN,DET,X,8.0,fly_ball,1,0,2020,1.03,1.43,0.73,1.88,,,518626.0,1,1,Bot,95.71,58.09,,,,,-8.125107452157682,-135.78821744091437,-8.676061582369123,14.568012989501527,29.30618980540716,-12.684538783704038,3.52,1.7,340.0,89.1,31.0,93.2,2572,6.2,631251,519222,600869,592348,670623,650489,641525,622682,663662,54.3,0.06,0.08,0.0,1.0,0.0,0.0,3.0,7,2,4-Seam Fastball,1,0,1,0,0,1,1,0,Infield shift,Standard,138,-0.027,-0.28,,,0.138,0.28,89.1,1,1,0.65,0.65,23,27,24,27,1,0,6.0,2,5.0,1.0,1.18,1.03,-1.03,46.8,,,,,
FF,2020-09-22,93.3,3.11,6.31,"Skubal, Tarik",593934,669373,,ball,,,,,12,Ball,R,R,L,MIN,DET,B,,,0,0,2020,0.98,1.53,0.66,4.41,,,518626.0,1,1,Bot,,,,,,,-8.431131238759,-135.56328548027832,-2.468784712668285,13.97858217589314,29.74844225403224,-12.996432416257637,3.53,1.75,,,,93.0,2585,6.2,631251,519222,600869,592348,670623,650489,641525,622682,663662,54.27,,,,,,,,7,1,4-Seam Fastball,1,0,1,0,0,1,1,0,Infield shift,Standard,143,0.003,0.026,,,,-0.026,,1,1,0.647,0.647,23,27,24,27,1,0,6.0,2,5.0,1.0,1.1,0.98,-0.98,48.0,,,,,
SL,2020-09-22,86.1,3.18,6.06,"Skubal, Tarik",592696,669373,strikeout,swinging_strike,,,,,13,Eddie Rosario strikes out swinging.,R,L,L,MIN,DET,S,2.0,,2,2,2020,-0.07,0.35,-0.5,1.15,,,518626.0,0,1,Bot,,,,,,,-8.585397983293449,-124.9687783037407,-6.09777529985599,1.089202096707768,25.899500559739195,-27.368363112202957,3.41,1.56,,,,85.8,2437,6.3,631251,519222,600869,592348,670623,650489,641525,622682,663662,54.21,,0.0,0.0,1.0,0.0,0.0,,6,5,Slider,1,0,1,0,0,1,1,0,Infield shift,Standard,153,-0.026,-0.222,,,,0.222,,1,1,0.673,0.673,23,28,24,29,1,0,6.0,2,5.0,1.0,2.74,-0.07,-0.07,42.6,,,,,
CU,2020-09-22,76.0,2.53,6.4,"Skubal, Tarik",592696,669373,,blocked_ball,,,,,13,Ball In Dirt,R,L,L,MIN,DET,B,,,1,2,2020,-0.24,-1.32,-0.32,-0.38,,,518626.0,0,1,Bot,,,,,,,-5.5191361293922725,-110.43865228937602,-4.650068234592373,-0.8576046872519624,22.345695373852404,-42.13528705040672,3.16,1.44,,,,75.3,2333,6.1,631251,519222,600869,592348,670623,650489,641525,622682,663662,54.36,,,,,,,,6,4,Curveball,1,0,1,0,0,1,1,0,Infield shift,Standard,343,0.004,0.044,,,,-0.044,,1,1,0.669,0.669,23,28,24,29,1,0,6.0,2,5.0,1.0,5.32,-0.24,-0.24,,,,,,
FF,2020-09-22,94.3,2.86,6.26,"Skubal, Tarik",592696,669373,,foul,,,,,4,Foul,R,L,L,MIN,DET,S,,,1,1,2020,0.98,1.45,-0.63,2.7,,,518626.0,0,1,Bot,,,,,,,-11.220458677292442,-136.67080579835675,-6.681467062897366,14.915736651367007,32.01255102173272,-12.646785696385631,3.41,1.56,216.0,76.2,34.0,93.6,2499,6.2,631251,519222,600869,592348,670623,650489,641525,622682,663662,54.26,,,,,,,,6,3,4-Seam Fastball,1,0,1,0,0,1,1,0,Infield shift,Standard,137,-0.006,-0.053,,,,0.053,88.0,1,1,0.675,0.675,23,28,24,29,1,0,6.0,2,5.0,1.0,1.15,0.98,0.98,45.7,,,,,
SL,2020-09-22,86.1,2.8,6.23,"Skubal, Tarik",592696,669373,,ball,,,,,13,Ball,R,L,L,MIN,DET,B,,,0,1,2020,-0.35,0.5,-1.1,2.09,,,518626.0,0,1,Bot,,,,,,,-8.529089102804324,-125.12503327462905,-4.622028261920968,-2.0978560679598868,24.03456389957611,-26.19039142219722,3.26,1.52,,,,86.2,2390,6.3,631251,519222,600869,592348,670623,650489,641525,622682,663662,54.15,,,,,,,,6,2,Slider,1,0,1,0,0,1,1,0,Infield shift,Standard,172,0.003,0.01,,,,-0.01,,1,1,0.672,0.672,23,28,24,29,1,0,6.0,2,5.0,1.0,2.57,-0.35,-0.35,51.1,,,,,
FF,2020-09-22,93.1,2.8,6.39,"Skubal, Tarik",592696,669373,,called_strike,,,,,2,Called Strike,R,L,L,MIN,DET,S,,,0,0,2020,0.66,1.54,-0.17,2.88,,,518626.0,0,1,Bot,,,,,,,-9.025655202937326,-135.16691018376068,-6.5555301325244395,10.076962114796125,30.18084264948805,-12.027654881578512,3.36,1.55,,,,92.5,2379,6.1,631251,519222,600869,592348,670623,650489,641525,622682,663662,54.41,,,,,,,,6,1,4-Seam Fastball,1,0,1,0,0,1,1,0,Infield shift,Standard,141,-0.004,-0.033,,,,0.033,,1,1,0.676,0.676,23,28,24,29,1,0,6.0,2,5.0,1.0,1.11,0.66,0.66,50.8,,,,,
CH,2020-09-22,82.5,2.4,6.51,"Skubal, Tarik",518626,669373,walk,blocked_ball,,,,,13,Josh Donaldson walks.,R,R,L,MIN,DET,B,,,3,2,2020,0.98,1.44,-0.71,-0.11,,,,0,1,Bot,,,,,,,-8.962390183971042,-119.45652754268738,-11.321700597688828,11.029264964411311,21.862273011895734,-16.301453775302548,3.39,1.62,,,,82.6,1826,6.5,631251,519222,600869,592348,670623,650489,641525,622682,663662,53.98,,0.698811,0.7,1.0,0.0,0.0,,5,6,Changeup,1,0,1,0,0,1,1,0,Infield shift,Standard,141,0.026,0.371,,,,-0.371,,1,1,0.65,0.65,23,34,24,35,1,0,6.0,2,5.0,1.0,1.93,0.98,-0.98,58.7,,,,,
SL,2020-09-22,88.2,3.14,6.14,"Skubal, Tarik",518626,669373,,ball,,,,,14,Ball,R,R,L,MIN,DET,B,,,2,2,2020,0.0,0.32,0.93,1.64,,,,0,1,Bot,,,,,,,-5.372156440806689,-128.29943549345256,-5.546907807678847,1.0316754555858454,25.609315756719887,-27.693107393648873,3.28,1.5,,,,88.3,2253,6.3,631251,519222,600869,592348,670623,650489,641525,622682,663662,54.19,,,,,,,,5,5,Slider,1,0,1,0,0,1,1,0,Infield shift,Standard,121,0.007,0.115,,,,-0.115,,1,1,0.643,0.643,23,34,24,35,1,0,6.0,2,5.0,1.0,2.6,0.0,0.0,44.7,,,,,
SL,2020-09-22,88.2,3.13,6.16,"Skubal, Tarik",518626,669373,,called_strike,,,,,8,Called Strike,R,R,L,MIN,DET,S,,,2,1,2020,-0.15,0.43,-0.23,1.68,,,,0,1,Bot,,,,,,,-7.886972309912727,-128.37219084152989,-5.805318372896423,-0.2829549999289801,22.504923675742756,-26.432800850636507,3.34,1.62,,,,89.0,2343,6.4,631251,519222,600869,592348,670623,650489,641525,622682,663662,54.08,,,,,,,,5,4,Slider,1,0,1,0,0,1,1,0,Infield shift,Standard,153,-0.005,-0.085,,,,0.085,,1,1,0.648,0.648,23,34,24,35,1,0,6.0,2,5.0,1.0,2.46,-0.15,0.15,46.4,,,,,
CH,2020-09-22,83.0,2.66,6.49,"Skubal, Tarik",518626,669373,,swinging_strike,,,,,6,Swinging Strike,R,R,L,MIN,DET,S,,,2,0,2020,1.11,1.15,0.71,2.2,,,,0,1,Bot,,,,,,,-6.618637767209334,-120.696309751179,-5.586697484872115,12.090973787870986,23.00671169787516,-20.05496912119446,3.31,1.54,,,,83.0,1662,6.2,631251,519222,600869,592348,670623,650489,641525,622682,663662,54.25,,,,,,,,5,3,Changeup,1,0,1,0,0,1,1,0,Infield shift,Standard,140,-0.006,-0.066,,,,0.066,,1,1,0.654,0.654,23,34,24,35,1,0,6.0,2,5.0,1.0,2.16,1.11,-1.11,56.1,,,,,
FF,2020-09-22,93.8,3.12,6.24,"Skubal, Tarik",518626,669373,,ball,,,,,12,Ball,R,R,L,MIN,DET,B,,,1,0,2020,0.87,1.54,0.93,3.09,,,,0,1,Bot,,,,,,,-7.552878703522853,-136.42180569085173,-5.827114706778723,12.455351572621067,29.345895676327697,-11.87389810803945,3.37,1.62,,,,93.7,2238,6.2,631251,519222,600869,592348,670623,650489,641525,622682,663662,54.3,,,,,,,,5,2,4-Seam Fastball,1,0,1,0,0,1,1,0,Infield shift,Standard,134,0.006,0.067,,,,-0.067,,1,1,0.648,0.648,23,34,24,35,1,0,6.0,2,5.0,1.0,1.05,0.87,-0.87,47.0,,,,,
FF,2020-09-22,93.3,3.03,6.31,"Skubal, Tarik",518626,669373,,ball,,,,,9,Ball,R,R,L,MIN,DET,B,,,0,0,2020,1.0,1.36,0.69,1.67,,,,0,1,Bot,,,,,,,-8.19912565078578,-135.35526157880778,-9.114785378278905,14.055423695763,29.789449823839288,-13.631188297895536,3.42,1.52,,,,92.9,2270,6.3,631251,519222,600869,592348,670623,650489,641525,622682,663662,54.24,,,,,,,,5,1,4-Seam Fastball,1,0,1,0,0,1,1,0,Infield shift,Standard,140,0.003,0.045,,,,-0.045,,1,1,0.645,0.645,23,34,24,35,1,0,6.0,2,5.0,1.0,1.28,1.0,-1.0,47.9,,,,,
CH,2020-09-22,82.2,2.45,6.55,"Skubal, Tarik",621439,669373,home_run,hit_into_play,,,,,5,Byron Buxton homers (13) on a fly ball to left field.,R,R,L,MIN,DET,X,,fly_ball,1,1,2020,0.69,1.47,0.16,2.69,,,,0,1,Bot,9.81,89.44,,,,,-6.499929743053268,-119.41573811739684,-5.003187901972065,7.853190042354862,24.014553212394304,-17.319912257452497,3.36,1.58,374.0,99.3,34.0,81.8,1804,6.2,631251,519222,600869,592348,670623,650489,641525,622682,663662,54.32,0.387,0.721,2.0,1.0,0.0,3.0,5.0,4,3,Changeup,0,0,0,0,0,1,1,0,Infield shift,Standard,137,0.098,1.125,,,1.45,-1.125,99.3,0,0,0.547,0.547,23,26,24,27,1,0,6.0,3,5.0,1.0,1.92,0.69,-0.69,57.2,,,,,
FF,2020-09-22,92.0,3.22,6.22,"Skubal, Tarik",621439,669373,,swinging_strike,,,,,14,Swinging Strike,R,R,L,MIN,DET,S,,,1,0,2020,1.39,1.25,1.11,1.58,,,,0,1,Bot,,,,,,,-8.309036655632609,-133.39650618610003,-8.503069866043678,18.4635077564583,30.681675650212984,-15.563940578401452,3.36,1.58,,,,91.1,2261,6.1,631251,519222,600869,592348,670623,650489,641525,622682,663662,54.39,,,,,,,,4,2,4-Seam Fastball,0,0,0,0,0,0,0,0,Infield shift,Standard,133,-0.004,-0.056,,,,0.056,,0,0,0.551,0.551,23,26,24,27,1,0,6.0,3,5.0,1.0,1.48,1.39,-1.39,44.0,,,,,
FF,2020-09-22,93.1,3.08,6.26,"Skubal, Tarik",621439,669373,,ball,,,,,13,Ball,R,R,L,MIN,DET,B,,,0,0,2020,1.12,1.54,-0.15,0.57,,,,0,1,Bot,,,,,,,-10.748059938574158,-134.66722644002246,-12.139632412099353,16.054537767145565,30.11913186195125,-10.748621691863349,3.29,1.46,,,,92.8,2387,6.5,631251,519222,600869,592348,670623,650489,641525,622682,663662,54.02,,,,,,,,4,1,4-Seam Fastball,0,0,0,0,0,0,0,0,Infield shift,Standard,138,0.003,0.045,,,,-0.045,,0,0,0.548,0.548,23,26,24,27,1,0,6.0,3,5.0,1.0,1.12,1.12,-1.12,45.9,,,,,
FF,2020-09-16,95.4,2.99,6.4,"Skubal, Tarik",641531,669373,strikeout,swinging_strike,,,,,12,Hunter Dozier strikes out swinging.,R,R,L,DET,KC,S,2.0,,2,2,2020,0.87,1.43,0.19,3.75,521692.0,,,2,6,Top,,,,,,,-9.300873260569864,-138.50950978832412,-4.474428790530292,13.300367544964596,32.48507155676431,-12.974473518882322,3.42,1.65,,,,95.0,2333,6.3,631463,606992,600869,592348,642727,650489,641513,622682,593528,54.23,,0.0,0.0,1.0,0.0,0.0,,41,8,4-Seam Fastball,0,3,3,0,3,0,3,0,Standard,Standard,138,0.019,-0.247,,,,0.247,,-3,3,0.144,0.856,23,28,24,29,3,2,6.0,1,6.0,2.0,1.1,0.87,-0.87,48.1,,,,,
CH,2020-09-16,82.2,2.47,6.64,"Skubal, Tarik",641531,669373,,foul,,,,,14,Foul,R,R,L,DET,KC,S,,,2,2,2020,0.85,1.31,0.23,1.21,521692.0,,,2,6,Top,,,,,,,-6.729201730952762,-119.41850864362527,-8.31966272485732,9.421300453976848,21.581534851338617,-18.229057732504753,3.42,1.65,2.0,48.1,-37.0,82.3,1726,6.3,631463,606992,600869,592348,642727,650489,641513,622682,593528,54.18,,,,,,,,41,7,Changeup,0,3,3,0,3,0,3,0,Standard,Standard,134,0.0,0.0,,,,0.0,88.0,-3,3,0.144,0.856,23,28,24,29,3,2,6.0,1,6.0,2.0,2.06,0.85,-0.85,59.1,,,,,
SL,2020-09-16,84.0,3.22,6.19,"Skubal, Tarik",641531,669373,,foul,,,,,5,Foul,R,R,L,DET,KC,S,,,2,2,2020,-0.24,0.09,-0.2,2.65,521692.0,,,2,6,Top,,,,,,,-7.461444948019342,-122.1367809487778,-1.981427294726888,-0.9070783624724548,23.85443102801972,-31.088241508222023,3.42,1.65,122.0,107.3,5.0,84.1,2219,6.4,631463,606992,600869,592348,642727,650489,641513,622682,593528,54.12,,,,,,,,41,6,Slider,0,3,3,0,3,0,3,0,Standard,Standard,261,0.0,0.0,,,,0.0,107.3,-3,3,0.144,0.856,23,28,24,29,3,2,6.0,1,6.0,2.0,3.14,-0.24,0.24,45.8,,,,,
FF,2020-09-16,95.6,2.84,6.4,"Skubal, Tarik",641531,669373,,ball,,,,,13,Ball,R,R,L,DET,KC,B,,,1,2,2020,0.71,1.35,-1.71,1.6,521692.0,,,2,6,Top,,,,,,,-13.561123345409204,-138.389745452751,-10.07156228793466,11.97325632154105,28.14086008554668,-12.610220017835603,3.38,1.67,,,,95.6,2066,6.4,631463,606992,600869,592348,642727,650489,641513,622682,593528,54.1,,,,,,,,41,5,4-Seam Fastball,0,3,3,0,3,0,3,0,Standard,Standard,146,-0.003,0.031,,,,-0.031,,-3,3,0.147,0.853,23,28,24,29,3,2,6.0,1,6.0,2.0,1.15,0.71,-0.71,51.6,,,,,
FF,2020-09-16,96.6,3.08,6.44,"Skubal, Tarik",641531,669373,,ball,,,,,12,Ball,R,R,L,DET,KC,B,,,0,2,2020,0.76,1.36,0.14,5.38,521692.0,,,2,6,Top,,,,,,,-9.4925352724347,-140.40325259650317,-0.3796375750254682,12.109006041262262,30.55665599832415,-14.21445128500972,3.36,1.63,,,,96.3,2223,6.1,631463,606992,600869,592348,642727,650489,641513,622682,593528,54.4,,,,,,,,41,4,4-Seam Fastball,0,3,3,0,3,0,3,0,Standard,Standard,143,-0.002,0.054,,,,-0.054,,-3,3,0.149,0.851,23,28,24,29,3,2,6.0,1,6.0,2.0,1.08,0.76,-0.76,47.3,,,,,
CH,2020-09-16,84.8,2.52,6.59,"Skubal, Tarik",641531,669373,,foul,,,,,8,Foul,R,R,L,DET,KC,S,,,0,2,2020,1.09,1.34,0.15,1.87,521692.0,,,2,6,Top,,,,,,,-7.691043660620929,-123.05019514833398,-7.32433899035316,12.542520573104625,24.073797551421137,-17.29481265307731,3.42,1.65,6.0,71.7,-18.0,84.7,1712,6.4,631463,606992,600869,592348,642727,650489,641513,622682,593528,54.14,,,,,,,,41,3,Changeup,0,3,3,0,3,0,3,0,Standard,Standard,133,0.0,0.0,,,,0.0,88.0,-3,3,0.149,0.851,23,28,24,29,3,2,6.0,1,6.0,2.0,1.85,1.09,-1.09,58.9,,,,,
FF,2020-09-16,94.4,2.87,6.36,"Skubal, Tarik",641531,669373,,foul,,,,,5,Foul,R,R,L,DET,KC,S,,,0,1,2020,0.78,1.25,-0.25,2.53,521692.0,,,2,6,Top,,,,,,,-9.791510622067689,-136.95243939908866,-7.022573109878052,12.03189410950093,30.264474114775357,-14.995035849777398,3.42,1.65,217.0,71.3,40.0,93.9,2047,6.1,631463,606992,600869,592348,642727,650489,641513,622682,593528,54.36,,,,,,,,41,2,4-Seam Fastball,0,3,3,0,3,0,3,0,Standard,Standard,138,0.004,-0.079,,,,0.079,88.0,-3,3,0.145,0.855,23,28,24,29,3,2,6.0,1,6.0,2.0,1.32,0.78,-0.78,45.7,,,,,
CH,2020-09-16,82.0,2.6,6.57,"Skubal, Tarik",641531,669373,,called_strike,,,,,5,Called Strike,R,R,L,DET,KC,S,,,0,0,2020,0.88,1.18,-0.11,2.37,521692.0,,,2,6,Top,,,,,,,-7.850865311220586,-119.1761890917166,-5.233278140996271,9.884444481934963,22.138169054203175,-20.132670285607475,3.28,1.61,,,,82.2,1464,6.4,631463,606992,600869,592348,642727,650489,641513,622682,593528,54.08,,,,,,,,41,1,Changeup,0,3,3,0,3,0,3,0,Standard,Standard,137,0.003,-0.044,,,,0.044,,-3,3,0.142,0.858,23,28,24,29,3,2,6.0,1,6.0,2.0,2.21,0.88,-0.88,57.3,,,,,
SL,2020-09-16,86.0,3.16,6.25,"Skubal, Tarik",596748,669373,field_out,hit_into_play,,,,,11,Maikel Franco grounds out to first baseman Jeimer Candelario. Salvador Perez to 3rd.,R,R,L,DET,KC,X,3.0,ground_ball,1,2,2020,-0.21,0.3,-0.93,3.56,,521692.0,,1,6,Top,152.15,166.88,,,,,-9.256063403932735,-125.03274007250488,-0.7478505128198518,-0.3397546539991591,24.847265714421148,-29.13699751106365,3.34,1.54,80.0,48.7,15.0,85.9,2147,6.2,631463,606992,600869,592348,642727,650489,641513,622682,593528,54.26,0.153,0.164,0.0,1.0,0.0,0.0,1.0,40,4,Slider,0,3,3,0,3,0,3,0,Standard,Standard,128,0.011,-0.177,,,0.153,0.177,88.0,-3,3,0.131,0.869,23,27,24,28,3,2,6.0,1,6.0,2.0,2.79,-0.21,0.21,43.7,,,,,
FF,2020-09-16,93.5,3.1,6.36,"Skubal, Tarik",596748,669373,,foul,,,,,1,Foul,R,R,L,DET,KC,S,,,1,1,2020,0.76,1.38,-0.43,3.3,,521692.0,,1,6,Top,,,,,,,-10.729621860432262,-135.6658041976806,-5.144552580099915,11.677245030867518,29.377650411054972,-14.190179533065278,3.34,1.54,196.0,68.9,53.0,93.3,2227,6.3,631463,606992,600869,592348,642727,650489,641513,622682,593528,54.2,,,,,,,,40,3,4-Seam Fastball,0,3,3,0,3,0,3,0,Standard,Strategic,139,0.003,-0.061,,,,0.061,88.0,-3,3,0.128,0.872,23,27,24,28,3,2,6.0,1,6.0,2.0,1.24,0.76,-0.76,47.8,,,,,
CU,2020-09-16,76.8,2.66,6.62,"Skubal, Tarik",596748,669373,,blocked_ball,,,,,13,Ball In Dirt,R,R,L,DET,KC,B,,,0,1,2020,-0.45,-0.73,-1.11,0.56,,521692.0,,1,6,Top,,,,,,,-7.147631456169645,-111.59311683309568,-4.477242544082886,-2.4994078089784324,19.748791453493965,-37.6737241660671,3.22,1.5,,,,76.6,2222,6.2,631463,606992,600869,592348,642727,650489,641513,622682,593528,54.34,,,,,,,,40,2,Curveball,0,3,3,0,3,0,3,0,Infield shade,Strategic,337,-0.002,0.007,,,,-0.007,,-3,3,0.13,0.87,23,27,24,28,3,2,6.0,1,6.0,2.0,4.6,-0.45,0.45,,,,,,
FF,2020-09-16,91.8,3.0,6.46,"Skubal, Tarik",596748,669373,,called_strike,,,,,14,Called Strike,R,R,L,DET,KC,S,,,0,0,2020,0.91,1.28,1.02,2.04,,521692.0,,1,6,Top,,,,,,,-6.9451798085005745,-133.443520873634,-8.078487475980673,12.35538438445686,27.21904898809664,-15.367344479111228,3.21,1.54,,,,91.6,2117,6.1,631463,606992,600869,592348,642727,650489,641513,622682,593528,54.41,,,,,,,,40,1,4-Seam Fastball,0,3,3,0,3,0,3,0,Infield shift,Strategic,138,0.003,-0.037,,,,0.037,,-3,3,0.127,0.873,23,27,24,28,3,2,6.0,1,6.0,2.0,1.42,0.91,-0.91,47.0,,,,,
CH,2020-09-16,82.2,2.45,6.7,"Skubal, Tarik",521692,669373,double,hit_into_play,,,,,3,Salvador Perez doubles (10) on a line drive to right fielder Jorge Bonifacio. Whit Merrifield scores.,R,R,L,DET,KC,X,9.0,line_drive,1,2,2020,1.14,1.19,0.64,3.52,,593160.0,,1,6,Top,183.44,73.9,,,,,-6.293632329540213,-119.63028153060932,-3.000941926171296,12.15533959749021,22.234624643716735,-20.311279785338083,3.49,1.62,359.0,96.6,25.0,82.1,1745,6.2,631463,606992,600869,592348,642727,650489,641513,622682,593528,54.34,0.36,0.462,1.25,1.0,1.0,1.0,5.0,39,4,Changeup,0,2,2,0,3,0,3,0,Infield shift,Standard,133,-0.085,0.903,,,0.838,-0.903,96.6,-2,2,0.212,0.788,23,30,24,30,3,2,6.0,1,6.0,2.0,2.17,1.14,-1.14,59.1,,,,,
FF,2020-09-16,92.8,3.04,6.51,"Skubal, Tarik",521692,669373,,swinging_strike,,,,,3,Swinging Strike,R,R,L,DET,KC,S,,,1,1,2020,1.05,1.3,0.79,3.14,,,593160.0,1,6,Top,,,,,,,-7.994058331835975,-134.90293332371314,-5.646688414059813,14.50365128720922,28.83540144688044,-15.22069848615413,3.49,1.62,,,,92.2,2190,6.0,631463,606992,600869,592348,642727,650489,641513,622682,593528,54.53,,,,,,,,39,3,4-Seam Fastball,0,2,2,0,2,0,2,0,Infield shift,Standard,139,-0.009,-0.047,,,,0.047,,-2,2,0.221,0.779,23,30,24,30,3,2,6.0,1,6.0,2.0,1.35,1.05,-1.05,47.7,,,,,
FF,2020-09-16,91.7,3.06,6.41,"Skubal, Tarik",521692,669373,,foul,,,,,5,Foul,R,R,L,DET,KC,S,,,1,0,2020,1.14,1.4,-0.03,2.85,,,593160.0,1,6,Top,,,,,,,-10.228945942791714,-133.0086704791772,-6.1031940217576945,15.707597344951123,28.99725675028486,-14.407051001547838,3.49,1.62,,,,91.3,2062,6.3,631463,606992,600869,592348,642727,650489,641513,622682,593528,54.25,,,,,,,,39,2,4-Seam Fastball,0,2,2,0,2,0,2,0,Infield shift,Standard,134,0.004,-0.052,,,,0.052,,-2,2,0.217,0.783,23,30,24,30,3,2,6.0,1,6.0,2.0,1.33,1.14,-1.14,48.7,,,,,
CH,2020-09-16,78.5,2.62,6.69,"Skubal, Tarik",521692,669373,,ball,,,,,14,Ball,R,R,L,DET,KC,B,,,0,0,2020,0.57,1.45,0.23,1.1,,,593160.0,1,6,Top,,,,,,,-6.204915849828907,-113.94920730630302,-7.863723999694305,6.099508107654645,21.5334815640375,-18.271527929583645,3.46,1.57,,,,78.2,1574,6.3,631463,606992,600869,592348,642727,650489,641513,622682,593528,54.2,,,,,,,,39,1,Changeup,0,2,2,0,2,0,2,0,Infield shift,Standard,136,-0.003,0.026,,,,-0.026,,-2,2,0.22,0.78,23,30,24,30,3,2,6.0,1,6.0,2.0,2.28,0.57,-0.57,58.1,,,,,
FF,2020-09-16,91.0,2.79,6.47,"Skubal, Tarik",609275,669373,field_out,hit_into_play,,,,,7,Adalberto Mondesi pops out to right fielder Jorge Bonifacio.,R,R,L,DET,KC,X,9.0,popup,1,0,2020,1.03,1.5,-0.38,1.95,,,593160.0,0,6,Top,148.38,125.02,,,,,-10.088609643098174,-131.850921550229,-8.549943156039578,14.216610660928932,28.59165781169169,-12.929096971143824,3.45,1.57,187.0,90.4,60.0,90.3,2134,6.1,631463,606992,600869,592348,642727,650489,641513,622682,593528,54.36,0.007,0.006,0.0,1.0,0.0,0.0,3.0,38,2,4-Seam Fastball,0,2,2,0,2,0,2,0,Standard,Standard,140,0.029,-0.288,,,0.007,0.288,90.4,-2,2,0.191,0.8089999999999999,23,24,24,25,3,2,6.0,1,6.0,2.0,1.28,1.03,-1.03,51.2,,,,,
CH,2020-09-16,77.1,2.39,6.75,"Skubal, Tarik",609275,669373,,ball,,,,,14,Ball,R,R,L,DET,KC,B,,,0,0,2020,0.61,1.36,1.14,0.97,,,593160.0,0,6,Top,,,,,,,-3.7644811609106066,-112.0249541152259,-7.743398594632773,5.830105793221179,20.283958340946526,-19.52182779228435,3.32,1.58,,,,76.9,1555,6.2,631463,606992,600869,592348,642727,650489,641513,622682,593528,54.3,,,,,,,,38,1,Changeup,0,2,2,0,2,0,2,0,Standard,Standard,139,-0.004,0.025,,,,-0.025,,-2,2,0.195,0.8049999999999999,23,24,24,25,3,2,6.0,1,6.0,2.0,2.49,0.61,-0.61,61.0,,,,,
FF,2020-09-16,91.3,3.28,6.36,"Skubal, Tarik",593160,669373,single,hit_into_play,,,,,9,"Whit Merrifield singles on a ground ball to left fielder Travis Demeritte, deflected by shortstop Willi Castro.",R,R,L,DET,KC,X,6.0,ground_ball,1,0,2020,1.11,1.27,0.77,2.01,,,,0,6,Top,96.1,141.23,,,,,-8.661823539597654,-132.55016459381483,-7.752586853963624,14.92963009423162,28.11694380331048,-15.704859165222118,3.34,1.55,67.0,86.8,4.0,91.0,2236,6.2,631463,606992,600869,592348,642727,650489,641513,622682,593528,54.27,0.333,0.354,0.9,1.0,1.0,0.0,2.0,37,2,4-Seam Fastball,0,2,2,0,2,0,2,0,Standard,Standard,137,-0.023,0.398,,,0.333,-0.398,88.0,-2,2,0.218,0.782,23,31,24,31,3,2,6.0,1,6.0,2.0,1.48,1.11,-1.11,45.2,,,,,
CU,2020-09-16,75.7,2.79,6.56,"Skubal, Tarik",593160,669373,,ball,,,,,13,Ball,R,R,L,DET,KC,B,,,0,0,2020,-0.41,-0.93,-0.09,-0.31,,,,0,6,Top,,,,,,,-5.247158359325542,-110.13957047251738,-5.557734790818138,-2.3747418543361336,19.987834165700775,-38.94781824142536,3.28,1.5,,,,75.4,2333,6.1,631463,606992,600869,592348,642727,650489,641513,622682,593528,54.37,,,,,,,,37,1,Curveball,0,2,2,0,2,0,2,0,Standard,Standard,333,-0.003,0.045,,,,-0.045,,-2,2,0.221,0.779,23,31,24,31,3,2,6.0,1,6.0,2.0,4.92,-0.41,0.41,,,,,,
SL,2020-09-16,85.9,3.05,6.24,"Skubal, Tarik",670032,669373,strikeout,foul_tip,,,,,11,Nicky Lopez strikes out on a foul tip.,R,L,L,DET,KC,S,2.0,,0,2,2020,-0.08,0.11,-0.15,3.61,,,,2,5,Top,,,,,,,-7.424320282106899,-125.00008617798682,-0.2664040397413291,0.4692045550844224,22.17629002367696,-31.10826854470014,3.05,1.42,,,,86.3,2412,6.3,631463,606992,600869,592348,642727,650489,641513,622682,593528,54.22,,0.0,0.0,1.0,0.0,0.0,,32,3,Slider,0,2,2,0,2,0,2,0,Standard,Standard,273,0.006,-0.175,,,,0.175,,-2,2,0.283,0.7170000000000001,23,25,24,25,2,1,6.0,1,6.0,2.0,2.94,-0.08,-0.08,47.0,,,,,
SL,2020-09-16,84.7,3.24,6.14,"Skubal, Tarik",670032,669373,,foul,,,,,6,Foul,R,L,L,DET,KC,S,,,0,1,2020,-0.2,-0.02,0.48,2.19,,,,2,5,Top,,,,,,,-6.065198437691856,-123.32290650367838,-2.8813405792865288,-0.9329876287110186,23.149312357362408,-32.01352261274217,3.05,1.42,56.0,68.5,4.0,85.0,2204,6.3,631463,606992,600869,592348,642727,650489,641513,622682,593528,54.2,,,,,,,,32,2,Slider,0,2,2,0,2,0,2,0,Standard,Standard,202,0.002,-0.071,,,,0.071,88.0,-2,2,0.281,0.719,23,25,24,25,2,1,6.0,1,6.0,2.0,3.18,-0.2,-0.2,43.0,,,,,
SL,2020-09-16,86.7,3.0,6.32,"Skubal, Tarik",670032,669373,,called_strike,,,,,13,Called Strike,R,L,L,DET,KC,S,,,0,0,2020,-0.12,0.67,-0.83,2.19,,,,2,5,Top,,,,,,,-8.91264160385267,-125.97408098943912,-5.088977640553384,0.2844610196308781,22.418467528313812,-24.187665293146473,3.07,1.4,,,,87.0,2173,6.3,631463,606992,600869,592348,642727,650489,641513,622682,593528,54.19,,,,,,,,32,1,Slider,0,2,2,0,2,0,2,0,Standard,Standard,144,0.001,-0.045,,,,0.045,,-2,2,0.28,0.72,23,25,24,25,2,1,6.0,1,6.0,2.0,2.34,-0.12,-0.12,48.5,,,,,
FF,2020-09-16,93.8,3.15,6.34,"Skubal, Tarik",605490,669373,field_out,hit_into_play,,,,,3,Bubba Starling flies out to right fielder Jorge Bonifacio.,R,R,L,DET,KC,X,9.0,fly_ball,1,1,2020,0.97,1.37,0.71,3.24,,,,1,5,Top,217.89,90.75,,,,,-8.43772353547122,-136.33586924643168,-5.300246938588522,13.902161232380315,29.981309656326097,-14.08967316746347,3.16,1.55,333.0,95.0,38.0,93.6,2340,6.2,631463,606992,600869,592348,642727,650489,641513,622682,593528,54.25,0.133,0.25,0.0,1.0,0.0,0.0,3.0,31,3,4-Seam Fastball,0,2,2,0,2,0,2,0,Infield shift,Standard,137,0.012,-0.256,,,0.479,0.256,95.0,-2,2,0.268,0.732,23,27,24,28,2,1,6.0,1,6.0,2.0,1.23,0.97,-0.97,46.7,,,,,
FF,2020-09-16,93.4,3.12,6.42,"Skubal, Tarik",605490,669373,,swinging_strike,,,,,11,Swinging Strike,R,R,L,DET,KC,S,,,1,0,2020,0.73,1.44,-0.1,3.82,,,,1,5,Top,,,,,,,-9.885142508406611,-135.58870741152836,-4.071470261969408,11.2351497764558,29.846431991937752,-13.688857827255896,3.16,1.55,,,,93.1,2384,6.3,631463,606992,600869,592348,642727,650489,641513,622682,593528,54.22,,,,,,,,31,2,4-Seam Fastball,0,2,2,0,2,0,2,0,Infield shift,Standard,139,0.003,-0.052,,,,0.052,,-2,2,0.265,0.735,23,27,24,28,2,1,6.0,1,6.0,2.0,1.19,0.73,-0.73,50.8,,,,,
CU,2020-09-16,76.6,2.76,6.61,"Skubal, Tarik",605490,669373,,ball,,,,,14,Ball,R,R,L,DET,KC,B,,,0,0,2020,-0.35,-1.18,0.37,0.91,,,,1,5,Top,,,,,,,-4.406505645124997,-111.491517231461,-2.8951763678183484,-2.152600962350113,20.232149883576053,-41.655818845879395,3.19,1.48,,,,76.4,2304,6.1,631463,606992,600869,592348,642727,650489,641513,622682,593528,54.35,,,,,,,,31,1,Curveball,0,2,2,0,2,0,2,0,Infield shift,Standard,341,-0.002,0.042,,,,-0.042,,-2,2,0.267,0.733,23,27,24,28,2,1,6.0,1,6.0,2.0,5.06,-0.35,0.35,,,,,,
SL,2020-09-16,87.1,3.13,6.28,"Skubal, Tarik",625510,669373,field_out,hit_into_play,,,,,11,Erick Mejia pops out to second baseman Niko Goodrum.,R,R,L,DET,KC,X,4.0,popup,1,2,2020,-0.37,0.47,-0.84,2.55,,,,0,5,Top,115.42,141.44,,,,,-8.778890773584097,-126.62312713032968,-3.8255010066501303,-2.450031433596914,22.924444353163896,-26.50655904465241,3.32,1.51,144.0,53.5,46.0,87.6,2344,6.4,631463,606992,600869,592348,642727,650489,641513,622682,593528,54.1,0.153,0.138,0.0,1.0,0.0,0.0,1.0,30,5,Slider,0,2,2,0,2,0,2,0,Infield shift,Standard,158,0.013,-0.201,,,0.153,0.201,88.0,-2,2,0.254,0.746,23,25,24,26,2,1,6.0,46,6.0,4.0,2.51,-0.37,0.37,47.7,,,,,
FF,2020-09-16,94.1,3.2,6.36,"Skubal, Tarik",625510,669373,,foul,,,,,6,Foul,R,R,L,DET,KC,S,,,1,2,2020,0.81,1.26,0.47,2.48,,,,0,5,Top,,,,,,,-8.804034801147148,-136.5896252016054,-7.126656461772791,12.000121208712317,29.35443756372012,-14.916676652801163,3.32,1.51,208.0,71.7,45.0,93.8,2298,6.2,631463,606992,600869,592348,642727,650489,641513,622682,593528,54.32,,,,,,,,30,4,4-Seam Fastball,0,2,2,0,2,0,2,0,Infield shift,Standard,139,0.0,0.0,,,,0.0,88.0,-2,2,0.254,0.746,23,25,24,26,2,1,6.0,46,6.0,4.0,1.32,0.81,-0.81,46.7,,,,,
FF,2020-09-16,94.5,3.13,6.48,"Skubal, Tarik",625510,669373,,ball,,,,,11,Ball,R,R,L,DET,KC,B,,,0,2,2020,0.81,1.33,-0.4,4.6,,,,0,5,Top,,,,,,,-10.93726184166126,-137.22781648462407,-2.1612664183915,12.699180865738455,30.26021516441049,-15.05599202527303,3.15,1.47,,,,94.0,2284,6.1,631463,606992,600869,592348,642727,650489,641513,622682,593528,54.39,,,,,,,,30,3,4-Seam Fastball,0,2,2,0,2,0,2,0,Infield shift,Standard,140,-0.001,0.03,,,,-0.03,,-2,2,0.255,0.745,23,25,24,26,2,1,6.0,46,6.0,4.0,1.23,0.81,-0.81,47.8,,,,,
CU,2020-09-16,77.9,2.62,6.6,"Skubal, Tarik",625510,669373,,swinging_strike,,,,,13,Swinging Strike,R,R,L,DET,KC,S,,,0,1,2020,-0.4,-0.81,-0.42,0.62,,,,0,5,Top,,,,,,,-5.7780376597590895,-113.29042725727844,-4.441989939214343,-2.3590018557281733,21.345270021054812,-38.47199319718756,3.32,1.51,,,,77.6,2269,6.2,631463,606992,600869,592348,642727,650489,641513,622682,593528,54.29,,,,,,,,30,2,Curveball,0,2,2,0,2,0,2,0,Infield shift,Standard,333,0.003,-0.062,,,,0.062,,-2,2,0.252,0.748,23,25,24,26,2,1,6.0,46,6.0,4.0,4.58,-0.4,0.4,,,,,,
FF,2020-09-16,92.3,3.21,6.42,"Skubal, Tarik",625510,669373,,called_strike,,,,,3,Called Strike,R,R,L,DET,KC,S,,,0,0,2020,0.93,1.37,0.6,3.11,,,,0,5,Top,,,,,,,-8.646885098099808,-134.09875172883085,-5.546604811426888,13.065369467593143,28.159114151400672,-14.635657736544497,3.26,1.5,,,,92.1,2235,6.2,631463,606992,600869,592348,642727,650489,641513,622682,593528,54.32,,,,,,,,30,1,4-Seam Fastball,0,2,2,0,2,0,2,0,Infield shift,Standard,134,0.003,-0.046,,,,0.046,,-2,2,0.249,0.751,23,25,24,26,2,1,6.0,46,6.0,4.0,1.31,0.93,-0.93,46.3,,,,,
SL,2020-09-16,87.3,3.25,6.22,"Skubal, Tarik",658668,669373,field_out,hit_into_play,,,,,8,Edward Olivares flies out to left fielder Travis Demeritte.,R,R,L,DET,KC,X,7.0,fly_ball,1,1,2020,-0.24,0.56,0.24,2.32,,,,2,4,Top,94.88,58.14,,,,,-6.750392536352839,-127.03185170472696,-4.428628192618577,-1.2997592485749236,23.891872258588084,-25.37053812764009,3.62,1.75,341.0,91.2,36.0,87.6,2308,6.3,631463,606992,600869,592348,642727,650489,641513,622682,593528,54.19,0.027,0.032,0.0,1.0,0.0,0.0,3.0,24,3,Slider,0,2,2,0,2,0,2,0,Infield shift,Standard,172,0.009,-0.279,,,0.068,0.279,91.2,-2,2,0.302,0.698,23,24,24,24,2,1,6.0,1,6.0,2.0,2.41,-0.24,0.24,47.1,,,,,
FF,2020-09-16,93.2,2.93,6.41,"Skubal, Tarik",658668,669373,,foul,,,,,2,Foul,R,R,L,DET,KC,S,,,1,0,2020,1.03,1.48,0.22,3.35,,,,2,4,Top,,,,,,,-9.20588975104605,-135.37469614003265,-5.272498399804037,14.696246716163875,31.52246467486046,-13.045058354979226,3.62,1.75,171.0,82.3,70.0,92.8,2390,6.3,631463,606992,600869,592348,642727,650489,641513,622682,593528,54.2,,,,,,,,24,2,4-Seam Fastball,0,2,2,0,2,0,2,0,Infield shift,Standard,139,0.001,-0.057,,,,0.057,88.0,-2,2,0.301,0.6990000000000001,23,24,24,24,2,1,6.0,1,6.0,2.0,1.17,1.03,-1.03,50.2,,,,,
FF,2020-09-16,94.7,2.99,6.33,"Skubal, Tarik",658668,669373,,ball,,,,,14,Ball,R,R,L,DET,KC,B,,,0,0,2020,1.17,1.28,0.08,1.39,,,,2,4,Top,,,,,,,-10.166566881257392,-137.210269441189,-9.999963036966662,17.031500079706834,31.774482377271585,-13.830145497235309,3.52,1.71,,,,94.2,2390,6.3,631463,606992,600869,592348,642727,650489,641513,622682,593528,54.15,,,,,,,,24,1,4-Seam Fastball,0,2,2,0,2,0,2,0,Infield shift,Standard,142,-0.001,0.046,,,,-0.046,,-2,2,0.302,0.698,23,24,24,24,2,1,6.0,1,6.0,2.0,1.29,1.17,-1.17,48.3,,,,,
CH,2020-09-16,84.9,2.47,6.54,"Skubal, Tarik",641531,669373,field_out,hit_into_play,,,,,12,Hunter Dozier grounds out to first baseman Jeimer Candelario.,R,R,L,DET,KC,X,3.0,ground_ball,1,2,2020,0.91,1.11,1.17,2.56,,,,1,4,Top,154.05,150.34,,,,,-4.903963542474232,-123.49764603252936,-5.182485273238704,10.348578330353428,25.65129120522276,-20.001409310891535,3.42,1.65,94.0,68.2,10.0,85.1,1632,6.6,631463,606992,600869,592348,642727,650489,641513,622682,593528,53.94,0.24,0.263,0.0,1.0,0.0,0.0,2.0,23,4,Changeup,0,2,2,0,2,0,2,0,Strategic,Standard,142,0.01,-0.187,,,0.242,0.187,88.0,-2,2,0.292,0.708,23,28,24,29,2,1,6.0,1,6.0,2.0,2.07,0.91,-0.91,59.6,,,,,
CH,2020-09-16,84.4,2.57,6.52,"Skubal, Tarik",641531,669373,,swinging_strike,,,,,6,Swinging Strike,R,R,L,DET,KC,S,,,1,1,2020,1.01,1.07,0.61,2.67,,,,1,4,Top,,,,,,,-6.583686967124726,-122.73127124750349,-4.7143264239049145,11.51733794648505,24.36501118687541,-20.625879941140045,3.42,1.65,,,,84.5,1733,6.4,631463,606992,600869,592348,642727,650489,641513,622682,593528,54.1,,,,,,,,23,3,Changeup,0,2,2,0,2,0,2,0,Infield shift,Standard,137,0.002,-0.07,,,,0.07,,-2,2,0.29,0.71,23,28,24,29,2,1,6.0,1,6.0,2.0,2.14,1.01,-1.01,57.2,,,,,
CU,2020-09-16,77.8,2.75,6.58,"Skubal, Tarik",641531,669373,,ball,,,,,12,Ball,R,R,L,DET,KC,B,,,0,1,2020,-0.31,-0.65,1.14,4.15,,,,1,4,Top,,,,,,,-2.8620829123977565,-113.21788855106288,2.8494321115858443,-2.145292064968556,20.57294806753087,-38.51166581919765,3.35,1.61,,,,77.4,2036,6.0,631463,606992,600869,592348,642727,650489,641513,622682,593528,54.53,,,,,,,,23,2,Curveball,0,2,2,0,2,0,2,0,Infield shift,Standard,330,-0.001,0.031,,,,-0.031,,-2,2,0.291,0.7090000000000001,23,28,24,29,2,1,6.0,1,6.0,2.0,4.41,-0.31,0.31,,,,,,
FF,2020-09-16,94.9,3.22,6.4,"Skubal, Tarik",641531,669373,,swinging_strike,,,,,3,Swinging Strike,R,R,L,DET,KC,S,,,0,0,2020,0.9,1.49,0.69,3.39,,,,1,4,Top,,,,,,,-8.617312009480127,-137.92475301979488,-5.5249532751109705,13.373624548483026,30.643128569300114,-12.125893626881073,3.42,1.65,,,,94.6,2348,6.2,631463,606992,600869,592348,642727,650489,641513,622682,593528,54.3,,,,,,,,23,1,4-Seam Fastball,0,2,2,0,2,0,2,0,Infield shift,Standard,141,0.002,-0.041,,,,0.041,,-2,2,0.289,0.7110000000000001,23,28,24,29,2,1,6.0,1,6.0,2.0,1.05,0.9,-0.9,47.9,,,,,
CH,2020-09-16,83.9,2.6,6.59,"Skubal, Tarik",596748,669373,strikeout,swinging_strike,,,,,12,Maikel Franco strikes out swinging.,R,R,L,DET,KC,S,2.0,,2,2,2020,1.0,1.17,0.91,3.22,,,,0,4,Top,,,,,,,-5.890836201274425,-122.09453754624546,-3.702075560104847,11.169037771973397,23.763193006737698,-19.977336373227864,3.34,1.54,,,,84.0,1492,6.3,631463,606992,600869,592348,642727,650489,641513,622682,593528,54.18,,0.0,0.0,1.0,0.0,0.0,,22,5,Changeup,0,2,2,0,2,0,2,0,Infield shift,Standard,138,0.016,-0.24,,,,0.24,,-2,2,0.273,0.727,23,27,24,28,2,1,6.0,1,6.0,2.0,2.07,1.0,-1.0,56.1,,,,,
SL,2020-09-16,88.0,3.08,6.19,"Skubal, Tarik",596748,669373,,ball,,,,,13,Ball,R,R,L,DET,KC,B,,,1,2,2020,-0.33,0.3,-1.33,1.9,,,,0,4,Top,,,,,,,-10.044772674004854,-127.84624678329426,-4.966848101024366,-1.766282119251877,23.42148607565822,-28.0947358279392,3.18,1.5,,,,88.5,2357,6.5,631463,606992,600869,592348,642727,650489,641513,622682,593528,54.05,,,,,,,,22,4,Slider,0,2,2,0,2,0,2,0,Infield shift,Standard,176,-0.003,0.039,,,,-0.039,,-2,2,0.276,0.724,23,27,24,28,2,1,6.0,1,6.0,2.0,2.63,-0.33,0.33,46.4,,,,,
FF,2020-09-16,93.9,2.98,6.4,"Skubal, Tarik",596748,669373,,foul,,,,,1,Foul,R,R,L,DET,KC,S,,,1,1,2020,0.57,1.31,-0.6,3.39,,,,0,4,Top,,,,,,,-10.501312325749778,-136.3476239400907,-4.961045664401135,9.361962420051976,27.99047408574412,-14.864147729357294,3.34,1.54,158.0,69.9,68.0,93.9,2045,6.3,631463,606992,600869,592348,642727,650489,641513,622682,593528,54.23,,,,,,,,22,3,4-Seam Fastball,0,2,2,0,2,0,2,0,Infield shift,Strategic,142,0.004,-0.067,,,,0.067,88.0,-2,2,0.272,0.728,23,27,24,28,2,1,6.0,1,6.0,2.0,1.27,0.57,-0.57,48.1,,,,,
CH,2020-09-16,84.1,2.53,6.62,"Skubal, Tarik",596748,669373,,swinging_strike,,,,,12,Swinging Strike,R,R,L,DET,KC,S,,,1,0,2020,0.51,1.33,0.93,2.72,,,,0,4,Top,,,,,,,-4.722879147566044,-122.30737009961544,-5.291952124566593,6.0467342569173566,23.816042906351747,-17.942748229798045,3.34,1.54,,,,84.2,1840,6.4,631463,606992,600869,592348,642727,650489,641513,622682,593528,54.14,,,,,,,,22,2,Changeup,0,2,2,0,2,0,2,0,Infield shift,Strategic,139,0.004,-0.056,,,,0.056,,-2,2,0.268,0.732,23,27,24,28,2,1,6.0,1,6.0,2.0,1.89,0.51,-0.51,58.4,,,,,
CH,2020-09-16,83.6,2.7,6.55,"Skubal, Tarik",596748,669373,,ball,,,,,13,Ball,R,R,L,DET,KC,B,,,0,0,2020,0.58,1.37,-1.21,0.16,,,,0,4,Top,,,,,,,-10.144291882188147,-120.94737222480452,-10.960594677607284,7.560250565582819,21.973049615049163,-16.742799079503254,3.2,1.53,,,,83.6,1666,6.5,631463,606992,600869,592348,642727,650489,641513,622682,593528,54.03,,,,,,,,22,1,Changeup,0,2,2,0,2,0,2,0,Infield shift,Strategic,139,-0.003,0.045,,,,-0.045,,-2,2,0.271,0.729,23,27,24,28,2,1,6.0,1,6.0,2.0,1.91,0.58,-0.58,58.0,,,,,
CH,2020-09-16,82.7,2.21,6.58,"Skubal, Tarik",521692,669373,strikeout,swinging_strike,,,,,13,Salvador Perez strikes out swinging.,R,R,L,DET,KC,S,2.0,,1,2,2020,0.78,1.39,-0.65,1.26,,,609275.0,2,3,Top,,,,,,,-8.039628365403344,-119.94315539897175,-8.318282933891435,9.069907317725733,22.571950523796087,-17.298671811909887,3.49,1.62,,,,82.7,1786,6.4,631463,606992,600869,592348,642727,650489,641513,622682,593528,54.1,,0.0,0.0,1.0,0.0,0.0,,18,4,Changeup,0,2,2,0,2,0,2,0,Infield shift,Standard,141,0.014,-0.211,,,,0.211,,-2,2,0.314,0.6859999999999999,23,30,24,30,2,1,6.0,1,6.0,2.0,1.96,0.78,-0.78,61.4,,,,,
CH,2020-09-16,83.7,2.3,6.69,"Skubal, Tarik",521692,669373,,ball,,,,,14,Ball,R,R,L,DET,KC,B,,,0,2,2020,0.74,1.35,1.7,1.43,,,609275.0,2,3,Top,,,,,,,-2.8204461353741603,-121.68961085732046,-8.395740516787164,7.880545697263118,21.47246150402361,-17.34102555321878,3.44,1.58,,,,83.8,1729,6.2,631463,606992,600869,592348,642727,650489,641513,622682,593528,54.34,,,,,,,,18,3,Changeup,0,2,2,0,2,0,2,0,Infield shift,Standard,137,-0.002,0.022,,,,-0.022,,-2,2,0.316,0.6839999999999999,23,30,24,30,2,1,6.0,1,6.0,2.0,1.88,0.74,-0.74,61.0,,,,,
CH,2020-09-16,82.0,2.25,6.7,"Skubal, Tarik",521692,669373,,foul,,,,,8,Foul,R,R,L,DET,KC,S,,,0,1,2020,1.01,1.02,-0.13,2.18,,,609275.0,2,3,Top,,,,,,,-7.302362755629003,-119.0794479135806,-5.611802613468661,11.016064692241416,23.08639290293189,-21.57470778014475,3.49,1.62,5.0,78.7,-24.0,81.8,1632,6.3,631463,606992,600869,592348,642727,650489,641513,622682,593528,54.24,,,,,,,,18,2,Changeup,0,2,2,0,2,0,2,0,Infield shift,Standard,142,0.004,-0.064,,,,0.064,88.0,-2,2,0.312,0.688,23,30,24,30,2,1,6.0,1,6.0,2.0,2.39,1.01,-1.01,61.9,,,,,
FF,2020-09-16,90.7,2.92,6.65,"Skubal, Tarik",521692,669373,,foul,,,,,1,Foul,R,R,L,DET,KC,S,,,0,0,2020,1.0,1.55,-0.37,3.0,,,609275.0,2,3,Top,,,,,,,-10.274547533055223,-131.65314331197573,-6.471685723516724,13.802805145779386,27.96570805441322,-12.848213786905092,3.49,1.62,212.0,72.2,34.0,90.1,2381,6.1,631463,606992,600869,592348,642727,650489,641513,622682,593528,54.42,,,,,,,,18,1,4-Seam Fastball,0,2,2,0,2,0,2,0,Infield shift,Standard,141,0.003,-0.049,,,,0.049,88.0,-2,2,0.309,0.6910000000000001,23,30,24,30,2,1,6.0,1,6.0,2.0,1.23,1.0,-1.0,50.7,,,,,
FF,2020-09-16,95.3,2.9,6.62,"Skubal, Tarik",609275,669373,single,hit_into_play,,,,,5,Adalberto Mondesi singles on a bunt ground ball to third baseman Sergio Alcantara.,R,R,L,DET,KC,X,5.0,ground_ball,0,0,2020,0.62,1.66,-0.02,2.55,,,,2,3,Top,116.66,184.66,,,,,-9.049349854530876,-138.27663029607498,-8.738482328103766,10.081841409187772,31.96516294756026,-9.017350408449952,3.45,1.57,2.0,38.5,-53.0,94.9,2363,6.3,631463,606992,600869,592348,642727,650489,641513,622682,593528,54.18,0.24,0.318,0.9,1.0,1.0,0.0,1.0,17,1,4-Seam Fastball,0,2,2,0,2,0,2,0,Infield shift,Standard,148,-0.01,0.017,,,0.24,-0.017,88.0,-2,2,0.319,0.681,23,24,24,25,2,1,6.0,1,6.0,2.0,0.87,0.62,-0.62,53.8,,,,,
CH,2020-09-16,87.5,2.64,6.45,"Skubal, Tarik",593160,669373,field_out,hit_into_play,,,,,8,"Whit Merrifield grounds out, second baseman Niko Goodrum to first baseman Jeimer Candelario.",R,R,L,DET,KC,X,4.0,ground_ball,0,2,2020,0.74,1.45,0.21,1.86,,,,1,3,Top,131.29,137.87,,,,,-7.3694345350798125,-126.99964719128458,-7.889297998580874,9.509802321487816,26.876170534060723,-14.974233328343034,3.34,1.55,10.0,92.7,-10.0,87.4,1707,6.5,631463,606992,600869,592348,642727,650489,641513,622682,593528,54.04,0.153,0.178,0.0,1.0,0.0,0.0,2.0,16,3,Changeup,0,2,2,0,2,0,2,0,Standard,Standard,141,0.008,-0.163,,,0.153,0.163,92.7,-2,2,0.311,0.6890000000000001,23,31,24,31,2,1,6.0,1,6.0,2.0,1.55,0.74,-0.74,56.5,,,,,
CH,2020-09-16,83.3,2.56,6.66,"Skubal, Tarik",593160,669373,,swinging_strike,,,,,12,Swinging Strike,R,R,L,DET,KC,S,,,0,1,2020,1.12,1.26,1.03,2.89,,,,1,3,Top,,,,,,,-5.710472991617003,-121.09147217575094,-4.617594912158879,12.201542840695714,25.882637655033715,-19.08370723149212,3.34,1.55,,,,82.9,1746,6.3,631463,606992,600869,592348,642727,650489,641513,622682,593528,54.22,,,,,,,,16,2,Changeup,0,2,2,0,2,0,2,0,Standard,Standard,137,0.003,-0.062,,,,0.062,,-2,2,0.308,0.692,23,31,24,31,2,1,6.0,1,6.0,2.0,2.06,1.12,-1.12,57.6,,,,,
CU,2020-09-16,75.8,2.72,6.68,"Skubal, Tarik",593160,669373,,called_strike,,,,,9,Called Strike,R,R,L,DET,KC,S,,,0,0,2020,-0.41,-1.19,0.62,1.97,,,,1,3,Top,,,,,,,-3.6427161644770583,-110.22906952660132,-0.4875442655271347,-2.530599801701171,22.893871360325296,-41.92689812274735,3.3,1.51,,,,75.1,2308,6.2,631463,606992,600869,592348,642727,650489,641513,622682,593528,54.33,,,,,,,,16,1,Curveball,0,2,2,0,2,0,2,0,Standard,Standard,343,0.002,-0.041,,,,0.041,,-2,2,0.306,0.694,23,31,24,31,2,1,6.0,1,6.0,2.0,5.22,-0.41,0.41,,,,,,
SL,2020-09-16,85.5,3.13,6.27,"Skubal, Tarik",670032,669373,field_out,hit_into_play,,,,,8,Nicky Lopez grounds out to first baseman Jeimer Candelario.,R,L,L,DET,KC,X,3.0,ground_ball,1,1,2020,-0.25,0.42,-0.22,1.69,,,,0,3,Top,152.19,168.92,,,,,-7.381040214550715,-124.3481873262836,-5.397894681240943,-1.23163225378395,22.460693571201976,-26.98191542665508,3.05,1.42,3.0,82.4,-33.0,85.7,2273,6.2,631463,606992,600869,592348,642727,650489,641513,622682,593528,54.27,0.04,0.06,0.0,1.0,0.0,0.0,2.0,15,3,Slider,0,2,2,0,2,0,2,0,Standard,Strategic,167,0.017,-0.269,,,0.05,0.269,88.0,-2,2,0.289,0.7110000000000001,23,25,24,25,1,0,6.0,1,6.0,2.0,2.68,-0.25,-0.25,47.4,,,,,
FF,2020-09-16,94.6,3.16,6.46,"Skubal, Tarik",670032,669373,,ball,,,,,11,Ball,R,L,L,DET,KC,B,,,0,1,2020,1.1,1.52,-0.35,3.8,,,,0,3,Top,,,,,,,-11.542218196698652,-137.17966867783562,-4.559612924397568,16.560095384268564,32.78247184890673,-12.145567489989237,3.01,1.38,,,,93.9,2520,6.2,631463,606992,600869,592348,642727,650489,641513,622682,593528,54.27,,,,,,,,15,2,4-Seam Fastball,0,2,2,0,2,0,2,0,Standard,Strategic,146,-0.002,0.035,,,,-0.035,,-2,2,0.291,0.7090000000000001,23,25,24,25,1,0,6.0,1,6.0,2.0,1.06,1.1,1.1,48.8,,,,,
FF,2020-09-16,92.9,2.95,6.48,"Skubal, Tarik",670032,669373,,called_strike,,,,,8,Called Strike,R,L,L,DET,KC,S,,,0,0,2020,1.06,1.48,0.0,1.25,,,,0,3,Top,,,,,,,-9.861372072814047,-134.46676575872198,-10.745336040150727,15.130873965542497,31.263194614782112,-11.850810426982852,3.09,1.36,,,,92.3,2485,6.4,631463,606992,600869,592348,642727,650489,641513,622682,593528,54.09,,,,,,,,15,1,4-Seam Fastball,0,2,2,0,2,0,2,0,Standard,Standard,143,0.003,-0.046,,,,0.046,,-2,2,0.288,0.712,23,25,24,25,1,0,6.0,1,6.0,2.0,1.2,1.06,1.06,51.6,,,,,
FF,2020-09-16,97.8,3.11,6.32,"Skubal, Tarik",605490,669373,strikeout,called_strike,,,,,1,Bubba Starling called out on strikes.,R,R,L,DET,KC,S,2.0,,1,2,2020,1.08,1.33,-0.59,3.11,,,,2,2,Top,,,,,,,-12.415847099776853,-141.8840248308255,-6.192082641819699,17.38173793987638,31.463894907278164,-12.923128030753682,3.15,1.46,,,,97.7,2678,6.3,631463,606992,600869,592348,642727,650489,641513,622682,593528,54.19,,0.0,0.0,1.0,0.0,0.0,,11,4,4-Seam Fastball,0,2,2,0,2,0,2,0,Strategic,Standard,138,0.006,-0.204,,,,0.204,,-2,2,0.335,0.665,23,27,24,28,1,0,6.0,1,6.0,2.0,1.06,1.08,-1.08,45.2,,,,,
FF,2020-09-16,95.2,2.99,6.45,"Skubal, Tarik",605490,669373,,foul,,,,,5,Foul,R,R,L,DET,KC,S,,,1,1,2020,1.0,1.49,-0.18,2.56,,,,2,2,Top,,,,,,,-10.520165984607807,-137.9616794491625,-7.837963146598157,15.19802040009992,33.00430894375134,-11.452710234966784,3.16,1.55,202.0,71.1,47.0,94.5,2501,6.3,631463,606992,600869,592348,642727,650489,641513,622682,593528,54.23,,,,,,,,11,3,4-Seam Fastball,0,2,2,0,2,0,2,0,Infield shift,Standard,142,0.002,-0.075,,,,0.075,88.0,-2,2,0.333,0.667,23,27,24,28,1,0,6.0,1,6.0,2.0,1.06,1.0,-1.0,51.1,,,,,
CH,2020-09-16,85.8,2.61,6.56,"Skubal, Tarik",605490,669373,,ball,,,,,14,Ball,R,R,L,DET,KC,B,,,0,1,2020,1.07,1.04,0.76,1.3,,,,2,2,Top,,,,,,,-6.554377914740645,-124.58090243923422,-8.240297054948948,12.489191558880346,26.167120564898703,-19.770900866446585,3.18,1.44,,,,85.6,1928,6.4,631463,606992,600869,592348,642727,650489,641513,622682,593528,54.09,,,,,,,,11,2,Changeup,0,2,2,0,2,0,2,0,Infield shift,Standard,140,-0.001,0.034,,,,-0.034,,-2,2,0.334,0.6659999999999999,23,27,24,28,1,0,6.0,1,6.0,2.0,2.08,1.07,-1.07,58.6,,,,,
FF,2020-09-16,94.5,3.11,6.39,"Skubal, Tarik",605490,669373,,called_strike,,,,,9,Called Strike,R,R,L,DET,KC,S,,,0,0,2020,1.04,1.56,0.31,1.67,,,,2,2,Top,,,,,,,-9.577949323162825,-136.92939907004637,-9.980223655406366,15.263319286119977,32.047511768992536,-10.46513836390291,3.22,1.44,,,,94.1,2579,6.4,631463,606992,600869,592348,642727,650489,641513,622682,593528,54.1,,,,,,,,11,1,4-Seam Fastball,0,2,2,0,2,0,2,0,Infield shift,Standard,140,0.001,-0.045,,,,0.045,,-2,2,0.333,0.667,23,27,24,28,1,0,6.0,1,6.0,2.0,1.03,1.04,-1.04,49.1,,,,,
FF,2020-09-16,95.3,3.24,6.36,"Skubal, Tarik",625510,669373,strikeout,called_strike,,,,,8,Erick Mejia called out on strikes.,R,R,L,DET,KC,S,2.0,,2,2,2020,1.2,1.31,0.17,1.88,,,,1,2,Top,,,,,,,-10.697966257135985,-138.08580498826015,-8.967380154481626,17.763611680218126,31.645352566697944,-13.52698442972128,3.06,1.37,,,,94.7,2570,6.2,631463,606992,600869,592348,642727,650489,641513,622682,593528,54.28,,0.0,0.0,1.0,0.0,0.0,,10,5,4-Seam Fastball,0,2,2,0,2,0,2,0,Standard,Standard,142,0.012,-0.234,,,,0.234,,-2,2,0.321,0.679,23,25,24,26,1,0,6.0,46,6.0,4.0,1.23,1.2,-1.2,45.2,,,,,
SL,2020-09-16,88.5,3.03,6.27,"Skubal, Tarik",625510,669373,,ball,,,,,11,Ball,R,R,L,DET,KC,B,,,1,2,2020,-0.21,0.32,-1.31,2.25,,,,1,2,Top,,,,,,,-10.12536539543362,-128.42977826637775,-4.348478190517642,-0.1624168327745383,26.935400339124616,-27.9057561970028,3.05,1.34,,,,88.2,2568,6.3,631463,606992,600869,592348,642727,650489,641513,622682,593528,54.21,,,,,,,,10,4,Slider,0,2,2,0,2,0,2,0,Infield shade,Standard,130,-0.002,0.047,,,,-0.047,,-2,2,0.323,0.677,23,25,24,26,1,0,6.0,46,6.0,4.0,2.61,-0.21,0.21,45.5,,,,,
FF,2020-09-16,93.9,3.1,6.35,"Skubal, Tarik",625510,669373,,foul,,,,,6,Foul,R,R,L,DET,KC,S,,,1,1,2020,1.06,1.49,0.69,2.73,,,,1,2,Top,,,,,,,-8.578857849546306,-136.4180619680473,-6.919361877924248,15.17467008078629,29.78701338450011,-12.149179253813829,3.32,1.51,291.0,86.5,30.0,93.6,2326,6.2,631463,606992,600869,592348,642727,650489,641513,622682,593528,54.3,,,,,,,,10,3,4-Seam Fastball,0,2,2,0,2,0,2,0,Infield shift,Standard,137,0.002,-0.07,,,,0.07,88.0,-2,2,0.321,0.679,23,25,24,26,1,0,6.0,46,6.0,4.0,1.1,1.06,-1.06,47.1,,,,,
FF,2020-09-16,94.8,3.09,6.44,"Skubal, Tarik",625510,669373,,called_strike,,,,,6,Called Strike,R,R,L,DET,KC,S,,,1,0,2020,0.97,1.52,0.4,2.36,,,,1,2,Top,,,,,,,-9.140880317061464,-137.60586454555664,-8.372319247712428,14.304120996962055,30.283176532975315,-11.096398175761584,3.37,1.65,,,,94.5,2383,6.2,631463,606992,600869,592348,642727,650489,641513,622682,593528,54.26,,,,,,,,10,2,4-Seam Fastball,0,2,2,0,2,0,2,0,Infield shift,Standard,141,0.003,-0.052,,,,0.052,,-2,2,0.318,0.6819999999999999,23,25,24,26,1,0,6.0,46,6.0,4.0,1.02,0.97,-0.97,49.0,,,,,
CU,2020-09-16,77.0,2.47,6.63,"Skubal, Tarik",625510,669373,,ball,,,,,13,Ball,R,R,L,DET,KC,B,,,0,0,2020,-0.52,-1.29,-0.01,1.1,,,,1,2,Top,,,,,,,-4.305594076613806,-112.00273258443237,-2.3605310024533677,-3.4850048864726895,22.065075645009255,-42.69851526922288,3.37,1.62,,,,76.5,2336,6.2,631463,606992,600869,592348,642727,650489,641513,622682,593528,54.33,,,,,,,,10,1,Curveball,0,2,2,0,2,0,2,0,Infield shift,Standard,343,-0.002,0.042,,,,-0.042,,-2,2,0.32,0.6799999999999999,23,25,24,26,1,0,6.0,46,6.0,4.0,5.16,-0.52,0.52,,,,,,
CH,2020-09-16,87.1,2.46,6.66,"Skubal, Tarik",658668,669373,field_out,hit_into_play,,,,,6,Edward Olivares flies out to center fielder Victor Reyes.,R,R,L,DET,KC,X,8.0,fly_ball,0,2,2020,0.68,1.56,0.58,2.5,,,,0,2,Top,175.08,54.07,,,,,-5.889923436054959,-126.6358496606143,-6.989106766136517,8.54398136633405,26.354627051215576,-14.100292461235998,3.62,1.75,360.0,95.6,27.0,86.7,1858,6.1,631463,606992,600869,592348,642727,650489,641513,622682,593528,54.36,0.307,0.454,0.0,1.0,0.0,0.0,5.0,9,3,Changeup,0,2,2,0,2,0,2,0,Infield shift,Standard,139,0.012,-0.171,,,0.835,0.171,95.6,-2,2,0.308,0.692,23,24,24,24,1,0,6.0,1,6.0,2.0,1.45,0.68,-0.68,58.1,,,,,
FF,2020-09-16,94.9,3.2,6.39,"Skubal, Tarik",658668,669373,,swinging_strike,,,,,6,Swinging Strike,R,R,L,DET,KC,S,,,0,1,2020,1.16,1.35,0.37,2.33,,,,0,2,Top,,,,,,,-9.969121376391785,-137.66333884895275,-7.883680559982112,17.01002685900294,32.52005196183207,-13.358098798985353,3.62,1.75,,,,94.3,2472,6.3,631463,606992,600869,592348,642727,650489,641513,622682,593528,54.23,,,,,,,,9,2,4-Seam Fastball,0,2,2,0,2,0,2,0,Infield shift,Standard,138,0.003,-0.062,,,,0.062,,-2,2,0.305,0.6950000000000001,23,24,24,24,1,0,6.0,1,6.0,2.0,1.21,1.16,-1.16,45.9,,,,,
FF,2020-09-16,94.1,3.08,6.45,"Skubal, Tarik",658668,669373,,called_strike,,,,,14,Called Strike,R,R,L,DET,KC,S,,,0,0,2020,1.09,1.48,0.98,1.62,,,,0,2,Top,,,,,,,-7.851370400660994,-136.46289741114938,-9.980967142139288,15.415462054734515,32.279998930656255,-11.604636426983308,3.55,1.68,,,,93.5,2424,6.3,631463,606992,600869,592348,642727,650489,641513,622682,593528,54.18,,,,,,,,9,1,4-Seam Fastball,0,2,2,0,2,0,2,0,Infield shift,Standard,142,0.003,-0.046,,,,0.046,,-2,2,0.302,0.698,23,24,24,24,1,0,6.0,1,6.0,2.0,1.13,1.09,-1.09,48.8,,,,,
FF,2020-09-16,96.7,2.97,6.39,"Skubal, Tarik",641531,669373,strikeout,foul_tip,,,,,11,Hunter Dozier strikes out on a foul tip.,R,R,L,DET,KC,S,2.0,,2,2,2020,0.91,1.45,-0.17,3.62,,,,2,1,Top,,,,,,,-10.428194863758678,-140.3511977872967,-5.0803832047834865,14.485755801094289,33.831266833764936,-12.0895978610021,3.42,1.65,,,,96.2,2399,6.3,631463,606992,600869,592348,642727,650489,641513,622682,593528,54.19,,0.0,0.0,1.0,0.0,0.0,,5,6,4-Seam Fastball,0,2,2,0,2,0,2,0,Standard,Standard,143,0.007,-0.25,,,,0.25,,-2,2,0.345,0.655,23,28,24,29,1,0,6.0,1,6.0,2.0,1.02,0.91,-0.91,47.4,,,,,
CH,2020-09-16,86.3,2.49,6.59,"Skubal, Tarik",641531,669373,,ball,,,,,14,Ball,R,R,L,DET,KC,B,,,1,2,2020,1.15,1.26,1.84,1.62,,,,2,1,Top,,,,,,,-3.876703222350141,-125.31247741076676,-8.056611812477758,12.844609574059396,28.14294602373271,-17.431064920180944,3.27,1.61,,,,85.9,2035,6.4,631463,606992,600869,592348,642727,650489,641513,622682,593528,54.09,,,,,,,,5,5,Changeup,0,2,2,0,2,0,2,0,Standard,Standard,149,-0.001,0.046,,,,-0.046,,-2,2,0.346,0.654,23,28,24,29,1,0,6.0,1,6.0,2.0,1.84,1.15,-1.15,57.6,,,,,
CH,2020-09-16,86.8,2.47,6.52,"Skubal, Tarik",641531,669373,,foul,,,,,2,Foul,R,R,L,DET,KC,S,,,1,2,2020,0.8,1.35,-0.18,3.17,,,,2,1,Top,,,,,,,-7.991932510171837,-126.19372983575644,-4.609753389889979,10.16318222952904,25.381792856757553,-16.93266799058173,3.42,1.65,,,,87.0,1713,6.4,631463,606992,600869,592348,642727,650489,641513,622682,593528,54.06,,,,,,,,5,4,Changeup,0,2,2,0,2,0,2,0,Strategic,Standard,144,0.0,0.0,,,,0.0,,-2,2,0.346,0.654,23,28,24,29,1,0,6.0,1,6.0,2.0,1.67,0.8,-0.8,56.3,,,,,
FF,2020-09-16,95.1,2.83,6.47,"Skubal, Tarik",641531,669373,,foul,,,,,6,Foul,R,R,L,DET,KC,S,,,1,1,2020,1.24,1.41,0.45,2.8,,,,2,1,Top,,,,,,,-9.010316419881097,-138.08419260080873,-7.116917976679632,17.894326192825712,31.25581196637419,-12.642405527299664,3.42,1.65,,,,94.9,2460,6.3,631463,606992,600869,592348,642727,650489,641513,622682,593528,54.19,,,,,,,,5,3,4-Seam Fastball,0,2,2,0,2,0,2,0,Infield shift,Standard,142,0.002,-0.075,,,,0.075,,-2,2,0.344,0.656,23,28,24,29,1,0,6.0,1,6.0,2.0,1.12,1.24,-1.24,51.5,,,,,
FF,2020-09-16,95.2,3.01,6.32,"Skubal, Tarik",641531,669373,,called_strike,,,,,5,Called Strike,R,R,L,DET,KC,S,,,1,0,2020,1.07,1.4,-0.02,2.36,,,,2,1,Top,,,,,,,-10.342629822012666,-138.0333235167044,-7.871295575493352,15.954100082765308,30.571336583180937,-12.580082272903658,3.29,1.6,,,,95.0,2466,6.3,631463,606992,600869,592348,642727,650489,641513,622682,593528,54.16,,,,,,,,5,2,4-Seam Fastball,0,2,2,0,2,0,2,0,Infield shift,Standard,144,0.001,-0.057,,,,0.057,,-2,2,0.343,0.657,23,28,24,29,1,0,6.0,1,6.0,2.0,1.13,1.07,-1.07,48.2,,,,,
FF,2020-09-16,96.3,3.08,6.4,"Skubal, Tarik",641531,669373,,ball,,,,,12,Ball,R,R,L,DET,KC,B,,,0,0,2020,1.04,1.5,0.66,3.96,,,,2,1,Top,,,,,,,-8.753627398568781,-139.93168211788807,-4.285352076781633,15.608322472661284,31.44787228295445,-11.67192628846496,3.26,1.6,,,,96.0,2556,6.2,631463,606992,600869,592348,642727,650489,641513,622682,593528,54.3,,,,,,,,5,1,4-Seam Fastball,0,2,2,0,2,0,2,0,Infield shift,Standard,144,-0.001,0.046,,,,-0.046,,-2,2,0.344,0.656,23,28,24,29,1,0,6.0,1,6.0,2.0,0.96,1.04,-1.04,48.0,,,,,
CH,2020-09-16,88.0,2.71,6.52,"Skubal, Tarik",596748,669373,strikeout,swinging_strike,,,,,12,Maikel Franco strikes out swinging.,R,R,L,DET,KC,S,2.0,,0,2,2020,0.9,1.41,1.9,2.46,,,,1,1,Top,,,,,,,-3.814949547052074,-128.03047694552757,-6.709057070151742,10.666718914259372,26.16739955418205,-15.442296527189123,3.34,1.54,,,,88.2,2030,6.4,631463,606992,600869,592348,642727,650489,641513,622682,593528,54.1,,0.0,0.0,1.0,0.0,0.0,,4,3,Changeup,0,2,2,0,2,0,2,0,Infield shift,Standard,138,0.008,-0.163,,,,0.163,,-2,2,0.336,0.6639999999999999,23,27,24,28,1,0,6.0,1,6.0,2.0,1.53,0.9,-0.9,54.4,,,,,
CU,2020-09-16,78.2,2.56,6.59,"Skubal, Tarik",596748,669373,,called_strike,,,,,8,Called Strike,R,R,L,DET,KC,S,,,0,1,2020,-0.7,-1.21,-0.22,1.72,,,,1,1,Top,,,,,,,-4.686586651041212,-113.7950866977398,-1.350472348195745,-5.149692206128148,22.316725538359577,-42.5594002079016,3.1,1.53,,,,77.8,2442,6.2,631463,606992,600869,592348,642727,650489,641513,622682,593528,54.32,,,,,,,,4,2,Curveball,0,2,2,0,2,0,2,0,Infield shift,Strategic,337,0.003,-0.062,,,,0.062,,-2,2,0.333,0.667,23,27,24,28,1,0,6.0,1,6.0,2.0,4.95,-0.7,0.7,,,,,,
FF,2020-09-16,95.1,3.17,6.4,"Skubal, Tarik",596748,669373,,called_strike,,,,,12,Called Strike,R,R,L,DET,KC,S,,,0,0,2020,1.0,1.63,1.1,2.69,,,,1,1,Top,,,,,,,-7.658566193009398,-138.0762861731412,-7.704938709516221,14.55186256930515,31.08245002681184,-9.709282882493564,3.19,1.53,,,,94.9,2546,6.3,631463,606992,600869,592348,642727,650489,641513,622682,593528,54.19,,,,,,,,4,1,4-Seam Fastball,0,2,2,0,2,0,2,0,Infield shift,Strategic,144,0.002,-0.041,,,,0.041,,-2,2,0.331,0.669,23,27,24,28,1,0,6.0,1,6.0,2.0,0.9,1.0,-1.0,48.4,,,,,
FF,2020-09-16,95.1,2.74,6.41,"Skubal, Tarik",521692,669373,home_run,hit_into_play,,,,,1,Salvador Perez homers (6) on a fly ball to left field. Adalberto Mondesi scores.,R,R,L,DET,KC,X,,fly_ball,2,2,2020,0.87,1.52,-0.32,3.39,,,609275.0,1,1,Top,27.78,67.84,,,,,-9.930403549456438,-138.15853707236388,-5.664089964846844,13.234445522383442,29.055028254237573,-11.605999996685377,3.49,1.62,359.0,98.5,29.0,95.0,2496,6.2,631463,606992,600869,592348,642727,650489,641513,622682,593528,54.32,0.547,0.976,2.0,1.0,0.0,3.0,6.0,3,5,4-Seam Fastball,0,0,0,0,2,0,2,0,Infield shift,Standard,145,-0.17,1.509,,,1.893,-1.509,98.5,0,0,0.501,0.499,23,30,24,30,1,0,6.0,1,6.0,2.0,1.0,0.87,-0.87,49.8,,,,,
FF,2020-09-16,95.1,2.45,6.5,"Skubal, Tarik",521692,669373,,ball,,,,,13,Ball,R,R,L,DET,KC,B,,,1,2,2020,0.77,1.69,-0.87,1.88,,,609275.0,1,1,Top,,,,,,,-10.357214821403684,-137.83287163505395,-10.220977650115822,11.96663724058488,28.791958920352275,-8.503446984348647,3.44,1.59,,,,94.9,2529,6.3,631463,606992,600869,592348,642727,650489,641513,622682,593528,54.23,,,,,,,,3,4,4-Seam Fastball,0,0,0,0,0,0,0,0,Infield shift,Standard,150,-0.004,0.032,,,,-0.032,,0,0,0.505,0.495,23,30,24,30,1,0,6.0,1,6.0,2.0,0.84,0.77,-0.77,54.9,,,,,
FF,2020-09-16,96.2,2.91,6.35,"Skubal, Tarik",521692,669373,,ball,,,,,11,Ball,R,R,L,DET,KC,B,,,0,2,2020,1.01,1.38,-0.33,4.39,,,609275.0,1,1,Top,,,,,,,-10.838973345571745,-139.6763851907057,-2.706634368071872,15.650403495116365,31.3255197345046,-13.70794457910648,3.5,1.62,,,,95.8,2465,6.2,631463,606992,600869,592348,642727,650489,641513,622682,593528,54.34,,,,,,,,3,3,4-Seam Fastball,0,0,0,0,0,0,0,0,Infield shift,Standard,140,-0.003,0.013,,,,-0.013,,0,0,0.508,0.492,23,30,24,30,1,0,6.0,1,6.0,2.0,1.1,1.01,-1.01,46.2,,,,,
FF,2020-09-16,95.8,2.77,6.52,"Skubal, Tarik",521692,669373,,foul_tip,,,,,2,Foul Tip,R,R,L,DET,KC,S,,,0,1,2020,0.77,1.64,0.03,3.55,,,609275.0,1,1,Top,,,,,,,-8.979970688225327,-139.22703884514962,-5.941712756246731,12.04662298821014,31.00423820069327,-9.595267395631234,3.49,1.62,,,,95.7,2513,6.3,631463,606992,600869,592348,642727,650489,641513,622682,593528,54.2,,,,,,,,3,2,4-Seam Fastball,0,0,0,0,0,0,0,0,Infield shift,Standard,145,0.006,-0.05,,,,0.05,,0,0,0.502,0.498,23,30,24,30,1,0,6.0,1,6.0,2.0,0.84,0.77,-0.77,49.9,,,,,
FF,2020-09-16,94.4,3.0,6.51,"Skubal, Tarik",521692,669373,,swinging_strike,,,,,12,Swinging Strike,R,R,L,DET,KC,S,,,0,0,2020,0.77,1.62,0.37,3.62,,,609275.0,1,1,Top,,,,,,,-8.518955491191287,-137.10024690812324,-5.3780587744906425,11.557210393837892,30.44264894487346,-10.72980241338332,3.49,1.62,,,,94.0,2501,6.1,631463,606992,600869,592348,642727,650489,641513,622682,593528,54.35,,,,,,,,3,1,4-Seam Fastball,0,0,0,0,0,0,0,0,Infield shift,Standard,149,0.004,-0.037,,,,0.037,,0,0,0.498,0.502,23,30,24,30,1,0,6.0,1,6.0,2.0,0.95,0.77,-0.77,51.9,,,,,
FF,2020-09-16,94.3,3.1,6.32,"Skubal, Tarik",609275,669373,field_error,hit_into_play,,,,,8,"Mondesi reaches on an error by 3B S Alcantara, reaches 1st on an error by 3B S Alcantara",R,R,L,DET,KC,X,5.0,ground_ball,2,1,2020,0.86,1.39,0.01,1.75,,,,1,1,Top,90.94,154.24,,,,,-9.94015557645364,-136.77609094087083,-9.254870057175332,13.017629863368944,29.5964004158605,-12.76240814205119,3.45,1.57,8.0,96.7,-12.0,94.2,2428,6.4,631463,606992,600869,592348,642727,650489,641513,622682,593528,54.14,0.2,0.271,0.9,1.0,0.0,0.0,2.0,2,4,4-Seam Fastball,0,0,0,0,0,0,0,0,Infield shift,Standard,142,-0.022,0.421,,,0.224,-0.421,96.7,0,0,0.52,0.48,23,24,24,25,1,0,6.0,1,6.0,2.0,1.18,0.86,-0.86,48.0,,,,,
FF,2020-09-16,94.9,3.16,6.33,"Skubal, Tarik",609275,669373,,ball,,,,,12,Ball,R,R,L,DET,KC,B,,,1,1,2020,0.86,1.41,0.99,3.23,,,,1,1,Top,,,,,,,-7.5646259452506035,-137.96856611089444,-5.603597345754778,12.620222391623866,29.971779863183535,-13.025499281011196,3.31,1.53,,,,94.8,2397,6.2,631463,606992,600869,592348,642727,650489,641513,622682,593528,54.26,,,,,,,,2,3,4-Seam Fastball,0,0,0,0,0,0,0,0,Infield shift,Strategic,141,-0.003,0.052,,,,-0.052,,0,0,0.523,0.477,23,24,24,25,1,0,6.0,1,6.0,2.0,1.12,0.86,-0.86,47.1,,,,,
FF,2020-09-16,94.8,3.0,6.35,"Skubal, Tarik",609275,669373,,swinging_strike,,,,,11,Swinging Strike,R,R,L,DET,KC,S,,,1,0,2020,0.82,1.42,-0.17,3.68,,,,1,1,Top,,,,,,,-10.128191927688134,-137.66731190954425,-4.495291913821851,12.67909674422076,29.609573396769463,-13.296568916749484,3.45,1.57,,,,94.8,2375,6.3,631463,606992,600869,592348,642727,650489,641513,622682,593528,54.19,,,,,,,,2,2,4-Seam Fastball,0,0,0,0,0,0,0,0,Infield shift,Strategic,143,0.003,-0.052,,,,0.052,,0,0,0.52,0.48,23,24,24,25,1,0,6.0,1,6.0,2.0,1.12,0.82,-0.82,47.5,,,,,
CU,2020-09-16,78.4,2.51,6.56,"Skubal, Tarik",609275,669373,,ball,,,,,13,Ball,R,R,L,DET,KC,B,,,0,0,2020,-0.15,-0.8,-0.58,-0.39,,,,1,1,Top,,,,,,,-6.389861678736808,-113.8315473694912,-6.65507413000964,-0.1210862408711831,21.622522755561715,-38.01093632317705,3.27,1.56,,,,78.2,2263,6.4,631463,606992,600869,592348,642727,650489,641513,622682,593528,54.14,,,,,,,,2,1,Curveball,0,0,0,0,0,0,0,0,Infield shift,Strategic,347,-0.002,0.042,,,,-0.042,,0,0,0.522,0.478,23,24,24,25,1,0,6.0,1,6.0,2.0,4.53,-0.15,0.15,,,,,,
FF,2020-09-16,94.8,3.06,6.3,"Skubal, Tarik",593160,669373,field_out,hit_into_play,,,,,2,Whit Merrifield flies out sharply to left fielder Travis Demeritte.,R,R,L,DET,KC,X,7.0,fly_ball,3,2,2020,0.7,1.39,-0.24,2.97,,,,0,1,Top,81.35,73.94,,,,,-10.168633291436766,-137.55157021480352,-6.087264066235601,11.283432440879626,32.40009728781322,-13.335810873905029,3.34,1.55,314.0,101.2,47.0,94.4,2368,6.3,631463,606992,600869,592348,642727,650489,641513,622682,593528,54.16,0.053,0.106,0.0,1.0,0.0,0.0,3.0,1,6,4-Seam Fastball,0,0,0,0,0,0,0,0,Standard,Standard,141,0.027,-0.356,,,0.207,0.356,101.2,0,0,0.495,0.505,23,31,24,31,1,0,6.0,1,6.0,2.0,1.17,0.7,-0.7,47.0,,,,,
FF,2020-09-16,94.3,2.96,6.39,"Skubal, Tarik",593160,669373,,foul,,,,,2,Foul,R,R,L,DET,KC,S,,,3,1,2020,0.87,1.37,-0.27,2.95,,,,0,1,Top,,,,,,,-10.305689943924977,-136.85059017061567,-6.2731454337181605,13.282991074029823,30.558008004082456,-13.668908015271448,3.34,1.55,11.0,85.6,-14.0,94.1,2304,6.3,631463,606992,600869,592348,642727,650489,641513,622682,593528,54.18,,,,,,,,1,5,4-Seam Fastball,0,0,0,0,0,0,0,0,Standard,Standard,142,0.009,-0.105,,,,0.105,88.0,0,0,0.486,0.514,23,31,24,31,1,0,6.0,1,6.0,2.0,1.21,0.87,-0.87,49.0,,,,,
FF,2020-09-16,93.5,2.93,6.45,"Skubal, Tarik",593160,669373,,called_strike,,,,,5,Called Strike,R,R,L,DET,KC,S,,,3,0,2020,0.77,1.41,0.27,2.78,,,,0,1,Top,,,,,,,-8.524361988361234,-135.8581589021009,-6.823584665396668,11.35103660685163,29.18819305633872,-13.358359034675532,3.33,1.55,,,,93.4,2347,6.3,631463,606992,600869,592348,642727,650489,641513,622682,593528,54.25,,,,,,,,1,4,4-Seam Fastball,0,0,0,0,0,0,0,0,Standard,Standard,144,0.008,-0.086,,,,0.086,,0,0,0.478,0.522,23,31,24,31,1,0,6.0,1,6.0,2.0,1.2,0.77,-0.77,52.0,,,,,
FF,2020-09-16,92.5,3.05,6.39,"Skubal, Tarik",593160,669373,,ball,,,,,12,Ball,R,R,L,DET,KC,B,,,2,0,2020,0.94,1.39,1.33,3.86,,,,0,1,Top,,,,,,,-6.415716262508495,-134.47458160536604,-3.626092619216578,12.874511394518102,31.296112282945,-14.780220968692738,3.29,1.51,,,,91.9,2270,6.2,631463,606992,600869,592348,642727,650489,641513,622682,593528,54.34,,,,,,,,1,3,4-Seam Fastball,0,0,0,0,0,0,0,0,Standard,Strategic,136,-0.011,0.156,,,,-0.156,,0,0,0.489,0.511,23,31,24,31,1,0,6.0,1,6.0,2.0,1.3,0.94,-0.94,47.9,,,,,
FF,2020-09-16,93.1,3.03,6.46,"Skubal, Tarik",593160,669373,,ball,,,,,12,Ball,R,R,L,DET,KC,B,,,1,0,2020,0.84,1.53,0.52,3.52,,,,0,1,Top,,,,,,,-8.262686810575984,-135.29625986866654,-5.094897634672534,12.150102104720126,30.09209011022247,-12.468352908042768,3.3,1.52,,,,92.8,2290,6.2,631463,606992,600869,592348,642727,650489,641513,622682,593528,54.25,,,,,,,,1,2,4-Seam Fastball,0,0,0,0,0,0,0,0,Standard,Strategic,147,-0.007,0.067,,,,-0.067,,0,0,0.496,0.504,23,31,24,31,1,0,6.0,1,6.0,2.0,1.11,0.84,-0.84,50.7,,,,,
FF,2020-09-16,93.9,3.3,6.37,"Skubal, Tarik",593160,669373,,ball,,,,,12,Ball,R,R,L,DET,KC,B,,,0,0,2020,0.71,1.39,1.68,3.86,,,,0,1,Top,,,,,,,-5.729077361228058,-136.57403709030106,-3.8124760369110056,10.115505146098764,30.936904386606788,-14.153267225512726,3.27,1.48,,,,93.5,2277,6.1,631463,606992,600869,592348,642727,650489,641513,622682,593528,54.37,,,,,,,,1,1,4-Seam Fastball,0,0,0,0,0,0,0,0,Standard,Strategic,141,-0.004,0.045,,,,-0.045,,0,0,0.5,0.5,23,31,24,31,1,0,6.0,1,6.0,2.0,1.2,0.71,-0.71,46.7,,,,,
FF,2020-09-10,92.9,3.01,6.46,"Skubal, Tarik",657557,669373,single,hit_into_play,,,,,14,Paul DeJong singles on a ground ball to left fielder Travis Demeritte. Tommy Edman scores. Paul Goldschmidt to 3rd.,R,R,L,STL,DET,X,7.0,ground_ball,3,1,2020,1.1,1.56,0.43,1.14,,669242.0,502671.0,0,3,Bot,113.02,123.54,,,,,-8.985350663577455,-134.6203690128651,-11.158500554554772,15.407324375474644,30.221163697042403,-10.852950538255008,3.34,1.52,32.0,89.0,0.0,92.3,2520,6.3,630994,519222,600869,570731,670623,650489,641513,622682,663662,54.24,0.273,0.284,0.9,1.0,1.0,0.0,2.0,24,5,4-Seam Fastball,3,0,3,0,0,4,4,0,Infield shift,Standard,148,0.032,0.277,,,0.273,-0.277,89.0,3,3,0.929,0.929,23,26,24,27,2,1,5.0,2,6.0,0.0,1.11,1.1,-1.1,47.7,,,,,
CH,2020-09-10,82.3,2.52,6.76,"Skubal, Tarik",657557,669373,,ball,,,,,13,Ball,R,R,L,STL,DET,B,,,2,1,2020,0.97,1.39,-0.02,0.86,,669242.0,502671.0,0,3,Bot,,,,,,,-7.631208300004001,-119.28888538165704,-9.488403723315743,10.700325341116878,22.97897679664304,-17.18540734933846,3.34,1.52,,,,82.1,1838,6.4,630994,519222,600869,570731,670623,650489,641513,622682,663662,54.13,,,,,,,,24,4,Changeup,3,0,3,0,0,3,3,0,Infield shift,Standard,141,0.008,0.135,,,,-0.135,,3,3,0.921,0.921,23,26,24,27,2,1,5.0,2,6.0,0.0,2.0,0.97,-0.97,60.6,,,,,
SL,2020-09-10,84.0,3.05,6.34,"Skubal, Tarik",657557,669373,,blocked_ball,,,,,13,Ball In Dirt,R,R,L,STL,DET,B,,,1,1,2020,-0.22,0.32,-0.3,0.58,,669242.0,502671.0,0,3,Bot,,,,,,,-7.30744693738327,-122.056012336097,-7.554450449087748,-0.7485865696768913,24.09155186533939,-27.66762530577706,3.34,1.52,,,,83.8,2368,6.3,630994,519222,600869,570731,670623,650489,641513,622682,663662,54.24,,,,,,,,24,3,Slider,3,0,3,0,0,3,3,0,Infield shift,Standard,137,0.003,0.076,,,,-0.076,,3,3,0.918,0.918,23,26,24,27,2,1,5.0,2,6.0,0.0,2.92,-0.22,0.22,46.3,,,,,
FF,2020-09-10,92.5,3.08,6.5,"Skubal, Tarik",657557,669373,,swinging_strike,,,,,6,Swinging Strike,R,R,L,STL,DET,S,,,1,0,2020,0.92,1.51,0.31,2.56,,669242.0,502671.0,0,3,Bot,,,,,,,-9.039167480569889,-134.2849613883209,-7.48439463226652,13.078839703130573,29.822450702757685,-12.36802278627263,3.34,1.52,,,,92.0,2650,6.2,630994,519222,600869,570731,670623,650489,641513,622682,663662,54.31,,,,,,,,24,2,4-Seam Fastball,3,0,3,0,0,3,3,0,Infield shift,Standard,148,-0.003,-0.067,,,,0.067,,3,3,0.921,0.921,23,26,24,27,2,1,5.0,2,6.0,0.0,1.17,0.92,-0.92,47.9,,,,,
FF,2020-09-10,92.8,2.61,6.62,"Skubal, Tarik",657557,669373,,ball,,,,,13,Ball,R,R,L,STL,DET,B,,,0,0,2020,0.83,1.51,-1.02,2.29,,669242.0,502671.0,0,3,Bot,,,,,,,-11.069652087585627,-134.50945016507248,-8.539699254996142,12.49267662163004,29.093750563761105,-12.03787136428694,3.27,1.52,,,,92.5,2565,6.3,630994,519222,600869,570731,670623,650489,641513,622682,663662,54.17,,,,,,,,24,1,4-Seam Fastball,3,0,3,0,0,3,3,0,Infield shift,Standard,150,0.002,0.046,,,,-0.046,,3,3,0.919,0.919,23,26,24,27,2,1,5.0,2,6.0,0.0,1.15,0.83,-0.83,51.9,,,,,
SL,2020-09-10,84.0,2.96,6.49,"Skubal, Tarik",502671,669373,walk,ball,,,,,12,Paul Goldschmidt walks.,R,R,L,STL,DET,B,,,3,1,2020,-0.3,0.47,0.16,3.77,,669242.0,,0,3,Bot,,,,,,,-5.888492947822847,-122.32919810527554,-0.9030229043344462,-1.9450842333678513,21.641005117057546,-27.422757835327698,3.42,1.65,,,,84.2,2454,6.1,630994,519222,600869,570731,670623,650489,641513,622682,663662,54.37,,0.698811,0.7,1.0,0.0,0.0,,23,5,Slider,3,0,3,0,0,3,3,0,Infield shift,Standard,228,0.005,0.178,,,,-0.178,,3,3,0.914,0.914,23,32,24,33,2,1,5.0,2,6.0,0.0,2.73,-0.3,0.3,48.4,,,,,
CH,2020-09-10,84.1,2.37,6.71,"Skubal, Tarik",502671,669373,,ball,,,,,12,Ball,R,R,L,STL,DET,B,,,2,1,2020,1.06,1.14,1.5,2.98,,669242.0,,0,3,Bot,,,,,,,-4.125502324896023,-122.4560748068928,-4.557155786541206,11.447339344562018,23.676623651456055,-20.01029896447068,3.48,1.65,,,,84.2,1896,6.3,630994,519222,600869,570731,670623,650489,641513,622682,663662,54.24,,,,,,,,23,4,Changeup,3,0,3,0,0,3,3,0,Infield shift,Standard,142,0.003,0.12,,,,-0.12,,3,3,0.911,0.911,23,32,24,33,2,1,5.0,2,6.0,0.0,2.07,1.06,-1.06,58.8,,,,,
SL,2020-09-10,86.1,2.91,6.42,"Skubal, Tarik",502671,669373,,blocked_ball,,,,,13,Ball In Dirt,R,R,L,STL,DET,B,,,1,1,2020,-0.32,0.35,-1.57,0.14,,669242.0,,0,3,Bot,,,,,,,-9.991507457821475,-124.86758759684167,-9.36335160244498,-1.4240190008942502,24.09478146222964,-26.831658239218633,3.48,1.65,,,,86.3,2214,6.5,630994,519222,600869,570731,670623,650489,641513,622682,663662,54.01,,,,,,,,23,3,Slider,3,0,3,0,0,3,3,0,Infield shift,Standard,173,0.002,0.02,,,,-0.02,,3,3,0.909,0.909,23,32,24,33,2,1,5.0,2,6.0,0.0,2.74,-0.32,0.32,49.7,,,,,
FF,2020-09-10,93.5,3.04,6.49,"Skubal, Tarik",502671,669373,,ball,,,,,13,Ball,R,R,L,STL,DET,B,,,0,1,2020,1.03,1.59,-0.49,1.09,,669242.0,,0,3,Bot,,,,,,,-11.290732157803609,-135.28364191891427,-11.59217586866376,15.040739202790224,28.104072790790976,-10.147047630890768,3.48,1.65,,,,93.0,2640,6.2,630994,519222,600869,570731,670623,650489,641513,622682,663662,54.3,,,,,,,,23,2,4-Seam Fastball,3,0,3,0,0,3,3,0,Infield shift,Standard,143,0.002,0.035,,,,-0.035,,3,3,0.907,0.907,23,32,24,33,2,1,5.0,2,6.0,0.0,1.03,1.03,-1.03,46.8,,,,,
SL,2020-09-10,85.6,2.92,6.49,"Skubal, Tarik",502671,669373,,called_strike,,,,,4,Called Strike,R,R,L,STL,DET,S,,,0,0,2020,-0.21,0.56,-0.52,2.53,,669242.0,,0,3,Bot,,,,,,,-7.6872864827342,-124.55767552013256,-4.2724680265777,-0.8894641108289592,21.55737139995181,-25.73582854085426,3.48,1.65,,,,86.0,2423,6.2,630994,519222,600869,570731,670623,650489,641513,622682,663662,54.26,,,,,,,,23,1,Slider,3,0,3,0,0,3,3,0,Infield shift,Standard,208,-0.003,-0.049,,,,0.049,,3,3,0.91,0.91,23,32,24,33,2,1,5.0,2,6.0,0.0,2.52,-0.21,0.21,49.9,,,,,
CH,2020-09-10,82.1,2.31,6.76,"Skubal, Tarik",669242,669373,double,hit_into_play,,,,,12,Tommy Edman doubles (6) on a line drive to left fielder Travis Demeritte. Kolten Wong scores.,R,R,L,STL,DET,X,7.0,line_drive,2,1,2020,0.87,1.38,0.02,3.47,,,543939.0,0,3,Bot,43.32,107.31,,,,,-6.871799816760922,-119.29367975627876,-3.506813463321927,9.726352768025858,25.149252123879055,-18.60091544292026,3.15,1.46,270.0,105.8,15.0,81.6,1641,6.3,630994,519222,600869,570731,670623,650489,641513,622682,663662,54.23,0.653,0.718,1.25,1.0,1.0,1.0,5.0,22,4,Changeup,2,0,2,0,0,3,3,0,Standard,Standard,146,0.073,0.674,,,1.066,-0.674,105.8,2,2,0.837,0.837,23,25,24,25,2,1,5.0,2,6.0,0.0,2.04,0.87,-0.87,60.3,,,,,
FF,2020-09-10,90.8,2.45,6.72,"Skubal, Tarik",669242,669373,,ball,,,,,11,Ball,R,R,L,STL,DET,B,,,1,1,2020,1.0,1.59,-0.45,4.02,,,543939.0,0,3,Bot,,,,,,,-9.36285463981726,-131.8780961587722,-4.190469000590071,13.724683606659235,30.152832666381837,-12.893759477147023,3.15,1.46,,,,90.2,2454,6.2,630994,519222,600869,570731,670623,650489,641513,622682,663662,54.29,,,,,,,,22,3,4-Seam Fastball,2,0,2,0,0,2,2,0,Standard,Standard,149,0.004,0.054,,,,-0.054,,2,2,0.833,0.833,23,25,24,25,2,1,5.0,2,6.0,0.0,1.2,1.0,-1.0,57.3,,,,,
FF,2020-09-10,91.0,2.57,6.78,"Skubal, Tarik",669242,669373,,foul,,,,,12,Foul,R,R,L,STL,DET,S,,,1,0,2020,0.91,1.68,0.19,3.32,,,543939.0,0,3,Bot,,,,,,,-7.868016625218767,-132.24808412679548,-6.296981705649669,12.387282496982309,28.564814514438087,-11.29416578032793,3.15,1.46,162.0,73.6,28.0,90.3,2431,6.0,630994,519222,600869,570731,670623,650489,641513,622682,663662,54.53,,,,,,,,22,2,4-Seam Fastball,2,0,2,0,0,2,2,0,Standard,Standard,150,-0.004,-0.049,,,,0.049,88.0,2,2,0.837,0.837,23,25,24,25,2,1,5.0,2,6.0,0.0,1.08,0.91,-0.91,54.1,,,,,
FF,2020-09-10,92.3,2.45,6.72,"Skubal, Tarik",669242,669373,,ball,,,,,11,Ball,R,R,L,STL,DET,B,,,0,0,2020,1.02,1.49,-0.59,4.02,,,543939.0,0,3,Bot,,,,,,,-9.892105871040105,-134.05022558665345,-4.2535122498154925,14.38125649806474,29.01324500452104,-13.4943810982486,3.15,1.46,,,,91.9,2436,6.2,630994,519222,600869,570731,670623,650489,641513,622682,663662,54.33,,,,,,,,22,1,4-Seam Fastball,2,0,2,0,0,2,2,0,Standard,Standard,157,0.003,0.025,,,,-0.025,,2,2,0.834,0.834,23,25,24,25,2,1,5.0,2,6.0,0.0,1.2,1.02,-1.02,53.5,,,,,
FF,2020-09-10,93.3,3.04,6.46,"Skubal, Tarik",543939,669373,walk,ball,,,,,12,Kolten Wong walks.,R,L,L,STL,DET,B,,,3,1,2020,0.98,1.5,0.01,3.69,,,,0,3,Bot,,,,,,,-9.943071102277722,-135.54278820560685,-4.647546895775151,14.303336397318864,29.79642349438201,-12.844352698213529,3.08,1.41,,,,93.0,2574,6.2,630994,519222,600869,570731,670623,650489,641513,622682,663662,54.28,,0.698811,0.7,1.0,0.0,0.0,,21,5,4-Seam Fastball,2,0,2,0,0,2,2,0,Infield shift,Standard,146,0.013,0.266,,,,-0.266,,2,2,0.821,0.821,23,29,24,30,2,1,5.0,2,6.0,0.0,1.13,0.98,0.98,45.9,,,,,
FF,2020-09-10,92.5,2.89,6.56,"Skubal, Tarik",543939,669373,,called_strike,,,,,3,Called Strike,R,L,L,STL,DET,S,,,3,0,2020,1.11,1.59,0.55,3.01,,,,0,3,Bot,,,,,,,-8.37937791077871,-134.36269782544835,-6.679491660589962,15.227606900198104,29.761213883477076,-11.620422721567344,3.08,1.41,,,,92.4,2573,6.4,630994,519222,600869,570731,670623,650489,641513,622682,663662,54.13,,,,,,,,21,4,4-Seam Fastball,2,0,2,0,0,2,2,0,Infield shift,Standard,152,-0.004,-0.086,,,,0.086,,2,2,0.825,0.825,23,29,24,30,2,1,5.0,2,6.0,0.0,1.09,1.11,1.11,49.3,,,,,
FF,2020-09-10,92.3,3.19,6.5,"Skubal, Tarik",543939,669373,,ball,,,,,12,Ball,R,L,L,STL,DET,B,,,2,0,2020,1.03,1.33,0.88,3.59,,,,0,3,Bot,,,,,,,-8.140244336153268,-134.20073034871868,-4.479643591284256,14.234664256540544,28.14607438950276,-15.320045200313457,3.08,1.41,,,,92.4,2497,6.3,630994,519222,600869,570731,670623,650489,641513,622682,663662,54.16,,,,,,,,21,3,4-Seam Fastball,2,0,2,0,0,2,2,0,Infield shift,Standard,146,0.006,0.156,,,,-0.156,,2,2,0.819,0.819,23,29,24,30,2,1,5.0,2,6.0,0.0,1.35,1.03,1.03,47.2,,,,,
FF,2020-09-10,92.5,3.04,6.52,"Skubal, Tarik",543939,669373,,ball,,,,,11,Ball,R,L,L,STL,DET,B,,,1,0,2020,0.72,1.42,-0.38,3.97,,,,0,3,Bot,,,,,,,-10.272943968627626,-134.42539475787103,-3.8082219576121497,10.938690737928937,27.803398939984824,-14.218893624645132,3.08,1.41,,,,92.5,2340,6.3,630994,519222,600869,570731,670623,650489,641513,622682,663662,54.22,,,,,,,,21,2,4-Seam Fastball,2,0,2,0,0,2,2,0,Infield shift,Standard,145,0.005,0.067,,,,-0.067,,2,2,0.814,0.814,23,29,24,30,2,1,5.0,2,6.0,0.0,1.24,0.72,0.72,47.9,,,,,
CU,2020-09-10,76.2,2.55,6.79,"Skubal, Tarik",543939,669373,,ball,,,,,14,Ball,R,L,L,STL,DET,B,,,0,0,2020,-0.05,-0.64,0.27,0.51,,,,0,3,Bot,,,,,,,-4.661992257013982,-110.84265045826086,-4.984632620376675,0.3522645598391399,18.916172306182776,-36.82846913087049,3.08,1.41,,,,76.0,2097,6.0,630994,519222,600869,570731,670623,650489,641513,622682,663662,54.46,,,,,,,,21,1,Curveball,2,0,2,0,0,2,2,0,Infield shift,Standard,334,0.002,0.045,,,,-0.045,,2,2,0.812,0.812,23,29,24,30,2,1,5.0,2,6.0,0.0,4.56,-0.05,-0.05,,,,,,
FF,2020-09-10,93.7,3.04,6.45,"Skubal, Tarik",657041,669373,strikeout,swinging_strike,,,,,3,Lane Thomas strikes out swinging.,R,R,L,STL,DET,S,2.0,,3,2,2020,1.05,1.38,0.6,3.2,,641933.0,,2,2,Bot,,,,,,,-8.594937836847748,-136.17098941969493,-5.7120754286327005,14.953675339394712,29.679953055468435,-13.877442790529267,3.19,1.54,,,,93.6,2653,6.3,630994,519222,600869,570731,670623,650489,641513,622682,663662,54.21,,0.0,0.0,1.0,0.0,0.0,,16,6,4-Seam Fastball,2,0,2,0,0,2,2,0,Infield shift,Standard,94,-0.026,-0.31,,,,0.31,,2,2,0.777,0.777,23,24,24,25,1,0,5.0,2,6.0,0.0,1.22,1.05,-1.05,45.6,,,,,
FF,2020-09-10,93.6,2.84,6.42,"Skubal, Tarik",657041,669373,,foul,,,,,5,Foul,R,R,L,STL,DET,S,,,3,1,2020,1.01,1.31,-0.26,2.28,,641933.0,,2,2,Bot,,,,,,,-10.225921947357628,-135.74700749303784,-7.811056973473765,14.711180475173691,28.90326501028944,-14.410789274536972,3.19,1.54,156.0,77.5,72.0,93.7,2554,6.4,630994,519222,600869,570731,670623,650489,641513,622682,663662,54.05,,,,,,,,16,5,4-Seam Fastball,2,0,2,0,0,2,2,0,Infield shift,Standard,146,-0.001,-0.07,,,,0.07,88.0,2,2,0.778,0.778,23,24,24,25,1,0,5.0,2,6.0,0.0,1.31,1.01,-1.01,46.9,,,,,
FF,2020-09-10,92.7,2.81,6.57,"Skubal, Tarik",657041,669373,,called_strike,,,,,4,Called Strike,R,R,L,STL,DET,S,,,3,0,2020,0.94,1.43,-0.32,2.6,,641933.0,,2,2,Bot,,,,,,,-10.02347855566791,-134.4931398171376,-7.426750906386077,13.552242682531904,28.63889317405904,-13.325018076301948,3.19,1.54,,,,92.4,2600,6.2,630994,519222,600869,570731,670623,650489,641513,622682,663662,54.28,,,,,,,,16,4,4-Seam Fastball,2,0,2,0,0,2,2,0,Infield shift,Standard,149,-0.001,-0.051,,,,0.051,,2,2,0.779,0.779,23,24,24,25,1,0,5.0,2,6.0,0.0,1.23,0.94,-0.94,48.9,,,,,
FF,2020-09-10,92.7,2.84,6.56,"Skubal, Tarik",657041,669373,,ball,,,,,14,Ball,R,R,L,STL,DET,B,,,2,0,2020,0.88,1.6,1.23,2.18,,641933.0,,2,2,Bot,,,,,,,-6.052988320906363,-134.64404778570392,-8.870228781963583,12.013339306480198,29.68569122260861,-10.925455912939965,3.18,1.54,,,,92.7,2646,6.5,630994,519222,600869,570731,670623,650489,641513,622682,663662,54.05,,,,,,,,16,3,4-Seam Fastball,2,0,2,0,0,2,2,0,Infield shift,Standard,149,0.001,0.041,,,,-0.041,,2,2,0.778,0.778,23,24,24,25,1,0,5.0,2,6.0,0.0,1.06,0.88,-0.88,48.8,,,,,
FF,2020-09-10,93.1,2.56,6.5,"Skubal, Tarik",657041,669373,,ball,,,,,7,Ball,R,R,L,STL,DET,B,,,1,0,2020,0.89,1.43,-0.63,1.43,,,641933.0,2,2,Bot,,,,,,,-10.121993984528222,-134.97882833733436,-10.368268318501888,12.920937282443138,27.158364997464933,-12.616565028280322,3.2,1.54,,,,93.4,2589,6.5,630994,519222,600869,570731,670623,650489,641513,622682,663662,54.02,,,,,,,,16,2,4-Seam Fastball,2,0,2,0,0,2,2,0,Infield shift,Standard,141,0.01,0.053,,,,-0.053,,2,2,0.768,0.768,23,24,24,25,1,0,5.0,2,6.0,0.0,1.21,0.89,-0.89,48.9,,,,,
FF,2020-09-10,93.0,2.6,6.54,"Skubal, Tarik",657041,669373,,ball,,,,,14,Ball,R,R,L,STL,DET,B,,,0,0,2020,0.87,1.46,0.3,1.23,,,641933.0,2,2,Bot,,,,,,,-7.795572663082986,-134.88614924394253,-11.039832195226085,12.33278517375649,27.851987771939413,-12.056909787835142,3.25,1.54,,,,93.0,2568,6.3,630994,519222,600869,570731,670623,650489,641513,622682,663662,54.16,,,,,,,,16,1,4-Seam Fastball,2,0,2,0,0,2,2,0,Infield shift,Standard,148,0.001,0.04,,,,-0.04,,2,2,0.767,0.767,23,24,24,25,1,0,5.0,2,6.0,0.0,1.18,0.87,-0.87,51.8,,,,,
FF,2020-09-10,93.6,2.45,6.75,"Skubal, Tarik",664056,669373,strikeout,foul_tip,,,,,11,Harrison Bader strikes out on a foul tip.,R,R,L,STL,DET,S,2.0,,0,2,2020,1.0,1.56,-1.01,2.67,,,641933.0,1,2,Bot,,,,,,,-11.075637307996969,-135.71956811623554,-8.167763390591535,14.77828952166413,29.295402632821936,-11.125471657498023,3.22,1.53,,,,93.1,2590,6.2,630994,519222,600869,570731,670623,650489,641513,622682,663662,54.34,,0.0,0.0,1.0,0.0,0.0,,15,4,4-Seam Fastball,2,0,2,0,0,2,2,0,Standard,Standard,152,-0.013,-0.162,,,,0.162,,2,2,0.78,0.78,23,26,24,26,1,0,5.0,2,6.0,0.0,1.05,1.0,-1.0,52.6,,,,,
SL,2020-09-10,85.7,3.04,6.33,"Skubal, Tarik",664056,669373,,foul,,,,,12,Foul,R,R,L,STL,DET,S,,,0,2,2020,-0.19,0.59,0.9,2.43,,,641933.0,1,2,Bot,,,,,,,-4.6663787362841385,-124.8129254735078,-4.190468207523861,-1.165170292792893,23.22345531330682,-25.4213298310912,3.22,1.53,190.0,73.1,55.0,86.2,2497,6.4,630994,519222,600869,570731,670623,650489,641513,622682,663662,54.08,,,,,,,,15,3,Slider,2,0,2,0,0,2,2,0,Standard,Standard,180,0.0,0.0,,,,0.0,88.0,2,2,0.78,0.78,23,26,24,26,1,0,5.0,2,6.0,0.0,2.49,-0.19,0.19,45.7,,,,,
CH,2020-09-10,85.3,2.3,6.59,"Skubal, Tarik",664056,669373,,called_strike,,,,,8,Called Strike,R,R,L,STL,DET,S,,,0,1,2020,0.71,1.45,0.13,1.97,,,641933.0,1,2,Bot,,,,,,,-6.522754565071399,-123.8340668948058,-7.449158602021474,8.65195526006884,25.27630757093681,-15.941004513201978,3.01,1.53,,,,85.3,1762,6.4,630994,519222,600869,570731,670623,650489,641513,622682,663662,54.06,,,,,,,,15,2,Changeup,2,0,2,0,0,2,2,0,Standard,Standard,143,-0.004,-0.05,,,,0.05,,2,2,0.784,0.784,23,26,24,26,1,0,5.0,2,6.0,0.0,1.7,0.71,-0.71,56.0,,,,,
FF,2020-09-10,92.6,2.81,6.49,"Skubal, Tarik",664056,669373,,called_strike,,,,,2,Called Strike,R,R,L,STL,DET,S,,,0,0,2020,0.96,1.47,-0.19,2.8,,,641933.0,1,2,Bot,,,,,,,-9.74435222898494,-134.32685956592223,-6.7854698481543485,13.8029288398568,31.0653164947184,-13.011933565969152,3.11,1.53,,,,92.2,2497,6.4,630994,519222,600869,570731,670623,650489,641513,622682,663662,54.09,,,,,,,,15,1,4-Seam Fastball,2,0,2,0,0,2,2,0,Standard,Standard,146,-0.003,-0.037,,,,0.037,,2,2,0.787,0.787,23,26,24,26,1,0,5.0,2,6.0,0.0,1.22,0.96,-0.96,48.5,,,,,
FF,2020-09-10,94.5,2.88,6.4,"Skubal, Tarik",641933,669373,walk,ball,,,,,13,Tyler O'Neill walks.,R,R,L,STL,DET,B,,,3,2,2020,1.04,1.42,-0.99,1.28,,,,1,2,Bot,,,,,,,-12.324893322705584,-136.6858330951399,-10.730714791126593,15.765704674407557,31.020522888092763,-11.959668875508015,3.08,1.56,,,,93.8,2464,6.3,630994,519222,600869,570731,670623,650489,641513,622682,663662,54.2,,0.698811,0.7,1.0,0.0,0.0,,14,6,4-Seam Fastball,2,0,2,0,0,2,2,0,Infield shift,Standard,141,0.014,0.359,,,,-0.359,,2,2,0.773,0.773,23,25,24,25,1,0,5.0,2,6.0,0.0,1.17,1.04,-1.04,44.1,,,,,
FF,2020-09-10,94.9,3.16,6.36,"Skubal, Tarik",641933,669373,,called_strike,,,,,3,Called Strike,R,R,L,STL,DET,S,,,3,1,2020,0.96,1.31,0.77,3.01,,,,1,2,Bot,,,,,,,-8.370346336260752,-137.79171185369674,-5.971204036918786,14.145848602677969,32.37641272056921,-14.359695331595326,3.06,1.56,,,,94.4,2450,6.2,630994,519222,600869,570731,670623,650489,641513,622682,663662,54.25,,,,,,,,14,5,4-Seam Fastball,2,0,2,0,0,2,2,0,Infield shift,Standard,149,-0.004,-0.093,,,,0.093,,2,2,0.777,0.777,23,25,24,25,1,0,5.0,2,6.0,0.0,1.25,0.96,-0.96,43.5,,,,,
FF,2020-09-10,94.2,2.98,6.52,"Skubal, Tarik",641933,669373,,ball,,,,,11,Ball,R,R,L,STL,DET,B,,,2,1,2020,0.72,1.5,-0.52,3.62,,,,1,2,Bot,,,,,,,-10.629535351848215,-136.6767932006902,-5.061521374348226,11.4891306697373,31.940676754918677,-12.465467155138962,3.12,1.56,,,,93.4,2504,6.1,630994,519222,600869,570731,670623,650489,641513,622682,663662,54.36,,,,,,,,14,4,4-Seam Fastball,2,0,2,0,0,2,2,0,Infield shift,Standard,150,0.005,0.114,,,,-0.114,,2,2,0.772,0.772,23,25,24,25,1,0,5.0,2,6.0,0.0,1.1,0.72,-0.72,47.3,,,,,
FF,2020-09-10,93.9,2.93,6.38,"Skubal, Tarik",641933,669373,,swinging_strike,,,,,6,Swinging Strike,R,R,L,STL,DET,S,,,2,0,2020,0.82,1.38,0.37,2.72,,,,1,2,Bot,,,,,,,-8.417265802604028,-136.32861580370883,-6.730024228385175,12.154664959057165,32.021523566208195,-13.627263406279733,3.27,1.56,,,,93.4,2464,6.2,630994,519222,600869,570731,670623,650489,641513,622682,663662,54.25,,,,,,,,14,3,4-Seam Fastball,2,0,2,0,0,2,2,0,Infield shift,Standard,143,-0.003,-0.062,,,,0.062,,2,2,0.775,0.775,23,25,24,25,1,0,5.0,2,6.0,0.0,1.23,0.82,-0.82,46.5,,,,,
CH,2020-09-10,83.8,2.6,6.6,"Skubal, Tarik",641933,669373,,ball,,,,,12,Ball,R,R,L,STL,DET,B,,,1,0,2020,0.96,0.97,1.11,3.01,,,,1,2,Bot,,,,,,,-5.327558848603154,-121.89183314859407,-3.7730626985020863,10.626982230577465,25.234403790165647,-21.92727674936895,3.12,1.56,,,,83.6,1771,6.3,630994,519222,600869,570731,670623,650489,641513,622682,663662,54.21,,,,,,,,14,2,Changeup,2,0,2,0,0,2,2,0,Infield shift,Standard,140,0.003,0.063,,,,-0.063,,2,2,0.772,0.772,23,25,24,25,1,0,5.0,2,6.0,0.0,2.29,0.96,-0.96,53.9,,,,,
FF,2020-09-10,92.7,3.16,6.43,"Skubal, Tarik",641933,669373,,ball,,,,,12,Ball,R,R,L,STL,DET,B,,,0,0,2020,0.97,1.29,1.25,2.85,,,,1,2,Bot,,,,,,,-6.98115812825753,-134.75022536232444,-6.105810783173136,13.35270835945594,31.1120636630968,-15.351628303670486,3.08,1.56,,,,92.3,2400,6.3,630994,519222,600869,570731,670623,650489,641513,622682,663662,54.25,,,,,,,,14,1,4-Seam Fastball,2,0,2,0,0,2,2,0,Infield shift,Standard,141,0.002,0.042,,,,-0.042,,2,2,0.77,0.77,23,25,24,25,1,0,5.0,2,6.0,0.0,1.39,0.97,-0.97,45.1,,,,,
FF,2020-09-10,93.5,2.78,6.46,"Skubal, Tarik",425877,669373,home_run,hit_into_play,,,,,11,Yadier Molina homers (3) on a fly ball to left field. Rangel Ravelo scores.,R,R,L,STL,DET,X,,fly_ball,2,2,2020,0.98,1.5,-0.09,3.65,,,592660.0,1,2,Bot,26.75,77.15,,,,,-9.530120426486851,-135.77929869256036,-4.7708270546253315,14.241164711375616,29.30018057701725,-12.727713586196456,3.35,1.58,369.0,94.6,30.0,93.3,2475,6.3,630994,519222,600869,570731,670623,650489,641513,622682,663662,54.25,0.227,0.404,2.0,1.0,0.0,3.0,5.0,13,5,4-Seam Fastball,0,0,0,0,0,2,2,0,Standard,Standard,142,0.211,1.509,,,0.783,-1.509,94.6,0,0,0.559,0.559,23,37,24,38,1,0,5.0,2,6.0,1.0,1.12,0.98,-0.98,47.9,,,,,
FF,2020-09-10,93.6,2.96,6.43,"Skubal, Tarik",425877,669373,,foul,,,,,4,Foul,R,R,L,STL,DET,S,,,2,1,2020,0.93,1.77,-0.71,2.51,,,592660.0,1,2,Bot,,,,,,,-11.462387589812902,-135.55652308347095,-8.16845239192118,14.126078922362376,32.5747358481298,-8.63620117060557,3.35,1.58,,,,92.7,2557,6.2,630994,519222,600869,570731,670623,650489,641513,622682,663662,54.26,,,,,,,,13,4,4-Seam Fastball,0,0,0,0,0,0,0,0,Standard,Standard,150,-0.008,-0.063,,,,0.063,,0,0,0.567,0.567,23,37,24,38,1,0,5.0,2,6.0,1.0,0.88,0.93,-0.93,48.9,,,,,
CH,2020-09-10,84.0,2.24,6.7,"Skubal, Tarik",425877,669373,,ball,,,,,13,Ball,R,R,L,STL,DET,B,,,1,1,2020,0.48,1.45,-0.57,1.14,,,592660.0,1,2,Bot,,,,,,,-7.402371682692355,-121.8034948947484,-9.298756193193892,6.185427282612967,23.73638115137359,-16.027973477526775,3.27,1.58,,,,83.7,1682,6.3,630994,519222,600869,570731,670623,650489,641513,622682,663662,54.22,,,,,,,,13,3,Changeup,0,0,0,0,0,0,0,0,Standard,Standard,144,0.006,0.048,,,,-0.048,,0,0,0.561,0.561,23,37,24,38,1,0,5.0,2,6.0,1.0,1.8,0.48,-0.48,59.5,,,,,
FF,2020-09-10,92.1,2.67,6.55,"Skubal, Tarik",425877,669373,,called_strike,,,,,3,Called Strike,R,R,L,STL,DET,S,,,1,0,2020,1.13,1.43,0.55,3.1,,,592660.0,1,2,Bot,,,,,,,-7.845114357641769,-133.7425266260366,-5.9919193538026505,15.24863386671006,29.61606132724605,-13.92594645951264,3.29,1.58,,,,92.1,2495,6.5,630994,519222,600869,570731,670623,650489,641513,622682,663662,54.02,,,,,,,,13,2,4-Seam Fastball,0,0,0,0,0,0,0,0,Standard,Standard,153,-0.006,-0.052,,,,0.052,,0,0,0.567,0.567,23,37,24,38,1,0,5.0,2,6.0,1.0,1.28,1.13,-1.13,51.5,,,,,
FF,2020-09-10,93.7,2.79,6.58,"Skubal, Tarik",425877,669373,,ball,,,,,12,Ball,R,R,L,STL,DET,B,,,0,0,2020,1.13,1.56,0.61,4.37,,,592660.0,1,2,Bot,,,,,,,-8.105078677706421,-136.10555757634967,-3.3777181456725938,15.829389957177954,31.353010319108435,-12.220206290269248,3.27,1.58,,,,93.1,2529,6.2,630994,519222,600869,570731,670623,650489,641513,622682,663662,54.34,,,,,,,,13,1,4-Seam Fastball,0,0,0,0,0,0,0,0,Standard,Standard,143,0.004,0.026,,,,-0.026,,0,0,0.563,0.563,23,37,24,38,1,0,5.0,2,6.0,1.0,1.05,1.13,-1.13,49.2,,,,,
FF,2020-09-10,95.1,3.17,6.41,"Skubal, Tarik",592660,669373,walk,ball,,,,,12,Rangel Ravelo walks.,R,R,L,STL,DET,B,,,3,2,2020,1.03,1.48,1.64,3.42,,,,1,2,Bot,,,,,,,-6.308713048491221,-138.1760548420594,-5.4486254033930726,14.58195097113868,33.960791608936425,-12.184943404945187,3.14,1.56,,,,94.7,2537,6.4,630994,519222,600869,570731,670623,650489,641513,622682,663662,54.13,,0.698811,0.7,1.0,0.0,0.0,,12,8,4-Seam Fastball,0,0,0,0,0,0,0,0,Standard,Standard,140,0.026,0.359,,,,-0.359,,0,0,0.537,0.537,23,28,24,28,1,0,5.0,2,6.0,3.0,1.07,1.03,-1.03,44.5,,,,,
FF,2020-09-10,94.8,3.1,6.44,"Skubal, Tarik",592660,669373,,foul,,,,,2,Foul,R,R,L,STL,DET,S,,,3,2,2020,0.67,1.54,0.0,3.33,,,,1,2,Bot,,,,,,,-9.555492268199126,-137.59736847817132,-5.833762748107477,10.70746707273896,32.3849097418401,-11.466706917430225,3.41,1.56,,,,94.3,2455,6.2,630994,519222,600869,570731,670623,650489,641513,622682,663662,54.25,,,,,,,,12,7,4-Seam Fastball,0,0,0,0,0,0,0,0,Standard,Standard,148,0.0,0.0,,,,0.0,,0,0,0.537,0.537,23,28,24,28,1,0,5.0,2,6.0,3.0,1.02,0.67,-0.67,46.3,,,,,
FF,2020-09-10,95.0,3.13,6.49,"Skubal, Tarik",592660,669373,,ball,,,,,12,Ball,R,R,L,STL,DET,B,,,2,2,2020,0.68,1.6,0.53,3.99,,,,1,2,Bot,,,,,,,-8.317388134328437,-137.94993404695342,-4.365480478506497,10.713715077491951,34.18783950491355,-11.094502250959149,3.13,1.56,,,,94.2,2451,6.2,630994,519222,600869,570731,670623,650489,641513,622682,663662,54.33,,,,,,,,12,6,4-Seam Fastball,0,0,0,0,0,0,0,0,Standard,Standard,145,0.006,0.096,,,,-0.096,,0,0,0.531,0.531,23,28,24,28,1,0,5.0,2,6.0,3.0,0.96,0.68,-0.68,47.3,,,,,
CH,2020-09-10,85.9,2.33,6.69,"Skubal, Tarik",592660,669373,,foul,,,,,5,Foul,R,R,L,STL,DET,S,,,2,2,2020,0.96,1.45,0.22,2.19,,,,1,2,Bot,,,,,,,-6.924400667352642,-124.6820544203784,-7.266010849408019,11.433181673853142,26.664663022162,-15.753068285487233,3.41,1.56,181.0,66.6,51.0,85.5,1821,6.3,630994,519222,600869,570731,670623,650489,641513,622682,663662,54.17,,,,,,,,12,5,Changeup,0,0,0,0,0,0,0,0,Standard,Standard,144,0.0,0.0,,,,0.0,88.0,0,0,0.531,0.531,23,28,24,28,1,0,5.0,2,6.0,3.0,1.67,0.96,-0.96,56.1,,,,,
FF,2020-09-10,96.6,2.95,6.51,"Skubal, Tarik",592660,669373,,ball,,,,,13,Ball,R,R,L,STL,DET,B,,,1,2,2020,0.67,1.5,-1.27,2.19,,,,1,2,Bot,,,,,,,-12.655114612763702,-139.78142290593033,-9.202238013099226,11.961442147751784,35.62203060247398,-10.40656454675313,3.18,1.56,,,,95.4,2586,6.2,630994,519222,600869,570731,670623,650489,641513,622682,663662,54.3,,,,,,,,12,4,4-Seam Fastball,0,0,0,0,0,0,0,0,Standard,Standard,153,0.003,0.047,,,,-0.047,,0,0,0.528,0.528,23,28,24,28,1,0,5.0,2,6.0,3.0,1.0,0.67,-0.67,47.7,,,,,
FF,2020-09-10,95.7,3.18,6.54,"Skubal, Tarik",592660,669373,,ball,,,,,12,Ball,R,R,L,STL,DET,B,,,0,2,2020,0.87,1.43,0.22,4.04,,,,1,2,Bot,,,,,,,-9.70472560494461,-138.9583877316242,-4.121384193020321,13.496907131754918,33.63198022233282,-12.98357551692124,3.17,1.56,,,,94.8,2470,6.0,630994,519222,600869,570731,670623,650489,641513,622682,663662,54.46,,,,,,,,12,3,4-Seam Fastball,0,0,0,0,0,0,0,0,Standard,Standard,150,0.002,0.024,,,,-0.024,,0,0,0.526,0.526,23,28,24,28,1,0,5.0,2,6.0,3.0,1.09,0.87,-0.87,44.7,,,,,
FF,2020-09-10,95.1,2.95,6.51,"Skubal, Tarik",592660,669373,,swinging_strike,,,,,2,Swinging Strike,R,R,L,STL,DET,S,,,0,1,2020,1.01,1.51,-0.16,3.29,,,,1,2,Bot,,,,,,,-10.354254592670518,-137.87685434167895,-6.052585476253655,15.372442804124606,34.11332130546224,-11.715693102820044,3.41,1.56,,,,93.9,2537,6.0,630994,519222,600869,570731,670623,650489,641513,622682,663662,54.47,,,,,,,,12,2,4-Seam Fastball,0,0,0,0,0,0,0,0,Standard,Standard,130,-0.004,-0.062,,,,0.062,,0,0,0.53,0.53,23,28,24,28,1,0,5.0,2,6.0,3.0,1.05,1.01,-1.01,45.6,,,,,
FF,2020-09-10,93.5,3.07,6.43,"Skubal, Tarik",592660,669373,,called_strike,,,,,5,Called Strike,R,R,L,STL,DET,S,,,0,0,2020,0.91,1.4,-0.16,2.18,,,,1,2,Bot,,,,,,,-10.30229641192402,-135.4772528958856,-8.178730236944705,13.532041481341205,32.35362625055013,-13.197162672701031,3.06,1.56,,,,92.8,2400,6.3,630994,519222,600869,570731,670623,650489,641513,622682,663662,54.16,,,,,,,,12,1,4-Seam Fastball,0,0,0,0,0,0,0,0,Standard,Standard,140,-0.003,-0.041,,,,0.041,,0,0,0.533,0.533,23,28,24,28,1,0,5.0,2,6.0,3.0,1.25,0.91,-0.91,46.9,,,,,
CH,2020-09-10,87.0,2.54,6.68,"Skubal, Tarik",657557,669373,field_out,hit_into_play,,,,,9,"Paul DeJong grounds out, shortstop Willi Castro to first baseman Jeimer Candelario.",R,R,L,STL,DET,X,6.0,ground_ball,0,1,2020,0.92,0.93,0.66,1.77,,,,0,2,Bot,100.76,155.43,,,,,-6.393775277756602,-126.48674193169984,-7.52246958551995,11.116379245001394,24.24680351022123,-20.865074875907133,3.34,1.52,21.0,80.2,-3.0,87.1,1738,6.3,630994,519222,600869,570731,670623,650489,641513,622682,663662,54.22,0.14,0.168,0.0,1.0,0.0,0.0,2.0,11,2,Changeup,0,0,0,0,0,0,0,0,Infield shift,Standard,140,-0.023,-0.233,,,0.14,0.233,88.0,0,0,0.556,0.556,23,26,24,27,1,0,5.0,2,6.0,0.0,2.07,0.92,-0.92,54.8,,,,,
FF,2020-09-10,92.9,3.13,6.52,"Skubal, Tarik",657557,669373,,called_strike,,,,,6,Called Strike,R,R,L,STL,DET,S,,,0,0,2020,0.84,1.35,0.52,2.23,,,,0,2,Bot,,,,,,,-8.519906495757997,-134.90494287846082,-8.1172686753231,12.118980745960334,29.585854511383747,-14.067956765068937,3.23,1.52,,,,92.7,2327,6.3,630994,519222,600869,570731,670623,650489,641513,622682,663662,54.2,,,,,,,,11,1,4-Seam Fastball,0,0,0,0,0,0,0,0,Infield shift,Standard,142,-0.004,-0.046,,,,0.046,,0,0,0.56,0.56,23,26,24,27,1,0,5.0,2,6.0,0.0,1.3,0.84,-0.84,46.8,,,,,
FF,2020-09-10,95.2,2.91,6.46,"Skubal, Tarik",502671,669373,strikeout,swinging_strike,,,,,5,Paul Goldschmidt strikes out swinging.,R,R,L,STL,DET,S,2.0,,1,2,2020,0.79,1.49,0.2,2.57,,,,2,1,Bot,,,,,,,-8.877818020376392,-138.15699993446407,-7.851123478145236,12.21435765757304,32.52324233152011,-11.510569895531548,3.48,1.65,,,,94.9,2576,6.4,630994,519222,600869,570731,670623,650489,641513,622682,663662,54.09,,0.0,0.0,1.0,0.0,0.0,,6,5,4-Seam Fastball,0,0,0,0,0,0,0,0,Standard,Standard,140,-0.009,-0.204,,,,0.204,,0,0,0.509,0.509,23,32,24,33,1,0,5.0,2,6.0,0.0,1.05,0.79,-0.79,46.1,,,,,
FF,2020-09-10,96.5,2.84,6.54,"Skubal, Tarik",502671,669373,,ball,,,,,11,Ball,R,R,L,STL,DET,B,,,0,2,2020,0.87,1.54,-0.11,3.9,,,,2,1,Bot,,,,,,,-9.798333759077694,-140.05472250101363,-4.890031812597383,13.73917760824877,34.70153177638725,-11.00631769265188,3.44,1.65,,,,96.1,2677,6.4,630994,519222,600869,570731,670623,650489,641513,622682,663662,54.06,,,,,,,,6,4,4-Seam Fastball,0,0,0,0,0,0,0,0,Standard,Standard,154,0.001,0.029,,,,-0.029,,0,0,0.508,0.508,23,32,24,33,1,0,5.0,2,6.0,0.0,0.94,0.87,-0.87,49.8,,,,,
SL,2020-09-10,87.8,2.92,6.34,"Skubal, Tarik",502671,669373,,foul,,,,,8,Foul,R,R,L,STL,DET,S,,,0,2,2020,-0.28,0.33,0.2,1.87,,,,2,1,Bot,,,,,,,-6.051249963667584,-127.7827597012886,-5.437856786994677,-1.8393101440564683,25.285362352365993,-27.605754865973637,3.48,1.65,273.0,87.9,41.0,88.3,2522,6.5,630994,519222,600869,570731,670623,650489,641513,622682,663662,53.99,,,,,,,,6,3,Slider,0,0,0,0,0,0,0,0,Standard,Standard,211,0.0,0.0,,,,0.0,88.0,0,0,0.508,0.508,23,32,24,33,1,0,5.0,2,6.0,0.0,2.61,-0.28,0.28,46.5,,,,,
FF,2020-09-10,95.1,3.2,6.37,"Skubal, Tarik",502671,669373,,foul,,,,,4,Foul,R,R,L,STL,DET,S,,,0,1,2020,1.04,1.28,-0.61,2.7,,,,2,1,Bot,,,,,,,-12.304351796082528,-137.85759568270936,-6.815126794387956,15.954862862292565,30.330590100047463,-14.408544624955589,3.48,1.65,195.0,83.4,60.0,95.0,2503,6.4,630994,519222,600869,570731,670623,650489,641513,622682,663662,54.06,,,,,,,,6,2,4-Seam Fastball,0,0,0,0,0,0,0,0,Infield shift,Standard,138,-0.002,-0.071,,,,0.071,88.0,0,0,0.51,0.51,23,32,24,33,1,0,5.0,2,6.0,0.0,1.26,1.04,-1.04,42.8,,,,,
FF,2020-09-10,93.5,3.08,6.42,"Skubal, Tarik",502671,669373,,called_strike,,,,,6,Called Strike,R,R,L,STL,DET,S,,,0,0,2020,0.87,1.54,0.32,2.88,,,,2,1,Bot,,,,,,,-9.017883671776582,-135.77295663118863,-6.729135502030203,12.801221273247116,31.103077788908784,-11.819771672805382,3.46,1.65,,,,93.1,2497,6.3,630994,519222,600869,570731,670623,650489,641513,622682,663662,54.21,,,,,,,,6,1,4-Seam Fastball,0,0,0,0,0,0,0,0,Infield shift,Standard,148,-0.002,-0.045,,,,0.045,,0,0,0.512,0.512,23,32,24,33,1,0,5.0,2,6.0,0.0,1.09,0.87,-0.87,47.1,,,,,
FF,2020-09-10,93.5,3.07,6.45,"Skubal, Tarik",669242,669373,field_out,hit_into_play,,,,,4,Tommy Edman lines out to center fielder Victor Reyes.,R,R,L,STL,DET,X,8.0,line_drive,3,1,2020,0.83,1.48,-0.43,2.04,,,,1,1,Bot,124.02,52.54,,,,,-10.799547651878363,-135.54938589296225,-8.867781521098854,12.455773206752932,28.11904896315111,-12.084768020417515,3.15,1.46,346.0,93.1,22.0,93.3,2363,6.3,630994,519222,600869,570731,670623,650489,641513,622682,663662,54.21,0.22,0.245,0.0,1.0,0.0,0.0,3.0,5,5,4-Seam Fastball,0,0,0,0,0,0,0,0,Infield shift,Standard,140,-0.029,-0.422,,,0.382,0.422,93.1,0,0,0.541,0.541,23,25,24,25,1,0,5.0,2,6.0,0.0,1.14,0.83,-0.83,47.4,,,,,
CH,2020-09-10,83.9,2.48,6.73,"Skubal, Tarik",669242,669373,,ball,,,,,12,Ball,R,R,L,STL,DET,B,,,2,1,2020,0.81,1.25,0.83,3.56,,,,1,1,Bot,,,,,,,-5.4334755335713565,-122.0305553214196,-3.401410249235478,9.174888047555484,23.92114701183759,-19.240261445774912,2.92,1.46,,,,84.0,1680,6.4,630994,519222,600869,570731,670623,650489,641513,622682,663662,54.15,,,,,,,,5,4,Changeup,0,0,0,0,0,0,0,0,Infield shift,Standard,138,0.008,0.114,,,,-0.114,,0,0,0.533,0.533,23,25,24,25,1,0,5.0,2,6.0,0.0,1.99,0.81,-0.81,56.7,,,,,
FF,2020-09-10,93.5,3.3,6.33,"Skubal, Tarik",669242,669373,,foul,,,,,5,Foul,R,R,L,STL,DET,S,,,2,0,2020,0.81,1.49,0.09,2.07,,,,1,1,Bot,,,,,,,-10.053242799058207,-135.57538072506676,-8.449467041524255,12.28502124891148,30.944704652235828,-12.029935598538565,3.15,1.46,79.0,84.0,84.0,93.1,2484,6.4,630994,519222,600869,570731,670623,650489,641513,622682,663662,54.13,,,,,,,,5,3,4-Seam Fastball,0,0,0,0,0,0,0,0,Infield shift,Standard,143,-0.005,-0.062,,,,0.062,88.0,0,0,0.538,0.538,23,25,24,25,1,0,5.0,2,6.0,0.0,1.14,0.81,-0.81,43.7,,,,,
FF,2020-09-10,94.1,2.95,6.44,"Skubal, Tarik",669242,669373,,ball,,,,,11,Ball,R,R,L,STL,DET,B,,,1,0,2020,0.7,1.57,-1.07,3.12,,,,1,1,Bot,,,,,,,-11.965642536759248,-136.48348916862284,-6.3559825432775705,11.377591076426976,30.259617572299515,-11.25949122143692,2.96,1.46,,,,94.0,2460,6.4,630994,519222,600869,570731,670623,650489,641513,622682,663662,54.1,,,,,,,,5,2,4-Seam Fastball,0,0,0,0,0,0,0,0,Infield shift,Standard,154,0.005,0.063,,,,-0.063,,0,0,0.533,0.533,23,25,24,25,1,0,5.0,2,6.0,0.0,1.02,0.7,-0.7,49.2,,,,,
FF,2020-09-10,95.1,3.01,6.51,"Skubal, Tarik",669242,669373,,ball,,,,,12,Ball,R,R,L,STL,DET,B,,,0,0,2020,0.61,1.48,0.96,3.89,,,,1,1,Bot,,,,,,,-6.713104202779766,-138.28750472648304,-4.500773586528194,9.399576116262248,31.95958464576302,-12.3272572514591,3.09,1.46,,,,94.7,2387,6.2,630994,519222,600869,570731,670623,650489,641513,622682,663662,54.32,,,,,,,,5,1,4-Seam Fastball,0,0,0,0,0,0,0,0,Infield shift,Standard,149,0.003,0.042,,,,-0.042,,0,0,0.53,0.53,23,25,24,25,1,0,5.0,2,6.0,0.0,1.05,0.61,-0.61,47.0,,,,,
FF,2020-09-10,95.0,3.25,6.33,"Skubal, Tarik",543939,669373,field_out,hit_into_play,,,,,3,Kolten Wong flies out to right fielder Daz Cameron.,R,L,L,STL,DET,X,9.0,fly_ball,3,2,2020,0.65,1.46,0.59,2.94,,,,0,1,Bot,147.64,99.55,,,,,-8.435177524998478,-137.96007809006448,-6.4300735027327685,10.271121339800466,32.52057646191464,-12.319304889982064,3.08,1.41,243.0,81.7,50.0,94.7,2480,6.4,630994,519222,600869,570731,670623,650489,641513,622682,663662,54.11,0.0,0.0,0.0,1.0,0.0,0.0,3.0,4,7,4-Seam Fastball,0,0,0,0,0,0,0,0,Standard,Standard,145,-0.031,-0.356,,,0.0,0.356,88.0,0,0,0.561,0.561,23,29,24,30,1,0,5.0,2,6.0,0.0,1.09,0.65,0.65,43.4,,,,,
SL,2020-09-10,84.9,3.07,6.4,"Skubal, Tarik",543939,669373,,ball,,,,,12,Ball,R,L,L,STL,DET,B,,,2,2,2020,-0.35,0.1,0.6,3.75,,,,0,1,Bot,,,,,,,-5.102945711384081,-123.64017753133837,-0.127956088275897,-2.6369005182219203,22.516110969980065,-31.315945411668785,2.96,1.41,,,,85.4,2282,6.4,630994,519222,600869,570731,670623,650489,641513,622682,663662,54.13,,,,,,,,4,6,Slider,0,0,0,0,0,0,0,0,Standard,Standard,234,0.008,0.115,,,,-0.115,,0,0,0.553,0.553,23,29,24,30,1,0,5.0,2,6.0,0.0,3.04,-0.35,-0.35,47.4,,,,,
FF,2020-09-10,94.6,2.6,6.54,"Skubal, Tarik",543939,669373,,ball,,,,,14,Ball,R,L,L,STL,DET,B,,,1,2,2020,0.73,1.53,1.6,1.35,,,,0,1,Bot,,,,,,,-4.242853284741406,-137.3174800843185,-11.150935321002011,10.190461376374452,33.416558516330774,-10.504878322360511,2.94,1.41,,,,94.1,2577,6.3,630994,519222,600869,570731,670623,650489,641513,622682,663662,54.16,,,,,,,,4,5,4-Seam Fastball,0,0,0,0,0,0,0,0,Standard,Standard,150,0.004,0.039,,,,-0.039,,0,0,0.549,0.549,23,29,24,30,1,0,5.0,2,6.0,0.0,1.05,0.73,0.73,53.3,,,,,
SL,2020-09-10,87.0,2.7,6.59,"Skubal, Tarik",543939,669373,,ball,,,,,13,Ball,R,L,L,STL,DET,B,,,0,2,2020,-0.24,0.52,-1.77,0.85,,,,0,1,Bot,,,,,,,-10.18600098111942,-126.2528478913206,-8.686166540182127,-0.7001836853955683,23.38559406039029,-24.995460847381036,2.98,1.41,,,,87.1,2241,6.3,630994,519222,600869,570731,670623,650489,641513,622682,663662,54.2,,,,,,,,4,4,Slider,0,0,0,0,0,0,0,0,Standard,Standard,176,0.003,0.03,,,,-0.03,,0,0,0.546,0.546,23,29,24,30,1,0,5.0,2,6.0,0.0,2.48,-0.24,-0.24,55.3,,,,,
FF,2020-09-10,93.8,2.13,6.85,"Skubal, Tarik",543939,669373,,foul,,,,,12,Foul,R,L,L,STL,DET,S,,,0,2,2020,0.64,1.54,0.03,4.01,,,,0,1,Bot,,,,,,,-6.808974398710451,-136.35504888542218,-4.960309414380426,9.456975232724796,30.75540207336218,-12.12929534920843,3.08,1.41,274.0,84.6,27.0,93.4,2354,6.1,630994,519222,600869,570731,670623,650489,641513,622682,663662,54.36,,,,,,,,4,3,4-Seam Fastball,0,0,0,0,0,0,0,0,Infield shift,Standard,149,0.0,0.0,,,,0.0,88.0,0,0,0.546,0.546,23,29,24,30,1,0,5.0,2,6.0,0.0,1.07,0.64,0.64,59.3,,,,,
FF,2020-09-10,94.2,2.63,6.55,"Skubal, Tarik",543939,669373,,swinging_strike,,,,,12,Swinging Strike,R,L,L,STL,DET,S,,,0,1,2020,0.61,1.51,0.3,3.29,,,,0,1,Bot,,,,,,,-7.399786745381312,-136.90040493306867,-6.090311995884482,9.26949797879,30.416662659044423,-11.999170808653984,3.08,1.41,,,,94.2,2218,6.4,630994,519222,600869,570731,670623,650489,641513,622682,663662,54.15,,,,,,,,4,2,4-Seam Fastball,0,0,0,0,0,0,0,0,Infield shift,Standard,150,-0.005,-0.062,,,,0.062,,0,0,0.551,0.551,23,29,24,30,1,0,5.0,2,6.0,0.0,1.07,0.61,0.61,51.7,,,,,
FF,2020-09-10,93.1,3.08,6.49,"Skubal, Tarik",543939,669373,,called_strike,,,,,2,Called Strike,R,L,L,STL,DET,S,,,0,0,2020,0.71,1.5,-0.18,2.71,,,,0,1,Bot,,,,,,,-9.875759968736052,-135.0529774726457,-7.158671546510695,10.88387937285736,29.953303091297705,-12.332750516796084,3.1,1.41,,,,92.6,2361,6.2,630994,519222,600869,570731,670623,650489,641513,622682,663662,54.29,,,,,,,,4,1,4-Seam Fastball,0,0,0,0,0,0,0,0,Infield shift,Standard,149,-0.004,-0.046,,,,0.046,,0,0,0.555,0.555,23,29,24,30,1,0,5.0,2,6.0,0.0,1.15,0.71,0.71,48.1,,,,,
CH,2020-09-05,82.2,2.63,6.53,"Skubal, Tarik",518626,669373,force_out,hit_into_play,,,,,6,"Josh Donaldson grounds into a force out, shortstop Willi Castro to second baseman Jonathan Schoop. Marwin Gonzalez out at 2nd.",R,R,L,MIN,DET,X,6.0,ground_ball,2,0,2020,1.07,1.09,0.6,2.23,,,503556.0,2,6,Bot,107.17,164.62,,,,,-6.650890404188896,-119.44562878766526,-5.257061270040331,11.554145275851155,24.44153495468196,-20.906028510849268,3.31,1.54,50.0,97.9,1.0,81.8,1667,6.2,631264,519222,600869,570731,670623,650489,621514,622682,593528,54.27,0.407,0.378,0.0,1.0,0.0,0.0,4.0,39,3,Changeup,1,1,1,1,1,1,1,1,Infield shift,Standard,143,-0.044,-0.393,,,0.464,0.393,97.9,0,0,0.544,0.544,23,34,24,35,3,2,7.0,1,5.0,1.0,2.31,1.07,-1.07,,,,,,
FF,2020-09-05,94.2,2.75,6.34,"Skubal, Tarik",518626,669373,,ball,,,,,11,Ball,R,R,L,MIN,DET,B,,,1,0,2020,0.69,1.52,-1.63,2.62,,,503556.0,2,6,Bot,,,,,,,-12.865447118161557,-136.46418655147758,-7.292132431858,11.465769051444305,30.43439815035267,-11.588821226486974,3.4,1.75,,,,93.8,2533,6.3,631264,519222,600869,570731,670623,650489,621514,622682,593528,54.16,,,,,,,,39,2,4-Seam Fastball,1,1,1,1,1,1,1,1,Infield shift,Standard,140,0.006,0.053,,,,-0.053,,0,0,0.538,0.538,23,34,24,35,3,2,7.0,1,5.0,1.0,1.07,0.69,-0.69,,,,,,
FF,2020-09-05,93.6,2.95,6.29,"Skubal, Tarik",518626,669373,,ball,,,,,1,Ball,R,R,L,MIN,DET,B,,,0,0,2020,0.99,1.38,-0.79,3.19,,,503556.0,2,6,Bot,,,,,,,-11.72311017352508,-135.67479589586006,-5.200630445129818,14.8555592505802,31.4849413143089,-14.15666268976818,3.46,1.72,,,,92.7,2517,6.1,631264,519222,600869,570731,670623,650489,621514,622682,593528,54.41,,,,,,,,39,1,4-Seam Fastball,1,1,1,1,1,1,1,1,Infield shift,Standard,141,0.003,0.04,,,,-0.04,,0,0,0.535,0.535,23,34,24,35,3,2,7.0,1,5.0,1.0,1.26,0.99,-0.99,,,,,,
FF,2020-09-05,91.4,2.74,6.49,"Skubal, Tarik",593871,669373,field_out,hit_into_play,,,,,3,Jorge Polanco flies out to center fielder Victor Reyes.,R,R,L,MIN,DET,X,8.0,fly_ball,1,0,2020,0.94,1.65,0.66,3.12,,,503556.0,1,6,Bot,145.01,86.72,,,,,-7.288104893011756,-132.85211184063317,-6.174342097615679,12.700059487040516,28.418597334617843,-11.513185340318543,3.39,1.6,271.0,88.2,44.0,91.8,2439,6.6,631264,519222,600869,570731,670623,650489,621514,622682,593528,53.91,0.007,0.01,0.0,1.0,0.0,0.0,3.0,38,2,4-Seam Fastball,1,1,1,1,1,1,1,1,Standard,Standard,142,-0.048,-0.28,,,0.015,0.28,88.2,0,0,0.583,0.583,23,26,24,27,3,2,7.0,1,5.0,1.0,1.09,0.94,-0.94,,,,,,
CU,2020-09-05,77.5,2.62,6.44,"Skubal, Tarik",593871,669373,,blocked_ball,,,,,13,Ball In Dirt,R,R,L,MIN,DET,B,,,0,0,2020,-0.21,-0.89,-1.02,-0.42,,,503556.0,1,6,Bot,,,,,,,-7.359890312461238,-112.48051252776024,-5.998004042175367,-0.3386650002951376,21.869921829763545,-38.682305690351,3.44,1.67,,,,76.9,2354,6.2,631264,519222,600869,570731,670623,650489,621514,622682,593528,54.31,,,,,,,,38,1,Curveball,1,1,1,1,1,1,1,1,Standard,Standard,344,0.005,0.026,,,,-0.026,,0,0,0.578,0.578,23,26,24,27,3,2,7.0,1,5.0,1.0,4.72,-0.21,0.21,,,,,,
FF,2020-09-05,94.4,3.22,6.26,"Skubal, Tarik",680777,669373,strikeout,swinging_strike,,,,,12,Ryan Jeffers strikes out swinging.,R,R,L,MIN,DET,S,2.0,,0,2,2020,1.08,1.42,0.71,4.08,,,503556.0,0,6,Bot,,,,,,,-8.885067651002176,-137.11645544713923,-3.0776682999980927,15.708528407410771,32.86360577394685,-13.882438694710345,3.37,1.63,,,,93.4,2452,6.0,631264,519222,600869,570731,670623,650489,621514,622682,593528,54.52,,0.0,0.0,1.0,0.0,0.0,,37,3,4-Seam Fastball,1,1,1,1,1,1,1,1,Standard,Standard,138,-0.031,-0.178,,,,0.178,,0,0,0.609,0.609,23,23,24,23,2,1,7.0,1,5.0,1.0,1.17,1.08,-1.08,,,,,,
CH,2020-09-05,83.9,2.48,6.51,"Skubal, Tarik",680777,669373,,foul,,,,,9,Foul,R,R,L,MIN,DET,S,,,0,1,2020,1.06,1.22,0.41,2.08,,,503556.0,0,6,Bot,,,,,,,-6.873578886589957,-121.80816726969472,-6.182054123201512,11.97827104312044,25.0879197727216,-18.931344614766367,3.37,1.63,177.0,65.8,41.0,83.3,1752,6.2,631264,519222,600869,570731,670623,650489,621514,622682,593528,54.34,,,,,,,,37,2,Changeup,1,1,1,1,1,1,1,1,Standard,Standard,144,-0.01,-0.043,,,,0.043,88.0,0,0,0.619,0.619,23,23,24,23,2,1,7.0,1,5.0,1.0,2.04,1.06,-1.06,,,,,,
FF,2020-09-05,91.8,3.07,6.34,"Skubal, Tarik",680777,669373,,called_strike,,,,,12,Called Strike,R,R,L,MIN,DET,S,,,0,0,2020,1.02,1.47,1.03,2.92,,,503556.0,0,6,Bot,,,,,,,-7.32512002862574,-133.34277214450674,-5.922864151921061,13.785514246427116,29.557427904119805,-13.562948414219724,3.52,1.68,,,,91.3,2409,6.1,631264,519222,600869,570731,670623,650489,621514,622682,593528,54.36,,,,,,,,37,1,4-Seam Fastball,1,1,1,1,1,1,1,1,Standard,Standard,144,-0.007,-0.033,,,,0.033,,0,0,0.626,0.626,23,23,24,23,2,1,7.0,1,5.0,1.0,1.25,1.02,-1.02,,,,,,
FF,2020-09-05,93.6,2.88,6.4,"Skubal, Tarik",503556,669373,walk,ball,,,,,14,Marwin Gonzalez walks.,R,R,L,MIN,DET,B,,,3,1,2020,0.72,1.69,0.05,1.19,,,,0,6,Bot,,,,,,,-8.817419373319336,-135.5696923839787,-11.319433636874727,10.7456561958615,29.571111984988217,-8.934247193705545,3.58,1.82,,,,93.0,2368,6.2,631264,519222,600869,570731,670623,650489,621514,622682,593528,54.33,,0.698811,0.7,1.0,0.0,0.0,,36,5,4-Seam Fastball,1,1,1,1,1,1,1,1,Standard,Standard,146,0.03,0.266,,,,-0.266,,0,0,0.596,0.596,23,31,24,31,2,1,7.0,1,5.0,2.0,0.93,0.72,-0.72,,,,,,
CH,2020-09-05,82.2,2.39,6.67,"Skubal, Tarik",503556,669373,,ball,,,,,12,Ball,R,R,L,MIN,DET,B,,,2,1,2020,1.0,1.36,0.92,3.96,,,,0,6,Bot,,,,,,,-5.256979339252817,-119.55901054878645,-2.2406269746890706,10.629521183493276,23.030515058681875,-18.867587515317023,3.61,1.78,,,,82.1,1750,6.3,631264,519222,600869,570731,670623,650489,621514,622682,593528,54.24,,,,,,,,36,4,Changeup,1,1,1,1,1,1,1,1,Standard,Standard,146,0.015,0.136,,,,-0.136,,0,0,0.581,0.581,23,31,24,31,2,1,7.0,1,5.0,2.0,2.01,1.0,-1.0,,,,,,
FF,2020-09-05,92.2,2.85,6.39,"Skubal, Tarik",503556,669373,,foul,,,,,2,Foul,R,R,L,MIN,DET,S,,,2,0,2020,0.77,1.57,0.02,3.21,,,,0,6,Bot,,,,,,,-8.827135166332342,-134.03247390175102,-5.665749692323283,11.114418862049014,27.559778473564165,-12.207241225655306,3.43,1.63,194.0,84.5,63.0,92.1,2432,6.2,631264,519222,600869,570731,670623,650489,621514,622682,593528,54.34,,,,,,,,36,3,4-Seam Fastball,1,1,1,1,1,1,1,1,Standard,Standard,143,-0.01,-0.066,,,,0.066,88.0,0,0,0.591,0.591,23,31,24,31,2,1,7.0,1,5.0,2.0,1.11,0.77,-0.77,,,,,,
FF,2020-09-05,92.4,3.19,6.33,"Skubal, Tarik",503556,669373,,ball,,,,,14,Ball,R,R,L,MIN,DET,B,,,1,0,2020,1.01,1.34,1.11,1.54,,,,0,6,Bot,,,,,,,-7.491225796409752,-134.16470487471997,-9.311792452471122,13.7959938520177,26.910030825128292,-14.201010003177638,3.58,1.84,,,,92.5,2289,6.3,631264,519222,600869,570731,670623,650489,621514,622682,593528,54.18,,,,,,,,36,2,4-Seam Fastball,1,1,1,1,1,1,1,1,Standard,Standard,137,0.01,0.067,,,,-0.067,,0,0,0.581,0.581,23,31,24,31,2,1,7.0,1,5.0,2.0,1.33,1.01,-1.01,,,,,,
CU,2020-09-05,75.4,2.48,6.62,"Skubal, Tarik",503556,669373,,ball,,,,,13,Ball,R,R,L,MIN,DET,B,,,0,0,2020,-0.35,-0.72,-0.27,0.91,,,,0,6,Bot,,,,,,,-5.083608859453739,-109.73592482033614,-3.4940510531556876,-1.9590103083893695,18.592431221277593,-37.62909375893884,3.54,1.81,,,,75.2,2153,6.1,631264,519222,600869,570731,670623,650489,621514,622682,593528,54.44,,,,,,,,36,1,Curveball,1,1,1,1,1,1,1,1,Standard,Standard,341,0.005,0.045,,,,-0.045,,0,0,0.576,0.576,23,31,24,31,2,1,7.0,1,5.0,2.0,4.72,-0.35,0.35,,,,,,
FF,2020-09-05,97.2,3.24,6.26,"Skubal, Tarik",621439,669373,strikeout,swinging_strike,,,,,12,Byron Buxton strikes out swinging.,R,R,L,MIN,DET,S,2.0,,0,2,2020,0.86,1.45,0.36,3.74,,,,2,5,Bot,,,,,,,-9.598034908396103,-141.10806470462344,-4.457141443754567,13.670424690543909,33.301530724296825,-11.99339588319915,3.36,1.58,,,,96.2,2615,5.9,631264,519222,600869,570731,670623,650489,621514,622682,593528,54.56,,0.0,0.0,1.0,0.0,0.0,,32,3,4-Seam Fastball,1,1,1,1,1,1,1,1,Infield shift,Standard,136,-0.01,-0.175,,,,0.175,,0,0,0.51,0.51,23,26,24,27,2,1,7.0,1,5.0,2.0,0.98,0.86,-0.86,,,,,,
CH,2020-09-05,83.9,2.42,6.59,"Skubal, Tarik",621439,669373,,foul_tip,,,,,12,Foul Tip,R,R,L,MIN,DET,S,,,0,1,2020,0.78,1.19,1.27,2.73,,,,2,5,Bot,,,,,,,-4.193102821083267,-122.09658475554184,-4.84832977961371,8.600196208566413,25.042073591070256,-19.503000624078364,3.36,1.58,,,,83.6,1735,6.2,631264,519222,600869,570731,670623,650489,621514,622682,593528,54.33,,,,,,,,32,2,Changeup,1,1,1,1,1,1,1,1,Infield shift,Standard,140,-0.003,-0.071,,,,0.071,,0,0,0.513,0.513,23,26,24,27,2,1,7.0,1,5.0,2.0,2.06,0.78,-0.78,,,,,,
CU,2020-09-05,77.2,2.69,6.5,"Skubal, Tarik",621439,669373,,swinging_strike,,,,,14,Swinging Strike,R,R,L,MIN,DET,S,,,0,0,2020,-0.03,-0.96,0.83,0.34,,,,2,5,Bot,,,,,,,-3.908419637983332,-112.2899328208248,-4.3558928189789725,0.5212124826512177,21.403927782179096,-39.6613479359153,3.36,1.58,,,,76.9,2219,6.2,631264,519222,600869,570731,670623,650489,621514,622682,593528,54.3,,,,,,,,32,1,Curveball,1,1,1,1,1,1,1,1,Infield shift,Standard,354,-0.002,-0.045,,,,0.045,,0,0,0.515,0.515,23,26,24,27,2,1,7.0,1,5.0,2.0,4.81,-0.03,0.03,,,,,,
SL,2020-09-05,86.6,2.95,6.19,"Skubal, Tarik",592696,669373,grounded_into_double_play,hit_into_play,,,,,13,"Eddie Rosario grounds into a double play, pitcher Tarik Skubal to shortstop Willi Castro to first baseman Jeimer Candelario. Jake Cave scores. Miguel Sano out at 2nd. Eddie Rosario out at 1st.",R,L,L,MIN,DET,X,1.0,ground_ball,1,2,2020,-0.23,0.18,-1.32,1.52,595909.0,,593934.0,0,5,Bot,128.77,173.13,,,,,-9.72199081972682,-125.80678022355067,-5.3623476011295645,-0.6554809769374209,22.88984798089871,-29.392143806120018,3.41,1.56,4.0,80.2,-20.0,86.9,2419,6.3,631264,519222,600869,570731,670623,650489,621514,622682,593528,54.18,0.053,0.082,0.0,1.0,0.0,0.0,2.0,31,4,Slider,0,1,0,1,1,1,1,1,Standard,Standard,111,-0.061,-0.152,,,0.053,0.152,88.0,-1,-1,0.576,0.576,23,28,24,29,2,1,7.0,1,5.0,1.0,2.84,-0.23,-0.23,,,,,,
SL,2020-09-05,86.6,3.06,6.23,"Skubal, Tarik",592696,669373,,foul,,,,,13,Foul,R,L,L,MIN,DET,S,,,1,1,2020,-0.15,0.59,-0.93,1.72,595909.0,,593934.0,0,5,Bot,,,,,,,-9.208040471441471,-125.7851313384448,-5.762540488012135,0.1765889466313328,24.52989556734115,-24.93453858729587,3.41,1.56,1.0,90.3,-58.0,86.6,2221,6.3,631264,519222,600869,570731,670623,650489,621514,622682,593528,54.19,,,,,,,,31,3,Slider,0,1,0,1,1,0,0,1,Standard,Strategic,139,-0.015,-0.077,,,,0.077,90.3,-1,-1,0.591,0.591,23,28,24,29,2,1,7.0,1,5.0,1.0,2.45,-0.15,-0.15,,,,,,
FF,2020-09-05,93.2,2.97,6.35,"Skubal, Tarik",592696,669373,,foul_tip,,,,,2,Foul Tip,R,L,L,MIN,DET,S,,,1,0,2020,0.94,1.45,-0.05,3.21,595909.0,,593934.0,0,5,Bot,,,,,,,-9.780871923099532,-135.23638597854375,-5.414715829315348,13.685886073558496,31.139407541973736,-13.34973568715404,3.41,1.56,,,,92.8,2473,6.3,631264,519222,600869,570731,670623,650489,621514,622682,593528,54.17,,,,,,,,31,2,4-Seam Fastball,0,1,0,1,1,0,0,1,Standard,Standard,142,-0.01,-0.092,,,,0.092,,-1,-1,0.601,0.601,23,28,24,29,2,1,7.0,1,5.0,1.0,1.2,0.94,0.94,,,,,,
SL,2020-09-05,85.9,2.86,6.28,"Skubal, Tarik",592696,669373,,blocked_ball,,,,,13,Ball In Dirt,R,L,L,MIN,DET,B,,,0,0,2020,-0.34,0.1,-1.11,0.42,595909.0,,593934.0,0,5,Bot,,,,,,,-8.684827520714565,-124.62192629215431,-7.790136558067558,-1.791620870645367,24.61453289353778,-29.72429023138472,3.3,1.71,,,,85.7,2350,6.3,631264,519222,600869,570731,670623,650489,621514,622682,593528,54.22,,,,,,,,31,1,Slider,0,1,0,1,1,0,0,1,Standard,Standard,112,0.006,0.033,,,,-0.033,,-1,-1,0.595,0.595,23,28,24,29,2,1,7.0,1,5.0,1.0,3.0,-0.34,-0.34,,,,,,
FF,2020-09-05,92.9,3.01,6.19,"Skubal, Tarik",593934,669373,single,hit_into_play,,,,,6,Miguel Sano singles on a line drive to right fielder Jorge Bonifacio. Jake Cave to 3rd.,R,R,L,MIN,DET,X,9.0,line_drive,0,1,2020,1.01,1.36,0.45,2.41,,,595909.0,0,5,Bot,175.34,101.9,,,,,-8.736972194619767,-134.87330436969023,-6.872297874464815,14.18676598975109,28.036085098033368,-14.196807132073152,3.52,1.7,271.0,109.4,10.0,92.7,2403,6.2,631264,519222,600869,570731,670623,650489,621514,622682,593528,54.29,0.827,0.808,0.9,1.0,1.0,0.0,5.0,30,2,4-Seam Fastball,0,1,0,1,1,0,0,1,Infield shift,Standard,135,0.132,0.498,,,1.056,-0.498,109.4,-1,-1,0.463,0.463,23,27,24,27,2,1,7.0,1,5.0,1.0,1.28,1.01,-1.01,,,,,,
CU,2020-09-05,73.8,2.55,6.61,"Skubal, Tarik",593934,669373,,foul,,,,,14,Foul,R,R,L,MIN,DET,S,,,0,0,2020,-0.39,-0.78,0.47,1.25,,,595909.0,0,5,Bot,,,,,,,-3.5379173838761258,-107.46738705976942,-2.3131041248481217,-2.424399712132107,17.941112174979477,-38.08161544059447,3.52,1.7,,,,73.5,2216,6.0,631264,519222,600869,570731,670623,650489,621514,622682,593528,54.53,,,,,,,,30,1,Curveball,0,1,0,1,1,0,0,1,Infield shift,Standard,341,-0.008,-0.033,,,,0.033,,-1,-1,0.471,0.471,23,27,24,27,2,1,7.0,1,5.0,1.0,4.95,-0.39,0.39,,,,,,
FF,2020-09-05,94.8,3.38,6.23,"Skubal, Tarik",667670,669373,single,hit_into_play,,,,,12,Brent Rooker singles on a line drive to right fielder Jorge Bonifacio.,R,R,L,MIN,DET,X,9.0,line_drive,0,2,2020,1.11,1.23,1.52,3.5,,,,0,5,Bot,186.17,105.63,,,,,-7.273783696423403,-137.81864018420148,-4.174031776864869,15.74587195495686,32.309136273204494,-15.71983424772996,3.49,1.6,242.0,79.0,23.0,94.1,2566,6.0,631264,519222,600869,570731,670623,650489,621514,622682,593528,54.46,0.747,0.705,0.9,1.0,1.0,0.0,4.0,29,3,4-Seam Fastball,0,1,0,1,1,0,0,1,Infield shift,Standard,137,0.068,0.552,,,0.872,-0.552,88.0,-1,-1,0.403,0.403,23,25,24,26,2,1,7.0,1,5.0,1.0,1.32,1.11,-1.11,,,,,,
SL,2020-09-05,87.3,3.12,6.16,"Skubal, Tarik",667670,669373,,called_strike,,,,,5,Called Strike,R,R,L,MIN,DET,S,,,0,1,2020,0.03,0.55,0.21,2.89,,,,0,5,Bot,,,,,,,-7.052631444027654,-127.03764666603963,-2.9302175820744445,1.559743323860444,22.706631683590807,-25.82961878942495,3.59,1.73,,,,87.6,2309,6.2,631264,519222,600869,570731,670623,650489,621514,622682,593528,54.33,,,,,,,,29,2,Slider,0,1,0,1,1,0,0,1,Infield shift,Standard,134,-0.007,-0.062,,,,0.062,,-1,-1,0.41,0.41,23,25,24,26,2,1,7.0,1,5.0,1.0,2.41,0.03,-0.03,,,,,,
FF,2020-09-05,92.5,2.99,6.33,"Skubal, Tarik",667670,669373,,foul,,,,,8,Foul,R,R,L,MIN,DET,S,,,0,0,2020,0.85,1.42,-0.23,2.07,,,,0,5,Bot,,,,,,,-10.05884531709418,-134.18268246087274,-8.069401117567216,12.527684785416495,30.093240566230815,-13.416504903381478,3.49,1.6,20.0,81.8,-5.0,92.1,2326,6.3,631264,519222,600869,570731,670623,650489,621514,622682,593528,54.19,,,,,,,,29,1,4-Seam Fastball,0,1,0,1,1,0,0,1,Infield shift,Standard,139,-0.005,-0.046,,,,0.046,88.0,-1,-1,0.415,0.415,23,25,24,26,2,1,7.0,1,5.0,1.0,1.27,0.85,-0.85,,,,,,
CH,2020-09-05,84.2,2.46,6.58,"Skubal, Tarik",443558,669373,grounded_into_double_play,hit_into_play,,,,,12,"Nelson Cruz grounds into a double play, second baseman Jonathan Schoop to first baseman Jeimer Candelario. Josh Donaldson out at 2nd. Nelson Cruz out at 1st.",R,R,L,MIN,DET,X,4.0,ground_ball,2,2,2020,1.02,0.81,1.24,2.81,,,518626.0,1,4,Bot,129.44,156.25,,,,,-4.831692341584409,-122.47168172037668,-3.953199286840321,11.179478507037894,24.994062547856704,-23.40247930655304,3.59,1.63,41.0,84.0,-1.0,83.8,1602,6.2,631264,519222,600869,570731,670623,650489,621514,622682,593528,54.35,0.247,0.202,0.0,1.0,0.0,0.0,2.0,25,5,Changeup,0,1,0,1,1,0,0,1,Standard,Standard,138,-0.066,-0.284,,,0.309,0.284,88.0,-1,-1,0.428,0.428,23,39,24,40,2,1,7.0,1,5.0,3.0,2.41,1.02,-1.02,,,,,,
FF,2020-09-05,95.6,2.9,6.26,"Skubal, Tarik",443558,669373,,ball,,,,,11,Ball,R,R,L,MIN,DET,B,,,1,2,2020,0.99,1.39,-1.35,3.79,,,518626.0,1,4,Bot,,,,,,,-13.345206593155972,-138.55242549458262,-3.938102867978468,15.873197086181692,33.072732896353294,-13.565782142521378,3.8,1.87,,,,94.7,2495,6.2,631264,519222,600869,570731,670623,650489,621514,622682,593528,54.33,,,,,,,,25,4,4-Seam Fastball,0,1,0,1,1,0,0,1,Standard,Standard,137,0.006,0.032,,,,-0.032,,-1,-1,0.422,0.422,23,39,24,40,2,1,7.0,1,5.0,3.0,1.14,0.99,-0.99,,,,,,
FF,2020-09-05,95.7,3.1,6.31,"Skubal, Tarik",443558,669373,,ball,,,,,1,Ball,R,R,L,MIN,DET,B,,,0,2,2020,0.96,1.22,-0.38,3.73,,,518626.0,1,4,Bot,,,,,,,-11.289404276869464,-138.9295260491277,-3.861874904226917,15.066116321575954,32.606494685272715,-15.750418421468842,3.63,1.74,,,,95.0,2458,6.1,631264,519222,600869,570731,670623,650489,621514,622682,593528,54.39,,,,,,,,25,3,4-Seam Fastball,0,1,0,1,1,0,0,1,Standard,Standard,139,0.004,0.013,,,,-0.013,,-1,-1,0.418,0.418,23,39,24,40,2,1,7.0,1,5.0,3.0,1.3,0.96,-0.96,,,,,,
FF,2020-09-05,95.5,2.94,6.3,"Skubal, Tarik",443558,669373,,swinging_strike,,,,,2,Swinging Strike,R,R,L,MIN,DET,S,,,0,1,2020,0.8,1.42,0.17,3.56,,,518626.0,1,4,Bot,,,,,,,-9.058845628828724,-138.74700641639237,-4.734602892859213,12.390948567549154,31.97303602566552,-12.991422312371364,3.59,1.63,,,,95.0,2496,6.1,631264,519222,600869,570731,670623,650489,621514,622682,593528,54.36,,,,,,,,25,2,4-Seam Fastball,0,1,0,1,1,0,0,1,Standard,Standard,143,-0.008,-0.05,,,,0.05,,-1,-1,0.426,0.426,23,39,24,40,2,1,7.0,1,5.0,3.0,1.1,0.8,-0.8,,,,,,
FF,2020-09-05,93.3,2.77,6.44,"Skubal, Tarik",443558,669373,,called_strike,,,,,7,Called Strike,R,R,L,MIN,DET,S,,,0,0,2020,0.94,1.34,-0.54,2.35,,,518626.0,1,4,Bot,,,,,,,-10.56250098229408,-135.29354269747913,-7.649254946799754,13.9243297692589,29.95673557513854,-14.131120799775651,3.88,1.81,,,,92.9,2283,6.3,631264,519222,600869,570731,670623,650489,621514,622682,593528,54.23,,,,,,,,25,1,4-Seam Fastball,0,1,0,1,1,0,0,1,Standard,Standard,148,-0.006,-0.037,,,,0.037,,-1,-1,0.432,0.432,23,39,24,40,2,1,7.0,1,5.0,3.0,1.3,0.94,-0.94,,,,,,
FF,2020-09-05,95.5,2.99,6.28,"Skubal, Tarik",518626,669373,walk,ball,,,,,1,Josh Donaldson walks.,R,R,L,MIN,DET,B,,,3,0,2020,0.61,1.51,-0.67,2.6,,,,1,4,Bot,,,,,,,-10.96751138072442,-138.52653315441304,-7.414111007042185,10.320103456092395,31.515095019505655,-11.120082667959071,3.04,1.46,,,,95.0,2551,6.2,631264,519222,600869,570731,670623,650489,621514,622682,593528,54.29,,0.698811,0.7,1.0,0.0,0.0,,24,4,4-Seam Fastball,0,1,0,1,1,0,0,1,Infield shift,Standard,144,0.014,0.173,,,,-0.173,,-1,-1,0.418,0.418,23,34,24,35,2,1,7.0,1,5.0,1.0,1.0,0.61,-0.61,,,,,,
FF,2020-09-05,94.7,2.9,6.34,"Skubal, Tarik",518626,669373,,ball,,,,,11,Ball,R,R,L,MIN,DET,B,,,2,0,2020,0.69,1.36,-0.81,3.81,,,,1,4,Bot,,,,,,,-11.190839461369324,-137.401618297745,-3.929204510205704,11.260357492104784,31.26682945419499,-14.231991173954484,3.48,1.71,,,,94.3,2414,6.3,631264,519222,600869,570731,670623,650489,621514,622682,593528,54.2,,,,,,,,24,3,4-Seam Fastball,0,1,0,1,1,0,0,1,Infield shift,Standard,144,0.01,0.145,,,,-0.145,,-1,-1,0.408,0.408,23,34,24,35,2,1,7.0,1,5.0,1.0,1.2,0.69,-0.69,,,,,,
FF,2020-09-05,95.2,3.17,6.26,"Skubal, Tarik",518626,669373,,ball,,,,,12,Ball,R,R,L,MIN,DET,B,,,1,0,2020,0.94,1.2,0.47,3.77,,,,1,4,Bot,,,,,,,-9.141194058993944,-138.3233969269998,-3.5740938577725037,14.088082334374262,30.913909863712146,-16.147900142953834,3.39,1.79,,,,94.8,2280,6.1,631264,519222,600869,570731,670623,650489,621514,622682,593528,54.37,,,,,,,,24,2,4-Seam Fastball,0,1,0,1,1,0,0,1,Infield shift,Standard,135,0.007,0.063,,,,-0.063,,-1,-1,0.401,0.401,23,34,24,35,2,1,7.0,1,5.0,1.0,1.32,0.94,-0.94,,,,,,
CU,2020-09-05,76.5,2.47,6.58,"Skubal, Tarik",518626,669373,,ball,,,,,11,Ball,R,R,L,MIN,DET,B,,,0,0,2020,-0.22,-0.69,-0.08,4.16,,,,1,4,Bot,,,,,,,-4.939086433374263,-111.29673706773376,3.1221624904279004,-1.0294843941679048,18.574059871652647,-38.710351003441936,3.41,1.75,,,,76.4,2145,6.1,631264,519222,600869,570731,670623,650489,621514,622682,593528,54.4,,,,,,,,24,1,Curveball,0,1,0,1,1,0,0,1,Infield shift,Standard,334,0.003,0.042,,,,-0.042,,-1,-1,0.398,0.398,23,34,24,35,2,1,7.0,1,5.0,1.0,4.57,-0.22,0.22,,,,,,
SL,2020-09-05,85.9,3.03,6.28,"Skubal, Tarik",593871,669373,strikeout,swinging_strike,,,,,3,Jorge Polanco strikes out swinging.,R,R,L,MIN,DET,S,2.0,,2,2,2020,-0.27,0.2,0.6,3.24,,,,0,4,Bot,,,,,,,-5.220075703480183,-125.11783107198796,-1.41105728448704,-1.859626068712687,23.198210287916876,-30.002620398112267,3.39,1.6,,,,86.1,2383,6.2,631264,519222,600869,570731,670623,650489,621514,622682,593528,54.33,,0.0,0.0,1.0,0.0,0.0,,23,6,Slider,0,1,0,1,1,0,0,1,Standard,Standard,189,-0.027,-0.24,,,,0.24,,-1,-1,0.425,0.425,23,26,24,27,2,1,7.0,1,5.0,1.0,2.86,-0.27,0.27,,,,,,
FF,2020-09-05,95.2,2.91,6.29,"Skubal, Tarik",593871,669373,,foul,,,,,5,Foul,R,R,L,MIN,DET,S,,,2,2,2020,0.82,1.56,0.22,2.52,,,,0,4,Bot,,,,,,,-8.883678458912504,-138.1247850152305,-7.694306453789953,12.51156607759224,31.183192577788994,-10.661203148510936,3.39,1.6,264.0,83.2,27.0,95.0,2557,6.3,631264,519222,600869,570731,670623,650489,621514,622682,593528,54.16,,,,,,,,23,5,4-Seam Fastball,0,1,0,1,1,0,0,1,Standard,Standard,143,0.0,0.0,,,,0.0,88.0,-1,-1,0.425,0.425,23,26,24,27,2,1,7.0,1,5.0,1.0,0.98,0.82,-0.82,,,,,,
CH,2020-09-05,82.7,2.62,6.57,"Skubal, Tarik",593871,669373,,foul,,,,,5,Foul,R,R,L,MIN,DET,S,,,2,1,2020,0.8,1.26,0.27,2.46,,,,0,4,Bot,,,,,,,-6.908569581507518,-120.15190228522972,-5.314384968681456,9.111181217323397,22.726600293178375,-19.100836186867628,3.39,1.6,271.0,78.6,42.0,82.5,1665,6.2,631264,519222,600869,570731,670623,650489,621514,622682,593528,54.29,,,,,,,,23,4,Changeup,0,1,0,1,1,0,0,1,Standard,Standard,139,-0.008,-0.085,,,,0.085,88.0,-1,-1,0.433,0.433,23,26,24,27,2,1,7.0,1,5.0,1.0,2.08,0.8,-0.8,,,,,,
FF,2020-09-05,94.8,3.12,6.32,"Skubal, Tarik",593871,669373,,ball,,,,,12,Ball,R,R,L,MIN,DET,B,,,1,1,2020,0.99,1.42,1.29,3.28,,,,0,4,Bot,,,,,,,-6.958185541657896,-137.85752529082458,-5.44938343517572,14.130413829029484,31.148907992086475,-12.99783458077421,3.44,1.71,,,,94.5,2499,6.2,631264,519222,600869,570731,670623,650489,621514,622682,593528,54.33,,,,,,,,23,3,4-Seam Fastball,0,1,0,1,1,0,0,1,Standard,Standard,139,0.007,0.057,,,,-0.057,,-1,-1,0.426,0.426,23,26,24,27,2,1,7.0,1,5.0,1.0,1.12,0.99,-0.99,,,,,,
FF,2020-09-05,92.9,3.13,6.23,"Skubal, Tarik",593871,669373,,foul,,,,,3,Foul,R,R,L,MIN,DET,S,,,1,0,2020,0.77,1.38,0.72,3.05,,,,0,4,Bot,,,,,,,-7.863737841284352,-135.02213773245293,-5.387194596804615,11.145804400728748,29.315844475340292,-14.22890312199125,3.39,1.6,203.0,80.5,59.0,92.7,2361,6.2,631264,519222,600869,570731,670623,650489,621514,622682,593528,54.28,,,,,,,,23,2,4-Seam Fastball,0,1,0,1,1,0,0,1,Standard,Standard,141,-0.007,-0.056,,,,0.056,88.0,-1,-1,0.433,0.433,23,26,24,27,2,1,7.0,1,5.0,1.0,1.26,0.77,-0.77,,,,,,
SL,2020-09-05,84.9,3.14,6.34,"Skubal, Tarik",593871,669373,,ball,,,,,12,Ball,R,R,L,MIN,DET,B,,,0,0,2020,-0.35,0.27,0.52,3.8,,,,0,4,Bot,,,,,,,-5.416750113583489,-123.59034076086812,-0.2012324389662947,-2.6545749234444957,22.680758604730254,-29.588983321122623,3.48,1.75,,,,84.9,2248,6.1,631264,519222,600869,570731,670623,650489,621514,622682,593528,54.4,,,,,,,,23,1,Slider,0,1,0,1,1,0,0,1,Standard,Standard,157,0.005,0.045,,,,-0.045,,-1,-1,0.428,0.428,23,26,24,27,2,1,7.0,1,5.0,1.0,2.87,-0.35,0.35,,,,,,
FF,2020-09-05,96.8,2.95,6.29,"Skubal, Tarik",680777,669373,strikeout,called_strike,,,,,7,Ryan Jeffers called out on strikes.,R,R,L,MIN,DET,S,2.0,,2,2,2020,0.99,1.31,-0.51,1.76,,,,2,3,Bot,,,,,,,-11.459515876418168,-140.19884242326265,-9.447230907215827,15.731204541844704,32.30070934965116,-12.80522454389227,3.5,1.68,,,,96.4,2441,6.4,631264,519222,600869,570731,670623,650489,621514,622682,593528,54.14,,0.0,0.0,1.0,0.0,0.0,,19,5,4-Seam Fastball,0,1,0,1,1,0,0,1,Standard,Standard,142,-0.012,-0.25,,,,0.25,,-1,-1,0.389,0.389,23,23,24,23,1,0,7.0,1,5.0,1.0,1.15,0.99,-0.99,,,,,,
FF,2020-09-05,96.5,2.91,6.49,"Skubal, Tarik",680777,669373,,ball,,,,,12,Ball,R,R,L,MIN,DET,B,,,1,2,2020,0.88,1.41,0.45,4.66,,,,2,3,Bot,,,,,,,-8.512129021516527,-140.2538554030425,-2.460687896668037,13.597288818435214,33.09083937275094,-13.250485587572372,3.52,1.64,,,,95.9,2426,6.1,631264,519222,600869,570731,670623,650489,621514,622682,593528,54.39,,,,,,,,19,4,4-Seam Fastball,0,1,0,1,1,0,0,1,Standard,Standard,147,0.002,0.046,,,,-0.046,,-1,-1,0.387,0.387,23,23,24,23,1,0,7.0,1,5.0,1.0,1.05,0.88,-0.88,,,,,,
CH,2020-09-05,83.9,2.5,6.59,"Skubal, Tarik",680777,669373,,swinging_strike,,,,,3,Swinging Strike,R,R,L,MIN,DET,S,,,1,1,2020,0.65,1.44,0.4,3.17,,,,2,3,Bot,,,,,,,-6.123143853356722,-122.10659106375348,-4.395462838751286,7.669111525866915,23.50641031983681,-17.06920139007406,3.37,1.63,,,,83.9,1682,6.3,631264,519222,600869,570731,670623,650489,621514,622682,593528,54.24,,,,,,,,19,3,Changeup,0,1,0,1,1,0,0,1,Standard,Standard,145,-0.002,-0.075,,,,0.075,,-1,-1,0.389,0.389,23,23,24,23,1,0,7.0,1,5.0,1.0,1.79,0.65,-0.65,,,,,,
FF,2020-09-05,96.5,2.98,6.25,"Skubal, Tarik",680777,669373,,ball,,,,,13,Ball,R,R,L,MIN,DET,B,,,0,1,2020,0.98,1.36,-1.64,0.71,,,,2,3,Bot,,,,,,,-14.469431769159163,-139.3727349435598,-12.197237713550066,15.993891438628271,30.55044634182126,-11.562111912105804,3.59,1.68,,,,96.1,2487,6.4,631264,519222,600869,570731,670623,650489,621514,622682,593528,54.06,,,,,,,,19,2,4-Seam Fastball,0,1,0,1,1,0,0,1,Standard,Standard,143,0.001,0.034,,,,-0.034,,-1,-1,0.388,0.388,23,23,24,23,1,0,7.0,1,5.0,1.0,1.12,0.98,-0.98,,,,,,
FF,2020-09-05,95.1,2.5,6.49,"Skubal, Tarik",680777,669373,,called_strike,,,,,8,Called Strike,R,R,L,MIN,DET,S,,,0,0,2020,0.84,1.74,0.25,1.88,,,,2,3,Bot,,,,,,,-7.761722612585364,-137.99963640423115,-10.311620696022448,12.398134601163552,30.01900984068159,-7.737817174688798,3.55,1.7,,,,95.1,2540,6.4,631264,519222,600869,570731,670623,650489,621514,622682,593528,54.09,,,,,,,,19,1,4-Seam Fastball,0,1,0,1,1,0,0,1,Strategic,Standard,151,-0.002,-0.045,,,,0.045,,-1,-1,0.39,0.39,23,23,24,23,1,0,7.0,1,5.0,1.0,0.79,0.84,-0.84,,,,,,
FF,2020-09-05,94.4,2.96,6.37,"Skubal, Tarik",503556,669373,field_out,hit_into_play,,,,,2,Marwin Gonzalez flies out to left fielder Christin Stewart.,R,R,L,MIN,DET,X,7.0,fly_ball,2,0,2020,0.81,1.58,-0.18,3.43,,,,1,3,Bot,44.75,80.56,,,,,-9.941929523306396,-137.1178544337622,-5.504946631579542,12.276408108412854,28.65879860213642,-11.14883217989739,3.43,1.63,338.0,96.2,40.0,94.6,2443,6.4,631264,519222,600869,570731,670623,650489,621514,622682,593528,54.13,0.107,0.193,0.0,1.0,0.0,0.0,3.0,18,3,4-Seam Fastball,0,1,0,1,1,0,0,1,Standard,Standard,140,-0.028,-0.371,,,0.371,0.371,96.2,-1,-1,0.418,0.418,23,31,24,31,1,0,7.0,1,5.0,2.0,0.98,0.81,-0.81,,,,,,
CH,2020-09-05,84.0,2.59,6.55,"Skubal, Tarik",503556,669373,,ball,,,,,12,Ball,R,R,L,MIN,DET,B,,,1,0,2020,0.74,1.41,1.65,3.01,,,,1,3,Bot,,,,,,,-3.6426981462182337,-122.2883541091231,-4.6563580500358945,8.16417056986082,22.064320213663148,-17.329329762913066,3.65,1.84,,,,84.3,1552,6.3,631264,519222,600869,570731,670623,650489,621514,622682,593528,54.21,,,,,,,,18,2,Changeup,0,1,0,1,1,0,0,1,Standard,Standard,136,0.006,0.063,,,,-0.063,,-1,-1,0.412,0.412,23,31,24,31,1,0,7.0,1,5.0,2.0,1.8,0.74,-0.74,,,,,,
FF,2020-09-05,95.3,3.22,6.33,"Skubal, Tarik",503556,669373,,ball,,,,,12,Ball,R,R,L,MIN,DET,B,,,0,0,2020,0.9,1.46,1.08,3.9,,,,1,3,Bot,,,,,,,-7.632365079336696,-138.5732190473715,-4.023959100027455,13.220837389904956,29.54205780685409,-12.636631249143509,3.62,1.78,,,,95.4,2426,6.3,631264,519222,600869,570731,670623,650489,621514,622682,593528,54.21,,,,,,,,18,1,4-Seam Fastball,0,1,0,1,1,0,0,1,Standard,Standard,141,0.003,0.042,,,,-0.042,,-1,-1,0.409,0.409,23,31,24,31,1,0,7.0,1,5.0,2.0,1.05,0.9,-0.9,,,,,,
FF,2020-09-05,96.5,3.08,6.4,"Skubal, Tarik",621439,669373,strikeout,swinging_strike,,,,,2,Byron Buxton strikes out swinging.,R,R,L,MIN,DET,S,2.0,,0,2,2020,0.88,1.48,-0.25,3.07,,,,0,3,Bot,,,,,,,-10.784518773963404,-140.00275625104987,-6.644285916619231,13.9785241755453,30.513660481831767,-11.2662397133531,3.36,1.58,,,,96.1,2514,6.2,631264,519222,600869,570731,670623,650489,621514,622682,593528,54.33,,0.0,0.0,1.0,0.0,0.0,,17,3,4-Seam Fastball,0,1,0,1,1,0,0,1,Infield shift,Standard,142,-0.018,-0.171,,,,0.171,,-1,-1,0.427,0.427,23,26,24,27,1,0,7.0,1,5.0,2.0,0.97,0.88,-0.88,,,,,,
SL,2020-09-05,86.8,3.13,6.27,"Skubal, Tarik",621439,669373,,swinging_strike,,,,,5,Swinging Strike,R,R,L,MIN,DET,S,,,0,1,2020,-0.04,0.5,0.18,2.64,,,,0,3,Bot,,,,,,,-6.981289876967342,-126.31363325360516,-3.60613703426015,0.8153373806406558,21.737334850394095,-26.26307961949504,3.36,1.58,,,,87.2,2288,6.2,631264,519222,600869,570731,670623,650489,621514,622682,593528,54.33,,,,,,,,17,2,Slider,0,1,0,1,1,0,0,1,Infield shift,Standard,116,-0.006,-0.062,,,,0.062,,-1,-1,0.433,0.433,23,26,24,27,1,0,7.0,1,5.0,2.0,2.48,-0.04,0.04,,,,,,
FF,2020-09-05,93.7,3.05,6.32,"Skubal, Tarik",621439,669373,,foul_tip,,,,,2,Foul Tip,R,R,L,MIN,DET,S,,,0,0,2020,1.1,1.26,0.16,3.13,,,,0,3,Bot,,,,,,,-9.887165316013157,-136.03786222340327,-5.292917462947822,15.799707711924128,28.68269580847363,-15.456764145518903,3.36,1.58,,,,93.6,2433,6.3,631264,519222,600869,570731,670623,650489,621514,622682,593528,54.22,,,,,,,,17,1,4-Seam Fastball,0,1,0,1,1,0,0,1,Infield shift,Standard,145,-0.004,-0.046,,,,0.046,,-1,-1,0.437,0.437,23,26,24,27,1,0,7.0,1,5.0,2.0,1.34,1.1,-1.1,,,,,,
FF,2020-09-05,94.7,2.81,6.41,"Skubal, Tarik",592696,669373,field_out,hit_into_play,,,,,6,Eddie Rosario flies out to center fielder Victor Reyes.,R,L,L,MIN,DET,X,8.0,fly_ball,2,0,2020,0.85,1.63,0.35,2.17,,,,2,2,Bot,84.93,63.65,,,,,-8.324471870550521,-137.36282712793113,-9.011518904023196,12.6569461972214,30.32663337847639,-9.629500162804533,3.41,1.56,334.0,97.1,41.0,94.8,2407,6.5,631264,519222,600869,570731,670623,650489,621514,622682,593528,54.01,0.1,0.183,0.0,1.0,0.0,0.0,3.0,13,3,4-Seam Fastball,0,1,0,1,1,0,0,1,Infield shift,Strategic,143,-0.016,-0.406,,,0.349,0.406,97.1,-1,-1,0.404,0.404,23,28,24,29,1,0,7.0,1,5.0,1.0,0.92,0.85,0.85,,,,,,
FF,2020-09-05,95.3,2.95,6.37,"Skubal, Tarik",592696,669373,,ball,,,,,13,Ball,R,L,L,MIN,DET,B,,,1,0,2020,0.76,1.53,-1.24,1.25,,,,2,2,Bot,,,,,,,-12.673562508827246,-137.90425304586734,-11.192557825783933,12.475505533535232,29.20235842960959,-10.240815573475048,3.32,1.7,,,,95.1,2480,6.4,631264,519222,600869,570731,670623,650489,621514,622682,593528,54.12,,,,,,,,13,2,4-Seam Fastball,0,1,0,1,1,0,0,1,Infield shift,Strategic,143,0.003,0.07,,,,-0.07,,-1,-1,0.401,0.401,23,28,24,29,1,0,7.0,1,5.0,1.0,1.0,0.76,0.76,,,,,,
CU,2020-09-05,77.1,2.51,6.55,"Skubal, Tarik",592696,669373,,ball,,,,,13,Ball,R,L,L,MIN,DET,B,,,0,0,2020,-0.47,-0.98,-0.82,0.22,,,,2,2,Bot,,,,,,,-6.2104107262165,-112.03847230883068,-4.620723527104011,-2.762754603191568,21.80214934770421,-39.67655188169967,3.36,1.58,,,,76.7,2294,6.3,631264,519222,600869,570731,670623,650489,621514,622682,593528,54.23,,,,,,,,13,1,Curveball,0,1,0,1,1,0,0,1,Infield shift,Strategic,345,0.001,0.046,,,,-0.046,,-1,-1,0.4,0.4,23,28,24,29,1,0,7.0,1,5.0,1.0,4.85,-0.47,-0.47,,,,,,
CH,2020-09-05,85.8,2.49,6.54,"Skubal, Tarik",593934,669373,strikeout,swinging_strike,,,,,14,Miguel Sano strikes out swinging.,R,R,L,MIN,DET,S,2.0,,2,2,2020,0.97,1.3,1.02,1.91,,,,1,2,Bot,,,,,,,-5.4275823420017915,-124.67718226604366,-7.3141807778342365,11.149442592210448,24.380493009755703,-17.371604683946025,3.52,1.7,,,,86.1,1694,6.5,631264,519222,600869,570731,670623,650489,621514,622682,593528,54.02,,0.0,0.0,1.0,0.0,0.0,,12,5,Changeup,0,1,0,1,1,0,0,1,Infield shift,Standard,140,-0.016,-0.234,,,,0.234,,-1,-1,0.416,0.416,23,27,24,27,1,0,7.0,1,5.0,1.0,1.8,0.97,-0.97,,,,,,
SL,2020-09-05,88.9,2.81,6.26,"Skubal, Tarik",593934,669373,,ball,,,,,13,Ball,R,R,L,MIN,DET,B,,,1,2,2020,-0.22,0.2,-1.75,0.72,,,,1,2,Bot,,,,,,,-10.710954808307644,-129.01052036187974,-7.955978229357967,-0.3899021724085423,24.779545457168805,-28.511927735460898,3.69,1.83,,,,89.1,2433,6.4,631264,519222,600869,570731,670623,650489,621514,622682,593528,54.12,,,,,,,,12,4,Slider,0,1,0,1,1,0,0,1,Infield shift,Standard,131,0.003,0.047,,,,-0.047,,-1,-1,0.413,0.413,23,27,24,27,1,0,7.0,1,5.0,1.0,2.68,-0.22,0.22,,,,,,
FF,2020-09-05,97.6,2.99,6.31,"Skubal, Tarik",593934,669373,,foul,,,,,4,Foul,R,R,L,MIN,DET,S,,,1,1,2020,0.75,1.5,-0.36,2.3,,,,1,2,Bot,,,,,,,-10.697050967907211,-141.56508290964993,-8.72058797412365,12.471315550210823,31.541532203235437,-10.040365055148104,3.52,1.7,,,,97.4,2513,6.3,631264,519222,600869,570731,670623,650489,621514,622682,593528,54.2,,,,,,,,12,3,4-Seam Fastball,0,1,0,1,1,0,0,1,Infield shift,Standard,147,-0.004,-0.07,,,,0.07,,-1,-1,0.417,0.417,23,27,24,27,1,0,7.0,1,5.0,1.0,0.9,0.75,-0.75,,,,,,
CH,2020-09-05,85.0,2.61,6.55,"Skubal, Tarik",593934,669373,,foul,,,,,12,Foul,R,R,L,MIN,DET,S,,,1,0,2020,1.0,1.15,0.89,3.29,,,,1,2,Bot,,,,,,,-6.010732725929219,-123.68775508071056,-3.6565222756941904,11.420364288142483,23.309510072654344,-19.82665220912772,3.52,1.7,221.0,69.7,36.0,85.1,1590,6.2,631264,519222,600869,570731,670623,650489,621514,622682,593528,54.28,,,,,,,,12,2,Changeup,0,1,0,1,1,0,0,1,Infield shift,Standard,139,-0.004,-0.052,,,,0.052,88.0,-1,-1,0.421,0.421,23,27,24,27,1,0,7.0,1,5.0,1.0,1.99,1.0,-1.0,,,,,,
FF,2020-09-05,95.4,3.12,6.29,"Skubal, Tarik",593934,669373,,ball,,,,,14,Ball,R,R,L,MIN,DET,B,,,0,0,2020,1.13,1.29,1.57,2.63,,,,1,2,Bot,,,,,,,-6.631037238429789,-138.64980375641196,-6.902325895954029,16.09668937921923,30.23220346733473,-14.107721718864637,3.67,1.84,,,,95.6,2370,6.4,631264,519222,600869,570731,670623,650489,621514,622682,593528,54.09,,,,,,,,12,1,4-Seam Fastball,0,1,0,1,1,0,0,1,Infield shift,Standard,143,0.003,0.042,,,,-0.042,,-1,-1,0.418,0.418,23,27,24,27,1,0,7.0,1,5.0,1.0,1.21,1.13,-1.13,,,,,,
FF,2020-09-05,96.7,3.16,6.3,"Skubal, Tarik",667670,669373,field_out,hit_into_play,,,,,13,"Brent Rooker grounds out, third baseman Isaac Paredes to first baseman Jeimer Candelario.",R,R,L,MIN,DET,X,5.0,ground_ball,2,2,2020,0.84,1.4,-1.01,2.39,,,,0,2,Bot,88.02,156.52,,,,,-12.966060575106674,-140.1064036960673,-8.033408887186276,13.819072171585958,29.735558816341246,-12.01725487765852,3.49,1.6,15.0,75.4,-8.0,96.6,2482,6.3,631264,519222,600869,570731,670623,650489,621514,622682,593528,54.18,0.087,0.078,0.0,1.0,0.0,0.0,2.0,11,5,4-Seam Fastball,0,1,0,1,1,0,0,1,Infield shift,Standard,143,-0.023,-0.24,,,0.093,0.24,88.0,-1,-1,0.441,0.441,23,25,24,26,1,0,7.0,1,5.0,1.0,1.05,0.84,-0.84,,,,,,
SL,2020-09-05,87.2,2.91,6.34,"Skubal, Tarik",667670,669373,,ball,,,,,13,Ball,R,R,L,MIN,DET,B,,,1,2,2020,-0.19,0.16,-1.19,0.81,,,,0,2,Bot,,,,,,,-9.463065656283032,-126.65947951479843,-7.51871690692825,-0.2777476669851661,24.094807983519633,-29.12651940221474,3.69,1.73,,,,87.6,2259,6.5,631264,519222,600869,570731,670623,650489,621514,622682,593528,54.04,,,,,,,,11,4,Slider,0,1,0,1,1,0,0,1,Infield shift,Standard,135,0.004,0.039,,,,-0.039,,-1,-1,0.437,0.437,23,25,24,26,1,0,7.0,1,5.0,1.0,2.83,-0.19,0.19,,,,,,
FF,2020-09-05,95.2,2.76,6.43,"Skubal, Tarik",667670,669373,,swinging_strike,,,,,1,Swinging Strike,R,R,L,MIN,DET,S,,,1,1,2020,0.67,1.56,-0.34,3.5,,,,0,2,Bot,,,,,,,-9.630295712581663,-138.3178160992724,-5.565796887737915,10.698209021054977,30.17360527828955,-10.977587239099474,3.49,1.6,,,,95.1,2421,6.3,631264,519222,600869,570731,670623,650489,621514,622682,593528,54.21,,,,,,,,11,3,4-Seam Fastball,0,1,0,1,1,0,0,1,Infield shift,Standard,146,-0.005,-0.067,,,,0.067,,-1,-1,0.442,0.442,23,25,24,26,1,0,7.0,1,5.0,1.0,0.95,0.67,-0.67,,,,,,
FF,2020-09-05,95.5,3.14,6.27,"Skubal, Tarik",667670,669373,,ball,,,,,3,Ball,R,R,L,MIN,DET,B,,,0,1,2020,0.81,1.25,0.54,3.66,,,,0,2,Bot,,,,,,,-8.606591400620523,-138.832178299129,-4.021078506113185,12.383342044750243,30.146724812268346,-15.321986502788686,3.6,1.73,,,,95.1,2347,6.1,631264,519222,600869,570731,670623,650489,621514,622682,593528,54.44,,,,,,,,11,2,4-Seam Fastball,0,1,0,1,1,0,0,1,Infield shift,Standard,139,0.003,0.035,,,,-0.035,,-1,-1,0.439,0.439,23,25,24,26,1,0,7.0,1,5.0,1.0,1.25,0.81,-0.81,,,,,,
FF,2020-09-05,93.8,3.26,6.27,"Skubal, Tarik",667670,669373,,called_strike,,,,,5,Called Strike,R,R,L,MIN,DET,S,,,0,0,2020,0.82,1.41,0.19,3.07,,,,0,2,Bot,,,,,,,-9.740304656650164,-136.2094877163347,-5.682891200211039,12.25275219156185,28.002297740306176,-13.440027696855568,3.71,1.75,,,,94.0,2269,6.4,631264,519222,600869,570731,670623,650489,621514,622682,593528,54.15,,,,,,,,11,1,4-Seam Fastball,0,1,0,1,1,0,0,1,Infield shift,Standard,136,-0.004,-0.046,,,,0.046,,-1,-1,0.443,0.443,23,25,24,26,1,0,7.0,1,5.0,1.0,1.17,0.82,-0.82,,,,,,
CH,2020-09-05,85.8,2.39,6.55,"Skubal, Tarik",443558,669373,field_out,hit_into_play,,,,,14,"Nelson Cruz grounds out softly, pitcher Tarik Skubal to first baseman Jeimer Candelario.",R,R,L,MIN,DET,X,1.0,ground_ball,1,1,2020,0.76,1.31,0.49,1.39,,,,2,1,Bot,130.8,194.21,,,,,-6.0283402424693575,-124.6138531183659,-8.576596958528764,9.122985767006552,24.340594228612495,-16.948592374366058,3.59,1.63,0.0,58.2,-74.0,85.8,1715,6.3,631264,519222,600869,570731,670623,650489,621514,622682,593528,54.16,0.147,0.129,0.0,1.0,0.0,0.0,1.0,7,3,Changeup,0,1,0,1,1,0,0,1,Infield shift,Standard,146,-0.009,-0.279,,,0.147,0.279,88.0,-1,-1,0.406,0.406,23,39,24,40,1,0,7.0,1,5.0,3.0,1.79,0.76,-0.76,,,,,,
FF,2020-09-05,96.6,3.29,6.22,"Skubal, Tarik",443558,669373,,ball,,,,,1,Ball,R,R,L,MIN,DET,B,,,0,1,2020,0.86,1.35,-0.79,3.56,,,,2,1,Bot,,,,,,,-12.795053728942737,-140.11449584600263,-4.555617428800933,14.209949590117812,31.071975729321277,-13.464332364549849,3.54,1.78,,,,96.4,2486,6.3,631264,519222,600869,570731,670623,650489,621514,622682,593528,54.2,,,,,,,,7,2,4-Seam Fastball,0,1,0,1,1,0,0,1,Infield shift,Standard,142,0.001,0.034,,,,-0.034,,-1,-1,0.405,0.405,23,39,24,40,1,0,7.0,1,5.0,3.0,1.1,0.86,-0.86,,,,,,
FF,2020-09-05,94.8,3.07,6.33,"Skubal, Tarik",443558,669373,,called_strike,,,,,5,Called Strike,R,R,L,MIN,DET,S,,,0,0,2020,0.83,1.48,0.16,3.19,,,,2,1,Bot,,,,,,,-9.41853522015555,-137.7412052370208,-5.81303254183057,12.6678192139387,30.394936814799856,-12.154099595935168,3.82,1.84,,,,94.4,2448,6.1,631264,519222,600869,570731,670623,650489,621514,622682,593528,54.35,,,,,,,,7,1,4-Seam Fastball,0,1,0,1,1,0,0,1,Infield shift,Standard,142,-0.002,-0.045,,,,0.045,,-1,-1,0.407,0.407,23,39,24,40,1,0,7.0,1,5.0,3.0,1.06,0.83,-0.83,,,,,,
CH,2020-09-05,83.2,2.24,6.66,"Skubal, Tarik",518626,669373,field_out,hit_into_play,,,,,12,"Josh Donaldson grounds out, second baseman Jonathan Schoop to first baseman Jeimer Candelario.",R,R,L,MIN,DET,X,4.0,ground_ball,3,2,2020,0.88,1.33,0.07,3.46,,,,1,1,Bot,111.67,148.59,,,,,-6.659753743845851,-120.9693909234608,-3.471202431906124,9.93128425176732,22.893066176909254,-18.638072313352662,3.31,1.54,36.0,99.0,-3.0,82.8,1748,6.0,631264,519222,600869,570731,670623,650489,621514,622682,593528,54.48,0.293,0.234,0.0,1.0,0.0,0.0,2.0,6,6,Changeup,0,1,0,1,1,0,0,1,Infield shift,Standard,140,-0.021,-0.33,,,0.295,0.33,99.0,-1,-1,0.428,0.428,23,34,24,35,1,0,7.0,1,5.0,1.0,1.96,0.88,-0.88,,,,,,
CH,2020-09-05,83.5,2.28,6.67,"Skubal, Tarik",518626,669373,,ball,,,,,14,Ball,R,R,L,MIN,DET,B,,,2,2,2020,0.8,1.33,1.24,1.5,,,,1,1,Bot,,,,,,,-3.969638887093453,-121.46557720432908,-8.090045292765355,8.7307844189575,22.599435690590727,-17.62365595203599,3.47,1.68,,,,83.5,1660,6.2,631264,519222,600869,570731,670623,650489,621514,622682,593528,54.32,,,,,,,,6,5,Changeup,0,1,0,1,1,0,0,1,Infield shift,Standard,142,0.006,0.096,,,,-0.096,,-1,-1,0.422,0.422,23,34,24,35,1,0,7.0,1,5.0,1.0,1.93,0.8,-0.8,,,,,,
SL,2020-09-05,88.7,2.91,6.23,"Skubal, Tarik",518626,669373,,ball,,,,,13,Ball,R,R,L,MIN,DET,B,,,1,2,2020,-0.28,0.28,-1.65,0.64,,,,1,1,Bot,,,,,,,-10.55218299624272,-128.64325528780702,-8.220917133898963,-1.1420320292340127,24.308509596315393,-27.560232181791356,3.5,1.74,,,,89.1,2490,6.5,631264,519222,600869,570731,670623,650489,621514,622682,593528,54.0,,,,,,,,6,4,Slider,0,1,0,1,1,0,0,1,Infield shift,Standard,97,0.002,0.047,,,,-0.047,,-1,-1,0.42,0.42,23,34,24,35,1,0,7.0,1,5.0,1.0,2.61,-0.28,0.28,,,,,,
CH,2020-09-05,84.4,2.5,6.59,"Skubal, Tarik",518626,669373,,foul,,,,,14,Foul,R,R,L,MIN,DET,S,,,1,1,2020,0.96,1.22,1.03,2.3,,,,1,1,Bot,,,,,,,-5.322442335560198,-122.68367406349007,-6.048461085230247,10.746620781821376,23.53662435600939,-18.818811754109632,3.31,1.54,5.0,62.7,-25.0,84.5,1617,6.3,631264,519222,600869,570731,670623,650489,621514,622682,593528,54.17,,,,,,,,6,3,Changeup,0,1,0,1,1,0,0,1,Infield shift,Standard,144,-0.003,-0.07,,,,0.07,88.0,-1,-1,0.423,0.423,23,34,24,35,1,0,7.0,1,5.0,1.0,1.98,0.96,-0.96,,,,,,
FF,2020-09-05,94.5,3.04,6.23,"Skubal, Tarik",518626,669373,,swinging_strike,,,,,12,Swinging Strike,R,R,L,MIN,DET,S,,,1,0,2020,0.91,1.51,0.16,3.91,,,,1,1,Bot,,,,,,,-9.512381646492088,-137.32073661441774,-3.7387098918687864,13.515267841686908,29.169526096824853,-12.355279955806193,3.31,1.54,,,,94.5,2495,6.3,631264,519222,600869,570731,670623,650489,621514,622682,593528,54.23,,,,,,,,6,2,4-Seam Fastball,0,1,0,1,1,0,0,1,Infield shift,Standard,140,-0.004,-0.052,,,,0.052,,-1,-1,0.427,0.427,23,34,24,35,1,0,7.0,1,5.0,1.0,1.04,0.91,-0.91,,,,,,
CU,2020-09-05,77.1,2.43,6.61,"Skubal, Tarik",518626,669373,,ball,,,,,13,Ball,R,R,L,MIN,DET,B,,,0,0,2020,-0.12,-0.75,-0.96,0.3,,,,1,1,Bot,,,,,,,-6.9817900272825275,-112.05173784263508,-5.082611695790717,0.242896678045508,19.839863480528923,-37.74744688411358,3.41,1.72,,,,77.1,2135,6.3,631264,519222,600869,570731,670623,650489,621514,622682,593528,54.21,,,,,,,,6,1,Curveball,0,1,0,1,1,0,0,1,Infield shift,Standard,350,0.003,0.042,,,,-0.042,,-1,-1,0.424,0.424,23,34,24,35,1,0,7.0,1,5.0,1.0,4.58,-0.12,0.12,,,,,,
FF,2020-09-05,93.4,2.92,6.3,"Skubal, Tarik",593871,669373,field_out,hit_into_play,,,,,5,Jorge Polanco flies out to center fielder Victor Reyes.,R,R,L,MIN,DET,X,8.0,fly_ball,3,1,2020,0.85,1.65,0.16,2.52,,,,0,1,Bot,111.29,70.58,,,,,-8.940098599212071,-135.5198410729057,-7.563824326522675,12.402347641112923,30.10712297936788,-10.290529198142195,3.39,1.6,306.0,97.5,47.0,93.0,2468,6.3,631264,519222,600869,570731,670623,650489,621514,622682,593528,54.25,0.007,0.012,0.0,1.0,0.0,0.0,3.0,5,5,4-Seam Fastball,0,1,0,1,1,0,0,1,Standard,Standard,141,-0.039,-0.461,,,0.025,0.461,97.5,-1,-1,0.463,0.463,23,26,24,27,1,0,7.0,1,5.0,1.0,0.98,0.85,-0.85,,,,,,
FF,2020-09-05,93.7,3.1,6.27,"Skubal, Tarik",593871,669373,,called_strike,,,,,8,Called Strike,R,R,L,MIN,DET,S,,,3,0,2020,0.96,1.44,0.25,2.22,,,,0,1,Bot,,,,,,,-9.44470054678058,-135.91819054339254,-7.828431365989323,14.003775751626335,30.9595554248372,-12.763135137421942,3.53,1.65,,,,93.1,2430,6.2,631264,519222,600869,570731,670623,650489,621514,622682,593528,54.28,,,,,,,,5,4,4-Seam Fastball,0,1,0,1,1,0,0,1,Standard,Standard,141,-0.008,-0.086,,,,0.086,,-1,-1,0.471,0.471,23,26,24,27,1,0,7.0,1,5.0,1.0,1.18,0.96,-0.96,,,,,,
FF,2020-09-05,93.5,2.87,6.38,"Skubal, Tarik",593871,669373,,ball,,,,,13,Ball,R,R,L,MIN,DET,B,,,2,0,2020,0.74,1.49,-0.95,1.01,,,,0,1,Bot,,,,,,,-11.421394996506296,-135.30380244807006,-11.274470370418337,11.63597716376638,30.708102349018866,-11.36561694137296,3.5,1.77,,,,92.9,2352,6.3,631264,519222,600869,570731,670623,650489,621514,622682,593528,54.16,,,,,,,,5,3,4-Seam Fastball,0,1,0,1,1,0,0,1,Standard,Standard,144,0.012,0.156,,,,-0.156,,-1,-1,0.459,0.459,23,26,24,27,1,0,7.0,1,5.0,1.0,1.15,0.74,-0.74,,,,,,
FF,2020-09-05,93.4,3.17,6.27,"Skubal, Tarik",593871,669373,,ball,,,,,14,Ball,R,R,L,MIN,DET,B,,,1,0,2020,0.99,1.4,0.16,1.38,,,,0,1,Bot,,,,,,,-9.892581638419196,-135.36373204931445,-9.806723593010716,14.376496036648447,31.17853386114551,-12.893326212915351,3.53,1.71,,,,92.8,2314,6.3,631264,519222,600869,570731,670623,650489,621514,622682,593528,54.2,,,,,,,,5,2,4-Seam Fastball,0,1,0,1,1,0,0,1,Standard,Standard,141,0.007,0.067,,,,-0.067,,-1,-1,0.452,0.452,23,26,24,27,1,0,7.0,1,5.0,1.0,1.25,0.99,-0.99,,,,,,
FF,2020-09-05,92.8,3.15,6.25,"Skubal, Tarik",593871,669373,,ball,,,,,14,Ball,R,R,L,MIN,DET,B,,,0,0,2020,1.01,1.31,1.92,1.93,,,,0,1,Bot,,,,,,,-5.326281958060459,-134.88713176914436,-8.053833749118413,13.534867635525066,30.907631141458065,-14.636160258767571,3.62,1.77,,,,92.2,2202,6.1,631264,519222,600869,570731,670623,650489,621514,622682,593528,54.38,,,,,,,,5,1,4-Seam Fastball,0,1,0,1,1,0,0,1,Standard,Standard,134,0.004,0.045,,,,-0.045,,-1,-1,0.448,0.448,23,26,24,27,1,0,7.0,1,5.0,1.0,1.36,1.01,-1.01,,,,,,
SL,2020-08-29,86.9,3.0,6.26,"Skubal, Tarik",595909,669373,field_out,hit_into_play,,,,,6,Jake Cave flies out to center fielder Victor Reyes.,R,L,L,DET,MIN,X,8.0,fly_ball,2,2,2020,-0.07,0.18,0.68,2.52,,,,2,5,Top,128.13,31.54,,,,,-5.4284457200734675,-126.47463078013848,-3.1827771341183295,0.2410446058917011,23.962152360342724,-29.824127657208617,3.23,1.58,393.0,98.3,35.0,87.4,2384,6.4,631457,606988,600869,570731,670623,592348,621514,622682,457727,54.06,0.327,0.627,0.0,1.0,0.0,0.0,5.0,35,6,Slider,2,2,2,2,2,2,2,2,Infield shift,Standard,143,0.018,-0.25,,,1.226,0.25,98.3,0,0,0.57,0.43,23,27,24,28,2,1,6.0,3,7.0,1.0,2.82,-0.07,-0.07,47.2,,,,,
FF,2020-08-29,95.7,2.55,6.49,"Skubal, Tarik",595909,669373,,ball,,,,,12,Ball,R,L,L,DET,MIN,B,,,1,2,2020,0.78,1.66,0.13,4.15,,,,2,5,Top,,,,,,,-8.183175537625143,-139.05620185011315,-4.220650256030005,12.149024128079484,35.26343547270919,-10.001061809130148,3.24,1.58,,,,95.4,2636,6.5,631457,606988,600869,570731,670623,592348,621514,622682,457727,54.01,,,,,,,,35,5,4-Seam Fastball,2,2,2,2,2,2,2,2,Infield shift,Standard,145,-0.003,0.046,,,,-0.046,,0,0,0.573,0.427,23,27,24,28,2,1,6.0,3,7.0,1.0,0.86,0.78,0.78,50.7,,,,,
FF,2020-08-29,97.9,3.04,6.23,"Skubal, Tarik",595909,669373,,foul,,,,,1,Foul,R,L,L,DET,MIN,S,,,1,2,2020,0.96,1.37,-0.35,2.8,,,,2,5,Top,,,,,,,-11.355325209730369,-141.86617404442345,-6.794121332864469,15.90807502384926,38.40596100732252,-12.264999698173025,3.23,1.58,245.0,83.1,24.0,96.9,2544,6.4,631457,606988,600869,570731,670623,592348,621514,622682,457727,54.1,,,,,,,,35,4,4-Seam Fastball,2,2,2,2,2,2,2,2,Infield shift,Standard,141,0.0,0.0,,,,0.0,88.0,0,0,0.573,0.427,23,27,24,28,2,1,6.0,3,7.0,1.0,1.07,0.96,0.96,44.4,,,,,
FF,2020-08-29,97.5,2.29,6.55,"Skubal, Tarik",595909,669373,,ball,,,,,13,Ball,R,L,L,DET,MIN,B,,,0,2,2020,0.64,1.68,-1.53,1.93,,,,2,5,Top,,,,,,,-11.717638459805746,-141.20925265015603,-10.730546942751946,11.22040862114129,31.78681530323477,-7.301096771713555,3.3,1.58,,,,97.3,2542,6.4,631457,606988,600869,570731,670623,592348,621514,622682,457727,54.09,,,,,,,,35,3,4-Seam Fastball,2,2,2,2,2,2,2,2,Infield shift,Standard,149,-0.002,0.029,,,,-0.029,,0,0,0.575,0.425,23,27,24,28,2,1,6.0,3,7.0,1.0,0.74,0.64,0.64,55.6,,,,,
FF,2020-08-29,95.5,3.21,6.18,"Skubal, Tarik",595909,669373,,foul_tip,,,,,3,Foul Tip,R,L,L,DET,MIN,S,,,0,1,2020,1.04,1.38,0.53,3.05,,,,2,5,Top,,,,,,,-9.36246030911317,-138.5867134225704,-5.676112567192694,15.552673470623809,32.8910723869399,-13.257684256075445,3.23,1.58,,,,95.1,2459,6.4,631457,606988,600869,570731,670623,592348,621514,622682,457727,54.14,,,,,,,,35,2,4-Seam Fastball,2,2,2,2,2,2,2,2,Infield shift,Standard,136,0.004,-0.071,,,,0.071,,0,0,0.571,0.429,23,27,24,28,2,1,6.0,3,7.0,1.0,1.14,1.04,1.04,41.7,,,,,
SL,2020-08-29,86.3,2.94,6.25,"Skubal, Tarik",595909,669373,,called_strike,,,,,2,Called Strike,R,L,L,DET,MIN,S,,,0,0,2020,-0.09,0.28,0.01,3.18,,,,2,5,Top,,,,,,,-6.805133703175648,-125.66595746798684,-1.6958297301478882,0.2939686266349335,23.507217970720177,-29.079052060221844,3.34,1.58,,,,86.8,2256,6.4,631457,606988,600869,570731,670623,592348,621514,622682,457727,54.08,,,,,,,,35,1,Slider,2,2,2,2,2,2,2,2,Infield shift,Standard,174,0.003,-0.045,,,,0.045,,0,0,0.568,0.432,23,27,24,28,2,1,6.0,3,7.0,1.0,2.76,-0.09,-0.09,47.6,,,,,
FF,2020-08-29,94.4,3.07,6.2,"Skubal, Tarik",650333,669373,field_out,hit_into_play,,,,,3,Luis Arraez flies out to center fielder Victor Reyes.,R,L,L,DET,MIN,X,8.0,fly_ball,1,0,2020,0.98,1.41,0.83,2.92,,,,1,5,Top,108.37,48.28,,,,,-8.04798998354234,-137.1008851768984,-5.909732093416572,14.267019541523355,33.16504756821898,-13.322302280972924,2.93,1.43,358.0,93.2,38.0,94.2,2598,6.5,631457,606988,600869,570731,670623,592348,621514,622682,457727,54.02,0.047,0.074,0.0,1.0,0.0,0.0,3.0,34,2,4-Seam Fastball,2,2,2,2,2,2,2,2,Infield shift,Strategic,138,0.033,-0.308,,,0.147,0.308,93.2,0,0,0.535,0.4649999999999999,23,23,24,23,2,1,6.0,3,7.0,1.0,1.18,0.98,0.98,45.5,,,,,
FF,2020-08-29,94.3,3.0,6.27,"Skubal, Tarik",650333,669373,,ball,,,,,14,Ball,R,L,L,DET,MIN,B,,,0,0,2020,0.94,1.58,0.34,1.15,,,,1,5,Top,,,,,,,-8.988134777149181,-136.49971046459993,-11.016404908611117,13.867863480293224,33.17409148790806,-9.963592647200237,2.99,1.43,,,,93.8,2552,6.5,631457,606988,600869,570731,670623,592348,621514,622682,457727,53.97,,,,,,,,34,1,4-Seam Fastball,2,2,2,2,2,2,2,2,Infield shift,Standard,145,-0.004,0.042,,,,-0.042,,0,0,0.539,0.4609999999999999,23,23,24,23,2,1,6.0,3,7.0,1.0,1.03,0.94,0.94,48.0,,,,,
SL,2020-08-29,87.8,2.91,6.23,"Skubal, Tarik",503556,669373,field_out,hit_into_play,,,,,4,Marwin Gonzalez pops out to third baseman Isaac Paredes in foul territory.,R,R,L,DET,MIN,X,5.0,popup,2,2,2020,-0.1,0.31,-0.38,2.6,,,,0,5,Top,71.12,168.65,,,,,-7.752642323772154,-127.61865780319668,-3.3076714454356173,0.5107761778194368,26.18377682163165,-28.316072407896637,3.43,1.63,149.0,56.0,53.0,87.8,2438,6.4,631457,606988,600869,570731,670623,592348,621514,622682,457727,54.15,0.06,0.054,0.0,1.0,0.0,0.0,1.0,33,6,Slider,2,2,2,2,2,2,2,2,Standard,Standard,154,0.035,-0.24,,,0.06,0.24,88.0,0,0,0.504,0.496,23,31,24,31,2,1,6.0,0,7.0,1.0,2.65,-0.1,0.1,45.9,,,,,
FF,2020-08-29,96.5,3.04,6.2,"Skubal, Tarik",503556,669373,,ball,,,,,14,Ball,R,R,L,DET,MIN,B,,,1,2,2020,1.0,1.43,0.39,1.22,,,,0,5,Top,,,,,,,-9.316602168681952,-139.85371060915665,-10.863366018009774,15.32285507023982,32.90656568955793,-10.99467678554637,3.42,1.63,,,,96.0,2640,6.3,631457,606988,600869,570731,670623,592348,621514,622682,457727,54.15,,,,,,,,33,5,4-Seam Fastball,2,2,2,2,2,2,2,2,Standard,Standard,135,-0.006,0.039,,,,-0.039,,0,0,0.51,0.49,23,31,24,31,2,1,6.0,0,7.0,1.0,1.05,1.0,-1.0,42.8,,,,,
FF,2020-08-29,95.8,3.17,6.15,"Skubal, Tarik",503556,669373,,foul,,,,,4,Foul,R,R,L,DET,MIN,S,,,1,2,2020,1.04,1.07,-0.61,2.6,,,,0,5,Top,,,,,,,-12.35751723561332,-138.91610929195343,-6.243816720725484,16.053522383303235,27.495118075757745,-17.03228054001799,3.43,1.63,4.0,92.6,-32.0,96.4,2346,6.5,631457,606988,600869,570731,670623,592348,621514,622682,457727,53.95,,,,,,,,33,4,4-Seam Fastball,2,2,2,2,2,2,2,2,Standard,Standard,137,0.0,0.0,,,,0.0,92.6,0,0,0.51,0.49,23,31,24,31,2,1,6.0,0,7.0,1.0,1.41,1.04,-1.04,40.3,,,,,
SL,2020-08-29,84.5,2.95,6.29,"Skubal, Tarik",503556,669373,,called_strike,,,,,6,Called Strike,R,R,L,DET,MIN,S,,,1,1,2020,-0.04,-0.19,0.73,2.82,,,,0,5,Top,,,,,,,-5.091833277037485,-123.00947217940993,-1.3668854697505537,0.5898413917036315,23.89167473613427,-34.03442083381769,3.4,1.63,,,,84.7,2201,6.4,631457,606988,600869,570731,670623,592348,621514,622682,457727,54.12,,,,,,,,33,3,Slider,2,2,2,2,2,2,2,2,Standard,Standard,172,0.008,-0.067,,,,0.067,,0,0,0.502,0.498,23,31,24,31,2,1,6.0,0,7.0,1.0,3.37,-0.04,0.04,45.8,,,,,
FF,2020-08-29,91.9,3.16,6.25,"Skubal, Tarik",503556,669373,,foul,,,,,12,Foul,R,R,L,DET,MIN,S,,,1,0,2020,0.97,1.21,0.96,3.18,,,,0,5,Top,,,,,,,-7.639367645758237,-133.6463445635499,-4.579387690969605,13.255215656131348,27.295742887617227,-16.798623178187054,3.43,1.63,,,,91.9,2237,6.2,631457,606988,600869,570731,670623,592348,621514,622682,457727,54.29,,,,,,,,33,2,4-Seam Fastball,2,2,2,2,2,2,2,2,Standard,Standard,137,0.008,-0.056,,,,0.056,,0,0,0.494,0.506,23,31,24,31,2,1,6.0,0,7.0,1.0,1.48,0.97,-0.97,43.0,,,,,
CU,2020-08-29,73.7,2.55,6.6,"Skubal, Tarik",503556,669373,,ball,,,,,12,Ball,R,R,L,DET,MIN,B,,,0,0,2020,-0.05,-0.65,0.38,3.93,,,,0,5,Top,,,,,,,-4.333152337289019,-107.24525671979204,2.9470343425977106,0.3109355048457037,17.112610889529908,-37.878164213892575,3.34,1.63,,,,73.9,2110,6.3,631457,606988,600869,570731,670623,592348,621514,622682,457727,54.22,,,,,,,,33,1,Curveball,2,2,2,2,2,2,2,2,Standard,Standard,331,-0.006,0.045,,,,-0.045,,0,0,0.5,0.5,23,31,24,31,2,1,6.0,0,7.0,1.0,4.82,-0.05,0.05,,,,,,
CH,2020-08-29,86.2,2.39,6.59,"Skubal, Tarik",593934,669373,field_out,hit_into_play,,,,,6,Miguel Sano flies out sharply to center fielder Victor Reyes.,R,R,L,DET,MIN,X,8.0,fly_ball,1,2,2020,0.75,1.12,0.72,2.6,,,,2,4,Top,89.47,27.6,,,,,-5.514584844196904,-125.4381225236152,-5.63377548247773,8.942780777961978,21.72907490222141,-19.392364577788506,3.52,1.7,412.0,104.8,37.0,86.9,1735,6.4,631457,606988,600869,570731,670623,592348,621514,622682,457727,54.06,0.7,1.4,0.0,1.0,0.0,0.0,6.0,29,4,Changeup,2,2,2,2,2,2,2,2,Infield shift,Standard,142,0.013,-0.204,,,2.758,0.204,104.8,0,0,0.563,0.437,23,27,24,27,2,1,6.0,0,7.0,1.0,1.91,0.75,-0.75,61.0,,,,,
CU,2020-08-29,79.2,2.35,6.52,"Skubal, Tarik",593934,669373,,ball,,,,,13,Ball,R,R,L,DET,MIN,B,,,0,2,2020,-0.38,-0.68,-0.44,0.4,,,,2,4,Top,,,,,,,-5.3888650879034765,-115.24249641049136,-5.317210007384643,-2.418315054868463,21.177863431828715,-37.478126224512806,3.55,1.7,,,,79.3,2256,6.3,631457,606988,600869,570731,670623,592348,621514,622682,457727,54.16,,,,,,,,29,3,Curveball,2,2,2,2,2,2,2,2,Infield shift,Standard,333,-0.002,0.029,,,,-0.029,,0,0,0.565,0.435,23,27,24,27,2,1,6.0,0,7.0,1.0,4.31,-0.38,0.38,,,,,,
FF,2020-08-29,95.6,3.21,6.19,"Skubal, Tarik",593934,669373,,swinging_strike,,,,,6,Swinging Strike,R,R,L,DET,MIN,S,,,0,1,2020,1.28,1.24,0.52,2.37,,,,2,4,Top,,,,,,,-9.970241141798285,-138.71531783619636,-7.1679711420902965,18.86448617409957,32.47872932625645,-14.724595514042704,3.52,1.7,,,,95.3,2539,6.4,631457,606988,600869,570731,670623,592348,621514,622682,457727,54.11,,,,,,,,29,2,4-Seam Fastball,2,2,2,2,2,2,2,2,Infield shift,Standard,134,0.003,-0.071,,,,0.071,,0,0,0.562,0.4379999999999999,23,27,24,27,2,1,6.0,0,7.0,1.0,1.28,1.28,-1.28,41.4,,,,,
CU,2020-08-29,74.7,2.6,6.64,"Skubal, Tarik",593934,669373,,swinging_strike,,,,,14,Swinging Strike,R,R,L,DET,MIN,S,,,0,0,2020,-0.15,-0.81,0.57,1.1,,,,2,4,Top,,,,,,,-3.909044010676954,-108.84862276336024,-2.84055928996727,-0.5473736253987657,18.49045511194572,-38.352305900528854,3.52,1.7,,,,74.7,2231,6.2,631457,606988,600869,570731,670623,592348,621514,622682,457727,54.35,,,,,,,,29,1,Curveball,2,2,2,2,2,2,2,2,Infield shift,Standard,341,0.003,-0.045,,,,0.045,,0,0,0.559,0.4409999999999999,23,27,24,27,2,1,6.0,0,7.0,1.0,4.87,-0.15,0.15,,,,,,
SL,2020-08-29,84.1,2.88,6.35,"Skubal, Tarik",592696,669373,field_out,hit_into_play,,,,,5,Eddie Rosario lines out to second baseman Jonathan Schoop.,R,L,L,DET,MIN,X,4.0,line_drive,1,1,2020,-0.15,0.31,-0.25,2.24,,,,1,4,Top,152.42,144.46,,,,,-6.9985210364927415,-122.31445198581407,-3.798790731276786,-0.1874228968076472,22.80492443997574,-28.525576660879658,3.41,1.56,148.0,89.4,9.0,84.5,2217,6.5,631457,606988,600869,570731,670623,592348,621514,622682,457727,54.02,0.58,0.539,0.0,1.0,0.0,0.0,4.0,28,3,Slider,2,2,2,2,2,2,2,2,Infield shift,Standard,188,0.024,-0.256,,,0.639,0.256,89.4,0,0,0.535,0.4649999999999999,23,28,24,29,2,1,6.0,0,7.0,1.0,2.9,-0.15,-0.15,50.7,,,,,
FF,2020-08-29,93.9,2.73,6.4,"Skubal, Tarik",592696,669373,,foul,,,,,8,Foul,R,L,L,DET,MIN,S,,,1,0,2020,1.01,1.48,-0.2,2.0,,,,1,4,Top,,,,,,,-9.8008123058362,-136.17928389987392,-8.883823498537756,14.733727630929804,31.10541509811593,-11.903154241665549,3.41,1.56,167.0,82.9,69.0,93.6,2331,6.4,631457,606988,600869,570731,670623,592348,621514,622682,457727,54.11,,,,,,,,28,2,4-Seam Fastball,2,2,2,2,2,2,2,2,Infield shift,Standard,147,0.005,-0.052,,,,0.052,88.0,0,0,0.53,0.47,23,28,24,29,2,1,6.0,0,7.0,1.0,1.13,1.01,1.01,49.0,,,,,
FF,2020-08-29,94.1,2.71,6.49,"Skubal, Tarik",592696,669373,,ball,,,,,13,Ball,R,L,L,DET,MIN,B,,,0,0,2020,0.98,1.57,-0.12,0.77,,,,1,4,Top,,,,,,,-9.493553269776983,-136.2967686050788,-12.566214385702017,14.28486805700865,29.026524338821975,-9.907289888197242,3.31,1.56,,,,94.0,2466,6.4,631457,606988,600869,570731,670623,592348,621514,622682,457727,54.06,,,,,,,,28,1,4-Seam Fastball,2,2,2,2,2,2,2,2,Infield shift,Standard,142,-0.004,0.042,,,,-0.042,,0,0,0.534,0.4659999999999999,23,28,24,29,2,1,6.0,0,7.0,1.0,1.02,0.98,0.98,51.5,,,,,
CH,2020-08-29,80.5,2.57,6.56,"Skubal, Tarik",443558,669373,home_run,hit_into_play,,,,,6,Nelson Cruz homers (13) on a fly ball to left field.,R,R,L,DET,MIN,X,,fly_ball,2,0,2020,0.65,1.07,0.42,2.55,,,,1,4,Top,17.13,50.66,,,,,-6.025779484225162,-117.1002232207736,-4.288236381867032,7.070561281407873,21.347430630189084,-21.67652387458366,3.59,1.63,431.0,107.7,27.0,80.9,1544,6.5,631457,606988,600869,570731,670623,592348,621514,622682,457727,53.99,0.993,2.0,2.0,1.0,0.0,3.0,6.0,27,3,Changeup,2,1,1,2,2,2,2,2,Infield shift,Standard,133,-0.15,1.477,,,3.957,-1.477,107.7,1,-1,0.684,0.3159999999999999,23,39,24,40,2,1,6.0,0,7.0,1.0,2.44,0.65,-0.65,56.1,,,,,
CH,2020-08-29,81.9,2.57,6.57,"Skubal, Tarik",443558,669373,,ball,,,,,14,Ball,R,R,L,DET,MIN,B,,,1,0,2020,0.96,1.02,1.05,2.22,,,,1,4,Top,,,,,,,-5.297164005214,-119.07898847829031,-5.196239718284858,10.11592869443015,23.357403257082726,-21.66545825641039,3.56,1.63,,,,81.9,1582,6.4,631457,606988,600869,570731,670623,592348,621514,622682,457727,54.1,,,,,,,,27,2,Changeup,2,1,1,2,1,2,1,2,Infield shift,Standard,132,-0.008,0.063,,,,-0.063,,1,-1,0.692,0.308,23,39,24,40,2,1,6.0,0,7.0,1.0,2.39,0.96,-0.96,54.2,,,,,
FF,2020-08-29,92.3,3.15,6.27,"Skubal, Tarik",443558,669373,,ball,,,,,12,Ball,R,R,L,DET,MIN,B,,,0,0,2020,0.97,1.22,1.35,2.74,,,,1,4,Top,,,,,,,-6.679507783528163,-134.24537612743856,-5.8396568892846075,13.09830636986457,27.683745513415968,-16.325371493478794,3.59,1.63,,,,92.5,2187,6.3,631457,606988,600869,570731,670623,592348,621514,622682,457727,54.16,,,,,,,,27,1,4-Seam Fastball,2,1,1,2,1,2,1,2,Infield shift,Standard,137,-0.004,0.042,,,,-0.042,,1,-1,0.696,0.304,23,39,24,40,2,1,6.0,0,7.0,1.0,1.45,0.97,-0.97,44.0,,,,,
SL,2020-08-29,82.7,2.96,6.37,"Skubal, Tarik",596146,669373,field_out,hit_into_play,,,,,3,Max Kepler pops out to shortstop Niko Goodrum.,R,L,L,DET,MIN,X,6.0,popup,0,0,2020,-0.27,-0.02,0.46,3.03,,,,0,4,Top,103.31,136.45,,,,,-5.154913114762499,-120.3644166277794,-1.0758381278544458,-1.6091587464714563,23.99912013122732,-32.39994312908237,3.55,1.63,163.0,74.2,62.0,82.5,2173,6.2,631457,606988,600869,570731,670623,592348,621514,622682,457727,54.28,0.007,0.006,0.0,1.0,0.0,0.0,3.0,26,1,Slider,2,1,1,2,1,2,1,2,Infield shift,Standard,216,0.036,-0.28,,,0.007,0.28,88.0,1,-1,0.66,0.3399999999999999,23,27,24,27,2,1,6.0,0,7.0,1.0,3.36,-0.27,-0.27,49.1,,,,,
SL,2020-08-29,85.5,2.99,6.21,"Skubal, Tarik",593871,669373,strikeout,called_strike,,,,,2,Jorge Polanco called out on strikes.,R,R,L,DET,MIN,S,2.0,,3,2,2020,-0.17,0.0,0.01,3.16,,,,2,3,Top,,,,,,,-6.722617655904216,-124.4901749150579,-0.9582460815514192,-0.4783186454240548,23.760265386092293,-32.143033642858946,3.2,1.6,,,,86.0,2448,6.5,631457,606988,600869,570731,670623,592348,621514,622682,457727,54.03,,0.0,0.0,1.0,0.0,0.0,,20,6,Slider,0,1,1,0,1,0,1,0,Standard,Standard,242,0.013,-0.351,,,,0.351,,-1,1,0.402,0.598,23,26,24,27,2,1,6.0,0,7.0,1.0,3.1,-0.17,0.17,46.0,,,,,
SL,2020-08-29,84.3,3.03,6.21,"Skubal, Tarik",593871,669373,,ball,,,,,12,Ball,R,R,L,DET,MIN,B,,,2,2,2020,-0.19,0.04,1.01,4.3,,,,2,3,Top,,,,,,,-4.330667259003868,-122.91338884671173,1.7584605181616917,-1.2352221492542963,20.30786833453329,-32.224076172879656,3.18,1.6,,,,85.3,2389,6.5,631457,606988,600869,570731,670623,592348,621514,622682,457727,54.02,,,,,,,,20,5,Slider,0,1,1,0,1,0,1,0,Standard,Standard,234,-0.003,0.101,,,,-0.101,,-1,1,0.405,0.595,23,26,24,27,2,1,6.0,0,7.0,1.0,3.11,-0.19,0.19,46.3,,,,,
CH,2020-08-29,82.9,2.36,6.59,"Skubal, Tarik",593871,669373,,ball,,,,,13,Ball,R,R,L,DET,MIN,B,,,1,2,2020,1.1,1.12,-0.1,1.16,,,,2,3,Top,,,,,,,-7.7635038701085985,-120.27058860626856,-8.105760238581277,12.14210828546344,23.109512355327,-19.84177365802008,3.16,1.6,,,,82.9,1725,6.5,631457,606988,600869,570731,670623,592348,621514,622682,457727,54.04,,,,,,,,20,4,Changeup,0,1,1,0,1,0,1,0,Standard,Standard,136,-0.002,0.046,,,,-0.046,,-1,1,0.407,0.593,23,26,24,27,2,1,6.0,0,7.0,1.0,2.21,1.1,-1.1,56.8,,,,,
FF,2020-08-29,96.7,3.07,6.41,"Skubal, Tarik",593871,669373,,ball,,,,,12,Ball,R,R,L,DET,MIN,B,,,0,2,2020,0.99,1.15,0.75,4.87,,,,2,3,Top,,,,,,,-8.425027190588757,-140.66832436802704,-1.1633766984646416,15.092579419476928,31.823505652549596,-16.879840977961027,3.25,1.6,,,,96.5,2391,6.2,631457,606988,600869,570731,670623,592348,621514,622682,457727,54.33,,,,,,,,20,3,4-Seam Fastball,0,1,1,0,1,0,1,0,Standard,Standard,148,-0.001,0.029,,,,-0.029,,-1,1,0.408,0.5920000000000001,23,26,24,27,2,1,6.0,0,7.0,1.0,1.29,0.99,-0.99,46.5,,,,,
FF,2020-08-29,95.8,3.18,6.24,"Skubal, Tarik",593871,669373,,foul,,,,,5,Foul,R,R,L,DET,MIN,S,,,0,1,2020,1.06,1.16,0.07,2.2,,,,2,3,Top,,,,,,,-10.604178177147077,-138.8944928167341,-7.555620406996781,16.335789946701077,35.80163312152729,-15.572841846660744,3.39,1.6,196.0,71.6,50.0,95.0,2517,6.4,631457,606988,600869,570731,670623,592348,621514,622682,457727,54.14,,,,,,,,20,2,4-Seam Fastball,0,1,1,0,1,0,1,0,Standard,Standard,140,0.002,-0.071,,,,0.071,88.0,-1,1,0.406,0.594,23,26,24,27,2,1,6.0,0,7.0,1.0,1.38,1.06,-1.06,42.3,,,,,
CU,2020-08-29,75.1,2.47,6.63,"Skubal, Tarik",593871,669373,,called_strike,,,,,7,Called Strike,R,R,L,DET,MIN,S,,,0,0,2020,-0.4,-1.25,-0.53,1.91,,,,2,3,Top,,,,,,,-5.501549688110964,-109.1101476708383,-0.2707662530858716,-2.0364539690450876,22.248631954993307,-42.21822457064631,3.36,1.6,,,,74.4,2306,6.2,631457,606988,600869,570731,670623,592348,621514,622682,457727,54.25,,,,,,,,20,1,Curveball,0,1,1,0,1,0,1,0,Standard,Standard,332,0.002,-0.045,,,,0.045,,-1,1,0.404,0.596,23,26,24,27,2,1,6.0,0,7.0,1.0,5.36,-0.4,0.4,,,,,,
FF,2020-08-29,94.1,3.25,6.18,"Skubal, Tarik",680777,669373,field_out,hit_into_play,,,,,12,Ryan Jeffers flies out to right fielder Cameron Maybin in foul territory.,R,R,L,DET,MIN,X,9.0,fly_ball,3,2,2020,1.03,1.48,1.08,3.52,,,,1,3,Top,221.68,110.62,,,,,-7.916698696439797,-136.75883737576106,-4.439761741317312,14.735080372910051,31.531907182884073,-12.839935823382463,3.55,1.63,305.0,91.1,44.0,93.9,2549,6.3,631457,606988,600869,570731,670623,592348,621514,622682,457727,54.16,0.007,0.007,0.0,1.0,0.0,0.0,3.0,19,6,4-Seam Fastball,0,1,1,0,1,0,1,0,Strategic,Standard,135,0.022,-0.33,,,0.012,0.33,91.1,-1,1,0.382,0.618,23,23,24,23,1,0,6.0,4,7.0,1.0,1.11,1.03,-1.03,40.7,,,,,
FF,2020-08-29,95.1,2.75,6.3,"Skubal, Tarik",680777,669373,,ball,,,,,13,Ball,R,R,L,DET,MIN,B,,,2,2,2020,1.15,1.34,-0.59,-0.02,,,,1,3,Top,,,,,,,-11.294964168577964,-137.47313422414638,-13.866449804867658,17.034578391261547,30.282661794761935,-12.035384126205864,3.26,1.63,,,,94.8,2447,6.5,631457,606988,600869,570731,670623,592348,621514,622682,457727,54.03,,,,,,,,19,5,4-Seam Fastball,0,1,1,0,1,0,1,0,Strategic,Standard,143,-0.006,0.096,,,,-0.096,,-1,1,0.388,0.612,23,23,24,23,1,0,6.0,4,7.0,1.0,1.21,1.15,-1.15,46.3,,,,,
FF,2020-08-29,96.7,3.18,6.22,"Skubal, Tarik",680777,669373,,ball,,,,,12,Ball,R,R,L,DET,MIN,B,,,1,2,2020,1.07,1.33,0.48,4.69,,,,1,3,Top,,,,,,,-9.6184301805942,-140.4875043815576,-1.5223453745452296,16.387066579315,32.75536690470866,-14.454163984380637,3.28,1.63,,,,96.5,2436,6.3,631457,606988,600869,570731,670623,592348,621514,622682,457727,54.17,,,,,,,,19,4,4-Seam Fastball,0,1,1,0,1,0,1,0,Strategic,Standard,141,-0.002,0.047,,,,-0.047,,-1,1,0.39,0.61,23,23,24,23,1,0,6.0,4,7.0,1.0,1.12,1.07,-1.07,41.0,,,,,
SL,2020-08-29,85.6,2.95,6.24,"Skubal, Tarik",680777,669373,,ball,,,,,13,Ball,R,R,L,DET,MIN,B,,,0,2,2020,0.01,-0.15,-0.31,1.36,,,,1,3,Top,,,,,,,-7.736870544588201,-124.40935952817578,-4.928511925507699,1.6670596698903075,25.545185788463296,-32.92390769358468,3.17,1.63,,,,85.8,2334,6.5,631457,606988,600869,570731,670623,592348,621514,622682,457727,53.97,,,,,,,,19,3,Slider,0,1,1,0,1,0,1,0,Standard,Standard,190,-0.002,0.024,,,,-0.024,,-1,1,0.392,0.608,23,23,24,23,1,0,6.0,4,7.0,1.0,3.28,0.01,-0.01,47.1,,,,,
FF,2020-08-29,96.4,3.25,6.19,"Skubal, Tarik",680777,669373,,foul,,,,,5,Foul,R,R,L,DET,MIN,S,,,0,1,2020,1.0,1.18,-0.15,2.88,,,,1,3,Top,,,,,,,-11.274106869270314,-139.86037309163387,-5.8600314696069065,15.63262626158678,31.925285698673985,-15.44819914447844,3.55,1.63,,,,96.2,2419,6.4,631457,606988,600869,570731,670623,592348,621514,622682,457727,54.13,,,,,,,,19,2,4-Seam Fastball,0,1,1,0,1,0,1,0,Infield shift,Standard,142,0.003,-0.062,,,,0.062,,-1,1,0.389,0.611,23,23,24,23,1,0,6.0,4,7.0,1.0,1.29,1.0,-1.0,41.6,,,,,
FF,2020-08-29,94.0,3.1,6.28,"Skubal, Tarik",680777,669373,,called_strike,,,,,3,Called Strike,R,R,L,DET,MIN,S,,,0,0,2020,1.03,1.29,0.73,3.0,,,,1,3,Top,,,,,,,-8.406098501957976,-136.49600089833743,-5.573284781427028,14.778468955886256,32.14877525308655,-14.959021649337146,3.34,1.63,,,,93.4,2473,6.2,631457,606988,600869,570731,670623,592348,621514,622682,457727,54.27,,,,,,,,19,1,4-Seam Fastball,0,1,1,0,1,0,1,0,Infield shift,Standard,142,0.003,-0.041,,,,0.041,,-1,1,0.386,0.614,23,23,24,23,1,0,6.0,4,7.0,1.0,1.31,1.03,-1.03,43.1,,,,,
FF,2020-08-29,94.0,3.35,6.14,"Skubal, Tarik",595909,669373,field_out,hit_into_play,,,,,6,Jake Cave flies out to left fielder Christin Stewart.,R,L,L,DET,MIN,X,7.0,fly_ball,1,1,2020,0.91,1.26,0.71,2.39,,,,0,3,Top,47.06,95.9,,,,,-8.85159904753243,-136.41275825125925,-6.735429470785435,13.411672422466436,31.232901412958174,-15.116834382816393,3.23,1.58,306.0,91.1,32.0,93.7,2388,6.4,631457,606988,600869,570731,670623,592348,621514,622682,457727,54.15,0.093,0.154,0.0,1.0,0.0,0.0,3.0,18,3,4-Seam Fastball,0,1,1,0,1,0,1,0,Infield shift,Standard,136,0.023,-0.269,,,0.28,0.269,91.1,-1,1,0.363,0.637,23,27,24,28,1,0,6.0,3,7.0,1.0,1.34,0.91,0.91,41.1,,,,,
SL,2020-08-29,85.2,2.86,6.29,"Skubal, Tarik",595909,669373,,ball,,,,,13,Ball,R,L,L,DET,MIN,B,,,0,1,2020,0.0,0.62,-0.64,0.68,,,,0,3,Top,,,,,,,-8.221098446147074,-123.76147363242792,-8.170193796391063,1.4891887952759522,22.14685831430647,-24.43754323087046,3.25,1.58,,,,85.6,2050,6.4,631457,606988,600869,570731,670623,592348,621514,622682,457727,54.07,,,,,,,,18,2,Slider,0,1,1,0,1,0,1,0,Infield shift,Standard,153,-0.003,0.035,,,,-0.035,,-1,1,0.366,0.634,23,27,24,28,1,0,6.0,3,7.0,1.0,2.51,0.0,0.0,47.7,,,,,
FF,2020-08-29,91.2,3.06,6.27,"Skubal, Tarik",595909,669373,,called_strike,,,,,3,Called Strike,R,L,L,DET,MIN,S,,,0,0,2020,1.18,1.1,0.56,2.89,,,,0,3,Top,,,,,,,-8.805717075402297,-132.51843181733344,-5.027353510881835,15.668005002907176,25.12486014480702,-18.255148255334248,3.28,1.58,,,,91.4,2205,6.2,631457,606988,600869,570731,670623,592348,621514,622682,457727,54.27,,,,,,,,18,1,4-Seam Fastball,0,1,1,0,1,0,1,0,Infield shift,Standard,145,0.004,-0.046,,,,0.046,,-1,1,0.362,0.638,23,27,24,28,1,0,6.0,3,7.0,1.0,1.62,1.18,1.18,43.8,,,,,
SL,2020-08-29,86.6,3.0,6.25,"Skubal, Tarik",650333,669373,grounded_into_double_play,hit_into_play,,,,,13,"Luis Arraez grounds into a double play, shortstop Niko Goodrum to third baseman Isaac Paredes to first baseman Jeimer Candelario. Miguel Sano out at 2nd. Luis Arraez out at 1st.",R,L,L,DET,MIN,X,6.0,ground_ball,1,2,2020,-0.03,0.14,-1.16,1.58,,,593934.0,1,2,Top,113.23,160.78,,,,,-9.886190433622165,-125.80006493891808,-5.2901577277395955,1.495744713471297,23.104436970945212,-29.809130224284846,2.93,1.43,9.0,79.9,-9.0,87.1,2368,6.5,631457,606988,600869,570731,670623,592348,621514,622682,457727,54.0,0.14,0.123,0.0,1.0,0.0,0.0,2.0,12,4,Slider,0,1,1,0,1,0,1,0,Infield shift,Strategic,195,0.046,-0.252,,,0.179,0.252,88.0,-1,1,0.382,0.618,23,23,24,23,1,0,6.0,3,7.0,1.0,2.88,-0.03,-0.03,48.7,,,,,
SL,2020-08-29,84.0,3.0,6.19,"Skubal, Tarik",650333,669373,,swinging_strike,,,,,13,Swinging Strike,R,L,L,DET,MIN,S,,,1,1,2020,-0.14,-0.23,-0.77,1.07,,,593934.0,1,2,Top,,,,,,,-8.475799609817463,-122.11097880414556,-5.054947554941074,0.146865570687959,21.735570319017924,-33.76568652492344,2.93,1.43,,,,84.5,2402,6.5,631457,606988,600869,570731,670623,592348,621514,622682,457727,54.03,,,,,,,,12,3,Slider,0,1,1,0,1,0,1,0,Infield shift,Strategic,196,0.006,-0.047,,,,0.047,,-1,1,0.376,0.624,23,23,24,23,1,0,6.0,3,7.0,1.0,3.44,-0.14,-0.14,45.4,,,,,
FF,2020-08-29,94.5,2.45,6.57,"Skubal, Tarik",650333,669373,,ball,,,,,11,Ball,R,L,L,DET,MIN,B,,,0,1,2020,0.78,1.58,-1.07,2.9,,,593934.0,1,2,Top,,,,,,,-10.912026758970017,-137.07631168315845,-7.379306388112559,12.216079136894384,29.566495069157963,-10.669806322868174,2.95,1.43,,,,94.5,2504,6.4,631457,606988,600869,570731,670623,592348,621514,622682,457727,54.07,,,,,,,,12,2,4-Seam Fastball,0,1,1,0,1,0,1,0,Infield shift,Strategic,155,-0.003,0.01,,,,-0.01,,-1,1,0.379,0.621,23,23,24,23,1,0,6.0,3,7.0,1.0,0.98,0.78,0.78,55.5,,,,,
FF,2020-08-29,93.5,2.91,6.26,"Skubal, Tarik",650333,669373,,called_strike,,,,,1,Called Strike,R,L,L,DET,MIN,S,,,0,0,2020,1.04,1.39,-0.61,2.8,,,593934.0,1,2,Top,,,,,,,-11.34637778218856,-135.7284648782391,-6.2577591269849995,15.15854526175803,26.657713070356916,-13.71709767869231,2.98,1.43,,,,93.9,2528,6.4,631457,606988,600869,570731,670623,592348,621514,622682,457727,54.1,,,,,,,,12,1,4-Seam Fastball,0,1,1,0,1,0,1,0,Infield shift,Strategic,146,0.004,-0.037,,,,0.037,,-1,1,0.375,0.625,23,23,24,23,1,0,6.0,3,7.0,1.0,1.21,1.04,1.04,44.3,,,,,
FF,2020-08-29,92.9,3.03,6.25,"Skubal, Tarik",503556,669373,sac_fly,hit_into_play,,,,,5,Marwin Gonzalez out on a sacrifice fly to left fielder Christin Stewart. Eddie Rosario scores.,R,R,L,DET,MIN,X,7.0,line_drive,1,0,2020,1.0,1.17,0.24,2.43,592696.0,,593934.0,0,2,Top,36.81,102.68,,,,,-9.337761189202846,-134.83752409003367,-6.540363268024807,14.204339486839476,28.650389294078114,-16.626575334255087,3.43,1.63,309.0,90.6,24.0,92.9,2414,6.4,631457,606988,600869,570731,670623,592348,621514,622682,457727,54.12,0.147,0.16,0.0,1.0,0.0,0.0,3.0,11,2,4-Seam Fastball,0,0,0,0,1,0,1,0,Standard,Strategic,141,0.024,-0.289,,,0.261,0.289,90.6,0,0,0.351,0.649,23,31,24,31,1,0,6.0,0,7.0,1.0,1.48,1.0,-1.0,46.4,,,,,
SL,2020-08-29,86.0,2.99,6.25,"Skubal, Tarik",503556,669373,,ball,,,,,13,Ball,R,R,L,DET,MIN,B,,,0,0,2020,0.01,0.14,-1.89,1.83,592696.0,,593934.0,0,2,Top,,,,,,,-11.62338782532872,-124.85014874197545,-4.5477445080707,2.2216039838956156,23.059896217725353,-30.0004979146629,3.5,1.63,,,,86.4,2303,6.5,631457,606988,600869,570731,670623,592348,621514,622682,457727,53.99,,,,,,,,11,1,Slider,0,0,0,0,0,0,0,0,Standard,Strategic,141,-0.005,0.033,,,,-0.033,,0,0,0.356,0.644,23,31,24,31,1,0,6.0,0,7.0,1.0,2.94,0.01,-0.01,46.6,,,,,
FF,2020-08-29,95.5,2.82,6.25,"Skubal, Tarik",593934,669373,single,hit_into_play,,,,,4,Miguel Sano singles on a sharp line drive to left fielder Christin Stewart. Eddie Rosario to 3rd.,R,R,L,DET,MIN,X,7.0,line_drive,1,1,2020,1.22,1.15,-0.44,2.3,,,592696.0,0,2,Top,71.36,85.88,,,,,-11.28236052577723,-138.42530325121302,-7.324072134925832,18.19009584375732,31.85712296495557,-15.788553689150508,3.52,1.7,215.0,111.9,12.0,95.1,2358,6.4,631457,606988,600869,570731,670623,592348,621514,622682,457727,54.15,0.873,0.912,0.9,1.0,1.0,0.0,6.0,10,3,4-Seam Fastball,0,0,0,0,0,0,0,0,Infield shift,Standard,141,-0.102,0.488,,,1.216,-0.488,111.9,0,0,0.458,0.542,23,27,24,27,1,0,6.0,0,7.0,1.0,1.37,1.22,-1.22,45.6,,,,,
CH,2020-08-29,82.4,2.38,6.6,"Skubal, Tarik",593934,669373,,called_strike,,,,,7,Called Strike,R,R,L,DET,MIN,S,,,1,0,2020,0.7,1.23,-0.61,2.04,,,592696.0,0,2,Top,,,,,,,-8.146792200047114,-119.7443761405432,-6.294991860177406,8.205634845238263,20.588783863165073,-19.25106364190501,3.57,1.7,,,,82.8,1542,6.4,631457,606988,600869,570731,670623,592348,621514,622682,457727,54.11,,,,,,,,10,2,Changeup,0,0,0,0,0,0,0,0,Infield shift,Standard,142,0.008,-0.049,,,,0.049,,0,0,0.45,0.55,23,27,24,27,1,0,6.0,0,7.0,1.0,2.1,0.7,-0.7,59.1,,,,,
FF,2020-08-29,92.9,3.06,6.3,"Skubal, Tarik",593934,669373,,ball,,,,,12,Ball,R,R,L,DET,MIN,B,,,0,0,2020,1.0,1.35,1.09,4.11,,,592696.0,0,2,Top,,,,,,,-7.2123929983548,-135.14576917214512,-2.777048814774574,13.793501764729596,28.776132932549764,-15.211032027288608,3.51,1.7,,,,92.9,2295,6.3,631457,606988,600869,570731,670623,592348,621514,622682,457727,54.24,,,,,,,,10,1,4-Seam Fastball,0,0,0,0,0,0,0,0,Infield shift,Standard,146,-0.006,0.025,,,,-0.025,,0,0,0.456,0.544,23,27,24,27,1,0,6.0,0,7.0,1.0,1.29,1.0,-1.0,45.4,,,,,
SL,2020-08-29,84.2,3.01,6.36,"Skubal, Tarik",592696,669373,single,hit_into_play,,,,,7,Eddie Rosario singles on a ground ball to right fielder Cameron Maybin.,R,L,L,DET,MIN,X,9.0,ground_ball,0,0,2020,-0.21,0.03,-0.37,2.06,,,,0,2,Top,160.03,107.18,,,,,-7.407863105636773,-122.42138586218996,-3.6627222257719327,-0.7478824472991478,23.101887117607312,-31.355581748297723,3.41,1.56,138.0,78.7,12.0,84.4,2266,6.4,631457,606988,600869,570731,670623,592348,621514,622682,457727,54.13,0.473,0.43,0.9,1.0,1.0,0.0,4.0,9,1,Slider,0,0,0,0,0,0,0,0,Infield shift,Standard,176,-0.044,0.443,,,0.504,-0.443,88.0,0,0,0.5,0.5,23,28,24,29,1,0,6.0,0,7.0,1.0,3.18,-0.21,-0.21,48.0,,,,,
FF,2020-08-29,97.9,2.88,6.18,"Skubal, Tarik",443558,669373,field_out,hit_into_play,,,,,8,Nelson Cruz lines out to first baseman Jeimer Candelario.,R,R,L,DET,MIN,X,3.0,line_drive,2,2,2020,1.26,1.32,-0.13,1.56,,,,2,1,Top,153.54,149.94,,,,,-11.035927513653188,-141.8845696876246,-10.044270534245705,19.445893608581716,29.833352371819377,-12.16314914534389,3.59,1.63,140.0,94.6,6.0,98.2,2627,6.5,631457,606988,600869,570731,670623,592348,621514,622682,457727,54.0,0.54,0.511,0.0,1.0,0.0,0.0,4.0,3,10,4-Seam Fastball,0,0,0,0,0,0,0,0,Infield shift,Standard,141,0.011,-0.25,,,0.635,0.25,94.6,0,0,0.544,0.4559999999999999,23,39,24,40,1,0,6.0,0,7.0,1.0,1.06,1.26,-1.26,41.5,,,,,
FF,2020-08-29,98.5,2.89,6.32,"Skubal, Tarik",443558,669373,,foul,,,,,11,Foul,R,R,L,DET,MIN,S,,,2,2,2020,0.75,1.55,-0.99,3.22,,,,2,1,Top,,,,,,,-12.2500365797714,-142.77309063668744,-6.47406395881635,13.393346259407586,36.97817226346723,-9.676617736824234,3.59,1.63,4.0,71.8,-35.0,97.8,2569,6.4,631457,606988,600869,570731,670623,592348,621514,622682,457727,54.12,,,,,,,,3,9,4-Seam Fastball,0,0,0,0,0,0,0,0,Infield shift,Standard,147,0.0,0.0,,,,0.0,88.0,0,0,0.544,0.4559999999999999,23,39,24,40,1,0,6.0,0,7.0,1.0,0.85,0.75,-0.75,44.5,,,,,
FF,2020-08-29,97.4,3.02,6.28,"Skubal, Tarik",443558,669373,,foul,,,,,14,Foul,R,R,L,DET,MIN,S,,,2,2,2020,1.0,1.33,1.06,1.89,,,,2,1,Top,,,,,,,-7.568595319558376,-141.4367262204183,-9.284626770868485,15.17435690551288,33.77834975436744,-12.335712300508977,3.59,1.63,288.0,86.9,41.0,97.2,2607,6.4,631457,606988,600869,570731,670623,592348,621514,622682,457727,54.13,,,,,,,,3,8,4-Seam Fastball,0,0,0,0,0,0,0,0,Infield shift,Standard,138,0.0,0.0,,,,0.0,88.0,0,0,0.544,0.4559999999999999,23,39,24,40,1,0,6.0,0,7.0,1.0,1.09,1.0,-1.0,44.7,,,,,
CH,2020-08-29,84.5,2.31,6.66,"Skubal, Tarik",443558,669373,,foul,,,,,14,Foul,R,R,L,DET,MIN,S,,,2,2,2020,0.63,1.27,0.89,2.14,,,,2,1,Top,,,,,,,-4.565852503700481,-122.89983847682176,-6.75063488932908,7.269385932593298,22.07111742229241,-18.161851554482904,3.59,1.63,136.0,72.8,74.0,84.9,1704,6.4,631457,606988,600869,570731,670623,592348,621514,622682,457727,54.11,,,,,,,,3,7,Changeup,0,0,0,0,0,0,0,0,Infield shift,Standard,143,0.0,0.0,,,,0.0,88.0,0,0,0.544,0.4559999999999999,23,39,24,40,1,0,6.0,0,7.0,1.0,1.9,0.63,-0.63,58.2,,,,,
FF,2020-08-29,97.7,3.02,6.2,"Skubal, Tarik",443558,669373,,foul,,,,,1,Foul,R,R,L,DET,MIN,S,,,2,2,2020,0.99,1.39,-0.37,3.26,,,,2,1,Top,,,,,,,-11.424027019103413,-141.76314888047486,-5.60632962200016,16.055901173192332,33.71225468912059,-12.250973706653784,3.59,1.63,,,,97.6,2698,6.5,631457,606988,600869,570731,670623,592348,621514,622682,457727,54.01,,,,,,,,3,6,4-Seam Fastball,0,0,0,0,0,0,0,0,Infield shift,Standard,142,0.0,0.0,,,,0.0,,0,0,0.544,0.4559999999999999,23,39,24,40,1,0,6.0,0,7.0,1.0,1.02,0.99,-0.99,42.9,,,,,
FF,2020-08-29,97.9,3.1,6.19,"Skubal, Tarik",443558,669373,,foul,,,,,4,Foul,R,R,L,DET,MIN,S,,,2,2,2020,0.89,1.2,-0.42,2.72,,,,2,1,Top,,,,,,,-11.55748854315116,-141.93341764153485,-6.625458339796515,14.708905469655788,32.642285361719324,-14.474761720556218,3.59,1.63,246.0,75.3,41.0,97.8,2642,6.5,631457,606988,600869,570731,670623,592348,621514,622682,457727,54.04,,,,,,,,3,5,4-Seam Fastball,0,0,0,0,0,0,0,0,Infield shift,Standard,142,0.0,0.0,,,,0.0,88.0,0,0,0.544,0.4559999999999999,23,39,24,40,1,0,6.0,0,7.0,1.0,1.19,0.89,-0.89,41.6,,,,,
FF,2020-08-29,94.0,2.86,6.33,"Skubal, Tarik",443558,669373,,foul,,,,,12,Foul,R,R,L,DET,MIN,S,,,2,1,2020,0.86,1.41,1.06,3.53,,,,2,1,Top,,,,,,,-6.57033995963654,-136.76395587826474,-4.654914533509021,12.248039504060674,30.093035480165145,-13.581515370868887,3.59,1.63,236.0,77.0,28.0,94.0,2485,6.3,631457,606988,600869,570731,670623,592348,621514,622682,457727,54.19,,,,,,,,3,4,4-Seam Fastball,0,0,0,0,0,0,0,0,Infield shift,Standard,148,0.002,-0.084,,,,0.084,88.0,0,0,0.542,0.4579999999999999,23,39,24,40,1,0,6.0,0,7.0,1.0,1.17,0.86,-0.86,48.0,,,,,
FF,2020-08-29,97.5,3.09,6.22,"Skubal, Tarik",443558,669373,,ball,,,,,13,Ball,R,R,L,DET,MIN,B,,,1,1,2020,1.0,1.33,-0.82,1.31,,,,2,1,Top,,,,,,,-12.757821207475368,-141.0403906799709,-10.676040330664646,16.212878997572286,32.22728685472506,-11.992731939931714,3.52,1.63,,,,97.0,2637,6.4,631457,606988,600869,570731,670623,592348,621514,622682,457727,54.14,,,,,,,,3,3,4-Seam Fastball,0,0,0,0,0,0,0,0,Infield shift,Standard,142,-0.002,0.054,,,,-0.054,,0,0,0.544,0.4559999999999999,23,39,24,40,1,0,6.0,0,7.0,1.0,1.1,1.0,-1.0,43.0,,,,,
CU,2020-08-29,76.9,2.56,6.55,"Skubal, Tarik",443558,669373,,ball,,,,,12,Ball,R,R,L,DET,MIN,B,,,0,1,2020,-0.34,-1.14,1.42,3.21,,,,2,1,Top,,,,,,,-1.7962031365223734,-111.90166693636232,2.0003908671169723,-2.544730082274895,20.936715386502524,-42.32142277014248,3.48,1.63,,,,76.9,2247,6.4,631457,606988,600869,570731,670623,592348,621514,622682,457727,54.12,,,,,,,,3,2,Curveball,0,0,0,0,0,0,0,0,Infield shift,Standard,337,-0.001,0.034,,,,-0.034,,0,0,0.545,0.4549999999999999,23,39,24,40,1,0,6.0,0,7.0,1.0,5.01,-0.34,0.34,,,,,,
FF,2020-08-29,95.3,2.95,6.25,"Skubal, Tarik",443558,669373,,called_strike,,,,,9,Called Strike,R,R,L,DET,MIN,S,,,0,0,2020,1.03,1.45,0.54,1.92,,,,2,1,Top,,,,,,,-8.621798334902886,-138.35610488969064,-8.967463864081969,15.165750327834186,30.922124501123463,-11.646582901657707,3.54,1.63,,,,95.1,2559,6.3,631457,606988,600869,570731,670623,592348,621514,622682,457727,54.18,,,,,,,,3,1,4-Seam Fastball,0,0,0,0,0,0,0,0,Infield shift,Standard,139,0.002,-0.045,,,,0.045,,0,0,0.543,0.4569999999999999,23,39,24,40,1,0,6.0,0,7.0,1.0,1.07,1.03,-1.03,45.0,,,,,
FF,2020-08-29,96.4,2.92,6.19,"Skubal, Tarik",596146,669373,strikeout,swinging_strike,,,,,6,Max Kepler strikes out swinging.,R,L,L,DET,MIN,S,2.0,,2,2,2020,0.76,1.4,0.42,2.88,,,,1,1,Top,,,,,,,-8.376304258826897,-140.20463974613838,-6.476300183953813,11.843411764702426,28.029100037532704,-12.336328077471109,3.55,1.63,,,,97.1,2490,6.4,631457,606988,600869,570731,670623,592348,621514,622682,457727,54.07,,0.0,0.0,1.0,0.0,0.0,,2,5,4-Seam Fastball,0,0,0,0,0,0,0,0,Infield shift,Standard,136,0.016,-0.234,,,,0.234,,0,0,0.527,0.473,23,27,24,27,1,0,6.0,0,7.0,1.0,1.03,0.76,0.76,43.6,,,,,
FF,2020-08-29,94.9,2.94,6.19,"Skubal, Tarik",596146,669373,,foul_tip,,,,,8,Foul Tip,R,L,L,DET,MIN,S,,,2,1,2020,0.85,1.35,-0.09,1.51,,,,1,1,Top,,,,,,,-9.862556411414012,-137.70895307409523,-9.613357185008102,12.931416751654206,28.566897715997655,-13.031218209020231,3.55,1.63,,,,95.3,2481,6.5,631457,606988,600869,570731,670623,592348,621514,622682,457727,53.95,,,,,,,,2,4,4-Seam Fastball,0,0,0,0,0,0,0,0,Infield shift,Standard,138,0.005,-0.075,,,,0.075,,0,0,0.522,0.478,23,27,24,27,1,0,6.0,0,7.0,1.0,1.18,0.85,0.85,45.7,,,,,
FF,2020-08-29,96.9,3.04,6.23,"Skubal, Tarik",596146,669373,,ball,,,,,11,Ball,R,L,L,DET,MIN,B,,,1,1,2020,0.86,1.24,-0.96,3.81,,,,1,1,Top,,,,,,,-12.631929575511258,-140.67340169520944,-3.770794504629154,14.0348532445804,28.729191468599552,-14.970271490356074,3.29,1.63,,,,97.2,2558,6.4,631457,606988,600869,570731,670623,592348,621514,622682,457727,54.15,,,,,,,,2,3,4-Seam Fastball,0,0,0,0,0,0,0,0,Infield shift,Standard,140,-0.004,0.052,,,,-0.052,,0,0,0.526,0.474,23,27,24,27,1,0,6.0,0,7.0,1.0,1.18,0.86,0.86,44.3,,,,,
SL,2020-08-29,86.5,2.57,6.47,"Skubal, Tarik",596146,669373,,ball,,,,,11,Ball,R,L,L,DET,MIN,B,,,0,1,2020,-0.33,0.13,-0.2,3.6,,,,1,1,Top,,,,,,,-5.976857323587528,-126.0409864390882,-1.0577858496189771,-2.606512007444419,19.71590434401944,-30.785879644400044,3.33,1.63,,,,87.8,2446,6.5,631457,606988,600869,570731,670623,592348,621514,622682,457727,54.0,,,,,,,,2,2,Slider,0,0,0,0,0,0,0,0,Infield shift,Standard,228,-0.002,0.031,,,,-0.031,,0,0,0.528,0.472,23,27,24,27,1,0,6.0,0,7.0,1.0,2.85,-0.33,-0.33,53.9,,,,,
FF,2020-08-29,95.1,2.78,6.33,"Skubal, Tarik",596146,669373,,foul,,,,,5,Foul,R,L,L,DET,MIN,S,,,0,0,2020,0.8,1.42,-0.09,2.64,,,,1,1,Top,,,,,,,-9.32915982321015,-138.111629988068,-7.229671851753215,12.239660079143308,29.725711931674596,-12.515490121729478,3.55,1.63,228.0,83.0,51.0,95.3,2471,6.4,631457,606988,600869,570731,670623,592348,621514,622682,457727,54.06,,,,,,,,2,1,4-Seam Fastball,0,0,0,0,0,0,0,0,Infield shift,Standard,149,0.003,-0.041,,,,0.041,88.0,0,0,0.525,0.475,23,27,24,27,1,0,6.0,0,7.0,1.0,1.1,0.8,0.8,49.2,,,,,
FF,2020-08-29,98.0,2.82,6.29,"Skubal, Tarik",593871,669373,field_out,hit_into_play,,,,,5,Jorge Polanco lines out to left fielder Christin Stewart.,R,R,L,DET,MIN,X,7.0,line_drive,1,2,2020,0.95,1.42,0.04,2.31,,,,0,1,Top,65.79,94.43,,,,,-9.714234756113724,-142.22484676561396,-8.513418521189188,15.198972648527748,33.44604123707865,-11.07318923656175,3.39,1.6,285.0,95.3,19.0,97.9,2607,6.4,631457,606988,600869,570731,670623,592348,621514,622682,457727,54.08,0.393,0.425,0.0,1.0,0.0,0.0,4.0,1,5,4-Seam Fastball,0,0,0,0,0,0,0,0,Standard,Standard,144,0.019,-0.201,,,0.613,0.201,95.3,0,0,0.506,0.494,23,26,24,27,1,0,6.0,0,7.0,1.0,0.97,0.95,-0.95,46.2,,,,,
FF,2020-08-29,97.4,3.06,6.13,"Skubal, Tarik",593871,669373,,foul,,,,,14,Foul,R,R,L,DET,MIN,S,,,1,2,2020,1.23,1.14,1.13,2.13,,,,0,1,Top,,,,,,,-7.967854060875174,-141.52230361632652,-7.841736327718372,18.27541826933622,31.704995799399153,-15.190678316247608,3.39,1.6,215.0,73.8,25.0,97.2,2534,6.2,631457,606988,600869,570731,670623,592348,621514,622682,457727,54.28,,,,,,,,1,4,4-Seam Fastball,0,0,0,0,0,0,0,0,Standard,Standard,135,0.0,0.0,,,,0.0,88.0,0,0,0.506,0.494,23,26,24,27,1,0,6.0,0,7.0,1.0,1.26,1.23,-1.23,40.8,,,,,
SL,2020-08-29,87.4,2.74,6.3,"Skubal, Tarik",593871,669373,,ball,,,,,13,Ball,R,R,L,DET,MIN,B,,,0,2,2020,-0.13,-0.27,-1.05,1.27,,,,0,1,Top,,,,,,,-8.857161339712421,-126.94858488354208,-5.358413519911569,0.4983528270223404,27.33422669574865,-34.1195907720617,3.31,1.6,,,,87.2,2402,6.4,631457,606988,600869,570731,670623,592348,621514,622682,457727,54.13,,,,,,,,1,3,Slider,0,0,0,0,0,0,0,0,Standard,Standard,318,-0.003,0.03,,,,-0.03,,0,0,0.509,0.491,23,26,24,27,1,0,6.0,0,7.0,1.0,3.28,-0.13,0.13,48.0,,,,,
FF,2020-08-29,95.1,3.18,6.22,"Skubal, Tarik",593871,669373,,foul,,,,,6,Foul,R,R,L,DET,MIN,S,,,0,1,2020,1.07,1.27,0.68,2.19,,,,0,1,Top,,,,,,,-8.958157765531205,-138.02754288722434,-7.689537459022058,15.7315105889312,31.69962289099202,-14.41128517892936,3.39,1.6,195.0,82.0,61.0,94.9,2396,6.4,631457,606988,600869,570731,670623,592348,621514,622682,457727,54.13,,,,,,,,1,2,4-Seam Fastball,0,0,0,0,0,0,0,0,Standard,Standard,142,0.005,-0.062,,,,0.062,88.0,0,0,0.504,0.496,23,26,24,27,1,0,6.0,0,7.0,1.0,1.27,1.07,-1.07,42.0,,,,,
FF,2020-08-29,94.3,3.15,6.22,"Skubal, Tarik",593871,669373,,called_strike,,,,,14,Called Strike,R,R,L,DET,MIN,S,,,0,0,2020,1.1,1.16,0.88,2.08,,,,0,1,Top,,,,,,,-8.352461205754592,-137.0052498102539,-7.668045043138332,15.669485327656814,29.790433912290915,-15.994979153882664,3.36,1.6,,,,94.5,2327,6.4,631457,606988,600869,570731,670623,592348,621514,622682,457727,54.06,,,,,,,,1,1,4-Seam Fastball,0,0,0,0,0,0,0,0,Standard,Standard,139,0.004,-0.046,,,,0.046,,0,0,0.5,0.5,23,26,24,27,1,0,6.0,0,7.0,1.0,1.41,1.1,-1.1,42.7,,,,,
SL,2020-08-23,85.8,2.99,6.21,"Skubal, Tarik",596019,669373,hit_by_pitch,hit_by_pitch,,,,,13,Francisco Lindor hit by pitch.,R,R,L,CLE,DET,B,,,3,2,2020,-0.14,0.05,-2.12,0.69,,608070.0,,1,3,Bot,,,,,,,-11.81351468772744,-124.32537379162528,-6.842837197792565,0.9654752746493068,25.219655755289125,-30.387833114857827,3.24,1.51,,,,85.8,2226,6.5,631551,606988,600869,650489,670623,592348,622682,592444,593528,53.97,,0.728443,0.7,1.0,0.0,0.0,,25,6,Slider,1,1,1,1,1,1,1,1,Infield shift,Strategic,294,0.019,0.188,,,,-0.188,,0,0,0.58,0.58,23,26,24,27,2,1,5.0,1,6.0,1.0,3.08,-0.14,0.14,46.1,,,,,
CH,2020-08-23,82.2,2.2,6.75,"Skubal, Tarik",596019,669373,,swinging_strike,,,,,6,Swinging Strike,R,R,L,CLE,DET,S,,,3,1,2020,1.03,1.29,0.64,2.58,,608070.0,,1,3,Bot,,,,,,,-5.531417372118961,-119.60506749668102,-5.431230996332146,10.96369138725264,22.623718387212183,-18.963533427686496,3.24,1.51,,,,82.4,1658,6.4,631551,606988,600869,650489,670623,592348,622682,592444,593528,54.14,,,,,,,,25,5,Changeup,1,1,1,1,1,1,1,1,Infield shift,Standard,142,-0.006,-0.083,,,,0.083,,0,0,0.586,0.586,23,26,24,27,2,1,5.0,1,6.0,1.0,2.08,1.03,-1.03,61.9,,,,,
SL,2020-08-23,85.5,2.82,6.33,"Skubal, Tarik",596019,669373,,ball,,,,,13,Ball,R,R,L,CLE,DET,B,,,2,1,2020,-0.13,0.12,-1.52,1.19,,608070.0,,1,3,Bot,,,,,,,-9.948045135222422,-124.061849239264,-6.068557114699809,0.5316922772293663,23.63479716744677,-29.86412389493794,3.43,1.6,,,,85.4,2204,6.3,631551,606988,600869,650489,670623,592348,622682,592444,593528,54.21,,,,,,,,25,4,Slider,1,1,1,1,1,1,1,1,Infield shift,Standard,310,0.007,0.075,,,,-0.075,,0,0,0.579,0.579,23,26,24,27,2,1,5.0,1,6.0,1.0,3.0,-0.13,0.13,48.7,,,,,
FF,2020-08-23,92.8,2.51,6.5,"Skubal, Tarik",596019,669373,,ball,,,,,12,Ball,R,R,L,CLE,DET,B,,,1,1,2020,1.13,1.37,0.77,3.36,,608070.0,,1,3,Bot,,,,,,,-6.9281351635012065,-134.99329097335573,-5.22633840061981,15.361502652785305,29.25526690700194,-14.5214213933535,3.21,1.43,,,,92.8,2331,6.3,631551,606988,600869,650489,670623,592348,622682,592444,593528,54.22,,,,,,,,25,3,4-Seam Fastball,1,1,1,1,1,1,1,1,Infield shift,Standard,146,0.004,0.054,,,,-0.054,,0,0,0.575,0.575,23,26,24,27,2,1,5.0,1,6.0,1.0,1.28,1.13,-1.13,51.8,,,,,
CH,2020-08-23,82.6,2.26,6.61,"Skubal, Tarik",596019,669373,,blocked_ball,,,,,13,Ball In Dirt,R,R,L,CLE,DET,B,,,0,1,2020,0.58,1.11,-1.19,0.65,,608070.0,,1,3,Bot,,,,,,,-8.939667511596332,-119.8607875845709,-9.28146460203616,7.064224663723663,19.498776836513255,-19.915555543618833,3.44,1.58,,,,82.9,1497,6.3,631551,606988,600869,650489,670623,592348,622682,592444,593528,54.19,,,,,,,,25,2,Changeup,1,1,1,1,1,1,1,1,Infield shift,Standard,140,0.004,0.007,,,,-0.007,,0,0,0.571,0.571,23,26,24,27,2,1,5.0,1,6.0,1.0,2.21,0.58,-0.58,61.4,,,,,
FF,2020-08-23,93.7,2.61,6.44,"Skubal, Tarik",596019,669373,,called_strike,,,,,2,Called Strike,R,R,L,CLE,DET,S,,,0,0,2020,1.13,1.54,0.14,3.23,,,608070.0,1,3,Bot,,,,,,,-8.849783856815176,-136.0563801024422,-5.946122149882578,15.912495498093003,29.32644041358712,-11.823482631345565,3.51,1.63,,,,93.5,2441,6.2,631551,606988,600869,650489,670623,592348,622682,592444,593528,54.27,,,,,,,,25,1,4-Seam Fastball,1,1,1,1,1,1,1,1,Standard,Standard,143,0.013,-0.037,,,,0.037,,0,0,0.558,0.558,23,26,24,27,2,1,5.0,1,6.0,1.0,1.06,1.13,-1.13,48.9,,,,,
FF,2020-08-23,96.0,3.13,6.36,"Skubal, Tarik",608070,669373,single,hit_into_play,,,,,2,Jose Ramirez singles on a sharp ground ball to third baseman Isaac Paredes.,R,R,L,CLE,DET,X,5.0,ground_ball,1,2,2020,1.18,1.41,0.17,3.24,,,,1,3,Bot,75.63,170.68,,,,,-10.442387951715869,-139.32315216887665,-5.79921989942711,17.647655308358193,30.200640006073797,-12.680882389687506,3.3,1.53,104.0,106.2,4.0,95.6,2450,6.1,631551,606988,600869,650489,670623,592348,622682,592444,593528,54.36,0.593,0.541,0.9,1.0,1.0,0.0,4.0,24,9,4-Seam Fastball,1,1,1,1,1,1,1,1,Standard,Standard,142,0.032,0.5,,,0.653,-0.5,106.2,0,0,0.526,0.526,23,27,24,28,2,1,5.0,1,6.0,1.0,1.07,1.18,-1.18,43.3,,,,,
CU,2020-08-23,79.1,2.37,6.63,"Skubal, Tarik",608070,669373,,foul,,,,,13,Foul,R,R,L,CLE,DET,S,,,1,2,2020,-0.34,-0.98,-0.43,0.76,,,,1,3,Bot,,,,,,,-5.473027556319498,-115.18884156101043,-4.227579017493348,-2.092259474454081,19.838484957384996,-40.43112766153127,3.3,1.53,,,,79.3,2159,6.2,631551,606988,600869,650489,670623,592348,622682,592444,593528,54.27,,,,,,,,24,8,Curveball,1,1,1,1,1,1,1,1,Standard,Standard,347,0.0,0.0,,,,0.0,,0,0,0.526,0.526,23,27,24,28,2,1,5.0,1,6.0,1.0,4.6,-0.34,0.34,,,,,,
CH,2020-08-23,86.2,2.48,6.6,"Skubal, Tarik",608070,669373,,foul,,,,,6,Foul,R,R,L,CLE,DET,S,,,1,2,2020,0.87,1.34,0.82,2.72,,,,1,3,Bot,,,,,,,-5.716010142515153,-125.47609289166324,-5.795815663171828,10.258916950669816,21.987593313073393,-16.969085261390116,3.3,1.53,200.0,72.8,54.0,86.7,1858,6.3,631551,606988,600869,650489,670623,592348,622682,592444,593528,54.2,,,,,,,,24,7,Changeup,1,1,1,1,1,1,1,1,Standard,Standard,137,0.0,0.0,,,,0.0,88.0,0,0,0.526,0.526,23,27,24,28,2,1,5.0,1,6.0,1.0,1.69,0.87,-0.87,55.2,,,,,
FF,2020-08-23,95.6,2.79,6.46,"Skubal, Tarik",608070,669373,,foul,,,,,1,Foul,R,R,L,CLE,DET,S,,,1,2,2020,0.95,1.5,-0.81,2.78,,,,1,3,Bot,,,,,,,-11.612330822383424,-138.60093482206213,-7.467683473939224,14.729828096441738,28.743784535944393,-11.215440365652306,3.3,1.53,226.0,73.1,43.0,95.9,2475,6.5,631551,606988,600869,650489,670623,592348,622682,592444,593528,53.99,,,,,,,,24,6,4-Seam Fastball,1,1,1,1,1,1,1,1,Standard,Standard,151,0.0,0.0,,,,0.0,88.0,0,0,0.526,0.526,23,27,24,28,2,1,5.0,1,6.0,1.0,0.99,0.95,-0.95,49.6,,,,,
FF,2020-08-23,94.8,3.15,6.2,"Skubal, Tarik",608070,669373,,foul,,,,,3,Foul,R,R,L,CLE,DET,S,,,1,2,2020,1.06,1.36,0.57,2.81,,,,1,3,Bot,,,,,,,-9.095476462385916,-137.80685150745325,-6.315387204793932,15.32435346565836,26.185713484741537,-13.550832691552012,3.3,1.53,126.0,83.5,75.0,95.4,2324,6.4,631551,606988,600869,650489,670623,592348,622682,592444,593528,54.13,,,,,,,,24,5,4-Seam Fastball,1,1,1,1,1,1,1,1,Standard,Standard,139,0.0,0.0,,,,0.0,88.0,0,0,0.526,0.526,23,27,24,28,2,1,5.0,1,6.0,1.0,1.15,1.06,-1.06,40.3,,,,,
SL,2020-08-23,85.8,3.19,6.18,"Skubal, Tarik",608070,669373,,foul,,,,,8,Foul,R,R,L,CLE,DET,S,,,1,2,2020,-0.13,0.28,0.04,1.62,,,,1,3,Bot,,,,,,,-7.218093287455818,-124.8917484242478,-5.209340633059694,-0.1975910429777643,20.90047142750012,-28.48482914780348,3.3,1.53,,,,86.7,2270,6.5,631551,606988,600869,650489,670623,592348,622682,592444,593528,54.04,,,,,,,,24,4,Slider,1,1,1,1,1,1,1,1,Infield shade,Standard,158,0.0,0.0,,,,0.0,,0,0,0.526,0.526,23,27,24,28,2,1,5.0,1,6.0,1.0,2.77,-0.13,0.13,42.6,,,,,
FF,2020-08-23,94.9,3.03,6.33,"Skubal, Tarik",608070,669373,,foul,,,,,2,Foul,R,R,L,CLE,DET,S,,,1,1,2020,1.24,1.35,-0.17,2.75,,,,1,3,Bot,,,,,,,-11.11963150184251,-137.81960545800152,-6.769411441770388,18.12188058076803,26.824338033781935,-13.50317605006424,3.3,1.53,147.0,76.7,76.0,95.0,2377,6.2,631551,606988,600869,650489,670623,592348,622682,592444,593528,54.29,,,,,,,,24,3,4-Seam Fastball,1,1,1,1,1,1,1,1,Infield shift,Standard,139,-0.003,-0.07,,,,0.07,88.0,0,0,0.529,0.529,23,27,24,28,2,1,5.0,1,6.0,1.0,1.16,1.24,-1.24,44.3,,,,,
FF,2020-08-23,94.1,2.93,6.35,"Skubal, Tarik",608070,669373,,ball,,,,,14,Ball,R,R,L,CLE,DET,B,,,0,1,2020,0.96,1.45,1.25,1.43,,,,1,3,Bot,,,,,,,-6.460855560903873,-136.61240009206867,-10.28368340443976,13.347956852220385,27.8014351827221,-11.925261017206754,3.31,1.58,,,,94.3,2365,6.4,631551,606988,600869,650489,670623,592348,622682,592444,593528,54.14,,,,,,,,24,2,4-Seam Fastball,1,1,1,1,1,1,1,1,Infield shift,Standard,145,0.002,0.031,,,,-0.031,,0,0,0.527,0.527,23,27,24,28,2,1,5.0,1,6.0,1.0,1.12,0.96,-0.96,47.7,,,,,
CH,2020-08-23,83.9,2.4,6.62,"Skubal, Tarik",608070,669373,,called_strike,,,,,6,Called Strike,R,R,L,CLE,DET,S,,,0,0,2020,0.93,1.1,0.36,2.59,,,,1,3,Bot,,,,,,,-6.565614295771019,-122.12954406676089,-5.22601472121912,10.495301800423444,19.832557781593625,-20.308340833821532,3.33,1.58,,,,84.8,1632,6.4,631551,606988,600869,650489,670623,592348,622682,592444,593528,54.06,,,,,,,,24,1,Changeup,1,1,1,1,1,1,1,1,Infield shift,Standard,136,-0.003,-0.041,,,,0.041,,0,0,0.53,0.53,23,27,24,28,2,1,5.0,1,6.0,1.0,2.09,0.93,-0.93,57.9,,,,,
FF,2020-08-23,94.4,3.14,6.24,"Skubal, Tarik",514917,669373,field_out,hit_into_play,,,,,2,Cesar Hernandez flies out to right fielder Jorge Bonifacio.,R,R,L,CLE,DET,X,9.0,fly_ball,2,2,2020,1.03,1.54,-0.18,2.81,,,,0,3,Bot,200.44,110.63,,,,,-10.936495078610688,-137.00101298033073,-6.654685850957513,15.375746410312928,28.77332334306812,-11.397594001321592,3.32,1.55,273.0,88.5,50.0,94.5,2469,6.4,631551,606988,600869,650489,670623,592348,622682,592444,593528,54.09,0.0,0.0,0.0,1.0,0.0,0.0,3.0,23,5,4-Seam Fastball,1,1,1,1,1,1,1,1,Standard,Standard,144,-0.023,-0.24,,,0.0,0.24,88.5,0,0,0.553,0.553,23,30,24,30,2,1,5.0,1,6.0,1.0,1.02,1.03,-1.03,42.2,,,,,
CU,2020-08-23,78.0,2.48,6.6,"Skubal, Tarik",514917,669373,,ball,,,,,14,Ball,R,R,L,CLE,DET,B,,,1,2,2020,-0.02,-0.6,0.87,0.81,,,,0,3,Bot,,,,,,,-3.4150040829410937,-113.63741961855084,-4.519796074343375,0.3688219340764425,19.428539442897556,-36.81893042157312,3.32,1.59,,,,78.1,2112,6.1,631551,606988,600869,650489,670623,592348,622682,592444,593528,54.35,,,,,,,,23,4,Curveball,1,1,1,1,1,1,1,1,Standard,Standard,347,0.004,0.039,,,,-0.039,,0,0,0.549,0.549,23,30,24,30,2,1,5.0,1,6.0,1.0,4.32,-0.02,0.02,,,,,,
SL,2020-08-23,84.9,2.79,6.47,"Skubal, Tarik",514917,669373,,called_strike,,,,,1,Called Strike,R,R,L,CLE,DET,S,,,1,1,2020,-0.13,0.06,-0.53,3.48,,,,0,3,Bot,,,,,,,-7.523341504811922,-123.53899851254026,-0.8990870937199706,-0.1131192937955763,20.8045043468708,-31.536486519529305,3.42,1.69,,,,85.6,2138,6.4,631551,606988,600869,650489,670623,592348,622682,592444,593528,54.11,,,,,,,,23,3,Slider,1,1,1,1,1,1,1,1,Standard,Standard,261,-0.005,-0.067,,,,0.067,,0,0,0.554,0.554,23,30,24,30,2,1,5.0,1,6.0,1.0,3.06,-0.13,0.13,49.7,,,,,
FF,2020-08-23,92.7,2.93,6.3,"Skubal, Tarik",514917,669373,,foul,,,,,5,Foul,R,R,L,CLE,DET,S,,,1,0,2020,0.86,1.29,0.1,2.27,,,,0,3,Bot,,,,,,,-9.08359260787414,-134.66232422619348,-7.323723993836202,12.331045075491357,27.479856077983825,-15.004279165323894,3.32,1.55,208.0,70.3,44.0,92.6,2323,6.2,631551,606988,600869,650489,670623,592348,622682,592444,593528,54.3,,,,,,,,23,2,4-Seam Fastball,1,1,1,1,1,1,1,1,Standard,Standard,142,-0.005,-0.056,,,,0.056,88.0,0,0,0.559,0.559,23,30,24,30,2,1,5.0,1,6.0,1.0,1.36,0.86,-0.86,44.9,,,,,
SL,2020-08-23,83.5,2.91,6.41,"Skubal, Tarik",514917,669373,,ball,,,,,4,Ball,R,R,L,CLE,DET,B,,,0,0,2020,-0.23,0.05,-0.65,2.17,,,,0,3,Bot,,,,,,,-7.745057585597211,-121.4037970264584,-3.470756234466103,-0.8812805757620493,21.70061816510873,-31.26407838672348,3.35,1.59,,,,83.7,2149,6.3,631551,606988,600869,650489,670623,592348,622682,592444,593528,54.2,,,,,,,,23,1,Slider,1,1,1,1,1,1,1,1,Standard,Standard,291,0.004,0.045,,,,-0.045,,0,0,0.555,0.555,23,30,24,30,2,1,5.0,1,6.0,1.0,3.2,-0.23,0.23,52.4,,,,,
FF,2020-08-23,96.3,3.23,6.1,"Skubal, Tarik",656185,669373,strikeout,swinging_strike,,,,,12,Greg Allen strikes out swinging.,R,R,L,CLE,DET,S,2.0,,2,2,2020,1.16,1.25,1.01,2.64,,656669.0,,2,2,Bot,,,,,,,-8.527646802140444,-139.8895640621671,-6.434653225156657,17.140406932438612,31.710577690935928,-14.40671272277168,3.39,1.55,,,,96.2,2613,6.3,631551,606988,600869,650489,670623,592348,622682,592444,593528,54.18,,0.0,0.0,1.0,0.0,0.0,,19,5,4-Seam Fastball,1,1,1,1,1,1,1,1,Standard,Standard,138,-0.032,-0.237,,,,0.237,,0,0,0.532,0.532,23,27,24,27,1,0,5.0,1,6.0,1.0,1.21,1.16,-1.16,38.3,,,,,
FF,2020-08-23,93.7,2.89,6.41,"Skubal, Tarik",656185,669373,,swinging_strike,,,,,6,Swinging Strike,R,R,L,CLE,DET,S,,,2,1,2020,1.14,1.43,0.3,2.21,,656669.0,,2,2,Bot,,,,,,,-9.20558668958426,-135.93230983109922,-8.264810577757522,16.189391324170607,30.051146079651847,-12.74921645771761,3.39,1.55,,,,93.6,2437,6.4,631551,606988,600869,650489,670623,592348,622682,592444,593528,54.09,,,,,,,,19,4,4-Seam Fastball,1,1,1,1,1,1,1,1,Standard,Standard,149,-0.004,-0.083,,,,0.083,88.0,0,0,0.536,0.536,23,27,24,27,1,0,5.0,1,6.0,1.0,1.18,1.14,-1.14,49.2,,,,,
CH,2020-08-23,82.3,2.42,6.69,"Skubal, Tarik",656185,669373,,ball,,,,,12,Ball,R,R,L,CLE,DET,B,,,1,1,2020,0.7,1.21,1.09,3.38,,656669.0,,2,2,Bot,,,,,,,-4.365821297421754,-119.80957650871792,-3.3686736288395553,7.533457581062131,21.576983529955907,-20.075855307810315,3.49,1.57,,,,82.6,1733,6.3,631551,606988,600869,650489,670623,592348,622682,592444,593528,54.2,,,,,,,,19,3,Changeup,1,1,1,1,1,1,1,1,Standard,Standard,138,0.003,0.028,,,,-0.028,,0,0,0.533,0.533,23,27,24,27,1,0,5.0,1,6.0,1.0,2.14,0.7,-0.7,58.1,,,,,
FF,2020-08-23,96.6,3.19,6.16,"Skubal, Tarik",656185,669373,,ball,,,,,12,Ball,R,R,L,CLE,DET,B,,,0,1,2020,1.13,1.35,1.29,3.24,,656669.0,,2,2,Bot,,,,,,,-7.63200215863557,-140.46071546210217,-5.321819446723452,16.703563311731294,30.21053091842619,-13.198225523068276,3.51,1.57,,,,96.6,2553,6.2,631551,606988,600869,650489,670623,592348,622682,592444,593528,54.28,,,,,,,,19,2,4-Seam Fastball,1,1,1,1,1,1,1,1,Standard,Standard,142,0.003,0.039,,,,-0.039,,0,0,0.53,0.53,23,27,24,27,1,0,5.0,1,6.0,1.0,1.08,1.13,-1.13,41.6,,,,,
FF,2020-08-23,94.7,3.0,6.31,"Skubal, Tarik",656185,669373,,swinging_strike,,,,,3,Swinging Strike,R,R,L,CLE,DET,S,,,0,0,2020,1.22,1.57,0.4,3.47,,656669.0,,2,2,Bot,,,,,,,-9.472514455157018,-137.5439742814544,-5.227083097311399,17.542831381535468,30.686673159830924,-11.263176561294742,3.39,1.55,,,,94.5,2540,6.3,631551,606988,600869,650489,670623,592348,622682,592444,593528,54.21,,,,,,,,19,1,4-Seam Fastball,1,1,1,1,1,1,1,1,Standard,Standard,150,-0.005,-0.046,,,,0.046,,0,0,0.535,0.535,23,27,24,27,1,0,5.0,1,6.0,1.0,0.98,1.22,-1.22,46.1,,,,,
FF,2020-08-23,94.6,2.88,6.37,"Skubal, Tarik",607333,669373,strikeout,swinging_strike,,,,,4,Beau Taylor strikes out swinging.,R,L,L,CLE,DET,S,2.0,,3,2,2020,0.9,1.55,-0.28,2.13,,656669.0,,1,2,Bot,,,,,,,-10.23448345115522,-137.21357408820944,-8.851127237574708,13.5878753718286,29.12325541445643,-10.70072089306402,3.32,1.51,,,,94.6,2559,6.4,631551,606988,600869,650489,670623,592348,622682,592444,593528,54.14,,0.0,0.0,1.0,0.0,0.0,,18,7,4-Seam Fastball,1,1,1,1,1,1,1,1,Standard,Strategic,147,-0.04,-0.32,,,,0.32,,0,0,0.575,0.575,23,30,24,30,1,0,5.0,3,6.0,,1.0,0.9,0.9,46.5,,,,,
FF,2020-08-23,95.0,2.81,6.31,"Skubal, Tarik",607333,669373,,ball,,,,,4,Ball,R,L,L,CLE,DET,B,,,2,2,2020,0.86,1.58,-0.82,2.39,,656669.0,,1,2,Bot,,,,,,,-11.396879245308591,-137.719737340553,-8.126643892475798,13.492780516750164,29.845173680984903,-10.34591480718396,2.93,1.47,,,,94.9,2602,6.4,631551,606988,600869,650489,670623,592348,622682,592444,593528,54.13,,,,,,,,18,6,4-Seam Fastball,1,1,1,1,1,1,1,1,Standard,Strategic,147,0.007,0.087,,,,-0.087,,0,0,0.568,0.568,23,30,24,30,1,0,5.0,3,6.0,,0.96,0.86,0.86,45.8,,,,,
SL,2020-08-23,83.5,2.98,6.26,"Skubal, Tarik",607333,669373,,foul,,,,,13,Foul,R,L,L,CLE,DET,S,,,2,2,2020,-0.28,0.05,-0.92,2.01,,656669.0,,1,2,Bot,,,,,,,-8.436645832855307,-121.3765311011228,-3.4617089769974987,-1.163392808891146,22.87973575243054,-31.21460869785511,3.32,1.51,257.0,84.6,24.0,83.7,2321,6.4,631551,606988,600869,650489,670623,592348,622682,592444,593528,54.12,,,,,,,,18,5,Slider,1,1,1,1,1,1,1,1,Standard,Strategic,272,0.0,0.0,,,,0.0,88.0,0,0,0.568,0.568,23,30,24,30,1,0,5.0,3,6.0,,3.22,-0.28,-0.28,47.0,,,,,
FF,2020-08-23,94.4,3.04,6.22,"Skubal, Tarik",607333,669373,,foul,,,,,12,Foul,R,L,L,CLE,DET,S,,,2,1,2020,1.06,1.18,1.05,3.37,,656669.0,,1,2,Bot,,,,,,,-7.533402052403279,-137.37993723173523,-4.3996385942978256,15.054071144677108,28.476697037629897,-16.409170210255024,3.32,1.51,171.0,68.3,31.0,94.8,2432,6.3,631551,606988,600869,650489,670623,592348,622682,592444,593528,54.15,,,,,,,,18,4,4-Seam Fastball,1,1,1,1,1,1,1,1,Standard,Strategic,137,-0.006,-0.095,,,,0.095,88.0,0,0,0.574,0.574,23,30,24,30,1,0,5.0,3,6.0,,1.36,1.06,1.06,42.5,,,,,
FF,2020-08-23,93.1,2.87,6.44,"Skubal, Tarik",607333,669373,,called_strike,,,,,8,Called Strike,R,L,L,CLE,DET,S,,,2,0,2020,1.16,1.29,-0.05,2.04,,656669.0,,1,2,Bot,,,,,,,-10.023108202221104,-135.14701252017025,-8.391062546280454,16.33904047386059,26.283916621937017,-14.642286259885362,3.14,1.62,,,,93.4,2368,6.4,631551,606988,600869,650489,670623,592348,622682,592444,593528,54.15,,,,,,,,18,3,4-Seam Fastball,1,1,1,1,1,1,1,1,Standard,Standard,141,-0.004,-0.034,,,,0.034,,0,0,0.578,0.578,23,30,24,30,1,0,5.0,3,6.0,,1.33,1.16,1.16,50.3,,,,,
FF,2020-08-23,94.2,2.88,6.35,"Skubal, Tarik",607333,669373,,ball,,,,,13,Ball,R,L,L,CLE,DET,B,,,1,0,2020,0.95,1.56,-1.31,1.74,,656669.0,,1,2,Bot,,,,,,,-12.956344810569522,-136.329646957648,-9.721449114195403,14.553736297833453,27.42272549499655,-10.571528424800906,3.26,1.64,,,,94.3,2502,6.4,631551,606988,600869,650489,670623,592348,622682,592444,593528,54.06,,,,,,,,18,2,4-Seam Fastball,1,1,1,1,1,1,1,1,Standard,Standard,145,0.004,0.042,,,,-0.042,,0,0,0.574,0.574,23,30,24,30,1,0,5.0,3,6.0,,1.02,0.95,0.95,48.3,,,,,
FF,2020-08-23,93.7,2.62,6.48,"Skubal, Tarik",607333,669373,,ball,,,,,13,Ball,R,L,L,CLE,DET,B,,,0,0,2020,0.77,1.37,-1.08,1.84,,656669.0,,1,2,Bot,,,,,,,-11.207752873384276,-135.8033725238258,-9.261340791903272,11.86332064392861,26.6795382225184,-13.359473957326184,3.18,1.64,,,,93.7,2268,6.3,631551,606988,600869,650489,670623,592348,622682,592444,593528,54.22,,,,,,,,18,1,4-Seam Fastball,1,1,1,1,1,1,1,1,Standard,Standard,149,0.002,0.016,,,,-0.016,,0,0,0.572,0.572,23,30,24,30,1,0,5.0,3,6.0,,1.23,0.77,0.77,51.3,,,,,
FF,2020-08-23,95.3,2.98,6.37,"Skubal, Tarik",570267,669373,strikeout,swinging_strike,,,,,2,Domingo Santana strikes out swinging.,R,R,L,CLE,DET,S,2.0,,2,2,2020,0.88,1.42,-0.03,3.46,,656669.0,,0,2,Bot,,,,,,,-9.863383756637884,-138.48126666633956,-5.208456936648625,13.37679780405431,28.482613273779194,-12.857754866680962,3.73,1.75,,,,95.5,2292,6.3,631551,606988,600869,650489,670623,592348,622682,592444,593528,54.21,,0.0,0.0,1.0,0.0,0.0,,17,6,4-Seam Fastball,1,1,1,1,1,1,1,1,Infield shift,Standard,141,-0.038,-0.255,,,,0.255,,0,0,0.61,0.61,23,27,24,28,1,0,5.0,1,6.0,2.0,1.08,0.88,-0.88,45.4,,,,,
CH,2020-08-23,83.3,2.39,6.61,"Skubal, Tarik",570267,669373,,foul,,,,,8,Foul,R,R,L,CLE,DET,S,,,2,2,2020,0.91,1.04,-0.26,1.76,,656669.0,,0,2,Bot,,,,,,,-7.875023899712282,-121.01901236675477,-6.853949654450848,10.266463175681904,19.099763413156705,-20.80906059874631,3.73,1.75,,,,84.1,1642,6.5,631551,606988,600869,650489,670623,592348,622682,592444,593528,54.01,,,,,,,,17,5,Changeup,1,1,1,1,1,1,1,1,Infield shift,Standard,143,0.0,0.0,,,,0.0,,0,0,0.61,0.61,23,27,24,28,1,0,5.0,1,6.0,2.0,2.2,0.91,-0.91,59.5,,,,,
CH,2020-08-23,84.2,2.24,6.68,"Skubal, Tarik",570267,669373,,called_strike,,,,,8,Called Strike,R,R,L,CLE,DET,S,,,2,1,2020,0.81,1.06,-0.08,1.97,,656669.0,,0,2,Bot,,,,,,,-6.982643513695286,-122.39741912845406,-6.756571289186354,9.377205558864922,19.663247608310964,-20.38363553584412,3.77,1.84,,,,84.9,1735,6.4,631551,606988,600869,650489,670623,592348,622682,592444,593528,54.09,,,,,,,,17,4,Changeup,1,1,1,1,1,1,1,1,Infield shift,Standard,141,-0.007,-0.078,,,,0.078,,0,0,0.617,0.617,23,27,24,28,1,0,5.0,1,6.0,2.0,2.11,0.81,-0.81,60.0,,,,,
FF,2020-08-23,93.1,3.03,6.34,"Skubal, Tarik",570267,669373,,ball,,,,,3,Ball,R,R,L,CLE,DET,B,,,1,1,2020,0.92,1.4,0.57,3.67,,656669.0,,0,2,Bot,,,,,,,-8.345142672418879,-135.41090422502998,-4.234972258707045,13.02508925702934,25.43035211559505,-14.06862814751803,3.62,1.68,,,,93.9,2418,6.5,631551,606988,600869,650489,670623,592348,622682,592444,593528,54.04,,,,,,,,17,3,4-Seam Fastball,1,1,1,1,1,1,1,1,Infield shift,Standard,145,0.005,0.02,,,,-0.02,,0,0,0.612,0.612,23,27,24,28,1,0,5.0,1,6.0,2.0,1.2,0.92,-0.92,45.7,,,,,
FF,2020-08-23,94.5,2.84,6.38,"Skubal, Tarik",570267,669373,,foul,,,,,7,Foul,R,R,L,CLE,DET,S,,,1,0,2020,0.93,1.14,-0.36,2.37,,656669.0,,0,2,Bot,,,,,,,-10.414496945024077,-137.1602971557207,-7.320838106191186,13.950334299252656,28.63146962573519,-16.30306170285266,3.73,1.75,99.0,78.7,6.0,94.7,2273,6.4,631551,606988,600869,650489,670623,592348,622682,592444,593528,54.08,,,,,,,,17,2,4-Seam Fastball,1,1,1,1,1,1,1,1,Infield shift,Standard,138,-0.005,-0.065,,,,0.065,88.0,0,0,0.617,0.617,23,27,24,28,1,0,5.0,1,6.0,2.0,1.41,0.93,-0.93,46.4,,,,,
CH,2020-08-23,81.2,2.57,6.74,"Skubal, Tarik",570267,669373,,ball,,,,,12,Ball,R,R,L,CLE,DET,B,,,0,0,2020,0.5,1.19,1.23,3.68,,656669.0,,0,2,Bot,,,,,,,-3.937362861915792,-118.32081507379502,-2.580464057556431,5.433284441392677,20.320036231910866,-20.621170529529017,3.81,1.91,,,,81.5,1605,6.2,631551,606988,600869,650489,670623,592348,622682,592444,593528,54.29,,,,,,,,17,1,Changeup,1,1,1,1,1,1,1,1,Infield shift,Standard,132,0.003,0.051,,,,-0.051,,0,0,0.614,0.614,23,27,24,28,1,0,5.0,1,6.0,2.0,2.23,0.5,-0.5,59.2,,,,,
FF,2020-08-23,93.5,3.05,6.33,"Skubal, Tarik",656669,669373,double,hit_into_play,,,,,12,Jordan Luplow doubles (1) on a fly ball to right fielder Jorge Bonifacio.,R,R,L,CLE,DET,X,9.0,fly_ball,2,2,2020,1.09,1.48,1.29,3.01,,,,0,2,Bot,171.13,50.63,,,,,-6.901361603336378,-136.03214230632034,-6.123183576199402,14.941333954054668,26.08371809522197,-12.578562663459492,3.26,1.59,365.0,92.6,27.0,93.7,2455,6.1,631551,606988,600869,650489,670623,592348,622682,592444,593528,54.35,0.2,0.264,1.25,1.0,1.0,1.0,3.0,16,5,4-Seam Fastball,1,1,1,1,1,1,1,1,Infield shift,Standard,147,0.065,0.745,,,0.427,-0.745,92.6,0,0,0.549,0.549,23,26,24,27,1,0,5.0,1,6.0,1.0,1.1,1.09,-1.09,45.8,,,,,
SL,2020-08-23,82.4,2.9,6.46,"Skubal, Tarik",656669,669373,,foul,,,,,6,Foul,R,R,L,CLE,DET,S,,,2,1,2020,-0.04,-0.02,0.3,2.34,,,,0,2,Bot,,,,,,,-5.831218569033452,-120.06740748266414,-2.892360017754552,0.634313122908329,20.13846745613752,-32.067508907154135,3.26,1.59,103.0,80.0,84.0,82.8,2284,6.2,631551,606988,600869,650489,670623,592348,622682,592444,593528,54.33,,,,,,,,16,4,Slider,1,1,1,1,1,1,1,1,Infield shift,Standard,315,-0.006,-0.085,,,,0.085,88.0,0,0,0.555,0.555,23,26,24,27,1,0,5.0,1,6.0,1.0,3.33,-0.04,0.04,51.0,,,,,
FF,2020-08-23,94.2,3.13,6.24,"Skubal, Tarik",656669,669373,,ball,,,,,13,Ball,R,R,L,CLE,DET,B,,,1,1,2020,1.11,1.41,-1.01,2.28,,,,0,2,Bot,,,,,,,-13.196086786424257,-136.37333863702457,-7.7306285308785005,16.647459906088283,27.995044145721007,-12.880720515035312,3.55,1.72,,,,94.3,2538,6.5,631551,606988,600869,650489,670623,592348,622682,592444,593528,54.02,,,,,,,,16,3,4-Seam Fastball,1,1,1,1,1,1,1,1,Infield shift,Standard,137,0.005,0.057,,,,-0.057,,0,0,0.55,0.55,23,26,24,27,1,0,5.0,1,6.0,1.0,1.17,1.11,-1.11,44.1,,,,,
CU,2020-08-23,76.8,2.59,6.55,"Skubal, Tarik",656669,669373,,ball,,,,,14,Ball,R,R,L,CLE,DET,B,,,0,1,2020,-0.14,-0.82,0.31,1.34,,,,0,2,Bot,,,,,,,-4.5870870546802,-111.73329997192964,-2.5533997776001573,-0.3598433294633193,20.29364437383502,-38.821311770655726,3.53,1.7,,,,77.0,2161,6.4,631551,606988,600869,650489,670623,592348,622682,592444,593528,54.05,,,,,,,,16,2,Curveball,1,1,1,1,1,1,1,1,Infield shift,Standard,334,0.002,0.035,,,,-0.035,,0,0,0.548,0.548,23,26,24,27,1,0,5.0,1,6.0,1.0,4.69,-0.14,0.14,,,,,,
FF,2020-08-23,93.1,2.89,6.4,"Skubal, Tarik",656669,669373,,called_strike,,,,,9,Called Strike,R,R,L,CLE,DET,S,,,0,0,2020,1.03,1.46,0.52,1.94,,,,0,2,Bot,,,,,,,-8.319973549126056,-135.12248845979272,-8.853738584675646,14.352353364250654,28.01665453587298,-12.519635910132026,3.47,1.67,,,,93.1,2384,6.3,631551,606988,600869,650489,670623,592348,622682,592444,593528,54.16,,,,,,,,16,1,4-Seam Fastball,1,1,1,1,1,1,1,1,Infield shift,Standard,140,-0.003,-0.046,,,,0.046,,0,0,0.551,0.551,23,26,24,27,1,0,5.0,1,6.0,1.0,1.17,1.03,-1.03,46.8,,,,,
FF,2020-08-23,96.9,2.93,6.23,"Skubal, Tarik",614177,669373,strikeout,swinging_strike,,,,,1,Franmil Reyes strikes out swinging.,R,R,L,CLE,DET,S,2.0,,1,2,2020,1.1,1.46,-0.65,3.47,,,467793.0,2,1,Bot,,,,,,,-12.068208662930836,-140.5833921454153,-5.206659801984109,17.219458775063377,29.366872193197143,-11.649872391752936,3.69,1.7,,,,97.1,2631,6.4,631551,606988,600869,650489,670623,592348,622682,592444,593528,54.1,,0.0,0.0,1.0,0.0,0.0,,11,4,4-Seam Fastball,1,1,1,1,1,1,1,1,Standard,Standard,141,-0.016,-0.211,,,,0.211,,0,0,0.516,0.516,23,24,24,25,1,0,5.0,1,6.0,1.0,0.96,1.1,-1.1,43.4,,,,,
SL,2020-08-23,88.5,2.93,6.21,"Skubal, Tarik",614177,669373,,blocked_ball,,,,,13,Ball In Dirt,R,R,L,CLE,DET,B,,,0,2,2020,0.05,0.35,-2.32,-0.59,,,467793.0,2,1,Bot,,,,,,,-12.937075378708904,-127.91163629421963,-11.241292336494524,3.1289980349590385,25.210190701434644,-26.089079757961727,3.8,1.83,,,,88.7,2400,6.7,631551,606988,600869,650489,670623,592348,622682,592444,593528,53.83,,,,,,,,11,3,Slider,1,1,1,1,1,1,1,1,Standard,Standard,327,0.002,0.022,,,,-0.022,,0,0,0.514,0.514,23,24,24,25,1,0,5.0,1,6.0,1.0,2.59,0.05,-0.05,44.7,,,,,
FF,2020-08-23,94.5,2.94,6.3,"Skubal, Tarik",614177,669373,,swinging_strike,,,,,4,Swinging Strike,R,R,L,CLE,DET,S,,,0,1,2020,1.1,1.59,-0.32,2.56,,,467793.0,2,1,Bot,,,,,,,-10.894118202045885,-137.04524094270505,-7.537353713267963,16.214023695927416,29.8214004160062,-10.62305982658085,3.69,1.7,,,,94.3,2504,6.3,631551,606988,600869,650489,670623,592348,622682,592444,593528,54.2,,,,,,,,11,2,4-Seam Fastball,1,1,1,1,1,1,1,1,Standard,Standard,145,-0.005,-0.064,,,,0.064,,0,0,0.519,0.519,23,24,24,25,1,0,5.0,1,6.0,1.0,0.98,1.1,-1.1,45.5,,,,,
CH,2020-08-23,84.1,2.38,6.64,"Skubal, Tarik",614177,669373,,foul,,,,,7,Foul,R,R,L,CLE,DET,S,,,0,0,2020,0.82,1.27,-0.68,2.03,,,467793.0,2,1,Bot,,,,,,,-8.6852840035631,-122.12499070606852,-6.855452017028476,9.774090640778471,20.93679145574964,-18.238412039739934,3.69,1.7,135.0,89.5,9.0,84.3,1670,6.2,631551,606988,600869,650489,670623,592348,622682,592444,593528,54.28,,,,,,,,11,1,Changeup,1,1,1,1,1,1,1,1,Standard,Standard,138,-0.003,-0.049,,,,0.049,89.5,0,0,0.522,0.522,23,24,24,25,1,0,5.0,1,6.0,1.0,1.93,0.82,-0.82,59.1,,,,,
SL,2020-08-23,87.9,2.9,6.18,"Skubal, Tarik",467793,669373,walk,ball,,,,,13,Carlos Santana walks.,R,R,L,CLE,DET,B,,,3,2,2020,-0.25,-0.1,-1.34,1.17,,,,2,1,Bot,,,,,,,-9.764599929256796,-127.71979647151105,-5.837912871133062,-0.8636085042483008,25.271171654198906,-32.288678382035734,3.63,1.78,,,,88.2,2603,6.5,631551,606988,600869,650489,670623,592348,622682,592444,593528,54.03,,0.698811,0.7,1.0,0.0,0.0,,10,9,Slider,1,1,1,1,1,1,1,1,Infield shift,Standard,283,0.01,0.301,,,,-0.301,,0,0,0.512,0.512,23,34,24,34,1,0,5.0,1,6.0,1.0,3.05,-0.25,0.25,44.4,,,,,
FF,2020-08-23,96.1,3.01,6.34,"Skubal, Tarik",467793,669373,,foul,,,,,1,Foul,R,R,L,CLE,DET,S,,,3,2,2020,1.14,1.4,-0.74,2.92,,,,2,1,Bot,,,,,,,-12.48834337534698,-139.35507002087394,-6.678832774751338,17.488568743595387,26.95315369140318,-12.54851862067392,3.48,1.62,,,,96.3,2504,6.3,631551,606988,600869,650489,670623,592348,622682,592444,593528,54.2,,,,,,,,10,8,4-Seam Fastball,1,1,1,1,1,1,1,1,Infield shift,Standard,142,0.0,0.0,,,,0.0,,0,0,0.512,0.512,23,34,24,34,1,0,5.0,1,6.0,1.0,1.06,1.14,-1.14,43.9,,,,,
FF,2020-08-23,95.9,3.19,6.28,"Skubal, Tarik",467793,669373,,foul,,,,,3,Foul,R,R,L,CLE,DET,S,,,3,2,2020,1.05,1.54,0.38,2.98,,,,2,1,Bot,,,,,,,-9.804438542917236,-139.26539528953285,-6.5899297482012065,15.85388449757761,29.79575219308242,-10.834576180863271,3.48,1.62,,,,96.1,2546,6.4,631551,606988,600869,650489,670623,592348,622682,592444,593528,54.11,,,,,,,,10,7,4-Seam Fastball,1,1,1,1,1,1,1,1,Infield shift,Standard,139,0.0,0.0,,,,0.0,,0,0,0.512,0.512,23,34,24,34,1,0,5.0,1,6.0,1.0,0.94,1.05,-1.05,41.7,,,,,
CH,2020-08-23,85.1,2.39,6.67,"Skubal, Tarik",467793,669373,,ball,,,,,12,Ball,R,R,L,CLE,DET,B,,,2,2,2020,0.73,1.34,1.08,3.4,,,,2,1,Bot,,,,,,,-4.532678513917818,-123.89347672026904,-4.107849122928569,8.398711251075127,22.367919291767695,-17.69695520071819,3.64,1.85,,,,85.5,1820,6.3,631551,606988,600869,650489,670623,592348,622682,592444,593528,54.2,,,,,,,,10,6,Changeup,1,1,1,1,1,1,1,1,Infield shift,Standard,138,0.003,0.101,,,,-0.101,,0,0,0.509,0.509,23,34,24,34,1,0,5.0,1,6.0,1.0,1.78,0.73,-0.73,57.2,,,,,
SL,2020-08-23,87.8,2.99,6.17,"Skubal, Tarik",467793,669373,,ball,,,,,13,Ball,R,R,L,CLE,DET,B,,,1,2,2020,-0.12,0.04,-0.93,1.39,,,,2,1,Bot,,,,,,,-9.251257996791988,-127.6513266761256,-5.641020183906713,0.2248674972540165,22.08697187473521,-30.841809495165226,3.66,1.79,,,,88.6,2487,6.5,631551,606988,600869,650489,670623,592348,622682,592444,593528,54.0,,,,,,,,10,5,Slider,1,1,1,1,1,1,1,1,Infield shift,Standard,270,0.001,0.046,,,,-0.046,,0,0,0.508,0.508,23,34,24,34,1,0,5.0,1,6.0,1.0,2.88,-0.12,0.12,45.9,,,,,
SL,2020-08-23,86.8,2.76,6.34,"Skubal, Tarik",467793,669373,,ball,,,,,13,Ball,R,R,L,CLE,DET,B,,,0,2,2020,-0.31,-0.03,-1.66,0.07,,,,2,1,Bot,,,,,,,-9.918879240992204,-125.93474301156137,-8.81730333425865,-1.6439476149126333,21.12099794223821,-31.05555666355947,3.69,1.9,,,,87.1,2425,6.3,631551,606988,600869,650489,670623,592348,622682,592444,593528,54.23,,,,,,,,10,4,Slider,1,1,1,1,1,1,1,1,Infield shift,Standard,303,0.002,0.029,,,,-0.029,,0,0,0.506,0.506,23,34,24,34,1,0,5.0,1,6.0,1.0,3.03,-0.31,0.31,47.0,,,,,
FF,2020-08-23,96.7,3.34,6.24,"Skubal, Tarik",467793,669373,,foul,,,,,11,Foul,R,R,L,CLE,DET,S,,,0,2,2020,0.94,1.25,-0.22,3.74,,,,2,1,Bot,,,,,,,-11.60810853443482,-140.42550291215724,-3.9754295780996167,14.938767594205856,29.520400977163625,-14.78475630669455,3.48,1.62,230.0,79.8,43.0,96.7,2357,6.2,631551,606988,600869,650489,670623,592348,622682,592444,593528,54.27,,,,,,,,10,3,4-Seam Fastball,1,1,1,1,1,1,1,1,Infield shift,Standard,139,0.0,0.0,,,,0.0,88.0,0,0,0.506,0.506,23,34,24,34,1,0,5.0,1,6.0,1.0,1.18,0.94,-0.94,39.7,,,,,
SL,2020-08-23,85.3,2.78,6.38,"Skubal, Tarik",467793,669373,,swinging_strike,,,,,7,Swinging Strike,R,R,L,CLE,DET,S,,,0,1,2020,-0.11,-0.1,-0.75,1.88,,,,2,1,Bot,,,,,,,-8.128968341378725,-124.16160541283686,-4.177759836988685,0.2738359354241331,21.347487092865652,-32.65815876998747,3.48,1.62,,,,86.3,2324,6.6,631551,606988,600869,650489,670623,592348,622682,592444,593528,53.93,,,,,,,,10,2,Slider,1,1,1,1,1,1,1,1,Standard,Standard,321,-0.002,-0.071,,,,0.071,,0,0,0.508,0.508,23,34,24,34,1,0,5.0,1,6.0,1.0,3.2,-0.11,0.11,49.5,,,,,
SL,2020-08-23,85.6,2.99,6.28,"Skubal, Tarik",467793,669373,,swinging_strike,,,,,13,Swinging Strike,R,R,L,CLE,DET,S,,,0,0,2020,-0.04,-0.13,-0.15,1.04,,,,2,1,Bot,,,,,,,-7.352941833533033,-124.43154313955776,-5.806856393754596,1.068028996772964,25.164651339948293,-32.5384273262685,3.48,1.62,,,,85.6,2280,6.4,631551,606988,600869,650489,670623,592348,622682,592444,593528,54.1,,,,,,,,10,1,Slider,1,1,1,1,1,1,1,1,Standard,Standard,319,-0.002,-0.045,,,,0.045,,0,0,0.51,0.51,23,34,24,34,1,0,5.0,1,6.0,1.0,3.25,-0.04,0.04,46.3,,,,,
FF,2020-08-23,94.9,3.17,6.15,"Skubal, Tarik",596019,669373,field_out,hit_into_play,,,,,7,Francisco Lindor lines out sharply to center fielder JaCoby Jones.,R,R,L,CLE,DET,X,8.0,line_drive,1,1,2020,1.01,1.26,-0.4,1.6,,,,1,1,Bot,132.63,53.57,,,,,-11.586529812746347,-137.5904600583862,-9.054510135870103,15.286113865088566,27.662514852573533,-14.324423333670502,3.24,1.51,344.0,103.1,16.0,95.0,2329,6.3,631551,606988,600869,650489,670623,592348,622682,592444,593528,54.15,0.633,0.687,0.0,1.0,0.0,0.0,5.0,9,3,4-Seam Fastball,1,1,1,1,1,1,1,1,Infield shift,Standard,137,-0.015,-0.256,,,1.02,0.256,103.1,0,0,0.525,0.525,23,26,24,27,1,0,5.0,1,6.0,1.0,1.27,1.01,-1.01,41.6,,,,,
CH,2020-08-23,84.4,2.29,6.6,"Skubal, Tarik",596019,669373,,ball,,,,,12,Ball,R,R,L,CLE,DET,B,,,0,1,2020,0.59,1.03,0.37,4.32,,,,1,1,Bot,,,,,,,-5.643718941346813,-122.93417104930596,-1.0759726034061572,7.044398319980433,21.86982656575703,-21.66190314334188,3.51,1.7,,,,84.8,1585,6.3,631551,606988,600869,650489,670623,592348,622682,592444,593528,54.23,,,,,,,,9,2,Changeup,1,1,1,1,1,1,1,1,Infield shift,Standard,137,0.001,0.031,,,,-0.031,,0,0,0.524,0.524,23,26,24,27,1,0,5.0,1,6.0,1.0,2.14,0.59,-0.59,58.2,,,,,
CU,2020-08-23,76.7,2.37,6.62,"Skubal, Tarik",596019,669373,,called_strike,,,,,4,Called Strike,R,R,L,CLE,DET,S,,,0,0,2020,0.08,-0.44,-0.61,2.44,,,,1,1,Bot,,,,,,,-6.417682406415316,-111.66211274494972,-1.1515895079967546,1.676051444339045,17.154407813565477,-35.88890992082189,3.48,1.64,,,,76.9,1928,6.1,631551,606988,600869,650489,670623,592348,622682,592444,593528,54.44,,,,,,,,9,1,Curveball,1,1,1,1,1,1,1,1,Infield shift,Standard,335,-0.002,-0.041,,,,0.041,,0,0,0.526,0.526,23,26,24,27,1,0,5.0,1,6.0,1.0,4.26,0.08,-0.08,,,,,,
SL,2020-08-23,87.8,2.67,6.3,"Skubal, Tarik",608070,669373,strikeout,swinging_strike_blocked,,,,,13,Jose Ramirez strikes out swinging.,R,R,L,CLE,DET,S,2.0,,1,2,2020,-0.26,0.15,-1.17,0.93,,,,0,1,Bot,,,,,,,-8.749227063486629,-127.46040630533298,-7.1278044950015795,-1.0135625768270389,26.81178269208964,-29.209816846188023,3.3,1.53,,,,87.7,2289,6.4,631551,606988,600869,650489,670623,592348,622682,592444,593528,54.11,,0.0,0.0,1.0,0.0,0.0,,8,4,Slider,1,1,1,1,1,1,1,1,Infield shift,Standard,240,-0.016,-0.201,,,,0.201,,0,0,0.542,0.542,23,27,24,28,1,0,5.0,1,6.0,1.0,2.83,-0.26,0.26,47.2,,,,,
CH,2020-08-23,83.1,2.27,6.79,"Skubal, Tarik",608070,669373,,called_strike,,,,,9,Called Strike,R,R,L,CLE,DET,S,,,1,1,2020,0.62,1.16,0.43,1.8,,,,0,1,Bot,,,,,,,-5.421606140076519,-120.88618220008208,-7.329534265879055,7.049871127571215,19.648616560747485,-19.570771989392455,3.32,1.64,,,,83.5,1668,6.2,631551,606988,600869,650489,670623,592348,622682,592444,593528,54.27,,,,,,,,8,3,Changeup,1,1,1,1,1,1,1,1,Infield shift,Standard,138,-0.005,-0.067,,,,0.067,,0,0,0.547,0.547,23,27,24,28,1,0,5.0,1,6.0,1.0,2.09,0.62,-0.62,61.0,,,,,
FF,2020-08-23,95.2,3.21,6.17,"Skubal, Tarik",608070,669373,,ball,,,,,12,Ball,R,R,L,CLE,DET,B,,,0,1,2020,1.07,1.29,0.81,3.83,,,,0,1,Bot,,,,,,,-8.674736419574598,-138.46191314430132,-3.468203378725114,15.552377233705505,27.1422758995275,-14.864681703292684,3.38,1.67,,,,95.7,2402,6.3,631551,606988,600869,650489,670623,592348,622682,592444,593528,54.18,,,,,,,,8,2,4-Seam Fastball,1,1,1,1,1,1,1,1,Infield shift,Standard,141,0.002,0.035,,,,-0.035,,0,0,0.545,0.545,23,27,24,28,1,0,5.0,1,6.0,1.0,1.2,1.07,-1.07,41.2,,,,,
FF,2020-08-23,95.1,3.02,6.31,"Skubal, Tarik",608070,669373,,called_strike,,,,,3,Called Strike,R,R,L,CLE,DET,S,,,0,0,2020,0.92,1.46,0.32,2.94,,,,0,1,Bot,,,,,,,-9.142566130186598,-138.23953967668163,-6.517554812235287,13.748373270339536,27.057141681392313,-12.143264988367717,3.39,1.68,,,,95.5,2335,6.3,631551,606988,600869,650489,670623,592348,622682,592444,593528,54.18,,,,,,,,8,1,4-Seam Fastball,1,1,1,1,1,1,1,1,Infield shift,Standard,146,-0.003,-0.046,,,,0.046,,0,0,0.548,0.548,23,27,24,28,1,0,5.0,1,6.0,1.0,1.04,0.92,-0.92,44.4,,,,,
FF,2020-08-23,95.8,3.01,6.23,"Skubal, Tarik",514917,669373,home_run,hit_into_play,,,,,5,Cesar Hernandez homers (1) on a line drive to center field.,R,R,L,CLE,DET,X,,line_drive,2,2,2020,1.02,1.26,-0.12,2.57,,,,0,1,Bot,163.33,41.22,,,,,-10.558064239844294,-139.1690705909642,-6.9821387686367515,15.36637538868802,26.137385596934237,-14.369392529895746,3.32,1.55,393.0,97.4,25.0,96.4,2400,6.4,631551,606988,600869,650489,670623,592348,622682,592444,593528,54.11,0.36,0.462,2.0,1.0,0.0,3.0,5.0,7,6,4-Seam Fastball,0,1,0,1,1,1,1,1,Standard,Standard,142,0.102,1.153,,,0.838,-1.153,97.4,-1,-1,0.446,0.446,23,30,24,30,1,0,5.0,1,6.0,1.0,1.2,1.02,-1.02,43.0,,,,,
SL,2020-08-23,85.7,2.78,6.39,"Skubal, Tarik",514917,669373,,foul,,,,,7,Foul,R,R,L,CLE,DET,S,,,2,2,2020,-0.03,0.09,-0.63,1.76,,,,0,1,Bot,,,,,,,-7.981735552946087,-124.6192059675566,-4.90828877994464,1.11068734812311,22.32083726274776,-30.4678683917744,3.32,1.55,4.0,97.2,-24.0,86.1,2198,6.3,631551,606988,600869,650489,670623,592348,622682,592444,593528,54.17,,,,,,,,7,5,Slider,0,1,0,1,1,0,0,1,Standard,Standard,262,0.0,0.0,,,,0.0,97.2,-1,-1,0.446,0.446,23,30,24,30,1,0,5.0,1,6.0,1.0,2.99,-0.03,0.03,48.1,,,,,
FF,2020-08-23,95.4,2.83,6.3,"Skubal, Tarik",514917,669373,,ball,,,,,13,Ball,R,R,L,CLE,DET,B,,,1,2,2020,0.66,1.32,-2.55,1.78,,,,0,1,Bot,,,,,,,-15.592130469519764,-137.97319914031985,-9.2307509176075,11.585946957640994,27.293295908436136,-13.212905985015434,3.31,1.59,,,,95.6,2300,6.5,631551,606988,600869,650489,670623,592348,622682,592444,593528,54.0,,,,,,,,7,4,4-Seam Fastball,0,1,0,1,1,0,0,1,Standard,Standard,140,0.004,0.039,,,,-0.039,,-1,-1,0.442,0.442,23,30,24,30,1,0,5.0,1,6.0,1.0,1.19,0.66,-0.66,45.4,,,,,
FF,2020-08-23,94.5,3.3,6.18,"Skubal, Tarik",514917,669373,,ball,,,,,12,Ball,R,R,L,CLE,DET,B,,,0,2,2020,0.89,1.25,1.22,4.31,,,,0,1,Bot,,,,,,,-7.382324766013832,-137.5360045520909,-2.0088954731243085,12.886468108948623,28.83330219488174,-16.04460631467447,3.34,1.58,,,,94.5,2274,6.2,631551,606988,600869,650489,670623,592348,622682,592444,593528,54.35,,,,,,,,7,3,4-Seam Fastball,0,1,0,1,1,0,0,1,Standard,Standard,137,0.002,0.03,,,,-0.03,,-1,-1,0.44,0.44,23,30,24,30,1,0,5.0,1,6.0,1.0,1.29,0.89,-0.89,38.0,,,,,
SL,2020-08-23,84.7,2.7,6.42,"Skubal, Tarik",514917,669373,,called_strike,,,,,4,Called Strike,R,R,L,CLE,DET,S,,,0,1,2020,-0.22,-0.12,-0.72,2.35,,,,0,1,Bot,,,,,,,-7.566610869163929,-123.20174942382737,-2.9444714774412732,-0.7211731803759841,24.17736430761804,-32.96649834294527,3.46,1.7,,,,84.9,2178,6.4,631551,606988,600869,650489,670623,592348,622682,592444,593528,54.06,,,,,,,,7,2,Slider,0,1,0,1,1,0,0,1,Standard,Standard,270,-0.004,-0.062,,,,0.062,,-1,-1,0.444,0.444,23,30,24,30,1,0,5.0,1,6.0,1.0,3.29,-0.22,0.22,49.2,,,,,
FF,2020-08-23,92.7,3.14,6.28,"Skubal, Tarik",514917,669373,,foul_bunt,,,,,4,Foul Bunt,R,R,L,CLE,DET,S,,,0,0,2020,0.89,1.35,-0.34,2.36,,,,0,1,Bot,,,,,,,-10.781557313954492,-134.48445405880366,-7.157965020161143,13.05789787290825,27.6632531007392,-14.300236543919436,3.32,1.55,,,,92.6,2292,6.3,631551,606988,600869,650489,670623,592348,622682,592444,593528,54.24,,,,,,,,7,1,4-Seam Fastball,0,1,0,1,1,0,0,1,Standard,Standard,139,-0.004,-0.046,,,,0.046,88.0,-1,-1,0.448,0.448,23,30,24,30,1,0,5.0,1,6.0,1.0,1.3,0.89,-0.89,43.7,,,,,
SL,2020-08-18,87.7,3.07,6.03,"Skubal, Tarik",650391,669373,strikeout,swinging_strike,,,,,4,Eloy Jimenez strikes out swinging.,R,R,L,CWS,DET,S,2.0,,1,2,2020,-0.57,-0.11,-0.75,2.45,,,547989.0,2,2,Bot,,,,,,,-8.06044632581411,-127.520241369728,-2.2893711559018093,-4.5267265043555875,26.78970275965525,-33.14590344768705,3.41,1.65,,,,87.7,2275,6.4,631496,519222,600869,570731,670623,592348,621514,592444,605612,54.1,,0.0,0.0,1.0,0.0,0.0,,20,4,Slider,4,1,4,1,1,4,4,1,Standard,Standard,359,-0.01,-0.211,,,,0.211,,3,3,0.804,0.804,23,23,24,24,2,1,,1,5.0,1.0,3.09,-0.57,0.57,43.9,,,,,
CH,2020-08-18,81.1,2.36,6.4,"Skubal, Tarik",650391,669373,,foul_tip,,,,,2,Foul Tip,R,R,L,CWS,DET,S,,,1,1,2020,0.32,1.08,0.05,3.43,,,547989.0,2,2,Bot,,,,,,,-5.797058029740621,-118.07946339955694,-2.1974542711127087,3.9144985249643702,18.668964660957297,-21.797991104409466,3.41,1.65,,,,81.9,1497,6.5,631496,519222,600869,570731,670623,592348,621514,592444,605612,54.05,,,,,,,,20,3,Changeup,4,1,4,1,1,4,4,1,Standard,Standard,128,-0.002,-0.068,,,,0.068,,3,3,0.806,0.806,23,23,24,24,2,1,,1,5.0,1.0,2.34,0.32,-0.32,58.6,,,,,
CH,2020-08-18,84.1,2.33,6.35,"Skubal, Tarik",650391,669373,,ball,,,,,13,Ball,R,R,L,CWS,DET,B,,,0,1,2020,0.34,0.86,-0.83,1.93,,,547989.0,2,2,Bot,,,,,,,-8.024031635443121,-122.1905152605688,-5.6255076264724275,4.9219787689776995,22.03184117293147,-22.604881996463774,3.48,1.7,,,,84.5,1685,6.5,631496,519222,600869,570731,670623,592348,621514,592444,605612,54.03,,,,,,,,20,2,Changeup,4,1,4,1,1,4,4,1,Standard,Standard,132,0.001,0.027,,,,-0.027,,3,3,0.805,0.805,23,23,24,24,2,1,,1,5.0,1.0,2.35,0.34,-0.34,59.7,,,,,
CU,2020-08-18,76.3,2.58,6.46,"Skubal, Tarik",650391,669373,,foul,,,,,13,Foul,R,R,L,CWS,DET,S,,,0,0,2020,-0.75,-1.08,-0.35,1.03,,,547989.0,2,2,Bot,,,,,,,-4.838376279425942,-111.0717598283221,-2.482128215374847,-5.3738361325169945,19.18809349660427,-40.89346196658841,3.41,1.65,0.0,34.2,30.0,76.7,2264,6.5,631496,519222,600869,570731,670623,592348,621514,592444,605612,54.0,,,,,,,,20,1,Curveball,4,1,4,1,1,4,4,1,Standard,Standard,341,-0.002,-0.049,,,,0.049,88.0,3,3,0.807,0.807,23,23,24,24,2,1,,1,5.0,1.0,4.98,-0.75,0.75,,,,,,
FF,2020-08-18,94.6,3.17,6.07,"Skubal, Tarik",547989,669373,single,hit_into_play,,,,,9,Jose Abreu singles on a fly ball to right fielder Harold Castro. Tim Anderson scores.,R,R,L,CWS,DET,X,9.0,fly_ball,0,0,2020,0.93,1.29,0.3,1.51,641313.0,,,2,2,Bot,167.96,119.36,,,,,-9.61097440495565,-137.300691021749,-9.152921992835218,13.86019794111575,29.06879403148239,-13.963920883556366,3.47,1.61,215.0,69.7,41.0,95.3,2481,6.8,631496,519222,600869,570731,670623,592348,621514,592444,605612,53.74,0.407,0.407,0.9,1.0,1.0,0.0,3.0,19,1,4-Seam Fastball,3,1,3,1,1,4,4,1,Standard,Standard,136,0.067,0.727,,,0.5,-0.727,88.0,2,2,0.74,0.74,23,33,24,33,2,1,,1,5.0,1.0,1.26,0.93,-0.93,43.1,,,,,
FF,2020-08-18,94.0,3.15,6.11,"Skubal, Tarik",660162,669373,sac_fly,hit_into_play,,,,,5,Yoan Moncada out on a sacrifice fly to right fielder Harold Castro. Danny Mendick scores. Tim Anderson to 3rd.,R,R,L,CWS,DET,X,9.0,fly_ball,1,0,2020,1.0,1.42,0.09,2.66,664901.0,641313.0,,1,2,Bot,187.34,72.0,,,,,-10.140100167713406,-136.47299506635417,-6.367995968147337,14.646503434355504,28.09427539185186,-13.164874257128956,3.29,1.53,332.0,93.9,35.0,94.1,2380,6.3,631496,519222,600869,570731,670623,592348,621514,592444,605612,54.18,0.087,0.151,0.0,1.0,0.0,0.0,3.0,18,2,4-Seam Fastball,2,1,2,1,1,3,3,1,Standard,Standard,134,0.007,-0.24,,,0.312,0.24,93.9,1,1,0.733,0.733,23,25,24,25,2,1,,1,5.0,1.0,1.16,1.0,-1.0,42.9,,,,,
CU,2020-08-18,77.5,2.81,6.37,"Skubal, Tarik",660162,669373,,blocked_ball,,,,,13,Ball In Dirt,R,R,L,CWS,DET,B,,,0,0,2020,-0.75,-1.0,-0.13,0.02,664901.0,641313.0,,1,2,Bot,,,,,,,-4.910661547708934,-112.75101105711794,-4.801298874724354,-5.465767235793923,21.54328317699145,-39.95380664970789,3.32,1.47,,,,77.7,2395,6.5,631496,519222,600869,570731,670623,592348,621514,592444,605612,53.97,,,,,,,,18,1,Curveball,2,1,2,1,1,2,2,1,Standard,Standard,336,0.001,0.034,,,,-0.034,,1,1,0.732,0.732,23,25,24,25,2,1,,1,5.0,1.0,4.81,-0.75,0.75,,,,,,
SL,2020-08-18,85.9,2.95,6.11,"Skubal, Tarik",641313,669373,double,hit_into_play,,,,,7,Tim Anderson doubles (5) on a sharp line drive to left fielder Christin Stewart. Nomar Mazara scores. Danny Mendick to 3rd.,R,R,L,CWS,DET,X,7.0,line_drive,0,2,2020,-0.4,-0.39,-0.66,1.76,,608577.0,664901.0,1,2,Bot,65.43,123.45,,,,,-7.758706003417802,-124.92082326094784,-3.3320860236365344,-2.8137198968540926,22.668263878220664,-35.870640391220874,3.32,1.54,178.0,107.6,9.0,86.5,2291,6.5,631496,519222,600869,570731,670623,592348,621514,592444,605612,54.05,0.767,0.764,1.25,1.0,1.0,1.0,4.0,17,3,Slider,1,1,1,1,1,2,2,1,Standard,Standard,326,0.155,0.88,,,1.015,-0.88,107.6,0,0,0.577,0.577,23,27,24,27,2,1,,1,5.0,1.0,3.46,-0.4,0.4,48.1,,,,,
FF,2020-08-18,95.9,3.16,6.12,"Skubal, Tarik",641313,669373,,foul,,,,,5,Foul,R,R,L,CWS,DET,S,,,0,1,2020,0.87,1.37,-0.13,2.13,,608577.0,664901.0,1,2,Bot,,,,,,,-10.65938357911953,-139.13226667001442,-8.067912440683026,13.571234462587078,27.80596937471671,-12.639054109939291,3.32,1.54,186.0,76.3,17.0,96.2,2515,6.4,631496,519222,600869,570731,670623,592348,621514,592444,605612,54.15,,,,,,,,17,2,4-Seam Fastball,1,1,1,1,1,1,1,1,Standard,Standard,140,-0.009,-0.059,,,,0.059,88.0,0,0,0.586,0.586,23,27,24,27,2,1,,1,5.0,1.0,1.1,0.87,-0.87,45.7,,,,,
FF,2020-08-18,94.3,3.16,6.2,"Skubal, Tarik",641313,669373,,called_strike,,,,,5,Called Strike,R,R,L,CWS,DET,S,,,0,0,2020,0.87,1.29,0.26,2.39,,608577.0,664901.0,1,2,Bot,,,,,,,-9.496673765685154,-136.93751182457072,-7.1193645299576405,12.928663289297983,27.638791820639305,-14.542528413084488,3.38,1.63,,,,94.8,2240,6.5,631496,519222,600869,570731,670623,592348,621514,592444,605612,54.02,,,,,,,,17,1,4-Seam Fastball,1,1,1,1,1,1,1,1,Standard,Standard,138,-0.007,-0.041,,,,0.041,,0,0,0.593,0.593,23,27,24,27,2,1,,1,5.0,1.0,1.27,0.87,-0.87,46.7,,,,,
CH,2020-08-18,81.2,2.51,6.51,"Skubal, Tarik",664901,669373,single,hit_into_play,,,,,2,Danny Mendick singles on a line drive to left fielder Christin Stewart. Nomar Mazara to 2nd.,R,R,L,CWS,DET,X,7.0,line_drive,0,1,2020,0.9,1.14,-0.08,2.86,,,608577.0,1,2,Bot,87.23,126.8,,,,,-7.532435979094599,-118.0657757914902,-3.73996065661176,9.807249830124524,22.345832958313533,-20.98561871189207,3.23,1.55,197.0,97.4,14.0,81.5,1742,6.5,631496,519222,600869,570731,670623,592348,621514,592444,605612,53.96,0.867,0.821,0.9,1.0,1.0,0.0,4.0,16,2,Changeup,1,1,1,1,1,1,1,1,Standard,Standard,137,0.043,0.465,,,1.035,-0.465,97.4,0,0,0.55,0.55,23,26,24,27,1,0,,1,5.0,1.0,2.32,0.9,-0.9,57.1,,,,,
FF,2020-08-18,93.3,3.03,6.23,"Skubal, Tarik",664901,669373,,called_strike,,,,,5,Called Strike,R,R,L,CWS,DET,S,,,0,0,2020,0.9,1.42,-0.14,2.45,,,608577.0,1,2,Bot,,,,,,,-10.122114032979876,-135.33989409465747,-7.035942159596144,13.312586763679487,29.613454679396657,-13.36537453150867,3.19,1.61,,,,93.2,2374,6.4,631496,519222,600869,570731,670623,592348,621514,592444,605612,54.09,,,,,,,,16,1,4-Seam Fastball,1,1,1,1,1,1,1,1,Standard,Standard,141,-0.004,-0.037,,,,0.037,,0,0,0.554,0.554,23,26,24,27,1,0,,1,5.0,1.0,1.22,0.9,-0.9,47.3,,,,,
CU,2020-08-18,77.6,2.47,6.46,"Skubal, Tarik",608577,669373,single,hit_into_play,,,,,5,Nomar Mazara singles on a line drive to left fielder Christin Stewart.,R,L,L,CWS,DET,X,7.0,line_drive,2,2,2020,-0.64,-1.03,0.01,2.11,,,,1,2,Bot,89.27,103.48,,,,,-4.094839544303394,-112.96982569681532,-0.5179819785034444,-4.779979840879722,20.35482780283772,-41.13215681740288,3.25,1.56,244.0,91.0,16.0,77.7,2111,6.3,631496,519222,600869,570731,670623,592348,621514,592444,605612,54.18,0.907,0.881,0.9,1.0,1.0,0.0,4.0,15,5,Curveball,1,1,1,1,1,1,1,1,Standard,Standard,335,0.028,0.452,,,1.095,-0.452,91.0,0,0,0.526,0.526,23,25,24,25,1,0,,1,5.0,1.0,4.81,-0.64,-0.64,,,,,,
FF,2020-08-18,96.2,2.68,6.4,"Skubal, Tarik",608577,669373,,ball,,,,,12,Ball,R,L,L,CWS,DET,B,,,1,2,2020,0.76,1.53,1.75,4.36,,,,1,2,Bot,,,,,,,-4.179673405757188,-140.01337435558486,-3.3149187092943007,10.885471181285045,31.032790503483376,-11.53867000736189,3.34,1.77,,,,96.6,2487,6.4,631496,519222,600869,570731,670623,592348,621514,592444,605612,54.06,,,,,,,,15,4,4-Seam Fastball,1,1,1,1,1,1,1,1,Standard,Standard,150,0.002,0.047,,,,-0.047,,0,0,0.524,0.524,23,25,24,25,1,0,,1,5.0,1.0,0.93,0.76,0.76,53.3,,,,,
SL,2020-08-18,85.3,2.81,6.07,"Skubal, Tarik",608577,669373,,foul,,,,,4,Foul,R,L,L,CWS,DET,S,,,1,1,2020,-0.63,-0.17,-0.43,2.37,,,,1,2,Bot,,,,,,,-6.401332846549797,-124.18919935129024,-2.110102494570449,-5.369726743943087,23.351531314604017,-33.71958022393668,3.25,1.56,54.0,100.7,-1.0,86.1,2257,6.6,631496,519222,600869,570731,670623,592348,621514,592444,605612,53.88,,,,,,,,15,3,Slider,1,1,1,1,1,1,1,1,Infield shift,Standard,288,-0.003,-0.07,,,,0.07,100.7,0,0,0.527,0.527,23,25,24,25,1,0,,1,5.0,1.0,3.28,-0.63,-0.63,51.1,,,,,
FF,2020-08-18,93.7,3.04,6.19,"Skubal, Tarik",608577,669373,,foul,,,,,6,Foul,R,L,L,CWS,DET,S,,,1,0,2020,0.61,1.41,0.31,2.1,,,,1,2,Bot,,,,,,,-8.452342412033644,-136.11559272268207,-7.977644913591414,9.420474934468466,28.92885073391191,-13.080563907107228,3.25,1.56,213.0,73.1,31.0,94.3,2374,6.6,631496,519222,600869,570731,670623,592348,621514,592444,605612,53.86,,,,,,,,15,2,4-Seam Fastball,1,1,1,1,1,1,1,1,Infield shift,Standard,142,-0.004,-0.052,,,,0.052,88.0,0,0,0.531,0.531,23,25,24,25,1,0,,1,5.0,1.0,1.19,0.61,0.61,48.0,,,,,
FC,2020-08-18,96.0,2.98,6.17,"Skubal, Tarik",608577,669373,,ball,,,,,13,Ball,R,L,L,CWS,DET,B,,,0,0,2020,0.42,1.4,-0.57,1.14,,,,1,2,Bot,,,,,,,-10.329983038018254,-139.08220474907597,-10.849849257123442,7.791836263511748,31.24747741116817,-11.689403622108207,3.3,1.69,,,,96.0,2447,6.5,631496,519222,600869,570731,670623,592348,621514,592444,605612,53.97,,,,,,,,15,1,Cutter,1,1,1,1,1,1,1,1,Infield shift,Standard,136,0.003,0.042,,,,-0.042,,0,0,0.528,0.528,23,25,24,25,1,0,,1,5.0,1.0,1.1,0.42,0.42,46.4,,,,,
FF,2020-08-18,97.0,3.2,6.16,"Skubal, Tarik",673357,669373,field_out,hit_into_play,,,,,11,Luis Robert flies out to right fielder Harold Castro.,R,R,L,CWS,DET,X,9.0,fly_ball,2,2,2020,0.85,1.11,-0.84,2.64,,,,0,2,Bot,200.02,95.12,,,,,-12.71530705961453,-140.5747479901594,-6.32396831698631,14.251506542448569,33.70091975371762,-16.15085110767141,3.54,1.66,302.0,89.5,30.0,96.5,2417,6.3,631496,519222,600869,570731,670623,592348,621514,592444,605612,54.15,0.053,0.056,0.0,1.0,0.0,0.0,3.0,14,5,4-Seam Fastball,1,1,1,1,1,1,1,1,Infield shift,Standard,140,-0.021,-0.24,,,0.095,0.24,89.5,0,0,0.549,0.549,23,22,24,23,1,0,,1,5.0,3.0,1.35,0.85,-0.85,42.2,,,,,
CH,2020-08-18,83.0,2.37,6.58,"Skubal, Tarik",673357,669373,,swinging_strike,,,,,14,Swinging Strike,R,R,L,CWS,DET,S,,,2,1,2020,0.47,0.97,0.83,1.71,,,,0,2,Bot,,,,,,,-4.438273853956748,-120.78013093661096,-6.619749223527595,5.3905238736331755,22.270726701061356,-21.62693984214997,3.54,1.66,,,,83.5,1717,6.5,631496,519222,600869,570731,670623,592348,621514,592444,605612,54.0,,,,,,,,14,4,Changeup,1,1,1,1,1,1,1,1,Infield shift,Standard,140,-0.006,-0.085,,,,0.085,,0,0,0.555,0.555,23,22,24,23,1,0,,1,5.0,3.0,2.33,0.47,-0.47,60.0,,,,,
FF,2020-08-18,95.5,2.61,6.41,"Skubal, Tarik",673357,669373,,ball,,,,,13,Ball,R,R,L,CWS,DET,B,,,1,1,2020,0.61,1.71,-1.24,1.25,,,,0,2,Bot,,,,,,,-11.47672363608016,-138.21691913943172,-11.781522688625223,10.39167303026311,30.74092119968231,-7.603676355590331,3.7,1.72,,,,95.3,2555,6.5,631496,519222,600869,570731,670623,592348,621514,592444,605612,54.01,,,,,,,,14,3,4-Seam Fastball,1,1,1,1,1,1,1,1,Infield shift,Standard,149,0.005,0.057,,,,-0.057,,0,0,0.55,0.55,23,22,24,23,1,0,,1,5.0,3.0,0.81,0.61,-0.61,51.9,,,,,
FF,2020-08-18,95.0,3.2,6.09,"Skubal, Tarik",673357,669373,,ball,,,,,12,Ball,R,R,L,CWS,DET,B,,,0,1,2020,0.84,1.23,0.68,3.63,,,,0,2,Bot,,,,,,,-8.480371583778208,-138.09879274553936,-3.529351343507031,12.67230394016531,31.31968494428276,-15.812277804590869,3.48,1.62,,,,94.9,2405,6.3,631496,519222,600869,570731,670623,592348,621514,592444,605612,54.18,,,,,,,,14,2,4-Seam Fastball,1,1,1,1,1,1,1,1,Infield shift,Standard,135,0.002,0.035,,,,-0.035,,0,0,0.548,0.548,23,22,24,23,1,0,,1,5.0,3.0,1.3,0.84,-0.84,40.3,,,,,
SL,2020-08-18,86.0,3.03,6.22,"Skubal, Tarik",673357,669373,,swinging_strike,,,,,13,Swinging Strike,R,R,L,CWS,DET,S,,,0,0,2020,-0.52,0.1,-1.09,1.08,,,,0,2,Bot,,,,,,,-8.720410744816135,-124.80613288395304,-6.01695423412134,-3.246712285887977,29.79130572363684,-29.929044416771028,3.54,1.66,,,,85.5,2168,6.5,631496,519222,600869,570731,670623,592348,621514,592444,605612,53.98,,,,,,,,14,1,Slider,1,1,1,1,1,1,1,1,Infield shift,Standard,102,-0.003,-0.046,,,,0.046,,0,0,0.551,0.551,23,22,24,23,1,0,,1,5.0,3.0,3.05,-0.52,0.52,51.9,,,,,
FF,2020-08-18,96.3,2.95,6.22,"Skubal, Tarik",543510,669373,field_out,hit_into_play,,,,,2,James McCann flies out sharply to center fielder JaCoby Jones.,R,R,L,CWS,DET,X,8.0,fly_ball,2,2,2020,0.75,1.18,-0.19,3.3,660162.0,,429665.0,2,1,Bot,161.78,40.95,,,,,-10.059213429430043,-139.7701595216731,-4.822043530880984,12.182587579289237,32.89916298151714,-15.779269740268996,3.21,1.47,381.0,102.3,36.0,96.4,2457,6.6,631496,519222,600869,570731,670623,592348,621514,592444,605612,53.93,0.467,0.893,0.0,1.0,0.0,0.0,6.0,9,7,4-Seam Fastball,1,0,1,0,0,1,1,0,Standard,Standard,138,-0.039,-0.27,,,1.762,0.27,102.3,1,1,0.642,0.642,23,30,24,30,1,0,,1,5.0,2.0,1.3,0.75,-0.75,46.4,,,,,
SL,2020-08-18,85.7,3.27,6.1,"Skubal, Tarik",543510,669373,,foul,,,,,9,Foul,R,R,L,CWS,DET,S,,,2,2,2020,-0.33,0.01,0.6,1.52,660162.0,,429665.0,2,1,Bot,,,,,,,-5.660973997712344,-124.75064928163226,-4.633441674765185,-2.3835266654941467,23.139515584383258,-31.36713163788818,3.21,1.47,201.0,70.4,49.0,86.2,2218,6.4,631496,519222,600869,570731,670623,592348,621514,592444,605612,54.09,,,,,,,,9,6,Slider,1,0,1,0,0,1,1,0,Standard,Standard,41,0.0,0.0,,,,0.0,88.0,1,1,0.642,0.642,23,30,24,30,1,0,,1,5.0,2.0,3.07,-0.33,0.33,46.1,,,,,
FF,2020-08-18,96.8,2.86,6.16,"Skubal, Tarik",543510,669373,,foul,,,,,4,Foul,R,R,L,CWS,DET,S,,,2,2,2020,0.53,1.12,-0.55,2.66,660162.0,,429665.0,2,1,Bot,,,,,,,-10.367784934019634,-140.56406962374254,-6.349324927513791,9.436537684649426,32.14976190702253,-16.05193122887201,3.21,1.47,215.0,74.9,25.0,97.2,2513,6.6,631496,519222,600869,570731,670623,592348,621514,592444,605612,53.87,,,,,,,,9,5,4-Seam Fastball,1,0,1,0,0,1,1,0,Standard,Standard,142,0.0,0.0,,,,0.0,88.0,1,1,0.642,0.642,23,30,24,30,1,0,,1,5.0,2.0,1.33,0.53,-0.53,45.8,,,,,
FC,2020-08-18,95.5,2.8,6.2,"Skubal, Tarik",543510,669373,,swinging_strike,,,,,11,Swinging Strike,R,R,L,CWS,DET,S,,,2,1,2020,0.07,1.28,-0.74,3.65,660162.0,,429665.0,2,1,Bot,,,,,,,-9.499487591017015,-138.76030670978005,-3.93501928584146,3.108541808273694,32.519506355859114,-14.913010398934242,3.21,1.47,,,,95.4,2415,6.4,631496,519222,600869,570731,670623,592348,621514,592444,605612,54.09,,,,,,,,9,4,Cutter,1,0,1,0,0,1,1,0,Standard,Standard,143,-0.006,-0.082,,,,0.082,,1,1,0.648,0.648,23,30,24,30,1,0,,1,5.0,2.0,1.23,0.07,-0.07,47.9,,,,,
FC,2020-08-18,94.9,2.98,6.23,"Skubal, Tarik",543510,669373,,called_strike,,,,,6,Called Strike,R,R,L,CWS,DET,S,,,2,0,2020,0.46,1.54,0.33,2.47,660162.0,,429665.0,2,1,Bot,,,,,,,-8.009395166674228,-137.86034313793985,-7.666260782657311,7.569717483464499,28.938528931205077,-10.94857296666495,3.24,1.39,,,,95.6,2437,6.6,631496,519222,600869,570731,670623,592348,621514,592444,605612,53.86,,,,,,,,9,3,Cutter,1,0,1,0,0,1,1,0,Standard,Standard,143,-0.004,-0.073,,,,0.073,,1,1,0.652,0.652,23,30,24,30,1,0,,1,5.0,2.0,0.99,0.46,-0.46,47.8,,,,,
FC,2020-08-18,95.2,2.58,6.24,"Skubal, Tarik",543510,669373,,ball,,,,,11,Ball,R,R,L,CWS,DET,B,,,1,0,2020,0.16,1.54,-1.02,2.38,660162.0,,429665.0,2,1,Bot,,,,,,,-9.832564242930523,-138.2521335902005,-7.991480363313172,4.191985852340134,29.129662225457515,-10.767571293668492,3.29,1.46,,,,95.7,2431,6.6,631496,519222,600869,570731,670623,592348,621514,592444,605612,53.92,,,,,,,,9,2,Cutter,1,0,1,0,0,1,1,0,Standard,Standard,148,0.004,0.05,,,,-0.05,,1,1,0.648,0.648,23,30,24,30,1,0,,1,5.0,2.0,0.97,0.16,-0.16,54.2,,,,,
FC,2020-08-18,94.6,2.9,6.22,"Skubal, Tarik",543510,669373,,ball,,,,,11,Ball,R,R,L,CWS,DET,B,,,0,0,2020,0.22,1.3,-0.07,3.6,660162.0,,429665.0,2,1,Bot,,,,,,,-8.251196865882713,-137.60169851559615,-4.086546941978633,4.6263701161361785,30.297665228717012,-14.863261769609366,3.33,1.44,,,,95.0,2340,6.5,631496,519222,600869,570731,670623,592348,621514,592444,605612,54.0,,,,,,,,9,1,Cutter,1,0,1,0,0,1,1,0,Standard,Standard,141,0.002,0.044,,,,-0.044,,1,1,0.646,0.646,23,30,24,30,1,0,,1,5.0,2.0,1.24,0.22,-0.22,46.8,,,,,
FC,2020-08-18,95.6,3.3,6.06,"Skubal, Tarik",429665,669373,walk,ball,,,,,11,Edwin Encarnacion walks.,R,R,L,CWS,DET,B,,,3,2,2020,0.36,1.41,-0.21,4.6,660162.0,,,2,1,Bot,,,,,,,-10.096985165802677,-139.03924841824104,-1.4540295935297631,6.740155623737203,28.972549836001416,-13.632577984922586,3.25,1.48,,,,96.2,2381,6.5,631496,519222,600869,570731,670623,592348,621514,592444,605612,54.0,,0.698811,0.7,1.0,0.0,0.0,,8,6,Cutter,1,0,1,0,0,1,1,0,Infield shift,Standard,138,0.009,0.174,,,,-0.174,,1,1,0.637,0.637,23,37,24,37,1,0,,1,5.0,1.0,1.07,0.36,-0.36,40.2,,,,,
FC,2020-08-18,96.0,3.1,6.15,"Skubal, Tarik",429665,669373,,called_strike,,,,,1,Called Strike,R,R,L,CWS,DET,S,,,3,1,2020,0.45,1.19,-0.48,2.99,660162.0,,,2,1,Bot,,,,,,,-10.501304479234593,-139.40772178472997,-5.459796549527154,8.136355239693161,29.982569151225096,-15.566150122272443,3.3,1.48,,,,96.2,2400,6.4,631496,519222,600869,570731,670623,592348,621514,592444,605612,54.08,,,,,,,,8,5,Cutter,1,0,1,0,0,1,1,0,Infield shift,Standard,145,-0.003,-0.06,,,,0.06,,1,1,0.64,0.64,23,37,24,37,1,0,,1,5.0,1.0,1.28,0.45,-0.45,46.6,,,,,
CU,2020-08-18,78.1,2.58,6.35,"Skubal, Tarik",429665,669373,,blocked_ball,,,,,13,Ball In Dirt,R,R,L,CWS,DET,B,,,2,1,2020,-0.81,-1.26,-0.78,-0.3,660162.0,,,2,1,Bot,,,,,,,-5.756392105155434,-113.64277864581248,-5.101569514463661,-5.9270544231762194,21.561660644264332,-42.32200068311444,3.2,1.47,,,,78.1,2180,6.4,631496,519222,600869,570731,670623,592348,621514,592444,605612,54.1,,,,,,,,8,4,Curveball,1,0,1,0,0,1,1,0,Infield shift,Standard,349,0.003,0.06,,,,-0.06,,1,1,0.637,0.637,23,37,24,37,1,0,,1,5.0,1.0,5.01,-0.81,0.81,,,,,,
CH,2020-08-18,82.2,2.41,6.49,"Skubal, Tarik",429665,669373,,ball,,,,,12,Ball,R,R,L,CWS,DET,B,,,1,1,2020,0.14,1.13,0.35,4.17,660162.0,,,2,1,Bot,,,,,,,-4.955964610854133,-119.64963683908444,-0.945066757690412,2.300299251307185,21.79697199116395,-21.33910386516147,3.2,1.54,,,,82.7,1586,6.5,631496,519222,600869,570731,670623,592348,621514,592444,605612,54.03,,,,,,,,8,3,Changeup,1,0,1,0,0,1,1,0,Infield shift,Standard,138,0.003,0.033,,,,-0.033,,1,1,0.634,0.634,23,37,24,37,1,0,,1,5.0,1.0,2.23,0.14,-0.14,57.2,,,,,
CH,2020-08-18,84.0,2.48,6.48,"Skubal, Tarik",429665,669373,,ball,,,,,11,Ball,R,R,L,CWS,DET,B,,,0,1,2020,0.55,0.85,-1.05,2.75,660162.0,,,2,1,Bot,,,,,,,-9.31095839985393,-122.16836890764792,-4.078872463836287,7.066886482161713,19.15939369654449,-22.97113654612656,3.24,1.52,,,,85.2,1485,6.6,631496,519222,600869,570731,670623,592348,621514,592444,605612,53.87,,,,,,,,8,2,Changeup,1,0,1,0,0,1,1,0,Infield shift,Standard,140,0.003,0.032,,,,-0.032,,1,1,0.631,0.631,23,37,24,37,1,0,,1,5.0,1.0,2.33,0.55,-0.55,58.0,,,,,
FF,2020-08-18,96.6,3.12,6.17,"Skubal, Tarik",429665,669373,,called_strike,,,,,2,Called Strike,R,R,L,CWS,DET,S,,,0,0,2020,0.75,1.08,-0.05,2.74,660162.0,,,2,1,Bot,,,,,,,-10.156040584098914,-140.34978264198708,-6.07616428623357,11.971260687186694,27.971753321205327,-16.713994242249786,3.23,1.6,,,,97.2,2488,6.4,631496,519222,600869,570731,670623,592348,621514,592444,605612,54.06,,,,,,,,8,1,4-Seam Fastball,1,0,1,0,0,1,1,0,Infield shift,Standard,139,-0.005,-0.044,,,,0.044,,1,1,0.636,0.636,23,37,24,37,1,0,,1,5.0,1.0,1.35,0.75,-0.75,43.6,,,,,
SL,2020-08-18,86.9,3.15,6.07,"Skubal, Tarik",650391,669373,grounded_into_double_play,hit_into_play,,,,,6,"Eloy Jimenez grounds into a double play, shortstop Niko Goodrum to second baseman Jonathan Schoop to first baseman Jeimer Candelario. Yoan Moncada to 3rd. Jose Abreu out at 2nd. Eloy Jimenez out at 1st.",R,R,L,CWS,DET,X,6.0,ground_ball,2,2,2020,-0.45,-0.19,0.69,2.82,,660162.0,547989.0,0,1,Bot,116.4,138.43,,,,,-4.964513990967365,-126.47550739730606,-1.132337311547605,-3.689562320938462,28.21939342005656,-34.21522360503183,3.41,1.65,8.0,98.9,-20.0,86.7,2233,6.3,631496,519222,600869,570731,670623,592348,621514,592444,605612,54.15,0.12,0.111,0.0,1.0,0.0,0.0,2.0,7,7,Slider,1,0,1,0,0,1,1,0,Standard,Standard,225,-0.081,-0.34,,,0.128,0.34,98.9,1,1,0.717,0.717,23,23,24,24,1,0,,1,5.0,1.0,3.23,-0.45,0.45,46.6,,,,,
SL,2020-08-18,84.8,2.9,6.11,"Skubal, Tarik",650391,669373,,ball,,,,,1,Ball,R,R,L,CWS,DET,B,,,1,2,2020,-0.55,-0.43,-0.58,3.32,,660162.0,547989.0,0,1,Bot,,,,,,,-7.065328125975104,-123.4192822620752,0.5952410808113859,-4.487158079716252,21.173294900165303,-36.93585158231411,3.49,1.73,,,,85.5,2324,6.4,631496,519222,600869,570731,670623,592348,621514,592444,605612,54.06,,,,,,,,7,6,Slider,1,0,1,0,0,1,1,0,Standard,Standard,301,0.007,0.048,,,,-0.048,,1,1,0.71,0.71,23,23,24,24,1,0,,1,5.0,1.0,3.57,-0.55,0.55,46.3,,,,,
FF,2020-08-18,96.3,2.88,6.19,"Skubal, Tarik",650391,669373,,foul,,,,,11,Foul,R,R,L,CWS,DET,S,,,1,2,2020,0.68,1.51,-0.87,3.46,,660162.0,547989.0,0,1,Bot,,,,,,,-11.485625705699594,-139.84773211756888,-5.115675550991375,11.418401597629886,29.32241510796091,-11.279086803204493,3.41,1.65,130.0,50.6,50.0,96.5,2392,6.4,631496,519222,600869,570731,670623,592348,621514,592444,605612,54.12,,,,,,,,7,5,4-Seam Fastball,1,0,1,0,0,1,1,0,Standard,Standard,143,0.0,0.0,,,,0.0,88.0,1,1,0.71,0.71,23,23,24,24,1,0,,1,5.0,1.0,0.94,0.68,-0.68,46.2,,,,,
SL,2020-08-18,85.7,2.85,6.15,"Skubal, Tarik",650391,669373,,foul,,,,,9,Foul,R,R,L,CWS,DET,S,,,1,2,2020,-0.5,-0.21,0.39,2.11,,660162.0,547989.0,0,1,Bot,,,,,,,-4.8392552414521095,-124.74706721934366,-2.91204828322736,-4.3228286358882135,23.642846541867197,-34.01035376764741,3.41,1.65,167.0,74.9,64.0,86.2,2185,6.4,631496,519222,600869,570731,670623,592348,621514,592444,605612,54.06,,,,,,,,7,4,Slider,1,0,1,0,0,1,1,0,Standard,Standard,297,0.0,0.0,,,,0.0,88.0,1,1,0.71,0.71,23,23,24,24,1,0,,1,5.0,1.0,3.3,-0.5,0.5,49.2,,,,,
FF,2020-08-18,95.6,2.99,6.22,"Skubal, Tarik",650391,669373,,swinging_strike,,,,,7,Swinging Strike,R,R,L,CWS,DET,S,,,1,1,2020,0.63,1.42,-0.52,2.18,,660162.0,547989.0,0,1,Bot,,,,,,,-10.648187227132931,-138.61819195920677,-8.188123171821806,10.48930108323684,30.08636166556727,-12.168860265524549,3.41,1.65,,,,95.4,2437,6.3,631496,519222,600869,570731,670623,592348,621514,592444,605612,54.18,,,,,,,,7,3,4-Seam Fastball,1,0,1,0,0,1,1,0,Standard,Standard,138,-0.009,-0.044,,,,0.044,,1,1,0.719,0.719,23,23,24,24,1,0,,1,5.0,1.0,1.09,0.63,-0.63,46.2,,,,,
CU,2020-08-18,76.1,2.63,6.58,"Skubal, Tarik",650391,669373,,foul,,,,,13,Foul,R,R,L,CWS,DET,S,,,1,0,2020,-0.78,-0.94,-0.15,1.21,,660162.0,547989.0,0,1,Bot,,,,,,,-4.439419462866124,-110.78115065531428,-2.568830767011975,-5.707628810593581,19.23821288759,-39.6553316775701,3.41,1.65,2.0,85.6,-41.0,76.3,2194,6.3,631496,519222,600869,570731,670623,592348,621514,592444,605612,54.17,,,,,,,,7,2,Curveball,1,0,1,0,0,1,1,0,Standard,Standard,343,-0.008,-0.067,,,,0.067,88.0,1,1,0.727,0.727,23,23,24,24,1,0,,1,5.0,1.0,4.86,-0.78,0.78,,,,,,
FF,2020-08-18,94.3,2.64,6.37,"Skubal, Tarik",650391,669373,,ball,,,,,11,Ball,R,R,L,CWS,DET,B,,,0,0,2020,0.77,1.45,-1.45,2.82,,660162.0,547989.0,0,1,Bot,,,,,,,-12.307326745994732,-136.74655989634604,-6.782762190212691,12.108666897292542,26.810897136550064,-12.566505246378975,3.55,1.77,,,,94.6,2473,6.4,631496,519222,600869,570731,670623,592348,621514,592444,605612,54.1,,,,,,,,7,1,4-Seam Fastball,1,0,1,0,0,1,1,0,Standard,Standard,150,0.006,0.046,,,,-0.046,,1,1,0.721,0.721,23,23,24,24,1,0,,1,5.0,1.0,1.11,0.77,-0.77,52.5,,,,,
SL,2020-08-18,85.2,3.19,6.1,"Skubal, Tarik",547989,669373,single,hit_into_play,,,,,5,Jose Abreu singles on a line drive to right fielder Harold Castro. Yoan Moncada to 2nd.,R,R,L,CWS,DET,X,9.0,line_drive,2,1,2020,-0.17,-0.09,-0.21,2.19,,,660162.0,0,1,Bot,178.75,124.53,,,,,-7.71324752705325,-124.08599757012288,-2.8624739486876916,-0.6146837331172341,18.7355676412853,-32.818826189133766,3.47,1.61,183.0,89.0,12.0,86.6,2373,6.6,631496,519222,600869,570731,670623,592348,621514,592444,605612,53.91,0.8,0.772,0.9,1.0,1.0,0.0,4.0,6,4,Slider,1,0,1,0,0,1,1,0,Standard,Standard,282,0.04,0.434,,,0.955,-0.434,89.0,1,1,0.681,0.681,23,33,24,33,1,0,,1,5.0,1.0,3.16,-0.17,0.17,45.2,,,,,
FF,2020-08-18,94.9,2.85,6.23,"Skubal, Tarik",547989,669373,,foul,,,,,4,Foul,R,R,L,CWS,DET,S,,,2,0,2020,0.77,1.25,-0.82,2.71,,,660162.0,0,1,Bot,,,,,,,-11.340499528032671,-137.65415733218097,-6.336567321036644,12.305957602439449,29.57247690964276,-15.0019530397093,3.47,1.61,200.0,71.2,44.0,95.0,2423,6.4,631496,519222,600869,570731,670623,592348,621514,592444,605612,54.06,,,,,,,,6,3,4-Seam Fastball,1,0,1,0,0,1,1,0,Standard,Standard,141,-0.009,-0.065,,,,0.065,88.0,1,1,0.69,0.69,23,33,24,33,1,0,,1,5.0,1.0,1.29,0.77,-0.77,48.1,,,,,
CH,2020-08-18,83.2,2.48,6.6,"Skubal, Tarik",547989,669373,,ball,,,,,13,Ball,R,R,L,CWS,DET,B,,,1,0,2020,0.18,1.15,-0.92,1.08,,,660162.0,0,1,Bot,,,,,,,-8.166190868623339,-120.72405313016296,-8.491078136025752,3.3175072952284275,22.36935579501391,-19.435631074637648,3.42,1.48,,,,83.5,1694,6.5,631496,519222,600869,570731,670623,592348,621514,592444,605612,53.98,,,,,,,,6,2,Changeup,1,0,1,0,0,1,1,0,Standard,Standard,142,0.009,0.07,,,,-0.07,,1,1,0.681,0.681,23,33,24,33,1,0,,1,5.0,1.0,2.15,0.18,-0.18,58.7,,,,,
FF,2020-08-18,94.5,2.8,6.34,"Skubal, Tarik",547989,669373,,ball,,,,,11,Ball,R,R,L,CWS,DET,B,,,0,0,2020,0.61,1.49,-1.45,3.96,,,660162.0,0,1,Bot,,,,,,,-12.399422044083932,-137.1162111151426,-3.877145417383773,10.202363854608626,27.133515186991197,-12.56992962888619,3.39,1.51,,,,94.6,2420,6.3,631496,519222,600869,570731,670623,592348,621514,592444,605612,54.21,,,,,,,,6,1,4-Seam Fastball,1,0,1,0,0,1,1,0,Standard,Standard,142,0.005,0.025,,,,-0.025,,1,1,0.676,0.676,23,33,24,33,1,0,,1,5.0,1.0,1.05,0.61,-0.61,49.2,,,,,
FF,2020-08-18,94.6,2.96,6.28,"Skubal, Tarik",660162,669373,single,hit_into_play,,,,,5,Yoan Moncada singles on a line drive to center fielder JaCoby Jones.,R,R,L,CWS,DET,X,8.0,line_drive,2,0,2020,0.6,1.46,-0.04,2.74,,,,0,1,Bot,134.85,84.97,,,,,-9.144145317706355,-137.40545113591122,-6.838638514043228,9.488030817539109,27.48412729584218,-12.291180520622977,3.29,1.53,272.0,84.3,21.0,94.8,2408,6.3,631496,519222,600869,570731,670623,592348,621514,592444,605612,54.2,0.627,0.604,0.9,1.0,1.0,0.0,4.0,5,3,4-Seam Fastball,1,0,1,0,0,1,1,0,Standard,Standard,140,0.022,0.331,,,0.761,-0.331,88.0,1,1,0.654,0.654,23,25,24,25,1,0,,1,5.0,1.0,1.08,0.6,-0.6,49.5,,,,,
FF,2020-08-18,95.3,2.99,6.18,"Skubal, Tarik",660162,669373,,ball,,,,,11,Ball,R,R,L,CWS,DET,B,,,1,0,2020,0.71,1.48,-0.49,3.56,,,,0,1,Bot,,,,,,,-10.710908558640943,-138.4642955601552,-4.59097502537136,11.472413566736728,28.780876578569792,-12.243617590353676,3.28,1.49,,,,95.4,2414,6.3,631496,519222,600869,570731,670623,592348,621514,592444,605612,54.24,,,,,,,,5,2,4-Seam Fastball,1,0,1,0,0,1,1,0,Standard,Standard,139,0.006,0.067,,,,-0.067,,1,1,0.648,0.648,23,25,24,25,1,0,,1,5.0,1.0,1.03,0.71,-0.71,46.1,,,,,
CU,2020-08-18,75.4,2.58,6.63,"Skubal, Tarik",660162,669373,,ball,,,,,14,Ball,R,R,L,CWS,DET,B,,,0,0,2020,-0.6,-0.92,1.09,1.86,,,,0,1,Bot,,,,,,,-2.0261183583423397,-109.9622742505091,-1.243238583835749,-4.557915778975355,17.657194499737127,-39.7024364295583,3.32,1.46,,,,75.7,2082,6.1,631496,519222,600869,570731,670623,592348,621514,592444,605612,54.35,,,,,,,,5,1,Curveball,1,0,1,0,0,1,1,0,Standard,Standard,344,0.003,0.045,,,,-0.045,,1,1,0.645,0.645,23,25,24,25,1,0,,1,5.0,1.0,4.88,-0.6,0.6,,,,,,
FF,2020-08-18,93.8,2.97,6.15,"Skubal, Tarik",641313,669373,home_run,hit_into_play,,,,,1,Tim Anderson homers (5) on a fly ball to left center field.,R,R,L,CWS,DET,X,,fly_ball,1,1,2020,0.68,1.56,-0.57,2.87,,,,0,1,Bot,67.91,29.36,,,,,-10.662204870203515,-136.1581915355452,-6.28675020720538,10.545407942056723,25.67214797073166,-11.468482260590273,3.32,1.54,422.0,105.5,32.0,94.5,2297,6.5,631496,519222,600869,570731,670623,592348,621514,592444,605612,53.97,0.9,1.783,2.0,1.0,0.0,3.0,6.0,4,3,4-Seam Fastball,0,0,0,0,0,1,1,0,Standard,Standard,144,0.098,1.125,,,3.574,-1.125,105.5,0,0,0.547,0.547,23,27,24,27,1,0,,1,5.0,1.0,1.01,0.68,-0.68,45.3,,,,,
CH,2020-08-18,83.6,2.68,6.47,"Skubal, Tarik",641313,669373,,ball,,,,,14,Ball,R,R,L,CWS,DET,B,,,0,1,2020,0.58,0.67,1.22,0.18,,,,0,1,Bot,,,,,,,-4.502945858024274,-121.49779236599608,-9.406672957645132,6.629239219827377,22.193418168989677,-24.00590763562696,3.28,1.45,,,,83.8,1491,6.4,631496,519222,600869,570731,670623,592348,621514,592444,605612,54.14,,,,,,,,4,2,Changeup,0,0,0,0,0,0,0,0,Standard,Standard,131,0.002,0.035,,,,-0.035,,0,0,0.545,0.545,23,27,24,27,1,0,,1,5.0,1.0,2.59,0.58,-0.58,54.9,,,,,
FF,2020-08-18,94.5,3.05,6.29,"Skubal, Tarik",641313,669373,,foul,,,,,9,Foul,R,R,L,CWS,DET,S,,,0,0,2020,0.87,1.41,0.4,1.99,,,,0,1,Bot,,,,,,,-8.829091160276194,-137.2065446409108,-8.714799957266091,12.794966505101874,26.81296764545966,-12.652971627963678,3.32,1.54,112.0,76.3,14.0,95.0,2255,6.4,631496,519222,600869,570731,670623,592348,621514,592444,605612,54.08,,,,,,,,4,1,4-Seam Fastball,0,0,0,0,0,0,0,0,Standard,Standard,143,-0.003,-0.046,,,,0.046,88.0,0,0,0.548,0.548,23,27,24,27,1,0,,1,5.0,1.0,1.13,0.87,-0.87,47.1,,,,,
