pitch_type,game_date,release_speed,release_pos_x,release_pos_z,player_name,batter,pitcher,events,description,spin_dir,spin_rate_deprecated,break_angle_deprecated,break_length_deprecated,zone,des,game_type,stand,p_throws,home_team,away_team,type,hit_location,bb_type,balls,strikes,game_year,pfx_x,pfx_z,plate_x,plate_z,on_3b,on_2b,on_1b,outs_when_up,inning,inning_topbot,hc_x,hc_y,tfs_deprecated,tfs_zulu_deprecated,umpire,sv_id,vx0,vy0,vz0,ax,ay,az,sz_top,sz_bot,hit_distance_sc,launch_speed,launch_angle,effective_speed,release_spin_rate,release_extension,game_pk,fielder_2,fielder_3,fielder_4,fielder_5,fielder_6,fielder_7,fielder_8,fielder_9,release_pos_y,estimated_ba_using_speedangle,estimated_woba_using_speedangle,woba_value,woba_denom,babip_value,iso_value,launch_speed_angle,at_bat_number,pitch_number,pitch_name,home_score,away_score,bat_score,fld_score,post_away_score,post_home_score,post_bat_score,post_fld_score,if_fielding_alignment,of_fielding_alignment,spin_axis,delta_home_win_exp,delta_run_exp,bat_speed,swing_length,estimated_slg_using_speedangle,delta_pitcher_run_exp,hyper_speed,home_score_diff,bat_score_diff,home_win_exp,bat_win_exp,age_pit_legacy,age_bat_legacy,age_pit,age_bat,n_thruorder_pitcher,n_priorpa_thisgame_player_at_bat,pitcher_days_since_prev_game,batter_days_since_prev_game,pitcher_days_until_next_game,batter_days_until_next_game,api_break_z_with_gravity,api_break_x_arm,api_break_x_batter_in,arm_angle,attack_angle,attack_direction,swing_path_tilt,intercept_ball_minus_batter_pos_x_inches,intercept_ball_minus_batter_pos_y_inches
ST,2022-10-05,80.1,2.89,5.18,"Ohtani, Shohei",660271,686610,field_out,hit_into_play,,,,,5.0,Shohei Ohtani grounds out to first baseman Dermis Garcia.,R,L,L,ATH,LAA,X,3.0,ground_ball,2,2,2022,-1.77,-0.42,0.16,2.34,,545361.0,,2,3,Top,154.75,165.38,,,,,-2.7062220360045677,-116.61051549450882,1.3106447837429702,-15.507124553036885,24.071052653222257,-36.451214176034455,3.54,1.66,33.0,82.2,-1.0,81.1,2317.0,7.2,662421,519390,660650,672478,640461,669397,643393,664913,668843,53.33,0.192,0.184,0.0,1.0,0.0,0.0,2.0,18,6,Sweeper,0,0,0,0,0,0,0,0,Infield shade,Standard,298.0,0.033,-0.235,,,0.23,0.235,88.0,0,0,0.522,0.478,24,27,24,28,2,1,5.0,1.0,,,3.99,-1.77,-1.77,28.7,,,,,
ST,2022-10-05,79.8,2.9,5.22,"Ohtani, Shohei",660271,686610,single,hit_into_play,,,,,13.0,Shohei Ohtani singles on a line drive to right fielder Conner Capel.   Mike Trout to 2nd.,R,L,L,ATH,LAA,X,9.0,line_drive,0,1,2022,-1.64,-0.17,-1.09,2.19,,,545361.0,1,1,Top,163.02,102.86,,,,,-5.758310617978122,-116.09179068941336,0.48803052453178,-13.510005651890104,23.983076959641835,-34.07298618975477,3.54,1.66,229.0,73.2,22.0,80.5,2153.0,7.0,662421,519390,660650,672478,640461,669397,643393,664913,668843,53.46,0.966,0.891,0.9,1.0,1.0,0.0,4.0,3,2,Sweeper,0,0,0,0,0,0,0,0,Infield shift,Standard,299.0,-0.042,0.45,,,1.041,-0.45,88.0,0,0,0.502,0.498,24,27,24,28,1,0,5.0,1.0,,,3.79,-1.64,-1.64,31.4,,,,,
SI,2022-10-05,94.2,2.62,5.21,"Ohtani, Shohei",660271,669912,field_out,hit_into_play,,,,,7.0,"Shohei Ohtani grounds out, third baseman Ernie Clement to first baseman Dermis Garcia.",R,L,L,ATH,LAA,X,5.0,ground_ball,2,2,2022,1.5,0.48,-0.69,2.1,,,,2,8,Top,114.15,148.09,,,,,-11.867163565531516,-136.59927783803766,-3.3740353757970127,21.39806535386029,29.857519541171065,-25.605068281340262,3.54,1.66,104.0,97.6,5.0,93.7,2405.0,6.2,662421,669127,660650,643393,676391,669397,664913,665506,668843,54.31,0.582,0.547,0.0,1.0,0.0,0.0,4.0,58,5,Sinker,3,2,2,3,2,3,2,3,Infield shift,Standard,116.0,0.024,-0.216,,,0.658,0.216,97.6,1,-1,0.843,0.157,27,27,28,28,1,3,4.0,1.0,,,2.11,1.5,1.5,13.6,,,,,
CU,2022-10-04,78.5,1.54,5.78,"Ohtani, Shohei",660271,608344,field_out,hit_into_play,,,,,13.0,Shohei Ohtani flies out to center fielder Cristian Pache.   Mike Trout to 3rd.,R,L,L,ATH,LAA,X,8.0,fly_ball,0,1,2022,-1.34,-0.26,-0.07,1.48,,545361.0,,0,6,Top,146.63,47.86,,,,,-0.9841958335852938,-114.38318246968528,-2.007035881504533,-11.632723067532623,20.723874991216444,-34.34010478101852,3.56,1.66,377.0,96.8,26.0,78.3,2206.0,6.0,662429,669221,664913,670148,676391,669397,643393,665506,668843,54.48,0.3047,0.5207999999999999,0.0,1.0,0.0,0.0,5.0,41,2,Curveball,0,0,0,0,0,0,0,0,Infield shade,Standard,313.0,0.004,-0.216,,,0.9797,0.216,96.8,0,0,0.417,0.583,28,27,28,28,3,2,5.0,1.0,,1.0,3.95,-1.34,-1.34,37.4,,,,,
SI,2022-10-04,91.6,1.18,6.13,"Ohtani, Shohei",660271,608344,field_out,hit_into_play,,,,,6.0,Shohei Ohtani lines out to left fielder Tony Kemp.,R,L,L,ATH,LAA,X,7.0,line_drive,2,1,2022,1.07,1.1,0.67,2.93,,,650859.0,1,1,Top,74.08,93.4,,,,,-3.590426889696377,-133.3558632781449,-4.632531235356492,13.526123302459638,26.3395825461441,-18.276819668202545,3.56,1.66,293.0,88.8,25.0,92.1,1943.0,6.4,662429,669221,664913,670148,676391,669397,643393,665506,668843,54.15,0.132,0.177,0.0,1.0,0.0,0.0,3.0,3,4,Sinker,0,0,0,0,0,0,0,0,Infield shift,Standard,139.0,0.032,-0.303,,,0.267,0.303,88.8,0,0,0.494,0.506,28,27,28,28,1,0,5.0,1.0,,1.0,1.6,1.07,1.07,45.1,,,,,
SL,2022-10-04,85.8,3.28,5.56,"Ohtani, Shohei",660271,640462,field_out,hit_into_play,,,,,4.0,Shohei Ohtani lines out sharply to center fielder Seth Brown.,R,L,L,ATH,LAA,X,8.0,line_drive,1,1,2022,-0.43,-0.09,-0.55,2.77,664058.0,,545361.0,2,10,Top,95.94,44.78,,,,,-8.321520448044154,-124.78806798999044,-0.1374915410156559,-2.9073960653956203,23.99997411715434,-33.334767474417625,3.56,1.66,388.0,102.2,22.0,87.3,2186.0,7.2,662429,669221,660650,681146,676391,669397,643393,664913,640461,53.34,0.4778620689655172,0.7900689655172413,0.0,1.0,0.0,0.0,6.0,75,3,Slider,1,1,1,1,1,1,1,1,Standard,Standard,312.0,0.139,-0.27,,,1.4520689655172414,0.27,102.2,0,0,0.666,0.3339999999999999,27,27,27,28,1,4,2.0,1.0,,1.0,3.18,-0.43,-0.43,29.6,,,,,
FF,2022-10-03,94.1,-2.53,5.62,"Ohtani, Shohei",660271,661309,double,hit_into_play,,,,,4.0,Shohei Ohtani doubles (30) on a sharp line drive to right fielder Chad Pinder.   Livan Soto scores.,R,L,R,ATH,LAA,X,9.0,line_drive,1,0,2022,-1.35,0.5,-0.32,2.51,,,670869.0,1,5,Top,188.75,72.33,,,,,8.674856121583746,-136.76384795415615,-3.437510413227555,-18.82918278446251,30.829944554658777,-25.314569089054235,3.56,1.65,291.0,117.2,13.0,93.6,2098.0,6.1,662431,669127,660650,672478,676391,669397,664913,665506,640461,54.41,0.816,0.968,1.25,1.0,1.0,1.0,6.0,40,2,4-Seam Fastball,0,2,2,0,3,0,3,0,Infield shift,Standard,245.0,-0.092,0.733,,,1.442,-0.733,117.2,-2,2,0.244,0.756,25,27,26,28,3,2,5.0,1.0,,1.0,2.08,1.35,-1.35,18.6,,,,,
SI,2022-10-02,93.5,1.9,5.4,"Ohtani, Shohei",660271,667463,field_out,hit_into_play,,,,,9.0,"Shohei Ohtani grounds out, third baseman Josh Jung to first baseman Nathaniel Lowe.",R,L,L,LAA,TEX,X,5.0,ground_ball,0,0,2022,1.55,0.27,0.51,1.96,,,,2,6,Bot,112.94,163.92,,,,,-6.980080535074657,-136.05615701487642,-3.7513029473305894,20.74453305542687,27.07241037443778,-28.23629220829853,3.55,1.63,1.0,67.8,-55.0,93.6,2101.0,6.2,663419,669087,663993,543760,673962,608369,669701,669352,594777,54.35,0.3,0.288,0.0,1.0,0.0,0.0,2.0,58,1,Sinker,7,3,7,3,3,7,7,3,Infield shift,Standard,117.0,-0.002,-0.256,,,0.315,0.256,88.0,4,4,0.943,0.943,27,27,28,28,1,3,3.0,1.0,,1.0,2.32,1.55,1.55,23.2,,,,,
FF,2022-10-02,96.9,-2.12,5.78,"Ohtani, Shohei",660271,642701,grounded_into_double_play,hit_into_play,,,,,14.0,"Shohei Ohtani grounds into a double play, second baseman Marcus Semien to shortstop Corey Seager to first baseman Nathaniel Lowe.   Mike Trout out at 2nd.    Shohei Ohtani out at 1st.",R,L,R,LAA,TEX,X,4.0,ground_ball,2,2,2022,-1.04,1.21,0.54,1.01,,,545361.0,1,8,Bot,157.1,159.69,,,,,9.393080341967885,-140.39358422109575,-9.767068151118538,-16.026355531606402,36.67962943937815,-13.984637604459992,3.55,1.63,39.0,100.5,0.0,95.5,2545.0,6.1,663419,669087,663993,543760,673962,608369,669701,669352,594777,54.43,0.432,0.388,0.0,1.0,0.0,0.0,4.0,75,5,4-Seam Fastball,8,3,8,3,3,8,8,3,Infield shift,Standard,226.0,-0.001,-0.29,,,0.451,0.29,100.5,5,5,0.995,0.995,26,27,26,28,1,4,5.0,1.0,2.0,1.0,1.27,1.04,-1.04,28.5,,,,,
FF,2022-10-02,93.2,-3.42,4.96,"Ohtani, Shohei",660271,668338,single,hit_into_play,,,,,6.0,Shohei Ohtani singles on a sharp line drive to center fielder Bubba Thompson.   Mike Trout to 2nd.,R,L,R,LAA,TEX,X,8.0,line_drive,2,2,2022,-0.33,0.95,0.43,2.35,,,545361.0,1,1,Bot,101.02,78.32,,,,,10.806874493378062,-135.3202034945732,-3.0530727863068545,-6.286762901302014,27.98661191410929,-19.984275390514636,3.55,1.63,259.0,102.1,16.0,94.4,2385.0,7.0,663419,669087,663993,543760,673962,608369,669701,669352,664029,53.45,0.55,0.589,0.9,1.0,1.0,0.0,4.0,7,5,4-Seam Fastball,0,0,0,0,0,0,0,0,Infield shift,Standard,154.0,0.039,0.434,,,0.837,-0.434,102.1,0,0,0.548,0.548,26,27,27,28,1,0,5.0,1.0,,1.0,1.67,0.33,-0.33,22.3,,,,,
FC,2022-10-01,89.5,0.61,6.51,"Ohtani, Shohei",660271,666142,field_out,hit_into_play,,,,,13.0,"Shohei Ohtani grounds out, third baseman Josh Jung to first baseman Nathaniel Lowe.",R,L,L,LAA,TEX,X,5.0,ground_ball,3,1,2022,0.22,0.7,-1.15,2.01,,,,1,3,Bot,142.3,152.43,,,,,-4.776355740923024,-130.23564345374098,-6.595428399719312,3.4415617821125624,25.87031401827889,-23.075634943158253,3.55,1.63,14.0,81.0,-7.0,89.6,2484.0,6.2,663405,641680,663993,543760,673962,608369,669701,665750,669352,54.29,0.108,0.101,0.0,1.0,0.0,0.0,2.0,20,5,Cutter,1,0,1,0,0,1,1,0,Infield shift,Standard,158.0,-0.024,-0.405,,,0.125,0.405,88.0,1,1,0.657,0.657,24,27,25,28,2,1,6.0,1.0,,1.0,2.14,0.22,0.22,44.9,,,,,
FF,2022-10-01,94.4,0.65,6.62,"Ohtani, Shohei",660271,666142,field_out,hit_into_play,,,,,5.0,"Shohei Ohtani grounds out sharply, shortstop Corey Seager to first baseman Nathaniel Lowe.",R,L,L,LAA,TEX,X,6.0,ground_ball,3,2,2022,0.99,1.58,-0.27,2.24,,,,1,1,Bot,109.63,149.41,,,,,-4.591115511407815,-137.07851014880347,-9.155268848310143,13.483882608404867,31.348275133404403,-10.438882947413022,3.55,1.63,5.0,110.2,-21.0,93.9,2488.0,6.2,663405,641680,663993,543760,673962,608369,669701,665750,669352,54.31,0.155,0.157,0.0,1.0,0.0,0.0,2.0,5,6,4-Seam Fastball,0,0,0,0,0,0,0,0,Infield shift,Standard,153.0,-0.02,-0.328,,,0.155,0.328,110.2,0,0,0.53,0.53,24,27,25,28,1,0,6.0,1.0,,1.0,1.0,0.99,0.99,51.5,,,,,
KC,2022-10-01,82.1,1.18,6.59,"Ohtani, Shohei",660271,519043,single,hit_into_play,,,,,5.0,Shohei Ohtani singles on a sharp line drive to left fielder Josh H.   Smith.,R,L,L,LAA,TEX,X,7.0,line_drive,1,2,2022,-0.36,-0.86,0.13,2.49,,,,0,8,Bot,71.15,92.8,,,,,-1.6720472617789923,-119.58262752440837,-1.1077969180732012,-3.1758456597649434,23.00805186643946,-40.4000684166992,3.55,1.63,221.0,100.4,11.0,82.0,2241.0,6.2,663405,641680,663993,543760,673962,608369,669701,665750,669352,54.34,0.879,0.833,0.9,1.0,1.0,0.0,4.0,55,4,Knuckle Curve,3,2,3,2,2,3,3,2,Infield shift,Standard,323.0,0.023,0.51,,,1.041,-0.51,100.4,1,1,0.863,0.863,33,27,33,28,1,3,2.0,1.0,3.0,1.0,4.23,-0.36,-0.36,50.2,,,,,
SI,2022-09-30,90.3,-1.61,6.1,"Ohtani, Shohei",660271,657248,field_out,hit_into_play,,,,,6.0,Shohei Ohtani flies out sharply to center fielder Leody Taveras.,R,L,R,LAA,TEX,X,8.0,fly_ball,2,0,2022,-0.82,0.99,0.59,2.47,,,545361.0,0,3,Bot,133.63,38.08,,,,,7.310921708026203,-131.37049827281984,-5.248980147007651,-11.023299350653216,26.73145185589628,-19.79028385383134,3.55,1.63,397.0,103.5,35.0,91.2,2277.0,6.8,663406,669087,663993,543760,673962,608369,664029,665750,669352,53.72,0.5611739130434782,1.1208260869565216,0.0,1.0,0.0,0.0,6.0,22,3,Sinker,2,0,2,0,0,2,2,0,Infield shift,Standard,184.0,-0.033,-0.346,,,2.1929565217391307,0.346,103.5,2,2,0.799,0.799,26,27,26,28,2,1,6.0,1.0,5.0,1.0,1.8,0.82,-0.82,40.5,,,,,
FF,2022-09-30,97.1,2.41,6.32,"Ohtani, Shohei",660271,621368,single,hit_into_play,,,,,11.0,Shohei Ohtani singles on a ground ball to shortstop Corey Seager.,R,L,L,LAA,TEX,X,6.0,ground_ball,2,2,2022,0.7,1.42,-1.0,3.1,,,,2,7,Bot,100.87,170.03,,,,,-10.697574200728482,-140.9445533304253,-6.3458597624572946,11.715203748747774,30.757025473302516,-11.887390129734149,3.55,1.63,2.0,54.4,-58.0,97.0,2398.0,6.3,663406,669087,663993,543760,673962,608369,669701,665750,669352,54.22,0.232,0.23,0.9,1.0,1.0,0.0,1.0,57,7,4-Seam Fastball,3,1,3,1,1,3,3,1,Infield shift,Standard,146.0,0.007,0.345,,,0.233,-0.345,88.0,2,2,0.867,0.867,27,27,28,28,1,3,7.0,1.0,4.0,1.0,1.0,0.7,0.7,35.4,,,,,
KC,2022-09-30,81.0,-1.5,6.13,"Ohtani, Shohei",660271,657248,single,hit_into_play,,,,,8.0,Shohei Ohtani singles on a sharp ground ball to right fielder Bubba Thompson.,R,L,R,LAA,TEX,X,9.0,ground_ball,2,1,2022,0.46,-1.09,0.15,2.03,,,,2,1,Bot,159.67,95.59,,,,,2.829109239028162,-117.97578196370762,-0.3702116319426103,3.6627499156812857,24.32114518005942,-42.459584177538886,3.55,1.63,149.0,106.8,8.0,81.4,2437.0,6.7,663406,669087,663993,543760,673962,608369,664029,665750,669352,53.79,0.676,0.635,0.9,1.0,1.0,0.0,4.0,7,4,Knuckle Curve,0,0,0,0,0,0,0,0,Infield shift,Standard,38.0,0.011,0.266,,,0.795,-0.266,106.8,0,0,0.511,0.511,26,27,26,28,1,0,6.0,1.0,5.0,1.0,4.58,-0.46,0.46,46.5,,,,,
SI,2022-09-29,89.8,1.48,6.16,"Ohtani, Shohei",660271,608344,field_out,hit_into_play,,,,,14.0,"Shohei Ohtani grounds out, second baseman Jordan Diaz to first baseman Dermis Garcia.",R,L,L,LAA,ATH,X,4.0,ground_ball,1,0,2022,1.21,1.02,1.12,2.5,,670869.0,545361.0,2,4,Bot,156.83,148.03,,,,,-3.4403810335974794,-130.65587854170028,-5.24245721800832,14.531373083934405,29.000143251895313,-19.5566408935764,3.53,1.62,8.0,85.8,-15.0,89.8,1950.0,6.4,663420,669221,660650,672478,605353,669397,643393,664913,668843,54.08,0.097,0.097,0.0,1.0,0.0,0.0,2.0,33,2,Sinker,3,0,3,0,0,3,3,0,Strategic,Standard,130.0,-0.022,-0.313,,,0.104,0.313,88.0,3,3,0.858,0.858,28,27,28,28,3,2,6.0,1.0,5.0,1.0,1.82,1.21,1.21,44.6,,,,,
SL,2022-09-29,87.4,-1.97,6.04,"Ohtani, Shohei",660271,650204,single,hit_into_play,,,,,4.0,Shohei Ohtani singles on a sharp ground ball to shortstop Nick Allen.,R,L,R,LAA,ATH,X,6.0,ground_ball,0,1,2022,0.4,0.14,-0.31,2.65,,,,0,7,Bot,126.41,140.93,,,,,3.162669519104351,-127.29531507811,-2.3402497467361782,3.754218563645287,25.53973197451293,-30.362628247969912,3.53,1.62,4.0,107.7,-28.0,87.2,2633.0,6.1,663420,669221,660650,672478,605353,669397,643393,664913,668843,54.42,0.134,0.136,0.9,1.0,1.0,0.0,2.0,51,2,Slider,4,0,4,0,0,4,4,0,Infield shift,Standard,55.0,0.004,0.478,,,0.134,-0.478,107.7,4,4,0.971,0.971,28,27,28,28,1,3,1.0,1.0,6.0,1.0,2.83,-0.4,0.4,45.9,,,,,
CU,2022-09-29,79.2,1.94,5.97,"Ohtani, Shohei",660271,608344,single,hit_into_play,,,,,11.0,Shohei Ohtani singles on a ground ball to center fielder Seth Brown.   Mike Trout scores.,R,L,L,LAA,ATH,X,8.0,ground_ball,0,1,2022,-0.41,0.63,-1.09,2.72,,545361.0,,0,1,Bot,137.57,90.24,,,,,-5.817898813486743,-115.22209438928589,-1.4532483018487734,-2.511434992451319,22.694344964521765,-26.53757623090175,3.53,1.62,31.0,93.1,-3.0,78.9,1968.0,6.2,663420,669221,660650,672478,605353,669397,643393,664913,668843,54.3,0.253,0.242,0.9,1.0,1.0,0.0,2.0,6,2,Curveball,1,0,1,0,0,2,2,0,Standard,Standard,307.0,0.065,0.521,,,0.293,-0.521,93.1,1,1,0.692,0.692,28,27,28,28,1,0,6.0,1.0,5.0,1.0,3.02,-0.41,-0.41,36.4,,,,,
CH,2022-09-28,85.0,-2.57,5.47,"Ohtani, Shohei",660271,661309,single,hit_into_play,,,,,7.0,Shohei Ohtani singles on a sharp line drive to right fielder Conner Capel.,R,L,R,LAA,ATH,X,9.0,line_drive,1,2,2022,-1.12,-0.24,-0.35,1.68,,,,0,4,Bot,166.37,84.73,,,,,7.43436824267226,-123.76921556527016,-2.1737267542352003,-12.959658453090448,21.511247895949293,-34.47042857527861,3.53,1.62,186.0,109.7,10.0,85.3,2402.0,6.1,663421,669221,519390,672478,605353,669397,643393,664913,668843,54.37,0.882,0.89,0.9,1.0,1.0,0.0,5.0,29,5,Changeup,1,1,1,1,1,1,1,1,Infield shift,Standard,304.0,0.05,0.51,,,1.154,-0.51,109.7,0,0,0.553,0.553,25,27,26,28,2,1,6.0,1.0,5.0,1.0,3.36,1.12,-1.12,12.9,,,,,
CH,2022-09-28,83.7,-2.85,5.49,"Ohtani, Shohei",660271,661309,field_out,hit_into_play,,,,,13.0,"Shohei Ohtani grounds out, shortstop Nick Allen to first baseman Stephen Vogt.",R,L,R,LAA,ATH,X,6.0,ground_ball,0,2,2022,-1.14,-0.25,-1.41,2.45,,,,2,1,Bot,126.56,149.36,,,,,5.5462035674452865,-121.81872557579352,-0.0813121899107878,-12.46656561929496,24.6463263841311,-34.89729869417882,3.53,1.62,59.0,76.8,4.0,83.4,2200.0,6.1,663421,669221,519390,672478,605353,669397,643393,664913,668843,54.36,0.221,0.222,0.0,1.0,0.0,0.0,2.0,9,3,Changeup,0,1,0,1,1,0,0,1,Infield shift,Standard,294.0,-0.006,-0.153,,,0.241,0.153,88.0,-1,-1,0.403,0.403,25,27,26,28,1,0,6.0,1.0,5.0,1.0,3.51,1.14,-1.14,15.0,,,,,
SL,2022-09-28,78.3,1.42,5.93,"Ohtani, Shohei",660271,572125,field_out,hit_into_play,,,,,5.0,Shohei Ohtani flies out sharply to left fielder Tony Kemp.,R,L,L,LAA,ATH,X,7.0,fly_ball,3,1,2022,-0.97,0.18,0.23,2.49,,,650859.0,2,5,Bot,93.25,134.22,,,,,-0.7821084993238988,-114.02869758339372,-0.8782776991980199,-8.257375894410151,22.02789939099683,-30.627326282580256,3.53,1.62,195.0,100.8,63.0,78.4,2250.0,6.4,663421,669221,519390,672478,605353,669397,643393,664913,668843,54.08,0.024,0.03,0.0,1.0,0.0,0.0,3.0,42,5,Slider,3,1,3,1,1,3,3,1,Infield shift,Standard,279.0,-0.021,-0.364,,,0.039,0.364,100.8,2,2,0.8,0.8,31,27,32,28,1,2,3.0,1.0,1.0,1.0,3.54,-0.97,-0.97,41.5,,,,,
CH,2022-09-27,84.7,-2.75,6.24,"Ohtani, Shohei",660271,621076,field_out,hit_into_play,,,,,5.0,Shohei Ohtani grounds out to first baseman Dermis Garcia.,R,L,R,LAA,ATH,X,3.0,ground_ball,0,0,2022,-0.79,0.69,0.02,2.63,,,,0,5,Bot,162.16,164.76,,,,,7.981416740339265,-123.0513868827151,-3.423776871442371,-9.580680665123936,24.28880649041724,-24.68082564959396,3.52,1.62,54.0,86.2,2.0,84.1,1423.0,6.0,663422,669221,660650,672478,681146,669397,664913,665506,640461,54.52,0.308,0.296,0.0,1.0,0.0,0.0,2.0,43,1,Changeup,3,3,3,3,3,3,3,3,Infield shift,Standard,243.0,-0.03,-0.247,,,0.348,0.247,88.0,0,0,0.567,0.567,28,27,28,28,3,2,6.0,2.0,5.0,1.0,2.5,0.79,-0.79,38.8,,,,,
FF,2022-09-27,94.3,-2.63,6.24,"Ohtani, Shohei",660271,621076,single,hit_into_play,,,,,3.0,Shohei Ohtani singles on a line drive to left fielder Seth Brown.,R,L,R,LAA,ATH,X,7.0,line_drive,0,1,2022,-0.73,1.18,0.82,2.97,,,,0,3,Bot,82.38,131.53,,,,,10.517422557425348,-136.87455608502904,-5.317671856495856,-11.619569219960333,31.758361605910267,-16.367844076143747,3.52,1.62,162.0,65.3,22.0,93.4,2039.0,6.0,663422,669221,660650,672478,681146,669397,664913,665506,640461,54.46,0.721,0.649,0.9,1.0,1.0,0.0,4.0,26,2,4-Seam Fastball,3,3,3,3,3,3,3,3,Infield shift,Strategic,214.0,0.044,0.478,,,0.751,-0.478,88.0,0,0,0.551,0.551,28,27,28,28,2,1,6.0,2.0,5.0,1.0,1.41,0.73,-0.73,38.3,,,,,
SI,2022-09-27,95.7,-2.83,6.06,"Ohtani, Shohei",660271,621076,double,hit_into_play,,,,,5.0,Shohei Ohtani doubles (29) on a sharp line drive to left fielder Seth Brown.,R,L,R,LAA,ATH,X,7.0,line_drive,1,1,2022,-1.31,0.85,-0.15,2.26,,,,2,1,Bot,77.95,65.02,,,,,9.96505698031353,-138.88824060673753,-6.261107709383965,-19.192842285531313,32.00167470937112,-19.88175399439407,3.52,1.62,393.0,109.3,21.0,94.9,1922.0,6.0,663422,669221,660650,672478,681146,669397,664913,665506,640461,54.45,0.8706818181818179,1.630409090909091,1.25,1.0,1.0,1.0,6.0,6,3,Sinker,0,0,0,0,0,0,0,0,Infield shift,Strategic,219.0,0.024,0.588,,,3.1054090909090903,-0.588,109.3,0,0,0.509,0.509,28,27,28,28,1,0,6.0,2.0,5.0,1.0,1.66,1.31,-1.31,33.4,,,,,
CH,2022-09-25,82.0,-1.29,5.93,"Ohtani, Shohei",660271,605164,field_out,hit_into_play,,,,,8.0,"Shohei Ohtani grounds out sharply, shortstop Carlos Correa to first baseman Jose Miranda.",R,L,R,MIN,LAA,X,6.0,ground_ball,1,0,2022,-1.37,0.42,0.06,1.63,,,,1,3,Top,131.6,145.37,,,,,5.6745792919469835,-119.36846052833651,-4.07887097998873,-14.221687258843753,19.371678636815467,-27.590057408806004,3.49,1.61,9.0,109.4,-9.0,82.2,1643.0,6.1,661667,643348,669304,650339,570482,621043,624503,665482,595909,54.45,0.355,0.345,0.0,1.0,0.0,0.0,2.0,21,2,Changeup,1,3,3,1,3,1,3,1,Infield shift,Standard,231.0,0.015,-0.282,,,0.378,0.282,109.4,-2,2,0.304,0.696,29,27,30,28,2,1,5.0,1.0,6.0,2.0,2.92,1.37,-1.37,50.4,,,,,
CH,2022-09-25,86.4,-2.39,5.21,"Ohtani, Shohei",660271,678692,field_out,hit_into_play,,,,,4.0,"Shohei Ohtani grounds out sharply, third baseman Gio Urshela to first baseman Jose Miranda.",R,L,R,MIN,LAA,X,5.0,ground_ball,0,0,2022,-1.21,0.51,-0.69,2.79,,,,0,7,Top,113.47,142.28,,,,,6.532299326763634,-125.7148790878656,-0.6141174442943119,-14.138995453239945,24.129763946627392,-26.872236758628993,3.49,1.61,55.0,107.1,0.0,86.8,1616.0,6.5,661667,643348,669304,650339,570482,621043,624503,665482,595909,54.04,0.5,0.471,0.0,1.0,0.0,0.0,4.0,57,1,Changeup,2,5,5,2,5,2,5,2,Infield shift,Standard,242.0,0.009,-0.247,,,0.551,0.247,107.1,-3,3,0.107,0.893,22,27,22,28,2,3,6.0,1.0,6.0,2.0,2.53,1.21,-1.21,31.4,,,,,
FF,2022-09-25,89.6,-1.17,6.1,"Ohtani, Shohei",660271,605164,single,hit_into_play,,,,,2.0,Shohei Ohtani singles on a sharp line drive to center fielder Gilberto Celestino.   Mike Trout scores.    Shohei Ohtani to 2nd.  Throwing error by center fielder Gilberto Celestino.,R,L,R,MIN,LAA,X,8.0,line_drive,2,2,2022,-0.59,1.57,-0.01,3.07,,545361.0,,1,1,Top,103.68,73.49,,,,,4.105794236071793,-130.49453171765214,-4.791604405170464,-7.623740153835989,26.611756692840963,-13.429975830635083,3.49,1.61,278.0,100.9,14.0,89.2,2420.0,5.9,661667,643348,669304,650339,570482,621043,624503,665482,595909,54.55,0.795,0.803,0.9,1.0,1.0,0.0,4.0,3,6,4-Seam Fastball,0,0,0,0,1,0,1,0,Infield shift,Standard,204.0,-0.099,0.587,,,1.052,-0.587,100.9,0,0,0.485,0.515,29,27,30,28,1,0,5.0,1.0,6.0,2.0,1.26,0.59,-0.59,49.3,,,,,
FF,2022-09-25,98.8,-0.97,6.52,"Ohtani, Shohei",660271,656730,single,hit_into_play,,,,,14.0,Shohei Ohtani singles on a sharp ground ball to left fielder Nick Gordon.   Mike Trout scores.,R,L,R,MIN,LAA,X,7.0,ground_ball,3,2,2022,-0.44,1.56,0.49,1.45,,545361.0,,0,9,Top,87.12,86.59,,,,,5.018942286687825,-143.43687250704448,-12.062293405815268,-7.217240108300447,31.389854226073847,-8.022813889518977,3.49,1.61,57.0,102.7,1.0,99.3,2579.0,6.6,661667,643348,669304,650339,570482,621043,624503,665482,595909,53.92,0.511,0.48,0.9,1.0,1.0,0.0,4.0,76,6,4-Seam Fastball,3,5,5,3,6,3,6,3,Infield shift,Standard,196.0,-0.024,0.441,,,0.57,-0.441,102.7,-2,2,0.053,0.947,28,27,29,28,1,4,2.0,1.0,4.0,2.0,0.77,0.44,-0.44,53.2,,,,,
FF,2022-09-25,93.5,-1.93,5.41,"Ohtani, Shohei",660271,678692,field_out,hit_into_play,,,,,11.0,"Shohei Ohtani grounds out, shortstop Carlos Correa to first baseman Jose Miranda.   Luis Rengifo to 3rd.    Mike Trout to 2nd.",R,L,R,MIN,LAA,X,6.0,ground_ball,2,1,2022,-1.05,1.21,-1.02,3.28,,650859.0,545361.0,1,4,Top,141.14,149.35,,,,,4.653155742091343,-136.19414321945317,-2.434882443037959,-14.153478564226782,29.07257292738303,-16.717852030957733,3.49,1.61,4.0,84.0,-40.0,93.7,2304.0,6.3,661667,643348,669304,650339,570482,621043,624503,665482,595909,54.23,0.066,0.072,0.0,1.0,0.0,0.0,2.0,36,4,4-Seam Fastball,2,5,5,2,5,2,5,2,Infield shift,Standard,219.0,0.02,-0.34,,,0.066,0.34,88.0,-3,3,0.162,0.838,22,27,22,28,1,2,6.0,1.0,6.0,2.0,1.38,1.05,-1.05,35.6,,,,,
FF,2022-09-24,93.6,-2.63,5.01,"Ohtani, Shohei",660271,657746,single,hit_into_play,,,,,1.0,Shohei Ohtani singles on a sharp ground ball to center fielder Gilberto Celestino. Luis Rengifo scores. Mike Trout scores.,R,L,R,MIN,LAA,X,8.0,ground_ball,1,2,2022,-0.87,1.32,-0.62,3.47,650859.0,545361.0,,1,3,Top,117.81,126.65,,,,,7.121783514445988,-136.0607193731056,-1.103996938917072,-12.40966985811584,31.569013108494023,-15.77240063844067,3.48,1.6,32.0,101.3,-5.0,93.6,2374.0,6.5,661656,596142,650333,650339,570482,621043,595909,665482,670242,54.03,0.276,0.274,0.9,1.0,1.0,0.0,2.0,24,5,4-Seam Fastball,3,1,1,3,3,3,3,3,Infield shift,Standard,216.0,-0.14,0.676,,,0.29,-0.676,101.3,2,-2,0.637,0.363,26,27,26,28,2,1,6.0,1.0,6.0,1.0,1.3,0.87,-0.87,23.9,,,,,
FS,2022-09-24,97.3,-2.19,6.0,"Ohtani, Shohei",660271,661395,field_out,hit_into_play,,,,,7.0,"Shohei Ohtani grounds out softly, catcher Gary Sanchez to first baseman Luis Arraez.",R,L,R,MIN,LAA,X,2.0,ground_ball,0,0,2022,-0.81,0.21,-0.55,2.18,670869.0,,650859.0,2,9,Top,138.14,188.27,,,,,6.227081663539074,-141.55985353407675,-5.210368882193632,-12.218665124549467,30.337081568778423,-28.463735682685808,3.48,1.6,1.0,69.0,-63.0,97.4,1637.0,6.2,661656,596142,650333,650339,570482,621043,595909,665482,670242,54.28,0.284,0.282,0.0,1.0,0.0,0.0,2.0,77,1,Split-Finger,8,4,4,8,4,8,4,8,Infield shift,Standard,225.0,0.012,-0.292,,,0.284,0.292,88.0,4,-4,0.988,0.012,24,27,24,28,1,4,6.0,1.0,3.0,1.0,2.19,0.81,-0.81,33.7,,,,,
ST,2022-09-24,86.5,-0.87,5.72,"Ohtani, Shohei",660271,643377,field_error,hit_into_play,,,,,5.0,Shohei Ohtani reaches on a fielding error by left fielder Jake Cave. Shohei Ohtani to 2nd.,R,L,R,MIN,LAA,X,7.0,fly_ball,2,2,2022,1.21,-0.3,-0.14,2.73,,,,1,5,Top,46.6,123.36,,,,,-0.6913723421610416,-125.98435579149408,-0.3128688792142767,12.951516203331982,26.558010032692,-35.49320847888279,3.48,1.6,271.0,90.0,41.0,85.6,2963.0,5.7,661656,596142,650333,650339,570482,621043,595909,665482,670242,54.77,0.005,0.006,0.9,1.0,0.0,0.0,3.0,41,7,Sweeper,4,3,3,4,3,4,3,4,Infield shift,Standard,37.0,-0.061,0.485,,,0.009,-0.485,90.0,1,-1,0.672,0.3279999999999999,27,27,28,28,1,2,4.0,1.0,3.0,1.0,3.35,-1.21,1.21,42.5,,,,,
CH,2022-09-24,89.7,-2.75,5.76,"Ohtani, Shohei",660271,605242,field_out,hit_into_play,,,,,13.0,Shohei Ohtani lines out to left fielder Jake Cave.,R,L,R,MIN,LAA,X,7.0,line_drive,0,0,2022,-1.41,0.56,-1.04,2.08,,,,2,7,Top,83.4,96.05,,,,,7.172695308235696,-130.5012876094029,-4.3123291298180835,-17.56048599492971,26.067225169444377,-25.02588166733461,3.48,1.6,278.0,81.6,25.0,89.7,1774.0,6.2,661656,596142,650333,650339,570482,621043,595909,665482,670242,54.3,0.266,0.266,0.0,1.0,0.0,0.0,3.0,60,1,Changeup,7,3,3,7,3,7,3,7,Infield shift,Standard,229.0,0.005,-0.256,,,0.363,0.256,88.0,4,-4,0.966,0.034,29,27,29,28,1,3,4.0,1.0,4.0,1.0,2.26,1.41,-1.41,32.8,,,,,
FF,2022-09-24,93.9,-2.51,4.99,"Ohtani, Shohei",660271,657746,field_out,hit_into_play,,,,,6.0,Shohei Ohtani flies out to left fielder Jake Cave in foul territory.,R,L,R,MIN,LAA,X,7.0,fly_ball,2,1,2022,-0.91,1.16,0.41,2.36,,,,2,1,Top,48.04,131.71,,,,,9.539510440198184,-136.44964012692824,-3.651396571330358,-13.433409472440802,28.07260781672679,-17.079163412625753,3.48,1.6,255.0,97.7,59.0,93.8,2263.0,6.1,661656,596142,650333,650339,570482,621043,595909,665482,670242,54.36,0.021,0.029,0.0,1.0,0.0,0.0,3.0,3,4,4-Seam Fastball,0,0,0,0,0,0,0,0,Infield shift,Standard,220.0,0.011,-0.296,,,0.041,0.296,97.7,0,0,0.537,0.4629999999999999,26,27,26,28,1,0,6.0,1.0,6.0,1.0,1.42,0.91,-0.91,27.2,,,,,
CH,2022-09-23,82.7,-2.16,5.05,"Ohtani, Shohei",660271,686973,field_out,hit_into_play,,,,,4.0,Shohei Ohtani flies out to left fielder Jake Cave.,R,L,R,MIN,LAA,X,7.0,fly_ball,2,2,2022,-1.32,0.5,-0.53,2.33,670869.0,,,2,5,Top,69.81,133.6,,,,,6.369058003876556,-120.3525418018165,-0.7092176967701889,-14.057977722580834,22.700386998611133,-27.345682345775653,3.48,1.6,215.0,92.9,60.0,83.7,1494.0,6.9,661668,596142,669304,624503,570482,650339,595909,676628,670242,53.65,0.013,0.016,0.0,1.0,0.0,0.0,3.0,37,5,Changeup,1,2,2,1,2,1,2,1,Infield shift,Standard,230.0,0.038,-0.232,,,0.024,0.232,92.9,-1,1,0.377,0.623,24,27,25,28,3,2,6.0,1.0,6.0,1.0,2.82,1.32,-1.32,19.7,,,,,
CH,2022-09-23,84.3,-1.97,5.16,"Ohtani, Shohei",660271,686973,field_out,hit_into_play,,,,,9.0,Shohei Ohtani grounds out to first baseman Jose Miranda.,R,L,R,MIN,LAA,X,3.0,ground_ball,0,0,2022,-1.04,0.82,0.34,1.79,,,545361.0,2,3,Top,155.04,175.56,,,,,7.532817731036948,-122.56176476538292,-3.0543986142447404,-12.01564802518663,25.784257294326657,-23.561508485313823,3.48,1.6,3.0,84.2,-30.0,85.1,1575.0,7.0,661668,596142,669304,624503,570482,650339,595909,676628,670242,53.52,0.047,0.056,0.0,1.0,0.0,0.0,2.0,21,1,Changeup,1,2,2,1,2,1,2,1,Infield shift,Standard,227.0,0.023,-0.26,,,0.052,0.26,88.0,-1,1,0.414,0.5860000000000001,24,27,25,28,2,1,6.0,1.0,6.0,1.0,2.41,1.04,-1.04,23.4,,,,,
SL,2022-09-23,91.9,-2.0,5.41,"Ohtani, Shohei",660271,686973,field_out,hit_into_play,,,,,5.0,"Shohei Ohtani grounds out, shortstop Jermaine Palacios to first baseman Jose Miranda.",R,L,R,MIN,LAA,X,6.0,ground_ball,0,0,2022,0.24,0.59,0.28,2.55,,,,2,1,Top,135.97,152.52,,,,,5.290579474845385,-133.83623825765008,-2.741964602857287,1.780170249451582,26.93803527709531,-24.6787139567727,3.48,1.6,3.0,98.4,-37.0,92.8,2414.0,6.6,661668,596142,669304,624503,570482,650339,595909,676628,670242,53.89,0.087,0.087,0.0,1.0,0.0,0.0,2.0,3,1,Slider,0,0,0,0,0,0,0,0,Infield shift,Standard,195.0,0.01,-0.256,,,0.092,0.256,98.4,0,0,0.538,0.4619999999999999,24,27,25,28,1,0,6.0,1.0,6.0,1.0,2.09,-0.24,0.24,28.4,,,,,
FF,2022-09-23,94.0,0.31,6.17,"Ohtani, Shohei",660271,573204,single,hit_into_play,,,,,5.0,Shohei Ohtani singles on a sharp ground ball to center fielder Gilberto Celestino.   Livan Soto scores.    Mike Trout to 2nd.,R,L,L,MIN,LAA,X,8.0,ground_ball,0,1,2022,0.54,1.53,-0.04,2.48,,670869.0,545361.0,2,7,Top,127.24,77.85,,,,,-2.111636306612511,-136.70842791385854,-7.184228629610702,7.228473990642996,31.52864293597229,-11.657567249013525,3.48,1.6,141.0,107.8,7.0,93.8,2362.0,6.3,661668,596142,669304,624503,570482,650339,595909,665482,670242,54.18,0.668,0.624,0.9,1.0,1.0,0.0,4.0,56,2,4-Seam Fastball,2,3,3,2,4,2,4,2,Infield shift,Standard,161.0,-0.132,0.576,,,0.771,-0.576,107.8,-1,1,0.322,0.6779999999999999,35,27,35,28,1,3,3.0,1.0,1.0,1.0,1.07,0.54,0.54,51.0,,,,,
FC,2022-09-22,89.7,-1.86,6.02,"Ohtani, Shohei",660271,600917,double,hit_into_play,,,,,8.0,Shohei Ohtani doubles (28) on a sharp line drive to right fielder Adolis Garcia.,R,L,R,TEX,LAA,X,9.0,line_drive,0,0,2022,0.27,0.41,0.17,1.88,,,,1,9,Top,210.89,101.42,,,,,4.406458732182205,-130.6167966162599,-5.073532003002712,2.148684699147766,27.15424740117983,-26.57575049685362,3.48,1.6,206.0,104.4,13.0,88.5,2837.0,5.5,661806,641680,663993,543760,673962,608369,669701,665750,666969,55.02,0.863,0.884,1.25,1.0,1.0,1.0,4.0,68,1,Cutter,5,3,3,5,3,5,3,5,Infield shift,Standard,142.0,-0.062,0.666,,,1.171,-0.666,104.4,2,-2,0.963,0.037,28,27,29,28,1,0,1.0,1.0,5.0,1.0,2.41,-0.27,0.27,39.7,,,,,
CH,2022-09-21,85.5,-2.63,5.59,"Ohtani, Shohei",660271,641540,field_out,hit_into_play,,,,,11.0,"Shohei Ohtani grounds out, shortstop Corey Seager to first baseman Nathaniel Lowe.",R,L,R,TEX,LAA,X,6.0,ground_ball,2,1,2022,-1.5,0.63,-1.39,2.56,,,,0,4,Top,102.99,161.31,,,,,5.97022514149942,-124.39340821368044,-2.098251446474421,-16.765512805945377,26.707119235992632,-25.420050577257413,3.47,1.6,27.0,68.1,-3.0,85.6,2024.0,6.5,661783,669087,663993,543760,673962,608369,669701,665750,669352,53.96,0.118,0.114,0.0,1.0,0.0,0.0,2.0,26,4,Changeup,3,2,2,3,2,3,2,3,Infield shift,Standard,237.0,0.034,-0.291,,,0.132,0.291,88.0,1,-1,0.618,0.382,27,27,28,28,2,1,7.0,1.0,,1.0,2.51,1.5,-1.5,37.0,,,,,
FF,2022-09-21,96.1,1.7,6.29,"Ohtani, Shohei",660271,656271,single,hit_into_play,,,,,12.0,Shohei Ohtani singles on a ground ball to first baseman Nathaniel Lowe.,R,L,L,TEX,LAA,X,3.0,ground_ball,3,2,2022,1.13,1.2,1.21,3.05,,,,0,7,Top,158.31,155.93,,,,,-3.908932054612537,-139.7942031666516,-5.7099260343376494,15.621584595354982,35.79489395433477,-15.41675414085218,3.47,1.6,9.0,68.4,-17.0,96.7,2381.0,6.9,661783,669087,663993,543760,673962,608369,669701,665750,669352,53.55,0.047,0.058,0.9,1.0,1.0,0.0,2.0,44,6,4-Seam Fastball,3,2,2,3,2,3,2,3,Infield shift,Standard,141.0,-0.06,0.354,,,0.047,-0.354,88.0,1,-1,0.681,0.3189999999999999,25,27,26,28,1,2,3.0,1.0,3.0,1.0,1.3,1.13,1.13,43.3,,,,,
FF,2022-09-21,89.3,-2.53,5.63,"Ohtani, Shohei",660271,641540,single,hit_into_play,,,,,9.0,Shohei Ohtani singles on a sharp ground ball to right fielder Bubba Thompson.,R,L,R,TEX,LAA,X,9.0,ground_ball,0,0,2022,-0.61,0.52,0.29,2.01,,,,2,1,Top,158.78,114.85,,,,,8.298554285242213,-129.83359679723253,-4.009542060509588,-8.632115662141015,27.723997483300263,-25.606164435977497,3.47,1.6,84.0,112.8,4.0,89.9,2000.0,6.7,661783,669087,663993,543760,673962,608369,669701,665750,669352,53.75,0.642,0.602,0.9,1.0,1.0,0.0,4.0,3,1,4-Seam Fastball,0,0,0,0,0,0,0,0,Infield shift,Standard,227.0,-0.012,0.305,,,0.717,-0.305,112.8,0,0,0.538,0.4619999999999999,27,27,28,28,1,0,7.0,1.0,,1.0,2.35,0.61,-0.61,38.3,,,,,
SI,2022-09-20,91.4,2.16,5.39,"Ohtani, Shohei",660271,667463,field_out,hit_into_play,,,,,6.0,"Shohei Ohtani grounds out sharply, third baseman Josh Jung to first baseman Nathaniel Lowe.",R,L,L,TEX,LAA,X,5.0,ground_ball,1,2,2022,1.27,0.13,0.43,2.61,,,,0,8,Top,138.0,148.6,,,,,-7.03755489058464,-132.8300438642837,-1.3234959383416625,16.530992965143316,30.50792273328356,-30.60408519800767,3.46,1.59,8.0,101.8,-18.0,90.4,2093.0,5.9,661837,641680,663993,543760,673962,608369,669352,665750,666969,54.6,0.187,0.188,0.0,1.0,0.0,0.0,2.0,57,5,Sinker,2,5,5,2,5,2,5,2,Infield shift,Standard,123.0,0.005,-0.176,,,0.194,0.176,101.8,-3,3,0.073,0.927,27,27,28,28,1,3,2.0,1.0,5.0,1.0,2.62,1.27,1.27,25.1,,,,,
FF,2022-09-20,93.1,0.68,6.54,"Ohtani, Shohei",660271,666142,field_out,hit_into_play,,,,,7.0,Shohei Ohtani lines out sharply to center fielder Leody Taveras.,R,L,L,TEX,LAA,X,8.0,line_drive,3,1,2022,0.81,1.66,-0.45,2.07,,,,2,1,Top,127.65,68.01,,,,,-4.633694012083016,-135.22225235287496,-9.24202741112249,10.910132051478255,30.84769017542362,-9.98471199438374,3.46,1.59,326.0,105.8,16.0,92.3,2431.0,6.0,661837,641680,663993,543760,673962,608369,669352,665750,666969,54.46,0.468,0.694,0.0,1.0,0.0,0.0,5.0,3,5,4-Seam Fastball,0,0,0,0,0,0,0,0,Infield shift,Standard,145.0,0.015,-0.396,,,1.221,0.396,105.8,0,0,0.533,0.4669999999999999,24,27,25,28,1,0,7.0,1.0,5.0,1.0,0.99,0.81,0.81,49.8,,,,,
CH,2022-09-20,88.5,-2.53,5.76,"Ohtani, Shohei",660271,642701,single,hit_into_play,,,,,13.0,Shohei Ohtani singles on a sharp line drive to right fielder Adolis Garcia.,R,L,R,TEX,LAA,X,9.0,line_drive,0,1,2022,-1.51,0.88,-0.91,2.17,,,,0,6,Top,164.08,88.17,,,,,7.035300231233533,-128.7125676336742,-4.514021980194761,-18.193518089993223,26.605286478493564,-21.606636556036076,3.46,1.59,251.0,101.3,11.0,87.8,2108.0,5.9,661837,641680,663993,543760,673962,608369,669352,665750,666969,54.6,0.913,0.9,0.9,1.0,1.0,0.0,4.0,42,2,Changeup,2,2,2,2,2,2,2,2,Infield shift,Standard,240.0,-0.058,0.478,,,1.123,-0.478,101.3,0,0,0.505,0.495,26,27,26,28,1,2,3.0,1.0,3.0,1.0,2.03,1.51,-1.51,30.3,,,,,
FF,2022-09-19,95.9,-0.89,6.02,"Ohtani, Shohei",660271,669302,double,hit_into_play,,,,,5.0,Shohei Ohtani doubles (27) on a sharp line drive to left fielder Sam Haggerty.,R,L,R,LAA,SEA,X,7.0,line_drive,0,0,2022,-0.49,1.36,-0.2,2.42,,,,1,6,Bot,37.11,117.51,,,,,3.020279117831723,-139.58102672368076,-7.135737449954166,-7.1337944589599624,31.032588020398983,-13.003074132960316,3.46,1.59,208.0,102.6,10.0,98.0,2152.0,7.4,663423,592200,664034,624428,647351,641487,664059,664238,571745,53.08,0.842,0.837,1.25,1.0,1.0,1.0,4.0,48,1,4-Seam Fastball,0,5,0,5,5,0,0,5,Infield shift,Standard,209.0,0.02,0.666,,,1.062,-0.666,102.6,-5,-5,0.044,0.044,25,27,25,28,3,2,6.0,1.0,5.0,1.0,1.12,0.49,-0.49,46.7,,,,,
FF,2022-09-19,92.3,2.25,5.69,"Ohtani, Shohei",660271,571510,single,hit_into_play,,,,,5.0,Shohei Ohtani singles on a ground ball to center fielder Taylor Trammell.   Michael Stefanic to 2nd.,R,L,L,LAA,SEA,X,8.0,ground_ball,1,0,2022,0.76,1.25,-0.2,2.78,,,683021.0,1,8,Bot,135.03,77.06,,,,,-7.871573612072602,-134.31856177341228,-4.363666529331153,10.842165193273289,25.705862271767952,-16.271226366818656,3.46,1.59,133.0,105.2,7.0,92.5,2369.0,6.1,663423,592200,664034,624428,647351,641487,664059,666211,571875,54.36,0.616,0.567,0.9,1.0,1.0,0.0,4.0,69,2,4-Seam Fastball,1,8,1,8,8,1,1,8,Infield shift,Standard,141.0,0.004,0.374,,,0.69,-0.374,105.2,-7,-7,0.005,0.005,31,27,31,28,1,3,3.0,1.0,3.0,1.0,1.4,0.76,0.76,28.4,,,,,
FF,2022-09-18,89.3,2.15,5.64,"Ohtani, Shohei",660271,594835,single,hit_into_play,,,,,6.0,"Shohei Ohtani singles on a ground ball to shortstop J.  P. Crawford, deflected by second baseman Adam Frazier.",R,L,L,LAA,SEA,X,4.0,ground_ball,1,0,2022,1.08,0.94,0.5,2.17,,,,1,3,Bot,143.53,121.76,,,,,-6.356538231075085,-129.9479992547803,-4.558488407025223,13.594834609751471,25.660437598886368,-20.74261131826608,3.42,1.57,121.0,95.5,8.0,89.8,1992.0,6.5,663425,592200,664034,624428,647351,641487,664059,664238,571745,54.03,0.613,0.576,0.9,1.0,1.0,0.0,4.0,24,2,4-Seam Fastball,3,1,3,1,1,3,3,1,Infield shift,Standard,129.0,0.015,0.379,,,0.689,-0.379,95.5,2,2,0.751,0.751,30,27,30,28,2,1,7.0,1.0,5.0,1.0,1.9,1.08,1.08,41.4,,,,,
CH,2022-09-18,81.3,-0.45,6.81,"Ohtani, Shohei",660271,623167,field_out,hit_into_play,,,,,11.0,"Shohei Ohtani grounds out, shortstop J.  P. Crawford to first baseman Ty France.",R,L,R,LAA,SEA,X,6.0,ground_ball,1,2,2022,-1.02,0.91,-0.91,2.88,,,545361.0,2,7,Bot,146.17,158.69,,,,,0.9296684767260084,-118.29496815375173,-3.871492251788505,-9.740635859420031,24.315630543328805,-23.118637928338572,3.42,1.57,100.0,93.5,6.0,80.3,1319.0,5.8,663425,663728,664034,624428,647351,641487,664059,664238,571745,54.69,0.463,0.417,0.0,1.0,0.0,0.0,4.0,59,4,Changeup,5,1,5,1,1,5,5,1,Infield shift,Standard,219.0,-0.002,-0.188,,,0.502,0.188,93.5,4,4,0.966,0.966,27,27,28,28,1,3,11.0,1.0,2.0,1.0,2.56,1.02,-1.02,66.5,,,,,
CH,2022-09-17,87.7,-1.35,5.67,"Ohtani, Shohei",660271,669923,field_out,hit_into_play,,,,,7.0,"Shohei Ohtani grounds out, shortstop J.  P. Crawford to first baseman Ty France.",R,L,R,LAA,SEA,X,6.0,ground_ball,1,0,2022,-1.23,0.48,-0.65,1.59,,,,1,6,Bot,138.17,135.77,,,,,4.258587074511089,-127.64816807374326,-4.818351922435015,-14.287364065318942,24.592539443804636,-26.19675349984007,3.42,1.57,72.0,95.0,4.0,88.7,1675.0,6.7,663426,663728,664034,624428,647351,641487,608385,666211,664059,53.76,0.463,0.442,0.0,1.0,0.0,0.0,4.0,42,2,Changeup,2,0,2,0,0,2,2,0,Infield shift,Standard,239.0,-0.011,-0.282,,,0.549,0.282,95.0,2,2,0.833,0.833,24,27,24,28,3,2,7.0,1.0,5.0,1.0,2.47,1.23,-1.23,31.9,,,,,
FF,2022-09-17,96.1,-1.29,5.98,"Ohtani, Shohei",660271,669923,double,hit_into_play,,,,,4.0,Shohei Ohtani doubles (26) on a sharp fly ball to left fielder Jesse Winker.   Mike Trout scores.,R,L,R,LAA,SEA,X,7.0,fly_ball,0,0,2022,-1.02,1.22,-0.4,2.75,,,545361.0,1,1,Bot,36.46,77.59,,,,,4.669698098030674,-139.70383372066613,-5.681845217865574,-14.422525763561062,33.44570531996427,-15.145035136441562,3.42,1.57,371.0,106.8,26.0,95.8,2280.0,6.3,663426,663728,664034,624428,647351,641487,608385,666211,664059,54.19,0.9193571428571428,1.8526428571428573,1.25,1.0,1.0,1.0,6.0,6,1,4-Seam Fastball,0,0,0,0,0,1,1,0,Infield shift,Standard,222.0,0.111,0.768,,,3.6281428571428567,-0.768,106.8,0,0,0.551,0.551,24,27,24,28,1,0,7.0,1.0,5.0,1.0,1.27,1.02,-1.02,33.1,,,,,
FF,2022-09-16,92.4,2.54,6.19,"Ohtani, Shohei",660271,592662,field_out,hit_into_play,,,,,4.0,Shohei Ohtani flies out to left fielder Jesse Winker.,R,L,L,LAA,SEA,X,7.0,fly_ball,0,0,2022,0.59,1.58,-0.36,2.61,,,,1,3,Bot,77.83,126.32,,,,,-8.694952791485964,-134.117051552997,-6.71517473836236,9.069948012669268,31.10902567858315,-11.768495039028938,3.43,1.58,219.0,94.2,59.0,92.4,2334.0,6.6,663427,592200,664034,624428,553993,641487,608385,677594,571875,53.93,0.013,0.017,0.0,1.0,0.0,0.0,3.0,23,1,4-Seam Fastball,3,1,3,1,1,3,3,1,Infield shift,Standard,149.0,-0.012,-0.246,,,0.025,0.246,94.2,2,2,0.749,0.749,30,27,31,28,2,1,7.0,2.0,5.0,1.0,1.12,0.59,0.59,47.5,,,,,
FF,2022-09-16,93.5,2.59,6.17,"Ohtani, Shohei",660271,592662,double,hit_into_play,,,,,2.0,"Shohei Ohtani doubles (25) on a fly ball to left fielder Jesse Winker, deflected by third baseman Eugenio Suarez.   Luis Rengifo to 3rd.",R,L,L,LAA,SEA,X,5.0,fly_ball,0,0,2022,0.78,1.42,0.27,2.97,,650859.0,,1,1,Bot,68.24,135.43,,,,,-7.727778106406103,-135.9687910011911,-5.706260693432341,11.25797054835305,27.50819687171292,-13.486528053633942,3.43,1.58,205.0,92.0,61.0,94.2,2186.0,6.6,663427,592200,664034,624428,553993,641487,608385,677594,571875,53.92,0.016,0.022,1.25,1.0,1.0,1.0,3.0,7,1,4-Seam Fastball,0,1,0,1,1,0,0,1,Strategic,Standard,148.0,0.071,0.789,,,0.033,-0.789,92.0,-1,-1,0.467,0.467,30,27,31,28,1,0,7.0,2.0,5.0,1.0,1.18,0.78,0.78,46.1,,,,,
SI,2022-09-16,91.0,2.4,5.66,"Ohtani, Shohei",660271,571510,field_out,hit_into_play,,,,,6.0,Shohei Ohtani flies out sharply to left fielder Jesse Winker.,R,L,L,LAA,SEA,X,7.0,fly_ball,1,0,2022,1.33,1.07,0.69,2.72,,,,2,6,Bot,44.92,78.44,,,,,-7.146706686486021,-132.3607018168154,-3.7758922280018625,17.176396146688667,26.542379198907657,-18.938701218430115,3.43,1.58,358.0,104.0,32.0,91.1,2329.0,6.2,663427,592200,664034,647351,571875,641487,608385,677594,664059,54.26,0.6864999999999998,1.3795263157894735,0.0,1.0,0.0,0.0,6.0,57,2,Sinker,8,4,8,4,4,8,8,4,Infield shift,Standard,129.0,-0.002,-0.296,,,2.7058157894736845,0.296,104.0,4,4,0.943,0.943,31,27,31,28,1,3,7.0,2.0,3.0,1.0,1.67,1.33,1.33,26.2,,,,,
FC,2022-09-14,89.6,-1.42,6.37,"Ohtani, Shohei",660271,615698,field_out,hit_into_play,,,,,2.0,Shohei Ohtani flies out to left fielder Steven Kwan.,R,L,R,CLE,LAA,X,7.0,fly_ball,0,0,2022,0.08,0.73,0.08,3.0,,,545361.0,2,5,Top,72.18,119.63,,,,,3.51665766526452,-130.54011003033253,-3.978378444383243,0.332432526139044,23.822950406502745,-23.163222734086684,3.43,1.6,240.0,95.9,52.0,90.2,2405.0,6.3,662969,595978,680911,665926,608070,671289,680757,664702,660757,54.19,0.008,0.01,0.0,1.0,0.0,0.0,3.0,35,1,Cutter,1,3,3,1,3,1,3,1,Infield shift,Standard,208.0,0.019,-0.26,,,0.014,0.26,95.9,-2,2,0.27,0.73,27,27,27,28,3,2,5.0,1.0,5.0,2.0,2.07,-0.08,0.08,41.8,,,,,
CH,2022-09-14,86.6,-1.63,6.21,"Ohtani, Shohei",660271,615698,field_out,hit_into_play,,,,,7.0,Shohei Ohtani flies out to left fielder Steven Kwan.,R,L,R,CLE,LAA,X,7.0,fly_ball,0,2,2022,-0.68,0.45,-0.67,1.84,,,545361.0,2,3,Top,77.17,96.55,,,,,3.694973124868585,-126.15156443058288,-5.261429274282092,-7.963839920905178,23.427062484995687,-26.503143768895495,3.43,1.6,283.0,92.2,30.0,87.3,1393.0,6.5,662969,595978,680911,665926,608070,671289,680757,664702,660757,53.99,0.103,0.147,0.0,1.0,0.0,0.0,3.0,20,3,Changeup,1,2,2,1,2,1,2,1,Infield shift,Standard,230.0,0.015,-0.161,,,0.256,0.161,92.2,-1,1,0.422,0.5780000000000001,27,27,27,28,2,1,5.0,1.0,5.0,2.0,2.56,0.68,-0.68,37.2,,,,,
FS,2022-09-14,87.1,-1.7,5.94,"Ohtani, Shohei",660271,663986,double,hit_into_play,,,,,4.0,Shohei Ohtani doubles (24) on a line drive to right fielder Oscar Gonzalez.,R,L,R,CLE,LAA,X,9.0,line_drive,2,1,2022,-1.26,0.41,-0.66,2.25,,,,2,8,Top,190.0,133.2,,,,,5.114701004007151,-126.72548303666254,-3.5599359767231764,-14.616960592026423,25.01400552554769,-27.26100472096148,3.43,1.6,158.0,79.3,15.0,87.7,1315.0,6.6,662969,595978,647304,665926,608070,671289,680757,664702,660757,53.9,0.782,0.74,1.25,1.0,1.0,1.0,4.0,58,4,Split-Finger,3,3,3,3,3,3,3,3,Infield shift,Standard,236.0,-0.051,0.534,,,0.891,-0.534,88.0,0,0,0.579,0.421,26,27,27,28,1,3,2.0,1.0,2.0,2.0,2.59,1.26,-1.26,36.9,,,,,
FC,2022-09-13,90.1,1.61,5.86,"Ohtani, Shohei",660271,668948,field_out,hit_into_play,,,,,7.0,"Shohei Ohtani grounds out, shortstop Amed Rosario to first baseman Josh Naylor.",R,L,L,CLE,LAA,X,6.0,ground_ball,2,2,2022,-0.21,0.84,-0.81,1.48,,,666160.0,2,5,Top,142.06,152.67,,,,,-5.572996378116006,-131.07776932483432,-6.728551653991785,-1.3798105698313916,25.208231652786154,-21.35318155810906,3.43,1.6,5.0,77.5,-15.0,90.6,2493.0,6.4,662965,571912,647304,671289,608070,642708,680757,664702,660757,54.1,0.058,0.065,0.0,1.0,0.0,0.0,2.0,35,7,Cutter,0,1,1,0,1,0,1,0,Infield shift,Standard,168.0,0.022,-0.223,,,0.058,0.223,88.0,-1,1,0.393,0.607,26,27,27,28,1,2,11.0,1.0,2.0,1.0,1.95,-0.21,-0.21,40.9,,,,,
FF,2022-09-13,94.9,0.16,6.79,"Ohtani, Shohei",660271,675916,field_out,hit_into_play,,,,,7.0,"Shohei Ohtani grounds out, second baseman Andres Gimenez to first baseman Josh Naylor.",R,L,R,CLE,LAA,X,4.0,ground_ball,0,0,2022,-0.03,1.74,-0.37,1.58,,,,2,8,Top,153.23,156.23,,,,,-1.2906761737928372,-137.7474191482951,-11.728515375456542,-0.1517192593034464,31.084121061472185,-7.60902851272229,3.43,1.6,5.0,80.5,-18.0,94.1,2389.0,6.0,662965,571912,647304,665926,608070,642708,680757,664702,660757,54.51,0.063,0.067,0.0,1.0,0.0,0.0,2.0,61,1,4-Seam Fastball,3,1,1,3,1,3,1,3,Infield shift,Standard,187.0,0.013,-0.256,,,0.072,0.256,88.0,2,-2,0.925,0.0749999999999999,26,27,27,28,1,3,2.0,1.0,1.0,1.0,0.81,0.03,-0.03,70.6,,,,,
FF,2022-09-12,91.3,1.5,5.9,"Ohtani, Shohei",660271,663455,field_out,hit_into_play,,,,,6.0,Shohei Ohtani lines out sharply to center fielder Myles Straw.,R,L,L,CLE,LAA,X,8.0,line_drive,1,0,2022,0.72,1.24,0.59,2.41,,,,2,5,Top,112.24,64.05,,,,,-3.837828952119144,-132.88900144761269,-5.595970438770056,9.351930393998042,27.6087236662723,-16.465888309395574,3.44,1.61,337.0,107.9,19.0,91.6,2246.0,6.4,662970,595978,680911,665926,671289,642708,680757,664702,660757,54.08,0.6388095238095237,1.0629047619047618,0.0,1.0,0.0,0.0,6.0,38,2,4-Seam Fastball,4,4,4,4,4,4,4,4,Infield shift,Standard,145.0,0.017,-0.296,,,1.9634761904761904,0.296,107.9,0,0,0.55,0.4499999999999999,24,27,25,28,3,2,8.0,1.0,5.0,1.0,1.49,0.72,0.72,38.4,,,,,
FF,2022-09-12,92.3,1.56,6.02,"Ohtani, Shohei",660271,663455,field_out,hit_into_play,,,,,6.0,Shohei Ohtani flies out sharply to left fielder Steven Kwan.,R,L,L,CLE,LAA,X,7.0,fly_ball,0,1,2022,0.73,1.35,0.49,2.44,,,,0,4,Top,87.13,128.13,,,,,-4.321013307307404,-134.25300202881849,-6.252227577491328,9.759027960044843,29.81850410116189,-14.660259833729487,3.44,1.61,204.0,103.1,62.0,92.5,2213.0,6.5,662970,595978,680911,665926,671289,642708,680757,664702,660757,54.0,0.018,0.021,0.0,1.0,0.0,0.0,3.0,26,2,4-Seam Fastball,4,0,0,4,0,4,0,4,Infield shift,Standard,144.0,0.015,-0.209,,,0.031,0.209,103.1,4,-4,0.879,0.121,24,27,25,28,2,1,8.0,1.0,5.0,1.0,1.33,0.73,0.73,40.2,,,,,
FF,2022-09-12,97.3,-1.78,5.88,"Ohtani, Shohei",660271,663986,single,hit_into_play,,,,,1.0,Shohei Ohtani singles on a sharp line drive to left fielder Steven Kwan.,R,L,R,CLE,LAA,X,7.0,line_drive,2,1,2022,-0.94,1.2,-0.75,3.25,,,,1,8,Top,65.05,118.88,,,,,4.94278247129074,-141.5914823707866,-4.315783244548818,-13.776783739382823,32.893172740888886,-15.19703454505616,3.44,1.61,144.0,100.2,6.0,97.8,2583.0,6.6,662970,595978,680911,665926,671289,642708,680757,664702,660757,53.88,0.605,0.555,0.9,1.0,1.0,0.0,4.0,63,4,4-Seam Fastball,5,4,4,5,4,5,4,5,Infield shift,Standard,215.0,-0.056,0.376,,,0.662,-0.376,100.2,1,-1,0.793,0.2069999999999999,26,27,27,28,1,3,1.0,1.0,2.0,1.0,1.21,0.94,-0.94,35.4,,,,,
CH,2022-09-11,83.0,-1.54,6.27,"Ohtani, Shohei",660271,677651,field_out,hit_into_play,,,,,13.0,Shohei Ohtani flies out to right fielder Kyle Tucker.,R,L,R,HOU,LAA,X,9.0,fly_ball,0,0,2022,-1.49,0.7,-0.9,2.25,,,,0,5,Top,169.45,78.53,,,,,4.333407783553921,-120.74350259166268,-4.024799683965967,-15.426848730390551,25.06509108539228,-24.69355374716799,3.45,1.61,318.0,87.2,35.0,82.0,1937.0,5.8,661083,543877,493329,514888,608324,665161,641820,643289,663656,54.7,0.016,0.014,0.0,1.0,0.0,0.0,3.0,41,1,Changeup,5,3,3,5,3,5,3,5,Infield shift,Standard,240.0,0.029,-0.247,,,0.019,0.247,88.0,2,-2,0.751,0.249,25,27,26,28,3,2,8.0,1.0,8.0,1.0,2.62,1.49,-1.49,36.2,,,,,
FF,2022-09-11,94.0,-1.22,6.27,"Ohtani, Shohei",660271,677651,double,hit_into_play,,,,,6.0,Shohei Ohtani hits a ground-rule double (23) on a fly ball to center field.,R,L,R,HOU,LAA,X,,fly_ball,1,1,2022,-0.44,1.57,0.49,2.28,,,,0,3,Top,104.76,25.12,,,,,5.403335806134112,-136.57843477818977,-8.077409266471198,-6.659495662319161,29.57244909327817,-10.95045196162744,3.45,1.61,388.0,107.2,22.0,93.8,2368.0,6.2,661083,543877,493329,514888,608324,665161,641820,643289,663656,54.27,0.7806818181818183,1.4417954545454548,1.25,1.0,1.0,1.0,6.0,19,3,4-Seam Fastball,0,3,3,0,3,0,3,0,Infield shift,Standard,210.0,-0.038,0.716,,,2.7434772727272727,-0.716,107.2,-3,3,0.207,0.793,25,27,26,28,2,1,8.0,1.0,8.0,1.0,1.02,0.44,-0.44,38.4,,,,,
FS,2022-09-11,86.5,-1.42,6.12,"Ohtani, Shohei",660271,593576,field_out,hit_into_play,,,,,13.0,"Shohei Ohtani grounds out, shortstop Jeremy Pena to first baseman Yuli Gurriel. Mickey Moniak to 3rd.",R,L,R,HOU,LAA,X,6.0,ground_ball,1,2,2022,-0.91,-0.03,-0.55,0.77,,666160.0,,1,9,Top,134.45,148.09,,,,,3.9218834346548017,-125.70406294770534,-6.327861010175903,-10.405747522704992,30.566467979297283,-31.21813703912393,3.45,1.61,79.0,73.3,7.0,85.4,1194.0,6.1,661083,543877,493329,514888,608324,665161,641820,643289,663656,54.38,0.229,0.226,0.0,1.0,0.0,0.0,2.0,82,6,Split-Finger,12,4,4,12,4,12,4,12,Infield shift,Standard,243.0,0.0,-0.182,,,0.244,0.182,88.0,8,-8,0.999,0.001,33,27,33,28,1,4,4.0,1.0,2.0,1.0,3.14,0.91,-0.91,38.0,,,,,
CU,2022-09-11,78.4,-0.95,6.49,"Ohtani, Shohei",660271,677651,home_run,hit_into_play,,,,,7.0,Shohei Ohtani homers (34) on a fly ball to right center field. Mickey Moniak scores.,R,L,R,HOU,LAA,X,,fly_ball,1,2,2022,0.62,-0.69,-0.34,1.6,666160.0,,,0,1,Top,194.63,57.77,,,,,0.17359420281592,-114.12082879071404,-2.3873350417890937,5.371294156033331,22.919911743727027,-37.91983496094613,3.45,1.61,388.0,100.5,31.0,77.5,2579.0,5.8,661083,543877,493329,514888,608324,665161,641820,643289,663656,54.67,0.4843125,0.9500625,2.0,1.0,0.0,3.0,6.0,2,4,Curveball,0,0,0,0,2,0,2,0,Infield shift,Standard,28.0,-0.113,0.783,,,1.84484375,-0.783,100.5,0,0,0.427,0.573,25,27,26,28,1,0,8.0,1.0,8.0,1.0,4.42,-0.62,0.62,48.8,,,,,
CH,2022-09-10,87.0,-1.54,6.09,"Ohtani, Shohei",660271,664353,field_out,hit_into_play,,,,,7.0,"Shohei Ohtani grounds out, second baseman Jose Altuve to first baseman Yuli Gurriel.",R,L,R,HOU,LAA,X,4.0,ground_ball,0,0,2022,-1.35,1.13,-0.48,1.59,,,,0,5,Top,147.14,157.75,,,,,5.289393425048041,-126.41886753822834,-6.880693377103313,-15.568024474950144,26.84968809575243,-18.7768295779013,3.45,1.61,31.0,87.1,-1.0,86.5,1896.0,6.2,661084,455117,493329,514888,608324,665161,670541,676801,663656,54.34,0.239,0.23,0.0,1.0,0.0,0.0,2.0,38,1,Changeup,1,5,5,1,5,1,5,1,Infield shift,Standard,232.0,0.008,-0.247,,,0.265,0.247,88.0,-4,4,0.104,0.896,27,27,27,28,3,2,6.0,1.0,7.0,1.0,1.9,1.35,-1.35,48.5,,,,,
CH,2022-09-10,86.7,-1.71,6.08,"Ohtani, Shohei",660271,664353,field_out,hit_into_play,,,,,7.0,Shohei Ohtani flies out to center fielder Chas McCormick.,R,L,R,HOU,LAA,X,8.0,fly_ball,0,2,2022,-1.41,1.18,-0.65,2.02,,,,2,2,Top,106.65,59.36,,,,,5.345690606023463,-125.9287966803372,-5.782912086084189,-16.12510914849957,28.367469109693054,-18.604724340590543,3.45,1.61,349.0,97.2,36.0,85.5,2076.0,5.9,661084,455117,493329,514888,608324,665161,670541,676801,663656,54.65,0.2161666666666666,0.424,0.0,1.0,0.0,0.0,3.0,17,3,Changeup,1,5,5,1,5,1,5,1,Infield shift,Standard,238.0,0.003,-0.153,,,0.8366666666666668,0.153,97.2,-4,4,0.178,0.8220000000000001,27,27,27,28,2,1,6.0,1.0,7.0,1.0,1.89,1.41,-1.41,45.8,,,,,
FF,2022-09-10,94.2,-0.9,6.54,"Ohtani, Shohei",660271,664353,field_out,hit_into_play,,,,,1.0,Shohei Ohtani flies out sharply to center fielder Chas McCormick.   Mike Trout to 3rd.,R,L,R,HOU,LAA,X,8.0,fly_ball,0,0,2022,-0.77,1.58,-0.43,3.05,,545361.0,,1,1,Top,95.97,43.9,,,,,2.913554817555559,-136.94451464891503,-6.749116587675119,-10.374963748239642,33.02940665568949,-10.991426387875936,3.45,1.61,390.0,101.1,25.0,92.8,2125.0,5.7,661084,455117,493329,514888,608324,665161,670541,676801,663656,54.76,0.5294999999999999,0.9439999999999998,0.0,1.0,0.0,0.0,6.0,3,1,4-Seam Fastball,0,0,0,0,0,0,0,0,Infield shift,Standard,204.0,0.03,-0.272,,,1.7942857142857134,0.272,101.1,0,0,0.481,0.519,27,27,27,28,1,0,6.0,1.0,7.0,1.0,1.01,0.77,-0.77,57.0,,,,,
KC,2022-09-09,84.9,-1.35,5.53,"Ohtani, Shohei",660271,621121,field_out,hit_into_play,,,,,4.0,"Shohei Ohtani grounds out, second baseman Jose Altuve to first baseman Trey Mancini.",R,L,R,HOU,LAA,X,4.0,ground_ball,2,2,2022,0.97,-0.28,-0.35,2.38,,,,1,6,Top,141.88,166.02,,,,,0.3895308207989956,-123.67250526106244,-0.4960662335460448,9.870760821042571,25.316210794351687,-35.131859951454544,3.45,1.61,21.0,99.0,-6.0,84.0,2968.0,5.7,661085,455117,641820,514888,608324,665161,670541,676801,663656,54.78,0.3,0.293,0.0,1.0,0.0,0.0,2.0,39,6,Knuckle Curve,0,2,2,0,2,0,2,0,Infield shift,Standard,44.0,0.012,-0.212,,,0.333,0.212,99.0,-2,2,0.239,0.761,28,27,29,28,3,2,7.0,2.0,6.0,1.0,3.44,-0.97,0.97,30.8,,,,,
KC,2022-09-09,84.0,-1.24,5.51,"Ohtani, Shohei",660271,621121,double,hit_into_play,,,,,4.0,Shohei Ohtani doubles (22) on a fly ball to left fielder Yordan Alvarez.,R,L,R,HOU,LAA,X,7.0,fly_ball,2,2,2022,1.01,-0.77,-0.31,2.18,,,,1,4,Top,76.47,96.43,,,,,0.1567278875436119,-122.30874178293196,0.2355020590759819,10.040979405692022,25.22250949089889,-40.164536506714214,3.45,1.61,348.0,96.9,26.0,83.3,2909.0,5.9,661085,455117,641820,514888,608324,665161,670541,676801,663656,54.62,0.3047,0.5207999999999999,1.25,1.0,1.0,1.0,5.0,24,5,Knuckle Curve,0,0,0,0,0,0,0,0,Infield shift,Standard,47.0,-0.053,0.699,,,0.9797,-0.699,96.9,0,0,0.529,0.471,28,27,29,28,2,1,7.0,2.0,6.0,1.0,4.01,-1.01,1.01,29.8,,,,,
FF,2022-09-09,95.7,0.09,6.05,"Ohtani, Shohei",660271,519151,field_out,hit_into_play,,,,,14.0,"Shohei Ohtani grounds out sharply, second baseman Jose Altuve to first baseman Trey Mancini.",R,L,R,HOU,LAA,X,4.0,ground_ball,3,2,2022,-0.35,1.53,0.24,1.46,,,,0,9,Top,150.0,151.0,,,,,1.187536444884568,-139.099726012386,-9.897297140348956,-4.801661127393968,33.17991958497588,-10.279310665114004,3.45,1.61,41.0,106.3,0.0,95.5,2556.0,6.4,661085,455117,641820,514888,608324,665161,670541,676801,663656,54.12,0.471,0.44,0.0,1.0,0.0,0.0,4.0,65,6,4-Seam Fastball,4,2,2,4,2,4,2,4,Infield shift,Standard,204.0,0.051,-0.333,,,0.528,0.333,106.3,2,-2,0.912,0.0879999999999999,33,27,34,28,1,3,19.0,2.0,4.0,1.0,0.98,0.35,-0.35,53.1,,,,,
SI,2022-09-07,92.4,1.86,6.3,"Ohtani, Shohei",660271,605177,home_run,hit_into_play,,,,,6.0,Shohei Ohtani homers (33) on a fly ball to center field.,R,L,L,LAA,DET,X,,fly_ball,2,0,2022,1.15,1.2,0.61,2.37,,,,0,7,Bot,157.31,39.75,,,,,-5.723905052810719,-134.26190142013843,-6.809606273785829,15.120258688462686,30.139670519675505,-16.310441529917956,3.44,1.6,401.0,100.3,34.0,92.6,2196.0,6.6,663409,606992,679529,605612,600869,668952,681481,650489,622682,53.94,0.4304705882352941,0.8636470588235293,2.0,1.0,0.0,3.0,5.0,60,3,Sinker,3,3,3,3,3,4,4,3,Infield shift,Standard,140.0,0.184,1.007,,,1.6785882352941173,-1.007,100.3,0,0,0.605,0.605,32,27,32,28,1,3,1.0,1.0,3.0,2.0,1.48,1.15,1.15,49.2,,,,,
SI,2022-09-06,89.8,1.63,5.98,"Ohtani, Shohei",660271,593958,field_out,hit_into_play,,,,,14.0,Shohei Ohtani flies out to right fielder Victor Reyes.,R,L,L,LAA,DET,X,9.0,fly_ball,0,0,2022,1.12,1.05,1.26,2.25,,,,1,6,Bot,189.42,93.92,,,,,-3.285845676467845,-130.6378654450726,-5.484808352747118,13.55421942172535,27.06078908893684,-19.2096848212119,3.46,1.61,303.0,80.4,36.0,90.0,2111.0,6.4,663407,571466,679529,605612,668952,595879,668731,650489,622682,54.14,0.034,0.036,0.0,1.0,0.0,0.0,3.0,43,1,Sinker,3,2,3,2,2,3,3,2,Infield shift,Standard,151.0,-0.016,-0.246,,,0.057,0.246,88.0,1,1,0.719,0.719,29,27,29,28,3,2,5.0,1.0,6.0,1.0,1.78,1.12,1.12,38.9,,,,,
FF,2022-09-06,97.0,-2.27,5.92,"Ohtani, Shohei",660271,641729,field_out,hit_into_play,,,,,6.0,Shohei Ohtani flies out to left fielder Eric Haase.,R,L,R,LAA,DET,X,7.0,fly_ball,1,2,2022,-0.84,1.62,0.42,2.38,,,,1,9,Bot,42.01,114.95,,,,,9.207656856397785,-140.77154869694138,-7.648773429953397,-13.374856932683995,33.26704013927538,-8.989979933636535,3.46,1.61,294.0,90.8,42.0,97.5,2592.0,6.8,663407,571466,679529,605612,668952,595879,606992,650489,622682,53.69,0.001,0.0,0.0,1.0,0.0,0.0,3.0,65,4,4-Seam Fastball,3,3,3,3,3,3,3,3,Infield shift,Strategic,212.0,-0.035,-0.177,,,0.001,0.177,90.8,0,0,0.571,0.571,27,27,27,28,1,3,2.0,1.0,5.0,1.0,0.82,0.84,-0.84,35.0,,,,,
FC,2022-09-06,90.8,1.67,6.01,"Ohtani, Shohei",660271,593958,field_out,hit_into_play,,,,,4.0,Shohei Ohtani lines out sharply to left fielder Akil Baddoo.,R,L,L,LAA,DET,X,7.0,line_drive,0,0,2022,0.05,1.1,-0.54,2.76,,,,1,1,Bot,70.76,99.48,,,,,-5.647978858816127,-132.1694746781801,-4.579722199065753,1.7134227569746605,27.479024234156828,-18.517044108339142,3.46,1.61,284.0,105.5,14.0,91.0,2083.0,6.3,663407,571466,679529,605612,668952,595879,668731,650489,622682,54.16,0.711,0.771,0.0,1.0,0.0,0.0,5.0,6,1,Cutter,1,0,1,0,0,1,1,0,Infield shift,Standard,150.0,-0.014,-0.246,,,1.083,0.246,105.5,1,1,0.626,0.626,29,27,29,28,1,0,5.0,1.0,6.0,1.0,1.66,0.05,0.05,36.4,,,,,
ST,2022-09-05,76.9,2.04,5.94,"Ohtani, Shohei",660271,641302,field_out,hit_into_play,,,,,7.0,Shohei Ohtani lines out to first baseman Spencer Torkelson.,R,L,L,LAA,DET,X,3.0,line_drive,0,0,2022,-1.06,-0.02,-0.32,1.7,,,,0,5,Bot,159.24,160.89,,,,,-3.082815078244306,-111.92753062172048,-1.955466436937044,-8.297301800480884,20.93615955140536,-32.16793136885474,3.46,1.62,130.0,94.9,9.0,76.9,2433.0,6.4,663434,606992,679529,605612,668952,595879,622682,682985,650489,54.15,0.629,0.599,0.0,1.0,0.0,0.0,4.0,39,1,Sweeper,6,0,6,0,0,6,6,0,Infield shift,Standard,300.0,-0.002,-0.247,,,0.724,0.247,94.9,6,6,0.978,0.978,27,27,28,28,3,2,5.0,2.0,6.0,1.0,3.88,-1.06,-1.06,44.6,,,,,
FF,2022-09-05,90.4,2.04,5.7,"Ohtani, Shohei",660271,641302,home_run,hit_into_play,,,,,5.0,Shohei Ohtani homers (31) on a line drive to right center field. Mike Trout scores.,R,L,L,LAA,DET,X,,line_drive,0,0,2022,0.65,1.47,-0.14,2.43,,545361.0,,1,3,Bot,169.69,73.3,,,,,-6.830151369361457,-131.3542203679982,-5.289443825849394,9.058701169577914,29.939118441896166,-14.268717201129768,3.46,1.62,382.0,111.4,19.0,90.2,2311.0,6.4,663434,606992,679529,605612,668952,595879,622682,682985,650489,54.09,0.7652380952380953,1.342047619047619,2.0,1.0,0.0,3.0,6.0,23,1,4-Seam Fastball,2,0,2,0,0,4,4,0,Infield shift,Standard,151.0,0.107,1.292,,,2.502476190476191,-1.292,111.4,2,2,0.779,0.779,27,27,28,28,2,1,5.0,2.0,6.0,1.0,1.35,0.65,0.65,37.4,,,,,
ST,2022-09-05,79.0,1.95,5.87,"Ohtani, Shohei",660271,641302,double,hit_into_play,,,,,7.0,Shohei Ohtani doubles (21) on a line drive to right fielder Willi Castro. Mike Trout to 3rd.,R,L,L,LAA,DET,X,9.0,line_drive,1,2,2022,-1.19,0.12,-0.77,2.05,,,545361.0,1,1,Bot,199.8,79.35,,,,,-3.703315016493392,-115.04984909003988,-1.7048006719767246,-9.7621592156951,23.19398211946501,-30.970014054735085,3.46,1.62,363.0,99.3,22.0,78.9,2257.0,6.4,663434,606992,679529,605612,668952,595879,622682,682985,650489,54.12,0.2976,0.4668,1.25,1.0,1.0,1.0,5.0,6,5,Sweeper,0,0,0,0,0,0,0,0,Infield shift,Standard,283.0,0.089,0.842,,,0.8686,-0.842,99.3,0,0,0.544,0.544,27,27,28,28,1,0,5.0,2.0,6.0,1.0,3.55,-1.19,-1.19,43.0,,,,,
SL,2022-09-05,83.0,-2.82,5.28,"Ohtani, Shohei",660271,682051,home_run,hit_into_play,,,,,8.0,Shohei Ohtani homers (32) on a fly ball to left center field.,R,L,R,LAA,DET,X,,fly_ball,0,0,2022,0.37,0.03,-0.16,2.1,,,,0,7,Bot,71.95,39.43,,,,,5.3737423813697,-120.8218676841529,-0.9188447982230704,2.656091786604323,21.5243465372348,-31.877037190173336,3.46,1.62,416.0,108.6,31.0,83.2,2533.0,6.2,663434,606992,679529,605612,668952,595879,622682,682985,650489,54.26,0.9428333333333332,1.9208333333333336,2.0,1.0,0.0,3.0,6.0,56,1,Slider,7,0,7,0,0,8,8,0,Infield shift,Strategic,93.0,0.001,1.114,,,3.761916666666666,-1.114,108.6,7,7,0.997,0.997,26,27,26,28,1,3,4.0,2.0,7.0,1.0,3.25,-0.37,0.37,31.5,,,,,
FF,2022-09-03,94.5,-1.06,6.28,"Ohtani, Shohei",660271,677651,field_out,hit_into_play,,,,,4.0,"Astros challenged (play at 1st), call on the field was overturned: Shohei Ohtani grounds out, third baseman Alex Bregman to first baseman Yuli Gurriel.",R,L,R,LAA,HOU,X,5.0,ground_ball,2,2,2022,-0.81,1.55,-0.59,2.23,,,,2,6,Bot,105.57,157.27,,,,,3.019598362160956,-137.37205848609514,-8.211274362338212,-10.871749085381554,33.453482057430335,-10.961138027786951,3.46,1.62,4.0,100.1,-25.0,93.6,2506.0,6.0,663436,543877,493329,514888,608324,665161,641820,676801,663656,54.47,0.134,0.127,0.0,1.0,0.0,0.0,2.0,44,5,4-Seam Fastball,0,1,0,1,1,0,0,1,Infield shift,Standard,203.0,-0.017,-0.216,,,0.159,0.216,100.1,-1,-1,0.325,0.325,25,27,26,28,3,2,9.0,1.0,8.0,2.0,1.03,0.81,-0.81,43.1,,,,,
FF,2022-09-03,93.3,-1.19,6.38,"Ohtani, Shohei",660271,677651,field_out,hit_into_play,,,,,14.0,Shohei Ohtani lines out to left fielder Trey Mancini.,R,L,R,LAA,HOU,X,7.0,line_drive,1,2,2022,-0.65,1.47,0.86,2.37,,,,0,4,Bot,69.47,93.57,,,,,6.622156022205291,-135.60472138387493,-7.710767673574303,-9.483390232248691,30.581819563245983,-12.481478113950102,3.46,1.62,298.0,92.5,25.0,92.4,2461.0,5.9,663436,543877,493329,514888,608324,665161,641820,676801,663656,54.58,0.168,0.225,0.0,1.0,0.0,0.0,3.0,24,4,4-Seam Fastball,0,0,0,0,0,0,0,0,Infield shift,Standard,214.0,-0.02,-0.176,,,0.353,0.176,92.5,0,0,0.553,0.553,25,27,26,28,2,1,9.0,1.0,8.0,2.0,1.16,0.65,-0.65,42.6,,,,,
FS,2022-09-03,88.2,-0.65,6.35,"Ohtani, Shohei",660271,592773,field_out,hit_into_play,,,,,13.0,Shohei Ohtani grounds out to first baseman Yuli Gurriel.,R,L,R,LAA,HOU,X,3.0,ground_ball,1,2,2022,-0.98,0.04,-0.85,1.53,,,545361.0,2,8,Bot,152.14,172.39,,,,,1.537962220148132,-128.40158959209867,-5.701532918559385,-11.150260187558464,27.49864664770329,-30.734891427829997,3.46,1.62,2.0,74.3,-38.0,88.1,1106.0,6.3,663436,543877,493329,514888,608324,665161,641820,676801,663656,54.23,0.103,0.101,0.0,1.0,0.0,0.0,2.0,60,4,Split-Finger,1,1,1,1,1,1,1,1,Infield shift,Standard,236.0,-0.038,-0.188,,,0.107,0.188,88.0,0,0,0.538,0.538,30,27,31,28,1,3,3.0,1.0,3.0,2.0,2.9,0.98,-0.98,49.2,,,,,
CH,2022-09-03,84.4,-1.49,6.21,"Ohtani, Shohei",660271,677651,field_out,hit_into_play,,,,,4.0,Shohei Ohtani grounds out to first baseman Yuli Gurriel. David Fletcher to 3rd.,R,L,R,LAA,HOU,X,3.0,ground_ball,0,0,2022,-1.4,1.2,-0.7,2.34,,664058.0,,1,1,Bot,160.01,162.11,,,,,4.61481389769474,-122.71477046358656,-4.95560542461549,-15.003395346936626,25.704988142920076,-19.280009006446683,3.46,1.62,8.0,86.1,-17.0,84.0,2104.0,6.2,663436,543877,493329,514888,608324,665161,641820,676801,663656,54.3,0.097,0.091,0.0,1.0,0.0,0.0,2.0,6,1,Changeup,0,0,0,0,0,0,0,0,Infield shift,Standard,237.0,-0.03,-0.26,,,0.118,0.26,88.0,0,0,0.567,0.567,25,27,26,28,1,0,9.0,1.0,8.0,2.0,2.02,1.4,-1.4,40.0,,,,,
CH,2022-09-02,85.5,-1.76,5.26,"Ohtani, Shohei",660271,621121,single,hit_into_play,,,,,13.0,Shohei Ohtani singles on a line drive to right fielder Kyle Tucker. Mike Trout to 2nd.,R,L,R,LAA,HOU,X,9.0,line_drive,0,0,2022,-1.48,-0.24,-0.13,1.31,,,545361.0,2,5,Bot,161.91,86.14,,,,,6.708735503737384,-124.32374547496772,-2.507889508373683,-16.645932428168795,24.906188426011976,-34.37610774677094,3.46,1.62,260.0,92.5,18.0,84.4,1862.0,5.6,663428,455117,493329,514888,608324,665161,641820,676801,663656,54.88,0.479,0.47,0.9,1.0,1.0,0.0,4.0,47,1,Changeup,0,4,0,4,4,0,0,4,Infield shift,Standard,259.0,0.019,0.342,,,0.631,-0.342,92.5,-4,-4,0.099,0.099,28,27,29,28,3,2,7.0,2.0,7.0,1.0,3.36,1.48,-1.48,23.8,,,,,
FC,2022-09-02,89.2,-1.65,5.31,"Ohtani, Shohei",660271,621121,field_out,hit_into_play,,,,,12.0,Shohei Ohtani flies out to right fielder Kyle Tucker.,R,L,R,LAA,HOU,X,9.0,fly_ball,0,0,2022,0.44,0.42,0.89,3.39,,664058.0,545361.0,1,3,Bot,157.8,115.38,,,,,5.287585664069132,-129.89228243984937,0.4111169909569531,3.808670529894972,27.946168914662536,-27.711336638184036,3.46,1.62,225.0,83.2,54.0,88.7,2622.0,6.0,663428,455117,493329,514888,608324,665161,641820,676801,663656,54.53,0.021,0.019,0.0,1.0,0.0,0.0,3.0,25,1,Cutter,0,2,0,2,2,0,0,2,Infield shift,Standard,100.0,-0.056,-0.24,,,0.026,0.24,88.0,-2,-2,0.378,0.378,28,27,29,28,2,1,7.0,2.0,7.0,1.0,2.44,-0.44,0.44,27.1,,,,,
FF,2022-08-31,97.9,-1.73,5.94,"Ohtani, Shohei",660271,543037,home_run,hit_into_play,,,,,5.0,Shohei Ohtani homers (30) on a fly ball to center field.   David Fletcher scores.    Mike Trout scores.,R,L,R,LAA,NYY,X,,fly_ball,2,0,2022,-0.99,1.23,-0.22,2.49,,664058.0,545361.0,1,6,Bot,128.64,26.03,,,,,6.379418439393115,-142.31891776549529,-6.673617714785112,-14.909912961164984,31.282871750370592,-14.092943386590871,3.46,1.62,427.0,107.3,24.0,98.2,2396.0,6.4,663410,624431,518934,650402,518626,643396,643217,543305,592450,54.1,0.8767857142857144,1.7310000000000003,2.0,1.0,0.0,3.0,6.0,43,3,4-Seam Fastball,0,2,0,2,2,3,3,2,Infield shift,Standard,211.0,0.361,1.124,,,3.3678809523809514,-1.124,107.3,-2,-2,0.358,0.358,31,27,32,28,3,2,5.0,1.0,7.0,2.0,1.14,0.99,-0.99,36.0,,,,,
CH,2022-08-31,89.7,-1.81,5.62,"Ohtani, Shohei",660271,543037,field_out,hit_into_play,,,,,11.0,Shohei Ohtani pops out to third baseman Josh Donaldson.,R,L,R,LAA,NYY,X,5.0,popup,3,2,2022,-1.09,0.78,-1.04,2.65,,,,1,4,Bot,85.86,144.48,,,,,4.200276725103255,-130.57848930153946,-3.0141643304907904,-13.322582336236009,27.74222879492859,-22.860094909964975,3.46,1.62,176.0,77.2,61.0,89.9,1727.0,6.4,663410,624431,518934,650402,518626,643396,643217,543305,592450,54.1,0.034,0.037,0.0,1.0,0.0,0.0,3.0,25,7,Changeup,0,0,0,0,0,0,0,0,Infield shade,Standard,247.0,-0.024,-0.328,,,0.049,0.328,88.0,0,0,0.537,0.537,31,27,32,28,2,1,5.0,1.0,7.0,2.0,2.06,1.09,-1.09,32.6,,,,,
KC,2022-08-31,80.9,-1.8,6.08,"Ohtani, Shohei",660271,543037,field_out,hit_into_play,,,,,4.0,Shohei Ohtani flies out sharply to center fielder Aaron Hicks.,R,L,R,LAA,NYY,X,8.0,fly_ball,0,0,2022,0.66,-1.06,-0.59,2.29,,,545361.0,1,1,Bot,91.21,45.93,,,,,1.416253410302111,-117.72806701243492,0.3039556016334361,5.759298846982179,25.795142745676426,-42.21504890572643,3.46,1.62,387.0,107.6,35.0,80.3,2724.0,6.2,663410,624431,518934,650402,518626,643396,643217,543305,592450,54.28,0.8300000000000001,1.6922941176470585,0.0,1.0,0.0,0.0,6.0,6,1,Knuckle Curve,0,0,0,0,0,0,0,0,Infield shift,Standard,30.0,-0.029,-0.255,,,3.313058823529412,0.255,107.6,0,0,0.551,0.551,31,27,32,28,1,0,5.0,1.0,7.0,2.0,4.59,-0.66,0.66,44.3,,,,,
FC,2022-08-30,94.1,-1.49,6.06,"Ohtani, Shohei",660271,642152,single,hit_into_play,,,,,6.0,Shohei Ohtani singles on a line drive to right fielder Oswaldo Cabrera.,R,L,R,LAA,NYY,X,9.0,line_drive,0,0,2022,-0.23,0.93,0.49,2.81,,,,2,6,Bot,179.99,111.75,,,,,5.647524902244521,-136.95462506976205,-4.8145728720041685,-4.143804963046049,30.006550856085788,-19.546118428813593,3.47,1.62,187.0,81.9,17.0,94.3,2270.0,6.4,663437,543309,519203,518934,518626,643396,643217,592450,665828,54.1,0.945,0.883,0.9,1.0,1.0,0.0,4.0,50,1,Cutter,3,7,3,7,7,3,3,7,Infield shift,Standard,218.0,0.009,0.305,,,1.07,-0.305,88.0,-4,-4,0.066,0.066,30,27,31,28,1,2,3.0,1.0,4.0,1.0,1.64,0.23,-0.23,33.0,,,,,
SI,2022-08-30,96.5,1.52,6.16,"Ohtani, Shohei",660271,593974,double,hit_into_play,,,,,6.0,Shohei Ohtani doubles (20) on a ground ball to left fielder Andrew Benintendi.,R,L,L,LAA,NYY,X,7.0,ground_ball,1,1,2022,1.18,0.77,0.45,2.22,,,,1,9,Bot,65.33,119.32,,,,,-5.501734825027384,-140.3939550400282,-6.613492896766255,16.894258307972294,31.685271936070883,-20.732578270123085,3.47,1.62,32.0,97.8,-2.0,96.1,2200.0,6.1,663437,543309,519203,518934,518626,643396,643217,592450,665828,54.44,0.342,0.328,1.25,1.0,1.0,1.0,2.0,71,3,Sinker,3,7,3,7,7,3,3,7,Infield shift,Standard,142.0,0.014,0.678,,,0.411,-0.678,97.8,-4,-4,0.007,0.007,30,27,31,28,1,3,4.0,1.0,6.0,1.0,1.68,1.18,1.18,42.4,,,,,
FS,2022-08-29,86.7,-1.09,6.04,"Ohtani, Shohei",660271,593423,home_run,hit_into_play,,,,,7.0,Shohei Ohtani homers (29) on a fly ball to right center field. Mike Trout scores.,R,L,R,LAA,NYY,X,,fly_ball,1,2,2022,-1.09,0.18,-0.49,2.01,,,545361.0,2,5,Bot,171.75,44.88,,,,,3.624447266731738,-126.2938045756486,-3.808035268132441,-12.406115297741655,25.807042821353868,-29.674681842431273,3.47,1.62,398.0,102.7,28.0,86.1,1597.0,5.8,663424,624431,519203,650402,518934,643396,643217,592450,665828,54.67,0.6548103448275863,1.2971206896551726,2.0,1.0,0.0,3.0,6.0,42,4,Split-Finger,2,2,2,2,2,4,4,2,Infield shift,Standard,237.0,0.263,2.305,,,2.518758620689656,-2.305,102.7,0,0,0.523,0.523,29,27,29,28,3,2,6.0,1.0,6.0,1.0,2.85,1.09,-1.09,42.9,,,,,
FS,2022-08-29,86.4,-1.05,6.17,"Ohtani, Shohei",660271,593423,grounded_into_double_play,hit_into_play,,,,,13.0,"Shohei Ohtani grounds into a double play, shortstop Isiah Kiner-Falefa to first baseman Anthony Rizzo. Mike Trout out at 2nd. Shohei Ohtani out at 1st.",R,L,R,LAA,NYY,X,6.0,ground_ball,3,2,2022,-1.14,0.4,-1.4,2.21,,,545361.0,1,1,Bot,134.44,145.36,,,,,1.467849993904491,-125.80471269613048,-4.014058791112341,-12.374827086394117,25.93314975323253,-27.29059187068474,3.47,1.62,6.0,85.8,-18.0,85.6,1308.0,5.8,663424,624431,519203,650402,518934,643396,643217,592450,665828,54.73,0.084,0.086,0.0,1.0,0.0,0.0,2.0,6,6,Split-Finger,0,0,0,0,0,0,0,0,Infield shift,Standard,238.0,-0.056,-0.365,,,0.1,0.365,88.0,0,0,0.556,0.556,29,27,29,28,1,0,6.0,1.0,6.0,1.0,2.65,1.14,-1.14,45.9,,,,,
FC,2022-08-29,86.5,0.43,6.31,"Ohtani, Shohei",660271,476595,single,hit_into_play,,,,,5.0,Shohei Ohtani singles on a ground ball to first baseman Anthony Rizzo.,R,L,L,LAA,NYY,X,3.0,ground_ball,1,1,2022,-0.49,0.4,-0.23,2.7,,,,0,8,Bot,156.85,167.78,,,,,-0.5870280825331362,-126.13463024024216,-3.3377243696206444,-5.233611785051613,21.42753639384396,-27.495544571727784,3.47,1.62,101.0,85.5,8.0,87.3,2620.0,6.3,663424,624431,519203,650402,518934,643396,643217,592450,665828,54.17,0.466,0.424,0.9,1.0,1.0,0.0,4.0,62,3,Cutter,4,3,4,3,3,4,4,3,Infield shift,Standard,188.0,0.02,0.45,,,0.513,-0.45,88.0,1,1,0.866,0.866,35,27,35,28,1,3,4.0,1.0,1.0,1.0,2.6,-0.49,-0.49,45.4,,,,,
CH,2022-08-28,81.3,-0.93,6.89,"Ohtani, Shohei",660271,548389,field_out,hit_into_play,,,,,7.0,"Shohei Ohtani grounds out softly, catcher Danny Jansen to first baseman Vladimir Guerrero Jr.",R,L,R,TOR,LAA,X,2.0,ground_ball,1,1,2022,-0.86,0.83,-0.41,1.78,,,,1,5,Top,125.75,201.0,,,,,2.769877362144922,-118.19640366885751,-6.363515178274813,-8.56707628626526,23.00241917920792,-23.33882712850674,3.47,1.62,1.0,47.3,-75.0,80.6,1780.0,5.9,661773,643376,665489,593160,656305,666182,666971,543807,606192,54.59,0.182,0.185,0.0,1.0,0.0,0.0,1.0,38,3,Changeup,1,3,3,1,3,1,3,1,Infield shade,4th outfielder,220.0,0.012,-0.234,,,0.182,0.234,88.0,-2,2,0.268,0.732,32,27,33,28,3,2,5.0,1.0,7.0,1.0,2.63,0.86,-0.86,66.7,,,,,
CH,2022-08-28,84.7,-1.06,6.94,"Ohtani, Shohei",660271,548389,single,hit_into_play,,,,,4.0,"Shohei Ohtani singles on a ground ball to second baseman Whit Merrifield, deflected by shortstop Bo Bichette.",R,L,R,TOR,LAA,X,6.0,ground_ball,1,1,2022,-0.69,0.86,-0.54,2.56,,,,2,3,Top,183.87,112.95,,,,,2.581752799070136,-123.31222368935914,-5.625440505476636,-7.592031000522418,23.513206180973366,-22.456252458177815,3.47,1.62,68.0,96.2,3.0,84.6,1716.0,6.1,661773,643376,665489,593160,656305,666182,666971,543807,606192,54.39,0.484,0.476,0.9,1.0,1.0,0.0,4.0,20,3,Changeup,0,0,0,0,0,0,0,0,Infield shade,4th outfielder,220.0,-0.014,0.32,,,0.583,-0.32,96.2,0,0,0.544,0.4559999999999999,32,27,33,28,2,1,5.0,1.0,7.0,1.0,2.3,0.69,-0.69,63.8,,,,,
SI,2022-08-28,93.7,1.7,6.37,"Ohtani, Shohei",660271,641835,home_run,hit_into_play,,,,,5.0,Shohei Ohtani homers (28) on a fly ball to left field.   Mike Trout scores.,R,L,L,TOR,LAA,X,,fly_ball,2,2,2022,1.31,0.74,-0.27,2.72,,545361.0,,2,7,Top,34.03,87.37,,,,,-7.956910264106799,-136.2945398840332,-5.384821904607805,18.013682279825613,28.015023275987716,-21.91894830259478,3.47,1.62,357.0,105.1,29.0,93.9,2080.0,6.3,661773,643376,665489,593160,656305,666182,666971,543807,606192,54.23,0.82225,1.669795454545455,2.0,1.0,0.0,3.0,6.0,56,6,Sinker,1,4,4,1,6,1,6,1,Infield shift,Standard,128.0,-0.077,1.657,,,3.2575909090909096,-1.657,105.1,-3,3,0.114,0.886,30,27,30,28,1,3,3.0,1.0,1.0,1.0,1.84,1.31,1.31,37.9,,,,,
FF,2022-08-28,91.7,-0.97,7.06,"Ohtani, Shohei",660271,548389,single,hit_into_play,,,,,1.0,Shohei Ohtani singles on a sharp line drive to right fielder Teoscar Hernandez.,R,L,R,TOR,LAA,X,9.0,line_drive,0,0,2022,-0.17,1.6,-0.65,3.3,,,,2,1,Top,131.27,76.45,,,,,1.1873088082876273,-133.44618351392222,-7.085745636022484,-2.3379488288656294,27.00321101750598,-11.761194582253871,3.47,1.62,219.0,102.3,12.0,91.1,2064.0,5.8,661773,643376,665489,593160,656305,666182,666971,543807,606192,54.7,0.932,0.922,0.9,1.0,1.0,0.0,4.0,3,1,4-Seam Fastball,0,0,0,0,0,0,0,0,Infield shade,4th outfielder,206.0,-0.012,0.305,,,1.177,-0.305,102.3,0,0,0.538,0.4619999999999999,32,27,33,28,1,0,5.0,1.0,7.0,1.0,1.1,0.17,-0.17,64.0,,,,,
SI,2022-08-27,95.1,-2.79,5.8,"Ohtani, Shohei",660271,666201,force_out,hit_into_play,,,,,13.0,"Angels challenged (play at 1st), call on the field was overturned: Shohei Ohtani grounds into a force out, pitcher Alek Manoah to shortstop Bo Bichette.   David Fletcher to 3rd.    Mike Trout out at 2nd.    Shohei Ohtani to 1st.",R,L,R,TOR,LAA,X,1.0,ground_ball,1,2,2022,-1.37,0.89,-1.28,1.68,,664058.0,545361.0,0,6,Top,130.56,186.03,,,,,7.113717488862862,-138.16723075826872,-7.19555665017072,-19.094541070052873,30.963843667712492,-19.367520792603724,3.43,1.59,5.0,67.2,-17.0,96.0,2258.0,6.9,661703,672386,624415,669289,656305,666182,606132,543807,598265,53.6,0.061,0.064,0.0,1.0,0.0,0.0,2.0,39,8,Sinker,0,0,0,0,0,0,0,0,Infield shift,Standard,232.0,0.01,-0.252,,,0.067,0.252,88.0,0,0,0.389,0.611,24,27,24,28,3,2,6.0,1.0,6.0,1.0,1.64,1.37,-1.37,40.6,,,,,
FF,2022-08-26,92.7,-1.25,6.33,"Ohtani, Shohei",660271,669952,field_out,hit_into_play,,,,,3.0,"Shohei Ohtani grounds out, shortstop Bo Bichette to first baseman Vladimir Guerrero Jr.",R,L,R,TOR,LAA,X,6.0,ground_ball,1,0,2022,0.23,1.62,0.56,3.23,,,,0,4,Top,154.73,129.25,,,,,4.104374595306079,-134.76142427058386,-5.540543125543028,1.7591336246218034,34.64275751537082,-11.504177778005245,3.42,1.58,138.0,79.8,12.0,91.7,2496.0,6.2,661704,672386,665489,669289,656305,666182,666971,593160,606132,54.34,0.495,0.445,0.0,1.0,0.0,0.0,4.0,35,2,4-Seam Fastball,0,7,7,0,7,0,7,0,Infield shade,4th outfielder,202.0,0.002,-0.284,,,0.529,0.284,88.0,-7,7,0.03,0.97,27,27,28,28,3,2,6.0,1.0,5.0,1.0,1.08,-0.23,0.23,48.5,,,,,
SL,2022-08-26,86.0,2.31,5.4,"Ohtani, Shohei",660271,579328,field_out,hit_into_play,,,,,13.0,"Shohei Ohtani grounds out, second baseman Santiago Espinal to first baseman Vladimir Guerrero Jr.",R,L,L,TOR,LAA,X,4.0,ground_ball,1,1,2022,-0.26,-0.05,-0.15,1.31,,,,1,8,Top,156.73,163.64,,,,,-5.378639550393584,-125.1210694806499,-3.412635409910989,-1.6487784237690013,24.42724541843289,-32.18459931735486,3.42,1.58,7.0,90.5,-10.0,86.9,2387.0,6.8,661704,672386,665489,669289,656305,666182,666971,593160,606132,53.73,0.171,0.163,0.0,1.0,0.0,0.0,2.0,69,3,Slider,0,10,10,0,10,0,10,0,Infield shift,Standard,355.0,0.0,-0.234,,,0.201,0.234,90.5,-10,10,0.001,0.999,31,27,31,28,2,4,3.0,1.0,2.0,1.0,3.12,-0.26,-0.26,39.6,,,,,
ST,2022-08-26,84.5,-1.65,5.99,"Ohtani, Shohei",660271,669952,triple,hit_into_play,,,,,6.0,Shohei Ohtani triples (6) on a fly ball to center fielder Whit Merrifield.   Andrew Velazquez scores.    David Fletcher scores.,R,L,R,TOR,LAA,X,8.0,fly_ball,0,0,2022,1.23,-0.08,0.47,2.53,623205.0,664058.0,,1,2,Top,165.35,67.42,,,,,2.4637210396697378,-122.87586180908838,-1.3785217248201571,11.575309181829398,30.89114107006511,-32.86393827468395,3.42,1.58,379.0,95.7,31.0,83.0,2445.0,5.9,661704,672386,665489,669289,656305,666182,666971,593160,606192,54.55,0.2433333333333333,0.4557777777777778,1.6,1.0,1.0,2.0,5.0,17,1,Sweeper,0,2,2,0,4,0,4,0,Infield shift,Standard,54.0,-0.103,0.827,,,0.8866666666666667,-0.827,95.7,-2,2,0.236,0.764,27,27,28,28,2,1,6.0,1.0,5.0,1.0,3.35,-1.23,1.23,40.1,,,,,
SL,2022-08-26,85.5,1.95,5.42,"Ohtani, Shohei",660271,579328,field_out,hit_into_play,,,,,13.0,Shohei Ohtani grounds out to first baseman Vladimir Guerrero Jr.  David Fletcher to 2nd.,R,L,L,TOR,LAA,X,3.0,ground_ball,2,2,2022,-0.45,0.02,-1.08,1.49,,,664058.0,1,6,Top,153.75,172.37,,,,,-6.265618818578885,-124.31626253066776,-2.96258167701213,-3.2670098159623975,26.69197455129837,-31.57625476076616,3.42,1.58,2.0,69.9,-41.0,85.7,2443.0,6.7,661704,672386,665489,669289,656305,666182,666971,593160,606132,53.85,0.126,0.125,0.0,1.0,0.0,0.0,2.0,50,6,Slider,0,7,7,0,7,0,7,0,Infield shift,Standard,318.0,0.001,-0.29,,,0.128,0.29,88.0,-7,7,0.015,0.985,31,27,31,28,1,3,3.0,1.0,2.0,1.0,3.12,-0.45,-0.45,38.8,,,,,
FF,2022-08-25,96.6,-1.64,6.11,"Ohtani, Shohei",660271,656876,field_out,hit_into_play,,,,,5.0,Shohei Ohtani lines out to center fielder Jose Siri.,R,L,R,TB,LAA,X,8.0,line_drive,3,2,2022,-0.16,1.48,0.1,2.66,,,,2,3,Top,126.34,70.98,,,,,5.006748253084798,-140.45761449678608,-7.024723426014248,-3.2471895360304623,33.498075922181464,-11.213389787860407,3.42,1.59,319.0,99.0,19.0,97.1,2420.0,6.7,661856,542194,623912,670623,650490,644374,444482,642350,622534,53.77,0.337,0.398,0.0,1.0,0.0,0.0,4.0,19,8,4-Seam Fastball,0,0,0,0,0,0,0,0,Infield shift,Standard,197.0,0.014,-0.302,,,0.613,0.302,99.0,0,0,0.541,0.4589999999999999,26,27,27,28,2,1,5.0,1.0,6.0,1.0,0.98,0.16,-0.16,60.0,,,,,
SI,2022-08-25,90.4,-3.61,3.68,"Ohtani, Shohei",660271,657044,double,hit_into_play,,,,,8.0,Shohei Ohtani doubles (19) on a sharp line drive to center fielder Jose Siri. David Fletcher scores.,R,L,R,TB,LAA,X,8.0,line_drive,0,0,2022,-1.32,-0.37,-0.13,1.89,,664058.0,,0,8,Top,84.73,47.97,,,,,11.495405934467126,-131.06047592122866,2.4034772643030715,-17.79891859368293,30.752971994801698,-37.25656534125274,3.42,1.59,302.0,110.7,14.0,90.1,2034.0,6.5,661856,542194,623912,670623,650490,644374,444482,642350,622534,53.96,0.745,0.836,1.25,1.0,1.0,1.0,6.0,62,1,Sinker,8,1,1,8,2,8,2,8,Standard,Standard,272.0,-0.009,0.722,,,1.232,-0.722,110.7,7,-7,0.991,0.009,30,27,30,28,1,3,1.0,1.0,,1.0,3.2,1.32,-1.32,-10.8,,,,,
CH,2022-08-24,91.0,-1.55,6.16,"Ohtani, Shohei",660271,592094,field_out,hit_into_play,,,,,13.0,Shohei Ohtani flies out to left fielder David Peralta.,R,L,R,TB,LAA,X,7.0,fly_ball,0,1,2022,-1.62,0.4,-0.92,1.55,,,,0,8,Top,52.02,119.49,,,,,5.070773000975741,-132.2476569040807,-6.465552631018807,-20.04464942762082,30.60104440659667,-26.206605459859457,3.42,1.59,269.0,79.1,36.0,90.9,2137.0,6.5,661857,642336,670623,664040,650490,670764,444482,622534,668227,54.03,0.053,0.053,0.0,1.0,0.0,0.0,3.0,57,2,Changeup,0,1,1,0,1,0,1,0,Infield shift,Standard,233.0,0.02,-0.209,,,0.077,0.209,88.0,-1,1,0.258,0.742,30,27,31,28,1,3,2.0,1.0,6.0,1.0,2.38,1.62,-1.62,30.9,,,,,
SI,2022-08-23,89.3,-1.74,5.13,"Ohtani, Shohei",660271,446372,field_out,hit_into_play,,,,,11.0,Shohei Ohtani flies out to left fielder Randy Arozarena.,R,L,R,TB,LAA,X,7.0,fly_ball,1,2,2022,-1.16,1.42,-0.45,3.99,,,,1,6,Top,67.24,75.65,,,,,5.643111552835227,-129.94519764989386,0.2779405100372508,-14.333453810555843,28.562675375915813,-16.487171259366928,3.43,1.59,338.0,93.6,34.0,89.5,2291.0,6.5,661858,542194,623912,644374,670623,670764,668227,642350,622534,53.97,0.071,0.123,0.0,1.0,0.0,0.0,3.0,42,5,Sinker,2,1,1,2,1,2,1,2,Infield shift,Standard,224.0,0.02,-0.177,,,0.241,0.177,93.6,1,-1,0.703,0.297,36,27,36,28,3,2,6.0,1.0,5.0,1.0,1.45,1.16,-1.16,28.8,,,,,
SI,2022-08-23,88.5,-1.83,5.26,"Ohtani, Shohei",660271,446372,field_out,hit_into_play,,,,,5.0,Shohei Ohtani pops out to third baseman Isaac Paredes.,R,L,R,TB,LAA,X,5.0,popup,0,0,2022,-1.76,0.58,-0.09,2.41,,,,0,4,Top,108.34,171.66,,,,,7.967688808118084,-128.61987558538692,-2.0240809437994622,-21.218952025783594,29.60486313338283,-25.52884458971992,3.43,1.59,66.0,81.4,78.0,88.4,1997.0,6.6,661858,542194,623912,644374,670623,670764,668227,642350,622534,53.93,0.018,0.024,0.0,1.0,0.0,0.0,3.0,27,1,Sinker,2,0,0,2,0,2,0,2,Infield shift,Standard,228.0,0.027,-0.247,,,0.03,0.247,88.0,2,-2,0.729,0.271,36,27,36,28,2,1,6.0,1.0,5.0,1.0,2.36,1.76,-1.76,31.1,,,,,
FC,2022-08-23,87.8,-1.78,5.28,"Ohtani, Shohei",660271,446372,single,hit_into_play,,,,,12.0,Shohei Ohtani singles on a fly ball to left fielder Randy Arozarena.,R,L,R,TB,LAA,X,7.0,fly_ball,0,2,2022,-0.1,1.14,1.08,2.77,,,,2,1,Top,76.18,109.44,,,,,7.124932772078512,-127.6994346747503,-2.3627986206971094,-2.481333778567024,25.10478367382163,-19.340237285197514,3.43,1.59,227.0,71.1,31.0,88.1,2484.0,6.4,661858,542194,623912,644374,670623,670764,668227,642350,622534,54.12,0.758,0.711,0.9,1.0,1.0,0.0,4.0,3,3,Cutter,0,0,0,0,0,0,0,0,Infield shift,Standard,204.0,-0.015,0.408,,,0.824,-0.408,88.0,0,0,0.541,0.4589999999999999,36,27,36,28,1,0,6.0,1.0,5.0,1.0,1.8,0.1,-0.1,31.8,,,,,
SI,2022-08-20,89.2,1.99,5.62,"Ohtani, Shohei",660271,641302,single,hit_into_play,,,,,14.0,Shohei Ohtani singles on a ground ball to right fielder Willi Castro.,R,L,L,DET,LAA,X,9.0,ground_ball,1,1,2022,1.28,1.1,0.94,2.04,,,,2,2,Top,165.44,150.52,,,,,-5.270623115542099,-129.78554278969605,-5.097706277297852,15.549167848212168,26.67542702603797,-18.896432203027945,3.43,1.58,57.0,103.9,1.0,89.3,2138.0,6.3,662917,571466,605612,570731,600869,595879,622682,682985,650489,54.16,0.489,0.441,0.9,1.0,1.0,0.0,4.0,14,3,Sinker,0,2,2,0,2,0,2,0,Infield shift,Standard,145.0,-0.01,0.32,,,0.52,-0.32,103.9,-2,2,0.333,0.667,27,27,28,28,2,1,6.0,1.0,6.0,1.0,1.76,1.28,1.28,36.6,,,,,
FF,2022-08-20,91.2,1.88,5.73,"Ohtani, Shohei",660271,641302,double,hit_into_play,,,,,4.0,Shohei Ohtani doubles (18) on a sharp line drive to left fielder Victor Reyes.,R,L,L,DET,LAA,X,7.0,line_drive,1,0,2022,0.74,1.43,-0.32,2.69,,,,0,1,Top,81.89,64.72,,,,,-7.105182300466806,-132.65149402501382,-4.825470690605107,10.193142643135308,27.925739261269015,-14.410811227817709,3.43,1.58,350.0,109.2,18.0,91.2,2292.0,6.3,662917,571466,605612,570731,600869,595879,622682,682985,650489,54.19,0.6190666666666665,1.0053333333333334,1.25,1.0,1.0,1.0,6.0,1,2,4-Seam Fastball,0,0,0,0,0,0,0,0,Infield shift,Standard,156.0,-0.055,0.669,,,1.8418,-0.669,109.2,0,0,0.496,0.504,27,27,28,28,1,0,6.0,1.0,6.0,1.0,1.31,0.74,0.74,41.5,,,,,
FF,2022-08-19,93.7,-1.89,5.58,"Ohtani, Shohei",660271,666159,field_out,hit_into_play,,,,,6.0,"Shohei Ohtani grounds out, second baseman Willi Castro to first baseman Jonathan Schoop.",R,L,R,DET,LAA,X,4.0,ground_ball,3,1,2022,-0.46,1.37,0.56,2.77,,,,0,1,Top,164.31,134.17,,,,,7.438730557796295,-136.41092939672234,-4.6865248945332505,-7.27254962553281,26.566579977010893,-14.220164734895633,3.43,1.58,100.0,91.5,7.0,95.5,2087.0,7.0,662808,606992,570731,650489,600869,595879,681481,682985,622682,53.47,0.521,0.483,0.0,1.0,0.0,0.0,4.0,1,5,4-Seam Fastball,0,0,0,0,0,0,0,0,Infield shift,Standard,203.0,0.036,-0.418,,,0.581,0.418,91.5,0,0,0.486,0.514,24,27,24,28,1,0,6.0,2.0,5.0,1.0,1.2,0.46,-0.46,47.9,,,,,
KC,2022-08-17,82.9,-1.29,5.74,"Ohtani, Shohei",660271,669923,single,hit_into_play,,,,,7.0,Shohei Ohtani singles on a sharp line drive to center fielder Julio Rodriguez.   Magneuris Sierra scores.    David Fletcher to 2nd.,R,L,R,LAA,SEA,X,8.0,line_drive,1,0,2022,0.55,-0.8,-0.71,1.69,,642423.0,664058.0,2,5,Bot,111.77,83.46,,,,,0.2738745402648307,-120.83875735433172,-1.2378235205624877,5.297267936221654,23.31281283384684,-40.01857123788727,3.43,1.59,171.0,101.5,9.0,83.9,2332.0,6.8,663408,663728,467793,624428,553993,641487,664059,677594,571745,53.68,0.724,0.7,0.9,1.0,1.0,0.0,4.0,47,2,Knuckle Curve,1,7,1,7,7,2,2,7,Infield shift,Standard,46.0,0.027,0.504,,,0.854,-0.504,101.5,-6,-6,0.045,0.045,24,27,24,28,3,2,5.0,1.0,7.0,2.0,4.11,-0.55,0.55,35.2,,,,,
FF,2022-08-17,86.8,-4.16,4.01,"Ohtani, Shohei",660271,682171,triple,hit_into_play,,,,,6.0,Shohei Ohtani triples (5) on a sharp line drive to right fielder Mitch Haniger.   David Fletcher scores.,R,L,R,LAA,SEA,X,9.0,line_drive,0,1,2022,-0.04,0.54,0.55,2.75,,,664058.0,0,7,Bot,211.22,118.52,,,,,11.375648276469532,-125.86010165511456,2.142212019685466,-2.7523426724119235,26.01019845294747,-27.18249579776175,3.43,1.59,194.0,102.3,13.0,86.8,2974.0,6.5,663408,663728,467793,624428,553993,641487,664059,677594,571745,53.95,0.889,0.888,1.6,1.0,1.0,2.0,4.0,65,2,4-Seam Fastball,3,9,3,9,9,4,4,9,Infield shift,Standard,106.0,0.039,1.037,,,1.149,-1.037,102.3,-6,-6,0.031,0.031,28,27,28,28,1,3,4.0,1.0,2.0,2.0,2.51,0.04,-0.04,-2.2,,,,,
ST,2022-08-17,83.8,-2.22,5.07,"Ohtani, Shohei",660271,670036,home_run,hit_into_play,,,,,5.0,Shohei Ohtani homers (27) on a fly ball to center field.   David Fletcher scores.,R,L,R,LAA,SEA,X,,fly_ball,1,1,2022,1.1,0.33,0.23,2.2,,664058.0,,1,9,Bot,89.49,42.97,,,,,3.5009918269271725,-122.13032076848164,-0.8882007411100368,10.296514246325025,23.755652042603867,-28.944374719104378,3.43,1.59,396.0,102.9,28.0,84.0,2704.0,6.3,663408,663728,467793,624428,553993,641487,664059,677594,571745,54.18,0.6548103448275863,1.2971206896551726,2.0,1.0,0.0,3.0,6.0,83,3,Sweeper,5,11,5,11,11,7,7,11,Infield shift,Standard,72.0,0.004,1.303,,,2.518758620689656,-1.303,102.9,-6,-6,0.003,0.003,29,27,29,28,1,4,1.0,1.0,3.0,2.0,2.91,-1.1,1.1,27.8,,,,,
CH,2022-08-17,87.0,-1.3,5.73,"Ohtani, Shohei",660271,669923,single,hit_into_play,,,,,7.0,Shohei Ohtani singles on a sharp ground ball to right fielder Mitch Haniger.,R,L,R,LAA,SEA,X,9.0,ground_ball,0,1,2022,-1.47,0.43,-0.28,1.75,,,,1,1,Bot,186.31,102.35,,,,,5.494706434448224,-126.5153125471413,-4.215299182755742,-16.956770862498075,27.14579409679246,-26.891225739773724,3.43,1.59,27.0,104.6,-2.0,87.2,1611.0,6.6,663408,663728,467793,624428,553993,641487,664059,677594,571745,53.95,0.395,0.36,0.9,1.0,1.0,0.0,4.0,6,2,Changeup,0,0,0,0,0,0,0,0,Infield shift,Standard,250.0,0.027,0.453,,,0.422,-0.453,104.6,0,0,0.524,0.524,24,27,24,28,1,0,5.0,1.0,7.0,2.0,2.6,1.47,-1.47,28.9,,,,,
SL,2022-08-16,89.2,2.54,6.18,"Ohtani, Shohei",660271,592662,triple,hit_into_play,,,,,7.0,Shohei Ohtani triples (4) on a sharp fly ball to left fielder Jesse Winker.,R,L,L,LAA,SEA,X,7.0,fly_ball,1,2,2022,-0.13,0.68,-0.53,2.09,,,,2,5,Bot,74.48,64.2,,,,,-7.277783822266154,-129.73505613376932,-5.486175636611927,0.0820071733906034,26.95843443693878,-23.475512070628533,3.43,1.59,357.0,101.2,23.0,89.2,2063.0,6.3,663369,592200,664034,624428,553993,641487,608385,677594,664059,54.2,0.4820625,0.8096874999999998,1.6,1.0,1.0,2.0,6.0,35,5,Slider,2,0,2,0,0,2,2,0,Infield shift,Standard,160.0,0.022,0.821,,,1.5048750000000002,-0.821,101.2,2,2,0.784,0.784,30,27,31,28,3,2,6.0,1.0,7.0,1.0,2.18,-0.13,-0.13,45.9,,,,,
SL,2022-08-16,87.8,2.69,6.23,"Ohtani, Shohei",660271,592662,single,hit_into_play,,,,,9.0,Shohei Ohtani singles on a line drive to right fielder Sam Haggerty.   David Fletcher to 3rd.,R,L,L,LAA,SEA,X,9.0,line_drive,0,1,2022,0.06,0.74,0.41,1.72,,,664058.0,1,3,Bot,198.2,113.18,,,,,-5.643226647427944,-127.65883065698232,-6.340993545491575,1.7306439470694284,25.351325430165925,-23.015865694772813,3.43,1.59,204.0,87.2,18.0,87.9,2059.0,6.3,663369,592200,664034,624428,553993,641487,608385,677594,664059,54.16,0.832,0.808,0.9,1.0,1.0,0.0,4.0,20,2,Slider,1,0,1,0,0,1,1,0,Infield shift,Standard,148.0,0.063,0.45,,,0.984,-0.45,88.0,1,1,0.667,0.667,30,27,31,28,2,1,6.0,1.0,7.0,1.0,2.22,0.06,0.06,45.5,,,,,
FF,2022-08-16,101.3,-2.39,5.33,"Ohtani, Shohei",660271,662253,single,hit_into_play,,,,,4.0,Shohei Ohtani singles on a sharp ground ball to center fielder Julio Rodriguez.   David Fletcher to 2nd.,R,L,R,LAA,SEA,X,8.0,ground_ball,2,2,2022,-1.08,1.0,-0.4,2.79,,,664058.0,2,7,Bot,94.91,96.67,,,,,8.140298055222384,-147.18811567672907,-4.106605282041454,-17.760723285524648,38.71527440005752,-16.884997751654442,3.43,1.59,34.0,103.2,-3.0,100.9,2261.0,6.4,663369,592200,664034,624428,553993,641487,608385,677594,664059,54.12,0.342,0.333,0.9,1.0,1.0,0.0,2.0,54,5,4-Seam Fastball,2,3,2,3,3,2,2,3,Infield shift,Strategic,232.0,0.05,0.379,,,0.35,-0.379,103.2,-1,-1,0.302,0.302,23,27,23,28,1,3,1.0,1.0,4.0,1.0,1.25,1.08,-1.08,26.8,,,,,
SI,2022-08-15,97.8,-2.82,5.22,"Ohtani, Shohei",660271,622491,field_out,hit_into_play,,,,,5.0,Shohei Ohtani flies out to left fielder Sam Haggerty.,R,L,R,LAA,SEA,X,7.0,fly_ball,0,1,2022,-1.62,0.31,-0.07,2.43,,,664058.0,1,5,Bot,56.91,85.0,,,,,10.99670417097014,-141.86070853561452,-2.638190652262251,-24.467528261270612,35.83535955120151,-27.564526274181873,3.43,1.59,330.0,94.7,27.0,96.0,2259.0,5.7,663370,663728,664034,624428,571875,641487,664059,677594,571745,54.82,0.2625,0.468,0.0,1.0,0.0,0.0,5.0,42,2,Sinker,2,2,2,2,2,2,2,2,Infield shift,Standard,234.0,-0.032,-0.214,,,0.891,0.214,94.7,0,0,0.563,0.563,29,27,30,28,3,2,6.0,1.0,6.0,1.0,2.11,1.62,-1.62,17.8,,,,,
CH,2022-08-15,89.0,-3.08,5.16,"Ohtani, Shohei",660271,622491,field_out,hit_into_play,,,,,8.0,"Shohei Ohtani grounds out sharply, second baseman Adam Frazier to first baseman Ty France.",R,L,R,LAA,SEA,X,4.0,ground_ball,1,2,2022,-1.36,0.11,0.03,1.98,,,,1,1,Bot,159.39,155.41,,,,,10.28359306704404,-129.32897665938162,-2.0042833228335266,-17.399690610934137,25.69034106586292,-30.723113931454773,3.43,1.59,27.0,104.3,-3.0,87.7,2110.0,5.4,663370,663728,664034,624428,571875,641487,664059,677594,571745,55.06,0.366,0.35,0.0,1.0,0.0,0.0,2.0,7,4,Changeup,0,1,0,1,1,0,0,1,Infield shift,Standard,247.0,-0.013,-0.177,,,0.388,0.177,104.3,-1,-1,0.42,0.42,29,27,30,28,1,0,6.0,1.0,6.0,1.0,2.76,1.36,-1.36,14.9,,,,,
SL,2022-08-15,90.1,-2.35,5.28,"Ohtani, Shohei",660271,662253,single,hit_into_play,,,,,8.0,Shohei Ohtani singles on a ground ball to catcher Cal Raleigh.,R,L,R,LAA,SEA,X,2.0,ground_ball,0,1,2022,0.42,0.37,-0.13,1.68,,,,0,8,Bot,125.13,196.45,,,,,4.619606021098313,-131.10865723805435,-3.766612755007464,3.819579697304682,28.35851766319261,-27.256997831105288,3.43,1.59,0.0,60.5,-80.0,89.9,2264.0,6.2,663370,663728,664034,664059,553993,641487,571875,677594,571745,54.28,0.163,0.171,0.9,1.0,1.0,0.0,2.0,62,2,Slider,2,2,2,2,2,2,2,2,Infield shift,Strategic,177.0,0.069,0.478,,,0.163,-0.478,88.0,0,0,0.601,0.601,23,27,23,28,1,3,3.0,1.0,1.0,1.0,2.44,-0.42,0.42,27.3,,,,,
FC,2022-08-14,90.2,-2.46,5.97,"Ohtani, Shohei",660271,605242,single,hit_into_play,,,,,7.0,Shohei Ohtani singles on a line drive to left fielder Jake Cave.   Andrew Velazquez scores.    David Fletcher to 3rd.,R,L,R,LAA,MIN,X,7.0,line_drive,2,1,2022,0.13,0.54,-0.5,1.68,,623205.0,664058.0,1,7,Bot,86.19,95.67,,,,,4.621315945857423,-131.3021092979068,-5.917339442351974,0.5659424480330554,25.876901953602275,-24.92241274427123,3.43,1.59,246.0,83.4,20.0,90.8,2341.0,6.5,663371,506702,650333,593871,669304,621043,595909,624503,596146,54.03,0.774,0.729,0.9,1.0,1.0,0.0,4.0,56,4,Cutter,3,2,3,2,2,4,4,2,Infield shift,Standard,187.0,0.095,0.445,,,0.89,-0.445,88.0,1,1,0.824,0.824,29,27,29,28,1,3,2.0,1.0,2.0,1.0,2.24,-0.13,0.13,35.4,,,,,
CH,2022-08-13,80.4,-1.66,6.06,"Ohtani, Shohei",660271,605164,field_out,hit_into_play,,,,,5.0,Shohei Ohtani flies out to left fielder Gilberto Celestino.,R,L,R,LAA,MIN,X,7.0,fly_ball,0,0,2022,-1.13,0.95,-0.03,2.39,,,664058.0,2,3,Bot,67.86,118.12,,,,,5.751864343589916,-117.00850678835828,-3.283854590286652,-11.494592914476192,21.23162981997845,-22.98273702324328,3.43,1.59,226.0,91.2,61.0,80.3,1490.0,6.1,663372,596142,669304,593871,570482,621043,665482,621439,596146,54.39,0.011,0.011,0.0,1.0,0.0,0.0,3.0,23,1,Changeup,0,1,0,1,1,0,0,1,Infield shift,Standard,230.0,-0.027,-0.26,,,0.017,0.26,91.2,-1,-1,0.404,0.404,29,27,30,28,2,1,7.0,1.0,6.0,1.0,2.56,1.13,-1.13,52.2,,,,,
KC,2022-08-13,87.6,-1.72,6.2,"Ohtani, Shohei",660271,661395,home_run,hit_into_play,,,,,5.0,Shohei Ohtani homers (26) on a fly ball to center field.,R,L,R,LAA,MIN,X,,fly_ball,2,1,2022,0.48,-0.56,-0.09,2.71,,,,2,8,Bot,117.14,37.99,,,,,2.9207017663470145,-127.68060693272128,-1.1734519726500798,4.712491920211279,25.431797217281805,-38.34090095757553,3.43,1.59,399.0,107.0,38.0,87.5,2652.0,6.1,663372,596142,669304,593871,570482,621043,624503,621439,596146,54.41,0.67925,1.3749166666666666,2.0,1.0,0.0,3.0,6.0,64,4,Knuckle Curve,0,3,0,3,3,1,1,3,Infield shift,Standard,33.0,0.049,2.555,,,2.6910833333333333,-2.555,107.0,-3,-3,0.044,0.044,24,27,24,28,1,3,1.0,1.0,2.0,1.0,3.52,-0.48,0.48,39.1,,,,,
CU,2022-08-13,72.6,-1.62,6.27,"Ohtani, Shohei",660271,605164,field_out,hit_into_play,,,,,5.0,"Shohei Ohtani bunt grounds out, catcher Gary Sanchez to first baseman Jose Miranda.",R,L,R,LAA,MIN,X,2.0,ground_ball,0,0,2022,0.61,-1.28,0.12,2.34,,,,1,1,Bot,125.84,201.0,,,,,2.3910415220434453,-105.65166718048864,1.7796505042864803,4.079440996201522,20.643094106521417,-42.24531748581544,3.43,1.59,0.0,55.0,-81.0,71.4,2480.0,5.7,663372,596142,669304,593871,570482,621043,665482,621439,596146,54.81,0.147,0.155,0.0,1.0,0.0,0.0,1.0,6,1,Curveball,0,1,0,1,1,0,0,1,Infield shift,Strategic,24.0,-0.017,0.082,,,0.147,-0.082,88.0,-1,-1,0.424,0.424,29,27,30,28,1,0,7.0,1.0,6.0,1.0,5.66,-0.61,0.61,53.2,,,,,
FF,2022-08-13,93.7,0.47,6.09,"Ohtani, Shohei",660271,573204,field_out,hit_into_play,,,,,3.0,Shohei Ohtani pops out to third baseman Gio Urshela in foul territory.,R,L,L,LAA,MIN,X,5.0,popup,0,1,2022,0.45,1.58,0.52,3.13,,,,0,6,Bot,72.42,160.2,,,,,-0.8597053629535585,-136.42972133644545,-5.392006183617694,5.867054776711073,29.289224395682567,-11.474471021189284,3.43,1.59,188.0,84.7,62.0,93.7,2240.0,6.2,663372,596142,669304,593871,570482,621043,595909,621439,596146,54.28,0.011,0.01,0.0,1.0,0.0,0.0,3.0,46,2,4-Seam Fastball,0,2,0,2,2,0,0,2,Infield shift,Standard,164.0,-0.03,-0.209,,,0.015,0.209,88.0,-2,-2,0.255,0.255,35,27,35,28,1,2,3.0,1.0,2.0,1.0,1.01,0.45,0.45,51.9,,,,,
FS,2022-08-12,95.9,-2.12,5.94,"Ohtani, Shohei",660271,661395,field_out,hit_into_play,,,,,4.0,Shohei Ohtani grounds out to first baseman Luis Arraez.,R,L,R,LAA,MIN,X,3.0,ground_ball,2,0,2022,-1.1,0.3,-0.67,2.6,,664058.0,,2,8,Bot,162.44,165.13,,,,,6.294791742046214,-139.493676434555,-3.891293216264348,-15.732185684816669,31.240071961562645,-27.640205987411797,3.42,1.58,4.0,80.9,-33.0,95.9,1538.0,6.3,663373,506702,650333,593871,570482,621043,665482,621439,596146,54.17,0.063,0.066,0.0,1.0,0.0,0.0,2.0,63,3,Split-Finger,0,4,0,4,4,0,0,4,Infield shift,Standard,229.0,-0.017,-0.342,,,0.077,0.342,88.0,-4,-4,0.032,0.032,24,27,24,28,1,3,6.0,2.0,1.0,1.0,2.18,1.1,-1.1,32.6,,,,,
FC,2022-08-12,85.1,-1.9,5.25,"Ohtani, Shohei",660271,641816,force_out,hit_into_play,,,,,14.0,"Shohei Ohtani grounds into a force out, second baseman Jorge Polanco to shortstop Carlos Correa. David Fletcher out at 2nd. Shohei Ohtani to 1st.",R,L,R,LAA,MIN,X,4.0,ground_ball,2,2,2022,0.2,0.85,0.67,1.31,,,664058.0,0,1,Bot,146.11,152.43,,,,,5.688542537365119,-123.88332205256856,-4.736969855345247,1.0433644385337917,22.25031643361491,-22.65700259903151,3.42,1.58,5.0,93.9,-15.0,86.2,2508.0,6.7,663373,506702,650333,593871,570482,621043,665482,621439,596146,53.76,0.158,0.159,0.0,1.0,0.0,0.0,2.0,5,5,Cutter,0,0,0,0,0,0,0,0,Infield shift,Standard,187.0,-0.029,-0.327,,,0.159,0.327,93.9,0,0,0.58,0.58,27,27,28,28,1,0,7.0,2.0,5.0,1.0,2.27,-0.2,0.2,39.9,,,,,
FF,2022-08-10,93.0,0.9,4.9,"Ohtani, Shohei",660271,676664,field_out,hit_into_play,,,,,5.0,Shohei Ohtani flies out sharply to left fielder Tony Kemp.,R,L,L,ATH,LAA,X,7.0,fly_ball,3,2,2022,0.97,1.03,-0.23,2.22,,,,0,4,Top,37.54,83.88,,,,,-5.058364852441837,-135.3880046760357,-3.3586984845343983,13.024601588321216,30.294563981267704,-19.011246883958933,3.43,1.57,358.0,100.2,28.0,93.5,2064.0,6.6,662316,519390,664913,669397,605353,462101,643393,670276,657656,53.9,0.5286857142857144,1.0079714285714283,0.0,1.0,0.0,0.0,6.0,21,6,4-Seam Fastball,0,0,0,0,0,0,0,0,Infield shift,Standard,137.0,0.034,-0.333,,,1.9350571428571424,0.333,100.2,0,0,0.493,0.507,26,27,26,28,2,1,20.0,1.0,6.0,2.0,1.61,0.97,0.97,26.1,,,,,
FF,2022-08-10,94.2,0.98,4.96,"Ohtani, Shohei",660271,676664,single,hit_into_play,,,,,5.0,Shohei Ohtani singles on a line drive to left fielder Tony Kemp.,R,L,L,ATH,LAA,X,7.0,line_drive,1,2,2022,1.19,0.96,-0.19,2.28,,,,1,1,Top,68.06,90.98,,,,,-5.722894807848003,-137.1489408175845,-3.4236301553561046,16.337139281076457,30.103887410212387,-19.552125020133673,3.43,1.57,195.0,99.0,10.0,94.7,2129.0,6.5,662316,519390,664913,669397,605353,462101,643393,670276,657656,53.97,0.768,0.727,0.9,1.0,1.0,0.0,4.0,2,4,4-Seam Fastball,0,0,0,0,0,0,0,0,Infield shift,Standard,130.0,-0.028,0.485,,,0.896,-0.485,99.0,0,0,0.526,0.474,26,27,26,28,1,0,20.0,1.0,6.0,2.0,1.61,1.19,1.19,25.5,,,,,
CH,2022-08-09,86.1,-3.02,6.03,"Ohtani, Shohei",660271,621076,single,hit_into_play,,,,,9.0,Shohei Ohtani singles on a ground ball to second baseman Jonah Bride.,R,L,R,ATH,LAA,X,4.0,ground_ball,0,1,2022,-0.41,0.08,0.43,1.56,,,,0,5,Top,130.77,189.28,,,,,8.968285584202656,-125.01192823314592,-4.462523692261686,-6.172515226902683,26.48605704049941,-30.58292944526596,3.43,1.57,37.0,94.3,0.0,85.5,1292.0,6.2,662330,669221,664913,681146,605353,669397,643393,621450,657656,54.33,0.368,0.359,0.9,1.0,1.0,0.0,2.0,36,2,Changeup,0,1,1,0,1,0,1,0,Infield shift,Standard,237.0,-0.041,0.478,,,0.409,-0.478,94.3,-1,1,0.366,0.634,28,27,28,28,3,2,6.0,2.0,6.0,1.0,3.02,0.41,-0.41,35.8,,,,,
CU,2022-08-09,81.7,-2.62,6.15,"Ohtani, Shohei",660271,621076,field_out,hit_into_play,,,,,8.0,"Shohei Ohtani grounds out, first baseman Seth Brown to pitcher James Kaprielian.   David Fletcher to 2nd.",R,L,R,ATH,LAA,X,3.0,ground_ball,0,0,2022,0.5,-0.84,-0.23,1.75,,,664058.0,0,3,Top,149.63,167.37,,,,,4.414094354162208,-118.9215206776112,-1.7242146213242184,3.881709064204856,22.620410618410705,-40.06250072149959,3.43,1.57,3.0,90.9,-28.0,81.7,2530.0,6.2,662330,669221,664913,681146,605353,669397,643393,621450,657656,54.26,0.084,0.078,0.0,1.0,0.0,0.0,2.0,17,1,Curveball,0,1,1,0,1,0,1,0,Infield shift,Standard,43.0,0.016,-0.34,,,0.107,0.34,90.9,-1,1,0.353,0.647,28,27,28,28,2,1,6.0,2.0,6.0,1.0,4.25,-0.5,0.5,41.3,,,,,
SL,2022-08-09,78.2,1.12,5.82,"Ohtani, Shohei",660271,572125,home_run,hit_into_play,,,,,2.0,Shohei Ohtani homers (25) on a fly ball to right field.,R,L,L,ATH,LAA,X,,fly_ball,1,0,2022,-1.08,0.08,-0.22,2.85,,,,0,7,Top,217.97,76.21,,,,,-0.8858256175563319,-113.92792404831424,0.3398246328991638,-9.17278707523633,21.98727805173168,-31.81254677393964,3.43,1.57,378.0,108.4,24.0,78.2,2246.0,6.3,662330,669221,664913,681146,605353,669397,643393,621450,657656,54.19,0.9116216216216216,1.822891891891892,2.0,1.0,0.0,3.0,6.0,52,2,Slider,0,4,4,0,5,0,5,0,Infield shift,Standard,288.0,-0.026,1.077,,,3.5524864864864867,-1.077,108.4,-4,4,0.058,0.942,31,27,32,28,1,3,3.0,2.0,47.0,1.0,3.66,-1.08,-1.08,41.9,,,,,
FC,2022-08-07,85.3,2.45,5.43,"Ohtani, Shohei",660271,594835,single,hit_into_play,,,,,13.0,Shohei Ohtani singles on a ground ball to left fielder Jesse Winker.,R,L,L,SEA,LAA,X,7.0,ground_ball,2,2,2022,-0.32,0.59,-1.14,2.1,,,,2,5,Top,84.19,113.96,,,,,-7.813109010867152,-124.1961163710634,-2.81834674947775,-2.0070295677658416,21.189087264528556,-25.69147214537054,3.43,1.56,114.0,96.1,5.0,86.1,1934.0,6.4,662153,663728,664034,624428,553993,641487,608385,672284,664059,54.07,0.518,0.493,0.9,1.0,1.0,0.0,4.0,41,5,Cutter,5,2,2,5,2,5,2,5,Infield shift,Standard,155.0,-0.013,0.345,,,0.603,-0.345,96.1,3,-3,0.876,0.124,30,27,30,28,3,2,6.0,1.0,6.0,2.0,2.5,-0.32,-0.32,40.2,,,,,
SL,2022-08-07,90.3,-2.28,5.25,"Ohtani, Shohei",660271,662253,field_out,hit_into_play,,,,,4.0,"Shohei Ohtani grounds out, second baseman Adam Frazier to first baseman Ty France.",R,L,R,SEA,LAA,X,4.0,ground_ball,0,1,2022,0.09,0.44,-0.64,2.27,,,,2,7,Top,163.17,144.48,,,,,3.922741083211089,-131.6389264393724,-2.4811380642269856,0.2501480322486294,25.42344673757665,-26.749773051237327,3.43,1.56,27.0,89.6,-3.0,91.0,2280.0,6.4,662153,663728,664034,624428,553993,641487,608385,672284,664059,54.07,0.268,0.26,0.0,1.0,0.0,0.0,2.0,58,2,Slider,6,3,3,6,3,6,3,6,Infield shift,Standard,130.0,0.007,-0.213,,,0.306,0.213,89.6,3,-3,0.934,0.0659999999999999,23,27,23,28,1,3,1.0,1.0,2.0,2.0,2.33,-0.09,0.09,27.1,,,,,
FC,2022-08-07,85.2,2.29,5.69,"Ohtani, Shohei",660271,594835,field_out,hit_into_play,,,,,4.0,"Shohei Ohtani grounds out, second baseman Adam Frazier to first baseman Ty France.",R,L,L,SEA,LAA,X,4.0,ground_ball,0,1,2022,-0.21,0.67,-0.8,2.33,,,,1,1,Top,148.98,150.06,,,,,-6.843461823678179,-124.11261118319604,-3.094348958797336,-1.2174601989184657,18.518058146883025,-24.78783994418674,3.43,1.56,23.0,87.2,-4.0,86.1,1973.0,6.3,662153,663728,664034,624428,553993,641487,608385,672284,664059,54.23,0.179,0.18,0.0,1.0,0.0,0.0,2.0,2,2,Cutter,0,0,0,0,0,0,0,0,Infield shift,Standard,165.0,0.014,-0.208,,,0.179,0.208,88.0,0,0,0.524,0.476,30,27,30,28,1,0,6.0,1.0,6.0,2.0,2.4,-0.21,-0.21,42.4,,,,,
SL,2022-08-06,82.2,-0.73,6.97,"Ohtani, Shohei",660271,623167,field_out,hit_into_play,,,,,6.0,Shohei Ohtani lines out to left fielder Kyle Lewis.,R,L,R,SEA,LAA,X,7.0,line_drive,2,2,2022,0.69,-0.07,0.53,2.42,,,,1,5,Top,60.33,101.95,,,,,1.5237834692891246,-119.83888843603104,-3.713721124045135,6.445622587768285,20.676254739368975,-32.38011870661208,3.43,1.56,291.0,90.5,25.0,82.0,2437.0,5.8,662193,620443,664034,624428,553993,641487,641786,664059,571745,54.66,0.113,0.125,0.0,1.0,0.0,0.0,3.0,34,7,Slider,0,3,3,0,3,0,3,0,Infield shift,Standard,61.0,0.008,-0.212,,,0.199,0.212,90.5,-3,3,0.177,0.823,27,27,28,28,3,2,7.0,0.0,7.0,1.0,3.4,-0.69,0.69,68.2,,,,,
CH,2022-08-06,85.4,-1.44,5.58,"Ohtani, Shohei",660271,669923,field_out,hit_into_play,,,,,4.0,Shohei Ohtani flies out to center fielder Jarred Kelenic.,R,L,R,SEA,LAA,X,8.0,fly_ball,0,1,2022,-1.3,0.34,-0.78,2.15,,,,1,5,Top,91.86,80.08,,,,,4.214729253801078,-124.32671931975516,-2.5337370729730946,-14.357231158992168,23.257434587014995,-28.348231303289424,3.42,1.54,308.0,88.5,36.0,86.4,1589.0,6.7,662154,663728,664034,624428,553993,641487,608385,672284,571875,53.77,0.021,0.029,0.0,1.0,0.0,0.0,3.0,36,2,Changeup,2,1,1,2,1,2,1,2,Infield shift,Standard,242.0,0.02,-0.208,,,0.047,0.208,88.5,1,-1,0.673,0.3269999999999999,24,27,24,28,3,2,6.0,1.0,6.0,0.0,2.77,1.3,-1.3,29.0,,,,,
CH,2022-08-06,80.5,-0.88,6.8,"Ohtani, Shohei",660271,623167,field_out,hit_into_play,,,,,7.0,Shohei Ohtani lines out sharply to center fielder Sam Haggerty.,R,L,R,SEA,LAA,X,8.0,line_drive,3,2,2022,-0.94,0.7,-0.56,1.7,,621493.0,,0,3,Top,122.15,46.26,,,,,2.4675082215202835,-117.22893541081852,-5.958205858496239,-9.146971531564413,20.435730395363084,-24.878089732955335,3.43,1.56,378.0,102.3,20.0,80.0,1362.0,5.8,662193,620443,664034,624428,553993,641487,641786,664059,571745,54.74,0.3801666666666667,0.5928333333333333,0.0,1.0,0.0,0.0,5.0,17,7,Changeup,0,1,1,0,1,0,1,0,Infield shift,Standard,217.0,0.044,-0.296,,,1.042166666666667,0.296,102.3,-1,1,0.325,0.675,27,27,28,28,2,1,7.0,0.0,7.0,1.0,2.79,0.94,-0.94,64.5,,,,,
FF,2022-08-06,94.8,-1.46,5.97,"Ohtani, Shohei",660271,669923,field_out,hit_into_play,,,,,11.0,Shohei Ohtani flies out sharply to center fielder Jarred Kelenic.,R,L,R,SEA,LAA,X,8.0,fly_ball,0,1,2022,-0.67,1.07,-0.08,3.59,,,621493.0,0,3,Top,92.01,50.63,,,,,5.154423459368898,-138.18699344404817,-3.05577219016314,-9.711217419354185,25.500712335972285,-17.8961889867513,3.42,1.54,377.0,100.6,25.0,96.0,2358.0,6.5,662154,663728,664034,624428,553993,641487,608385,672284,571875,53.99,0.5294999999999999,0.9439999999999998,0.0,1.0,0.0,0.0,6.0,18,2,4-Seam Fastball,0,1,1,0,1,0,1,0,Infield shift,Standard,222.0,0.028,-0.191,,,1.7942857142857134,0.191,100.6,-1,1,0.358,0.642,24,27,24,28,2,1,6.0,1.0,6.0,0.0,1.42,0.67,-0.67,35.3,,,,,
CU,2022-08-06,80.1,3.42,4.86,"Ohtani, Shohei",660271,657514,sac_fly,hit_into_play,,,,,5.0,Shohei Ohtani out on a sacrifice fly to left fielder Kyle Lewis.   Andrew Velazquez scores.,R,L,L,SEA,LAA,X,7.0,fly_ball,0,0,2022,-1.13,-0.01,0.11,2.62,623205.0,642423.0,621493.0,1,9,Top,74.61,110.61,,,,,-5.094289835943553,-116.48894559304158,1.7868916084613755,-9.20376924227093,22.975807159110413,-32.83657934105217,3.43,1.56,255.0,96.6,53.0,78.8,2601.0,5.5,662193,620443,664034,624428,553993,641487,641786,664059,571745,54.99,0.008,0.01,0.0,1.0,0.0,0.0,3.0,70,1,Curveball,1,6,6,1,7,1,7,1,Infield shift,Standard,295.0,-0.001,-0.141,,,0.015,0.141,96.6,-5,5,0.004,0.996,30,27,30,28,1,4,6.0,0.0,,1.0,3.58,-1.13,-1.13,12.4,,,,,
SL,2022-08-06,86.4,-1.34,5.83,"Ohtani, Shohei",660271,669923,field_out,hit_into_play,,,,,5.0,Shohei Ohtani flies out to left fielder Jesse Winker.,R,L,R,SEA,LAA,X,7.0,fly_ball,3,2,2022,1.04,-0.05,0.07,2.63,,,,1,1,Top,70.53,92.81,,,,,1.2499186548906491,-125.98535803994156,-1.3590996744282409,10.9034183917764,24.211399039444352,-32.650767566318514,3.42,1.54,298.0,87.0,35.0,87.3,2354.0,6.6,662154,663728,664034,624428,553993,641487,608385,672284,571875,53.87,0.016,0.014,0.0,1.0,0.0,0.0,3.0,2,7,Slider,0,0,0,0,0,0,0,0,Infield shift,Standard,41.0,0.02,-0.328,,,0.019,0.328,88.0,0,0,0.518,0.482,24,27,24,28,1,0,6.0,1.0,6.0,0.0,3.08,-1.04,1.04,35.7,,,,,
FS,2022-08-05,83.0,-1.21,6.01,"Ohtani, Shohei",660271,657024,single,hit_into_play,,,,,7.0,Shohei Ohtani singles on a ground ball to third baseman Eugenio Suarez.   Taylor Ward to 2nd.,R,L,R,SEA,LAA,X,5.0,ground_ball,1,0,2022,-0.89,0.74,-0.76,1.57,,,621493.0,1,8,Top,98.7,153.86,,,,,2.791013859301569,-120.80540790222518,-5.226788993518618,-9.26171669164209,22.006549243042368,-24.129436063629583,3.41,1.54,4.0,48.2,-23.0,84.1,1231.0,6.8,662164,663728,664034,647351,553993,641487,608385,664059,624428,53.68,0.174,0.166,0.9,1.0,1.0,0.0,1.0,59,2,Split-Finger,0,1,1,0,1,0,1,0,Infield shift,Standard,231.0,-0.032,0.374,,,0.201,-0.374,88.0,-1,1,0.251,0.749,28,27,29,28,1,3,3.0,1.0,1.0,1.0,2.55,0.89,-0.89,46.2,,,,,
FC,2022-08-04,89.0,-1.84,5.93,"Ohtani, Shohei",660271,621112,single,hit_into_play,,,,,6.0,Shohei Ohtani singles on a sharp line drive to center fielder Ramon Laureano. Andrew Velazquez to 2nd.,R,L,R,LAA,ATH,X,8.0,line_drive,1,1,2022,0.42,0.48,0.62,2.12,,,623205.0,1,5,Bot,128.09,76.43,,,,,5.138765347594362,-129.55114425793408,-4.284720969716231,3.63101209400371,28.333078970265618,-26.030059837659824,3.41,1.53,231.0,100.2,14.0,88.7,2460.0,6.2,663374,519390,664913,681146,605353,669397,643393,657656,572039,54.28,0.808,0.81,0.9,1.0,1.0,0.0,4.0,46,3,Cutter,4,8,4,8,8,4,4,8,Infield shift,Strategic,157.0,0.039,0.424,,,1.04,-0.424,100.2,-4,-4,0.124,0.124,28,27,29,28,3,2,5.0,1.0,,1.0,2.4,-0.42,0.42,47.3,,,,,
SL,2022-08-04,79.9,2.44,5.3,"Ohtani, Shohei",660271,669912,home_run,hit_into_play,,,,,14.0,Shohei Ohtani homers (24) on a fly ball to right center field.,R,L,L,LAA,ATH,X,,fly_ball,0,1,2022,-0.7,-0.03,1.53,2.31,,,,2,7,Bot,195.45,53.22,,,,,-0.6946722824985752,-116.477648297783,0.1472319324482875,-6.261901887753263,20.855421770325812,-32.681919901903804,3.41,1.53,399.0,107.1,39.0,80.3,2675.0,6.4,663374,519390,664913,681146,605353,669397,643393,657656,572039,54.13,0.618,1.25975,2.0,1.0,0.0,3.0,6.0,62,2,Slider,5,8,5,8,8,6,6,8,Infield shift,Standard,273.0,0.074,2.638,,,2.46025,-2.638,107.1,-3,-3,0.08,0.08,27,27,28,28,1,3,2.0,1.0,2.0,1.0,3.57,-0.7,-0.7,23.0,,,,,
FF,2022-08-04,94.1,-1.84,6.1,"Ohtani, Shohei",660271,621112,home_run,hit_into_play,,,,,4.0,Shohei Ohtani homers (23) on a fly ball to left center field.,R,L,R,LAA,ATH,X,,fly_ball,1,1,2022,-0.47,1.48,-0.7,2.56,,,,1,1,Bot,63.75,48.23,,,,,3.993370020492957,-136.9017920777721,-6.711008370812358,-6.837474822907363,31.629925619079245,-12.31188412515732,3.41,1.53,403.0,105.7,26.0,93.7,2128.0,6.1,663374,519390,664913,681146,605353,669397,643393,657656,572039,54.35,0.8950384615384613,1.7957692307692308,2.0,1.0,0.0,3.0,6.0,5,3,4-Seam Fastball,0,0,0,0,0,1,1,0,Infield shift,Standard,210.0,0.101,1.595,,,3.5053076923076936,-1.595,105.7,0,0,0.525,0.525,28,27,29,28,1,0,5.0,1.0,,1.0,1.11,0.47,-0.47,49.1,,,,,
FF,2022-08-04,96.5,3.39,5.48,"Ohtani, Shohei",660271,640462,field_out,hit_into_play,,,,,6.0,Shohei Ohtani pops out to shortstop Nick Allen.,R,L,L,LAA,ATH,X,6.0,popup,0,0,2022,0.87,0.88,0.4,2.59,,,545358.0,2,9,Bot,116.17,143.83,,,,,-10.221610358961106,-140.1643919383744,-4.1923596843883075,13.817394519964049,33.06777622502499,-19.827811377418087,3.41,1.53,146.0,57.7,53.0,98.8,2234.0,7.8,663374,519390,664913,681146,605353,669397,643393,621450,657656,52.72,0.032,0.028,0.0,1.0,0.0,0.0,1.0,79,1,4-Seam Fastball,7,8,7,8,8,7,7,8,Strategic,Strategic,127.0,-0.099,-0.26,,,0.032,0.26,88.0,-1,-1,0.099,0.099,27,27,27,28,1,4,1.0,1.0,3.0,1.0,1.59,0.87,0.87,22.5,,,,,
CH,2022-08-03,86.1,-2.79,6.17,"Ohtani, Shohei",660271,621076,field_out,hit_into_play,,,,,4.0,"Shohei Ohtani grounds out, shortstop Elvis Andrus to first baseman Seth Brown.   Magneuris Sierra to 3rd.",R,L,R,LAA,ATH,X,6.0,ground_ball,0,0,2022,-0.46,-0.02,-0.34,2.16,,642423.0,,1,5,Bot,120.21,147.19,,,,,6.71262661731787,-125.28042160594843,-3.210569967640077,-6.238264619192635,25.59731086518629,-31.95432951745828,3.41,1.53,,,,85.5,1252.0,5.9,663375,669221,664913,643393,605353,462101,640461,621450,657656,54.55,,,0.0,,0.0,0.0,,39,1,Changeup,0,1,0,1,1,0,0,1,Infield shift,Standard,245.0,-0.047,-0.26,,,,0.26,,-1,-1,0.445,0.445,28,27,28,28,3,2,5.0,1.0,6.0,1.0,3.1,0.46,-0.46,39.0,,,,,
FF,2022-08-03,95.3,-2.46,6.29,"Ohtani, Shohei",660271,621076,field_out,hit_into_play,,,,,6.0,Shohei Ohtani lines out to third baseman Vimael Machin.,R,L,R,LAA,ATH,X,5.0,line_drive,1,1,2022,-0.28,1.16,0.43,2.8,623205.0,642423.0,,1,3,Bot,104.46,168.38,,,,,8.152407705573879,-138.43503401252053,-6.07007720477492,-5.511263949299083,32.57921992988271,-16.017872123725144,3.41,1.53,100.0,76.4,7.0,94.4,1920.0,6.0,663375,669221,664913,643393,605353,462101,640461,621450,657656,54.54,0.276,0.265,0.0,1.0,0.0,0.0,2.0,21,3,4-Seam Fastball,0,0,0,0,0,0,0,0,Infield shift,Standard,213.0,-0.083,-0.196,,,0.303,0.196,88.0,0,0,0.647,0.647,28,27,28,28,2,1,5.0,1.0,6.0,1.0,1.37,0.28,-0.28,43.2,,,,,
SI,2022-08-02,93.1,1.39,6.27,"Ohtani, Shohei",660271,608344,double,hit_into_play,,,,,6.0,Shohei Ohtani doubles (17) on a line drive to left fielder Chad Pinder.,R,L,L,LAA,ATH,X,7.0,line_drive,1,2,2022,1.1,1.22,0.76,2.17,,,,2,5,Bot,54.24,134.04,,,,,-4.045602759240171,-135.47571529915726,-7.456759299544067,14.43744504597588,29.11206952052764,-15.724642530425315,3.4,1.54,173.0,78.9,16.0,93.4,2131.0,6.4,663376,669221,660650,669397,681146,462101,640461,657656,572039,54.08,0.863,0.826,1.25,1.0,1.0,1.0,4.0,43,5,Sinker,3,1,3,1,1,3,3,1,Infield shift,Strategic,140.0,0.019,0.649,,,0.997,-0.649,88.0,2,2,0.784,0.784,28,27,28,28,3,2,6.0,2.0,6.0,1.0,1.41,1.1,1.1,47.2,,,,,
CH,2022-08-02,84.2,1.53,6.11,"Ohtani, Shohei",660271,608344,field_out,hit_into_play,,,,,6.0,Shohei Ohtani flies out to center fielder Ramon Laureano.,R,L,L,LAA,ATH,X,8.0,fly_ball,1,0,2022,1.15,0.64,0.66,2.38,,,,1,3,Bot,102.02,67.52,,,,,-4.316536088164754,-122.57111485266944,-3.5634665812797772,12.414947458861285,24.837137110021903,-25.242330269995215,3.4,1.54,332.0,95.5,24.0,84.4,1565.0,6.4,663376,669221,660650,669397,681146,462101,640461,657656,572039,54.05,0.174,0.223,0.0,1.0,0.0,0.0,5.0,25,2,Changeup,2,0,2,0,0,2,2,0,Infield shift,Standard,133.0,-0.014,-0.282,,,0.368,0.282,95.5,2,2,0.751,0.751,28,27,28,28,2,1,6.0,2.0,6.0,1.0,2.58,1.15,1.15,43.6,,,,,
SI,2022-08-02,93.9,2.65,5.27,"Ohtani, Shohei",660271,669912,field_out,hit_into_play,,,,,9.0,"Shohei Ohtani grounds out, shortstop Elvis Andrus to first baseman Seth Brown.",R,L,L,LAA,ATH,X,6.0,ground_ball,3,2,2022,1.54,0.51,0.7,1.85,,,,0,8,Bot,146.74,151.18,,,,,-8.402495948809007,-136.42907104741164,-4.21376974187612,21.06131971207388,31.373311010124315,-25.100004654807076,3.4,1.54,11.0,83.3,-9.0,93.4,2381.0,6.2,663376,669221,664913,643393,681146,462101,640461,657656,572039,54.32,0.1,0.098,0.0,1.0,0.0,0.0,2.0,63,7,Sinker,3,1,3,1,1,3,3,1,Infield shift,Standard,121.0,-0.007,-0.333,,,0.108,0.333,88.0,2,2,0.939,0.939,27,27,28,28,1,3,2.0,2.0,2.0,1.0,2.1,1.54,1.54,16.2,,,,,
CU,2022-08-02,78.7,1.82,6.04,"Ohtani, Shohei",660271,608344,field_out,hit_into_play,,,,,4.0,"Shohei Ohtani grounds out sharply, shortstop Elvis Andrus to first baseman Dermis Garcia.",R,L,L,LAA,ATH,X,6.0,ground_ball,1,1,2022,-0.57,-0.38,-0.42,2.52,,,,0,1,Bot,137.94,136.7,,,,,-3.8006187140073937,-114.60304253001756,-0.1351467128334016,-4.365387360643137,20.427056918466405,-35.69243200828075,3.4,1.54,58.0,108.0,1.0,78.8,2078.0,6.3,663376,669221,660650,669397,681146,462101,640461,657656,572039,54.24,0.5,0.459,0.0,1.0,0.0,0.0,4.0,7,3,Curveball,1,0,1,0,0,1,1,0,Infield shift,Standard,322.0,-0.018,-0.236,,,0.54,0.236,108.0,1,1,0.644,0.644,28,27,28,28,1,0,6.0,2.0,6.0,1.0,4.04,-0.57,-0.57,38.4,,,,,
CH,2022-07-31,86.8,-2.44,5.56,"Ohtani, Shohei",660271,641540,single,hit_into_play,,,,,14.0,Shohei Ohtani singles on a ground ball to right fielder Kole Calhoun.,R,L,R,LAA,TEX,X,9.0,ground_ball,1,2,2022,-1.37,0.52,0.5,0.93,,,,1,5,Bot,174.07,102.91,,,,,9.885015313049443,-125.8984089363236,-5.960302930700114,-16.5434171567018,25.12658220004574,-25.59823285882893,3.4,1.53,73.0,103.3,4.0,87.2,1899.0,6.7,663377,641680,663993,518586,677649,543760,609274,665750,594777,53.82,0.555,0.524,0.9,1.0,1.0,0.0,4.0,39,5,Changeup,2,2,2,2,2,2,2,2,Infield shift,Standard,242.0,0.037,0.485,,,0.645,-0.485,103.3,0,0,0.532,0.532,27,27,28,28,3,2,5.0,1.0,6.0,2.0,2.52,1.37,-1.37,34.2,,,,,
CH,2022-07-31,86.9,-2.58,5.54,"Ohtani, Shohei",660271,641540,triple,hit_into_play,,,,,8.0,Shohei Ohtani triples (3) on a sharp line drive to right fielder Kole Calhoun.,R,L,R,LAA,TEX,X,9.0,line_drive,1,0,2022,-1.59,0.57,0.02,1.73,,,,1,1,Bot,198.05,130.71,,,,,9.518763120996772,-126.14459678833045,-4.061576370556375,-18.96394472732043,26.797791014792157,-25.43276824908009,3.4,1.53,246.0,105.0,16.0,86.9,2050.0,6.5,663377,641680,663993,518586,677649,543760,609274,665750,594777,53.99,0.558,0.634,1.6,1.0,1.0,2.0,5.0,7,2,Changeup,0,1,0,1,1,0,0,1,Infield shift,Standard,246.0,0.068,1.101,,,0.963,-1.101,105.0,-1,-1,0.427,0.427,27,27,28,28,1,0,5.0,1.0,6.0,2.0,2.47,1.59,-1.59,30.4,,,,,
ST,2022-07-30,82.2,-1.82,5.94,"Ohtani, Shohei",660271,657248,field_out,hit_into_play,,,,,6.0,Shohei Ohtani flies out to center fielder Adolis Garcia.,R,L,R,LAA,TEX,X,8.0,fly_ball,0,0,2022,1.22,0.19,0.41,2.22,666176.0,,623205.0,2,4,Bot,130.83,64.71,,,,,2.707876185147436,-119.69047102841589,-2.283132850084389,11.200060150148223,23.010975764516772,-30.11501248362182,3.4,1.53,334.0,89.1,33.0,82.9,2519.0,6.7,663378,650619,663993,677649,669701,543760,609274,666969,594777,53.8,0.037,0.041,0.0,1.0,0.0,0.0,3.0,40,1,Sweeper,3,5,3,5,5,3,3,5,Standard,Standard,50.0,-0.062,-0.285,,,0.066,0.285,89.1,-2,-2,0.311,0.311,26,27,26,28,3,2,5.0,1.0,6.0,1.0,3.18,-1.22,1.22,37.9,,,,,
CH,2022-07-30,88.2,-1.56,6.05,"Ohtani, Shohei",660271,657248,home_run,hit_into_play,,,,,9.0,Shohei Ohtani homers (22) on a fly ball to center field.   David Fletcher scores.    Andrew Velazquez scores.,R,L,R,LAA,TEX,X,,fly_ball,1,0,2022,-1.26,0.86,0.75,1.74,,664058.0,623205.0,0,3,Bot,158.47,30.45,,,,,8.350091292948585,-128.07788591321173,-6.226856873199013,-15.60014316964692,26.47948757007935,-21.543324048342296,3.4,1.53,424.0,108.3,33.0,89.2,1846.0,7.0,663378,650619,663993,677649,669701,543760,609274,666969,594777,53.48,0.8955625000000003,1.8208125,2.0,1.0,0.0,3.0,6.0,24,2,Changeup,0,2,0,2,2,3,3,2,Standard,Standard,223.0,0.22,0.933,,,3.5748750000000005,-0.933,108.3,-2,-2,0.449,0.449,26,27,26,28,2,1,5.0,1.0,6.0,1.0,2.08,1.26,-1.26,44.7,,,,,
CH,2022-07-30,91.8,-1.38,6.02,"Ohtani, Shohei",660271,600917,field_out,hit_into_play,,,,,4.0,Shohei Ohtani flies out to center fielder Adolis Garcia.,R,L,R,LAA,TEX,X,8.0,fly_ball,3,2,2022,-1.04,0.96,-0.6,2.24,,,623205.0,2,6,Bot,128.35,60.64,,,,,4.154207571469337,-133.58698139029755,-5.748352696798936,-13.30889197120512,27.317462382118777,-19.631958322086863,3.4,1.53,344.0,90.7,26.0,90.7,2197.0,5.5,663378,650619,663993,677649,669701,543760,609274,666969,594777,55.02,0.132,0.179,0.0,1.0,0.0,0.0,3.0,57,7,Changeup,4,7,4,7,7,4,4,7,Infield shift,Standard,212.0,-0.028,-0.305,,,0.281,0.305,90.7,-3,-3,0.135,0.135,28,27,29,28,1,3,5.0,1.0,2.0,1.0,1.73,1.04,-1.04,41.5,,,,,
SI,2022-07-30,91.0,-1.53,6.04,"Ohtani, Shohei",660271,657248,field_out,hit_into_play,,,,,2.0,Shohei Ohtani flies out to left fielder Elier Hernandez.,R,L,R,LAA,TEX,X,7.0,fly_ball,0,0,2022,-0.94,0.8,-0.15,2.92,,,,0,1,Bot,50.4,105.68,,,,,5.516856831997215,-132.4562382551661,-3.7047595531782704,-12.183762053299708,27.54744582934896,-22.108248554148563,3.4,1.53,297.0,88.9,44.0,92.1,2312.0,6.9,663378,650619,663993,677649,669701,543760,609274,666969,594777,53.64,0.005,0.005,0.0,1.0,0.0,0.0,3.0,4,1,Sinker,0,0,0,0,0,0,0,0,Infield shift,Standard,205.0,-0.022,-0.247,,,0.005,0.247,88.9,0,0,0.548,0.548,26,27,26,28,1,0,5.0,1.0,6.0,1.0,1.94,0.94,-0.94,44.8,,,,,
SL,2022-07-29,83.7,1.19,5.33,"Ohtani, Shohei",660271,527048,field_out,hit_into_play,,,,,7.0,Shohei Ohtani flies out to left fielder Elier Hernandez.,R,L,L,LAA,TEX,X,7.0,fly_ball,1,2,2022,-0.41,-0.15,-0.75,2.02,,669016.0,664058.0,1,6,Bot,62.24,90.36,,,,,-3.6456172925144754,-121.83261522305877,-0.9363150411729768,-3.3635947628336993,24.13661927038344,-33.71075405471485,3.4,1.53,312.0,92.0,34.0,83.3,2534.0,6.0,663379,641680,663993,518586,677649,543760,609274,665750,666969,54.49,0.047,0.078,0.0,1.0,0.0,0.0,3.0,45,6,Slider,0,2,0,2,2,0,0,2,Standard,Standard,245.0,-0.056,-0.166,,,0.141,0.166,92.0,-2,-2,0.31,0.31,31,27,31,28,3,2,5.0,1.0,5.0,1.0,3.4,-0.41,-0.41,37.8,,,,,
KC,2022-07-29,84.7,1.35,6.51,"Ohtani, Shohei",660271,519043,field_out,hit_into_play,,,,,2.0,"Shohei Ohtani grounds out, third baseman Josh H.   Smith to first baseman Nathaniel Lowe.",R,L,L,LAA,TEX,X,5.0,ground_ball,1,2,2022,-0.04,-0.82,0.22,3.27,,,,2,8,Bot,139.39,169.15,,,,,-2.5746671916110957,-123.38622048551665,0.4275697063899524,0.1447534882224552,26.03505777830048,-40.798618818267,3.4,1.53,37.0,70.2,-1.0,84.4,2395.0,6.2,663379,641680,663993,677649,669701,543760,609274,665750,666969,54.32,0.121,0.113,0.0,1.0,0.0,0.0,2.0,61,5,Knuckle Curve,1,2,1,2,2,1,1,2,Infield shift,Strategic,331.0,-0.024,-0.181,,,0.143,0.181,88.0,-1,-1,0.189,0.189,33,27,33,28,1,3,1.0,1.0,5.0,1.0,4.0,-0.04,-0.04,49.7,,,,,
SI,2022-07-29,94.4,1.0,5.64,"Ohtani, Shohei",660271,527048,field_out,hit_into_play,,,,,5.0,"Shohei Ohtani grounds out, third baseman Ezequiel Duran to first baseman Nathaniel Lowe.",R,L,L,LAA,TEX,X,5.0,ground_ball,3,2,2022,1.34,0.73,-0.04,2.62,,,,1,1,Bot,141.17,152.03,,,,,-5.65021879878757,-137.39981245033658,-3.802733422646408,18.194729609622247,30.18261330786332,-22.25480795373353,3.4,1.53,4.0,79.4,-34.0,94.1,2044.0,6.1,663379,641680,663993,518586,677649,543760,609274,665750,666969,54.44,0.058,0.067,0.0,1.0,0.0,0.0,2.0,5,6,Sinker,0,0,0,0,0,0,0,0,Infield shift,Standard,132.0,-0.02,-0.328,,,0.058,0.328,88.0,0,0,0.53,0.53,31,27,31,28,1,0,5.0,1.0,5.0,1.0,1.82,1.34,1.34,41.6,,,,,
SL,2022-07-28,85.3,-1.97,6.29,"Ohtani, Shohei",660271,675921,field_out,hit_into_play,,,,,8.0,"Shohei Ohtani grounds out, second baseman Marcus Semien to first baseman Nathaniel Lowe.   David Fletcher to 3rd.",R,L,R,LAA,TEX,X,4.0,ground_ball,0,0,2022,0.58,0.19,-0.23,1.83,,664058.0,,1,3,Bot,160.63,149.05,,,,,2.933975423653195,-124.1122560996203,-4.5433463055040715,5.359644103334071,25.657715407258564,-29.465066413802855,3.4,1.53,4.0,94.2,-24.0,85.1,2128.0,6.2,663380,641680,663993,543760,677649,608369,669701,665750,594777,54.27,0.095,0.094,0.0,1.0,0.0,0.0,2.0,22,1,Slider,0,0,0,0,0,0,0,0,Infield shift,Standard,156.0,-0.034,-0.26,,,0.101,0.26,94.2,0,0,0.577,0.577,25,27,26,28,2,1,6.0,1.0,5.0,1.0,2.95,-0.58,0.58,42.3,,,,,
CU,2022-07-28,80.6,-0.74,5.47,"Ohtani, Shohei",660271,456713,field_out,hit_into_play,,,,,6.0,Shohei Ohtani flies out to right fielder Kole Calhoun.,R,L,R,LAA,TEX,X,9.0,fly_ball,1,0,2022,0.66,-0.46,0.6,2.39,,,,2,8,Bot,181.93,92.77,,,,,1.7152627770507245,-117.31874267878833,0.7531891136539921,5.72336476886057,24.55441471991133,-36.75088885915599,3.4,1.53,321.0,99.0,46.0,80.3,2461.0,6.3,663380,641680,663993,669701,677649,543760,609274,665750,594777,54.19,0.016,0.023,0.0,1.0,0.0,0.0,3.0,60,2,Curveball,0,2,0,2,2,0,0,2,Infield shift,Standard,53.0,-0.02,-0.296,,,0.044,0.296,99.0,-2,-2,0.096,0.096,36,27,36,28,1,3,2.0,1.0,1.0,1.0,3.99,-0.66,0.66,50.6,,,,,
SL,2022-07-28,89.2,1.71,6.38,"Ohtani, Shohei",660271,656271,field_out,hit_into_play,,,,,4.0,Shohei Ohtani flies out to center fielder Leody Taveras.,R,L,L,LAA,TEX,X,8.0,fly_ball,1,1,2022,0.04,0.72,-0.56,2.65,,,,0,6,Bot,112.23,47.84,,,,,-5.725201662905429,-129.8235915031513,-4.715911707995507,1.5724045416185883,25.804907426059675,-23.273721879038252,3.4,1.53,375.0,98.6,35.0,90.3,2086.0,6.8,663380,641680,663993,669701,677649,543760,609274,665750,594777,53.69,0.3194,0.6385333333333333,0.0,1.0,0.0,0.0,5.0,44,3,Slider,0,2,0,2,2,0,0,2,Infield shift,Standard,153.0,-0.033,-0.236,,,1.2489333333333337,0.236,98.6,-2,-2,0.258,0.258,25,27,26,28,1,2,3.0,1.0,3.0,1.0,2.13,0.04,0.04,41.7,,,,,
SL,2022-07-28,85.3,-2.03,6.27,"Ohtani, Shohei",660271,675921,field_out,hit_into_play,,,,,14.0,Shohei Ohtani grounds out to first baseman Nathaniel Lowe.,R,L,R,LAA,TEX,X,3.0,ground_ball,0,2,2022,0.8,-0.15,0.24,1.13,,,,0,1,Bot,156.58,167.3,,,,,3.7362102778194624,-123.93164243940674,-5.308517074966922,7.200542232027215,30.55682960661743,-32.6218161461451,3.41,1.54,2.0,101.9,-30.0,84.5,2134.0,6.4,663380,641680,663993,543760,677649,608369,669701,665750,594777,54.12,0.121,0.119,0.0,1.0,0.0,0.0,2.0,7,3,Slider,0,0,0,0,0,0,0,0,Infield shift,Standard,129.0,-0.014,-0.157,,,0.127,0.157,101.9,0,0,0.54,0.54,25,27,26,28,1,0,6.0,1.0,5.0,1.0,3.35,-0.8,0.8,44.5,,,,,
FF,2022-07-27,100.0,-1.97,5.9,"Ohtani, Shohei",660271,669395,single,hit_into_play,,,,,14.0,Shohei Ohtani singles on a ground ball to center fielder Michael A.   Taylor.   Andrew Velazquez scores.,R,L,R,KC,LAA,X,8.0,ground_ball,0,0,2022,-0.57,1.23,0.86,1.61,623205.0,,,0,7,Top,138.0,109.96,,,,,9.150272359551176,-145.3124570356286,-9.460129132925632,-9.948482452427546,28.275828524002065,-12.82076173998215,3.4,1.56,38.0,86.7,1.0,100.9,2514.0,6.5,662652,595956,656811,593160,656896,670032,664728,572191,669004,54.0,0.274,0.271,0.9,1.0,1.0,0.0,2.0,52,1,4-Seam Fastball,0,3,3,0,4,0,4,0,Strategic,Strategic,222.0,-0.017,0.392,,,0.283,-0.392,88.0,-3,3,0.068,0.932,25,27,26,28,1,3,3.0,1.0,1.0,1.0,1.03,0.57,-0.57,33.0,,,,,
FF,2022-07-27,97.7,-1.38,6.28,"Ohtani, Shohei",660271,641745,field_out,hit_into_play,,,,,9.0,"Shohei Ohtani grounds out, shortstop Nicky Lopez to first baseman Ryan O'Hearn.",R,L,R,KC,LAA,X,6.0,ground_ball,1,2,2022,0.35,1.12,0.45,1.84,,,,0,1,Top,128.05,186.93,,,,,4.116296975939555,-142.0546289424855,-8.969743089445698,3.771117625226771,33.73990253295219,-15.10069023070444,3.4,1.56,41.0,101.1,0.0,97.0,2411.0,6.0,662652,595956,656811,593160,656896,670032,664728,572191,669004,54.46,0.432,0.388,0.0,1.0,0.0,0.0,4.0,1,4,4-Seam Fastball,0,0,0,0,0,0,0,0,Infield shift,Strategic,195.0,0.016,-0.176,,,0.451,0.176,101.1,0,0,0.506,0.494,26,27,27,28,1,0,5.0,1.0,6.0,1.0,1.28,-0.35,0.35,49.2,,,,,
FF,2022-07-26,94.6,2.42,5.3,"Ohtani, Shohei",660271,672582,home_run,hit_into_play,,,,,4.0,Shohei Ohtani homers (21) on a fly ball to center field.,R,L,L,KC,LAA,X,,fly_ball,2,1,2022,0.64,1.15,-0.36,2.28,,,,1,3,Top,111.34,29.7,,,,,-8.574781601698982,-137.5836483655861,-4.7265014726852925,9.906984282727503,28.620106663805377,-16.658924760450102,3.4,1.57,420.0,109.6,33.0,93.7,2137.0,5.7,662653,669004,668472,593160,656896,670032,643217,572191,641531,54.84,0.92,1.8747142857142856,2.0,1.0,0.0,3.0,6.0,17,4,4-Seam Fastball,0,0,0,0,1,0,1,0,Infield shift,Standard,137.0,-0.112,1.543,,,3.6738571428571425,-1.543,109.6,0,0,0.522,0.478,22,27,23,28,2,1,12.0,1.0,,1.0,1.39,0.64,0.64,28.7,,,,,
SL,2022-07-26,87.5,2.6,5.45,"Ohtani, Shohei",660271,607237,field_out,hit_into_play,,,,,13.0,Shohei Ohtani flies out to center fielder Michael A.   Taylor.,R,L,L,KC,LAA,X,8.0,fly_ball,3,2,2022,-0.2,0.63,-0.2,1.07,594838.0,,642423.0,1,5,Top,110.7,109.64,,,,,-6.358879327023969,-127.14914180066468,-5.692238009862071,-0.7196173796202966,28.37463841249675,-24.34507099061375,3.4,1.57,228.0,76.9,51.0,87.5,1916.0,6.6,662653,669004,668472,593160,656896,670032,643217,572191,641531,53.93,0.074,0.083,0.0,1.0,0.0,0.0,3.0,33,7,Slider,0,1,1,0,1,0,1,0,Infield shift,Standard,137.0,0.076,-0.178,,,0.113,0.178,88.0,-1,1,0.286,0.714,30,27,30,28,1,2,1.0,1.0,4.0,1.0,2.38,-0.2,-0.2,29.2,,,,,
FF,2022-07-25,89.5,-2.36,6.03,"Ohtani, Shohei",660271,425844,force_out,hit_into_play,,,,,13.0,"Shohei Ohtani grounds into a force out, first baseman Nick Pratto to catcher MJ Melendez. Phil Gosselin out at home. Brandon Marsh to 3rd. Andrew Velazquez to 2nd. Shohei Ohtani to 1st.",R,L,R,KC,LAA,X,3.0,ground_ball,0,1,2022,-0.26,1.31,-0.95,2.38,594838.0,669016.0,623205.0,1,5,Top,145.17,176.86,,,,,4.014335620530383,-130.3161222971936,-5.83978695808603,-3.739775545948899,23.39455011617992,-16.181651039902793,3.41,1.57,4.0,88.8,-32.0,89.7,2295.0,6.1,662655,669004,668472,593160,656896,670032,643217,572191,641531,54.42,0.061,0.06,0.0,1.0,0.0,0.0,2.0,37,2,4-Seam Fastball,0,0,0,0,0,0,0,0,Infield shift,Standard,203.0,0.083,-0.284,,,0.075,0.284,88.8,0,0,0.386,0.614,38,27,39,28,3,2,10.0,1.0,6.0,1.0,1.5,0.26,-0.26,,,,,,
CH,2022-07-25,86.4,-2.13,6.1,"Ohtani, Shohei",660271,425844,double,hit_into_play,,,,,8.0,Shohei Ohtani doubles (16) on a sharp line drive to right fielder Hunter Dozier.,R,L,R,KC,LAA,X,9.0,line_drive,2,1,2022,-1.26,0.32,-0.08,2.12,,,,2,3,Top,198.68,107.97,,,,,7.380252808889053,-125.61222709619985,-3.940261024834365,-14.821274153951627,22.995603880954288,-28.172807698697817,3.41,1.57,217.0,101.6,15.0,86.0,1812.0,5.9,662655,669004,668472,593160,656896,670032,643217,572191,641531,54.61,0.658,0.68,1.25,1.0,1.0,1.0,4.0,19,4,Changeup,0,0,0,0,0,0,0,0,Infield shift,Standard,230.0,-0.024,0.534,,,0.925,-0.534,101.6,0,0,0.542,0.4579999999999999,38,27,39,28,2,1,10.0,1.0,6.0,1.0,2.71,1.26,-1.26,39.9,,,,,
SL,2022-07-25,83.7,-2.42,4.99,"Ohtani, Shohei",660271,605130,field_out,hit_into_play,,,,,13.0,Shohei Ohtani flies out to left fielder Andrew Benintendi.,R,L,R,KC,LAA,X,7.0,fly_ball,0,2,2022,0.85,-0.09,-1.03,1.79,,,,1,8,Top,58.27,92.0,,,,,1.5597188123962669,-122.01659880264832,-0.8080426964366725,8.203811911638356,23.913113953692484,-33.085548264073694,3.41,1.57,313.0,88.6,35.0,84.6,2560.0,6.8,662655,669004,668472,593160,656896,670032,643217,572191,664728,53.74,0.024,0.026,0.0,1.0,0.0,0.0,3.0,65,4,Slider,5,0,0,5,0,5,0,5,Infield shift,Standard,82.0,0.002,-0.159,,,0.044,0.159,88.6,5,-5,0.991,0.009,29,27,30,28,1,3,2.0,1.0,3.0,1.0,3.33,-0.85,0.85,22.7,,,,,
FF,2022-07-24,95.0,-1.56,6.45,"Ohtani, Shohei",660271,666120,field_out,hit_into_play,,,,,6.0,Shohei Ohtani lines out to shortstop Dansby Swanson.,R,L,R,ATL,LAA,X,6.0,line_drive,0,1,2022,-0.43,1.3,0.54,2.62,,669016.0,623205.0,2,1,Top,109.19,128.32,,,,,6.520881302698418,-138.14095155859974,-7.416973658149505,-6.783593035128753,26.6706748368523,-14.103387648435486,3.41,1.59,186.0,82.7,14.0,96.5,1773.0,6.9,661502,661388,621566,606115,663586,621020,628338,671739,660670,53.62,0.842,0.806,0.0,1.0,0.0,0.0,4.0,10,2,4-Seam Fastball,0,5,5,0,5,0,5,0,Standard,Standard,205.0,0.014,-0.241,,,0.979,0.241,88.0,-5,5,0.126,0.874,24,27,24,28,2,1,9.0,1.0,6.0,1.0,1.2,0.43,-0.43,56.5,,,,,
FF,2022-07-24,93.6,-0.67,6.26,"Ohtani, Shohei",660271,623451,field_out,hit_into_play,,,,,3.0,Shohei Ohtani pops out to third baseman Austin Riley.,R,L,R,ATL,LAA,X,5.0,popup,0,1,2022,-0.79,1.21,0.47,2.93,,,669016.0,2,5,Top,105.21,163.79,,,,,4.627416159161632,-136.27463459065336,-5.4939349857826025,-10.86233304510581,29.494074118991037,-16.065587236184626,3.41,1.59,133.0,81.2,68.0,92.8,2200.0,5.7,661502,661388,621566,606115,663586,621020,628338,671739,660670,54.78,0.001,0.0,0.0,1.0,0.0,0.0,3.0,44,2,4-Seam Fastball,0,8,8,0,8,0,8,0,Standard,Standard,224.0,0.001,-0.218,,,0.001,0.218,88.0,-8,8,0.014,0.986,28,27,28,28,1,3,2.0,1.0,9.0,1.0,1.38,0.79,-0.79,41.2,,,,,
FF,2022-07-24,94.9,-1.43,6.5,"Ohtani, Shohei",660271,666120,field_out,hit_into_play,,,,,3.0,Shohei Ohtani flies out to left fielder Guillermo Heredia.,R,L,R,ATL,LAA,X,7.0,fly_ball,3,2,2022,-0.51,1.27,0.33,3.43,,,,0,1,Top,78.6,61.99,,,,,5.819580635170845,-138.17053534780155,-5.321702270452388,-7.760301792140257,28.696843541828756,-14.900338162839503,3.41,1.59,359.0,97.0,34.0,96.3,1938.0,6.9,661502,661388,621566,606115,663586,621020,628338,671739,660670,53.59,0.2056,0.4024,0.0,1.0,0.0,0.0,5.0,1,7,4-Seam Fastball,0,0,0,0,0,0,0,0,Standard,Standard,202.0,0.027,-0.333,,,0.7946,0.333,97.0,0,0,0.495,0.505,24,27,24,28,1,0,9.0,1.0,6.0,1.0,1.24,0.51,-0.51,59.3,,,,,
ST,2022-07-24,81.1,-2.48,5.14,"Ohtani, Shohei",660271,543521,field_out,hit_into_play,,,,,13.0,"Shohei Ohtani grounds out, first baseman Matt Olson to pitcher Collin McHugh.",R,L,R,ATL,LAA,X,3.0,ground_ball,1,2,2022,1.68,0.01,-0.25,1.4,666176.0,669016.0,,2,7,Top,163.38,167.43,,,,,1.806872176640891,-118.24493604200978,-1.8164559501753763,15.46951952663932,21.23114821629005,-31.928335149314275,3.41,1.59,4.0,85.6,-17.0,81.7,2969.0,6.5,661502,661388,621566,606115,663586,621020,628338,671739,660670,54.03,0.097,0.091,0.0,1.0,0.0,0.0,2.0,60,4,Sweeper,0,8,8,0,8,0,8,0,Standard,Standard,48.0,0.001,-0.202,,,0.118,0.202,88.0,-8,8,0.004,0.996,35,27,35,28,1,4,9.0,1.0,2.0,1.0,3.42,-1.68,1.68,16.9,,,,,
CH,2022-07-23,87.7,-1.8,5.71,"Ohtani, Shohei",660271,657140,home_run,hit_into_play,,,,,8.0,Shohei Ohtani homers (20) on a fly ball to right field.,R,L,R,ATL,LAA,X,,fly_ball,2,2,2022,-1.17,0.49,0.08,1.77,,,,1,5,Top,222.89,88.76,,,,,6.9840426916307425,-127.56423923642912,-4.463973639160942,-14.182781059788514,24.158350709316196,-26.123065396782124,3.4,1.59,361.0,110.2,22.0,88.4,1728.0,6.5,661503,518595,621566,606115,663586,621020,628338,671739,660670,53.96,0.9271153846153848,1.8043846153846157,2.0,1.0,0.0,3.0,6.0,42,5,Changeup,7,1,1,7,2,7,2,7,Standard,Standard,255.0,-0.022,1.616,,,3.486538461538461,-1.616,110.2,6,-6,0.971,0.029,26,27,27,28,3,2,9.0,1.0,6.0,1.0,2.46,1.17,-1.17,25.9,,,,,
FF,2022-07-23,95.4,-1.66,5.6,"Ohtani, Shohei",660271,657140,single,hit_into_play,,,,,6.0,Shohei Ohtani singles on a sharp ground ball to right fielder Ronald Acuna Jr.,R,L,R,ATL,LAA,X,9.0,ground_ball,0,2,2022,-0.86,1.0,0.74,2.67,,,,2,3,Top,182.57,97.74,,,,,8.281963890781116,-138.72227073962168,-4.407783926109345,-12.850925061649304,27.885246811384807,-18.374255652962276,3.4,1.59,88.0,105.7,4.0,96.3,2457.0,6.6,661503,518595,621566,606115,663586,621020,628338,671739,660670,53.91,0.608,0.584,0.9,1.0,1.0,0.0,4.0,21,3,4-Seam Fastball,2,0,0,2,0,2,0,2,Standard,Standard,237.0,-0.017,0.408,,,0.703,-0.408,105.7,2,-2,0.758,0.242,26,27,27,28,2,1,9.0,1.0,6.0,1.0,1.48,0.86,-0.86,28.2,,,,,
FF,2022-07-23,93.2,1.39,6.41,"Ohtani, Shohei",660271,554431,field_out,hit_into_play,,,,,7.0,Shohei Ohtani flies out to left fielder Guillermo Heredia.,R,L,L,ATL,LAA,X,7.0,fly_ball,2,0,2022,0.4,1.4,-0.42,1.96,,,,2,7,Top,50.45,113.84,,,,,-5.544254484373962,-135.43549458493578,-8.766335840813994,6.153035138071335,28.37012400553759,-13.224349023667097,3.4,1.59,281.0,95.6,51.0,93.4,2464.0,6.4,661503,518595,621566,606115,663586,621020,628338,671739,660670,54.1,0.005,0.005,0.0,1.0,0.0,0.0,3.0,57,3,4-Seam Fastball,7,2,2,7,2,7,2,7,Standard,Standard,166.0,0.004,-0.355,,,0.008,0.355,95.6,5,-5,0.982,0.018,31,27,32,28,1,3,6.0,1.0,4.0,1.0,1.22,0.4,0.4,52.9,,,,,
FF,2022-07-23,94.8,-1.81,5.76,"Ohtani, Shohei",660271,657140,field_out,hit_into_play,,,,,9.0,"Shohei Ohtani grounds out, first baseman Matt Olson to pitcher Kyle Wright.",R,L,R,ATL,LAA,X,3.0,ground_ball,3,1,2022,-1.05,0.73,0.56,2.08,,,,0,1,Top,160.15,164.4,,,,,8.563670849775066,-137.79664761792208,-5.622395796916012,-15.18571109665724,27.1288199142374,-21.87971403786179,3.4,1.59,42.0,105.3,0.0,95.6,2370.0,6.6,661503,518595,621566,606115,663586,621020,594807,671739,660670,53.94,0.476,0.432,0.0,1.0,0.0,0.0,4.0,1,5,4-Seam Fastball,0,0,0,0,0,0,0,0,Standard,Standard,234.0,0.036,-0.418,,,0.516,0.418,105.3,0,0,0.486,0.514,26,27,27,28,1,0,9.0,1.0,6.0,1.0,1.79,1.05,-1.05,27.9,,,,,
FF,2022-07-22,96.6,-2.5,5.62,"Ohtani, Shohei",660271,450203,field_out,hit_into_play,,,,,5.0,"Shohei Ohtani grounds out, shortstop Dansby Swanson to first baseman Matt Olson.",R,L,R,ATL,LAA,X,6.0,ground_ball,1,2,2022,-0.79,1.09,-0.11,2.82,,,,0,1,Top,105.82,151.07,,,,,8.166125515087387,-140.43072506707455,-4.397248820850616,-12.28523359393668,30.600302421037224,-16.90030733679699,3.4,1.59,42.0,83.7,-1.0,96.5,2286.0,6.2,661504,518595,621566,429664,663586,621020,592696,671739,660670,54.31,0.184,0.183,0.0,1.0,0.0,0.0,2.0,1,4,4-Seam Fastball,0,0,0,0,0,0,0,0,Infield shift,Strategic,235.0,0.016,-0.176,,,0.195,0.176,88.0,0,0,0.506,0.494,38,27,39,28,1,0,9.0,6.0,5.0,1.0,1.35,0.79,-0.79,22.0,,,,,
SV,2022-07-16,80.6,1.77,5.96,"Ohtani, Shohei",660271,628711,single,hit_into_play,,,,,3.0,Shohei Ohtani singles on a sharp line drive to right fielder Zach McKinstry. Luis Rengifo to 3rd.,R,L,L,LAA,LAD,X,9.0,line_drive,0,0,2022,-0.84,-0.05,0.6,3.02,,,650859.0,0,6,Bot,196.61,105.38,,,,,-0.991691465730548,-117.35304134644952,0.2244363876624968,-7.55983612038521,23.236312270232695,-32.87298394446567,3.39,1.59,205.0,103.0,14.0,79.8,2854.0,5.8,663415,669257,518692,666158,571970,607208,571875,641355,656716,54.68,0.761,0.794,0.9,1.0,1.0,0.0,4.0,48,1,Slurve,0,7,0,7,7,0,0,7,Infield shift,Standard,293.0,0.021,0.455,,,1.088,-0.455,103.0,-7,-7,0.027,0.027,25,27,26,28,3,2,6.0,1.0,7.0,6.0,3.56,-0.84,-0.84,44.7,,,,,
FF,2022-07-16,95.3,1.22,6.05,"Ohtani, Shohei",660271,628711,field_error,hit_into_play,,,,,1.0,Shohei Ohtani reaches on a fielding error by first baseman Freddie Freeman. Luis Rengifo to 3rd.,R,L,L,LAA,LAD,X,3.0,popup,0,0,2022,0.14,1.5,-0.78,3.11,,,650859.0,2,3,Bot,139.71,183.53,,,,,-5.49685329209208,-138.60642069902775,-5.408173399044853,3.053890708968404,31.970971661114746,-11.791622877682125,3.39,1.59,54.0,90.7,79.0,94.3,2585.0,5.8,663415,669257,518692,666158,571970,607208,572204,641355,605141,54.7,0.011,0.011,0.9,1.0,0.0,0.0,3.0,27,1,4-Seam Fastball,0,6,0,6,6,0,0,6,Infield shift,Standard,153.0,0.012,0.403,,,0.012,-0.403,90.7,-6,-6,0.059,0.059,25,27,26,28,2,1,6.0,1.0,7.0,6.0,1.02,0.14,0.14,43.7,,,,,
FF,2022-07-16,93.6,2.84,5.59,"Ohtani, Shohei",660271,628711,field_out,hit_into_play,,,,,12.0,Shohei Ohtani pops out to shortstop Trea Turner.,R,L,L,LAA,LAD,X,6.0,popup,0,1,2022,0.97,1.2,1.05,3.34,,,650859.0,0,1,Bot,104.58,141.13,,,,,-6.646831994968002,-136.20481358205816,-2.64977898555452,13.521225505279189,29.99944613508759,-16.90944690086814,3.39,1.59,179.0,67.3,51.0,92.3,2565.0,5.5,663415,669257,518692,666158,571970,607208,572204,641355,605141,55.01,0.134,0.122,0.0,1.0,0.0,0.0,3.0,6,2,4-Seam Fastball,0,1,0,1,1,0,0,1,Infield shift,Standard,141.0,-0.031,-0.191,,,0.154,0.191,88.0,-1,-1,0.481,0.481,25,27,26,28,1,0,6.0,1.0,7.0,6.0,1.41,0.97,0.97,24.8,,,,,
FF,2022-07-16,93.3,2.4,5.73,"Ohtani, Shohei",660271,657571,single,hit_into_play,,,,,8.0,Shohei Ohtani singles on a ground ball to right fielder Zach McKinstry.,R,L,L,LAA,LAD,X,9.0,ground_ball,0,0,2022,0.53,1.42,-0.09,2.03,,,,1,8,Bot,167.57,108.42,,,,,-7.567663443494935,-135.667146513439,-6.906654789771701,8.199102526556741,28.369596375420585,-13.300395922534618,3.39,1.59,48.0,107.0,0.0,93.4,2246.0,6.3,663415,669257,518692,593643,571970,666158,571875,641355,656716,54.21,0.5,0.471,0.9,1.0,1.0,0.0,4.0,63,1,4-Seam Fastball,1,7,1,7,7,1,1,7,Infield shift,Standard,140.0,0.004,0.415,,,0.551,-0.415,107.0,-6,-6,0.006,0.006,25,27,26,28,1,3,3.0,1.0,5.0,6.0,1.19,0.53,0.53,35.5,,,,,
SL,2022-07-15,86.6,1.45,6.14,"Ohtani, Shohei",660271,477132,field_out,hit_into_play,,,,,13.0,"Shohei Ohtani grounds out, third baseman Justin Turner to first baseman Freddie Freeman.",R,L,L,LAA,LAD,X,5.0,ground_ball,0,2,2022,-0.52,0.42,-1.04,1.67,,,,1,4,Bot,141.36,146.05,,,,,-4.907990681622721,-126.02705281252308,-5.3832086884732355,-4.58111369616705,24.309573711855947,-26.80213492153527,3.42,1.6,6.0,81.0,-16.0,87.0,2732.0,6.4,663385,605131,518692,593643,457759,607208,666158,572204,605141,54.11,0.068,0.073,0.0,1.0,0.0,0.0,2.0,30,3,Slider,0,2,0,2,2,0,0,2,Infield shift,Standard,222.0,-0.013,-0.159,,,0.068,0.159,88.0,-2,-2,0.275,0.275,34,27,34,28,2,1,6.0,1.0,9.0,1.0,2.6,-0.52,-0.52,55.7,,,,,
FF,2022-07-15,94.3,-2.3,5.44,"Ohtani, Shohei",660271,606625,field_out,hit_into_play,,,,,7.0,"Shohei Ohtani grounds out sharply, third baseman Justin Turner to first baseman Freddie Freeman.",R,L,R,LAA,LAD,X,5.0,ground_ball,2,0,2022,-0.38,1.35,-0.44,1.94,,,,2,9,Bot,138.3,143.36,,,,,5.667597323469469,-137.14578125543952,-6.410893845460845,-5.991062913473093,29.55295752988751,-13.880078252794169,3.42,1.6,19.0,106.3,-4.0,94.5,2314.0,6.4,663385,605131,518692,593643,457759,607208,572204,641355,605141,54.14,0.413,0.392,0.0,1.0,0.0,0.0,2.0,74,3,4-Seam Fastball,1,9,1,9,9,1,1,9,Infield shift,Standard,213.0,-0.001,-0.355,,,0.481,0.355,106.3,-8,-8,0.001,0.001,29,27,29,28,1,3,11.0,1.0,8.0,1.0,1.21,0.38,-0.38,34.2,,,,,
SL,2022-07-14,84.3,0.96,5.9,"Ohtani, Shohei",660271,664285,field_out,hit_into_play,,,,,7.0,"Shohei Ohtani grounds out, shortstop Jeremy Pena to first baseman Yuli Gurriel.",R,L,L,LAA,HOU,X,6.0,ground_ball,0,0,2022,-0.21,-0.11,-0.41,2.08,,,,2,6,Bot,143.76,144.75,,,,,-2.751681999783789,-122.72606727513646,-2.2950240440574268,-1.5388121447425087,24.292173194748948,-33.03891300312362,3.42,1.6,11.0,65.8,-9.0,83.6,2674.0,5.8,663386,455117,493329,643289,608324,665161,642350,676694,663656,54.69,0.071,0.075,0.0,1.0,0.0,0.0,2.0,54,1,Slider,2,2,2,2,2,2,2,2,Infield shift,Standard,327.0,-0.017,-0.256,,,0.073,0.256,88.0,0,0,0.517,0.517,28,27,29,28,4,3,5.0,1.0,10.0,1.0,3.31,-0.21,-0.21,37.4,,,,,
SI,2022-07-14,95.5,0.65,6.14,"Ohtani, Shohei",660271,664285,single,hit_into_play,,,,,6.0,Shohei Ohtani singles on a line drive to left fielder Jose Siri.,R,L,L,LAA,HOU,X,7.0,line_drive,3,2,2022,1.29,0.25,0.48,2.84,,,,1,3,Bot,63.92,111.05,,,,,-3.332535012559364,-138.9433503190958,-3.5358048375578077,17.438169064305374,35.04739626631948,-28.285417270375497,3.42,1.6,190.0,89.5,12.0,94.3,2091.0,5.9,663386,455117,493329,643289,608324,665161,642350,676694,663656,54.63,0.792,0.755,0.9,1.0,1.0,0.0,4.0,25,6,Sinker,0,2,0,2,2,0,0,2,Infield shift,Standard,140.0,0.026,0.334,,,0.915,-0.334,89.5,-2,-2,0.305,0.305,28,27,29,28,2,1,5.0,1.0,10.0,1.0,2.27,1.29,1.29,43.2,,,,,
SL,2022-07-14,84.8,1.16,6.0,"Ohtani, Shohei",660271,664285,field_out,hit_into_play,,,,,4.0,"Shohei Ohtani grounds out, second baseman Mauricio Dubon to first baseman Yuli Gurriel.",R,L,L,LAA,HOU,X,4.0,ground_ball,1,0,2022,-0.08,-0.32,-0.4,2.44,,,,1,1,Bot,154.66,139.3,,,,,-3.454997032100944,-123.4568786891204,-1.310928925627543,-0.1551944714145905,25.427469803837603,-35.40009034286364,3.42,1.6,4.0,88.2,-32.0,84.0,2618.0,5.8,663386,455117,493329,643289,608324,665161,642350,676694,663656,54.69,0.053,0.062,0.0,1.0,0.0,0.0,2.0,9,2,Slider,0,2,0,2,2,0,0,2,Infield shift,Standard,296.0,-0.019,-0.282,,,0.053,0.282,88.2,-2,-2,0.332,0.332,28,27,29,28,1,0,5.0,1.0,10.0,1.0,3.5,-0.08,-0.08,40.1,,,,,
FF,2022-07-13,95.5,-1.73,5.43,"Ohtani, Shohei",660271,664299,triple,hit_into_play,,,,,3.0,Shohei Ohtani triples (2) on a line drive to right fielder Kyle Tucker. Max Stassi scores. Brandon Marsh scores.,R,L,R,LAA,HOU,X,9.0,line_drive,1,1,2022,-0.52,1.58,0.71,2.88,,545358.0,669016.0,2,2,Bot,193.51,135.23,,,,,7.552470140891853,-138.9085688804602,-4.632109403866407,-8.377889567595638,31.222123756211147,-10.834558941068714,3.42,1.6,176.0,92.1,14.0,95.1,2388.0,6.1,663401,455117,493329,514888,608324,665161,676801,676694,663656,54.39,0.939,0.891,1.6,1.0,1.0,2.0,4.0,17,3,4-Seam Fastball,1,0,1,0,0,3,3,0,Infield shift,Standard,209.0,0.167,1.259,,,1.083,-1.259,92.1,1,1,0.649,0.649,25,27,25,28,2,1,7.0,1.0,8.0,1.0,0.92,0.52,-0.52,30.0,,,,,
SL,2022-07-13,90.6,-2.55,5.69,"Ohtani, Shohei",660271,650556,single,hit_into_play,,,,,5.0,Shohei Ohtani singles on a sharp ground ball to left fielder Chas McCormick. Andrew Velazquez to 2nd.,R,L,R,LAA,HOU,X,7.0,ground_ball,1,1,2022,0.46,-0.26,-0.14,2.48,,,623205.0,1,6,Bot,80.12,106.36,,,,,5.0265532910830935,-131.91606692876724,-1.5421326920828025,4.293612903917015,28.21090387296141,-35.06087805165419,3.42,1.6,87.0,103.6,3.0,90.8,2786.0,6.4,663401,455117,493329,514888,608324,665161,676801,676694,663656,54.12,0.524,0.474,0.9,1.0,1.0,0.0,4.0,52,3,Slider,3,1,3,1,1,3,3,1,Infield shift,Standard,41.0,0.021,0.424,,,0.567,-0.424,103.6,2,2,0.845,0.845,25,27,25,28,1,3,3.0,1.0,3.0,1.0,3.03,-0.46,0.46,39.8,,,,,
FF,2022-07-12,94.3,-1.03,6.32,"Ohtani, Shohei",660271,677651,field_out,hit_into_play,,,,,3.0,Shohei Ohtani lines out to center fielder Jake Meyers.,R,L,R,LAA,HOU,X,8.0,line_drive,1,1,2022,-0.3,1.59,0.66,2.89,,,,1,3,Bot,114.96,86.99,,,,,5.0411107680963205,-137.05022418330648,-6.690351330591378,-4.87912860921449,31.424844732915066,-10.846466254850036,3.42,1.6,282.0,84.7,23.0,93.9,2494.0,6.2,663402,455117,493329,514888,608324,665161,649557,676694,663656,54.28,0.303,0.295,0.0,1.0,0.0,0.0,3.0,26,3,4-Seam Fastball,1,3,1,3,3,1,1,3,Infield shift,Strategic,200.0,-0.018,-0.234,,,0.395,0.234,88.0,-2,-2,0.3,0.3,25,27,26,28,2,1,7.0,2.0,9.0,1.0,0.99,0.3,-0.3,45.1,,,,,
CH,2022-07-10,87.0,-1.38,5.88,"Ohtani, Shohei",660271,670329,field_out,hit_into_play,,,,,11.0,"Shohei Ohtani grounds out, first baseman Ryan Mountcastle to second baseman Rougned Odor to first baseman Ryan Mountcastle. Mike Trout to 2nd.",R,L,R,BAL,LAA,X,3.0,ground_ball,0,1,2022,-0.92,0.89,-0.92,2.63,,,545361.0,0,8,Top,164.38,157.7,,,,,2.982248149742755,-126.67072943207884,-3.470495137123466,-10.535782722332891,25.44813098877125,-22.041096564466052,3.41,1.58,13.0,87.7,-11.0,86.6,1996.0,5.9,661092,668939,663624,596059,602104,622761,663630,656775,623993,54.56,0.161,0.154,0.0,1.0,0.0,0.0,2.0,64,2,Changeup,9,3,3,9,3,9,3,9,Infield shift,Standard,231.0,0.006,-0.296,,,0.195,0.296,88.0,6,-6,0.985,0.015,28,27,28,28,1,3,24.0,1.0,14.0,2.0,2.11,0.92,-0.92,49.1,,,,,
SI,2022-07-10,95.6,-1.59,5.19,"Ohtani, Shohei",660271,622253,field_out,hit_into_play,,,,,4.0,"Shohei Ohtani grounds out, shortstop Jorge Mateo to first baseman Ryan Mountcastle.",R,L,R,BAL,LAA,X,6.0,ground_ball,1,0,2022,-1.38,0.16,-0.68,2.67,,,,1,6,Top,137.98,140.95,,,,,5.4920812303634445,-139.14845130412505,-1.3822041956048348,-19.179649690698813,30.405941678209963,-30.02207717266705,3.41,1.58,8.0,97.1,-18.0,95.5,1889.0,6.1,661092,668939,663624,596059,602104,622761,663630,656775,623993,54.35,0.153,0.145,0.0,1.0,0.0,0.0,2.0,46,2,Sinker,8,2,2,8,2,8,2,8,Infield shift,Standard,246.0,0.005,-0.282,,,0.164,0.282,97.1,6,-6,0.979,0.021,28,27,28,28,1,2,2.0,1.0,3.0,2.0,2.33,1.38,-1.38,20.7,,,,,
FS,2022-07-09,88.9,-0.81,7.08,"Ohtani, Shohei",660271,642585,field_out,hit_into_play,,,,,4.0,"Shohei Ohtani grounds out, third baseman Ramón Urías to first baseman Trey Mancini.",R,L,R,BAL,LAA,X,5.0,ground_ball,0,1,2022,-0.67,0.21,-0.53,2.39,,,,1,8,Top,115.83,154.44,,,,,2.122736812222752,-129.3363542184887,-5.861307851040535,-7.990373254396961,29.74783300478851,-28.68484347886923,3.41,1.59,5.0,55.7,-25.0,89.1,1032.0,6.7,661071,668939,641820,596059,602104,622761,669720,656775,623993,53.82,0.092,0.089,0.0,1.0,0.0,0.0,1.0,58,2,Split-Finger,1,0,0,1,0,1,0,1,Infield shift,Standard,229.0,0.035,-0.208,,,0.104,0.208,88.0,1,-1,0.805,0.1949999999999999,27,27,27,28,1,3,4.0,1.0,1.0,1.0,2.7,0.67,-0.67,58.9,,,,,
SL,2022-07-09,87.1,1.03,6.15,"Ohtani, Shohei",660271,669145,field_out,hit_into_play,,,,,4.0,"Shohei Ohtani grounds out, second baseman Rougned Odor to first baseman Trey Mancini.",R,L,L,BAL,LAA,X,4.0,ground_ball,2,2,2022,0.07,0.09,-0.3,2.74,,,,0,6,Top,157.78,145.01,,,,,-3.3390661502695314,-126.84304812465317,-2.2375354887275485,1.425295216183467,24.2132714764302,-30.9328942269377,3.41,1.59,21.0,91.2,-6.0,86.9,2461.0,6.0,661071,668939,641820,596059,663527,602104,669720,656775,623993,54.53,0.184,0.176,0.0,1.0,0.0,0.0,2.0,40,5,Slider,1,0,0,1,0,1,0,1,Infield shift,Standard,130.0,0.032,-0.218,,,0.208,0.218,91.2,1,-1,0.664,0.3359999999999999,27,27,27,28,1,2,24.0,1.0,58.0,1.0,2.89,0.07,0.07,40.5,,,,,
FC,2022-07-08,90.1,-1.07,6.87,"Ohtani, Shohei",660271,669330,single,hit_into_play,,,,,5.0,Shohei Ohtani singles on a sharp line drive to left fielder Austin Hays.,R,L,R,BAL,LAA,X,7.0,line_drive,2,2,2022,0.44,1.01,-0.11,2.23,,,,1,3,Top,85.62,86.68,,,,,1.4631581508076663,-131.08321615269963,-7.714743747457829,4.70583903809498,27.868072254908064,-19.06881692681875,3.38,1.57,243.0,100.2,13.0,90.3,2537.0,6.4,661108,455139,663624,602104,663527,622761,669720,656775,623993,54.09,0.889,0.876,0.9,1.0,1.0,0.0,4.0,21,5,Cutter,0,3,3,0,3,0,3,0,Infield shift,Standard,189.0,-0.016,0.449,,,1.12,-0.449,100.2,-3,3,0.22,0.78,27,27,28,28,2,1,5.0,1.0,7.0,1.0,1.8,-0.44,0.44,50.2,,,,,
FF,2022-07-08,92.7,2.2,6.23,"Ohtani, Shohei",660271,669211,single,hit_into_play,,,,,3.0,Shohei Ohtani singles on a line drive to left fielder Austin Hays.,R,L,L,BAL,LAA,X,7.0,line_drive,1,1,2022,0.85,1.46,0.64,3.18,,,,2,7,Top,61.53,119.64,,,,,-5.786296950003571,-134.791484223633,-5.123735848124895,11.610715579828558,29.37081585740052,-13.501482477807128,3.38,1.57,227.0,87.1,17.0,91.9,2145.0,5.9,661108,455139,663624,602104,663527,622761,669720,656775,623993,54.64,0.882,0.831,0.9,1.0,1.0,0.0,4.0,52,3,4-Seam Fastball,0,3,3,0,3,0,3,0,Infield shift,Standard,141.0,-0.005,0.32,,,1.005,-0.32,88.0,-3,3,0.123,0.877,27,27,27,28,1,3,3.0,1.0,8.0,1.0,1.2,0.85,0.85,46.1,,,,,
CH,2022-07-08,85.9,-1.26,6.91,"Ohtani, Shohei",660271,669330,force_out,hit_into_play,,,,,13.0,"Shohei Ohtani grounds into a force out, second baseman Ramón Urías to third baseman Tyler Nevin. Mike Trout out at 2nd. Shohei Ohtani to 1st.",R,L,R,BAL,LAA,X,4.0,ground_ball,0,2,2022,-1.22,1.09,-1.58,2.03,,,545361.0,1,1,Top,147.12,158.2,,,,,1.7083819961228657,-124.97242600239136,-7.499908899798298,-13.112838804525715,25.7097518220335,-19.401432525306152,3.38,1.57,5.0,72.5,-22.0,86.0,1838.0,6.4,661108,455139,663624,602104,663527,622761,669720,656775,623993,54.11,0.032,0.052,0.0,1.0,0.0,0.0,2.0,3,3,Changeup,0,0,0,0,0,0,0,0,Infield shift,Standard,219.0,0.018,-0.216,,,0.032,0.216,88.0,0,0,0.508,0.492,27,27,28,28,1,0,5.0,1.0,7.0,1.0,2.0,1.22,-1.22,47.6,,,,,
FF,2022-07-08,96.6,-0.81,6.57,"Ohtani, Shohei",660271,641329,field_out,hit_into_play,,,,,4.0,Shohei Ohtani flies out sharply to left fielder Austin Hays.,R,L,R,BAL,LAA,X,7.0,fly_ball,3,1,2022,-0.28,1.41,-0.48,2.51,,,545361.0,0,5,Top,66.0,51.64,,,,,1.5223697797813134,-140.5455900259643,-8.526550138626222,-4.108001210790464,30.414760393587585,-11.773187236472271,3.38,1.57,392.0,107.3,36.0,97.4,2312.0,6.6,661108,455139,663624,602104,663527,622761,669720,656775,623993,53.87,0.7526666666666667,1.5226666666666668,0.0,1.0,0.0,0.0,6.0,36,5,4-Seam Fastball,0,3,3,0,3,0,3,0,Infield shift,Standard,203.0,0.029,-0.405,,,2.985388888888889,0.405,107.3,-3,3,0.134,0.866,27,27,28,28,1,2,2.0,1.0,2.0,1.0,1.02,0.28,-0.28,55.2,,,,,
CH,2022-07-08,84.3,-1.43,5.31,"Ohtani, Shohei",660271,622253,home_run,hit_into_play,,,,,7.0,Shohei Ohtani homers (19) on a fly ball to center field.,R,L,R,BAL,LAA,X,,fly_ball,0,0,2022,-1.47,0.52,-0.34,1.9,,,,2,9,Top,111.69,30.66,,,,,5.462341960107859,-122.54894723179622,-2.519730329062632,-15.93933797998392,26.001615569792307,-26.648760331502356,3.38,1.57,418.0,107.7,33.0,83.9,1814.0,6.3,661108,668939,663624,596059,663527,602104,669720,656775,623993,54.22,0.8955625000000003,1.8208125,2.0,1.0,0.0,3.0,6.0,72,1,Changeup,2,3,3,2,4,2,4,2,Infield shift,Standard,254.0,-0.104,2.595,,,3.5748750000000005,-2.595,107.7,-1,1,0.194,0.806,28,27,28,28,1,4,3.0,1.0,2.0,1.0,2.71,1.47,-1.47,20.9,,,,,
CH,2022-07-07,85.5,-1.83,6.18,"Ohtani, Shohei",660271,543475,field_out,hit_into_play,,,,,11.0,Shohei Ohtani flies out to left fielder Austin Hays.,R,L,R,BAL,LAA,X,7.0,fly_ball,0,0,2022,-1.23,0.47,-1.09,2.48,,,542340.0,2,5,Top,35.09,84.04,,,,,4.258483847379136,-124.49605460163625,-3.4444849127222077,-13.656633585389526,25.07476312576365,-26.766396085613636,3.38,1.57,360.0,97.9,28.0,86.4,1530.0,6.8,661091,668939,663624,596059,660620,622761,669720,656775,623993,53.66,0.3623157894736842,0.6476315789473684,0.0,1.0,0.0,0.0,6.0,38,1,Changeup,2,0,0,2,0,2,0,2,Infield shift,Standard,234.0,0.028,-0.26,,,1.2376315789473682,0.26,97.9,2,-2,0.784,0.2159999999999999,31,27,32,28,3,2,5.0,1.0,5.0,1.0,2.64,1.23,-1.23,43.7,,,,,
CH,2022-07-07,86.3,-1.76,6.15,"Ohtani, Shohei",660271,543475,field_out,hit_into_play,,,,,13.0,"Shohei Ohtani grounds out, shortstop Jorge Mateo to first baseman Ryan Mountcastle.",R,L,R,BAL,LAA,X,6.0,ground_ball,3,2,2022,-1.15,0.49,-0.85,2.22,,,,1,3,Top,130.37,140.95,,,,,4.577985208184215,-125.57412626368064,-4.16634418904166,-13.140817443763671,25.445756882782355,-26.31972078150529,3.38,1.57,59.0,101.0,2.0,87.2,1419.0,6.9,661091,668939,663624,596059,660620,622761,669720,656775,623993,53.63,0.511,0.485,0.0,1.0,0.0,0.0,4.0,21,6,Changeup,1,0,0,1,0,1,0,1,Infield shift,Standard,235.0,0.023,-0.328,,,0.588,0.328,101.0,1,-1,0.634,0.366,31,27,32,28,2,1,5.0,1.0,5.0,1.0,2.57,1.15,-1.15,43.9,,,,,
FF,2022-07-06,97.3,2.54,5.63,"Ohtani, Shohei",660271,669432,single,hit_into_play,,,,,1.0,Shohei Ohtani singles on a ground ball to left fielder Jon Berti.   Monte Harrison scores.    Jonathan Villar scores.    Mike Trout to 2nd.,R,L,L,MIA,LAA,X,7.0,ground_ball,2,2,2022,1.08,1.25,-0.57,3.19,656509.0,542340.0,545361.0,2,5,Top,98.67,106.6,,,,,-10.923566990951253,-141.18032141594895,-3.8146559874844415,17.095175825008102,35.89895131370855,-14.876600610072549,3.38,1.57,59.0,98.9,0.0,97.5,2551.0,6.8,661378,607732,643265,621563,605119,500743,542932,660821,541645,53.67,0.45,0.443,0.9,1.0,1.0,0.0,4.0,37,5,4-Seam Fastball,1,1,1,1,3,1,3,1,Standard,Standard,120.0,-0.225,0.553,,,0.53,-0.553,98.9,0,0,0.479,0.521,24,27,25,28,3,2,5.0,1.0,5.0,1.0,1.2,1.08,1.08,21.9,,,,,
FF,2022-07-06,95.4,2.88,5.68,"Ohtani, Shohei",660271,669432,field_out,hit_into_play,,,,,14.0,"Shohei Ohtani grounds out, third baseman Brian Anderson to first baseman Garrett Cooper.",R,L,L,MIA,LAA,X,5.0,ground_ball,1,1,2022,1.44,1.2,1.62,2.39,,,,0,4,Top,141.68,146.58,,,,,-6.609555514140577,-138.68602762692777,-5.721944041211588,20.10905675679097,32.4103865996359,-15.636865912872484,3.38,1.57,48.0,79.9,2.0,95.7,2450.0,6.6,661378,607732,643265,621563,605119,500743,542932,660821,541645,53.87,0.208,0.207,0.0,1.0,0.0,0.0,2.0,25,3,4-Seam Fastball,1,0,0,1,0,1,0,1,Infield shift,Standard,121.0,0.028,-0.236,,,0.246,0.236,88.0,1,-1,0.624,0.376,24,27,25,28,2,1,5.0,1.0,5.0,1.0,1.32,1.44,1.44,20.0,,,,,
SI,2022-07-06,91.1,2.78,5.92,"Ohtani, Shohei",660271,542947,field_out,hit_into_play,,,,,8.0,Shohei Ohtani lines out sharply to left fielder Jon Berti.,R,L,L,MIA,LAA,X,7.0,line_drive,0,0,2022,1.41,0.2,0.27,1.93,,,,1,9,Top,53.13,94.08,,,,,-9.350840829692094,-132.36320145574626,-4.56117627401874,18.54202994860754,28.75587013954862,-28.981128180776075,3.38,1.57,316.0,105.0,17.0,91.2,2035.0,6.5,661378,663743,643265,621563,605119,500743,542932,660821,541645,54.04,0.4044999999999999,0.602,0.0,1.0,0.0,0.0,5.0,69,1,Sinker,1,5,5,1,5,1,5,1,Infield shade,Standard,124.0,0.001,-0.246,,,1.072,0.246,105.0,-4,4,0.017,0.983,35,27,35,28,1,4,9.0,1.0,1.0,1.0,2.56,1.41,1.41,28.4,,,,,
SI,2022-07-05,99.4,-2.16,6.04,"Ohtani, Shohei",660271,645261,force_out,hit_into_play,,,,,11.0,"Shohei Ohtani grounds into a force out, pitcher Sandy Alcantara to shortstop Miguel Rojas.   Mike Trout out at 2nd.    Shohei Ohtani to 1st.",R,L,R,MIA,LAA,X,1.0,ground_ball,2,2,2022,-1.58,0.7,-1.6,2.49,,,545361.0,0,7,Top,128.53,184.29,,,,,5.156217916455745,-144.53691569942308,-5.864910778984113,-23.323444074756345,35.857003252099666,-21.1915239758457,3.37,1.56,0.0,49.3,-81.0,98.1,2332.0,5.7,661379,607732,542583,621563,605119,500743,663897,660821,650559,54.76,0.145,0.151,0.0,1.0,0.0,0.0,1.0,46,5,Sinker,2,0,0,2,0,2,0,2,Infield shift,Strategic,229.0,0.05,-0.327,,,0.145,0.327,88.0,2,-2,0.759,0.241,26,27,27,28,3,2,6.0,2.0,5.0,1.0,1.62,1.58,-1.58,34.0,,,,,
CH,2022-07-05,92.6,-2.12,5.97,"Ohtani, Shohei",660271,645261,field_out,hit_into_play,,,,,13.0,"Shohei Ohtani grounds out, third baseman Brian Anderson to first baseman Jesus Aguilar.",R,L,R,MIA,LAA,X,5.0,ground_ball,0,0,2022,-1.6,0.14,-0.61,1.34,,,,2,4,Top,136.99,152.16,,,,,7.322667876927026,-134.50896428297287,-6.229686224017465,-21.08102934906038,32.4188374057365,-29.151627116593577,3.37,1.56,17.0,77.6,-3.0,91.7,2181.0,6.1,661379,607732,542583,621563,605119,500743,650559,660821,541645,54.43,0.1,0.101,0.0,1.0,0.0,0.0,2.0,24,1,Changeup,1,0,0,1,0,1,0,1,Infield shift,Strategic,237.0,0.013,-0.256,,,0.105,0.256,88.0,1,-1,0.672,0.3279999999999999,26,27,27,28,2,1,6.0,2.0,5.0,1.0,2.55,1.6,-1.6,35.3,,,,,
CH,2022-07-05,93.5,-2.17,6.07,"Ohtani, Shohei",660271,645261,field_out,hit_into_play,,,,,1.0,"Shohei Ohtani grounds out sharply, third baseman Brian Anderson to first baseman Jesus Aguilar.",R,L,R,MIA,LAA,X,5.0,ground_ball,3,2,2022,-1.39,0.72,-0.71,2.88,,,,2,1,Top,144.6,157.25,,,,,6.773152728544066,-135.91726532031893,-4.000096609463155,-18.675730131482705,30.84469381011677,-22.579694110814177,3.37,1.56,10.0,100.3,-15.0,93.0,2166.0,6.1,661379,607732,542583,621563,605119,500743,650559,660821,541645,54.38,0.168,0.167,0.0,1.0,0.0,0.0,2.0,3,7,Changeup,0,0,0,0,0,0,0,0,Infield shift,Strategic,239.0,0.012,-0.302,,,0.168,0.302,100.3,0,0,0.536,0.4639999999999999,26,27,27,28,1,0,6.0,2.0,5.0,1.0,1.9,1.39,-1.39,35.3,,,,,
SI,2022-07-03,94.9,0.55,6.2,"Ohtani, Shohei",660271,664285,single,hit_into_play,,,,,8.0,Shohei Ohtani singles on a ground ball to left fielder Chas McCormick.   Monte Harrison scores.    Jonathan Villar to 3rd.,R,L,L,HOU,LAA,X,7.0,ground_ball,0,2,2022,1.28,0.62,-0.17,1.76,,656509.0,542340.0,1,3,Top,81.8,117.83,,,,,-4.719316413200942,-137.94800469619102,-7.241520739306999,17.35506870095271,33.28972287298224,-22.795726203818123,3.36,1.56,25.0,95.0,-2.0,93.9,2136.0,6.0,662889,455117,493329,514888,649557,665161,676801,643289,663656,54.52,0.282,0.278,0.9,1.0,1.0,0.0,2.0,18,3,Sinker,0,1,1,0,2,0,2,0,Infield shift,Standard,143.0,-0.13,0.558,,,0.318,-0.558,95.0,-1,1,0.365,0.635,28,27,29,28,2,1,5.0,1.0,6.0,2.0,1.94,1.28,1.28,43.8,,,,,
SL,2022-07-03,83.9,1.07,5.99,"Ohtani, Shohei",660271,664285,field_out,hit_into_play,,,,,5.0,Shohei Ohtani pops out to right fielder Kyle Tucker.,R,L,L,HOU,LAA,X,9.0,popup,1,1,2022,-0.11,0.1,-0.17,2.76,,,545361.0,1,1,Top,174.76,145.31,,,,,-2.6245563360845505,-122.15303371649712,-1.234685866032872,-0.5134220844250142,25.754291987687132,-31.09655471702848,3.36,1.56,218.0,91.6,59.0,83.1,2625.0,5.9,662889,455117,493329,514888,649557,665161,676801,643289,663656,54.63,0.011,0.015,0.0,1.0,0.0,0.0,3.0,3,3,Slider,0,0,0,0,0,0,0,0,Infield shift,Standard,318.0,0.027,-0.241,,,0.022,0.241,91.6,0,0,0.499,0.501,28,27,29,28,1,0,5.0,1.0,6.0,2.0,3.15,-0.11,-0.11,36.2,,,,,
CH,2022-07-02,85.4,-1.23,6.39,"Ohtani, Shohei",660271,664353,field_out,hit_into_play,,,,,13.0,"Shohei Ohtani grounds out, second baseman Jose Altuve to first baseman Yuli Gurriel.",R,L,R,HOU,LAA,X,4.0,ground_ball,2,2,2022,-1.52,1.02,-1.47,1.41,,,,0,6,Top,137.57,175.29,,,,,2.492197942867856,-124.01145858409156,-7.261649877069209,-16.0312144089865,31.19304981023405,-20.260769198344267,3.4,1.58,14.0,61.9,-4.0,83.7,2050.0,5.8,662890,455117,493329,514888,608324,665161,676801,676694,663656,54.65,0.126,0.122,0.0,1.0,0.0,0.0,2.0,47,7,Changeup,5,1,1,5,1,5,1,5,Infield shift,Standard,238.0,0.015,-0.218,,,0.162,0.218,88.0,4,-4,0.92,0.0799999999999999,27,27,27,28,3,2,6.0,1.0,6.0,1.0,2.18,1.52,-1.52,53.2,,,,,
CH,2022-07-02,85.5,-1.41,6.2,"Ohtani, Shohei",660271,664353,field_out,hit_into_play,,,,,13.0,Shohei Ohtani grounds out to first baseman Yuli Gurriel.,R,L,R,HOU,LAA,X,3.0,ground_ball,0,0,2022,-1.42,0.88,-0.91,1.7,,,,2,3,Top,158.0,164.66,,,,,4.018032897697049,-124.26393393606614,-5.994060999820477,-15.523686752946489,26.923925357099268,-22.04263491482603,3.4,1.58,3.0,70.1,-30.0,84.8,1905.0,6.1,662890,455117,493329,514888,608324,665161,676801,676694,663656,54.4,0.068,0.073,0.0,1.0,0.0,0.0,2.0,26,1,Changeup,5,1,1,5,1,5,1,5,Infield shift,Standard,239.0,0.007,-0.256,,,0.071,0.256,88.0,4,-4,0.887,0.1129999999999999,27,27,27,28,2,1,6.0,1.0,6.0,1.0,2.27,1.42,-1.42,52.6,,,,,
ST,2022-07-02,82.1,-2.37,4.52,"Ohtani, Shohei",660271,661527,field_out,hit_into_play,,,,,5.0,Shohei Ohtani flies out sharply to center fielder Jake Meyers.,R,L,R,HOU,LAA,X,8.0,fly_ball,2,2,2022,0.98,1.05,0.14,2.24,,,621493.0,2,8,Top,157.48,98.93,,,,,3.8174735790381287,-119.55952898257496,-0.6057409095448649,8.61842898995271,24.407490270244477,-22.25557070008879,3.4,1.58,262.0,106.1,57.0,82.7,2687.0,6.8,662890,686676,493329,514888,608324,665161,676801,676694,643289,53.71,0.018,0.022,0.0,1.0,0.0,0.0,3.0,66,5,Sweeper,9,1,1,9,1,9,1,9,Infield shift,Standard,97.0,0.0,-0.223,,,0.034,0.223,106.1,8,-8,0.999,0.001,27,27,28,28,1,3,6.0,1.0,2.0,1.0,2.34,-0.98,0.98,12.2,,,,,
FF,2022-07-02,94.3,-1.0,6.68,"Ohtani, Shohei",660271,664353,force_out,hit_into_play,,,,,6.0,"Shohei Ohtani grounds into a force out, first baseman Yuli Gurriel to shortstop Jeremy Pena.   Taylor Ward out at 2nd.    Shohei Ohtani to 1st.",R,L,R,HOU,LAA,X,3.0,ground_ball,0,0,2022,-0.5,1.54,0.33,2.17,,,621493.0,1,1,Top,150.38,171.27,,,,,4.50478444529417,-136.96278582222416,-9.266313015118254,-7.292871060278188,33.904223588197056,-10.873636950753475,3.4,1.58,55.0,110.4,1.0,92.9,2188.0,5.8,662890,455117,493329,514888,608324,665161,676801,676694,663656,54.66,0.524,0.472,0.0,1.0,0.0,0.0,4.0,3,1,4-Seam Fastball,0,0,0,0,0,0,0,0,Infield shift,Standard,207.0,0.028,-0.314,,,0.55,0.314,110.4,0,0,0.498,0.502,27,27,27,28,1,0,6.0,1.0,6.0,1.0,1.06,0.5,-0.5,57.6,,,,,
FF,2022-07-01,93.7,-1.52,5.64,"Ohtani, Shohei",660271,664299,field_out,hit_into_play,,,,,5.0,"Shohei Ohtani grounds out, shortstop Jeremy Pena to first baseman Yuli Gurriel.",R,L,R,HOU,LAA,X,6.0,ground_ball,0,2,2022,-0.73,1.44,-0.03,2.66,,,,1,7,Top,137.68,149.39,,,,,5.444818049409815,-136.31038518129688,-5.086019557614323,-10.38505342554133,31.987273180183767,-13.29713238139007,3.4,1.58,16.0,107.2,-8.0,93.0,2298.0,6.1,662748,455117,493329,514888,608324,665161,676801,676694,663656,54.45,0.334,0.326,0.0,1.0,0.0,0.0,2.0,51,3,4-Seam Fastball,8,1,1,8,1,8,1,8,Infield shift,Standard,211.0,0.001,-0.159,,,0.362,0.159,107.2,7,-7,0.995,0.005,25,27,25,28,3,2,6.0,2.0,5.0,1.0,1.17,0.73,-0.73,30.8,,,,,
FF,2022-07-01,94.6,-1.61,5.66,"Ohtani, Shohei",660271,664299,field_out,hit_into_play,,,,,1.0,"Shohei Ohtani grounds out, third baseman Alex Bregman to first baseman Yuli Gurriel.",R,L,R,HOU,LAA,X,5.0,ground_ball,2,2,2022,-0.38,1.56,-0.28,3.06,,,,1,4,Top,110.25,150.91,,,,,4.287671166575051,-137.70672117285264,-4.540937506089276,-5.8322233394212715,31.599656361721618,-11.547776370056638,3.4,1.58,121.0,88.0,7.0,93.9,2274.0,6.0,662748,455117,493329,514888,608324,665161,676801,676694,663656,54.54,0.503,0.472,0.0,1.0,0.0,0.0,4.0,31,5,4-Seam Fastball,8,1,1,8,1,8,1,8,Infield shift,Strategic,206.0,0.004,-0.212,,,0.562,0.212,88.0,7,-7,0.976,0.024,25,27,25,28,2,1,6.0,2.0,5.0,1.0,0.99,0.38,-0.38,30.4,,,,,
ST,2022-07-01,81.2,-1.47,5.84,"Ohtani, Shohei",660271,664299,home_run,hit_into_play,,,,,9.0,Shohei Ohtani homers (18) on a fly ball to right field.,R,L,R,HOU,LAA,X,,fly_ball,3,2,2022,1.39,-0.13,0.48,1.75,,,,2,1,Top,231.29,78.1,,,,,1.6947923628502437,-118.23961904977234,-2.2523481851828153,12.626744293371983,24.862463390749628,-33.141185537921615,3.4,1.58,394.0,105.7,36.0,80.8,2423.0,6.2,662748,455117,493329,514888,608324,665161,676801,676694,663656,54.31,0.7014736842105262,1.420368421052632,2.0,1.0,0.0,3.0,6.0,3,6,Sweeper,0,0,0,0,1,0,1,0,Infield shift,Standard,72.0,-0.098,2.549,,,2.781263157894737,-2.549,105.7,0,0,0.536,0.4639999999999999,25,27,25,28,1,0,6.0,2.0,5.0,1.0,3.61,-1.39,1.39,37.8,,,,,
CU,2022-06-29,77.6,-2.45,5.75,"Ohtani, Shohei",660271,656629,field_out,hit_into_play,,,,,13.0,Shohei Ohtani flies out to center fielder Luis Robert.,R,L,R,LAA,CWS,X,8.0,fly_ball,3,2,2022,0.45,-0.72,-1.04,2.02,,,,2,3,Bot,98.93,87.85,,,,,2.2124469960001747,-112.94804598205816,0.3370276698886398,3.390048630182417,22.525295249728146,-38.56546769309752,3.42,1.6,285.0,81.1,38.0,78.1,2311.0,6.9,663396,624512,547989,543281,660162,641313,572041,673357,544725,53.62,0.021,0.022,0.0,1.0,0.0,0.0,3.0,23,7,Curveball,2,0,2,0,0,2,2,0,Infield shift,Standard,41.0,-0.009,-0.302,,,0.035,0.302,88.0,2,2,0.738,0.738,26,27,26,28,2,1,5.0,1.0,6.0,2.0,4.53,-0.45,0.45,47.6,,,,,
FC,2022-06-28,88.0,-2.76,5.51,"Ohtani, Shohei",660271,456501,home_run,hit_into_play,,,,,6.0,Shohei Ohtani homers (17) on a fly ball to center field.,R,L,R,LAA,CWS,X,,fly_ball,1,1,2022,-0.77,1.05,0.53,2.41,,,,2,3,Bot,89.64,32.94,,,,,9.434689916775731,-127.82001142991032,-3.5454142132181863,-10.299442046344147,25.370553554375043,-20.14800151149513,3.37,1.6,420.0,107.1,29.0,87.0,2237.0,5.7,663392,664874,547989,543281,660162,641313,544725,673357,657757,54.8,0.9466800000000004,1.9243200000000005,2.0,1.0,0.0,3.0,6.0,22,3,Cutter,2,0,2,0,0,3,3,0,Infield shift,Standard,221.0,0.082,2.61,,,3.76724,-2.61,107.1,2,2,0.737,0.737,36,27,36,28,2,1,5.0,1.0,6.0,1.0,1.9,0.77,-0.77,30.0,,,,,
SI,2022-06-28,98.3,-1.72,5.37,"Ohtani, Shohei",660271,523260,double,hit_into_play,,,,,2.0,Shohei Ohtani doubles (15) on a sharp fly ball to left fielder AJ Pollock.   Taylor Ward scores.,R,L,R,LAA,CWS,X,7.0,fly_ball,0,1,2022,-1.34,0.87,-0.03,3.06,,621493.0,,2,7,Bot,30.41,92.52,,,,,7.639541231266893,-142.89540182112262,-2.7364326106105294,-20.13806406354617,35.86495028311691,-19.913436700796048,3.37,1.6,352.0,100.6,33.0,97.5,2137.0,6.1,663392,664874,547989,543281,660162,641313,572041,673357,544725,54.4,0.51936,1.0274,1.25,1.0,1.0,1.0,6.0,69,2,Sinker,3,10,3,10,10,4,4,10,Infield shift,Standard,226.0,0.007,0.95,,,2.0122,-0.95,100.6,-7,-7,0.007,0.007,34,27,34,28,1,3,2.0,1.0,3.0,1.0,1.51,1.34,-1.34,25.8,,,,,
CH,2022-06-28,81.4,-2.7,5.77,"Ohtani, Shohei",660271,456501,double,hit_into_play,,,,,9.0,Shohei Ohtani doubles (14) on a sharp line drive to center fielder Luis Robert.,R,L,R,LAA,CWS,X,8.0,line_drive,3,2,2022,-0.96,0.23,0.31,1.78,,,,2,1,Bot,163.76,51.9,,,,,8.47345650603084,-118.1802360441072,-2.725146840674475,-10.644859676957468,23.332548150559536,-29.661223990736048,3.37,1.6,375.0,115.2,19.0,80.2,1251.0,5.7,663392,664874,547989,543281,660162,641313,544725,673357,657757,54.85,0.8766666666666666,1.5933333333333335,1.25,1.0,1.0,1.0,6.0,7,6,Changeup,0,0,0,0,0,0,0,0,Infield shift,Standard,236.0,0.021,0.527,,,3.0126666666666666,-0.527,115.2,0,0,0.512,0.512,36,27,36,28,1,0,5.0,1.0,6.0,1.0,3.23,0.96,-0.96,33.1,,,,,
SL,2022-06-27,84.9,-1.54,6.39,"Ohtani, Shohei",660271,608337,single,hit_into_play,,,,,8.0,Shohei Ohtani singles on a line drive to right fielder Gavin Sheets.,R,L,R,LAA,CWS,X,9.0,line_drive,1,1,2022,0.18,0.02,-0.08,1.9,,,,1,3,Bot,199.33,106.59,,,,,3.0798396649395294,-123.62630570242484,-4.2346285090197835,1.2229303655617731,25.3207746767568,-31.34914358387663,3.38,1.6,180.0,98.7,12.0,85.2,1898.0,6.5,663440,664874,547989,672820,543281,641313,572041,673357,657757,54.01,0.918,0.887,0.9,1.0,1.0,0.0,4.0,21,3,Slider,2,0,2,0,0,2,2,0,Infield shift,Standard,83.0,0.018,0.428,,,1.105,-0.428,98.7,2,2,0.748,0.748,27,27,28,28,2,1,5.0,1.0,6.0,1.0,3.15,-0.18,0.18,55.5,,,,,
FF,2022-06-26,87.2,2.09,5.64,"Ohtani, Shohei",660271,594835,field_out,hit_into_play,,,,,9.0,Shohei Ohtani lines out sharply to right fielder Justin Upton.   Taylor Ward to 3rd.,R,L,L,LAA,SEA,X,9.0,line_drive,0,0,2022,1.05,0.88,0.3,1.96,,621493.0,545361.0,1,5,Bot,187.42,77.53,,,,,-6.468188426018818,-126.75877298716637,-4.447128543746681,12.64223328314064,26.83876034947717,-21.94874042238321,3.38,1.61,336.0,106.9,20.0,86.9,1920.0,6.3,663387,620443,656821,647351,656403,664238,624428,666211,457708,54.23,0.726595238095238,1.258047619047619,0.0,1.0,0.0,0.0,6.0,38,1,4-Seam Fastball,0,0,0,0,0,0,0,0,Infield shift,Standard,128.0,-0.05,-0.24,,,2.332928571428571,0.24,106.9,0,0,0.617,0.617,30,27,30,28,3,2,5.0,1.0,5.0,1.0,2.13,1.05,1.05,39.6,,,,,
SL,2022-06-26,90.8,-1.54,5.44,"Ohtani, Shohei",660271,662253,field_out,hit_into_play,,,,,1.0,Shohei Ohtani flies out to left fielder Adam Frazier.,R,L,R,LAA,SEA,X,7.0,fly_ball,0,0,2022,0.09,0.52,-0.32,2.85,,656509.0,545361.0,1,7,Bot,95.16,116.14,,,,,2.8508507705646555,-132.35195760349595,-1.7118466713207177,0.4972273879753487,27.463235823086432,-25.846429657955444,3.38,1.61,223.0,100.6,63.0,91.0,2242.0,6.3,663387,620443,656821,647351,656403,664238,624428,666211,457708,54.23,0.024,0.03,0.0,1.0,0.0,0.0,3.0,56,1,Slider,1,1,1,1,1,1,1,1,Infield shift,Standard,142.0,-0.072,-0.24,,,0.039,0.24,100.6,0,0,0.648,0.648,23,27,23,28,1,3,2.0,1.0,4.0,1.0,2.22,-0.09,0.09,30.3,,,,,
FF,2022-06-25,96.8,-0.99,6.11,"Ohtani, Shohei",660271,669302,home_run,hit_into_play,,,,,5.0,Shohei Ohtani homers (16) on a fly ball to right center field.,R,L,R,LAA,SEA,X,,fly_ball,3,1,2022,-0.47,1.36,0.27,2.17,,,,2,3,Bot,184.6,20.86,,,,,4.545254464383476,-140.70425103783978,-8.251515262703764,-7.242837997007292,32.053340363079755,-12.369362226923403,3.39,1.61,462.0,118.0,28.0,98.9,2103.0,7.5,663441,663728,656821,664238,553993,641487,608385,677594,457708,52.95,0.99,2.0,2.0,1.0,0.0,3.0,6.0,28,5,4-Seam Fastball,0,1,0,1,1,1,1,1,Infield shift,Standard,204.0,0.116,2.454,,,3.931,-2.454,118.0,-1,-1,0.396,0.396,25,27,25,28,2,1,6.0,1.0,5.0,1.0,1.07,0.47,-0.47,51.3,,,,,
FS,2022-06-25,85.1,-1.16,6.09,"Ohtani, Shohei",660271,657024,field_out,hit_into_play,,,,,7.0,Shohei Ohtani lines out sharply to right fielder Taylor Trammell.,R,L,R,LAA,SEA,X,9.0,line_drive,0,1,2022,-1.14,0.53,-0.37,1.51,,676950.0,545361.0,2,9,Bot,175.99,69.54,,,,,4.213125441891675,-123.82575467631185,-5.5419791172239465,-12.534799994401167,25.58372275128154,-25.814714920093703,3.39,1.61,344.0,104.2,20.0,86.2,1236.0,7.1,663441,663728,664238,624428,553993,641487,608385,677594,666211,53.42,0.4645333333333334,0.7435333333333333,0.0,1.0,0.0,0.0,6.0,83,2,Split-Finger,3,5,3,5,5,3,3,5,Infield shift,Strategic,234.0,-0.094,-0.241,,,1.3577333333333332,0.241,104.2,-2,-2,0.094,0.094,28,27,29,28,1,4,1.0,1.0,4.0,1.0,2.63,1.14,-1.14,44.9,,,,,
SL,2022-06-25,86.3,1.73,5.55,"Ohtani, Shohei",660271,621366,field_out,hit_into_play,,,,,7.0,Shohei Ohtani flies out to center fielder Julio Rodriguez.,R,L,L,LAA,SEA,X,8.0,fly_ball,2,2,2022,-0.35,0.05,-0.69,1.5,,,,1,7,Bot,110.76,91.0,,,,,-5.094618255922964,-125.56604171697094,-3.541789868992261,-2.678552356984802,24.86905475574243,-31.093196807491513,3.39,1.61,273.0,78.3,33.0,87.0,2519.0,6.7,663441,663728,656821,664238,553993,641487,608385,677594,666211,53.81,0.092,0.083,0.0,1.0,0.0,0.0,3.0,68,5,Slider,3,5,3,5,5,3,3,5,Infield shift,Standard,211.0,-0.024,-0.212,,,0.123,0.212,88.0,-2,-2,0.178,0.178,28,27,28,28,1,3,1.0,1.0,7.0,1.0,3.0,-0.35,-0.35,25.8,,,,,
FF,2022-06-24,93.7,-0.97,6.92,"Ohtani, Shohei",660271,623167,single,hit_into_play,,,,,9.0,Shohei Ohtani singles on a sharp ground ball to right fielder Taylor Trammell.,R,L,R,LAA,SEA,X,9.0,ground_ball,3,0,2022,-0.14,1.32,0.33,2.16,,,,0,4,Bot,180.81,97.47,,,,,3.652819087487451,-136.12777486405784,-9.375788546027234,-2.6191492111586787,31.514533800364845,-13.841512854919186,3.4,1.61,115.0,111.3,6.0,93.0,2078.0,6.1,663388,663728,664238,624428,553993,641487,608385,677594,666211,54.4,0.692,0.642,0.9,1.0,1.0,0.0,4.0,36,4,4-Seam Fastball,1,3,1,3,3,1,1,3,Infield shift,Standard,198.0,0.019,0.184,,,0.783,-0.184,111.3,-2,-2,0.34,0.34,27,27,28,28,2,1,6.0,2.0,5.0,1.0,1.29,0.14,-0.14,64.6,,,,,
SL,2022-06-24,86.3,1.88,5.64,"Ohtani, Shohei",660271,621366,field_out,hit_into_play,,,,,12.0,Shohei Ohtani grounds out to first baseman Dylan Moore.   Mike Trout scores.,R,L,L,LAA,SEA,X,3.0,ground_ball,0,0,2022,0.0,0.53,0.89,3.19,545361.0,,,0,6,Bot,152.49,169.37,,,,,-2.3803925409374456,-125.7373750170785,-0.7593425732340879,0.4204312844256541,22.72207366526125,-26.599823276814476,3.4,1.61,9.0,74.6,-18.0,87.7,2352.0,6.8,663388,663728,664238,624428,553993,641487,608385,677594,666211,53.65,0.053,0.059,0.0,1.0,0.0,0.0,2.0,54,1,Slider,2,4,2,4,4,3,3,4,Standard,Standard,174.0,-0.024,-0.282,,,0.061,0.282,88.0,-2,-2,0.38,0.38,28,27,28,28,1,2,5.0,2.0,1.0,1.0,2.5,0.0,0.0,28.0,,,,,
FF,2022-06-22,94.0,1.0,5.89,"Ohtani, Shohei",660271,663738,single,hit_into_play,,,,,4.0,"Shohei Ohtani singles on a ground ball to second baseman Nicky Lopez, deflected by shortstop Bobby Witt Jr.",R,L,L,LAA,KC,X,6.0,ground_ball,2,1,2022,0.49,1.33,-0.62,2.84,,,,2,3,Bot,140.89,155.42,,,,,-5.355992692351068,-136.70825015521106,-5.1845538354463185,7.372974955864811,29.678864211292133,-14.540752647078582,3.45,1.62,4.0,89.3,-36.0,95.2,2194.0,7.0,663389,669004,467793,670032,656896,677951,643217,664728,593160,53.54,0.074,0.075,0.9,1.0,1.0,0.0,2.0,22,4,4-Seam Fastball,0,0,0,0,0,0,0,0,Infield shift,Standard,148.0,0.013,0.266,,,0.079,-0.266,89.3,0,0,0.513,0.513,25,27,26,28,2,1,5.0,1.0,19.0,2.0,1.25,0.49,0.49,44.3,,,,,
FF,2022-06-21,92.3,-1.54,6.24,"Ohtani, Shohei",660271,669169,home_run,hit_into_play,,,,,5.0,Shohei Ohtani homers (14) on a fly ball to center field. Taylor Ward scores. Mike Trout scores.,R,L,R,LAA,KC,X,,fly_ball,2,2,2022,-0.77,1.71,-0.18,2.42,,621493.0,545361.0,0,6,Bot,156.08,30.33,,,,,5.139773499304974,-134.0734832129852,-7.582905791362699,-10.477398645327286,30.331198494390826,-10.05571990080466,3.48,1.63,423.0,111.5,25.0,91.9,2379.0,6.3,663442,595956,467793,593160,656896,677951,643217,572191,669004,54.23,0.9833333333333336,1.9855555555555555,2.0,1.0,0.0,3.0,6.0,48,6,4-Seam Fastball,1,6,1,6,6,4,4,6,Standard,Strategic,207.0,0.141,1.01,,,3.8897777777777782,-1.01,111.5,-5,-5,0.119,0.119,25,27,25,28,3,2,6.0,1.0,7.0,1.0,0.98,0.77,-0.77,58.5,,,,,
FF,2022-06-21,91.5,-1.48,6.35,"Ohtani, Shohei",660271,669169,field_out,hit_into_play,,,,,11.0,Shohei Ohtani grounds out to first baseman Carlos Santana.,R,L,R,LAA,KC,X,3.0,ground_ball,3,2,2022,-0.49,1.48,-0.33,3.87,,,,0,4,Bot,154.73,164.14,,,,,3.9310417651677554,-133.17012095446046,-3.560022059700006,-6.653722411685189,30.112080023761347,-14.012560675994596,3.48,1.63,4.0,86.7,-43.0,90.9,2039.0,6.0,663442,595956,467793,593160,656896,677951,643217,572191,669004,54.49,0.087,0.088,0.0,1.0,0.0,0.0,2.0,31,6,4-Seam Fastball,0,5,0,5,5,0,0,5,Infield shade,Standard,204.0,-0.019,-0.333,,,0.087,0.333,88.0,-5,-5,0.097,0.097,25,27,25,28,2,1,6.0,1.0,7.0,1.0,1.25,0.49,-0.49,58.2,,,,,
CU,2022-06-21,78.6,-1.85,5.43,"Ohtani, Shohei",660271,605130,home_run,hit_into_play,,,,,6.0,Shohei Ohtani homers (15) on a fly ball to right field. Tyler Wade scores. Mike Trout scores.,R,L,R,LAA,KC,X,,fly_ball,2,2,2022,1.36,-0.76,0.45,2.3,,642180.0,545361.0,1,9,Bot,229.66,53.65,,,,,2.4839799682717727,-114.35431800847076,1.5949157853666238,11.350337526263788,23.38966071842887,-39.36286988812729,3.48,1.63,438.0,113.5,32.0,79.3,2461.0,7.1,663442,669004,467793,593160,656896,677951,643217,572191,664728,53.44,0.9735,2.0,2.0,1.0,0.0,3.0,6.0,81,5,Curveball,7,10,7,10,10,10,10,10,Standard,Strategic,54.0,0.476,1.244,,,3.8925,-1.244,113.5,-3,-3,0.106,0.106,29,27,30,28,1,4,1.0,1.0,3.0,1.0,4.49,-1.36,1.36,34.5,,,,,
FC,2022-06-21,88.4,-2.21,5.73,"Ohtani, Shohei",660271,596043,sac_fly,hit_into_play,,,,,6.0,Shohei Ohtani out on a sacrifice fly to left fielder Andrew Benintendi. Tyler Wade scores.,R,L,R,LAA,KC,X,7.0,fly_ball,2,1,2022,0.33,0.76,0.63,2.71,642180.0,,621493.0,1,11,Bot,86.21,86.77,,,,,6.261542331929889,-128.60945118469755,-2.910872355018039,2.4363705673318385,25.238840298970455,-23.319635260604525,3.48,1.63,297.0,84.6,34.0,88.8,2130.0,6.4,663442,669004,467793,593160,670032,677951,643217,572191,664728,54.08,0.013,0.012,0.0,1.0,0.0,0.0,3.0,99,4,Cutter,10,12,10,12,12,11,11,12,Standard,Strategic,192.0,-0.136,-0.202,,,0.023,0.202,88.0,-2,-2,0.235,0.235,29,27,29,28,1,5,7.0,1.0,1.0,1.0,2.14,-0.33,0.33,41.4,,,,,
FF,2022-06-21,94.3,-1.72,6.23,"Ohtani, Shohei",660271,669169,single,hit_into_play,,,,,11.0,Shohei Ohtani singles on a line drive to center fielder Michael A. Taylor.,R,L,R,LAA,KC,X,8.0,line_drive,0,0,2022,-1.01,1.4,-1.4,2.82,,,,2,1,Bot,95.89,89.03,,,,,3.047776247696893,-137.11455021667024,-6.189004362758394,-13.325436737174382,34.43500329954203,-13.386937023570129,3.48,1.63,264.0,76.2,29.0,93.5,2325.0,6.2,663442,521692,467793,593160,656896,677951,643217,572191,669004,54.32,0.374,0.35,0.9,1.0,1.0,0.0,3.0,8,1,4-Seam Fastball,0,1,0,1,1,0,0,1,Infield shade,Standard,211.0,0.013,0.305,,,0.436,-0.305,88.0,-1,-1,0.407,0.407,25,27,25,28,1,0,6.0,1.0,7.0,1.0,1.2,1.01,-1.01,51.4,,,,,
SL,2022-06-21,82.2,1.86,5.48,"Ohtani, Shohei",660271,642100,sac_fly,hit_into_play,,,,,13.0,Shohei Ohtani out on a sacrifice fly to center fielder Michael A. Taylor. Tyler Wade scores.,R,L,L,LAA,KC,X,8.0,line_drive,1,1,2022,-0.37,0.02,-0.87,2.37,642180.0,,621493.0,1,7,Bot,121.09,76.2,,,,,-5.461712963763523,-119.69616244543488,-0.5906981998752696,-2.5949301730710297,21.79805852532461,-32.08693456235837,3.48,1.63,306.0,84.9,26.0,82.3,2167.0,6.2,663442,669004,467793,593160,656896,677951,643217,572191,664728,54.32,0.092,0.088,0.0,1.0,0.0,0.0,3.0,62,3,Slider,5,7,5,7,7,6,6,7,Standard,Standard,266.0,-0.021,-0.145,,,0.134,0.145,88.0,-2,-2,0.328,0.328,27,27,27,28,1,3,4.0,1.0,,1.0,3.33,-0.37,-0.37,30.1,,,,,
CU,2022-06-20,80.2,1.43,5.9,"Ohtani, Shohei",660271,663460,single,hit_into_play,,,,,7.0,Shohei Ohtani singles on a ground ball to second baseman Whit Merrifield.,R,L,L,LAA,KC,X,4.0,ground_ball,1,2,2022,-0.92,-1.22,-0.43,2.15,,,,2,3,Bot,149.82,149.6,,,,,-2.3968285442775388,-116.66678831490152,0.7832629623702267,-7.808307033361241,24.03100431929211,-43.63962030188144,3.47,1.63,2.0,68.7,-48.0,79.8,2667.0,6.3,663443,521692,641531,593160,670032,677951,643217,572191,664728,54.23,0.208,0.204,0.9,1.0,1.0,0.0,2.0,24,4,Curveball,1,2,1,2,2,1,1,2,Infield shade,Strategic,334.0,0.017,0.38,,,0.218,-0.38,88.0,-1,-1,0.387,0.387,24,27,25,28,2,1,6.0,1.0,7.0,1.0,4.79,-0.92,-0.92,45.2,,,,,
FF,2022-06-20,92.9,-1.91,5.26,"Ohtani, Shohei",660271,605130,field_out,hit_into_play,,,,,9.0,Shohei Ohtani lines out sharply to right fielder Kyle Isbel.,R,L,R,LAA,KC,X,9.0,line_drive,0,1,2022,0.07,0.78,0.64,2.14,,,,1,8,Bot,173.39,86.3,,,,,6.432087384149874,-135.1719811979071,-3.95358955591428,-0.5237158364816338,30.283396610665097,-21.90836430969288,3.47,1.63,303.0,106.9,18.0,93.8,2379.0,6.9,663443,521692,641531,593160,670032,677951,643217,572191,664728,53.61,0.5236000000000001,0.8187999999999999,0.0,1.0,0.0,0.0,6.0,64,2,4-Seam Fastball,2,6,2,6,6,2,2,6,Infield shade,Strategic,216.0,-0.008,-0.208,,,1.4627499999999998,0.208,106.9,-4,-4,0.027,0.027,29,27,30,28,1,3,2.0,1.0,1.0,1.0,1.86,-0.07,0.07,25.8,,,,,
KC,2022-06-19,78.1,-1.2,6.18,"Ohtani, Shohei",660271,669302,field_out,hit_into_play,,,,,8.0,Shohei Ohtani flies out to left fielder Jesse Winker.,R,L,R,SEA,LAA,X,7.0,fly_ball,0,0,2022,0.48,-0.7,-0.23,1.81,,,642180.0,2,6,Top,57.29,128.23,,,,,1.2240716229988655,-113.8926112772534,-1.3204063387242846,4.020697206599248,19.877007410339633,-38.232445222790616,3.46,1.63,245.0,85.6,46.0,79.8,2051.0,7.2,662169,663728,664034,647351,553993,641487,608385,677594,664238,53.28,0.001,0.0,0.0,1.0,0.0,0.0,3.0,41,1,Knuckle Curve,0,2,2,0,2,0,2,0,Infield shift,Standard,30.0,0.018,-0.26,,,0.001,0.26,88.0,-2,2,0.242,0.758,25,27,25,28,3,2,5.0,1.0,6.0,1.0,4.4,-0.48,0.48,49.1,,,,,
FF,2022-06-19,96.6,-1.01,6.17,"Ohtani, Shohei",660271,669302,field_out,hit_into_play,,,,,1.0,Shohei Ohtani lines out sharply to center fielder Julio Rodriguez.,R,L,R,SEA,LAA,X,8.0,line_drive,0,2,2022,-0.67,1.35,-0.75,2.98,,,,0,4,Top,105.43,73.19,,,,,2.2741066026815644,-140.64842794759878,-6.206358510377383,-9.48275892301645,30.0757786420971,-13.004072829837703,3.46,1.63,317.0,101.6,16.0,99.2,2012.0,7.6,662169,663728,664034,647351,553993,641487,608385,677594,664238,52.9,0.55,0.589,0.0,1.0,0.0,0.0,4.0,22,4,4-Seam Fastball,0,2,2,0,2,0,2,0,Infield shift,Standard,202.0,0.012,-0.157,,,0.837,0.157,101.6,-2,2,0.277,0.723,25,27,25,28,2,1,5.0,1.0,6.0,1.0,1.08,0.67,-0.67,51.9,,,,,
FF,2022-06-19,96.2,-0.84,6.32,"Ohtani, Shohei",660271,669302,field_out,hit_into_play,,,,,6.0,Shohei Ohtani flies out to center fielder Julio Rodriguez.,R,L,R,SEA,LAA,X,8.0,fly_ball,2,1,2022,-0.44,1.55,0.45,2.29,,,,2,1,Top,111.58,79.31,,,,,4.549068484409228,-139.85995615929136,-8.803014093593,-6.847234726571951,31.56393543653141,-10.036882169037597,3.46,1.63,300.0,99.5,46.0,98.5,2145.0,7.6,662169,663728,664034,647351,553993,641487,608385,677594,664238,52.87,0.016,0.023,0.0,1.0,0.0,0.0,3.0,3,4,4-Seam Fastball,0,0,0,0,0,0,0,0,Infield shift,Standard,195.0,0.011,-0.296,,,0.044,0.296,99.5,0,0,0.537,0.4629999999999999,25,27,25,28,1,0,5.0,1.0,6.0,1.0,0.92,0.44,-0.44,56.9,,,,,
FC,2022-06-18,90.6,-0.87,6.99,"Ohtani, Shohei",660271,623167,field_out,hit_into_play,,,,,3.0,"Shohei Ohtani grounds out, first baseman Ty France to pitcher Chris Flexen.",R,L,R,SEA,LAA,X,3.0,ground_ball,2,2,2022,0.52,1.04,0.32,3.22,650859.0,,,2,5,Top,156.08,161.21,,,,,1.8586756671529656,-131.94030519143794,-5.69953531101997,5.682935003484805,27.096228391107253,-19.07206039786844,3.45,1.62,18.0,92.9,-9.0,90.0,2367.0,5.8,662194,620443,664034,647351,553993,641487,664238,677594,666211,54.67,0.195,0.186,0.0,1.0,0.0,0.0,2.0,37,5,Cutter,1,2,2,1,2,1,2,1,Standard,Standard,184.0,0.038,-0.236,,,0.229,0.236,92.9,-1,1,0.377,0.623,27,27,28,28,3,2,5.0,2.0,6.0,0.0,1.73,-0.52,0.52,64.3,,,,,
CU,2022-06-18,75.0,2.84,6.0,"Ohtani, Shohei",660271,543548,field_out,hit_into_play,,,,,13.0,Shohei Ohtani flies out to center fielder Julio Rodriguez.,R,L,L,SEA,LAA,X,8.0,fly_ball,2,2,2022,-0.47,-0.48,-0.99,1.93,,,,2,3,Top,122.74,74.94,,,,,-7.031302935063096,-109.017577664113,-0.407347762345763,-2.549654386843347,18.43482131599809,-36.192077335283315,3.45,1.62,309.0,89.8,39.0,74.5,2398.0,5.9,662170,663728,664034,647351,553993,641487,624428,677594,664238,54.63,0.016,0.019,0.0,1.0,0.0,0.0,3.0,22,5,Curveball,0,1,1,0,1,0,1,0,Infield shift,Standard,320.0,0.01,-0.216,,,0.03,0.216,89.8,-1,1,0.427,0.573,35,27,35,28,1,1,,0.0,4.0,1.0,4.53,-0.47,-0.47,44.0,,,,,
SL,2022-06-18,88.8,-0.69,5.89,"Ohtani, Shohei",660271,650895,field_out,hit_into_play,,,,,6.0,Shohei Ohtani flies out sharply to center fielder Julio Rodriguez.,R,L,R,SEA,LAA,X,8.0,fly_ball,2,2,2022,0.28,0.57,0.48,2.2,,,,2,10,Top,126.97,47.52,,,,,2.249019035107545,-129.53309168967408,-4.244906362216183,2.7989924733249576,21.734531146555792,-25.151500447580677,3.45,1.62,374.0,114.4,42.0,87.9,2241.0,5.2,662194,663728,664034,647351,553993,641487,608385,677594,664238,55.35,0.49,1.014,0.0,1.0,0.0,0.0,6.0,77,5,Slider,2,4,4,2,4,2,4,2,Infield shift,Standard,214.0,0.02,-0.216,,,1.955,0.216,114.4,-2,2,0.191,0.8089999999999999,28,27,28,28,1,4,4.0,2.0,5.0,0.0,2.26,-0.28,0.28,32.9,,,,,
FF,2022-06-18,93.7,-1.07,7.01,"Ohtani, Shohei",660271,623167,field_out,hit_into_play,,,,,11.0,Shohei Ohtani lines out sharply to left fielder Dylan Moore.,R,L,R,SEA,LAA,X,7.0,line_drive,1,2,2022,-0.42,1.52,-1.08,2.95,,,,2,1,Top,86.62,96.83,,,,,0.8955311817609151,-136.25957862773438,-8.022789422087605,-5.4399575439097525,30.16603537654016,-11.723408248830882,3.45,1.62,295.0,100.2,14.0,92.9,2117.0,5.9,662194,620443,664034,647351,553993,641487,664238,677594,666211,54.62,0.808,0.81,0.0,1.0,0.0,0.0,4.0,3,4,4-Seam Fastball,0,0,0,0,0,0,0,0,Infield shift,Standard,201.0,0.008,-0.181,,,1.04,0.181,100.2,0,0,0.54,0.4599999999999999,27,27,28,28,1,0,5.0,2.0,6.0,0.0,1.08,0.42,-0.42,62.6,,,,,
FF,2022-06-18,88.5,-3.72,4.25,"Ohtani, Shohei",660271,682171,field_out,hit_into_play,,,,,5.0,Shohei Ohtani flies out sharply to left fielder Adam Frazier.,R,L,R,SEA,LAA,X,7.0,fly_ball,2,0,2022,-0.01,0.57,-0.01,2.46,,,,2,1,Top,42.6,88.82,,,,,9.048062060514962,-128.68866967829976,0.516283536772295,-1.8607286343761211,25.616603960722404,-26.155259002792636,3.45,1.62,341.0,100.6,38.0,88.5,2165.0,6.3,662170,663728,664034,647351,553993,641487,624428,677594,664238,54.24,0.3073846153846153,0.6068461538461538,0.0,1.0,0.0,0.0,5.0,3,3,4-Seam Fastball,0,0,0,0,0,0,0,0,Infield shift,Standard,245.0,0.014,-0.355,,,1.1940000000000002,0.355,100.6,0,0,0.534,0.4659999999999999,28,27,28,28,1,0,1.0,0.0,4.0,1.0,2.34,0.01,-0.01,2.1,,,,,
FS,2022-06-18,83.7,-0.87,6.34,"Ohtani, Shohei",660271,657024,field_out,hit_into_play,,,,,5.0,Shohei Ohtani flies out sharply to right fielder Dylan Moore.,R,L,R,SEA,LAA,X,9.0,fly_ball,0,0,2022,-0.98,0.16,0.13,2.47,,,,0,8,Top,182.84,70.39,,,,,4.304177340867994,-121.87900314593,-2.8219619597692582,-10.625497727829684,24.907597680491115,-30.250426387006883,3.45,1.62,347.0,107.7,42.0,84.4,1136.0,6.8,662194,663728,664034,647351,553993,641487,608385,677594,664238,53.73,0.363,0.747,0.0,1.0,0.0,0.0,6.0,60,1,Split-Finger,2,2,2,2,2,2,2,2,Infield shift,Standard,224.0,0.046,-0.247,,,1.455,0.247,107.7,0,0,0.5,0.5,28,27,29,28,1,3,4.0,2.0,3.0,0.0,3.1,0.98,-0.98,52.6,,,,,
FF,2022-06-16,95.6,-1.45,5.79,"Ohtani, Shohei",660271,669923,single,hit_into_play,,,,,6.0,Shohei Ohtani singles on a sharp ground ball to left fielder Jesse Winker.,R,L,R,SEA,LAA,X,7.0,ground_ball,3,2,2022,-0.66,1.12,0.48,2.76,,,,2,5,Top,78.0,109.5,,,,,6.61283114973322,-139.09371449408673,-4.964522941401476,-9.946060670728787,28.686406264931936,-16.713723608777222,3.45,1.61,29.0,104.3,-4.0,96.6,2042.0,6.7,662172,663728,664238,624428,647351,641487,608385,677594,666211,53.81,0.35,0.336,0.9,1.0,1.0,0.0,2.0,37,6,4-Seam Fastball,0,2,2,0,2,0,2,0,Infield shift,Standard,218.0,-0.009,0.259,,,0.372,-0.259,104.3,-2,2,0.279,0.721,24,27,24,28,3,2,5.0,1.0,6.0,2.0,1.36,0.66,-0.66,34.8,,,,,
CH,2022-06-16,86.4,-1.46,5.6,"Ohtani, Shohei",660271,669923,single,hit_into_play,,,,,5.0,Shohei Ohtani singles on a sharp ground ball to right fielder Taylor Trammell.,R,L,R,SEA,LAA,X,9.0,ground_ball,0,1,2022,-1.16,0.2,-0.08,2.6,,,,2,3,Top,149.12,128.58,,,,,5.711999856329533,-125.8140717237817,-1.376214144974388,-13.490571649348212,23.813062647259567,-29.99203457903725,3.45,1.61,55.0,103.6,1.0,87.5,1446.0,6.8,662172,663728,664238,624428,647351,641487,608385,677594,666211,53.73,0.489,0.441,0.9,1.0,1.0,0.0,4.0,21,2,Changeup,0,2,2,0,2,0,2,0,Infield shift,Standard,246.0,-0.011,0.349,,,0.52,-0.349,103.6,-2,2,0.32,0.6799999999999999,24,27,24,28,2,1,5.0,1.0,6.0,2.0,2.83,1.16,-1.16,29.9,,,,,
KC,2022-06-16,81.6,-1.54,5.86,"Ohtani, Shohei",660271,669923,force_out,hit_into_play,,,,,5.0,"Shohei Ohtani grounds into a force out, pitcher George Kirby to shortstop J.  P. Crawford.   Mike Trout out at 2nd.    Shohei Ohtani to 1st.",R,L,R,SEA,LAA,X,1.0,ground_ball,0,0,2022,1.01,-1.07,0.11,2.26,,,545361.0,1,1,Top,127.69,179.97,,,,,1.772799421281296,-118.7939327949661,0.6029735174840885,9.168717113260229,24.254496419778505,-42.577673664642155,3.45,1.61,3.0,79.8,-38.0,82.0,2237.0,6.7,662172,663728,664238,624428,647351,641487,608385,677594,666211,53.83,0.076,0.079,0.0,1.0,0.0,0.0,2.0,3,1,Knuckle Curve,0,0,0,0,0,0,0,0,Infield shift,Standard,46.0,0.028,-0.314,,,0.076,0.314,88.0,0,0,0.498,0.502,24,27,24,28,1,0,5.0,1.0,6.0,2.0,4.51,-1.01,1.01,36.5,,,,,
SL,2022-06-16,87.3,1.75,5.66,"Ohtani, Shohei",660271,621366,field_out,hit_into_play,,,,,12.0,"Shohei Ohtani grounds out, second baseman Adam Frazier to first baseman Dylan Moore.",R,L,L,SEA,LAA,X,4.0,ground_ball,1,1,2022,-0.05,0.3,0.98,2.83,,,,2,7,Top,150.5,151.07,,,,,-1.755991596662806,-127.21102412110396,-1.3506260752082109,-0.2527165911302213,23.98025960632495,-28.794699696631262,3.45,1.61,102.0,88.3,6.0,88.1,2320.0,6.5,662172,663728,664238,624428,647351,641487,608385,677594,666211,53.96,0.466,0.443,0.0,1.0,0.0,0.0,4.0,53,3,Slider,0,4,4,0,4,0,4,0,Infield shift,Standard,177.0,0.003,-0.241,,,0.538,0.241,88.3,-4,4,0.068,0.932,28,27,28,28,1,3,3.0,1.0,3.0,2.0,2.66,-0.05,-0.05,28.0,,,,,
FC,2022-06-15,86.9,2.18,5.85,"Ohtani, Shohei",660271,542881,triple,hit_into_play,,,,,2.0,Shohei Ohtani triples (1) on a line drive to right fielder Mookie Betts.,R,L,L,LAD,LAA,X,9.0,line_drive,0,0,2022,-0.14,0.69,-0.23,2.98,,,,1,9,Top,209.69,112.89,,,,,-5.4664276899926705,-126.4474955915914,-2.1194750777239104,-0.4525941618959578,24.886510420241073,-24.55046138689719,3.43,1.61,296.0,98.2,19.0,87.1,2506.0,6.4,662694,669257,518692,666158,571970,607208,621035,641355,605141,54.13,0.342,0.404,1.6,1.0,1.0,2.0,4.0,63,1,Cutter,4,0,0,4,0,4,0,4,Infield shift,Standard,156.0,-0.011,1.137,,,0.611,-1.137,98.2,4,-4,0.994,0.006,32,27,33,28,4,3,6.0,1.0,7.0,1.0,2.32,-0.14,-0.14,44.5,,,,,
SI,2022-06-15,87.8,3.03,5.21,"Ohtani, Shohei",660271,542881,field_out,hit_into_play,,,,,12.0,"Shohei Ohtani grounds out, shortstop Trea Turner to first baseman Freddie Freeman.",R,L,L,LAD,LAA,X,6.0,ground_ball,0,0,2022,1.35,0.51,1.12,2.53,,,,0,7,Top,137.66,142.89,,,,,-7.3644604834533585,-127.75755392329782,-1.4152655911033396,16.304885229564,26.114917694053855,-26.52169933348344,3.43,1.61,6.0,78.9,-21.0,87.3,2213.0,5.9,662694,669257,518692,666158,571970,607208,621035,641355,605141,54.55,0.037,0.052,0.0,1.0,0.0,0.0,2.0,47,1,Sinker,4,0,0,4,0,4,0,4,Infield shift,Standard,124.0,0.015,-0.247,,,0.037,0.247,88.0,4,-4,0.941,0.059,32,27,33,28,3,2,6.0,1.0,7.0,1.0,2.45,1.35,1.35,19.6,,,,,
FS,2022-06-14,84.9,-1.06,6.15,"Ohtani, Shohei",660271,664062,field_out,hit_into_play,,,,,7.0,"Shohei Ohtani grounds out sharply, pitcher Tony Gonsolin to third baseman Max Muncy to first baseman Freddie Freeman.",R,L,R,LAD,LAA,X,1.0,ground_ball,0,2,2022,-0.91,-0.3,-0.61,1.78,,,621493.0,2,6,Top,128.8,179.89,,,,,2.8669744336609613,-123.67420418426316,-3.2908305668016435,-9.93492734497305,25.249769656218763,-34.75314664730446,3.43,1.61,9.0,105.1,-10.0,84.6,1446.0,6.1,662611,669257,518692,666158,571970,607208,621035,641355,605141,54.42,0.313,0.304,0.0,1.0,0.0,0.0,2.0,41,3,Split-Finger,1,0,0,1,0,1,0,1,Infield shift,Standard,247.0,0.024,-0.161,,,0.344,0.161,105.1,1,-1,0.716,0.284,28,27,28,28,3,2,6.0,3.0,7.0,1.0,3.46,0.91,-0.91,42.3,,,,,
FF,2022-06-14,92.5,-0.78,6.26,"Ohtani, Shohei",660271,664062,single,hit_into_play,,,,,5.0,Shohei Ohtani singles on a sharp ground ball to right fielder Mookie Betts.,R,L,R,LAD,LAA,X,9.0,ground_ball,0,0,2022,-0.58,1.51,-0.16,2.27,,,,1,4,Top,165.63,103.46,,,,,2.8172035418606347,-134.49918278528213,-7.605748527216767,-7.607524269808247,31.151326420298947,-12.36322498026396,3.43,1.61,117.0,114.4,6.0,92.0,2269.0,6.2,662611,669257,518692,666158,571970,607208,621035,641355,605141,54.28,0.724,0.687,0.9,1.0,1.0,0.0,5.0,21,1,4-Seam Fastball,0,0,0,0,0,0,0,0,Infield shift,Standard,208.0,-0.03,0.415,,,0.837,-0.415,114.4,0,0,0.527,0.473,28,27,28,28,2,1,6.0,3.0,7.0,1.0,1.17,0.58,-0.58,47.8,,,,,
FS,2022-06-14,83.3,-1.08,6.2,"Ohtani, Shohei",660271,664062,field_out,hit_into_play,,,,,5.0,Shohei Ohtani flies out to left fielder Chris Taylor.,R,L,R,LAD,LAA,X,7.0,fly_ball,2,2,2022,-0.79,-0.11,0.18,2.63,,,545361.0,1,1,Top,86.97,117.13,,,,,4.446491956617759,-121.40363274260132,-1.6044368499237258,-8.690022751689238,21.731191277027243,-33.134476936936565,3.43,1.61,228.0,84.5,53.0,83.4,1333.0,6.1,662611,669257,518692,666158,571970,607208,621035,641355,605141,54.44,0.018,0.017,0.0,1.0,0.0,0.0,3.0,3,5,Split-Finger,0,0,0,0,0,0,0,0,Infield shift,Standard,243.0,0.025,-0.23,,,0.024,0.23,88.0,0,0,0.501,0.499,28,27,28,28,1,0,6.0,3.0,7.0,1.0,3.36,0.79,-0.79,43.3,,,,,
KC,2022-06-14,84.8,-3.1,4.85,"Ohtani, Shohei",660271,518886,double,hit_into_play,,,,,13.0,Shohei Ohtani doubles (13) on a line drive to center fielder Cody Bellinger.   Mike Trout to 3rd.,R,L,R,LAD,LAA,X,8.0,line_drive,0,0,2022,0.65,-0.79,-0.36,1.42,,,545361.0,1,9,Top,144.33,112.67,,,,,5.10019738088474,-123.36354966510538,-0.071422858586879,5.608648872940008,25.38760108258479,-40.47004012556959,3.43,1.61,223.0,94.5,15.0,85.0,2522.0,6.5,662611,669257,518692,666158,571970,607208,621035,641355,605141,53.96,0.784,0.785,1.25,1.0,1.0,1.0,4.0,62,1,Knuckle Curve,2,0,0,2,0,2,0,2,Infield shift,Standard,51.0,-0.151,0.768,,,1.025,-0.768,94.5,2,-2,0.91,0.0899999999999999,34,27,34,28,1,3,3.0,3.0,1.0,1.0,3.97,-0.65,0.65,23.9,,,,,
SL,2022-06-11,84.8,-1.48,5.76,"Ohtani, Shohei",660271,471911,home_run,hit_into_play,,,,,5.0,Shohei Ohtani homers (13) on a fly ball to right center field.    Mike Trout scores.,R,L,R,LAA,NYM,X,,fly_ball,0,0,2022,-0.03,0.19,0.16,2.46,,545361.0,,1,5,Bot,172.56,49.45,,,,,3.893636337559345,-123.49315068260428,-1.8226888961938212,-0.9905927108655896,22.384022287354885,-30.057222369873543,3.44,1.61,388.0,113.5,21.0,85.1,2413.0,6.2,663412,621512,624413,641645,500871,596019,592192,607043,643446,54.26,0.9543333333333334,1.8305,2.0,1.0,0.0,3.0,6.0,41,1,Slider,3,0,3,0,0,5,5,0,Infield shift,Strategic,265.0,0.064,1.292,,,3.5265,-1.292,113.5,3,3,0.893,0.893,35,27,35,28,3,2,5.0,1.0,6.0,3.0,2.95,0.03,-0.03,32.4,,,,,
SI,2022-06-11,94.7,-1.36,5.84,"Ohtani, Shohei",660271,471911,single,hit_into_play,,,,,4.0,Shohei Ohtani singles on a sharp ground ball to left fielder Mark Canha.,R,L,R,LAA,NYM,X,7.0,ground_ball,0,0,2022,-1.37,0.57,-0.44,2.58,,,,1,3,Bot,78.66,112.05,,,,,5.458895606209964,-137.75968888759246,-4.075771040467463,-18.61549603581686,32.48854341722288,-24.19181884293756,3.44,1.61,41.0,108.1,-2.0,94.5,2117.0,6.3,663412,621512,624413,641645,500871,596019,592192,607043,643446,54.15,0.476,0.442,0.9,1.0,1.0,0.0,4.0,24,1,Sinker,3,0,3,0,0,3,3,0,Infield shift,Strategic,220.0,0.012,0.415,,,0.511,-0.415,108.1,3,3,0.828,0.828,35,27,35,28,2,1,5.0,1.0,6.0,3.0,1.99,1.37,-1.37,34.6,,,,,
FF,2022-06-11,93.4,-1.52,5.79,"Ohtani, Shohei",660271,471911,double,hit_into_play,,,,,2.0,"Shohei Ohtani doubles (12) on a fly ball to right fielder Jeff McNeil.   Brandon Marsh scores.    Shohei Ohtani to 3rd.  Shohei Ohtani advances to 3rd, on a throwing error by second baseman Luis Guillorme.",R,L,R,LAA,NYM,X,9.0,fly_ball,0,2,2022,-0.64,1.36,0.26,2.99,,,669016.0,1,1,Bot,169.85,62.31,,,,,6.017203054012371,-135.91847138089793,-4.469415565953547,-9.214055221572254,29.129704181231514,-14.551486342929564,3.44,1.61,355.0,99.7,24.0,93.7,2258.0,6.4,663412,621512,624413,641645,500871,596019,592192,607043,643446,54.09,0.44988,0.76236,1.25,1.0,1.0,1.0,6.0,7,3,4-Seam Fastball,0,0,0,0,0,1,1,0,Infield shift,Standard,221.0,0.147,0.867,,,1.4074799999999998,-0.867,99.7,0,0,0.541,0.541,35,27,35,28,1,0,5.0,1.0,6.0,3.0,1.25,0.64,-0.64,31.7,,,,,
SL,2022-06-10,85.0,-2.71,5.72,"Ohtani, Shohei",660271,656731,field_out,hit_into_play,,,,,13.0,Shohei Ohtani grounds out to first baseman Pete Alonso.   Juan Lagares to 2nd.,R,L,R,LAA,NYM,X,3.0,ground_ball,2,2,2022,0.39,-0.24,-0.61,1.09,,,501571.0,0,3,Bot,149.72,174.81,,,,,4.242560380167715,-123.666476395613,-4.053950733822715,3.0270219482084397,26.550734359566697,-33.98109852451101,3.44,1.61,3.0,79.2,-18.0,86.4,2289.0,7.4,663390,621512,624413,641645,500871,596019,592192,607043,643446,53.14,0.053,0.06,0.0,1.0,0.0,0.0,2.0,27,5,Slider,2,3,2,3,3,2,2,3,Infield shift,Standard,39.0,-0.017,-0.327,,,0.067,0.327,88.0,-1,-1,0.477,0.477,26,27,27,28,2,1,30.0,1.0,6.0,1.0,3.42,-0.39,0.39,34.6,,,,,
SL,2022-06-10,85.2,1.7,5.84,"Ohtani, Shohei",660271,656849,single,hit_into_play,,,,,1.0,Shohei Ohtani singles on a line drive to right fielder Jeff McNeil.,R,L,L,LAA,NYM,X,9.0,line_drive,1,2,2022,-0.9,0.06,-0.55,3.37,,,,2,5,Bot,154.62,102.87,,,,,-3.511490489829748,-124.05081705126386,0.4553800497114471,-8.464306005210666,26.865156613719726,-31.936636688342595,3.44,1.61,155.0,101.6,7.0,86.1,2385.0,7.0,663390,621512,624413,641645,500871,596019,592192,607043,643446,53.5,0.65,0.606,0.9,1.0,1.0,0.0,4.0,44,6,Slider,2,4,2,4,4,2,2,4,Infield shift,Standard,297.0,0.021,0.38,,,0.736,-0.38,101.6,-2,-2,0.231,0.231,26,27,27,28,1,2,6.0,1.0,5.0,1.0,3.1,-0.9,-0.9,31.6,,,,,
FF,2022-06-10,96.7,-2.09,5.75,"Ohtani, Shohei",660271,622098,field_out,hit_into_play,,,,,6.0,"Shohei Ohtani grounds out, second baseman Luis Guillorme to first baseman Pete Alonso.",R,L,R,LAA,NYM,X,4.0,ground_ball,2,1,2022,-0.42,1.54,0.56,2.66,,,,1,7,Bot,156.38,150.01,,,,,7.98710481474571,-140.47038239162637,-6.103926970534193,-7.498273278954159,34.188612277063285,-10.593546167954935,3.44,1.61,39.0,93.6,-1.0,95.8,2418.0,6.0,663390,621512,624413,641645,500871,596019,592192,607043,643446,54.46,0.318,0.305,0.0,1.0,0.0,0.0,2.0,63,4,4-Seam Fastball,3,7,3,7,7,3,3,7,Infield shift,Standard,208.0,-0.013,-0.286,,,0.388,0.286,93.6,-4,-4,0.055,0.055,28,27,29,28,1,3,4.0,1.0,4.0,1.0,0.92,0.42,-0.42,39.6,,,,,
CH,2022-06-10,92.1,-2.8,5.5,"Ohtani, Shohei",660271,656731,field_out,hit_into_play,,,,,7.0,Shohei Ohtani flies out to left fielder Mark Canha.,R,L,R,LAA,NYM,X,7.0,fly_ball,2,1,2022,-1.47,0.44,-0.36,1.95,,,,1,1,Bot,65.2,89.55,,,,,9.577988560009818,-133.78785961706637,-4.182079218976508,-19.677718232167095,29.344214564218927,-26.10026401021854,3.44,1.61,310.0,92.7,45.0,93.8,1775.0,7.4,663390,621512,624413,641645,500871,596019,592192,607043,643446,53.07,0.011,0.02,0.0,1.0,0.0,0.0,3.0,6,4,Changeup,0,0,0,0,0,0,0,0,Infield shift,Standard,238.0,-0.019,-0.286,,,0.033,0.286,92.7,0,0,0.529,0.529,26,27,27,28,1,0,30.0,1.0,6.0,1.0,2.26,1.47,-1.47,31.3,,,,,
FF,2022-06-09,92.1,-1.04,6.9,"Ohtani, Shohei",660271,601713,home_run,hit_into_play,,,,,2.0,Shohei Ohtani homers (12) on a fly ball to center field.   Juan Lagares scores.,R,L,R,LAA,BOS,X,,fly_ball,1,1,2022,-0.33,1.78,0.0,3.07,,,501571.0,1,5,Bot,85.9,44.77,,,,,3.4207501945642544,-133.94333506620595,-7.846833177173824,-4.754319186184159,29.487243890400404,-9.292174478375564,3.46,1.61,394.0,104.4,27.0,93.3,2235.0,7.1,663413,543877,666915,624414,646240,660620,657077,598265,614173,53.4,0.7637968749999996,1.5247187499999997,2.0,1.0,0.0,3.0,6.0,39,3,4-Seam Fastball,0,1,0,1,1,2,2,1,Infield shift,Standard,194.0,0.269,1.472,,,2.9618749999999996,-1.472,104.4,-1,-1,0.418,0.418,29,27,29,28,3,2,5.0,1.0,5.0,1.0,0.92,0.33,-0.33,61.2,,,,,
ST,2022-06-09,79.4,2.93,5.82,"Ohtani, Shohei",660271,656354,single,hit_into_play,,,,,2.0,Shohei Ohtani singles on a sharp line drive to right fielder Franchy Cordero.,R,L,L,LAA,BOS,X,9.0,line_drive,0,0,2022,-1.19,0.43,0.14,3.54,,,,0,7,Bot,175.47,87.69,,,,,-3.882315932,-115.62647482471284,0.9642509957104102,-9.918206119106614,21.564537145892164,-28.68723275436879,3.46,1.61,253.0,104.1,13.0,79.1,2361.0,6.1,663413,543877,666915,624414,646240,660620,657077,598265,614173,54.43,0.863,0.884,0.9,1.0,1.0,0.0,4.0,56,1,Sweeper,5,1,5,1,1,5,5,1,Infield shift,Standard,269.0,0.004,0.44,,,1.171,-0.44,104.1,4,4,0.971,0.971,29,27,29,28,1,3,2.0,1.0,2.0,1.0,3.18,-1.19,-1.19,32.0,,,,,
FC,2022-06-08,90.6,-2.38,5.72,"Ohtani, Shohei",660271,543135,single,hit_into_play,,,,,2.0,Shohei Ohtani singles on a line drive to right fielder Christian Arroyo.,R,L,R,LAA,BOS,X,9.0,line_drive,0,1,2022,0.16,1.07,0.02,2.94,,,,1,5,Bot,173.75,97.78,,,,,5.686060569226899,-131.8940813363144,-3.3118256958233476,0.6915938750176993,28.02291585740019,-19.219018934028355,3.46,1.61,178.0,99.0,12.0,91.0,2275.0,6.5,663398,608700,543877,596115,666915,593428,657077,598265,624414,54.0,0.918,0.887,0.9,1.0,1.0,0.0,4.0,40,2,Cutter,0,0,0,0,0,0,0,0,Infield shift,Standard,162.0,0.035,0.453,,,1.105,-0.453,99.0,0,0,0.534,0.534,32,27,32,28,3,2,5.0,1.0,37.0,1.0,1.71,-0.16,0.16,32.4,,,,,
FS,2022-06-08,87.0,-2.45,5.8,"Ohtani, Shohei",660271,543135,field_out,hit_into_play,,,,,8.0,"Shohei Ohtani grounds out sharply, third baseman Bobby Dalbec to first baseman Christian Vazquez.",R,L,R,LAA,BOS,X,5.0,ground_ball,1,1,2022,-0.97,-0.14,-0.28,1.86,,,,0,3,Bot,108.71,157.13,,,,,7.211187196128167,-126.55689886745816,-3.0337391384289045,-11.82218110384124,23.551600496121228,-33.28989404183833,3.46,1.61,12.0,106.4,-7.0,87.5,1604.0,6.4,663398,608700,543877,596115,666915,593428,657077,598265,624414,54.07,0.332,0.328,0.0,1.0,0.0,0.0,2.0,21,3,Split-Finger,0,0,0,0,0,0,0,0,Infield shift,Standard,235.0,-0.024,-0.236,,,0.347,0.236,106.4,0,0,0.554,0.554,32,27,32,28,2,1,5.0,1.0,37.0,1.0,3.13,0.97,-0.97,33.2,,,,,
FF,2022-06-07,95.1,-1.39,5.77,"Ohtani, Shohei",660271,676477,field_out,hit_into_play,,,,,3.0,Shohei Ohtani flies out to center fielder Enrique Hernandez.,R,L,R,LAA,BOS,X,8.0,fly_ball,1,1,2022,-1.1,1.28,0.68,3.29,,,,0,3,Bot,123.31,93.84,,,,,8.079043290991294,-138.16311007933254,-3.753379172733711,-15.942197358220596,32.02754408564532,-15.121163324857632,3.47,1.61,264.0,75.2,35.0,96.7,2133.0,7.4,663391,543877,666915,596115,646240,593428,657077,571771,624414,53.12,0.187,0.168,0.0,1.0,0.0,0.0,3.0,26,3,4-Seam Fastball,3,3,3,3,3,3,3,3,Infield shift,Standard,227.0,-0.024,-0.236,,,0.222,0.236,88.0,0,0,0.554,0.554,26,27,26,28,2,1,6.0,1.0,38.0,1.0,1.25,1.1,-1.1,38.2,,,,,
CH,2022-06-07,84.4,-1.96,5.45,"Ohtani, Shohei",660271,676477,double,hit_into_play,,,,,11.0,Shohei Ohtani doubles (11) on a fly ball to left fielder Alex Verdugo.,R,L,R,LAA,BOS,X,7.0,fly_ball,1,2,2022,-1.59,0.35,-0.9,3.61,,,,1,1,Bot,90.91,48.81,,,,,5.762349185867051,-122.67935658185569,1.530024857539252,-17.218328777563432,26.637385114785296,-29.257932792785432,3.47,1.61,381.0,98.4,27.0,85.8,2049.0,7.5,663391,543877,666915,596115,646240,593428,657077,571771,624414,53.05,0.3933333333333335,0.7109166666666668,1.25,1.0,1.0,1.0,6.0,6,5,Changeup,0,0,0,0,0,0,0,0,Infield shift,Standard,260.0,0.045,0.735,,,1.3434166666666665,-0.735,98.4,0,0,0.522,0.522,26,27,26,28,1,0,6.0,1.0,38.0,1.0,2.88,1.59,-1.59,27.7,,,,,
ST,2022-06-07,81.4,2.71,5.92,"Ohtani, Shohei",660271,656354,field_out,hit_into_play,,,,,13.0,Shohei Ohtani pops out to third baseman Rafael Devers in foul territory.,R,L,L,LAA,BOS,X,5.0,popup,2,2,2022,-0.92,0.22,-0.88,2.41,,,,1,7,Bot,73.05,161.48,,,,,-6.278743926948833,-118.33958387049825,-1.6255832535646857,-7.294990347710524,24.737429564395857,-30.01541138273705,3.47,1.61,150.0,76.2,63.0,81.0,2426.0,6.3,663391,543877,666915,596115,646240,593428,657077,571771,624414,54.22,0.018,0.021,0.0,1.0,0.0,0.0,3.0,63,7,Sweeper,5,5,5,5,5,5,5,5,Infield shift,Standard,300.0,-0.026,-0.212,,,0.028,0.212,88.0,0,0,0.547,0.547,29,27,29,28,1,3,7.0,1.0,2.0,1.0,3.25,-0.92,-0.92,35.6,,,,,
CH,2022-06-06,86.6,-1.34,6.6,"Ohtani, Shohei",660271,608379,field_out,hit_into_play,,,,,13.0,"Shohei Ohtani grounds out, second baseman Trevor Story to first baseman Bobby Dalbec.",R,L,R,LAA,BOS,X,4.0,ground_ball,0,0,2022,-0.89,1.13,-0.84,2.22,,,,2,9,Bot,166.78,142.33,,,,,3.0512226601130363,-125.97339216323832,-6.65670981716934,-10.095942625414416,24.007519333851395,-18.987005117198073,3.49,1.62,12.0,92.0,-10.0,87.5,1468.0,6.7,663399,543877,666915,596115,646240,593428,657077,598265,614173,53.76,0.163,0.156,0.0,1.0,0.0,0.0,2.0,64,1,Changeup,0,1,0,1,1,0,0,1,Infield shift,Standard,247.0,-0.047,-0.256,,,0.177,0.256,92.0,-1,-1,0.047,0.047,30,27,31,28,4,3,6.0,1.0,5.0,1.0,1.89,0.89,-0.89,54.4,,,,,
CH,2022-06-06,85.8,-1.3,6.68,"Ohtani, Shohei",660271,608379,field_out,hit_into_play,,,,,8.0,Shohei Ohtani lines out to first baseman Franchy Cordero.,R,L,R,LAA,BOS,X,3.0,line_drive,3,2,2022,-0.76,1.36,-0.24,1.52,,,,0,4,Bot,168.16,158.85,,,,,4.069927995840031,-124.7009720708602,-8.7127429526369,-8.736688755595251,25.523333887513143,-16.433211809383288,3.49,1.62,147.0,86.3,11.0,86.1,1586.0,6.6,663399,543877,614173,596115,646240,593428,657077,598265,624414,53.88,0.574,0.516,0.0,1.0,0.0,0.0,4.0,28,6,Changeup,0,1,0,1,1,0,0,1,Infield shift,Standard,233.0,-0.037,-0.333,,,0.598,0.333,88.0,-1,-1,0.435,0.435,30,27,31,28,2,1,6.0,1.0,5.0,1.0,1.75,0.76,-0.76,55.3,,,,,
CH,2022-06-06,85.0,-1.32,6.72,"Ohtani, Shohei",660271,608379,single,hit_into_play,,,,,7.0,"Shohei Ohtani singles on a line drive to right fielder Christian Arroyo, deflected by second baseman Trevor Story.",R,L,R,LAA,BOS,X,4.0,line_drive,3,2,2022,-1.35,0.48,-0.33,2.01,,,,1,1,Bot,191.66,117.22,,,,,5.033098194161441,-123.54434537553222,-5.666567661045864,-14.786200663160631,25.258688103279173,-26.31080750014844,3.49,1.62,215.0,93.7,14.0,85.2,1425.0,6.5,663399,543877,614173,596115,646240,593428,657077,598265,624414,53.95,0.939,0.934,0.9,1.0,1.0,0.0,4.0,6,6,Changeup,0,0,0,0,0,0,0,0,Infield shift,Standard,234.0,0.021,0.334,,,1.169,-0.334,93.7,0,0,0.53,0.53,30,27,31,28,1,0,6.0,1.0,5.0,1.0,2.69,1.35,-1.35,54.9,,,,,
FC,2022-06-05,87.5,-2.42,6.25,"Ohtani, Shohei",660271,502043,double,hit_into_play,,,,,12.0,Shohei Ohtani doubles (10) on a sharp line drive to right fielder Nick Castellanos.   Matt Duffy to 3rd.,R,L,R,PHI,LAA,X,9.0,line_drive,3,1,2022,0.3,0.67,0.88,3.18,,,622110.0,0,4,Top,197.12,120.18,,,,,7.405614854114317,-127.3948400200088,-2.747186036749127,1.874187347998555,23.96494220845636,-24.460042310947124,3.51,1.61,181.0,101.4,13.0,88.4,2427.0,6.7,661633,592663,656555,622666,664761,681082,656941,546318,592206,53.85,0.916,0.923,1.25,1.0,1.0,1.0,4.0,25,5,Cutter,0,0,0,0,0,0,0,0,Infield shift,Standard,183.0,-0.095,0.536,,,1.183,-0.536,101.4,0,0,0.43,0.5700000000000001,34,27,35,28,2,1,6.0,1.0,5.0,1.0,2.28,-0.3,0.3,39.6,,,,,
SI,2022-06-05,94.6,1.52,6.15,"Ohtani, Shohei",660271,650911,field_out,hit_into_play,,,,,5.0,"Shohei Ohtani grounds out, shortstop Bryson Stott to first baseman Rhys Hoskins.",R,L,L,PHI,LAA,X,6.0,ground_ball,0,1,2022,1.53,0.7,0.23,2.9,,,,2,7,Top,119.95,162.62,,,,,-6.895190994820582,-137.61335365014855,-4.4159241164483625,20.96271269054711,31.162291288565715,-22.438926297842983,3.51,1.61,7.0,52.7,-20.0,96.0,2119.0,7.2,661633,592663,656555,622666,664761,681082,656941,546318,592206,53.32,0.103,0.101,0.0,1.0,0.0,0.0,1.0,59,2,Sinker,2,5,5,2,5,2,5,2,Infield shift,Standard,116.0,0.004,-0.213,,,0.108,0.213,88.0,-3,3,0.124,0.876,25,27,26,28,1,3,4.0,1.0,6.0,1.0,1.85,1.53,1.53,34.6,,,,,
FC,2022-06-05,90.3,-2.21,6.45,"Ohtani, Shohei",660271,502043,field_out,hit_into_play,,,,,5.0,"Shohei Ohtani grounds out, third baseman Alec Bohm to first baseman Rhys Hoskins.",R,L,R,PHI,LAA,X,5.0,ground_ball,1,1,2022,-0.07,0.67,0.2,2.28,,,,1,1,Top,155.78,140.08,,,,,6.191980521196727,-131.35923194404356,-5.88819389515294,-2.1070305269935496,27.88553162547154,-23.380371767957257,3.51,1.61,20.0,105.8,-5.0,90.8,2334.0,6.6,661633,592663,656555,622666,664761,681082,656941,546318,592206,53.9,0.363,0.356,0.0,1.0,0.0,0.0,2.0,2,3,Cutter,0,0,0,0,0,0,0,0,Infield shift,Standard,192.0,0.015,-0.234,,,0.38,0.234,105.8,0,0,0.523,0.477,34,27,35,28,1,0,6.0,1.0,5.0,1.0,2.13,0.07,-0.07,43.7,,,,,
ST,2022-06-04,79.8,2.41,6.28,"Ohtani, Shohei",660271,543272,field_out,hit_into_play,,,,,9.0,"Shohei Ohtani grounds out, first baseman Rhys Hoskins to pitcher Brad Hand.",R,L,L,PHI,LAA,X,3.0,ground_ball,2,2,2022,-1.53,-0.07,0.33,2.01,,,,2,7,Top,157.49,166.69,,,,,-1.664245729679663,-116.3060946192518,-2.57911563780526,-13.63527134865626,21.276203332529356,-32.50635131477138,3.51,1.61,32.0,76.1,-1.0,79.1,2218.0,5.7,661615,592663,656555,622666,664761,681082,656941,666160,592206,54.83,0.103,0.102,0.0,1.0,0.0,0.0,2.0,58,5,Sweeper,5,2,2,5,2,5,2,5,Infield shift,Strategic,314.0,0.007,-0.216,,,0.103,0.216,88.0,3,-3,0.934,0.0659999999999999,32,27,32,28,1,3,3.0,1.0,6.0,1.0,3.63,-1.53,-1.53,36.2,,,,,
FC,2022-06-04,93.9,-1.69,5.56,"Ohtani, Shohei",660271,554430,single,hit_into_play,,,,,14.0,"Angels challenged (play at 1st), call on the field was overturned: Shohei Ohtani singles on a soft ground ball to shortstop Bryson Stott.",R,L,R,PHI,LAA,X,6.0,ground_ball,0,1,2022,0.04,0.72,1.3,2.28,,,,1,1,Top,107.15,174.21,,,,,7.740540269963565,-136.49128565520576,-4.371385037599466,-1.224904963390124,31.233074288298923,-22.422816477329143,3.51,1.61,50.0,43.2,11.0,95.0,2602.0,7.1,661615,592663,656555,622666,664761,681082,656941,666160,592206,53.44,0.205,0.199,0.9,1.0,1.0,0.0,1.0,2,2,Cutter,0,0,0,0,0,0,0,0,Infield shift,Strategic,198.0,-0.026,0.453,,,0.237,-0.453,88.0,0,0,0.524,0.476,32,27,32,28,1,0,6.0,1.0,7.0,1.0,1.88,-0.04,0.04,32.4,,,,,
CH,2022-06-03,86.0,-2.98,5.95,"Ohtani, Shohei",660271,621107,field_out,hit_into_play,,,,,13.0,Shohei Ohtani lines out to second baseman Nick Maton.,R,L,R,PHI,LAA,X,4.0,line_drive,0,1,2022,-1.1,0.73,-1.1,2.28,,,,0,6,Top,136.93,138.79,,,,,6.776591298217063,-125.12311242097957,-3.966499778108568,-12.914838959715071,25.20336472153927,-23.865049832448445,3.5,1.6,159.0,99.4,10.0,86.9,1435.0,6.9,661642,592663,656555,665155,664761,681082,656941,666160,592206,53.63,0.768,0.727,0.0,1.0,0.0,0.0,4.0,46,2,Changeup,8,0,0,8,0,8,0,8,Infield shift,Standard,236.0,0.002,-0.209,,,0.896,0.209,99.4,8,-8,0.992,0.008,28,27,28,28,3,2,6.0,1.0,6.0,1.0,2.35,1.1,-1.1,30.6,,,,,
FF,2022-06-02,94.5,-1.3,5.96,"Ohtani, Shohei",660271,592791,field_out,hit_into_play,,,,,3.0,"Shohei Ohtani grounds out, shortstop Isiah Kiner-Falefa to first baseman DJ LeMahieu.",R,L,R,NYY,LAA,X,6.0,ground_ball,1,1,2022,-0.4,1.17,0.3,3.5,,,,1,7,Top,118.37,144.81,,,,,5.144526626478598,-137.48883649048753,-3.3667093611076897,-6.247114654677184,30.630101383503828,-16.835016228379544,3.44,1.58,130.0,87.7,9.0,95.9,2316.0,7.1,661329,543309,518934,650402,503556,643396,609280,543305,608336,53.4,0.521,0.472,0.0,1.0,0.0,0.0,4.0,46,3,4-Seam Fastball,0,0,0,0,0,0,0,0,Infield shift,Standard,205.0,0.028,-0.234,,,0.565,0.234,88.0,0,0,0.54,0.4599999999999999,30,27,31,28,3,2,6.0,0.0,5.0,1.0,1.39,0.4,-0.4,44.6,,,,,
FF,2022-06-02,92.6,0.8,5.77,"Ohtani, Shohei",660271,641482,single,hit_into_play,,,,,2.0,Shohei Ohtani singles on a line drive to center fielder Aaron Judge.,R,L,L,NYY,LAA,X,8.0,line_drive,2,2,2022,0.55,1.67,0.26,2.96,,,,1,5,Top,105.29,89.18,,,,,-2.5911693693470856,-134.87458333034888,-5.009985965376789,7.3129184766965505,29.291586139139937,-10.916092885348109,3.43,1.59,280.0,97.7,16.0,92.2,2208.0,6.0,661330,624431,519203,650402,518934,503556,543305,592450,608336,54.5,0.605,0.609,0.9,1.0,1.0,0.0,4.0,42,6,4-Seam Fastball,4,0,0,4,0,4,0,4,Infield shift,Standard,161.0,-0.021,0.449,,,0.823,-0.449,97.7,4,-4,0.915,0.0849999999999999,27,27,28,28,3,2,7.0,2.0,6.0,0.0,0.98,0.55,0.55,57.2,,,,,
FC,2022-06-02,87.4,1.37,5.62,"Ohtani, Shohei",660271,641482,field_out,hit_into_play,,,,,13.0,Shohei Ohtani flies out to shortstop Marwin Gonzalez.,R,L,L,NYY,LAA,X,6.0,fly_ball,0,0,2022,-0.36,0.84,-0.83,2.51,,,,1,3,Top,121.81,111.02,,,,,-4.521152443337748,-127.31779526081904,-3.12136554102566,-3.159088817839955,23.42808349089188,-22.61533635412554,3.43,1.59,223.0,80.3,51.0,87.1,2311.0,5.8,661330,624431,519203,650402,518934,503556,543305,592450,608336,54.67,0.047,0.053,0.0,1.0,0.0,0.0,3.0,21,1,Cutter,2,0,0,2,0,2,0,2,Infield shift,Standard,192.0,0.018,-0.246,,,0.071,0.246,88.0,2,-2,0.736,0.264,27,27,28,28,2,1,7.0,2.0,6.0,0.0,2.12,-0.36,-0.36,46.6,,,,,
FC,2022-06-02,85.3,1.84,5.35,"Ohtani, Shohei",660271,641482,field_out,hit_into_play,,,,,4.0,"Shohei Ohtani grounds out, second baseman Gleyber Torres to first baseman Anthony Rizzo.",R,L,L,NYY,LAA,X,4.0,ground_ball,3,2,2022,-0.58,0.41,-0.36,2.36,,,,1,1,Top,151.9,137.68,,,,,-3.989428005868613,-124.35029913204905,-1.6442244614651385,-5.352687974778648,21.567778048094983,-27.769211265083605,3.43,1.59,44.0,105.5,-1.0,85.1,2338.0,5.7,661330,624431,519203,650402,518934,503556,543305,592450,608336,54.76,0.463,0.424,0.0,1.0,0.0,0.0,4.0,2,6,Cutter,0,0,0,0,0,0,0,0,Infield shift,Standard,219.0,0.02,-0.328,,,0.501,0.328,105.5,0,0,0.518,0.482,27,27,28,28,1,0,7.0,2.0,6.0,0.0,2.68,-0.58,-0.58,36.9,,,,,
CH,2022-06-02,89.1,-1.48,6.01,"Ohtani, Shohei",660271,592791,field_out,hit_into_play,,,,,8.0,Shohei Ohtani flies out sharply to center fielder Aaron Hicks.,R,L,R,NYY,LAA,X,8.0,fly_ball,1,1,2022,-1.22,0.84,-0.15,1.49,,,,1,1,Top,147.66,38.68,,,,,5.8501809981055395,-129.42550241268503,-6.805910822893452,-14.942153207812874,28.11324455543577,-21.425975597365063,3.44,1.58,399.0,103.8,31.0,89.2,1844.0,6.5,661329,543309,518934,650402,503556,643396,609280,543305,608336,53.98,0.7212083333333332,1.4549166666666675,0.0,1.0,0.0,0.0,6.0,2,3,Changeup,0,0,0,0,0,0,0,0,Infield shift,Standard,230.0,0.015,-0.234,,,2.8473541666666673,0.234,103.8,0,0,0.523,0.477,30,27,31,28,1,0,6.0,0.0,5.0,1.0,2.05,1.22,-1.22,45.4,,,,,
CH,2022-05-31,82.9,1.57,6.21,"Ohtani, Shohei",660271,656756,double,hit_into_play,,,,,4.0,Shohei Ohtani doubles (9) on a line drive to right fielder Joey Gallo.,R,L,L,NYY,LAA,X,9.0,line_drive,2,1,2022,0.62,0.73,-0.38,2.34,,,,2,6,Top,209.81,108.16,,,,,-5.704186570039214,-120.75968243180044,-3.99755253642094,7.031839241910621,17.69179009257862,-24.436980531571525,3.43,1.59,201.0,97.1,15.0,84.5,1609.0,6.7,661331,624431,519203,650402,518934,643396,609280,592450,608336,53.79,0.779,0.779,1.25,1.0,1.0,1.0,4.0,45,4,Changeup,5,0,0,5,0,5,0,5,Infield shift,Standard,125.0,-0.007,0.534,,,1.001,-0.534,97.1,5,-5,0.97,0.03,29,27,30,28,3,2,7.0,2.0,5.0,2.0,2.51,0.62,0.62,42.4,,,,,
CH,2022-05-31,94.2,-2.48,4.97,"Ohtani, Shohei",660271,612434,field_out,hit_into_play,,,,,13.0,Shohei Ohtani flies out to center fielder Aaron Judge.,R,L,R,NYY,LAA,X,8.0,fly_ball,0,0,2022,-1.74,0.46,-0.88,2.27,501571.0,623205.0,,1,8,Top,128.16,97.59,,,,,8.09254518942838,-137.06534650483667,-2.371765263745515,-23.746899422183436,27.657047917884004,-26.01748194356624,3.43,1.59,255.0,83.1,46.0,95.3,1705.0,6.7,661331,624431,519203,650402,518934,643396,609280,592450,608336,53.78,0.013,0.016,0.0,1.0,0.0,0.0,3.0,63,1,Changeup,7,1,1,7,1,7,1,7,Standard,Standard,257.0,0.013,-0.216,,,0.021,0.216,88.0,6,-6,0.979,0.021,27,27,28,28,1,3,6.0,2.0,5.0,2.0,2.09,1.74,-1.74,13.4,,,,,
FF,2022-05-31,93.3,1.78,6.45,"Ohtani, Shohei",660271,656756,field_out,hit_into_play,,,,,2.0,Shohei Ohtani flies out sharply to center fielder Aaron Judge.,R,L,L,NYY,LAA,X,8.0,fly_ball,1,2,2022,0.53,1.27,-0.2,3.31,,,,1,1,Top,105.14,33.33,,,,,-6.27206054898281,-135.8619848126754,-5.229097801967155,7.789227544048335,25.462109891060862,-15.425729351205735,3.43,1.59,412.0,107.6,35.0,94.4,2372.0,6.5,661331,624431,519203,650402,518934,643396,609280,592450,608336,53.95,0.8300000000000001,1.6922941176470585,0.0,1.0,0.0,0.0,6.0,2,4,4-Seam Fastball,0,0,0,0,0,0,0,0,Infield shift,Standard,137.0,0.012,-0.177,,,3.313058823529412,0.177,107.6,0,0,0.526,0.474,29,27,30,28,1,0,7.0,2.0,5.0,2.0,1.31,0.53,0.53,39.0,,,,,
FF,2022-05-29,92.9,-1.99,5.45,"Ohtani, Shohei",660271,621244,home_run,hit_into_play,,,,,2.0,Shohei Ohtani homers (11) on a fly ball to center field.   Taylor Ward scores.,R,L,R,LAA,TOR,X,,fly_ball,2,2,2022,-0.82,1.19,0.1,3.04,,,621493.0,0,3,Bot,119.5,27.29,,,,,7.187279371412507,-135.18196372527004,-3.026524134764935,-11.661011394205522,29.230318422675374,-17.114418988135096,3.39,1.59,425.0,106.9,29.0,93.3,2115.0,6.5,663414,672386,624415,669289,656305,666182,666971,543807,605548,53.97,0.9466800000000004,1.9243200000000005,2.0,1.0,0.0,3.0,6.0,29,5,4-Seam Fastball,2,6,2,6,6,4,4,6,Infield shift,Strategic,224.0,0.134,1.071,,,3.76724,-1.071,106.9,-4,-4,0.194,0.194,28,27,28,28,2,1,6.0,1.0,6.0,2.0,1.45,0.82,-0.82,34.8,,,,,
SV,2022-05-29,83.0,-2.04,5.4,"Ohtani, Shohei",660271,621244,home_run,hit_into_play,,,,,8.0,Shohei Ohtani homers (10) on a fly ball to right center field.,R,L,R,LAA,TOR,X,,fly_ball,2,2,2022,0.88,-0.25,-0.15,1.98,,,,1,1,Bot,190.24,44.57,,,,,2.6147088749408,-120.806408943872,-0.7648120630413219,7.914140488545443,26.56428528318361,-34.67485528939429,3.39,1.59,413.0,108.8,26.0,82.7,2266.0,6.3,663414,672386,624415,669289,656305,666182,666971,543807,605548,54.16,0.9488846153846152,1.921346153846154,2.0,1.0,0.0,3.0,6.0,5,7,Slurve,0,0,0,0,0,1,1,0,Infield shift,4th outfielder,39.0,0.102,1.616,,,3.7601538461538473,-1.616,108.8,0,0,0.524,0.524,28,27,28,28,1,0,6.0,1.0,6.0,2.0,3.59,-0.88,0.88,33.8,,,,,
FF,2022-05-28,95.7,1.69,5.59,"Ohtani, Shohei",660271,579328,field_out,hit_into_play,,,,,12.0,Shohei Ohtani flies out sharply to center fielder Bradley Zimmer.,R,L,L,LAA,TOR,X,8.0,fly_ball,0,2,2022,0.67,1.51,0.24,3.57,,,650859.0,0,5,Bot,122.31,39.96,,,,,-5.407376002280026,-139.17504920738293,-3.1407266597314965,9.940272697019848,32.82082095163692,-12.045158829867958,3.38,1.59,393.0,101.9,32.0,96.5,2196.0,6.9,663400,643376,665489,669289,656305,666182,624415,605548,606192,53.61,0.5389666666666668,1.087066666666667,0.0,1.0,0.0,0.0,6.0,39,3,4-Seam Fastball,0,1,0,1,1,0,0,1,Infield shift,Strategic,139.0,-0.033,-0.138,,,2.1225,0.138,101.9,-1,-1,0.453,0.453,31,27,31,28,3,2,6.0,1.0,6.0,1.0,0.99,0.67,0.67,41.5,,,,,
CH,2022-05-28,84.6,-2.36,6.15,"Ohtani, Shohei",660271,670950,field_out,hit_into_play,,,,,8.0,Shohei Ohtani flies out to second baseman Santiago Espinal.,R,L,R,LAA,TOR,X,4.0,fly_ball,3,1,2022,-1.42,0.49,0.08,2.06,,,,2,8,Bot,209.42,106.48,,,,,8.510631957321984,-122.86650260181231,-4.17253325941627,-16.065201452276526,23.79864261437377,-26.539198460418778,3.38,1.59,306.0,87.6,36.0,84.7,2534.0,6.4,663400,643376,665489,669289,656305,666182,606132,543807,606192,54.07,0.021,0.029,0.0,1.0,0.0,0.0,3.0,75,5,Changeup,4,6,4,6,6,4,4,6,Infield shade,4th outfielder,227.0,-0.027,-0.396,,,0.047,0.396,88.0,-2,-2,0.103,0.103,29,27,29,28,1,4,1.0,1.0,3.0,1.0,2.7,1.42,-1.42,51.1,,,,,
SL,2022-05-28,90.0,1.61,5.64,"Ohtani, Shohei",660271,579328,field_out,hit_into_play,,,,,7.0,"Shohei Ohtani grounds out sharply, shortstop Bo Bichette to first baseman Vladimir Guerrero Jr.",R,L,L,LAA,TOR,X,6.0,ground_ball,1,2,2022,-0.23,0.32,-0.46,1.56,,,,1,1,Bot,153.41,154.82,,,,,-4.696750987230674,-130.90736411339574,-4.837262741095974,-1.6439416491068737,28.113046276902924,-27.705834285585723,3.38,1.59,4.0,101.8,-19.0,90.7,2422.0,6.8,663400,643376,665489,669289,656305,666182,624415,605548,606192,53.72,0.195,0.19,0.0,1.0,0.0,0.0,2.0,8,4,Slider,0,1,0,1,1,0,0,1,Infield shift,Standard,182.0,-0.013,-0.177,,,0.212,0.177,101.8,-1,-1,0.42,0.42,31,27,31,28,1,0,6.0,1.0,6.0,1.0,2.5,-0.23,-0.23,42.7,,,,,
FC,2022-05-26,85.7,2.03,5.84,"Ohtani, Shohei",660271,547943,force_out,hit_into_play,,,,,7.0,"Shohei Ohtani grounds into a force out, second baseman Santiago Espinal to shortstop Bo Bichette.   Andrew Velazquez scores.    Mike Trout out at 2nd.    Shohei Ohtani to 1st.",R,L,L,LAA,TOR,X,4.0,ground_ball,0,0,2022,0.2,0.81,-0.29,1.55,623205.0,,545361.0,1,3,Bot,154.82,157.84,,,,,-5.916106347062778,-124.6481489407241,-5.549546373709289,3.2651590185922537,24.31873237863265,-22.791192924396302,3.39,1.58,9.0,92.2,-10.0,86.4,1873.0,6.7,663445,643376,624415,669289,656305,666182,666971,543807,606132,53.79,0.163,0.156,0.0,1.0,0.0,0.0,2.0,26,1,Cutter,1,4,1,4,4,2,2,4,Infield shift,Standard,154.0,-0.008,-0.333,,,0.177,0.333,92.2,-3,-3,0.305,0.305,35,27,35,28,2,1,6.0,1.0,6.0,1.0,2.29,0.2,0.2,40.4,,,,,
SL,2022-05-25,87.4,1.84,6.28,"Ohtani, Shohei",660271,656271,field_out,hit_into_play,,,,,5.0,Shohei Ohtani flies out sharply to center fielder Adolis Garcia.,R,L,L,LAA,TEX,X,8.0,fly_ball,0,0,2022,-0.01,0.56,-0.17,2.32,,,623205.0,1,8,Bot,155.61,48.99,,,,,-4.881121916254577,-127.10052772790684,-4.576283945369341,0.899034892304976,26.8316760435555,-25.34263434221356,3.41,1.59,377.0,106.2,39.0,88.7,2052.0,7.2,663446,641680,669087,543760,543543,608369,642201,666969,594777,53.29,0.542375,1.094375,0.0,1.0,0.0,0.0,6.0,64,1,Slider,1,7,1,7,7,1,1,7,Infield shift,Standard,163.0,-0.005,-0.255,,,2.13575,0.255,106.2,-6,-6,0.01,0.01,25,27,26,28,1,3,7.0,1.0,4.0,1.0,2.43,-0.01,-0.01,40.6,,,,,
FC,2022-05-24,85.6,-2.55,5.43,"Ohtani, Shohei",660271,641540,field_out,hit_into_play,,,,,12.0,Shohei Ohtani lines out to right fielder Kole Calhoun.,R,L,R,LAA,TEX,X,9.0,line_drive,0,0,2022,0.17,0.73,0.86,2.83,,,,2,6,Bot,152.87,80.43,,,,,7.774296607113699,-124.47052151249684,-1.3338614682322407,0.2381310366396387,24.939454656863024,-24.521083986985666,3.41,1.59,303.0,87.3,26.0,86.3,1957.0,6.8,663381,641680,663993,543760,628451,608369,543543,666969,594777,53.71,0.066,0.064,0.0,1.0,0.0,0.0,3.0,48,1,Cutter,5,0,5,0,0,5,5,0,Infield shift,Standard,222.0,-0.001,-0.256,,,0.103,0.256,88.0,5,5,0.969,0.969,27,27,28,28,4,3,6.0,2.0,5.0,1.0,2.38,-0.17,0.17,33.3,,,,,
FF,2022-05-22,92.4,1.44,6.28,"Ohtani, Shohei",660271,608344,field_out,hit_into_play,,,,,5.0,"Shohei Ohtani grounds out sharply, third baseman Kevin Smith to first baseman Christian Bethancourt.",R,L,L,LAA,ATH,X,5.0,ground_ball,0,1,2022,0.78,1.43,-0.1,2.35,,,,2,6,Bot,106.39,164.76,,,,,-5.622784339675494,-134.25356521352333,-7.289871564486243,10.657785757522197,30.69740292456401,-13.508319190218414,3.41,1.58,15.0,100.9,-7.0,92.4,1879.0,6.5,663447,669221,542194,641914,675656,462101,642456,665506,640461,53.99,0.263,0.252,0.0,1.0,0.0,0.0,2.0,47,2,4-Seam Fastball,3,0,3,0,0,3,3,0,Infield shift,Standard,147.0,-0.004,-0.213,,,0.272,0.213,100.9,3,3,0.897,0.897,28,27,28,28,4,3,22.0,1.0,5.0,2.0,1.26,0.78,0.78,45.8,,,,,
CH,2022-05-22,82.8,1.45,6.07,"Ohtani, Shohei",660271,608344,field_out,hit_into_play,,,,,14.0,Shohei Ohtani lines out to first baseman Christian Bethancourt.,R,L,L,LAA,ATH,X,3.0,line_drive,1,2,2022,0.97,0.75,0.62,1.41,,,,2,4,Bot,158.78,161.55,,,,,-3.805729546920519,-120.53335289747314,-5.674236587825379,10.23239246202763,21.789623835061303,-23.968395843375543,3.41,1.58,128.0,98.3,9.0,83.5,1405.0,6.6,663447,669221,542194,641914,675656,462101,642456,665506,640461,53.93,0.629,0.567,0.0,1.0,0.0,0.0,4.0,32,5,Changeup,2,0,2,0,0,2,2,0,Infield shift,Standard,126.0,-0.006,-0.181,,,0.689,0.181,98.3,2,2,0.757,0.757,28,27,28,28,3,2,22.0,1.0,5.0,2.0,2.55,0.97,0.97,43.2,,,,,
CU,2022-05-22,83.0,-1.87,6.05,"Ohtani, Shohei",660271,518748,single,hit_into_play,,,,,7.0,"Shohei Ohtani singles on a ground ball to shortstop Elvis Andrus.   Andrew Velazquez to 3rd.  Andrew Velazquez advances to 3rd, on a throwing error by shortstop Elvis Andrus.",R,L,R,LAA,ATH,X,6.0,ground_ball,2,2,2022,0.82,-1.13,-0.56,1.47,,,623205.0,2,8,Bot,141.88,142.96,,,,,1.4130197894399967,-120.89598711993536,-1.7397108217633206,7.645687236223093,25.781399396526982,-43.084491828359155,3.41,1.58,4.0,85.6,-17.0,83.8,2682.0,7.0,663447,669221,542194,641914,675656,462101,664913,665506,642456,53.5,0.097,0.091,0.9,1.0,1.0,0.0,2.0,66,5,Curveball,4,1,4,1,1,4,4,1,Infield shift,Standard,122.0,0.003,0.379,,,0.118,-0.379,88.0,3,3,0.969,0.969,33,27,34,28,1,4,4.0,1.0,5.0,2.0,4.46,-0.82,0.82,50.4,,,,,
CH,2022-05-22,80.1,1.75,6.03,"Ohtani, Shohei",660271,608344,double_play,hit_into_play,,,,,6.0,"Angels challenged (tag play), call on the field was upheld: Shohei Ohtani lines into a double play, right fielder Chad Pinder to shortstop Elvis Andrus.   Tyler Wade out at 2nd.",R,L,L,LAA,ATH,X,9.0,line_drive,0,0,2022,1.07,0.73,0.6,2.74,435559.0,642180.0,623205.0,0,2,Bot,188.5,98.71,,,,,-4.565259605922171,-116.60304753570207,-2.012122177308569,10.646520957654603,19.654378951926276,-25.32039810788851,3.41,1.58,293.0,94.8,22.0,80.6,1520.0,6.4,663447,669221,542194,641914,675656,462101,642456,665506,640461,54.12,0.176,0.205,0.0,1.0,0.0,0.0,3.0,16,1,Changeup,1,0,1,0,0,1,1,0,Standard,Standard,132.0,-0.136,-0.232,,,0.329,0.232,94.8,1,1,0.792,0.792,28,27,28,28,2,1,22.0,1.0,5.0,2.0,2.79,1.07,1.07,41.2,,,,,
CU,2022-05-22,75.6,1.83,6.01,"Ohtani, Shohei",660271,608344,home_run,hit_into_play,,,,,2.0,Shohei Ohtani homers (9) on a fly ball to center field.,R,L,L,LAA,ATH,X,,fly_ball,0,1,2022,-1.0,0.11,0.2,2.89,,,,0,1,Bot,123.85,19.3,,,,,-1.6021761928517375,-110.08756172664744,0.4310549814530238,-7.759785407989764,20.99267922875315,-31.571929492329605,3.41,1.58,443.0,108.9,28.0,75.1,2044.0,6.1,663447,669221,542194,641914,675656,462101,642456,665506,640461,54.45,0.9720714285714286,2.0,2.0,1.0,0.0,3.0,6.0,4,2,Curveball,0,0,0,0,0,1,1,0,Infield shift,Standard,314.0,0.1,1.152,,,3.8810000000000007,-1.152,108.9,0,0,0.545,0.545,28,27,28,28,1,0,22.0,1.0,5.0,2.0,3.89,-1.0,-1.0,38.1,,,,,
SI,2022-05-21,89.9,2.93,4.24,"Ohtani, Shohei",660271,592473,single,hit_into_play,,,,,9.0,Shohei Ohtani singles on a sharp line drive to left fielder Luis Barrera.,R,L,L,LAA,ATH,X,7.0,line_drive,1,0,2022,1.42,-0.43,0.4,1.84,,,,0,6,Bot,50.53,105.31,,,,,-9.30108549209799,-130.6666645441765,0.9653974740066706,18.238980948457225,27.10104779854801,-37.542447215252906,3.45,1.58,192.0,110.8,9.0,90.1,2214.0,6.4,663448,669221,664913,643393,641914,669397,642456,665506,640461,54.06,0.847,0.85,0.9,1.0,1.0,0.0,5.0,42,2,Sinker,1,0,1,0,0,1,1,0,Infield shift,Standard,101.0,0.029,0.403,,,1.094,-0.403,110.8,1,1,0.743,0.743,33,27,33,28,1,2,3.0,1.0,6.0,1.0,3.25,1.42,1.42,-5.3,,,,,
CH,2022-05-21,87.5,-2.16,5.29,"Ohtani, Shohei",660271,642758,field_out,hit_into_play,,,,,7.0,Shohei Ohtani grounds out to first baseman Seth Brown.,R,L,R,LAA,ATH,X,3.0,ground_ball,3,1,2022,-1.36,-0.13,-0.34,2.04,,,,2,3,Bot,157.6,170.58,,,,,7.120529553535084,-127.22318805847934,-1.4068576987963048,-16.221637223576177,26.549336648922573,-33.461012487354395,3.45,1.58,4.0,84.7,-25.0,86.8,1837.0,6.0,663448,669221,664913,643393,641914,669397,642456,665506,640461,54.55,0.053,0.061,0.0,1.0,0.0,0.0,2.0,22,5,Changeup,0,0,0,0,0,0,0,0,Infield shift,Standard,263.0,-0.018,-0.396,,,0.053,0.396,88.0,0,0,0.518,0.518,28,27,28,28,1,1,5.0,1.0,2.0,1.0,3.11,1.36,-1.36,19.5,,,,,
SI,2022-05-21,93.7,-1.49,6.09,"Ohtani, Shohei",660271,621082,field_out,hit_into_play,,,,,13.0,"Shohei Ohtani grounds out, shortstop Nick Allen to first baseman Seth Brown.",R,L,R,LAA,ATH,X,6.0,ground_ball,0,0,2022,-1.38,0.36,-1.23,2.35,,,,0,7,Bot,136.43,145.78,,,,,3.6566121404520255,-136.339786242571,-4.62059279465422,-17.904525025251605,33.32230868710067,-26.810989203594,3.45,1.58,8.0,74.8,-16.0,92.2,2023.0,5.6,663448,669221,664913,643393,641914,669397,642456,665506,640461,54.88,0.061,0.063,0.0,1.0,0.0,0.0,2.0,54,1,Sinker,5,0,5,0,0,5,5,0,Infield shift,Strategic,242.0,-0.002,-0.247,,,0.079,0.247,88.0,5,5,0.986,0.986,28,27,29,28,1,3,20.0,1.0,7.0,1.0,2.26,1.38,-1.38,28.5,,,,,
FF,2022-05-21,97.2,-0.94,6.17,"Ohtani, Shohei",660271,593423,single,hit_into_play,,,,,12.0,Shohei Ohtani singles on a ground ball to third baseman Sheldon Neuse.,R,L,R,LAA,ATH,X,5.0,ground_ball,2,2,2022,-0.4,1.38,1.06,3.18,,,,0,1,Bot,100.02,155.67,,,,,6.230916833487916,-141.3340935416564,-5.567517868727619,-6.815320418271177,34.233929719194364,-12.668480002765705,3.45,1.58,81.0,53.0,12.0,96.3,2369.0,6.0,663448,669221,664913,643393,641914,669397,642456,665506,657656,54.54,0.129,0.132,0.9,1.0,1.0,0.0,1.0,4,6,4-Seam Fastball,0,0,0,0,0,0,0,0,Infield shift,Standard,211.0,0.037,0.469,,,0.129,-0.469,88.0,0,0,0.546,0.546,29,27,29,28,1,0,6.0,1.0,5.0,1.0,1.05,0.4,-0.4,44.9,,,,,
SI,2022-05-18,89.5,-2.59,5.44,"Ohtani, Shohei",660271,641540,force_out,hit_into_play,,,,,5.0,"Shohei Ohtani grounds into a force out, second baseman Marcus Semien to shortstop Corey Seager.   Taylor Ward out at 2nd.    Shohei Ohtani to 1st.",R,L,R,TEX,LAA,X,4.0,ground_ball,1,1,2022,-1.17,0.46,0.14,2.54,,,621493.0,1,6,Top,146.93,156.06,,,,,9.183578741364837,-130.03411254371687,-2.099413289485202,-15.1653493436609,27.56103498838055,-26.763573705384644,3.45,1.57,9.0,87.2,-15.0,89.2,1938.0,6.2,661125,641680,663993,543760,628451,608369,642201,666969,594777,54.3,0.1,0.101,0.0,1.0,0.0,0.0,2.0,42,3,Sinker,1,2,2,1,2,1,2,1,Infield shift,Standard,229.0,0.03,-0.301,,,0.107,0.301,88.0,-1,1,0.34,0.6599999999999999,27,27,28,28,3,2,5.0,1.0,6.0,2.0,2.4,1.17,-1.17,32.1,,,,,
CH,2022-05-18,84.0,-2.66,5.44,"Ohtani, Shohei",660271,641540,grounded_into_double_play,hit_into_play,,,,,4.0,"Shohei Ohtani grounds into a double play, first baseman Nathaniel Lowe to shortstop Corey Seager to first baseman Nathaniel Lowe.   Taylor Ward out at 2nd.    Shohei Ohtani out at 1st.",R,L,R,TEX,LAA,X,3.0,ground_ball,1,2,2022,-1.38,0.08,-0.55,2.37,,,621493.0,1,1,Top,148.15,171.82,,,,,7.60491792995821,-122.10417672394932,-0.8198736756582928,-15.379331158843229,25.422265563406363,-31.450135632377098,3.45,1.57,14.0,95.4,-9.0,83.7,2026.0,6.3,661125,641680,663993,543760,628451,608369,642201,666969,594777,54.24,0.2,0.195,0.0,1.0,0.0,0.0,2.0,3,4,Changeup,0,0,0,0,0,0,0,0,Infield shift,Standard,254.0,0.043,-0.241,,,0.214,0.241,95.4,0,0,0.505,0.495,27,27,28,28,1,0,5.0,1.0,6.0,2.0,3.17,1.38,-1.38,31.1,,,,,
SI,2022-05-18,92.8,2.39,5.26,"Ohtani, Shohei",660271,667463,field_out,hit_into_play,,,,,5.0,"Shohei Ohtani grounds out, third baseman Andy Ibanez to first baseman Nathaniel Lowe.",R,L,L,TEX,LAA,X,5.0,ground_ball,0,0,2022,1.2,-0.05,0.17,2.52,,,,2,8,Top,112.39,164.55,,,,,-8.203096602434023,-134.85070974650716,-1.0970029088464253,16.393376233457193,30.36119564091473,-32.69653960281883,3.45,1.57,16.0,108.1,-7.0,91.9,1964.0,5.9,661125,641680,663993,543760,628451,608369,642201,666969,594777,54.6,0.366,0.359,0.0,1.0,0.0,0.0,2.0,61,1,Sinker,3,2,2,3,2,3,2,3,Infield shift,Standard,115.0,0.027,-0.256,,,0.392,0.256,108.1,1,-1,0.84,0.16,27,27,28,28,1,3,2.0,1.0,4.0,2.0,2.71,1.2,1.2,19.2,,,,,
FF,2022-05-17,95.4,2.17,6.22,"Ohtani, Shohei",660271,621368,field_out,hit_into_play,,,,,9.0,Shohei Ohtani lines out sharply to left fielder Eli White.,R,L,L,TEX,LAA,X,7.0,line_drive,3,2,2022,1.03,1.5,0.31,1.97,,,545361.0,0,3,Top,68.98,96.01,,,,,-7.159310047464183,-138.39987978141934,-8.797934257730152,14.87146952379075,33.65496093280994,-11.089139954479457,3.45,1.59,293.0,109.2,15.0,94.5,2386.0,6.2,661126,669087,628451,543760,518586,608369,642201,666969,594777,54.34,0.7,0.813,0.0,1.0,0.0,0.0,6.0,20,6,4-Seam Fastball,1,1,1,1,1,1,1,1,Infield shift,Standard,143.0,0.047,-0.32,,,1.217,0.32,109.2,0,0,0.45,0.55,27,27,28,28,2,1,5.0,1.0,5.0,1.0,1.04,1.03,1.03,34.0,,,,,
FF,2022-05-17,95.8,2.51,6.26,"Ohtani, Shohei",660271,621368,field_out,hit_into_play,,,,,7.0,Shohei Ohtani lines out sharply to left fielder Eli White.,R,L,L,TEX,LAA,X,7.0,line_drive,2,1,2022,0.77,1.13,-0.42,1.83,,545361.0,,1,1,Top,56.83,81.87,,,,,-9.402737052295786,-138.9607116136484,-8.528551318170765,12.197834633566648,32.338412319826745,-15.678412802437729,3.45,1.59,336.0,105.7,18.0,94.8,2252.0,5.9,661126,669087,628451,543760,518586,608369,642201,666969,594777,54.55,0.4303999999999998,0.64656,0.0,1.0,0.0,0.0,6.0,3,4,4-Seam Fastball,0,0,0,0,0,0,0,0,Infield shift,Standard,154.0,0.037,-0.285,,,1.1428,0.285,105.7,0,0,0.479,0.521,27,27,28,28,1,0,5.0,1.0,5.0,1.0,1.37,0.77,0.77,33.6,,,,,
CU,2022-05-17,84.0,-1.3,6.26,"Ohtani, Shohei",660271,622250,single,hit_into_play,,,,,12.0,Shohei Ohtani singles on a line drive to right fielder Kole Calhoun.,R,L,R,TEX,LAA,X,9.0,line_drive,2,0,2022,1.11,-0.96,0.93,2.97,,,,1,9,Top,184.42,98.68,,,,,2.968233202230744,-122.22159359434669,0.7497503721168277,10.339773218219378,26.690141657271234,-42.153864988473536,3.45,1.59,204.0,85.7,19.0,83.3,2195.0,6.1,661126,669087,663993,543760,543543,608369,642201,666969,594777,54.42,0.718,0.695,0.9,1.0,1.0,0.0,4.0,79,3,Curveball,10,4,4,10,4,10,4,10,Infield shift,Standard,24.0,-0.001,0.309,,,0.86,-0.309,88.0,6,-6,0.999,0.001,28,27,29,28,1,4,3.0,1.0,2.0,1.0,4.22,-1.11,1.11,43.3,,,,,
FF,2022-05-16,96.1,-2.17,5.38,"Ohtani, Shohei",660271,592351,double,hit_into_play,,,,,6.0,Shohei Ohtani doubles (8) on a sharp line drive to center fielder Adolis Garcia.   Taylor Ward scores.    Mike Trout to 3rd.,R,L,R,TEX,LAA,X,8.0,line_drive,3,0,2022,-1.12,1.0,0.35,2.23,621493.0,,545361.0,0,1,Top,137.57,33.7,,,,,9.26449274693709,-139.53572459570617,-4.983155195979927,-16.825151754199318,33.1812877691742,-18.153742848646623,3.44,1.6,409.0,116.5,19.0,96.1,2109.0,6.5,661145,641680,663993,543760,543543,608369,642201,666969,594777,53.96,0.88,1.595,1.25,1.0,1.0,1.0,6.0,3,4,4-Seam Fastball,0,0,0,0,1,0,1,0,Infield shift,Standard,230.0,-0.074,0.486,,,3.023,-0.486,116.5,0,0,0.357,0.643,30,27,31,28,1,0,7.0,1.0,5.0,1.0,1.49,1.12,-1.12,21.1,,,,,
FS,2022-05-15,86.5,-1.17,5.85,"Ohtani, Shohei",660271,593423,single,hit_into_play,,,,,13.0,"Shohei Ohtani singles on a ground ball to right fielder Ramon Laureano, deflected by second baseman Tony Kemp.",R,L,R,ATH,LAA,X,4.0,ground_ball,1,2,2022,-0.85,0.26,-0.53,1.41,,,,2,5,Top,160.97,146.91,,,,,3.2488428337085873,-126.06818300272792,-4.9878360268799256,-9.739480472443825,22.572531941920083,-28.671815679786928,3.43,1.61,4.0,91.3,-20.0,86.7,1237.0,6.1,662380,669221,542194,643393,675656,462101,640461,665506,657656,54.43,0.111,0.105,0.9,1.0,1.0,0.0,2.0,39,4,Split-Finger,1,2,2,1,2,1,2,1,Infield shift,Standard,237.0,-0.016,0.38,,,0.132,-0.38,91.3,-1,1,0.407,0.593,29,27,29,28,3,2,5.0,1.0,6.0,1.0,2.75,0.85,-0.85,42.7,,,,,
SL,2022-05-15,82.8,-0.06,6.45,"Ohtani, Shohei",660271,666204,field_out,hit_into_play,,,,,5.0,"Shohei Ohtani grounds out, second baseman Tony Kemp to first baseman Christian Bethancourt.   Taylor Ward to 3rd.",R,L,R,ATH,LAA,X,4.0,ground_ball,3,2,2022,0.05,0.14,0.11,2.63,,,621493.0,1,8,Top,160.37,148.12,,,,,0.3112512803387083,-120.51369868586484,-2.4441108524577126,0.3719926120852645,25.231158418236188,-30.57359925763615,3.43,1.61,11.0,66.4,-13.0,81.6,2414.0,5.7,662380,669221,542194,643393,675656,462101,640461,665506,657656,54.83,0.055,0.062,0.0,1.0,0.0,0.0,2.0,61,6,Slider,1,2,2,1,2,1,2,1,Infield shift,Standard,93.0,0.015,-0.365,,,0.055,0.365,88.0,-1,1,0.249,0.751,28,27,29,28,1,3,3.0,1.0,2.0,1.0,3.21,-0.05,0.05,66.0,,,,,
SI,2022-05-15,95.9,-1.0,6.08,"Ohtani, Shohei",660271,593423,home_run,hit_into_play,,,,,2.0,Shohei Ohtani homers (8) on a fly ball to center field.   Mike Trout scores.,R,L,R,ATH,LAA,X,,fly_ball,2,1,2022,-1.29,1.17,-0.21,3.23,,,545361.0,1,1,Top,171.21,32.74,,,,,4.961574459525176,-139.41961441403132,-4.496518952585393,-17.907242847511142,33.84124067672067,-16.182006496330402,3.43,1.61,425.0,108.3,32.0,94.9,2301.0,5.9,662380,669221,542194,643393,675656,462101,640461,665506,657656,54.56,0.917642857142857,1.8670714285714287,2.0,1.0,0.0,3.0,6.0,3,4,Sinker,0,0,0,0,2,0,2,0,Infield shift,Standard,202.0,-0.163,1.41,,,3.656642857142858,-1.41,108.3,0,0,0.494,0.506,29,27,29,28,1,0,5.0,1.0,6.0,1.0,1.33,1.29,-1.29,47.8,,,,,
SI,2022-05-14,92.8,-1.99,5.6,"Ohtani, Shohei",660271,670124,home_run,hit_into_play,,,,,5.0,Shohei Ohtani homers (7) on a fly ball to center field.   Mike Trout scores.,R,L,R,ATH,LAA,X,,fly_ball,0,0,2022,-1.49,1.0,0.06,2.33,,545361.0,,0,5,Top,86.93,34.49,,,,,8.518171327763556,-134.78568037030948,-4.77393031055959,-19.98780411551234,29.47870933494525,-19.058032527086592,3.45,1.63,418.0,110.1,22.0,92.9,1994.0,6.5,662399,669221,542194,643393,641914,675656,664913,657656,642456,54.01,0.9271153846153848,1.8043846153846157,2.0,1.0,0.0,3.0,6.0,35,1,Sinker,1,6,6,1,8,1,8,1,Infield shade,Standard,228.0,-0.027,1.008,,,3.486538461538461,-1.008,110.1,-5,5,0.049,0.951,27,27,28,28,3,2,22.0,0.0,29.0,1.0,1.65,1.49,-1.49,34.2,,,,,
SI,2022-05-14,91.4,-1.66,5.88,"Ohtani, Shohei",660271,621112,single,hit_into_play,,,,,13.0,Shohei Ohtani singles on a line drive to left fielder Chad Pinder.,R,L,R,ATH,LAA,X,7.0,line_drive,1,1,2022,-1.08,0.75,-1.19,1.94,,,,2,5,Top,79.48,105.73,,,,,3.506651302521287,-133.05905320346815,-5.717281431311325,-13.59010702284455,27.00165664094566,-22.208205335635448,3.46,1.63,159.0,83.5,10.0,91.6,2059.0,6.3,662379,542194,641914,643393,675656,462101,640461,665506,657656,54.21,0.479,0.447,0.9,1.0,1.0,0.0,4.0,36,3,Sinker,0,1,1,0,1,0,1,0,Infield shift,Standard,206.0,-0.014,0.32,,,0.545,-0.32,88.0,-1,1,0.405,0.595,28,27,29,28,3,2,5.0,1.0,6.0,0.0,1.96,1.08,-1.08,48.1,,,,,
CH,2022-05-14,85.4,-2.24,5.48,"Ohtani, Shohei",660271,670124,field_out,hit_into_play,,,,,13.0,"Shohei Ohtani grounds out, third baseman Sheldon Neuse to first baseman Christian Bethancourt.",R,L,R,ATH,LAA,X,5.0,ground_ball,1,2,2022,-1.22,-0.08,-1.76,2.44,,,,0,3,Top,125.07,152.67,,,,,3.5671243944765956,-124.35494864434608,-0.689893597122522,-13.379806588127504,25.01253183188684,-33.1121065862437,3.45,1.63,4.0,72.6,-30.0,85.3,1418.0,6.2,662399,669221,542194,643393,641914,675656,664913,657656,642456,54.33,0.053,0.06,0.0,1.0,0.0,0.0,2.0,19,5,Changeup,1,5,5,1,5,1,5,1,Infield shift,Standard,256.0,0.007,-0.176,,,0.053,0.176,88.0,-4,4,0.144,0.856,27,27,28,28,2,1,22.0,0.0,29.0,1.0,3.2,1.22,-1.22,29.2,,,,,
FC,2022-05-14,87.6,-1.71,5.91,"Ohtani, Shohei",660271,621112,double,hit_into_play,,,,,6.0,Shohei Ohtani doubles (7) on a sharp line drive to right fielder Ramon Laureano. Brandon Marsh to 3rd.,R,L,R,ATH,LAA,X,9.0,line_drive,1,0,2022,0.26,0.61,0.5,2.36,,,669016.0,2,3,Top,202.66,118.57,,,,,4.788328803994204,-127.65320793444266,-3.822751615173169,2.053798102737553,22.8790020440972,-24.92017657186101,3.46,1.63,164.0,104.4,11.0,88.3,2553.0,6.4,662379,542194,641914,643393,675656,462101,640461,665506,657656,54.11,0.9,0.902,1.25,1.0,1.0,1.0,4.0,19,2,Cutter,0,1,1,0,1,0,1,0,Infield shift,Standard,156.0,-0.032,0.891,,,1.174,-0.891,104.4,-1,1,0.412,0.5880000000000001,28,27,29,28,2,1,5.0,1.0,6.0,0.0,2.32,-0.26,0.26,52.9,,,,,
FF,2022-05-14,90.8,-1.83,6.11,"Ohtani, Shohei",660271,518748,field_out,hit_into_play,,,,,1.0,"Shohei Ohtani grounds out, second baseman Tony Kemp to first baseman Christian Bethancourt.",R,L,R,ATH,LAA,X,4.0,ground_ball,1,1,2022,-0.44,1.67,-0.5,3.46,623205.0,621493.0,,2,6,Top,157.29,156.23,,,,,4.318423289071448,-132.11775613735253,-4.278793788818956,-6.116596169276237,29.780592475475412,-11.98030364920965,3.45,1.63,9.0,78.0,-21.0,91.5,2104.0,6.9,662399,669221,542194,643393,641914,675656,664913,657656,642456,53.64,0.029,0.05,0.0,1.0,0.0,0.0,2.0,48,3,4-Seam Fastball,1,9,9,1,9,1,9,1,Infield shift,Standard,203.0,0.002,-0.272,,,0.029,0.272,88.0,-8,8,0.008,0.992,33,27,34,28,1,3,3.0,0.0,2.0,1.0,1.11,0.44,-0.44,50.1,,,,,
SL,2022-05-14,75.7,2.79,4.41,"Ohtani, Shohei",660271,592473,field_out,hit_into_play,,,,,5.0,Shohei Ohtani flies out to left fielder Seth Brown.,R,L,L,ATH,LAA,X,7.0,fly_ball,1,1,2022,-0.96,-0.02,-0.2,2.34,,,,0,9,Top,89.39,104.78,,,,,-4.549735621048067,-110.1300981857098,2.8342479160578984,-7.028854678322868,19.75524087184694,-33.055416472929366,3.45,1.63,253.0,80.8,45.0,76.1,2132.0,6.6,662399,669221,542194,643393,641914,675656,664913,665506,642456,53.92,0.024,0.021,0.0,1.0,0.0,0.0,3.0,68,3,Slider,1,9,9,1,9,1,9,1,Infield shift,Standard,288.0,0.0,-0.236,,,0.028,0.236,88.0,-8,8,0.001,0.999,33,27,33,28,1,4,4.0,0.0,1.0,1.0,4.0,-0.96,-0.96,2.2,,,,,
ST,2022-05-14,81.7,2.09,5.12,"Ohtani, Shohei",660271,594580,field_out,hit_into_play,,,,,4.0,"Shohei Ohtani grounds out softly, third baseman Chad Pinder to first baseman Sheldon Neuse.",R,L,L,ATH,LAA,X,5.0,ground_ball,0,1,2022,-1.55,-0.21,-0.82,2.41,,,,0,8,Top,109.89,174.55,,,,,-3.4631119697283843,-118.97295357251376,0.8599237975192864,-13.937309652502975,24.823303935102615,-34.59950721708925,3.46,1.63,9.0,52.7,-15.0,79.0,3283.0,4.5,662379,542194,641914,643393,640461,462101,642456,665506,657656,55.98,0.095,0.095,0.0,1.0,0.0,0.0,1.0,56,2,Sweeper,1,1,1,1,1,1,1,1,Infield shift,Standard,306.0,0.039,-0.209,,,0.097,0.209,88.0,0,0,0.507,0.493,30,27,30,28,1,3,1.0,1.0,3.0,0.0,3.65,-1.55,-1.55,18.2,,,,,
SI,2022-05-14,91.9,-1.89,5.97,"Ohtani, Shohei",660271,621112,force_out,hit_into_play,,,,,13.0,"Athletics challenged (force play), call on the field was overturned: Shohei Ohtani grounds into a force out, fielded by shortstop Elvis Andrus. Brandon Marsh scores. Luis Rengifo out at 2nd. Shohei Ohtani to 1st.",R,L,R,ATH,LAA,X,6.0,ground_ball,1,1,2022,-1.17,1.03,-1.37,2.36,669016.0,,650859.0,0,1,Top,124.3,144.53,,,,,3.8381577964604383,-133.7640932317346,-5.561649426756507,-14.859287691155808,27.386328221321087,-18.771848595518353,3.46,1.63,34.0,88.2,-1.0,92.0,1994.0,6.2,662379,542194,641914,643393,675656,462101,640461,665506,657656,54.3,0.25,0.245,0.0,1.0,0.0,0.0,2.0,3,3,Sinker,0,0,0,0,1,0,1,0,Infield shift,Standard,208.0,0.016,-0.184,,,0.273,0.184,88.2,0,0,0.386,0.614,28,27,29,28,1,0,5.0,1.0,6.0,0.0,1.65,1.17,-1.17,49.6,,,,,
CH,2022-05-14,86.5,-2.12,5.5,"Ohtani, Shohei",660271,670124,grounded_into_double_play,hit_into_play,,,,,13.0,"Shohei Ohtani grounds into a double play, shortstop Kevin Smith to first baseman Christian Bethancourt.   Taylor Ward out at 2nd.    Shohei Ohtani out at 1st.",R,L,R,ATH,LAA,X,6.0,ground_ball,1,1,2022,-1.35,0.16,-1.05,2.16,,,621493.0,1,1,Top,133.44,145.04,,,,,5.272033227640633,-125.9253886613765,-2.094303392640616,-15.38470785279519,25.627847385424644,-30.225693720188698,3.45,1.63,26.0,86.9,-3.0,86.4,1651.0,6.2,662399,669221,542194,643393,641914,675656,664913,657656,642456,54.29,0.205,0.198,0.0,1.0,0.0,0.0,2.0,3,3,Changeup,0,0,0,0,0,0,0,0,Infield shift,Standard,261.0,0.049,-0.301,,,0.229,0.301,88.0,0,0,0.499,0.501,27,27,28,28,1,0,22.0,0.0,29.0,1.0,2.88,1.35,-1.35,28.0,,,,,
CH,2022-05-13,86.6,-2.76,5.83,"Ohtani, Shohei",660271,641726,field_out,hit_into_play,,,,,13.0,"Shohei Ohtani grounds out, first baseman Seth Brown to pitcher Daulton Jefferies.",R,L,R,ATH,LAA,X,3.0,ground_ball,1,1,2022,-1.14,0.2,-0.36,1.48,,,,0,6,Top,158.75,158.02,,,,,8.01540285730782,-125.84401091115367,-4.505692512980987,-13.811311718991028,27.46589299714415,-29.22365694666536,3.46,1.64,4.0,64.8,-19.0,85.8,1485.0,6.0,662381,669221,664913,643393,641914,462101,640461,665506,657656,54.5,0.047,0.057,0.0,1.0,0.0,0.0,2.0,38,3,Changeup,0,2,2,0,2,0,2,0,Infield shift,Standard,252.0,0.016,-0.236,,,0.048,0.236,88.0,-2,2,0.222,0.778,26,27,27,28,3,2,5.0,2.0,5.0,1.0,2.86,1.14,-1.14,28.4,,,,,
CH,2022-05-13,88.5,-2.89,5.88,"Ohtani, Shohei",660271,641726,field_out,hit_into_play,,,,,13.0,Shohei Ohtani lines out to center fielder Cristian Pache.,R,L,R,ATH,LAA,X,8.0,line_drive,1,2,2022,-1.18,0.6,-1.16,1.85,,,,2,1,Top,88.11,88.94,,,,,6.616173981378608,-128.6706405937435,-4.910292475450852,-14.509648134058349,28.971142182329576,-24.702469935063657,3.46,1.64,291.0,82.7,24.0,87.6,1520.0,5.9,662381,669221,664913,643393,641914,462101,640461,665506,657656,54.56,0.287,0.27,0.0,1.0,0.0,0.0,3.0,3,4,Changeup,0,0,0,0,0,0,0,0,Infield shift,Standard,248.0,0.008,-0.181,,,0.36,0.181,88.0,0,0,0.54,0.4599999999999999,26,27,27,28,1,0,5.0,2.0,5.0,1.0,2.34,1.18,-1.18,31.8,,,,,
ST,2022-05-13,79.1,2.23,4.89,"Ohtani, Shohei",660271,594580,field_out,hit_into_play,,,,,6.0,Shohei Ohtani pops out to third baseman Sheldon Neuse in foul territory.,R,L,L,ATH,LAA,X,5.0,popup,1,0,2022,-1.41,0.0,0.4,2.48,,,,0,9,Top,85.23,189.28,,,,,-1.3260877569234943,-115.04604211547344,1.554196074723462,-12.12938223618075,24.292328334077848,-32.7632134104073,3.46,1.64,82.0,93.7,77.0,76.4,3053.0,4.7,662381,669221,664913,643393,641914,462101,640461,665506,657656,55.81,0.008,0.007,0.0,1.0,0.0,0.0,3.0,57,2,Sweeper,0,2,2,0,2,0,2,0,Infield shift,Standard,318.0,0.009,-0.284,,,0.008,0.284,93.7,-2,2,0.075,0.925,30,27,30,28,1,3,2.0,2.0,1.0,1.0,3.69,-1.41,-1.41,13.2,,,,,
FF,2022-05-11,98.3,0.5,6.26,"Ohtani, Shohei",660271,663556,field_out,hit_into_play,,,,,9.0,"Shohei Ohtani grounds out sharply, shortstop Taylor Walls to first baseman Ji-Man Choi.",R,L,L,LAA,TB,X,6.0,ground_ball,1,0,2022,1.03,1.18,0.33,1.9,,,,2,6,Bot,135.23,128.46,,,,,-2.8869518725981846,-142.72939030505788,-9.097853271803825,14.721416016615402,37.566579839371485,-14.046624477604524,3.48,1.65,4.0,109.7,-21.0,98.7,2303.0,7.0,663450,642336,596847,660644,650490,670764,668227,595281,621433,53.53,0.155,0.157,0.0,1.0,0.0,0.0,2.0,43,2,4-Seam Fastball,0,1,0,1,1,0,0,1,Infield shift,Strategic,143.0,-0.021,-0.296,,,0.155,0.296,109.7,-1,-1,0.329,0.329,25,27,25,28,3,2,6.0,1.0,6.0,2.0,1.22,1.03,1.03,39.5,,,,,
CU,2022-05-11,81.3,0.73,5.99,"Ohtani, Shohei",660271,663556,single,hit_into_play,,,,,8.0,"Shohei Ohtani singles on a ground ball to pitcher Shane McClanahan, deflected by first baseman Ji-Man Choi.",R,L,L,LAA,TB,X,3.0,ground_ball,2,0,2022,-0.7,-1.13,0.18,2.02,,,,1,4,Bot,160.37,167.17,,,,,0.1111635815023412,-118.44357878857798,-0.1060333678675735,-6.5809525562438855,23.90218191834806,-42.94230751597111,3.48,1.65,4.0,83.6,-25.0,82.1,2652.0,6.9,663450,642336,596847,660644,650490,670764,668227,595281,621433,53.58,0.053,0.061,0.9,1.0,1.0,0.0,2.0,27,3,Curveball,0,1,0,1,1,0,0,1,Infield shift,Strategic,322.0,0.024,0.309,,,0.053,-0.309,88.0,-1,-1,0.408,0.408,25,27,25,28,2,1,6.0,1.0,6.0,2.0,4.58,-0.7,-0.7,40.5,,,,,
CU,2022-05-11,82.0,0.66,6.21,"Ohtani, Shohei",660271,663556,field_out,hit_into_play,,,,,5.0,Shohei Ohtani grounds out to first baseman Ji-Man Choi.,R,L,L,LAA,TB,X,3.0,ground_ball,0,2,2022,-0.68,-1.31,-0.16,2.31,,,,2,1,Bot,154.91,167.78,,,,,-0.5492232961345834,-119.3193029238451,0.3607126079022194,-6.298643608155983,24.98981735000896,-44.90200712841565,3.48,1.65,3.0,73.9,-41.0,82.5,2808.0,6.8,663450,642336,596847,660644,650490,670764,668227,595281,621433,53.7,0.129,0.122,0.0,1.0,0.0,0.0,2.0,6,3,Curveball,0,0,0,0,0,0,0,0,Standard,Standard,323.0,-0.006,-0.153,,,0.143,0.153,88.0,0,0,0.506,0.506,25,27,25,28,1,0,6.0,1.0,6.0,2.0,4.72,-0.68,-0.68,40.4,,,,,
CH,2022-05-10,85.0,-1.82,5.4,"Ohtani, Shohei",660271,446372,field_out,hit_into_play,,,,,14.0,"Shohei Ohtani grounds out, first baseman Yandy Diaz to pitcher Corey Kluber.",R,L,R,LAA,TB,X,3.0,ground_ball,1,2,2022,-1.17,0.41,0.08,0.76,,,,2,2,Bot,158.49,162.33,,,,,6.824188148606926,-123.56993894194626,-5.444545060300121,-13.37056039506282,23.0245673334077,-27.077135228286455,3.49,1.65,33.0,69.1,2.0,85.5,1700.0,6.5,663416,572287,650490,664040,670764,677551,668227,595281,660644,53.97,0.147,0.14,0.0,1.0,0.0,0.0,2.0,18,4,Changeup,5,0,5,0,0,5,5,0,Standard,Strategic,233.0,-0.002,-0.181,,,0.175,0.181,88.0,5,5,0.908,0.908,36,27,36,28,2,1,6.0,1.0,6.0,1.0,2.73,1.17,-1.17,34.5,,,,,
SI,2022-05-10,89.3,-3.56,3.73,"Ohtani, Shohei",660271,657044,field_out,hit_into_play,,,,,4.0,Shohei Ohtani lines out to shortstop Taylor Walls.,R,L,R,LAA,TB,X,6.0,line_drive,3,2,2022,-1.09,-0.67,-0.58,2.27,,,545361.0,0,6,Bot,120.94,147.19,,,,,9.69047383322971,-129.51728949666378,3.984279916796731,-14.36932845680328,30.055234869769127,-40.86000565865804,3.49,1.65,148.0,106.0,6.0,89.4,1915.0,6.8,663416,572287,650490,664040,660644,670764,668227,595281,621433,53.74,0.597,0.557,0.0,1.0,0.0,0.0,4.0,48,7,Sinker,8,0,8,0,0,8,8,0,Standard,Strategic,274.0,-0.001,-0.32,,,0.686,0.32,106.0,8,8,0.997,0.997,30,27,30,28,1,3,4.0,1.0,3.0,1.0,3.57,1.09,-1.09,-9.2,,,,,
FA,2022-05-10,54.6,-1.39,6.63,"Ohtani, Shohei",660271,621433,double,hit_into_play,,,,,1.0,Shohei Ohtani doubles (6) on a sharp fly ball to right fielder Harold Ramirez.,R,L,R,LAA,TB,X,9.0,fly_ball,1,1,2022,-0.05,1.17,-0.52,3.07,,,,1,8,Bot,218.1,81.01,,,,,1.332681765681823,-79.38812268759665,2.923145475491042,-0.3799819866152125,10.801959717964,-27.881097168980364,3.49,1.65,368.0,108.9,26.0,53.0,1131.0,4.8,663416,572287,650490,664040,660644,670764,668227,595281,623912,55.65,0.9488846153846152,1.921346153846154,1.25,1.0,1.0,1.0,6.0,64,3,Other,10,0,10,0,0,10,10,0,Infield shift,Strategic,202.0,0.0,0.678,,,3.7601538461538473,-0.678,108.9,10,10,0.999,0.999,28,27,28,28,1,4,29.0,1.0,52.0,1.0,6.53,0.05,-0.05,65.2,,,,,
CH,2022-05-10,88.5,-1.63,5.99,"Ohtani, Shohei",660271,592094,single,hit_into_play,,,,,13.0,Shohei Ohtani singles on a line drive to center fielder Kevin Kiermaier.,R,L,R,LAA,TB,X,8.0,line_drive,2,2,2022,-1.43,0.38,-0.67,1.07,,,,0,4,Bot,105.76,92.68,,,,,5.33574687768819,-128.58268478122883,-6.679428088473697,-16.918471231817414,28.749515166674055,-26.64646218689985,3.49,1.65,217.0,71.4,21.0,88.4,1828.0,6.5,663416,572287,650490,664040,660644,670764,668227,595281,621433,54.02,0.929,0.863,0.9,1.0,1.0,0.0,4.0,33,5,Changeup,8,0,8,0,0,8,8,0,Infield shift,Strategic,241.0,0.001,0.469,,,1.014,-0.469,88.0,8,8,0.99,0.99,30,27,31,28,1,2,2.0,1.0,3.0,1.0,2.55,1.43,-1.43,29.3,,,,,
FC,2022-05-10,88.7,-1.99,5.4,"Ohtani, Shohei",660271,446372,field_out,hit_into_play,,,,,5.0,Shohei Ohtani flies out to center fielder Kevin Kiermaier.   Brandon Marsh to 3rd.    Mike Trout to 2nd.,R,L,R,LAA,TB,X,8.0,fly_ball,0,0,2022,0.11,0.81,0.14,2.62,,669016.0,545361.0,0,1,Bot,127.2,57.55,,,,,4.967506783297156,-129.1183415747856,-2.481165813554698,0.2865566287752195,25.3451130832497,-22.734297111438536,3.49,1.65,351.0,93.1,29.0,88.9,2344.0,6.3,663416,572287,650490,664040,670764,677551,668227,595281,660644,54.21,0.139,0.206,0.0,1.0,0.0,0.0,3.0,6,1,Cutter,0,0,0,0,0,0,0,0,Infield shift,Standard,207.0,-0.003,-0.249,,,0.353,0.249,93.1,0,0,0.636,0.636,36,27,36,28,1,0,6.0,1.0,6.0,1.0,2.07,-0.11,0.11,31.5,,,,,
SL,2022-05-09,83.0,2.28,6.09,"Ohtani, Shohei",660271,605488,single,hit_into_play,,,,,8.0,Shohei Ohtani singles on a fly ball to center fielder Kevin Kiermaier.   Mike Trout to 2nd.,R,L,L,LAA,TB,X,8.0,fly_ball,0,0,2022,-0.56,0.12,-0.15,2.16,,,545361.0,1,4,Bot,133.31,97.5,,,,,-4.496748394194176,-120.88425464286576,-2.817953924107906,-4.6866841476508,22.1607879205105,-30.683465042585,3.53,1.65,255.0,89.6,50.0,83.8,2270.0,6.6,663438,572287,596847,664040,650490,677551,622534,595281,621433,53.89,0.011,0.013,0.9,1.0,1.0,0.0,3.0,29,1,Slider,0,1,0,1,1,0,0,1,Infield shade,Standard,263.0,0.05,0.41,,,0.018,-0.41,89.6,-1,-1,0.432,0.432,29,27,30,28,2,1,6.0,1.0,6.0,1.0,3.17,-0.56,-0.56,46.5,,,,,
SL,2022-05-09,81.1,0.91,6.22,"Ohtani, Shohei",660271,656222,home_run,hit_into_play,,,,,5.0,Shohei Ohtani homers (5) on a fly ball to left center field.,R,L,L,LAA,TB,X,,fly_ball,0,0,2022,-0.46,-0.24,0.13,2.34,,,,0,6,Bot,75.51,42.01,,,,,-0.8722550814762586,-118.085094267183,-1.5960371131312638,-4.124128145605573,22.716611916816625,-34.29915356064664,3.53,1.65,407.0,109.4,22.0,81.2,2268.0,6.4,663438,572287,596847,670764,650490,677551,621433,595281,664040,54.14,0.8968888888888888,1.7405555555555552,2.0,1.0,0.0,3.0,6.0,47,1,Slider,5,1,5,1,1,6,6,1,Infield shift,Standard,325.0,0.023,1.114,,,3.3564444444444455,-1.114,109.4,4,4,0.951,0.951,28,27,29,28,1,2,3.0,1.0,5.0,1.0,3.7,-0.46,-0.46,52.5,,,,,
ST,2022-05-09,88.4,-1.6,5.67,"Ohtani, Shohei",660271,676534,home_run,hit_into_play,,,,,5.0,Shohei Ohtani hits a grand slam (6) to left center field.   Andrew Velazquez scores.    Brandon Marsh scores.    Mike Trout scores.,R,L,R,LAA,TB,X,,fly_ball,3,1,2022,0.51,-0.09,0.24,2.33,623205.0,669016.0,545361.0,0,7,Bot,48.84,50.18,,,,,3.393247011341384,-128.76611585195676,-1.9335529293286144,5.054476446342596,24.274288801714835,-33.061162482087155,3.53,1.65,413.0,109.8,29.0,87.7,2742.0,5.6,663438,572287,642336,670764,650490,677551,623912,621433,664040,54.88,0.9804444444444445,1.9982222222222223,2.0,1.0,0.0,3.0,6.0,63,5,Sweeper,7,3,7,3,3,11,11,3,Standard,Standard,76.0,0.008,0.676,,,3.917444444444445,-0.676,109.8,4,4,0.99,0.99,26,27,27,28,1,3,,1.0,25.0,1.0,2.98,-0.51,0.51,34.5,,,,,
FF,2022-05-09,92.0,2.4,5.91,"Ohtani, Shohei",660271,605488,field_out,hit_into_play,,,,,12.0,Shohei Ohtani flies out to right fielder Brett Phillips.,R,L,L,LAA,TB,X,9.0,fly_ball,2,1,2022,1.02,1.53,1.1,2.93,,,,2,1,Bot,174.06,76.81,,,,,-5.552452499335705,-133.8559370052277,-5.077929181423915,13.462749196535276,30.00912555110892,-12.86734644183324,3.53,1.65,325.0,99.4,47.0,92.7,2188.0,6.8,663438,572287,596847,664040,650490,677551,622534,595281,621433,53.68,0.011,0.012,0.0,1.0,0.0,0.0,3.0,7,4,4-Seam Fastball,0,0,0,0,0,0,0,0,Infield shift,Standard,147.0,-0.011,-0.296,,,0.024,0.296,99.4,0,0,0.511,0.511,29,27,30,28,1,0,6.0,1.0,6.0,1.0,1.17,1.02,1.02,42.1,,,,,
FC,2022-05-08,89.7,-1.56,5.58,"Ohtani, Shohei",660271,607200,field_out,hit_into_play,,,,,12.0,Shohei Ohtani flies out to center fielder Lane Thomas.,R,L,R,LAA,WSH,X,8.0,fly_ball,2,2,2022,0.22,0.55,0.88,3.33,,,,1,5,Bot,101.97,92.08,,,,,5.596242822156164,-130.48275466126756,-0.7061806651759742,1.2618150722092936,28.78433730463947,-25.994824516897555,3.53,1.65,274.0,87.4,46.0,90.1,2057.0,6.7,663429,656180,605137,514917,596748,444876,628450,657041,665742,53.82,0.003,0.002,0.0,1.0,0.0,0.0,3.0,42,7,Cutter,0,1,0,1,1,0,0,1,Infield shift,Strategic,173.0,-0.023,-0.212,,,0.003,0.212,88.0,-1,-1,0.38,0.38,29,27,29,28,3,2,5.0,1.0,6.0,1.0,2.3,-0.22,0.22,28.1,,,,,
SL,2022-05-08,87.9,-2.93,6.02,"Ohtani, Shohei",660271,663432,double,hit_into_play,,,,,6.0,Shohei Ohtani doubles (5) on a sharp fly ball to left fielder Lane Thomas.   Luis Rengifo scores.    Taylor Ward scores.,R,L,R,LAA,WSH,X,7.0,fly_ball,0,1,2022,0.31,-0.26,0.47,2.25,650859.0,,621493.0,2,9,Bot,96.8,43.73,,,,,7.573331372799236,-127.88433926885112,-2.512387541778685,1.9588191084895632,24.645439161511337,-34.704215378757965,3.53,1.65,391.0,101.5,24.0,88.0,2494.0,6.2,663429,656180,605137,514917,596748,444876,657041,645302,665742,54.3,0.5941818181818181,1.059568181818182,1.25,1.0,1.0,1.0,6.0,78,2,Slider,2,4,2,4,4,4,4,4,Infield shift,Standard,117.0,0.514,0.969,,,2.008704545454545,-0.969,101.5,-2,-2,0.096,0.096,29,27,30,28,1,4,1.0,1.0,6.0,1.0,3.19,-0.31,0.31,38.2,,,,,
SI,2022-05-08,90.7,-1.53,5.68,"Ohtani, Shohei",660271,607200,field_out,hit_into_play,,,,,5.0,Shohei Ohtani flies out sharply to left fielder Yadiel Hernandez.,R,L,R,LAA,WSH,X,7.0,fly_ball,1,0,2022,-0.84,0.77,0.19,2.83,,,545361.0,1,1,Bot,77.45,95.49,,,,,6.153789357887367,-131.9704092354929,-2.8522453113822004,-11.1719952193602,28.2832190952765,-22.822206129160797,3.53,1.65,284.0,102.0,55.0,91.3,1750.0,6.7,663429,656180,605137,514917,596748,444876,628450,657041,665742,53.83,0.011,0.01,0.0,1.0,0.0,0.0,3.0,6,2,Sinker,0,0,0,0,0,0,0,0,Infield shift,Standard,206.0,-0.033,-0.29,,,0.017,0.29,102.0,0,0,0.555,0.555,29,27,29,28,1,0,5.0,1.0,6.0,1.0,2.01,0.84,-0.84,34.8,,,,,
CU,2022-05-07,84.4,-2.09,5.35,"Ohtani, Shohei",660271,680686,field_out,hit_into_play,,,,,7.0,Shohei Ohtani flies out to left fielder Yadiel Hernandez.,R,L,R,LAA,WSH,X,7.0,fly_ball,1,2,2022,0.07,-0.64,-0.34,1.82,,623205.0,,2,5,Bot,79.84,82.13,,,,,3.868250967445612,-122.92586154195388,-0.6207185604942194,-0.0646736030222099,23.888893572032124,-38.786074418096895,3.54,1.64,312.0,95.9,42.0,83.3,2571.0,5.4,663430,660688,605137,514917,596748,543829,628450,645302,665742,55.06,0.024,0.027,0.0,1.0,0.0,0.0,3.0,44,4,Curveball,3,6,3,6,6,3,3,6,Infield shift,Standard,48.0,-0.025,-0.206,,,0.055,0.206,95.9,-3,-3,0.162,0.162,24,27,25,28,3,2,6.0,1.0,6.0,1.0,3.83,-0.07,0.07,37.1,,,,,
FF,2022-05-07,94.0,-1.6,5.48,"Ohtani, Shohei",660271,680686,field_out,hit_into_play,,,,,4.0,Shohei Ohtani flies out sharply to left fielder Yadiel Hernandez.,R,L,R,LAA,WSH,X,7.0,fly_ball,0,0,2022,-0.95,1.33,-0.36,2.34,,,,0,4,Bot,39.81,104.3,,,,,5.250863386119841,-136.78799979570886,-5.329941952296624,-13.103289406021316,29.16048841455903,-14.50561674291345,3.54,1.64,315.0,101.1,50.0,93.0,2059.0,5.6,663430,660688,605137,514917,596748,543829,628450,645302,665742,54.87,0.016,0.022,0.0,1.0,0.0,0.0,3.0,30,1,4-Seam Fastball,0,4,0,4,4,0,0,4,Infield shift,Standard,213.0,-0.02,-0.247,,,0.037,0.247,101.1,-4,-4,0.144,0.144,24,27,25,28,2,1,6.0,1.0,6.0,1.0,1.24,0.95,-0.95,39.4,,,,,
SI,2022-05-07,90.7,-2.35,5.29,"Ohtani, Shohei",660271,541640,single,hit_into_play,,,,,4.0,Shohei Ohtani singles on a line drive to left fielder Yadiel Hernandez.   Mike Trout to 2nd.,R,L,R,LAA,WSH,X,7.0,line_drive,0,0,2022,-0.81,0.56,-0.65,2.84,,,545361.0,2,7,Bot,72.3,94.37,,,,,5.962361583585602,-132.0737945217732,-1.4596186222068512,-10.636394766091112,24.9964717472191,-25.4881426700641,3.54,1.64,270.0,94.7,17.0,91.2,2194.0,6.3,663430,660688,605137,514917,596748,543829,628450,645302,665742,54.2,0.484,0.476,0.9,1.0,1.0,0.0,4.0,62,1,Sinker,3,7,3,7,7,3,3,7,Infield shift,Standard,212.0,0.018,0.342,,,0.646,-0.342,94.7,-4,-4,0.05,0.05,32,27,32,28,1,3,4.0,1.0,3.0,1.0,2.18,0.81,-0.81,30.7,,,,,
FF,2022-05-07,95.2,-1.54,5.52,"Ohtani, Shohei",660271,680686,field_out,hit_into_play,,,,,5.0,Shohei Ohtani flies out sharply to center fielder Victor Robles.,R,L,R,LAA,WSH,X,8.0,fly_ball,1,0,2022,-0.66,1.53,0.03,2.53,,,621493.0,1,1,Bot,94.47,81.47,,,,,5.504648412015849,-138.43100356453175,-5.504074900476588,-9.740143434240052,33.79599072561841,-11.497005146144389,3.54,1.64,303.0,104.7,54.0,93.5,2218.0,5.6,663430,660688,605137,514917,596748,543829,628450,645302,665742,54.95,0.021,0.031,0.0,1.0,0.0,0.0,3.0,7,2,4-Seam Fastball,0,1,0,1,1,0,0,1,Infield shift,Standard,215.0,-0.034,-0.29,,,0.051,0.29,104.7,-1,-1,0.454,0.454,24,27,25,28,1,0,6.0,1.0,6.0,1.0,1.01,0.66,-0.66,40.0,,,,,
CH,2022-05-06,88.8,-2.62,5.87,"Ohtani, Shohei",660271,672851,field_out,hit_into_play,,,,,1.0,"Shohei Ohtani grounds out sharply, second baseman Cesar Hernandez to first baseman Josh Bell.   Taylor Ward scores.",R,L,R,LAA,WSH,X,4.0,ground_ball,1,2,2022,-1.31,0.75,-0.31,3.03,621493.0,545361.0,,0,1,Bot,158.49,155.06,,,,,8.431101370059624,-128.95736700588307,-2.408784640212708,-16.44907346485751,29.45155568295869,-23.53954580472396,3.54,1.64,27.0,100.5,-5.0,88.7,1925.0,6.6,663431,660688,605137,514917,596748,444876,657041,645302,665742,53.92,0.276,0.274,0.0,1.0,0.0,0.0,2.0,7,5,Changeup,0,0,0,0,0,1,1,0,Infield shift,Standard,228.0,-0.007,-0.073,,,0.29,0.073,100.5,0,0,0.669,0.669,23,27,24,28,1,0,6.0,1.0,6.0,1.0,2.18,1.31,-1.31,33.6,,,,,
CU,2022-05-06,70.9,-1.4,5.7,"Ohtani, Shohei",660271,502179,field_out,hit_into_play,,,,,7.0,"Shohei Ohtani grounds out, shortstop Alcides Escobar to first baseman Josh Bell.",R,L,R,LAA,WSH,X,6.0,ground_ball,0,0,2022,0.92,-1.69,-0.58,2.0,,,,0,8,Bot,121.03,145.97,,,,,0.0626917863325369,-102.9453179525818,3.431099380030948,6.38145202691903,21.39239696127433,-44.93872334800318,3.54,1.64,9.0,99.5,-11.0,70.3,2996.0,6.5,663431,660688,605137,514917,596748,444876,657041,645302,665742,53.98,0.261,0.262,0.0,1.0,0.0,0.0,2.0,60,1,Curveball,3,0,3,0,0,3,3,0,Infield shift,Standard,32.0,-0.002,-0.247,,,0.327,0.247,99.5,3,3,0.972,0.972,35,27,35,28,1,3,3.0,1.0,5.0,1.0,6.34,-0.92,0.92,49.8,,,,,
FF,2022-05-05,95.1,-2.96,5.05,"Ohtani, Shohei",660271,656557,single,hit_into_play,,,,,4.0,Shohei Ohtani singles on a sharp line drive to left fielder Alex Verdugo.   Andrew Velazquez scores.    Taylor Ward to 3rd.    David Fletcher to 2nd.,R,L,R,BOS,LAA,X,7.0,line_drive,0,0,2022,-1.09,0.65,-0.3,2.45,623205.0,621493.0,664058.0,0,8,Top,60.0,95.0,,,,,9.441099616873464,-138.18345652392247,-2.6051813588703916,-16.121271417418264,31.373895335002533,-23.499558244106524,3.51,1.62,334.0,103.7,20.0,95.2,2107.0,6.5,663227,608700,666915,596115,646240,593428,657077,598265,614173,54.0,0.4645333333333334,0.7435333333333333,0.9,1.0,1.0,0.0,6.0,58,1,4-Seam Fastball,0,3,3,0,4,0,4,0,Infield shift,Standard,249.0,-0.015,0.435,,,1.3577333333333332,-0.435,103.7,-3,3,0.03,0.97,26,27,26,28,2,3,6.0,1.0,3.0,1.0,1.88,1.09,-1.09,15.1,,,,,
ST,2022-05-05,69.6,2.47,4.1,"Ohtani, Shohei",660271,448179,single,hit_into_play,,,,,2.0,Shohei Ohtani singles on a sharp fly ball to center fielder Jackie Bradley Jr.  Taylor Ward to 3rd.,R,L,L,BOS,LAA,X,8.0,fly_ball,0,0,2022,-1.92,0.11,-0.21,3.05,,,621493.0,1,4,Top,164.36,46.53,,,,,-1.9504345185547771,-101.10508147327003,5.511090906974249,-12.804655536794636,17.482907356818863,-32.60480129620557,3.51,1.62,388.0,109.2,36.0,68.6,2509.0,5.7,663227,608700,666915,596115,646240,593428,657077,598265,614173,54.76,0.836,1.7076666666666664,0.9,1.0,1.0,0.0,6.0,25,1,Sweeper,0,0,0,0,0,0,0,0,Infield shift,Standard,275.0,-0.078,0.41,,,3.3385,-0.41,109.2,0,0,0.497,0.503,42,27,42,28,2,1,6.0,1.0,9.0,1.0,4.64,-1.92,-1.92,2.2,,,,,
SL,2022-05-05,85.5,-3.14,5.32,"Ohtani, Shohei",660271,656557,field_out,hit_into_play,,,,,8.0,Shohei Ohtani flies out to center fielder Jackie Bradley Jr.,R,L,R,BOS,LAA,X,8.0,fly_ball,3,2,2022,0.76,0.2,-0.09,1.82,,,,0,7,Top,104.16,78.76,,,,,5.605019908515078,-124.41581371028148,-2.321765252753875,6.642488410122163,26.354449683682557,-29.85056589998739,3.51,1.62,304.0,85.7,33.0,84.7,2533.0,5.9,663227,608700,666915,596115,646240,593428,657077,598265,614173,54.59,0.026,0.033,0.0,1.0,0.0,0.0,3.0,45,7,Slider,0,0,0,0,0,0,0,0,Infield shift,Standard,56.0,0.048,-0.333,,,0.053,0.333,88.0,0,0,0.491,0.509,26,27,26,28,1,2,6.0,1.0,3.0,1.0,2.93,-0.76,0.76,17.9,,,,,
ST,2022-05-05,70.3,2.54,4.09,"Ohtani, Shohei",660271,448179,field_out,hit_into_play,,,,,5.0,Shohei Ohtani grounds out to first baseman Bobby Dalbec.,R,L,L,BOS,LAA,X,3.0,ground_ball,0,1,2022,-1.93,0.01,-0.14,2.89,,,,2,1,Top,156.79,168.32,,,,,-2.0016948208955365,-102.22854793608587,5.298767441089601,-13.1364295414968,17.52409145120728,-33.267423297739974,3.51,1.62,10.0,69.1,-16.0,69.7,2516.0,5.9,663227,608700,666915,596115,646240,593428,657077,598265,614173,54.55,0.055,0.061,0.0,1.0,0.0,0.0,2.0,3,2,Sweeper,0,0,0,0,0,0,0,0,Infield shift,Standard,277.0,0.008,-0.213,,,0.058,0.213,88.0,0,0,0.54,0.4599999999999999,42,27,42,28,1,0,6.0,1.0,9.0,1.0,4.63,-1.93,-1.93,3.0,,,,,
CH,2022-05-04,84.6,-1.28,5.87,"Ohtani, Shohei",660271,676477,field_out,hit_into_play,,,,,7.0,"Shohei Ohtani grounds out, second baseman Trevor Story to first baseman Bobby Dalbec.",R,L,R,BOS,LAA,X,4.0,ground_ball,3,2,2022,-1.66,0.87,-0.64,2.17,,,,2,4,Top,166.39,151.82,,,,,4.891448582703529,-122.94845919327092,-3.981501820425659,-17.805576698188936,27.272942694088552,-22.755255050282585,3.5,1.62,8.0,88.2,-16.0,85.5,2121.0,7.2,663248,543877,666915,596115,646240,593428,657077,571771,624414,53.31,0.105,0.104,0.0,1.0,0.0,0.0,2.0,25,8,Changeup,2,0,0,2,0,2,0,2,Infield shift,Standard,248.0,0.014,-0.302,,,0.112,0.302,88.2,2,-2,0.772,0.2279999999999999,26,27,26,28,2,1,6.0,1.0,6.0,1.0,2.35,1.66,-1.66,43.9,,,,,
ST,2022-05-04,78.8,2.93,5.94,"Ohtani, Shohei",660271,656354,field_out,hit_into_play,,,,,3.0,Shohei Ohtani flies out to left fielder Alex Verdugo.,R,L,L,BOS,LAA,X,7.0,fly_ball,0,0,2022,-1.0,0.01,0.57,3.07,,,,0,7,Top,89.75,107.76,,,,,-3.2575626269427467,-114.65973247884013,0.6111934618245753,-8.110201037445748,23.283297102338754,-32.40707835920278,3.5,1.62,246.0,89.1,49.0,78.1,2320.0,6.0,663248,543877,666915,596115,646240,593428,657077,571771,624414,54.5,0.011,0.011,0.0,1.0,0.0,0.0,3.0,45,1,Sweeper,3,2,2,3,2,3,2,3,Infield shift,Standard,290.0,0.044,-0.247,,,0.014,0.247,89.1,1,-1,0.692,0.308,29,27,29,28,1,2,3.0,1.0,2.0,1.0,3.69,-1.0,-1.0,34.7,,,,,
CH,2022-05-03,84.8,-1.51,6.67,"Ohtani, Shohei",660271,608379,single,hit_into_play,,,,,13.0,Shohei Ohtani singles on a line drive to center fielder Enrique Hernandez.,R,L,R,BOS,LAA,X,8.0,line_drive,1,2,2022,-1.13,0.98,-0.56,1.17,,,,0,4,Top,155.46,89.4,,,,,4.504567336634816,-123.14088166818723,-8.471430001329,-12.40351883459454,24.708074418162052,-20.694906324453672,3.5,1.62,261.0,87.8,19.0,84.9,1666.0,6.5,663237,608700,614173,596115,646240,593428,657077,571771,598265,54.02,0.65,0.649,0.9,1.0,1.0,0.0,4.0,22,4,Changeup,0,0,0,0,0,0,0,0,Infield shift,Standard,236.0,-0.051,0.51,,,0.817,-0.51,88.0,0,0,0.507,0.493,30,27,31,28,2,1,6.0,1.0,17.0,1.0,2.2,1.13,-1.13,55.0,,,,,
FF,2022-05-03,93.5,-1.42,6.55,"Ohtani, Shohei",660271,608379,field_out,hit_into_play,,,,,4.0,Shohei Ohtani lines out sharply to shortstop Xander Bogaerts.,R,L,R,BOS,LAA,X,6.0,line_drive,0,0,2022,-0.47,1.49,-0.29,2.82,,,,2,1,Top,129.65,137.13,,,,,3.9766688069566927,-136.00238172385107,-7.171416651461758,-6.69655671990118,30.460502481944303,-12.289996789706896,3.5,1.62,166.0,111.5,9.0,93.8,2137.0,6.6,663237,608700,614173,596115,646240,593428,657077,571771,598265,53.95,0.847,0.85,0.0,1.0,0.0,0.0,5.0,3,1,4-Seam Fastball,0,0,0,0,0,0,0,0,Infield shift,Standard,198.0,0.01,-0.256,,,1.094,0.256,111.5,0,0,0.538,0.4619999999999999,30,27,31,28,1,0,6.0,1.0,17.0,1.0,1.12,0.47,-0.47,53.7,,,,,
SI,2022-05-03,95.3,3.71,5.29,"Ohtani, Shohei",660271,518617,field_out,hit_into_play,,,,,2.0,Shohei Ohtani lines out to left fielder Alex Verdugo.,R,L,L,BOS,LAA,X,7.0,line_drive,1,2,2022,1.57,0.79,0.17,3.37,,545361.0,,2,6,Top,81.78,104.45,,,,,-12.869333637498956,-138.2431822869656,-1.2103900835156614,22.80063017838855,26.887482876308635,-21.869075677442943,3.5,1.62,261.0,80.1,29.0,96.2,2002.0,6.7,663237,608700,614173,596115,646240,593428,657077,571771,598265,53.83,0.163,0.179,0.0,1.0,0.0,0.0,3.0,42,4,Sinker,2,0,0,2,0,2,0,2,Infield shift,Standard,118.0,0.031,-0.206,,,0.256,0.206,88.0,2,-2,0.814,0.186,35,27,35,28,1,2,4.0,1.0,1.0,1.0,1.71,1.57,1.57,16.7,,,,,
CH,2022-05-02,90.0,-1.14,5.59,"Ohtani, Shohei",660271,608665,field_out,hit_into_play,,,,,8.0,"Shohei Ohtani grounds out, second baseman Josh Harrison to first baseman Gavin Sheets.",R,L,R,CWS,LAA,X,4.0,ground_ball,3,1,2022,-1.22,0.36,-0.08,1.86,,,435559.0,2,8,Top,161.36,142.66,,,,,5.235034269323381,-131.01935127468585,-4.062787776369562,-15.152074355387864,28.196544905535596,-27.383880817995887,3.46,1.62,13.0,94.7,-7.0,90.5,1642.0,6.6,661526,518735,657757,543281,669394,641313,572041,673357,641553,53.9,0.213,0.211,0.0,1.0,0.0,0.0,2.0,57,5,Changeup,3,0,0,3,0,3,0,3,Infield shift,Standard,226.0,0.027,-0.363,,,0.248,0.363,94.7,3,-3,0.945,0.055,31,27,32,28,1,0,2.0,1.0,2.0,1.0,2.46,1.22,-1.22,42.3,,,,,
SL,2022-05-01,74.1,1.65,5.86,"Ohtani, Shohei",660271,572971,field_out,hit_into_play,,,,,12.0,Shohei Ohtani grounds out to first baseman Jose Abreu.,R,L,L,CWS,LAA,X,3.0,ground_ball,2,1,2022,-0.82,-0.18,1.04,2.65,664058.0,623205.0,545361.0,2,4,Top,159.85,166.57,,,,,0.1750768528365521,-107.84404266903395,1.0448572651081591,-6.387110217101143,20.245300756880972,-33.994879971451915,3.44,1.61,11.0,83.5,-13.0,73.3,2106.0,5.9,661531,624512,547989,544725,543281,641313,572041,673357,657757,54.65,0.092,0.086,0.0,1.0,0.0,0.0,2.0,32,4,Slider,0,4,4,0,4,0,4,0,Infield shift,Standard,318.0,0.033,-0.303,,,0.103,0.303,88.0,-4,4,0.111,0.889,34,27,34,28,3,2,5.0,1.0,7.0,1.0,4.36,-0.82,-0.82,40.6,,,,,
FC,2022-05-01,84.6,1.47,6.09,"Ohtani, Shohei",660271,572971,field_out,hit_into_play,,,,,4.0,"Shohei Ohtani grounds out, second baseman Leury Garcia to first baseman Jose Abreu.   Taylor Ward scores.    Mike Trout to 3rd.",R,L,L,CWS,LAA,X,4.0,ground_ball,0,0,2022,-0.01,0.59,-0.77,2.41,621493.0,545361.0,,0,3,Top,150.76,156.27,,,,,-5.186812785739557,-123.09175001934966,-3.3935781004582557,0.9699709752636042,24.687011021617582,-25.686300067037223,3.44,1.61,49.0,91.2,1.0,84.2,1964.0,6.0,661531,624512,547989,544725,543281,641313,572041,673357,657757,54.46,0.332,0.326,0.0,1.0,0.0,0.0,2.0,19,1,Cutter,0,1,1,0,2,0,2,0,Infield shift,Standard,162.0,-0.01,-0.188,,,0.355,0.188,91.2,-1,1,0.257,0.743,34,27,34,28,2,1,5.0,1.0,7.0,1.0,2.6,-0.01,-0.01,45.3,,,,,
CH,2022-05-01,89.7,-1.9,6.15,"Ohtani, Shohei",660271,614179,grounded_into_double_play,hit_into_play,,,,,13.0,"Shohei Ohtani grounds into a double play, pitcher Jose Ruiz to shortstop Tim Anderson to first baseman Jose Abreu.   Taylor Ward to 3rd.    Mike Trout out at 2nd.    Shohei Ohtani out at 1st.",R,L,R,CWS,LAA,X,1.0,ground_ball,1,2,2022,-1.41,0.82,-1.13,1.74,,621493.0,545361.0,0,7,Top,128.35,183.53,,,,,4.861748233000248,-130.45442586350774,-6.560926018781711,-17.13983611887738,29.003144146940382,-21.640917664420897,3.44,1.61,4.0,83.2,-23.0,88.9,1672.0,6.0,661531,624512,547989,544725,543281,641313,572041,673357,657757,54.52,0.058,0.062,0.0,1.0,0.0,0.0,2.0,53,4,Changeup,0,4,4,0,4,0,4,0,Infield shift,Standard,225.0,0.018,-0.252,,,0.06,0.252,88.0,-4,4,0.043,0.957,27,27,28,28,1,3,3.0,1.0,2.0,1.0,2.03,1.41,-1.41,42.1,,,,,
FF,2022-04-30,93.5,-1.29,5.62,"Ohtani, Shohei",660271,592826,field_out,hit_into_play,,,,,3.0,Shohei Ohtani flies out to center fielder Luis Robert.,R,L,R,CWS,LAA,X,8.0,fly_ball,0,2,2022,-0.02,1.34,0.68,2.87,,,621493.0,2,1,Top,111.68,59.82,,,,,5.175033448935606,-136.04961783032533,-4.349975204343748,-1.3321871362807125,28.65783372943223,-14.708179735658536,3.4,1.61,347.0,96.5,25.0,94.6,2411.0,6.8,661534,624512,547989,543281,669394,641313,572041,673357,641553,53.67,0.3014285714285715,0.5028571428571428,0.0,1.0,0.0,0.0,5.0,4,4,4-Seam Fastball,0,0,0,0,0,0,0,0,Infield shift,Standard,206.0,0.014,-0.161,,,0.9197142857142856,0.161,96.5,0,0,0.534,0.4659999999999999,30,27,30,28,1,0,7.0,1.0,6.0,1.0,1.26,0.02,-0.02,41.8,,,,,
FF,2022-04-30,97.2,-1.33,5.98,"Ohtani, Shohei",660271,521230,field_out,hit_into_play,,,,,12.0,Shohei Ohtani flies out sharply to left fielder AJ Pollock.,R,L,R,CWS,LAA,X,7.0,fly_ball,3,2,2022,-0.52,1.61,0.44,3.64,,,,1,9,Top,81.6,107.53,,,,,6.062932967082817,-141.39796734868085,-4.473890385559008,-8.402715176720061,34.67551868327006,-9.858252166296626,3.4,1.61,255.0,101.5,48.0,98.8,2488.0,7.4,661534,624512,547989,543281,669394,641313,572041,673357,641553,53.13,0.032,0.046,0.0,1.0,0.0,0.0,3.0,66,7,4-Seam Fastball,4,0,0,4,0,4,0,4,Infield shift,Standard,202.0,0.006,-0.328,,,0.086,0.328,101.5,4,-4,0.993,0.007,33,27,33,28,1,3,6.0,1.0,2.0,1.0,0.82,0.52,-0.52,48.9,,,,,
ST,2022-04-30,83.4,2.49,5.29,"Ohtani, Shohei",660271,607481,field_out,hit_into_play,,,,,13.0,"Shohei Ohtani grounds out, shortstop Tim Anderson to first baseman Jose Abreu.",R,L,L,CWS,LAA,X,6.0,ground_ball,2,2,2022,-1.33,-0.61,-0.19,1.24,,,,0,7,Top,116.24,157.48,,,,,-3.5432003303536046,-121.3489532383718,-1.5497382701534443,-12.106949672998876,28.520317086087186,-38.01728972935243,3.4,1.61,11.0,68.4,-6.0,82.5,2745.0,6.2,661534,624512,547989,543281,669394,641313,572041,673357,641553,54.33,0.092,0.09,0.0,1.0,0.0,0.0,2.0,50,5,Sweeper,4,0,0,4,0,4,0,4,Standard,Standard,302.0,0.013,-0.218,,,0.099,0.218,88.0,4,-4,0.943,0.057,28,27,29,28,1,2,2.0,1.0,3.0,1.0,3.94,-1.33,-1.33,15.2,,,,,
CH,2022-04-29,83.9,-1.09,6.16,"Ohtani, Shohei",660271,608337,force_out,hit_into_play,,,,,13.0,"Shohei Ohtani grounds into a force out, fielded by shortstop Tim Anderson. Mike Trout out at 2nd. Shohei Ohtani to 1st.",R,L,R,CWS,LAA,X,6.0,ground_ball,1,2,2022,-0.97,1.08,-0.85,0.92,,,545361.0,1,6,Top,124.22,135.61,,,,,2.493751550116738,-122.05825336504849,-7.997167840463661,-10.189806461099414,21.19592800641009,-20.08657224113113,3.38,1.6,127.0,64.3,13.0,85.3,1582.0,6.9,661535,518735,547989,543281,669394,641313,683734,673357,544725,53.56,0.287,0.258,0.0,1.0,0.0,0.0,2.0,38,6,Changeup,1,2,2,1,2,1,2,1,Infield shift,Standard,211.0,0.024,-0.241,,,0.298,0.241,88.0,-1,1,0.346,0.654,27,27,28,28,3,2,5.0,2.0,5.0,1.0,2.13,0.97,-0.97,62.8,,,,,
SL,2022-04-29,85.0,-1.22,6.32,"Ohtani, Shohei",660271,608337,field_out,hit_into_play,,,,,5.0,Shohei Ohtani flies out sharply to center fielder Luis Robert.,R,L,R,CWS,LAA,X,8.0,fly_ball,1,2,2022,0.34,-0.08,0.14,2.19,,,,0,4,Top,97.35,78.92,,,,,2.514732268328684,-123.82844604949952,-3.193650661793894,2.9990753856326893,25.74836491635839,-32.55994051092716,3.38,1.6,307.0,102.7,42.0,85.6,2006.0,6.7,661535,518735,547989,543281,669394,641313,683734,673357,544725,53.76,0.252,0.498,0.0,1.0,0.0,0.0,5.0,23,5,Slider,1,2,2,1,2,1,2,1,Infield shift,Standard,79.0,0.017,-0.176,,,0.975,0.176,102.7,-1,1,0.383,0.617,27,27,28,28,2,1,5.0,2.0,5.0,1.0,3.24,-0.34,0.34,60.8,,,,,
FF,2022-04-29,93.1,-1.18,6.4,"Ohtani, Shohei",660271,608337,home_run,hit_into_play,,,,,2.0,Shohei Ohtani homers (4) on a fly ball to center field.,R,L,R,CWS,LAA,X,,fly_ball,3,1,2022,-0.25,1.59,-0.07,3.32,,,,2,1,Top,90.66,33.07,,,,,3.422706243998237,-135.43643199419736,-5.660908613778249,-3.857088208426058,29.774767242583216,-11.536235052013769,3.38,1.6,419.0,108.3,28.0,93.8,2025.0,6.7,661535,518735,547989,543281,669394,641313,683734,673357,544725,53.76,0.9613125,1.9470625,2.0,1.0,0.0,3.0,6.0,4,5,4-Seam Fastball,0,1,1,0,2,0,2,0,Infield shift,Standard,200.0,-0.09,2.454,,,3.8135625000000006,-2.454,108.3,-1,1,0.434,0.5660000000000001,27,27,28,28,1,0,5.0,2.0,5.0,1.0,1.04,0.25,-0.25,60.3,,,,,
SL,2022-04-29,87.1,1.69,6.25,"Ohtani, Shohei",660271,656986,single,hit_into_play,,,,,13.0,Shohei Ohtani singles on a line drive to center fielder Luis Robert.,R,L,L,CWS,LAA,X,8.0,line_drive,1,2,2022,-0.36,0.14,-1.22,2.22,,,,1,8,Top,105.12,101.93,,,,,-6.256208474410279,-126.67140642389629,-3.7717128901479584,-2.5160529966368617,27.10731313983392,-30.098621927490864,3.38,1.6,202.0,85.2,13.0,87.1,2095.0,6.4,661535,518735,547989,543281,669394,641313,683734,673357,544725,54.1,0.787,0.718,0.9,1.0,1.0,0.0,4.0,55,4,Slider,1,3,3,1,3,1,3,1,Infield shift,Standard,240.0,-0.015,0.485,,,0.853,-0.485,88.0,-2,2,0.152,0.848,27,27,27,28,1,3,2.0,2.0,8.0,1.0,2.88,-0.36,-0.36,49.0,,,,,
FF,2022-04-27,92.1,-0.36,6.14,"Ohtani, Shohei",660271,668676,single,hit_into_play,,,,,8.0,Shohei Ohtani singles on a sharp ground ball to center fielder Myles Straw.   Taylor Ward to 2nd.,R,L,R,LAA,CLE,X,8.0,ground_ball,1,0,2022,-0.59,1.64,0.24,1.48,,,621493.0,2,4,Bot,119.09,91.22,,,,,2.816130672430109,-133.85682617246232,-9.59398020065894,-7.725657076823557,27.956475989438896,-10.578313829409929,3.36,1.59,65.0,106.7,3.0,92.4,2107.0,6.5,663439,571912,680911,665926,608070,642708,680700,664702,647304,54.02,0.521,0.469,0.9,1.0,1.0,0.0,4.0,38,2,4-Seam Fastball,6,2,6,2,2,6,6,2,Infield shift,Strategic,206.0,0.005,0.304,,,0.55,-0.304,106.7,4,4,0.905,0.905,27,27,27,28,3,2,6.0,1.0,7.0,2.0,1.04,0.59,-0.59,51.3,,,,,
ST,2022-04-27,80.4,2.17,6.04,"Ohtani, Shohei",660271,663531,single,hit_into_play,,,,,13.0,Shohei Ohtani singles on a line drive to center fielder Myles Straw.,R,L,L,LAA,CLE,X,8.0,line_drive,1,1,2022,-1.27,-0.12,-0.32,1.39,,,,0,8,Bot,144.38,88.41,,,,,-3.0941795343415923,-117.12192382390428,-3.372261762528418,-11.083068410936274,23.147195460622456,-32.852638232676036,3.36,1.59,263.0,75.2,29.0,79.8,2319.0,5.9,663439,571912,656252,665926,676391,642708,680700,664702,640458,54.56,0.487,0.46,0.9,1.0,1.0,0.0,3.0,71,3,Sweeper,9,4,9,4,4,9,9,4,Infield shift,Strategic,305.0,0.001,0.45,,,0.548,-0.45,88.0,5,5,0.995,0.995,25,27,25,28,2,4,5.0,1.0,14.0,2.0,3.65,-1.27,-1.27,44.4,,,,,
CH,2022-04-27,86.5,-0.58,6.17,"Ohtani, Shohei",660271,668676,field_out,hit_into_play,,,,,1.0,"Shohei Ohtani grounds out, second baseman Andres Gimenez to first baseman Owen Miller.",R,L,R,LAA,CLE,X,4.0,ground_ball,1,1,2022,-0.47,1.24,-0.32,3.39,,,,0,2,Bot,154.22,154.82,,,,,1.5565102056621845,-126.11708402023936,-3.0231355040342756,-5.3083572530957355,24.04188699677982,-18.48114975429366,3.36,1.59,5.0,88.5,-35.0,86.8,1527.0,6.3,663439,571912,680911,665926,608070,642708,680700,664702,647304,54.24,0.058,0.066,0.0,1.0,0.0,0.0,2.0,22,3,Changeup,6,2,6,2,2,6,6,2,Infield shift,Strategic,228.0,-0.009,-0.236,,,0.058,0.236,88.5,4,4,0.878,0.878,27,27,27,28,2,1,6.0,1.0,7.0,2.0,1.78,0.47,-0.47,51.6,,,,,
FC,2022-04-27,84.9,2.2,6.12,"Ohtani, Shohei",660271,663531,double,hit_into_play,,,,,2.0,Shohei Ohtani doubles (4) on a sharp line drive to right fielder Josh Naylor.   Taylor Ward scores.,R,L,L,LAA,CLE,X,9.0,line_drive,1,2,2022,-0.24,0.28,-0.23,3.15,621493.0,,,1,6,Bot,194.13,60.76,,,,,-5.186793412379868,-123.63210445259811,-1.1840532749272152,-1.430054486342864,24.557864168609367,-29.30822277753296,3.36,1.59,353.0,108.2,17.0,84.5,2138.0,6.0,663439,571912,680911,665926,608070,642708,680700,664702,647304,54.52,0.4729374999999999,0.7021875000000001,1.25,1.0,1.0,1.0,6.0,53,4,Cutter,7,2,7,2,2,8,8,2,Strategic,Standard,205.0,0.009,0.691,,,1.231375,-0.691,108.2,5,5,0.978,0.978,25,27,25,28,1,3,5.0,1.0,14.0,2.0,2.88,-0.24,-0.24,44.0,,,,,
CH,2022-04-27,84.7,-0.62,6.21,"Ohtani, Shohei",660271,668676,field_out,hit_into_play,,,,,11.0,"Shohei Ohtani grounds out, second baseman Andres Gimenez to first baseman Owen Miller.   Taylor Ward to 3rd.",R,L,R,LAA,CLE,X,4.0,ground_ball,1,2,2022,-0.75,1.15,-0.4,3.48,,621493.0,,0,1,Bot,154.82,153.6,,,,,2.0175860330606255,-123.43231256608904,-2.3462066279829212,-8.0632450611422,23.943437853250025,-20.122551453882117,3.36,1.59,5.0,88.7,-36.0,84.8,1604.0,6.2,663439,571912,680911,665926,608070,642708,680700,664702,647304,54.26,0.074,0.075,0.0,1.0,0.0,0.0,2.0,8,5,Changeup,0,2,0,2,2,0,0,2,Infield shift,Strategic,225.0,-0.005,-0.12,,,0.079,0.12,88.7,-2,-2,0.402,0.402,27,27,27,28,1,0,6.0,1.0,7.0,2.0,2.01,0.75,-0.75,48.9,,,,,
FF,2022-04-26,93.6,-1.89,6.36,"Ohtani, Shohei",660271,663474,single,hit_into_play,,,,,5.0,Shohei Ohtani singles on a ground ball to center fielder Myles Straw.,R,L,R,LAA,CLE,X,8.0,ground_ball,2,1,2022,-0.23,1.64,-0.12,2.48,,,,2,5,Bot,151.88,107.45,,,,,5.1420440001261,-136.02669381478856,-7.974945930193259,-4.0072678577527725,30.557210579265572,-10.233111971039325,3.47,1.65,81.0,104.7,4.0,94.7,2287.0,7.0,661032,595978,680911,665926,608070,642708,676391,664702,640458,53.46,0.595,0.567,0.9,1.0,1.0,0.0,4.0,37,4,4-Seam Fastball,3,0,3,0,0,3,3,0,Standard,Standard,197.0,0.004,0.266,,,0.68,-0.266,104.7,3,3,0.869,0.869,24,27,25,28,3,2,6.0,1.0,5.0,1.0,0.97,0.23,-0.23,53.8,,,,,
FF,2022-04-26,92.5,-1.85,6.37,"Ohtani, Shohei",660271,663474,field_out,hit_into_play,,,,,8.0,"Shohei Ohtani grounds out, second baseman Andres Gimenez to first baseman Owen Miller.",R,L,R,LAA,CLE,X,4.0,ground_ball,0,0,2022,-0.26,1.54,-0.24,1.94,,,,1,1,Bot,150.49,153.24,,,,,4.7175441781716625,-134.3331746458381,-8.918996608839489,-4.211865203350491,30.088848604532178,-11.822450979726709,3.47,1.65,4.0,108.1,-23.0,93.4,2036.0,7.0,661032,595978,680911,665926,608070,642708,676391,664702,640458,53.49,0.147,0.149,0.0,1.0,0.0,0.0,2.0,5,1,4-Seam Fastball,0,0,0,0,0,0,0,0,Standard,Strategic,192.0,-0.016,-0.246,,,0.147,0.246,108.1,0,0,0.526,0.526,24,27,25,28,1,0,6.0,1.0,5.0,1.0,1.15,0.26,-0.26,53.6,,,,,
FF,2022-04-26,97.9,0.74,5.69,"Ohtani, Shohei",660271,543238,field_out,hit_into_play,,,,,8.0,"Shohei Ohtani grounds out, first baseman Owen Miller to pitcher Anthony Gose.",R,L,L,LAA,CLE,X,3.0,ground_ball,0,0,2022,0.47,1.36,0.15,1.97,,,,0,8,Bot,157.94,166.2,,,,,-2.688258296813285,-142.41760513627554,-7.662729020412663,7.060611123633905,32.474865404220296,-12.136309816920765,3.47,1.65,6.0,96.7,-18.0,97.6,2115.0,6.1,661032,595978,680911,665926,608070,642708,676391,664702,640458,54.39,0.153,0.145,0.0,1.0,0.0,0.0,2.0,56,1,4-Seam Fastball,4,0,4,0,0,4,4,0,Standard,Standard,150.0,-0.001,-0.247,,,0.164,0.247,96.7,4,4,0.988,0.988,31,27,32,28,1,3,6.0,1.0,5.0,1.0,1.02,0.47,0.47,40.4,,,,,
FF,2022-04-25,90.9,-0.92,5.67,"Ohtani, Shohei",660271,669456,field_out,hit_into_play,,,,,4.0,"Shohei Ohtani grounds out, shortstop Amed Rosario to first baseman Owen Miller.",R,L,R,LAA,CLE,X,6.0,ground_ball,0,0,2022,-0.63,1.5,-0.37,2.54,,,,2,5,Bot,138.12,155.3,,,,,2.7501378314593015,-132.31053341262273,-5.173204606880718,-7.981508068511855,29.725933084576667,-13.658048862549698,3.45,1.64,4.0,99.9,-33.0,91.6,2153.0,6.8,661034,595978,680911,665926,608070,642708,680700,664702,647304,53.69,0.095,0.096,0.0,1.0,0.0,0.0,2.0,39,1,4-Seam Fastball,1,0,1,0,0,1,1,0,Standard,Standard,212.0,-0.011,-0.256,,,0.095,0.256,99.9,1,1,0.671,0.671,27,27,27,28,3,2,5.0,1.0,5.0,1.0,1.27,0.63,-0.63,45.2,,,,,
FS,2022-04-25,87.2,-2.14,5.64,"Ohtani, Shohei",660271,663986,field_out,hit_into_play,,,,,4.0,Shohei Ohtani flies out to right fielder Josh Naylor.,R,L,R,LAA,CLE,X,9.0,fly_ball,0,2,2022,-1.0,0.07,-0.5,2.29,,,,1,7,Bot,210.14,91.41,,,,,6.007939726304431,-126.86529652128026,-1.9925577788698925,-12.028008815729454,27.655442672808697,-31.189433522795472,3.45,1.64,336.0,94.1,35.0,87.3,1446.0,6.5,661034,595978,680911,665926,608070,642708,680700,664702,647304,53.98,0.084,0.149,0.0,1.0,0.0,0.0,3.0,55,3,Split-Finger,3,0,3,0,0,3,3,0,Infield shift,Standard,246.0,-0.003,-0.159,,,0.273,0.159,94.1,3,3,0.934,0.934,26,27,27,28,1,3,4.0,1.0,4.0,1.0,2.94,1.0,-1.0,30.6,,,,,
FC,2022-04-24,90.9,-1.75,5.84,"Ohtani, Shohei",660271,664042,force_out,hit_into_play,,,,,5.0,"Shohei Ohtani grounds into a force out, third baseman Kelvin Gutierrez to shortstop Jorge Mateo. Andrew Velazquez out at 2nd.",R,L,R,LAA,BAL,X,5.0,ground_ball,0,2,2022,0.4,0.47,-0.2,2.74,,,623205.0,2,1,Bot,108.89,148.7,,,,,2.995723576280133,-132.43743422459025,-2.8895346465341754,4.161086874959159,27.155221326280312,-26.28559381832707,3.44,1.64,24.0,94.9,-5.0,90.3,2395.0,5.8,661033,455139,663624,572008,642721,622761,669720,656775,623993,54.71,0.25,0.24,0.0,1.0,0.0,0.0,2.0,14,3,Cutter,6,0,6,0,0,6,6,0,Infield shift,Standard,159.0,-0.003,-0.161,,,0.301,0.161,94.9,6,6,0.93,0.93,28,27,28,28,1,1,3.0,1.0,3.0,1.0,2.28,-0.4,0.4,34.3,,,,,
FF,2022-04-24,94.9,-1.56,6.31,"Ohtani, Shohei",660271,657508,single,hit_into_play,,,,,6.0,Shohei Ohtani singles on a ground ball to right fielder Anthony Santander.,R,L,R,LAA,BAL,X,9.0,ground_ball,2,0,2022,-0.06,1.33,0.81,2.61,,,,0,7,Bot,188.22,109.92,,,,,6.367924788074014,-137.90685214934834,-7.017868045971412,-2.1766306519033987,31.06051960218555,-13.761048734156002,3.44,1.64,79.0,89.7,4.0,95.4,2065.0,6.7,661033,455139,663624,596059,642721,622761,669720,656775,623993,53.81,0.413,0.39,0.9,1.0,1.0,0.0,4.0,63,3,4-Seam Fastball,6,6,6,6,6,6,6,6,Infield shift,Standard,203.0,0.039,0.333,,,0.47,-0.333,89.7,0,0,0.605,0.605,26,27,27,28,1,3,5.0,1.0,4.0,1.0,1.21,0.06,-0.06,51.3,,,,,
SL,2022-04-24,83.7,2.62,5.75,"Ohtani, Shohei",660271,669211,single,hit_into_play,,,,,8.0,Shohei Ohtani singles on a ground ball to second baseman Chris Owings.,R,L,L,LAA,BAL,X,4.0,ground_ball,0,2,2022,-0.66,-0.27,-0.14,1.82,,,,2,4,Bot,153.8,142.13,,,,,-5.004890035183227,-121.7937699611833,-2.112575615479795,-5.639489550690876,23.84318091078872,-34.65451569293009,3.44,1.64,8.0,88.1,-12.0,83.2,2231.0,5.9,661033,455139,663624,572008,642721,622761,669720,656775,623993,54.57,0.158,0.15,0.9,1.0,1.0,0.0,2.0,35,3,Slider,6,3,6,3,3,6,6,3,Infield shift,Standard,268.0,0.007,0.408,,,0.195,-0.408,88.1,3,3,0.84,0.84,27,27,27,28,1,2,3.0,1.0,5.0,1.0,3.52,-0.66,-0.66,37.9,,,,,
SV,2022-04-24,83.8,1.28,5.53,"Ohtani, Shohei",660271,672335,single,hit_into_play,,,,,5.0,Shohei Ohtani singles on a sharp line drive to center fielder Cedric Mullins.,R,L,L,LAA,BAL,X,8.0,line_drive,0,2,2022,-1.09,-0.35,-0.17,2.79,,,,2,8,Bot,119.67,80.07,,,,,-1.2047886109169357,-122.16248382921772,0.6504776042441323,-10.716642419507703,22.081088775255612,-35.987288374422555,3.44,1.64,175.0,101.3,10.0,83.0,2651.0,5.5,661033,455139,663624,596059,642721,622761,669720,656775,623993,55.05,0.771,0.697,0.9,1.0,1.0,0.0,4.0,75,4,Slurve,7,6,7,6,6,7,7,6,Infield shift,Standard,322.0,0.01,0.408,,,0.859,-0.408,101.3,1,1,0.84,0.84,26,27,26,28,1,4,2.0,1.0,6.0,1.0,3.56,-1.09,-1.09,39.8,,,,,
FF,2022-04-23,93.3,-1.81,6.28,"Ohtani, Shohei",660271,657093,double_play,hit_into_play,,,,,1.0,"Shohei Ohtani lines into a double play, third baseman Ramon Urias to shortstop Jorge Mateo.   Tyler Wade out at 2nd.",R,L,R,LAA,BAL,X,5.0,line_drive,2,2,2022,0.22,1.34,-0.38,3.27,,642180.0,623205.0,1,2,Bot,98.63,159.85,,,,,3.1962859171581535,-135.7927740448048,-4.937176004325341,1.974760473009932,30.32820254573255,-14.691981329630693,3.43,1.62,125.0,83.8,8.0,93.3,2258.0,6.3,661035,621532,663624,596059,602104,622761,669720,656775,641820,54.15,0.413,0.384,0.0,1.0,0.0,0.0,4.0,20,6,4-Seam Fastball,1,2,1,2,2,1,1,2,Infield shift,Standard,200.0,-0.096,-0.197,,,0.477,0.197,88.0,-1,-1,0.484,0.484,29,27,30,28,2,1,5.0,1.0,7.0,1.0,1.28,-0.22,0.22,57.2,,,,,
FF,2022-04-23,93.3,-1.73,6.4,"Ohtani, Shohei",660271,657093,field_out,hit_into_play,,,,,1.0,"Shohei Ohtani grounds out, pitcher Spenser Watkins to first baseman Ryan Mountcastle.",R,L,R,LAA,BAL,X,1.0,ground_ball,2,2,2022,-0.07,1.41,-0.63,3.33,,,,0,1,Bot,136.65,181.47,,,,,2.942840755976778,-135.8562526679122,-5.220089774094644,-1.477969378836029,29.192888668692984,-13.738403760216572,3.43,1.62,1.0,70.1,-69.0,92.8,2311.0,5.9,661035,621532,663624,596059,602104,622761,669720,656775,641820,54.56,0.287,0.281,0.0,1.0,0.0,0.0,2.0,7,5,4-Seam Fastball,0,2,0,2,2,0,0,2,Infield shift,Standard,188.0,-0.021,-0.218,,,0.298,0.218,88.0,-2,-2,0.35,0.35,29,27,30,28,1,0,5.0,1.0,7.0,1.0,1.2,0.07,-0.07,56.7,,,,,
SV,2022-04-22,83.6,1.24,5.45,"Ohtani, Shohei",660271,672335,grounded_into_double_play,hit_into_play,,,,,4.0,"Shohei Ohtani grounds into a double play, shortstop Jorge Mateo to third baseman Kelvin Gutierrez to first baseman Ryan Mountcastle. Andrew Velazquez out at 2nd. Shohei Ohtani out at 1st.",R,L,L,LAA,BAL,X,6.0,ground_ball,1,2,2022,-1.03,-0.25,-0.37,2.39,,,623205.0,1,8,Bot,145.87,146.88,,,,,-1.6668360355060032,-121.68537678295569,-0.1196844165279829,-9.834682715493582,25.09281544398768,-34.856479769299995,3.44,1.61,98.0,103.3,5.0,83.0,2420.0,6.0,661037,455139,663624,602104,642721,622761,623993,656775,669720,54.48,0.561,0.504,0.0,1.0,0.0,0.0,4.0,61,5,Slurve,3,5,3,5,5,3,3,5,Infield shift,Standard,321.0,-0.087,-0.241,,,0.618,0.241,103.3,-2,-2,0.163,0.163,26,27,26,28,1,3,3.0,2.0,2.0,1.0,3.52,-1.03,-1.03,39.2,,,,,
KC,2022-04-20,74.8,-1.66,5.88,"Ohtani, Shohei",660271,664299,single,hit_into_play,,,,,6.0,Shohei Ohtani singles on a bunt ground ball to pitcher Cristian Javier.,R,L,R,HOU,LAA,X,1.0,ground_ball,0,0,2022,1.28,-0.56,0.71,2.81,,,,1,6,Top,121.05,184.24,,,,,2.595845423935855,-108.89593879752614,1.8588294435067712,9.650532678955535,20.533382436228216,-37.18640573297154,3.41,1.59,2.0,35.2,-50.0,74.1,2887.0,5.9,662926,488771,493329,592348,608324,665161,488726,642350,663656,54.57,0.261,0.257,0.9,1.0,1.0,0.0,1.0,43,1,Knuckle Curve,0,6,6,0,6,0,6,0,Infield shift,Standard,42.0,-0.002,0.082,,,0.272,-0.082,88.0,-6,6,0.029,0.971,25,27,25,28,2,3,7.0,1.0,7.0,2.0,4.65,-1.28,1.28,39.1,,,,,
FF,2022-04-20,95.4,-1.52,5.65,"Ohtani, Shohei",660271,664299,field_out,hit_into_play,,,,,1.0,Shohei Ohtani lines out to third baseman Alex Bregman.,R,L,R,HOU,LAA,X,5.0,line_drive,2,2,2022,-0.52,1.82,-0.71,3.05,666176.0,,,2,3,Top,106.73,143.96,,,,,3.2783710793862264,-138.68485976487162,-5.203296364900221,-7.4114756877071235,35.1283989954961,-7.889886998884874,3.41,1.59,152.0,102.9,6.0,94.5,2489.0,6.1,662926,488771,493329,592348,608324,665161,488726,642350,663656,54.38,0.611,0.581,0.0,1.0,0.0,0.0,4.0,25,5,4-Seam Fastball,0,6,6,0,6,0,6,0,Infield shift,Standard,207.0,0.008,-0.232,,,0.697,0.232,102.9,-6,6,0.064,0.936,25,27,25,28,1,2,7.0,1.0,7.0,2.0,0.72,0.52,-0.52,35.4,,,,,
FF,2022-04-20,96.0,-1.34,5.13,"Ohtani, Shohei",660271,606160,field_out,hit_into_play,,,,,2.0,Shohei Ohtani flies out to left fielder Michael Brantley.,R,L,R,HOU,LAA,X,7.0,fly_ball,2,2,2022,-0.75,1.29,-0.16,3.27,,,,2,8,Top,57.38,131.66,,,,,4.835062050063614,-139.6258684938024,-2.205478994405617,-10.958806695203137,34.107807490668804,-15.048585707755173,3.41,1.59,239.0,78.8,47.0,95.7,2254.0,6.3,662926,488771,493329,592348,608324,665161,488726,642350,663656,54.17,0.053,0.055,0.0,1.0,0.0,0.0,3.0,60,6,4-Seam Fastball,0,6,6,0,6,0,6,0,Infield shift,Standard,220.0,0.0,-0.216,,,0.072,0.216,88.0,-6,6,0.01,0.99,31,27,32,28,1,4,2.0,1.0,2.0,2.0,1.2,0.75,-0.75,33.2,,,,,
FF,2022-04-20,92.0,1.05,6.3,"Ohtani, Shohei",660271,642130,double,hit_into_play,,,,,1.0,Shohei Ohtani doubles (3) on a fly ball to left fielder Michael Brantley. Brandon Marsh scores. Tyler Wade scores. Andrew Velazquez to 3rd.,R,L,L,HOU,LAA,X,7.0,fly_ball,1,0,2022,0.08,1.37,-0.82,3.12,669016.0,642180.0,623205.0,2,1,Top,36.37,105.13,,,,,-4.964902461614857,-133.7893517156295,-5.228605685327836,2.1101919374414133,29.795598363679183,-14.778479685195997,3.41,1.59,320.0,92.8,37.0,92.7,2187.0,6.8,662926,488771,493329,592348,608324,665161,488726,642350,663656,53.69,0.068,0.117,1.25,1.0,1.0,1.0,3.0,10,2,4-Seam Fastball,0,4,4,0,6,0,6,0,Infield shift,Standard,166.0,-0.074,0.716,,,0.201,-0.716,92.8,-4,4,0.156,0.844,26,27,27,28,1,1,3.0,1.0,3.0,2.0,1.33,0.08,0.08,53.2,,,,,
CU,2022-04-19,81.0,1.15,5.99,"Ohtani, Shohei",660271,664285,field_out,hit_into_play,,,,,8.0,Shohei Ohtani grounds out to first baseman Yuli Gurriel.,R,L,L,HOU,LAA,X,3.0,ground_ball,0,1,2022,-0.76,-0.94,0.21,1.8,,,,0,5,Top,159.52,166.69,,,,,-0.6530969217750192,-117.87148471346792,-0.8383154347643483,-6.839414002383706,25.294927933640007,-40.89786398852625,3.4,1.59,69.0,93.4,4.0,80.4,2678.0,6.1,662927,455117,493329,649557,608324,665161,488726,676801,663656,54.35,0.434,0.401,0.0,1.0,0.0,0.0,4.0,37,2,Curveball,1,2,2,1,2,1,2,1,Infield shift,Standard,322.0,0.02,-0.209,,,0.496,0.209,93.4,-1,1,0.366,0.634,28,27,29,28,3,2,6.0,1.0,6.0,1.0,4.45,-0.76,-0.76,39.7,,,,,
CU,2022-04-19,78.9,1.3,5.59,"Ohtani, Shohei",660271,656786,field_out,hit_into_play,,,,,8.0,"Shohei Ohtani grounds out, second baseman Aledmys Diaz to first baseman Yuli Gurriel.",R,L,L,HOU,LAA,X,4.0,ground_ball,0,1,2022,-1.18,-1.5,0.14,2.03,,,,0,8,Top,151.78,149.84,,,,,-0.321690932600224,-114.75794082458272,2.046686604827032,-10.16918914189664,26.6540278088922,-45.89059478283969,3.4,1.59,43.0,93.9,0.0,78.1,2661.0,6.3,662927,455117,493329,649557,608324,665161,676801,642350,663656,54.2,0.368,0.359,0.0,1.0,0.0,0.0,2.0,68,2,Curveball,2,7,7,2,7,2,7,2,Infield shift,Standard,327.0,0.001,-0.209,,,0.409,0.209,93.9,-5,5,0.018,0.982,26,27,27,28,1,4,2.0,1.0,5.0,1.0,5.24,-1.18,-1.18,43.0,,,,,
SL,2022-04-19,83.1,1.23,5.97,"Ohtani, Shohei",660271,664285,field_out,hit_into_play,,,,,8.0,Shohei Ohtani lines out sharply to center fielder Chas McCormick.,R,L,L,HOU,LAA,X,8.0,line_drive,2,2,2022,-0.25,-0.75,-0.16,2.08,,,,0,1,Top,136.92,57.93,,,,,-2.689969466910924,-121.01849004538032,-0.9866961632739808,-1.924126348999354,24.11069040143384,-39.55592179738474,3.4,1.59,351.0,101.3,19.0,82.9,2677.0,6.1,662927,455117,493329,649557,608324,665161,488726,676801,663656,54.37,0.405,0.501,0.0,1.0,0.0,0.0,5.0,1,5,Slider,0,0,0,0,0,0,0,0,Infield shift,Standard,322.0,0.02,-0.218,,,0.782,0.218,101.3,0,0,0.502,0.498,28,27,29,28,1,0,6.0,1.0,6.0,1.0,4.05,-0.25,-0.25,41.4,,,,,
CH,2022-04-18,85.9,-1.4,6.17,"Ohtani, Shohei",660271,677651,field_out,hit_into_play,,,,,4.0,Shohei Ohtani flies out to left fielder Michael Brantley.,R,L,R,HOU,LAA,X,7.0,fly_ball,0,0,2022,-1.15,1.02,-0.48,2.76,,,,2,5,Top,55.76,122.04,,,,,4.448873727415301,-125.0368362884235,-3.848408751237527,-12.945662605660516,25.98797472686643,-20.89469424393504,3.55,1.63,260.0,85.7,51.0,85.2,1899.0,5.9,662928,455117,493329,514888,608324,665161,488726,642350,663656,54.62,0.005,0.005,0.0,1.0,0.0,0.0,3.0,38,1,Changeup,4,2,2,4,2,4,2,4,Infield shift,Standard,231.0,0.012,-0.256,,,0.005,0.256,88.0,2,-2,0.8,0.1999999999999999,25,27,26,28,3,2,6.0,1.0,6.0,1.0,2.07,1.15,-1.15,41.0,,,,,
CH,2022-04-18,86.6,-1.32,6.23,"Ohtani, Shohei",660271,677651,single,hit_into_play,,,,,4.0,Shohei Ohtani singles on a line drive to right fielder Kyle Tucker.,R,L,R,HOU,LAA,X,9.0,line_drive,1,1,2022,-1.35,1.03,-0.61,2.42,,,,0,3,Top,178.16,134.36,,,,,4.407208791021376,-126.01074045658694,-4.887479906488375,-15.298951589843762,27.199667627039226,-20.446389182254528,3.55,1.63,164.0,77.0,17.0,85.5,2086.0,5.7,662928,455117,493329,514888,608324,665161,488726,642350,663656,54.77,0.866,0.813,0.9,1.0,1.0,0.0,4.0,18,3,Changeup,2,2,2,2,2,2,2,2,Infield shift,Standard,230.0,-0.042,0.45,,,0.965,-0.45,88.0,0,0,0.501,0.499,25,27,26,28,2,1,6.0,1.0,6.0,1.0,2.03,1.35,-1.35,39.7,,,,,
FF,2022-04-17,95.5,1.52,6.13,"Ohtani, Shohei",660271,656271,field_error,hit_into_play,,,,,12.0,Shohei Ohtani reaches on a fielding error by shortstop Marcus Semien.,R,L,L,TEX,LAA,X,6.0,popup,3,2,2022,0.73,1.59,0.98,3.08,,,,2,6,Top,100.09,162.11,,,,,-3.1454554548874234,-138.89584852242712,-6.070933912324264,10.157077808499231,33.60101829402637,-10.450563084270096,3.55,1.63,133.0,54.2,53.0,97.3,2414.0,7.5,662038,641598,663993,518586,628451,543760,669256,642201,666969,53.01,0.034,0.031,0.9,1.0,0.0,0.0,1.0,51,6,4-Seam Fastball,3,6,6,3,6,3,6,3,Infield shift,Strategic,148.0,-0.005,0.295,,,0.034,-0.295,88.0,-3,3,0.156,0.844,25,27,26,28,1,3,3.0,1.0,3.0,1.0,0.93,0.73,0.73,41.2,,,,,
CU,2022-04-17,77.4,1.02,5.93,"Ohtani, Shohei",660271,527048,single,hit_into_play,,,,,13.0,Shohei Ohtani singles on a ground ball to third baseman Andy Ibanez.,R,L,L,TEX,LAA,X,5.0,ground_ball,1,1,2022,-1.02,-0.88,-1.11,2.32,,,,0,1,Top,120.7,134.18,,,,,-2.656679566051648,-112.71955064668366,0.8368548767560802,-8.172190169112671,21.317110847144676,-40.04238155592819,3.55,1.63,108.0,69.4,12.0,76.5,2752.0,5.7,662038,641598,663993,518586,628451,543760,669256,642201,666969,54.81,0.334,0.315,0.9,1.0,1.0,0.0,2.0,1,3,Curveball,0,0,0,0,0,0,0,0,Infield shift,Standard,319.0,-0.037,0.45,,,0.373,-0.45,88.0,0,0,0.501,0.499,31,27,31,28,1,0,5.0,1.0,6.0,1.0,4.69,-1.02,-1.02,48.4,,,,,
SL,2022-04-17,85.2,1.45,6.66,"Ohtani, Shohei",660271,656685,force_out,hit_into_play,,,,,13.0,"Shohei Ohtani grounds into a force out, second baseman Charlie Culberson to shortstop Marcus Semien.   Kurt Suzuki scores.    Andrew Velazquez to 3rd.    Tyler Wade out at 2nd.    Shohei Ohtani to 1st.",R,L,L,TEX,LAA,X,4.0,ground_ball,0,1,2022,-0.14,0.17,-0.73,1.47,435559.0,623205.0,642180.0,0,8,Top,152.92,152.44,,,,,-4.852176764415294,-123.86938895155188,-6.17372642791427,-0.4124181015278571,27.133737753164,-29.33849095192227,3.55,1.63,10.0,77.1,-8.0,85.3,2194.0,6.6,662038,641598,663993,518586,628451,543760,669256,666969,594777,53.86,0.089,0.09,0.0,1.0,0.0,0.0,2.0,67,2,Slider,3,6,6,3,7,3,7,3,Infield shift,Standard,210.0,-0.007,-0.218,,,0.092,0.218,88.0,-3,3,0.032,0.968,27,27,27,28,1,4,1.0,1.0,2.0,1.0,3.0,-0.14,-0.14,53.7,,,,,
SL,2022-04-16,83.3,2.53,6.35,"Ohtani, Shohei",660271,621368,force_out,hit_into_play,,,,,8.0,"Shohei Ohtani grounds into a force out, second baseman Marcus Semien to shortstop Corey Seager.   Andrew Velazquez scores.    Tyler Wade out at 2nd.    Shohei Ohtani to 1st.",R,L,L,TEX,LAA,X,4.0,ground_ball,1,1,2022,-0.33,-0.21,0.27,1.74,623205.0,,642180.0,0,3,Top,148.54,154.18,,,,,-4.532604791214392,-121.27578470631308,-3.7268118110675577,-2.3039339969478503,24.68986788326799,-33.67501422423073,3.55,1.63,4.0,86.2,-21.0,83.1,2182.0,6.2,661981,641680,663993,543760,628451,608369,669256,666969,594777,54.25,0.103,0.095,0.0,1.0,0.0,0.0,2.0,18,3,Slider,0,0,0,0,1,0,1,0,Infield shift,Standard,280.0,0.016,-0.184,,,0.122,0.184,88.0,0,0,0.37,0.63,27,27,28,28,2,1,5.0,1.0,5.0,1.0,3.5,-0.33,-0.33,37.2,,,,,
KC,2022-04-16,83.4,1.15,6.46,"Ohtani, Shohei",660271,519043,single,hit_into_play,,,,,14.0,Shohei Ohtani singles on a ground ball to shortstop Corey Seager.,R,L,L,TEX,LAA,X,6.0,ground_ball,2,2,2022,-0.27,-1.03,0.98,2.43,,,,0,7,Top,86.08,155.4,,,,,0.1281313474040822,-121.48705348489818,-0.7608615153107202,-2.685143896885881,25.62773061964399,-42.374006235555065,3.55,1.63,3.0,80.5,-33.0,82.4,2453.0,5.7,661981,641680,663993,543760,628451,608369,669256,666969,594777,54.77,0.055,0.062,0.9,1.0,1.0,0.0,2.0,51,6,Knuckle Curve,2,3,3,2,3,2,3,2,Infield shift,Standard,329.0,-0.04,0.469,,,0.059,-0.469,88.0,-1,1,0.31,0.69,33,27,33,28,1,3,,1.0,3.0,1.0,4.32,-0.27,-0.27,46.2,,,,,
CU,2022-04-16,80.0,-0.4,6.1,"Ohtani, Shohei",660271,518813,home_run,hit_into_play,,,,,8.0,Shohei Ohtani homers (3) on a fly ball to right center field.    Andrew Velazquez scores.,R,L,R,TEX,LAA,X,,fly_ball,0,0,2022,0.35,-0.62,0.03,2.06,,623205.0,,2,8,Top,173.26,51.44,,,,,0.2891075696715796,-116.5507410177032,-1.034807848606592,3.092018653348292,22.64415507092145,-37.79779275362592,3.55,1.63,390.0,108.0,24.0,79.0,2332.0,5.6,661981,641680,663993,543760,628451,608369,669256,666969,594777,54.87,0.9116216216216216,1.822891891891892,2.0,1.0,0.0,3.0,6.0,63,1,Curveball,2,4,4,2,6,2,6,2,Infield shift,Standard,37.0,-0.104,1.609,,,3.5524864864864867,-1.609,108.0,-2,2,0.146,0.854,36,27,37,28,1,4,1.0,1.0,,1.0,4.18,-0.35,0.35,64.7,,,,,
CU,2022-04-16,81.6,1.5,6.76,"Ohtani, Shohei",660271,656685,field_error,hit_into_play,,,,,7.0,Shohei Ohtani reaches on a fielding error by first baseman Nathaniel Lowe.   Tyler Wade to 2nd.,R,L,L,TEX,LAA,X,3.0,ground_ball,0,1,2022,-0.04,-0.69,-0.33,2.2,,,642180.0,2,4,Top,154.61,172.98,,,,,-4.051493181259961,-118.61742139370806,-2.223488045454081,0.4974811452559548,26.47018658010729,-38.351087578149595,3.55,1.63,30.0,89.1,-2.0,81.3,2172.0,6.5,661981,641680,663993,543760,628451,608369,669256,666969,594777,53.99,0.271,0.26,0.9,1.0,0.0,0.0,2.0,33,2,Curveball,2,3,3,2,3,2,3,2,Infield shift,Strategic,324.0,-0.025,0.444,,,0.306,-0.444,89.1,-1,1,0.408,0.5920000000000001,27,27,27,28,1,2,2.0,1.0,1.0,1.0,4.17,-0.04,-0.04,60.9,,,,,
FF,2022-04-15,97.4,-2.07,5.67,"Ohtani, Shohei",660271,676766,field_out,hit_into_play,,,,,6.0,Shohei Ohtani grounds out sharply to first baseman Nathaniel Lowe.,R,L,R,TEX,LAA,X,3.0,ground_ball,0,1,2022,-0.84,1.48,0.38,2.57,,,623205.0,2,6,Top,151.39,173.82,,,,,8.469627928026947,-141.53704949897704,-6.217245068566015,-13.172587868106056,30.962638456192348,-10.942031817869118,3.55,1.63,53.0,108.0,0.0,97.1,2482.0,6.1,662014,641598,663993,543760,628451,608369,641432,642201,666969,54.42,0.492,0.451,0.0,1.0,0.0,0.0,4.0,55,2,4-Seam Fastball,6,7,7,6,7,6,7,6,Infield shift,Standard,224.0,0.022,-0.218,,,0.528,0.218,108.0,-1,1,0.374,0.626,26,27,27,28,1,3,,1.0,2.0,1.0,0.92,0.84,-0.84,40.1,,,,,
FC,2022-04-15,85.7,1.95,5.45,"Ohtani, Shohei",660271,663465,home_run,hit_into_play,,,,,3.0,Shohei Ohtani homers (2) on a fly ball to right center field. Andrew Velazquez scores.,R,L,L,TEX,LAA,X,,fly_ball,0,1,2022,-0.36,0.46,0.29,3.22,,,623205.0,1,5,Top,210.75,53.5,,,,,-3.1760544831559354,-124.77989875663836,0.0555402942007003,-3.074889737395148,25.242540445923023,-27.58577998720288,3.55,1.63,415.0,108.1,35.0,85.1,2213.0,5.9,662014,641598,663993,543760,628451,608369,518586,642201,666969,54.62,0.8300000000000001,1.6922941176470585,2.0,1.0,0.0,3.0,6.0,41,2,Cutter,6,3,3,6,5,6,5,6,Infield shift,Strategic,180.0,-0.167,1.499,,,3.313058823529412,-1.499,108.1,3,-3,0.837,0.163,24,27,25,28,1,2,3.0,1.0,9.0,1.0,2.64,-0.36,-0.36,46.9,,,,,
FF,2022-04-15,95.9,-0.93,5.76,"Ohtani, Shohei",660271,456713,home_run,hit_into_play,,,,,3.0,Shohei Ohtani homers (1) on a fly ball to right center field.,R,L,R,TEX,LAA,X,,fly_ball,0,0,2022,-0.44,1.58,0.29,3.63,,,,0,1,Top,173.54,41.56,,,,,4.237398282266533,-139.5744410977295,-3.549065696277399,-6.787838048592636,34.63716291463276,-11.0049464531595,3.54,1.62,406.0,108.0,41.0,95.8,2388.0,6.5,662014,641598,663993,543760,628451,608369,518586,642201,666969,54.05,0.4895,0.998,2.0,1.0,0.0,3.0,6.0,1,1,4-Seam Fastball,0,0,0,0,1,0,1,0,Infield shift,Standard,203.0,-0.096,1.114,,,1.9475,-1.114,108.0,0,0,0.5,0.5,36,27,36,28,1,0,4.0,1.0,2.0,1.0,0.92,0.44,-0.44,51.3,,,,,
ST,2022-04-14,77.7,2.31,5.45,"Ohtani, Shohei",660271,667463,field_out,hit_into_play,,,,,6.0,Shohei Ohtani lines out to right fielder Kole Calhoun.,R,L,L,TEX,LAA,X,9.0,line_drive,2,2,2022,-0.85,-0.55,0.56,2.62,,623205.0,,2,4,Top,165.84,88.42,,,,,-2.16393734604234,-113.0575164190948,1.882837737826672,-6.801579776116632,22.17956534705668,-37.46198051835492,3.55,1.63,292.0,97.9,18.0,76.6,2573.0,5.7,661993,641680,663993,543760,543543,608369,641432,666969,594777,54.8,0.379,0.404,0.0,1.0,0.0,0.0,4.0,35,5,Sweeper,4,2,2,4,2,4,2,4,Infield shift,Standard,324.0,0.032,-0.233,,,0.601,0.233,97.9,2,-2,0.754,0.246,27,27,28,28,1,2,2.0,2.0,3.0,1.0,4.35,-0.85,-0.85,20.2,,,,,
SL,2022-04-14,86.7,1.66,6.6,"Ohtani, Shohei",660271,656685,double,hit_into_play,,,,,5.0,Shohei Ohtani doubles (2) on a line drive to right fielder Kole Calhoun.,R,L,L,TEX,LAA,X,9.0,line_drive,1,0,2022,-0.19,0.56,-0.27,2.27,,,,0,9,Top,219.85,114.45,,,,,-4.219636213680426,-126.0848646016841,-5.201783226861435,-1.0684248570112542,29.262585685727178,-25.332037491089135,3.55,1.63,252.0,97.5,17.0,86.2,2353.0,6.3,661993,641680,663993,543760,628451,608369,669256,642201,594777,54.19,0.492,0.502,1.25,1.0,1.0,1.0,4.0,79,2,Slider,10,4,4,10,4,10,4,10,Infield shift,Strategic,184.0,-0.005,0.669,,,0.709,-0.669,97.5,6,-6,0.997,0.003,27,27,27,28,1,4,3.0,2.0,2.0,1.0,2.52,-0.19,-0.19,51.6,,,,,
CH,2022-04-12,81.6,-1.83,5.82,"Ohtani, Shohei",660271,642121,single,hit_into_play,,,,,7.0,Shohei Ohtani singles on a line drive to right fielder Brian Anderson.,R,L,R,LAA,MIA,X,9.0,line_drive,0,0,2022,-0.91,0.31,-0.49,1.97,,,,1,8,Bot,186.93,109.77,,,,,4.808974998174619,-118.69217199735748,-2.655788846342232,-9.520986648495086,23.98688853899814,-28.931632086142713,3.55,1.63,269.0,93.0,20.0,82.0,1719.0,6.7,661038,607732,643265,665862,621563,500743,542932,660821,605119,53.78,0.287,0.297,0.9,1.0,1.0,0.0,4.0,63,1,Changeup,3,3,3,3,3,3,3,3,Infield shift,Strategic,229.0,0.046,0.415,,,0.426,-0.415,93.0,0,0,0.562,0.562,32,27,32,28,1,3,3.0,1.0,2.0,2.0,3.13,0.91,-0.91,44.5,,,,,
CH,2022-04-11,82.0,-1.78,5.36,"Ohtani, Shohei",660271,622694,field_out,hit_into_play,,,,,7.0,Shohei Ohtani pops out to third baseman Joey Wendle.,R,L,R,LAA,MIA,X,5.0,popup,1,1,2022,-1.31,0.73,-0.76,1.91,,,,0,5,Bot,91.86,142.34,,,,,4.873324095186702,-119.36207523320904,-2.6978782114184137,-13.455715732665023,22.80837063401948,-24.86651707398711,3.55,1.63,176.0,84.8,66.0,82.8,1925.0,6.8,661036,607732,542583,665862,621563,500743,624585,660821,605119,53.71,0.003,0.002,0.0,1.0,0.0,0.0,3.0,36,3,Changeup,4,1,4,1,1,4,4,1,Infield shift,Standard,227.0,-0.009,-0.236,,,0.003,0.236,88.0,3,3,0.884,0.884,27,27,27,28,3,2,,1.0,6.0,1.0,2.65,1.31,-1.31,40.1,,,,,
CH,2022-04-11,85.2,-1.96,5.34,"Ohtani, Shohei",660271,622694,field_out,hit_into_play,,,,,7.0,Shohei Ohtani flies out to third baseman Joey Wendle.,R,L,R,LAA,MIA,X,5.0,fly_ball,1,1,2022,-1.25,0.74,-0.75,2.0,,,,2,2,Bot,70.21,128.31,,,,,5.404209060191348,-123.97261869943696,-3.093094718352761,-13.951907081162153,23.90346610291908,-24.069350857079023,3.55,1.63,225.0,83.6,57.0,85.9,1968.0,6.7,661036,607732,542583,665862,621563,500743,624585,660821,605119,53.81,0.024,0.023,0.0,1.0,0.0,0.0,3.0,17,3,Changeup,4,0,4,0,0,4,4,0,Infield shift,Standard,231.0,-0.005,-0.241,,,0.032,0.241,88.0,4,4,0.863,0.863,27,27,27,28,2,1,,1.0,6.0,1.0,2.39,1.25,-1.25,41.0,,,,,
SL,2022-04-11,86.2,2.56,5.51,"Ohtani, Shohei",660271,656945,field_out,hit_into_play,,,,,13.0,"Shohei Ohtani grounds out, third baseman Joey Wendle to first baseman Jesus Aguilar. Matt Duffy to 2nd.",R,L,L,LAA,MIA,X,5.0,ground_ball,1,2,2022,-0.61,-0.59,-0.13,1.47,,,622110.0,0,7,Bot,156.07,163.54,,,,,-5.160113964213146,-125.55728587626108,-2.16975022654701,-5.42164185871621,25.249486012674502,-38.20640767933796,3.55,1.63,2.0,87.2,-39.0,86.3,2829.0,6.3,661036,607732,542583,665862,621563,500743,624585,660821,605119,54.24,0.074,0.075,0.0,1.0,0.0,0.0,2.0,51,4,Slider,4,1,4,1,1,4,4,1,Infield shift,Standard,284.0,-0.001,-0.271,,,0.078,0.271,88.0,3,3,0.948,0.948,27,27,28,28,1,3,3.0,1.0,1.0,1.0,3.65,-0.61,-0.61,41.4,,,,,
FF,2022-04-11,90.4,-1.99,5.39,"Ohtani, Shohei",660271,622694,single,hit_into_play,,,,,1.0,Shohei Ohtani singles on a ground ball to center fielder Jesus Sanchez.,R,L,R,LAA,MIA,X,8.0,ground_ball,3,2,2022,-0.6,1.26,-0.71,3.36,,,,0,1,Bot,125.18,96.31,,,,,4.50776171866266,-131.6034378090745,-1.7995163593029493,-7.957856931375208,27.646990051226137,-17.400482175385562,3.55,1.63,151.0,101.0,6.0,90.9,1868.0,6.5,661036,607732,542583,665862,621563,500743,624585,660821,605119,53.98,0.637,0.605,0.9,1.0,1.0,0.0,4.0,4,8,4-Seam Fastball,0,0,0,0,0,0,0,0,Infield shift,Strategic,219.0,0.03,0.354,,,0.722,-0.354,101.0,0,0,0.553,0.553,27,27,27,28,1,0,,1.0,6.0,1.0,1.53,0.6,-0.6,39.4,,,,,
FF,2022-04-10,95.1,-0.88,6.34,"Ohtani, Shohei",660271,664353,double,hit_into_play,,,,,3.0,Shohei Ohtani hits a ground-rule double (1) on a line drive to right field. Tyler Wade to 3rd.,R,L,R,LAA,HOU,X,,line_drive,3,2,2022,-0.9,1.47,0.38,3.0,,,642180.0,1,3,Bot,233.62,80.83,,,,,5.294636519942083,-138.28913224365408,-6.329884894596722,-12.763445820818236,31.408802906515906,-12.1077975430459,3.55,1.63,315.0,119.1,17.0,94.5,2307.0,6.0,661039,455117,592348,649557,608324,665161,676801,642350,663656,54.47,0.909,1.594,1.25,1.0,1.0,1.0,6.0,23,7,4-Seam Fastball,1,0,1,0,0,1,1,0,Infield shift,Standard,202.0,0.072,0.718,,,2.997,-0.718,119.1,1,1,0.676,0.676,27,27,27,28,2,1,,1.0,7.0,1.0,1.06,0.9,-0.9,53.7,,,,,
FF,2022-04-10,95.2,-0.95,6.54,"Ohtani, Shohei",660271,664353,field_out,hit_into_play,,,,,12.0,Shohei Ohtani pops out to catcher Martin Maldonado in foul territory.,R,L,R,LAA,HOU,X,2.0,popup,3,2,2022,-0.4,1.65,0.38,3.77,,,,0,1,Bot,122.37,216.03,,,,,4.3754839597785,-138.48316194122543,-5.29048502086791,-6.136657510240519,32.65619578219362,-9.947557524361384,3.55,1.63,30.0,84.2,87.0,94.4,2231.0,6.0,661039,455117,592348,649557,608324,665161,676801,642350,663656,54.52,0.005,0.005,0.0,1.0,0.0,0.0,3.0,5,6,4-Seam Fastball,0,0,0,0,0,0,0,0,Infield shift,Standard,200.0,-0.027,-0.333,,,0.005,0.333,88.0,0,0,0.553,0.553,27,27,27,28,1,0,,1.0,7.0,1.0,0.87,0.4,-0.4,58.9,,,,,
FF,2022-04-10,94.6,-1.67,5.56,"Ohtani, Shohei",660271,593576,field_out,hit_into_play,,,,,1.0,Shohei Ohtani lines out to left fielder Chas McCormick.,R,L,R,LAA,HOU,X,7.0,line_drive,1,2,2022,-0.92,1.44,-0.54,3.24,,,,0,8,Bot,31.55,102.58,,,,,5.007285835434441,-137.6456265778635,-3.5922525054346743,-12.870915472901627,30.69763235547394,-13.213883209283312,3.55,1.63,332.0,98.8,23.0,94.5,2489.0,6.3,661039,455117,592348,649557,608324,665161,676801,642350,663656,54.23,0.3577777777777777,0.5874444444444444,0.0,1.0,0.0,0.0,5.0,63,4,4-Seam Fastball,1,4,1,4,4,1,1,4,Infield shift,Standard,223.0,-0.02,-0.176,,,1.0723333333333334,0.176,98.8,-3,-3,0.08,0.08,33,27,33,28,1,3,3.0,1.0,2.0,1.0,1.1,0.92,-0.92,28.2,,,,,
FF,2022-04-09,98.7,-0.55,6.48,"Ohtani, Shohei",660271,592773,field_out,hit_into_play,,,,,7.0,"Shohei Ohtani grounds out sharply, shortstop Jeremy Pena to first baseman Aledmys Diaz.",R,L,R,LAA,HOU,X,6.0,ground_ball,0,0,2022,-0.77,1.6,-0.53,1.94,,,,0,8,Bot,132.37,143.59,,,,,1.8512120864002009,-143.4350094944982,-10.55488239299879,-11.138569883447175,31.990216700306757,-7.882497806366309,3.55,1.63,69.0,104.1,3.0,98.2,2262.0,6.0,661040,488771,649557,514888,608324,665161,670541,676801,663656,54.49,0.524,0.474,0.0,1.0,0.0,0.0,4.0,58,1,4-Seam Fastball,1,0,1,0,0,1,1,0,Infield shift,Standard,213.0,-0.014,-0.247,,,0.567,0.247,104.1,1,1,0.867,0.867,30,27,31,28,1,3,,1.0,8.0,1.0,0.74,0.77,-0.77,46.5,,,,,
FF,2022-04-08,93.0,-1.7,5.94,"Ohtani, Shohei",660271,543606,field_out,hit_into_play,,,,,11.0,Shohei Ohtani flies out to left fielder Michael Brantley.,R,L,R,LAA,HOU,X,7.0,fly_ball,2,2,2022,-0.93,1.22,-0.94,2.7,,,,0,3,Bot,61.43,121.92,,,,,3.9827817295621024,-135.3091802905804,-5.214064786751405,-12.355779307609213,29.05873092046654,-16.18963540228296,3.55,1.63,250.0,87.7,53.0,92.9,2053.0,6.2,661041,455117,649557,514888,608324,665161,488726,642350,663656,54.27,0.016,0.019,0.0,1.0,0.0,0.0,3.0,22,6,4-Seam Fastball,2,1,2,1,1,2,2,1,Infield shift,Standard,208.0,-0.019,-0.218,,,0.024,0.218,88.0,1,1,0.667,0.667,32,27,32,28,2,1,,1.0,7.0,1.0,1.41,0.93,-0.93,38.4,,,,,
CH,2022-04-08,90.7,-1.53,5.76,"Ohtani, Shohei",660271,650556,field_out,hit_into_play,,,,,2.0,Shohei Ohtani grounds out to first baseman Aledmys Diaz.,R,L,R,LAA,HOU,X,3.0,ground_ball,1,0,2022,-1.12,0.84,-0.23,3.1,,,,1,7,Bot,165.29,163.45,,,,,5.705731091190223,-132.0303497020325,-2.557280698029474,-14.311183256527569,26.60632701017225,-22.023484790835088,3.55,1.63,14.0,78.1,-11.0,91.7,1613.0,6.7,661041,455117,649557,514888,608324,665161,676801,642350,663656,53.77,0.079,0.082,0.0,1.0,0.0,0.0,2.0,64,2,Changeup,2,12,2,12,12,2,2,12,Infield shift,Standard,240.0,0.0,-0.282,,,0.08,0.282,88.0,-10,-10,0.001,0.001,25,27,25,28,1,3,,1.0,4.0,1.0,1.92,1.12,-1.12,45.0,,,,,
FS,2022-04-08,86.2,-1.78,5.8,"Ohtani, Shohei",660271,543606,single,hit_into_play,,,,,13.0,Shohei Ohtani singles on a line drive to center fielder Jose Siri.,R,L,R,LAA,HOU,X,8.0,line_drive,3,2,2022,-0.91,0.43,-1.15,2.04,,,,0,1,Bot,106.02,90.52,,,,,3.3103068864892267,-125.6355517302268,-3.6011543597981444,-10.269214120318184,23.76508413092236,-27.139874425942907,3.55,1.63,207.0,71.6,20.0,86.2,1322.0,6.0,661041,455117,649557,514888,608324,665161,488726,642350,663656,54.46,0.908,0.836,0.9,1.0,1.0,0.0,4.0,7,8,Split-Finger,0,1,0,1,1,0,0,1,Infield shift,Standard,221.0,0.032,0.354,,,0.976,-0.354,88.0,-1,-1,0.454,0.454,32,27,32,28,1,0,,1.0,7.0,1.0,2.61,0.91,-0.91,39.5,,,,,
FF,2022-04-08,95.4,-1.2,4.94,"Ohtani, Shohei",660271,606160,field_out,hit_into_play,,,,,5.0,"Shohei Ohtani grounds out, second baseman Jose Altuve to first baseman Aledmys Diaz.",R,L,R,LAA,HOU,X,4.0,ground_ball,3,2,2022,-0.67,1.29,0.05,2.86,,,,0,5,Bot,159.46,141.9,,,,,4.813403834279171,-138.93451698642122,-2.769032855361093,-9.75407643539721,30.367111172029105,-14.996466980543213,3.55,1.63,7.0,93.2,-22.0,95.8,2354.0,6.4,661041,455117,649557,514888,608324,665161,488726,642350,663656,54.09,0.121,0.113,0.0,1.0,0.0,0.0,2.0,39,7,4-Seam Fastball,2,3,2,3,3,2,2,3,Infield shift,Standard,222.0,-0.041,-0.333,,,0.145,0.333,93.2,-1,-1,0.423,0.423,31,27,32,28,1,2,,1.0,2.0,1.0,1.2,0.67,-0.67,31.2,,,,,
FF,2022-04-08,95.5,-0.91,6.12,"Ohtani, Shohei",660271,669854,field_out,hit_into_play,,,,,6.0,Shohei Ohtani flies out to center fielder Jose Siri.,R,L,R,LAA,HOU,X,8.0,fly_ball,0,1,2022,-0.23,1.73,0.58,2.72,,,,0,9,Bot,136.34,49.61,,,,,4.494335677581685,-138.89668445342292,-7.297543129775751,-4.052225806010185,31.82924247114233,-8.33522173190489,3.55,1.63,370.0,98.6,36.0,96.5,2407.0,6.9,661041,455117,649557,592348,669309,665161,676801,642350,663656,53.56,0.2612857142857143,0.5155000000000001,0.0,1.0,0.0,0.0,5.0,80,2,4-Seam Fastball,5,13,5,13,13,5,5,13,Infield shift,Standard,136.0,0.0,-0.209,,,1.015642857142857,0.209,98.6,-8,-8,0.001,0.001,28,27,29,28,1,4,,1.0,5.0,1.0,0.78,0.23,-0.23,50.3,,,,,
CU,2022-04-07,77.5,1.21,5.86,"Ohtani, Shohei",660271,664285,field_out,hit_into_play,,,,,5.0,Shohei Ohtani pops out to shortstop Jeremy Pena.,R,L,L,LAA,HOU,X,6.0,popup,1,1,2022,-1.22,-0.73,-0.01,2.54,,,,2,6,Bot,134.92,161.11,,,,,-0.3684093150125347,-112.8132438343334,1.179176644730343,-10.300831601342628,21.83793266599759,-38.85089019978812,3.55,1.63,103.0,90.9,70.0,76.8,2543.0,5.9,661042,455117,493329,514888,608324,665161,670541,676801,663656,54.62,0.005,0.005,0.0,1.0,0.0,0.0,3.0,44,3,Curveball,0,1,0,1,1,0,0,1,Infield shift,Standard,323.0,-0.018,-0.241,,,0.005,0.241,90.9,-1,-1,0.326,0.326,28,27,29,28,3,2,,,6.0,1.0,4.54,-1.22,-1.22,41.3,,,,,
FF,2022-04-07,93.4,-1.91,5.67,"Ohtani, Shohei",660271,593576,field_out,hit_into_play,,,,,3.0,Shohei Ohtani flies out to right fielder Kyle Tucker.,R,L,R,LAA,HOU,X,9.0,fly_ball,2,2,2022,-0.88,1.44,0.34,3.59,664058.0,,,2,8,Bot,180.8,71.9,,,,,7.696794715929424,-135.70939824867094,-2.7058767348782617,-12.597867338363448,32.08637237410812,-14.046968966198042,3.55,1.63,342.0,98.3,42.0,92.7,2500.0,6.2,661042,455117,493329,514888,608324,665161,670541,676801,663656,54.34,0.045,0.07,0.0,1.0,0.0,0.0,3.0,62,5,4-Seam Fastball,1,3,1,3,3,1,1,3,Infield shift,Standard,233.0,-0.052,-0.232,,,0.14,0.232,98.3,-2,-2,0.128,0.128,33,27,33,28,1,3,,,3.0,1.0,1.2,0.88,-0.88,28.4,,,,,
SI,2022-04-07,94.2,0.84,6.14,"Ohtani, Shohei",660271,664285,field_out,hit_into_play,,,,,4.0,"Shohei Ohtani grounds out, shortstop Jeremy Pena to first baseman Yuli Gurriel.",R,L,L,LAA,HOU,X,6.0,ground_ball,0,0,2022,1.11,0.6,-0.53,2.52,,,,0,1,Bot,132.5,158.08,,,,,-6.018297216673969,-137.0830147289025,-5.065807311963199,15.3203941705596,28.67667130121757,-23.718025275212852,3.55,1.63,2.0,88.7,-53.0,94.2,2146.0,6.2,661042,455117,493329,514888,608324,665161,670541,676801,663656,54.33,0.171,0.163,0.0,1.0,0.0,0.0,2.0,6,1,Sinker,0,0,0,0,0,0,0,0,Infield shift,Standard,142.0,-0.022,-0.247,,,0.188,0.247,88.7,0,0,0.548,0.548,28,27,29,28,1,0,,,6.0,1.0,1.96,1.11,1.11,43.7,,,,,
CH,2022-04-03,89.7,-1.08,5.51,"Ohtani, Shohei",660271,621111,home_run,hit_into_play,,,,,7.0,Shohei Ohtani homers (3) on a fly ball to right center field.,S,L,R,LAA,LAD,X,,fly_ball,2,1,2022,-1.41,0.26,-0.35,2.19,,,,1,5,Bot,198.37,48.41,,,,,4.810355824800873,-130.57806440758395,-2.8177137940082124,-17.141325358026386,26.63100380166221,-28.78628165503018,3.55,1.63,412.0,110.9,23.0,90.2,1471.0,6.5,706937,605131,621458,666158,457759,607208,621035,641355,605141,53.99,0.9621428571428572,,2.0,,0.0,3.0,6.0,37,4,Changeup,3,1,3,1,1,4,4,1,Infield shift,Standard,235.0,0.076,1.543,,,3.7522857142857142,-1.543,110.9,2,2,0.799,0.799,27,27,28,28,3,2,,,,,2.56,1.41,-1.41,,,,,,
FC,2022-04-03,92.6,-1.13,5.46,"Ohtani, Shohei",660271,621111,field_out,hit_into_play,,,,,12.0,Shohei Ohtani grounds out to first baseman Edwin Rios.,S,L,R,LAA,LAD,X,3.0,ground_ball,0,0,2022,-0.23,1.15,1.15,2.61,,,642180.0,2,2,Bot,154.65,171.61,,,,,6.340901257470289,-134.73917847686388,-4.005801947277079,-4.134134467217574,27.664211955416594,-17.503069741917155,3.55,1.63,16.0,66.2,-8.0,93.1,2474.0,6.5,706937,605131,621458,666158,457759,607208,621035,641355,605141,54.04,0.084,,0.0,,0.0,0.0,2.0,19,1,Cutter,3,1,3,1,1,3,3,1,Infield shift,Standard,207.0,-0.016,-0.26,,,0.095,0.26,88.0,2,2,0.728,0.728,27,27,28,28,2,1,,,,,1.5,0.23,-0.23,,,,,,
,2022-04-01,,,,"Ohtani, Shohei",660271,676617,triple,hit_into_play,,,,,,Shohei Ohtani triples (1) on a fly ball to center fielder Nick Senzel.,S,L,R,LAA,CIN,X,8.0,fly_ball,0,0,2022,,,,,,,,1,1,Bot,157.32,47.08,,,,,,,,,,,,,,,,,,,706936,605244,642707,621011,592567,592273,673451,669222,571980,,,,1.6,,1.0,2.0,,6,1,,0,0,0,0,0,0,0,0,,,,0.069,1.137,,,,-1.137,,0,0,0.526,0.526,27,27,27,28,1,0,,,,,,,,,,,,,
,2022-04-01,,,,"Ohtani, Shohei",660271,519326,field_out,hit_into_play,,,,,,Shohei Ohtani flies out to left fielder Shogo Akiyama.,S,L,R,LAA,CIN,X,7.0,fly_ball,0,0,2022,,,,,,,,0,3,Bot,68.37,100.93,,,,,,,,,,,,,,,,,,,706936,605244,642707,621011,592567,592273,673451,669222,571980,,,,0.0,,0.0,0.0,,23,1,,3,1,3,1,1,3,3,1,,,,-0.015,-0.247,,,,0.247,,2,2,0.764,0.764,33,27,34,28,1,1,,,,,,,,,,,,,
,2022-03-31,,,,"Ohtani, Shohei",660271,641778,single,hit_into_play,,,,,,Shohei Ohtani singles on a line drive to right fielder Andrew McCutchen.,S,L,L,MIL,LAA,X,9.0,line_drive,0,0,2022,,,,,,,,2,4,Top,162.84,112.08,,,,,,,,,,,,,,,,,,,706909,553882,642133,543939,607054,642715,592885,456715,457705,,,,0.9,,1.0,0.0,,31,1,,2,5,5,2,5,2,5,2,,,,-0.007,0.305,,,,-0.305,,-3,3,0.209,0.791,27,27,27,28,2,2,,,,,,,,,,,,,
,2022-03-31,,,,"Ohtani, Shohei",660271,641778,field_out,hit_into_play,,,,,,"Shohei Ohtani grounds out, second baseman Kolten Wong to first baseman Rowdy Tellez.   Tyler Wade scores.",S,L,L,MIL,LAA,X,4.0,ground_ball,0,0,2022,,,,,642180.0,,,1,2,Top,153.2,154.18,,,,,,,,,,,,,,,,,,,706909,553882,642133,543939,607054,642715,592885,456715,457705,,,,0.0,,0.0,0.0,,16,1,,2,2,2,2,3,2,3,2,,,,-0.017,-0.293,,,,0.293,,0,0,0.45,0.55,27,27,27,28,1,1,,,,,,,,,,,,,
,2022-03-31,,,,"Ohtani, Shohei",660271,641778,field_out,hit_into_play,,,,,,"Shohei Ohtani grounds out, third baseman Jace Peterson to first baseman Rowdy Tellez.",S,L,L,MIL,LAA,X,5.0,ground_ball,0,0,2022,,,,,,,,0,1,Top,133.93,149.11,,,,,,,,,,,,,,,,,,,706909,553882,642133,543939,607054,642715,592885,456715,457705,,,,0.0,,0.0,0.0,,1,1,,0,0,0,0,0,0,0,0,,,,0.022,-0.247,,,,0.247,,0,0,0.5,0.5,27,27,27,28,1,0,,,,,,,,,,,,,
SI,2022-03-29,92.1,-0.7,6.19,"Ohtani, Shohei",660271,468504,home_run,hit_into_play,,,,,6.0,Shohei Ohtani homers (2) on a fly ball to left field. David Fletcher scores.,S,L,R,COL,LAA,X,,fly_ball,2,2,2022,-1.04,1.01,0.46,2.32,,664058.0,,0,5,Top,31.06,83.94,,,,,5.15505032410608,-133.8301815822673,-6.083437611276123,-13.663111820752013,31.19111412121713,-18.938155599461407,3.55,1.63,367.0,104.0,33.0,91.0,2357.0,5.9,706973,553869,543068,663898,641857,578428,592178,545341,453568,54.59,0.6791063829787233,,2.0,,0.0,3.0,6.0,34,5,Sinker,1,5,5,1,7,1,7,1,Standard,Standard,207.0,-0.045,1.047,,,2.6813829787234043,-1.047,104.0,-4,4,0.083,0.917,34,27,34,28,1,2,,,,,1.71,1.04,-1.04,,,,,,
FF,2022-03-29,94.4,-2.5,5.89,"Ohtani, Shohei",660271,622608,field_out,hit_into_play,,,,,9.0,"Shohei Ohtani grounds out, second baseman Brendan Rodgers to first baseman C. J. Cron.",S,L,R,COL,LAA,X,4.0,ground_ball,3,1,2022,-0.38,0.9,0.47,1.85,,,,0,1,Top,146.44,156.65,,,,,8.55327034371614,-137.09337865870972,-6.757323725728099,-6.79596502802803,31.72224181044487,-19.52455273773295,3.55,1.63,5.0,97.2,-20.0,94.0,2096.0,6.3,706973,553869,543068,663898,641857,578428,592178,545341,453568,54.24,0.111,,0.0,,0.0,0.0,2.0,1,5,4-Seam Fastball,0,0,0,0,0,0,0,0,Standard,Standard,209.0,0.036,-0.418,,,0.111,0.418,97.2,0,0,0.486,0.514,27,27,27,28,1,0,,,,,1.68,0.38,-0.38,,,,,,
,2022-03-28,,,,"Ohtani, Shohei",660271,518748,field_out,hit_into_play,,,,,,Shohei Ohtani lines out sharply to shortstop Kevin Smith.,S,L,R,LAA,ATH,X,6.0,line_drive,0,0,2022,,,,,,,,0,5,Bot,143.31,143.45,,,,,,,,,,,,,,,,,,,706935,669221,664913,643393,640461,675656,641856,621450,572039,,,,0.0,,0.0,0.0,,40,1,,2,1,2,1,1,2,2,1,,,,-0.021,-0.247,,,,0.247,,1,1,0.708,0.708,33,27,34,28,1,2,,,,,,,,,,,,,
,2022-03-28,,,,"Ohtani, Shohei",660271,621112,single,hit_into_play,,,,,,Shohei Ohtani singles on a ground ball to right fielder Stephen Piscotty.,S,L,R,LAA,ATH,X,9.0,ground_ball,0,0,2022,,,,,,,,0,1,Bot,163.15,85.44,,,,,,,,,,,,,,,,,,,706935,669221,664913,643393,640461,675656,641856,621450,572039,,,,0.9,,1.0,0.0,,6,1,,0,1,0,1,1,0,0,1,,,,0.038,0.44,,,,-0.44,,-1,-1,0.448,0.448,28,27,29,28,1,0,,,,,,,,,,,,,
,2022-03-26,,,,"Ohtani, Shohei",660271,592826,home_run,hit_into_play,,,,,,Shohei Ohtani homers (1) on a fly ball to right center field.,S,L,R,CWS,LAA,X,,fly_ball,0,0,2022,,,,,,,,0,1,Top,171.85,28.32,,,,,,,,,,,,,,,,,,,707000,664874,547989,543281,660162,641313,650391,673357,544725,,,,2.0,,0.0,3.0,,1,1,,0,0,0,0,1,0,1,0,,,,-0.096,1.114,,,,-1.114,,0,0,0.5,0.5,30,27,30,28,1,0,,,,,,,,,,,,,
,2022-03-24,,,,"Ohtani, Shohei",660271,455119,field_out,hit_into_play,,,,,,"Shohei Ohtani grounds out, second baseman Dixon Machado to first baseman Alfonso Rivas.",S,L,R,LAA,CHC,X,4.0,ground_ball,0,0,2022,,,,,,,,1,3,Bot,155.51,159.03,,,,,,,,,,,,,,,,,,,706940,543228,663845,553988,621550,681581,641684,542364,656364,,,,0.0,,0.0,0.0,,24,1,,0,3,0,3,3,0,0,3,,,,-0.016,-0.246,,,,0.246,,-3,-3,0.212,0.212,36,27,36,28,1,1,,,,,,,,,,,,,
,2022-03-22,,,,"Ohtani, Shohei",660271,607536,fielders_choice,hit_into_play,,,,,,"Shohei Ohtani reaches on a fielder's choice, fielded by second baseman Brendan Rodgers.   Tyler Wade scores.    David Fletcher to 3rd.    Austin Romine to 2nd.  Throwing error by second baseman Brendan Rodgers.",S,L,L,LAA,COL,X,4.0,ground_ball,0,0,2022,,,,,642180.0,664058.0,519222.0,0,3,Bot,140.27,157.38,,,,,,,,,,,,,,,,,,,706939,553869,543068,663898,641857,578428,592178,656541,453568,,,,0.9,,0.0,0.0,,20,1,,0,0,0,0,0,1,1,0,,,,0.079,0.393,,,,-0.393,,0,0,0.728,0.728,29,27,29,28,2,1,,,,,,,,,,,,,
,2022-03-22,,,,"Ohtani, Shohei",660271,623485,field_out,hit_into_play,,,,,,"Shohei Ohtani grounds out, first baseman C.  J. Cron to pitcher Ashton Goudeau.",S,L,R,LAA,COL,X,3.0,ground_ball,0,0,2022,,,,,,,,1,5,Bot,160.07,152.81,,,,,,,,,,,,,,,,,,,706939,553869,543068,663898,641857,578428,641385,656541,686668,,,,0.0,,0.0,0.0,,40,1,,3,2,3,2,2,3,3,2,,,,-0.016,-0.246,,,,0.246,,1,1,0.687,0.687,29,27,30,28,1,2,,,,,,,,,,,,,
,2022-03-22,,,,"Ohtani, Shohei",660271,607536,field_out,hit_into_play,,,,,,"Shohei Ohtani grounds out, second baseman Brendan Rodgers to first baseman C.  J. Cron.",S,L,L,LAA,COL,X,4.0,ground_ball,0,0,2022,,,,,,,,0,1,Bot,164.13,138.6,,,,,,,,,,,,,,,,,,,706939,553869,543068,663898,641857,578428,592178,656541,453568,,,,0.0,,0.0,0.0,,5,1,,0,0,0,0,0,0,0,0,,,,-0.022,-0.247,,,,0.247,,0,0,0.548,0.548,29,27,29,28,1,0,,,,,,,,,,,,,
,2022-03-19,,,,"Ohtani, Shohei",660271,573185,single,hit_into_play,,,,,,Shohei Ohtani singles on a line drive to left fielder David Peralta.   Tyler Wade scores.,S,L,R,LAA,AZ,X,7.0,line_drive,0,0,2022,,,,,642180.0,,,2,2,Bot,90.62,120.83,,,,,,,,,,,,,,,,,,,706942,608348,572233,642165,656403,605113,444482,623323,664983,,,,0.9,,1.0,0.0,,19,1,,2,1,2,1,1,3,3,1,,,,0.082,0.696,,,,-0.696,,1,1,0.646,0.646,33,27,34,28,2,1,,,,,,,,,,,,,
,2022-03-19,,,,"Ohtani, Shohei",660271,573185,field_out,hit_into_play,,,,,,"Shohei Ohtani grounds out, shortstop Nick Ahmed to first baseman Christian Walker.",S,L,R,LAA,AZ,X,6.0,ground_ball,0,0,2022,,,,,,,,1,1,Bot,106.35,154.33,,,,,,,,,,,,,,,,,,,706942,608348,572233,642165,656403,605113,444482,623323,664983,,,,0.0,,0.0,0.0,,7,1,,0,1,0,1,1,0,0,1,,,,-0.017,-0.246,,,,0.246,,-1,-1,0.424,0.424,33,27,34,28,1,0,,,,,,,,,,,,,
