pitch_type,game_date,release_speed,release_pos_x,release_pos_z,player_name,batter,pitcher,events,description,spin_dir,spin_rate_deprecated,break_angle_deprecated,break_length_deprecated,zone,des,game_type,stand,p_throws,home_team,away_team,type,hit_location,bb_type,balls,strikes,game_year,pfx_x,pfx_z,plate_x,plate_z,on_3b,on_2b,on_1b,outs_when_up,inning,inning_topbot,hc_x,hc_y,tfs_deprecated,tfs_zulu_deprecated,umpire,sv_id,vx0,vy0,vz0,ax,ay,az,sz_top,sz_bot,hit_distance_sc,launch_speed,launch_angle,effective_speed,release_spin_rate,release_extension,game_pk,fielder_2,fielder_3,fielder_4,fielder_5,fielder_6,fielder_7,fielder_8,fielder_9,release_pos_y,estimated_ba_using_speedangle,estimated_woba_using_speedangle,woba_value,woba_denom,babip_value,iso_value,launch_speed_angle,at_bat_number,pitch_number,pitch_name,home_score,away_score,bat_score,fld_score,post_away_score,post_home_score,post_bat_score,post_fld_score,if_fielding_alignment,of_fielding_alignment,spin_axis,delta_home_win_exp,delta_run_exp,bat_speed,swing_length,estimated_slg_using_speedangle,delta_pitcher_run_exp,hyper_speed,home_score_diff,bat_score_diff,home_win_exp,bat_win_exp,age_pit_legacy,age_bat_legacy,age_pit,age_bat,n_thruorder_pitcher,n_priorpa_thisgame_player_at_bat,pitcher_days_since_prev_game,batter_days_since_prev_game,pitcher_days_until_next_game,batter_days_until_next_game,api_break_z_with_gravity,api_break_x_arm,api_break_x_batter_in,arm_angle,attack_angle,attack_direction,swing_path_tilt,intercept_ball_minus_batter_pos_x_inches,intercept_ball_minus_batter_pos_y_inches
SL,2023-09-03,88.7,2.17,6.01,"Ohtani, Shohei",660271,666205,field_out,hit_into_play,,,,,6.0,Shohei Ohtani pops out to first baseman Ryan Noda.,R,L,L,ATH,LAA,X,3.0,popup,3,2,2023,-0.06,0.35,0.43,2.79,,,,2,3,Top,136.81,177.56,,,,,-4.130988445390975,-129.13451303594712,-2.542076644469842,0.2209208069429953,28.47083270943728,-27.894078801657432,3.48,1.61,68.0,66.7,74.0,88.8,2073.0,6.4,716731,669127,676116,680869,672478,669397,649557,665923,667670,54.06,0.003,0.003,0.0,1.0,0.0,0.0,3.0,18,6,Slider,0,0,0,0,0,0,0,0,Infield shade,Standard,134.0,0.014,-0.336,77.1,7.9,0.004,0.336,88.0,0,0,0.541,0.4589999999999999,25,28,26,29,2,1,6.0,1.0,6.0,,2.55,-0.06,-0.06,37.4,12.219779070098138,-5.122073250208135,32.32923068369203,33.9630444647706,28.628390863332505
CH,2023-09-02,86.1,-2.19,5.98,"Ohtani, Shohei",660271,621112,field_out,hit_into_play,,,,,8.0,"Shohei Ohtani grounds out, shortstop Nick Allen to first baseman Ryan Noda.",R,L,R,ATH,LAA,X,6.0,ground_ball,2,1,2023,-1.15,0.28,-0.13,2.07,,,,0,3,Top,115.66,140.91,,,,,7.2187567967205535,-125.24649418958803,-3.631977218682141,-13.588249734852202,24.838564187644693,-28.656031267847723,3.46,1.6,5.0,75.6,-24.0,86.1,1823.0,6.2,716755,691016,676116,680869,672478,669397,643393,671732,664913,54.26,0.039,0.047,0.0,1.0,0.0,0.0,2.0,18,4,Changeup,0,1,1,0,1,0,1,0,Infield shade,Standard,214.0,0.025,-0.313,80.0,8.4,0.039,0.313,88.0,-1,1,0.385,0.615,29,28,30,29,2,1,6.0,1.0,6.0,1.0,2.79,1.15,-1.15,48.0,23.166219317376203,-14.793281614947784,37.57160311155593,39.04318012781653,40.60026924493673
CU,2023-09-02,76.9,0.75,6.16,"Ohtani, Shohei",660271,669674,field_out,hit_into_play,,,,,8.0,Shohei Ohtani pops out to shortstop Nick Allen on the infield fly rule.,R,L,L,ATH,LAA,X,6.0,popup,0,1,2023,-0.41,-1.24,-0.13,1.65,,677347.0,694384.0,1,7,Top,103.02,133.6,,,,,-1.1098138326182614,-111.96570806743436,-0.2951498995828394,-3.180789103729613,21.386775765127247,-42.7475558226055,3.46,1.6,146.0,83.7,65.0,76.3,2619.0,5.9,716755,691016,676116,680869,672478,669397,643393,671732,664913,54.57,0.003,0.002,0.0,1.0,0.0,0.0,3.0,51,2,Curveball,2,1,1,2,1,2,1,2,Standard,Standard,334.0,0.075,-0.198,74.5,8.3,0.003,0.198,88.0,1,-1,0.627,0.373,27,28,28,29,1,3,22.0,1.0,3.0,1.0,5.11,-0.41,-0.41,59.1,15.545508061192734,-9.046210086376428,38.41544368897424,40.61903653864366,37.40014826343356
SL,2023-09-01,80.5,1.65,4.25,"Ohtani, Shohei",660271,676664,double,hit_into_play,,,,,3.0,Shohei Ohtani doubles (26) on a ground ball to right fielder Brent Rooker.,R,L,L,ATH,LAA,X,9.0,ground_ball,0,1,2023,-0.3,0.69,0.57,3.4,,,,0,6,Top,193.6,139.86,,,,,-1.8328206258504904,-117.17293317197236,3.523343092842846,-2.356625209282683,23.795047105655726,-26.75525725815749,3.46,1.61,73.0,100.9,2.0,80.4,2498.0,6.4,716758,669127,676116,680869,681146,669397,649557,665923,667670,54.14,0.511,0.47,1.25,1.0,1.0,1.0,4.0,46,2,Slider,5,0,0,5,0,5,0,5,Infield shade,Standard,272.0,-0.03,0.748,73.1,7.7,0.575,-0.748,100.9,5,-5,0.954,0.046,27,28,27,29,3,2,6.0,2.0,5.0,1.0,2.84,-0.3,-0.3,13.4,17.05982144870089,-19.078193137438376,27.910603739011982,32.429977674164284,39.45733547583458
FF,2023-09-01,94.7,1.26,4.93,"Ohtani, Shohei",660271,676664,field_out,hit_into_play,,,,,12.0,"Shohei Ohtani grounds out, third baseman Jonah Bride to first baseman Carlos Perez.",R,L,L,ATH,LAA,X,5.0,ground_ball,0,2,2023,0.92,1.09,1.03,3.4,677347.0,,,2,3,Top,102.96,170.85,,,,,-2.6839475339783245,-137.83573840686793,-0.7493804106417035,12.342069514844958,32.21062847440871,-18.412639241144667,3.46,1.61,48.0,59.9,2.0,95.1,2150.0,6.6,716758,669127,542208,680869,681146,669397,649557,665923,667670,53.9,0.111,0.111,0.0,1.0,0.0,0.0,2.0,21,3,4-Seam Fastball,0,0,0,0,0,0,0,0,Standard,Standard,134.0,0.027,-0.206,66.9,5.6,0.147,0.206,88.0,0,0,0.528,0.472,27,28,27,29,2,1,6.0,2.0,5.0,1.0,1.46,0.92,0.92,27.8,-7.737874889321477,29.75518719816356,33.65063195173068,25.986793522263905,15.901869951667502
SL,2023-09-01,82.7,1.43,4.47,"Ohtani, Shohei",660271,676664,field_out,hit_into_play,,,,,13.0,Shohei Ohtani grounds out to first baseman Carlos Perez. Luis Rengifo to 2nd.,R,L,L,ATH,LAA,X,3.0,ground_ball,0,2,2023,-0.38,0.44,-1.15,1.84,,,650859.0,1,1,Top,147.86,165.14,,,,,-5.136895253676123,-120.40578624355496,-0.3640411605204362,-2.6582979673530827,23.7327415594716,-28.04845142275985,3.46,1.61,1.0,75.0,-49.0,82.8,2305.0,6.3,716758,669127,542208,680869,681146,669397,649557,665923,667670,54.17,0.184,0.179,0.0,1.0,0.0,0.0,2.0,3,3,Slider,0,0,0,0,0,0,0,0,Infield shade,Standard,289.0,0.008,-0.238,63.1,8.2,0.189,0.238,88.0,0,0,0.508,0.492,27,28,27,29,1,0,6.0,2.0,5.0,1.0,2.89,-0.38,-0.38,17.9,8.180333944778797,-2.129417333202676,29.34584555877119,52.594283970459415,20.426344148691953
SI,2023-08-30,93.6,2.02,6.1,"Ohtani, Shohei",660271,650911,single,hit_into_play,,,,,6.0,Shohei Ohtani singles on a ground ball to right fielder Brandon Marsh. Andrew Velazquez scores. Nolan Schanuel to 2nd.,R,L,L,PHI,LAA,X,9.0,ground_ball,1,1,2023,1.44,0.4,0.72,2.48,,623205.0,694384.0,2,5,Top,184.73,119.12,,,,,-6.610695892090087,-136.14769993725693,-4.49779616345294,19.312663744008994,31.49258328218581,-26.37005101979731,3.46,1.61,84.0,98.3,4.0,94.4,2039.0,6.9,716787,596117,547180,681082,664761,607208,656941,679032,669016,53.6,0.511,0.459,0.9,1.0,1.0,0.0,4.0,40,3,Sinker,2,3,3,2,4,2,4,2,Standard,Standard,112.0,-0.116,0.563,79.9,8.1,0.546,-0.563,98.3,-1,1,0.37,0.63,26,28,27,29,3,2,5.0,1.0,9.0,2.0,2.21,1.44,1.44,25.3,14.485401820775255,-6.262428523480554,35.812945896095826,31.24642036521589,29.73091439208814
SI,2023-08-30,92.1,1.98,6.14,"Ohtani, Shohei",660271,650911,grounded_into_double_play,hit_into_play,,,,,9.0,"Shohei Ohtani grounds into a double play, first baseman Bryce Harper to shortstop Trea Turner. Luis Rengifo out at 2nd. Shohei Ohtani out at 1st.",R,L,L,PHI,LAA,X,3.0,ground_ball,0,0,2023,1.25,0.5,0.35,1.92,,,650859.0,1,3,Top,155.64,172.06,,,,,-6.961357961408177,-133.93020958699782,-6.047990027917259,16.56862049942462,28.077056643592865,-25.00951977803989,3.46,1.61,5.0,105.7,-20.0,93.3,2004.0,7.0,716787,596117,547180,681082,664761,607208,656941,679032,669016,53.51,0.187,0.179,0.0,1.0,0.0,0.0,2.0,23,1,Sinker,2,2,2,2,2,2,2,2,Standard,Standard,119.0,0.058,-0.333,77.8,8.2,0.203,0.333,105.7,0,0,0.497,0.503,26,28,27,29,2,1,5.0,1.0,9.0,2.0,2.18,1.25,1.25,29.3,11.562958645530715,-5.114485183266656,37.05081440280132,34.29943040726177,29.054035236896937
CH,2023-08-29,82.1,-1.6,6.0,"Ohtani, Shohei",660271,547179,single,hit_into_play,,,,,11.0,Shohei Ohtani singles on a sharp line drive to right fielder Nick Castellanos. Randal Grichuk scores.,R,L,R,PHI,LAA,X,9.0,line_drive,1,0,2023,-1.32,0.83,-1.01,2.6,545341.0,,,1,5,Top,185.88,102.45,,,,,3.825060705567505,-119.56404625791872,-2.7428740835550407,-13.355605330986489,23.434699851890663,-23.92094753130232,3.47,1.61,202.0,104.3,10.0,81.3,1930.0,5.8,716806,592663,664761,666801,624641,607208,656941,679032,592206,54.74,0.866,0.838,0.9,1.0,1.0,0.0,4.0,36,2,Changeup,2,3,3,2,4,2,4,2,Strategic,Standard,239.0,-0.057,0.424,71.9,8.6,1.068,-0.424,104.3,-1,1,0.304,0.696,31,28,31,29,3,2,6.0,1.0,7.0,1.0,2.55,1.32,-1.32,39.9,17.942242533242137,-8.418248002716274,27.119387171107892,49.25256002755464,30.479529938314577
CH,2023-08-29,83.2,-1.52,6.08,"Ohtani, Shohei",660271,547179,single,hit_into_play,,,,,13.0,Shohei Ohtani singles on a soft ground ball to pitcher Michael Lorenzen. Randal Grichuk scores. Shohei Ohtani to 2nd. Throwing error by pitcher Michael Lorenzen.,R,L,R,PHI,LAA,X,1.0,ground_ball,1,0,2023,-1.35,0.92,-0.85,1.7,,545341.0,,1,3,Top,119.3,196.0,,,,,4.158444507124025,-121.07994775840594,-5.348049453471538,-14.08893175384461,24.115336000165033,-22.27521925507036,3.47,1.61,1.0,54.2,-69.0,82.4,2093.0,5.8,716806,592663,664761,666801,624641,607208,656941,679032,592206,54.68,0.226,0.227,0.9,1.0,1.0,0.0,1.0,18,2,Changeup,1,1,1,1,2,1,2,1,Standard,Standard,239.0,-0.107,0.51,69.0,9.2,0.226,-0.51,88.0,0,0,0.476,0.524,31,28,31,29,2,1,6.0,1.0,7.0,1.0,2.38,1.35,-1.35,37.6,27.50098178544874,-19.36854525766989,33.67552217727569,47.1669551780209,34.13284231220995
FF,2023-08-29,94.4,-1.83,5.49,"Ohtani, Shohei",660271,571479,double,hit_into_play,,,,,8.0,Shohei Ohtani doubles (25) on a line drive to center fielder Johan Rojas. Nolan Schanuel scores.,R,L,R,PHI,LAA,X,8.0,line_drive,2,0,2023,-0.85,1.27,0.04,2.01,,694384.0,,2,9,Top,170.7,60.59,,,,,6.735061102966881,-137.3059180024204,-6.171437641707113,-12.255405869368133,30.367252078724864,-14.891677846431335,3.47,1.61,343.0,118.6,13.0,94.1,2394.0,6.1,716806,592663,664761,681082,624641,607208,669016,679032,595909,54.35,0.837,0.991,1.25,1.0,1.0,1.0,6.0,79,3,4-Seam Fastball,12,6,6,12,7,12,7,12,Strategic,Standard,220.0,0.0,0.851,82.5,8.1,1.518,-0.851,118.6,6,-6,0.999,0.001,31,28,32,29,1,4,4.0,1.0,4.0,1.0,1.29,0.85,-0.85,28.4,10.414206531195031,1.838747411770221,39.8359529073644,38.488349415268615,24.74165584355481
SI,2023-08-29,97.7,1.25,6.83,"Ohtani, Shohei",660271,621237,field_out,hit_into_play,,,,,6.0,Shohei Ohtani lines out to right fielder Nick Castellanos.,R,L,L,PHI,LAA,X,9.0,line_drive,0,0,2023,0.99,1.36,0.52,2.64,,,,1,7,Top,157.31,91.72,,,,,-4.285724951624848,-141.9713934395989,-8.97794230008741,14.327807533629445,33.7791910396742,-11.919421215297088,3.47,1.61,279.0,81.7,24.0,98.8,2041.0,7.1,716806,592663,664761,681082,624641,607208,656941,679032,592206,53.42,0.342,0.308,0.0,1.0,0.0,0.0,3.0,60,1,Sinker,8,5,5,8,5,8,5,8,Standard,Standard,153.0,0.016,-0.267,77.9,8.0,0.381,0.267,88.0,3,-3,0.917,0.0829999999999999,28,28,28,29,1,3,2.0,1.0,3.0,1.0,1.04,0.99,0.99,68.1,12.049888510868008,-0.7687436447551312,33.97973723796852,33.624486466526086,25.91283400620569
SL,2023-08-29,87.9,-1.89,5.82,"Ohtani, Shohei",660271,547179,field_out,hit_into_play,,,,,5.0,Shohei Ohtani flies out to third baseman Edmundo Sosa in foul territory.,R,L,R,PHI,LAA,X,5.0,fly_ball,1,1,2023,0.21,0.42,-0.15,2.29,,,694384.0,0,1,Top,60.47,149.15,,,,,3.780697602748591,-128.11383544866172,-3.3856015915651128,1.6458291717674651,23.474496774565974,-27.04512685737883,3.47,1.61,206.0,90.9,65.0,87.9,2458.0,6.0,716806,592663,664761,666801,624641,607208,656941,679032,592206,54.53,0.005,0.005,0.0,1.0,0.0,0.0,3.0,2,3,Slider,0,0,0,0,0,0,0,0,Standard,Standard,188.0,0.032,-0.229,80.0,8.1,0.006,0.229,90.9,0,0,0.466,0.534,31,28,31,29,1,0,6.0,1.0,7.0,1.0,2.49,-0.21,0.21,40.7,12.444118165575423,-8.23398996256232,36.49938286370117,39.15023153505932,31.676275947447216
FS,2023-08-28,86.8,-2.12,6.27,"Ohtani, Shohei",660271,592836,field_out,hit_into_play,,,,,13.0,Shohei Ohtani flies out to center fielder Brandon Marsh.,R,L,R,PHI,LAA,X,8.0,fly_ball,1,0,2023,-0.63,0.11,-1.12,2.22,,,,0,3,Top,104.91,95.34,,,,,3.672813471365636,-126.48938138738004,-3.795242968390752,-7.452016527414628,23.67941323764143,-30.46748637045314,3.47,1.62,265.0,76.6,34.0,86.8,1470.0,6.0,716817,592663,547180,681082,664761,607208,595909,669016,592206,54.47,0.129,0.133,0.0,1.0,0.0,0.0,3.0,18,2,Split-Finger,1,1,1,1,1,1,1,1,Standard,Standard,235.0,0.029,-0.306,74.2,8.2,0.186,0.306,88.0,0,0,0.496,0.504,30,28,31,29,2,1,6.0,1.0,7.0,1.0,2.89,0.63,-0.63,34.4,14.959171721081487,6.605478461595862,28.569814034372712,50.367126255260395,23.943002060454425
SI,2023-08-28,99.1,1.72,5.93,"Ohtani, Shohei",660271,642397,field_out,hit_into_play,,,,,12.0,"Shohei Ohtani grounds out, first baseman Bryce Harper to pitcher Gregory Soto.",R,L,L,PHI,LAA,X,3.0,ground_ball,0,0,2023,1.48,0.7,1.11,3.41,,,,2,8,Top,146.62,170.05,,,,,-5.171723416636138,-144.347605952109,-3.1571277097921215,21.91226506900236,32.24799771690737,-21.82937973431979,3.47,1.62,4.0,58.4,-38.0,99.8,2484.0,6.5,716817,592663,547180,681082,664761,607208,669016,679032,592206,53.96,0.097,0.095,0.0,1.0,0.0,0.0,1.0,70,1,Sinker,5,4,4,5,4,5,4,5,Standard,Standard,135.0,0.027,-0.275,73.2,6.8,0.099,0.275,88.0,1,-1,0.84,0.16,28,28,28,29,1,4,2.0,1.0,2.0,1.0,1.61,1.48,1.48,33.9,9.998103268827007,12.501432204779492,30.01170927853451,26.702814531890603,20.34838891562695
FF,2023-08-28,92.7,-1.96,6.45,"Ohtani, Shohei",660271,592836,single,hit_into_play,,,,,4.0,Shohei Ohtani singles on a sharp ground ball to center fielder Brandon Marsh. Nolan Schanuel to 2nd.,R,L,R,PHI,LAA,X,8.0,ground_ball,2,2,2023,-0.61,1.24,-0.42,2.21,,,694384.0,0,1,Top,125.16,85.64,,,,,5.253733990985673,-134.75404732056555,-7.702499029732575,-8.611424070670195,31.339013370181775,-15.50146059218275,3.47,1.62,119.0,106.1,6.0,92.2,2168.0,6.2,716817,592663,547180,681082,664761,607208,595909,669016,592206,54.28,0.668,0.631,0.9,1.0,1.0,0.0,4.0,2,5,4-Seam Fastball,0,0,0,0,0,0,0,0,Strategic,Standard,219.0,-0.057,0.478,76.0,7.7,0.775,-0.478,106.1,0,0,0.467,0.5329999999999999,30,28,31,29,1,0,6.0,1.0,7.0,1.0,1.43,0.61,-0.61,36.8,5.469020275792011,7.473074109026608,36.658879837720015,42.26429835779584,16.143778562701126
SL,2023-08-27,87.8,2.41,5.89,"Ohtani, Shohei",660271,656849,field_out,hit_into_play,,,,,13.0,"Shohei Ohtani grounds out, second baseman Jeff McNeil to first baseman Pete Alonso.",R,L,L,NYM,LAA,X,4.0,ground_ball,1,2,2023,-0.12,0.09,-1.02,1.83,,,,1,6,Top,148.73,152.93,,,,,-8.154386048990913,-127.42431494666502,-3.7230531905703335,0.9266133243960654,34.29109859824064,-30.48261627966407,3.44,1.6,5.0,69.8,-21.0,87.6,2368.0,7.1,716829,682626,624413,643446,668901,596019,542364,607043,621466,53.44,0.05,0.05,0.0,1.0,0.0,0.0,2.0,39,4,Slider,1,0,0,1,0,1,0,1,Infield shade,Standard,249.0,0.02,-0.189,63.0,8.5,0.061,0.189,88.0,1,-1,0.703,0.297,27,28,28,29,3,2,6.0,1.0,6.0,1.0,2.96,-0.12,-0.12,39.7,11.486913634948676,-14.068743355223075,31.813254438474516,50.73699867756149,30.365814786058365
SL,2023-08-27,85.2,2.42,5.95,"Ohtani, Shohei",660271,656849,field_out,hit_into_play,,,,,5.0,Shohei Ohtani lines out to left fielder Rafael Ortega.,R,L,L,NYM,LAA,X,7.0,line_drive,0,2,2023,-0.26,-0.06,-0.09,2.44,,,650859.0,0,1,Top,73.6,97.49,,,,,-5.428647720586654,-124.03736082789422,-1.7963912125113666,-1.5638422695915988,26.049072163364208,-32.67131285569136,3.44,1.6,309.0,100.5,18.0,86.0,2351.0,6.9,716829,682626,624413,643446,668901,596019,542364,607043,621466,53.59,0.455,0.56,0.0,1.0,0.0,0.0,5.0,2,4,Slider,0,0,0,0,0,0,0,0,Infield shade,Standard,284.0,0.022,-0.162,77.2,7.5,0.872,0.162,100.5,0,0,0.476,0.524,27,28,28,29,1,0,6.0,1.0,6.0,1.0,3.21,-0.26,-0.26,38.8,-0.0871238512120498,8.682073586250977,31.616296568039925,41.440844682592505,20.56793457203373
SL,2023-08-26,84.4,-1.72,5.48,"Ohtani, Shohei",660271,471911,triple,hit_into_play,,,,,5.0,Shohei Ohtani triples (8) on a line drive to right fielder DJ Stewart.   Luis Rengifo scores.,R,L,R,NYM,LAA,X,9.0,line_drive,0,1,2023,0.21,0.25,0.16,2.28,,,650859.0,2,2,Top,222.39,107.75,,,,,3.9858446096484896,-122.96620060713272,-1.6045169193396742,1.3559208331417678,23.938282528105184,-29.491973988440886,3.44,1.6,275.0,91.2,21.0,85.1,2320.0,6.6,716840,553882,624413,643446,660620,596019,542364,607043,621466,53.89,0.229,0.241,1.6,1.0,1.0,2.0,3.0,14,2,Slider,0,3,3,0,4,0,4,0,Infield shade,Standard,138.0,-0.079,1.38,84.6,8.4,0.371,-1.38,91.2,-3,3,0.241,0.759,36,28,36,29,2,1,6.0,1.0,,1.0,2.93,-0.21,0.21,27.6,23.66174802214817,-18.170085115087257,39.260178125672056,34.747296107273364,39.88903763887222
FF,2023-08-26,94.3,-1.63,5.61,"Ohtani, Shohei",660271,471911,double,hit_into_play,,,,,2.0,Shohei Ohtani doubles (24) on a sharp line drive to center fielder Brandon Nimmo.,R,L,R,NYM,LAA,X,8.0,line_drive,2,2,2023,-0.34,0.95,-0.24,3.42,,,,1,1,Top,150.42,46.35,,,,,4.399338533485535,-137.305054763852,-2.138729042558126,-5.302149598745252,30.138241117815145,-19.833564865982883,3.44,1.6,382.0,109.6,19.0,94.9,2064.0,6.6,716840,553882,624413,643446,660620,596019,542364,607043,621466,53.94,0.7942903225806451,1.370193548387097,1.25,1.0,1.0,1.0,6.0,2,8,4-Seam Fastball,0,0,0,0,0,0,0,0,Infield shade,Standard,228.0,-0.043,0.696,77.7,7.4,2.5828709677419357,-0.696,109.6,0,0,0.524,0.476,36,28,36,29,1,0,6.0,1.0,,1.0,1.6,0.34,-0.34,29.2,12.068019164122031,6.0636275512321,28.402061008274348,39.48158715228634,22.73218676360529
SL,2023-08-26,76.4,3.66,3.52,"Ohtani, Shohei",660271,592473,field_out,hit_into_play,,,,,4.0,Shohei Ohtani flies out to center fielder Brandon Nimmo.,R,L,L,NYM,LAA,X,8.0,fly_ball,1,0,2023,-1.19,0.79,-0.66,2.35,,,,0,7,Top,139.92,94.02,,,,,-7.0039832382245715,-111.01039635807398,3.276464660842914,-8.32837155244316,22.0803046536575,-26.6270149593223,3.44,1.6,265.0,76.1,37.0,76.5,2244.0,6.7,716840,553882,624413,643446,660620,596019,542364,607043,621466,53.81,0.121,0.12,0.0,1.0,0.0,0.0,3.0,56,2,Slider,3,5,5,3,5,3,5,3,Infield shade,Standard,276.0,0.018,-0.306,68.9,7.8,0.171,0.306,88.0,-2,2,0.183,0.817,34,28,34,29,1,3,1.0,1.0,,1.0,3.16,-1.19,-1.19,-12.5,9.157297784143728,-6.696144420353614,29.165593532342022,46.24309658784392,32.215608213844654
SL,2023-08-25,86.5,-2.09,5.91,"Ohtani, Shohei",660271,673540,double,hit_into_play,,,,,8.0,Shohei Ohtani doubles (23) on a sharp line drive to right fielder Jeff McNeil.   Nolan Schanuel to 3rd.,R,L,R,NYM,LAA,X,9.0,line_drive,1,2,2023,0.07,0.19,0.23,2.09,,,694384.0,0,3,Top,213.82,66.4,,,,,5.372335486751261,-125.79891083864948,-3.245747154355078,-0.4599434766649075,27.89052844101966,-29.63321398411186,3.45,1.61,337.0,115.4,19.0,86.1,2473.0,6.3,716855,682626,624413,664901,660620,596019,641796,607043,643446,54.24,0.9475,1.7415,1.25,1.0,1.0,1.0,6.0,19,4,Slider,0,0,0,0,0,0,0,0,Infield shade,Standard,280.0,-0.122,0.791,80.9,8.1,3.355,-0.791,115.4,0,0,0.469,0.531,30,28,30,29,2,1,6.0,2.0,7.0,1.0,2.88,-0.07,0.07,48.0,16.79086241122022,-8.102560794322905,39.85260235345101,33.7025509166253,34.06092852312601
SL,2023-08-25,78.4,3.89,3.65,"Ohtani, Shohei",660271,592473,field_out,hit_into_play,,,,,9.0,"Shohei Ohtani grounds out sharply, first baseman Pete Alonso to pitcher Adam Kolarek.",R,L,L,NYM,LAA,X,3.0,ground_ball,1,1,2023,-0.56,0.29,0.38,2.02,,,,0,8,Top,156.58,160.47,,,,,-6.590356119671607,-113.93530840030108,2.8986246761228567,-3.5853816751232728,22.402160462799817,-30.526125229166247,3.45,1.61,56.0,87.2,2.0,78.6,2145.0,6.7,716855,682626,624413,664901,660620,596019,641796,607043,643446,53.85,0.326,0.317,0.0,1.0,0.0,0.0,2.0,57,3,Slider,1,2,2,1,2,1,2,1,Infield shade,Standard,269.0,0.022,-0.254,80.7,8.1,0.351,0.254,88.0,-1,1,0.256,0.744,34,28,34,29,1,3,3.0,2.0,1.0,1.0,3.45,-0.56,-0.56,-13.1,17.836790830462782,-6.952233815048452,37.77580143612348,34.366453675102136,35.81751072703033
CU,2023-08-23,79.2,-2.69,5.65,"Ohtani, Shohei",660271,680689,double,hit_into_play,,,,,7.0,Shohei Ohtani doubles (22) on a line drive to right fielder Will Benson.   Nolan Schanuel to 3rd.,R,L,R,LAA,CIN,X,9.0,line_drive,0,0,2023,0.33,-1.02,-0.38,2.15,,,694384.0,1,5,Bot,185.61,118.0,,,,,4.385435355490469,-115.15395085268842,1.1199665469835047,1.9628723980150544,24.216614773693728,-41.6472072454272,3.48,1.61,208.0,85.4,18.0,77.8,2560.0,5.7,716903,663886,687952,680574,682622,682829,686759,670770,666181,54.84,0.903,0.852,1.25,1.0,1.0,1.0,4.0,45,1,Curveball,1,4,1,4,4,1,1,4,Infield shade,Standard,71.0,0.099,0.801,76.8,8.5,1.021,-0.801,88.0,-3,-3,0.195,0.195,23,28,23,29,3,2,17.0,0.0,9.0,2.0,4.7,-0.33,0.33,32.7,22.873893553066235,-19.20382643613836,36.96221479944831,40.1533239706021,39.6750097582393
CH,2023-08-23,89.2,-2.61,5.41,"Ohtani, Shohei",660271,680689,field_out,hit_into_play,,,,,14.0,Shohei Ohtani lines out sharply to center fielder TJ Friedl.,R,L,R,LAA,CIN,X,8.0,line_drive,3,2,2023,-1.24,0.33,0.37,1.38,,623205.0,694384.0,2,2,Bot,86.9,66.77,,,,,9.818135324871555,-129.57660728523172,-4.539652468905454,-16.041375003915196,26.46606827807432,-27.705588723317895,3.48,1.61,342.0,104.2,18.0,88.3,1763.0,5.8,716903,663886,687952,680574,682622,682829,686759,670770,666181,54.73,0.361,0.524,0.0,1.0,0.0,0.0,5.0,20,6,Changeup,1,0,1,0,0,1,1,0,Standard,Standard,182.0,-0.043,-0.31,70.5,7.7,0.921,0.31,104.2,1,1,0.655,0.655,23,28,23,29,2,1,17.0,0.0,9.0,2.0,2.54,1.24,-1.24,27.1,5.333936832171833,4.710789318111273,49.91975558318053,31.40990107962359,22.258477696455465
SL,2023-08-23,87.2,-2.66,4.59,"Ohtani, Shohei",660271,664747,force_out,hit_into_play,,,,,7.0,"Shohei Ohtani grounds into a force out, second baseman Matt McLain to shortstop Elly De La Cruz.   Nolan Schanuel out at 2nd.    Shohei Ohtani to 1st.",R,L,R,LAA,CIN,X,4.0,ground_ball,2,2,2023,0.48,0.05,-0.36,2.04,,,694384.0,0,9,Bot,153.72,144.32,,,,,4.664981349437392,-126.94293735036428,0.0050613482342414,4.106855951612075,28.09800309508929,-31.907676595051093,3.48,1.61,11.0,97.4,-9.0,89.3,2079.0,7.7,716903,663886,687952,680574,682622,682829,672279,670770,666181,52.78,0.25,0.26,0.0,1.0,0.0,0.0,2.0,82,5,Slider,3,7,3,7,7,3,3,7,Standard,Standard,56.0,-0.023,-0.324,75.0,8.1,0.274,0.324,97.4,-4,-4,0.041,0.041,26,28,27,29,1,4,1.0,0.0,3.0,2.0,2.97,-0.48,0.48,12.5,13.287576374556693,0.6894075770240028,35.51926995279269,41.63494761465678,25.859520392131316
CH,2023-08-23,88.5,-2.81,5.42,"Ohtani, Shohei",660271,680689,force_out,hit_into_play,,,,,13.0,"Shohei Ohtani grounds into a force out, fielded by third baseman Noelvi Marte.   Nolan Schanuel out at 2nd.    Shohei Ohtani to 1st.",R,L,R,LAA,CIN,X,5.0,ground_ball,1,0,2023,-1.33,0.45,-0.98,2.29,,,694384.0,0,1,Bot,111.39,155.97,,,,,7.185939366076501,-128.72930390758225,-2.455756878847545,-16.32365313079657,28.11998755635844,-26.899432670996887,3.48,1.61,3.0,69.2,-37.0,87.5,2404.0,5.8,716903,663886,687952,680574,682622,682829,686759,670770,666181,54.72,0.079,0.078,0.0,1.0,0.0,0.0,2.0,5,2,Changeup,0,0,0,0,0,0,0,0,Infield shade,Standard,204.0,-0.037,-0.38,79.7,8.6,0.081,0.38,88.0,0,0,0.588,0.588,23,28,23,29,1,0,17.0,0.0,9.0,2.0,2.48,1.33,-1.33,27.7,18.802533738643145,-10.051949446345663,32.18099214310196,47.90319707522709,29.68678715647062
FF,2023-08-23,92.9,1.72,5.78,"Ohtani, Shohei",660271,671096,home_run,hit_into_play,,,,,5.0,Shohei Ohtani homers (44) on a line drive to right center field.    Luis Rengifo scores.,R,L,L,LAA,CIN,X,,line_drive,0,0,2023,0.67,1.39,0.18,2.8,,,650859.0,0,1,Bot,197.24,34.02,,,,,-5.452588433826405,-135.08913554758018,-4.914782628072926,9.44710750273744,29.519997549477395,-14.255555318324824,3.47,1.61,442.0,115.7,20.0,93.5,2219.0,6.7,716890,571912,687952,680574,668715,682829,666181,670770,605361,53.8,0.96375,2.0,2.0,1.0,0.0,3.0,6.0,5,1,4-Seam Fastball,0,0,0,0,0,2,2,0,Strategic,Standard,151.0,0.149,1.061,80.6,8.0,3.514,-1.061,115.7,0,0,0.583,0.583,24,28,24,29,1,0,7.0,1.0,5.0,0.0,1.25,0.67,0.67,44.3,15.032046567608104,-5.1138284553023965,33.83582707230573,36.05976970493606,31.46333960539083
FF,2023-08-22,94.7,2.03,5.28,"Ohtani, Shohei",660271,594580,field_out,hit_into_play,,,,,4.0,Shohei Ohtani flies out to left fielder Spencer Steer in foul territory.,R,L,L,LAA,CIN,X,7.0,fly_ball,1,2,2023,0.62,1.1,-0.66,2.58,,,545361.0,1,8,Bot,41.85,124.74,,,,,-8.181589559825365,-137.72511475099245,-3.729937982601468,9.645354024272343,30.458559260739328,-17.529906721759385,3.47,1.61,277.0,85.2,40.0,92.4,2637.0,4.9,716892,663886,458015,680574,682622,682829,668715,670770,666181,55.56,0.001,0.0,0.0,1.0,0.0,0.0,3.0,65,4,4-Seam Fastball,3,4,3,4,4,3,3,4,Infield shade,Strategic,129.0,-0.062,-0.185,67.1,7.7,0.001,0.185,88.0,-1,-1,0.295,0.295,31,28,31,29,1,3,2.0,3.0,1.0,1.0,1.44,0.62,0.62,26.9,3.4909836342175016,7.137455468434724,31.62946567221903,46.187719688694145,14.83393814558504
SL,2023-08-19,91.2,-2.09,6.0,"Ohtani, Shohei",660271,607192,field_out,hit_into_play,,,,,5.0,Shohei Ohtani lines out to left fielder Randy Arozarena.,R,L,R,LAA,TB,X,7.0,line_drive,1,1,2023,0.27,-0.28,0.25,2.54,,,,2,4,Bot,48.17,86.5,,,,,5.447603243899258,-132.85821610872932,-2.3118636523292846,2.1294221814823335,26.288620438825017,-35.24348395075094,3.46,1.61,338.0,99.7,23.0,93.6,2764.0,7.5,716915,650907,666018,664040,670623,678545,668227,670042,666139,53.04,0.4298399999999999,0.7305599999999999,0.0,1.0,0.0,0.0,5.0,41,3,Slider,6,5,6,5,5,6,6,5,Infield shade,Standard,69.0,-0.01,-0.261,78.6,7.2,1.35364,0.261,99.7,1,1,0.648,0.648,29,28,30,29,3,2,5.0,1.0,7.0,0.0,3.0,-0.27,0.27,50.7,1.9824581322961432,13.816391459020693,37.151776161077,33.17969907100111,20.78321301281837
CH,2023-08-19,86.2,-2.32,6.15,"Ohtani, Shohei",660271,621107,field_out,hit_into_play,,,,,11.0,Shohei Ohtani lines out to left fielder Randy Arozarena.,R,L,R,LAA,TB,X,7.0,line_drive,2,1,2023,-1.25,0.33,-1.2,2.7,,,,0,4,Bot,56.92,77.53,,,,,5.236600039703105,-125.46675373297988,-2.652151984069939,-14.269189355885644,25.03160725952706,-28.397498464135477,3.47,1.62,346.0,94.8,23.0,86.9,1712.0,6.7,716925,542194,650490,670623,678554,678545,668227,642350,666139,53.81,0.187,0.228,0.0,1.0,0.0,0.0,3.0,28,4,Changeup,0,2,0,2,2,0,0,2,Infield shade,Standard,231.0,-0.034,-0.313,70.4,7.8,0.384,0.313,94.8,-2,-2,0.316,0.316,29,28,29,29,2,1,6.0,0.0,6.0,3.0,2.74,1.25,-1.25,34.7,1.7151826131382686,13.31011135294046,27.315420334317174,51.331812836486975,14.413669836580542
SL,2023-08-19,93.3,-2.12,5.95,"Ohtani, Shohei",660271,607192,field_out,hit_into_play,,,,,5.0,Shohei Ohtani flies out sharply to left fielder Randy Arozarena.,R,L,R,LAA,TB,X,7.0,fly_ball,2,1,2023,0.26,0.27,0.13,2.63,,,694384.0,0,3,Bot,68.19,61.83,,,,,5.340797234430893,-135.73521419130654,-3.380343786103799,1.9363310532662132,31.633749936675773,-28.343222889322856,3.46,1.61,368.0,105.9,40.0,95.0,2702.0,7.4,716915,650907,666018,664040,670623,678545,668227,670042,666139,53.05,0.47,0.9466,0.0,1.0,0.0,0.0,6.0,24,4,Slider,2,2,2,2,2,2,2,2,Infield shade,Standard,162.0,-0.043,-0.271,80.7,7.5,1.869,0.271,105.9,0,0,0.601,0.601,29,28,30,29,2,1,5.0,1.0,7.0,0.0,2.37,-0.26,0.26,50.0,7.917771930010517,0.9875821198689992,36.27390626694954,34.151154876490594,27.890088507571036
FC,2023-08-19,89.6,-2.2,6.03,"Ohtani, Shohei",660271,621107,field_out,hit_into_play,,,,,2.0,Shohei Ohtani pops out to third baseman Curtis Mead in foul territory.,R,L,R,LAA,TB,X,5.0,popup,2,2,2023,0.17,0.67,0.26,3.19,,,,1,1,Bot,79.12,165.78,,,,,5.759839782539664,-130.37353361696637,-2.483727701475536,0.8045514250418233,26.362433587588704,-24.166959521996738,3.47,1.62,195.0,86.9,62.0,90.3,2130.0,6.6,716925,542194,650490,670623,678554,678545,668227,642350,666139,53.87,0.011,0.013,0.0,1.0,0.0,0.0,3.0,6,6,Cutter,0,0,0,0,0,0,0,0,Infield shade,Standard,151.0,-0.014,-0.234,79.8,7.2,0.021,0.234,88.0,0,0,0.524,0.524,29,28,29,29,1,0,6.0,0.0,6.0,3.0,2.16,-0.17,0.17,30.6,10.20713732461518,1.7183549336127464,35.153979098829815,33.268594114470915,26.147164989902905
CH,2023-08-19,83.2,-1.67,5.08,"Ohtani, Shohei",660271,681867,double,hit_into_play,,,,,11.0,Shohei Ohtani doubles (21) on a line drive to right fielder Josh Lowe.   Nolan Schanuel to 3rd.,R,L,R,LAA,TB,X,9.0,line_drive,0,0,2023,-1.14,-0.28,-0.87,2.61,,,694384.0,0,8,Bot,149.65,104.82,,,,,4.098957742274523,-120.9930577870317,1.431266216183514,-12.026496516226665,25.67587224722977,-35.470977785328515,3.47,1.62,149.0,95.5,9.0,83.4,1571.0,6.7,716925,542194,666018,670623,678554,678545,668227,642350,666139,53.81,0.658,0.605,1.25,1.0,1.0,1.0,4.0,78,1,Changeup,1,17,1,17,17,1,1,17,Infield shade,Standard,269.0,0.0,0.72,80.8,8.2,0.739,-0.72,95.5,-16,-16,0.001,0.001,26,28,27,29,1,3,9.0,0.0,42.0,3.0,3.6,1.14,-1.14,12.9,14.909427181642952,0.4063076310146569,28.053058866672828,46.92091684591336,25.1556558990416
FC,2023-08-18,89.9,-1.98,5.25,"Ohtani, Shohei",660271,541640,home_run,hit_into_play,,,,,2.0,Shohei Ohtani hits a grand slam (43) to right field. Hunter Renfroe scores. Luis Rengifo scores. Nolan Schanuel scores.,R,L,R,LAA,TB,X,,fly_ball,1,0,2023,0.18,1.01,0.25,3.41,592669.0,650859.0,694384.0,2,2,Bot,210.08,67.76,,,,,5.201402220207915,-130.8452014342632,-0.7140818496268075,0.9361171627428352,28.01689088689146,-20.677087829469304,3.47,1.62,389.0,102.1,28.0,90.8,2503.0,6.9,716945,650907,650490,670623,678554,678545,668227,670042,666139,53.61,0.5925625,1.1182968749999995,2.0,1.0,0.0,3.0,6.0,19,2,Cutter,1,1,1,1,1,5,5,1,Standard,Standard,192.0,0.276,1.105,83.0,7.8,2.2107656250000005,-1.105,102.1,0,0,0.587,0.587,33,28,33,29,2,1,3.0,2.0,6.0,1.0,1.82,-0.18,0.18,35.3,16.67188270105688,-6.753499668310426,29.97325094850076,33.00798323210468,31.02322155739767
CH,2023-08-18,83.6,-2.01,5.44,"Ohtani, Shohei",660271,541640,single,hit_into_play,,,,,4.0,Shohei Ohtani singles on a ground ball to first baseman Yandy Diaz.,R,L,R,LAA,TB,X,3.0,ground_ball,1,1,2023,-1.21,0.82,-0.69,2.51,,,,1,1,Bot,161.38,171.14,,,,,5.445116260066495,-121.66644420589417,-1.9550193260723063,-13.064618767873204,23.970739595998257,-23.872237938183687,3.47,1.62,99.0,94.9,6.0,84.0,1656.0,6.5,716945,650907,650490,670623,678554,678545,668227,670042,666139,53.97,0.529,0.488,0.9,1.0,1.0,0.0,4.0,7,3,Changeup,0,1,0,1,1,0,0,1,Infield shade,Standard,220.0,0.027,0.427,76.2,8.9,0.596,-0.427,94.9,-1,-1,0.423,0.423,33,28,33,29,1,0,3.0,2.0,6.0,1.0,2.44,1.21,-1.21,33.7,18.559638802951667,-18.30620380678978,31.59740130101167,44.741679683665865,37.64369094107346
CH,2023-08-16,89.8,-1.82,5.63,"Ohtani, Shohei",660271,592351,field_out,hit_into_play,,,,,1.0,Shohei Ohtani flies out to left fielder Travis Jankowski.,R,L,R,TEX,LAA,X,7.0,fly_ball,2,1,2023,-1.22,0.96,-0.75,3.24,,,,2,5,Top,36.92,97.13,,,,,5.232462763244124,-130.69856951216389,-1.958225075620471,-15.060959513705509,28.139968014616827,-21.02912746636182,3.47,1.62,333.0,97.5,39.0,90.0,1669.0,6.4,716971,641598,663993,543760,677649,608369,608671,665750,666969,54.05,0.113,0.201,0.0,1.0,0.0,0.0,3.0,35,4,Changeup,0,1,1,0,1,0,1,0,Infield shade,Standard,238.0,0.012,-0.314,73.1,7.4,0.387,0.314,97.5,-1,1,0.403,0.597,31,28,32,29,3,2,5.0,1.0,6.0,2.0,1.87,1.22,-1.22,30.5,5.916895247108676,11.922695006441693,25.760281457781048,46.44946899068824,14.260848386631066
FF,2023-08-16,96.9,-1.87,5.57,"Ohtani, Shohei",660271,592351,single,hit_into_play,,,,,11.0,Shohei Ohtani singles on a ground ball to third baseman Ezequiel Duran.,R,L,R,TEX,LAA,X,5.0,ground_ball,1,2,2023,-0.97,1.0,-1.52,2.98,,,,0,3,Top,105.49,159.8,,,,,3.1403834493167637,-141.12548613257906,-3.661879495686946,-13.659365025316204,31.47837575761644,-18.208232971113727,3.47,1.62,95.0,80.7,5.0,97.0,1960.0,6.3,716971,641598,663993,543760,677649,608369,608671,665750,666969,54.24,0.282,0.297,0.9,1.0,1.0,0.0,2.0,19,6,4-Seam Fastball,0,1,1,0,1,0,1,0,Infield shade,Standard,222.0,-0.041,0.504,61.7,7.5,0.309,-0.504,88.0,-1,1,0.394,0.606,31,28,32,29,2,1,5.0,1.0,6.0,2.0,1.42,0.97,-0.97,29.9,-1.4574254127950017,19.887087229610575,24.2705021450814,55.64612388033467,7.15788153068602
FF,2023-08-16,95.7,-1.91,5.61,"Ohtani, Shohei",660271,592351,home_run,hit_into_play,,,,,12.0,Shohei Ohtani homers (42) on a fly ball to center field.,R,L,R,TEX,LAA,X,,fly_ball,1,0,2023,-0.81,0.98,0.19,3.81,,,,1,1,Top,100.15,23.78,,,,,7.384003202204062,-139.2608754234981,-1.3691746422036553,-12.152130514852336,30.62546827689281,-19.30638650995301,3.47,1.62,437.0,109.1,32.0,96.2,1957.0,6.5,716971,641598,663993,543760,677649,608369,608671,665750,666969,53.97,0.9390769230769228,2.0,2.0,1.0,0.0,3.0,6.0,2,2,4-Seam Fastball,0,0,0,0,1,0,1,0,Infield shade,Standard,220.0,-0.096,1.544,78.9,6.9,3.7573846153846153,-1.544,109.1,0,0,0.52,0.48,31,28,32,29,1,0,5.0,1.0,6.0,2.0,1.5,0.81,-0.81,31.8,11.979254669987045,9.261945639281402,27.632966057844357,33.873630355398234,24.170964711649717
SI,2023-08-16,103.1,0.56,5.99,"Ohtani, Shohei",660271,547973,single,hit_into_play,,,,,12.0,Shohei Ohtani singles on a ground ball to shortstop Corey Seager.,R,L,L,TEX,LAA,X,6.0,ground_ball,1,2,2023,1.23,1.09,1.17,2.9,,,,1,8,Top,117.0,166.47,,,,,-1.281331006397878,-150.0775609616202,-6.259843441226819,18.83964104666772,37.128746844214334,-14.434051345773316,3.47,1.62,16.0,60.5,-8.0,104.2,2418.0,6.9,716971,641598,663993,543760,677649,608369,608671,665750,666969,53.58,0.061,0.067,0.9,1.0,1.0,0.0,2.0,55,4,Sinker,0,1,1,0,1,0,1,0,Strategic,Standard,159.0,-0.029,0.495,65.5,6.4,0.061,-0.495,88.0,-1,1,0.283,0.7170000000000001,35,28,35,29,1,3,1.0,1.0,5.0,2.0,1.06,1.23,1.23,44.2,-3.729523407922864,20.035850783085767,37.828023624554746,24.211677879511587,13.275548378631418
SI,2023-08-15,93.5,1.78,6.82,"Ohtani, Shohei",660271,656756,field_out,hit_into_play,,,,,6.0,"Shohei Ohtani grounds out, first baseman Nathaniel Lowe to pitcher Jordan Montgomery.",R,L,L,TEX,LAA,X,3.0,ground_ball,2,0,2023,1.19,1.18,0.57,2.71,,,,2,3,Top,154.69,155.71,,,,,-5.794693903549227,-135.97677288836488,-7.513945091157885,16.068109579818437,29.10109507193793,-16.122248320610307,3.45,1.61,9.0,90.2,-16.0,94.2,2228.0,6.7,716985,641680,663993,543760,677649,608369,608671,679881,666969,53.81,0.103,0.104,0.0,1.0,0.0,0.0,2.0,20,3,Sinker,0,0,0,0,0,0,0,0,Infield shade,Standard,152.0,0.016,-0.374,82.9,7.8,0.106,0.374,90.2,0,0,0.539,0.4609999999999999,30,28,31,29,2,1,6.0,1.0,6.0,1.0,1.43,1.19,1.19,48.1,19.49746049492696,3.0612608021002776,32.26420448383642,31.909250357104774,29.355532213809525
SI,2023-08-15,102.8,0.56,6.02,"Ohtani, Shohei",660271,547973,field_out,hit_into_play,,,,,9.0,"Shohei Ohtani grounds out, second baseman Marcus Semien to first baseman Nathaniel Lowe.",R,L,L,TEX,LAA,X,4.0,ground_ball,1,2,2023,1.19,1.18,0.75,1.88,,,,1,8,Top,150.23,142.41,,,,,-2.387400623821234,-149.37597202863455,-9.407664450431554,18.41329839129344,37.431969035966645,-12.434830155025836,3.45,1.61,4.0,107.1,-22.0,103.4,2368.0,6.8,716985,641680,663993,543760,677649,608369,608671,679881,666969,53.7,0.179,0.175,0.0,1.0,0.0,0.0,2.0,62,4,Sinker,5,1,1,5,1,5,1,5,Infield shade,Standard,154.0,0.006,-0.189,78.0,7.2,0.202,0.189,107.1,4,-4,0.979,0.021,35,28,35,29,1,3,2.0,1.0,1.0,1.0,0.99,1.19,1.19,40.7,-1.4758905189301483,14.004227352238654,41.62834268559405,29.183924981151883,18.279771727206192
SI,2023-08-15,93.0,1.63,6.77,"Ohtani, Shohei",660271,656756,single,hit_into_play,,,,,9.0,Shohei Ohtani singles on a ground ball to first baseman Nathaniel Lowe.,R,L,L,TEX,LAA,X,3.0,ground_ball,1,0,2023,1.33,0.92,0.68,1.76,,,,1,1,Top,157.11,156.92,,,,,-5.364923996872388,-135.13423823502643,-9.133757339717294,17.50922347165818,29.32158690653809,-19.045581484876696,3.45,1.61,4.0,100.3,-23.0,93.3,2133.0,6.6,716985,641680,663993,543760,677649,608369,608671,679881,666969,53.95,0.1,0.113,0.9,1.0,1.0,0.0,2.0,2,2,Sinker,0,0,0,0,0,0,0,0,Infield shade,Standard,147.0,-0.022,0.377,80.7,7.8,0.1,-0.377,100.3,0,0,0.52,0.48,30,28,31,29,1,0,6.0,1.0,6.0,1.0,1.72,1.33,1.33,46.4,5.139226618030026,0.9869920974244096,42.641859138426454,30.015031272964237,23.61374681236988
CH,2023-08-14,84.6,-3.03,5.32,"Ohtani, Shohei",660271,453286,field_out,hit_into_play,,,,,7.0,Shohei Ohtani pops out to third baseman Ezequiel Duran.,R,L,R,TEX,LAA,X,5.0,popup,0,0,2023,-1.01,-0.12,-0.38,2.11,,,,0,7,Top,100.66,171.75,,,,,8.20524324117167,-123.02337527311612,-0.88078349359483,-11.89398687771039,24.597205267797953,-33.431059082137494,3.48,1.63,98.0,88.2,73.0,84.8,1211.0,6.5,716997,641598,663993,543760,677649,608369,679881,665750,666969,54.04,0.003,0.003,0.0,1.0,0.0,0.0,3.0,53,1,Changeup,6,0,0,6,0,6,0,6,Infield shade,Standard,254.0,0.006,-0.265,75.4,8.7,0.003,0.265,88.2,6,-6,0.983,0.017,38,28,39,29,3,2,6.0,1.0,6.0,1.0,3.31,1.01,-1.01,26.5,12.191767698312775,-12.47837716403184,35.05968196027474,41.86870862850346,31.90491527359635
FF,2023-08-13,92.8,-1.27,6.32,"Ohtani, Shohei",660271,664353,field_out,hit_into_play,,,,,11.0,"Shohei Ohtani grounds out, second baseman Mauricio Dubon to first baseman Jon Singleton.",R,L,R,HOU,LAA,X,4.0,ground_ball,3,2,2023,-0.7,1.33,-0.61,3.67,,,,1,1,Top,142.57,142.5,,,,,3.203241430767041,-135.0995306018313,-3.8432957514076502,-9.308609664387443,30.77085776018624,-15.315917224397564,3.48,1.63,44.0,107.5,-3.0,91.9,2145.0,5.9,717004,455117,572138,643289,608324,666197,670541,676801,663656,54.64,0.416,0.374,0.0,1.0,0.0,0.0,4.0,2,6,4-Seam Fastball,0,0,0,0,0,0,0,0,Infield shade,Standard,207.0,0.02,-0.328,76.7,7.6,0.422,0.328,107.5,0,0,0.518,0.482,28,28,28,29,1,0,7.0,1.0,5.0,1.0,1.33,0.7,-0.7,60.0,6.751470022342412,-2.812850051659101,22.88021086250882,43.81704029621215,25.16048396510427
ST,2023-08-13,81.4,0.63,5.58,"Ohtani, Shohei",660271,656786,home_run,hit_into_play,,,,,2.0,Shohei Ohtani homers (41) on a fly ball to center field.,R,L,L,HOU,LAA,X,,fly_ball,1,0,2023,-1.28,-0.21,0.02,3.4,,,,2,6,Top,112.64,17.79,,,,,1.099190070834083,-118.43908973041113,2.2072619119306003,-12.17484218022586,25.135196304990277,-34.80273835715731,3.48,1.63,448.0,110.2,28.0,81.8,2577.0,6.8,717004,455117,572138,643289,608324,666197,670541,676801,663656,53.65,0.9765,2.0,2.0,1.0,0.0,3.0,6.0,41,2,Sweeper,0,1,1,0,2,0,2,0,Infield shade,Standard,290.0,-0.132,2.553,79.3,7.4,3.8992999999999993,-2.553,110.2,-1,1,0.383,0.617,27,28,28,29,1,2,11.0,1.0,3.0,1.0,3.68,-1.28,-1.28,44.2,29.8834926724778,8.369896286013276,23.809865454148067,38.01957713440055,26.79298927162074
FC,2023-08-12,87.3,-1.42,5.72,"Ohtani, Shohei",660271,641585,double,hit_into_play,,,,,5.0,Shohei Ohtani doubles (20) on a sharp line drive to center fielder Jake Meyers.,R,L,R,HOU,LAA,X,8.0,line_drive,0,2,2023,0.51,0.52,0.21,2.3,,,,0,6,Top,184.66,60.21,,,,,2.867633202615729,-127.19076547665578,-3.200744528641644,4.9879975492885995,23.9522921395592,-26.08598923679515,3.48,1.63,372.0,118.3,18.0,87.0,2675.0,5.9,717022,673237,572138,514888,608324,665161,676801,676694,663656,54.63,0.931,1.671,1.25,1.0,1.0,1.0,6.0,44,3,Cutter,7,1,1,7,1,7,1,7,Infield shade,Standard,138.0,-0.019,0.802,81.2,7.8,3.201,-0.802,118.3,6,-6,0.975,0.025,28,28,28,29,3,2,6.0,1.0,6.0,1.0,2.44,-0.51,0.51,41.9,10.56174569207325,-6.950922644142943,37.46448018041867,34.72318769211361,29.38113158246599
FF,2023-08-12,97.4,-1.98,5.79,"Ohtani, Shohei",660271,650556,field_out,hit_into_play,,,,,5.0,Shohei Ohtani flies out to left fielder Chas McCormick.,R,L,R,HOU,LAA,X,7.0,fly_ball,1,0,2023,-0.62,1.38,0.04,2.33,,,,2,8,Top,49.9,93.16,,,,,6.866055511432905,-141.55974478334147,-6.937673400478819,-9.918366455279108,32.824314002717955,-12.175207352627464,3.48,1.63,323.0,92.3,36.0,97.5,2344.0,6.5,717022,673237,572138,514888,608324,665161,676801,676694,663656,54.04,0.039,0.063,0.0,1.0,0.0,0.0,3.0,61,2,4-Seam Fastball,7,2,2,7,2,7,2,7,Infield shade,Standard,209.0,0.002,-0.317,77.6,7.6,0.12,0.317,92.3,5,-5,0.993,0.007,26,28,26,29,1,3,3.0,1.0,1.0,1.0,1.03,0.62,-0.62,40.4,5.2662851821054835,14.39813413692472,37.559035188505355,36.5939456851571,18.304286966265455
FF,2023-08-11,93.9,-1.29,7.13,"Ohtani, Shohei",660271,434378,single,hit_into_play,,,,,14.0,Shohei Ohtani singles on a line drive to center fielder Mauricio Dubon. Luis Rengifo to 2nd.,R,L,R,HOU,LAA,X,8.0,line_drive,1,0,2023,-0.6,1.46,1.01,2.46,,,650859.0,0,6,Top,118.97,80.77,,,,,7.231473582992671,-136.1892014333801,-9.426860996825276,-9.22205512250787,33.54966304165325,-12.015136436682472,3.48,1.64,259.0,92.6,18.0,92.6,2501.0,6.0,717037,455117,572138,514888,608324,665161,670541,643289,663656,54.51,0.555,0.557,0.9,1.0,1.0,0.0,4.0,52,2,4-Seam Fastball,10,2,2,10,2,10,2,10,Infield shade,Standard,198.0,-0.007,0.422,75.3,7.0,0.759,-0.422,92.6,8,-8,0.986,0.014,40,28,40,29,3,2,6.0,2.0,5.0,1.0,1.17,0.6,-0.6,60.5,7.607749982090427,11.313453265535616,43.40620418952251,24.499210331750614,23.86845113612154
CH,2023-08-11,86.2,-1.55,7.06,"Ohtani, Shohei",660271,434378,field_out,hit_into_play,,,,,13.0,"Shohei Ohtani grounds out, second baseman Jose Altuve to first baseman Jon Singleton.",R,L,R,HOU,LAA,X,4.0,ground_ball,2,2,2023,-1.46,0.73,-1.1,2.29,,,,1,1,Top,146.57,155.49,,,,,3.989215437155427,-125.24717848527652,-6.410679420145526,-16.169435074144786,29.012549237884148,-23.331921305083306,3.48,1.64,14.0,86.1,-9.0,84.7,1825.0,5.7,717037,455117,572138,514888,608324,665161,670541,643289,663656,54.78,0.132,0.125,0.0,1.0,0.0,0.0,2.0,2,5,Changeup,0,0,0,0,0,0,0,0,Infield shade,Standard,229.0,0.014,-0.234,62.8,8.6,0.153,0.234,88.0,0,0,0.524,0.476,40,28,40,29,1,0,6.0,2.0,5.0,1.0,2.39,1.46,-1.46,49.2,15.25491708226694,-6.655052609736605,27.802317314596245,50.69167234429099,25.789334827032736
CH,2023-08-08,86.0,1.82,4.7,"Ohtani, Shohei",660271,622072,field_out,hit_into_play,,,,,7.0,"Shohei Ohtani grounds out sharply, shortstop Thairo Estrada to first baseman LaMonte Wade Jr.",R,L,L,LAA,SF,X,6.0,ground_ball,3,2,2023,1.14,-0.12,-0.56,1.85,,,,0,7,Bot,133.91,147.1,,,,,-7.93842949684773,-124.98347143524887,-0.2709125205272897,13.585060618182045,25.23191565124598,-33.563653389942644,3.47,1.63,128.0,105.9,4.0,85.8,1758.0,6.3,717068,666165,664774,664029,605204,642731,592626,682641,624424,54.25,0.629,0.6,0.0,1.0,0.0,0.0,4.0,57,6,Changeup,5,3,5,3,3,5,5,3,Infield shade,Standard,88.0,-0.013,-0.353,72.5,7.9,0.732,0.353,105.9,2,2,0.889,0.889,32,28,32,29,2,3,8.0,1.0,4.0,1.0,3.21,1.14,1.14,18.0,2.651877448880622,8.644826219982182,36.11893345255597,44.7114528270165,19.551817789963856
CH,2023-08-08,87.4,-1.85,5.81,"Ohtani, Shohei",660271,596001,field_out,hit_into_play,,,,,11.0,Shohei Ohtani flies out to center fielder AJ Pollock.   Luis Rengifo to 3rd.,R,L,R,LAA,SF,X,8.0,fly_ball,1,1,2023,-1.05,0.39,-0.89,2.86,,650859.0,,1,2,Bot,108.94,56.02,,,,,4.482457880219071,-127.18276700318052,-1.747254690956204,-12.297868257816493,26.924644268742703,-27.852363798798734,3.47,1.63,357.0,97.0,36.0,87.6,1342.0,6.5,717068,666165,664774,642731,605204,543063,592626,572041,624424,54.02,0.21925,0.429,0.0,1.0,0.0,0.0,3.0,17,3,Changeup,4,0,4,0,0,4,4,0,Standard,Standard,232.0,-0.011,-0.276,75.3,8.1,0.8522500000000001,0.276,97.0,4,4,0.885,0.885,30,28,31,29,1,1,2.0,1.0,4.0,1.0,2.61,1.05,-1.05,33.1,16.2331046146256,0.3456260687722545,28.7751188954526,48.00349565975208,24.07074743657901
CH,2023-08-08,85.4,2.05,4.74,"Ohtani, Shohei",660271,622072,field_out,hit_into_play,,,,,8.0,Shohei Ohtani lines out sharply to right fielder Michael Conforto.,R,L,L,LAA,SF,X,9.0,line_drive,0,1,2023,1.44,0.29,-0.24,2.1,,,,0,5,Bot,170.74,75.81,,,,,-8.272398440879035,-124.1655998174084,-0.5033230574411851,16.55760539882417,24.45841241558203,-29.28071739834351,3.47,1.63,325.0,109.1,15.0,85.3,1704.0,6.2,717068,666165,664774,642731,605204,543063,592626,682641,624424,54.27,0.658,0.743,0.0,1.0,0.0,0.0,6.0,42,2,Changeup,4,3,4,3,3,4,4,3,Infield shade,Standard,92.0,-0.018,-0.223,78.2,8.5,1.145,0.223,109.1,1,1,0.705,0.705,32,28,32,29,1,2,8.0,1.0,4.0,1.0,2.84,1.44,1.44,19.1,16.28768135720935,-4.125089087512058,31.866522070301603,41.074482558378065,27.61060012912231
SI,2023-08-08,93.3,1.85,5.77,"Ohtani, Shohei",660271,518397,single,hit_into_play,,,,,12.0,Shohei Ohtani singles on a ground ball to center fielder AJ Pollock.   Luis Rengifo scores.,R,L,L,LAA,SF,X,8.0,ground_ball,3,1,2023,1.01,0.63,1.2,2.58,,650859.0,,0,1,Bot,141.05,101.87,,,,,-3.887458980487407,-135.7430364899546,-3.8044564668037344,13.332549865965763,30.531663328072675,-23.79814799634554,3.47,1.63,65.0,82.2,3.0,93.3,2265.0,6.3,717068,666165,664774,642731,605204,543063,592626,572041,624424,54.16,0.276,0.265,0.9,1.0,1.0,0.0,2.0,5,5,Sinker,0,0,0,0,0,1,1,0,Standard,Standard,134.0,0.057,0.377,71.1,6.6,0.331,-0.377,88.0,0,0,0.619,0.619,33,28,34,29,1,0,2.0,1.0,3.0,1.0,2.0,1.01,1.01,38.7,-0.7850645605841916,8.20937617756454,42.89941495808747,22.96392518890036,23.4439420167651
CH,2023-08-07,89.1,-1.31,4.84,"Ohtani, Shohei",660271,657277,double,hit_into_play,,,,,7.0,Shohei Ohtani doubles (19) on a sharp ground ball to center fielder Luis Matos.,R,L,R,LAA,SF,X,8.0,ground_ball,1,2,2023,-1.17,-0.16,-0.53,1.53,,,,0,6,Bot,154.04,74.26,,,,,4.461470650882996,-129.79742754917066,-1.818114529772154,-14.204910696597842,26.66765806557989,-33.79790401702684,3.47,1.61,134.0,106.0,6.0,90.6,1455.0,7.1,717090,672275,527038,664029,605204,642731,596103,682641,572041,53.39,0.668,0.631,1.25,1.0,1.0,1.0,4.0,42,4,Changeup,0,1,0,1,1,0,0,1,Infield shade,Standard,257.0,0.118,0.778,72.1,8.3,0.775,-0.778,106.0,-1,-1,0.386,0.386,26,28,27,29,3,2,5.0,1.0,6.0,1.0,3.02,1.17,-1.17,17.7,6.373664275710505,1.031023528977191,39.87854571172118,44.071715768860514,22.03603589660248
CH,2023-08-07,87.0,-1.26,4.9,"Ohtani, Shohei",660271,657277,field_out,hit_into_play,,,,,7.0,Shohei Ohtani grounds out to first baseman Wilmer Flores.   Randal Grichuk to 3rd.    Luis Rengifo to 2nd.,R,L,R,LAA,SF,X,3.0,ground_ball,2,2,2023,-1.2,-0.58,-0.51,2.19,,545341.0,650859.0,1,3,Bot,158.28,166.93,,,,,4.325876792480064,-126.567461325231,0.954856963877323,-13.754762773284554,27.57294043723262,-38.85861276811526,3.47,1.61,5.0,92.0,-25.0,88.0,1410.0,7.1,717090,672275,527038,664029,605204,642731,596103,682641,572041,53.42,0.103,0.096,0.0,1.0,0.0,0.0,2.0,22,5,Changeup,0,0,0,0,0,0,0,0,Standard,Standard,272.0,-0.03,-0.284,73.0,8.1,0.114,0.284,92.0,0,0,0.594,0.594,26,28,27,29,2,1,5.0,1.0,6.0,1.0,3.61,1.2,-1.2,16.3,10.847821434073344,3.2366624313180554,31.55231968231721,44.25754270730603,27.549929228338947
CH,2023-08-07,88.4,-1.37,4.92,"Ohtani, Shohei",660271,657277,single,hit_into_play,,,,,4.0,Shohei Ohtani singles on a sharp ground ball to center fielder Luis Matos.,R,L,R,LAA,SF,X,8.0,ground_ball,3,2,2023,-0.94,-0.48,-0.54,2.47,,,,1,1,Bot,122.99,120.92,,,,,4.015089712622195,-128.6119901614455,1.1464838763152525,-11.240900939678545,27.36089023712885,-37.91506560898237,3.47,1.61,26.0,111.4,-4.0,89.4,1444.0,7.0,717090,672275,527038,664029,605204,642731,596103,682641,572041,53.51,0.426,0.384,0.9,1.0,1.0,0.0,4.0,6,6,Changeup,0,0,0,0,0,0,0,0,Infield shade,Standard,270.0,0.021,0.355,79.2,7.5,0.431,-0.355,111.4,0,0,0.53,0.53,26,28,27,29,1,0,5.0,1.0,6.0,1.0,3.4,0.94,-0.94,17.3,2.642594544153495,13.029793256046055,32.42907890825638,44.66022439512852,15.429863594712293
SL,2023-08-07,73.7,-3.85,1.0,"Ohtani, Shohei",660271,643511,field_out,hit_into_play,,,,,2.0,Shohei Ohtani flies out sharply to right fielder AJ Pollock.,R,L,R,LAA,SF,X,9.0,fly_ball,1,1,2023,0.49,1.63,0.1,3.36,,,650859.0,1,7,Bot,187.21,96.9,,,,,7.11394649752077,-106.68592127205083,9.31734869201216,2.4110202564773577,19.56759981954545,-21.810033627261905,3.47,1.61,294.0,106.2,54.0,72.9,2332.0,6.1,717090,672275,527038,664029,605204,642731,596103,682641,572041,54.39,0.021,0.028,0.0,1.0,0.0,0.0,3.0,56,3,Slider,3,2,3,2,2,3,3,2,Standard,Standard,120.0,-0.024,-0.24,77.1,7.7,0.053,0.24,106.2,1,1,0.789,0.789,32,28,33,29,1,3,5.0,1.0,8.0,1.0,2.63,-0.49,0.49,-61.5,22.5676124892792,-19.748936186896877,30.71444224140926,36.630483955477295,40.57961549913568
FF,2023-08-06,97.3,-0.96,5.63,"Ohtani, Shohei",660271,682243,single,hit_into_play,,,,,6.0,Shohei Ohtani singles on a sharp line drive to center fielder Julio Rodriguez.,R,L,R,LAA,SEA,X,8.0,line_drive,1,0,2023,-0.37,1.52,0.3,2.19,,,,1,1,Bot,140.61,69.74,,,,,4.235194142150779,-141.49609094219514,-7.151920297792458,-5.963179335696712,32.38156953681596,-10.29106472373388,3.47,1.61,276.0,105.6,15.0,97.0,2549.0,6.2,717101,663728,645801,668942,553993,641487,687799,677594,686527,54.33,0.666,0.749,0.9,1.0,1.0,0.0,5.0,7,2,4-Seam Fastball,0,1,0,1,1,0,0,1,Infield shade,Standard,208.0,0.023,0.377,85.4,8.1,1.105,-0.377,105.6,-1,-1,0.427,0.427,24,28,25,29,1,0,5.0,1.0,7.0,1.0,0.89,0.37,-0.37,41.8,10.53316552785221,1.933359951436483,41.15117731953564,34.01603958554601,22.51191353393206
CH,2023-08-06,88.1,-2.17,4.9,"Ohtani, Shohei",660271,623437,field_out,hit_into_play,,,,,13.0,"Shohei Ohtani grounds out, second baseman Josh Rojas to first baseman Mike Ford.",R,L,R,LAA,SEA,X,4.0,ground_ball,3,1,2023,-1.71,-0.16,-0.9,2.28,,,,1,8,Bot,164.67,172.52,,,,,6.6262699427340666,-128.04855988015288,0.1453992828563577,-20.192756066501197,28.12661078424908,-34.23199646754759,3.47,1.61,14.0,86.6,-8.0,87.8,2168.0,6.3,717101,663728,645801,668942,553993,641487,687799,677594,686527,54.19,0.147,0.145,0.0,1.0,0.0,0.0,2.0,60,5,Changeup,2,2,2,2,2,2,2,2,Infield shade,Standard,348.0,-0.054,-0.432,75.2,8.4,0.156,0.432,88.0,0,0,0.58,0.58,32,28,32,29,1,3,2.0,1.0,3.0,1.0,3.12,1.71,-1.71,10.6,19.453962713633253,-0.0129577540479125,30.128600697728984,48.81874172832717,29.25731833456793
KC,2023-08-05,80.1,-1.31,5.75,"Ohtani, Shohei",660271,669923,field_out,hit_into_play,,,,,1.0,Shohei Ohtani lines out sharply to right fielder Teoscar Hernandez.,R,L,R,LAA,SEA,X,9.0,line_drive,3,2,2023,0.83,-1.0,-0.34,2.9,,,,0,4,Bot,186.84,77.75,,,,,0.5629589087199367,-116.54876770113523,2.355343183412681,7.390947744565007,22.817897173408184,-41.9507499955868,3.45,1.6,336.0,107.3,17.0,80.4,2117.0,6.6,717109,608596,664034,676609,553993,641487,664238,677594,606192,53.94,0.4417857142857143,0.6355714285714285,0.0,1.0,0.0,0.0,6.0,27,7,Knuckle Curve,1,2,1,2,2,1,1,2,Infield shade,Standard,45.0,-0.037,-0.353,77.4,,1.1255,0.353,107.3,-1,-1,0.435,0.435,25,28,25,29,2,1,5.0,1.0,7.0,1.0,4.57,-0.83,0.83,35.1,16.16372747625413,-3.2510554003963215,30.62604768797374,41.36188180885685,28.855915973848425
FF,2023-08-05,97.4,-1.32,6.11,"Ohtani, Shohei",660271,669923,grounded_into_double_play,hit_into_play,,,,,9.0,"Shohei Ohtani grounds into a double play, second baseman Jose Caballero to shortstop J.  P. Crawford to first baseman Ty France.   Luis Rengifo out at 2nd.    Shohei Ohtani out at 1st.",R,L,R,LAA,SEA,X,4.0,ground_ball,1,2,2023,-0.69,1.29,0.7,2.12,,,650859.0,0,1,Bot,135.51,176.43,,,,,7.005173153778192,-141.43202865264658,-8.141401546085467,-10.938973974018486,33.06734365453659,-13.166294953871294,3.45,1.6,12.0,89.3,-9.0,97.2,2138.0,6.3,717109,608596,664034,676609,553993,641487,664238,677594,606192,54.15,0.15,0.161,0.0,1.0,0.0,0.0,2.0,6,5,4-Seam Fastball,0,0,0,0,0,0,0,0,Infield shade,Standard,217.0,-0.065,-0.279,77.6,7.5,0.155,0.279,89.3,0,0,0.575,0.575,25,28,25,29,1,0,5.0,1.0,7.0,1.0,1.13,0.69,-0.69,36.8,-0.7425552194454006,7.310221461908996,44.56896197943328,29.13746012934868,19.99822694506133
FF,2023-08-04,96.0,-2.22,5.17,"Ohtani, Shohei",660271,622491,double,hit_into_play,,,,,5.0,Shohei Ohtani doubles (18) on a sharp line drive to left fielder Dylan Moore.,R,L,R,LAA,SEA,X,7.0,line_drive,0,0,2023,-0.8,1.16,0.2,2.48,,,,2,4,Bot,73.33,60.5,,,,,8.094516639420268,-139.6271851098171,-4.092010463047238,-12.277884071175244,31.32770776842008,-16.23184272170011,3.45,1.6,367.0,105.1,19.0,94.8,2135.0,5.6,717130,608596,664034,676609,553993,641487,664238,677594,606192,54.92,0.4751621621621622,0.7334594594594595,1.25,1.0,1.0,1.0,6.0,41,1,4-Seam Fastball,5,7,5,7,7,5,5,7,Infield shade,Standard,233.0,0.027,0.575,79.4,7.4,1.32227027027027,-0.575,105.1,-2,-2,0.262,0.262,30,28,31,29,3,2,5.0,1.0,7.0,1.0,1.31,0.8,-0.8,19.2,4.5182334414764185,6.372691477299996,40.292369243908034,33.46013989499572,20.70948062384025
FF,2023-08-03,96.2,-1.66,6.47,"Ohtani, Shohei",660271,663462,home_run,hit_into_play,,,,,6.0,Shohei Ohtani homers (40) on a fly ball to right center field.,R,L,R,LAA,SEA,X,,fly_ball,2,2,2023,-0.3,1.58,0.52,2.5,,,,1,8,Bot,199.87,59.08,,,,,6.5070737621149295,-139.73542296374276,-8.56117236226545,-5.464672828411448,32.03712692515763,-9.659818095003534,3.47,1.61,390.0,106.7,23.0,96.5,2502.0,6.6,717144,663728,664034,664238,553993,641487,687799,677594,686527,53.88,0.8518750000000003,1.6155178571428572,2.0,1.0,0.0,3.0,6.0,60,6,4-Seam Fastball,2,1,2,1,1,3,3,1,Infield shade,Standard,209.0,0.08,1.616,81.8,7.7,3.169696428571428,-1.616,106.7,1,1,0.852,0.852,25,28,26,29,1,3,3.0,1.0,3.0,1.0,0.89,0.3,-0.3,47.7,9.954556190111974,-2.429174201156481,39.7865896619865,30.81945736940492,28.379039149536712
SL,2023-08-03,88.6,-1.46,4.88,"Ohtani, Shohei",660271,693433,single,hit_into_play,,,,,6.0,Shohei Ohtani singles on a line drive to right fielder Dominic Canzone.,R,L,R,LAA,SEA,X,9.0,line_drive,0,0,2023,0.6,0.38,0.79,2.67,,,,1,1,Bot,148.19,108.64,,,,,4.291918886224352,-128.94936534071908,-0.0843951061315145,5.649576063381671,29.046474675703205,-28.135222177843936,3.47,1.61,185.0,87.6,13.0,89.2,2273.0,6.8,717144,663728,664034,668942,553993,641487,687799,677594,686527,53.68,0.897,0.841,0.9,1.0,1.0,0.0,4.0,7,1,Slider,0,0,0,0,0,0,0,0,Infield shade,Standard,159.0,0.025,0.416,74.6,,1.02,-0.416,88.0,0,0,0.526,0.526,23,28,23,29,1,0,5.0,1.0,19.0,1.0,2.54,-0.6,0.6,31.3,0.6678781196497481,12.155523980377389,38.99072988626195,28.00882834293959,25.671883347049828
SI,2023-08-02,91.1,-1.02,6.53,"Ohtani, Shohei",660271,630023,single,hit_into_play,,,,,4.0,Shohei Ohtani singles on a ground ball to right fielder Ronald Acuna Jr.  Luis Rengifo to 3rd.,R,L,R,ATL,LAA,X,9.0,ground_ball,0,0,2023,-1.33,0.47,-0.38,2.39,,,650859.0,0,6,Top,150.77,108.27,,,,,4.4662742387369985,-132.57198857898985,-5.595040506113168,-16.715932396409514,25.803347251062743,-25.624785862487244,3.49,1.64,73.0,106.5,3.0,91.6,1980.0,6.4,717165,518595,621566,645277,663586,606115,592696,671739,660670,54.14,0.584,0.551,0.9,1.0,1.0,0.0,4.0,46,1,Sinker,9,1,1,9,1,9,1,9,Standard,Strategic,225.0,-0.01,0.452,82.1,8.0,0.673,-0.452,106.5,8,-8,0.987,0.013,29,28,30,29,3,2,5.0,1.0,6.0,1.0,2.25,1.33,-1.33,41.1,11.498673332395777,4.752094468261193,34.338096924756314,41.36698140383105,23.43605038457741
FS,2023-08-02,85.8,-0.71,6.93,"Ohtani, Shohei",660271,630023,single,hit_into_play,,,,,1.0,Shohei Ohtani singles on a sharp line drive to right fielder Ronald Acuna Jr.,R,L,R,ATL,LAA,X,9.0,line_drive,2,2,2023,-0.49,0.82,-0.71,3.29,,,,1,1,Top,179.1,81.94,,,,,0.9919265965731914,-124.904624471354,-4.037383038376305,-5.27861268541921,25.27042954133941,-22.97745299275999,3.49,1.64,220.0,114.0,12.0,86.1,999.0,6.4,717165,518595,621566,645277,663586,606115,592696,671739,660670,54.06,0.868,0.941,0.9,1.0,1.0,0.0,6.0,2,7,Split-Finger,0,0,0,0,0,0,0,0,Infield shade,Strategic,231.0,-0.026,0.449,82.7,8.3,1.322,-0.449,114.0,0,0,0.524,0.476,29,28,30,29,1,0,5.0,1.0,6.0,1.0,2.27,0.49,-0.49,49.0,20.222519690535805,-2.318884745660635,26.310430205726828,44.2229188911604,28.51482967386331
FF,2023-08-01,98.1,-1.86,5.94,"Ohtani, Shohei",660271,675911,single,hit_into_play,,,,,6.0,Shohei Ohtani singles on a ground ball to shortstop Orlando Arcia.,R,L,R,ATL,LAA,X,6.0,ground_ball,1,1,2023,-0.5,1.48,0.43,2.67,,,,0,6,Top,118.84,141.52,,,,,7.472378730264129,-142.65925143129607,-6.929946649650114,-8.42948266571239,30.25543831725875,-10.515234138734076,3.48,1.63,70.0,92.3,2.0,99.9,2267.0,7.1,717176,669221,621566,645277,663586,606115,607680,671739,660670,53.36,0.4,0.379,0.9,1.0,1.0,0.0,2.0,40,3,4-Seam Fastball,2,1,1,2,1,2,1,2,Strategic,Standard,200.0,-0.062,0.443,70.5,6.8,0.464,-0.443,92.3,1,-1,0.662,0.3379999999999999,24,28,25,29,3,2,6.0,1.0,6.0,1.0,0.88,0.5,-0.5,49.8,-1.1065929729043458,16.01986598771027,37.29069072707198,31.226203449176285,15.162391453128729
FF,2023-08-01,95.0,2.39,5.84,"Ohtani, Shohei",660271,621345,field_out,hit_into_play,,,,,14.0,Shohei Ohtani grounds out to first baseman Matt Olson.,R,L,L,ATL,LAA,X,3.0,ground_ball,3,2,2023,0.55,1.33,0.87,2.1,,,,0,8,Top,159.97,165.13,,,,,-5.216187931490028,-138.1621564516933,-7.1364322639846,8.123297292188205,29.29920537422256,-13.795564503387476,3.48,1.63,6.0,104.8,-20.0,95.2,2444.0,6.4,717176,669221,621566,645277,663586,606115,592696,671739,660670,54.15,0.192,0.189,0.0,1.0,0.0,0.0,2.0,58,7,4-Seam Fastball,5,1,1,5,1,5,1,5,Strategic,Strategic,156.0,0.017,-0.353,85.9,7.7,0.217,0.353,104.8,4,-4,0.96,0.04,29,28,30,29,1,3,1.0,1.0,4.0,1.0,1.19,0.55,0.55,40.9,12.641258698172225,-3.7800166276146263,42.20338136855075,28.326705559557777,26.383123725760463
FF,2023-07-31,95.2,-2.31,5.48,"Ohtani, Shohei",660271,450203,single,hit_into_play,,,,,1.0,Shohei Ohtani singles on a sharp line drive to right fielder Ronald Acuna Jr.  Luis Rengifo to 2nd.,R,L,R,ATL,LAA,X,9.0,line_drive,0,0,2023,-0.84,0.8,-0.4,3.16,,,650859.0,2,4,Top,160.21,94.72,,,,,6.877785152823178,-138.62980484794406,-2.272100630559337,-12.361928269325318,28.122785066826868,-21.544786255284876,3.48,1.63,164.0,113.3,9.0,95.2,2256.0,6.1,717187,518595,621566,645277,663586,606115,592696,671739,660670,54.45,0.85,0.857,0.9,1.0,1.0,0.0,5.0,29,1,4-Seam Fastball,0,2,2,0,2,0,2,0,Standard,Standard,237.0,-0.016,0.368,76.6,7.8,1.138,-0.368,113.3,-2,2,0.292,0.708,39,28,40,29,3,2,6.0,1.0,6.0,1.0,1.7,0.84,-0.84,20.7,9.907768193300974,-0.4327001499873688,28.07030160073264,40.8339831632682,22.463576099858923
FF,2023-07-31,95.6,-1.03,5.89,"Ohtani, Shohei",660271,678226,field_out,hit_into_play,,,,,2.0,Shohei Ohtani flies out sharply to center fielder Michael Harris II.   Chad Wallach to 3rd.    Luis Rengifo to 2nd.,R,L,R,ATL,LAA,X,8.0,fly_ball,0,2,2023,-0.82,1.39,0.12,3.11,,595453.0,650859.0,0,9,Top,132.69,35.09,,,,,4.917184123499361,-139.22174525282327,-4.8719638925330715,-11.776905375022052,29.11269649085813,-13.229132654434268,3.48,1.63,405.0,101.2,36.0,96.3,2370.0,6.5,717187,518595,621566,645277,663586,606115,592696,671739,660670,54.02,0.4272692307692309,0.8278076923076926,0.0,1.0,0.0,0.0,5.0,68,3,4-Seam Fastball,1,3,3,1,3,1,3,1,Standard,Strategic,217.0,-0.007,-0.118,81.0,7.5,1.634076923076923,0.118,101.2,-2,2,0.054,0.946,26,28,27,29,1,4,2.0,1.0,72.0,1.0,1.09,0.82,-0.82,41.4,11.432942864864756,1.216077062131121,32.26627281911131,34.19988272369395,26.078130840992618
FC,2023-07-31,91.2,2.18,5.71,"Ohtani, Shohei",660271,621345,single,hit_into_play,,,,,4.0,Shohei Ohtani singles on a ground ball to right fielder Ronald Acuna Jr.,R,L,L,ATL,LAA,X,9.0,ground_ball,2,2,2023,-0.52,0.41,-0.76,2.28,,,,0,7,Top,148.09,84.12,,,,,-6.284404617911082,-132.8175818026103,-3.666930583591839,-4.937970548648732,26.178850854129404,-26.765736388940628,3.48,1.63,152.0,96.9,8.0,91.7,2572.0,6.4,717187,518595,621566,645277,663586,606115,592696,671739,660670,54.13,0.653,0.59,0.9,1.0,1.0,0.0,4.0,52,6,Cutter,1,3,3,1,3,1,3,1,Infield shade,Strategic,206.0,-0.025,0.459,,,0.704,-0.459,96.9,-2,2,0.187,0.813,29,28,30,29,1,3,23.0,1.0,1.0,1.0,2.31,-0.52,-0.52,40.8,,,,,
CH,2023-07-30,80.5,-2.09,5.32,"Ohtani, Shohei",660271,621244,single,hit_into_play,,,,,11.0,Shohei Ohtani singles on a line drive to left fielder Whit Merrifield.,R,L,R,TOR,LAA,X,7.0,line_drive,0,1,2023,-1.36,0.26,-1.21,2.81,,,,0,3,Top,69.09,88.46,,,,,4.551965675982534,-117.2679245322858,0.5214966619945611,-13.399599880267088,19.304362928277,-30.038126224142964,3.48,1.64,229.0,95.0,11.0,81.3,1252.0,6.5,717201,643376,665489,669289,656305,666182,593160,662139,543807,54.04,0.855,0.814,0.9,1.0,1.0,0.0,4.0,20,2,Changeup,0,0,0,0,0,0,0,0,Infield shade,Standard,259.0,-0.045,0.474,66.9,7.6,1.009,-0.474,95.0,0,0,0.504,0.496,29,28,29,29,2,1,6.0,1.0,6.0,1.0,3.21,1.36,-1.36,37.3,6.928106045016953,19.464139912745768,23.07632083836799,51.1628973572094,11.474458054624662
CH,2023-07-30,85.7,-2.31,5.58,"Ohtani, Shohei",660271,621244,field_out,hit_into_play,,,,,7.0,Shohei Ohtani flies out to left fielder Whit Merrifield.,R,L,R,TOR,LAA,X,7.0,fly_ball,0,2,2023,-1.26,0.52,-0.54,1.61,,,650859.0,0,1,Top,58.37,116.19,,,,,6.724703307682749,-124.70557164714644,-4.243981701125662,-14.428709473403693,20.77700588879101,-26.172125090511926,3.48,1.64,265.0,86.0,46.0,86.3,1575.0,6.3,717201,643376,665489,669289,656305,666182,593160,662139,543807,54.23,0.008,0.007,0.0,1.0,0.0,0.0,3.0,2,3,Changeup,0,0,0,0,0,0,0,0,Infield shade,Standard,251.0,0.022,-0.162,71.0,8.1,0.009,0.162,88.0,0,0,0.476,0.524,29,28,29,29,1,0,6.0,1.0,6.0,1.0,2.55,1.26,-1.26,40.6,11.069082618670716,6.606728283701934,37.91498265586881,41.49630593988141,26.684789083506303
FC,2023-07-30,92.1,1.79,5.75,"Ohtani, Shohei",660271,650893,field_out,hit_into_play,,,,,8.0,"Shohei Ohtani grounds out sharply, second baseman Santiago Espinal to first baseman Vladimir Guerrero Jr.",R,L,L,TOR,LAA,X,4.0,ground_ball,3,2,2023,-0.04,0.38,0.1,2.03,,,,1,7,Top,141.82,152.46,,,,,-4.204209850173475,-134.12056592240302,-4.4382632870269125,0.4702781567183823,28.673145875331056,-26.840374912088517,3.48,1.64,16.0,111.0,-6.0,91.7,2207.0,6.0,717201,643376,665489,669289,656305,666182,593160,662139,543807,54.5,0.442,0.419,0.0,1.0,0.0,0.0,2.0,54,6,Cutter,1,1,1,1,1,1,1,1,Infield shade,Standard,164.0,0.035,-0.328,78.7,7.8,0.493,0.328,111.0,0,0,0.533,0.4669999999999999,26,28,27,29,1,3,1.0,1.0,2.0,1.0,2.3,-0.04,-0.04,42.1,8.184932520180443,3.444819177513961,35.65171768270235,36.614034735042864,24.97687460679859
SI,2023-07-29,94.1,-2.04,6.0,"Ohtani, Shohei",660271,666201,double,hit_into_play,,,,,8.0,Shohei Ohtani doubles (17) on a sharp ground ball to right fielder George Springer.,R,L,R,TOR,LAA,X,9.0,ground_ball,1,1,2023,-1.27,0.82,0.03,1.64,,,,0,3,Top,174.62,75.95,,,,,8.252615772814414,-136.6837847693335,-7.453520755033885,-17.71512485447359,29.69840722180623,-20.418053455014956,3.5,1.64,121.0,113.6,4.0,94.8,2312.0,6.8,717222,672386,665489,669289,656305,666182,593160,595281,543807,53.73,0.655,0.629,1.25,1.0,1.0,1.0,4.0,19,3,Sinker,0,0,0,0,0,0,0,0,Infield shade,Standard,214.0,-0.069,0.717,77.3,7.9,0.796,-0.717,113.6,0,0,0.501,0.499,25,28,25,29,2,1,6.0,1.0,6.0,1.0,1.76,1.27,-1.27,41.6,4.307468397503762,5.762169993279182,41.534996817649045,36.93638901234939,24.25783567754218
FS,2023-07-28,86.7,-2.6,5.56,"Ohtani, Shohei",660271,592332,single,hit_into_play,,,,,13.0,Shohei Ohtani singles on a line drive to left fielder Daulton Varsho.,R,L,R,TOR,LAA,X,7.0,line_drive,1,2,2023,-1.24,0.23,-1.17,1.95,,,,1,6,Top,94.91,100.45,,,,,5.974986685392395,-126.19864810946024,-2.932625055024147,-14.45328433334156,25.102300323800964,-29.304679834362208,3.5,1.64,226.0,73.8,22.0,87.0,1630.0,6.4,717235,643376,665489,593160,656305,666182,662139,595281,543807,54.06,0.968,0.887,0.9,1.0,1.0,0.0,4.0,39,4,Split-Finger,2,1,1,2,1,2,1,2,Infield shade,Standard,240.0,-0.048,0.495,71.9,8.5,1.037,-0.495,88.0,1,-1,0.703,0.297,32,28,32,29,3,2,6.0,1.0,6.0,1.0,2.79,1.24,-1.24,35.3,13.029238376438174,-5.405351512992063,33.08938890528873,49.90362356988243,24.702319311578613
SI,2023-07-28,95.3,1.71,6.18,"Ohtani, Shohei",660271,641835,field_out,hit_into_play,,,,,5.0,"Shohei Ohtani grounds out, shortstop Bo Bichette to first baseman Vladimir Guerrero Jr.",R,L,L,TOR,LAA,X,6.0,ground_ball,3,2,2023,1.34,0.74,0.03,2.39,,,,0,8,Top,119.87,149.38,,,,,-7.457418094113963,-138.43334332028667,-5.9660836286609,18.97030870107416,31.82944567501352,-21.50235504777826,3.5,1.64,19.0,104.8,-6.0,95.4,2137.0,6.5,717235,643376,665489,593160,656305,666182,662139,595281,543807,54.0,0.389,0.367,0.0,1.0,0.0,0.0,2.0,60,7,Sinker,4,1,1,4,1,4,1,4,Standard,Standard,129.0,0.029,-0.353,75.1,7.1,0.43,0.353,104.8,3,-3,0.922,0.0779999999999999,31,28,31,29,1,3,2.0,1.0,2.0,1.0,1.79,1.34,1.34,38.5,-6.097314551506036,18.354999334679334,34.88492684710402,39.47841567595477,15.216983307424153
FF,2023-07-28,93.4,-2.48,5.8,"Ohtani, Shohei",660271,592332,home_run,hit_into_play,,,,,8.0,Shohei Ohtani homers (39) on a fly ball to right field.,R,L,R,TOR,LAA,X,,fly_ball,0,0,2023,-0.91,1.33,0.16,2.17,,,,1,1,Top,219.1,67.25,,,,,8.787545838682535,-135.57800682748908,-6.492410698241658,-13.1801242239965,30.17417694853821,-14.449775442894742,3.5,1.64,397.0,103.5,28.0,93.3,2233.0,6.4,717235,643376,665489,593160,656305,666182,662139,595281,543807,54.09,0.8087288135593225,1.5994067796610176,2.0,1.0,0.0,3.0,6.0,2,1,4-Seam Fastball,0,0,0,0,1,0,1,0,Infield shade,Standard,218.0,-0.098,1.583,87.8,8.1,3.1789322033898295,-1.583,103.5,0,0,0.522,0.478,32,28,32,29,1,0,6.0,1.0,6.0,1.0,1.3,0.91,-0.91,40.8,19.813699839502476,-10.9539781272607,40.27976947140619,33.714457617923124,34.831886226775026
FF,2023-07-27,93.9,-1.67,5.59,"Ohtani, Shohei",660271,547179,field_out,hit_into_play,,,,,1.0,Shohei Ohtani flies out to left fielder Akil Baddoo.,R,L,R,DET,LAA,X,7.0,fly_ball,1,0,2023,-0.92,1.42,-0.43,3.03,,,,2,5,Top,36.98,107.56,,,,,5.19082856321719,-136.78977035187933,-4.103866166093016,-12.655179960750544,26.80693124159089,-13.582956211582852,3.49,1.64,314.0,95.1,43.0,93.6,2464.0,5.8,717243,606992,679529,670097,656716,595879,668731,682985,663837,54.71,0.018,0.033,0.0,1.0,0.0,0.0,3.0,32,2,4-Seam Fastball,0,3,3,0,3,0,3,0,Infield shade,Standard,221.0,0.008,-0.317,79.4,7.5,0.067,0.317,95.1,-3,3,0.184,0.8160000000000001,31,28,31,29,3,2,7.0,2.0,7.0,0.0,1.14,0.92,-0.92,40.9,4.999387917356609,12.025966201067872,28.091621394044676,42.37633792288865,18.56889220178074
FF,2023-07-27,94.8,-1.54,5.26,"Ohtani, Shohei",660271,666159,home_run,hit_into_play,,,,,5.0,Shohei Ohtani homers (38) on a fly ball to center field.,R,L,R,DET,LAA,X,,fly_ball,3,1,2023,-0.15,1.32,0.18,2.41,,,,2,4,Top,169.42,28.27,,,,,4.894517688129693,-137.87860393236866,-4.7577621790913405,-2.9610463275523675,31.27278690967224,-14.502189460595398,3.49,1.64,435.0,116.9,22.0,96.0,2298.0,7.1,717247,668670,679529,628451,670097,595879,656716,663837,681481,53.45,0.982,2.0,2.0,1.0,0.0,3.0,6.0,34,5,4-Seam Fastball,2,6,6,2,7,2,7,2,Infield shade,Standard,206.0,-0.047,2.441,83.4,7.8,3.7596666666666665,-2.441,116.9,-4,4,0.137,0.863,25,28,25,29,3,2,5.0,0.0,5.0,1.0,1.22,0.15,-0.15,44.0,14.59202424290524,3.791803861846959,38.474555460081135,35.705823392914496,25.766968657895283
CU,2023-07-27,79.6,2.49,4.88,"Ohtani, Shohei",660271,656657,field_out,hit_into_play,,,,,8.0,"Shohei Ohtani grounds out, second baseman Zack Short to first baseman Spencer Torkelson.",R,L,L,DET,LAA,X,4.0,ground_ball,0,0,2023,-0.54,-0.1,-0.13,1.99,,,,2,9,Top,156.85,152.42,,,,,-4.6481501304447015,-115.93112753754625,0.4834850204018572,-4.149049888136826,19.064227231843425,-33.37815851759613,3.49,1.64,39.0,83.5,0.0,78.8,2263.0,5.4,717243,606992,679529,670097,656716,595879,668731,682985,663837,55.11,0.208,0.215,0.0,1.0,0.0,0.0,2.0,64,1,Curveball,0,6,6,0,6,0,6,0,Infield shade,Standard,244.0,0.0,-0.275,76.6,7.9,0.211,0.275,88.0,-6,6,0.003,0.997,27,28,27,29,2,4,22.0,2.0,,0.0,3.66,-0.54,-0.54,16.3,11.96979775724096,-10.445296444404768,35.284379437996435,40.62604174767977,33.35183028401766
FF,2023-07-27,94.2,-1.4,5.28,"Ohtani, Shohei",660271,666159,home_run,hit_into_play,,,,,8.0,Shohei Ohtani homers (37) on a fly ball to left field.   Zach Neto scores.,R,L,R,DET,LAA,X,,fly_ball,2,2,2023,-0.17,1.32,0.04,2.08,,,687263.0,2,2,Top,39.08,70.53,,,,,4.180549273132657,-137.22196280454665,-5.718511648130127,-2.951207716526999,26.357457727271452,-14.433564915740115,3.49,1.64,383.0,107.6,25.0,96.4,2102.0,7.2,717247,668670,679529,628451,670097,595879,656716,663837,681481,53.29,0.942757575757576,1.875545454545455,2.0,1.0,0.0,3.0,6.0,15,7,4-Seam Fastball,0,3,3,0,5,0,5,0,Infield shade,Standard,199.0,-0.118,2.263,80.1,7.7,3.732848484848485,-2.263,107.6,-3,3,0.24,0.76,25,28,25,29,2,1,5.0,0.0,5.0,1.0,1.22,0.17,-0.17,44.7,4.909961087397181,7.985155639517296,38.49908640031754,36.859535745178086,19.671814716923308
FF,2023-07-27,94.7,-1.87,5.56,"Ohtani, Shohei",660271,547179,field_out,hit_into_play,,,,,2.0,Shohei Ohtani flies out sharply to center fielder Riley Greene.,R,L,R,DET,LAA,X,8.0,fly_ball,0,0,2023,-1.12,1.32,-0.17,3.31,,,,1,3,Top,108.34,82.17,,,,,6.865889738545654,-137.71611711821367,-3.119664311657575,-15.753312982105095,30.99967962589282,-14.83198301218936,3.49,1.64,295.0,106.8,53.0,93.7,2433.0,5.8,717243,606992,679529,670097,656716,595879,668731,682985,663837,54.73,0.029,0.035,0.0,1.0,0.0,0.0,3.0,17,1,4-Seam Fastball,0,1,1,0,1,0,1,0,Infield shade,Standard,221.0,0.016,-0.267,83.7,7.8,0.07,0.267,106.8,-1,1,0.41,0.5900000000000001,31,28,31,29,2,1,7.0,2.0,7.0,0.0,1.22,1.12,-1.12,38.2,14.605646553308665,-1.849495144546828,27.621725838332544,38.75546463735916,27.32491385970471
,2023-07-25,,,,"Ohtani, Shohei",660271,593958,field_out,hit_into_play,,,,,,Shohei Ohtani lines out to left fielder Akil Baddoo.,R,L,L,DET,LAA,X,7.0,line_drive,0,1,2023,,,,,,,,1,3,Top,84.34,128.01,,,,,,,,,,,,,,,,,,,717265,668670,679529,670097,656716,595879,668731,682985,663837,,,,0.0,,0.0,0.0,,20,2,,0,2,2,0,2,0,2,0,,,,0.011,-0.227,,,,0.227,,-2,2,0.308,0.692,30,28,30,29,2,1,6.0,2.0,8.0,2.0,,,,,,,,,
FC,2023-07-23,92.2,-2.02,5.85,"Ohtani, Shohei",660271,656605,home_run,hit_into_play,,,,,9.0,Shohei Ohtani homers (36) on a line drive to center field.,R,L,R,LAA,PIT,X,,line_drive,3,2,2023,0.02,0.45,0.51,2.0,,,,1,1,Bot,119.09,33.41,,,,,6.447941099219007,-134.04811080114766,-4.9442479335625205,-1.1890551755891376,30.91775479800563,-25.82201716721436,3.5,1.64,410.0,112.9,19.0,92.9,2570.0,6.9,717278,595978,467793,693304,669707,678894,656582,668804,680779,53.62,0.9298181818181818,1.6890909090909092,2.0,1.0,0.0,3.0,6.0,8,7,Cutter,0,1,0,1,1,1,1,1,Infield shade,Standard,172.0,0.098,1.522,81.9,7.7,3.2378181818181817,-1.522,112.9,-1,-1,0.428,0.428,27,28,27,29,1,0,5.0,1.0,5.0,2.0,2.25,-0.02,0.02,38.3,10.29928370403357,2.322877861115632,43.31780309518075,32.41131115844198,26.22838421384238
SL,2023-07-22,84.9,0.65,6.41,"Ohtani, Shohei",660271,669796,field_out,hit_into_play,,,,,2.0,Shohei Ohtani lines out sharply to center fielder Bryan Reynolds.,R,L,L,LAA,PIT,X,8.0,line_drive,0,0,2023,-0.07,0.14,0.11,3.34,,,650859.0,2,5,Bot,140.7,62.15,,,,,-1.136342837559596,-123.62683832333522,-1.1103182462419887,-0.4906284917027266,25.813768001120803,-30.74166172258344,3.5,1.64,342.0,101.6,20.0,84.5,1964.0,6.1,717297,682848,467793,693304,669707,678894,656582,668804,680779,54.42,0.3979999999999999,0.6239473684210527,0.0,1.0,0.0,0.0,5.0,44,1,Slider,0,2,0,2,2,0,0,2,Infield shade,Standard,185.0,-0.031,-0.286,76.6,7.2,1.1214736842105264,0.286,101.6,-2,-2,0.252,0.252,25,28,26,29,1,2,1.0,1.0,6.0,1.0,3.03,-0.07,-0.07,53.5,10.371914448000284,3.425031380177518,26.935701938546693,36.46838986844335,26.39077600438692
CH,2023-07-18,84.7,-1.64,5.64,"Ohtani, Shohei",660271,593334,triple,hit_into_play,,,,,8.0,Shohei Ohtani triples (7) on a sharp ground ball to right fielder Giancarlo Stanton.   Zach Neto scores.,R,L,R,LAA,NYY,X,9.0,ground_ball,1,0,2023,-1.26,0.78,0.07,1.95,,,687263.0,1,5,Bot,146.43,178.67,,,,,6.488240326905455,-123.25103723341546,-3.8502604004668775,-14.147688399146167,23.720279465900266,-23.688722238033176,3.49,1.63,77.0,110.5,3.0,84.6,2296.0,6.2,717352,543309,518934,650402,672724,683011,643396,664056,519317,54.34,0.632,0.602,1.6,1.0,1.0,2.0,4.0,39,2,Changeup,3,1,3,1,1,4,4,1,Infield shade,Standard,228.0,0.093,1.103,83.0,8.3,0.731,-1.103,110.5,2,2,0.815,0.815,30,28,31,29,3,2,9.0,1.0,7.0,1.0,2.39,1.26,-1.26,35.0,16.367420055051245,-4.490394576426919,39.97486140542432,35.551738106879675,32.331021509794844
CH,2023-07-17,87.1,-1.74,5.8,"Ohtani, Shohei",660271,622663,double,hit_into_play,,,,,1.0,"Shohei Ohtani doubles (16) on a sharp line drive to center fielder Harrison Bader. Zach Neto out at home on the throw, center fielder Harrison Bader to shortstop Anthony Volpe to catcher Jose Trevino.",R,L,R,LAA,NYY,X,8.0,line_drive,0,1,2023,-1.2,0.82,-0.59,2.98,,,687263.0,1,3,Bot,84.75,52.2,,,,,5.2913885931317015,-126.7368084566909,-2.3130996620237623,-13.98469757769848,25.38452106345531,-23.062080087397725,3.49,1.64,377.0,111.7,17.0,88.1,1647.0,6.9,717369,624431,519203,650402,672724,683011,643396,664056,665828,53.6,0.6481538461538462,1.0394615384615382,1.25,1.0,1.0,1.0,6.0,24,2,Changeup,0,0,0,0,0,0,0,0,Infield shade,Standard,242.0,-0.015,0.843,74.3,7.4,1.903076923076923,-0.843,111.7,0,0,0.553,0.553,29,28,29,29,2,1,11.0,1.0,6.0,1.0,2.18,1.2,-1.2,36.5,2.8185278043511524,15.546807112461538,29.063310036894023,42.898404799218454,19.324155378139174
FF,2023-07-17,96.9,-2.34,5.77,"Ohtani, Shohei",660271,650633,home_run,hit_into_play,,,,,4.0,Shohei Ohtani homers (35) on a fly ball to center field. Eduardo Escobar scores.,R,L,R,LAA,NYY,X,,fly_ball,1,2,2023,-0.31,1.22,-0.55,2.56,,,500871.0,2,7,Bot,93.84,39.3,,,,,5.488110582048752,-141.00348967086418,-5.8586905602180455,-5.287698754911895,30.910222549575337,-14.692150372581215,3.49,1.64,403.0,106.5,31.0,97.2,2421.0,6.4,717369,624431,519203,650402,672724,683011,643396,664056,665828,54.12,0.8669032258064517,1.7289354838709676,2.0,1.0,0.0,3.0,6.0,60,4,4-Seam Fastball,1,3,1,3,3,3,3,3,Infield shade,Standard,215.0,0.354,2.296,74.5,7.9,3.44241935483871,-2.296,106.5,-2,-2,0.167,0.167,28,28,28,29,1,3,3.0,1.0,4.0,1.0,1.2,0.31,-0.31,35.0,15.77037753078258,9.09101462017593,32.55648055924573,42.03042380050597,22.357834500273743
FF,2023-07-17,95.4,-1.73,6.15,"Ohtani, Shohei",660271,622663,single,hit_into_play,,,,,6.0,Shohei Ohtani singles on a sharp ground ball to right fielder Oswaldo Cabrera.,R,L,R,LAA,NYY,X,9.0,ground_ball,0,0,2023,-0.62,1.23,0.38,2.32,,,,1,1,Bot,182.23,93.64,,,,,6.950108556371827,-138.7110075890091,-7.237490251868911,-9.499313682731854,30.99547637271555,-14.835796069705328,3.49,1.64,132.0,108.6,7.0,95.6,2218.0,6.5,717369,624431,519203,650402,672724,683011,643396,664056,665828,54.03,0.692,0.643,0.9,1.0,1.0,0.0,4.0,6,1,4-Seam Fastball,0,0,0,0,0,0,0,0,Infield shade,Standard,212.0,0.025,0.416,78.3,7.9,0.815,-0.416,108.6,0,0,0.526,0.526,29,28,29,29,1,0,11.0,1.0,6.0,1.0,1.28,0.62,-0.62,41.7,11.267384508049886,2.407664481186182,40.96777315351907,32.23577168897582,23.289799015170843
FF,2023-07-16,92.4,-1.53,5.46,"Ohtani, Shohei",660271,664299,field_out,hit_into_play,,,,,3.0,Shohei Ohtani flies out to center fielder Jake Meyers.,R,L,R,LAA,HOU,X,8.0,fly_ball,0,1,2023,-0.47,1.44,0.49,3.38,,,,1,5,Bot,136.33,104.02,,,,,6.144886206576225,-134.51460876611313,-2.6137864478745496,-6.994144742018954,28.562224317273497,-14.348176927256208,3.48,1.64,241.0,81.1,49.0,92.2,2280.0,6.1,717381,455117,547989,643289,608324,666197,676801,676694,663656,54.39,0.037,0.041,0.0,1.0,0.0,0.0,3.0,46,2,4-Seam Fastball,3,1,3,1,1,3,3,1,Infield shade,Standard,207.0,-0.009,-0.227,79.2,7.3,0.058,0.227,88.0,2,2,0.795,0.795,26,28,26,29,3,2,13.0,1.0,6.0,1.0,1.23,0.47,-0.47,35.2,13.601249606280868,1.5672875926412249,32.31662057759226,30.01921515573556,24.571084153087543
ST,2023-07-16,80.1,-1.58,5.6,"Ohtani, Shohei",660271,664299,field_out,hit_into_play,,,,,7.0,"Shohei Ohtani grounds out, second baseman Mauricio Dubon to first baseman Jose Abreu.",R,L,R,LAA,HOU,X,4.0,ground_ball,2,1,2023,1.14,0.13,-0.83,1.98,,,,1,3,Bot,139.44,159.82,,,,,-0.4644722862129835,-116.6255729057565,-1.5304793153112162,10.445739533017054,22.239093713796603,-30.88967556925298,3.48,1.64,2.0,74.6,-37.0,79.5,2458.0,5.9,717381,455117,547989,643289,608324,666197,676801,676694,663656,54.6,0.084,0.079,0.0,1.0,0.0,0.0,2.0,28,4,Sweeper,1,1,1,1,1,1,1,1,Infield shade,Standard,68.0,-0.021,-0.31,,,0.098,0.31,88.0,0,0,0.533,0.533,26,28,26,29,2,1,13.0,1.0,6.0,1.0,3.42,-1.14,1.14,40.7,,,,,
FF,2023-07-16,94.4,-1.41,5.62,"Ohtani, Shohei",660271,664299,field_out,hit_into_play,,,,,4.0,Shohei Ohtani lines out sharply to shortstop Grae Kessinger.,R,L,R,LAA,HOU,X,6.0,line_drive,2,2,2023,-0.57,1.49,-0.65,2.29,,,,1,1,Bot,117.62,137.39,,,,,3.2343762829251053,-137.2792614537651,-6.224613698973879,-7.973461618295878,31.25373395295969,-12.198782131962764,3.48,1.64,193.0,101.6,7.0,93.8,2317.0,6.0,717381,455117,547989,643289,608324,666197,676801,676694,663656,54.47,0.639,0.576,0.0,1.0,0.0,0.0,4.0,9,7,4-Seam Fastball,0,1,0,1,1,0,0,1,Infield shade,Standard,199.0,-0.015,-0.234,71.7,8.1,0.678,0.234,101.6,-1,-1,0.422,0.422,26,28,26,29,1,0,13.0,1.0,6.0,1.0,1.08,0.57,-0.57,39.4,4.257247449266863,5.779637374191189,32.54982898044885,43.91824128011733,13.81583335938902
FC,2023-07-16,90.0,-1.28,5.41,"Ohtani, Shohei",660271,664208,home_run,hit_into_play,,,,,3.0,Shohei Ohtani homers (34) on a fly ball to center field.,R,L,R,LAA,HOU,X,,fly_ball,0,0,2023,0.2,0.83,0.41,3.25,,,,1,9,Bot,104.28,34.17,,,,,3.850090214371593,-131.15195511150358,-1.237301501679514,1.658392233466845,23.847089672205005,-22.501457965609763,3.48,1.64,411.0,105.4,27.0,92.3,2505.0,7.3,717381,673237,547989,643289,608324,666197,667452,676801,663656,53.22,0.8417500000000001,1.6668333333333336,2.0,1.0,0.0,3.0,6.0,87,1,Cutter,7,9,7,9,9,8,8,9,Infield shade,Standard,183.0,0.068,1.583,76.5,6.9,3.3085624999999994,-1.583,105.4,-2,-2,0.047,0.047,30,28,30,29,1,4,1.0,1.0,3.0,1.0,1.95,-0.2,0.2,31.3,7.837483636664425,8.234898788066756,30.69873282572601,32.57556441117698,24.365606124986147
SI,2023-07-15,94.9,0.74,6.18,"Ohtani, Shohei",660271,664285,field_out,hit_into_play,,,,,6.0,"Shohei Ohtani grounds out, second baseman Mauricio Dubon to first baseman Jose Abreu.",R,L,L,LAA,HOU,X,4.0,ground_ball,1,1,2023,1.18,0.8,0.53,2.56,,,,0,3,Bot,153.99,141.31,,,,,-3.1708964517924785,-138.09355874164706,-5.5454375325757335,15.823578854849604,32.42846926590876,-20.94849244463709,3.48,1.64,9.0,93.0,-15.0,94.2,2140.0,6.0,717389,455117,547989,643289,608324,665161,667452,676801,663656,54.5,0.111,0.123,0.0,1.0,0.0,0.0,2.0,24,3,Sinker,3,2,3,2,2,3,3,2,Standard,Standard,146.0,-0.02,-0.254,,,0.111,0.254,93.0,1,1,0.668,0.668,29,28,30,29,2,1,7.0,1.0,6.0,1.0,1.75,1.18,1.18,50.9,,,,,
SL,2023-07-15,89.2,-0.28,6.01,"Ohtani, Shohei",660271,519151,home_run,hit_into_play,,,,,1.0,Shohei Ohtani homers (33) on a fly ball to center field.,R,L,R,LAA,HOU,X,,fly_ball,1,1,2023,0.49,0.17,-0.28,2.92,,,,0,9,Bot,111.15,36.21,,,,,-1.0502028530364766,-129.94589882968305,-1.978071840413972,5.839899078636389,25.35748269147415,-30.06894300025839,3.48,1.64,404.0,103.5,32.0,89.4,,6.2,717389,455117,547989,643289,608324,665161,667452,676801,663656,54.33,0.6966981132075469,1.3822264150943395,2.0,1.0,0.0,3.0,6.0,83,3,Slider,9,12,9,12,12,10,10,12,Infield shade,Standard,,0.053,1.126,80.8,7.7,2.755320754716981,-1.126,103.5,-3,-3,0.042,0.042,34,28,35,29,1,4,1.0,1.0,4.0,1.0,2.67,-0.49,0.49,61.7,9.333605601487012,2.950522455311931,30.105027393715908,39.21003995088592,26.049515622862113
FF,2023-07-14,91.9,-1.41,5.5,"Ohtani, Shohei",660271,641585,single,hit_into_play,,,,,2.0,Shohei Ohtani singles on a line drive to left fielder Corey Julks.,R,L,R,LAA,HOU,X,7.0,line_drive,3,2,2023,0.26,0.97,0.2,3.4,,,,1,5,Bot,75.86,112.18,,,,,3.506598555942438,-133.9072811327657,-1.6504572569510705,2.442464022625334,26.422856714536,-20.270633095018884,3.48,1.64,206.0,87.9,14.0,92.2,2289.0,6.2,717405,455117,547989,643289,608324,665161,667452,676801,663656,54.29,0.968,0.918,0.9,1.0,1.0,0.0,4.0,44,6,4-Seam Fastball,2,4,2,4,4,2,2,4,Infield shade,Standard,214.0,0.031,0.355,73.0,6.2,1.111,-0.355,88.0,-2,-2,0.262,0.262,28,28,28,29,3,2,9.0,6.0,6.0,1.0,1.7,-0.26,0.26,42.2,-2.3328566530877213,27.673201246306206,31.269426610324015,33.860452685553,14.662565470891971
CH,2023-07-14,81.1,-1.3,5.42,"Ohtani, Shohei",660271,641585,field_out,hit_into_play,,,,,4.0,Shohei Ohtani lines out sharply to left fielder Corey Julks.,R,L,R,LAA,HOU,X,7.0,line_drive,0,0,2023,-1.33,0.75,-0.51,2.9,,683021.0,,2,2,Bot,82.08,99.09,,,,,4.344733223479448,-117.962147008555,-0.3394360846058444,-13.188415826400744,26.09346202708037,-25.419750662803526,3.48,1.64,292.0,110.3,12.0,81.1,1858.0,6.7,717405,455117,547989,643289,608324,665161,667452,676801,663656,53.79,0.882,0.915,0.0,1.0,0.0,0.0,5.0,19,1,Changeup,2,0,2,0,0,2,2,0,Standard,Standard,234.0,-0.024,-0.295,76.4,7.0,1.254,0.295,110.3,2,2,0.736,0.736,28,28,28,29,2,1,9.0,6.0,6.0,1.0,2.76,1.33,-1.33,43.3,0.4495852883013083,20.429518237290633,32.19140366157917,42.41426167277045,16.86153324016011
FF,2023-07-14,92.0,-1.27,5.75,"Ohtani, Shohei",660271,641585,single,hit_into_play,,,,,3.0,Shohei Ohtani singles on a line drive to left fielder Corey Julks.,R,L,R,LAA,HOU,X,7.0,line_drive,0,0,2023,0.01,1.22,0.38,3.47,,,,1,1,Bot,63.76,115.09,,,,,4.159509910215996,-133.8995052756715,-2.592690015756328,-0.7959197268522781,29.103340750966325,-17.20578508905727,3.48,1.64,237.0,76.9,25.0,91.7,2453.0,6.1,717405,455117,547989,643289,608324,665161,667452,676801,663656,54.36,0.661,0.622,0.9,1.0,1.0,0.0,4.0,7,1,4-Seam Fastball,0,0,0,0,0,0,0,0,Infield shade,Standard,212.0,0.025,0.416,74.3,6.3,0.747,-0.416,88.0,0,0,0.526,0.526,28,28,28,29,1,0,9.0,6.0,6.0,1.0,1.48,-0.01,0.01,44.4,2.0094802547346955,22.47336715879635,31.868147459890487,31.816652371542517,17.294614953578424
SL,2023-07-08,84.2,-1.87,5.88,"Ohtani, Shohei",660271,675627,home_run,hit_into_play,,,,,8.0,Shohei Ohtani homers (32) on a fly ball to center field.   Andrew Velazquez scores.,R,L,R,LAD,LAA,X,,fly_ball,0,1,2023,0.31,-0.12,-0.09,1.95,,,623205.0,2,7,Top,154.76,25.95,,,,,3.535841385137004,-122.69820838622856,-2.558344599637338,2.447963192860284,23.46788006676888,-33.11633048400088,3.48,1.63,433.0,105.2,29.0,84.9,2221.0,6.6,717437,669257,678246,660634,571970,500743,676356,681546,605141,53.9,0.8353829787234044,2.0,2.0,1.0,0.0,3.0,6.0,61,2,Slider,9,2,2,9,4,9,4,9,Infield shade,Standard,71.0,-0.012,2.261,,,3.2971063829787224,-2.261,105.2,7,-7,0.995,0.005,26,28,27,29,3,3,5.0,1.0,10.0,6.0,3.32,-0.31,0.31,46.2,,,,,
FC,2023-07-08,88.0,-1.63,6.02,"Ohtani, Shohei",660271,675627,field_out,hit_into_play,,,,,3.0,Shohei Ohtani flies out sharply to center fielder James Outman.,R,L,R,LAD,LAA,X,8.0,fly_ball,1,0,2023,0.46,0.69,0.35,2.93,,,,0,6,Top,99.86,87.22,,,,,3.8714151490756583,-128.29832126939826,-2.937798354598112,4.414855324697,23.23182680909403,-24.12240803189409,3.48,1.63,286.0,101.1,51.0,89.0,2316.0,6.5,717437,669257,678246,660634,571970,500743,676356,681546,605141,53.97,0.018,0.02,0.0,1.0,0.0,0.0,3.0,48,2,Cutter,8,0,0,8,0,8,0,8,Infield shade,Standard,166.0,0.002,-0.306,,,0.03,0.306,101.1,8,-8,0.992,0.008,26,28,27,29,2,2,5.0,1.0,10.0,6.0,2.21,-0.46,0.46,49.2,,,,,
FC,2023-07-08,86.5,3.63,5.13,"Ohtani, Shohei",660271,663542,sac_fly,hit_into_play,,,,,5.0,Shohei Ohtani out on a sacrifice fly to left fielder David Peralta.   Eduardo Escobar scores.,R,L,L,LAD,LAA,X,7.0,fly_ball,0,0,2023,-0.24,0.59,-0.06,2.24,500871.0,642136.0,650859.0,1,9,Top,51.24,116.28,,,,,-8.45833017037569,-125.82629109600676,-1.9077183580056576,-0.870610607604785,25.227212399439736,-25.675953224297956,3.48,1.63,276.0,92.4,44.0,88.2,2208.0,7.3,717437,669257,678246,660634,571970,500743,444482,681546,605141,53.16,0.005,0.005,0.0,1.0,0.0,0.0,3.0,79,1,Cutter,10,4,4,10,5,10,5,10,Infield shade,Standard,163.0,0.011,-0.161,,,0.005,0.161,92.4,6,-6,0.986,0.014,26,28,26,29,1,4,21.0,1.0,30.0,6.0,2.45,-0.24,-0.24,14.7,,,,,
FF,2023-07-08,94.9,-1.52,6.03,"Ohtani, Shohei",660271,675627,triple,hit_into_play,,,,,2.0,Shohei Ohtani triples (6) on a sharp line drive to right fielder Mookie Betts.,R,L,R,LAD,LAA,X,9.0,line_drive,1,1,2023,-0.66,1.3,0.11,3.02,,,,1,3,Top,153.85,95.62,,,,,5.770336282015322,-138.1153949281572,-5.191313387818385,-9.661387189385486,29.472836784873365,-14.523652187694664,3.48,1.63,198.0,113.1,11.0,95.8,2208.0,6.7,717437,669257,518692,678246,571970,500743,676356,681546,605141,53.82,0.895,0.941,1.6,1.0,1.0,2.0,6.0,23,3,4-Seam Fastball,6,0,0,6,0,6,0,6,Infield shade,Standard,205.0,-0.023,1.084,,,1.282,-1.084,113.1,6,-6,0.948,0.052,26,28,27,29,1,1,5.0,1.0,10.0,6.0,1.22,0.66,-0.66,49.8,,,,,
FF,2023-07-08,93.1,0.84,5.64,"Ohtani, Shohei",660271,681911,single,hit_into_play,,,,,13.0,Shohei Ohtani singles on a line drive to center fielder James Outman.,R,L,L,LAD,LAA,X,8.0,line_drive,0,0,2023,0.61,1.73,-0.87,1.97,,,,0,1,Top,125.46,87.34,,,,,-5.747825535495035,-135.3022118031905,-7.47802508609518,8.681302714923383,28.79720660903096,-9.506616022513526,3.48,1.63,241.0,82.3,16.0,93.7,2499.0,6.7,717437,669257,518692,678246,571970,500743,676356,681546,605141,53.82,0.963,0.913,0.9,1.0,1.0,0.0,4.0,1,1,4-Seam Fastball,0,0,0,0,0,0,0,0,Infield shade,Standard,156.0,-0.036,0.432,,,1.098,-0.432,88.0,0,0,0.5,0.5,27,28,27,29,1,0,1.0,1.0,7.0,6.0,0.9,0.61,0.61,55.1,,,,,
FF,2023-07-07,91.6,-0.85,6.03,"Ohtani, Shohei",660271,664062,single,hit_into_play,,,,,4.0,Shohei Ohtani singles on a sharp ground ball to right fielder Jason Heyward.,R,L,R,LAD,LAA,X,9.0,ground_ball,0,0,2023,-0.97,1.33,-0.63,2.58,,,,0,4,Top,159.66,141.56,,,,,2.663977353441296,-133.34514028849492,-5.711272643777127,-12.176282529628375,29.332808811483066,-15.273515150269706,3.48,1.62,78.0,104.0,3.0,91.3,2025.0,6.2,717456,669257,518692,605141,571970,500743,444482,681546,518792,54.34,0.568,0.522,0.9,1.0,1.0,0.0,4.0,25,1,4-Seam Fastball,4,0,0,4,0,4,0,4,Infield shade,Standard,225.0,-0.03,0.432,,,0.628,-0.432,104.0,4,-4,0.876,0.124,29,28,29,29,2,1,5.0,2.0,8.0,1.0,1.39,0.97,-0.97,41.6,,,,,
FS,2023-07-07,83.9,-1.2,5.89,"Ohtani, Shohei",660271,664062,field_out,hit_into_play,,,,,8.0,"Shohei Ohtani grounds out, first baseman Freddie Freeman to pitcher Tony Gonsolin.",R,L,R,LAD,LAA,X,3.0,ground_ball,1,2,2023,-0.9,-0.41,-0.15,1.63,,,,0,1,Top,154.42,163.62,,,,,4.153931756717511,-122.08018908418998,-2.640084872129328,-9.781909386849716,24.235348825286295,-35.91185939502403,3.48,1.62,21.0,98.9,-3.0,83.3,1570.0,5.9,717456,669257,518692,605141,571970,500743,444482,681546,518792,54.6,0.363,0.344,0.0,1.0,0.0,0.0,2.0,1,4,Split-Finger,0,0,0,0,0,0,0,0,Infield shade,Standard,250.0,0.016,-0.193,,,0.431,0.193,98.9,0,0,0.506,0.494,29,28,29,29,1,0,5.0,2.0,8.0,1.0,3.65,0.9,-0.9,37.3,,,,,
CU,2023-07-05,82.5,-1.17,5.51,"Ohtani, Shohei",660271,607625,field_out,hit_into_play,,,,,13.0,"Shohei Ohtani grounds out, second baseman Jake Cronenworth to first baseman Brandon Dixon.",R,L,R,SD,LAA,X,4.0,ground_ball,2,2,2023,1.15,-1.26,-0.84,2.51,623205.0,,,2,5,Top,148.78,156.24,,,,,-1.470559079152883,-119.93403537400243,2.3392072460272946,11.20646146704679,29.76668616537854,-44.9133333920682,3.47,1.63,9.0,96.9,-15.0,81.4,3420.0,6.2,717478,596142,641525,630105,592518,673490,665742,663757,665487,54.28,0.213,0.21,0.0,1.0,0.0,0.0,2.0,38,5,Curveball,2,2,2,2,2,2,2,2,Infield shade,Standard,38.0,0.048,-0.261,,,0.252,0.261,96.9,0,0,0.519,0.481,33,28,34,29,3,2,5.0,1.0,11.0,2.0,4.69,-1.15,1.15,41.9,,,,,
CU,2023-07-05,82.3,-1.17,5.72,"Ohtani, Shohei",660271,607625,field_out,hit_into_play,,,,,7.0,"Shohei Ohtani grounds out, second baseman Jake Cronenworth to first baseman Brandon Dixon.   Mickey Moniak to 3rd.",R,L,R,SD,LAA,X,4.0,ground_ball,0,2,2023,0.77,-1.85,-0.74,1.86,,666160.0,,1,3,Top,148.78,151.68,,,,,-0.5081645781823737,-119.54622176768,1.6943675454719394,7.267946423623512,33.92321156704129,-50.044065479449266,3.47,1.63,3.0,77.2,-30.0,80.0,3357.0,5.9,717478,596142,641525,630105,592518,673490,665742,663757,665487,54.56,0.034,0.053,0.0,1.0,0.0,0.0,2.0,21,3,Curveball,1,1,1,1,1,1,1,1,Standard,Standard,36.0,0.021,-0.168,,,0.034,0.168,88.0,0,0,0.492,0.508,33,28,34,29,2,1,5.0,1.0,11.0,2.0,5.36,-0.77,0.77,42.1,,,,,
SI,2023-07-05,96.4,-1.05,5.42,"Ohtani, Shohei",660271,607625,field_out,hit_into_play,,,,,6.0,"Shohei Ohtani grounds out, second baseman Jake Cronenworth to first baseman Brandon Dixon.",R,L,R,SD,LAA,X,4.0,ground_ball,3,2,2023,-1.23,0.78,0.46,2.82,,,,2,1,Top,147.26,157.26,,,,,6.730528325359884,-140.22644420773375,-3.041583371852428,-17.72391307340038,34.82851562153289,-21.421124030798374,3.47,1.63,7.0,93.3,-21.0,95.0,,5.7,717478,596142,641525,630105,592518,673490,665742,663757,665487,54.76,0.142,0.136,0.0,1.0,0.0,0.0,2.0,3,7,Sinker,0,0,0,0,0,0,0,0,Infield shade,Standard,,0.012,-0.336,,,0.184,0.336,93.3,0,0,0.536,0.4639999999999999,33,28,34,29,1,0,5.0,1.0,11.0,2.0,1.69,1.23,-1.23,40.4,,,,,
ST,2023-07-05,74.3,2.83,4.47,"Ohtani, Shohei",660271,676680,field_out,hit_into_play,,,,,4.0,Shohei Ohtani pops out to third baseman Manny Machado.,R,L,L,SD,LAA,X,5.0,popup,0,1,2023,-2.17,0.59,-0.32,2.22,,,,0,8,Top,81.48,150.1,,,,,-2.6250966510407983,-107.9645161937618,1.7551777284404009,-16.1152126268042,23.218266744973143,-28.313643446617498,3.47,1.63,166.0,69.8,59.0,72.9,2660.0,5.9,717478,596142,630105,596059,592518,673490,665742,663757,665487,54.65,0.005,0.005,0.0,1.0,0.0,0.0,3.0,64,2,Sweeper,4,3,3,4,3,4,3,4,Infield shade,Standard,280.0,0.046,-0.223,,,0.005,0.223,88.0,1,-1,0.753,0.247,27,28,27,29,1,3,2.0,1.0,2.0,2.0,3.64,-2.17,-2.17,10.4,,,,,
FC,2023-07-04,90.5,-1.41,6.26,"Ohtani, Shohei",660271,605397,field_out,hit_into_play,,,,,5.0,Shohei Ohtani grounds out to first baseman Jake Cronenworth.,R,L,R,SD,LAA,X,3.0,ground_ball,0,0,2023,0.27,0.65,-0.07,2.22,,,,2,6,Top,159.25,175.16,,,,,2.797780434897585,-131.6827382296273,-5.4028639845741475,2.5515446615260746,28.066016583877,-23.658746063725054,3.49,1.63,3.0,66.5,-40.0,89.9,2718.0,5.9,717497,596142,630105,673490,596059,593428,665742,663757,665487,54.6,0.103,0.114,0.0,1.0,0.0,0.0,2.0,42,1,Cutter,2,1,1,2,1,2,1,2,Strategic,Standard,174.0,0.017,-0.275,,,0.103,0.275,88.0,1,-1,0.723,0.277,30,28,31,29,3,2,5.0,1.0,5.0,1.0,2.13,-0.27,0.27,34.2,,,,,
CU,2023-07-04,83.3,-1.19,6.51,"Ohtani, Shohei",660271,605397,field_out,hit_into_play,,,,,5.0,Shohei Ohtani flies out to left fielder Juan Soto.,R,L,R,SD,LAA,X,7.0,fly_ball,2,2,2023,1.03,-1.0,-0.26,2.61,,,621493.0,0,4,Top,72.52,105.16,,,,,0.1159926369686089,-121.34580050660564,-0.5421888859665638,10.084193637635073,24.94001423568869,-42.08482970184676,3.49,1.63,269.0,90.5,42.0,82.9,2926.0,6.1,717497,596142,630105,673490,596059,593428,665742,663757,665487,54.42,0.011,0.015,0.0,1.0,0.0,0.0,3.0,22,5,Curveball,0,0,0,0,0,0,0,0,Infield shade,Standard,48.0,0.037,-0.215,,,0.025,0.215,90.5,0,0,0.46,0.54,30,28,31,29,2,1,5.0,1.0,5.0,1.0,4.29,-1.03,1.03,41.1,,,,,
FF,2023-07-03,97.4,1.94,6.54,"Ohtani, Shohei",660271,605483,force_out,hit_into_play,,,,,11.0,"Shohei Ohtani grounds into a force out, shortstop Xander Bogaerts to second baseman Ha-Seong Kim.   Mike Trout out at 2nd.    Shohei Ohtani to 1st.",R,L,L,SD,LAA,X,6.0,ground_ball,1,1,2023,0.31,1.64,-0.94,2.72,,,545361.0,1,3,Top,116.34,148.14,,,,,-8.488809753865313,-141.3854382356487,-8.494182740962444,6.273228142148688,35.55861569090758,-8.370075712008042,3.5,1.63,22.0,94.4,-6.0,97.5,2522.0,6.7,717505,596142,630105,673490,592518,593428,665742,663757,665487,53.8,0.255,0.243,0.0,1.0,0.0,0.0,2.0,21,3,4-Seam Fastball,3,0,0,3,0,3,0,3,Infield shade,Standard,160.0,0.026,-0.316,,,0.293,0.316,94.4,3,-3,0.793,0.2069999999999999,30,28,31,29,2,1,5.0,1.0,5.0,1.0,0.8,0.31,0.31,56.5,,,,,
CH,2023-07-03,81.8,-1.92,6.1,"Ohtani, Shohei",660271,607259,field_out,hit_into_play,,,,,13.0,"Shohei Ohtani grounds out, second baseman Ha-Seong Kim to first baseman Jake Cronenworth.",R,L,R,SD,LAA,X,4.0,ground_ball,1,2,2023,-1.1,0.06,-1.49,1.75,,,,1,8,Top,137.99,147.64,,,,,3.0546721957461695,-119.0519391882063,-3.3171296213157673,-11.007045904714946,23.418594116400755,-31.203667403017544,3.5,1.63,16.0,77.4,-4.0,81.1,1918.0,5.9,717505,596142,630105,673490,592518,593428,665742,663757,665487,54.65,0.103,0.103,0.0,1.0,0.0,0.0,2.0,74,4,Changeup,9,3,3,9,3,9,3,9,Infield shade,Standard,246.0,0.002,-0.189,,,0.108,0.189,88.0,6,-6,0.995,0.005,32,28,33,29,1,4,1.0,1.0,2.0,1.0,3.36,1.1,-1.1,54.3,,,,,
FF,2023-07-02,93.9,-2.55,5.97,"Ohtani, Shohei",660271,668678,field_out,hit_into_play,,,,,5.0,Shohei Ohtani flies out to left fielder Lourdes Gurriel Jr.,R,L,R,LAA,AZ,X,7.0,fly_ball,2,0,2023,-0.2,1.54,-0.11,2.82,,,,0,6,Bot,76.34,96.43,,,,,6.776845350630255,-136.5732476043596,-5.828961275093063,-4.086185634903499,30.938414107544975,-11.843681996688632,3.52,1.63,284.0,88.7,45.0,93.9,2317.0,6.4,717522,608348,572233,606466,446334,605113,666971,677950,666150,54.11,0.005,0.005,0.0,1.0,0.0,0.0,3.0,44,3,4-Seam Fastball,4,2,4,2,2,4,4,2,Infield shade,Standard,202.0,-0.019,-0.377,,,0.006,0.377,88.7,2,2,0.851,0.851,27,28,28,29,3,2,5.0,1.0,5.0,1.0,1.06,0.2,-0.2,44.0,,,,,
SL,2023-07-02,83.6,0.89,5.67,"Ohtani, Shohei",660271,669459,home_run,hit_into_play,,,,,5.0,Shohei Ohtani homers (31) on a fly ball to right field.,R,L,L,LAA,AZ,X,,fly_ball,1,2,2023,-0.4,0.01,0.26,2.47,,,,2,8,Bot,223.44,41.85,,,,,-0.6433231047205811,-121.90597159213604,-1.0653133609937695,-3.914748834539417,22.15080649341469,-32.04419945957193,3.52,1.63,454.0,115.4,28.0,83.4,2573.0,5.9,717522,608348,572233,606466,446334,672695,666971,677950,666150,54.64,0.996,2.0,2.0,1.0,0.0,3.0,6.0,61,4,Slider,4,2,4,2,2,5,5,2,Strategic,Standard,259.0,0.041,2.679,,,3.9886666666666666,-2.679,115.4,2,2,0.926,0.926,26,28,27,29,1,3,3.0,1.0,2.0,1.0,3.21,-0.4,-0.4,43.8,,,,,
FF,2023-07-01,96.2,-0.97,6.13,"Ohtani, Shohei",660271,669194,field_out,hit_into_play,,,,,2.0,Shohei Ohtani flies out to center fielder Dominic Fletcher.,R,L,R,LAA,AZ,X,8.0,fly_ball,2,2,2023,-0.19,1.73,0.13,3.34,,,,2,1,Bot,108.65,46.16,,,,,3.3539952163653455,-140.05796720155158,-5.811370702151939,-3.270752931051463,31.287781204724823,-8.25316793963028,3.52,1.64,381.0,98.1,26.0,96.9,2175.0,6.7,717533,672515,572233,606466,656896,605113,666971,666150,664983,53.84,0.3505199999999999,0.6251600000000002,0.0,1.0,0.0,0.0,6.0,6,5,4-Seam Fastball,0,0,0,0,0,0,0,0,Infield shade,Standard,200.0,-0.009,-0.233,,,1.2100000000000002,0.233,98.1,0,0,0.509,0.509,25,28,25,29,1,0,6.0,1.0,5.0,1.0,0.73,0.19,-0.19,52.9,,,,,
FS,2023-07-01,85.7,-1.78,6.13,"Ohtani, Shohei",660271,543518,field_out,hit_into_play,,,,,8.0,Shohei Ohtani lines out to first baseman Christian Walker.,R,L,R,LAA,AZ,X,3.0,line_drive,0,2,2023,-0.58,0.38,-0.15,1.64,,,,0,9,Bot,156.75,158.21,,,,,4.9614376521686765,-124.78389470218345,-5.143202829753001,-7.003677724068146,22.495693062270444,-27.4531141143654,3.52,1.64,132.0,99.6,8.0,85.4,1088.0,5.8,717533,672515,572233,606466,656896,605113,666150,677950,664983,54.69,0.653,0.608,0.0,1.0,0.0,0.0,4.0,72,3,Split-Finger,1,3,1,3,3,1,1,3,Infield shade,Standard,218.0,-0.031,-0.169,,,0.744,0.169,99.6,-2,-2,0.078,0.078,33,28,34,29,1,3,3.0,1.0,4.0,1.0,2.7,0.58,-0.58,47.1,,,,,
SL,2023-06-30,83.9,2.13,5.5,"Ohtani, Shohei",660271,674072,home_run,hit_into_play,,,,,5.0,Shohei Ohtani homers (30) on a fly ball to right field.,R,L,L,LAA,AZ,X,,fly_ball,1,0,2023,-0.32,1.09,0.03,2.64,,,,0,6,Bot,229.89,26.54,,,,,-4.2608849389928,-122.11327962155492,-2.3822987514493263,-2.3298355091046594,23.922138774254904,-20.959466780465156,3.52,1.64,493.0,115.1,29.0,84.3,2104.0,6.5,717549,608348,572233,606466,446334,672695,666150,677950,664983,53.99,0.9945,2.0,2.0,1.0,0.0,3.0,6.0,45,2,Slider,0,5,0,5,5,1,1,5,Standard,Standard,214.0,0.039,1.074,,,3.9815,-1.074,115.1,-5,-5,0.059,0.059,25,28,26,29,3,2,8.0,1.0,5.0,1.0,2.14,-0.32,-0.32,35.5,,,,,
SL,2023-06-30,84.1,2.09,5.45,"Ohtani, Shohei",660271,674072,force_out,hit_into_play,,,,,2.0,"Shohei Ohtani grounds into a force out, first baseman Christian Walker to shortstop Geraldo Perdomo. Taylor Ward out at 2nd. Shohei Ohtani to 1st.",R,L,L,LAA,AZ,X,3.0,ground_ball,2,2,2023,0.08,0.76,0.15,2.99,,,621493.0,1,3,Bot,149.48,170.84,,,,,-4.6961588774114364,-122.54089890496294,-0.8635767658630358,1.6456652764940944,22.843986275419223,-24.521144322508768,3.52,1.64,22.0,101.6,-7.0,85.2,2216.0,6.8,717549,608348,572233,606466,446334,672695,666150,677950,664983,53.7,0.342,0.331,0.0,1.0,0.0,0.0,2.0,27,5,Slider,0,5,0,5,5,0,0,5,Standard,Standard,219.0,-0.018,-0.308,,,0.399,0.308,101.6,-5,-5,0.11,0.11,25,28,26,29,2,1,8.0,1.0,5.0,1.0,2.44,0.08,0.08,36.6,,,,,
SL,2023-06-29,86.9,-0.99,5.73,"Ohtani, Shohei",660271,608665,home_run,hit_into_play,,,,,8.0,Shohei Ohtani homers (29) on a fly ball to center field. Mike Trout scores.,R,L,R,LAA,CWS,X,,fly_ball,1,2,2023,0.48,-0.21,-0.05,2.09,,,545361.0,2,9,Bot,82.78,26.88,,,,,1.265442819566525,-126.68063525613604,-2.1359416604706167,4.9056010789805375,25.455016253002597,-34.23535304993908,3.54,1.65,438.0,111.3,27.0,87.1,2390.0,6.3,717560,664874,683734,621545,669394,641313,643217,673357,656514,54.23,0.9851428571428572,2.0,2.0,1.0,0.0,3.0,6.0,82,5,Slider,5,9,5,9,9,7,7,9,Infield shade,Standard,138.0,0.01,2.296,,,3.9362857142857144,-2.296,111.3,-4,-4,0.005,0.005,32,28,33,29,1,4,1.0,1.0,2.0,1.0,3.21,-0.48,0.48,46.6,,,,,
CH,2023-06-28,88.5,-1.1,5.66,"Ohtani, Shohei",660271,608665,single,hit_into_play,,,,,7.0,Shohei Ohtani singles on a ground ball to second baseman Zach Remillard. Eduardo Escobar to 3rd. David Fletcher to 2nd.,R,L,R,LAA,CWS,X,4.0,ground_ball,1,1,2023,-1.13,0.25,-0.82,2.08,,500871.0,664058.0,2,9,Bot,144.35,148.7,,,,,3.085477119166821,-128.92356508626497,-3.2432422584354956,-13.284694615175384,26.78938139911612,-28.906540313312643,3.53,1.64,6.0,98.2,-17.0,89.4,1523.0,6.8,717576,664874,683734,621545,669394,641313,643217,673357,640449,53.69,0.161,0.163,0.9,1.0,1.0,0.0,2.0,86,3,Changeup,5,11,5,11,11,5,5,11,Standard,Strategic,222.0,0.003,0.563,,,0.175,-0.563,98.2,-6,-6,0.002,0.002,32,28,33,29,1,4,4.0,1.0,1.0,1.0,2.65,1.13,-1.13,45.9,,,,,
CH,2023-06-28,81.0,-1.02,6.37,"Ohtani, Shohei",660271,608337,triple,hit_into_play,,,,,4.0,Shohei Ohtani triples (5) on a line drive to right fielder Gavin Sheets.,R,L,R,LAA,CWS,X,9.0,line_drive,2,2,2023,-1.34,1.02,-0.38,2.51,,,,1,1,Bot,218.25,94.19,,,,,4.002321753586802,-117.86484848567788,-3.9713138376786383,-13.225503430896165,22.567012767149237,-22.078657429765688,3.53,1.64,229.0,94.8,16.0,81.7,1451.0,6.8,717576,664874,683734,621545,669394,641313,643217,673357,657757,53.73,0.729,0.716,1.6,1.0,1.0,2.0,4.0,9,5,Changeup,0,2,0,2,2,0,0,2,Strategic,Standard,222.0,0.07,1.106,,,0.925,-1.106,94.8,-2,-2,0.327,0.327,28,28,29,29,1,0,5.0,1.0,6.0,1.0,2.45,1.34,-1.34,50.0,,,,,
FF,2023-06-28,95.9,-1.46,5.64,"Ohtani, Shohei",660271,641871,single,hit_into_play,,,,,11.0,Shohei Ohtani singles on a sharp line drive to center fielder Luis Robert Jr.,R,L,R,LAA,CWS,X,8.0,line_drive,2,2,2023,-0.55,1.16,-0.02,3.75,,,,1,8,Bot,129.81,81.47,,,,,5.126933754194712,-139.59637054372067,-2.0226423175864214,-8.372571382899265,32.101951445968545,-16.79446712712768,3.53,1.64,129.0,102.2,5.0,97.1,2290.0,7.0,717576,664874,683734,621545,669394,641313,643217,673357,640449,53.52,0.576,0.519,0.9,1.0,1.0,0.0,4.0,71,5,4-Seam Fastball,4,9,4,9,9,4,4,9,Infield shade,Standard,224.0,0.009,0.449,,,0.624,-0.449,102.2,-5,-5,0.013,0.013,29,28,30,29,1,3,3.0,1.0,3.0,1.0,1.32,0.55,-0.55,33.8,,,,,
FF,2023-06-27,97.0,-2.56,5.52,"Ohtani, Shohei",660271,656629,single,hit_into_play,,,,,8.0,Shohei Ohtani singles on a sharp ground ball to right fielder Eloy Jimenez.,R,L,R,LAA,CWS,X,9.0,ground_ball,3,2,2023,-0.88,1.41,-0.06,1.65,,,,0,5,Bot,162.9,76.68,,,,,8.781479868717367,-140.78412915193357,-8.065700976768571,-13.752174539739103,33.699782280227154,-11.691030096783038,3.55,1.63,64.0,110.1,2.0,97.8,2499.0,7.0,717592,518735,657757,462101,669394,641313,643217,673357,650391,53.5,0.571,0.52,0.9,1.0,1.0,0.0,4.0,36,6,4-Seam Fastball,2,0,2,0,0,2,2,0,Strategic,Strategic,225.0,0.019,0.344,,,0.629,-0.344,110.1,2,2,0.815,0.815,27,28,27,29,3,2,6.0,1.0,17.0,1.0,1.03,0.88,-0.88,40.6,,,,,
FS,2023-06-27,88.1,-1.45,5.67,"Ohtani, Shohei",660271,657053,home_run,hit_into_play,,,,,7.0,Shohei Ohtani homers (28) on a fly ball to left center field.,R,L,R,LAA,CWS,X,,fly_ball,1,1,2023,-0.75,0.09,-0.3,1.93,,,,1,7,Bot,66.72,46.42,,,,,4.426050463220934,-128.32208259711933,-3.243433175033661,-9.209217249450754,26.582929875678857,-30.69284798075434,3.55,1.63,404.0,106.4,25.0,89.8,1563.0,7.3,717592,664874,669394,462101,621545,641313,643217,673357,650391,53.24,0.8496521739130434,1.6683043478260873,2.0,1.0,0.0,3.0,6.0,56,3,Split-Finger,2,1,2,1,1,3,3,1,Standard,Standard,228.0,0.107,1.593,,,3.3102391304347822,-1.593,106.4,1,1,0.769,0.769,27,28,27,29,1,3,6.0,1.0,5.0,1.0,2.84,0.75,-0.75,32.7,,,,,
FF,2023-06-27,95.0,-2.63,5.69,"Ohtani, Shohei",660271,656629,home_run,hit_into_play,,,,,5.0,Shohei Ohtani homers (27) on a fly ball to right center field.,R,L,R,LAA,CWS,X,,fly_ball,2,1,2023,-0.78,1.5,-0.09,2.5,,,,1,1,Bot,183.91,39.62,,,,,8.541829496072245,-137.8825351966858,-6.097816947440736,-11.950502260247864,32.69037129411481,-11.911461385721712,3.55,1.63,418.0,110.8,35.0,96.2,2529.0,7.2,717592,518735,657757,462101,669394,641313,643217,673357,650391,53.25,0.939,1.88925,2.0,1.0,0.0,3.0,6.0,5,4,4-Seam Fastball,0,0,0,0,0,1,1,0,Strategic,Strategic,219.0,0.097,1.54,,,3.7585,-1.54,110.8,0,0,0.529,0.529,27,28,27,29,1,0,6.0,1.0,17.0,1.0,1.06,0.78,-0.78,37.6,,,,,
SL,2023-06-26,88.5,-1.72,5.97,"Ohtani, Shohei",660271,656302,home_run,hit_into_play,,,,,6.0,Shohei Ohtani homers (26) on a fly ball to right center field.,R,L,R,LAA,CWS,X,,fly_ball,3,1,2023,0.1,0.58,0.72,2.34,,,,1,4,Bot,190.78,29.76,,,,,5.733997368217633,-128.82829569880352,-4.01238851535773,-0.073072403742251,25.59746816243369,-25.11134515080367,3.55,1.62,446.0,113.0,36.0,88.5,2779.0,6.2,717608,664874,683734,462101,669394,641313,643217,673357,640449,54.32,0.94,2.0,2.0,1.0,0.0,3.0,6.0,25,5,Slider,0,1,0,1,1,1,1,1,Infield shade,Standard,144.0,0.121,1.418,,,3.774,-1.418,113.0,-1,-1,0.412,0.412,27,28,28,29,2,1,6.0,1.0,5.0,1.0,2.32,-0.1,0.1,44.5,,,,,
FF,2023-06-25,91.9,1.53,6.54,"Ohtani, Shohei",660271,596295,triple,hit_into_play,,,,,2.0,Shohei Ohtani triples (4) on a sharp line drive to center fielder Brenton Doyle.   Taylor Ward scores.,R,L,L,COL,LAA,X,8.0,line_drive,1,0,2023,0.71,1.19,-0.19,3.11,,621493.0,,0,6,Top,78.34,62.39,,,,,-5.9657714704766045,-133.78561269377315,-5.5466686826340785,9.75551128599266,25.148251253700856,-16.91067752530426,3.55,1.61,236.0,113.7,10.0,93.4,2160.0,6.9,717616,553869,660707,663796,641857,678662,545341,686668,666134,53.62,0.858,0.877,1.6,1.0,1.0,2.0,6.0,41,2,4-Seam Fastball,3,0,0,3,1,3,1,3,Standard,Standard,151.0,-0.123,0.892,,,1.189,-0.892,113.7,3,-3,0.796,0.2039999999999999,29,28,30,29,3,2,6.0,1.0,5.0,1.0,1.48,0.71,0.71,50.0,,,,,
SL,2023-06-25,85.8,1.84,6.45,"Ohtani, Shohei",660271,596295,single,hit_into_play,,,,,13.0,"Shohei Ohtani singles on a ground ball to center fielder Brenton Doyle, deflected by second baseman Coco Montes.   Taylor Ward to 3rd.",R,L,L,COL,LAA,X,4.0,ground_ball,2,0,2023,-0.41,0.44,-0.91,2.55,,,621493.0,2,3,Top,132.18,100.92,,,,,-5.713310537541139,-125.00577103978604,-3.9581543232334746,-3.2971863078783104,22.14291360534412,-27.034208261307835,3.55,1.61,106.0,82.7,7.0,86.8,2508.0,6.6,717616,553869,660707,663796,641857,678662,545341,686668,666134,53.88,0.379,0.341,0.9,1.0,1.0,0.0,4.0,19,3,Slider,1,0,0,1,0,1,0,1,Infield shade,Standard,199.0,-0.023,0.301,,,0.418,-0.301,88.0,1,-1,0.635,0.365,29,28,30,29,2,1,6.0,1.0,5.0,1.0,2.62,-0.41,-0.41,51.4,,,,,
SV,2023-06-25,82.4,-1.34,6.02,"Ohtani, Shohei",660271,453268,field_out,hit_into_play,,,,,14.0,Shohei Ohtani flies out to right fielder Nolan Jones.,R,L,R,COL,LAA,X,9.0,fly_ball,1,2,2023,0.82,0.25,1.07,2.16,,,623205.0,1,8,Top,187.93,94.85,,,,,3.8669926142875473,-120.04955467821044,-2.794777316861331,7.299598713909784,21.298503049954167,-29.418007974121764,3.55,1.61,338.0,100.4,44.0,82.3,2740.0,6.0,717616,553869,660707,605612,641857,678662,545341,686668,666134,54.54,0.042,0.063,0.0,1.0,0.0,0.0,3.0,58,4,Slurve,4,2,2,4,2,4,2,4,Infield shade,Standard,59.0,0.037,-0.185,,,0.13,0.185,100.4,2,-2,0.866,0.134,38,28,38,29,1,3,2.0,1.0,3.0,1.0,3.07,-0.82,0.82,36.1,,,,,
KC,2023-06-25,79.3,1.75,6.47,"Ohtani, Shohei",660271,596295,field_out,hit_into_play,,,,,4.0,"Shohei Ohtani grounds out, second baseman Coco Montes to first baseman Elehuris Montero.",R,L,L,COL,LAA,X,4.0,ground_ball,0,2,2023,-0.57,-0.47,-0.65,2.78,,,,1,1,Top,154.6,159.09,,,,,-4.203266021887331,-115.47076467515916,-0.4589973515218212,-4.386790264660534,19.535927005803153,-36.55773473511221,3.55,1.61,34.0,75.2,-2.0,79.8,2578.0,6.4,717616,553869,660707,663796,641857,678662,545341,686668,666134,54.07,0.084,0.08,0.0,1.0,0.0,0.0,2.0,2,3,Knuckle Curve,0,0,0,0,0,0,0,0,Infield shade,Standard,327.0,0.01,-0.17,,,0.084,0.17,88.0,0,0,0.528,0.472,29,28,30,29,1,0,6.0,1.0,5.0,1.0,4.07,-0.57,-0.57,50.2,,,,,
SI,2023-06-24,93.2,-2.22,5.71,"Ohtani, Shohei",660271,663562,field_out,hit_into_play,,,,,4.0,"Shohei Ohtani grounds out, second baseman Harold Castro to first baseman Elehuris Montero. Taylor Ward to 3rd.",R,L,R,COL,LAA,X,4.0,ground_ball,1,1,2023,-0.98,0.53,-0.43,2.86,,621493.0,,1,6,Top,142.97,163.59,,,,,6.700397265789895,-135.6867404652198,-2.7695779228497956,-13.508870843168785,26.59048366433659,-25.18068921281391,3.54,1.61,1.0,76.0,-63.0,93.0,2247.0,5.9,717640,595751,660707,605612,663796,678662,545341,686668,666134,54.58,0.305,0.297,0.0,1.0,0.0,0.0,2.0,66,3,Sinker,0,24,24,0,24,0,24,0,Strategic,Standard,238.0,0.0,-0.262,,,0.334,0.262,88.0,-24,24,0.001,0.999,26,28,26,29,3,5,4.0,1.0,85.0,1.0,2.07,0.98,-0.98,28.0,,,,,
CH,2023-06-24,84.4,-1.01,5.73,"Ohtani, Shohei",660271,502624,single,hit_into_play,,,,,5.0,Shohei Ohtani singles on a line drive to right fielder Nolan Jones. Mickey Moniak scores. Taylor Ward to 2nd.,R,L,R,COL,LAA,X,9.0,line_drive,1,0,2023,-1.11,0.82,-0.24,2.39,666160.0,,621493.0,2,3,Top,148.97,93.93,,,,,3.997603044298417,-122.97567766060632,-3.124023757935696,-12.055533502607116,21.99268211886407,-23.426504622386997,3.54,1.61,166.0,79.1,15.0,84.7,2275.0,6.2,717640,553869,660707,605612,641857,678662,545341,686668,666134,54.31,0.821,0.759,0.9,1.0,1.0,0.0,4.0,28,2,Changeup,0,6,6,0,7,0,7,0,Standard,Standard,237.0,-0.021,0.552,,,0.91,-0.552,88.0,-6,6,0.061,0.939,35,28,36,29,3,2,6.0,1.0,5.0,1.0,2.35,1.11,-1.11,38.9,,,,,
CH,2023-06-24,86.6,-2.19,5.31,"Ohtani, Shohei",660271,666154,grounded_into_double_play,hit_into_play,,,,,7.0,"Shohei Ohtani grounds into a double play, shortstop Ezequiel Tovar to first baseman Elehuris Montero. Taylor Ward out at 2nd. Shohei Ohtani out at 1st.",R,L,R,COL,LAA,X,6.0,ground_ball,2,1,2023,-0.82,0.17,-0.72,1.68,,,621493.0,1,8,Top,120.54,149.05,,,,,5.333315792811302,-126.224802477632,-2.9651380341183495,-9.817508384740496,21.267802158560382,-30.053443026780094,3.54,1.61,78.0,104.2,3.0,89.1,1299.0,7.4,717640,595751,660707,605612,663796,678662,545341,686668,666134,53.11,0.568,0.522,0.0,1.0,0.0,0.0,4.0,82,4,Changeup,0,25,25,0,25,0,25,0,Infield shade,Standard,243.0,0.0,-0.362,,,0.628,0.362,104.2,-25,25,0.001,0.999,25,28,26,29,1,6,3.0,1.0,30.0,1.0,2.82,0.82,-0.82,28.9,,,,,
FF,2023-06-24,94.4,-0.78,5.88,"Ohtani, Shohei",660271,502624,field_out,hit_into_play,,,,,2.0,Shohei Ohtani flies out to left fielder Randal Grichuk.,R,L,R,COL,LAA,X,7.0,fly_ball,0,0,2023,-0.66,0.84,0.04,3.21,,,621493.0,0,1,Top,36.04,110.33,,,,,3.582137972081256,-137.4849792135871,-3.1878806691659154,-9.187841988227833,27.27026473933546,-20.960624247857744,3.54,1.61,311.0,93.1,52.0,94.3,2136.0,6.0,717640,553869,660707,605612,641857,678662,545341,686668,666134,54.52,0.005,0.006,0.0,1.0,0.0,0.0,3.0,2,1,4-Seam Fastball,0,0,0,0,0,0,0,0,Infield shade,Standard,207.0,0.034,-0.241,,,0.01,0.241,93.1,0,0,0.464,0.536,35,28,36,29,1,0,6.0,1.0,5.0,1.0,1.69,0.66,-0.66,47.6,,,,,
FC,2023-06-24,90.8,-2.07,5.84,"Ohtani, Shohei",660271,663562,field_out,hit_into_play,,,,,14.0,Shohei Ohtani lines out to right fielder Nolan Jones.,R,L,R,COL,LAA,X,9.0,line_drive,0,1,2023,-0.14,0.73,1.04,2.57,,,621493.0,0,4,Top,185.5,89.98,,,,,8.021761427690185,-132.09139840910973,-3.894970519743138,-3.1304522426860077,23.88424184725979,-22.993196933112117,3.54,1.61,307.0,90.5,24.0,90.9,2346.0,6.0,717640,553869,660707,605612,641857,678662,545341,686668,666134,54.5,0.124,0.149,0.0,1.0,0.0,0.0,3.0,41,2,Cutter,0,15,15,0,15,0,15,0,Infield shade,Standard,213.0,0.0,-0.205,,,0.235,0.205,90.5,-15,15,0.003,0.997,26,28,26,29,1,3,4.0,1.0,85.0,1.0,2.0,0.14,-0.14,33.1,,,,,
SI,2023-06-23,86.9,1.62,5.65,"Ohtani, Shohei",660271,607536,home_run,hit_into_play,,,,,12.0,Shohei Ohtani homers (25) on a fly ball to right center field.,R,L,L,COL,LAA,X,,fly_ball,2,1,2023,1.05,0.84,1.09,2.86,,,,0,5,Top,197.85,37.98,,,,,-3.4622835689335147,-126.64447732933836,-2.315803671462229,11.995941599232708,23.46898612294931,-22.797110933965936,3.55,1.61,434.0,103.1,26.0,88.3,2507.0,6.9,717644,553869,660707,663796,641857,678662,595777,686668,666134,53.65,0.6910487804878054,2.0,2.0,1.0,0.0,3.0,6.0,39,4,Sinker,2,2,2,2,3,2,3,2,Infield shade,Standard,133.0,-0.133,1.067,,,2.6027073170731714,-1.067,103.1,0,0,0.495,0.505,30,28,30,29,3,2,8.0,2.0,5.0,1.0,2.14,1.05,1.05,20.7,,,,,
FC,2023-06-23,81.0,1.48,5.77,"Ohtani, Shohei",660271,607536,field_out,hit_into_play,,,,,2.0,Shohei Ohtani flies out sharply to center fielder Brenton Doyle.,R,L,L,COL,LAA,X,8.0,fly_ball,0,0,2023,-0.24,0.37,0.23,3.37,,,621493.0,0,3,Top,89.07,54.04,,,,,-2.3673520177465983,-118.12190151343268,0.4421222709768329,-1.9292808421696908,18.01748725093337,-28.864132246579725,3.55,1.61,370.0,104.7,43.0,82.8,2370.0,6.9,717644,553869,660707,663796,641857,678662,595777,686668,666134,53.57,0.2585,0.506,0.0,1.0,0.0,0.0,5.0,22,1,Cutter,2,2,2,2,2,2,2,2,Infield shade,Standard,172.0,0.038,-0.241,,,0.9885,0.241,104.7,0,0,0.459,0.5409999999999999,30,28,30,29,2,1,8.0,2.0,5.0,1.0,3.03,-0.24,-0.24,25.1,,,,,
CH,2023-06-23,88.0,-1.81,6.02,"Ohtani, Shohei",660271,663567,single,hit_into_play,,,,,6.0,Shohei Ohtani singles on a ground ball to right fielder Nolan Jones.,R,L,R,COL,LAA,X,9.0,ground_ball,0,0,2023,-0.98,0.44,0.42,2.59,,,,2,6,Top,182.87,95.19,,,,,7.453651705336965,-128.08157394508842,-3.2305373462793616,-12.17088074877335,22.39897393173628,-26.91271779876854,3.55,1.61,143.0,110.5,7.0,88.7,1442.0,6.4,717644,553869,660707,663796,641857,678662,595777,686668,666134,54.11,0.718,0.671,0.9,1.0,1.0,0.0,4.0,53,1,Changeup,2,4,4,2,4,2,4,2,Infield shade,Standard,238.0,-0.009,0.344,,,0.853,-0.344,110.5,-2,2,0.251,0.749,26,28,26,29,1,3,3.0,2.0,6.0,1.0,2.47,0.98,-0.98,50.3,,,,,
SI,2023-06-23,88.3,1.36,5.83,"Ohtani, Shohei",660271,607536,double,hit_into_play,,,,,3.0,Shohei Ohtani doubles (15) on a sharp line drive to center fielder Brenton Doyle.,R,L,L,COL,LAA,X,8.0,line_drive,2,2,2023,0.76,0.51,0.56,2.97,,,,1,1,Top,174.35,54.03,,,,,-3.553583603675778,-128.6262014431651,-2.0479328921583564,9.13363129968196,23.86333493782033,-26.256002446419128,3.55,1.61,321.0,115.5,16.0,89.5,2362.0,6.8,717644,553869,660707,663796,641857,678662,595777,686668,666134,53.75,0.7719999999999999,1.283,1.25,1.0,1.0,1.0,6.0,2,5,Sinker,0,0,0,0,0,0,0,0,Infield shade,Standard,138.0,-0.043,0.696,,,2.38025,-0.696,115.5,0,0,0.524,0.476,30,28,30,29,1,0,8.0,2.0,5.0,1.0,2.38,0.76,0.76,26.1,,,,,
FF,2023-06-21,93.8,1.2,5.61,"Ohtani, Shohei",660271,681911,field_out,hit_into_play,,,,,12.0,Shohei Ohtani pops out to third baseman Michael Busch.,R,L,L,LAA,LAD,X,5.0,popup,0,0,2023,0.47,1.54,0.29,3.69,,,,0,6,Bot,85.66,148.3,,,,,-3.406559833628085,-136.48552432322052,-2.5804783104176203,6.6086678610301215,34.238700349636424,-12.685787285227748,3.56,1.62,151.0,98.1,70.0,93.9,2306.0,6.7,717662,669257,518692,678246,683737,605141,444482,681546,518792,53.84,0.013,0.017,0.0,1.0,0.0,0.0,3.0,45,1,4-Seam Fastball,0,1,0,1,1,0,0,1,Standard,Standard,157.0,-0.04,-0.265,,,0.022,0.265,98.1,-1,-1,0.396,0.396,27,28,27,29,1,2,4.0,1.0,15.0,2.0,1.08,0.47,0.47,49.6,,,,,
SL,2023-06-21,85.3,2.43,4.75,"Ohtani, Shohei",660271,624647,field_out,hit_into_play,,,,,4.0,Shohei Ohtani lines out to left fielder David Peralta.,R,L,L,LAA,LAD,X,7.0,line_drive,2,1,2023,-0.3,0.28,-0.6,2.37,,,,0,4,Bot,76.16,99.28,,,,,-6.503665361326813,-123.97177518050424,0.2170059434552503,-1.6501632442921612,27.250837845203847,-29.601125294518248,3.56,1.62,278.0,81.4,28.0,85.0,2329.0,6.4,717662,669257,518692,678246,683737,605141,444482,681546,518792,54.13,0.118,0.127,0.0,1.0,0.0,0.0,3.0,27,4,Slider,0,1,0,1,1,0,0,1,Standard,Standard,254.0,-0.035,-0.313,,,0.188,0.313,88.0,-1,-1,0.433,0.433,27,28,28,29,1,1,3.0,1.0,7.0,2.0,2.89,-0.3,-0.3,20.0,,,,,
ST,2023-06-21,86.5,-2.17,5.19,"Ohtani, Shohei",660271,623465,field_out,hit_into_play,,,,,8.0,Shohei Ohtani flies out sharply to center fielder Jonny Deluca.,R,L,R,LAA,LAD,X,8.0,fly_ball,2,2,2023,1.14,0.32,0.18,2.08,,,,0,9,Bot,108.0,81.22,,,,,3.2999730322192344,-125.94989107194108,-1.8580952173880576,11.444449138460442,26.48801230874136,-28.574114740906836,3.56,1.62,297.0,100.1,46.0,87.0,2572.0,6.7,717662,669257,518692,678246,683737,500743,444482,676356,605141,53.84,0.026,0.035,0.0,1.0,0.0,0.0,3.0,65,5,Sweeper,0,2,0,2,2,0,0,2,Standard,Strategic,70.0,-0.043,-0.239,,,0.067,0.239,100.1,-2,-2,0.09,0.09,28,28,29,29,1,3,1.0,1.0,3.0,2.0,2.73,-1.14,1.14,23.0,,,,,
SL,2023-06-20,87.9,1.54,6.16,"Ohtani, Shohei",660271,477132,field_out,hit_into_play,,,,,4.0,Shohei Ohtani flies out sharply to left fielder Jonny Deluca.,R,L,L,LAA,LAD,X,7.0,fly_ball,0,1,2023,-0.38,0.56,-0.55,2.33,,,623205.0,1,6,Bot,76.89,62.14,,,,,-4.326655806254854,-127.8475034624476,-4.319340329251052,-3.2262509602667064,28.13660432589576,-25.366282086899492,3.55,1.61,370.0,102.1,28.0,88.5,2261.0,6.8,717678,669257,518692,678246,683737,500743,676356,681546,605141,53.68,0.5925625,1.1182968749999995,0.0,1.0,0.0,0.0,6.0,40,2,Slider,0,0,0,0,0,0,0,0,Infield shade,Standard,196.0,-0.037,-0.215,,,2.2107656250000005,0.215,102.1,0,0,0.572,0.572,35,28,35,29,3,2,6.0,2.0,7.0,1.0,2.41,-0.38,-0.38,57.5,,,,,
FF,2023-06-20,92.0,1.68,6.2,"Ohtani, Shohei",660271,477132,field_out,hit_into_play,,,,,2.0,Shohei Ohtani flies out sharply to left fielder Jonny Deluca.,R,L,L,LAA,LAD,X,7.0,fly_ball,0,0,2023,-0.01,1.49,-0.08,3.36,,,,1,1,Bot,72.12,84.5,,,,,-4.490967574246304,-133.87307539424242,-4.614352683203734,0.9500333180796456,30.349436814696976,-13.50630641261385,3.55,1.61,314.0,102.6,47.0,92.4,2236.0,6.7,717678,669257,518692,678246,683737,500743,676356,681546,605141,53.83,0.045,0.057,0.0,1.0,0.0,0.0,3.0,5,1,4-Seam Fastball,0,0,0,0,0,0,0,0,Infield shade,Standard,168.0,-0.016,-0.267,,,0.112,0.267,102.6,0,0,0.526,0.526,35,28,35,29,1,0,6.0,2.0,7.0,1.0,1.22,-0.01,-0.01,58.5,,,,,
CU,2023-06-18,69.7,-1.1,6.23,"Ohtani, Shohei",660271,425844,home_run,hit_into_play,,,,,9.0,Shohei Ohtani homers (24) on a fly ball to right center field. Taylor Ward scores.,R,L,R,KC,LAA,X,,fly_ball,3,2,2023,0.92,-0.9,0.66,1.91,,621493.0,,0,5,Top,196.82,48.29,,,,,1.8576189622784691,-101.47072975461091,0.8631358738707071,6.094046785058785,16.284752072874007,-38.74635039304343,3.56,1.63,422.0,117.1,22.0,69.6,2222.0,6.1,717712,666023,622110,670032,672580,677951,669392,671221,680118,54.36,0.982,1.9083333333333332,2.0,1.0,0.0,3.0,6.0,37,6,Curveball,2,1,1,2,3,2,3,2,Standard,Strategic,48.0,-0.183,0.972,,,3.7596666666666665,-0.972,117.1,1,-1,0.545,0.4549999999999999,39,28,40,29,3,2,6.0,1.0,5.0,2.0,5.58,-0.92,0.92,48.6,,,,,
CH,2023-06-18,86.4,-1.51,6.08,"Ohtani, Shohei",660271,425844,field_out,hit_into_play,,,,,4.0,"Shohei Ohtani grounds out, second baseman Nicky Lopez to first baseman Matt Duffy.",R,L,R,KC,LAA,X,4.0,ground_ball,1,0,2023,-1.13,0.26,-0.54,2.71,,,,1,1,Top,151.45,156.92,,,,,4.6101134954008645,-125.88086053397424,-2.452057917437146,-12.9354111416701,22.44292478434251,-29.091478702503533,3.56,1.63,63.0,97.2,2.0,87.0,1858.0,6.3,717712,666023,622110,670032,672580,677951,669392,671221,680118,54.18,0.471,0.463,0.0,1.0,0.0,0.0,4.0,2,2,Changeup,0,0,0,0,0,0,0,0,Infield shade,Strategic,238.0,0.018,-0.306,,,0.558,0.306,97.2,0,0,0.52,0.48,39,28,40,29,1,0,6.0,1.0,5.0,2.0,2.75,1.13,-1.13,38.7,,,,,
CH,2023-06-17,86.1,-1.98,5.64,"Ohtani, Shohei",660271,594577,force_out,hit_into_play,,,,,13.0,"Shohei Ohtani grounds into a force out, second baseman Nicky Lopez to shortstop Bobby Witt Jr. Luis Rengifo scores. Mickey Moniak out at 2nd. Shohei Ohtani to 1st.",R,L,R,KC,LAA,X,4.0,ground_ball,0,0,2023,-0.98,0.28,-0.09,1.25,650859.0,,666160.0,1,5,Top,138.51,147.08,,,,,6.481984312669022,-125.37578881828284,-4.914063171155613,-11.53771286343763,19.228209520259824,-28.52893118267906,3.57,1.62,102.0,82.0,7.0,87.0,1522.0,6.3,717726,521692,668472,670032,672580,677951,669392,671221,669004,54.2,0.368,0.345,0.0,1.0,0.0,0.0,4.0,36,1,Changeup,2,3,3,2,4,2,4,2,Strategic,Standard,237.0,-0.02,-0.339,,,0.424,0.339,88.0,-1,1,0.29,0.71,31,28,32,29,3,2,6.0,1.0,,1.0,2.73,0.98,-0.98,42.7,,,,,
CH,2023-06-17,86.5,-1.98,5.52,"Ohtani, Shohei",660271,594577,field_out,hit_into_play,,,,,7.0,"Shohei Ohtani grounds out, second baseman Nicky Lopez to first baseman Nick Pratto.",R,L,R,KC,LAA,X,4.0,ground_ball,1,1,2023,-1.2,0.44,-0.44,1.64,,,,2,3,Top,148.66,152.16,,,,,6.108187338069509,-125.90697799428882,-3.9738192376555386,-13.944473915312038,24.72333468954541,-26.85725219270664,3.57,1.62,61.0,86.9,3.0,86.5,1622.0,6.2,717726,521692,668472,670032,672580,677951,669392,671221,669004,54.29,0.371,0.35,0.0,1.0,0.0,0.0,2.0,19,3,Changeup,0,2,2,0,2,0,2,0,Infield shade,Standard,229.0,0.009,-0.261,,,0.431,0.261,88.0,-2,2,0.319,0.681,31,28,32,29,2,1,6.0,1.0,,1.0,2.59,1.2,-1.2,40.5,,,,,
SL,2023-06-17,85.0,-2.18,5.67,"Ohtani, Shohei",660271,594577,field_out,hit_into_play,,,,,8.0,Shohei Ohtani lines out to right fielder MJ Melendez.,R,L,R,KC,LAA,X,9.0,line_drive,3,2,2023,0.45,-0.1,-0.06,1.92,,,666160.0,0,1,Top,186.72,85.04,,,,,4.0575254712817515,-123.89625843272096,-2.3479220968444663,3.9946898677719496,21.876901036035335,-33.023022676705416,3.57,1.62,343.0,101.7,19.0,85.3,2113.0,6.1,717726,521692,668472,670032,672580,677951,669392,671221,669004,54.37,0.445,0.543,0.0,1.0,0.0,0.0,5.0,2,6,Slider,0,0,0,0,0,0,0,0,Infield shade,Standard,90.0,0.042,-0.303,,,0.88,0.303,101.7,0,0,0.456,0.544,31,28,32,29,1,0,6.0,1.0,,1.0,3.22,-0.45,0.45,40.7,,,,,
CH,2023-06-17,88.4,-1.46,5.83,"Ohtani, Shohei",660271,664199,home_run,hit_into_play,,,,,1.0,Shohei Ohtani homers (23) on a fly ball to center field.,R,L,R,KC,LAA,X,,fly_ball,0,0,2023,-1.34,0.46,-0.37,3.02,,,,1,7,Top,114.64,22.41,,,,,5.4705741446394995,-128.6203338093402,-1.7122214338367725,-15.958184023539218,27.318731163928316,-26.89879090274181,3.57,1.62,437.0,110.0,30.0,88.6,1463.0,6.4,717726,521692,668472,670032,672580,677951,669392,671221,669004,54.05,0.9645,1.9305,2.0,1.0,0.0,3.0,6.0,53,1,Changeup,2,7,7,2,8,2,8,2,Infield shade,Standard,236.0,-0.017,1.583,,,3.848,-1.583,110.0,-5,5,0.035,0.965,30,28,30,29,1,3,5.0,1.0,2.0,1.0,2.46,1.34,-1.34,42.3,,,,,
CH,2023-06-16,87.6,-1.6,5.18,"Ohtani, Shohei",660271,663903,field_out,hit_into_play,,,,,13.0,"Shohei Ohtani grounds out, second baseman Matt Duffy to first baseman Nick Pratto.",R,L,R,KC,LAA,X,4.0,ground_ball,0,1,2023,-1.27,0.56,-0.92,2.58,,,666160.0,2,5,Top,155.26,160.3,,,,,4.342773071036591,-127.56536362789988,-1.3351551820445986,-14.72752162903908,26.509723971384496,-25.952667930089707,3.57,1.63,6.0,70.2,-24.0,89.0,2122.0,7.2,717736,666023,668472,622110,672580,677951,680118,671221,669004,53.33,0.039,0.056,0.0,1.0,0.0,0.0,2.0,37,2,Changeup,0,1,1,0,1,0,1,0,Infield shade,Standard,218.0,0.02,-0.241,,,0.04,0.241,88.0,-1,1,0.395,0.605,26,28,27,29,3,2,6.0,1.0,5.0,1.0,2.4,1.27,-1.27,28.9,,,,,
SI,2023-06-16,93.8,-1.46,5.15,"Ohtani, Shohei",660271,663903,double,hit_into_play,,,,,8.0,Shohei Ohtani doubles (14) on a sharp line drive to left fielder Dairon Blanco.,R,L,R,KC,LAA,X,7.0,line_drive,1,1,2023,-1.35,0.48,0.13,1.85,,,,1,1,Top,52.45,127.19,,,,,7.22224022179836,-136.47645823508668,-3.9365846221877216,-18.474609056820924,28.64715879296213,-25.541938031094993,3.57,1.63,201.0,106.1,10.0,95.4,2200.0,7.1,717736,666023,668472,622110,672580,677951,680118,671221,669004,53.41,0.858,0.854,1.25,1.0,1.0,1.0,4.0,2,3,Sinker,0,0,0,0,0,0,0,0,Infield shade,Standard,217.0,-0.042,0.673,,,1.108,-0.673,106.1,0,0,0.523,0.477,26,28,27,29,1,0,6.0,1.0,5.0,1.0,2.1,1.35,-1.35,29.8,,,,,
FS,2023-06-15,87.6,-2.38,5.68,"Ohtani, Shohei",660271,543135,field_out,hit_into_play,,,,,4.0,"Shohei Ohtani grounds out, second baseman Marcus Semien to first baseman Nathaniel Lowe.",R,L,R,TEX,LAA,X,4.0,ground_ball,0,1,2023,-1.05,0.12,-0.61,2.41,,,,1,3,Top,153.41,150.38,,,,,6.5430782772235165,-127.52349020114175,-2.0781851531804927,-12.788333393880492,23.69299554149742,-30.60794658738981,3.54,1.63,9.0,97.8,-15.0,89.2,1697.0,7.0,717751,641680,663993,543760,669701,608369,608671,665750,666969,53.45,0.216,0.216,0.0,1.0,0.0,0.0,2.0,20,2,Split-Finger,0,1,1,0,1,0,1,0,Infield shade,Standard,228.0,0.014,-0.227,,,0.231,0.227,97.8,-1,1,0.412,0.5880000000000001,33,28,33,29,2,1,5.0,1.0,5.0,1.0,2.82,1.05,-1.05,35.0,,,,,
SL,2023-06-15,86.5,1.87,6.26,"Ohtani, Shohei",660271,656271,home_run,hit_into_play,,,,,1.0,Shohei Ohtani homers (22) on a fly ball to center field. Taylor Ward scores.,R,L,L,TEX,LAA,X,,fly_ball,0,0,2023,-0.17,0.65,-0.4,3.1,,,621493.0,0,8,Top,93.57,22.28,,,,,-5.16389064263056,-125.94089077176956,-2.701473681315871,-0.8450480645229476,24.34984164410116,-24.949151081434863,3.54,1.63,443.0,109.4,28.0,88.1,1969.0,7.2,717751,641680,663993,677649,669701,608369,608671,665750,666969,53.35,0.9555882352941176,2.0,2.0,1.0,0.0,3.0,6.0,59,1,Slider,2,3,3,2,5,2,5,2,Infield shade,Standard,181.0,-0.149,1.061,,,3.806117647058823,-1.061,109.4,-1,1,0.221,0.779,26,28,27,29,1,3,2.0,1.0,4.0,1.0,2.39,-0.17,-0.17,38.9,,,,,
FF,2023-06-14,94.0,2.84,4.79,"Ohtani, Shohei",660271,571760,single,hit_into_play,,,,,8.0,Shohei Ohtani singles on a line drive to left fielder Robbie Grossman.   Chad Wallach to 2nd.,R,L,L,TEX,LAA,X,7.0,line_drive,3,2,2023,1.5,1.04,0.16,2.0,,,595453.0,2,4,Top,77.21,99.5,,,,,-10.263896948154706,-136.33937094586545,-3.752111426773408,21.11687148873149,33.13055130106839,-18.54563140971582,3.47,1.62,224.0,86.2,16.0,93.5,2465.0,6.4,717765,641598,677649,543760,673962,608369,543257,665750,666969,54.08,0.966,0.908,0.9,1.0,1.0,0.0,4.0,30,7,4-Seam Fastball,1,1,1,1,1,1,1,1,Infield shade,Standard,120.0,-0.021,0.349,,,1.102,-0.349,88.0,0,0,0.528,0.472,32,28,32,29,3,2,5.0,1.0,5.0,1.0,1.58,1.5,1.5,27.7,,,,,
FF,2023-06-14,94.1,1.07,6.54,"Ohtani, Shohei",660271,519293,home_run,hit_into_play,,,,,5.0,Shohei Ohtani homers (21) on a fly ball to left center field.   Taylor Ward scores.,R,L,L,TEX,LAA,X,,fly_ball,1,0,2023,0.69,1.48,0.22,2.53,,621493.0,,1,9,Top,58.48,27.57,,,,,-3.7363878793102256,-136.8747644014874,-7.979942947588889,9.518295494624777,30.523526013985567,-12.031698600751003,3.47,1.62,453.0,116.1,26.0,94.1,2312.0,6.3,717765,641598,677649,543760,673962,608369,608671,665750,666969,54.18,0.996,2.0,2.0,1.0,0.0,3.0,6.0,75,2,4-Seam Fastball,6,1,1,6,3,6,3,6,Infield shade,Standard,144.0,-0.007,1.256,,,3.965,-1.256,116.1,5,-5,0.992,0.008,33,28,34,29,1,4,2.0,1.0,3.0,1.0,1.1,0.69,0.69,43.5,,,,,
SL,2023-06-14,88.2,-1.28,6.12,"Ohtani, Shohei",660271,622250,field_out,hit_into_play,,,,,8.0,"Shohei Ohtani grounds out, second baseman Marcus Semien to first baseman Ezequiel Duran.",R,L,R,TEX,LAA,X,4.0,ground_ball,1,1,2023,0.0,0.11,0.1,1.83,,,,0,7,Top,141.52,168.17,,,,,3.360810635700391,-128.48325712371104,-4.607086940233328,-0.7076265902015875,25.552961016324016,-30.19169910805821,3.47,1.62,17.0,81.0,-5.0,88.2,2115.0,6.1,717765,641598,677649,543760,673962,608369,543257,665750,666969,54.38,0.145,0.139,0.0,1.0,0.0,0.0,2.0,53,3,Slider,1,1,1,1,1,1,1,1,Infield shade,Standard,45.0,0.037,-0.254,,,0.174,0.254,88.0,0,0,0.502,0.498,29,28,30,29,1,3,2.0,1.0,3.0,1.0,2.8,0.0,0.0,42.6,,,,,
CH,2023-06-13,88.2,-1.1,5.99,"Ohtani, Shohei",660271,669391,single,hit_into_play,,,,,7.0,Shohei Ohtani singles on a ground ball to right fielder Adolis Garcia.,R,L,R,TEX,LAA,X,9.0,ground_ball,1,0,2023,-1.1,0.67,-0.77,2.18,,,,1,6,Top,163.79,94.44,,,,,3.08514198250159,-128.50659051695976,-4.6127143194487825,-12.877904488941326,25.467053069846333,-24.0431483291773,3.47,1.62,78.0,87.0,5.0,88.5,1830.0,6.3,717780,641680,663993,543760,673962,608369,677649,665750,666969,54.19,0.418,0.396,0.9,1.0,1.0,0.0,4.0,45,2,Changeup,3,1,1,3,1,3,1,3,Infield shade,Strategic,221.0,-0.032,0.377,,,0.486,-0.377,88.0,2,-2,0.806,0.1939999999999999,23,28,24,29,1,2,,1.0,43.0,1.0,2.25,1.1,-1.1,48.4,,,,,
CH,2023-06-13,82.4,0.89,5.86,"Ohtani, Shohei",660271,674003,double,hit_into_play,,,,,12.0,Shohei Ohtani doubles (13) on a sharp line drive to right fielder Adolis Garcia.,R,L,L,TEX,LAA,X,9.0,line_drive,3,2,2023,1.23,1.36,0.85,2.72,,,,1,1,Top,222.31,100.22,,,,,-2.54741510739261,-119.97046994843612,-3.3071677651073568,12.330752170423771,24.274175199781563,-18.61075189913924,3.47,1.62,254.0,112.5,16.0,84.0,1958.0,7.4,717780,641680,663993,543760,673962,608369,677649,665750,666969,53.07,0.6885,1.10325,1.25,1.0,1.0,1.0,6.0,2,6,Changeup,0,0,0,0,0,0,0,0,Infield shade,Standard,125.0,-0.037,0.602,,,2.024375,-0.602,112.5,0,0,0.518,0.482,25,28,25,29,1,0,16.0,1.0,13.0,1.0,2.0,1.23,1.23,49.9,,,,,
SI,2023-06-12,90.6,-2.51,5.52,"Ohtani, Shohei",660271,641540,sac_fly,hit_into_play,,,,,5.0,Shohei Ohtani out on a sacrifice fly to left fielder Ezequiel Duran.   Zach Neto scores.,R,L,R,TEX,LAA,X,7.0,fly_ball,0,1,2023,-1.16,0.63,0.27,2.71,687263.0,,621493.0,0,5,Top,40.74,101.07,,,,,9.487771276234843,-131.59634899675416,-2.394225909215967,-15.531739257840885,28.206082024171824,-24.59315387657862,3.44,1.61,321.0,94.9,30.0,91.0,2009.0,6.6,717792,641680,663993,543760,673962,608369,677649,665750,666969,53.86,0.22125,0.4024999999999999,0.0,1.0,0.0,0.0,5.0,41,2,Sinker,5,1,1,5,2,5,2,5,Standard,Standard,215.0,0.028,-0.217,,,0.783,0.217,94.9,4,-4,0.805,0.1949999999999999,28,28,29,29,3,2,6.0,1.0,5.0,1.0,2.16,1.16,-1.16,40.3,,,,,
SI,2023-06-12,92.9,-2.91,4.33,"Ohtani, Shohei",660271,681982,home_run,hit_into_play,,,,,9.0,Shohei Ohtani homers (19) on a fly ball to center field.,R,L,R,TEX,LAA,X,,fly_ball,0,1,2023,-1.48,0.34,0.44,1.9,,,,1,7,Top,91.62,16.04,,,,,11.91767524206365,-134.85666330695972,-1.1613019000897664,-20.701958154667512,28.99438952996159,-28.01121795049714,3.44,1.61,459.0,114.1,25.0,93.5,2205.0,6.7,717792,641680,663993,543760,673962,608369,608671,665750,666969,53.75,0.99475,2.0,2.0,1.0,0.0,3.0,6.0,57,2,Sinker,5,4,4,5,5,5,5,5,Infield shade,Standard,247.0,-0.202,1.623,,,3.95825,-1.623,114.1,1,-1,0.741,0.259,26,28,26,29,1,3,1.0,1.0,2.0,1.0,2.31,1.48,-1.48,1.6,,,,,
FC,2023-06-12,92.7,1.69,6.42,"Ohtani, Shohei",660271,666142,home_run,hit_into_play,,,,,2.0,Shohei Ohtani homers (20) on a fly ball to left field.   Taylor Ward scores.,R,L,L,TEX,LAA,X,,fly_ball,0,0,2023,0.11,0.56,0.21,3.44,,621493.0,,0,12,Top,31.92,72.57,,,,,-4.014637173407571,-134.9783362040206,-3.0384003716718286,2.1987119500260857,30.9226921417388,-24.867246123783428,3.44,1.61,388.0,107.0,28.0,92.4,2404.0,6.2,717792,506702,663993,543760,673962,608369,608671,665750,666969,54.3,0.94125,1.8781562500000009,2.0,1.0,0.0,3.0,6.0,97,1,Cutter,5,5,5,5,7,5,7,5,Standard,Standard,154.0,-0.161,1.0,,,3.744093750000001,-1.0,107.0,0,0,0.333,0.667,25,28,26,29,1,5,6.0,1.0,33.0,1.0,2.1,0.11,0.11,43.8,,,,,
CH,2023-06-12,86.1,-2.69,5.49,"Ohtani, Shohei",660271,641540,field_out,hit_into_play,,,,,8.0,Shohei Ohtani grounds out to first baseman Nathaniel Lowe.   Taylor Ward to 2nd.,R,L,R,TEX,LAA,X,3.0,ground_ball,2,1,2023,-1.42,0.34,0.23,1.65,,,621493.0,0,1,Top,146.16,186.64,,,,,9.830665437094853,-124.94996603929128,-3.563840641752372,-16.82664972762322,24.29707994243454,-28.06914377184592,3.44,1.61,1.0,65.4,-63.0,86.4,1794.0,6.6,717792,641680,663993,543760,673962,608369,677649,665750,666969,53.93,0.224,0.23,0.0,1.0,0.0,0.0,2.0,2,4,Changeup,0,0,0,0,0,0,0,0,Infield shade,Strategic,248.0,0.022,-0.38,,,0.224,0.38,88.0,0,0,0.459,0.5409999999999999,28,28,29,29,1,0,6.0,1.0,5.0,1.0,2.74,1.42,-1.42,34.4,,,,,
FS,2023-06-11,86.4,-1.26,6.34,"Ohtani, Shohei",660271,669302,single,hit_into_play,,,,,7.0,Shohei Ohtani singles on a sharp line drive to right fielder Teoscar Hernandez.,R,L,R,LAA,SEA,X,9.0,line_drive,1,2,2023,-0.49,0.31,-0.66,1.84,,,,0,3,Bot,169.36,89.76,,,,,2.462829044473511,-125.77420816294028,-5.243411172088062,-5.7029521113592985,24.156529491181644,-28.08487962109232,3.41,1.6,205.0,100.2,11.0,87.9,1070.0,7.1,717799,663728,664034,676609,553993,641487,672284,677594,606192,53.4,0.913,0.893,0.9,1.0,1.0,0.0,4.0,23,4,Split-Finger,3,0,3,0,0,3,3,0,Infield shade,Standard,222.0,0.021,0.504,,,1.127,-0.504,100.2,3,3,0.836,0.836,26,28,26,29,2,1,5.0,1.0,6.0,1.0,2.73,0.49,-0.49,46.4,,,,,
FC,2023-06-11,87.6,-0.35,6.91,"Ohtani, Shohei",660271,623167,single,hit_into_play,,,,,12.0,Shohei Ohtani singles on a ground ball to right fielder Teoscar Hernandez. Taylor Ward to 2nd.,R,L,R,LAA,SEA,X,9.0,ground_ball,0,1,2023,0.61,0.85,0.77,3.63,,,621493.0,0,8,Bot,194.51,106.97,,,,,1.4231785912347554,-127.6301585496283,-3.5579925873829357,6.392772102932244,26.88283564475757,-22.357166783451262,3.41,1.6,140.0,97.6,10.0,87.4,2273.0,6.2,717799,663728,664034,676609,553993,641487,672284,677594,606192,54.33,0.75,0.696,0.9,1.0,1.0,0.0,4.0,74,2,Cutter,8,4,8,4,4,8,8,4,Infield shade,Standard,173.0,0.002,0.489,,,0.863,-0.489,97.6,4,4,0.99,0.99,28,28,29,29,1,4,4.0,1.0,2.0,1.0,2.12,-0.61,0.61,73.9,,,,,
SL,2023-06-11,89.5,-1.15,6.34,"Ohtani, Shohei",660271,669302,field_out,hit_into_play,,,,,8.0,"Shohei Ohtani grounds out sharply, second baseman Jose Caballero to first baseman Ty France.",R,L,R,LAA,SEA,X,4.0,ground_ball,0,1,2023,-0.01,-0.07,-0.2,2.09,,,,0,1,Bot,146.05,141.1,,,,,2.406996090518031,-130.26570853901885,-4.41968727171733,-0.5932654987407209,28.065414148851584,-32.20206742625666,3.41,1.6,20.0,108.2,-5.0,91.1,2057.0,7.3,717799,663728,664034,676609,553993,641487,672284,677594,606192,53.18,0.389,0.372,0.0,1.0,0.0,0.0,2.0,6,2,Slider,1,0,1,0,0,1,1,0,Infield shade,Standard,83.0,-0.016,-0.223,,,0.394,0.223,108.2,1,1,0.642,0.642,26,28,26,29,1,0,5.0,1.0,6.0,1.0,2.92,0.01,-0.01,54.8,,,,,
SL,2023-06-11,88.1,-2.14,5.46,"Ohtani, Shohei",660271,666374,single,hit_into_play,,,,,3.0,Shohei Ohtani singles on a line drive to right fielder Teoscar Hernandez. Zach Neto to 3rd. Taylor Ward to 2nd.,R,L,R,LAA,SEA,X,9.0,line_drive,0,0,2023,1.27,0.18,0.41,3.07,,687263.0,621493.0,0,4,Bot,159.21,97.91,,,,,3.5439296792957795,-128.19882577226258,-0.0215140861520726,13.186108823886922,28.63504839155284,-30.41681074821733,3.41,1.6,223.0,93.6,17.0,88.0,2724.0,6.4,717799,663728,664034,676609,553993,641487,672284,677594,606192,54.1,0.608,0.598,0.9,1.0,1.0,0.0,4.0,37,1,Slider,6,2,6,2,2,6,6,2,Standard,Standard,57.0,0.018,0.46,,,0.799,-0.46,93.6,4,4,0.938,0.938,25,28,25,29,1,2,2.0,1.0,3.0,1.0,2.77,-1.27,1.27,36.7,,,,,
ST,2023-06-10,84.2,-1.61,4.8,"Ohtani, Shohei",660271,693433,home_run,hit_into_play,,,,,14.0,Shohei Ohtani homers (18) on a fly ball to right field.    Zach Neto scores.,R,L,R,LAA,SEA,X,,fly_ball,0,1,2023,1.16,0.74,1.02,1.95,,,687263.0,2,3,Bot,215.63,64.58,,,,,3.843357701930191,-122.62334257561328,-1.7599451774157338,10.991047539381594,23.039143952633836,-24.563818585562817,3.41,1.6,400.0,103.0,28.0,85.2,2267.0,6.8,717809,608596,664034,664238,553993,641487,572041,677594,672284,53.75,0.6864166666666665,1.3343833333333337,2.0,1.0,0.0,3.0,6.0,25,2,Sweeper,0,3,0,3,3,2,2,3,Infield shade,Standard,75.0,0.185,2.261,,,2.639366666666666,-2.261,103.0,-3,-3,0.205,0.205,23,28,23,29,2,1,7.0,1.0,6.0,1.0,2.46,-1.16,1.16,23.7,,,,,
FF,2023-06-10,96.3,-1.43,4.84,"Ohtani, Shohei",660271,693433,field_out,hit_into_play,,,,,2.0,Shohei Ohtani flies out sharply to center fielder Julio Rodriguez.,R,L,R,LAA,SEA,X,8.0,fly_ball,2,2,2023,-0.74,1.27,0.2,3.34,,,,1,1,Bot,112.23,87.08,,,,,6.10947295634491,-140.1648729887564,-1.2780735636333933,-11.117843749175629,32.682842038018435,-15.419643058032324,3.41,1.6,282.0,104.2,54.0,97.6,2260.0,7.1,717809,608596,664034,664238,553993,641487,572041,677594,672284,53.44,0.018,0.02,0.0,1.0,0.0,0.0,3.0,6,5,4-Seam Fastball,0,0,0,0,0,0,0,0,Infield shade,Standard,241.0,-0.014,-0.234,,,0.033,0.234,104.2,0,0,0.524,0.524,23,28,23,29,1,0,7.0,1.0,6.0,1.0,1.2,0.74,-0.74,24.8,,,,,
SI,2023-06-09,97.4,-1.7,5.17,"Ohtani, Shohei",660271,622491,double,hit_into_play,,,,,4.0,Shohei Ohtani doubles (12) on a sharp line drive to left fielder Jarred Kelenic. Zach Neto to 3rd.,R,L,R,LAA,SEA,X,7.0,line_drive,0,0,2023,-1.55,0.35,-0.5,2.58,,,687263.0,2,5,Bot,68.42,76.19,,,,,6.6997746488558985,-141.62470153235267,-2.1718421526702465,-22.43751972864307,34.98478478392535,-27.209498414417133,3.41,1.6,262.0,112.4,11.0,96.0,2185.0,5.7,717824,663728,664034,676609,553993,641487,672284,677594,606192,54.76,0.911,0.955,1.25,1.0,1.0,1.0,5.0,42,1,Sinker,3,3,3,3,3,3,3,3,Infield shade,Standard,237.0,0.046,0.881,,,1.293,-0.881,112.4,0,0,0.531,0.531,30,28,31,29,3,2,7.0,1.0,5.0,1.0,2.07,1.55,-1.55,19.8,,,,,
CH,2023-06-09,88.1,-2.12,4.85,"Ohtani, Shohei",660271,622491,home_run,hit_into_play,,,,,5.0,Shohei Ohtani homers (17) on a fly ball to right center field. Taylor Ward scores.,R,L,R,LAA,SEA,X,,fly_ball,1,0,2023,-1.57,0.26,0.26,2.51,,,621493.0,2,3,Bot,165.65,38.4,,,,,8.976710805957554,-127.94774120999595,-0.0601689011706604,-19.10870534954199,28.85737342111832,-29.580373912584957,3.41,1.6,440.0,112.9,30.0,87.3,1842.0,6.1,717824,663728,664034,676609,553993,641487,672284,677594,606192,54.41,0.989,2.0,2.0,1.0,0.0,3.0,6.0,25,2,Changeup,0,2,0,2,2,2,2,2,Infield shade,Strategic,249.0,0.213,2.187,,,3.964,-2.187,112.9,-2,-2,0.299,0.299,30,28,31,29,2,1,7.0,1.0,5.0,1.0,2.71,1.57,-1.57,14.2,,,,,
FF,2023-06-09,96.6,-2.66,4.86,"Ohtani, Shohei",660271,666374,field_out,hit_into_play,,,,,9.0,"Shohei Ohtani grounds out sharply, first baseman Ty France to pitcher Matt Brash. Zach Neto to 3rd.",R,L,R,LAA,SEA,X,3.0,ground_ball,1,2,2023,-0.41,0.65,0.63,2.0,,687263.0,,1,7,Bot,156.13,164.55,,,,,9.739726393845038,-140.4465938354137,-3.5713767147366617,-7.566546240731358,31.094417187748615,-22.94350470854754,3.41,1.6,5.0,108.4,-19.0,97.2,2131.0,6.6,717824,663728,664034,676609,553993,641487,672284,677594,606192,53.87,0.192,0.182,0.0,1.0,0.0,0.0,2.0,59,5,4-Seam Fastball,5,3,5,3,3,5,5,3,Standard,Standard,232.0,-0.01,-0.183,,,0.2,0.183,108.4,2,2,0.893,0.893,25,28,25,29,1,3,2.0,1.0,2.0,1.0,1.79,0.41,-0.41,27.9,,,,,
SL,2023-06-09,84.9,-2.31,5.03,"Ohtani, Shohei",660271,622491,single,hit_into_play,,,,,7.0,Shohei Ohtani singles on a ground ball to third baseman Eugenio Suarez.,R,L,R,LAA,SEA,X,5.0,ground_ball,2,2,2023,0.12,0.08,-0.48,1.6,,,,1,1,Bot,88.44,155.41,,,,,3.984475969249377,-123.60519604311456,-1.831351060461162,0.3826299618067431,26.57348347877671,-31.16113271318439,3.41,1.6,3.0,67.7,-33.0,83.6,2348.0,5.6,717824,663728,664034,676609,553993,641487,672284,677594,606192,54.94,0.061,0.061,0.9,1.0,1.0,0.0,2.0,9,6,Slider,0,2,0,2,2,0,0,2,Infield shade,Standard,75.0,0.028,0.449,,,0.062,-0.449,88.0,-2,-2,0.327,0.327,30,28,31,29,1,0,7.0,1.0,5.0,1.0,3.1,-0.12,0.12,21.6,,,,,
SI,2023-06-08,92.8,1.95,6.51,"Ohtani, Shohei",660271,592767,field_out,hit_into_play,,,,,12.0,"Shohei Ohtani grounds out, second baseman Nico Hoerner to first baseman Trey Mancini.",R,L,L,LAA,CHC,X,4.0,ground_ball,1,2,2023,1.07,0.83,0.64,3.94,,621493.0,,2,6,Bot,142.58,151.12,,,,,-5.646557639947358,-135.02007970027665,-2.5499692047263953,14.33683351472288,31.1486313232552,-21.709513777735957,3.39,1.59,7.0,71.2,-27.0,91.9,2036.0,5.9,717838,543228,641820,663538,621550,621020,664023,643565,673548,54.58,0.029,0.047,0.0,1.0,0.0,0.0,2.0,53,5,Sinker,3,1,3,1,1,3,3,1,Standard,Standard,145.0,-0.017,-0.204,,,0.029,0.204,88.0,2,2,0.832,0.832,34,28,34,29,4,3,5.0,1.0,6.0,1.0,1.83,1.07,1.07,42.3,,,,,
KC,2023-06-08,80.7,2.02,6.46,"Ohtani, Shohei",660271,592767,field_out,hit_into_play,,,,,7.0,Shohei Ohtani pops out to third baseman Patrick Wisdom on the infield fly rule.,R,L,L,LAA,CHC,X,5.0,popup,2,2,2023,0.39,-0.02,-0.37,1.96,,595453.0,687263.0,1,4,Bot,88.67,153.55,,,,,-5.9784219088790715,-117.24571201335648,-3.097103546890742,4.953696840858223,27.801304364768683,-31.867481364365148,3.39,1.59,163.0,77.7,60.0,79.0,2002.0,5.8,717838,543228,641820,663538,621550,621020,664023,643565,673548,54.71,0.024,0.023,0.0,1.0,0.0,0.0,3.0,35,6,Knuckle Curve,2,1,2,1,1,2,2,1,Standard,Standard,15.0,-0.037,-0.198,,,0.029,0.198,88.0,1,1,0.717,0.717,34,28,34,29,3,2,5.0,1.0,6.0,1.0,3.61,0.39,0.39,48.3,,,,,
KC,2023-06-08,77.5,2.09,6.53,"Ohtani, Shohei",660271,592767,single,hit_into_play,,,,,5.0,Shohei Ohtani singles on a line drive to center fielder Mike Tauchman.   Chad Wallach to 2nd.,R,L,L,LAA,CHC,X,8.0,line_drive,1,0,2023,0.26,-0.06,0.11,2.59,,,595453.0,2,2,Bot,137.42,103.03,,,,,-4.6617741653603035,-112.93437898855016,-1.436500337822276,3.039623873906481,19.280497418841176,-32.63439692228049,3.39,1.59,165.0,92.2,10.0,77.0,2219.0,5.7,717838,543228,641820,663538,621550,621020,664023,643565,673548,54.82,0.708,0.641,0.9,1.0,1.0,0.0,4.0,19,2,Knuckle Curve,2,1,2,1,1,2,2,1,Infield shade,Standard,358.0,0.017,0.338,,,0.775,-0.338,92.2,1,1,0.634,0.634,34,28,34,29,2,1,5.0,1.0,6.0,1.0,3.82,0.26,0.26,44.1,,,,,
FF,2023-06-07,94.2,-1.2,6.02,"Ohtani, Shohei",660271,592791,field_out,hit_into_play,,,,,11.0,Shohei Ohtani flies out to left fielder Ian Happ.,R,L,R,LAA,CHC,X,7.0,fly_ball,3,2,2023,-0.73,1.47,-0.13,4.08,,,666160.0,2,3,Bot,62.8,84.24,,,,,4.431646559210016,-137.16380648644505,-2.6432972579127214,-10.19208061508738,30.024079461610604,-13.189283330460343,3.4,1.6,325.0,92.9,41.0,95.1,2283.0,6.7,717855,665804,670223,663538,670156,621020,664023,643565,673548,53.76,0.011,0.009,0.0,1.0,0.0,0.0,3.0,21,8,4-Seam Fastball,0,0,0,0,0,0,0,0,Standard,Standard,211.0,-0.029,-0.305,,,0.021,0.305,92.9,0,0,0.529,0.529,31,28,32,29,2,1,5.0,1.0,6.0,1.0,1.09,0.73,-0.73,41.7,,,,,
FC,2023-06-07,90.3,-2.2,5.53,"Ohtani, Shohei",660271,621074,field_out,hit_into_play,,,,,3.0,"Shohei Ohtani grounds out, second baseman Nico Hoerner to first baseman Matt Mervis.",R,L,R,LAA,CHC,X,4.0,ground_ball,0,0,2023,0.16,0.44,0.44,2.95,665120.0,687263.0,666160.0,2,8,Bot,149.79,155.64,,,,,6.298559267096083,-131.51121942526123,-1.425976431121586,0.5218758815765452,27.092304663209745,-27.017607675693363,3.4,1.6,3.0,79.4,-40.0,91.1,2392.0,6.6,717855,665804,670223,663538,670156,621020,664023,643565,673548,53.86,0.071,0.077,0.0,1.0,0.0,0.0,2.0,68,1,Cutter,6,2,6,2,2,6,6,2,Standard,Standard,167.0,-0.004,-0.267,,,0.071,0.267,88.0,4,4,0.989,0.989,29,28,29,29,1,4,10.0,1.0,4.0,1.0,2.35,-0.16,0.16,36.1,,,,,
FF,2023-06-07,93.9,-1.23,6.03,"Ohtani, Shohei",660271,592791,double,hit_into_play,,,,,1.0,Shohei Ohtani doubles (11) on a sharp line drive to center fielder Mike Tauchman.,R,L,R,LAA,CHC,X,8.0,line_drive,3,1,2023,-0.59,1.48,-0.66,3.06,,,,1,1,Bot,140.31,58.13,,,,,2.8139173452695645,-136.64476067259426,-5.29415991495148,-8.027436130113454,31.597357635014287,-12.633236765957944,3.4,1.6,351.0,109.4,18.0,94.7,2278.0,6.9,717855,665804,670223,663538,670156,621020,664023,643565,673548,53.64,0.6451304347826087,1.036,1.25,1.0,1.0,1.0,6.0,6,5,4-Seam Fastball,0,0,0,0,0,0,0,0,Infield shade,Standard,215.0,0.031,0.497,,,1.892130434782609,-0.497,109.4,0,0,0.536,0.536,31,28,32,29,1,0,5.0,1.0,6.0,1.0,1.11,0.59,-0.59,41.8,,,,,
FC,2023-06-06,88.9,-2.02,5.6,"Ohtani, Shohei",660271,669713,home_run,hit_into_play,,,,,3.0,Shohei Ohtani homers (16) on a fly ball to right field.,R,L,R,LAA,CHC,X,,fly_ball,2,2,2023,0.29,0.17,0.56,3.04,,,,0,4,Bot,213.0,74.64,,,,,5.761717042685408,-129.37905475085668,-0.6096645738619646,2.1556677867592984,26.04426009949934,-30.30631675686394,3.42,1.59,374.0,103.0,24.0,90.0,2390.0,6.9,717861,543228,670223,663538,621550,621020,664023,643565,673548,53.6,0.6328636363636363,1.1587727272727273,2.0,1.0,0.0,3.0,6.0,31,6,Cutter,0,4,0,4,4,1,1,4,Infield shade,Standard,155.0,0.074,1.141,,,2.2415909090909096,-1.141,103.0,-4,-4,0.142,0.142,25,28,26,29,2,1,6.0,2.0,5.0,1.0,2.7,-0.29,0.29,42.5,,,,,
FF,2023-06-06,94.7,-2.25,5.47,"Ohtani, Shohei",660271,669713,field_out,hit_into_play,,,,,6.0,"Shohei Ohtani grounds out, shortstop Dansby Swanson to first baseman Matt Mervis.",R,L,R,LAA,CHC,X,6.0,ground_ball,1,0,2023,-0.48,0.78,0.73,2.42,,,,1,1,Bot,134.43,145.12,,,,,8.97230833274611,-137.69026161337243,-4.056395163460005,-8.145916694535293,30.440917464398687,-21.563277811092437,3.42,1.59,122.0,89.5,8.0,95.7,2088.0,6.9,717861,543228,670223,663538,621550,621020,664023,643565,673548,53.6,0.558,0.516,0.0,1.0,0.0,0.0,4.0,5,2,4-Seam Fastball,0,0,0,0,0,0,0,0,Infield shade,Strategic,225.0,-0.019,-0.306,,,0.623,0.306,89.5,0,0,0.529,0.529,25,28,26,29,1,0,6.0,2.0,5.0,1.0,1.77,0.48,-0.48,39.8,,,,,
CH,2023-06-04,81.2,-1.37,5.2,"Ohtani, Shohei",660271,641585,field_out,hit_into_play,,,,,13.0,"Shohei Ohtani grounds out, second baseman Mauricio Dubon to first baseman Yainer Diaz.",R,L,R,HOU,LAA,X,4.0,ground_ball,1,2,2023,-1.26,0.7,-0.35,1.39,,,,2,6,Top,143.08,162.84,,,,,4.732813826732271,-118.04803451227129,-3.185144308378612,-12.67897415253403,24.562801083738677,-25.217252268392585,3.45,1.61,14.0,78.2,-5.0,81.3,1909.0,6.6,717899,455117,673237,643289,608324,665161,676801,676694,663656,53.86,0.132,0.131,0.0,1.0,0.0,0.0,2.0,39,4,Changeup,1,1,1,1,1,1,1,1,Infield shade,Standard,236.0,0.013,-0.191,,,0.16,0.191,88.0,0,0,0.563,0.437,28,28,28,29,3,2,6.0,1.0,6.0,2.0,2.79,1.26,-1.26,42.2,,,,,
CH,2023-06-04,80.8,-1.31,5.2,"Ohtani, Shohei",660271,641585,field_out,hit_into_play,,,,,7.0,"Shohei Ohtani grounds out, first baseman Yainer Diaz to pitcher J. P. France.",R,L,R,HOU,LAA,X,3.0,ground_ball,2,1,2023,-1.39,0.64,-0.68,1.59,,,,0,4,Top,147.14,165.38,,,,,4.079555809056436,-117.62947400290754,-2.606892684159664,-13.622943444409536,23.7047872508961,-25.92752049371219,3.45,1.61,9.0,81.9,-9.0,81.0,1844.0,6.5,717899,455117,673237,643289,608324,665161,676801,676694,663656,53.96,0.116,0.115,0.0,1.0,0.0,0.0,2.0,21,4,Changeup,0,0,0,0,0,0,0,0,Infield shade,Standard,238.0,0.031,-0.313,,,0.137,0.313,88.0,0,0,0.496,0.504,28,28,28,29,2,1,6.0,1.0,6.0,2.0,2.86,1.39,-1.39,43.2,,,,,
CU,2023-06-04,75.6,-1.25,5.43,"Ohtani, Shohei",660271,664208,double,hit_into_play,,,,,8.0,Shohei Ohtani doubles (10) on a fly ball to right fielder Kyle Tucker. Zach Neto scores.,R,L,R,HOU,LAA,X,9.0,fly_ball,3,2,2023,1.44,-1.03,0.22,1.68,,,687263.0,2,8,Top,213.62,101.82,,,,,0.5030171311350475,-109.9354444680918,1.3855976893164703,11.336321305890683,24.58413391909991,-40.91834335833918,3.45,1.61,334.0,97.0,27.0,76.8,3189.0,7.8,717899,455117,673237,643289,608324,665161,676801,676694,663656,52.73,0.33005,0.5880500000000001,1.25,1.0,1.0,1.0,5.0,56,6,Curveball,1,1,1,1,2,1,2,1,Infield shade,Standard,45.0,-0.281,0.862,,,1.1297,-0.862,97.0,0,0,0.551,0.4489999999999999,30,28,30,29,1,3,2.0,1.0,2.0,2.0,5.11,-1.44,1.44,32.4,,,,,
CH,2023-06-04,82.6,-1.27,5.42,"Ohtani, Shohei",660271,641585,field_out,hit_into_play,,,,,4.0,Shohei Ohtani flies out to left fielder Chas McCormick.,R,L,R,HOU,LAA,X,7.0,fly_ball,1,0,2023,-1.31,0.6,-0.59,2.32,,,,0,1,Top,69.9,102.21,,,,,4.117066832639883,-120.23197443583598,-1.7136580598783595,-13.4742340702571,24.060124359081907,-26.199966553963147,3.45,1.61,278.0,89.9,46.0,82.6,1637.0,6.4,717899,455117,673237,643289,608324,665161,676801,676694,663656,54.14,0.008,0.01,0.0,1.0,0.0,0.0,3.0,1,2,Changeup,0,0,0,0,0,0,0,0,Infield shade,Standard,235.0,0.026,-0.306,,,0.016,0.306,89.9,0,0,0.496,0.504,28,28,28,29,1,0,6.0,1.0,6.0,2.0,2.74,1.31,-1.31,43.8,,,,,
FF,2023-06-03,93.4,-1.51,5.81,"Ohtani, Shohei",660271,664299,grounded_into_double_play,hit_into_play,,,,,3.0,"Shohei Ohtani grounds into a double play, second baseman Mauricio Dubon to shortstop Jeremy Pena to first baseman Jose Abreu. Luis Rengifo out at 2nd. Shohei Ohtani out at 1st.",R,L,R,HOU,LAA,X,4.0,ground_ball,1,2,2023,-0.2,1.59,0.39,3.58,,,650859.0,1,5,Top,144.3,150.11,,,,,5.306553787694203,-135.78906563533295,-3.3832327581535644,-3.811542099057041,33.54728574047214,-12.104247141886328,3.48,1.65,14.0,75.7,-13.0,92.5,2254.0,6.1,717908,455117,547989,643289,608324,665161,667452,676694,676801,54.41,0.058,0.055,0.0,1.0,0.0,0.0,2.0,43,4,4-Seam Fastball,7,1,1,7,1,7,1,7,Infield shade,Standard,195.0,0.014,-0.261,,,0.065,0.261,88.0,6,-6,0.964,0.036,26,28,26,29,3,2,6.0,1.0,6.0,1.0,1.06,0.2,-0.2,42.7,,,,,
FF,2023-06-03,93.5,-1.5,5.82,"Ohtani, Shohei",660271,664299,triple,hit_into_play,,,,,6.0,Shohei Ohtani triples (3) on a line drive to center fielder Jake Meyers. Luis Rengifo scores.,R,L,R,HOU,LAA,X,8.0,line_drive,2,0,2023,-0.5,1.63,0.31,2.24,,,650859.0,1,3,Top,163.71,57.94,,,,,5.724883581457448,-135.86351526628775,-6.956266127356831,-7.590488702078754,33.33131480090234,-10.617209742558591,3.48,1.65,340.0,111.2,18.0,92.5,2314.0,6.1,717908,455117,547989,643289,608324,665161,667452,676694,676801,54.44,0.7510714285714286,1.2557142857142856,1.6,1.0,1.0,2.0,6.0,20,3,4-Seam Fastball,1,0,0,1,1,1,1,1,Infield shade,Standard,198.0,-0.149,1.049,,,2.3305,-1.049,111.2,1,-1,0.595,0.405,26,28,26,29,2,1,6.0,1.0,6.0,1.0,1.01,0.5,-0.5,41.5,,,,,
FS,2023-06-03,89.2,-0.38,6.46,"Ohtani, Shohei",660271,592773,double,hit_into_play,,,,,11.0,Shohei Ohtani doubles (9) on a fly ball to left fielder Corey Julks. Luis Rengifo scores. Livan Soto to 3rd.,R,L,R,HOU,LAA,X,7.0,fly_ball,2,2,2023,-0.88,0.37,-0.9,3.45,,650859.0,670869.0,1,7,Top,59.71,80.15,,,,,0.5726966932443858,-129.90104681708317,-2.12873529525562,-10.053556488981704,28.631803776222576,-27.74566846114169,3.48,1.65,337.0,94.1,25.0,88.7,810.0,6.1,717908,455117,547989,643289,608324,665161,667452,676694,676801,54.43,0.189,0.255,1.25,1.0,1.0,1.0,3.0,60,6,Split-Finger,7,2,2,7,3,7,3,7,Standard,Standard,232.0,-0.069,0.837,,,0.414,-0.837,94.1,5,-5,0.95,0.05,31,28,32,29,1,3,3.0,1.0,2.0,1.0,2.5,0.88,-0.88,50.4,,,,,
FF,2023-06-03,92.7,-1.53,6.07,"Ohtani, Shohei",660271,664299,single,hit_into_play,,,,,4.0,Shohei Ohtani singles on a ground ball to center fielder Jake Meyers.,R,L,R,HOU,LAA,X,8.0,ground_ball,3,2,2023,-0.62,1.82,-0.63,2.77,,,,0,1,Top,137.63,93.11,,,,,3.637470910677116,-134.8763019744314,-6.537513008980629,-8.320882684555913,30.54112086244384,-8.743640268621457,3.48,1.65,61.0,109.9,1.0,92.0,2253.0,5.9,717908,455117,547989,643289,608324,665161,667452,676694,676801,54.56,0.55,0.495,0.9,1.0,1.0,0.0,4.0,1,6,4-Seam Fastball,0,0,0,0,0,0,0,0,Infield shade,Standard,191.0,-0.031,0.344,,,0.588,-0.344,109.9,0,0,0.495,0.505,26,28,26,29,1,0,6.0,1.0,6.0,1.0,0.84,0.62,-0.62,44.9,,,,,
FF,2023-06-03,95.0,-0.24,5.95,"Ohtani, Shohei",660271,519151,single,hit_into_play,,,,,2.0,Shohei Ohtani singles on a ground ball to right fielder Chas McCormick.,R,L,R,HOU,LAA,X,9.0,ground_ball,0,1,2023,-0.17,1.54,0.07,3.04,,,,0,9,Top,126.0,204.5,,,,,1.217275977752558,-138.28620924139912,-5.4178941639012885,-2.518939437753082,32.757494312792225,-11.42640327825465,3.48,1.65,34.0,102.3,-3.0,95.1,2536.0,6.5,717908,455117,547989,643289,608324,665161,667452,676694,676801,54.02,0.416,0.388,0.9,1.0,1.0,0.0,2.0,79,2,4-Seam Fastball,9,5,5,9,5,9,5,9,Infield shade,Standard,201.0,-0.02,0.474,,,0.461,-0.474,102.3,4,-4,0.986,0.014,34,28,35,29,1,4,2.0,1.0,6.0,1.0,1.0,0.17,-0.17,56.7,,,,,
SL,2023-06-02,87.9,-2.58,5.79,"Ohtani, Shohei",660271,650556,field_out,hit_into_play,,,,,6.0,Shohei Ohtani flies out to left fielder Yordan Alvarez.,R,L,R,HOU,LAA,X,7.0,fly_ball,0,0,2023,0.89,0.07,0.43,2.66,570482.0,,650859.0,2,9,Top,77.11,98.9,,,,,5.473377635889142,-127.85669608098983,-1.5642995922200411,8.52951371132763,28.512208555494055,-31.284158447914916,3.49,1.65,278.0,83.3,40.0,88.1,2856.0,6.6,717926,455117,547989,514888,608324,665161,670541,676801,663656,53.9,0.013,0.014,0.0,1.0,0.0,0.0,3.0,74,1,Slider,6,2,2,6,2,6,2,6,Standard,Standard,53.0,0.012,-0.309,,,0.021,0.309,88.0,4,-4,0.988,0.012,26,28,26,29,1,4,1.0,1.0,2.0,1.0,2.9,-0.89,0.89,46.0,,,,,
SI,2023-06-02,97.2,0.48,6.33,"Ohtani, Shohei",660271,664285,field_out,hit_into_play,,,,,3.0,Shohei Ohtani flies out to left fielder Yordan Alvarez.,R,L,L,HOU,LAA,X,7.0,fly_ball,3,2,2023,1.27,0.73,0.72,3.36,,,,0,1,Top,65.66,101.28,,,,,-2.244340354941952,-141.39496544033557,-4.025150994181532,17.421822209860284,35.63456848881626,-21.661347174329535,3.49,1.65,286.0,86.7,28.0,96.2,2284.0,6.0,717926,455117,547989,514888,608324,665161,670541,676801,663656,54.54,0.068,0.084,0.0,1.0,0.0,0.0,3.0,1,6,Sinker,0,0,0,0,0,0,0,0,Infield shade,Standard,152.0,0.027,-0.353,,,0.139,0.353,88.0,0,0,0.495,0.505,29,28,30,29,1,0,6.0,1.0,6.0,1.0,1.7,1.27,1.27,49.4,,,,,
SL,2023-06-01,86.9,-0.91,6.04,"Ohtani, Shohei",660271,669854,field_out,hit_into_play,,,,,6.0,Shohei Ohtani pops out to catcher Yainer Diaz in foul territory.,R,L,R,HOU,LAA,X,2.0,popup,0,2,2023,0.61,0.44,0.55,2.82,,,,1,5,Top,102.78,203.9,,,,,2.29414553935876,-126.57215295397148,-2.444674410350962,6.048559875575751,26.474494322607843,-27.18444648910865,3.49,1.65,56.0,80.0,82.0,87.7,2035.0,6.8,717936,673237,547989,514888,608324,665161,667452,676694,663656,53.72,0.003,0.003,0.0,1.0,0.0,0.0,3.0,36,3,Slider,1,1,1,1,1,1,1,1,Infield shade,Standard,171.0,0.014,-0.17,,,0.003,0.17,88.0,0,0,0.538,0.4619999999999999,29,28,30,29,3,2,30.0,1.0,6.0,1.0,2.58,-0.61,0.61,47.2,,,,,
SL,2023-06-01,86.6,-1.21,5.98,"Ohtani, Shohei",660271,669854,single,hit_into_play,,,,,3.0,Shohei Ohtani singles on a ground ball to right fielder Kyle Tucker.   Mike Trout to 2nd.,R,L,R,HOU,LAA,X,9.0,ground_ball,0,0,2023,0.31,0.66,0.4,3.31,,,545361.0,1,1,Top,179.46,118.58,,,,,3.2361381381844865,-126.13096164284912,-1.5140537292554206,2.6063112750378,26.04563685259052,-25.071175119136303,3.49,1.65,36.0,96.4,-3.0,87.4,2042.0,6.8,717936,673237,547989,514888,608324,665161,667452,676694,663656,53.69,0.295,0.28,0.9,1.0,1.0,0.0,2.0,3,1,Slider,0,0,0,0,0,0,0,0,Infield shade,Standard,201.0,-0.038,0.415,,,0.32,-0.415,96.4,0,0,0.498,0.502,29,28,30,29,1,0,30.0,1.0,6.0,1.0,2.38,-0.31,0.31,43.6,,,,,
FF,2023-06-01,97.6,-2.05,5.88,"Ohtani, Shohei",660271,650556,field_out,hit_into_play,,,,,5.0,"Shohei Ohtani grounds out, second baseman Jose Altuve to first baseman Jose Abreu.",R,L,R,HOU,LAA,X,4.0,ground_ball,0,0,2023,-0.54,1.41,-0.27,2.31,,,,0,7,Top,146.73,146.15,,,,,6.0555567580386285,-141.7618127712404,-7.31813699769742,-8.7543302785586,34.592962048396174,-11.6783629977666,3.49,1.65,20.0,107.1,-5.0,97.5,2388.0,6.5,717936,673237,547989,514888,608324,665161,667452,676694,663656,54.0,0.376,0.364,0.0,1.0,0.0,0.0,2.0,56,1,4-Seam Fastball,4,2,2,4,2,4,2,4,Infield shade,Standard,212.0,0.034,-0.265,,,0.376,0.265,107.1,2,-2,0.815,0.185,26,28,26,29,1,3,3.0,1.0,1.0,1.0,1.01,0.54,-0.54,44.4,,,,,
FF,2023-05-31,93.4,-3.29,5.59,"Ohtani, Shohei",660271,458681,home_run,hit_into_play,,,,,3.0,Shohei Ohtani homers (15) on a fly ball to right center field. Mickey Moniak scores.,R,L,R,CWS,LAA,X,,fly_ball,3,2,2023,-0.48,1.07,0.45,3.17,,666160.0,,1,4,Top,198.17,18.2,,,,,10.74644226592662,-135.64027093840238,-2.859870622298285,-8.041939572647582,26.89987056874625,-18.47571434662543,3.54,1.65,459.0,111.8,30.0,94.3,2326.0,6.7,717943,518735,683734,663853,660162,641313,643217,673357,657757,53.79,0.9895,2.0,2.0,1.0,0.0,3.0,6.0,33,6,4-Seam Fastball,1,6,6,1,8,1,8,1,Standard,Standard,215.0,-0.041,1.252,,,3.96175,-1.252,111.8,-5,5,0.073,0.927,36,28,36,29,3,2,5.0,1.0,8.0,1.0,1.53,0.48,-0.48,37.9,,,,,
FF,2023-05-31,93.8,-3.29,5.61,"Ohtani, Shohei",660271,458681,home_run,hit_into_play,,,,,6.0,Shohei Ohtani homers (14) on a fly ball to center field. Mike Trout scores.,R,L,R,CWS,LAA,X,,fly_ball,0,0,2023,-0.87,1.1,0.57,2.74,,,545361.0,1,3,Top,107.16,28.19,,,,,11.98876634867036,-136.0345629701291,-4.104218915703542,-13.446306064408615,30.596617187236397,-17.754837924836533,3.54,1.65,425.0,107.0,30.0,94.4,2428.0,6.9,717943,518735,683734,663853,660162,641313,643217,673357,657757,53.63,0.9072424242424244,1.8095454545454543,2.0,1.0,0.0,3.0,6.0,21,1,4-Seam Fastball,1,2,2,1,4,1,4,1,Standard,Standard,220.0,-0.167,1.449,,,3.605969696969697,-1.449,107.0,-1,1,0.386,0.614,36,28,36,29,2,1,5.0,1.0,8.0,1.0,1.51,0.87,-0.87,31.3,,,,,
CH,2023-05-31,85.3,-3.3,5.51,"Ohtani, Shohei",660271,458681,field_out,hit_into_play,,,,,4.0,Shohei Ohtani flies out to center fielder Luis Robert Jr.,R,L,R,CWS,LAA,X,8.0,fly_ball,1,0,2023,-1.33,0.5,-0.33,2.95,,,,0,1,Top,141.7,83.56,,,,,9.652361684040208,-123.90604678586637,-0.7654880958111335,-15.581277366641832,22.786100678940457,-27.001126600866552,3.54,1.65,291.0,98.7,43.0,85.5,1786.0,6.4,717943,518735,683734,663853,660162,641313,643217,673357,657757,54.14,0.061,0.119,0.0,1.0,0.0,0.0,3.0,3,2,Changeup,0,2,2,0,2,0,2,0,Standard,Standard,225.0,0.02,-0.306,,,0.232,0.306,98.7,-2,2,0.311,0.6890000000000001,36,28,36,29,1,0,5.0,1.0,8.0,1.0,2.62,1.33,-1.33,29.1,,,,,
CH,2023-05-30,81.9,-1.35,6.19,"Ohtani, Shohei",660271,608337,field_out,hit_into_play,,,,,4.0,Shohei Ohtani flies out to right fielder Eloy Jimenez.,R,L,R,CWS,LAA,X,9.0,fly_ball,2,1,2023,-1.21,0.87,-0.34,2.79,,,,2,5,Top,191.54,131.49,,,,,4.687376815165287,-119.11918715785109,-2.821171216681402,-12.421937945642435,23.284506624203456,-23.56362563336754,3.55,1.66,234.0,99.6,53.0,83.0,1517.0,7.1,717959,664874,683734,663853,660162,641313,643217,673357,650391,53.44,0.013,0.015,0.0,1.0,0.0,0.0,3.0,41,4,Changeup,6,3,3,6,3,6,3,6,Standard,Standard,222.0,0.01,-0.314,,,0.023,0.314,99.6,3,-3,0.874,0.126,28,28,29,29,3,2,5.0,1.0,7.0,1.0,2.54,1.21,-1.21,49.1,,,,,
FF,2023-05-30,94.2,-1.22,6.18,"Ohtani, Shohei",660271,608337,home_run,hit_into_play,,,,,2.0,Shohei Ohtani homers (13) on a fly ball to center field.,R,L,R,CWS,LAA,X,,fly_ball,0,2,2023,-0.86,1.44,0.18,3.45,,,,0,4,Top,141.08,23.47,,,,,5.643582187533867,-137.1641470801885,-4.713749982905819,-12.049194494238124,28.154319582857173,-13.04623839838617,3.55,1.66,435.0,110.2,30.0,96.1,2070.0,7.2,717959,664874,683734,663853,660162,641313,643217,673357,650391,53.31,0.9645,2.0,2.0,1.0,0.0,3.0,6.0,24,3,4-Seam Fastball,1,1,1,1,2,1,2,1,Standard,Standard,204.0,-0.132,1.211,,,3.848,-1.211,110.2,0,0,0.509,0.491,28,28,29,29,2,1,5.0,1.0,7.0,1.0,1.11,0.86,-0.86,52.0,,,,,
FF,2023-05-30,93.4,-1.28,6.35,"Ohtani, Shohei",660271,608337,field_out,hit_into_play,,,,,2.0,Shohei Ohtani flies out to center fielder Luis Robert Jr.,R,L,R,CWS,LAA,X,8.0,fly_ball,1,0,2023,-0.56,1.62,-0.07,3.43,,,,1,1,Top,120.18,55.75,,,,,4.408354482787653,-135.90217786489507,-5.355611500383198,-7.891210716260143,31.16828968764275,-11.20496332252332,3.55,1.66,356.0,99.4,36.0,94.3,2165.0,6.9,717959,664874,683734,663853,660162,641313,643217,673357,650391,53.56,0.2821052631578948,0.5507894736842105,0.0,1.0,0.0,0.0,5.0,3,2,4-Seam Fastball,0,1,1,0,1,0,1,0,Standard,Standard,206.0,0.016,-0.306,,,1.092578947368421,0.306,99.4,-1,1,0.422,0.5780000000000001,28,28,29,29,1,0,5.0,1.0,7.0,1.0,1.01,0.56,-0.56,50.2,,,,,
FF,2023-05-29,95.5,-2.48,5.88,"Ohtani, Shohei",660271,656629,field_out,hit_into_play,,,,,11.0,Shohei Ohtani pops out to third baseman Yoan Moncada in foul territory.,R,L,R,CWS,LAA,X,5.0,popup,3,1,2023,-0.83,1.43,-0.16,3.75,650859.0,687263.0,,2,2,Top,89.72,174.37,,,,,8.046543955364859,-138.95271309330516,-3.27616010617922,-12.51849013874826,29.064882343709616,-13.024519673895318,3.54,1.66,121.0,88.4,70.0,96.6,2518.0,6.8,717971,664874,657757,663853,660162,641313,643217,673357,650391,53.73,0.001,0.0,0.0,1.0,0.0,0.0,3.0,17,5,4-Seam Fastball,1,4,4,1,4,1,4,1,Standard,Standard,218.0,0.04,-0.319,,,0.001,0.319,88.4,-3,3,0.213,0.787,27,28,27,29,2,1,5.0,1.0,6.0,1.0,1.05,0.83,-0.83,46.0,,,,,
FF,2023-05-29,95.7,-1.65,6.01,"Ohtani, Shohei",660271,521230,force_out,hit_into_play,,,,,11.0,"Shohei Ohtani grounds into a force out, fielded by shortstop Tim Anderson. Mike Trout out at 2nd.",R,L,R,CWS,LAA,X,6.0,ground_ball,1,2,2023,-0.74,1.54,-0.55,4.48,666160.0,,545361.0,2,8,Top,126.71,144.66,,,,,4.65581048583541,-139.35515296570185,-1.927011834039975,-10.633000708739925,31.94936228018924,-11.841625928764303,3.54,1.66,16.0,96.5,-15.0,97.4,2353.0,7.2,717971,518735,657757,663853,660162,641313,643217,673357,650391,53.26,0.213,0.21,0.0,1.0,0.0,0.0,2.0,66,4,4-Seam Fastball,3,6,6,3,6,3,6,3,Standard,Standard,204.0,0.011,-0.228,,,0.252,0.228,96.5,-3,3,0.076,0.924,34,28,34,29,1,4,,1.0,5.0,1.0,0.94,0.74,-0.74,49.4,,,,,
FF,2023-05-28,97.4,-1.98,6.13,"Ohtani, Shohei",660271,691587,single,hit_into_play,,,,,5.0,Shohei Ohtani singles on a sharp line drive to right fielder Jorge Soler.,R,L,R,LAA,MIA,X,9.0,line_drive,3,0,2023,-0.59,1.33,-0.19,2.72,,,,0,4,Bot,188.42,119.87,,,,,6.212567428017718,-141.65381866267097,-6.7300618207974,-9.422528907516922,32.209341641952975,-12.964330968621544,3.53,1.68,154.0,109.6,8.0,98.2,2558.0,6.8,717984,663743,493329,650333,516416,641658,650559,641505,624585,53.73,0.758,0.723,0.9,1.0,1.0,0.0,4.0,26,4,4-Seam Fastball,0,1,0,1,1,0,0,1,Strategic,Standard,205.0,0.02,0.169,,,0.927,-0.169,109.6,-1,-1,0.457,0.457,20,28,20,29,2,1,5.0,1.0,6.0,1.0,1.08,0.59,-0.59,35.4,,,,,
CH,2023-05-27,93.0,-1.39,6.22,"Ohtani, Shohei",660271,665795,grounded_into_double_play,hit_into_play,,,,,7.0,"Shohei Ohtani grounds into a double play, second baseman Luis Arraez to first baseman Yuli Gurriel. Mike Trout out at 2nd. Shohei Ohtani out at 1st.",R,L,R,LAA,MIA,X,4.0,ground_ball,1,0,2023,-1.19,0.82,-0.8,1.83,,687263.0,545361.0,1,5,Bot,147.67,147.09,,,,,4.137900287778029,-135.2390359058836,-7.310619243170681,-15.479948244212531,28.26212542463737,-20.748288357628716,3.53,1.68,3.0,85.7,-28.0,93.5,,6.5,717998,607732,493329,650333,542932,621563,650559,641505,641658,53.95,0.055,0.059,0.0,1.0,0.0,0.0,2.0,43,2,Changeup,1,2,1,2,2,1,1,2,Standard,Standard,,-0.145,-0.367,,,0.06,0.367,88.0,-1,-1,0.485,0.485,25,28,25,29,3,2,5.0,1.0,6.0,1.0,1.81,1.19,-1.19,48.9,,,,,
CH,2023-05-27,92.8,-1.64,6.27,"Ohtani, Shohei",660271,665795,force_out,hit_into_play,,,,,1.0,"Shohei Ohtani grounds into a force out, second baseman Luis Arraez to shortstop Joey Wendle. Mike Trout out at 2nd. Shohei Ohtani to 1st.",R,L,R,LAA,MIA,X,4.0,ground_ball,2,0,2023,-1.26,0.79,-0.73,3.15,,,545361.0,1,3,Bot,154.22,151.12,,,,,5.164948162787066,-135.10923086877392,-3.9738872324681007,-16.522517004732954,29.069314482644195,-21.831655459803684,3.53,1.68,6.0,72.2,-26.0,94.3,1596.0,7.1,717998,607732,493329,650333,542932,621563,650559,669364,641505,53.41,0.034,0.053,0.0,1.0,0.0,0.0,2.0,24,3,Changeup,1,1,1,1,1,1,1,1,Infield shade,Standard,216.0,-0.044,-0.423,,,0.034,0.423,88.0,0,0,0.57,0.57,25,28,25,29,2,1,5.0,1.0,6.0,1.0,1.85,1.26,-1.26,45.3,,,,,
FF,2023-05-27,97.2,-1.56,6.29,"Ohtani, Shohei",660271,665795,field_out,hit_into_play,,,,,5.0,Shohei Ohtani flies out to left fielder Bryan De La Cruz.,R,L,R,LAA,MIA,X,7.0,fly_ball,1,0,2023,-0.79,1.49,0.08,2.78,,,,2,1,Bot,92.18,89.69,,,,,6.263019627538509,-141.2927215712336,-7.294834852913719,-12.056361239346298,34.138443864318056,-10.776624416523376,3.53,1.68,285.0,92.4,46.0,97.5,2345.0,6.7,717998,607732,493329,650333,542932,621563,650559,669364,641505,53.84,0.005,0.005,0.0,1.0,0.0,0.0,3.0,9,2,4-Seam Fastball,0,1,0,1,1,0,0,1,Standard,Standard,218.0,-0.011,-0.317,,,0.007,0.317,92.4,-1,-1,0.408,0.408,25,28,25,29,1,0,5.0,1.0,6.0,1.0,0.94,0.79,-0.79,42.7,,,,,
SI,2023-05-27,93.6,-3.57,6.03,"Ohtani, Shohei",660271,571670,field_out,hit_into_play,,,,,13.0,Shohei Ohtani lines out to third baseman Jon Berti.,R,L,R,LAA,MIA,X,5.0,line_drive,0,1,2023,-1.68,0.58,-1.3,2.45,,,545361.0,0,9,Bot,102.21,164.67,,,,,9.561350215448188,-135.84919830311867,-4.737712068535593,-22.923956251841812,30.279801503275927,-24.127758747675205,3.53,1.68,119.0,77.7,7.0,93.5,2117.0,6.4,717998,607732,493329,650333,542932,621563,650559,641505,641658,54.06,0.25,0.254,0.0,1.0,0.0,0.0,2.0,78,2,Sinker,4,4,4,4,4,4,4,4,Infield shade,Standard,289.0,-0.064,-0.205,,,0.267,0.205,88.0,0,0,0.699,0.699,32,28,33,29,1,4,1.0,1.0,3.0,1.0,2.04,1.68,-1.68,38.6,,,,,
FF,2023-05-26,96.7,2.63,5.81,"Ohtani, Shohei",660271,666200,grounded_into_double_play,hit_into_play,,,,,5.0,"Shohei Ohtani grounds into a double play, second baseman Luis Arraez to shortstop Jon Berti to first baseman Garrett Cooper.   Mike Trout out at 2nd.    Shohei Ohtani out at 1st.",R,L,L,LAA,MIA,X,4.0,ground_ball,2,0,2023,1.33,1.11,0.01,2.7,,,545361.0,1,1,Bot,151.19,151.79,,,,,-9.999287174605412,-140.3485337706935,-5.1591544992548055,19.94032758301637,35.61747145175148,-16.55297479859683,3.52,1.68,6.0,96.2,-22.0,96.1,2437.0,6.4,718015,663743,643265,650333,516416,542932,650559,641505,624585,54.14,0.126,0.129,0.0,1.0,0.0,0.0,2.0,6,3,4-Seam Fastball,0,0,0,0,0,0,0,0,Standard,Standard,127.0,-0.062,-0.423,,,0.132,0.423,96.2,0,0,0.562,0.562,25,28,26,29,1,0,5.0,2.0,6.0,1.0,1.37,1.33,1.33,33.6,,,,,
SL,2023-05-26,88.8,3.15,5.1,"Ohtani, Shohei",660271,656945,field_out,hit_into_play,,,,,7.0,Shohei Ohtani flies out to shortstop Jon Berti.,R,L,L,LAA,MIA,X,6.0,fly_ball,0,0,2023,-0.47,0.18,-0.33,2.17,,545361.0,,1,7,Bot,81.96,134.19,,,,,-7.577144121259291,-129.18222943300316,-1.5567831491048731,-3.834174958538898,25.232199829230225,-30.052676241385186,3.52,1.68,197.0,83.3,53.0,89.7,2620.0,6.7,718015,663743,643265,650333,516416,542932,650559,641505,624585,53.81,0.021,0.021,0.0,1.0,0.0,0.0,3.0,65,1,Slider,2,5,2,5,5,2,2,5,Standard,Standard,229.0,-0.043,-0.29,,,0.032,0.29,88.0,-3,-3,0.146,0.146,28,28,29,29,1,3,1.0,2.0,2.0,1.0,2.7,-0.47,-0.47,29.5,,,,,
FC,2023-05-24,84.4,2.41,5.86,"Ohtani, Shohei",660271,572020,home_run,hit_into_play,,,,,12.0,Shohei Ohtani homers (12) on a fly ball to left center field.,R,L,L,LAA,BOS,X,,fly_ball,0,1,2023,-0.44,0.08,0.07,3.74,,,,1,3,Bot,80.48,44.69,,,,,-4.588434680557816,-122.8205181109372,1.33766183049775,-3.4407448204542312,26.14008031710193,-31.89231208865575,3.55,1.69,398.0,105.7,30.0,84.3,1934.0,6.4,718034,657136,457759,622569,646240,571771,608701,680776,606132,54.08,0.8479749999999999,1.6895999999999998,2.0,1.0,0.0,3.0,6.0,22,2,Cutter,4,0,4,0,0,5,5,0,Infield shade,Standard,288.0,0.042,1.623,,,3.372999999999999,-1.623,105.7,4,4,0.885,0.885,34,28,35,29,2,1,5.0,1.0,7.0,2.0,3.14,-0.44,-0.44,39.7,,,,,
CU,2023-05-24,81.4,-0.95,6.69,"Ohtani, Shohei",660271,601713,field_out,hit_into_play,,,,,5.0,Shohei Ohtani flies out to shortstop Enrique Hernandez.,R,L,R,LAA,BOS,X,6.0,fly_ball,2,2,2023,0.48,-1.08,0.27,2.88,,,,2,4,Bot,118.84,121.71,,,,,1.851413397943332,-118.56045303496592,0.1738031835151727,4.1098338854457195,23.72451446387031,-42.53986745796135,3.55,1.69,224.0,84.1,51.0,82.5,2632.0,7.1,718034,657136,457759,622569,646240,571771,608701,680776,606132,53.39,0.016,0.019,0.0,1.0,0.0,0.0,3.0,36,5,Curveball,7,1,7,1,1,7,7,1,Infield shade,Standard,29.0,-0.002,-0.233,,,0.03,0.233,88.0,6,6,0.964,0.964,30,28,30,29,1,2,3.0,1.0,4.0,2.0,4.52,-0.48,0.48,61.5,,,,,
FF,2023-05-24,94.9,-1.73,5.47,"Ohtani, Shohei",660271,621057,field_out,hit_into_play,,,,,8.0,"Shohei Ohtani grounds out sharply, shortstop Enrique Hernandez to first baseman Justin Turner.",R,L,R,LAA,BOS,X,6.0,ground_ball,2,1,2023,-0.66,1.21,-0.13,2.11,,,,1,7,Bot,116.56,133.51,,,,,5.647228361752934,-138.01668937135392,-5.802810385565337,-9.710867482071125,32.39229596210992,-15.578664703385115,3.55,1.69,20.0,112.6,-4.0,94.4,2043.0,6.2,718034,657136,457759,622569,646240,571771,608701,680776,606132,54.32,0.471,0.443,0.0,1.0,0.0,0.0,4.0,60,4,4-Seam Fastball,7,2,7,2,2,7,7,2,Infield shade,Standard,221.0,-0.001,-0.31,,,0.518,0.31,112.6,5,5,0.984,0.984,29,28,29,29,1,3,1.0,1.0,6.0,2.0,1.33,0.66,-0.66,41.5,,,,,
FF,2023-05-23,95.9,-1.73,5.4,"Ohtani, Shohei",660271,678394,field_out,hit_into_play,,,,,5.0,Shohei Ohtani lines out to left fielder Masataka Yoshida.,R,L,R,LAA,BOS,X,7.0,line_drive,0,1,2023,-0.86,0.84,0.19,2.73,,,,0,6,Bot,90.95,77.95,,,,,7.018559429824617,-139.5203620955763,-3.3356571960649446,-12.863841947664158,32.817658857517756,-20.666130658857057,3.58,1.71,314.0,91.3,23.0,95.7,2067.0,6.3,718053,624512,671213,665839,646240,571771,807799,680776,657077,54.19,0.147,0.16,0.0,1.0,0.0,0.0,3.0,43,2,4-Seam Fastball,2,0,2,0,0,2,2,0,Infield shade,Standard,235.0,-0.011,-0.223,,,0.254,0.223,91.3,2,2,0.843,0.843,24,28,24,29,3,2,6.0,1.0,7.0,1.0,1.65,0.86,-0.86,32.8,,,,,
CH,2023-05-23,89.0,-1.64,5.33,"Ohtani, Shohei",660271,678394,field_out,hit_into_play,,,,,8.0,"Shohei Ohtani grounds out, first baseman Triston Casas to pitcher Brayan Bello.",R,L,R,LAA,BOS,X,3.0,ground_ball,0,2,2023,-1.28,0.49,-0.26,2.12,,,,2,3,Bot,161.12,160.42,,,,,6.085228316495141,-129.45375479215917,-2.814168577955797,-15.6494917899628,29.70117337775255,-26.243434268347237,3.58,1.71,4.0,71.8,-27.0,88.7,1869.0,6.3,718053,624512,671213,665839,646240,571771,807799,680776,657077,54.16,0.029,0.054,0.0,1.0,0.0,0.0,2.0,24,3,Changeup,1,0,1,0,0,1,1,0,Infield shade,Standard,249.0,-0.007,-0.169,,,0.029,0.169,88.0,1,1,0.63,0.63,24,28,24,29,2,1,6.0,1.0,7.0,1.0,2.41,1.28,-1.28,29.4,,,,,
CH,2023-05-23,87.5,-1.91,5.26,"Ohtani, Shohei",660271,678394,single,hit_into_play,,,,,11.0,Shohei Ohtani singles on a ground ball to first baseman Triston Casas.,R,L,R,LAA,BOS,X,3.0,ground_ball,1,1,2023,-1.57,0.56,-0.9,2.92,,,,1,1,Bot,161.72,163.45,,,,,5.69781558979572,-127.31305225321564,-0.6464947020227098,-18.269582379631096,27.52568137497366,-26.14160062832021,3.58,1.71,12.0,76.1,-13.0,87.4,1982.0,6.4,718053,624512,671213,665839,646240,571771,807799,680776,657077,54.14,0.058,0.055,0.9,1.0,1.0,0.0,2.0,7,3,Changeup,1,0,1,0,0,1,1,0,Infield shade,Standard,253.0,0.022,0.427,,,0.065,-0.427,88.0,1,1,0.625,0.625,24,28,24,29,1,0,6.0,1.0,7.0,1.0,2.43,1.57,-1.57,35.4,,,,,
FF,2023-05-22,95.4,-1.15,6.01,"Ohtani, Shohei",660271,676710,field_out,hit_into_play,,,,,3.0,Shohei Ohtani lines out sharply to right fielder Alex Verdugo.,R,L,R,LAA,BOS,X,9.0,line_drive,2,2,2023,-0.83,1.55,0.66,3.65,,,545361.0,0,8,Bot,185.72,92.1,,,,,6.623734954587174,-138.65008465486247,-3.971581081706076,-12.25399451123435,36.72471056931285,-11.630472898004738,3.59,1.71,303.0,102.1,18.0,95.0,2531.0,6.5,718070,657136,671213,665839,646240,571771,807799,680776,657077,53.98,0.434,0.509,0.0,1.0,0.0,0.0,5.0,57,6,4-Seam Fastball,2,1,2,1,1,2,2,1,Infield shade,Standard,209.0,-0.017,-0.215,,,0.802,0.215,102.1,1,1,0.884,0.884,27,28,27,29,1,3,19.0,1.0,5.0,1.0,1.0,0.83,-0.83,44.9,,,,,
ST,2023-05-21,85.4,-2.17,5.44,"Ohtani, Shohei",660271,641154,field_out,hit_into_play,,,,,8.0,Shohei Ohtani grounds out to first baseman Alex Kirilloff.,R,L,R,LAA,MIN,X,3.0,ground_ball,1,1,2023,1.04,0.29,-0.05,1.99,,,545361.0,2,3,Bot,147.4,171.69,,,,,2.9429103714252487,-124.37149434334354,-2.430576550839873,10.174288903977263,26.370656014083576,-28.86874902711001,3.59,1.7,42.0,96.8,0.0,86.5,2539.0,7.1,718080,680777,666135,456781,571657,621043,608336,650489,663616,53.39,0.379,0.356,0.0,1.0,0.0,0.0,2.0,24,3,Sweeper,0,1,0,1,1,0,0,1,Infield shade,Standard,58.0,-0.026,-0.266,,,0.429,0.266,96.8,-1,-1,0.403,0.403,27,28,27,29,2,1,6.0,1.0,6.0,1.0,2.84,-1.04,1.04,35.6,,,,,
FF,2023-05-21,96.2,-2.02,5.48,"Ohtani, Shohei",660271,641154,single,hit_into_play,,,,,12.0,Shohei Ohtani singles on a line drive to center fielder Willi Castro. Mike Trout to 2nd.,R,L,R,LAA,MIN,X,8.0,line_drive,0,0,2023,-0.31,1.23,1.03,2.85,,,545361.0,1,1,Bot,118.63,85.26,,,,,8.931696415741397,-139.87390942819638,-4.25444339121092,-6.086297361305021,30.497560461879125,-15.19235617022385,3.59,1.7,264.0,79.1,25.0,97.8,2257.0,7.2,718080,680777,666135,456781,571657,621043,608336,650489,663616,53.32,0.489,0.453,0.9,1.0,1.0,0.0,4.0,6,1,4-Seam Fastball,0,0,0,0,0,0,0,0,Infield shade,Standard,209.0,0.036,0.415,,,0.556,-0.415,88.0,0,0,0.551,0.551,27,28,27,29,1,0,6.0,1.0,6.0,1.0,1.23,0.31,-0.31,36.7,,,,,
FC,2023-05-21,86.6,-2.3,4.88,"Ohtani, Shohei",660271,592254,fielders_choice_out,hit_into_play,,,,,3.0,"Shohei Ohtani reaches on a fielder's choice out, second baseman Donovan Solano to catcher Ryan Jeffers. Mickey Moniak out at home.",R,L,R,LAA,MIN,X,4.0,ground_ball,0,1,2023,0.35,0.51,0.38,3.27,666160.0,,,1,7,Bot,145.75,163.59,,,,,5.711777046319552,-126.01652154157748,1.4005451110602176,2.372821277662528,28.212230536403943,-27.353136004670688,3.59,1.7,8.0,78.1,-20.0,86.5,2111.0,6.5,718080,680777,666135,456781,571657,621043,608336,650489,663616,54.02,0.063,0.061,0.0,1.0,0.0,0.0,2.0,58,2,Cutter,3,1,3,1,1,3,3,1,Strategic,Standard,209.0,-0.036,-0.218,,,0.078,0.218,88.0,2,2,0.91,0.91,30,28,31,29,1,3,4.0,1.0,3.0,1.0,2.56,-0.35,0.35,31.9,,,,,
FF,2023-05-20,94.2,-1.64,5.35,"Ohtani, Shohei",660271,686973,home_run,hit_into_play,,,,,2.0,Shohei Ohtani homers (11) on a fly ball to right center field.,R,L,R,LAA,MIN,X,,fly_ball,3,2,2023,-0.64,1.19,0.18,3.15,,,,0,6,Bot,183.64,41.26,,,,,6.223092587904555,-137.1123760547769,-2.7139983086179913,-9.34956914262483,28.543055954436795,-16.69966985726036,3.61,1.69,414.0,102.5,33.0,95.8,2223.0,7.1,718096,543877,666135,650489,571657,621043,608336,572191,663616,53.41,0.5539459459459457,1.1014054054054057,2.0,1.0,0.0,3.0,6.0,51,6,4-Seam Fastball,1,4,1,4,4,2,2,4,Infield shade,Standard,204.0,0.09,1.027,,,2.1857027027027027,-1.027,102.5,-3,-3,0.17,0.17,25,28,26,29,3,2,6.0,1.0,6.0,1.0,1.36,0.64,-0.64,28.7,,,,,
FF,2023-05-20,95.5,-1.82,5.44,"Ohtani, Shohei",660271,686973,field_out,hit_into_play,,,,,4.0,"Shohei Ohtani grounds out sharply, shortstop Carlos Correa to first baseman Donovan Solano.",R,L,R,LAA,MIN,X,6.0,ground_ball,0,0,2023,-0.55,1.49,-0.35,2.32,,,545361.0,2,3,Bot,124.73,162.73,,,,,5.224012363207855,-138.81821435598496,-5.9727274295306385,-8.387959844598951,35.47530352897741,-11.78477655041942,3.61,1.69,18.0,111.3,-6.0,96.5,2262.0,7.2,718096,543877,456781,650489,571657,621043,608336,572191,664247,53.26,0.442,0.419,0.0,1.0,0.0,0.0,2.0,28,1,4-Seam Fastball,0,3,0,3,3,0,0,3,Infield shade,Standard,215.0,-0.022,-0.286,,,0.493,0.286,111.3,-3,-3,0.208,0.208,25,28,26,29,2,1,6.0,1.0,6.0,1.0,1.04,0.55,-0.55,31.8,,,,,
FF,2023-05-19,93.2,-2.45,4.96,"Ohtani, Shohei",660271,657746,field_out,hit_into_play,,,,,4.0,Shohei Ohtani lines out sharply to left fielder Trevor Larnach.,R,L,R,LAA,MIN,X,7.0,line_drive,2,1,2023,-0.96,1.18,-0.42,2.84,,,,2,5,Bot,80.0,78.89,,,,,7.367029863290705,-135.4989673291571,-2.2368278563718547,-13.5114989092945,30.799387560509057,-17.39170103027718,3.59,1.68,320.0,103.4,15.0,93.4,2200.0,6.6,718106,680777,456781,650489,571657,621043,663616,572191,664247,53.93,0.661,0.723,0.0,1.0,0.0,0.0,4.0,38,4,4-Seam Fastball,3,0,3,0,0,3,3,0,Infield shade,Standard,203.0,-0.006,-0.314,,,1.042,0.314,103.4,3,3,0.869,0.869,27,28,27,29,3,2,6.0,1.0,5.0,1.0,1.46,0.96,-0.96,28.7,,,,,
CH,2023-05-18,87.2,-1.44,6.89,"Ohtani, Shohei",660271,669330,field_out,hit_into_play,,,,,5.0,Shohei Ohtani pops out to third baseman Gunnar Henderson on the infield fly rule.,R,L,R,BAL,LAA,X,5.0,popup,3,2,2023,-1.43,0.96,-0.15,2.55,,670869.0,666160.0,1,5,Top,104.99,167.85,,,,,6.04987163068182,-126.71918463562687,-6.224732807584775,-16.699874893565877,26.231767528991497,-20.742301197618144,3.56,1.66,85.0,84.0,75.0,87.1,2292.0,6.3,718128,543510,663624,687401,683002,622761,669720,663630,623993,54.16,0.003,0.002,0.0,1.0,0.0,0.0,3.0,38,6,Changeup,0,3,3,0,3,0,3,0,Infield shade,Standard,216.0,0.029,-0.261,,,0.003,0.261,88.0,-3,3,0.138,0.862,28,28,29,29,3,2,5.0,1.0,6.0,1.0,2.05,1.43,-1.43,49.4,,,,,
FF,2023-05-18,91.7,-1.38,6.93,"Ohtani, Shohei",660271,669330,field_out,hit_into_play,,,,,5.0,Shohei Ohtani flies out sharply to left fielder Austin Hays.,R,L,R,BAL,LAA,X,7.0,fly_ball,0,1,2023,-0.26,1.6,-0.01,2.84,,,,1,3,Top,86.16,97.59,,,,,4.03162680269679,-133.20805735456818,-7.8823895961103965,-4.007782417422946,30.326069347154416,-11.610952612946852,3.56,1.66,272.0,102.0,56.0,91.5,2355.0,6.4,718128,543510,663624,687401,683002,622761,669720,663630,623993,54.11,0.018,0.018,0.0,1.0,0.0,0.0,3.0,23,2,4-Seam Fastball,0,3,3,0,3,0,3,0,Infield shade,Standard,196.0,0.009,-0.227,,,0.024,0.227,102.0,-3,3,0.22,0.78,28,28,29,29,2,1,5.0,1.0,6.0,1.0,1.13,0.26,-0.26,48.9,,,,,
SV,2023-05-18,84.4,1.41,5.49,"Ohtani, Shohei",660271,672335,field_out,hit_into_play,,,,,4.0,Shohei Ohtani flies out to center fielder Ryan McKenna.,R,L,L,BAL,LAA,X,8.0,fly_ball,1,1,2023,-0.98,-0.19,-0.79,2.28,,545361.0,,1,7,Top,126.71,79.44,,,,,-3.121791448789863,-122.73663725743717,-0.6240519062728409,-9.012758492747109,28.665278135640055,-34.12589829292488,3.56,1.66,298.0,83.3,34.0,82.8,2575.0,5.7,718128,543510,663624,687401,683002,622761,669720,663630,623993,54.8,0.032,0.039,0.0,1.0,0.0,0.0,3.0,56,3,Slurve,3,4,4,3,4,3,4,3,Standard,Standard,316.0,0.038,-0.276,,,0.061,0.276,88.0,-1,1,0.286,0.714,27,28,27,29,1,3,2.0,1.0,3.0,1.0,3.44,-0.98,-0.98,39.1,,,,,
CH,2023-05-18,85.5,-1.68,6.91,"Ohtani, Shohei",660271,669330,home_run,hit_into_play,,,,,1.0,Shohei Ohtani homers (10) on a fly ball to right center field.,R,L,R,BAL,LAA,X,,fly_ball,0,1,2023,-1.22,1.07,-0.71,3.23,,,,2,1,Top,190.0,60.17,,,,,4.747311184315366,-124.52324577044642,-4.5967494215240405,-13.62366582887794,23.30161360839047,-20.29338210955523,3.56,1.66,378.0,100.3,32.0,85.7,2356.0,6.2,718128,543510,663624,687401,683002,622761,669720,663630,623993,54.27,0.4601666666666666,0.9032666666666666,2.0,1.0,0.0,3.0,6.0,3,2,Changeup,0,0,0,0,1,0,1,0,Strategic,Standard,218.0,-0.102,2.64,,,1.7814666666666668,-2.64,100.3,0,0,0.54,0.4599999999999999,28,28,29,29,1,0,5.0,1.0,6.0,1.0,2.02,1.22,-1.22,46.3,,,,,
ST,2023-05-18,81.7,-0.7,6.17,"Ohtani, Shohei",660271,543056,single,hit_into_play,,,,,7.0,Shohei Ohtani singles on a ground ball to first baseman Ryan Mountcastle. Zach Neto scores. Gio Urshela to 3rd. Mike Trout to 2nd.,R,L,L,BAL,LAA,X,3.0,ground_ball,0,0,2023,-0.96,-0.52,-0.5,1.78,687263.0,570482.0,545361.0,2,8,Top,153.72,164.29,,,,,2.262920727628723,-118.97749857294572,-2.2991978109497633,-9.514117945436253,23.361695546324945,-36.89253834434776,3.56,1.66,99.0,82.3,7.0,80.7,2473.0,5.6,718128,543510,663624,624428,683002,622761,669720,663630,623993,54.85,0.368,0.345,0.9,1.0,1.0,0.0,4.0,70,1,Sweeper,5,5,5,5,6,5,6,5,Standard,Standard,319.0,-0.227,0.521,,,0.424,-0.521,88.0,0,0,0.462,0.538,33,28,34,29,1,4,1.0,1.0,3.0,1.0,3.94,-0.96,-0.96,57.2,,,,,
SL,2023-05-17,88.1,-1.44,6.23,"Ohtani, Shohei",660271,680694,field_out,hit_into_play,,,,,3.0,Shohei Ohtani flies out to center fielder Cedric Mullins.,R,L,R,BAL,LAA,X,8.0,fly_ball,1,2,2023,1.05,-0.02,0.36,3.02,,,,0,7,Top,134.63,77.03,,,,,2.2041602216015006,-128.24639548872565,-1.6409007695547495,11.072959758336305,27.888108751062596,-32.25611059972139,3.51,1.63,305.0,98.8,43.0,87.9,2685.0,6.3,718137,668939,663624,624428,683002,687401,669720,656775,663630,54.24,0.061,0.119,0.0,1.0,0.0,0.0,3.0,50,5,Slider,3,1,1,3,1,3,1,3,Strategic,Standard,52.0,0.026,-0.193,,,0.232,0.193,98.8,2,-2,0.823,0.177,26,28,27,29,3,2,5.0,1.0,6.0,1.0,2.97,-1.05,1.05,52.0,,,,,
FF,2023-05-17,94.1,-1.46,6.18,"Ohtani, Shohei",660271,680694,field_out,hit_into_play,,,,,1.0,Shohei Ohtani flies out to left fielder Austin Hays.,R,L,R,BAL,LAA,X,7.0,fly_ball,1,1,2023,0.21,0.87,-0.8,3.14,,,,0,4,Top,55.51,85.99,,,,,1.26941729622361,-137.1809008086286,-4.1858502411961584,2.3443795922311708,28.40364545655989,-20.415544603652876,3.51,1.63,330.0,94.3,26.0,94.9,2317.0,6.5,718137,668939,663624,624428,683002,687401,669720,656775,679631,54.01,0.182,0.243,0.0,1.0,0.0,0.0,3.0,27,3,4-Seam Fastball,1,1,1,1,1,1,1,1,Strategic,Standard,185.0,0.026,-0.254,,,0.396,0.254,94.3,0,0,0.501,0.499,26,28,27,29,2,1,5.0,1.0,6.0,1.0,1.68,-0.21,0.21,52.8,,,,,
SL,2023-05-17,89.1,-1.57,6.27,"Ohtani, Shohei",660271,680694,field_out,hit_into_play,,,,,8.0,Shohei Ohtani flies out sharply to left fielder Austin Hays.,R,L,R,BAL,LAA,X,7.0,fly_ball,2,1,2023,0.43,0.47,-0.06,2.12,,,,2,1,Top,69.38,122.32,,,,,2.802434709311613,-129.5633549993747,-5.089743289402719,4.140838234228595,30.44766475140401,-25.918270484906255,3.51,1.63,238.0,100.1,59.0,88.6,2463.0,6.3,718137,668939,663624,624428,683002,687401,669720,656775,679631,54.17,0.024,0.024,0.0,1.0,0.0,0.0,3.0,3,4,Slider,0,0,0,0,0,0,0,0,Strategic,Standard,105.0,0.011,-0.314,,,0.031,0.314,100.1,0,0,0.537,0.4629999999999999,26,28,27,29,1,0,5.0,1.0,6.0,1.0,2.43,-0.43,0.43,53.6,,,,,
FF,2023-05-16,97.2,-2.52,5.75,"Ohtani, Shohei",660271,665152,field_out,hit_into_play,,,,,1.0,Shohei Ohtani flies out to left fielder Austin Hays.,R,L,R,BAL,LAA,X,7.0,fly_ball,3,2,2023,-1.08,1.33,-0.56,3.41,,,,0,6,Top,51.49,99.64,,,,,7.718560739508797,-141.23721223872073,-3.6966637260576785,-16.273177384675332,36.96739820721678,-13.85617197799372,3.43,1.6,308.0,90.7,28.0,96.5,2378.0,6.3,718154,668939,623993,624428,683002,622761,669720,656775,679631,54.19,0.068,0.085,0.0,1.0,0.0,0.0,3.0,44,8,4-Seam Fastball,4,2,2,4,2,4,2,4,Infield shade,Standard,224.0,0.039,-0.353,,,0.149,0.353,90.7,2,-2,0.771,0.2289999999999999,27,28,27,29,3,2,6.0,1.0,5.0,1.0,1.12,1.08,-1.08,37.7,,,,,
FC,2023-05-16,88.5,-2.44,6.0,"Ohtani, Shohei",660271,665152,field_out,hit_into_play,,,,,2.0,Shohei Ohtani flies out sharply to center fielder Cedric Mullins.,R,L,R,BAL,LAA,X,8.0,fly_ball,3,1,2023,0.74,0.67,0.19,2.95,,,,1,1,Top,100.22,67.02,,,,,4.836247868117818,-128.862767675574,-2.777250321140095,7.199842112034214,26.981568948827523,-24.30085994619819,3.43,1.6,334.0,102.2,45.0,88.1,2490.0,6.0,718154,668939,623993,624428,683002,622761,669720,656775,679631,54.49,0.061,0.094,0.0,1.0,0.0,0.0,3.0,3,5,Cutter,0,1,1,0,1,0,1,0,Infield shade,Standard,165.0,0.023,-0.432,,,0.177,0.432,102.2,-1,1,0.415,0.585,27,28,27,29,1,0,6.0,1.0,5.0,1.0,2.23,-0.74,0.74,38.7,,,,,
SV,2023-05-16,83.9,1.63,5.48,"Ohtani, Shohei",660271,672335,field_out,hit_into_play,,,,,14.0,"Shohei Ohtani grounds out, second baseman Adam Frazier to first baseman Anthony Santander.",R,L,L,BAL,LAA,X,4.0,ground_ball,1,0,2023,-0.82,-0.51,0.15,1.32,,,,0,8,Top,154.22,151.13,,,,,-1.77551856662738,-122.1784451458485,-2.152884325670275,-7.818345641730883,26.04702077429676,-37.07257445468172,3.43,1.6,7.0,71.6,-11.0,83.0,2398.0,5.8,718154,668939,623993,624428,683002,622761,669720,656775,663630,54.69,0.053,0.052,0.0,1.0,0.0,0.0,2.0,62,2,Slurve,7,3,3,7,3,7,3,7,Standard,Standard,328.0,0.016,-0.306,,,0.056,0.306,88.0,4,-4,0.961,0.039,27,28,27,29,1,3,2.0,1.0,2.0,1.0,3.77,-0.82,-0.82,38.5,,,,,
CU,2023-05-15,80.3,-2.12,5.94,"Ohtani, Shohei",660271,680570,home_run,hit_into_play,,,,,5.0,Shohei Ohtani homers (9) on a fly ball to right center field. Taylor Ward scores. Mike Trout scores.,R,L,R,BAL,LAA,X,,fly_ball,0,0,2023,0.33,-0.93,-0.06,2.53,,621493.0,545361.0,1,4,Top,205.01,31.4,,,,,3.9828897092014848,-116.81526519124051,0.9661671712518468,2.2559039016357887,23.147722303891996,-41.052599750996784,3.43,1.6,456.0,114.6,27.0,81.1,2437.0,7.0,718171,668939,623993,624428,683002,622761,669720,656775,679631,53.53,0.9965,2.0,2.0,1.0,0.0,3.0,6.0,34,1,Curveball,4,4,4,4,7,4,7,4,Standard,Standard,39.0,-0.253,1.201,,,3.9805,-1.201,114.6,0,0,0.452,0.548,23,28,24,29,3,2,6.0,1.0,5.0,1.0,4.48,-0.33,0.33,50.5,,,,,
FF,2023-05-15,98.0,-2.28,5.86,"Ohtani, Shohei",660271,680570,single,hit_into_play,,,,,11.0,Shohei Ohtani singles on a ground ball to right fielder Terrin Vavra.,R,L,R,BAL,LAA,X,9.0,ground_ball,1,1,2023,-0.91,1.25,-0.91,2.57,,,,1,3,Top,151.45,91.28,,,,,5.864824721659721,-142.54441725661934,-6.361213528044525,-13.728209154778389,33.64569271943745,-13.814347724033574,3.43,1.6,81.0,99.6,3.0,99.1,2194.0,7.0,718171,668939,623993,624428,683002,622761,669720,656775,679631,53.54,0.484,0.441,0.9,1.0,1.0,0.0,4.0,20,3,4-Seam Fastball,2,1,1,2,1,2,1,2,Infield shade,Standard,220.0,-0.03,0.427,,,0.535,-0.427,99.6,1,-1,0.639,0.361,23,28,24,29,2,1,6.0,1.0,5.0,1.0,1.13,0.91,-0.91,44.0,,,,,
CH,2023-05-15,89.5,-0.87,5.74,"Ohtani, Shohei",660271,670810,triple,hit_into_play,,,,,4.0,Shohei Ohtani triples (2) on a sharp line drive to right fielder Terrin Vavra.,R,L,R,BAL,LAA,X,9.0,line_drive,2,2,2023,-1.13,0.52,-0.3,2.77,,,,2,5,Top,164.28,62.44,,,,,3.788789838277697,-130.41607416960795,-2.470730822809353,-13.73602375029514,25.33497663208017,-25.93641405039804,3.43,1.6,351.0,101.1,18.0,89.9,1510.0,6.3,718171,668939,623993,624428,683002,622761,669720,656775,679631,54.2,0.455,0.56,1.6,1.0,1.0,2.0,5.0,46,7,Changeup,4,8,8,4,8,4,8,4,Infield shade,Standard,241.0,-0.011,0.747,,,0.872,-0.747,101.1,-4,4,0.118,0.882,26,28,26,29,1,3,30.0,1.0,37.0,1.0,2.3,1.13,-1.13,41.5,,,,,
CH,2023-05-15,75.5,-0.73,6.6,"Ohtani, Shohei",660271,641329,force_out,hit_into_play,,,,,1.0,"Shohei Ohtani grounds into a force out, fielded by second baseman Adam Frazier. Taylor Ward to 3rd. Mike Trout out at 2nd. Shohei Ohtani to 1st.",R,L,R,BAL,LAA,X,4.0,ground_ball,0,2,2023,-1.1,0.78,-0.58,3.14,,621493.0,545361.0,1,7,Top,143.06,155.67,,,,,2.291844682091702,-110.01289371316516,-1.455641825391844,-9.352735820435097,20.11738234583153,-25.82843125478682,3.43,1.6,31.0,76.3,-3.0,75.8,1604.0,6.5,718171,668939,623993,624428,683002,622761,669720,656775,679631,53.97,0.108,0.102,0.0,1.0,0.0,0.0,2.0,62,4,Changeup,5,9,9,5,9,5,9,5,Infield shade,Standard,218.0,0.005,-0.234,,,0.135,0.234,88.0,-4,4,0.054,0.946,28,28,29,29,1,4,3.0,1.0,1.0,1.0,3.22,1.1,-1.1,58.9,,,,,
FF,2023-05-15,96.1,-2.14,6.04,"Ohtani, Shohei",660271,657508,single,hit_into_play,,,,,11.0,Shohei Ohtani singles on a line drive to left fielder Austin Hays. Mike Trout to 2nd.,R,L,R,BAL,LAA,X,7.0,line_drive,0,2,2023,-0.88,1.46,-1.41,3.01,,,545361.0,2,9,Top,60.38,98.52,,,,,3.9632093252782816,-139.8388228545446,-5.76801305323369,-12.394912835520666,33.36198546911314,-11.982644634461408,3.43,1.6,260.0,84.1,17.0,96.8,2205.0,6.8,718171,668939,623993,624428,683002,622761,669720,656775,679631,53.69,0.963,0.902,0.9,1.0,1.0,0.0,4.0,80,3,4-Seam Fastball,5,9,9,5,9,5,9,5,Infield shade,Standard,220.0,-0.002,0.467,,,1.084,-0.467,88.0,-4,4,0.018,0.982,27,28,28,29,1,5,1.0,1.0,3.0,1.0,1.02,0.88,-0.88,47.3,,,,,
SL,2023-05-14,91.3,-0.84,6.02,"Ohtani, Shohei",660271,661403,single,hit_into_play,,,,,7.0,Shohei Ohtani singles on a ground ball to center fielder Myles Straw.   Zach Neto scores.    Mickey Moniak to 3rd.,R,L,R,CLE,LAA,X,8.0,ground_ball,1,2,2023,1.04,-0.08,-0.45,1.63,687263.0,,666160.0,0,9,Top,145.29,108.0,,,,,-1.2709981695949897,-133.23343378728055,-5.214534590050059,12.885977861659908,20.751313741472337,-32.49759732003335,3.42,1.6,102.0,94.3,4.0,93.0,2542.0,6.5,718182,572287,672356,665926,608070,642708,680757,664702,686823,53.99,0.468,0.425,0.9,1.0,1.0,0.0,4.0,62,4,Slider,4,1,1,4,2,4,2,4,Standard,Standard,75.0,-0.15,0.505,,,0.514,-0.505,94.3,3,-3,0.854,0.146,25,28,25,29,1,3,2.0,1.0,4.0,1.0,2.74,-1.04,1.04,54.8,,,,,
FF,2023-05-14,96.6,-1.46,6.51,"Ohtani, Shohei",660271,676440,field_out,hit_into_play,,,,,6.0,"Shohei Ohtani grounds out, second baseman Andres Gimenez to first baseman Josh Bell.",R,L,R,CLE,LAA,X,4.0,ground_ball,1,0,2023,-0.26,1.28,0.71,2.81,,,,1,1,Top,153.91,153.14,,,,,6.390078907406864,-140.4418258438453,-7.232391826290417,-4.793180221068214,30.15086885573295,-13.84059384722643,3.42,1.6,11.0,91.4,-13.0,97.3,2091.0,6.6,718182,572287,605137,665926,608070,642708,680757,664702,686823,53.89,0.158,0.157,0.0,1.0,0.0,0.0,2.0,2,2,4-Seam Fastball,0,0,0,0,0,0,0,0,Infield shade,Standard,188.0,0.018,-0.306,,,0.197,0.306,91.4,0,0,0.52,0.48,24,28,24,29,1,0,6.0,1.0,7.0,1.0,1.16,0.26,-0.26,67.1,,,,,
FF,2023-05-13,94.1,-1.21,6.27,"Ohtani, Shohei",660271,615698,double,hit_into_play,,,,,11.0,Shohei Ohtani doubles (8) on a line drive to left fielder Steven Kwan.   Mickey Moniak scores.    Mike Trout to 3rd.,R,L,R,CLE,LAA,X,7.0,line_drive,1,1,2023,-0.58,1.53,-0.87,3.69,,666160.0,545361.0,1,3,Top,41.05,103.09,,,,,2.194821741158481,-137.00314221409596,-4.412857852488377,-7.818148203897964,30.76620741066985,-12.177931898884813,3.41,1.6,273.0,93.5,15.0,95.0,2287.0,6.8,718191,595956,647304,665926,608070,642708,680757,664702,672356,53.71,0.874,0.862,1.25,1.0,1.0,1.0,4.0,20,3,4-Seam Fastball,0,1,1,0,2,0,2,0,Standard,Standard,217.0,-0.132,0.807,,,1.1,-0.807,93.5,-1,1,0.352,0.648,28,28,28,29,2,1,6.0,1.0,6.0,1.0,1.05,0.58,-0.58,49.0,,,,,
FF,2023-05-13,93.7,-2.02,5.72,"Ohtani, Shohei",660271,663986,field_out,hit_into_play,,,,,4.0,"Shohei Ohtani grounds out, second baseman Andres Gimenez to first baseman Josh Naylor.",R,L,R,CLE,LAA,X,4.0,ground_ball,1,0,2023,-0.51,1.03,-0.72,2.81,,,,1,9,Top,142.57,150.13,,,,,4.530655435098606,-136.56281534435345,-4.158356326814736,-7.3454746774245105,26.219882946750552,-18.47502324419409,3.41,1.6,16.0,101.3,-9.0,94.7,2567.0,6.5,718191,681807,647304,665926,608070,642708,680757,664702,686823,54.0,0.226,0.24,0.0,1.0,0.0,0.0,2.0,75,2,4-Seam Fastball,8,6,6,8,6,8,6,8,Standard,Standard,209.0,0.03,-0.306,,,0.226,0.306,101.3,2,-2,0.958,0.042,27,28,28,29,1,4,1.0,1.0,5.0,1.0,1.53,0.51,-0.51,36.3,,,,,
FF,2023-05-10,91.2,-1.51,5.86,"Ohtani, Shohei",660271,664299,field_out,hit_into_play,,,,,12.0,Shohei Ohtani flies out to center fielder Jake Meyers.,R,L,R,LAA,HOU,X,8.0,fly_ball,0,1,2023,-0.38,1.49,0.38,3.61,,,,0,4,Bot,133.0,94.23,,,,,5.5183711510159545,-132.8093048324436,-3.0096241989580057,-5.644280056644344,26.793305544237185,-14.015941122189153,3.44,1.6,264.0,73.6,32.0,90.6,2133.0,5.8,718235,455117,673237,682073,608324,665161,670541,676694,667452,54.74,0.35,0.315,0.0,1.0,0.0,0.0,3.0,33,2,4-Seam Fastball,2,5,2,5,5,2,2,5,Infield shade,Standard,197.0,-0.021,-0.223,,,0.391,0.223,88.0,-3,-3,0.212,0.212,26,28,26,29,2,1,5.0,1.0,6.0,2.0,1.23,0.38,-0.38,42.1,,,,,
CU,2023-05-10,82.1,-0.26,5.88,"Ohtani, Shohei",660271,519151,home_run,hit_into_play,,,,,14.0,Shohei Ohtani homers (8) on a fly ball to right center field. Mike Trout scores.,R,L,R,LAA,HOU,X,,fly_ball,1,2,2023,1.19,-1.14,0.21,1.47,,,545361.0,0,9,Bot,183.16,43.84,,,,,-1.245260350082442,-119.33016456369144,-1.001019044645051,11.460307768182345,29.477833915368755,-42.90410391803323,3.44,1.6,408.0,102.6,31.0,80.9,2874.0,6.2,718235,455117,673237,682073,608324,665161,670541,676694,667452,54.28,0.6207777777777779,1.2334888888888889,2.0,1.0,0.0,3.0,6.0,68,4,Curveball,2,5,2,5,5,4,4,5,Infield shade,Standard,32.0,0.123,1.132,,,2.4448222222222222,-1.132,102.6,-3,-3,0.081,0.081,34,28,35,29,1,3,1.0,1.0,2.0,2.0,4.61,-1.19,1.19,55.9,,,,,
SL,2023-05-09,84.3,0.51,6.11,"Ohtani, Shohei",660271,664285,field_out,hit_into_play,,,,,5.0,Shohei Ohtani lines out to center fielder Jake Meyers.,R,L,L,LAA,HOU,X,8.0,line_drive,3,2,2023,-0.37,-0.59,-0.11,2.22,,,,1,4,Bot,124.8,82.88,,,,,-0.6965262434521524,-122.80514326778405,-1.5367856673121278,-3.6442302552770367,24.14551627817044,-38.03231018071981,3.46,1.6,291.0,94.4,18.0,83.6,2556.0,5.7,718237,455117,547989,643289,608324,665161,667452,676694,663656,54.77,0.489,0.483,0.0,1.0,0.0,0.0,4.0,28,6,Slider,1,0,1,0,0,1,1,0,Infield shade,Standard,238.0,-0.018,-0.328,,,0.669,0.328,94.4,1,1,0.667,0.667,29,28,30,29,2,1,6.0,1.0,6.0,1.0,3.79,-0.37,-0.37,50.5,,,,,
SL,2023-05-09,84.0,0.69,6.24,"Ohtani, Shohei",660271,664285,field_out,hit_into_play,,,,,6.0,"Shohei Ohtani grounds out, second baseman Mauricio Dubon to first baseman Jose Abreu.",R,L,L,LAA,HOU,X,4.0,ground_ball,3,2,2023,-0.26,-0.6,0.79,2.43,,,,2,1,Bot,146.9,153.12,,,,,0.749740210938118,-122.39692618270723,-1.2881669957767623,-2.7617272578508536,22.477112513955184,-38.18941206411366,3.46,1.6,5.0,94.9,-22.0,83.7,2544.0,5.9,718237,455117,547989,643289,608324,665161,667452,676694,663656,54.65,0.132,0.125,0.0,1.0,0.0,0.0,2.0,7,7,Slider,0,0,0,0,0,0,0,0,Infield shade,Standard,346.0,-0.012,-0.336,,,0.155,0.336,94.9,0,0,0.512,0.512,29,28,30,29,1,0,6.0,1.0,6.0,1.0,3.8,-0.26,-0.26,49.8,,,,,
FC,2023-05-08,93.3,-1.72,5.96,"Ohtani, Shohei",660271,686613,double,hit_into_play,,,,,6.0,Shohei Ohtani doubles (7) on a sharp line drive to right fielder Kyle Tucker.   Taylor Ward scores.,R,L,R,LAA,HOU,X,9.0,line_drive,1,0,2023,0.32,0.91,0.29,2.58,621493.0,,,1,5,Bot,167.15,55.23,,,,,4.542898987415656,-135.82015938440276,-5.046243533770596,3.012743586375856,27.99022020308883,-19.975137388150703,3.44,1.59,370.0,110.2,20.0,94.7,2130.0,7.0,718254,673237,547989,643289,682073,665161,670541,676801,663656,53.52,0.8434666666666666,1.5121000000000004,1.25,1.0,1.0,1.0,6.0,43,2,Cutter,3,4,3,4,4,4,4,4,Strategic,Standard,139.0,0.102,0.553,,,2.9016999999999995,-0.553,110.2,-1,-1,0.492,0.492,24,28,25,29,3,2,6.0,1.0,6.0,1.0,1.69,-0.32,0.32,51.6,,,,,
KC,2023-05-08,82.4,-1.7,6.1,"Ohtani, Shohei",660271,686613,double,hit_into_play,,,,,7.0,Shohei Ohtani doubles (6) on a sharp ground ball to center fielder Chas McCormick.   Zach Neto scores.    Taylor Ward to 3rd.,R,L,R,LAA,HOU,X,8.0,ground_ball,1,2,2023,0.71,-1.28,-0.76,2.06,,687263.0,621493.0,1,3,Bot,160.82,81.53,,,,,0.7819343250344357,-119.9953296904816,-0.0841078806272701,6.596068767073905,25.98815905981527,-44.69488841345165,3.44,1.59,12.0,100.3,-9.0,82.6,,6.7,718254,673237,547989,643289,682073,665161,670541,676801,663656,53.83,0.232,0.247,1.25,1.0,1.0,1.0,2.0,27,5,Knuckle Curve,1,3,1,3,3,2,2,3,Standard,Standard,,0.178,0.866,,,0.232,-0.866,100.3,-2,-2,0.364,0.364,24,28,25,29,2,1,6.0,1.0,6.0,1.0,4.67,-0.71,0.71,55.6,,,,,
FC,2023-05-08,92.8,-1.65,5.95,"Ohtani, Shohei",660271,686613,field_out,hit_into_play,,,,,3.0,Shohei Ohtani flies out to left fielder Yordan Alvarez.,R,L,R,LAA,HOU,X,7.0,fly_ball,3,2,2023,0.39,0.67,0.49,2.99,,,621493.0,1,1,Bot,75.42,111.81,,,,,4.65709428904857,-135.06277598050184,-3.2622225555255637,3.78769817709525,29.291669858753306,-23.478942555803545,3.44,1.59,250.0,83.4,50.0,93.6,2036.0,6.8,718254,673237,547989,643289,682073,665161,670541,676801,663656,53.73,0.021,0.026,0.0,1.0,0.0,0.0,3.0,7,6,Cutter,0,0,0,0,0,0,0,0,Infield shade,Standard,192.0,-0.034,-0.316,,,0.038,0.316,88.0,0,0,0.556,0.556,24,28,25,29,1,0,6.0,1.0,6.0,1.0,1.98,-0.39,0.39,52.8,,,,,
FF,2023-05-08,94.0,-1.45,5.8,"Ohtani, Shohei",660271,593576,field_out,hit_into_play,,,,,11.0,Shohei Ohtani flies out to left fielder Yordan Alvarez.,R,L,R,LAA,HOU,X,7.0,fly_ball,1,2,2023,-0.7,1.43,-0.1,3.69,,,,2,7,Bot,83.53,128.02,,,,,5.049352913155817,-136.8181088237786,-2.8707525230401214,-9.940201365375437,31.78984950663074,-13.889343374485176,3.44,1.59,209.0,94.1,59.0,93.9,2446.0,6.3,718254,673237,547989,643289,682073,665161,670541,676801,663656,54.18,0.029,0.036,0.0,1.0,0.0,0.0,3.0,59,4,4-Seam Fastball,4,4,4,4,4,4,4,4,Strategic,Standard,217.0,-0.016,-0.191,,,0.05,0.191,94.1,0,0,0.516,0.516,34,28,34,29,1,3,2.0,1.0,2.0,1.0,1.16,0.7,-0.7,36.1,,,,,
SI,2023-05-07,93.3,1.15,5.44,"Ohtani, Shohei",660271,527048,single,hit_into_play,,,,,6.0,Shohei Ohtani singles on a ground ball to center fielder Leody Taveras.   Matt Thaiss scores.    Taylor Ward to 2nd.,R,L,L,LAA,TEX,X,8.0,ground_ball,0,1,2023,1.42,0.63,0.81,2.61,642136.0,,621493.0,2,4,Bot,146.92,97.88,,,,,-3.956072662476779,-135.79768568238674,-2.889732116494502,18.4149777719466,29.81262716425214,-23.957070610962816,3.42,1.59,102.0,86.7,7.0,92.9,,6.0,718264,641680,663993,543760,673962,677649,669701,665750,543257,54.47,0.461,0.429,0.9,1.0,1.0,0.0,4.0,48,2,Sinker,6,11,6,11,11,7,7,11,Standard,Standard,,0.051,0.646,,,0.523,-0.646,88.0,-5,-5,0.089,0.089,32,28,32,29,3,2,7.0,1.0,5.0,1.0,1.99,1.42,1.42,44.7,,,,,
KC,2023-05-07,80.4,1.47,6.29,"Ohtani, Shohei",660271,666142,field_out,hit_into_play,,,,,7.0,Shohei Ohtani lines out to shortstop Ezequiel Duran.,R,L,L,LAA,TEX,X,6.0,line_drive,0,0,2023,-1.11,-1.16,-0.71,1.72,,642136.0,,2,8,Bot,110.29,133.27,,,,,-2.694886759407313,-117.01816752904628,-1.120748718330838,-9.445283138108516,26.533826743724,-42.660577058325835,3.42,1.59,173.0,71.1,17.0,79.4,2405.0,6.0,718264,641680,543543,543760,673962,677649,669701,665750,543257,54.47,0.718,0.656,0.0,1.0,0.0,0.0,4.0,86,1,Knuckle Curve,7,16,7,16,16,7,7,16,Standard,Standard,327.0,0.0,-0.295,,,0.768,0.295,88.0,-9,-9,0.001,0.001,25,28,26,29,2,4,7.0,1.0,5.0,1.0,4.74,-1.11,-1.11,47.8,,,,,
CH,2023-05-07,84.3,1.26,5.58,"Ohtani, Shohei",660271,527048,single,hit_into_play,,,,,13.0,Shohei Ohtani singles on a ground ball to first baseman Nathaniel Lowe.   Mike Trout to 2nd.,R,L,L,LAA,TEX,X,3.0,ground_ball,2,2,2023,1.16,0.89,-0.66,1.25,,,545361.0,1,1,Bot,140.26,174.8,,,,,-6.694955936046297,-122.5714919077114,-5.428585736058225,12.956127638240131,23.45640675715096,-22.318981209026713,3.42,1.59,1.0,63.1,-44.0,83.9,1720.0,6.0,718264,641680,663993,543760,673962,677649,608671,665750,543257,54.48,0.163,0.17,0.9,1.0,1.0,0.0,2.0,8,5,Changeup,0,0,0,0,0,0,0,0,Infield shade,Standard,122.0,0.039,0.44,,,0.163,-0.44,88.0,0,0,0.548,0.548,32,28,32,29,1,0,7.0,1.0,5.0,1.0,2.31,1.16,1.16,44.2,,,,,
FC,2023-05-06,92.1,-2.65,5.34,"Ohtani, Shohei",660271,543135,field_out,hit_into_play,,,,,8.0,Shohei Ohtani grounds out to first baseman Nathaniel Lowe.,R,L,R,LAA,TEX,X,3.0,ground_ball,1,2,2023,-0.03,0.75,-0.1,2.15,,,,2,8,Bot,159.3,167.73,,,,,6.627350292286871,-133.90383058466588,-3.834043380546471,-2.021406000250958,32.91318345182113,-22.575666880108727,3.41,1.59,3.0,90.7,-33.0,92.5,2372.0,6.9,718275,641680,663993,543760,673962,677649,608671,665750,666969,53.6,0.058,0.06,0.0,1.0,0.0,0.0,2.0,64,4,Cutter,0,3,0,3,3,0,0,3,Infield shade,Standard,159.0,-0.007,-0.191,,,0.066,0.191,90.7,-3,-3,0.041,0.041,33,28,33,29,4,3,7.0,1.0,5.0,1.0,1.98,0.03,-0.03,26.9,,,,,
FC,2023-05-06,90.6,-2.48,5.68,"Ohtani, Shohei",660271,543135,field_out,hit_into_play,,,,,5.0,Shohei Ohtani flies out sharply to center fielder Leody Taveras.,R,L,R,LAA,TEX,X,8.0,fly_ball,0,0,2023,-0.01,1.03,0.13,2.62,,,,0,6,Bot,125.0,39.64,,,,,6.618948379245586,-131.8242428135493,-3.940521095050172,-1.552098651965068,28.025761003883986,-19.532887158034775,3.41,1.59,394.0,105.5,35.0,91.5,,6.8,718275,641680,663993,543760,673962,677649,608671,665750,666969,53.66,0.732235294117647,1.4744705882352942,0.0,1.0,0.0,0.0,6.0,48,1,Cutter,0,3,0,3,3,0,0,3,Infield shade,Standard,,-0.028,-0.265,,,2.934823529411764,0.265,105.5,-3,-3,0.163,0.163,33,28,33,29,3,2,7.0,1.0,5.0,1.0,1.75,0.01,-0.01,33.2,,,,,
FC,2023-05-06,91.9,-2.43,5.66,"Ohtani, Shohei",660271,543135,field_out,hit_into_play,,,,,14.0,"Shohei Ohtani grounds out, second baseman Marcus Semien to first baseman Nathaniel Lowe.",R,L,R,LAA,TEX,X,4.0,ground_ball,0,0,2023,-0.15,1.2,1.01,2.24,,,,0,4,Bot,150.57,152.65,,,,,9.148853356305896,-133.48632540425825,-5.451306604708669,-3.808872876082839,30.253910733705276,-16.807030245590695,3.41,1.59,70.0,68.6,7.0,92.8,2318.0,7.1,718275,641680,663993,543760,673962,677649,608671,665750,666969,53.44,0.242,0.235,0.0,1.0,0.0,0.0,2.0,32,1,Cutter,0,3,0,3,3,0,0,3,Infield shade,Standard,192.0,-0.025,-0.265,,,0.291,0.265,88.0,-3,-3,0.216,0.216,33,28,33,29,2,1,7.0,1.0,5.0,1.0,1.52,0.15,-0.15,33.2,,,,,
FS,2023-05-06,88.5,-2.42,5.5,"Ohtani, Shohei",660271,543135,field_out,hit_into_play,,,,,8.0,Shohei Ohtani flies out to left fielder Travis Jankowski.,R,L,R,LAA,TEX,X,7.0,fly_ball,3,2,2023,-1.28,0.18,-0.12,1.5,,,545361.0,1,1,Bot,57.87,86.11,,,,,8.379459869140799,-128.5619853540291,-4.116905461886262,-15.871398264144943,26.033950782905436,-29.508294180593083,3.41,1.59,326.0,93.7,27.0,89.6,1680.0,7.0,718275,641680,663993,543760,673962,677649,608671,665750,666969,53.49,0.139,0.18,0.0,1.0,0.0,0.0,3.0,7,6,Split-Finger,0,0,0,0,0,0,0,0,Infield shade,Standard,266.0,-0.034,-0.316,,,0.311,0.316,93.7,0,0,0.556,0.556,33,28,33,29,1,0,7.0,1.0,5.0,1.0,2.73,1.28,-1.28,31.1,,,,,
FC,2023-05-05,88.6,-2.42,5.49,"Ohtani, Shohei",660271,641540,field_out,hit_into_play,,,,,12.0,"Shohei Ohtani grounds out, first baseman Nathaniel Lowe to pitcher Dane Dunning.",R,L,R,LAA,TEX,X,3.0,ground_ball,0,0,2023,0.02,0.8,0.97,3.04,,687263.0,545361.0,2,3,Bot,158.61,162.23,,,,,8.306962492017513,-128.8390614266254,-1.5761030609530198,-1.5170893702017714,27.365077276644456,-23.187882075266113,3.42,1.6,21.0,82.5,-6.0,89.4,1894.0,6.9,718294,641680,663993,543760,673962,677649,669352,665750,666969,53.63,0.134,0.131,0.0,1.0,0.0,0.0,2.0,27,1,Cutter,0,1,0,1,1,0,0,1,Standard,Standard,156.0,-0.053,-0.296,,,0.15,0.296,88.0,-1,-1,0.43,0.43,28,28,29,29,2,1,7.0,1.0,5.0,1.0,2.12,-0.02,0.02,41.5,,,,,
SL,2023-05-05,80.8,1.56,6.46,"Ohtani, Shohei",660271,519293,force_out,hit_into_play,,,,,13.0,"Shohei Ohtani grounds into a force out, second baseman Marcus Semien to shortstop Ezequiel Duran.   Zach Neto to 3rd.    Mike Trout out at 2nd.    Shohei Ohtani to 1st.",R,L,L,LAA,TEX,X,4.0,ground_ball,0,1,2023,-0.62,-0.21,-0.62,1.36,,687263.0,545361.0,0,10,Bot,156.07,142.96,,,,,-3.6778734139866223,-117.62136884163658,-4.330763311702063,-5.079736669166753,21.27976619391609,-33.57240862341731,3.42,1.6,74.0,89.2,4.0,81.0,2261.0,6.3,718294,641680,663993,543760,673962,677649,608671,665750,666969,54.18,0.397,0.369,0.0,1.0,0.0,0.0,4.0,86,2,Slider,4,4,4,4,4,4,4,4,Standard,Standard,309.0,0.028,-0.26,,,0.453,0.26,89.2,0,0,0.796,0.796,33,28,34,29,1,4,3.0,1.0,3.0,1.0,3.69,-0.62,-0.62,45.1,,,,,
CH,2023-05-05,90.9,-1.28,5.3,"Ohtani, Shohei",660271,642546,field_out,hit_into_play,,,,,13.0,"Shohei Ohtani grounds out, second baseman Marcus Semien to first baseman Nathaniel Lowe.",R,L,R,LAA,TEX,X,4.0,ground_ball,1,2,2023,-1.59,0.53,-1.17,1.54,,,545361.0,2,8,Bot,145.58,152.96,,,,,3.715473644355477,-132.14813557712324,-4.5776993227658895,-19.29745102945196,31.404448478545003,-25.16647006270675,3.42,1.6,2.0,64.9,-29.0,90.9,2195.0,6.6,718294,641680,663993,543760,673962,677649,608671,665750,666969,53.91,0.045,0.054,0.0,1.0,0.0,0.0,2.0,70,4,Changeup,1,4,1,4,4,1,1,4,Infield shade,Standard,241.0,-0.017,-0.207,,,0.046,0.207,88.0,-3,-3,0.051,0.051,26,28,27,29,1,3,3.0,1.0,3.0,1.0,2.26,1.59,-1.59,23.8,,,,,
CH,2023-05-05,85.4,-2.44,5.47,"Ohtani, Shohei",660271,641540,force_out,hit_into_play,,,,,8.0,"Shohei Ohtani grounds into a force out, first baseman Nathaniel Lowe to second baseman Marcus Semien to shortstop Ezequiel Duran.   Mike Trout out at 2nd.    Shohei Ohtani to 1st.",R,L,R,LAA,TEX,X,3.0,ground_ball,1,0,2023,-1.6,0.48,-0.15,2.1,,,545361.0,1,1,Bot,153.93,159.75,,,,,8.71376342503773,-124.08477156605282,-2.5825121047057933,-18.28411826814944,25.94095777880229,-26.90622764547379,3.42,1.6,116.0,89.6,9.0,86.1,1769.0,6.9,718294,641680,663993,543760,673962,677649,669352,665750,666969,53.59,0.592,0.552,0.0,1.0,0.0,0.0,4.0,8,2,Changeup,0,0,0,0,0,0,0,0,Infield shade,Standard,242.0,-0.033,-0.369,,,0.669,0.369,89.6,0,0,0.555,0.555,28,28,29,29,1,0,7.0,1.0,5.0,1.0,2.67,1.6,-1.6,37.6,,,,,
SI,2023-05-05,94.0,1.79,6.18,"Ohtani, Shohei",660271,656271,field_out,hit_into_play,,,,,1.0,Shohei Ohtani pops out to third baseman Josh Jung in foul territory.,R,L,L,LAA,TEX,X,5.0,popup,1,0,2023,1.3,1.07,-0.46,3.04,,,,2,6,Bot,85.1,179.97,,,,,-8.852128585513086,-136.53990720161204,-4.858439183173749,18.191017657276245,30.031165269318716,-17.82680156569858,3.42,1.6,166.0,88.2,63.0,95.4,2164.0,7.2,718294,641680,663993,543760,673962,677649,669352,665750,666969,53.32,0.016,0.025,0.0,1.0,0.0,0.0,3.0,52,2,Sinker,0,3,0,3,3,0,0,3,Infield shade,Standard,138.0,-0.011,-0.317,,,0.035,0.317,88.2,-3,-3,0.118,0.118,26,28,27,29,1,2,3.0,1.0,3.0,1.0,1.51,1.3,1.3,37.6,,,,,
FC,2023-05-04,91.4,-2.48,5.44,"Ohtani, Shohei",660271,656427,single,hit_into_play,,,,,6.0,Shohei Ohtani singles on a sharp ground ball to right fielder Lars Nootbaar.,R,L,R,STL,LAA,X,9.0,ground_ball,3,1,2023,0.22,0.56,0.37,2.17,,,,0,3,Top,169.54,102.07,,,,,6.740190927938978,-133.07407583770967,-3.681637995572392,1.509514621136746,23.163990016151605,-24.956877976770087,3.4,1.6,81.0,113.0,4.0,92.7,2408.0,6.6,718311,575929,502671,680977,669357,669242,641933,666185,663457,53.86,0.658,0.634,0.9,1.0,1.0,0.0,4.0,20,5,Cutter,2,4,4,2,4,2,4,2,Infield shade,Standard,180.0,-0.017,0.256,,,0.803,-0.256,113.0,-2,2,0.277,0.723,27,28,28,29,2,1,6.0,1.0,5.0,1.0,2.13,-0.22,0.22,30.8,,,,,
CH,2023-05-04,86.1,-1.88,5.89,"Ohtani, Shohei",660271,608717,field_out,hit_into_play,,,,,7.0,Shohei Ohtani pops out to third baseman Nolan Gorman.,R,L,R,STL,LAA,X,5.0,popup,0,1,2023,-1.11,0.31,-0.47,1.95,,,,1,5,Top,100.5,161.07,,,,,5.636693782164131,-125.32133628246343,-3.792310388721048,-12.869367626215888,23.639282005159114,-28.31780690629551,3.4,1.6,135.0,88.0,69.0,86.7,2149.0,6.5,718311,575929,502671,680977,669357,669242,641933,666185,663457,54.02,0.003,0.003,0.0,1.0,0.0,0.0,3.0,48,2,Changeup,5,11,11,5,11,5,11,5,Infield shade,Standard,224.0,0.002,-0.227,,,0.003,0.227,88.0,-6,6,0.041,0.959,32,28,33,29,1,3,2.0,1.0,2.0,1.0,2.74,1.11,-1.11,37.0,,,,,
CH,2023-05-03,87.7,-2.11,6.14,"Ohtani, Shohei",660271,571945,field_out,hit_into_play,,,,,11.0,Shohei Ohtani pops out to shortstop Tommy Edman.,R,L,R,STL,LAA,X,6.0,popup,2,2,2023,-1.66,0.47,-0.84,2.64,,,545361.0,1,5,Top,105.8,139.21,,,,,6.543113707502035,-127.51775022488792,-3.3336206008964453,-19.506013704765373,25.42428753577492,-26.60575511890113,3.4,1.6,167.0,77.9,61.0,88.4,1651.0,6.7,718320,575929,502671,680977,571448,669242,676475,666185,663457,53.83,0.018,0.018,0.0,1.0,0.0,0.0,3.0,39,6,Changeup,4,3,3,4,3,4,3,4,Infield shade,Standard,228.0,0.038,-0.232,,,0.025,0.232,88.0,1,-1,0.638,0.362,34,28,35,29,3,2,6.0,3.0,5.0,1.0,2.49,1.66,-1.66,40.5,,,,,
SI,2023-05-03,91.4,-1.78,6.47,"Ohtani, Shohei",660271,571945,single,hit_into_play,,,,,5.0,Shohei Ohtani singles on a ground ball to right fielder Lars Nootbaar. Chad Wallach scores. Mike Trout to 3rd.,R,L,R,STL,LAA,X,9.0,ground_ball,2,1,2023,-1.06,0.94,0.12,2.59,595453.0,,545361.0,1,3,Top,190.63,106.63,,,,,7.117863905546692,-132.8765057670059,-6.029391643438359,-13.988843569038677,25.61937071513761,-19.90122055006987,3.4,1.6,56.0,108.8,1.0,92.5,2108.0,6.7,718320,575929,502671,680977,571448,669242,676475,666185,663457,53.75,0.55,0.499,0.9,1.0,1.0,0.0,4.0,21,4,Sinker,1,1,1,1,2,1,2,1,Standard,Standard,206.0,-0.098,0.441,,,0.588,-0.441,108.8,0,0,0.421,0.579,34,28,35,29,2,1,6.0,3.0,5.0,1.0,1.77,1.06,-1.06,48.1,,,,,
SI,2023-05-03,100.2,-1.6,6.08,"Ohtani, Shohei",660271,663855,force_out,hit_into_play,,,,,11.0,"Shohei Ohtani grounds into a force out, second baseman Brendan Donovan to shortstop Tommy Edman. Mike Trout out at 2nd. Shohei Ohtani to 1st.",R,L,R,STL,LAA,X,4.0,ground_ball,1,0,2023,-1.51,0.77,-0.93,3.1,,,545361.0,1,7,Top,146.95,157.02,,,,,5.4365010062399,-145.73175507695893,-4.675645267329189,-22.771947844188453,36.21788973738505,-20.24195228343089,3.4,1.6,8.0,73.3,-20.0,100.4,2248.0,6.6,718320,575929,502671,680977,571448,669242,641933,666185,663457,53.93,0.053,0.058,0.0,1.0,0.0,0.0,2.0,55,2,Sinker,4,3,3,4,3,4,3,4,Infield shade,Standard,211.0,0.064,-0.369,,,0.054,0.369,88.0,1,-1,0.679,0.3209999999999999,26,28,27,29,1,3,4.0,3.0,2.0,1.0,1.51,1.51,-1.51,44.2,,,,,
FF,2023-05-03,94.7,-1.83,6.77,"Ohtani, Shohei",660271,606149,double,hit_into_play,,,,,4.0,Shohei Ohtani doubles (5) on a sharp line drive to center fielder Dylan Carlson.,R,L,R,STL,LAA,X,8.0,line_drive,0,0,2023,-0.78,1.45,-0.61,2.83,,,,1,9,Top,88.08,41.3,,,,,4.866225687235198,-137.60325425900993,-7.735181669475114,-10.984291922613986,31.91767075451039,-12.215359000584616,3.4,1.6,371.0,105.7,19.0,93.6,2368.0,5.8,718320,575929,502671,680977,571448,669242,641933,666185,663457,54.65,0.5364285714285715,0.8554761904761905,1.25,1.0,1.0,1.0,6.0,72,1,4-Seam Fastball,4,5,5,4,5,4,5,4,Infield shade,Standard,205.0,-0.033,0.662,,,1.5784761904761906,-0.662,105.7,-1,1,0.181,0.819,31,28,32,29,1,4,3.0,3.0,2.0,1.0,1.11,0.78,-0.78,58.5,,,,,
FF,2023-05-03,94.5,-2.14,6.45,"Ohtani, Shohei",660271,571945,single,hit_into_play,,,,,9.0,Shohei Ohtani singles on a ground ball to right fielder Lars Nootbaar.,R,L,R,STL,LAA,X,9.0,ground_ball,0,0,2023,-0.6,1.22,0.42,2.15,,,,2,1,Top,175.9,100.52,,,,,8.01328525688483,-137.2765814548573,-8.282653922022794,-9.296755501355994,28.562940947881447,-15.049783025252855,3.4,1.6,11.0,107.2,-10.0,95.0,2277.0,6.5,718320,575929,502671,680977,571448,669242,676475,666185,663457,53.97,0.332,0.332,0.9,1.0,1.0,0.0,2.0,3,1,4-Seam Fastball,0,0,0,0,0,0,0,0,Infield shade,Standard,215.0,-0.012,0.344,,,0.332,-0.344,107.2,0,0,0.538,0.4619999999999999,34,28,35,29,1,0,6.0,3.0,5.0,1.0,1.33,0.6,-0.6,44.8,,,,,
FC,2023-04-30,85.9,-2.32,5.6,"Ohtani, Shohei",660271,607067,home_run,hit_into_play,,,,,6.0,Shohei Ohtani homers (7) on a fly ball to center field.,R,L,R,MIL,LAA,X,,fly_ball,0,0,2023,0.59,0.26,0.36,2.33,,,,2,3,Top,144.46,32.95,,,,,5.137960971327857,-124.94878232033746,-2.0096479622874535,5.083755443126355,26.378103653564793,-29.213381625319656,3.4,1.6,413.0,114.3,39.0,85.8,2246.0,6.4,718365,661388,642133,680911,670712,642715,663368,686894,605119,54.11,0.801,1.631,2.0,1.0,0.0,3.0,6.0,21,1,Cutter,0,1,1,0,2,0,2,0,Infield shade,Standard,174.0,-0.107,2.596,,,3.24,-2.596,114.3,-1,1,0.426,0.5740000000000001,32,28,33,29,2,1,6.0,1.0,6.0,3.0,2.84,-0.59,0.59,35.3,,,,,
FF,2023-04-30,90.7,-4.11,4.62,"Ohtani, Shohei",660271,668338,field_out,hit_into_play,,,,,6.0,"Shohei Ohtani grounds out, second baseman Owen Miller to first baseman Rowdy Tellez.",R,L,R,MIL,LAA,X,4.0,ground_ball,0,0,2023,-0.13,0.64,0.65,2.2,,,,1,8,Top,151.48,144.17,,,,,12.314754699384258,-131.56951414206435,-1.4770605638058298,-4.179275830360621,28.41675248262013,-24.63531974598869,3.4,1.6,9.0,81.5,-13.0,91.5,2244.0,7.0,718365,661388,642133,680911,670712,642715,663368,686894,605119,53.54,0.087,0.081,0.0,1.0,0.0,0.0,2.0,56,1,4-Seam Fastball,0,3,3,0,3,0,3,0,Infield shade,Standard,222.0,0.006,-0.267,,,0.101,0.267,88.0,-3,3,0.078,0.922,27,28,28,29,1,3,,1.0,4.0,3.0,2.15,0.13,-0.13,15.1,,,,,
FC,2023-04-29,92.1,-0.86,5.77,"Ohtani, Shohei",660271,669203,field_out,hit_into_play,,,,,5.0,"Shohei Ohtani grounds out, second baseman Owen Miller to first baseman Luke Voit.",R,L,R,MIL,LAA,X,4.0,ground_ball,2,1,2023,0.42,0.71,-0.22,2.2,,,687263.0,2,5,Top,148.73,152.42,,,,,0.7160760170380409,-134.24815008064255,-4.874650913896793,4.918526108585954,26.406678453485508,-22.759932975972543,3.41,1.61,29.0,104.2,-3.0,93.0,2530.0,6.6,718376,605170,572228,680911,670712,642715,592885,686894,605119,53.95,0.461,0.431,0.0,1.0,0.0,0.0,2.0,37,4,Cutter,3,1,1,3,1,3,1,3,Infield shade,Standard,178.0,0.031,-0.303,,,0.526,0.303,104.2,2,-2,0.781,0.2189999999999999,28,28,29,29,3,2,6.0,1.0,6.0,1.0,1.95,-0.42,0.42,39.2,,,,,
FC,2023-04-29,94.6,-0.8,5.94,"Ohtani, Shohei",660271,669203,single,hit_into_play,,,,,9.0,Shohei Ohtani singles on a ground ball to right fielder Brian Anderson. Zach Neto to 3rd.,R,L,R,MIL,LAA,X,9.0,ground_ball,1,0,2023,0.15,1.33,0.63,1.88,,,687263.0,2,3,Top,182.74,118.34,,,,,3.4127269950300527,-137.60995779536773,-7.927990743610238,1.2346056819800704,29.166535712461176,-13.755268340418723,3.41,1.61,14.0,87.0,-6.0,95.2,2579.0,6.5,718376,605170,572228,680911,670712,642715,592885,686894,605119,53.97,0.189,0.187,0.9,1.0,1.0,0.0,2.0,18,2,Cutter,0,0,0,0,0,0,0,0,Infield shade,Standard,203.0,-0.028,0.338,,,0.219,-0.338,88.0,0,0,0.528,0.472,28,28,29,29,2,1,6.0,1.0,6.0,1.0,1.21,-0.15,0.15,41.7,,,,,
SL,2023-04-29,90.8,-2.66,5.3,"Ohtani, Shohei",660271,665625,single,hit_into_play,,,,,8.0,Shohei Ohtani singles on a ground ball to right fielder Blake Perkins.,R,L,R,MIL,LAA,X,9.0,ground_ball,0,0,2023,-0.11,0.49,0.21,1.89,,,,0,8,Top,149.87,166.0,,,,,7.482648694835097,-132.00421850027334,-3.687994233382888,-2.8772013505097975,28.382734950326853,-25.812418970276138,3.41,1.61,18.0,103.4,-5.0,91.7,2423.0,6.9,718376,605170,572228,680911,605119,668930,592885,686894,663368,53.59,0.363,0.345,0.9,1.0,1.0,0.0,2.0,62,1,Slider,7,3,3,7,3,7,3,7,Infield shade,Standard,230.0,-0.026,0.432,,,0.412,-0.432,103.4,4,-4,0.964,0.036,26,28,26,29,1,3,4.0,1.0,4.0,1.0,2.28,0.11,-0.11,18.4,,,,,
FC,2023-04-29,95.0,-0.6,5.95,"Ohtani, Shohei",660271,669203,grounded_into_double_play,hit_into_play,,,,,12.0,"Shohei Ohtani grounds into a double play, first baseman Luke Voit to shortstop Willy Adames to pitcher Corbin Burnes. Zach Neto to 3rd. Mike Trout out at 2nd. Shohei Ohtani out at 1st.",R,L,R,MIL,LAA,X,3.0,ground_ball,1,2,2023,0.4,0.61,0.89,2.64,,687263.0,545361.0,0,1,Top,156.34,168.7,,,,,3.006572051098117,-138.3251396968214,-4.407374589574218,4.5088634024523,31.13528078890492,-23.537521639258703,3.41,1.61,22.0,96.2,-6.0,95.3,2557.0,6.5,718376,605170,572228,680911,670712,642715,592885,686894,605119,54.04,0.242,0.23,0.0,1.0,0.0,0.0,2.0,3,4,Cutter,0,0,0,0,0,0,0,0,Standard,Standard,174.0,0.089,-0.218,,,0.266,0.218,96.2,0,0,0.422,0.5780000000000001,28,28,29,29,1,0,6.0,1.0,6.0,1.0,1.91,-0.4,0.4,43.7,,,,,
FF,2023-04-29,91.3,-1.83,5.61,"Ohtani, Shohei",660271,642207,single,hit_into_play,,,,,3.0,Shohei Ohtani singles on a line drive to right fielder Blake Perkins.,R,L,R,MIL,LAA,X,9.0,line_drive,0,0,2023,-0.4,1.51,0.31,2.93,,,,2,9,Top,143.8,96.76,,,,,6.4169754784118656,-132.72343418323132,-4.160544792061068,-6.19924021078165,30.14187654022409,-13.638698673762237,3.41,1.61,156.0,97.4,9.0,93.4,2304.0,7.7,718376,605170,572228,680911,605119,668930,592885,686894,663368,52.8,0.65,0.585,0.9,1.0,1.0,0.0,4.0,75,1,4-Seam Fastball,7,5,5,7,5,7,5,7,Infield shade,Standard,208.0,-0.024,0.344,,,0.7,-0.344,97.4,2,-2,0.988,0.012,28,28,29,29,1,4,1.0,1.0,8.0,1.0,1.24,0.4,-0.4,36.3,,,,,
SL,2023-04-28,78.5,2.01,6.06,"Ohtani, Shohei",660271,489119,field_out,hit_into_play,,,,,4.0,Shohei Ohtani flies out to left fielder Christian Yelich.,R,L,L,MIL,LAA,X,7.0,fly_ball,0,0,2023,-1.1,0.35,-0.67,2.66,,,687263.0,2,5,Top,60.9,129.6,,,,,-3.757018916436261,-114.36701514329808,-1.2056524612617898,-8.995750972938438,21.069097097015483,-29.065749348309694,3.41,1.61,237.0,89.4,52.0,78.3,2371.0,6.1,718386,661388,572228,680911,670712,642715,592885,686894,605119,54.39,0.008,0.008,0.0,1.0,0.0,0.0,3.0,41,1,Slider,1,1,1,1,1,1,1,1,Standard,Standard,291.0,0.031,-0.286,,,0.011,0.286,89.4,0,0,0.536,0.4639999999999999,36,28,37,29,3,2,6.0,1.0,6.0,1.0,3.34,-1.1,-1.1,43.7,,,,,
SL,2023-04-28,78.4,1.98,6.01,"Ohtani, Shohei",660271,489119,field_out,hit_into_play,,,,,13.0,"Shohei Ohtani grounds out, second baseman Owen Miller to first baseman Luke Voit.",R,L,L,MIL,LAA,X,4.0,ground_ball,1,2,2023,-1.03,0.09,-1.19,1.91,,,,0,4,Top,161.42,150.9,,,,,-4.928701581103743,-114.05176917125868,-2.036228977903584,-7.828751088523299,24.87084629973525,-31.23061674940798,3.41,1.61,41.0,82.8,1.0,77.7,2430.0,6.2,718386,661388,572228,680911,670712,642715,592885,686894,605119,54.28,0.239,0.236,0.0,1.0,0.0,0.0,2.0,27,4,Slider,1,0,0,1,0,1,0,1,Infield shade,Standard,292.0,0.022,-0.193,,,0.264,0.193,88.0,1,-1,0.63,0.37,36,28,37,29,2,1,6.0,1.0,6.0,1.0,3.68,-1.03,-1.03,44.5,,,,,
FC,2023-04-28,85.6,1.79,6.28,"Ohtani, Shohei",660271,489119,force_out,hit_into_play,,,,,8.0,"Shohei Ohtani grounds into a force out, first baseman Luke Voit to shortstop Willy Adames. Mike Trout out at 2nd. Shohei Ohtani advances to 2nd, on a throwing error by shortstop Willy Adames.",R,L,L,MIL,LAA,X,3.0,ground_ball,1,0,2023,-0.27,0.55,-0.22,2.08,,,545361.0,1,1,Top,152.48,167.35,,,,,-4.206067522222367,-124.6459429562282,-4.805371449897406,-2.07503436409348,23.111154980813644,-25.65776277849088,3.41,1.61,22.0,91.8,-4.0,85.8,2237.0,6.2,718386,661388,572228,680911,670712,642715,592885,686894,605119,54.29,0.2,0.198,0.0,1.0,0.0,0.0,2.0,3,2,Cutter,0,0,0,0,0,0,0,0,Standard,Standard,176.0,0.022,-0.369,,,0.228,0.369,91.8,0,0,0.494,0.506,36,28,37,29,1,0,6.0,1.0,6.0,1.0,2.53,-0.27,-0.27,50.5,,,,,
FF,2023-04-28,92.2,-2.61,5.01,"Ohtani, Shohei",660271,657265,single,hit_into_play,,,,,7.0,Shohei Ohtani singles on a ground ball to center fielder Joey Wiemer. Taylor Ward to 3rd.,R,L,R,MIL,LAA,X,8.0,ground_ball,2,0,2023,-0.78,0.96,-0.36,2.05,,,621493.0,1,8,Top,138.57,115.29,,,,,7.438265981152199,-134.12238617399692,-3.8073178395736225,-11.063406261181605,28.457661398713014,-19.975312016419227,3.41,1.61,30.0,111.8,-2.0,92.4,2417.0,6.4,718386,661388,572228,680911,670712,642715,592885,686894,605119,54.11,0.524,0.494,0.9,1.0,1.0,0.0,4.0,60,3,4-Seam Fastball,1,1,1,1,1,1,1,1,Standard,Standard,235.0,-0.12,0.325,,,0.58,-0.325,111.8,0,0,0.477,0.523,28,28,29,29,1,3,2.0,1.0,1.0,1.0,1.72,0.78,-0.78,19.6,,,,,
FF,2023-04-27,92.9,1.22,4.96,"Ohtani, Shohei",660271,676664,field_out,hit_into_play,,,,,1.0,"Shohei Ohtani grounds out sharply, shortstop Tyler Wade to first baseman Ryan Noda.",R,L,L,LAA,ATH,X,6.0,ground_ball,1,2,2023,0.89,1.1,-0.6,3.4,,,,0,5,Bot,116.6,147.55,,,,,-6.623163875074742,-135.04022450458083,-0.5439712143104704,12.361699638607776,31.465033534750244,-18.912780760024663,3.45,1.62,51.0,104.4,-1.0,92.8,2144.0,6.4,718402,669127,676116,607054,649557,642180,643393,665923,668843,54.05,0.432,0.388,0.0,1.0,0.0,0.0,4.0,43,4,4-Seam Fastball,5,5,5,5,5,5,5,5,Standard,Standard,129.0,-0.022,-0.193,,,0.453,0.193,104.4,0,0,0.559,0.559,27,28,27,29,3,2,6.0,1.0,6.0,1.0,1.56,0.89,0.89,27.5,,,,,
FF,2023-04-27,93.5,1.31,4.91,"Ohtani, Shohei",660271,676664,double,hit_into_play,,,,,11.0,Shohei Ohtani doubles (4) on a sharp line drive to center fielder Esteury Ruiz. Chad Wallach scores. Taylor Ward to 3rd.,R,L,L,LAA,ATH,X,8.0,line_drive,1,2,2023,0.8,1.23,-0.76,3.59,595453.0,,621493.0,1,3,Bot,96.01,82.74,,,,,-7.094010683887807,-135.99181129659195,-0.329664897133147,11.500843623322362,31.683422034734622,-17.114608319179574,3.45,1.62,171.0,102.9,7.0,93.5,2051.0,6.5,718402,669127,676116,607054,649557,642180,643393,665923,668843,54.03,0.695,0.652,1.25,1.0,1.0,1.0,4.0,21,4,4-Seam Fastball,0,0,0,0,0,1,1,0,Strategic,Standard,131.0,0.137,0.828,,,0.78,-0.828,102.9,0,0,0.611,0.611,27,28,27,29,2,1,6.0,1.0,6.0,1.0,1.39,0.8,0.8,25.2,,,,,
ST,2023-04-27,82.5,1.51,4.73,"Ohtani, Shohei",660271,676664,single,hit_into_play,,,,,13.0,Shohei Ohtani singles on a soft ground ball to second baseman Jace Peterson.,R,L,L,LAA,ATH,X,4.0,ground_ball,2,2,2023,-1.25,0.18,-1.45,2.28,,,,2,1,Bot,132.88,161.72,,,,,-4.303774866095693,-120.0409754599138,0.6703993800594255,-10.993191423148044,26.40229440712748,-30.848297373945353,3.45,1.62,4.0,57.6,-28.0,82.2,2553.0,6.4,718402,669127,676116,607054,649557,642180,643393,665923,668843,54.08,0.055,0.052,0.9,1.0,1.0,0.0,1.0,6,8,Sweeper,0,0,0,0,0,0,0,0,Strategic,Strategic,270.0,0.013,0.385,,,0.061,-0.385,88.0,0,0,0.509,0.509,27,28,27,29,1,0,6.0,1.0,6.0,1.0,3.21,-1.25,-1.25,21.4,,,,,
CH,2023-04-27,86.6,-1.69,5.74,"Ohtani, Shohei",660271,642758,triple,hit_into_play,,,,,1.0,"Shohei Ohtani triples (1) on a sharp fly ball to center fielder Esteury Ruiz, deflected by right fielder Conner Capel.",R,L,R,LAA,ATH,X,9.0,fly_ball,0,0,2023,-1.46,0.52,-0.34,3.15,,,,2,6,Bot,174.47,55.01,,,,,6.179112777436093,-126.0581775272512,-1.0643268021621808,-16.833937308845496,25.140118862484652,-26.604321144649766,3.45,1.62,371.0,106.9,40.0,86.3,1809.0,6.1,718402,669127,676116,607054,649557,642180,643393,665923,668843,54.45,0.551,1.1078333333333334,1.6,1.0,1.0,2.0,6.0,56,1,Changeup,7,5,7,5,5,7,7,5,Strategic,Standard,250.0,0.018,0.705,,,2.1916666666666664,-0.705,106.9,2,2,0.822,0.822,29,28,29,29,1,3,17.0,1.0,2.0,1.0,2.51,1.46,-1.46,33.3,,,,,
SL,2023-04-27,86.3,2.78,5.16,"Ohtani, Shohei",660271,663992,field_out,hit_into_play,,,,,6.0,Shohei Ohtani flies out to center fielder Esteury Ruiz. Taylor Ward to 3rd.,R,L,L,LAA,ATH,X,8.0,fly_ball,0,0,2023,-0.11,0.52,0.57,2.49,,621493.0,545361.0,1,8,Bot,144.95,43.04,,,,,-5.143685000018681,-125.45344350420685,-1.0764581995728033,0.0820959151728997,29.109537030477515,-26.75471942389598,3.45,1.62,388.0,96.1,31.0,87.5,2296.0,7.4,718402,669127,542583,672478,649557,675656,542208,665923,668843,53.08,0.2614166666666667,0.5005000000000001,0.0,1.0,0.0,0.0,5.0,76,1,Slider,8,7,8,7,7,8,8,7,Standard,Standard,251.0,-0.021,-0.238,,,0.97775,0.238,96.1,1,1,0.887,0.887,27,28,28,29,1,4,2.0,1.0,2.0,1.0,2.59,-0.11,-0.11,16.5,,,,,
CH,2023-04-26,87.5,-2.55,5.96,"Ohtani, Shohei",660271,665622,field_out,hit_into_play,,,,,7.0,"Shohei Ohtani grounds out, first baseman Jesus Aguilar to pitcher Luis Medina.   Zach Neto scores.    Taylor Ward to 3rd.    Mike Trout to 2nd.",R,L,R,LAA,ATH,X,3.0,ground_ball,1,1,2023,-1.35,0.76,-0.55,1.65,687263.0,621493.0,545361.0,1,2,Bot,154.48,162.02,,,,,7.585393968928495,-127.17190278274089,-5.851862893491393,-16.170272529463286,24.60793112854928,-22.91525699369032,3.48,1.63,3.0,78.8,-30.0,87.6,1458.0,6.3,718408,542208,542583,672478,649557,675656,667670,665923,668843,54.21,0.037,0.051,0.0,1.0,0.0,0.0,2.0,19,3,Changeup,4,1,4,1,1,5,5,1,Standard,Standard,246.0,0.011,-0.271,,,0.037,0.271,88.0,3,3,0.869,0.869,24,28,24,29,2,1,,1.0,15.0,1.0,2.21,1.35,-1.35,40.0,,,,,
FF,2023-04-26,99.0,-2.08,5.43,"Ohtani, Shohei",660271,660261,single,hit_into_play,,,,,13.0,Shohei Ohtani singles on a line drive to left fielder Brent Rooker.   Mike Trout scores.    Shohei Ohtani to 2nd.  Fielding error by left fielder Brent Rooker.,R,L,R,LAA,ATH,X,7.0,line_drive,1,1,2023,-1.02,0.98,-0.89,2.53,,,545361.0,1,6,Bot,84.82,100.24,,,,,5.745645518936822,-144.0806479028402,-4.857803252694395,-15.610699871534576,33.90429962967717,-17.566991565415695,3.48,1.63,176.0,103.0,7.0,100.7,2107.0,7.2,718408,542208,542583,672478,649557,675656,667670,665923,668843,53.25,0.695,0.652,0.9,1.0,1.0,0.0,4.0,54,3,4-Seam Fastball,8,3,8,3,3,9,9,3,Standard,Standard,252.0,0.013,0.432,,,0.78,-0.432,103.0,5,5,0.974,0.974,29,28,29,29,1,3,4.0,1.0,2.0,1.0,1.35,1.02,-1.02,37.5,,,,,
FF,2023-04-26,98.4,-2.59,6.01,"Ohtani, Shohei",660271,665622,field_out,hit_into_play,,,,,13.0,"Shohei Ohtani grounds out, third baseman Aledmys Diaz to first baseman Jesus Aguilar.",R,L,R,LAA,ATH,X,5.0,ground_ball,3,2,2023,-0.9,1.37,-0.89,1.66,,,,2,1,Bot,106.02,155.36,,,,,6.6800207384718755,-142.89589919768488,-9.472452523125847,-13.836262736781007,33.676107614644295,-11.415697856660168,3.48,1.63,16.0,96.2,-4.0,98.1,2375.0,6.3,718408,542208,542583,672478,649557,675656,667670,665923,668843,54.21,0.258,0.251,0.0,1.0,0.0,0.0,2.0,7,7,4-Seam Fastball,0,1,0,1,1,0,0,1,Strategic,Standard,220.0,-0.012,-0.336,,,0.271,0.336,96.2,-1,-1,0.409,0.409,24,28,24,29,1,0,,1.0,15.0,1.0,1.0,0.9,-0.9,38.4,,,,,
FF,2023-04-26,94.5,-1.46,5.5,"Ohtani, Shohei",660271,663385,home_run,hit_into_play,,,,,8.0,Shohei Ohtani homers (6) on a fly ball to center field.   Taylor Ward scores.,R,L,R,LAA,ATH,X,,fly_ball,1,1,2023,-1.66,0.82,0.07,1.94,,,621493.0,1,8,Bot,118.97,37.1,,,,,7.640659797680003,-137.4003504147122,-5.393507197439257,-22.67264842268929,30.9259211817697,-20.7449208487026,3.48,1.63,401.0,103.9,34.0,94.3,2027.0,6.2,718408,542208,542583,672478,649557,675656,667670,665923,668843,54.25,0.6563142857142857,1.3023142857142855,2.0,1.0,0.0,3.0,6.0,72,3,4-Seam Fastball,9,3,9,3,3,11,11,3,Infield shade,Standard,293.0,0.001,1.466,,,2.588628571428572,-1.466,103.9,6,6,0.998,0.998,28,28,28,29,1,4,3.0,1.0,1.0,1.0,1.74,1.66,-1.66,37.4,,,,,
FF,2023-04-25,99.7,-2.28,6.16,"Ohtani, Shohei",660271,695243,field_out,hit_into_play,,,,,5.0,Shohei Ohtani flies out sharply to left fielder Brent Rooker.,R,L,R,LAA,ATH,X,7.0,fly_ball,0,0,2023,-0.72,1.25,0.04,2.51,,545361.0,,1,1,Bot,47.82,84.07,,,,,8.19432891626849,-144.88496932097115,-7.683997764558304,-12.072049348113437,33.24523700020029,-12.94016150995056,3.48,1.62,343.0,103.5,46.0,101.2,2393.0,7.1,718425,669127,676116,643393,607054,675656,667670,665923,668843,53.39,0.055,0.077,0.0,1.0,0.0,0.0,3.0,8,1,4-Seam Fastball,0,1,0,1,1,0,0,1,Standard,Standard,213.0,-0.036,-0.29,,,0.15,0.29,103.5,-1,-1,0.467,0.467,24,28,25,29,1,0,6.0,1.0,7.0,1.0,1.05,0.72,-0.72,40.4,,,,,
SI,2023-04-25,89.7,2.67,5.38,"Ohtani, Shohei",660271,663992,force_out,hit_into_play,,,,,6.0,"Shohei Ohtani grounds into a force out, fielded by shortstop Kevin Smith. Mike Trout out at 2nd. Shohei Ohtani to 1st.",R,L,L,LAA,ATH,X,6.0,ground_ball,1,2,2023,1.34,0.33,0.72,2.59,,,545361.0,1,5,Bot,128.1,147.32,,,,,-7.848576164164167,-130.45082970880298,-1.5997541657650938,16.99045101644296,28.706489013708765,-28.249308112365913,3.48,1.62,39.0,73.7,0.0,91.5,2169.0,7.5,718425,669127,676116,643393,607054,675656,667670,665923,668843,52.97,0.121,0.114,0.0,1.0,0.0,0.0,2.0,41,4,Sinker,4,2,4,2,2,4,4,2,Infield shade,Standard,146.0,-0.014,-0.261,,,0.149,0.261,88.0,2,2,0.808,0.808,27,28,28,29,1,2,2.0,1.0,2.0,1.0,2.51,1.34,1.34,20.1,,,,,
CH,2023-04-24,82.6,2.87,5.36,"Ohtani, Shohei",660271,686610,double,hit_into_play,,,,,5.0,"Shohei Ohtani doubles (3) on a sharp ground ball to right fielder Brent Rooker, deflected by first baseman Jesus Aguilar.   Mike Trout to 3rd.",R,L,L,LAA,ATH,X,3.0,ground_ball,2,1,2023,1.28,0.53,0.24,2.82,,,545361.0,0,6,Bot,210.03,124.53,,,,,-8.635369537638912,-119.98686981419226,-0.2583848981720404,14.064465998064623,23.19892853110785,-27.25369322882931,3.51,1.65,34.0,104.3,-3.0,84.0,1489.0,7.3,718437,669127,542583,672478,649557,675656,643393,665923,667670,53.2,0.461,0.431,1.25,1.0,1.0,1.0,2.0,49,4,Changeup,2,7,2,7,7,2,2,7,Infield shade,Standard,109.0,0.062,0.69,,,0.526,-0.69,104.3,-5,-5,0.085,0.085,25,28,25,29,3,2,6.0,1.0,6.0,1.0,2.83,1.28,1.28,36.1,,,,,
FF,2023-04-24,94.0,2.7,5.59,"Ohtani, Shohei",660271,686610,field_out,hit_into_play,,,,,2.0,"Shohei Ohtani grounds out sharply, shortstop Kevin Smith to first baseman Jesus Aguilar.",R,L,L,LAA,ATH,X,6.0,ground_ball,2,2,2023,0.82,1.18,-0.15,3.12,,,621493.0,2,3,Bot,128.32,137.32,,,,,-9.33256559343911,-136.53062361642196,-3.2993385126548027,12.330001532482138,31.390092719837995,-16.93557295096033,3.51,1.65,54.0,100.8,1.0,95.2,2137.0,7.2,718437,669127,542583,672478,649557,675656,643393,665923,667670,53.33,0.463,0.421,0.0,1.0,0.0,0.0,4.0,29,7,4-Seam Fastball,2,7,2,7,7,2,2,7,Infield shade,Standard,133.0,-0.012,-0.24,,,0.512,0.24,100.8,-5,-5,0.091,0.091,25,28,25,29,2,1,6.0,1.0,6.0,1.0,1.42,0.82,0.82,36.5,,,,,
SV,2023-04-24,83.6,-1.82,5.73,"Ohtani, Shohei",660271,670124,field_out,hit_into_play,,,,,6.0,Shohei Ohtani lines out to center fielder Esteury Ruiz.,R,L,R,LAA,ATH,X,8.0,line_drive,3,2,2023,0.79,-0.62,0.53,2.35,,,,0,9,Bot,125.38,73.65,,,,,3.86723152910827,-121.78093260682856,-0.1463443307688372,7.094259088725719,24.182492628850135,-38.51851780223408,3.51,1.65,312.0,90.7,19.0,83.6,1684.0,6.3,718437,669127,676116,643393,649557,642180,668843,665923,667670,54.23,0.479,0.465,0.0,1.0,0.0,0.0,4.0,81,7,Slurve,8,8,8,8,8,8,8,8,Infield shade,Standard,25.0,-0.068,-0.353,,,0.633,0.353,90.7,0,0,0.65,0.65,28,28,29,29,1,4,5.0,1.0,1.0,1.0,3.88,-0.79,0.79,39.5,,,,,
CU,2023-04-23,79.8,-0.87,6.16,"Ohtani, Shohei",660271,543475,home_run,hit_into_play,,,,,8.0,Shohei Ohtani homers (5) on a fly ball to center field.,R,L,R,LAA,KC,X,,fly_ball,2,2,2023,0.48,-1.53,-0.22,2.09,,,,0,6,Bot,160.15,34.53,,,,,0.5410491710319415,-115.97837224774706,0.8699369190222321,4.0823043799508865,27.65571383173119,-46.13397799243726,3.54,1.65,415.0,107.3,25.0,79.3,2529.0,6.6,718452,666023,686469,686681,622110,677951,658668,664728,641531,53.88,0.8958478260869568,1.76645652173913,2.0,1.0,0.0,3.0,6.0,46,5,Curveball,3,2,3,2,2,4,4,2,Standard,Strategic,27.0,0.107,1.141,,,3.509956521739131,-1.141,107.3,1,1,0.738,0.738,32,28,33,29,3,2,6.0,1.0,5.0,1.0,5.2,-0.48,0.48,51.6,,,,,
CU,2023-04-23,77.6,-1.11,6.2,"Ohtani, Shohei",660271,543475,sac_fly,hit_into_play,,,,,4.0,Shohei Ohtani out on a sacrifice fly to left fielder Edward Olivares. Taylor Ward scores.,R,L,R,LAA,KC,X,7.0,fly_ball,0,0,2023,0.78,-1.35,-0.5,2.65,621493.0,545361.0,,0,1,Bot,49.65,87.78,,,,,-0.1246052336442601,-112.83192063243352,1.995589940822918,6.582368669917307,25.06099412721959,-44.19816308791584,3.54,1.65,333.0,97.6,31.0,77.2,2493.0,6.5,718452,666023,686469,686681,622110,677951,658668,664728,669004,53.98,0.3257222222222222,0.6188333333333333,0.0,1.0,0.0,0.0,5.0,7,1,Curveball,0,1,0,1,1,1,1,1,Standard,Standard,26.0,-0.025,-0.225,,,1.2200555555555554,0.225,97.6,-1,-1,0.592,0.592,32,28,33,29,1,0,6.0,1.0,5.0,1.0,5.21,-0.78,0.78,52.1,,,,,
SL,2023-04-23,85.2,2.17,6.04,"Ohtani, Shohei",660271,657031,single,hit_into_play,,,,,7.0,Shohei Ohtani singles on a ground ball to first baseman Vinnie Pasquantino. Mike Trout to 3rd.,R,L,L,LAA,KC,X,3.0,ground_ball,1,2,2023,-0.63,0.08,-0.47,2.03,,545361.0,,0,8,Bot,158.34,164.51,,,,,-4.962101404289358,-123.90337519350706,-3.23259471947628,-5.405986238197028,26.603516614068425,-30.88442821597403,3.54,1.65,9.0,81.3,-12.0,85.4,2122.0,6.7,718452,666023,686469,686681,622110,677951,658668,664728,641531,53.85,0.063,0.07,0.9,1.0,1.0,0.0,2.0,62,4,Slider,4,3,4,3,3,4,4,3,Standard,Strategic,230.0,0.037,0.595,,,0.063,-0.595,88.0,1,1,0.899,0.899,30,28,30,29,1,3,5.0,1.0,3.0,1.0,3.08,-0.63,-0.63,56.8,,,,,
FF,2023-04-22,89.7,-1.0,6.41,"Ohtani, Shohei",660271,425844,field_out,hit_into_play,,,,,5.0,Shohei Ohtani flies out sharply to center fielder Kyle Isbel.,R,L,R,LAA,KC,X,8.0,fly_ball,3,2,2023,-0.07,1.13,0.21,2.29,,,,1,5,Bot,96.15,56.57,,,,,3.1390524592016695,-130.56611179935248,-6.568720874813672,-1.4443918067696913,26.89150731688833,-18.085496753960527,3.55,1.65,360.0,101.9,37.0,89.5,2329.0,6.1,718466,521692,686469,622110,641531,677951,681987,664728,669004,54.39,0.4021666666666667,0.7964166666666667,0.0,1.0,0.0,0.0,5.0,41,7,4-Seam Fastball,4,3,4,3,3,4,4,3,Standard,Standard,183.0,-0.019,-0.328,,,1.5715833333333336,0.328,101.9,1,1,0.69,0.69,39,28,40,29,3,2,6.0,1.0,5.0,1.0,1.7,0.07,-0.07,48.0,,,,,
CH,2023-04-22,87.1,-1.44,6.26,"Ohtani, Shohei",660271,425844,field_out,hit_into_play,,,,,13.0,"Shohei Ohtani grounds out, second baseman Matt Duffy to first baseman Vinnie Pasquantino.",R,L,R,LAA,KC,X,4.0,ground_ball,1,0,2023,-1.09,0.26,-0.41,1.25,650859.0,,545361.0,2,3,Bot,145.81,162.17,,,,,4.7276674084043435,-126.77785483609615,-6.4155942945621245,-12.753976007662336,25.21180883171812,-28.321340650422364,3.55,1.65,3.0,93.8,-20.0,87.1,1676.0,6.2,718466,521692,686469,622110,641531,677951,681987,664728,669004,54.31,0.142,0.133,0.0,1.0,0.0,0.0,2.0,23,2,Changeup,1,1,1,1,1,1,1,1,Standard,Standard,226.0,-0.058,-0.356,,,0.174,0.356,93.8,0,0,0.558,0.558,39,28,40,29,2,1,6.0,1.0,5.0,1.0,2.74,1.09,-1.09,41.0,,,,,
CU,2023-04-22,75.7,-1.37,5.35,"Ohtani, Shohei",660271,605130,field_out,hit_into_play,,,,,13.0,"Shohei Ohtani grounds out softly, pitcher Scott Barlow to first baseman Vinnie Pasquantino.",R,L,R,LAA,KC,X,1.0,ground_ball,0,2,2023,1.4,-0.83,-0.61,1.26,,,,2,9,Bot,118.84,184.39,,,,,-0.9397694787645484,-110.04231359038177,0.2219748397279743,11.396780476057288,23.83447747488561,-39.09604718021214,3.55,1.65,1.0,53.5,-58.0,76.0,2355.0,7.1,718466,521692,686469,622110,670032,677951,598265,664728,669004,53.41,0.261,0.268,0.0,1.0,0.0,0.0,1.0,82,3,Curveball,8,11,8,11,11,8,8,11,Infield shade,Standard,57.0,-0.005,-0.169,,,0.261,0.169,88.0,-3,-3,0.005,0.005,30,28,31,29,1,4,3.0,1.0,3.0,1.0,4.89,-1.4,1.4,33.0,,,,,
SL,2023-04-22,78.6,-1.41,6.34,"Ohtani, Shohei",660271,425844,field_out,hit_into_play,,,,,5.0,Shohei Ohtani flies out to left fielder Nate Eaton.,R,L,R,LAA,KC,X,7.0,fly_ball,2,2,2023,1.69,0.29,-0.04,2.83,,,,2,1,Bot,80.15,107.81,,,,,-0.1673431037237051,-114.474593137557,-1.251719651974488,14.766881793086778,23.274888385170733,-29.595479216434416,3.55,1.65,255.0,78.8,36.0,78.3,2537.0,6.3,718466,521692,686469,622110,641531,677951,681987,664728,669004,54.23,0.047,0.051,0.0,1.0,0.0,0.0,3.0,6,5,Slider,0,0,0,0,0,0,0,0,Standard,Standard,76.0,-0.009,-0.233,,,0.077,0.233,88.0,0,0,0.509,0.509,39,28,40,29,1,0,6.0,1.0,5.0,1.0,3.42,-1.69,1.69,45.3,,,,,
SL,2023-04-22,91.2,0.84,5.94,"Ohtani, Shohei",660271,547973,field_out,hit_into_play,,,,,7.0,Shohei Ohtani pops out to shortstop Bobby Witt Jr.,R,L,L,LAA,KC,X,6.0,popup,0,1,2023,-0.71,0.52,-0.61,1.74,,,,1,7,Bot,97.39,142.95,,,,,-2.1476938220633786,-132.66966582316053,-5.8120363876523635,-7.850371089369982,30.546228598329453,-24.93315590022084,3.55,1.65,161.0,68.1,55.0,92.2,2446.0,7.1,718466,521692,686469,622110,670032,677951,641531,664728,669004,53.41,0.039,0.036,0.0,1.0,0.0,0.0,3.0,60,2,Slider,6,6,6,6,6,6,6,6,Standard,Standard,302.0,-0.025,-0.227,,,0.044,0.227,88.0,0,0,0.546,0.546,35,28,35,29,1,3,3.0,1.0,2.0,1.0,2.24,-0.71,-0.71,47.1,,,,,
CH,2023-04-21,81.4,2.89,5.31,"Ohtani, Shohei",660271,642232,grounded_into_double_play,hit_into_play,,,,,13.0,"Shohei Ohtani grounds into a double play, second baseman Michael Massey to shortstop Bobby Witt Jr. to first baseman Vinnie Pasquantino. Taylor Ward out at 2nd. Shohei Ohtani out at 1st.",R,L,L,LAA,KC,X,4.0,ground_ball,3,2,2023,1.28,0.51,-1.04,1.9,,,621493.0,0,6,Bot,135.86,141.5,,,,,-11.29964444524345,-117.98114153289642,-2.005482646125826,14.04354846775892,21.820570697222752,-27.170115178534793,3.55,1.64,47.0,84.9,2.0,81.8,2011.0,6.7,718485,521692,686469,686681,670032,677951,598265,664728,669004,53.78,0.305,0.294,0.0,1.0,0.0,0.0,2.0,40,7,Changeup,2,0,2,0,0,2,2,0,Infield shade,Standard,93.0,-0.047,-0.412,,,0.343,0.412,88.0,2,2,0.869,0.869,31,28,32,29,2,2,6.0,1.0,5.0,1.0,2.94,1.28,1.28,22.4,,,,,
FF,2023-04-21,89.9,2.75,5.72,"Ohtani, Shohei",660271,642232,field_out,hit_into_play,,,,,8.0,Shohei Ohtani lines out sharply to center fielder Kyle Isbel.,R,L,L,LAA,KC,X,8.0,line_drive,2,2,2023,1.41,1.04,-0.16,1.7,,,,2,3,Bot,89.81,58.59,,,,,-10.225301479360024,-130.3155780594541,-6.119286152341578,18.321658675229227,29.87586681864147,-19.11979104719839,3.55,1.64,359.0,104.6,18.0,89.7,2078.0,6.6,718485,521692,686469,686681,670032,677951,598265,664728,669004,53.94,0.4129999999999999,0.6124545454545454,0.0,1.0,0.0,0.0,5.0,20,5,4-Seam Fastball,2,0,2,0,0,2,2,0,Infield shade,Standard,121.0,-0.007,-0.233,,,1.084181818181818,0.233,104.6,2,2,0.736,0.736,31,28,32,29,1,1,6.0,1.0,5.0,1.0,1.82,1.41,1.41,26.3,,,,,
CU,2023-04-21,82.3,-0.89,6.26,"Ohtani, Shohei",660271,622251,single,hit_into_play,,,,,7.0,Shohei Ohtani singles on a line drive to center fielder Kyle Isbel. Taylor Ward to 2nd.,R,L,R,LAA,KC,X,8.0,line_drive,0,0,2023,0.66,-1.15,-0.57,1.68,,,621493.0,1,8,Bot,103.93,72.86,,,,,-0.5678714599385996,-119.77295542368604,-1.5209188126266069,6.420365905985113,26.516927311335312,-43.037699031766486,3.55,1.64,235.0,98.0,10.0,82.4,2727.0,6.7,718485,521692,686469,686681,670032,677951,598265,664728,669004,53.79,0.75,0.696,0.9,1.0,1.0,0.0,4.0,55,1,Curveball,2,0,2,0,0,2,2,0,Standard,Standard,17.0,0.009,0.415,,,0.863,-0.415,98.0,2,2,0.939,0.939,29,28,30,29,1,3,3.0,1.0,5.0,1.0,4.56,-0.66,0.66,57.4,,,,,
FC,2023-04-20,89.5,1.22,5.67,"Ohtani, Shohei",660271,641482,field_out,hit_into_play,,,,,7.0,"Shohei Ohtani grounds out, second baseman Oswald Peraza to first baseman Anthony Rizzo.",R,L,L,NYY,LAA,X,4.0,ground_ball,0,0,2023,0.04,0.83,-0.57,1.98,,,681351.0,2,5,Top,142.48,145.26,,,,,-4.502525517976915,-130.20409961811802,-4.837199399752656,1.450072099653744,28.084614583352753,-21.871760717774745,3.56,1.65,17.0,89.7,-5.0,89.0,2303.0,6.1,718496,624431,519203,672724,518934,683011,665828,643396,592450,54.42,0.192,0.186,0.0,1.0,0.0,0.0,2.0,42,1,Cutter,5,2,2,5,2,5,2,5,Standard,Standard,171.0,0.021,-0.286,,,0.214,0.286,89.7,3,-3,0.863,0.137,28,28,29,29,3,2,6.0,1.0,5.0,1.0,2.02,0.04,0.04,47.0,,,,,
FC,2023-04-20,86.6,1.12,5.61,"Ohtani, Shohei",660271,641482,field_out,hit_into_play,,,,,4.0,"Shohei Ohtani grounds out, second baseman Oswald Peraza to first baseman Anthony Rizzo.",R,L,L,NYY,LAA,X,4.0,ground_ball,2,2,2023,-0.39,0.29,-0.65,2.6,650859.0,,687263.0,2,3,Top,150.97,148.29,,,,,-3.440424215454896,-126.1664051976049,-1.6537927718332155,-3.5919635884567107,22.426601436242606,-28.97563689130845,3.56,1.65,37.0,92.3,-2.0,86.9,2451.0,6.1,718496,624431,519203,672724,518934,683011,665828,643396,592450,54.36,0.266,0.264,0.0,1.0,0.0,0.0,2.0,25,7,Cutter,5,0,0,5,0,5,0,5,Standard,Standard,212.0,0.023,-0.251,,,0.284,0.251,92.3,5,-5,0.909,0.0909999999999999,28,28,29,29,2,1,6.0,1.0,5.0,1.0,2.71,-0.39,-0.39,46.2,,,,,
ST,2023-04-20,77.3,1.76,5.59,"Ohtani, Shohei",660271,641482,field_out,hit_into_play,,,,,7.0,Shohei Ohtani pops out to pitcher Nestor Cortes in foul territory.,R,L,L,NYY,LAA,X,1.0,popup,0,0,2023,-1.15,0.26,-0.71,1.95,,,,1,1,Top,148.54,195.59,,,,,-3.1326387266161193,-112.55677096020234,-1.2185070193408245,-9.065485892607132,22.104149381529556,-29.979104024694372,3.56,1.65,54.0,59.1,75.0,76.2,2549.0,5.6,718496,624431,519203,672724,518934,683011,665828,643396,592450,54.86,0.005,0.007,0.0,1.0,0.0,0.0,1.0,2,1,Sweeper,0,0,0,0,0,0,0,0,Infield shade,Standard,294.0,0.016,-0.267,,,0.008,0.267,88.0,0,0,0.522,0.478,28,28,29,29,1,0,6.0,1.0,5.0,1.0,3.58,-1.15,-1.15,41.2,,,,,
CH,2023-04-19,89.1,-1.35,6.14,"Ohtani, Shohei",660271,666745,field_out,hit_into_play,,,,,7.0,"Shohei Ohtani grounds out, second baseman Gleyber Torres to first baseman Anthony Rizzo. Zach Neto to 3rd.",R,L,R,NYY,LAA,X,4.0,ground_ball,0,0,2023,-1.51,0.7,-0.78,2.1,,687263.0,,1,3,Top,147.81,147.83,,,,,4.583106406528158,-129.55192983801706,-5.318958433807507,-17.87951236746065,29.61632122011559,-23.38353399845779,3.55,1.64,35.0,86.1,0.0,89.0,1654.0,6.5,718504,624431,519203,650402,518934,683011,665828,592450,614173,54.01,0.247,0.244,0.0,1.0,0.0,0.0,2.0,19,1,Changeup,2,0,0,2,0,2,0,2,Standard,Standard,234.0,0.034,-0.276,,,0.261,0.276,88.0,2,-2,0.692,0.308,25,28,25,29,2,1,6.0,1.0,5.0,1.0,2.2,1.51,-1.51,51.1,,,,,
CH,2023-04-19,88.6,-1.0,6.21,"Ohtani, Shohei",660271,666745,field_out,hit_into_play,,,,,9.0,Shohei Ohtani flies out sharply to center fielder Aaron Judge.,R,L,R,NYY,LAA,X,8.0,fly_ball,3,2,2023,-1.42,0.93,0.37,1.93,,,,1,1,Top,137.82,33.43,,,,,6.312658567996606,-128.68857204664988,-6.278098776339573,-17.081505158752655,28.64565603368896,-20.640311354154,3.55,1.64,409.0,111.5,33.0,88.4,1693.0,6.4,718504,624431,519203,650402,518934,683011,665828,592450,614173,54.09,0.944,1.896,0.0,1.0,0.0,0.0,6.0,2,6,Changeup,0,0,0,0,0,0,0,0,Infield shade,Standard,236.0,0.02,-0.328,,,3.7775,0.328,111.5,0,0,0.518,0.482,25,28,25,29,1,0,6.0,1.0,5.0,1.0,2.0,1.42,-1.42,52.0,,,,,
SL,2023-04-18,88.3,-1.43,6.09,"Ohtani, Shohei",660271,622772,field_out,hit_into_play,,,,,6.0,Shohei Ohtani flies out to right fielder Aaron Judge.,R,L,R,NYY,LAA,X,9.0,fly_ball,1,2,2023,0.75,0.36,0.56,2.23,,621493.0,,1,7,Top,175.21,113.64,,,,,3.360955158749392,-128.69053487725088,-4.219609794025612,7.728203380868943,23.988039609171693,-27.50063156809004,3.53,1.63,281.0,78.8,31.0,90.8,2434.0,7.5,718529,543309,519203,672724,518934,683011,543305,643396,592450,53.02,0.124,0.138,0.0,1.0,0.0,0.0,3.0,56,5,Slider,2,5,5,2,5,2,5,2,Infield shade,Standard,70.0,0.011,-0.198,,,0.203,0.198,88.0,-3,3,0.101,0.899,31,28,32,29,1,3,5.0,1.0,4.0,1.0,2.53,-0.75,0.75,45.7,,,,,
ST,2023-04-18,88.7,-2.13,5.53,"Ohtani, Shohei",660271,657376,home_run,hit_into_play,,,,,8.0,Shohei Ohtani homers (4) on a line drive to right center field.    Taylor Ward scores.,R,L,R,NYY,LAA,X,,line_drive,2,0,2023,0.68,0.18,0.24,2.21,,621493.0,,0,1,Top,171.46,47.75,,,,,4.3982873108993195,-129.2063656879006,-2.4313408894304085,6.6219374242242255,27.50402396102803,-29.90480565946311,3.53,1.63,391.0,116.7,19.0,88.8,3018.0,6.4,718529,543309,519203,672724,518934,683011,543305,643396,592450,54.15,0.942,1.735,2.0,1.0,0.0,3.0,6.0,2,3,Sweeper,0,0,0,0,2,0,2,0,Infield shade,Standard,96.0,-0.118,0.913,,,3.351,-0.913,116.7,0,0,0.432,0.5680000000000001,27,28,27,29,1,0,6.0,1.0,5.0,1.0,2.72,-0.68,0.68,30.4,,,,,
FS,2023-04-17,82.2,-1.43,5.95,"Ohtani, Shohei",660271,676710,field_out,hit_into_play,,,,,7.0,Shohei Ohtani lines out to center fielder Jarren Duran.,R,L,R,BOS,LAA,X,8.0,line_drive,1,0,2023,-1.22,0.02,-0.6,2.06,,,,1,9,Top,160.56,62.58,,,,,4.2442775798197525,-119.59760090632112,-2.2352953270640867,-12.515283286659434,26.25625802300029,-31.727794869034767,3.51,1.63,349.0,97.1,23.0,81.5,1196.0,6.2,718540,657136,671213,624414,646240,571771,608701,680776,606132,54.34,0.248,0.386,0.0,1.0,0.0,0.0,5.0,72,2,Split-Finger,3,5,5,3,5,3,5,3,Infield shade,Standard,215.0,0.007,-0.306,,,0.715,0.306,97.1,-2,2,0.083,0.917,27,28,27,29,3,4,4.0,1.0,5.0,1.0,3.39,1.22,-1.22,47.0,,,,,
SL,2023-04-17,82.6,-1.98,5.43,"Ohtani, Shohei",660271,678394,single,hit_into_play,,,,,7.0,Shohei Ohtani singles on a ground ball to right fielder Raimel Tapia. Zach Neto to 3rd.,R,L,R,BOS,LAA,X,9.0,ground_ball,2,0,2023,0.37,0.0,-0.35,1.95,,,687263.0,0,2,Top,193.5,104.65,,,,,2.9853267472663925,-120.29624430187204,-1.4275073287010251,3.0036369417026108,23.740086394585667,-32.131217148597855,3.51,1.63,114.0,88.8,7.0,82.4,2398.0,6.1,718540,624512,671213,624414,646240,571771,608701,680776,606132,54.35,0.492,0.46,0.9,1.0,1.0,0.0,4.0,15,3,Slider,1,4,4,1,4,1,4,1,Infield shade,Standard,52.0,-0.041,0.368,,,0.563,-0.368,88.8,-3,3,0.191,0.8089999999999999,24,28,24,29,2,1,,1.0,6.0,1.0,3.34,-0.37,0.37,32.2,,,,,
FS,2023-04-17,83.4,-1.34,5.92,"Ohtani, Shohei",660271,676710,field_error,hit_into_play,,,,,14.0,Shohei Ohtani reaches on a throwing error by pitcher Kutter Crawford. Zach Neto to 3rd.,R,L,R,BOS,LAA,X,1.0,ground_ball,1,0,2023,-1.12,0.39,0.42,1.3,,687263.0,,1,6,Top,136.82,189.67,,,,,6.235062309322307,-121.17716565966018,-4.910298138487613,-12.246644269630666,24.612962189563167,-27.588320023019563,3.51,1.63,0.0,62.5,-78.0,83.3,1120.0,6.4,718540,624512,671213,624414,646240,571771,608701,680776,606132,54.11,0.179,0.191,0.9,1.0,0.0,0.0,2.0,49,2,Split-Finger,1,5,5,1,5,1,5,1,Infield shade,Standard,225.0,-0.014,0.438,,,0.179,-0.438,88.0,-4,4,0.075,0.925,27,28,27,29,2,3,4.0,1.0,5.0,1.0,2.91,1.12,-1.12,50.4,,,,,
FF,2023-04-17,96.5,-1.77,5.53,"Ohtani, Shohei",660271,678394,single,hit_into_play,,,,,3.0,Shohei Ohtani singles on a sharp line drive to center fielder Jarren Duran.,R,L,R,BOS,LAA,X,8.0,line_drive,0,0,2023,-0.72,1.09,0.78,3.03,,,,1,1,Top,146.73,122.66,,,,,8.425776958307736,-140.2939600954038,-3.5880815301194744,-11.362218161370947,29.751384960112674,-17.062908592956443,3.51,1.63,201.0,105.6,12.0,96.9,2077.0,6.4,718540,624512,671213,624414,646240,571771,608701,680776,606132,54.09,0.918,0.932,0.9,1.0,1.0,0.0,4.0,2,1,4-Seam Fastball,0,0,0,0,0,0,0,0,Infield shade,Standard,225.0,-0.024,0.416,,,1.242,-0.416,105.6,0,0,0.522,0.478,24,28,24,29,1,0,,1.0,6.0,1.0,1.35,0.72,-0.72,37.3,,,,,
FC,2023-04-17,89.1,-1.33,5.89,"Ohtani, Shohei",660271,676710,field_out,hit_into_play,,,,,3.0,Shohei Ohtani flies out to center fielder Jarren Duran.,R,L,R,BOS,LAA,X,8.0,fly_ball,1,1,2023,0.26,0.6,0.78,3.06,,,,0,4,Top,148.69,89.36,,,,,4.653169510415112,-129.78435989070687,-2.255620017379335,2.1392130509870997,24.298410855880928,-25.06046825224666,3.51,1.63,280.0,81.2,39.0,89.7,2373.0,6.3,718540,624512,671213,624414,646240,571771,608701,680776,606132,54.15,0.034,0.043,0.0,1.0,0.0,0.0,3.0,30,3,Cutter,1,5,5,1,5,1,5,1,Infield shade,Standard,162.0,0.009,-0.254,,,0.064,0.254,88.0,-4,4,0.124,0.876,27,28,27,29,1,2,4.0,1.0,5.0,1.0,2.24,-0.26,0.26,47.5,,,,,
ST,2023-04-16,79.5,-1.75,5.76,"Ohtani, Shohei",660271,676477,field_out,hit_into_play,,,,,5.0,"Shohei Ohtani grounds out, second baseman Christian Arroyo to first baseman Justin Turner.",R,L,R,BOS,LAA,X,4.0,ground_ball,0,1,2023,0.63,-0.48,-0.06,2.33,,,,0,7,Top,141.0,162.03,,,,,2.5602054303369512,-115.70173780442371,0.2056884948862825,5.147872900482813,22.715327976720527,-36.73356092330905,3.5,1.64,28.0,105.9,-3.0,80.9,2153.0,7.4,718559,657136,457759,624414,646240,644374,608701,571771,657077,53.14,0.434,0.411,0.0,1.0,0.0,0.0,4.0,45,2,Sweeper,2,1,1,2,1,2,1,2,Strategic,Standard,49.0,0.037,-0.223,,,0.489,0.223,105.9,1,-1,0.699,0.301,27,28,27,29,3,2,5.0,1.0,6.0,1.0,4.1,-0.63,0.63,35.7,,,,,
CH,2023-04-16,83.1,-1.36,5.5,"Ohtani, Shohei",660271,676477,field_out,hit_into_play,,,,,8.0,Shohei Ohtani flies out sharply to right fielder Alex Verdugo.,R,L,R,BOS,LAA,X,9.0,fly_ball,1,1,2023,-1.49,0.75,-0.23,1.64,,,,0,4,Top,196.74,73.88,,,,,5.624830508379222,-120.81756611046174,-3.9191327889213903,-15.713835707413793,23.33573401345088,-24.24444879662156,3.5,1.64,354.0,103.5,22.0,84.8,2117.0,7.4,718559,657136,457759,624414,646240,644374,608701,571771,657077,53.05,0.5427037037037037,0.9162962962962964,0.0,1.0,0.0,0.0,6.0,26,3,Changeup,2,1,1,2,1,2,1,2,Strategic,Standard,248.0,0.028,-0.254,,,1.7139259259259256,0.254,103.5,1,-1,0.624,0.376,27,28,27,29,2,1,5.0,1.0,6.0,1.0,2.55,1.49,-1.49,29.0,,,,,
ST,2023-04-16,80.6,-1.3,5.72,"Ohtani, Shohei",660271,676477,field_out,hit_into_play,,,,,13.0,"Shohei Ohtani grounds out, shortstop Yu Chang to first baseman Justin Turner.",R,L,R,BOS,LAA,X,6.0,ground_ball,1,2,2023,0.61,-0.16,-0.18,1.45,,,,2,1,Top,130.96,146.32,,,,,1.3395648191411245,-117.53785208253858,-2.6429311906886266,5.487356549269227,20.487450368882108,-33.39487997820152,3.5,1.64,5.0,95.5,-15.0,82.7,1987.0,7.4,718559,657136,457759,624414,646240,644374,608701,571771,657077,53.12,0.176,0.166,0.0,1.0,0.0,0.0,2.0,3,4,Sweeper,0,0,0,0,0,0,0,0,Strategic,Standard,46.0,0.008,-0.191,,,0.205,0.191,95.5,0,0,0.54,0.4599999999999999,27,28,27,29,1,0,5.0,1.0,6.0,1.0,3.63,-0.61,0.61,35.6,,,,,
SL,2023-04-16,84.5,-1.17,5.72,"Ohtani, Shohei",660271,518489,field_out,hit_into_play,,,,,5.0,Shohei Ohtani flies out to left fielder Rob Refsnyder.,R,L,R,BOS,LAA,X,7.0,fly_ball,1,1,2023,0.57,0.12,-0.1,2.69,,,,2,9,Top,81.94,94.97,,,,,1.3667505084010507,-123.0749618737776,-0.9525030373290094,5.539216382675259,24.08735776307065,-31.002571215157005,3.5,1.64,282.0,96.0,46.0,85.6,2443.0,6.9,718559,657136,457759,624414,646240,644374,608701,571771,657077,53.6,0.011,0.013,0.0,1.0,0.0,0.0,3.0,62,3,Slider,2,1,1,2,1,2,1,2,Infield shade,Standard,99.0,0.035,-0.261,,,0.025,0.261,96.0,1,-1,0.965,0.035,35,28,36,29,1,3,1.0,1.0,3.0,1.0,3.07,-0.57,0.57,41.5,,,,,
FF,2023-04-15,95.3,-0.89,6.55,"Ohtani, Shohei",660271,601713,single,hit_into_play,,,,,1.0,Shohei Ohtani singles on a fly ball to left fielder Rob Refsnyder.   Mike Trout to 3rd.,R,L,R,BOS,LAA,X,7.0,fly_ball,2,2,2023,-0.69,1.61,-0.53,3.28,,545361.0,,0,5,Top,88.25,122.94,,,,,2.5267375743237235,-138.74179710826638,-6.673396872065739,-9.4408102460842,31.106884520387364,-10.089392194511396,3.49,1.63,204.0,65.6,33.0,96.5,2270.0,7.0,718576,657136,671213,624414,646240,644374,608701,571771,657077,53.53,0.845,0.815,0.9,1.0,1.0,0.0,4.0,42,5,4-Seam Fastball,6,4,4,6,4,6,4,6,Standard,Strategic,202.0,-0.085,0.56,,,0.958,-0.56,88.0,2,-2,0.68,0.3199999999999999,30,28,30,29,3,2,5.0,1.0,6.0,1.0,0.9,0.69,-0.69,52.1,,,,,
SL,2023-04-15,86.3,-1.48,5.57,"Ohtani, Shohei",660271,518489,field_out,hit_into_play,,,,,13.0,Shohei Ohtani grounds out to first baseman Triston Casas.,R,L,R,BOS,LAA,X,3.0,ground_ball,2,2,2023,0.2,0.14,-0.17,0.91,,,545361.0,2,8,Top,148.22,173.28,,,,,2.7588624455801085,-125.62104852985678,-5.259313612663509,1.6065829309852684,24.014486778236897,-29.894925241144925,3.49,1.63,8.0,86.0,-6.0,88.0,2514.0,7.2,718576,657136,671213,624414,646240,644374,608701,571771,657077,53.29,0.174,0.17,0.0,1.0,0.0,0.0,2.0,70,5,Slider,6,7,7,6,7,6,7,6,Infield shade,Strategic,101.0,0.023,-0.24,,,0.192,0.24,88.0,-1,1,0.285,0.7150000000000001,35,28,36,29,1,4,3.0,1.0,1.0,1.0,2.91,-0.2,0.2,44.4,,,,,
FF,2023-04-15,88.7,3.09,5.78,"Ohtani, Shohei",660271,542947,single,hit_into_play,,,,,4.0,Shohei Ohtani singles on a line drive to center fielder Enrique Hernandez.   Taylor Ward scores.    Shohei Ohtani to 2nd.,R,L,L,BOS,LAA,X,8.0,line_drive,1,2,2023,0.83,0.96,-0.39,2.85,,621493.0,,2,6,Top,142.13,91.89,,,,,-10.40324375186322,-128.72280136305145,-3.067312016784654,11.525375889189531,28.45174058986472,-21.078873381008528,3.49,1.63,214.0,107.4,8.0,89.5,2056.0,7.1,718576,657136,671213,624414,646240,644374,608701,571771,657077,53.39,0.711,0.661,0.9,1.0,1.0,0.0,4.0,54,5,4-Seam Fastball,6,6,6,6,7,6,7,6,Standard,Standard,129.0,-0.179,0.764,,,0.824,-0.764,107.4,0,0,0.536,0.4639999999999999,36,28,36,29,1,3,2.0,1.0,4.0,1.0,1.97,0.83,0.83,25.1,,,,,
FF,2023-04-15,94.9,-0.77,6.65,"Ohtani, Shohei",660271,601713,field_out,hit_into_play,,,,,12.0,"Shohei Ohtani grounds out, third baseman Rafael Devers to first baseman Triston Casas.",R,L,R,BOS,LAA,X,5.0,ground_ball,2,2,2023,-0.39,1.55,1.03,2.77,,545361.0,,1,1,Top,104.05,163.11,,,,,5.65734877012513,-137.95942586308732,-8.041607212180367,-6.260758035795117,31.050735256445773,-10.785588633376856,3.49,1.63,44.0,83.9,0.0,96.0,2215.0,7.0,718576,657136,671213,624414,646240,644374,608701,571771,657077,53.47,0.208,0.215,0.0,1.0,0.0,0.0,2.0,3,6,4-Seam Fastball,0,0,0,0,0,0,0,0,Infield shade,Standard,196.0,0.031,-0.224,,,0.211,0.224,88.0,0,0,0.485,0.515,30,28,30,29,1,0,5.0,1.0,6.0,1.0,0.99,0.39,-0.39,,,,,,
CH,2023-04-14,93.5,-2.09,5.78,"Ohtani, Shohei",660271,670174,field_out,hit_into_play,,,,,13.0,"Shohei Ohtani grounds out, pitcher Josh Winckowski to first baseman Triston Casas.",R,L,R,BOS,LAA,X,1.0,ground_ball,0,0,2023,-1.48,0.16,-0.91,1.89,621493.0,545361.0,,0,7,Top,129.3,185.2,,,,,6.311852846807536,-135.9306173377442,-4.578350106987005,-19.68497860412076,32.275600572147205,-29.327384372616574,3.49,1.63,6.0,84.2,-17.0,93.5,1752.0,6.5,718580,657136,671213,624414,646240,644374,608701,571771,657077,53.99,0.076,0.075,0.0,1.0,0.0,0.0,2.0,63,1,Changeup,5,2,2,5,2,5,2,5,Standard,Standard,239.0,0.068,-0.227,,,0.088,0.227,88.0,3,-3,0.731,0.269,25,28,25,29,2,3,4.0,3.0,4.0,1.0,2.47,1.48,-1.48,40.8,,,,,
FC,2023-04-14,89.7,-1.76,5.89,"Ohtani, Shohei",660271,670174,single,hit_into_play,,,,,14.0,Shohei Ohtani singles on a line drive to left fielder Rob Refsnyder.,R,L,R,BOS,LAA,X,7.0,line_drive,0,1,2023,0.58,0.04,0.87,2.54,,,,1,5,Top,106.8,96.4,,,,,5.303707028106251,-130.5457008858307,-2.305104700380674,5.3241820058999645,30.502323577636716,-31.456813881616068,3.49,1.63,214.0,77.3,18.0,89.8,2115.0,6.6,718580,657136,671213,624414,646240,644374,608701,571771,657077,53.9,0.963,0.893,0.9,1.0,1.0,0.0,4.0,42,2,Cutter,2,2,2,2,2,2,2,2,Strategic,Standard,126.0,-0.036,0.457,,,1.046,-0.457,88.0,0,0,0.533,0.4669999999999999,25,28,25,29,1,2,4.0,3.0,4.0,1.0,2.82,-0.58,0.58,48.1,,,,,
FC,2023-04-11,89.6,-1.85,5.09,"Ohtani, Shohei",660271,680686,single,hit_into_play,,,,,6.0,Shohei Ohtani singles on a line drive to left fielder Alex Call. Taylor Ward to 3rd. Mike Trout to 2nd.,R,L,R,LAA,WSH,X,7.0,line_drive,2,2,2023,-0.15,0.71,0.81,2.8,,621493.0,545361.0,0,4,Bot,64.19,115.95,,,,,6.802480061620012,-130.3635256225537,-1.1441729503685445,-3.114068139146613,27.810298913551573,-24.072798353341355,3.48,1.65,227.0,79.1,23.0,88.5,1869.0,5.6,718614,660688,642086,656308,600869,682928,669743,645302,657041,54.86,0.692,0.626,0.9,1.0,1.0,0.0,4.0,29,5,Cutter,0,0,0,0,0,0,0,0,Standard,Standard,140.0,0.085,0.515,,,0.752,-0.515,88.0,0,0,0.659,0.659,25,28,26,29,2,1,5.0,1.0,7.0,3.0,2.13,0.15,-0.15,31.7,,,,,
CU,2023-04-11,84.5,-1.81,5.27,"Ohtani, Shohei",660271,680686,field_out,hit_into_play,,,,,13.0,Shohei Ohtani flies out to left fielder Alex Call.,R,L,R,LAA,WSH,X,7.0,fly_ball,3,2,2023,-0.04,-0.18,-0.04,1.35,,,,2,1,Bot,54.81,81.93,,,,,4.117412217222296,-122.93234085503724,-2.348948589305593,-1.2536640698361512,26.28368063240452,-33.726040853943665,3.48,1.65,338.0,99.6,28.0,83.0,2334.0,5.5,718614,660688,642086,656308,600869,682928,669743,645302,657041,55.04,0.5258809523809523,1.001,0.0,1.0,0.0,0.0,6.0,8,6,Curveball,0,0,0,0,0,0,0,0,Strategic,Standard,17.0,-0.012,-0.336,,,1.9784761904761905,0.336,99.6,0,0,0.512,0.512,25,28,26,29,1,0,5.0,1.0,7.0,3.0,3.4,0.04,-0.04,35.5,,,,,
SI,2023-04-10,92.7,2.11,6.24,"Ohtani, Shohei",660271,571578,field_out,hit_into_play,,,,,12.0,"Shohei Ohtani grounds out, second baseman Michael Chavis to first baseman Dominic Smith.",R,L,L,LAA,WSH,X,4.0,ground_ball,1,1,2023,1.24,1.11,0.95,2.72,,681351.0,621493.0,2,2,Bot,144.75,148.3,,,,,-5.764966172627153,-134.69064247012295,-5.593972052633714,16.388646900538433,32.23241072741295,-17.688644951582063,3.46,1.64,15.0,76.2,-8.0,93.3,2045.0,7.0,718631,660688,642086,656308,600869,682928,669743,645302,657041,53.52,0.063,0.07,0.0,1.0,0.0,0.0,2.0,22,3,Sinker,2,1,2,1,1,2,2,1,Strategic,Standard,142.0,-0.037,-0.281,,,0.063,0.281,88.0,1,1,0.649,0.649,33,28,34,29,2,1,5.0,1.0,6.0,1.0,1.58,1.24,1.24,43.3,,,,,
SL,2023-04-09,88.0,2.28,5.59,"Ohtani, Shohei",660271,579328,single,hit_into_play,,,,,12.0,Shohei Ohtani singles on a sharp ground ball to center fielder Kevin Kiermaier.,R,L,L,LAA,TOR,X,8.0,ground_ball,3,2,2023,-0.27,0.11,0.44,3.63,,,,0,5,Bot,137.76,84.14,,,,,-3.9268702725575286,-128.16954305682222,1.0948137269758085,-2.22397137107882,26.39114772272164,-31.363930451955877,3.46,1.64,118.0,100.5,7.0,88.7,2423.0,6.6,718644,643376,665489,669289,656305,666182,662139,595281,593160,53.85,0.647,0.601,0.9,1.0,1.0,0.0,4.0,39,6,Slider,6,0,6,0,0,6,6,0,Strategic,Standard,244.0,0.003,0.344,,,0.734,-0.344,100.5,6,6,0.978,0.978,32,28,32,29,3,2,5.0,1.0,6.0,1.0,2.82,-0.27,-0.27,46.2,,,,,
SL,2023-04-09,89.3,2.26,5.62,"Ohtani, Shohei",660271,579328,home_run,hit_into_play,,,,,14.0,Shohei Ohtani homers (3) on a fly ball to center field.   Mike Trout scores.,R,L,L,LAA,TOR,X,,fly_ball,2,1,2023,-0.19,0.19,0.89,2.26,,,545361.0,1,3,Bot,85.71,43.86,,,,,-2.999129985188423,-130.11533184560034,-2.7103459742430656,-1.574638011619127,26.40618196321232,-29.67382095105897,3.46,1.64,397.0,108.6,23.0,90.3,2577.0,6.7,718644,643376,665489,669289,656305,666182,662139,595281,593160,53.77,0.9346285714285714,1.8184285714285708,2.0,1.0,0.0,3.0,6.0,22,4,Slider,3,0,3,0,0,5,5,0,Standard,Standard,234.0,0.085,1.42,,,3.588771428571429,-1.42,108.6,3,3,0.842,0.842,32,28,32,29,2,1,5.0,1.0,6.0,1.0,2.65,-0.19,-0.19,47.7,,,,,
CU,2023-04-09,83.6,-2.72,5.01,"Ohtani, Shohei",660271,554340,field_out,hit_into_play,,,,,8.0,"Shohei Ohtani grounds out, second baseman Cavan Biggio to first baseman Vladimir Guerrero Jr.",R,L,R,LAA,TOR,X,4.0,ground_ball,3,2,2023,1.2,0.03,0.05,2.19,,,,2,7,Bot,150.18,151.79,,,,,4.002272275250167,-121.77848713555832,-0.1448193368571242,11.077035368718017,24.50895803518739,-32.105490700599404,3.46,1.64,12.0,98.2,-10.0,83.0,2906.0,5.9,718644,672386,665489,624415,656305,666182,662139,595281,593160,54.63,0.247,0.243,0.0,1.0,0.0,0.0,2.0,67,6,Curveball,6,10,6,10,10,6,6,10,Standard,Strategic,78.0,-0.007,-0.336,,,0.272,0.336,98.2,-4,-4,0.043,0.043,32,28,33,29,1,3,2.0,1.0,2.0,1.0,3.23,-1.2,1.2,23.4,,,,,
SL,2023-04-09,87.0,2.26,5.68,"Ohtani, Shohei",660271,579328,force_out,hit_into_play,,,,,7.0,"Shohei Ohtani grounds into a force out, first baseman Vladimir Guerrero Jr.  to shortstop Bo Bichette.   Mike Trout out at 2nd.    Shohei Ohtani to 1st.",R,L,L,LAA,TOR,X,3.0,ground_ball,1,2,2023,-0.24,-0.13,-0.37,1.69,,,545361.0,1,1,Bot,143.52,175.41,,,,,-5.868536320711275,-126.62705697909342,-3.1746512577701047,-1.3833277797686567,25.373740670488218,-33.12682567520923,3.46,1.64,3.0,73.5,-30.0,87.8,2516.0,6.7,718644,643376,665489,669289,656305,666182,662139,595281,593160,53.78,0.047,0.048,0.0,1.0,0.0,0.0,2.0,6,4,Slider,0,0,0,0,0,0,0,0,Standard,Standard,282.0,-0.022,-0.261,,,0.057,0.261,88.0,0,0,0.544,0.544,32,28,32,29,1,0,5.0,1.0,6.0,1.0,3.13,-0.24,-0.24,50.7,,,,,
SI,2023-04-09,95.3,1.48,6.62,"Ohtani, Shohei",660271,641835,field_out,hit_into_play,,,,,12.0,"Shohei Ohtani grounds out, second baseman Cavan Biggio to first baseman Vladimir Guerrero Jr.",R,L,L,LAA,TOR,X,4.0,ground_ball,0,2,2023,1.55,0.73,1.35,2.61,570482.0,621493.0,545361.0,2,10,Bot,152.61,152.39,,,,,-3.831780980128352,-138.54206971823086,-6.464737017777182,20.70546349804622,35.10659940712301,-21.407440504125947,3.46,1.64,9.0,68.3,-16.0,94.8,2139.0,6.4,718644,672386,665489,624415,656305,666182,662139,595281,593160,54.14,0.042,0.054,0.0,1.0,0.0,0.0,2.0,97,3,Sinker,11,12,11,12,12,11,11,12,Standard,Standard,132.0,-0.241,-0.163,,,0.046,0.163,88.0,-1,-1,0.241,0.241,31,28,31,29,1,5,3.0,1.0,3.0,1.0,1.81,1.55,1.55,46.0,,,,,
CH,2023-04-08,80.0,-2.9,5.35,"Ohtani, Shohei",660271,621244,double,hit_into_play,,,,,7.0,Shohei Ohtani doubles (2) on a line drive to right fielder George Springer.   Mike Trout to 3rd.,R,L,R,LAA,TOR,X,9.0,line_drive,1,1,2023,-1.2,0.18,-0.53,1.53,,,545361.0,0,4,Bot,205.73,128.27,,,,,7.582436291379095,-116.27722682754884,-1.9895726342728817,-12.335257000546315,23.30987420846838,-30.33555980383773,3.49,1.63,180.0,80.4,16.0,80.7,1420.0,7.0,718657,672386,665489,669289,656305,666182,593160,662139,543807,53.52,0.911,0.848,1.25,1.0,1.0,1.0,4.0,30,3,Changeup,1,4,1,4,4,1,1,4,Standard,Standard,261.0,0.119,0.732,,,1.025,-0.732,88.0,-3,-3,0.257,0.257,29,28,29,29,2,1,5.0,1.0,6.0,1.0,3.41,1.2,-1.2,38.4,,,,,
CU,2023-04-07,70.0,-1.14,5.87,"Ohtani, Shohei",660271,605135,single,hit_into_play,,,,,9.0,Shohei Ohtani singles on a line drive to right fielder George Springer.,R,L,R,LAA,TOR,X,9.0,line_drive,0,0,2023,1.13,-1.08,0.48,1.87,,,,1,5,Bot,196.59,103.6,,,,,1.2457445538259058,-101.8366234976582,1.898568344948791,7.503332099798985,20.69043381821418,-40.19088099135963,3.49,1.62,226.0,91.1,20.0,69.1,2177.0,6.1,718670,672386,665489,669289,656305,666182,593160,595281,543807,54.37,0.355,0.387,0.9,1.0,1.0,0.0,4.0,42,1,Curveball,3,1,3,1,1,3,3,1,Standard,Standard,39.0,0.016,0.416,,,0.546,-0.416,91.1,2,2,0.797,0.797,34,28,34,29,3,2,5.0,2.0,6.0,1.0,5.82,-1.13,1.13,52.7,,,,,
FS,2023-04-07,86.3,-0.89,5.99,"Ohtani, Shohei",660271,657024,double,hit_into_play,,,,,4.0,Shohei Ohtani doubles (1) on a sharp fly ball to right fielder George Springer.,R,L,R,LAA,TOR,X,9.0,fly_ball,2,2,2023,-1.03,0.64,-0.52,2.47,,,,0,8,Bot,224.24,102.99,,,,,3.020871172195247,-125.69894114493157,-3.4828192661767177,-11.532631800218272,25.312881178777527,-24.91607427987608,3.49,1.62,337.0,101.6,23.0,87.4,1138.0,6.9,718670,672386,665489,669289,656305,666182,662139,595281,543807,53.59,0.5490810810810809,0.9592432432432432,1.25,1.0,1.0,1.0,6.0,64,8,Split-Finger,3,4,3,4,4,3,3,4,Infield shade,Standard,228.0,0.178,0.732,,,1.825864864864865,-0.732,101.6,-1,-1,0.302,0.302,29,28,30,29,1,3,2.0,2.0,2.0,1.0,2.42,1.03,-1.03,49.1,,,,,
CH,2023-04-05,81.6,-0.63,6.55,"Ohtani, Shohei",660271,623167,field_out,hit_into_play,,,,,5.0,Shohei Ohtani flies out to left fielder Jarred Kelenic.,R,L,R,SEA,LAA,X,7.0,fly_ball,0,2,2023,-0.83,0.96,0.26,2.44,,,,1,3,Top,72.09,122.92,,,,,3.629243422062161,-118.75351940673056,-4.574214775759996,-8.541411409015643,21.198128789902302,-22.420132604483697,3.49,1.62,233.0,95.9,57.0,82.3,1399.0,6.6,718691,663728,664034,543939,553993,641487,672284,677594,606192,53.92,0.024,0.024,0.0,1.0,0.0,0.0,3.0,22,3,Changeup,1,2,2,1,2,1,2,1,Infield shade,Standard,213.0,0.01,-0.17,,,0.032,0.17,95.9,-1,1,0.416,0.5840000000000001,28,28,29,29,2,1,5.0,1.0,6.0,2.0,2.44,0.83,-0.83,61.5,,,,,
SL,2023-04-05,87.9,-3.13,5.05,"Ohtani, Shohei",660271,662253,single,hit_into_play,,,,,13.0,Shohei Ohtani singles on a ground ball to left fielder Jarred Kelenic. Taylor Ward scores. Mike Trout to 2nd.,R,L,R,SEA,LAA,X,7.0,ground_ball,1,2,2023,0.43,0.1,-0.78,1.43,,621493.0,545361.0,2,7,Top,73.94,147.52,,,,,4.803340114681015,-127.97604104134015,-2.923195005657226,3.803828827937574,24.474169272439468,-30.75410295048042,3.49,1.62,32.0,67.5,1.0,88.3,2110.0,6.4,718691,663728,664034,543939,553993,641487,672284,677594,606192,54.14,0.111,0.104,0.9,1.0,1.0,0.0,2.0,55,4,Slider,1,3,3,1,4,1,4,1,Standard,Standard,99.0,-0.089,0.632,,,0.129,-0.632,88.0,-2,2,0.198,0.802,24,28,24,29,1,3,3.0,1.0,2.0,2.0,2.83,-0.43,0.43,23.9,,,,,
CH,2023-04-04,86.5,-3.18,4.99,"Ohtani, Shohei",660271,622491,field_out,hit_into_play,,,,,14.0,"Shohei Ohtani grounds out, third baseman Eugenio Suarez to first baseman Ty France.",R,L,R,SEA,LAA,X,5.0,ground_ball,0,0,2023,-1.66,0.17,0.33,1.32,,,,0,4,Top,106.39,160.71,,,,,11.536234761641412,-125.50682616327646,-2.8379944128006755,-19.86586988985745,24.949591324099124,-30.01473418276002,3.51,1.63,8.0,77.4,-10.0,85.2,1926.0,5.6,718706,663728,664034,664059,553993,641487,572041,677594,606192,54.92,0.087,0.081,0.0,1.0,0.0,0.0,2.0,23,1,Changeup,1,0,0,1,0,1,0,1,Infield shade,Strategic,252.0,0.029,-0.265,,,0.109,0.265,88.0,1,-1,0.623,0.377,30,28,31,29,2,1,5.0,1.0,6.0,1.0,2.89,1.66,-1.66,13.5,,,,,
CH,2023-04-04,86.3,-3.07,5.11,"Ohtani, Shohei",660271,622491,field_out,hit_into_play,,,,,7.0,"Shohei Ohtani grounds out, second baseman Sam Haggerty to first baseman Ty France.   Taylor Ward to 3rd.",R,L,R,SEA,LAA,X,4.0,ground_ball,2,1,2023,-1.7,-0.01,-0.81,1.84,,621493.0,,1,1,Top,147.45,152.09,,,,,8.696878154657169,-125.42164673456148,-1.4956849895009343,-19.69232607868141,25.0093205705497,-32.21993154072888,3.51,1.63,79.0,87.3,4.0,85.3,1982.0,5.7,718706,663728,664034,664059,553993,641487,572041,677594,606192,54.82,0.418,0.396,0.0,1.0,0.0,0.0,2.0,3,4,Changeup,0,0,0,0,0,0,0,0,Standard,Strategic,245.0,0.032,-0.314,,,0.49,0.314,88.0,0,0,0.479,0.521,30,28,31,29,1,0,5.0,1.0,6.0,1.0,3.08,1.7,-1.7,16.5,,,,,
CH,2023-04-03,85.5,-1.62,5.54,"Ohtani, Shohei",660271,669923,home_run,hit_into_play,,,,,7.0,Shohei Ohtani homers (2) on a fly ball to center field.   Mike Trout scores.,R,L,R,SEA,LAA,X,,fly_ball,1,1,2023,-1.4,0.44,-0.31,2.15,,,545361.0,0,5,Top,162.47,28.4,,,,,5.9741477134276995,-124.36436451094391,-2.555930830854793,-15.732431217599398,27.016555539964045,-27.329112227063245,3.52,1.63,431.0,110.3,26.0,85.9,1473.0,6.8,718720,608596,664034,664059,553993,641487,572041,677594,606192,53.74,0.9834799999999996,2.0,2.0,1.0,0.0,3.0,6.0,38,3,Changeup,2,2,2,2,4,2,4,2,Infield shade,Standard,246.0,-0.205,1.073,,,3.9213999999999993,-1.073,110.3,0,0,0.454,0.546,25,28,25,29,3,2,,1.0,6.0,1.0,2.7,1.4,-1.4,31.9,,,,,
SL,2023-04-03,84.9,-1.77,5.58,"Ohtani, Shohei",660271,669923,grounded_into_double_play,hit_into_play,,,,,5.0,"Shohei Ohtani grounds into a double play, shortstop J.  P. Crawford to first baseman Ty France.   Mike Trout out at 2nd.    Shohei Ohtani out at 1st.",R,L,R,SEA,LAA,X,6.0,ground_ball,2,2,2023,1.01,-0.08,-0.24,2.92,,,545361.0,0,3,Top,118.05,151.07,,,,,1.574711039710173,-123.77135471990292,0.2072475851328015,10.11808097493698,23.728041281734676,-33.25830222733116,3.52,1.63,37.0,102.0,-2.0,85.6,2408.0,6.5,718720,608596,664034,664059,553993,641487,572041,677594,606192,53.96,0.482,0.46,0.0,1.0,0.0,0.0,2.0,21,8,Slider,1,1,1,1,1,1,1,1,Infield shade,Standard,51.0,0.08,-0.324,,,0.548,0.324,102.0,0,0,0.463,0.5369999999999999,25,28,25,29,2,1,,1.0,6.0,1.0,3.22,-1.01,1.01,40.1,,,,,
CH,2023-04-03,86.0,-1.71,5.49,"Ohtani, Shohei",660271,669923,field_out,hit_into_play,,,,,7.0,"Shohei Ohtani grounds out, second baseman Sam Haggerty to first baseman Ty France.   Mike Trout to 2nd.",R,L,R,SEA,LAA,X,4.0,ground_ball,1,2,2023,-1.47,0.26,-0.36,1.64,,,545361.0,1,1,Top,150.11,159.38,,,,,6.226103724623513,-125.02480516318252,-3.401857980171708,-16.64770849227332,25.925931547800147,-29.00258277623258,3.52,1.63,2.0,103.7,-34.0,86.5,1445.0,6.7,718720,608596,664034,664059,553993,641487,572041,677594,606192,53.79,0.097,0.095,0.0,1.0,0.0,0.0,2.0,3,4,Changeup,0,0,0,0,0,0,0,0,Infield shade,Standard,245.0,0.011,-0.261,,,0.105,0.261,103.7,0,0,0.505,0.495,25,28,25,29,1,0,,1.0,6.0,1.0,2.84,1.47,-1.47,31.0,,,,,
SL,2023-04-03,84.6,-1.63,5.86,"Ohtani, Shohei",660271,650895,field_out,hit_into_play,,,,,6.0,Shohei Ohtani pops out to third baseman Eugenio Suarez in foul territory.,R,L,R,SEA,LAA,X,5.0,popup,0,0,2023,0.3,0.16,0.3,2.74,,,545361.0,0,7,Top,90.68,189.1,,,,,3.8734482266322026,-123.18069093896968,-1.2672362042279166,2.2999190648598415,23.956167517033464,-30.48436080477484,3.52,1.63,101.0,83.6,75.0,83.6,2207.0,5.6,718720,608596,664034,664059,553993,641487,572041,677594,606192,54.93,0.003,0.002,0.0,1.0,0.0,0.0,3.0,56,1,Slider,3,4,4,3,4,3,4,3,Infield shade,Standard,118.0,0.036,-0.241,,,0.003,0.241,88.0,-1,1,0.27,0.73,29,28,29,29,1,3,2.0,1.0,2.0,1.0,3.01,-0.3,0.3,31.2,,,,,
ST,2023-04-02,80.0,2.89,5.34,"Ohtani, Shohei",660271,686610,home_run,hit_into_play,,,,,14.0,Shohei Ohtani homers (1) on a fly ball to right center field.,R,L,L,ATH,LAA,X,,fly_ball,0,0,2023,-1.13,-0.24,0.98,1.97,,,,0,5,Top,167.51,40.01,,,,,-2.0922700991967584,-116.61294805479208,-0.3528281502495149,-10.104875496325697,19.023813604529987,-34.51132155497994,3.51,1.63,447.0,110.8,27.0,81.4,2121.0,6.9,718734,669127,542583,643393,649557,669397,664913,665923,657656,53.62,0.9851428571428572,2.0,2.0,1.0,0.0,3.0,6.0,37,1,Sweeper,0,5,5,0,6,0,6,0,Standard,Standard,303.0,-0.026,1.114,,,3.9362857142857144,-1.114,110.8,-5,5,0.064,0.936,25,28,25,29,3,2,,1.0,5.0,1.0,3.75,-1.13,-1.13,30.4,,,,,
ST,2023-04-02,80.7,3.01,5.35,"Ohtani, Shohei",660271,686610,field_out,hit_into_play,,,,,3.0,Shohei Ohtani lines out sharply to center fielder Esteury Ruiz.,R,L,L,ATH,LAA,X,8.0,line_drive,0,0,2023,-0.99,0.04,0.67,3.02,,545361.0,,1,1,Top,132.03,67.07,,,,,-3.3476022895470576,-117.54080090567383,1.4328695006572243,-8.433931507734425,23.40270384504584,-32.299338799635564,3.51,1.63,328.0,103.2,18.0,81.4,2083.0,6.8,718734,669127,542583,643393,649557,669397,664913,665923,657656,53.69,0.442,0.528,0.0,1.0,0.0,0.0,5.0,3,1,Sweeper,0,0,0,0,0,0,0,0,Standard,Standard,297.0,0.035,-0.29,,,0.837,0.29,103.2,0,0,0.481,0.519,25,28,25,29,1,0,,1.0,5.0,1.0,3.47,-0.99,-0.99,29.3,,,,,
FC,2023-04-01,89.3,-1.95,5.82,"Ohtani, Shohei",660271,670124,single,hit_into_play,,,,,2.0,Shohei Ohtani singles on a ground ball to right fielder Ramon Laureano.   Mike Trout scores.,R,L,R,ATH,LAA,X,9.0,ground_ball,1,0,2023,-0.02,1.07,0.19,3.39,,545361.0,,1,6,Top,160.54,102.38,,,,,5.312421969408194,-129.99010918154448,-2.213807316633113,-1.2800194603926658,26.681731357396284,-19.8152187413202,3.52,1.65,37.0,100.0,-3.0,89.4,2154.0,6.3,718757,669127,542583,643393,649557,669397,664913,665923,657656,54.19,0.363,0.348,0.9,1.0,1.0,0.0,2.0,50,2,Cutter,1,11,11,1,12,1,12,1,Standard,Standard,204.0,-0.001,0.51,,,0.398,-0.51,100.0,-10,10,0.002,0.998,28,28,29,29,2,3,,2.0,6.0,1.0,1.79,0.02,-0.02,42.7,,,,,
FF,2023-04-01,99.1,-2.21,5.52,"Ohtani, Shohei",660271,660261,single,hit_into_play,,,,,1.0,Shohei Ohtani singles on a line drive to left fielder Seth Brown.   Logan O'Hoppe scores.    Taylor Ward to 3rd.    Mike Trout to 2nd.,R,L,R,ATH,LAA,X,7.0,line_drive,0,1,2023,-0.87,1.18,-0.57,3.26,681351.0,621493.0,545361.0,0,3,Top,26.84,103.65,,,,,6.582771615734244,-144.1168047755349,-3.526886108540515,-13.67681787027078,34.36202419991605,-15.08121744558438,3.52,1.65,338.0,99.3,21.0,99.7,2077.0,6.7,718757,669127,542583,643393,649557,669397,664913,665923,657656,53.76,0.361,0.451,0.9,1.0,1.0,0.0,5.0,19,2,4-Seam Fastball,0,2,2,0,3,0,3,0,Standard,Standard,222.0,-0.06,0.471,,,0.73,-0.471,99.3,-2,2,0.176,0.8240000000000001,29,28,29,29,2,1,,2.0,7.0,1.0,1.15,0.87,-0.87,30.6,,,,,
FS,2023-04-01,92.9,-2.03,5.85,"Ohtani, Shohei",660271,660261,field_out,hit_into_play,,,,,5.0,Shohei Ohtani grounds out to first baseman Jesus Aguilar.,R,L,R,ATH,LAA,X,3.0,ground_ball,1,1,2023,-0.66,-0.04,0.25,2.65,,,,2,1,Top,160.54,163.59,,,,,7.330989330754484,-135.10254953607318,-2.3059993943544423,-9.741938029563531,30.67629666389696,-32.32505903966202,3.52,1.65,23.0,100.8,-6.0,93.2,1245.0,6.6,718757,669127,542583,643393,649557,669397,664913,665923,657656,53.88,0.311,0.295,0.0,1.0,0.0,0.0,2.0,3,3,Split-Finger,0,0,0,0,0,0,0,0,Infield shade,Standard,248.0,0.01,-0.261,,,0.353,0.261,100.8,0,0,0.538,0.4619999999999999,29,28,29,29,1,0,,2.0,7.0,1.0,2.69,0.66,-0.66,38.6,,,,,
SI,2023-04-01,95.4,-1.76,6.08,"Ohtani, Shohei",660271,544727,field_out,hit_into_play,,,,,14.0,"Shohei Ohtani grounds out, second baseman Tony Kemp to first baseman Ryan Noda.",R,L,R,ATH,LAA,X,4.0,ground_ball,1,1,2023,-1.37,0.14,1.06,1.65,,,,0,8,Top,148.42,147.83,,,,,10.395283121531296,-138.4619818357314,-6.288921306757649,-19.932801063357548,29.19998340454371,-29.139574639668492,3.52,1.65,11.0,100.9,-7.0,94.8,2167.0,6.0,718757,669127,676116,643393,649557,669397,664913,665923,668843,54.52,0.289,0.275,0.0,1.0,0.0,0.0,2.0,65,3,Sinker,1,13,13,1,13,1,13,1,Standard,Standard,240.0,0.0,-0.254,,,0.309,0.254,100.9,-12,12,0.001,0.999,33,28,34,29,1,4,,2.0,2.0,1.0,2.36,1.37,-1.37,37.6,,,,,
FF,2023-03-30,92.0,1.36,6.2,"Ohtani, Shohei",660271,666205,single,hit_into_play,,,,,2.0,Shohei Ohtani singles on a ground ball to right fielder Ramon Laureano.   Mike Trout to 2nd.,R,L,L,ATH,LAA,X,9.0,ground_ball,1,0,2023,0.08,0.76,-0.27,3.06,,,545361.0,0,4,Top,166.42,106.4,,,,,-4.318548596553442,-133.9492389007008,-3.811909141806475,1.923301070914901,27.825754307993,-22.354580375334876,3.52,1.65,38.0,111.6,-3.0,92.3,2313.0,6.4,718769,669127,542583,643393,607054,649557,664913,665923,657656,54.12,0.495,0.457,0.9,1.0,1.0,0.0,4.0,22,2,4-Seam Fastball,0,0,0,0,0,0,0,0,Standard,Standard,148.0,-0.058,0.422,,,0.536,-0.422,111.6,0,0,0.45,0.55,25,28,26,29,2,1,,,6.0,2.0,1.92,0.08,0.08,40.8,,,,,
FC,2023-03-27,87.8,-0.66,6.37,"Ohtani, Shohei",660271,592789,single,hit_into_play,,,,,12.0,Shohei Ohtani singles on a fly ball to left fielder David Peralta.,S,L,R,LAA,LAD,X,7.0,fly_ball,1,0,2023,0.14,0.63,1.0,2.89,,,,1,5,Bot,93.44,116.52,,,,,3.801343858868522,-127.80415788763632,-3.647625720197308,0.7482724470029736,26.212370001690637,-24.77934044733592,3.53,1.65,212.0,67.5,40.0,89.0,1950.0,7.0,719413,669257,518692,678246,571970,621035,444482,681546,518792,53.49,0.545,,0.9,,1.0,0.0,4.0,41,2,Cutter,4,2,4,2,2,4,4,2,Infield shade,Standard,251.0,0.014,0.377,,,0.66,-0.377,88.0,2,2,0.799,0.799,30,28,31,29,3,2,,,,,2.33,-0.14,0.14,,,,,,
CU,2023-03-27,75.7,-0.63,6.24,"Ohtani, Shohei",660271,592789,single,hit_into_play,,,,,5.0,Shohei Ohtani singles on a line drive to right fielder Mookie Betts.,S,L,R,LAA,LAD,X,9.0,line_drive,0,0,2023,1.18,0.57,0.2,2.51,,,,1,3,Bot,188.85,107.71,,,,,-0.4001477238640417,-110.1748198295729,-1.6312852608941757,9.642540663904214,21.721975774938898,-27.517081087053757,3.53,1.65,145.0,98.4,11.0,76.4,2031.0,7.1,719413,669257,518692,678246,571970,500743,621035,572204,605141,53.44,0.889,,0.9,,1.0,0.0,4.0,21,1,Curveball,3,0,3,0,0,3,3,0,Infield shade,Standard,70.0,0.012,0.416,,,1.077,-0.416,98.4,3,3,0.828,0.828,30,28,31,29,2,1,,,,,3.45,-1.18,1.18,,,,,,
CH,2023-03-27,88.1,-0.89,6.26,"Ohtani, Shohei",660271,592789,field_out,hit_into_play,,,,,6.0,Shohei Ohtani flies out to center fielder Trayce Thompson.,S,L,R,LAA,LAD,X,8.0,fly_ball,1,0,2023,-1.45,0.85,0.32,2.25,,,,0,1,Bot,104.0,75.75,,,,,6.029739557735838,-127.98604287712116,-5.392559670128206,-17.150520239351074,28.56153051138138,-21.8895843253216,3.53,1.65,311.0,95.9,44.0,88.9,1631.0,7.1,719413,669257,518692,678246,571970,500743,621035,572204,605141,53.41,0.026,,0.0,,0.0,0.0,3.0,6,2,Changeup,2,0,2,0,0,2,2,0,Infield shade,Standard,226.0,-0.018,-0.306,,,0.074,0.306,95.9,2,2,0.735,0.735,30,28,31,29,1,0,,,,,2.12,1.45,-1.45,,,,,,
SL,2023-03-26,85.8,1.69,6.15,"Ohtani, Shohei",660271,477132,field_out,hit_into_play,,,,,5.0,Shohei Ohtani flies out sharply to right fielder David Peralta.,S,L,L,LAD,LAA,X,9.0,fly_ball,2,1,2023,-0.37,0.75,0.08,2.6,,,,2,6,Top,183.33,69.48,,,,,-3.0569530025762313,-125.04985959087908,-3.736056884719275,-3.4382499791959846,21.366377590598365,-23.800246484936036,3.52,1.65,350.0,109.9,38.0,86.3,2484.0,6.2,719415,605131,693819,678246,571970,500743,621035,572204,444482,54.33,0.795,,0.0,,0.0,0.0,6.0,41,4,Slider,2,0,0,2,0,2,0,2,Infield shade,Standard,202.0,0.015,-0.314,,,3.196,0.314,109.9,2,-2,0.83,0.17,35,28,35,29,3,2,,,,,2.3,-0.37,-0.37,,,,,,
SL,2023-03-26,86.2,1.6,6.16,"Ohtani, Shohei",660271,477132,single,hit_into_play,,,,,5.0,Shohei Ohtani singles on a sharp ground ball to right fielder Mookie Betts.,S,L,L,LAD,LAA,X,9.0,ground_ball,0,0,2023,-0.42,0.37,0.14,2.51,,,,2,4,Top,180.07,113.43,,,,,-2.6195112965858267,-125.68570453766384,-3.3172093478114317,-4.0698870204021125,21.71486150578425,-27.76757193854692,3.52,1.65,117.0,104.9,7.0,87.3,2587.0,6.6,719415,605131,518692,678246,571970,500743,621035,572204,605141,53.94,0.65,,0.9,,1.0,0.0,4.0,23,1,Slider,2,0,0,2,0,2,0,2,Infield shade,Standard,221.0,-0.014,0.344,,,0.714,-0.344,104.9,2,-2,0.774,0.2259999999999999,35,28,35,29,2,1,,,,,2.64,-0.42,-0.42,,,,,,
