pitch_type,game_date,release_speed,release_pos_x,release_pos_z,player_name,batter,pitcher,events,description,spin_dir,spin_rate_deprecated,break_angle_deprecated,break_length_deprecated,zone,des,game_type,stand,p_throws,home_team,away_team,type,hit_location,bb_type,balls,strikes,game_year,pfx_x,pfx_z,plate_x,plate_z,on_3b,on_2b,on_1b,outs_when_up,inning,inning_topbot,hc_x,hc_y,tfs_deprecated,tfs_zulu_deprecated,umpire,sv_id,vx0,vy0,vz0,ax,ay,az,sz_top,sz_bot,hit_distance_sc,launch_speed,launch_angle,effective_speed,release_spin_rate,release_extension,game_pk,fielder_2,fielder_3,fielder_4,fielder_5,fielder_6,fielder_7,fielder_8,fielder_9,release_pos_y,estimated_ba_using_speedangle,estimated_woba_using_speedangle,woba_value,woba_denom,babip_value,iso_value,launch_speed_angle,at_bat_number,pitch_number,pitch_name,home_score,away_score,bat_score,fld_score,post_away_score,post_home_score,post_bat_score,post_fld_score,if_fielding_alignment,of_fielding_alignment,spin_axis,delta_home_win_exp,delta_run_exp,bat_speed,swing_length,estimated_slg_using_speedangle,delta_pitcher_run_exp,hyper_speed,home_score_diff,bat_score_diff,home_win_exp,bat_win_exp,age_pit_legacy,age_bat_legacy,age_pit,age_bat,n_thruorder_pitcher,n_priorpa_thisgame_player_at_bat,pitcher_days_since_prev_game,batter_days_since_prev_game,pitcher_days_until_next_game,batter_days_until_next_game,api_break_z_with_gravity,api_break_x_arm,api_break_x_batter_in,arm_angle,attack_angle,attack_direction,swing_path_tilt,intercept_ball_minus_batter_pos_x_inches,intercept_ball_minus_batter_pos_y_inches
KC,2024-10-30,83.3,-2.52,6.08,"Ohtani, Shohei",660271,543037,field_out,hit_into_play,,,,,13.0,"Shohei Ohtani grounds out, shortstop Anthony Volpe to first baseman Anthony Rizzo.",W,L,R,NYY,LAD,X,6.0,ground_ball,1,1,2024,0.42,-1.25,-1.3,2.48,,,,0,7,Top,132.09,133.36,,,,,1.960972843132732,-121.21479134880072,0.7602308435080269,3.6053785403273855,27.77278826368972,-44.809244558519325,3.39,1.62,102.0,79.1,7.0,82.5,2829.0,6.1,775296,669224,519203,650402,665862,683011,657077,592450,665742,54.37,0.282,0.268,0.0,1.0,0.0,0.0,2.0,62,3,Knuckle Curve,6,5,5,6,5,6,5,6,Standard,Standard,40.0,0.042,-0.243,72.5,8.1,0.3,0.243,88.0,1,-1,0.694,0.306,33,29,34,30,4,3,5.0,1.0,,,4.59,-0.42,0.42,46.2,10.713878104664074,5.8161649667809465,27.59209922012994,55.25379108791399,20.06634255633548
CH,2024-10-30,90.4,-2.77,5.83,"Ohtani, Shohei",660271,543037,field_out,hit_into_play,,,,,13.0,Shohei Ohtani flies out to left fielder Alex Verdugo.,W,L,R,NYY,LAD,X,7.0,fly_ball,0,2,2024,-0.8,1.04,-1.33,2.25,,,666158.0,2,3,Top,74.96,82.18,,,,,5.292888213357179,-131.57170681938453,-5.2182660780459305,-10.401234597705232,27.72982597978016,-19.134927324867817,3.39,1.62,317.0,88.2,29.0,90.5,1554.0,6.3,775296,669224,519203,650402,665862,683011,657077,592450,665742,54.2,0.063,0.081,0.0,1.0,0.0,0.0,3.0,23,3,Changeup,4,0,0,4,0,4,0,4,Infield shade,Standard,217.0,0.01,-0.17,63.7,8.1,0.126,0.17,88.2,4,-4,0.884,0.1159999999999999,33,29,34,30,2,1,5.0,1.0,,,1.74,0.8,-0.8,41.7,1.5311121429547407,5.9064953963238205,27.980353571384676,55.01090383208702,14.690822940389486
FF,2024-10-30,95.6,-2.76,6.15,"Ohtani, Shohei",660271,543037,field_out,hit_into_play,,,,,5.0,Shohei Ohtani flies out to center fielder Aaron Judge.,W,L,R,NYY,LAD,X,8.0,fly_ball,0,0,2024,-0.69,1.53,-0.22,2.23,,,,0,1,Top,140.69,83.91,,,,,8.213105059440183,-138.75882054659954,-8.05179845391751,-10.88119434011273,33.86008458571587,-10.738549517654585,3.39,1.62,289.0,93.2,45.0,94.8,2458.0,6.2,775296,669224,519203,650402,665862,683011,657077,592450,665742,54.32,0.008,0.01,0.0,1.0,0.0,0.0,3.0,1,1,4-Seam Fastball,0,0,0,0,0,0,0,0,Strategic,Standard,214.0,0.022,-0.254,85.0,8.4,0.017,0.254,93.2,0,0,0.5,0.5,33,29,34,30,1,0,5.0,1.0,,,1.0,0.69,-0.69,41.8,22.34657075864401,-10.558954070620288,39.06523252029533,40.7880099299245,33.277140559091336
SL,2024-10-29,86.6,-2.85,5.95,"Ohtani, Shohei",660271,661563,field_out,hit_into_play,,,,,6.0,Shohei Ohtani flies out sharply to center fielder Aaron Judge.,W,L,R,NYY,LAD,X,8.0,fly_ball,1,0,2024,1.29,0.28,0.31,2.2,,,,0,3,Top,92.93,49.16,,,,,4.9504185402648115,-126.05043123287034,-3.3186522396242344,12.6784295358349,26.05098584835497,-28.769874205109588,3.39,1.62,379.0,102.0,30.0,87.0,2554.0,6.6,775297,669224,519203,650402,665862,683011,657077,592450,665742,53.95,0.5938571428571428,1.1802380952380946,0.0,1.0,0.0,0.0,6.0,20,2,Slider,1,2,2,1,2,1,2,1,Standard,Standard,56.0,0.025,-0.292,76.9,7.3,2.3161428571428573,0.292,102.0,-1,1,0.385,0.615,26,29,26,30,2,1,11.0,1.0,,1.0,2.77,-1.29,1.29,41.9,4.708424994009949,6.45993944905413,42.053289240906835,35.19414110419322,23.164230283052184
SL,2024-10-29,87.5,-2.62,5.92,"Ohtani, Shohei",660271,661563,field_out,hit_into_play,,,,,5.0,Shohei Ohtani pops out to shortstop Anthony Volpe.,W,L,R,NYY,LAD,X,6.0,popup,3,2,2024,0.76,0.58,0.0,2.83,,,,0,1,Top,128.8,131.64,,,,,4.777298151939762,-127.17707287677872,-2.377173393034466,6.9321895093169354,31.282264269189493,-25.688196768931917,3.39,1.62,173.0,83.9,58.0,87.3,2428.0,6.7,775297,669224,519203,650402,665862,683011,657077,592450,665742,53.82,0.029,0.033,0.0,1.0,0.0,0.0,3.0,1,6,Slider,0,0,0,0,0,0,0,0,Strategic,Standard,83.0,0.027,-0.333,83.0,8.2,0.045,0.333,88.0,0,0,0.495,0.505,26,29,26,30,1,0,11.0,1.0,,1.0,2.46,-0.76,0.76,45.9,20.09707012420844,-10.23655975867988,34.34797717066962,38.60745044625643,28.106135855749457
SI,2024-10-29,88.9,3.92,3.04,"Ohtani, Shohei",660271,657612,single,hit_into_play,,,,,6.0,Shohei Ohtani singles on a sharp line drive to center fielder Aaron Judge. Tommy Edman to 2nd.,W,L,L,NYY,LAD,X,8.0,line_drive,0,0,2024,1.72,-0.61,0.36,2.38,,,669242.0,0,5,Top,110.22,77.17,,,,,-12.425623581676296,-128.5820462776951,5.9337257078064765,21.82428018631176,30.16249534544081,-40.62411430599885,3.39,1.62,266.0,103.8,14.0,88.9,2037.0,6.9,775297,669224,519203,650402,665862,683011,657077,592450,665742,53.6,0.739,0.757,0.9,1.0,1.0,0.0,4.0,39,1,Sinker,5,3,3,5,3,5,3,5,Standard,Standard,81.0,-0.076,0.449,78.2,7.6,1.034,-0.449,103.8,2,-2,0.702,0.298,34,29,34,30,1,2,1.0,1.0,,1.0,3.56,1.72,1.72,-24.8,5.745861294643796,5.161609235356009,33.74142797631997,37.558168024819594,23.571589626153116
SI,2024-10-28,95.9,-1.23,5.81,"Ohtani, Shohei",660271,657376,field_out,hit_into_play,,,,,4.0,"Shohei Ohtani grounds out, second baseman Gleyber Torres to first baseman Anthony Rizzo. Tommy Edman to 2nd.",W,L,R,NYY,LAD,X,4.0,ground_ball,2,2,2024,-0.91,0.69,-0.37,2.8,,,669242.0,0,3,Top,152.64,148.58,,,,,4.299035686696982,-139.4838477243492,-3.806453320865732,-12.851408806646027,36.12825110107843,-22.568041767162327,3.39,1.61,9.0,103.9,-17.0,94.9,2742.0,6.1,775298,624431,519203,650402,665862,683011,657077,592450,665742,54.39,0.195,0.186,0.0,1.0,0.0,0.0,2.0,17,5,Sinker,0,2,2,0,2,0,2,0,Infield shade,Standard,212.0,0.009,-0.34,79.3,7.3,0.204,0.34,103.9,-2,2,0.263,0.737,28,29,28,30,2,1,11.0,2.0,,1.0,1.83,0.91,-0.91,39.0,5.885392335658262,5.967194247721579,30.77064914740602,43.09553395593365,24.677308880387415
FF,2024-10-28,90.8,3.85,3.24,"Ohtani, Shohei",660271,657612,field_out,hit_into_play,,,,,6.0,Shohei Ohtani pops out softly to third baseman Jazz Chisholm Jr. in foul territory.,W,L,L,NYY,LAD,X,5.0,popup,2,2,2024,1.62,0.28,0.61,2.81,,,,0,7,Top,101.01,189.45,,,,,-11.631723366264795,-131.53718665013378,4.407454929915,21.38821497579595,31.023781492226988,-30.29369033084564,3.39,1.61,70.0,57.4,72.0,90.8,2159.0,6.8,775298,624431,519203,650402,665862,683011,657077,592450,665742,53.7,0.003,0.002,0.0,1.0,0.0,0.0,1.0,51,6,4-Seam Fastball,0,4,4,0,4,0,4,0,Standard,Standard,88.0,0.004,-0.227,77.3,7.7,0.003,0.227,88.0,-4,4,0.06,0.94,34,29,34,30,1,3,2.0,2.0,1.0,1.0,2.53,1.62,1.62,-19.7,10.80369851782724,0.1207131782009097,33.7874965643573,33.50991799337173,29.410565645209225
SI,2024-10-26,94.4,-3.21,5.56,"Ohtani, Shohei",660271,664776,field_out,hit_into_play,,,,,7.0,"Shohei Ohtani grounds out, shortstop Anthony Volpe to first baseman Anthony Rizzo.",W,L,R,LAD,NYY,X,6.0,ground_ball,0,0,2024,-1.49,0.62,-0.81,2.06,669257.0,,,2,4,Bot,138.45,146.56,,,,,9.678950493197048,-137.12811757242383,-4.822877413541544,-20.913803779241753,30.36054051226693,-23.475035362905945,3.39,1.6,5.0,101.1,-22.0,95.4,2276.0,7.0,775294,669224,519203,650402,665862,683011,657077,592450,665742,53.51,0.163,0.162,0.0,1.0,0.0,0.0,2.0,34,1,Sinker,4,1,4,1,1,4,4,1,Standard,Standard,234.0,-0.02,-0.279,74.9,7.5,0.166,0.279,101.1,3,3,0.856,0.856,29,29,30,30,1,2,1.0,1.0,2.0,2.0,1.95,1.49,-1.49,19.3,-1.29947779296495,17.125318986893404,35.0876125057957,47.626816385415296,12.382523169796864
FF,2024-10-26,96.8,1.67,6.52,"Ohtani, Shohei",660271,607074,field_out,hit_into_play,,,,,3.0,Shohei Ohtani flies out sharply to center fielder Aaron Judge.,W,L,L,LAD,NYY,X,8.0,fly_ball,1,0,2024,0.67,1.35,0.41,2.85,,,,0,1,Bot,148.23,74.08,,,,,-4.86870054783664,-140.65570348924498,-7.212033272225517,10.050686952717358,34.31247357377713,-12.820672590557573,3.39,1.6,315.0,109.5,48.0,95.8,2378.0,6.0,775294,669224,519203,650402,665862,683011,657077,592450,665742,54.52,0.171,0.348,0.0,1.0,0.0,0.0,5.0,5,2,4-Seam Fastball,0,0,0,0,0,0,0,0,Strategic,Standard,151.0,-0.025,-0.292,83.0,8.0,0.659,0.292,109.5,0,0,0.551,0.551,31,29,32,30,1,0,7.0,1.0,,2.0,1.11,0.67,0.67,49.5,21.31533302512695,-9.752784622620664,37.410862909563726,34.57636779734815,33.03920883149446
CH,2024-10-25,89.8,-2.49,5.82,"Ohtani, Shohei",660271,543037,field_out,hit_into_play,,,,,11.0,"Shohei Ohtani grounds out, shortstop Anthony Volpe to first baseman Anthony Rizzo. Tommy Edman to 3rd.",W,L,R,LAD,NYY,X,6.0,ground_ball,0,1,2024,-0.81,1.14,-0.85,3.36,,669242.0,,0,6,Bot,128.49,162.11,,,,,5.776740549572445,-130.6645100787716,-2.526720287157981,-10.428470444645528,25.984747525249237,-18.800974704178284,3.4,1.61,2.0,60.2,-61.0,90.0,1372.0,6.3,775300,669224,519203,650402,665862,683011,657077,592450,665742,54.23,0.242,0.257,0.0,1.0,0.0,0.0,2.0,46,2,Changeup,1,2,1,2,2,1,1,2,Standard,Standard,210.0,-0.009,-0.159,85.2,8.5,0.251,0.159,88.0,-1,-1,0.493,0.493,33,29,34,30,3,2,10.0,5.0,5.0,1.0,1.68,0.81,-0.81,44.0,21.12039234951111,-25.363297010940865,26.93573551994343,47.42463720305665,37.29276617806852
CH,2024-10-25,87.1,-2.42,5.44,"Ohtani, Shohei",660271,592454,double,hit_into_play,,,,,4.0,"Shohei Ohtani doubles (1) on a sharp line drive to right fielder Juan Soto. Shohei Ohtani to 3rd. Shohei Ohtani advances to 3rd, on a throwing error by right fielder Juan Soto.",W,L,R,LAD,NYY,X,9.0,line_drive,1,0,2024,-1.23,-0.18,-0.36,2.17,,,,1,8,Bot,184.96,56.73,,,,,7.510516984211628,-126.64477895625656,-1.2893563389388325,-14.775768269608998,26.57810567466105,-34.055365158683,3.4,1.61,377.0,113.9,19.0,87.6,1417.0,6.7,775300,669224,519203,650402,665862,683011,657077,592450,665742,53.79,0.8710000000000001,1.5755,1.25,1.0,1.0,1.0,6.0,62,2,Changeup,1,2,1,2,2,1,1,2,Standard,Standard,255.0,0.206,0.618,78.9,8.0,2.99675,-0.618,113.9,-1,-1,0.252,0.252,34,29,35,30,1,3,7.0,5.0,3.0,1.0,3.2,1.23,-1.23,28.2,10.379827416819367,-0.9864549430352808,37.85887191148137,42.73296653760901,27.27408169470357
FF,2024-10-25,92.4,0.7,5.84,"Ohtani, Shohei",660271,641482,field_out,hit_into_play,,,,,5.0,Shohei Ohtani flies out to left fielder Alex Verdugo in foul territory. Chris Taylor to 3rd. Tommy Edman to 2nd.,W,L,L,LAD,NYY,X,7.0,fly_ball,0,0,2024,0.5,1.55,0.23,2.74,,621035.0,669242.0,1,10,Bot,54.17,138.21,,,,,-2.2971917734568694,-134.47131556679585,-5.365586922792639,6.608204419538299,31.350106816724995,-12.479871753370984,3.4,1.61,234.0,83.3,48.0,91.6,2152.0,6.0,775300,669224,519203,665828,665862,683011,657077,592450,665742,54.53,0.005,0.005,0.0,1.0,0.0,0.0,3.0,81,1,4-Seam Fastball,2,3,2,3,3,2,2,3,Standard,Standard,162.0,-0.101,-0.239,77.1,7.2,0.005,0.239,88.0,-1,-1,0.343,0.343,29,29,30,30,1,4,37.0,5.0,3.0,1.0,1.14,0.5,0.5,56.7,5.8196495927796965,8.63188319236444,37.24016438586807,36.93040756627079,21.006115782436577
FF,2024-10-25,95.8,-2.57,6.05,"Ohtani, Shohei",660271,543037,field_out,hit_into_play,,,,,4.0,Shohei Ohtani flies out sharply to center fielder Aaron Judge.,W,L,R,LAD,NYY,X,8.0,fly_ball,0,0,2024,-0.37,1.45,-0.62,2.84,,,,0,1,Bot,119.86,48.83,,,,,5.96449649570322,-139.24262112917944,-6.092944384797793,-6.269753742302594,32.98718786474684,-12.19303282554606,3.4,1.61,372.0,106.0,36.0,95.3,2353.0,6.2,775300,669224,519203,650402,665862,683011,657077,592450,665742,54.33,0.6801578947368422,1.3787368421052633,0.0,1.0,0.0,0.0,6.0,6,1,4-Seam Fastball,0,0,0,0,0,0,0,0,Strategic,Standard,208.0,-0.022,-0.254,75.4,7.9,2.7007894736842104,0.254,106.0,0,0,0.548,0.548,33,29,34,30,1,0,10.0,5.0,5.0,1.0,1.05,0.37,-0.37,43.3,13.074384103473234,2.1888204989266065,32.435179504813675,45.71546419743615,25.190434638090295
FF,2024-10-20,98.4,-0.46,6.34,"Ohtani, Shohei",660271,592773,single,hit_into_play,,,,,2.0,Shohei Ohtani singles on a line drive to center fielder Tyrone Taylor. Will Smith scores. Chris Taylor to 2nd.,L,L,R,LAD,NYM,X,8.0,line_drive,3,2,2024,-0.6,1.52,-0.26,2.9,,669257.0,621035.0,0,6,Bot,114.18,94.11,,,,,1.9360089153800408,-143.09874371634257,-7.356636517141062,-8.686359470215358,33.268143682430356,-9.77137370895928,3.42,1.61,265.0,79.7,25.0,97.8,2396.0,6.0,775302,682626,624413,643446,668901,596019,607043,621438,516782,54.52,0.355,0.32,0.9,1.0,1.0,0.0,3.0,60,7,4-Seam Fastball,6,3,6,3,3,7,7,3,Infield shade,Standard,211.0,0.025,0.384,71.9,7.4,0.385,-0.384,88.0,3,3,0.942,0.942,32,29,33,30,1,3,2.0,2.0,,5.0,0.84,0.6,-0.6,48.2,3.140605481160902,8.745102425501425,30.544224858183014,41.84761150178639,18.094068568327533
FF,2024-10-20,92.1,4.24,4.94,"Ohtani, Shohei",660271,640455,single,hit_into_play,,,,,4.0,Shohei Ohtani singles on a ground ball to center fielder Tyrone Taylor.,L,L,L,LAD,NYM,X,8.0,ground_ball,2,2,2024,1.4,0.5,-0.4,2.4,,,,0,1,Bot,151.11,95.87,,,,,-14.976713600221434,-133.24741512137408,-1.6031354426140116,19.9256458424954,29.852135289656093,-26.13016706460019,3.42,1.61,28.0,102.5,-3.0,92.9,2167.0,7.2,775302,682626,624413,643446,668901,596019,607043,621438,516782,53.33,0.403,0.378,0.9,1.0,1.0,0.0,2.0,7,5,4-Seam Fastball,0,1,0,1,1,0,0,1,Infield shade,Standard,113.0,0.04,0.476,71.4,7.6,0.431,-0.476,102.5,-1,-1,0.446,0.446,32,29,32,30,1,0,6.0,2.0,,5.0,2.23,1.4,1.4,10.6,2.964701993833657,6.940849356990394,29.499354176254617,45.879251454897954,23.363170585146932
FF,2024-10-20,96.5,-2.05,4.76,"Ohtani, Shohei",660271,621242,field_out,hit_into_play,,,,,7.0,Shohei Ohtani pops out to catcher Francisco Alvarez in foul territory.,L,L,R,LAD,NYM,X,2.0,popup,0,0,2024,-1.21,0.94,-0.4,2.17,,,,0,4,Bot,114.85,199.21,,,,,7.253783830386304,-140.31651521019182,-3.545351191189388,-17.56844917161962,30.669084118170808,-19.07364717944093,3.42,1.61,28.0,86.0,83.0,98.1,2312.0,7.2,775302,682626,624413,643446,668901,596019,607043,621438,516782,53.33,0.011,0.013,0.0,1.0,0.0,0.0,3.0,41,1,4-Seam Fastball,6,3,6,3,3,6,6,3,Infield shade,Standard,237.0,-0.01,-0.254,77.4,8.8,0.016,0.254,88.0,3,3,0.86,0.86,30,29,30,30,1,2,2.0,2.0,,5.0,1.5,1.21,-1.21,13.7,22.431508642848755,-14.028125230416544,38.91515918237719,44.04267991952771,35.218455455531235
SL,2024-10-18,85.0,2.61,5.86,"Ohtani, Shohei",660271,656849,single,hit_into_play,,,,,12.0,Shohei Ohtani singles on a pop up to left fielder Brandon Nimmo.,L,L,L,NYM,LAD,X,7.0,popup,0,0,2024,-0.14,0.09,1.12,3.09,,,,2,4,Top,91.64,120.49,,,,,-3.233364574290645,-123.73728589128778,-0.2500612780699535,-0.7246945320702703,28.31831961818864,-31.492710347558052,3.46,1.61,208.0,68.6,41.0,85.8,2254.0,7.1,775299,682626,624413,643446,668901,596019,607043,621438,516782,53.39,0.439,0.45,0.9,1.0,1.0,0.0,3.0,40,1,Slider,8,2,2,8,2,8,2,8,Infield shade,Standard,295.0,-0.004,0.333,74.5,6.6,0.545,-0.333,88.0,6,-6,0.965,0.035,28,29,29,30,3,2,5.0,1.0,,2.0,3.11,-0.14,-0.14,33.4,4.8415880274468215,7.01121327350162,38.01270105853995,27.208924014294187,23.72270491003431
CU,2024-10-18,83.3,2.23,6.17,"Ohtani, Shohei",660271,656849,single,hit_into_play,,,,,7.0,Shohei Ohtani singles on a ground ball to right fielder Starling Marte.,L,L,L,NYM,LAD,X,9.0,ground_ball,3,2,2024,-0.79,-0.69,-0.58,2.06,,,,0,1,Top,165.29,99.92,,,,,-4.9698216857240665,-121.10473283897312,-1.501453448932847,-6.5050266855942525,27.830562189374128,-38.77018217503322,3.46,1.61,18.0,101.9,-5.0,83.8,2488.0,7.1,775299,682626,624413,643446,668901,596019,607043,621438,516782,53.43,0.371,0.36,0.9,1.0,1.0,0.0,2.0,1,6,Curveball,0,0,0,0,0,0,0,0,Infield shade,Standard,325.0,-0.031,0.369,68.8,7.9,0.428,-0.369,101.9,0,0,0.495,0.505,28,29,29,30,1,0,5.0,1.0,,2.0,4.03,-0.79,-0.79,44.2,8.760380934894696,7.581032927758202,33.53170805566572,46.81823154872562,22.235908817720663
ST,2024-10-17,82.2,3.77,5.22,"Ohtani, Shohei",660271,664849,field_out,hit_into_play,,,,,13.0,"Shohei Ohtani grounds out softly, second baseman Jose Iglesias to first baseman Pete Alonso.",L,L,L,NYM,LAD,X,4.0,ground_ball,1,2,2024,-1.76,0.03,-1.53,1.82,,571970.0,681624.0,2,7,Top,152.12,157.65,,,,,-8.498863167016273,-119.33597026716409,-1.006878428042651,-14.382279488148496,29.592098981393992,-31.94513532423698,3.46,1.62,3.0,50.7,-32.0,80.5,2812.0,5.9,775303,620443,624413,578428,668901,596019,607043,621438,516782,54.6,0.134,0.161,0.0,1.0,0.0,0.0,1.0,64,4,Sweeper,2,7,7,2,7,2,7,2,Standard,Strategic,305.0,0.004,-0.189,54.9,8.3,0.134,0.189,88.0,-5,5,0.035,0.965,30,29,30,30,1,4,4.0,1.0,,1.0,3.44,-1.76,-1.76,19.3,14.79322231043076,-10.98874750144273,29.3671600808657,59.183930957408975,28.579483273195073
SI,2024-10-17,90.8,2.43,5.84,"Ohtani, Shohei",660271,500779,home_run,hit_into_play,,,,,5.0,Shohei Ohtani homers (3) on a fly ball to right center field.,L,L,L,NYM,LAD,X,,fly_ball,1,0,2024,1.3,1.02,0.27,2.78,,,,0,1,Top,193.38,41.8,,,,,-8.166627593407988,-131.9251474806304,-3.8395666850604937,17.00075419430866,31.280981874162833,-19.68550496334037,3.46,1.62,422.0,117.8,22.0,90.1,2121.0,6.2,775303,682626,624413,578428,668901,596019,607043,664056,516782,54.32,0.964,1.856,2.0,1.0,0.0,3.0,6.0,1,2,Sinker,0,0,0,0,1,0,1,0,Infield shade,Strategic,149.0,-0.092,1.076,,,3.598,-1.076,117.8,0,0,0.496,0.504,35,29,35,30,1,0,8.0,1.0,,1.0,1.78,1.3,1.3,42.6,,,,,
ST,2024-10-16,85.2,-2.11,5.7,"Ohtani, Shohei",660271,622663,field_out,hit_into_play,,,,,12.0,Shohei Ohtani flies out to right fielder Starling Marte.,L,L,R,NYM,LAD,X,9.0,fly_ball,1,0,2024,1.49,0.59,0.9,3.05,,,,0,5,Top,188.88,111.84,,,,,4.0670025441083055,-123.88622868675736,-0.97027804659922,14.190175854448686,29.1788659610604,-26.207643255391336,3.46,1.62,266.0,96.2,47.0,84.4,2471.0,6.2,775305,682626,624413,578428,668901,596019,607043,621438,516782,54.27,0.011,0.017,0.0,1.0,0.0,0.0,3.0,37,2,Sweeper,0,2,2,0,2,0,2,0,Infield shade,Strategic,76.0,0.021,-0.292,79.7,7.5,0.026,0.292,96.2,-2,2,0.246,0.754,30,29,30,30,3,2,10.0,2.0,,1.0,2.6,-1.49,1.49,36.7,21.58790052384895,-4.920061636950266,39.761372934209405,28.163074692320887,30.81200687640023
FC,2024-10-16,89.0,-2.57,5.57,"Ohtani, Shohei",660271,656731,home_run,hit_into_play,,,,,9.0,"Umpire reviewed (home run), call on the field was upheld: Shohei Ohtani homers (2) on a fly ball to right field. Will Smith scores. Enrique Hernández scores.",L,L,R,NYM,LAD,X,,fly_ball,0,1,2024,0.44,0.39,0.67,2.17,,669257.0,571771.0,1,8,Top,245.72,82.04,,,,,7.135194631275803,-129.21046262639177,-2.9603667390623496,2.8922152005929673,34.665398139201486,-27.416411998138596,3.46,1.62,397.0,115.9,37.0,89.5,2223.0,7.4,775305,682626,624413,578428,668901,596019,607043,664056,516782,53.12,0.941,1.929,2.0,1.0,0.0,3.0,6.0,65,2,Cutter,0,4,4,0,7,0,7,0,Standard,Standard,200.0,-0.028,1.242,80.3,8.3,3.792,-1.242,115.9,-4,4,0.032,0.968,28,29,29,30,1,4,10.0,2.0,,1.0,2.58,-0.44,0.44,29.2,24.983739050414066,-14.14934598750576,43.18522921938788,31.497178160884165,39.18394184511782
FF,2024-10-16,95.0,-1.77,6.04,"Ohtani, Shohei",660271,622663,field_out,hit_into_play,,,,,8.0,Shohei Ohtani grounds out to first baseman Pete Alonso.,L,L,R,NYM,LAD,X,3.0,ground_ball,0,0,2024,-0.64,1.57,0.17,2.11,,,,0,1,Top,158.87,165.48,,,,,6.4511480193420345,-137.8739952435041,-8.012918723217583,-9.661812332132165,34.55825049881021,-10.5411157160418,3.45,1.62,15.0,99.8,-7.0,94.0,2223.0,6.1,775305,682626,624413,578428,668901,596019,607043,621438,516782,54.36,0.261,0.274,0.0,1.0,0.0,0.0,2.0,1,1,4-Seam Fastball,0,0,0,0,0,0,0,0,Infield shade,Standard,214.0,0.022,-0.254,79.7,8.5,0.282,0.254,99.8,0,0,0.5,0.5,30,29,30,30,1,0,10.0,2.0,,1.0,1.0,0.64,-0.64,40.2,21.380007716404418,-8.325854333968277,41.10571917787854,36.44448196656364,27.87250798183343
ST,2024-10-14,79.3,3.89,5.18,"Ohtani, Shohei",660271,640455,field_out,hit_into_play,,,,,13.0,Shohei Ohtani pops out to first baseman Pete Alonso.,L,L,L,LAD,NYM,X,3.0,popup,0,1,2024,-0.94,0.44,-1.0,2.4,,,,2,5,Bot,160.38,165.98,,,,,-9.048725853698226,-115.17810842669954,-0.0957691861942459,-6.7246096279624235,20.870921354767805,-28.485809075537105,3.44,1.61,120.0,73.5,68.0,80.5,2217.0,7.2,775306,682626,624413,578428,668901,596019,607043,621438,516782,53.34,0.003,0.002,0.0,1.0,0.0,0.0,3.0,46,2,Sweeper,1,6,1,6,6,1,1,6,Infield shade,Standard,289.0,-0.003,-0.215,55.1,8.5,0.003,0.215,88.0,-5,-5,0.051,0.051,32,29,32,30,3,2,6.0,1.0,6.0,2.0,3.19,-0.94,-0.94,21.0,16.896957920659723,-17.618862482503655,28.011986553407308,51.404838723705616,33.939445865406384
FC,2024-10-13,90.7,-2.3,5.77,"Ohtani, Shohei",660271,673540,single,hit_into_play,,,,,5.0,Shohei Ohtani singles on a sharp ground ball to right fielder Starling Marte. Gavin Lux scores.,L,L,R,LAD,NYM,X,9.0,ground_ball,0,0,2024,0.02,0.75,-0.09,2.64,,666158.0,,1,2,Bot,198.33,110.22,,,,,5.50322517160515,-131.97815263018964,-3.5271949045022963,-0.9441744304382498,27.467747893101247,-22.864400056738685,3.45,1.61,9.0,102.4,-15.0,91.0,2562.0,6.4,775307,682626,624413,578428,668901,596019,607043,621438,516782,54.08,0.203,0.226,0.9,1.0,1.0,0.0,2.0,16,1,Cutter,2,0,2,0,0,3,3,0,Standard,Strategic,199.0,0.061,0.556,77.0,8.2,0.212,-0.556,102.4,2,2,0.761,0.761,31,29,31,30,2,1,8.0,2.0,7.0,1.0,2.02,-0.02,0.02,41.6,14.51673976309595,-4.436543629698454,33.74465644216428,39.78319533662281,25.20662168613806
CU,2024-10-13,80.5,2.11,6.24,"Ohtani, Shohei",660271,656849,single,hit_into_play,,,,,5.0,Shohei Ohtani singles on a sharp line drive to right fielder Starling Marte. Tommy Edman scores. Shohei Ohtani to 2nd. Fielding error by right fielder Starling Marte.,L,L,L,LAD,NYM,X,9.0,line_drive,1,0,2024,-0.56,-0.6,0.13,2.42,,,669242.0,1,4,Bot,165.66,49.9,,,,,-3.362090138321581,-117.21365241755274,-0.6460633030518883,-4.547384814015423,22.6680216750722,-37.788229593986514,3.45,1.61,381.0,116.5,18.0,81.3,2371.0,6.9,775307,682626,624413,578428,668901,596019,607043,621438,516782,53.65,0.878,1.563,0.9,1.0,1.0,0.0,6.0,34,2,Curveball,4,0,4,0,0,5,5,0,Infield shade,Strategic,325.0,0.037,0.369,80.0,7.9,2.958,-0.369,116.5,4,4,0.914,0.914,28,29,29,30,1,2,4.0,2.0,5.0,1.0,4.12,-0.56,-0.56,44.7,12.338436681237749,-3.3057005242916015,36.35067604620515,39.616984416667634,29.14040370611487
SI,2024-10-13,92.4,3.3,5.2,"Ohtani, Shohei",660271,664849,field_out,hit_into_play,,,,,8.0,Shohei Ohtani flies out sharply to center fielder Tyrone Taylor.,L,L,L,LAD,NYM,X,8.0,fly_ball,2,2,2024,1.4,0.22,0.09,1.58,,,,1,6,Bot,121.02,39.98,,,,,-11.104699602544356,-134.04461436928395,-3.8505058453466434,19.204202277371472,28.218947617174575,-28.857435904982324,3.45,1.61,393.0,103.1,26.0,91.6,2460.0,5.9,775307,682626,624413,578428,668901,596019,607043,621438,516782,54.55,0.6849,1.3093833333333331,0.0,1.0,0.0,0.0,6.0,50,5,Sinker,6,0,6,0,0,6,6,0,Infield shade,Strategic,116.0,-0.001,-0.225,78.7,8.2,2.5363666666666655,0.225,103.1,6,6,0.985,0.985,30,29,30,30,1,3,15.0,2.0,4.0,1.0,2.46,1.4,1.4,19.4,6.598188551241463,-4.9739926177712235,42.453258651897706,40.187550614843275,29.71263182077899
FC,2024-10-13,92.8,-2.07,5.93,"Ohtani, Shohei",660271,673540,field_out,hit_into_play,,,,,4.0,"Shohei Ohtani grounds out, second baseman Jose Iglesias to first baseman Pete Alonso.",L,L,R,LAD,NYM,X,4.0,ground_ball,1,0,2024,-0.28,0.92,-0.28,2.53,,,,0,1,Bot,157.35,154.83,,,,,5.205730905829291,-135.0571074002766,-4.95148314975262,-4.5207567212308035,28.951928270702563,-19.995321987282303,3.45,1.61,4.0,90.6,-31.0,93.2,2619.0,6.5,775307,682626,624413,578428,668901,596019,607043,621438,516782,54.02,0.061,0.056,0.0,1.0,0.0,0.0,2.0,4,2,Cutter,0,0,0,0,0,0,0,0,Infield shade,Strategic,206.0,-0.025,-0.292,76.9,8.1,0.069,0.292,90.6,0,0,0.551,0.551,31,29,31,30,1,0,8.0,2.0,7.0,1.0,1.72,0.28,-0.28,48.0,15.825325734834152,0.3225292775646016,32.526116028940926,42.0414935870743,22.13588195036849
FC,2024-10-11,92.1,-2.19,5.4,"Ohtani, Shohei",660271,506433,field_out,hit_into_play,,,,,5.0,Shohei Ohtani pops out to third baseman Manny Machado.,D,L,R,LAD,SD,X,5.0,popup,1,1,2024,0.08,1.05,0.11,2.84,,,,1,3,Bot,99.54,150.74,,,,,5.684815579902034,-134.0451327506335,-2.9825038387952563,-0.2199850552721104,27.298478828121947,-19.02545304219845,3.46,1.61,142.0,94.4,69.0,92.6,2535.0,6.4,775317,543309,650333,630105,592518,593428,595777,701538,665487,54.06,0.005,0.005,0.0,1.0,0.0,0.0,3.0,21,3,Cutter,1,0,1,0,0,1,1,0,Infield shade,Standard,201.0,-0.014,-0.243,82.4,7.7,0.005,0.243,94.4,1,1,0.647,0.647,37,29,38,30,2,1,5.0,2.0,,2.0,1.62,-0.08,0.08,34.7,15.933715141235906,-2.147321049767386,36.00328321798848,36.34203163043508,29.852561990292777
ST,2024-10-09,84.8,-1.46,5.82,"Ohtani, Shohei",660271,656302,single,hit_into_play,,,,,11.0,Shohei Ohtani singles on a ground ball to right fielder Fernando Tatis Jr. Gavin Lux scores. Enrique Hernández to 2nd.,D,L,R,SD,LAD,X,9.0,ground_ball,0,0,2024,1.08,-0.72,-0.86,3.05,666158.0,,571771.0,2,2,Top,187.74,110.58,,,,,-0.7669886534911946,-123.319425975344,1.5051531774487166,10.957949758393166,31.19894568088007,-40.04229412699279,3.42,1.58,89.0,91.4,5.0,84.1,2797.0,6.5,775320,543309,650333,630105,592518,593428,595777,701538,665487,54.01,0.437,0.393,0.9,1.0,1.0,0.0,4.0,13,1,Sweeper,0,1,1,0,2,0,2,0,Infield shade,Standard,31.0,-0.09,0.616,77.9,8.4,0.483,-0.616,91.4,-1,1,0.397,0.603,28,29,29,30,2,1,4.0,1.0,,2.0,3.97,-1.08,1.08,44.0,17.13661884181173,-12.345212720895535,28.353607595655916,47.69338816487004,30.64483839453208
FF,2024-10-09,98.8,-1.03,6.1,"Ohtani, Shohei",660271,656302,field_out,hit_into_play,,,,,5.0,"Shohei Ohtani grounds out, second baseman Jake Cronenworth to first baseman Luis Arraez.",D,L,R,SD,LAD,X,4.0,ground_ball,2,2,2024,-0.29,1.51,-0.05,2.8,,,,0,1,Top,146.59,150.02,,,,,3.352055988569284,-143.6311184430726,-6.9742875676743985,-4.9312527972059375,38.781303023271995,-9.950343547918136,3.42,1.58,10.0,89.0,-15.0,98.2,2552.0,6.4,775320,543309,650333,630105,592518,593428,595777,701538,665487,54.12,0.118,0.116,0.0,1.0,0.0,0.0,2.0,1,5,4-Seam Fastball,0,0,0,0,0,0,0,0,Infield shade,Standard,198.0,0.02,-0.227,74.2,7.5,0.134,0.227,89.0,0,0,0.502,0.498,28,29,29,30,1,0,4.0,1.0,,2.0,0.87,0.29,-0.29,47.6,7.7698453125872495,10.8057710565746,32.213743550020034,37.36148812040176,18.313574416323192
ST,2024-10-08,82.3,-3.37,5.5,"Ohtani, Shohei",660271,650633,field_out,hit_into_play,,,,,4.0,Shohei Ohtani flies out sharply to center fielder Jackson Merrill.,D,L,R,SD,LAD,X,8.0,fly_ball,3,2,2024,1.52,-0.04,-0.5,2.57,,,,0,5,Top,90.44,47.49,,,,,3.5482231322844036,-119.71586776088948,0.0162813855684127,13.707417508450115,25.803277799134538,-32.77889275175811,3.42,1.58,385.0,103.5,31.0,81.1,2835.0,5.7,775321,543309,650333,630105,592518,593428,595777,701538,665487,54.75,0.6255762711864409,1.2699322033898306,0.0,1.0,0.0,0.0,6.0,38,6,Sweeper,6,5,5,6,5,6,5,6,Infield shade,Standard,69.0,0.04,-0.333,76.6,7.6,2.4847627118644073,0.333,103.5,1,-1,0.63,0.37,29,29,29,30,3,2,7.0,2.0,,1.0,3.44,-1.52,1.52,24.8,3.9921672025976136,5.8012543948181055,33.62096124319621,43.914819683743566,22.42926640250065
CH,2024-10-08,88.1,-3.29,5.33,"Ohtani, Shohei",660271,650633,single,hit_into_play,,,,,4.0,Shohei Ohtani singles on a line drive to center fielder Jackson Merrill. Miguel Rojas to 2nd.,D,L,R,SD,LAD,X,8.0,line_drive,1,1,2024,-1.5,0.39,-0.82,2.33,,,500743.0,0,3,Top,101.14,98.47,,,,,9.093541017425451,-128.12854463315264,-2.025692516338779,-18.33798222191708,24.495379180492375,-27.6849918266459,3.42,1.58,224.0,77.1,21.0,88.3,2173.0,6.3,775321,543309,650333,630105,592518,593428,595777,701538,665487,54.24,0.953,0.889,0.9,1.0,1.0,0.0,4.0,23,3,Changeup,6,1,1,6,1,6,1,6,Infield shade,Standard,242.0,-0.04,0.457,76.5,8.5,1.043,-0.457,88.0,5,-5,0.883,0.1169999999999999,29,29,29,30,2,1,7.0,2.0,,1.0,2.54,1.5,-1.5,23.6,18.068116391365592,-13.055935246249568,33.25090000301357,47.90025689601062,33.05987574330257
CU,2024-10-06,73.0,-1.52,5.68,"Ohtani, Shohei",660271,506433,field_out,hit_into_play,,,,,5.0,"Shohei Ohtani grounds out softly, pitcher Yu Darvish to first baseman Luis Arraez.",D,L,R,LAD,SD,X,1.0,ground_ball,3,2,2024,0.66,-1.17,-0.25,2.79,,,,0,6,Bot,123.11,187.04,,,,,1.4325348477239044,-106.2138269169442,3.625289640059029,4.716254992589568,19.193730580317425,-41.84974297051357,3.43,1.58,1.0,46.9,-77.0,73.4,2554.0,6.7,775322,543309,650333,630105,592518,593428,595777,701538,665487,53.8,0.168,0.2,0.0,1.0,0.0,0.0,1.0,44,6,Curveball,1,4,1,4,4,1,1,4,Infield shade,Standard,34.0,-0.035,-0.333,77.7,8.9,0.168,0.333,88.0,-3,-3,0.17,0.17,37,29,38,30,3,2,9.0,1.0,5.0,2.0,5.46,-0.66,0.66,48.6,38.174602798898704,-26.413287878493097,35.345653966725266,42.17640539407483,42.12312883675599
FS,2024-10-06,88.1,-2.02,5.64,"Ohtani, Shohei",660271,506433,field_out,hit_into_play,,,,,7.0,Shohei Ohtani grounds out to first baseman Luis Arraez.,D,L,R,LAD,SD,X,3.0,ground_ball,2,1,2024,-0.4,-0.28,-0.79,1.73,,,,1,3,Bot,150.04,169.63,,,,,3.845336238988686,-128.21944378786986,-2.7777502021997713,-5.310605662525975,29.74627629967183,-34.80753935315959,3.43,1.58,22.0,90.2,-3.0,88.2,1065.0,6.6,775322,543309,650333,630105,592518,593428,595777,701538,665487,53.91,0.237,0.228,0.0,1.0,0.0,0.0,2.0,23,4,Split-Finger,1,3,1,3,3,1,1,3,Infield shade,Standard,232.0,-0.022,-0.302,73.6,8.5,0.27,0.302,90.2,-2,-2,0.304,0.304,37,29,38,30,2,1,9.0,1.0,5.0,2.0,3.24,0.4,-0.4,39.9,17.324683742343716,-7.657684971783666,36.56242560535525,47.60930142973081,30.463417596219088
FF,2024-10-05,96.9,-1.06,5.96,"Ohtani, Shohei",660271,656302,home_run,hit_into_play,,,,,2.0,Shohei Ohtani homers (1) on a fly ball to right field. Will Smith scores. Gavin Lux scores.,D,L,R,LAD,SD,X,,fly_ball,2,1,2024,-0.21,1.44,0.06,3.44,,669257.0,666158.0,2,2,Bot,214.59,76.77,,,,,3.489730058472378,-141.10784992813518,-4.513768936297657,-3.6070911351662343,32.1091307399769,-12.04904891779209,3.43,1.58,372.0,111.8,25.0,97.4,2508.0,6.5,775323,543309,456781,630105,592518,593428,595777,701538,665487,53.99,0.99475,1.999125,2.0,1.0,0.0,3.0,6.0,20,4,4-Seam Fastball,0,3,0,3,3,3,3,3,Infield shade,Standard,193.0,0.26,1.637,78.9,7.5,3.936,-1.637,111.8,-3,-3,0.251,0.251,28,29,29,30,2,1,10.0,6.0,4.0,1.0,0.98,0.21,-0.21,53.1,16.463708921969914,0.8281530392167747,29.696082288692697,37.09924451686853,28.03152404964829
SI,2024-10-05,98.4,2.1,5.87,"Ohtani, Shohei",660271,670970,single,hit_into_play,,,,,12.0,Shohei Ohtani singles on a fly ball to center fielder Jackson Merrill. Tommy Edman to 3rd. Miguel Rojas to 2nd.,D,L,L,LAD,SD,X,8.0,fly_ball,3,2,2024,1.38,0.93,0.6,3.75,,669242.0,500743.0,1,4,Bot,115.22,103.57,,,,,-7.28669189354537,-143.09173621851951,-2.415602038950695,20.667140337138985,33.845689699375534,-19.05479801354514,3.43,1.58,217.0,67.8,28.0,98.6,2565.0,6.5,775323,543309,456781,630105,592518,593428,595777,701538,665487,54.02,0.95,0.882,0.9,1.0,1.0,0.0,4.0,39,6,Sinker,3,5,3,5,5,3,3,5,Infield shade,Standard,142.0,0.067,0.422,72.5,6.4,1.02,-0.422,88.0,-2,-2,0.378,0.378,25,29,25,30,1,2,8.0,6.0,4.0,1.0,1.43,1.38,1.38,45.6,5.236616108715336,14.23973687411105,26.687177053397207,33.22022064531956,20.791309387655353
FF,2024-10-05,99.4,-0.93,6.1,"Ohtani, Shohei",660271,656302,field_out,hit_into_play,,,,,12.0,Shohei Ohtani flies out to left fielder Jurickson Profar.,D,L,R,LAD,SD,X,7.0,fly_ball,2,2,2024,-0.49,1.45,0.18,3.65,,,,0,1,Bot,79.53,110.97,,,,,4.19769699107718,-144.73628341187973,-4.713486553149598,-7.903806255146512,34.277737740596855,-10.92123908273426,3.43,1.58,249.0,82.7,46.0,99.4,2522.0,6.3,775323,543309,456781,630105,592518,593428,595777,701538,665487,54.19,0.011,0.014,0.0,1.0,0.0,0.0,3.0,8,6,4-Seam Fastball,0,3,0,3,3,0,0,3,Infield shade,Standard,196.0,-0.019,-0.227,76.8,6.8,0.022,0.227,88.0,-3,-3,0.265,0.265,28,29,29,30,1,0,10.0,6.0,4.0,1.0,0.86,0.49,-0.49,52.9,7.075357204170458,6.209181442151572,26.51922513095352,36.01039992898587,21.81624600438719
FF,2024-09-29,94.3,-1.16,5.3,"Ohtani, Shohei",660271,663372,field_out,hit_into_play,,,,,14.0,"Shohei Ohtani grounds out, second baseman Aaron Schunk to first baseman Michael Toglia.",R,L,R,COL,LAD,X,4.0,ground_ball,0,1,2024,-0.24,0.89,1.1,1.89,,,,2,6,Top,150.91,147.58,,,,,6.462015324781805,-137.31787467217652,-5.318125135966747,-4.235634747622573,24.11416073566164,-19.90652755090123,3.45,1.59,17.0,98.5,-5.0,95.7,2396.0,6.6,746496,691011,669911,668845,641857,678662,687597,656541,595909,53.87,0.287,0.272,0.0,1.0,0.0,0.0,2.0,39,2,4-Seam Fastball,1,0,0,1,0,1,0,1,Infield shade,Strategic,214.0,0.014,-0.215,69.4,6.9,0.329,0.215,98.5,1,-1,0.726,0.274,27,29,28,30,3,2,5.0,1.0,,6.0,1.62,0.24,-0.24,39.5,-2.5468093583073768,10.902715933860216,48.87945319387851,24.567396183475033,19.201957902397
FF,2024-09-29,95.4,-1.37,5.58,"Ohtani, Shohei",660271,663372,field_out,hit_into_play,,,,,4.0,"Shohei Ohtani grounds out, shortstop Ezequiel Tovar to first baseman Michael Toglia.",R,L,R,COL,LAD,X,6.0,ground_ball,3,1,2024,-0.41,0.8,-0.81,2.35,,,,0,4,Top,117.58,148.79,,,,,2.408191922117902,-139.02996049741563,-4.806117588125022,-5.8328056452827735,25.692382631152704,-20.945729684755843,3.45,1.59,43.0,106.5,-2.0,96.5,2247.0,6.5,746496,691011,669911,668845,641857,678662,687597,656541,595909,54.03,0.463,0.423,0.0,1.0,0.0,0.0,4.0,21,5,4-Seam Fastball,1,0,0,1,0,1,0,1,Infield shade,Strategic,205.0,0.048,-0.418,68.5,7.9,0.496,0.418,106.5,1,-1,0.604,0.396,27,29,28,30,2,1,5.0,1.0,,6.0,1.66,0.41,-0.41,41.5,6.320973645698498,21.46060260760089,30.84344218933401,48.14780972041788,13.23541536323814
FF,2024-09-29,99.3,-2.56,4.87,"Ohtani, Shohei",660271,680767,single,hit_into_play,,,,,8.0,Shohei Ohtani singles on a sharp line drive to right fielder Jake Cave. Austin Barnes to 2nd.,R,L,R,COL,LAD,X,9.0,line_drive,1,1,2024,-0.48,0.95,0.15,1.66,,,605131.0,1,8,Top,191.58,90.16,,,,,8.665162552263851,-144.40654739252724,-5.699991646143283,-8.628379273247212,30.774714649598018,-17.6884223761348,3.45,1.59,247.0,110.8,14.0,100.8,2331.0,6.9,746496,691011,669911,668845,641857,678662,687597,656541,595909,53.57,0.734,0.814,0.9,1.0,1.0,0.0,6.0,56,3,4-Seam Fastball,1,1,1,1,1,1,1,1,Infield shade,Strategic,217.0,-0.073,0.416,79.6,8.5,1.204,-0.416,110.8,0,0,0.501,0.499,24,29,25,30,1,3,3.0,1.0,,6.0,1.35,0.48,-0.48,30.3,14.283955457134027,-6.938233175660885,42.371380855628686,36.14576489314827,25.084042310838814
CH,2024-09-29,85.4,-1.45,5.55,"Ohtani, Shohei",660271,663372,field_out,hit_into_play,,,,,13.0,"Shohei Ohtani grounds out, second baseman Aaron Schunk to first baseman Michael Toglia.",R,L,R,COL,LAD,X,4.0,ground_ball,2,2,2024,-0.25,0.39,-1.57,2.29,,,,0,1,Top,155.16,131.46,,,,,0.2060026076107446,-124.50470754141722,-2.310843865817791,-2.648568539904718,20.51636829844489,-27.823060081404833,3.45,1.59,134.0,77.3,11.0,86.2,1522.0,6.3,746496,691011,669911,668845,641857,678662,656541,453568,595909,54.22,0.403,0.362,0.0,1.0,0.0,0.0,4.0,1,5,Changeup,0,0,0,0,0,0,0,0,Infield shade,Standard,205.0,0.02,-0.227,51.2,8.2,0.437,0.227,88.0,0,0,0.502,0.498,27,29,28,30,1,0,5.0,1.0,,6.0,2.68,0.25,-0.25,45.7,15.248520916797249,-4.384611710252268,28.63646191886576,56.799841405053,22.627100959324892
SL,2024-09-28,89.8,-1.47,5.84,"Ohtani, Shohei",660271,683409,field_out,hit_into_play,,,,,3.0,Shohei Ohtani lines out sharply to right fielder Jake Cave.,R,L,R,COL,LAD,X,9.0,line_drive,1,2,2024,0.07,0.26,0.53,2.93,,,571771.0,2,7,Top,182.86,88.17,,,,,4.793753433734204,-130.83505657922265,-1.8686659652156732,-0.0707410773173365,24.021719297621587,-28.94929987144449,3.45,1.59,308.0,100.2,19.0,90.4,2229.0,6.3,746499,696100,669911,668845,641857,678662,666134,656541,595909,54.2,0.35,0.409,0.0,1.0,0.0,0.0,5.0,58,4,Slider,2,8,8,2,8,2,8,2,Infield shade,Standard,185.0,0.001,-0.197,75.7,7.2,0.629,0.197,100.2,-6,6,0.019,0.981,21,29,22,30,1,4,2.0,1.0,,1.0,2.53,-0.07,0.07,41.2,14.35184624492963,1.0731530869850223,35.33345412463486,32.339421944461215,26.167630391038912
SI,2024-09-28,95.2,-2.97,3.99,"Ohtani, Shohei",660271,664875,field_out,hit_into_play,,,,,14.0,"Shohei Ohtani grounds out, second baseman Aaron Schunk to first baseman Michael Toglia. Enrique Hernández to 3rd. Andy Pages to 2nd.",R,L,R,COL,LAD,X,4.0,ground_ball,1,1,2024,-0.88,-0.23,0.85,1.64,,571771.0,681624.0,0,9,Top,155.21,151.22,,,,,11.982506031610711,-138.37943778233014,-0.1005034763710898,-13.539772027752738,23.9725370588109,-35.37417658223753,3.45,1.59,4.0,96.9,-23.0,96.0,2409.0,6.3,746499,691011,669911,668845,641857,678662,666134,656541,595909,54.21,0.124,0.154,0.0,1.0,0.0,0.0,2.0,74,3,Sinker,2,9,9,2,9,2,9,2,Standard,Standard,255.0,0.0,-0.306,73.5,6.8,0.128,0.306,96.9,-7,7,0.001,0.999,29,29,30,30,1,5,1.0,1.0,,1.0,2.71,0.88,-0.88,-9.6,-7.57847782962801,16.103378712828007,48.807789913088584,27.79137883910792,15.515478658418838
SL,2024-09-28,87.4,-2.4,6.18,"Ohtani, Shohei",660271,622608,field_out,hit_into_play,,,,,7.0,"Shohei Ohtani grounds out, shortstop Ezequiel Tovar to first baseman Michael Toglia.",R,L,R,COL,LAD,X,6.0,ground_ball,0,0,2024,0.45,0.06,-0.42,1.64,,,,2,2,Top,125.43,168.6,,,,,3.8308128091773392,-127.32339716465984,-4.973707062573373,4.203536923067585,22.96748484975481,-30.811602017971403,3.45,1.59,36.0,80.5,0.0,87.3,2229.0,5.9,746499,696100,669911,668845,641857,678662,666134,656541,595909,54.63,0.189,0.18,0.0,1.0,0.0,0.0,2.0,14,1,Slider,1,3,3,1,3,1,3,1,Infield shade,Standard,152.0,0.008,-0.256,75.3,8.0,0.22,0.256,88.0,-2,2,0.333,0.667,29,29,29,30,2,1,6.0,1.0,,1.0,2.89,-0.45,0.45,46.1,11.185319034568405,4.364810960288973,42.41722729774639,42.44517051725467,27.45802848701755
FF,2024-09-28,95.6,-3.16,5.27,"Ohtani, Shohei",660271,676105,single,hit_into_play,,,,,8.0,Shohei Ohtani singles on a ground ball to right fielder Jake Cave.,R,L,R,COL,LAD,X,9.0,ground_ball,3,2,2024,-0.96,0.83,-0.27,1.92,,,,0,6,Top,178.24,94.85,,,,,9.784666090803048,-138.98868515807408,-5.171314646926004,-14.499084435983088,26.603014700256967,-20.44856763064468,3.45,1.59,76.0,108.2,3.0,96.3,2332.0,6.4,746499,696100,669911,668845,641857,678662,666134,656541,595909,54.09,0.561,0.506,0.9,1.0,1.0,0.0,4.0,46,6,4-Seam Fastball,2,8,8,2,8,2,8,2,Infield shade,Standard,233.0,-0.003,0.369,73.6,7.6,0.61,-0.369,108.2,-6,6,0.026,0.974,25,29,25,30,1,3,3.0,1.0,,1.0,1.64,0.96,-0.96,31.4,8.653384805985981,10.395498884839062,37.38754798906225,41.30435414741499,20.478151725035065
SL,2024-09-28,85.1,-2.44,6.1,"Ohtani, Shohei",660271,622608,single,hit_into_play,,,,,4.0,Shohei Ohtani singles on a sharp line drive to right fielder Jake Cave.,R,L,R,COL,LAD,X,9.0,line_drive,1,1,2024,0.05,0.6,-0.51,2.51,,,,0,1,Top,193.3,67.15,,,,,4.395228095788665,-123.97262152057336,-3.416712178271553,-0.2214703866692966,20.5293482487728,-25.47364189003667,3.45,1.59,365.0,111.3,18.0,85.2,2131.0,5.9,746499,696100,669911,668845,641857,678662,666134,656541,595909,54.57,0.6415714285714286,1.0592857142857142,0.9,1.0,1.0,0.0,6.0,1,3,Slider,0,0,0,0,0,0,0,0,Infield shade,Standard,189.0,-0.037,0.46,79.0,8.0,1.9415,-0.46,111.3,0,0,0.501,0.499,29,29,29,30,1,0,6.0,1.0,,1.0,2.49,-0.05,0.05,39.4,15.288845182581088,-1.1727138609065888,35.012741193721695,43.103500493099645,31.30558836724272
FS,2024-09-27,86.3,-1.59,6.13,"Ohtani, Shohei",660271,615698,single,hit_into_play,,,,,4.0,Shohei Ohtani singles on a ground ball to right fielder Jake Cave. Andy Pages scores. Chris Taylor to 3rd.,R,L,R,COL,LAD,X,9.0,ground_ball,2,1,2024,-0.91,0.7,-0.75,2.42,,681624.0,621035.0,1,2,Top,167.05,115.46,,,,,3.907054658914091,-125.69049762137983,-4.145013046366679,-10.468691909609218,22.40123521590616,-24.12457638918852,3.46,1.6,13.0,96.7,-10.0,87.6,1431.0,6.8,746494,607732,669911,663898,641857,678662,666134,686668,595909,53.69,0.216,0.216,0.9,1.0,1.0,0.0,2.0,15,4,Split-Finger,1,3,3,1,4,1,4,1,Standard,Standard,230.0,-0.087,0.462,71.9,8.4,0.267,-0.462,96.7,-2,2,0.268,0.732,29,29,29,30,2,1,6.0,1.0,,1.0,2.32,0.91,-0.91,44.0,14.050322071650417,-2.2369184702165947,29.68309189079767,47.11424307185148,25.64630406047698
CH,2024-09-27,86.5,-1.64,6.26,"Ohtani, Shohei",660271,683627,home_run,hit_into_play,,,,,2.0,Shohei Ohtani homers (54) on a fly ball to right field. Chris Taylor scores. Austin Barnes scores.,R,L,R,COL,LAD,X,,fly_ball,3,2,2024,-0.97,0.49,0.14,3.32,621035.0,605131.0,,0,6,Top,228.3,54.08,,,,,6.202692962081472,-126.02183326440895,-1.870999422346963,-11.552368046475864,22.325607376123617,-26.745466136645977,3.46,1.6,436.0,103.4,34.0,86.8,1696.0,6.1,746494,607732,669911,663898,641857,678662,666134,686668,595909,54.39,0.5684722222222223,2.0,2.0,1.0,0.0,3.0,6.0,50,6,Changeup,2,6,6,2,9,2,9,2,Infield shade,Standard,227.0,-0.027,0.87,77.1,7.5,2.220916666666667,-0.87,103.4,-4,4,0.042,0.958,22,29,22,30,2,3,9.0,1.0,,1.0,2.52,0.97,-0.97,49.3,14.853291030402142,-8.233013870122388,32.03667566677859,36.40052943184945,31.450636577049796
CU,2024-09-27,83.3,-1.89,6.27,"Ohtani, Shohei",660271,683627,single,hit_into_play,,,,,9.0,Shohei Ohtani singles on a sharp line drive to right fielder Jake Cave. Austin Barnes to 2nd.,R,L,R,COL,LAD,X,9.0,line_drive,2,1,2024,0.28,-0.17,0.5,1.77,,,605131.0,1,4,Top,183.04,84.37,,,,,4.942892634163557,-121.31233985375172,-3.673838246648886,1.946214302376317,20.358189225003976,-33.39851735749781,3.46,1.6,217.0,111.8,13.0,83.7,2286.0,6.2,746494,607732,669911,663898,641857,678662,666134,686668,595909,54.29,0.789,0.855,0.9,1.0,1.0,0.0,6.0,30,4,Curveball,1,6,6,1,6,1,6,1,Infield shade,Standard,85.0,-0.009,0.37,80.4,7.9,1.236,-0.37,111.8,-5,5,0.078,0.922,22,29,22,30,1,2,9.0,1.0,,1.0,3.41,-0.28,0.28,50.9,13.139834622100826,-3.9628578295042263,47.60558191380617,32.65551521551542,28.27669273873768
FF,2024-09-27,94.7,-1.44,6.41,"Ohtani, Shohei",660271,615698,field_out,hit_into_play,,,,,1.0,"Shohei Ohtani grounds out sharply, shortstop Ezequiel Tovar to first baseman Michael Toglia.",R,L,R,COL,LAD,X,6.0,ground_ball,0,0,2024,-0.65,0.82,-0.52,3.37,,,,0,1,Top,114.63,126.02,,,,,3.839370261842189,-137.94491585945474,-4.180737358813912,-9.074136124263005,28.421356810731552,-20.933918632820003,3.46,1.6,8.0,101.9,-22.0,95.4,2257.0,6.5,746494,607732,669911,663898,641857,678662,666134,686668,595909,54.04,0.176,0.168,0.0,1.0,0.0,0.0,2.0,1,1,4-Seam Fastball,0,0,0,0,0,0,0,0,Infield shade,Standard,217.0,0.022,-0.254,70.9,6.7,0.202,0.254,101.9,0,0,0.5,0.5,29,29,29,30,1,0,6.0,1.0,,1.0,1.7,0.65,-0.65,46.7,0.1992236594690988,27.793438760271737,25.261471515833215,44.4265755025783,10.5943680992102
FF,2024-09-27,95.1,2.29,5.21,"Ohtani, Shohei",660271,678821,double,hit_into_play,,,,,8.0,Shohei Ohtani doubles (38) on a sharp ground ball to left fielder Nolan Jones.,R,L,L,COL,LAD,X,7.0,ground_ball,0,0,2024,0.78,1.11,-0.21,2.0,,,,0,8,Top,84.56,58.24,,,,,-8.293533304825125,-138.37943879102394,-5.3215334295994,11.69293854020958,26.34160557875636,-16.852713361487343,3.46,1.6,142.0,102.7,7.0,95.6,2129.0,6.2,746494,607732,669911,663898,641857,678662,666134,687597,595909,54.27,0.666,0.624,1.25,1.0,1.0,1.0,4.0,68,1,4-Seam Fastball,3,10,10,3,10,3,10,3,Infield shade,Standard,136.0,-0.001,0.693,75.1,7.6,0.753,-0.693,102.7,-7,7,0.004,0.996,23,29,23,30,1,4,5.0,1.0,2.0,1.0,1.38,0.78,0.78,29.7,1.3876403930310717,6.868181258566103,38.26330387992854,44.08915918324891,17.142837624134856
CU,2024-09-26,82.2,-1.17,6.46,"Ohtani, Shohei",660271,605397,single,hit_into_play,,,,,5.0,Shohei Ohtani singles on a sharp ground ball to right fielder Fernando Tatis Jr.,R,L,R,LAD,SD,X,9.0,ground_ball,1,1,2024,0.79,-1.26,-0.17,2.46,,,,0,6,Bot,162.12,144.95,,,,,0.731239353105823,-119.63703227136392,-0.0475573396091935,7.394613340849284,24.536202886957337,-44.3968988551179,3.48,1.61,89.0,102.8,5.0,81.7,2922.0,6.1,746088,543309,650333,630105,592518,593428,595777,701538,665487,54.41,0.608,0.55,0.9,1.0,1.0,0.0,4.0,44,3,Curveball,0,2,0,2,2,0,0,2,Infield shade,Standard,34.0,0.062,0.46,81.8,8.3,0.662,-0.46,102.8,-2,-2,0.258,0.258,31,29,32,30,3,2,6.0,1.0,6.0,1.0,4.65,-0.79,0.79,41.7,17.234013694493605,-5.2440327465522065,36.19921518335227,39.24384161278968,25.950572719070564
CU,2024-09-26,83.2,-1.09,6.46,"Ohtani, Shohei",660271,605397,field_out,hit_into_play,,,,,13.0,Shohei Ohtani grounds out to first baseman Luis Arraez.,R,L,R,LAD,SD,X,3.0,ground_ball,0,2,2024,0.94,-1.31,-0.85,2.38,,,,2,3,Bot,158.67,168.08,,,,,-1.2895588614097555,-121.12240388078564,-0.2349445110261361,9.44691834944462,27.632427607390625,-45.09526756215868,3.48,1.61,3.0,82.7,-35.0,82.1,3012.0,5.9,746088,543309,650333,630105,592518,593428,595777,701538,665487,54.59,0.061,0.056,0.0,1.0,0.0,0.0,2.0,22,3,Curveball,0,0,0,0,0,0,0,0,Infield shade,Standard,35.0,-0.008,-0.157,70.6,8.3,0.065,0.157,88.0,0,0,0.508,0.508,31,29,32,30,2,1,6.0,1.0,6.0,1.0,4.65,-0.94,0.94,44.4,15.109398992456674,-4.183032561457065,32.16123742333025,47.1131676051631,23.05225313236581
SL,2024-09-26,86.4,2.42,5.31,"Ohtani, Shohei",660271,656945,single,hit_into_play,,,,,1.0,"Shohei Ohtani singles on a ground ball to right fielder Fernando Tatis Jr. Enrique Hernández scores. Andy Pages to 3rd. Shohei Ohtani to 2nd. Shohei Ohtani advances to 2nd, on a throwing error by right fielder Fernando Tatis Jr.",R,L,L,LAD,SD,X,9.0,ground_ball,1,0,2024,-0.7,-0.09,-0.75,3.04,,571771.0,681624.0,1,7,Bot,187.74,93.58,,,,,-6.144191410030552,-125.89345603271748,0.9117972331322446,-6.481523688938317,22.054292782471514,-33.443945574233474,3.48,1.61,19.0,88.3,-8.0,87.1,2732.0,6.4,746088,543309,650333,630105,592518,593428,595777,701538,665487,54.14,0.171,0.164,0.9,1.0,1.0,0.0,2.0,56,2,Slider,2,2,2,2,2,3,3,2,Standard,Standard,274.0,0.204,0.45,74.2,8.0,0.211,-0.45,88.3,0,0,0.657,0.657,29,29,30,30,1,3,2.0,1.0,6.0,1.0,3.1,-0.7,-0.7,36.7,14.296295803765965,-8.098106603625702,27.21508824220848,48.96435296377257,30.418957008891685
FF,2024-09-26,94.8,-1.31,6.37,"Ohtani, Shohei",660271,605397,field_out,hit_into_play,,,,,11.0,"Shohei Ohtani grounds out, shortstop Xander Bogaerts to first baseman Luis Arraez.",R,L,R,LAD,SD,X,6.0,ground_ball,1,2,2024,-0.33,0.73,-0.15,3.69,,,,0,1,Bot,121.72,145.67,,,,,3.742909104462899,-138.10292438393483,-3.012283520009619,-5.061327843640724,27.54177270161904,-22.334564598631548,3.48,1.61,138.0,89.7,8.0,94.6,2805.0,5.9,746088,543309,650333,630105,592518,593428,595777,701538,665487,54.65,0.529,0.502,0.0,1.0,0.0,0.0,4.0,6,4,4-Seam Fastball,0,0,0,0,0,0,0,0,Infield shade,Standard,208.0,-0.016,-0.186,72.6,6.6,0.618,0.186,89.7,0,0,0.542,0.542,31,29,32,30,1,0,6.0,1.0,6.0,1.0,1.78,0.33,-0.33,34.1,4.483817921960898,16.521304380871506,25.44428041899308,38.55728558281548,17.134789124854144
SL,2024-09-26,85.9,2.04,5.97,"Ohtani, Shohei",660271,673513,double,hit_into_play,,,,,7.0,Shohei Ohtani doubles (37) on a fly ball to left fielder Jurickson Profar.,R,L,L,LAD,SD,X,7.0,fly_ball,0,1,2024,-0.6,0.33,-0.57,1.77,,,,2,8,Bot,93.75,113.83,,,,,-4.964611816706259,-124.99488916929296,-4.371961743384407,-5.305915976124923,24.198554694724905,-28.03853092916152,3.48,1.61,229.0,78.0,43.0,85.7,2730.0,6.1,746088,543309,650333,630105,592518,593428,595777,701538,665487,54.45,0.05,0.046,1.25,1.0,1.0,1.0,3.0,69,2,Slider,7,2,7,2,2,7,7,2,Infield shade,Standard,198.0,0.001,0.655,76.6,8.5,0.066,-0.655,88.0,5,5,0.994,0.994,28,29,29,30,1,4,19.0,1.0,2.0,1.0,2.75,-0.6,-0.6,60.5,15.550372974949177,-9.861783180551178,40.27549346041708,46.12167714325403,27.4360193574858
SL,2024-09-25,89.7,-1.45,5.83,"Ohtani, Shohei",660271,656302,double,hit_into_play,,,,,5.0,Shohei Ohtani doubles (36) on a sharp line drive to right fielder Fernando Tatis Jr. Gavin Lux scores. Miguel Rojas to 3rd.,R,L,R,LAD,SD,X,9.0,line_drive,0,0,2024,0.37,0.21,0.12,2.67,,666158.0,500743.0,2,4,Bot,216.89,83.06,,,,,3.116417121637167,-130.7909616578067,-2.377721035642311,3.680214453804491,24.386737902420226,-29.433639026782053,3.46,1.59,362.0,116.8,21.0,90.2,2745.0,6.3,746095,553869,456781,630105,592518,593428,595777,701538,665487,54.24,0.961,1.831,1.25,1.0,1.0,1.0,6.0,36,1,Slider,2,2,2,2,2,3,3,2,Strategic,Standard,119.0,0.14,0.976,81.6,8.1,3.534,-0.976,116.8,0,0,0.553,0.553,28,29,29,30,3,2,7.0,1.0,10.0,1.0,2.58,-0.37,0.37,44.5,15.465932678065078,-7.72128258662728,35.66622912313687,37.4887281550925,32.28291312903311
SI,2024-09-25,96.1,2.07,5.86,"Ohtani, Shohei",660271,670970,single,hit_into_play,,,,,1.0,Shohei Ohtani singles on a ground ball to center fielder Jackson Merrill. Will Smith scores. Tommy Edman to 3rd.,R,L,L,LAD,SD,X,8.0,ground_ball,2,2,2024,1.24,1.05,-0.41,3.16,,669257.0,669242.0,2,6,Bot,135.79,90.24,,,,,-9.376044512327896,-139.67983404258314,-3.9517382777193295,18.31063513871086,31.204216697704187,-17.73171692892631,3.46,1.59,63.0,108.6,1.0,96.4,2395.0,6.5,746095,553869,456781,630105,592518,593428,595777,701538,665487,54.0,0.505,0.455,0.9,1.0,1.0,0.0,4.0,53,5,Sinker,3,3,3,3,3,4,4,3,Infield shade,Standard,143.0,0.181,0.639,71.9,7.3,0.517,-0.639,108.6,0,0,0.559,0.559,25,29,25,30,1,3,1.0,1.0,2.0,1.0,1.42,1.24,1.24,42.8,5.665859913609598,7.456089717017723,27.79899456924186,45.21327871354616,22.823825141636725
SL,2024-09-24,84.8,-3.13,5.43,"Ohtani, Shohei",660271,650633,field_out,hit_into_play,,,,,9.0,Shohei Ohtani flies out to left fielder Jurickson Profar.,R,L,R,LAD,SD,X,7.0,fly_ball,2,1,2024,0.3,-0.03,0.51,1.64,,,,1,5,Bot,82.07,109.3,,,,,7.874446971078057,-123.37255282550316,-2.497792834321862,1.5827790792948049,23.025989103450964,-32.15292035309954,3.46,1.59,249.0,78.6,35.0,84.6,2468.0,6.0,746093,543309,456781,630105,592518,593428,595777,701538,665487,54.49,0.058,0.064,0.0,1.0,0.0,0.0,3.0,41,4,Slider,1,4,1,4,4,1,1,4,Infield shade,Strategic,106.0,-0.02,-0.302,76.6,8.2,0.092,0.302,88.0,-3,-3,0.168,0.168,29,29,29,30,3,2,7.0,2.0,7.0,1.0,3.18,-0.3,0.3,30.4,23.88311929981522,-12.431745165762702,48.46970774834323,32.22780050267384,35.63721579669988
FF,2024-09-24,93.7,-3.15,5.59,"Ohtani, Shohei",660271,650633,double,hit_into_play,,,,,3.0,Shohei Ohtani hits a ground-rule double (35) on a line drive down the right-field line.,R,L,R,LAD,SD,X,,line_drive,0,0,2024,-0.3,1.16,0.44,3.15,,,,0,1,Bot,214.53,114.58,,,,,9.892714898328606,-136.23054859245295,-3.1813422796429287,-5.703007095115498,27.06584159868863,-17.17354720541182,3.46,1.59,301.0,110.4,21.0,93.7,2299.0,6.1,746093,543309,456781,630105,592518,593428,595777,701538,665487,54.4,0.8739310344827588,1.6318275862068965,1.25,1.0,1.0,1.0,6.0,4,1,4-Seam Fastball,0,0,0,0,0,0,0,0,Infield shade,Strategic,214.0,0.059,0.693,79.8,7.7,3.1370689655172423,-0.693,110.4,0,0,0.548,0.548,29,29,29,30,1,0,7.0,2.0,7.0,1.0,1.42,0.3,-0.3,34.2,22.66543748133353,-1.6261976118767127,34.641184671458554,32.55557318572758,29.1382286943285
CH,2024-09-22,88.0,-2.4,5.72,"Ohtani, Shohei",660271,622608,field_out,hit_into_play,,,,,6.0,Shohei Ohtani grounds out to first baseman Michael Toglia.,R,L,R,LAD,COL,X,3.0,ground_ball,1,0,2024,-0.54,0.39,0.45,2.17,,,,2,5,Bot,159.05,162.33,,,,,8.035199489355852,-128.1319062905655,-3.453575973601082,-7.417514520871722,21.393439964785383,-27.35715368370615,3.42,1.58,33.0,99.1,-2.0,88.7,2108.0,6.3,746092,696100,669911,663898,641857,678662,666134,656541,595909,54.22,0.355,0.336,0.0,1.0,0.0,0.0,2.0,43,2,Changeup,1,4,1,4,4,1,1,4,Infield shade,Standard,203.0,-0.012,-0.295,78.8,7.8,0.407,0.295,99.1,-3,-3,0.149,0.149,29,29,29,30,3,2,6.0,1.0,6.0,2.0,2.5,0.54,-0.54,42.3,9.220611719939754,0.0029849635473582,40.80427920976624,31.87930711601997,29.400999342344697
FF,2024-09-22,96.4,-1.98,6.25,"Ohtani, Shohei",660271,622608,single,hit_into_play,,,,,7.0,Shohei Ohtani singles on a sharp ground ball to right fielder Jake Cave. Enrique Hernández to 3rd.,R,L,R,LAD,COL,X,9.0,ground_ball,3,2,2024,-0.41,1.07,-0.3,2.04,,,571771.0,1,3,Bot,174.12,113.93,,,,,5.374180434217969,-140.22328188997125,-8.089852534599084,-6.473588584782096,28.32753287062691,-16.463928411014045,3.42,1.58,9.0,105.9,-12.0,96.7,2176.0,6.2,746092,696100,669911,663898,641857,678662,666134,656541,595909,54.27,0.292,0.275,0.9,1.0,1.0,0.0,2.0,27,6,4-Seam Fastball,0,4,0,4,4,0,0,4,Infield shade,Standard,211.0,0.049,0.35,76.3,7.8,0.297,-0.35,105.9,-4,-4,0.171,0.171,29,29,29,30,2,1,6.0,1.0,6.0,2.0,1.36,0.41,-0.41,56.9,6.797194981069339,7.742113013945884,36.42398118053848,41.93184675592975,18.854075801053867
CH,2024-09-22,85.4,-1.33,5.6,"Ohtani, Shohei",660271,677955,single,hit_into_play,,,,,7.0,Shohei Ohtani singles on a ground ball to right fielder Jake Cave.,R,L,R,LAD,COL,X,9.0,ground_ball,0,0,2024,-1.31,-0.19,-0.59,1.81,,,,1,7,Bot,183.64,114.73,,,,,4.3987845998729975,-124.36809876693763,-2.315858834528255,-14.45404934461268,22.765650890537433,-33.8846707623432,3.42,1.58,29.0,88.2,-1.0,86.1,1590.0,6.5,746092,696100,669911,663898,641857,678662,666134,656541,595909,53.97,0.268,0.257,0.9,1.0,1.0,0.0,2.0,62,1,Changeup,3,5,3,5,5,3,3,5,Infield shade,Standard,264.0,0.047,0.422,69.2,8.5,0.301,-0.422,88.2,-2,-2,0.181,0.181,24,29,25,30,1,3,2.0,1.0,3.0,2.0,3.28,1.31,-1.31,23.5,15.587181403007172,-12.667464552535376,35.507933618621195,44.54090509654502,29.76200283436167
FF,2024-09-22,96.1,-1.86,6.36,"Ohtani, Shohei",660271,622608,single,hit_into_play,,,,,4.0,Shohei Ohtani singles on a line drive to left fielder Nolan Jones.,R,L,R,LAD,COL,X,7.0,line_drive,3,2,2024,-0.07,0.86,-0.32,2.77,,,,0,1,Bot,65.81,97.94,,,,,4.2345197995721735,-139.9333800622268,-5.897324916166454,-1.7699479366940518,29.0515439983507,-19.821306203906715,3.42,1.58,255.0,91.4,17.0,96.1,2115.0,6.1,746092,696100,669911,663898,641857,678662,666134,656541,595909,54.41,0.711,0.675,0.9,1.0,1.0,0.0,4.0,9,7,4-Seam Fastball,0,3,0,3,3,0,0,3,Infield shade,Standard,207.0,0.031,0.369,75.6,7.1,0.858,-0.369,91.4,-3,-3,0.272,0.272,29,29,29,30,1,0,6.0,1.0,6.0,2.0,1.59,0.07,-0.07,53.6,-1.9372431440245867,17.982974622423143,32.27331469764614,41.050705865023744,15.464362098250673
FS,2024-09-22,88.7,-2.85,5.43,"Ohtani, Shohei",660271,678020,home_run,hit_into_play,,,,,8.0,Shohei Ohtani homers (53) on a line drive to center field.,R,L,R,LAD,COL,X,,line_drive,2,1,2024,-1.13,0.23,-0.18,2.02,,,,0,9,Bot,163.06,27.87,,,,,8.99923588504768,-128.9891754813457,-2.8442187983463465,-14.374319110174728,23.64777696840185,-29.230724039539982,3.42,1.58,432.0,114.7,20.0,90.0,1627.0,6.9,746092,607732,669911,663898,641857,678662,666134,656541,595909,53.64,0.9235,2.0,2.0,1.0,0.0,3.0,6.0,77,4,Split-Finger,4,5,4,5,5,5,5,5,Infield shade,Standard,240.0,0.422,1.073,80.9,7.8,3.3055,-1.073,114.7,-1,-1,0.217,0.217,24,29,24,30,1,4,1.0,1.0,4.0,2.0,2.64,1.13,-1.13,32.4,7.73831505643806,2.271822319698155,40.021388527194766,39.789944224148,27.9647552194058
FF,2024-09-21,93.8,-1.28,6.32,"Ohtani, Shohei",660271,615698,field_out,hit_into_play,,,,,11.0,"Shohei Ohtani grounds out sharply, third baseman Ryan McMahon to first baseman Michael Toglia.",R,L,R,LAD,COL,X,5.0,ground_ball,2,2,2024,-0.8,1.37,-0.63,3.85,,,,0,1,Bot,104.98,159.16,,,,,3.447605127929509,-136.63780729941465,-3.750249359622644,-10.792665772586911,27.669831230082636,-14.33001215945368,3.38,1.56,94.0,102.4,3.0,94.5,2120.0,6.5,746096,607732,669911,663898,641857,678662,666134,656541,595909,54.02,0.571,0.549,0.0,1.0,0.0,0.0,4.0,7,5,4-Seam Fastball,0,1,0,1,1,0,0,1,Infield shade,Standard,217.0,-0.022,-0.227,,,0.659,0.227,102.4,-1,-1,0.446,0.446,29,29,29,30,1,0,6.0,1.0,6.0,1.0,1.2,0.8,-0.8,45.8,,,,,
FF,2024-09-21,98.4,-2.37,5.76,"Ohtani, Shohei",660271,678020,single,hit_into_play,,,,,13.0,Shohei Ohtani singles on a line drive to center fielder Sam Hilliard.,R,L,R,LAD,COL,X,8.0,line_drive,0,0,2024,-0.77,1.07,-1.09,2.44,,,,0,9,Bot,100.95,69.81,,,,,5.305168773564974,-143.19820172480598,-6.130418892822127,-11.78209124951089,30.548682227598427,-16.198868935857067,3.38,1.56,308.0,87.0,24.0,99.7,2129.0,6.8,746096,607732,669911,663898,641857,678662,666134,656541,595909,53.68,0.137,0.148,0.9,1.0,1.0,0.0,3.0,75,1,4-Seam Fastball,3,6,3,6,6,3,3,6,Infield shade,Standard,217.0,0.049,0.448,69.1,8.0,0.224,-0.448,88.0,-3,-3,0.043,0.043,24,29,24,30,1,4,5.0,1.0,1.0,1.0,1.27,0.77,-0.77,45.7,9.565140434961664,4.742690788444347,31.017557676365648,51.197317998365534,18.921093233345367
FF,2024-09-20,92.1,2.38,5.76,"Ohtani, Shohei",660271,607536,home_run,hit_into_play,,,,,12.0,Shohei Ohtani homers (52) on a fly ball to center field. Max Muncy scores.,R,L,L,LAD,COL,X,,fly_ball,3,2,2024,0.49,1.21,0.26,3.86,,571970.0,,2,5,Bot,114.72,27.31,,,,,-6.48392739686474,-133.9736567349693,-1.6501128143238408,7.338163073116199,28.93820218018416,-17.416950905087013,3.38,1.56,423.0,110.1,27.0,92.6,2280.0,6.6,746094,696100,669911,663898,641857,678662,687597,656541,595909,53.91,0.9737333333333332,1.9668,2.0,1.0,0.0,3.0,6.0,40,6,4-Seam Fastball,1,2,1,2,2,3,3,2,Standard,Standard,143.0,0.278,1.593,75.8,6.6,3.877666666666666,-1.593,110.1,-1,-1,0.393,0.393,31,29,31,30,3,2,6.0,1.0,6.0,1.0,1.48,0.49,0.49,29.1,10.004178835406734,5.663058090862937,25.725770911897406,36.94321337598286,23.149355411251065
FC,2024-09-20,87.3,2.47,5.66,"Ohtani, Shohei",660271,607536,single,hit_into_play,,,,,7.0,Shohei Ohtani singles on a ground ball to center fielder Sam Hilliard.,R,L,L,LAD,COL,X,8.0,ground_ball,3,2,2024,-0.02,0.28,-0.29,1.65,,,,2,3,Bot,141.57,97.1,,,,,-6.639664179329774,-127.02289339913465,-4.095860365712044,1.1211712898384256,26.1931774777765,-28.46022261676506,3.38,1.56,135.0,87.6,9.0,87.8,2295.0,6.6,746094,696100,669911,663898,641857,678662,687597,656541,595909,53.88,0.529,0.476,0.9,1.0,1.0,0.0,4.0,23,6,Cutter,0,1,0,1,1,0,0,1,Infield shade,Standard,151.0,0.012,0.263,85.1,8.2,0.569,-0.263,88.0,-1,-1,0.392,0.392,31,29,31,30,2,1,6.0,1.0,6.0,1.0,2.71,-0.02,-0.02,26.2,10.294754175468398,-9.859812817133758,42.7418065116501,43.618367071835635,27.835388514607956
CH,2024-09-20,85.8,-1.25,5.65,"Ohtani, Shohei",660271,677955,single,hit_into_play,,,,,4.0,Shohei Ohtani singles on a ground ball to first baseman Michael Toglia. Tommy Edman to 3rd.,R,L,R,LAD,COL,X,3.0,ground_ball,2,2,2024,-1.22,0.03,-0.57,2.28,,669242.0,,1,7,Bot,161.34,168.36,,,,,4.078117707133604,-124.92864924435776,-1.7783527619981965,-13.552508037916777,24.659053530741375,-31.76735981654969,3.38,1.56,38.0,92.3,-1.0,86.3,1713.0,6.5,746094,696100,669911,663898,641857,678662,687597,656541,595909,53.99,0.334,0.316,0.9,1.0,1.0,0.0,2.0,56,5,Changeup,4,3,4,3,3,4,4,3,Standard,Standard,260.0,0.043,0.615,67.1,8.4,0.368,-0.615,92.3,1,1,0.804,0.804,24,29,25,30,1,3,3.0,1.0,2.0,1.0,3.06,1.22,-1.22,22.7,18.876061237342952,-12.581455682366329,32.194632964967184,45.21787405859976,34.28283077015821
CH,2024-09-19,93.5,-1.24,6.13,"Ohtani, Shohei",660271,665795,single,hit_into_play,,,,,8.0,Shohei Ohtani singles on a line drive to right fielder Griffin Conine. Max Muncy scores. Gavin Lux to 3rd.,R,L,R,MIA,LAD,X,9.0,line_drive,1,0,2024,-1.45,0.53,-0.27,2.05,,571970.0,666158.0,2,2,Top,184.02,104.68,,,,,5.767502543828114,-135.9664664504627,-5.953574099546273,-19.260275656053697,31.98171885644265,-24.45553543858384,3.41,1.58,183.0,97.1,12.0,94.1,1720.0,6.9,746011,663743,669394,672640,681393,669364,660821,669065,665052,53.64,0.942,0.898,0.9,1.0,1.0,0.0,4.0,13,2,Changeup,0,1,1,0,2,0,2,0,Standard,Standard,228.0,-0.097,0.537,78.3,8.2,1.101,-0.537,97.1,-1,1,0.399,0.601,26,29,26,30,2,1,6.0,1.0,6.0,1.0,2.1,1.45,-1.45,40.9,14.82500189689964,-5.79355664157397,37.52692532147723,41.71846707833776,31.18492776552911
SL,2024-09-19,85.4,-1.96,4.93,"Ohtani, Shohei",660271,666277,home_run,hit_into_play,,,,,8.0,Shohei Ohtani homers (49) on a fly ball to right center field. Andy Pages scores.,R,L,R,MIA,LAD,X,,fly_ball,0,1,2024,0.46,0.14,0.22,1.9,,681624.0,,1,6,Top,203.23,38.75,,,,,4.217456592835522,-124.37885938475574,-1.104896793231472,3.930673112867171,25.53341942860636,-30.76069551188413,3.41,1.58,438.0,111.2,36.0,85.3,2908.0,6.2,746011,663743,669394,672640,681393,669364,660821,669065,665052,54.26,0.913,2.0,2.0,1.0,0.0,3.0,6.0,49,2,Slider,3,7,7,3,9,3,9,3,Standard,Standard,50.0,-0.048,1.326,77.7,8.4,3.667333333333333,-1.326,111.2,-4,4,0.077,0.923,25,29,25,30,1,3,5.0,1.0,,1.0,2.99,-0.46,0.46,15.0,16.42612901850493,-15.378194122255856,44.10411807247301,35.45850302850211,34.69132968700249
KC,2024-09-19,89.1,-2.01,5.95,"Ohtani, Shohei",660271,657508,home_run,hit_into_play,,,,,4.0,Shohei Ohtani homers (50) on a fly ball to left field. Andy Pages scores.,R,L,R,MIA,LAD,X,,fly_ball,1,2,2024,0.03,-0.78,-0.38,2.24,681624.0,,,2,7,Top,36.95,67.57,,,,,3.96961740582066,-129.66691267043225,-1.3958979718914617,-0.511343533675774,28.44586332289354,-40.91187138976478,3.41,1.58,391.0,109.7,27.0,89.4,2497.0,6.6,746011,663743,669394,672640,681393,669364,660821,669065,665052,53.95,0.9737333333333332,1.9668,2.0,1.0,0.0,3.0,6.0,62,4,Knuckle Curve,3,12,12,3,14,3,14,3,Strategic,Standard,25.0,-0.001,1.531,80.4,7.9,3.877666666666666,-1.531,109.7,-9,9,0.002,0.998,28,29,29,30,1,4,1.0,1.0,3.0,1.0,3.67,-0.03,0.03,45.5,8.353733915703804,12.194450165379097,36.96998220041844,41.325774292010806,19.81953233900297
FA,2024-09-19,68.3,-1.95,6.09,"Ohtani, Shohei",660271,660644,home_run,hit_into_play,,,,,2.0,Shohei Ohtani homers (51) on a fly ball to right center field. Max Muncy scores. Chris Taylor scores.,R,L,R,MIA,LAD,X,,fly_ball,2,0,2024,-0.18,1.33,-0.22,3.19,,571970.0,621035.0,2,9,Top,212.53,42.16,,,,,3.4419551796962597,-99.41130141219128,0.2331909561265346,-1.741891886678354,15.91562006064086,-23.60262505570309,3.41,1.58,440.0,113.6,36.0,66.5,1538.0,4.8,746011,663743,640902,672640,681393,691594,656537,665506,660821,55.71,0.9455,2.0,2.0,1.0,0.0,3.0,6.0,80,3,Other,3,14,14,3,17,3,17,3,Infield shade,Strategic,212.0,0.0,1.594,83.1,8.1,3.792,-1.594,113.6,-11,11,0.001,0.999,26,29,26,30,1,5,26.0,1.0,,1.0,3.55,0.18,-0.18,35.6,23.159278301356387,-13.114307573259602,31.180982781345577,40.82898124267984,35.755645752898246
FF,2024-09-19,95.2,1.85,6.05,"Ohtani, Shohei",660271,685107,double,hit_into_play,,,,,3.0,"Shohei Ohtani doubles (34) on a sharp line drive to center fielder Kyle Stowers. Gavin Lux scores. Andy Pages scores. Shohei Ohtani out at 3rd on the throw, center fielder Kyle Stowers to shortstop Xavier Edwards to third baseman Connor Norby.",R,L,L,MIA,LAD,X,8.0,line_drive,3,2,2024,0.9,1.01,0.4,3.02,666158.0,,681624.0,2,3,Top,75.4,85.45,,,,,-5.8275504994125695,-138.3830768824775,-4.517231863780725,12.956672853934167,33.22003591518184,-18.35817517938183,3.41,1.58,266.0,105.1,15.0,94.9,2017.0,6.3,746011,663743,669394,672640,681393,669364,660821,669065,665052,54.18,0.653,0.713,1.25,1.0,1.0,1.0,5.0,27,6,4-Seam Fastball,1,5,5,1,7,1,7,1,Standard,Standard,130.0,-0.068,0.872,74.9,6.6,1.016,-0.872,105.1,-4,4,0.14,0.86,26,29,27,30,1,2,2.0,1.0,2.0,1.0,1.52,0.9,0.9,33.2,5.007954107507848,20.437332783192335,31.38317994883079,35.21925962249307,18.651226141441896
CH,2024-09-19,94.8,-1.32,6.14,"Ohtani, Shohei",660271,665795,double,hit_into_play,,,,,5.0,Shohei Ohtani doubles (33) on a sharp line drive to right fielder Griffin Conine.,R,L,R,MIA,LAD,X,9.0,line_drive,2,2,2024,-1.44,0.6,0.1,2.4,,,,0,1,Top,169.07,44.64,,,,,6.995573977257538,-137.79745172256074,-5.490106374079593,-19.92067791949328,30.72736119232428,-23.429796163866545,3.41,1.58,395.0,114.6,20.0,95.5,1667.0,6.8,746011,663743,669394,672640,681393,669364,660821,669065,665052,53.74,0.9235,1.7235,1.25,1.0,1.0,1.0,6.0,1,5,Changeup,0,0,0,0,0,0,0,0,Infield shade,Standard,232.0,-0.061,0.721,80.3,7.8,3.3055,-0.721,114.6,0,0,0.502,0.498,26,29,26,30,1,0,6.0,1.0,6.0,1.0,1.94,1.44,-1.44,39.5,10.699553259635596,2.015874251594386,38.28427223911045,37.10771683457749,25.563882745295775
CH,2024-09-18,86.5,2.96,5.69,"Ohtani, Shohei",660271,677960,field_out,hit_into_play,,,,,6.0,Shohei Ohtani pops out to shortstop Xavier Edwards.,R,L,L,MIA,LAD,X,6.0,popup,1,0,2024,1.07,0.5,0.5,2.36,,,,1,3,Top,106.74,135.01,,,,,-7.981914960188087,-125.68057440695036,-2.689262271523982,12.999908119389348,26.401929491527454,-26.54309012274824,3.41,1.58,171.0,86.6,61.0,85.6,1960.0,5.9,746014,663743,669394,672640,681393,669364,660821,669065,665052,54.64,0.024,0.028,0.0,1.0,0.0,0.0,3.0,18,2,Changeup,0,1,1,0,1,0,1,0,Standard,Standard,126.0,0.018,-0.295,78.9,7.9,0.039,0.295,88.0,-1,1,0.408,0.5920000000000001,24,29,25,30,2,1,103.0,1.0,6.0,1.0,2.57,1.07,1.07,34.8,14.684279078764868,-12.059244649022268,38.24224900428012,33.96039542077814,37.13168077795651
SL,2024-09-18,87.7,-1.54,5.99,"Ohtani, Shohei",660271,675540,field_out,hit_into_play,,,,,7.0,Shohei Ohtani lines out sharply to right fielder Griffin Conine.,R,L,R,MIA,LAD,X,9.0,line_drive,2,2,2024,0.5,0.49,-0.38,2.04,,,,0,7,Top,194.78,78.45,,,,,1.75359446206112,-127.74442018770448,-4.425030591926675,5.062156668132197,26.26663569301894,-26.157799826266896,3.41,1.58,343.0,109.3,18.0,87.0,2225.0,5.8,746014,663743,669394,672640,681393,669364,660821,669065,665052,54.72,0.6288095238095239,1.0173333333333334,0.0,1.0,0.0,0.0,6.0,50,6,Slider,0,6,6,0,6,0,6,0,Infield shade,Standard,155.0,0.001,-0.227,75.7,8.4,1.8623809523809531,0.227,109.3,-6,6,0.017,0.983,25,29,26,30,1,3,7.0,1.0,3.0,1.0,2.47,-0.5,0.5,57.3,14.715233661077017,-4.35866644546143,36.272441397486965,43.58068822769493,29.023811708379903
FF,2024-09-18,95.7,2.75,5.98,"Ohtani, Shohei",660271,677960,single,hit_into_play,,,,,12.0,Shohei Ohtani singles on a line drive to left fielder Jesús Sánchez.,R,L,L,MIA,LAD,X,7.0,line_drive,1,0,2024,1.05,1.55,1.41,2.84,,,,0,1,Top,76.87,105.32,,,,,-5.864285216468376,-139.1894454771427,-6.073018415903932,15.004405974282378,32.440984693530766,-10.911942250819203,3.41,1.58,206.0,77.1,20.0,94.6,2437.0,5.8,746014,663743,669394,672640,681393,669364,660821,669065,665052,54.75,0.984,0.919,0.9,1.0,1.0,0.0,4.0,1,2,4-Seam Fastball,0,0,0,0,0,0,0,0,Standard,Strategic,139.0,-0.032,0.41,64.3,6.2,1.081,-0.41,88.0,0,0,0.496,0.504,24,29,25,30,1,0,103.0,1.0,6.0,1.0,0.95,1.05,1.05,45.4,-9.405264005926917,4.0067027155310155,45.04431338383301,22.598006063857753,19.571499983280205
ST,2024-09-17,82.2,-2.61,5.08,"Ohtani, Shohei",660271,670766,home_run,hit_into_play,,,,,14.0,Shohei Ohtani homers (48) on a fly ball to right field. Hunter Feduccia scores.,R,L,R,MIA,LAD,X,,fly_ball,1,1,2024,1.21,0.58,0.84,1.71,,,676439.0,1,3,Top,222.82,67.2,,,,,5.47115810903185,-119.54869436926312,-2.1728627076157103,10.421697989052978,24.529190546123697,-26.37200719153877,3.41,1.54,402.0,105.3,32.0,82.0,2718.0,6.3,746015,663743,669394,672640,681393,669364,660821,669065,665052,54.17,0.7837878787878786,1.5845454545454545,2.0,1.0,0.0,3.0,6.0,24,3,Sweeper,4,0,0,4,2,4,2,4,Infield shade,Standard,65.0,-0.121,1.447,79.9,8.4,3.115636363636364,-1.447,105.3,4,-4,0.857,0.143,28,29,28,30,2,1,5.0,1.0,5.0,1.0,2.81,-1.21,1.21,29.1,24.92280933743745,-16.3470809928501,45.098970475788754,29.807218084135982,39.19458402290471
CH,2024-09-17,88.8,-2.12,5.37,"Ohtani, Shohei",660271,622786,field_out,hit_into_play,,,,,13.0,"Shohei Ohtani grounds out, first baseman Jake Burger to pitcher Jesus Tinoco.",R,L,R,MIA,LAD,X,3.0,ground_ball,3,2,2024,-1.32,0.16,-1.13,1.63,,,,0,9,Top,145.65,168.5,,,,,5.143575031163304,-129.27460128137847,-3.4212403889615817,-15.909364554387404,27.18154313431733,-29.833136350621903,3.41,1.54,3.0,73.5,-30.0,88.1,1538.0,5.9,746015,663743,669394,672640,681393,669364,669065,665506,665052,54.63,0.042,0.051,0.0,1.0,0.0,0.0,2.0,80,6,Changeup,11,7,7,11,7,11,7,11,Strategic,Standard,245.0,0.012,-0.333,63.5,8.5,0.048,0.333,88.0,4,-4,0.982,0.018,29,29,29,30,1,4,5.0,1.0,3.0,1.0,2.73,1.32,-1.32,24.0,7.463776453170185,-5.284671331122607,31.903163147279567,53.386168825216075,24.445268851574145
FF,2024-09-16,94.9,0.88,6.34,"Ohtani, Shohei",660271,608331,force_out,hit_into_play,,,,,1.0,"Shohei Ohtani grounds into a force out, shortstop Orlando Arcia to second baseman Whit Merrifield. Miguel Rojas scores. Max Muncy out at 2nd. Shohei Ohtani to 1st.",R,L,L,ATL,LAD,X,6.0,ground_ball,0,0,2024,-0.03,0.59,-0.67,2.96,500743.0,,571970.0,1,5,Top,109.39,152.63,,,,,-4.046174734028905,-138.1556822007745,-4.541530149648518,0.5079182337113377,30.222328200170946,-23.867935293842766,3.41,1.54,19.0,104.5,-8.0,95.8,2333.0,6.8,747067,669221,621566,593160,570482,606115,657656,671739,624585,53.75,0.321,0.326,0.0,1.0,0.0,0.0,2.0,36,1,4-Seam Fastball,0,2,2,0,3,0,3,0,Standard,Standard,165.0,-0.017,-0.338,71.6,7.1,0.337,0.338,104.5,-2,2,0.196,0.804,30,29,30,30,3,2,5.0,1.0,5.0,1.0,1.94,-0.03,-0.03,53.4,-0.2269962162890277,22.325141894729892,27.054079845699896,48.2873442885233,12.72845347483284
ST,2024-09-16,81.9,1.99,5.35,"Ohtani, Shohei",660271,607481,fielders_choice,hit_into_play,,,,,4.0,"Shohei Ohtani reaches on a fielder's choice, fielded by second baseman Whit Merrifield. Miguel Rojas scores. Max Muncy to 3rd. Gavin Lux to 2nd.",R,L,L,ATL,LAD,X,4.0,ground_ball,0,0,2024,-0.83,-0.05,-0.52,2.76,500743.0,571970.0,666158.0,1,7,Top,142.3,166.8,,,,,-4.075703245563113,-119.38760544877644,0.6879222987159381,-7.41195567233212,19.43953892672451,-32.92631922350914,3.41,1.54,18.0,76.0,-7.0,82.5,2354.0,6.3,747067,669221,621566,593160,570482,606115,657656,671739,624585,54.22,0.084,0.078,0.9,1.0,0.0,0.0,2.0,51,1,Sweeper,0,3,3,0,4,0,4,0,Strategic,Standard,292.0,-0.031,0.424,80.7,8.3,0.098,-0.424,88.0,-3,3,0.069,0.931,30,29,31,30,1,3,2.0,1.0,2.0,1.0,3.39,-0.83,-0.83,10.8,19.795284085756837,-11.605073511294046,28.71786505561589,47.18483624165162,34.719354685626584
FF,2024-09-15,94.5,-2.76,5.52,"Ohtani, Shohei",660271,450203,double,hit_into_play,,,,,9.0,Shohei Ohtani doubles (31) on a sharp line drive to right fielder Jorge Soler. Max Muncy scores. Gavin Lux to 3rd.,R,L,R,ATL,LAD,X,9.0,line_drive,0,0,2024,-0.97,0.83,0.67,1.75,571970.0,,666158.0,2,5,Top,218.66,108.62,,,,,11.061375238753442,-137.19486841352742,-6.011726512616155,-14.575009437213092,27.48514147064116,-20.488781391011603,3.41,1.55,267.0,114.4,14.0,94.6,2236.0,6.2,747071,518595,621566,593160,570482,606115,672284,671739,624585,54.26,0.745,0.838,1.25,1.0,1.0,1.0,6.0,38,1,4-Seam Fastball,2,0,0,2,1,2,1,2,Standard,Standard,239.0,-0.126,0.904,79.8,8.3,1.259,-0.904,114.4,2,-2,0.751,0.249,40,29,41,30,3,2,6.0,1.0,5.0,1.0,1.71,0.97,-0.97,21.4,15.57627691954625,-6.4682416566241265,46.191142965778496,30.278478892595295,29.931330310855067
SL,2024-09-15,86.8,1.8,6.48,"Ohtani, Shohei",660271,669276,double,hit_into_play,,,,,7.0,Shohei Ohtani doubles (32) on a line drive to right fielder Jorge Soler. Will Smith scores. Andy Pages to 3rd.,R,L,L,ATL,LAD,X,9.0,line_drive,0,2,2024,-0.04,0.31,-0.42,1.89,,669257.0,681624.0,2,7,Top,208.52,107.13,,,,,-5.230487840266612,-126.34880452682155,-5.501942106968915,0.5371921093774586,22.21351141679454,-28.04106217411707,3.41,1.55,280.0,84.9,25.0,87.2,2199.0,6.2,747071,518595,621566,593160,570482,606115,672284,671739,624585,54.29,0.139,0.148,1.25,1.0,1.0,1.0,3.0,54,3,Slider,2,1,1,2,2,2,2,2,Standard,Standard,165.0,-0.244,1.07,66.3,8.9,0.22,-1.07,88.0,1,-1,0.732,0.268,29,29,30,30,1,3,7.0,1.0,2.0,1.0,2.68,-0.04,-0.04,48.1,15.760042880325768,-22.539837140010764,35.46737881455045,44.81064946852515,36.12744858694361
SL,2024-09-14,80.7,2.93,5.08,"Ohtani, Shohei",660271,519242,field_out,hit_into_play,,,,,8.0,"Shohei Ohtani grounds out softly, pitcher Chris Sale to first baseman Matt Olson.",R,L,L,ATL,LAD,X,1.0,ground_ball,2,2,2024,-0.61,-0.48,-0.18,1.83,,,500743.0,2,5,Top,125.51,193.49,,,,,-5.773003099090292,-117.37369188313296,0.3874234555911922,-4.491104446635027,23.23640468207126,-36.93202932244587,3.43,1.54,88.0,38.2,41.0,80.7,2282.0,6.4,747070,669221,621566,593160,570482,606115,672284,671739,624585,54.09,0.137,0.135,0.0,1.0,0.0,0.0,1.0,40,6,Slider,4,1,1,4,1,4,1,4,Infield shade,Standard,307.0,0.019,-0.234,65.9,8.6,0.137,0.234,88.0,3,-3,0.865,0.135,35,29,35,30,3,2,6.0,1.0,5.0,1.0,4.0,-0.61,-0.61,11.7,22.26018804815109,-22.27389458394848,33.34666226156969,42.75216982176298,38.92272084049176
SL,2024-09-13,87.4,-2.22,5.66,"Ohtani, Shohei",660271,680885,field_out,hit_into_play,,,,,5.0,Shohei Ohtani flies out to left fielder Ramón Laureano.,R,L,R,ATL,LAD,X,7.0,fly_ball,0,1,2024,0.16,-0.39,0.13,2.31,,,,1,5,Top,45.15,110.01,,,,,5.400605425635436,-127.32174009134684,-1.1620050397197466,0.6623601596775073,25.417936901606517,-36.37582959968151,3.43,1.54,297.0,98.7,49.0,88.7,2362.0,7.0,747069,518595,621566,593160,570482,606115,657656,671739,624585,53.5,0.011,0.013,0.0,1.0,0.0,0.0,3.0,41,2,Slider,5,2,2,5,2,5,2,5,Infield shade,Standard,69.0,0.014,-0.219,87.7,7.6,0.024,0.219,98.7,3,-3,0.861,0.139,24,29,24,30,3,2,6.0,2.0,5.0,1.0,3.36,-0.16,0.16,36.2,5.7168015969362775,2.6854966914373093,40.96978039768331,36.32731720022188,25.645445196035947
FC,2024-09-13,94.1,-2.46,5.58,"Ohtani, Shohei",660271,680885,field_out,hit_into_play,,,,,6.0,Shohei Ohtani flies out to center fielder Michael Harris II.,R,L,R,ATL,LAD,X,8.0,fly_ball,2,1,2024,0.05,1.02,0.42,2.19,,,,0,1,Top,124.16,61.74,,,,,7.428317103951906,-137.00588424088596,-5.48064020643454,-0.7541722934338025,25.9025240572575,-18.311839415328297,3.43,1.54,340.0,95.8,39.0,95.7,2568.0,6.9,747069,518595,621566,593160,570482,606115,657656,671739,624585,53.64,0.061,0.098,0.0,1.0,0.0,0.0,3.0,1,4,Cutter,0,0,0,0,0,0,0,0,Infield shade,Standard,204.0,0.026,-0.296,79.8,7.9,0.196,0.296,95.8,0,0,0.496,0.504,24,29,24,30,1,0,6.0,2.0,5.0,1.0,1.52,-0.05,0.05,31.5,12.187314158671612,1.070603692825158,43.451456858606555,33.239299799498305,26.91699525192471
SI,2024-09-11,91.6,2.31,5.81,"Ohtani, Shohei",660271,696136,single,hit_into_play,,,,,5.0,Shohei Ohtani singles on a sharp ground ball to center fielder Pete Crow-Armstrong. Max Muncy scores. Miguel Rojas scores.,R,L,L,LAD,CHC,X,8.0,ground_ball,0,0,2024,1.06,1.12,0.09,2.19,571970.0,500743.0,,2,3,Bot,135.03,85.17,,,,,-7.890320869385193,-133.02701259013762,-5.666526904711768,14.26771365941105,28.774662451201085,-17.833762454608685,3.43,1.54,57.0,111.6,1.0,91.5,2212.0,6.4,746100,542194,683737,663538,670623,621020,664023,691718,641355,54.13,0.558,0.506,0.9,1.0,1.0,0.0,4.0,34,1,Sinker,5,3,5,3,3,7,7,3,Strategic,Standard,143.0,0.115,0.727,,,0.602,-0.727,111.6,2,2,0.77,0.77,24,29,25,30,3,2,5.0,1.0,6.0,2.0,1.61,1.06,1.06,46.4,,,,,
FC,2024-09-11,90.6,-1.2,6.04,"Ohtani, Shohei",660271,542888,field_out,hit_into_play,,,,,14.0,Shohei Ohtani flies out to right fielder Cody Bellinger.,R,L,R,LAD,CHC,X,9.0,fly_ball,0,1,2024,0.23,0.86,1.08,2.31,,500743.0,666158.0,2,7,Bot,192.83,84.16,,,,,5.2176933842149715,-131.84506250237726,-5.251926820975287,1.5520726727054328,27.26051396942036,-21.1815216030281,3.43,1.54,326.0,87.2,29.0,90.8,2087.0,6.3,746100,542194,683737,663538,670623,621020,664023,691718,641355,54.17,0.045,0.055,0.0,1.0,0.0,0.0,3.0,71,2,Cutter,8,7,8,7,7,8,8,7,Infield shade,Standard,191.0,-0.032,-0.23,81.8,7.7,0.086,0.23,88.0,1,1,0.777,0.777,33,29,34,30,1,4,2.0,1.0,6.0,2.0,1.91,-0.23,0.23,51.2,7.533539776774834,2.4139203128974325,45.53289947640982,25.528278079609457,28.438328668158352
FC,2024-09-11,89.8,-2.82,5.84,"Ohtani, Shohei",660271,624522,field_out,hit_into_play,,,,,6.0,Shohei Ohtani flies out to center fielder Pete Crow-Armstrong.,R,L,R,LAD,CHC,X,8.0,fly_ball,0,0,2024,0.6,0.35,0.41,2.84,,571970.0,,2,5,Bot,125.96,188.32,,,,,6.710025487361303,-130.82542621429678,-2.25192719042357,5.72811237332303,24.79091071451695,-27.84862471755365,3.43,1.54,326.0,94.9,40.0,90.1,2787.0,6.2,746100,542194,683737,663538,670623,621020,664023,691718,641355,54.3,0.05,0.096,0.0,1.0,0.0,0.0,3.0,55,1,Cutter,7,7,7,7,7,7,7,7,Strategic,Standard,159.0,-0.047,-0.301,82.1,7.4,0.177,0.301,94.9,0,0,0.547,0.547,29,29,29,30,1,3,2.0,1.0,4.0,2.0,2.44,-0.6,0.6,38.4,11.56667606556895,-0.1475415510640241,37.35038209657894,33.13823360103143,25.98743621068184
SL,2024-09-11,85.9,2.26,6.01,"Ohtani, Shohei",660271,696136,home_run,hit_into_play,,,,,5.0,Shohei Ohtani homers (47) on a line drive to center field.,R,L,L,LAD,CHC,X,,line_drive,1,2,2024,-0.63,-0.05,0.18,2.5,,,,0,1,Bot,169.47,41.06,,,,,-3.6684986773394015,-125.14032663328284,-1.980528616805964,-5.842770795746107,25.23321125143811,-32.56235340832304,3.43,1.54,405.0,118.1,19.0,86.2,2631.0,6.4,746100,542194,683737,663538,670623,621020,664023,691718,641355,54.07,0.917,1.669,2.0,1.0,0.0,3.0,6.0,8,4,Slider,0,2,0,2,2,1,1,2,Infield shade,Standard,239.0,0.102,1.182,81.1,7.6,3.179,-1.182,118.1,-2,-2,0.346,0.346,24,29,25,30,1,0,5.0,1.0,6.0,2.0,3.14,-0.63,-0.63,50.1,8.886622835574354,-3.4165911915175067,36.477516030656965,36.61715012034243,30.47193728358412
ST,2024-09-10,82.6,2.9,5.3,"Ohtani, Shohei",660271,684007,field_out,hit_into_play,,,,,1.0,Shohei Ohtani flies out to right fielder Cody Bellinger.,R,L,L,LAD,CHC,X,9.0,fly_ball,0,1,2024,-1.27,-0.1,-0.5,3.12,,,,2,5,Bot,171.69,55.03,,,,,-5.25209922561927,-120.16083728627054,1.7816441056273316,-11.175830345589088,24.736831413757542,-33.7754454634456,3.44,1.55,373.0,99.6,33.0,82.3,2569.0,6.3,746097,665804,683737,663538,670623,621020,664023,691718,641355,54.22,0.4164782608695653,0.8244347826086956,0.0,1.0,0.0,0.0,6.0,38,2,Sweeper,3,1,3,1,1,3,3,1,Infield shade,Standard,291.0,-0.006,-0.215,78.1,8.0,1.6373913043478263,0.215,99.6,2,2,0.785,0.785,30,29,31,30,3,2,6.0,1.0,6.0,1.0,3.46,-1.27,-1.27,35.2,14.215080720755854,-10.494973056983998,25.698173347668288,45.79253852653217,31.245130126555672
ST,2024-09-10,82.1,3.03,5.17,"Ohtani, Shohei",660271,684007,grounded_into_double_play,hit_into_play,,,,,5.0,"Shohei Ohtani grounds into a double play, first baseman Michael Busch to shortstop Dansby Swanson to pitcher Shota Imanaga. Enrique Hernández to 3rd. Austin Barnes out at 2nd. Shohei Ohtani out at 1st.",R,L,L,LAD,CHC,X,3.0,ground_ball,2,1,2024,-0.41,0.36,0.17,2.28,,571771.0,605131.0,0,3,Bot,160.33,167.76,,,,,-5.6548280924736645,-119.466137669681,-0.7367333792490811,-2.863959646635469,21.807519040284117,-28.76314374812511,3.44,1.55,45.0,110.0,0.0,81.9,2398.0,6.1,746097,665804,683737,663538,670623,621020,664023,691718,641355,54.45,0.503,0.452,0.0,1.0,0.0,0.0,4.0,22,4,Sweeper,1,1,1,1,1,1,1,1,Strategic,Standard,277.0,-0.118,-0.359,85.4,7.9,0.53,0.359,110.0,0,0,0.661,0.661,30,29,31,30,2,1,6.0,1.0,6.0,1.0,3.01,-0.41,-0.41,34.1,14.256045318139014,-9.13628954264274,39.608376152766546,36.49333655872144,32.727987572554525
SL,2024-09-10,89.8,-1.17,5.53,"Ohtani, Shohei",660271,663878,field_out,hit_into_play,,,,,6.0,Shohei Ohtani flies out to center fielder Pete Crow-Armstrong.,R,L,R,LAD,CHC,X,8.0,fly_ball,0,0,2024,0.51,0.12,0.77,2.31,,,,1,8,Bot,162.5,55.72,,,,,3.76942726950103,-130.79362856627034,-2.2780161675519555,5.044882710923379,26.73567558214036,-30.52446451139236,3.44,1.55,365.0,95.3,32.0,90.6,2705.0,6.6,746097,665804,683737,663538,670623,621020,664023,691718,641355,53.87,0.15,0.268,0.0,1.0,0.0,0.0,3.0,64,1,Slider,3,6,3,6,6,3,3,6,Infield shade,Standard,108.0,-0.017,-0.256,77.5,7.4,0.499,0.256,95.3,-3,-3,0.06,0.06,27,29,28,30,1,3,2.0,1.0,3.0,1.0,2.69,-0.51,0.51,42.6,10.15540996173904,0.4948185012844111,45.58672744200042,28.784265896803554,25.565076729284563
FF,2024-09-10,92.7,2.26,5.56,"Ohtani, Shohei",660271,684007,field_out,hit_into_play,,,,,1.0,Shohei Ohtani pops out to shortstop Dansby Swanson.,R,L,L,LAD,CHC,X,6.0,popup,0,0,2024,0.83,1.44,-0.6,3.4,,,,0,1,Bot,131.58,121.31,,,,,-9.104985010515277,-134.80429012529447,-2.879220969176842,12.103999377416669,27.98482757020117,-14.127730172756076,3.44,1.55,198.0,95.7,59.0,92.6,2482.0,6.2,746097,665804,683737,663538,670623,621020,664023,691718,641355,54.33,0.013,0.015,0.0,1.0,0.0,0.0,3.0,4,1,4-Seam Fastball,0,0,0,0,0,0,0,0,Infield shade,Standard,150.0,-0.022,-0.254,77.7,8.2,0.021,0.254,95.7,0,0,0.548,0.548,30,29,31,30,1,0,6.0,1.0,6.0,1.0,1.21,0.83,0.83,40.3,20.294450802797808,-10.267217624303964,27.253805035530252,46.989618936835186,28.665801396006824
CU,2024-09-09,74.4,-2.57,6.02,"Ohtani, Shohei",660271,543294,single,hit_into_play,,,,,3.0,Shohei Ohtani singles on a line drive to center fielder Pete Crow-Armstrong. Chris Taylor to 3rd.,R,L,R,LAD,CHC,X,8.0,line_drive,2,1,2024,1.1,-0.73,0.38,2.94,,,621035.0,1,5,Bot,148.28,65.64,,,,,4.043231204663861,-108.18788467390166,2.17957550257937,7.841354526231606,20.43204709504128,-38.54236606466986,3.47,1.56,288.0,99.8,20.0,72.9,3038.0,5.4,746101,665804,683737,663538,670623,621020,664023,691718,641355,55.12,0.329,0.39,0.9,1.0,1.0,0.0,5.0,40,4,Curveball,0,4,0,4,4,0,0,4,Infield shade,Standard,41.0,0.05,0.37,79.9,7.0,0.633,-0.37,99.8,-4,-4,0.129,0.129,34,29,35,30,3,2,6.0,1.0,6.0,1.0,4.88,-1.1,1.1,45.1,9.10751074974363,5.260664137202277,36.15775955017957,34.01735546631737,25.93556715433819
CH,2024-09-09,81.5,-2.67,6.05,"Ohtani, Shohei",660271,543294,field_out,hit_into_play,,,,,11.0,Shohei Ohtani pops out to shortstop Dansby Swanson.,R,L,R,LAD,CHC,X,6.0,popup,1,2,2024,-1.2,0.63,-1.78,2.73,,,,0,1,Bot,115.32,151.16,,,,,4.229026506585337,-118.66017578103278,-2.111146750884162,-12.128502049813203,21.618672340973266,-25.987460330680683,3.47,1.56,129.0,64.5,63.0,80.4,2172.0,5.4,746101,665804,683737,663538,670623,621020,664023,691718,641355,55.08,0.005,0.005,0.0,1.0,0.0,0.0,3.0,8,5,Changeup,0,3,0,3,3,0,0,3,Infield shade,Standard,228.0,-0.016,-0.186,65.8,8.1,0.005,0.186,88.0,-3,-3,0.262,0.262,34,29,35,30,1,0,6.0,1.0,6.0,1.0,2.78,1.2,-1.2,45.3,10.864603592835522,-6.041665658474394,22.739006750971154,59.99951239253498,23.208685738167585
SI,2024-09-09,92.5,1.34,6.65,"Ohtani, Shohei",660271,592767,single,hit_into_play,,,,,6.0,"Shohei Ohtani singles on a line drive to center fielder Pete Crow-Armstrong, deflected by right fielder Cody Bellinger. Shohei Ohtani to 2nd. Shohei Ohtani advances to 2nd, on a fielding error by right fielder Cody Bellinger.",R,L,L,LAD,CHC,X,9.0,line_drive,0,0,2024,0.56,1.36,0.4,2.47,,,,0,7,Bot,172.44,81.19,,,,,-3.5811986179111663,-134.52491576190425,-7.789820742884316,7.597102519704338,27.572311259660673,-14.122644013830728,3.47,1.56,283.0,96.5,17.0,91.8,2059.0,5.8,746101,665804,683737,663538,670623,621020,664023,691718,641355,54.7,0.518,0.509,0.9,1.0,1.0,0.0,4.0,59,1,Sinker,2,7,2,7,7,2,2,7,Infield shade,Standard,149.0,0.028,0.448,80.4,7.7,0.697,-0.448,96.5,-5,-5,0.039,0.039,35,29,35,30,1,3,2.0,1.0,4.0,1.0,1.29,0.56,0.56,56.5,12.962463787520422,-0.3419965152857749,37.911962248471355,34.34027398386992,24.534659598479053
CH,2024-09-08,83.6,-1.98,6.08,"Ohtani, Shohei",660271,676440,home_run,hit_into_play,,,,,2.0,"Umpire reviewed (home run), call on the field was upheld: Shohei Ohtani homers (46) on a fly ball to right field.",R,L,R,LAD,CLE,X,,fly_ball,1,0,2024,-0.82,1.05,0.13,2.99,,,,1,5,Bot,230.79,95.68,,,,,6.517488874657344,-121.67952729319336,-2.84038059170475,-9.344137197698808,20.971694147483113,-21.348539041889325,3.46,1.56,450.0,116.7,34.0,84.4,1935.0,6.5,746098,666310,647304,665926,682177,677587,686823,671289,657041,53.98,0.977,2.0,2.0,1.0,0.0,3.0,6.0,37,2,Changeup,1,0,1,0,0,2,2,0,Strategic,Standard,216.0,0.108,1.544,84.4,8.1,3.916,-1.544,116.7,1,1,0.689,0.689,25,29,25,30,3,2,5.0,1.0,5.0,1.0,2.18,0.82,-0.82,49.0,21.228020368516734,-11.020997451944124,33.89598519592211,36.24837370236293,36.47268309784621
FC,2024-09-08,90.6,-2.2,6.08,"Ohtani, Shohei",660271,676440,single,hit_into_play,,,,,3.0,Shohei Ohtani singles on a fly ball to center fielder Tyler Freeman.,R,L,R,LAD,CLE,X,8.0,fly_ball,3,2,2024,0.44,0.81,0.63,3.25,,,,2,3,Bot,111.96,104.85,,,,,6.1577691971207065,-131.9326300629982,-2.902509446556248,3.88415477871392,26.729641365766987,-22.2890763603904,3.46,1.56,240.0,72.3,28.0,91.1,2842.0,6.4,746098,666310,647304,665926,682177,677587,686823,671289,657041,54.07,0.816,0.772,0.9,1.0,1.0,0.0,4.0,21,8,Cutter,0,0,0,0,0,0,0,0,Strategic,Strategic,92.0,0.012,0.263,78.5,6.8,0.909,-0.263,88.0,0,0,0.514,0.514,25,29,25,30,2,1,5.0,1.0,5.0,1.0,1.95,-0.44,0.44,49.6,4.849330581768466,11.430489686410526,33.233415598630096,29.8179932803205,23.009353380526576
FC,2024-09-08,88.0,-2.22,6.16,"Ohtani, Shohei",660271,676440,field_out,hit_into_play,,,,,6.0,Shohei Ohtani flies out to left fielder Will Brennan.,R,L,R,LAD,CLE,X,7.0,fly_ball,3,2,2024,0.61,0.56,0.44,2.46,,,,0,1,Bot,80.04,87.15,,,,,5.225142932623844,-128.16538079055246,-4.125796012708565,5.862877933830607,22.36217328208974,-25.413762635444275,3.46,1.56,301.0,96.8,46.0,88.9,2710.0,6.5,746098,666310,647304,665926,682177,677587,686823,671289,657041,54.04,0.013,0.017,0.0,1.0,0.0,0.0,3.0,4,6,Cutter,0,0,0,0,0,0,0,0,Strategic,Standard,71.0,-0.027,-0.333,78.6,7.6,0.028,0.333,96.8,0,0,0.553,0.553,25,29,25,30,1,0,5.0,1.0,5.0,1.0,2.34,-0.61,0.61,49.6,11.231791605608466,2.53674397833147,40.831942350376394,30.73717053466516,25.33471422270626
SL,2024-09-07,88.0,1.44,6.01,"Ohtani, Shohei",660271,681870,field_out,hit_into_play,,,,,1.0,Shohei Ohtani flies out sharply to left fielder Steven Kwan.,R,L,L,LAD,CLE,X,7.0,fly_ball,1,0,2024,-0.6,0.82,-0.5,3.33,,,,2,6,Bot,35.45,90.54,,,,,-3.481151284061602,-128.12716610826723,-2.114296156435911,-5.913505671703215,26.39116584829256,-22.96224243270175,3.47,1.58,348.0,101.2,42.0,89.0,2417.0,6.9,746099,595978,647304,665926,608070,677587,680757,682177,657041,53.62,0.121,0.239,0.0,1.0,0.0,0.0,3.0,56,2,Slider,7,2,7,2,2,7,7,2,Infield shade,Standard,169.0,-0.001,-0.295,73.1,7.2,0.455,0.295,101.2,5,5,0.969,0.969,26,29,27,30,1,3,3.0,1.0,3.0,1.0,2.12,-0.6,-0.6,54.6,7.070062303430503,12.745801143551123,26.832722715447886,46.267858886566145,18.86894682129877
FF,2024-09-07,91.0,-0.88,5.86,"Ohtani, Shohei",660271,658648,field_out,hit_into_play,,,,,4.0,"Shohei Ohtani grounds out, second baseman Andrés Giménez to first baseman Josh Naylor.",R,L,R,LAD,CLE,X,4.0,ground_ball,3,2,2024,-0.07,0.93,-0.4,2.17,,,605131.0,2,1,Bot,152.24,152.02,,,,,1.346433885593493,-132.57419463081274,-5.352883772346501,-1.1126768183852551,27.76081397402945,-20.29876929396333,3.47,1.58,68.0,99.5,3.0,91.1,2195.0,6.2,746099,595978,647304,665926,608070,677587,680757,682177,657041,54.27,0.513,0.477,0.0,1.0,0.0,0.0,4.0,14,7,4-Seam Fastball,6,0,6,0,0,6,6,0,Infield shade,Standard,211.0,-0.006,-0.32,76.2,8.4,0.578,0.32,99.5,6,6,0.933,0.933,27,29,27,30,1,1,3.0,1.0,3.0,1.0,1.81,0.07,-0.07,46.9,12.487949126783851,0.1509144313047105,34.906846956303646,42.91198963189298,22.7082870676188
FF,2024-09-07,99.3,-2.86,5.98,"Ohtani, Shohei",660271,668909,field_out,hit_into_play,,,,,11.0,"Shohei Ohtani grounds out, shortstop Brayan Rocchio to first baseman Josh Naylor.",R,L,R,LAD,CLE,X,6.0,ground_ball,2,2,2024,-0.73,1.31,-0.6,3.6,,,,0,1,Bot,114.16,148.84,,,,,8.011842124567249,-144.5219825624594,-4.284147997914207,-12.016499603411257,30.818906217943756,-12.931251979795189,3.47,1.58,4.0,91.1,-38.0,101.1,2222.0,7.1,746099,595978,647304,665926,608070,677587,680757,682177,657041,53.42,0.05,0.062,0.0,1.0,0.0,0.0,2.0,5,5,4-Seam Fastball,0,0,0,0,0,0,0,0,Infield shade,Standard,214.0,-0.02,-0.227,66.8,6.3,0.051,0.227,91.1,0,0,0.546,0.546,24,29,25,30,1,0,5.0,1.0,5.0,1.0,0.98,0.73,-0.73,38.5,-4.621187668718196,25.11538185145276,22.010309373982928,44.30490995468417,9.947625063404224
SI,2024-09-06,88.8,2.33,5.51,"Ohtani, Shohei",660271,571510,home_run,hit_into_play,,,,,5.0,Shohei Ohtani homers (45) on a fly ball to center field.,R,L,L,LAD,CLE,X,,fly_ball,1,0,2024,1.34,0.79,0.17,2.75,,,,1,6,Bot,109.21,32.81,,,,,-8.063706989530408,-129.14273039732498,-2.389810991829933,16.599158075321405,24.913625486410137,-22.984769767833,3.48,1.57,413.0,111.2,38.0,88.9,2279.0,6.2,746104,666310,647304,665926,608070,677587,680757,657041,678877,54.27,0.681,1.393,2.0,1.0,0.0,3.0,6.0,41,2,Sinker,0,2,0,2,2,1,1,2,Infield shade,Strategic,132.0,0.127,1.544,80.0,7.7,2.722,-1.544,111.2,-2,-2,0.229,0.229,33,29,33,30,3,2,6.0,2.0,5.0,1.0,2.08,1.34,1.34,27.3,13.743260137869912,-4.490902233919988,35.810280010252086,35.76150294547874,28.147922634427136
FF,2024-09-06,95.9,-2.73,6.18,"Ohtani, Shohei",660271,683769,single,hit_into_play,,,,,3.0,Shohei Ohtani singles on a line drive to right fielder Jhonkensy Noel.,R,L,R,LAD,CLE,X,9.0,line_drive,0,1,2024,-0.51,1.18,0.67,2.95,,,,1,8,Bot,171.17,92.4,,,,,10.166779757128433,-139.32492155796538,-5.683557047021927,-8.724734067216785,27.851908552794267,-15.67300556128006,3.48,1.57,288.0,95.4,18.0,96.8,2273.0,6.6,746104,666310,647304,665926,608070,677587,680757,657041,678877,53.88,0.455,0.476,0.9,1.0,1.0,0.0,4.0,59,2,4-Seam Fastball,1,3,1,3,3,1,1,3,Infield shade,Strategic,213.0,0.06,0.458,77.4,7.1,0.653,-0.458,95.4,-2,-2,0.118,0.118,26,29,26,30,1,3,5.0,2.0,3.0,1.0,1.29,0.51,-0.51,34.5,10.018722235213971,-1.2407495769981338,36.19588752442614,29.10814167749496,27.783274129541113
SI,2024-09-06,93.4,2.4,5.39,"Ohtani, Shohei",660271,571510,field_out,hit_into_play,,,,,2.0,Shohei Ohtani flies out to center fielder Lane Thomas.,R,L,L,LAD,CLE,X,8.0,fly_ball,1,2,2024,1.59,0.74,0.12,3.1,,,,0,1,Bot,138.85,40.35,,,,,-9.324663658003024,-135.70605938077708,-1.7560507617985863,21.672727974082996,29.31120559487801,-22.79446403129254,3.48,1.57,393.0,99.5,29.0,92.9,2532.0,6.0,746104,666310,647304,665926,608070,677587,680757,657041,678877,54.47,0.43895,0.8269,0.0,1.0,0.0,0.0,6.0,4,4,Sinker,0,0,0,0,0,0,0,0,Infield shade,Strategic,128.0,-0.016,-0.186,79.9,7.5,1.6128500000000003,0.186,99.5,0,0,0.542,0.542,33,29,33,30,1,0,6.0,2.0,5.0,1.0,1.87,1.59,1.59,26.2,10.199567790934292,1.0721696627219008,28.92637837013941,38.47688902360581,26.085145431180273
CH,2024-09-04,89.5,-1.62,5.69,"Ohtani, Shohei",660271,656288,field_out,hit_into_play,,,,,13.0,Shohei Ohtani flies out to center fielder Mickey Moniak.,R,L,R,LAA,LAD,X,8.0,fly_ball,2,2,2024,-1.43,0.07,-0.58,1.39,,,,2,3,Top,99.45,56.37,,,,,5.539597471190661,-130.2180201186979,-4.721500595116045,-17.487036948244334,27.09025653822478,-30.641863573000062,3.47,1.59,365.0,95.9,24.0,88.8,1686.0,5.8,746178,681351,694384,592273,543685,687263,621493,666160,666176,54.67,0.213,0.267,0.0,1.0,0.0,0.0,5.0,22,5,Changeup,6,0,0,6,0,6,0,6,Infield shade,Standard,241.0,0.003,-0.219,74.0,8.6,0.442,0.219,95.9,6,-6,0.955,0.045,28,29,28,30,2,1,7.0,1.0,6.0,2.0,2.78,1.43,-1.43,39.3,9.00588465755825,-0.4663244631864818,43.03921152095698,44.96868986549292,23.418825363662943
FF,2024-09-04,94.8,-2.97,5.86,"Ohtani, Shohei",660271,519326,field_out,hit_into_play,,,,,11.0,Shohei Ohtani pops out to third baseman Anthony Rendon.,R,L,R,LAA,LAD,X,5.0,popup,1,1,2024,-0.9,1.15,-0.11,3.63,,,,0,8,Top,96.42,166.55,,,,,9.370547389087385,-137.75569065512977,-2.688785238716345,-13.47704987669264,30.50403170516214,-17.10005065757745,3.47,1.59,110.0,94.6,73.0,93.9,2351.0,5.8,746178,681351,694384,592273,543685,687263,621493,666160,666176,54.66,0.003,0.002,0.0,1.0,0.0,0.0,3.0,59,3,4-Seam Fastball,7,1,1,7,1,7,1,7,Infield shade,Standard,222.0,0.003,-0.243,77.1,7.7,0.003,0.243,94.6,6,-6,0.992,0.008,35,29,36,30,1,3,1.0,1.0,2.0,2.0,1.39,0.9,-0.9,35.4,22.142780680659843,5.853011138531627,23.354736135082163,38.92091085079625,22.168906851685616
FF,2024-09-04,94.5,-1.62,5.96,"Ohtani, Shohei",660271,656288,field_out,hit_into_play,,,,,1.0,Shohei Ohtani pops out sharply to third baseman Anthony Rendon.,R,L,R,LAA,LAD,X,5.0,popup,0,0,2024,-0.83,1.06,-0.49,3.15,,,,0,1,Top,98.36,148.08,,,,,4.7453202454363925,-137.52734796805086,-4.007751297923608,-11.581506216856791,29.74527947889164,-17.995425022326593,3.47,1.59,149.0,102.1,70.0,94.0,2011.0,5.9,746178,681351,694384,592273,543685,687263,621493,666160,666176,54.59,0.003,0.002,0.0,1.0,0.0,0.0,3.0,1,1,4-Seam Fastball,0,0,0,0,0,0,0,0,Infield shade,Standard,217.0,0.022,-0.254,81.8,8.1,0.003,0.254,102.1,0,0,0.5,0.5,28,29,28,30,1,0,7.0,1.0,6.0,2.0,1.48,0.83,-0.83,43.0,14.080213651299925,-2.093749929818936,30.2696006199303,44.21498140059056,26.64357562852474
CU,2024-09-03,74.7,1.06,6.29,"Ohtani, Shohei",660271,672282,triple,hit_into_play,,,,,5.0,"Angels challenged (grounds rule), call on the field was upheld: Shohei Ohtani triples (7) on a sharp line drive to right fielder Jo Adell. Miguel Rojas scores.",R,L,L,LAA,LAD,X,9.0,line_drive,1,2,2024,-0.83,-1.17,-0.02,2.44,,,500743.0,1,3,Top,202.31,122.97,,,,,-0.7644043198054915,-108.72581040526596,1.3726741397182358,-6.418057502758163,20.533375530448655,-41.907074955631565,3.47,1.59,200.0,112.7,12.0,74.3,2277.0,6.1,746185,681351,694384,592273,543685,687263,621493,666160,666176,54.38,0.821,0.881,1.6,1.0,1.0,2.0,6.0,20,6,Curveball,1,0,0,1,1,1,1,1,Infield shade,Standard,334.0,-0.171,1.191,81.8,8.1,1.253,-1.191,112.7,1,-1,0.617,0.383,24,29,25,30,2,1,94.0,1.0,6.0,1.0,5.28,-0.83,-0.83,54.9,20.9193307301031,-10.01827571351338,36.766385961252645,39.43309536590204,37.01511037601692
FF,2024-09-03,95.3,1.44,5.94,"Ohtani, Shohei",660271,672282,field_out,hit_into_play,,,,,1.0,"Shohei Ohtani grounds out, first baseman Nolan Schanuel to pitcher Reid Detmers.",R,L,L,LAA,LAD,X,3.0,ground_ball,2,2,2024,0.4,1.18,-0.37,3.04,,,,0,1,Top,152.17,156.94,,,,,-5.6820122068573955,-138.73410693762898,-4.651081102154265,6.448969370188293,31.00729220777825,-16.14168488944366,3.47,1.59,16.0,83.9,-10.0,95.8,2064.0,6.6,746185,681351,694384,592273,543685,687263,621493,666160,666176,53.95,0.108,0.101,0.0,1.0,0.0,0.0,2.0,1,6,4-Seam Fastball,0,0,0,0,0,0,0,0,Infield shade,Standard,146.0,0.02,-0.227,78.6,8.0,0.136,0.227,88.0,0,0,0.502,0.498,24,29,25,30,1,0,94.0,1.0,6.0,1.0,1.33,0.4,0.4,39.7,12.080765929530026,-9.81601484715238,27.107572716304855,45.30498204302312,33.24597999810295
SL,2024-09-02,84.1,1.27,5.83,"Ohtani, Shohei",660271,593958,field_out,hit_into_play,,,,,4.0,"Shohei Ohtani grounds out, second baseman Luis Guillorme to first baseman Josh Bell. Chris Taylor to 3rd.",R,L,L,AZ,LAD,X,4.0,ground_ball,2,2,2024,-0.16,0.21,-0.77,2.63,,621035.0,,0,3,Top,146.6,151.11,,,,,-4.435999473876886,-122.48743002425056,-1.4667300183751306,-0.706499329141652,24.703130979270743,-29.939273058166417,3.47,1.59,12.0,96.5,-11.0,84.6,2126.0,6.6,747155,680728,605137,641645,553993,672695,656976,664983,682998,53.89,0.189,0.18,0.0,1.0,0.0,0.0,2.0,16,8,Slider,0,0,0,0,0,0,0,0,Standard,Standard,257.0,0.009,-0.176,,,0.211,0.176,96.5,0,0,0.437,0.563,31,29,31,30,2,1,5.0,1.0,5.0,1.0,3.01,-0.16,-0.16,42.9,,,,,
SI,2024-09-02,92.0,1.55,6.62,"Ohtani, Shohei",660271,656756,single,hit_into_play,,,,,14.0,Shohei Ohtani singles on a line drive to right fielder Corbin Carroll.,R,L,L,AZ,LAD,X,9.0,line_drive,1,0,2024,1.21,0.86,1.29,2.48,,,,1,7,Top,172.53,91.79,,,,,-3.306267460980362,-133.95645375115822,-6.621630257293473,15.321416655577218,26.58459480045058,-20.636814888833467,3.47,1.59,219.0,99.6,14.0,93.1,2155.0,6.7,747155,680728,605137,641645,553993,672695,656976,664983,682998,53.77,0.818,0.8,0.9,1.0,1.0,0.0,4.0,52,2,Sinker,1,3,3,1,3,1,3,1,Infield shade,Standard,144.0,-0.015,0.383,80.7,6.9,1.032,-0.383,99.6,-2,2,0.199,0.8009999999999999,31,29,32,30,1,3,6.0,1.0,4.0,1.0,1.81,1.21,1.21,43.0,8.370620794425655,3.408001638089895,42.45003349011169,24.718045545722823,25.50870506583441
SI,2024-09-02,91.8,1.3,5.85,"Ohtani, Shohei",660271,593958,single,hit_into_play,,,,,6.0,Shohei Ohtani singles on a sharp line drive to right fielder Corbin Carroll.,R,L,L,AZ,LAD,X,9.0,line_drive,2,1,2024,0.95,1.02,0.33,2.46,,,,0,1,Top,177.08,86.71,,,,,-4.512860818679245,-133.7053110061343,-5.004660750555156,12.34175723338918,25.712248941930888,-19.087376759622614,3.47,1.59,250.0,117.2,11.0,92.5,2352.0,6.4,747155,680728,605137,641645,553993,672695,656976,664983,682998,54.07,0.847,0.935,0.9,1.0,1.0,0.0,6.0,1,4,Sinker,0,0,0,0,0,0,0,0,Infield shade,Standard,156.0,-0.032,0.407,83.0,7.5,1.314,-0.407,117.2,0,0,0.496,0.504,31,29,31,30,1,0,5.0,1.0,5.0,1.0,1.66,0.95,0.95,40.8,2.1654461158975367,11.034920240937518,37.83114621267208,35.36406010112036,29.598238000136845
ST,2024-09-01,86.1,-3.38,5.29,"Ohtani, Shohei",660271,694297,field_out,hit_into_play,,,,,5.0,Shohei Ohtani pops out to third baseman Eugenio Suárez in foul territory.,R,L,R,AZ,LAD,X,5.0,popup,0,0,2024,0.4,0.39,-0.09,2.61,,,605131.0,0,5,Top,78.26,175.4,,,,,7.022115843236725,-125.2639680145396,-0.9352079963843302,2.8882071316414604,24.53309293892828,-28.031463789516412,3.46,1.59,161.0,91.7,69.0,86.5,2884.0,6.5,747157,645444,605137,621028,553993,672695,666971,664983,682998,53.98,0.005,0.008,0.0,1.0,0.0,0.0,3.0,41,1,Sweeper,9,1,1,9,1,9,1,9,Infield shade,Standard,82.0,0.005,-0.246,73.9,7.8,0.01,0.246,91.7,8,-8,0.982,0.018,25,29,26,30,3,2,5.0,1.0,5.0,1.0,2.67,-0.4,0.4,23.2,8.593654274285688,-5.223847224661923,34.819763702642106,38.8384062989764,28.165804824107425
CH,2024-08-31,89.0,-1.93,5.47,"Ohtani, Shohei",660271,518876,field_out,hit_into_play,,,,,8.0,"Shohei Ohtani grounds out, first baseman Pavin Smith to pitcher Merrill Kelly.",R,L,R,AZ,LAD,X,3.0,ground_ball,2,2,2024,-0.98,0.17,-0.26,1.98,,,,0,4,Top,161.35,155.58,,,,,6.106367242237714,-129.6311651244987,-2.92452714300348,-12.26374045995586,24.58443184615871,-29.87219926261689,3.45,1.59,8.0,94.0,-14.0,88.9,2162.0,6.0,747158,680728,656976,641645,553993,672695,666971,664983,682998,54.52,0.166,0.157,0.0,1.0,0.0,0.0,2.0,34,5,Changeup,5,5,5,5,5,5,5,5,Infield shade,Standard,243.0,0.024,-0.227,81.3,8.3,0.193,0.227,94.0,0,0,0.503,0.497,35,29,36,30,3,2,6.0,1.0,5.0,1.0,2.68,0.98,-0.98,25.0,12.926631515101876,-2.0147296706536855,36.68064092761976,41.38815680301191,28.06275034495936
FC,2024-08-31,92.5,-1.85,5.39,"Ohtani, Shohei",660271,518876,sac_fly,hit_into_play,,,,,6.0,Shohei Ohtani out on a sacrifice fly to center fielder Jake McCarthy. Max Muncy scores. Miguel Rojas to 3rd.,R,L,R,AZ,LAD,X,8.0,fly_ball,0,1,2024,-0.2,1.16,0.39,2.78,571970.0,500743.0,595281.0,0,2,Top,107.41,67.59,,,,,6.130877592664087,-134.62421786950756,-3.4300504090206134,-3.683579678795577,27.15079355811121,-17.454450202711048,3.45,1.59,330.0,89.7,32.0,92.4,2504.0,6.1,747158,680728,656976,641645,553993,672695,666971,664983,682998,54.44,0.063,0.096,0.0,1.0,0.0,0.0,3.0,18,2,Cutter,4,3,3,4,4,4,4,4,Infield shade,Standard,217.0,-0.003,-0.134,77.2,7.5,0.157,0.134,89.7,1,-1,0.433,0.567,35,29,36,30,2,1,6.0,1.0,5.0,1.0,1.49,0.2,-0.2,22.9,8.934496573979388,3.3532604743482444,33.765455162857826,33.253279983401356,22.02620775818345
FS,2024-08-31,91.2,-2.46,6.51,"Ohtani, Shohei",660271,679885,field_out,hit_into_play,,,,,5.0,Shohei Ohtani lines out sharply to right fielder Corbin Carroll.,R,L,R,AZ,LAD,X,9.0,line_drive,3,2,2024,-0.75,-0.03,-0.15,2.34,,669242.0,,2,9,Top,184.39,102.24,,,,,7.434149138918063,-132.58455762091788,-4.529776663054864,-10.373008983794396,27.459908366402946,-31.80905581473739,3.45,1.59,281.0,113.5,13.0,91.4,749.0,6.4,747158,680728,656976,641645,553993,672695,666971,664983,682998,54.14,0.779,0.86,0.0,1.0,0.0,0.0,6.0,78,6,Split-Finger,6,8,8,6,8,6,8,6,Infield shade,Standard,257.0,0.014,-0.298,78.9,8.3,1.255,0.298,113.5,-2,2,0.081,0.919,22,29,23,30,1,5,2.0,1.0,3.0,1.0,2.77,0.75,-0.75,51.7,11.892717276738187,-11.319152121081755,34.97881575022199,40.00181792268641,29.32327338189866
CU,2024-08-31,84.7,-1.78,5.58,"Ohtani, Shohei",660271,518876,home_run,hit_into_play,,,,,5.0,Shohei Ohtani homers (44) on a fly ball to center field.,R,L,R,AZ,LAD,X,,fly_ball,3,2,2024,0.65,-0.81,-0.21,2.72,,,,0,1,Top,104.15,30.38,,,,,2.3780913866742837,-123.42035995689528,1.2491123337760257,6.145110602292973,24.43696691951669,-40.876225845341345,3.45,1.59,420.0,108.9,35.0,84.4,2667.0,6.0,747158,680728,656976,641645,553993,672695,666971,664983,682998,54.47,0.8728333333333333,1.7780000000000002,2.0,1.0,0.0,3.0,6.0,1,8,Curveball,0,0,0,0,1,0,1,0,Infield shade,Standard,62.0,-0.091,1.035,78.3,8.0,3.5035000000000003,-1.035,108.9,0,0,0.495,0.505,35,29,36,30,1,0,6.0,1.0,5.0,1.0,3.97,-0.65,0.65,26.6,12.001313232056,-6.354098173419022,31.41996473922523,40.44334334313209,25.96259573762004
SI,2024-08-31,88.3,3.31,5.17,"Ohtani, Shohei",660271,573009,field_out,hit_into_play,,,,,9.0,"Shohei Ohtani grounds out sharply, second baseman Luis Guillorme to first baseman Pavin Smith.",R,L,L,AZ,LAD,X,4.0,ground_ball,0,2,2024,1.49,0.07,0.78,2.05,,,,1,6,Top,155.11,153.55,,,,,-9.238403968277408,-128.34607385201593,-1.6559818718620811,18.326490536972756,26.24468814758516,-31.31603282897727,3.45,1.59,21.0,107.7,-5.0,88.1,2243.0,6.2,747158,680728,656976,641645,553993,672695,666971,664983,682998,54.28,0.384,0.361,0.0,1.0,0.0,0.0,2.0,49,3,Sinker,5,6,6,5,6,5,6,5,Infield shade,Standard,107.0,0.012,-0.162,77.9,7.5,0.386,0.162,107.7,-1,1,0.372,0.628,33,29,33,30,1,3,1.0,1.0,1.0,1.0,2.86,1.49,1.49,16.7,8.497411120749858,-4.71455165768328,42.737251624554105,31.55165144575688,28.159496797518933
FF,2024-08-30,93.0,-3.64,4.27,"Ohtani, Shohei",660271,623149,home_run,hit_into_play,,,,,5.0,Shohei Ohtani homers (43) on a fly ball to left center field.,R,L,R,AZ,LAD,X,,fly_ball,0,2,2024,-1.1,0.99,-0.05,2.65,,,,2,8,Top,51.57,64.27,,,,,11.601585162875852,-135.0843329893574,-0.5663493352012059,-15.903468554811395,27.46776384988081,-20.06203211488016,3.45,1.58,380.0,99.0,32.0,93.2,2592.0,6.4,747156,645444,605137,621028,553993,672695,666971,664983,682998,54.15,0.3965652173913043,0.7835652173913045,2.0,1.0,0.0,3.0,5.0,70,3,4-Seam Fastball,5,9,9,5,10,5,10,5,Infield shade,Standard,243.0,-0.022,2.693,78.0,7.5,1.541130434782609,-2.693,99.0,-4,4,0.043,0.957,34,29,34,30,1,4,6.0,1.0,2.0,1.0,1.64,1.1,-1.1,11.1,3.757678935146638,6.932304195512689,32.28240508695882,38.47726649668609,18.85194970236226
FF,2024-08-30,94.3,-2.93,6.01,"Ohtani, Shohei",660271,668678,double,hit_into_play,,,,,5.0,Shohei Ohtani doubles (30) on a sharp line drive to right fielder Corbin Carroll.,R,L,R,AZ,LAD,X,9.0,line_drive,0,0,2024,-0.42,1.48,-0.25,2.41,,,,0,1,Top,223.42,94.82,,,,,7.857526527650207,-137.0032275001198,-6.919109980746607,-7.038010696409086,29.308404264526995,-12.149325999508925,3.45,1.58,300.0,114.0,15.0,94.0,2341.0,6.1,747156,645444,605137,621028,553993,672695,666971,664983,682998,54.38,0.5565,0.82125,1.25,1.0,1.0,1.0,6.0,1,1,4-Seam Fastball,0,0,0,0,0,0,0,0,Infield shade,Standard,215.0,-0.059,0.693,74.8,8.5,1.45375,-0.693,114.0,0,0,0.5,0.5,28,29,29,30,1,0,6.0,1.0,5.0,1.0,1.08,0.42,-0.42,38.2,6.853248196146715,6.043351671020535,35.28134950220576,40.80584775940082,32.089427441505336
ST,2024-08-29,79.6,1.76,5.8,"Ohtani, Shohei",660271,700249,field_out,hit_into_play,,,,,13.0,Shohei Ohtani flies out to center fielder Cedric Mullins.,R,L,L,LAD,BAL,X,8.0,fly_ball,1,0,2024,-1.14,0.02,-0.63,1.44,,605131.0,,0,4,Bot,95.14,85.6,,,,,-3.0804118244158483,-115.7853543136152,-2.7923385942896792,-9.583076228876276,23.786359946379577,-31.614832567133508,3.42,1.58,293.0,85.8,39.0,79.1,2109.0,6.2,746102,668939,656811,702616,602104,683002,681297,656775,623993,54.3,0.013,0.017,0.0,1.0,0.0,0.0,3.0,33,2,Sweeper,3,0,3,0,0,3,3,0,Standard,Standard,289.0,-0.02,-0.303,69.4,8.2,0.031,0.303,88.0,3,3,0.89,0.89,24,29,24,30,3,2,6.0,1.0,5.0,1.0,3.61,-1.14,-1.14,39.4,6.9809299903983035,-3.128633924397764,37.68987955424303,46.83587663971018,31.198724435080344
FC,2024-08-29,90.6,-4.01,5.68,"Ohtani, Shohei",660271,621199,field_out,hit_into_play,,,,,1.0,Shohei Ohtani flies out sharply to left fielder Colton Cowser.,R,L,R,LAD,BAL,X,7.0,fly_ball,2,0,2024,-0.13,0.55,-0.78,3.0,,,605131.0,0,8,Bot,52.6,78.76,,,,,8.344150475307135,-131.67082830408253,-1.9067559082869272,-3.2847364981705924,28.12416735151746,-25.599624706964143,3.42,1.58,348.0,104.7,39.0,90.7,2168.0,6.4,746102,668939,656811,702616,602104,683002,681297,656775,623993,54.05,0.4902142857142856,0.987,0.0,1.0,0.0,0.0,6.0,70,3,Cutter,5,3,5,3,3,5,5,3,Infield shade,Standard,210.0,-0.013,-0.355,82.3,7.4,1.9339285714285712,0.355,104.7,2,2,0.952,0.952,33,29,33,30,1,4,2.0,1.0,3.0,1.0,2.24,0.13,-0.13,36.6,3.63003046361114,10.634938461026964,27.473171746075742,46.71618627932522,19.624897187314986
SI,2024-08-29,94.0,2.11,5.76,"Ohtani, Shohei",660271,642397,field_out,hit_into_play,,,,,2.0,Shohei Ohtani flies out sharply to center fielder Cedric Mullins.,R,L,L,LAD,BAL,X,8.0,fly_ball,3,1,2024,1.34,0.72,-0.17,3.03,,,,0,6,Bot,143.05,95.47,,,,,-8.917243671618158,-136.58090219364055,-2.9267218136363584,18.84341082886623,31.860241769281146,-22.712606475063325,3.42,1.58,263.0,101.2,53.0,93.9,2272.0,6.5,746102,668939,656811,702616,602104,683002,681297,656775,623993,54.03,0.008,0.01,0.0,1.0,0.0,0.0,3.0,52,5,Sinker,5,3,5,3,3,5,5,3,Infield shade,Standard,141.0,-0.021,-0.418,79.6,8.4,0.017,0.418,101.2,2,2,0.853,0.853,29,29,29,30,1,3,1.0,1.0,2.0,1.0,1.88,1.34,1.34,34.4,16.03340824245869,-8.85712867678326,29.222737224997474,42.04148114585555,28.578575525948967
ST,2024-08-29,82.2,2.1,5.72,"Ohtani, Shohei",660271,700249,field_out,hit_into_play,,,,,4.0,Shohei Ohtani lines out sharply to center fielder Cedric Mullins.,R,L,L,LAD,BAL,X,8.0,line_drive,1,2,2024,-1.06,-0.02,-0.7,2.69,,,,0,1,Bot,143.52,48.29,,,,,-4.275185243296493,-119.55935782832124,-0.1640408421865643,-9.065897951772309,27.52189625679259,-32.574616141955744,3.42,1.58,375.0,104.6,19.0,81.4,2133.0,6.2,746102,668939,656811,702616,602104,683002,681297,656775,623993,54.29,0.4904117647058823,0.793,0.0,1.0,0.0,0.0,6.0,4,4,Sweeper,0,0,0,0,0,0,0,0,Infield shade,Standard,279.0,-0.016,-0.186,75.1,7.8,1.4435294117647062,0.186,104.6,0,0,0.542,0.542,24,29,24,30,1,0,6.0,1.0,5.0,1.0,3.45,-1.06,-1.06,37.6,7.55601176447607,-8.479659870775533,29.305583377662995,47.82239352354034,27.035430957592
FC,2024-08-28,93.7,-0.83,5.91,"Ohtani, Shohei",660271,669203,force_out,hit_into_play,,,,,9.0,"Shohei Ohtani lines into a force out, first baseman Ryan O'Hearn to shortstop Gunnar Henderson. Enrique Hernández out at 2nd. Shohei Ohtani to 1st.",R,L,R,LAD,BAL,X,3.0,line_drive,2,2,2024,0.58,0.69,0.48,1.77,,,571771.0,0,5,Bot,157.63,168.08,,,,,2.0989567454628264,-136.36177535186528,-6.482206930912178,6.672634539900868,31.300579532063715,-22.274551759278246,3.42,1.59,118.0,108.0,6.0,93.8,2811.0,6.4,746103,543510,656811,702616,602104,683002,681297,656775,623993,54.07,0.653,0.608,0.0,1.0,0.0,0.0,4.0,43,5,Cutter,5,4,5,4,4,5,5,4,Infield shade,Standard,170.0,-0.028,-0.233,78.4,8.0,0.746,0.233,108.0,1,1,0.738,0.738,29,29,30,30,3,2,6.0,1.0,5.0,1.0,1.91,-0.58,0.58,45.7,16.314273816104006,-2.8021881470052237,44.07222275565187,33.39283178820264,33.418871480380986
CH,2024-08-28,89.2,-0.91,5.67,"Ohtani, Shohei",660271,669203,single,hit_into_play,,,,,7.0,Shohei Ohtani singles on a line drive to right fielder Anthony Santander. Enrique Hernández to 2nd.,R,L,R,LAD,BAL,X,9.0,line_drive,2,2,2024,-1.03,0.55,-0.35,2.15,,,571771.0,1,3,Bot,173.99,99.64,,,,,3.548600262840269,-129.96263549607554,-3.909836773617245,-12.469755333767813,23.196849182193183,-25.314803258876665,3.42,1.59,198.0,99.9,13.0,90.3,2128.0,6.5,746103,543510,656811,702616,602104,683002,681297,656775,623993,53.96,0.921,0.901,0.9,1.0,1.0,0.0,4.0,25,5,Changeup,1,3,1,3,3,1,1,3,Infield shade,Standard,217.0,0.05,0.427,74.7,8.1,1.144,-0.427,99.9,-2,-2,0.328,0.328,29,29,30,30,2,1,6.0,1.0,5.0,1.0,2.27,1.03,-1.03,42.1,17.53143013233636,2.2546042482549695,34.38721959615477,41.851389726672544,26.7578537622904
SL,2024-08-28,87.4,-0.81,6.0,"Ohtani, Shohei",660271,669203,home_run,hit_into_play,,,,,4.0,Shohei Ohtani homers (42) on a fly ball to right center field.,R,L,R,LAD,BAL,X,,fly_ball,1,2,2024,0.59,-0.05,-0.44,2.4,,,,0,1,Bot,201.59,59.77,,,,,-0.3191064887526162,-127.42255985677376,-2.488103713142965,6.5005671366233795,24.4788947443933,-32.456690758385434,3.42,1.59,391.0,102.2,33.0,87.9,3017.0,6.4,746103,543510,656811,702616,602104,683002,681297,656775,623993,54.13,0.5663793103448276,1.1390000000000002,2.0,1.0,0.0,3.0,6.0,4,5,Slider,0,0,0,0,0,1,1,0,Infield shade,Standard,81.0,0.103,1.182,71.9,8.4,2.2348275862068965,-1.182,102.2,0,0,0.542,0.542,29,29,30,30,1,0,6.0,1.0,5.0,1.0,3.01,-0.59,0.59,43.2,16.896420013767504,-12.355564308910695,32.18903642886418,43.12627837184603,34.52115333140129
CU,2024-08-27,78.7,1.3,5.83,"Ohtani, Shohei",660271,608344,field_out,hit_into_play,,,,,5.0,Shohei Ohtani pops out to third baseman Ramón Urías on the infield fly rule.,R,L,L,LAD,BAL,X,5.0,popup,1,0,2024,-0.92,-0.26,0.0,2.42,,571771.0,621035.0,0,5,Bot,119.63,187.13,,,,,-1.1110664934684602,-114.6766160019768,-0.1173045078518921,-7.927930778253984,20.758263944305483,-34.61871651931465,3.41,1.58,42.0,84.3,76.0,78.6,2219.0,6.1,746105,668939,656811,702616,602104,683002,681297,656775,623993,54.37,0.001,0.0,0.0,1.0,0.0,0.0,3.0,39,2,Curveball,2,3,2,3,3,2,2,3,Standard,Standard,315.0,-0.085,-0.292,78.4,8.1,0.001,0.292,88.0,-1,-1,0.561,0.561,30,29,30,30,3,2,6.0,2.0,6.0,1.0,3.92,-0.92,-0.92,36.4,19.958538850840675,-16.065608264643846,34.67627578832624,38.86851410896048,37.518399624105
SI,2024-08-27,92.2,1.0,6.08,"Ohtani, Shohei",660271,608344,single,hit_into_play,,,,,6.0,Shohei Ohtani singles on a ground ball to center fielder Cedric Mullins.,R,L,L,LAD,BAL,X,8.0,ground_ball,0,0,2024,1.28,0.85,0.6,2.19,,,,2,3,Bot,141.77,102.11,,,,,-3.799189031005356,-134.1788103686192,-5.879549496053136,16.252915872272542,29.458474677878623,-20.85470948270058,3.41,1.58,10.0,99.4,-12.0,92.0,2096.0,6.2,746105,668939,656811,702616,602104,683002,681297,656775,623993,54.29,0.253,0.243,0.9,1.0,1.0,0.0,2.0,22,1,Sinker,1,1,1,1,1,1,1,1,Infield shade,Standard,131.0,0.014,0.333,79.7,7.1,0.286,-0.333,99.4,0,0,0.512,0.512,30,29,30,30,2,1,6.0,2.0,6.0,1.0,1.84,1.28,1.28,38.7,-2.3865255264610097,15.893337357796351,40.65914638786661,32.082523983707155,19.270567635347824
SI,2024-08-27,90.1,1.17,6.17,"Ohtani, Shohei",660271,608344,single,hit_into_play,,,,,12.0,Shohei Ohtani singles on a line drive to right fielder Anthony Santander.,R,L,L,LAD,BAL,X,9.0,line_drive,0,0,2024,1.25,0.94,1.42,3.37,,,,0,1,Bot,198.29,110.85,,,,,-2.025966546435565,-131.1816155360271,-3.0007904758912467,14.89656009771993,27.938991546489923,-20.856520667582096,3.41,1.58,281.0,85.9,23.0,90.1,2070.0,6.2,746105,668939,656811,702616,602104,683002,681297,656775,623993,54.25,0.247,0.236,0.9,1.0,1.0,0.0,3.0,4,1,Sinker,0,0,0,0,0,0,0,0,Infield shade,Standard,135.0,0.035,0.448,81.6,7.0,0.324,-0.448,88.0,0,0,0.548,0.548,30,29,30,30,1,0,6.0,2.0,6.0,1.0,1.86,1.25,1.25,40.2,17.576111529408205,-10.325912487846958,32.14021701075895,23.058650702697346,28.901136644161
FF,2024-08-25,90.6,3.43,5.42,"Ohtani, Shohei",660271,682052,field_out,hit_into_play,,,,,5.0,Shohei Ohtani lines out sharply to left fielder Josh Lowe.,R,L,L,LAD,TB,X,7.0,line_drive,0,1,2024,0.95,1.03,0.19,2.18,,,,2,5,Bot,61.42,92.08,,,,,-10.250789079619343,-131.66036801468044,-4.447653846947402,13.050850283773002,25.19113999171268,-19.35814433575028,3.43,1.58,310.0,107.2,14.0,92.1,2073.0,7.0,746106,666163,664040,676609,691406,670764,666139,642350,676356,53.47,0.75,0.796,0.0,1.0,0.0,0.0,5.0,37,2,4-Seam Fastball,1,0,1,0,0,1,1,0,Infield shade,Standard,134.0,-0.009,-0.215,75.5,7.0,1.12,0.215,107.2,1,1,0.669,0.669,26,29,26,30,3,2,112.0,1.0,,2.0,1.73,0.95,0.95,31.5,-5.982538109753615,13.60318009797056,37.52698760169236,37.38767636812112,17.1752657401319
FF,2024-08-25,91.0,3.32,5.46,"Ohtani, Shohei",660271,682052,field_out,hit_into_play,,,,,4.0,Shohei Ohtani flies out to right fielder Jonny DeLuca.,R,L,L,LAD,TB,X,9.0,fly_ball,0,0,2024,1.05,0.79,-0.43,2.48,,,,0,1,Bot,176.41,62.16,,,,,-11.786505811943664,-131.9866366818204,-3.260414546034274,14.868260599490394,28.902327393627857,-22.375499413382748,3.43,1.58,360.0,97.9,33.0,91.7,2105.0,7.0,746106,666163,664040,676609,691406,670764,666139,642350,676356,53.53,0.307125,0.585875,0.0,1.0,0.0,0.0,5.0,4,1,4-Seam Fastball,0,0,0,0,0,0,0,0,Infield shade,Standard,130.0,-0.022,-0.254,76.2,8.5,1.1555,0.254,97.9,0,0,0.548,0.548,26,29,26,30,1,0,112.0,1.0,,2.0,1.98,1.05,1.05,29.4,14.810369371177266,-13.69864715615416,28.842834137257757,44.175576449740106,33.023503609894625
FS,2024-08-24,92.2,-1.55,6.08,"Ohtani, Shohei",660271,671737,home_run,hit_into_play,,,,,7.0,Shohei Ohtani homers (41) on a fly ball to right field. Miguel Rojas scores.,R,L,R,LAD,TB,X,,fly_ball,2,1,2024,-0.87,0.74,-0.4,2.12,,,500743.0,1,5,Bot,229.2,90.92,,,,,4.824295843179215,-134.1660988540281,-5.900991024304382,-11.557724195726674,27.118280908261017,-22.194671424645833,3.43,1.58,338.0,96.7,32.0,92.7,1360.0,6.4,746108,656577,650490,666624,691406,676609,666185,676356,666139,54.07,0.294,0.5771111111111111,2.0,1.0,0.0,3.0,5.0,45,4,Split-Finger,4,5,4,5,5,6,6,5,Infield shade,Standard,209.0,0.261,1.401,70.4,8.7,1.1271111111111114,-1.401,96.7,-1,-1,0.426,0.426,23,29,23,30,3,2,5.0,1.0,6.0,1.0,1.93,0.87,-0.87,55.8,20.14474285311796,-18.745600619944764,36.03167053064028,41.5809980794771,39.630322914484495
FF,2024-08-24,94.6,-1.74,6.29,"Ohtani, Shohei",660271,669270,field_out,hit_into_play,,,,,4.0,Shohei Ohtani flies out to left fielder Dylan Carlson.,R,L,R,LAD,TB,X,7.0,fly_ball,2,1,2024,-0.77,1.04,-0.6,2.83,,,,1,7,Bot,55.46,98.72,,,,,4.718009902339777,-137.77956280095634,-5.78491566989542,-10.798821682342751,26.820162573226416,-17.855228879583997,3.43,1.58,304.0,93.4,43.0,96.0,2134.0,6.8,746108,656577,650490,666624,691406,676609,666185,676356,666139,53.72,0.008,0.01,0.0,1.0,0.0,0.0,3.0,62,4,4-Seam Fastball,7,5,7,5,5,7,7,5,Infield shade,Standard,221.0,-0.009,-0.302,75.4,8.0,0.019,0.302,93.4,2,2,0.877,0.877,29,29,29,30,1,3,2.0,1.0,,1.0,1.48,0.77,-0.77,38.4,4.47755697843263,3.535045105758558,31.045685853652348,44.602394181274406,20.61853249465816
FS,2024-08-24,92.2,-1.63,6.08,"Ohtani, Shohei",660271,671737,single,hit_into_play,,,,,8.0,Shohei Ohtani singles on a line drive to right fielder Josh Lowe.,R,L,R,LAD,TB,X,9.0,line_drive,1,1,2024,-0.99,0.47,-0.24,2.02,,,,0,1,Bot,190.61,98.56,,,,,5.714484580857895,-134.1042830715607,-5.5750199062898895,-13.133046163824986,27.46991085470806,-25.46717553876326,3.43,1.58,198.0,96.3,14.0,92.8,1538.0,6.5,746108,656577,650490,666624,691406,676609,666185,676356,666139,53.97,0.908,0.873,0.9,1.0,1.0,0.0,4.0,9,3,Split-Finger,0,4,0,4,4,0,0,4,Infield shade,Standard,218.0,0.033,0.46,80.7,8.3,1.084,-0.46,96.3,-4,-4,0.195,0.195,23,29,23,30,1,0,5.0,1.0,6.0,1.0,2.2,0.99,-0.99,56.9,17.719528512379746,-10.685312343662671,39.50795172392433,40.69184121108195,33.85288760629139
ST,2024-08-24,79.6,1.06,5.26,"Ohtani, Shohei",660271,664076,field_out,hit_into_play,,,,,12.0,Shohei Ohtani flies out to right fielder Josh Lowe. Miguel Rojas to 3rd.,R,L,L,LAD,TB,X,9.0,fly_ball,1,1,2024,-1.2,-0.54,0.96,2.96,,500743.0,,0,10,Bot,189.47,72.01,,,,,2.009019047748287,-115.92658863699408,2.660703808851606,-11.19069482930729,21.875118575244937,-37.71901474548195,3.43,1.58,350.0,99.4,42.0,78.9,2803.0,5.8,746108,666163,650490,666624,676609,670764,666185,676356,666139,54.7,0.074,0.126,0.0,1.0,0.0,0.0,3.0,85,3,Sweeper,7,9,7,9,9,7,7,9,Standard,Standard,304.0,-0.076,-0.267,82.9,7.4,0.247,0.267,99.4,-2,-2,0.207,0.207,30,29,30,30,1,4,1.0,1.0,3.0,1.0,4.13,-1.2,-1.2,37.2,13.316618805084108,-9.98090483758653,37.398368884307274,27.9338169647112,34.832104320082934
SI,2024-08-23,89.3,1.63,5.52,"Ohtani, Shohei",660271,641302,single,hit_into_play,,,,,12.0,Shohei Ohtani singles on a soft ground ball to shortstop Taylor Walls.,R,L,L,LAD,TB,X,6.0,ground_ball,0,1,2024,1.19,0.84,1.38,2.85,,,,0,4,Bot,113.65,157.47,,,,,-3.115578954900096,-130.12776773643645,-2.376023417914595,14.146620633689372,25.76163411899268,-22.276145251181543,3.43,1.57,24.0,57.6,-3.0,89.4,1999.0,6.2,746111,542963,650490,664040,691406,670764,666139,642350,676356,54.35,0.1,0.092,0.9,1.0,1.0,0.0,1.0,29,2,Sinker,0,3,0,3,3,0,0,3,Strategic,Standard,140.0,0.047,0.485,63.4,5.9,0.114,-0.485,88.0,-3,-3,0.212,0.212,29,29,30,30,2,1,5.0,2.0,5.0,1.0,1.99,1.19,1.19,32.4,-9.08567311624479,18.606275788979065,43.24780827535051,21.802755206173135,17.615588912545103
SL,2024-08-23,84.3,0.91,6.22,"Ohtani, Shohei",660271,621363,home_run,hit_into_play,,,,,7.0,Shohei Ohtani hits a grand slam (40) to center field. Will Smith scores. Tommy Edman scores. Max Muncy scores.,R,L,L,LAD,TB,X,,fly_ball,0,0,2024,-0.66,0.19,-0.3,1.94,669257.0,669242.0,571970.0,2,9,Bot,159.0,45.51,,,,,-1.5313103769462322,-122.8045169010823,-4.057528164054629,-6.374191420716742,22.929190486192965,-29.667561134962856,3.43,1.57,389.0,105.1,35.0,85.8,2389.0,7.1,746111,542963,650490,664040,691406,670764,666139,642350,676356,53.42,0.638875,1.2872083333333335,2.0,1.0,0.0,3.0,6.0,72,1,Slider,3,3,3,3,3,7,7,3,Standard,Standard,235.0,0.335,1.128,81.6,8.3,2.534875000000001,-1.128,105.1,0,0,0.665,0.665,30,29,30,30,1,4,1.0,2.0,4.0,1.0,2.99,-0.66,-0.66,68.9,17.044327183506187,-5.72493238899202,39.30091452903211,42.02193411321759,33.42338058316507
SI,2024-08-23,90.2,1.69,5.58,"Ohtani, Shohei",660271,641302,field_out,hit_into_play,,,,,9.0,Shohei Ohtani lines out to first baseman Yandy Díaz.,R,L,L,LAD,TB,X,3.0,line_drive,2,1,2024,1.27,0.92,0.46,1.83,,,,0,1,Bot,160.97,164.16,,,,,-5.730545894030839,-131.19287818264775,-5.264120777600477,15.924009134171166,29.216187076388167,-20.62131248517642,3.43,1.57,126.0,92.1,9.0,89.6,2064.0,6.1,746111,542963,650490,664040,691406,670764,666139,642350,676356,54.43,0.587,0.542,0.0,1.0,0.0,0.0,4.0,6,4,Sinker,0,1,0,1,1,0,0,1,Infield shade,Standard,140.0,-0.028,-0.296,84.7,8.4,0.653,0.296,92.1,-1,-1,0.452,0.452,29,29,30,30,1,0,5.0,2.0,5.0,1.0,1.9,1.27,1.27,33.4,20.601225183434032,-13.9816068328838,42.90200043884717,34.57832625292368,39.394008560109825
SI,2024-08-23,92.6,2.37,5.3,"Ohtani, Shohei",660271,663992,field_out,hit_into_play,,,,,14.0,"Shohei Ohtani grounds out sharply, shortstop Taylor Walls to first baseman Yandy Díaz.",R,L,L,LAD,TB,X,6.0,ground_ball,1,0,2024,1.47,0.55,0.85,2.15,,,,1,5,Bot,125.01,188.46,,,,,-7.228704715510936,-134.6444644400422,-3.4770687877347077,19.463539719681993,28.876454007493887,-24.907616029564412,3.43,1.57,38.0,111.8,-2.0,94.3,2167.0,7.3,746111,542963,650490,664040,691406,670764,666139,642350,676356,53.22,0.474,0.426,0.0,1.0,0.0,0.0,4.0,41,2,Sinker,3,3,3,3,3,3,3,3,Strategic,Standard,128.0,-0.025,-0.295,75.2,6.9,0.492,0.295,111.8,0,0,0.54,0.54,28,29,29,30,1,2,1.0,2.0,2.0,1.0,2.11,1.47,1.47,19.1,-0.7568015445309416,11.799462786338982,42.69012426298389,30.726291518938112,18.556813600784228
SI,2024-08-23,97.1,1.02,5.38,"Ohtani, Shohei",660271,664076,field_out,hit_into_play,,,,,6.0,"Shohei Ohtani grounds out, second baseman Brandon Lowe to first baseman Yandy Díaz.",R,L,L,LAD,TB,X,4.0,ground_ball,1,0,2024,1.43,0.92,0.55,2.38,,,571771.0,2,7,Bot,150.58,159.28,,,,,-4.4948200833780145,-141.32592581458573,-4.542925623541148,20.121598432788208,33.44686662382773,-19.007181257029888,3.43,1.57,5.0,81.4,-24.0,96.4,2417.0,6.0,746111,542963,650490,664040,691406,670764,666139,642350,676356,54.53,0.034,0.072,0.0,1.0,0.0,0.0,2.0,56,2,Sinker,3,3,3,3,3,3,3,3,Infield shade,Standard,142.0,-0.045,-0.304,79.1,7.2,0.034,0.304,88.0,0,0,0.545,0.545,30,29,30,30,1,3,2.0,2.0,1.0,1.0,1.5,1.43,1.43,38.0,1.990039100028944,14.182986648894865,36.60301107741302,33.57014153277893,20.685902057279822
FC,2024-08-21,94.2,-1.56,5.71,"Ohtani, Shohei",660271,669302,single,hit_into_play,,,,,5.0,Shohei Ohtani singles on a line drive to right fielder Dominic Canzone.,R,L,R,LAD,SEA,X,9.0,line_drive,3,1,2024,0.04,1.13,0.15,2.6,,,,1,5,Bot,163.55,68.68,,,,,4.490604206047178,-137.20794550167204,-5.044229474996831,-0.4294904440065842,28.090678924408184,-16.9827505195608,3.43,1.57,266.0,97.8,17.0,96.9,2283.0,7.6,746110,663728,457759,593871,668942,660844,668227,670042,686527,52.92,0.445,0.47,0.9,1.0,1.0,0.0,4.0,39,5,Cutter,3,1,3,1,1,3,3,1,Infield shade,Standard,194.0,0.01,0.253,77.7,7.8,0.686,-0.253,97.8,2,2,0.803,0.803,27,29,27,30,3,2,5.0,1.0,6.0,2.0,1.42,-0.04,0.04,43.8,12.33243625906285,6.747446919336867,37.313268937019345,35.43152955002333,22.693858742034365
CU,2024-08-21,85.7,-2.34,5.36,"Ohtani, Shohei",660271,663423,field_out,hit_into_play,,,,,6.0,Shohei Ohtani flies out to left fielder Randy Arozarena.,R,L,R,LAD,SEA,X,7.0,fly_ball,0,0,2024,0.55,-0.76,0.6,2.16,595281.0,,,0,6,Bot,90.7,128.84,,,,,5.840050607641645,-124.79581333844386,0.1853762809301049,4.698313632095058,23.534915362165627,-40.36222546653595,3.43,1.57,199.0,79.4,54.0,86.2,3130.0,6.4,746110,663728,457759,593871,664238,660844,668227,670042,686527,54.08,0.032,0.039,0.0,1.0,0.0,0.0,3.0,55,1,Curveball,8,2,8,2,2,8,8,2,Strategic,Standard,46.0,-0.002,-0.204,78.3,7.8,0.053,0.204,88.0,6,6,0.992,0.992,30,29,31,30,1,3,2.0,1.0,3.0,2.0,3.84,-0.55,0.55,44.8,9.879220043621094,-6.196800618497628,42.54914756358146,29.864068328164137,29.397157906316853
ST,2024-08-21,84.4,-1.55,5.57,"Ohtani, Shohei",660271,700187,field_out,hit_into_play,,,,,14.0,Shohei Ohtani grounds out to first baseman Justin Turner. Tommy Edman to 2nd.,R,L,R,LAD,SEA,X,3.0,ground_ball,1,2,2024,1.37,-0.55,0.07,1.17,,,669242.0,1,8,Bot,148.76,176.19,,,,,1.0356342624412638,-122.98289256470562,-2.7582609198972454,13.71775820302519,24.84543247581748,-37.44513628099241,3.43,1.57,6.0,89.7,-10.0,83.4,2703.0,5.6,746110,663728,457759,593871,664238,660844,668227,670042,686527,54.9,0.163,0.176,0.0,1.0,0.0,0.0,2.0,73,4,Sweeper,8,3,8,3,3,8,8,3,Infield shade,Standard,38.0,0.0,-0.244,87.5,8.2,0.197,0.244,89.7,5,5,0.995,0.995,22,29,23,30,1,4,3.0,1.0,2.0,2.0,3.75,-1.37,1.37,29.5,10.51767038703354,-4.737892703559403,46.62324676400159,37.00017500592307,29.496706638758837
FC,2024-08-20,91.3,-1.46,5.36,"Ohtani, Shohei",660271,682243,field_out,hit_into_play,,,,,3.0,"Shohei Ohtani grounds out, pitcher Bryce Miller to first baseman Luke Raley.",R,L,R,LAD,SEA,X,1.0,ground_ball,2,1,2024,0.09,1.09,0.72,3.02,,,595281.0,2,4,Bot,128.78,183.53,,,,,5.257313012753173,-133.03081805685554,-2.409343473054931,0.0678083040966867,25.336561118812128,-18.889600955211247,3.48,1.59,11.0,81.7,-15.0,91.4,2605.0,6.0,746107,663728,670042,593871,668942,660844,668227,645302,571745,54.48,0.079,0.072,0.0,1.0,0.0,0.0,2.0,40,4,Cutter,2,3,2,3,3,2,2,3,Infield shade,Standard,199.0,-0.033,-0.307,65.8,5.7,0.084,0.307,88.0,-1,-1,0.395,0.395,25,29,26,30,3,2,5.0,1.0,6.0,1.0,1.62,-0.09,0.09,45.4,-6.1984087704209925,27.768378889436995,37.39493975431523,27.809698487685257,15.467131733510058
FS,2024-08-20,87.1,-1.49,5.34,"Ohtani, Shohei",660271,682243,triple,hit_into_play,,,,,7.0,Shohei Ohtani triples (6) on a sharp line drive to right fielder Mitch Haniger.,R,L,R,LAD,SEA,X,9.0,line_drive,2,2,2024,-0.63,-0.08,-0.3,1.54,,,,1,3,Bot,161.82,54.78,,,,,4.142590181465595,-126.75147808840624,-2.748621600865706,-7.66595847594553,27.82522669440305,-32.69038785748546,3.48,1.59,275.0,109.8,13.0,86.7,880.0,6.2,746107,663728,670042,593871,668942,660844,668227,645302,571745,54.27,0.805,0.862,1.6,1.0,1.0,2.0,5.0,27,6,Split-Finger,0,3,0,3,3,0,0,3,Infield shade,Standard,235.0,0.067,1.119,75.4,8.2,1.22,-1.119,109.8,-3,-3,0.21,0.21,25,29,26,30,2,1,5.0,1.0,6.0,1.0,3.11,0.63,-0.63,39.1,7.18256965781758,2.6060120528800703,43.062873565652545,41.182466657776594,25.109117928264467
FC,2024-08-20,89.8,-2.58,5.61,"Ohtani, Shohei",660271,608723,single,hit_into_play,,,,,9.0,Shohei Ohtani singles on a sharp line drive to right fielder Mitch Haniger.,R,L,R,LAD,SEA,X,9.0,line_drive,2,2,2024,0.19,0.44,0.36,1.96,,,,2,8,Bot,189.55,65.74,,,,,6.881557805843254,-130.65299649141082,-4.022796377783416,0.8011486458660437,25.377064054242425,-26.488599404917963,3.48,1.59,364.0,115.5,19.0,90.1,2525.0,6.3,746107,663728,457759,664238,668942,660844,686527,668227,571745,54.22,0.91,1.645,0.9,1.0,1.0,0.0,6.0,71,6,Cutter,6,3,6,3,3,6,6,3,Infield shade,Standard,170.0,0.002,0.37,78.7,8.0,3.129,-0.37,115.5,3,3,0.967,0.967,32,29,32,30,1,4,2.0,1.0,4.0,1.0,2.37,-0.19,0.19,38.1,13.251313707377488,-2.987098129529461,43.64014531617004,33.79882086119146,29.747269706413412
SL,2024-08-20,86.5,-1.61,5.14,"Ohtani, Shohei",660271,662253,field_out,hit_into_play,,,,,7.0,Shohei Ohtani lines out sharply to first baseman Justin Turner.,R,L,R,LAD,SEA,X,3.0,line_drive,1,1,2024,0.41,-0.12,-0.36,1.87,,669242.0,,1,7,Bot,162.77,150.91,,,,,2.168761711330853,-126.07820113962124,-1.4354967283589315,4.016268652418612,22.44080842744224,-33.3935190901819,3.48,1.59,154.0,100.1,9.0,87.8,2290.0,6.7,746107,663728,457759,593871,668942,660844,668227,645302,571745,53.78,0.682,0.624,0.0,1.0,0.0,0.0,4.0,59,3,Slider,2,3,2,3,3,2,2,3,Standard,Standard,104.0,-0.074,-0.247,75.9,8.5,0.776,0.247,100.1,-1,-1,0.405,0.405,25,29,25,30,1,3,5.0,1.0,3.0,1.0,3.13,-0.41,0.41,30.8,13.298638474451058,-10.592387076776909,36.60514816584881,42.369230074123195,32.6184319261166
CH,2024-08-19,89.3,-1.51,4.97,"Ohtani, Shohei",660271,693433,field_out,hit_into_play,,,,,7.0,"Shohei Ohtani grounds out, second baseman Jorge Polanco to first baseman Justin Turner.",R,L,R,LAD,SEA,X,4.0,ground_ball,0,1,2024,-1.41,0.26,-0.78,2.13,,,,0,6,Bot,151.95,151.73,,,,,4.788028009940288,-130.02678173592182,-1.5653722972554902,-16.983080621655517,26.013760181777943,-29.066607093396613,3.47,1.59,88.0,83.5,7.0,90.1,1874.0,6.6,746109,663728,457759,593871,668942,664238,668227,645302,670042,53.88,0.4,0.36,0.0,1.0,0.0,0.0,4.0,40,2,Changeup,0,0,0,0,0,0,0,0,Infield shade,Standard,246.0,-0.029,-0.217,82.1,8.3,0.425,0.217,88.0,0,0,0.571,0.571,24,29,24,30,3,2,5.0,1.0,6.0,1.0,2.58,1.41,-1.41,27.3,9.372412999555625,-10.65394575941817,35.55173434571438,47.39376814394919,29.490367659600143
FF,2024-08-19,94.9,-1.2,5.21,"Ohtani, Shohei",660271,693433,field_out,hit_into_play,,,,,2.0,Shohei Ohtani flies out to center fielder Victor Robles.,R,L,R,LAD,SEA,X,8.0,fly_ball,0,1,2024,-0.64,1.32,0.12,3.36,,,,1,3,Bot,118.05,96.46,,,,,4.915076626499313,-138.23354542075634,-2.1788300269847,-9.334021293457353,30.044000230040364,-14.89851584415836,3.47,1.59,258.0,89.2,50.0,95.4,2164.0,6.5,746109,663728,457759,593871,668942,664238,668227,645302,670042,54.03,0.011,0.015,0.0,1.0,0.0,0.0,3.0,20,2,4-Seam Fastball,0,0,0,0,0,0,0,0,Infield shade,Standard,215.0,-0.015,-0.219,77.8,7.2,0.022,0.219,89.2,0,0,0.527,0.527,24,29,24,30,2,1,5.0,1.0,6.0,1.0,1.2,0.64,-0.64,32.5,7.215801703685724,6.985923468291394,28.11024550730807,36.89703083539536,26.066016428109048
SI,2024-08-19,95.1,-1.24,5.27,"Ohtani, Shohei",660271,693433,single,hit_into_play,,,,,2.0,Shohei Ohtani singles on a ground ball to left fielder Randy Arozarena.,R,L,R,LAD,SEA,X,7.0,ground_ball,2,2,2024,-1.37,0.53,0.14,3.38,,,,0,1,Bot,79.57,137.11,,,,,6.722121336993439,-138.34383101740528,-0.4773489146291482,-19.042861227997673,30.51865205194027,-25.464434643057285,3.47,1.59,65.0,75.9,2.0,95.7,2388.0,6.6,746109,663728,457759,593871,668942,664238,668227,645302,670042,53.88,0.147,0.144,0.9,1.0,1.0,0.0,2.0,4,5,Sinker,0,0,0,0,0,0,0,0,Infield shade,Standard,218.0,0.037,0.476,71.8,6.0,0.171,-0.476,88.0,0,0,0.546,0.546,24,29,24,30,1,0,5.0,1.0,6.0,1.0,1.99,1.37,-1.37,32.5,-6.399345615477392,27.665886515914274,27.9948994585997,34.77809671020738,12.549466859187511
CU,2024-08-18,79.7,-0.6,5.65,"Ohtani, Shohei",660271,543243,home_run,hit_into_play,,,,,5.0,Shohei Ohtani homers (39) on a fly ball to right center field.,R,L,R,STL,LAD,X,,fly_ball,0,0,2024,0.72,-1.41,-0.13,2.38,,,,1,5,Top,203.23,58.08,,,,,-0.314796502863471,-115.97016532836616,2.3341329662137213,6.4691540592986865,24.423968019566413,-45.506488575678134,3.48,1.59,396.0,113.5,22.0,79.8,2703.0,6.7,745139,686780,502671,680977,571448,691026,502054,687363,691023,53.85,0.9762222222222222,1.9043333333333332,2.0,1.0,0.0,3.0,6.0,32,1,Curveball,0,0,0,0,1,0,1,0,Infield shade,Standard,27.0,-0.144,1.583,81.8,8.1,3.701777777777777,-1.583,113.5,0,0,0.53,0.47,34,29,35,30,3,2,6.0,1.0,6.0,1.0,5.04,-0.72,0.72,54.2,16.395428878817107,-4.473735962190904,35.95522978133967,39.96228477586551,31.698473883140597
FC,2024-08-18,89.5,-0.77,5.55,"Ohtani, Shohei",660271,543243,field_out,hit_into_play,,,,,2.0,Shohei Ohtani pops out to third baseman Nolan Arenado.,R,L,R,STL,LAD,X,5.0,popup,1,1,2024,0.52,0.55,0.16,3.07,,,,0,3,Top,74.23,140.75,,,,,1.2019208558492216,-130.51811189750998,-1.344237731516957,5.790242827758449,25.08616516711967,-25.81034245096669,3.48,1.59,196.0,85.1,63.0,90.5,2608.0,6.6,745139,686780,502671,680977,571448,691026,502054,687363,691023,53.89,0.016,0.015,0.0,1.0,0.0,0.0,3.0,17,3,Cutter,0,0,0,0,0,0,0,0,Infield shade,Standard,150.0,0.024,-0.243,77.0,7.7,0.018,0.243,88.0,0,0,0.501,0.499,34,29,35,30,2,1,6.0,1.0,6.0,1.0,2.27,-0.52,0.52,50.1,10.070465694386176,5.185116721344903,28.777798066972913,37.503721318195296,24.822109444131957
SI,2024-08-18,94.5,1.88,5.47,"Ohtani, Shohei",660271,667463,field_out,hit_into_play,,,,,14.0,"Shohei Ohtani grounds out, first baseman Paul Goldschmidt to pitcher John King.",R,L,L,STL,LAD,X,3.0,ground_ball,0,1,2024,1.25,0.46,0.97,2.06,,,,1,9,Top,158.1,156.32,,,,,-5.088620090103099,-137.41945090124528,-4.141193178965399,16.91188500796233,33.28375883521746,-25.6238698593732,3.48,1.59,18.0,103.0,-6.0,93.4,2218.0,5.9,745139,575929,502671,680977,571448,691026,676475,687363,691023,54.64,0.358,0.34,0.0,1.0,0.0,0.0,2.0,66,2,Sinker,1,2,2,1,2,1,2,1,Infield shade,Standard,125.0,0.011,-0.219,82.3,7.7,0.393,0.219,103.0,-1,1,0.183,0.817,29,29,30,30,1,4,4.0,1.0,2.0,1.0,2.12,1.25,1.25,29.8,11.199728846730135,-4.552026015379202,41.5499028922745,28.097083086343837,28.21098008945453
KC,2024-08-17,80.3,-1.45,6.06,"Ohtani, Shohei",660271,669467,home_run,hit_into_play,,,,,5.0,Shohei Ohtani homers (38) on a line drive to right center field.,R,L,R,STL,LAD,X,,line_drive,1,1,2024,0.44,-1.12,-0.13,2.3,,,,2,5,Top,198.75,61.71,,,,,2.105052205471653,-117.01987197670164,0.4464815479944917,3.674599585799793,20.771422105824858,-42.806775468491,3.48,1.57,384.0,111.9,21.0,81.0,2870.0,6.6,745140,575929,502671,669357,571448,691026,680977,687363,663457,53.92,0.92625,1.7625000000000002,2.0,1.0,0.0,3.0,6.0,37,3,Knuckle Curve,3,1,1,3,2,3,2,3,Infield shade,Standard,23.0,-0.108,2.606,79.7,8.1,3.396625,-2.606,111.9,2,-2,0.801,0.1989999999999999,25,29,26,30,3,2,7.0,1.0,6.0,1.0,4.63,-0.44,0.44,61.4,19.2240013488161,-5.581602702145244,34.33993818689012,40.0719480449558,30.770211865809664
SL,2024-08-17,85.2,1.92,5.24,"Ohtani, Shohei",660271,668941,field_out,hit_into_play,,,,,7.0,Shohei Ohtani flies out to left fielder Brendan Donovan.,R,L,L,STL,LAD,X,7.0,fly_ball,1,2,2024,-1.39,-0.1,-0.73,1.88,,,,1,8,Top,79.88,114.37,,,,,-3.3778803411547904,-124.11586441894876,-1.3792640332915282,-13.681864440675868,25.573254339194833,-33.17204470515953,3.48,1.57,241.0,82.4,46.0,83.9,2849.0,5.4,745140,575929,502671,669357,571448,691026,680977,687363,663457,55.08,0.008,0.007,0.0,1.0,0.0,0.0,3.0,59,4,Slider,4,2,2,4,2,4,2,4,Infield shade,Standard,275.0,0.019,-0.182,65.2,8.0,0.008,0.182,88.0,2,-2,0.906,0.0939999999999999,27,29,28,30,1,3,1.0,1.0,4.0,1.0,3.24,-1.39,-1.39,31.3,7.80653364284199,2.872462156912767,30.88065429777104,49.670797647555105,24.65027772083924
CH,2024-08-16,86.6,-2.99,6.02,"Ohtani, Shohei",660271,571945,field_out,hit_into_play,,,,,7.0,Shohei Ohtani flies out to left fielder Tommy Pham.,R,L,R,STL,LAD,X,7.0,fly_ball,2,1,2024,-1.3,0.51,-0.67,1.72,,,,2,5,Top,55.14,124.46,,,,,8.23529757969722,-125.81033512464816,-5.057740900216128,-15.537457016352196,26.935925185823837,-25.91980226587459,3.47,1.57,255.0,82.5,49.0,86.8,1732.0,6.6,745144,686780,502671,680977,571448,691026,502054,687363,691023,53.9,0.011,0.009,0.0,1.0,0.0,0.0,3.0,35,4,Changeup,3,2,2,3,2,3,2,3,Infield shade,Standard,228.0,0.017,-0.303,77.8,8.3,0.014,0.303,88.0,1,-1,0.691,0.309,35,29,36,30,3,2,7.0,1.0,6.0,1.0,2.56,1.3,-1.3,39.1,10.612122012192776,3.6685759520285823,38.44718965075767,46.496736801017974,24.38076240132507
SL,2024-08-16,89.3,-2.81,6.32,"Ohtani, Shohei",660271,571945,field_out,hit_into_play,,,,,6.0,Shohei Ohtani lines out sharply to second baseman Brendan Donovan.,R,L,R,STL,LAD,X,4.0,line_drive,0,0,2024,0.27,0.51,0.5,2.21,,595281.0,,2,2,Top,154.34,142.71,,,,,7.586002028006264,-129.90951386652256,-5.215648131223587,1.5702051240209236,25.38588602362041,-25.546254095586058,3.47,1.57,161.0,106.8,9.0,89.8,2371.0,6.4,745144,686780,502671,680977,571448,691026,502054,687363,691023,54.06,0.8,0.761,0.0,1.0,0.0,0.0,4.0,13,1,Slider,0,2,2,0,2,0,2,0,Standard,Standard,180.0,0.027,-0.301,81.4,7.8,0.958,0.301,106.8,-2,2,0.314,0.6859999999999999,35,29,36,30,2,1,7.0,1.0,6.0,1.0,2.34,-0.27,0.27,41.5,11.03657066264276,1.0824996267168154,41.22040505183433,32.59929753395398,24.036808374998387
SI,2024-08-16,95.4,0.65,6.5,"Ohtani, Shohei",660271,669461,field_out,hit_into_play,,,,,2.0,"Shohei Ohtani grounds out, shortstop Masyn Winn to first baseman Paul Goldschmidt.",R,L,L,STL,LAD,X,6.0,ground_ball,2,2,2024,1.17,0.94,0.23,3.26,,,571771.0,2,6,Top,126.05,142.76,,,,,-3.731313404305325,-138.8702222590681,-5.03300830993723,16.042694936153946,30.114465847925477,-19.072937405931736,3.47,1.57,59.0,84.9,2.0,95.5,2088.0,6.2,745144,686780,502671,680977,571448,691026,502054,687363,691023,54.26,0.287,0.274,0.0,1.0,0.0,0.0,2.0,48,5,Sinker,4,7,7,4,7,4,7,4,Infield shade,Standard,150.0,0.011,-0.234,75.8,6.9,0.339,0.234,88.0,-3,3,0.152,0.848,24,29,25,30,1,3,2.0,1.0,2.0,1.0,1.56,1.17,1.17,44.0,5.597911278850266,21.3961009808756,29.660165524847425,36.34993963006558,19.071463626717563
FC,2024-08-15,89.7,-1.2,5.76,"Ohtani, Shohei",660271,668964,single,hit_into_play,,,,,7.0,Shohei Ohtani singles on a sharp ground ball to right fielder Sal Frelick.,R,L,R,MIL,LAD,X,9.0,ground_ball,2,2,2024,0.33,0.74,-0.45,2.06,,,,0,5,Top,168.0,102.0,,,,,1.1737354906031126,-130.69988072877322,-4.813962121765972,3.563830936967982,25.652352233694295,-22.885657104873943,3.48,1.58,71.0,108.6,2.0,90.7,2222.0,6.7,745950,661388,656555,668930,687401,642715,694192,669003,686217,53.81,0.547,0.494,0.9,1.0,1.0,0.0,4.0,34,6,Cutter,3,3,3,3,3,3,3,3,Strategic,Standard,174.0,-0.051,0.476,73.6,8.1,0.592,-0.476,108.6,0,0,0.503,0.497,25,29,26,30,3,2,5.0,1.0,6.0,1.0,2.07,-0.33,0.33,59.4,7.761660953204482,8.576036026017428,32.09422179784063,42.6641526387818,22.693442440758627
FC,2024-08-15,89.9,-1.06,5.8,"Ohtani, Shohei",660271,668964,field_out,hit_into_play,,,,,8.0,"Shohei Ohtani grounds out, first baseman Rhys Hoskins to pitcher Tobias Myers.",R,L,R,MIL,LAD,X,3.0,ground_ball,0,0,2024,0.36,0.63,-0.26,1.83,,,,0,3,Top,153.42,153.76,,,,,1.2422487845558603,-130.94083062797802,-5.275627450314935,3.8599387736231634,26.49963711571259,-23.990395013592813,3.48,1.58,3.0,93.9,-30.0,90.6,2244.0,6.6,745950,661388,656555,668930,687401,642715,694192,669003,686217,53.93,0.076,0.069,0.0,1.0,0.0,0.0,2.0,19,1,Cutter,3,2,2,3,2,3,2,3,Strategic,Standard,174.0,0.026,-0.254,77.6,8.2,0.085,0.254,93.9,1,-1,0.612,0.388,25,29,26,30,2,1,5.0,1.0,6.0,1.0,2.17,-0.36,0.36,61.4,8.145167449685395,3.17730829665549,34.331842240637826,40.39669332400184,23.103931722543948
FC,2024-08-15,89.1,-1.13,5.84,"Ohtani, Shohei",660271,668964,field_out,hit_into_play,,,,,4.0,Shohei Ohtani flies out to left fielder Jackson Chourio.,R,L,R,MIL,LAD,X,7.0,fly_ball,2,2,2024,0.29,0.95,-0.36,2.78,,,,0,1,Top,89.01,110.33,,,,,1.306603591421653,-129.75437012717393,-3.5258075194273575,3.050364158412453,26.13610122173212,-20.944279471107805,3.48,1.58,241.0,98.3,57.0,89.9,2207.0,6.6,745950,661388,656555,668930,687401,642715,694192,669003,686217,53.86,0.011,0.013,0.0,1.0,0.0,0.0,3.0,1,5,Cutter,0,0,0,0,0,0,0,0,Infield shade,Standard,179.0,0.02,-0.227,79.6,8.3,0.02,0.227,98.3,0,0,0.502,0.498,25,29,26,30,1,0,5.0,1.0,6.0,1.0,1.91,-0.29,0.29,61.2,12.662187224731303,-4.748239313335056,27.6216958856724,43.064909441463335,28.202807044575543
SI,2024-08-15,96.1,-2.75,5.26,"Ohtani, Shohei",660271,665625,field_out,hit_into_play,,,,,8.0,Shohei Ohtani lines out to center fielder Garrett Mitchell.,R,L,R,MIL,LAD,X,8.0,line_drive,0,0,2024,-1.43,0.32,-0.27,1.65,,500743.0,571771.0,2,6,Top,133.28,73.16,,,,,9.961449587587694,-139.6418906683344,-4.760485293504855,-20.89239287241264,30.1771561122377,-27.15743465419593,3.48,1.58,314.0,85.6,25.0,97.7,1822.0,7.2,745950,661388,656555,668930,687401,642715,694192,669003,686217,53.3,0.116,0.12,0.0,1.0,0.0,0.0,3.0,48,1,Sinker,3,4,4,3,4,3,4,3,Strategic,Standard,247.0,0.049,-0.279,64.1,8.1,0.186,0.279,88.0,-1,1,0.347,0.653,27,29,27,30,1,3,2.0,1.0,1.0,1.0,2.15,1.43,-1.43,20.3,61.5960001916834,142.16634988518663,23.93517076102852,40.367610055109125,22.393343203073098
FF,2024-08-14,96.9,-0.69,5.93,"Ohtani, Shohei",660271,593423,field_out,hit_into_play,,,,,5.0,Shohei Ohtani lines out sharply to left fielder Jackson Chourio.,R,L,R,MIL,LAD,X,7.0,line_drive,0,1,2024,-0.42,1.35,-0.19,2.27,,,,2,4,Top,33.31,108.0,,,,,2.271670407297254,-140.98401911360463,-7.312042296560144,-6.051011370684678,31.597975010223426,-12.693924565853363,3.48,1.59,320.0,101.3,20.0,97.0,2416.0,6.3,745951,661388,641343,668930,687401,642715,694192,669003,686217,54.2,0.321,0.487,0.0,1.0,0.0,0.0,5.0,34,2,4-Seam Fastball,3,3,3,3,3,3,3,3,Strategic,Standard,199.0,0.011,-0.215,76.2,7.6,0.87,0.215,101.3,0,0,0.549,0.4509999999999999,31,29,31,30,3,2,6.0,1.0,6.0,1.0,1.07,0.42,-0.42,48.6,-0.7782132869237712,15.553500354657444,34.086116057740504,41.07523311102226,11.597529344115724
FF,2024-08-14,97.5,-0.89,6.04,"Ohtani, Shohei",660271,593423,field_error,hit_into_play,,,,,8.0,Shohei Ohtani reaches on a fielding error by third baseman Joey Ortiz.,R,L,R,MIL,LAD,X,5.0,ground_ball,0,2,2024,-0.26,1.34,-0.02,2.12,,,,0,1,Top,103.55,158.53,,,,,2.9193617454974223,-141.82927211419857,-8.108060471723617,-4.178390275101526,32.22440791370497,-12.445493445559912,3.48,1.59,40.0,101.0,-1.0,97.4,2551.0,6.3,745951,661388,641343,668930,687401,642715,694192,669003,686217,54.25,0.392,0.353,0.9,1.0,0.0,0.0,4.0,1,3,4-Seam Fastball,0,0,0,0,0,0,0,0,Strategic,Standard,200.0,-0.044,0.574,70.2,7.0,0.415,-0.574,101.0,0,0,0.508,0.492,31,29,31,30,1,0,6.0,1.0,6.0,1.0,1.06,0.26,-0.26,49.4,-10.323462281721907,22.73353868247888,36.80721843285968,37.54001406338523,9.38633017542638
FF,2024-08-14,95.1,-2.31,5.17,"Ohtani, Shohei",660271,642207,field_out,hit_into_play,,,,,1.0,Shohei Ohtani flies out to left fielder Jackson Chourio.,R,L,R,MIL,LAD,X,7.0,fly_ball,0,1,2024,-1.12,1.12,-0.65,3.24,,,,0,9,Top,50.94,108.09,,,,,6.999616145134742,-138.38300278797877,-1.9404223576039592,-15.929908985455937,31.035615988390884,-17.619206445721424,3.48,1.59,292.0,95.5,47.0,97.0,2397.0,7.4,745951,661388,641343,668930,687401,642715,694192,669003,686217,53.14,0.011,0.017,0.0,1.0,0.0,0.0,3.0,71,2,4-Seam Fastball,5,4,4,5,4,5,4,5,Strategic,Strategic,229.0,0.062,-0.217,74.8,7.3,0.026,0.217,95.5,1,-1,0.846,0.154,29,29,30,30,1,4,4.0,1.0,1.0,1.0,1.41,1.12,-1.12,25.2,4.082972778544321,15.768193864795046,21.744873954240163,46.02442581833569,15.75562895116377
SI,2024-08-13,91.5,-1.97,5.42,"Ohtani, Shohei",660271,607067,field_out,hit_into_play,,,,,8.0,"Shohei Ohtani grounds out, third baseman Joey Ortiz to first baseman Rhys Hoskins. Andy Pages to 2nd.",R,L,R,MIL,LAD,X,5.0,ground_ball,2,2,2024,-0.81,0.75,0.08,2.06,,,681624.0,1,6,Top,128.5,159.07,,,,,7.001792526284737,-133.19183115646467,-4.3174673037477085,-11.085457039517696,26.465947683104364,-22.50171754990367,3.47,1.58,4.0,92.1,-26.0,92.7,2191.0,6.8,745954,661388,656555,668930,687401,642715,694192,669003,686217,53.67,0.1,0.093,0.0,1.0,0.0,0.0,2.0,47,5,Sinker,1,7,7,1,7,1,7,1,Strategic,Standard,209.0,0.001,-0.292,70.6,6.5,0.124,0.292,92.1,-6,6,0.027,0.973,33,29,34,30,4,3,7.0,1.0,5.0,1.0,1.95,0.81,-0.81,34.1,-18.676454809434127,32.64908225613637,40.286833503620166,36.565520648768114,2.5744532576374297
FS,2024-08-13,88.2,-1.92,5.59,"Ohtani, Shohei",660271,607067,home_run,hit_into_play,,,,,5.0,Shohei Ohtani homers (37) on a fly ball to right center field.,R,L,R,MIL,LAD,X,,fly_ball,1,0,2024,-1.16,0.3,-0.08,2.47,,,,2,3,Top,204.44,50.89,,,,,6.947355826534423,-128.30036287872764,-2.196275193637918,-14.18441480428088,24.671807944520804,-28.557904148308943,3.47,1.58,413.0,109.3,24.0,89.2,1128.0,6.8,745954,661388,656555,668930,687401,642715,694192,669003,686217,53.74,0.943709677419355,1.8765161290322585,2.0,1.0,0.0,3.0,6.0,19,2,Split-Finger,0,1,1,0,2,0,2,0,Strategic,Standard,248.0,-0.106,2.555,79.9,8.3,3.677838709677419,-2.555,109.3,-1,1,0.425,0.575,33,29,34,30,2,1,7.0,1.0,5.0,1.0,2.61,1.16,-1.16,35.1,15.431228728536242,-9.58985106523976,35.06347827394306,39.0923754638786,29.854665348249288
SI,2024-08-13,91.7,-2.17,5.77,"Ohtani, Shohei",660271,607067,field_out,hit_into_play,,,,,4.0,Shohei Ohtani flies out sharply to center fielder Garrett Mitchell.,R,L,R,MIL,LAD,X,8.0,fly_ball,0,0,2024,-1.24,0.97,-0.5,2.61,,,,0,1,Top,136.67,79.21,,,,,6.933882587743702,-133.35735763323555,-4.262402045358863,-16.30077905101899,26.819935328497778,-19.857737599417742,3.47,1.58,300.0,104.9,48.0,92.2,2248.0,6.5,745954,661388,656555,668930,687401,642715,694192,669003,686217,54.03,0.055,0.097,0.0,1.0,0.0,0.0,3.0,1,1,Sinker,0,0,0,0,0,0,0,0,Strategic,Strategic,211.0,0.022,-0.254,77.3,8.6,0.194,0.254,104.9,0,0,0.5,0.5,33,29,34,30,1,0,7.0,1.0,5.0,1.0,1.73,1.24,-1.24,36.9,21.13394779766846,-6.425452822611637,32.284856210513496,44.19805650822605,28.817028516678484
FF,2024-08-12,93.2,-2.92,5.11,"Ohtani, Shohei",660271,642547,home_run,hit_into_play,,,,,11.0,Shohei Ohtani homers (36) on a fly ball to left center field. Kevin Kiermaier scores.,R,L,R,MIL,LAD,X,,fly_ball,3,0,2024,-0.58,1.14,-0.87,2.64,,,595281.0,0,5,Top,71.9,36.02,,,,,6.605411789421006,-135.6853681225112,-3.1496088592140015,-8.554797437284448,27.96431250246969,-17.550280927717086,3.47,1.58,424.0,107.0,36.0,94.2,2354.0,6.7,745953,661388,656555,668930,687401,642715,694192,669003,686217,53.78,0.7539999999999999,1.5334210526315786,2.0,1.0,0.0,3.0,6.0,32,4,4-Seam Fastball,0,2,2,0,4,0,4,0,Strategic,Standard,219.0,-0.094,0.834,78.5,8.1,3.010842105263158,-0.834,107.0,-2,2,0.198,0.802,28,29,28,30,3,2,5.0,1.0,5.0,1.0,1.47,0.58,-0.58,36.4,7.641925878796749,-0.1236939366747877,33.86745874873995,47.98509136734272,20.865405531809497
FF,2024-08-12,96.1,-2.55,5.37,"Ohtani, Shohei",660271,642547,field_out,hit_into_play,,,,,11.0,"Shohei Ohtani grounds out, second baseman Brice Turang to first baseman Rhys Hoskins.",R,L,R,MIL,LAD,X,4.0,ground_ball,3,2,2024,-0.42,1.41,-0.98,2.62,571771.0,,,1,3,Top,144.45,159.98,,,,,5.163691130970095,-139.76959899890858,-4.873116073286204,-6.7686749159186155,34.764952100155625,-12.793720884574,3.47,1.58,60.0,31.7,31.0,96.4,2336.0,6.7,745953,661388,656555,668930,687401,642715,694192,669003,686217,53.75,0.229,0.242,0.0,1.0,0.0,0.0,1.0,17,6,4-Seam Fastball,0,0,0,0,0,0,0,0,Strategic,Standard,215.0,0.07,-0.223,71.1,8.1,0.273,0.223,88.0,0,0,0.443,0.5569999999999999,28,29,28,30,2,1,5.0,1.0,5.0,1.0,1.08,0.42,-0.42,40.7,6.6166739414132145,-0.4770304187377781,25.28704759711965,49.98339104010256,17.285052912308032
FF,2024-08-12,92.9,-2.37,5.56,"Ohtani, Shohei",660271,642547,field_out,hit_into_play,,,,,6.0,Shohei Ohtani lines out to center fielder Garrett Mitchell.,R,L,R,MIL,LAD,X,8.0,line_drive,1,0,2024,-0.48,1.39,0.66,2.77,,,,0,1,Top,118.82,58.96,,,,,8.866187149845896,-134.980036338587,-4.429415800404982,-7.765671316509785,29.44367110326444,-14.37123120283425,3.47,1.58,348.0,93.0,25.0,93.5,2395.0,6.7,745953,661388,656555,668930,687401,642715,694192,669003,686217,53.77,0.15,0.19,0.0,1.0,0.0,0.0,3.0,1,2,4-Seam Fastball,0,0,0,0,0,0,0,0,Strategic,Standard,212.0,0.026,-0.292,76.7,6.9,0.303,0.292,93.0,0,0,0.496,0.504,28,29,28,30,1,0,5.0,1.0,5.0,1.0,1.26,0.48,-0.48,45.9,5.77026782100766,-0.4150059410902812,41.09011969600359,30.262891310519215,23.310964261626296
SI,2024-08-11,93.9,1.29,5.72,"Ohtani, Shohei",660271,663559,field_out,hit_into_play,,,,,12.0,Shohei Ohtani grounds out to first baseman Rowdy Tellez.,R,L,L,LAD,PIT,X,3.0,ground_ball,1,2,2024,0.76,1.16,1.14,2.69,571771.0,681624.0,,1,4,Bot,152.9,163.54,,,,,-2.0963783148679633,-136.84885572879216,-4.8215390262627675,9.995102997643375,27.524302953906425,-16.666946845789443,3.48,1.6,63.0,86.7,3.0,95.8,1911.0,7.1,746114,663698,642133,643396,663647,665833,668804,572191,678225,53.4,0.366,0.343,0.0,1.0,0.0,0.0,2.0,34,7,Sinker,4,2,4,2,2,4,4,2,Strategic,Standard,168.0,-0.041,-0.053,81.5,7.2,0.454,0.053,88.0,2,2,0.832,0.832,27,29,27,30,3,2,5.0,1.0,6.0,1.0,1.39,0.76,0.76,53.7,10.489261864518264,-2.3944230571118106,39.36204122195734,25.182402367538096,27.6445971447146
SI,2024-08-11,93.0,1.22,5.73,"Ohtani, Shohei",660271,663559,field_out,hit_into_play,,,,,12.0,Shohei Ohtani flies out to center fielder Michael A. Taylor.,R,L,L,LAD,PIT,X,8.0,fly_ball,0,1,2024,0.78,1.33,1.16,2.92,571771.0,681624.0,,1,2,Bot,141.46,89.84,,,,,-1.9026085220272917,-135.47797780128218,-4.456486054909386,9.996144716218868,27.97401925048547,-15.002873154686464,3.48,1.6,276.0,76.2,32.0,94.8,1934.0,7.1,746114,663698,642133,643396,663647,665833,668804,572191,678225,53.37,0.163,0.147,0.0,1.0,0.0,0.0,3.0,16,2,Sinker,2,0,2,0,0,2,2,0,Strategic,Standard,171.0,-0.048,-0.177,75.2,6.7,0.194,0.177,88.0,2,2,0.8,0.8,27,29,27,30,2,1,5.0,1.0,6.0,1.0,1.29,0.78,0.78,52.0,4.253923196938306,3.3868491094107953,37.51785607832291,24.782677968188157,26.352182334406397
FF,2024-08-11,97.9,-1.87,5.69,"Ohtani, Shohei",660271,670280,field_out,hit_into_play,,,,,11.0,Shohei Ohtani pops out to third baseman Ke'Bryan Hayes in foul territory.,R,L,R,LAD,PIT,X,5.0,popup,1,2,2024,-0.9,1.17,-0.2,3.93,,571771.0,681624.0,1,10,Bot,73.62,154.04,,,,,6.634274610095701,-142.4644029212941,-1.9933859599799773,-13.823366149063068,31.298213841050146,-15.92427305079847,3.48,1.6,174.0,75.1,58.0,98.6,2444.0,6.6,746114,663698,656582,643396,663647,665833,668804,572191,678225,53.91,0.05,0.057,0.0,1.0,0.0,0.0,3.0,86,4,4-Seam Fastball,5,5,5,5,5,5,5,5,Standard,Standard,218.0,-0.072,-0.175,68.6,6.6,0.072,0.175,88.0,0,0,0.686,0.686,29,29,30,30,1,5,3.0,1.0,5.0,1.0,1.2,0.9,-0.9,39.8,0.473558153882295,13.828040466690409,17.798582131591385,39.42396214698966,18.26620516931014
FC,2024-08-11,84.4,0.93,5.95,"Ohtani, Shohei",660271,656222,triple,hit_into_play,,,,,4.0,Shohei Ohtani triples (5) on a line drive to right fielder Ji Hwan Bae.,R,L,L,LAD,PIT,X,9.0,line_drive,3,2,2024,-0.23,0.12,-0.42,2.72,,,,2,6,Bot,192.28,138.92,,,,,-2.685927837472709,-122.83620219554156,-1.352716528444945,-1.7280316685359434,25.877130238143188,-30.896197680522828,3.48,1.6,171.0,99.2,12.0,83.9,2090.0,6.1,746114,663698,642133,643396,663647,665833,668804,572191,678225,54.43,0.937,0.906,1.6,1.0,1.0,2.0,4.0,51,6,Cutter,4,2,4,2,2,4,4,2,Standard,Standard,247.0,0.017,0.586,75.3,8.7,1.137,-0.586,99.2,2,2,0.823,0.823,30,29,31,30,1,3,3.0,1.0,1.0,1.0,3.09,-0.23,-0.23,50.1,18.31660556318625,-22.202513826536197,32.52556800748328,42.75364269726475,38.17965232604739
SL,2024-08-11,90.7,0.38,6.13,"Ohtani, Shohei",660271,547973,field_out,hit_into_play,,,,,8.0,Shohei Ohtani pops out to shortstop Oneil Cruz.,R,L,L,LAD,PIT,X,6.0,popup,0,1,2024,-0.66,0.74,-0.05,2.11,,681624.0,,1,8,Bot,98.99,159.3,,,,,0.3434813448931139,-132.068054332222,-5.877505507053632,-7.83159371346529,26.14875035607859,-22.53678541131342,3.48,1.6,125.0,88.6,69.0,92.9,2370.0,7.4,746114,663698,656582,643396,663647,665833,668804,572191,678225,53.12,0.003,0.002,0.0,1.0,0.0,0.0,3.0,71,2,Slider,4,4,4,4,4,4,4,4,Standard,Standard,266.0,-0.063,-0.226,73.7,8.2,0.003,0.226,88.6,0,0,0.645,0.645,36,29,36,30,1,4,3.0,1.0,5.0,1.0,2.01,-0.66,-0.66,53.9,15.8729128890859,-9.024460215926672,36.996525876207755,38.524056944226515,33.04416194496042
FF,2024-08-11,91.5,1.17,5.82,"Ohtani, Shohei",660271,663559,field_out,hit_into_play,,,,,3.0,Shohei Ohtani flies out to left fielder Bryan Reynolds.,R,L,L,LAD,PIT,X,7.0,fly_ball,0,0,2024,0.44,1.44,0.59,3.37,,,,0,1,Bot,93.06,121.13,,,,,-2.4507130021583863,-133.309380910594,-3.5106377498720502,5.738241209336297,26.29817901176741,-14.45264446303191,3.48,1.6,214.0,82.7,55.0,93.1,2114.0,7.0,746114,663698,642133,643396,663647,665833,668804,572191,678225,53.51,0.001,0.0,0.0,1.0,0.0,0.0,3.0,4,1,4-Seam Fastball,0,0,0,0,0,0,0,0,Standard,Standard,165.0,-0.022,-0.254,79.8,7.0,0.001,0.254,88.0,0,0,0.548,0.548,27,29,27,30,1,0,5.0,1.0,6.0,1.0,1.26,0.44,0.44,53.3,9.943957437221966,1.5561726449510067,28.93606741406064,31.344675793900777,27.51425841276367
FS,2024-08-10,94.1,-2.85,5.51,"Ohtani, Shohei",660271,694973,field_out,hit_into_play,,,,,8.0,Shohei Ohtani grounds out to first baseman Rowdy Tellez.,R,L,R,LAD,PIT,X,3.0,ground_ball,0,1,2024,-1.19,0.26,-0.25,1.52,,,,0,1,Bot,160.4,168.08,,,,,9.44746224227594,-136.73985583218496,-5.2934748337117865,-16.985822212171087,27.56420551318972,-27.96832984700831,3.47,1.59,10.0,86.1,-8.0,94.9,1802.0,6.6,746112,518735,642133,643396,663647,665833,668804,572191,650559,53.85,0.137,0.13,0.0,1.0,0.0,0.0,2.0,4,2,Split-Finger,0,0,0,0,0,0,0,0,Standard,Standard,255.0,-0.019,-0.217,79.7,8.5,0.172,0.217,88.0,0,0,0.545,0.545,22,29,22,30,1,0,6.0,1.0,6.0,1.0,2.3,1.19,-1.19,18.4,15.544442422372308,-10.66636076198231,40.729753766858835,39.23772931424291,32.519494616214345
FF,2024-08-09,94.0,-1.83,5.69,"Ohtani, Shohei",660271,656605,field_out,hit_into_play,,,,,2.0,Shohei Ohtani flies out to shortstop Oneil Cruz.,R,L,R,LAD,PIT,X,6.0,fly_ball,0,1,2024,-1.05,1.07,-0.06,3.5,,518792.0,,1,4,Bot,100.84,125.18,,,,,6.906326176676304,-136.90790781242035,-2.4063747636677824,-14.640916696332404,26.83004111912824,-18.26495482685629,3.47,1.59,198.0,84.0,57.0,94.5,2471.0,6.3,746113,518735,642133,643396,663647,665833,668804,572191,650559,54.19,0.021,0.023,0.0,1.0,0.0,0.0,3.0,36,2,4-Seam Fastball,6,1,6,1,1,6,6,1,Infield shade,Standard,228.0,-0.006,-0.226,78.0,7.5,0.031,0.226,88.0,5,5,0.95,0.95,28,29,28,30,3,2,6.0,2.0,5.0,1.0,1.48,1.05,-1.05,32.8,13.61587271236479,2.985826584980381,27.855687816264453,38.1971036458696,24.687784835571605
SL,2024-08-09,88.4,-1.85,5.85,"Ohtani, Shohei",660271,656605,home_run,hit_into_play,,,,,9.0,Shohei Ohtani homers (35) on a fly ball to center field. Andy Pages scores.,R,L,R,LAD,PIT,X,,fly_ball,1,2,2024,0.4,0.11,0.29,1.79,,,681624.0,1,3,Bot,142.14,17.94,,,,,4.402381117911531,-128.71860537216693,-4.0960491920377615,3.604097602230742,24.94283161803213,-30.324827873211248,3.47,1.59,448.0,113.9,30.0,88.8,2560.0,6.3,746113,518735,642133,643396,663647,665833,668804,572191,650559,54.15,0.9865,2.0,2.0,1.0,0.0,3.0,6.0,21,4,Slider,1,0,1,0,0,3,3,0,Standard,Standard,129.0,0.164,1.506,,,3.947,-1.506,113.9,1,1,0.664,0.664,28,29,28,30,2,1,6.0,2.0,5.0,1.0,2.79,-0.4,0.4,37.5,,,,,
FF,2024-08-09,91.1,-1.33,5.36,"Ohtani, Shohei",660271,593334,field_out,hit_into_play,,,,,11.0,Shohei Ohtani lines out to center fielder Michael A. Taylor.,R,L,R,LAD,PIT,X,8.0,line_drive,2,2,2024,-0.72,1.26,-1.36,3.03,,,,1,6,Bot,105.91,66.77,,,,,1.465819739216338,-132.85938321587744,-2.756154829224708,-8.921028607238226,25.200301583070992,-16.775279928381924,3.47,1.59,333.0,97.7,18.0,91.1,2564.0,5.9,746113,518735,642133,643396,663647,665833,668804,572191,650559,54.61,0.374,0.425,0.0,1.0,0.0,0.0,4.0,56,5,4-Seam Fastball,9,4,9,4,4,9,9,4,Standard,Standard,218.0,-0.002,-0.225,65.9,7.7,0.63,0.225,97.7,5,5,0.971,0.971,31,29,32,30,1,3,,2.0,5.0,1.0,1.45,0.72,-0.72,29.0,2.926579735118143,8.981692143255554,23.274876983319057,54.748599364971795,14.790524121130163
FF,2024-08-07,92.1,-1.22,5.91,"Ohtani, Shohei",660271,663969,field_out,hit_into_play,,,,,12.0,Shohei Ohtani pops out softly to second baseman Bryson Stott.,R,L,R,LAD,PHI,X,4.0,popup,1,2,2024,-0.11,0.63,0.93,3.02,,,,1,4,Bot,163.69,143.39,,,,,5.653646948957047,-134.1657825993339,-2.9580736878626106,-2.3735586316142583,25.587451869909646,-24.059091390720017,3.49,1.6,170.0,56.3,41.0,92.3,2406.0,6.1,746115,592663,547180,681082,664761,607208,669016,679032,592206,54.42,0.166,0.149,0.0,1.0,0.0,0.0,1.0,34,5,4-Seam Fastball,4,1,4,1,1,4,4,1,Strategic,Standard,217.0,-0.006,-0.182,78.9,7.6,0.166,0.182,88.0,3,3,0.848,0.848,26,29,27,30,3,2,5.0,1.0,7.0,2.0,2.02,0.11,-0.11,31.7,12.871050882771597,-2.8525306882463504,36.71817569557045,26.595265657154552,28.405701699244403
FF,2024-08-07,92.9,-1.01,5.97,"Ohtani, Shohei",660271,663969,field_out,hit_into_play,,,,,3.0,"Shohei Ohtani grounds out sharply, first baseman Bryce Harper to pitcher Tyler Phillips. Austin Barnes to 3rd. Kevin Kiermaier to 2nd.",R,L,R,LAD,PHI,X,3.0,ground_ball,0,1,2024,-0.23,0.65,0.34,2.96,,605131.0,595281.0,0,2,Bot,158.26,162.63,,,,,3.9362955587267927,-135.2735580811554,-3.355853564803184,-3.599749846878861,27.70362768412762,-23.717971174691353,3.49,1.6,34.0,94.4,-3.0,92.8,2311.0,6.0,746115,592663,547180,681082,664761,607208,669720,669016,592206,54.45,0.313,0.304,0.0,1.0,0.0,0.0,2.0,18,2,4-Seam Fastball,2,1,2,1,1,2,2,1,Standard,Standard,222.0,0.005,-0.272,77.2,7.4,0.337,0.272,94.4,1,1,0.727,0.727,26,29,27,30,2,1,5.0,1.0,7.0,2.0,1.98,0.23,-0.23,30.9,7.26781014260638,-1.3370675356160726,30.735406936733813,33.55302073313878,25.50399302362495
SL,2024-08-07,85.3,-1.67,5.35,"Ohtani, Shohei",660271,628708,field_out,hit_into_play,,,,,5.0,Shohei Ohtani pops out to third baseman Alec Bohm in foul territory.,R,L,R,LAD,PHI,X,5.0,popup,1,0,2024,0.47,-0.15,0.01,2.71,,518792.0,605131.0,1,9,Bot,88.0,186.86,,,,,2.9843687839319024,-124.39856927137632,0.2948958473211533,4.354064368799354,22.31055631891836,-33.99723631199921,3.49,1.6,109.0,98.2,77.0,85.4,2823.0,6.0,746115,592663,547180,681082,664761,607208,669016,679032,592206,54.49,0.011,0.013,0.0,1.0,0.0,0.0,3.0,77,2,Slider,4,9,4,9,9,4,4,9,Standard,Standard,104.0,-0.018,-0.269,81.3,7.9,0.016,0.269,98.2,-5,-5,0.022,0.022,29,29,29,30,1,4,5.0,1.0,3.0,2.0,3.24,-0.47,0.47,38.6,21.279186270800125,-7.224737375525154,36.124807141964695,36.95459919016123,33.21197224229668
FC,2024-08-07,94.1,1.02,6.61,"Ohtani, Shohei",660271,621237,force_out,hit_into_play,,,,,13.0,"Shohei Ohtani grounds into a force out, shortstop Trea Turner to second baseman Bryson Stott. Andy Pages out at 2nd. Shohei Ohtani to 1st.",R,L,L,LAD,PHI,X,6.0,ground_ball,0,1,2024,0.03,0.63,-1.02,2.06,,,681624.0,0,7,Bot,109.2,157.18,,,,,-5.419466150860385,-136.93783397172385,-7.576458096046936,1.5339364881054898,28.038802013752456,-22.786089395265925,3.49,1.6,3.0,67.5,-32.0,94.9,2109.0,6.6,746115,592663,547180,681082,664761,607208,669016,679032,592206,53.89,0.058,0.087,0.0,1.0,0.0,0.0,2.0,60,2,Cutter,4,8,4,8,8,4,4,8,Standard,Standard,153.0,-0.027,-0.31,75.1,8.5,0.058,0.31,88.0,-4,-4,0.1,0.1,29,29,29,30,1,3,4.0,1.0,1.0,2.0,1.93,0.03,0.03,62.3,11.16586263261115,-10.322318658165,33.08753418671517,51.60438500141615,28.32964037971824
CU,2024-08-07,81.0,-1.21,5.88,"Ohtani, Shohei",660271,663969,field_out,hit_into_play,,,,,9.0,"Phillies challenged (play at 1st), call on the field was overturned: Shohei Ohtani grounds out, second baseman Bryson Stott to first baseman Bryce Harper.",R,L,R,LAD,PHI,X,4.0,ground_ball,0,1,2024,0.6,-1.02,0.33,1.53,,,,0,1,Bot,150.39,158.39,,,,,2.283054679872639,-118.07835586679911,-1.1515205134274151,5.218588937919055,22.107361384113055,-41.759863823607205,3.49,1.6,2.0,70.4,-39.0,81.3,2558.0,6.4,746115,592663,547180,681082,664761,607208,669720,669016,592206,54.12,0.108,0.129,0.0,1.0,0.0,0.0,2.0,5,2,Curveball,0,1,0,1,1,0,0,1,Standard,Standard,39.0,-0.02,-0.217,80.0,8.8,0.108,0.217,88.0,-1,-1,0.444,0.444,26,29,27,30,1,0,5.0,1.0,7.0,2.0,4.48,-0.6,0.6,33.6,25.739953023633273,-23.48043585791033,45.29243901783626,34.18045142121088,43.36029139396347
SI,2024-08-06,93.1,1.89,5.96,"Ohtani, Shohei",660271,650911,field_out,hit_into_play,,,,,12.0,Shohei Ohtani lines out to second baseman Edmundo Sosa.,R,L,L,LAD,PHI,X,4.0,line_drive,0,0,2024,1.28,0.56,1.29,2.79,,,595281.0,2,5,Bot,141.64,136.68,,,,,-4.424438236789221,-135.53511473695949,-3.664919182217195,16.763675257058857,28.734267817764245,-24.626487956783983,3.49,1.6,165.0,72.3,19.0,94.5,1988.0,7.0,746120,592663,547180,624641,664761,607208,669720,669016,592206,53.49,0.879,0.802,0.0,1.0,0.0,0.0,4.0,40,1,Sinker,0,1,0,1,1,0,0,1,Standard,Standard,117.0,-0.035,-0.271,76.6,7.1,0.939,0.271,88.0,-1,-1,0.375,0.375,27,29,28,30,3,2,6.0,1.0,5.0,1.0,2.06,1.28,1.28,33.5,7.802298107209168,3.64062007363768,42.44852557735771,24.593253410709387,23.81344129836652
SI,2024-08-06,93.7,1.74,6.03,"Ohtani, Shohei",660271,650911,field_out,hit_into_play,,,,,5.0,Shohei Ohtani flies out to left fielder Austin Hays.,R,L,L,LAD,PHI,X,7.0,fly_ball,2,2,2024,1.28,0.7,0.08,2.68,,,595281.0,0,3,Bot,62.62,110.19,,,,,-7.211856884933408,-136.35436798136243,-4.551223060887609,17.565180191157,28.378949656807215,-22.58094532758085,3.49,1.6,271.0,89.5,45.0,95.0,1986.0,6.9,746120,592663,547180,624641,664761,607208,669720,669016,592206,53.58,0.001,0.0,0.0,1.0,0.0,0.0,3.0,20,5,Sinker,0,0,0,0,0,0,0,0,Standard,Standard,118.0,-0.033,-0.233,78.5,7.6,0.001,0.233,89.5,0,0,0.591,0.591,27,29,28,30,2,1,6.0,1.0,5.0,1.0,1.88,1.28,1.28,35.2,8.227404555297658,5.466700589375,34.07252065440637,38.33824377025667,24.391281674332955
SL,2024-08-06,82.8,3.45,5.33,"Ohtani, Shohei",660271,621381,field_out,hit_into_play,,,,,1.0,Shohei Ohtani flies out to right fielder Nick Castellanos.,R,L,L,LAD,PHI,X,9.0,fly_ball,3,2,2024,-0.74,0.33,-0.79,2.9,,571771.0,681624.0,2,7,Bot,186.82,114.06,,,,,-8.18913438144879,-120.34527260578466,0.3265553168134281,-5.524296182062764,23.696667884746397,-29.3076092492305,3.49,1.6,259.0,84.2,46.0,82.2,2661.0,6.0,746120,592663,547180,624641,664761,607208,669720,669016,592206,54.5,0.005,0.006,0.0,1.0,0.0,0.0,3.0,61,7,Slider,1,4,1,4,4,1,1,4,Standard,Standard,290.0,-0.06,-0.297,76.6,8.4,0.012,0.297,88.0,-3,-3,0.132,0.132,32,29,33,30,1,3,3.0,1.0,1.0,1.0,3.01,-0.74,-0.74,34.6,16.631267121381114,-17.810931067607754,27.950165145324533,47.48089312301113,39.777740272234595
SI,2024-08-06,93.0,1.87,6.03,"Ohtani, Shohei",660271,650911,field_out,hit_into_play,,,,,9.0,"Shohei Ohtani grounds out sharply, second baseman Edmundo Sosa to first baseman Bryce Harper.",R,L,L,LAD,PHI,X,4.0,ground_ball,0,0,2024,1.34,0.49,0.48,2.05,,,,0,1,Bot,139.92,144.04,,,,,-6.56587887242756,-135.30041776347107,-5.599635131861358,17.863606878354094,26.37672271981628,-25.227052966509447,3.49,1.6,9.0,106.8,-12.0,94.6,2020.0,7.0,746120,592663,547180,624641,664761,607208,669720,669016,592206,53.53,0.289,0.274,0.0,1.0,0.0,0.0,2.0,4,1,Sinker,0,0,0,0,0,0,0,0,Standard,Standard,118.0,-0.022,-0.254,74.9,7.5,0.311,0.254,106.8,0,0,0.548,0.548,27,29,28,30,1,0,6.0,1.0,5.0,1.0,2.13,1.34,1.34,32.7,2.670445426446497,12.73895561894522,41.98389372579903,34.22906764483916,18.801315431740097
FF,2024-08-05,92.9,-1.6,4.98,"Ohtani, Shohei",660271,605400,double,hit_into_play,,,,,5.0,Shohei Ohtani doubles (29) on a sharp line drive to right fielder Nick Castellanos.,R,L,R,LAD,PHI,X,9.0,line_drive,3,0,2024,-0.89,1.2,0.13,2.21,,,,1,5,Bot,214.97,115.55,,,,,6.450628308514858,-135.2065841414702,-3.9629671203286105,-12.307385442282284,29.408589400155535,-16.82002205684189,3.5,1.59,213.0,117.1,11.0,93.9,2347.0,6.9,746116,596117,547180,681082,664761,607208,669720,669016,592206,53.63,0.847,0.935,1.25,1.0,1.0,1.0,6.0,37,4,4-Seam Fastball,4,2,4,2,2,4,4,2,Strategic,Standard,226.0,0.019,0.407,87.1,8.1,1.314,-0.407,117.1,2,2,0.807,0.807,31,29,31,30,3,2,6.0,1.0,5.0,1.0,1.44,0.89,-0.89,19.7,17.152931834043038,-7.423677071832417,41.73694775718979,34.94368516280417,32.75215375364488
FF,2024-08-05,94.1,-1.71,4.96,"Ohtani, Shohei",660271,605400,sac_fly,hit_into_play,,,,,5.0,Shohei Ohtani out on a sacrifice fly to right fielder Nick Castellanos. Andy Pages scores. Nick Ahmed to 2nd.,R,L,R,LAD,PHI,X,9.0,fly_ball,0,0,2024,-0.83,1.31,0.22,2.72,681624.0,,605113.0,0,3,Bot,178.48,61.26,,,,,6.927585837741209,-136.94553394716198,-3.0694995761425896,-11.981900591046887,28.455114852253253,-15.174024515467552,3.5,1.59,364.0,113.1,47.0,95.2,2416.0,6.8,746116,596117,547180,681082,664761,607208,669720,669016,592206,53.69,0.332,0.694,0.0,1.0,0.0,0.0,6.0,22,1,4-Seam Fastball,1,2,1,2,2,2,2,2,Standard,Standard,225.0,-0.005,-0.244,81.6,8.2,1.318,0.244,113.1,-1,-1,0.582,0.582,31,29,31,30,2,1,6.0,1.0,5.0,1.0,1.25,0.83,-0.83,21.3,18.941558175905566,-14.729962308006728,36.786730755618755,34.47418805196597,31.586147446090163
CH,2024-08-05,86.3,2.58,6.21,"Ohtani, Shohei",660271,621383,home_run,hit_into_play,,,,,5.0,Shohei Ohtani homers (34) on a fly ball to center field.,R,L,L,LAD,PHI,X,,fly_ball,1,0,2024,0.94,0.57,-0.16,2.66,,,,0,8,Bot,85.16,49.19,,,,,-8.34614974995302,-125.48484961263964,-3.4427542342716064,11.46436096537911,21.89299545348723,-25.67102497851649,3.5,1.59,384.0,107.4,37.0,86.0,1934.0,5.8,746116,596117,547180,681082,664761,607208,669720,669016,592206,54.67,0.6752666666666668,1.3719333333333334,2.0,1.0,0.0,3.0,6.0,60,2,Changeup,4,3,4,3,3,5,5,3,Standard,Standard,146.0,0.069,1.076,78.4,7.8,2.6904666666666666,-1.076,107.4,1,1,0.869,0.869,32,29,33,30,1,3,3.0,1.0,4.0,1.0,2.46,0.94,0.94,55.0,9.460387881271467,4.539555855640365,33.09164698524377,42.07218449581806,26.1394225488414
FF,2024-08-05,93.3,-1.65,5.02,"Ohtani, Shohei",660271,605400,field_out,hit_into_play,,,,,6.0,Shohei Ohtani pops out to third baseman Alec Bohm in foul territory.,R,L,R,LAD,PHI,X,5.0,popup,2,1,2024,-1.13,1.07,0.45,2.59,,,,0,1,Bot,95.8,182.86,,,,,7.960947467188195,-135.79179491326155,-2.925323426906695,-15.624262453221329,26.787192153516877,-18.42937704574031,3.5,1.59,88.0,94.1,78.0,94.8,2384.0,6.9,746116,596117,547180,681082,664761,607208,669720,669016,592206,53.55,0.013,0.018,0.0,1.0,0.0,0.0,3.0,4,4,4-Seam Fastball,0,0,0,0,0,0,0,0,Standard,Standard,226.0,-0.025,-0.296,82.9,8.2,0.023,0.296,94.1,0,0,0.551,0.551,31,29,31,30,1,0,6.0,1.0,5.0,1.0,1.53,1.13,-1.13,19.9,12.352049477971928,-6.644834664198587,39.15689896618383,31.83254421563634,31.490387666549104
SL,2024-08-04,84.9,-2.43,5.74,"Ohtani, Shohei",660271,674370,field_out,hit_into_play,,,,,8.0,Shohei Ohtani flies out to right fielder Lawrence Butler.,R,L,R,ATH,LAD,X,9.0,fly_ball,2,2,2024,0.38,0.77,-0.03,1.95,,,,0,5,Top,215.39,106.91,,,,,4.844880887347449,-123.4805291320349,-4.05903098529179,2.895789260656762,25.385190622350635,-23.666600747977466,3.5,1.6,315.0,89.2,34.0,84.4,2228.0,6.1,745627,669127,664913,680869,647351,680474,609280,668709,671732,54.41,0.021,0.025,0.0,1.0,0.0,0.0,3.0,35,5,Slider,2,3,3,2,3,2,3,2,Infield shade,Standard,62.0,0.022,-0.227,80.8,8.5,0.045,0.227,89.2,-1,1,0.364,0.636,28,29,29,30,3,2,7.0,1.0,6.0,1.0,2.4,-0.38,0.38,36.3,19.673527245581212,-17.901660615179686,37.694261043499395,39.987078735546696,41.445908095595435
CH,2024-08-04,90.3,-2.3,5.84,"Ohtani, Shohei",660271,674370,field_out,hit_into_play,,,,,7.0,Shohei Ohtani flies out to left fielder Miguel Andujar.,R,L,R,ATH,LAD,X,7.0,fly_ball,0,2,2024,-1.64,0.67,-0.49,1.83,,,605131.0,1,2,Top,69.03,100.81,,,,,8.00576877770326,-131.11979743057245,-5.40920207647898,-20.655107021051677,29.96204580319238,-23.425946612539676,3.5,1.6,282.0,90.4,48.0,90.2,2190.0,6.5,745627,669127,664913,680869,647351,680474,609280,668709,671732,54.0,0.001,0.0,0.0,1.0,0.0,0.0,3.0,16,3,Changeup,2,2,2,2,2,2,2,2,Infield shade,Standard,230.0,0.02,-0.163,65.1,8.2,0.001,0.163,90.4,0,0,0.508,0.492,28,29,29,30,2,1,7.0,1.0,6.0,1.0,2.15,1.64,-1.64,32.7,21.56302702558579,12.292283433254966,34.378976659380946,44.19377699332732,26.414449862578493
FC,2024-08-03,91.2,-2.56,6.19,"Ohtani, Shohei",660271,687765,single,hit_into_play,,,,,6.0,"Shohei Ohtani singles on a ground ball to shortstop Max Schuemann, deflected by second baseman Darell Hernaiz.",R,L,R,ATH,LAD,X,4.0,ground_ball,2,0,2024,0.26,0.7,0.28,2.26,,,,2,5,Top,142.13,152.93,,,,,6.595774399000806,-132.76749263073515,-5.573761210788041,1.8699773425707475,25.558307470986065,-22.975520078856043,3.51,1.61,13.0,103.0,-9.0,91.8,2569.0,6.4,745636,669127,664913,687231,647351,680474,609280,668709,671732,54.09,0.282,0.272,0.9,1.0,1.0,0.0,2.0,36,3,Cutter,0,2,2,0,2,0,2,0,Infield shade,Standard,191.0,-0.007,0.225,77.6,7.3,0.298,-0.225,103.0,-2,2,0.277,0.723,26,29,26,30,3,2,7.0,1.0,6.0,1.0,2.02,-0.26,0.26,49.1,3.0253151372789526,13.160572543237066,39.64460924583813,33.82336076119086,20.533596984325847
SL,2024-08-03,85.1,1.49,6.55,"Ohtani, Shohei",660271,666205,single,hit_into_play,,,,,7.0,Shohei Ohtani singles on a ground ball to center fielder JJ Bleday.,R,L,L,ATH,LAD,X,8.0,ground_ball,1,1,2024,-0.14,0.02,-0.42,1.93,,,,0,9,Top,143.14,100.03,,,,,-4.192849383271082,-123.798886044828,-4.478296900291884,-0.4477042930081498,28.534363706366452,-31.175890491137952,3.51,1.61,16.0,106.2,-6.0,84.5,2062.0,6.3,745636,669127,664913,687231,647351,680474,609280,668709,671732,54.23,0.347,0.337,0.9,1.0,1.0,0.0,2.0,69,3,Slider,0,4,4,0,4,0,4,0,Infield shade,Standard,233.0,-0.002,0.46,77.0,7.9,0.363,-0.46,106.2,-4,4,0.015,0.985,26,29,27,30,1,4,6.0,1.0,42.0,1.0,3.17,-0.14,-0.14,51.7,8.168935894211446,2.6434193326444944,34.99826468135422,44.3346580113196,23.81749346421386
FF,2024-08-02,94.8,-2.2,6.14,"Ohtani, Shohei",660271,683155,field_out,hit_into_play,,,,,12.0,Shohei Ohtani pops out to third baseman Abraham Toro.,R,L,R,ATH,LAD,X,5.0,popup,1,2,2024,-0.64,1.57,0.98,2.69,,,,1,6,Top,79.45,137.36,,,,,9.702731420842008,-137.48152810516524,-6.774381745979607,-10.364545673826484,33.00785793520498,-10.8923960210629,3.51,1.6,195.0,69.4,50.0,94.1,2394.0,6.3,745631,669127,664913,680869,647351,680474,609280,668709,671732,54.24,0.134,0.129,0.0,1.0,0.0,0.0,3.0,44,5,4-Seam Fastball,6,2,2,6,2,6,2,6,Infield shade,Standard,216.0,0.007,-0.182,71.7,7.0,0.164,0.182,88.0,4,-4,0.938,0.062,22,29,23,30,3,2,7.0,2.0,5.0,1.0,1.0,0.64,-0.64,38.3,5.9797522557675915,4.085941408073712,41.48218333009846,25.984699144237595,23.487351330069917
FF,2024-08-02,92.7,-2.24,6.06,"Ohtani, Shohei",660271,683155,field_out,hit_into_play,,,,,5.0,Shohei Ohtani flies out sharply to center fielder JJ Bleday.,R,L,R,ATH,LAD,X,8.0,fly_ball,0,1,2024,-0.82,1.45,0.28,2.62,,,,1,3,Top,106.79,49.76,,,,,8.190762191418107,-134.61196619814214,-6.099383489622196,-11.795054259029554,29.214120699318933,-13.363991267580394,3.51,1.6,372.0,105.5,37.0,92.3,2340.0,6.2,745631,669127,664913,680869,647351,680474,609280,668709,671732,54.34,0.5896875000000001,1.1925,0.0,1.0,0.0,0.0,6.0,18,2,4-Seam Fastball,0,2,2,0,2,0,2,0,Infield shade,Standard,219.0,0.011,-0.219,79.3,7.5,2.3519375,0.219,105.5,-2,2,0.308,0.692,22,29,23,30,2,1,7.0,2.0,5.0,1.0,1.21,0.82,-0.82,39.8,11.326514238887132,2.522807483636533,37.62220100740211,33.61100708761296,26.68270525583735
FF,2024-08-02,93.4,-3.39,6.08,"Ohtani, Shohei",660271,621053,home_run,hit_into_play,,,,,2.0,Shohei Ohtani homers (33) on a fly ball to right field. Enrique Hernández scores. James Outman scores.,R,L,R,ATH,LAD,X,,fly_ball,1,1,2024,-0.89,1.52,0.17,3.24,,571771.0,681546.0,2,9,Top,224.74,67.16,,,,,11.038267590657036,-135.5005696735535,-4.8055035967323185,-13.403849695648717,30.470663327403248,-12.602580402085284,3.51,1.6,405.0,116.3,25.0,92.6,2328.0,6.0,745631,669127,663527,680869,647351,680474,609280,668709,671732,54.46,0.998,2.002,2.0,1.0,0.0,3.0,6.0,73,3,4-Seam Fastball,6,2,2,6,5,6,5,6,Standard,Standard,233.0,-0.027,1.679,79.0,7.5,3.93,-1.679,116.3,4,-4,0.99,0.01,30,29,31,30,1,4,3.0,2.0,2.0,1.0,1.12,0.89,-0.89,30.2,16.361906198410857,-4.774538938278729,32.98145784346671,36.199388626100315,28.692085192192383
SL,2024-08-02,88.0,-3.76,5.01,"Ohtani, Shohei",660271,613534,field_out,hit_into_play,,,,,1.0,"Shohei Ohtani grounds out, first baseman Seth Brown to pitcher Austin Adams.",R,L,R,ATH,LAD,X,3.0,ground_ball,1,2,2024,0.65,0.1,-0.29,3.04,642708.0,571771.0,681546.0,2,7,Top,160.44,154.96,,,,,7.040566920149146,-128.144938641874,1.0343696219150402,5.851811335063016,24.487051707979333,-31.42616423061511,3.51,1.6,9.0,76.9,-18.0,87.7,2885.0,5.9,745631,669127,664913,680869,647351,680474,609280,668709,671732,54.63,0.047,0.061,0.0,1.0,0.0,0.0,2.0,57,5,Slider,6,2,2,6,2,6,2,6,Infield shade,Standard,66.0,0.042,-0.216,74.9,7.9,0.047,0.216,88.0,4,-4,0.929,0.0709999999999999,33,29,33,30,1,3,3.0,2.0,2.0,1.0,2.82,-0.65,0.65,4.7,11.851046594967183,0.1189748055892103,27.79497745919596,40.04506201671808,25.83553297609606
FF,2024-08-02,93.5,-2.05,5.95,"Ohtani, Shohei",660271,683155,field_out,hit_into_play,,,,,11.0,Shohei Ohtani flies out sharply to center fielder JJ Bleday.,R,L,R,ATH,LAD,X,8.0,fly_ball,0,0,2024,-0.91,1.19,-0.99,3.34,,,,0,1,Top,105.66,54.75,,,,,4.706681195407149,-136.12837093686068,-3.637038676934664,-12.32636772905154,29.035105361676155,-16.742064008251642,3.52,1.6,361.0,103.4,42.0,93.4,2206.0,6.1,745631,669127,664913,680869,647351,680474,609280,668709,671732,54.38,0.242,0.474,0.0,1.0,0.0,0.0,5.0,1,1,4-Seam Fastball,0,0,0,0,0,0,0,0,Infield shade,Standard,213.0,0.022,-0.254,76.1,7.9,0.931,0.254,103.4,0,0,0.5,0.5,22,29,23,30,1,0,7.0,2.0,5.0,1.0,1.41,0.91,-0.91,37.9,8.3265206378989,6.318890468404198,23.867304203938232,50.11356236440358,20.27033508005445
FF,2024-07-31,97.4,-0.97,6.17,"Ohtani, Shohei",660271,656302,field_out,hit_into_play,,,,,5.0,"Shohei Ohtani grounds out, second baseman Xander Bogaerts to first baseman Jake Cronenworth.",R,L,R,SD,LAD,X,4.0,ground_ball,3,1,2024,-0.16,1.59,0.24,2.64,624415.0,,,2,5,Top,153.14,154.0,,,,,3.6289682968035497,-141.59154435763804,-7.607034648873277,-3.0332633785163505,33.10497042536794,-9.217135541149483,3.49,1.6,32.0,96.4,-3.0,97.5,2485.0,6.5,745386,669134,630105,593428,592518,673490,595777,701538,669369,54.02,0.329,0.311,0.0,1.0,0.0,0.0,2.0,42,5,4-Seam Fastball,7,1,1,7,1,7,1,7,Infield shade,Strategic,191.0,0.011,-0.362,79.0,7.9,0.347,0.362,96.4,6,-6,0.967,0.033,28,29,29,30,3,2,6.0,1.0,6.0,2.0,0.82,0.16,-0.16,55.9,7.58294962069623,3.628415192566457,34.59713856514306,36.194422148141776,21.022100656736637
KC,2024-07-31,82.3,-0.88,5.97,"Ohtani, Shohei",660271,656302,field_out,hit_into_play,,,,,5.0,"Shohei Ohtani grounds out, second baseman Xander Bogaerts to first baseman Donovan Solano.",R,L,R,SD,LAD,X,4.0,ground_ball,3,2,2024,-0.12,-1.26,0.05,2.21,,,,0,1,Top,149.77,159.54,,,,,2.3543469140422473,-119.65518082763822,0.6010662323990463,-1.704235161159298,28.319606001089703,-44.48762121158692,3.49,1.6,3.0,61.0,-30.0,81.3,2643.0,6.2,745386,669134,456781,593428,592518,673490,595777,701538,669369,54.33,0.076,0.086,0.0,1.0,0.0,0.0,2.0,1,7,Knuckle Curve,0,0,0,0,0,0,0,0,Infield shade,Strategic,26.0,0.027,-0.333,80.4,8.9,0.076,0.333,88.0,0,0,0.495,0.505,28,29,29,30,1,0,6.0,1.0,6.0,2.0,4.7,0.12,-0.12,52.0,25.365572467667175,-29.493990737010296,36.414542490619624,37.55685301047872,42.978191436227
CH,2024-07-31,89.8,-1.14,5.98,"Ohtani, Shohei",660271,592094,field_out,hit_into_play,,,,,11.0,Shohei Ohtani lines out to second baseman Xander Bogaerts.,R,L,R,SD,LAD,X,4.0,line_drive,0,1,2024,-1.58,0.28,-0.97,3.09,,,,1,8,Top,156.99,143.01,,,,,3.766299736686115,-130.73551605498346,-1.7454090372257105,-18.85273403455501,28.699859862130157,-28.823768945210528,3.49,1.6,164.0,88.2,12.0,89.8,2186.0,6.3,745386,669134,630105,593428,592518,673490,595777,701538,669369,54.15,0.747,0.687,0.0,1.0,0.0,0.0,4.0,63,2,Changeup,8,1,1,8,1,8,1,8,Infield shade,Strategic,228.0,0.001,-0.219,73.1,8.4,0.838,0.219,88.2,7,-7,0.998,0.002,32,29,33,30,1,3,5.0,1.0,3.0,2.0,2.55,1.58,-1.58,27.8,15.746244523560346,-13.039951492567289,24.298422020595986,50.05019917475899,27.484035234776087
FC,2024-07-30,86.6,-1.25,5.35,"Ohtani, Shohei",660271,663362,field_out,hit_into_play,,,,,6.0,Shohei Ohtani flies out to center fielder Jackson Merrill.,R,L,R,SD,LAD,X,8.0,fly_ball,2,0,2024,0.21,0.97,0.63,2.77,,,,1,2,Top,145.3,66.5,,,,,4.102006513437731,-126.14883359258752,-1.9876537353407424,1.423647362582502,25.136601673456944,-21.639253772014698,3.5,1.59,332.0,99.8,41.0,87.5,2169.0,6.8,745389,543309,630105,593428,592518,673490,595777,701538,444482,53.72,0.132,0.256,0.0,1.0,0.0,0.0,3.0,13,3,Cutter,0,5,5,0,5,0,5,0,Infield shade,Strategic,200.0,0.008,-0.367,82.8,7.8,0.483,0.367,99.8,-5,5,0.114,0.886,27,29,28,30,2,1,6.0,2.0,5.0,1.0,2.06,-0.21,0.21,26.1,18.566253107396864,-0.8735720068129182,36.46357598404646,31.330455965342324,28.782869800435893
SL,2024-07-30,86.4,2.92,5.55,"Ohtani, Shohei",660271,670970,field_out,hit_into_play,,,,,4.0,Shohei Ohtani lines out sharply to right fielder David Peralta.,R,L,L,SD,LAD,X,9.0,line_drive,2,2,2024,-0.56,-0.13,-0.3,2.59,,,605113.0,0,7,Top,185.11,80.1,,,,,-6.53482067377133,-125.5365628731908,-0.4374695942317299,-4.344339511749503,29.170099340768424,-33.71811587026122,3.5,1.59,329.0,106.0,18.0,85.9,2746.0,6.4,745389,543309,630105,593428,592518,673490,595777,701538,444482,54.14,0.4436666666666667,0.6782222222222223,0.0,1.0,0.0,0.0,6.0,52,5,Slider,3,5,5,3,5,3,5,3,Infield shade,Strategic,288.0,0.02,-0.233,75.5,8.3,1.2174444444444446,0.233,106.0,-2,2,0.164,0.836,25,29,25,30,1,3,2.0,2.0,1.0,1.0,3.23,-0.56,-0.56,35.1,16.66807933691231,-7.945185881599752,31.73107958469637,44.22425643836444,29.250448034871805
CU,2024-07-28,79.1,-2.09,5.23,"Ohtani, Shohei",660271,681293,field_out,hit_into_play,,,,,6.0,Shohei Ohtani flies out to right fielder Joey Loperfido.,R,L,R,HOU,LAD,X,9.0,fly_ball,0,0,2024,1.21,-0.62,0.51,2.78,,,605131.0,2,5,Top,185.84,102.79,,,,,3.457233718676285,-115.00373760853527,2.7954906210228008,9.842208753528904,24.85533924902458,-38.502344461078,3.49,1.59,281.0,95.2,49.0,79.6,2947.0,7.0,746364,605170,572138,514888,608324,665161,670541,676694,694388,53.46,0.001,0.0,0.0,1.0,0.0,0.0,3.0,33,1,Curveball,0,1,1,0,1,0,1,0,Infield shade,Strategic,64.0,0.024,-0.271,82.1,8.4,0.001,0.271,95.2,-1,1,0.391,0.609,24,29,24,30,3,2,6.0,1.0,7.0,2.0,4.32,-1.21,1.21,24.4,19.88418416043857,-6.526070703820629,35.19557475915996,32.4634849204636,33.36846390271864
FC,2024-07-28,88.7,-2.3,5.1,"Ohtani, Shohei",660271,681293,field_out,hit_into_play,,,,,5.0,Shohei Ohtani flies out sharply to center fielder Jake Meyers.,R,L,R,HOU,LAD,X,8.0,fly_ball,2,2,2024,0.26,0.6,0.17,2.62,,,,0,1,Top,114.29,55.23,,,,,5.570432499568341,-129.17084482817518,-1.3081862377635138,1.7956114215968175,25.31097842387224,-25.3579205849898,3.49,1.59,357.0,104.6,41.0,90.1,2567.0,6.9,746364,605170,572138,514888,608324,665161,670541,676694,694388,53.55,0.3726,0.7504,0.0,1.0,0.0,0.0,5.0,1,6,Cutter,0,0,0,0,0,0,0,0,Infield shade,Standard,184.0,0.02,-0.227,80.2,8.0,1.471,0.227,104.6,0,0,0.502,0.498,24,29,24,30,1,0,6.0,1.0,7.0,2.0,2.28,-0.26,0.26,21.0,12.067775709434285,-3.998841094729276,35.4244349911888,36.703419145880915,28.937131256522207
FF,2024-07-27,92.0,-0.64,6.29,"Ohtani, Shohei",660271,669854,home_run,hit_into_play,,,,,5.0,Shohei Ohtani homers (32) on a fly ball to right field.,R,L,R,HOU,LAD,X,,fly_ball,2,1,2024,-0.65,1.7,0.26,2.45,,,,0,3,Top,237.22,56.51,,,,,3.7542899641323473,-133.74531452765137,-7.687945064209311,-8.567000089692758,30.27448932200898,-10.266690203587329,3.49,1.59,461.0,118.7,29.0,93.3,2111.0,7.2,746362,673237,572138,514888,608324,665161,643289,676694,676801,53.26,0.993,2.0,2.0,1.0,0.0,3.0,6.0,18,4,4-Seam Fastball,0,1,1,0,2,0,2,0,Infield shade,Standard,205.0,-0.097,1.073,83.1,8.4,3.959,-1.073,118.7,-1,1,0.385,0.615,30,29,31,30,2,1,6.0,1.0,7.0,1.0,1.01,0.65,-0.65,50.2,18.91575471677155,-8.121208305774502,38.161356920608235,35.63895652653187,32.845170278633084
CU,2024-07-27,82.2,-1.93,5.92,"Ohtani, Shohei",660271,681869,single,hit_into_play,,,,,14.0,Shohei Ohtani singles on a ground ball to left fielder Mauricio Dubón. Enrique Hernández scores. Cavan Biggio to 2nd.,R,L,R,HOU,LAD,X,7.0,ground_ball,0,0,2024,0.87,-1.02,0.92,2.49,,571771.0,624415.0,1,6,Top,101.32,99.36,,,,,4.798258697709508,-119.49639301410504,0.855263121154078,7.154694426976073,26.189405517981413,-42.31740401404321,3.49,1.59,44.0,91.0,0.0,81.8,2631.0,6.4,746362,673237,572138,514888,608324,665161,643289,676694,676801,54.08,0.334,0.314,0.9,1.0,1.0,0.0,2.0,46,1,Curveball,0,4,4,0,5,0,5,0,Standard,Standard,32.0,-0.03,0.48,70.5,6.3,0.394,-0.48,91.0,-4,4,0.071,0.929,28,29,29,30,1,3,4.0,1.0,1.0,1.0,4.44,-0.87,0.87,45.1,-1.0653143582681304,20.8798873973765,43.5733641343174,25.867075019436356,18.00526018622939
SL,2024-07-27,88.4,-1.11,6.21,"Ohtani, Shohei",660271,669854,field_out,hit_into_play,,,,,7.0,Shohei Ohtani flies out to left fielder Mauricio Dubón.,R,L,R,HOU,LAD,X,7.0,fly_ball,3,2,2024,0.02,0.86,-0.31,2.14,,,,0,1,Top,89.98,55.24,,,,,1.9124738265136436,-128.718003331141,-5.6658391341458545,-0.1698147240262057,26.098466788653138,-21.617544289537182,3.49,1.59,366.0,97.9,33.0,88.6,2207.0,6.3,746362,673237,572138,514888,608324,665161,643289,676694,676801,54.17,0.307125,0.585875,0.0,1.0,0.0,0.0,5.0,1,6,Slider,0,0,0,0,0,0,0,0,Infield shade,Standard,202.0,0.027,-0.333,75.0,8.2,1.1555,0.333,97.9,0,0,0.495,0.505,30,29,31,30,1,0,6.0,1.0,7.0,1.0,2.04,-0.02,0.02,44.1,17.971628918815554,3.754551173261084,32.24713362814888,42.71250903915765,24.44387097852413
SL,2024-07-26,87.8,0.64,6.03,"Ohtani, Shohei",660271,664285,field_out,hit_into_play,,,,,4.0,Shohei Ohtani lines out to left fielder Joey Loperfido.,R,L,L,HOU,LAD,X,7.0,line_drive,2,2,2024,-0.33,-0.03,-0.58,2.46,,,,2,3,Top,87.23,69.92,,,,,-2.2546652389407695,-127.90920859502693,-2.4442079108525396,-3.1190790536701916,25.92850570493285,-32.26068758656858,3.48,1.56,335.0,99.8,20.0,87.1,2682.0,5.7,746361,673237,572138,514888,608324,665161,694388,676694,676801,54.79,0.329,0.39,0.0,1.0,0.0,0.0,5.0,19,5,Slider,1,0,0,1,0,1,0,1,Infield shade,Standard,311.0,0.011,-0.219,67.9,7.9,0.633,0.219,99.8,1,-1,0.658,0.3419999999999999,30,29,31,30,2,1,6.0,1.0,5.0,1.0,2.98,-0.33,-0.33,41.7,6.019851888257854,12.030300555052198,30.78288455657023,47.762907018258986,16.98264622886778
FF,2024-07-26,95.5,-0.45,6.06,"Ohtani, Shohei",660271,519151,single,hit_into_play,,,,,8.0,Shohei Ohtani singles on a ground ball to center fielder Jake Meyers.,R,L,R,HOU,LAD,X,8.0,ground_ball,0,1,2024,-0.25,1.53,0.16,1.8,,,,0,8,Top,145.43,94.8,,,,,2.1776720758929393,-138.83908092102226,-9.031260915320566,-3.731739299626184,31.796081934188592,-10.616496035945955,3.48,1.56,24.0,113.5,-3.0,95.7,2603.0,6.5,746361,673237,572138,514888,608324,665161,694388,676694,676801,54.02,0.445,0.4,0.9,1.0,1.0,0.0,4.0,60,2,4-Seam Fastball,4,0,0,4,0,4,0,4,Infield shade,Standard,203.0,-0.028,0.485,,,0.448,-0.485,113.5,4,-4,0.966,0.034,35,29,36,30,1,3,6.0,1.0,3.0,1.0,0.98,0.25,-0.25,53.7,,,,,
SI,2024-07-26,95.4,0.8,6.31,"Ohtani, Shohei",660271,664285,double,hit_into_play,,,,,6.0,Shohei Ohtani doubles (28) on a line drive to center fielder Jake Meyers.,R,L,L,HOU,LAD,X,8.0,line_drive,0,0,2024,1.33,0.98,0.6,2.58,,,,0,1,Top,101.75,65.69,,,,,-3.476487040790463,-138.79769166925382,-6.299417962227335,17.930771388105814,32.41379439533853,-18.340726597528285,3.48,1.56,282.0,97.7,18.0,94.5,2152.0,5.8,746361,673237,572138,514888,608324,665161,694388,676694,676801,54.65,0.374,0.425,1.25,1.0,1.0,1.0,4.0,1,1,Sinker,0,0,0,0,0,0,0,0,Infield shade,Standard,137.0,-0.059,0.693,75.6,7.4,0.63,-0.693,97.7,0,0,0.5,0.5,30,29,31,30,1,0,6.0,1.0,5.0,1.0,1.54,1.33,1.33,46.8,8.778426879200653,7.660041564780483,37.913314151033745,31.875704606519744,21.341422210052613
SI,2024-07-25,93.2,-1.53,4.84,"Ohtani, Shohei",660271,657277,double,hit_into_play,,,,,3.0,Shohei Ohtani doubles (27) on a line drive to left fielder Derek Hill. Austin Barnes to 3rd.,R,L,R,LAD,SF,X,7.0,line_drive,1,0,2024,-1.21,-0.07,0.28,3.23,,,605131.0,2,4,Bot,88.72,87.96,,,,,7.368707195206532,-135.61595785535533,1.7823566310039758,-16.523308069177112,28.274946738371284,-33.65299632282389,3.47,1.57,159.0,94.9,9.0,94.1,1964.0,6.7,746117,672275,681584,642731,656305,666149,656537,671218,573262,53.77,0.642,0.597,1.25,1.0,1.0,1.0,4.0,39,2,Sinker,3,2,3,2,2,3,3,2,Infield shade,Standard,245.0,0.031,0.831,73.6,6.4,0.709,-0.831,94.9,1,1,0.662,0.662,27,29,28,30,3,2,5.0,1.0,6.0,1.0,2.69,1.21,-1.21,19.5,0.4089302221034339,22.899245472551165,27.283221376892552,34.036832474125816,17.099077344306433
SI,2024-07-25,93.3,-1.52,4.9,"Ohtani, Shohei",660271,657277,field_out,hit_into_play,,,,,4.0,"Shohei Ohtani grounds out sharply, pitcher Logan Webb to first baseman David Villar.",R,L,R,LAD,SF,X,1.0,ground_ball,0,1,2024,-1.43,0.09,-0.64,2.58,571771.0,,605131.0,2,2,Bot,128.0,184.0,,,,,5.46261352202048,-135.74416467519092,-0.3993745695794967,-18.884488591725272,29.512349251253447,-31.22156353776893,3.47,1.57,10.0,107.5,-13.0,94.1,1913.0,6.8,746117,672275,681584,642731,656305,666149,656537,671218,573262,53.74,0.253,0.325,0.0,1.0,0.0,0.0,2.0,19,2,Sinker,1,0,1,0,0,1,1,0,Standard,Standard,244.0,-0.037,-0.241,74.9,7.7,0.253,0.241,107.5,1,1,0.649,0.649,27,29,28,30,2,1,5.0,1.0,6.0,1.0,2.53,1.43,-1.43,20.8,4.607235689246071,11.29854728774341,28.895938448742516,46.1962864891914,14.541976638815395
SL,2024-07-25,74.7,-3.95,1.06,"Ohtani, Shohei",660271,643511,home_run,hit_into_play,,,,,6.0,Shohei Ohtani homers (31) on a fly ball to right field.,R,L,R,LAD,SF,X,,fly_ball,0,0,2024,0.47,1.04,0.43,2.39,,,,1,8,Bot,226.51,92.6,,,,,8.11420596989763,-108.16084838184295,8.07009751467514,2.4212860006149044,17.33674999232419,-25.57275825736241,3.47,1.57,360.0,112.6,46.0,74.3,2468.0,6.1,746117,672275,681584,689172,656305,666149,624424,671218,573262,54.43,0.302,0.623,2.0,1.0,0.0,3.0,6.0,75,1,Slider,5,4,5,4,4,6,6,4,Strategic,Standard,123.0,0.079,1.583,81.6,8.2,1.204,-1.583,112.6,1,1,0.853,0.853,33,29,34,30,1,4,1.0,1.0,2.0,1.0,3.06,-0.47,0.47,-59.5,20.459341334095807,-18.008661874095207,41.989081949438805,33.34385013799335,39.163990249036914
FC,2024-07-25,92.2,-1.43,6.1,"Ohtani, Shohei",660271,663546,field_out,hit_into_play,,,,,2.0,Shohei Ohtani flies out to center fielder Heliot Ramos.,R,L,R,LAD,SF,X,8.0,fly_ball,2,2,2024,-0.2,0.64,0.0,3.56,,,605113.0,0,6,Bot,125.33,69.57,,,,,4.130031343130263,-134.4648225935762,-2.1522176887263953,-3.202215188511811,23.5876178415302,-24.03847464083561,3.47,1.57,322.0,91.5,39.0,93.7,2209.0,6.7,746117,672275,681584,689172,656305,666149,624424,671218,573262,53.84,0.016,0.024,0.0,1.0,0.0,0.0,3.0,57,5,Cutter,4,2,4,2,2,4,4,2,Infield shade,Standard,219.0,-0.017,-0.233,76.1,7.1,0.043,0.233,91.5,2,2,0.863,0.863,27,29,27,30,1,3,2.0,1.0,2.0,1.0,1.98,0.2,-0.2,24.4,8.137351385752075,5.055405402106652,26.95565384904878,37.52073165680832,22.099465167801
FF,2024-07-24,94.4,2.55,6.17,"Ohtani, Shohei",660271,592662,field_out,hit_into_play,,,,,5.0,Shohei Ohtani flies out sharply to left fielder Michael Conforto.,R,L,L,LAD,SF,X,7.0,fly_ball,0,0,2024,0.82,1.48,-0.26,2.27,,,,0,1,Bot,33.94,90.2,,,,,-9.099768179118836,-137.0327805687089,-7.761424822163047,12.262052684904038,27.68891976551642,-11.935771265461538,3.47,1.57,351.0,102.0,36.0,94.4,2338.0,6.2,746119,592200,664774,689172,656305,666149,624424,671218,573262,54.26,0.4501363636363635,0.8956818181818181,0.0,1.0,0.0,0.0,6.0,6,1,4-Seam Fastball,0,0,0,0,0,0,0,0,Standard,Standard,144.0,-0.022,-0.254,78.4,7.7,1.7637272727272728,0.254,102.0,0,0,0.548,0.548,32,29,33,30,1,0,,1.0,6.0,1.0,1.07,0.82,0.82,47.6,4.003517417961064,10.07844614365231,34.5532994444778,41.93830446641977,19.700694135298622
ST,2024-07-23,82.7,-2.04,5.21,"Ohtani, Shohei",660271,663855,double,hit_into_play,,,,,6.0,Shohei Ohtani doubles (26) on a sharp fly ball to right fielder Mike Yastrzemski. Jason Heyward scores. Cavan Biggio scores.,R,L,R,LAD,SF,X,9.0,fly_ball,1,1,2024,1.11,0.25,0.82,2.31,518792.0,,624415.0,2,4,Bot,212.3,87.43,,,,,4.370541159932894,-120.3256436145271,-0.5918627489668985,9.871247437824714,24.376602646829145,-29.83631507447897,3.45,1.55,329.0,105.1,23.0,82.6,2383.0,6.3,746118,672275,664774,642731,656305,666149,624424,671218,573262,54.17,0.6698730158730161,1.232761904761905,1.25,1.0,1.0,1.0,6.0,36,3,Sweeper,2,1,2,1,1,4,4,1,Standard,Standard,61.0,0.169,0.919,79.9,7.6,2.3572539682539695,-0.919,105.1,1,1,0.684,0.684,27,29,28,30,3,2,12.0,1.0,5.0,1.0,3.09,-1.11,1.11,24.6,14.016957875510023,-2.5948858534718156,43.59133359912574,27.718981462481935,31.968328057663975
FF,2024-07-23,99.2,-1.15,5.47,"Ohtani, Shohei",660271,678495,single,hit_into_play,,,,,8.0,Shohei Ohtani singles on a sharp line drive to center fielder Heliot Ramos. Andy Pages scores. Jason Heyward to 3rd.,R,L,R,LAD,SF,X,8.0,line_drive,2,2,2024,-0.64,1.37,0.01,1.95,681624.0,,518792.0,2,8,Bot,115.83,73.58,,,,,4.680631017244772,-144.27763387834193,-7.465291508407173,-10.078863620767851,33.13652416462992,-11.497058226809596,3.45,1.55,250.0,114.2,10.0,99.8,2504.0,6.6,746118,672275,664774,689172,656305,666149,624424,671218,573262,53.88,0.85,0.888,0.9,1.0,1.0,0.0,6.0,68,5,4-Seam Fastball,4,1,4,1,1,5,5,1,Standard,Standard,205.0,0.017,0.665,80.8,7.7,1.199,-0.665,114.2,3,3,0.971,0.971,24,29,25,30,1,4,1.0,1.0,5.0,1.0,0.95,0.64,-0.64,45.6,2.1815782745522054,3.80166804148545,38.68031830673424,37.63970268521222,21.29810583907505
CU,2024-07-22,82.1,1.97,6.58,"Ohtani, Shohei",660271,605483,field_out,hit_into_play,,,,,8.0,"Shohei Ohtani grounds out, first baseman LaMonte Wade Jr. to pitcher Blake Snell.",R,L,L,LAD,SF,X,3.0,ground_ball,0,1,2024,-0.8,-0.77,0.23,2.08,,,,0,6,Bot,177.67,150.23,,,,,-2.4203170778061196,-119.45841622861786,-2.0962114763453537,-7.033253469827648,25.70727685802647,-39.225073063987715,3.44,1.56,4.0,89.0,-28.0,82.5,2470.0,6.8,746124,672275,664774,689172,656305,666149,682641,671218,573262,53.68,0.053,0.092,0.0,1.0,0.0,0.0,2.0,43,2,Curveball,1,1,1,1,1,1,1,1,Strategic,Standard,330.0,-0.029,-0.217,80.7,8.0,0.054,0.217,89.0,0,0,0.571,0.571,31,29,32,30,3,2,8.0,1.0,5.0,1.0,4.18,-0.8,-0.8,58.0,11.581241082117618,-5.639517788882242,38.80848392250211,35.89446903648115,27.543009076628273
FC,2024-07-21,85.9,-1.35,6.05,"Ohtani, Shohei",660271,676710,home_run,hit_into_play,,,,,5.0,Shohei Ohtani homers (30) on a fly ball to center field.,R,L,R,LAD,BOS,X,,fly_ball,2,1,2024,0.33,0.6,-0.03,2.23,,,,0,5,Bot,173.92,12.77,,,,,2.4241562800513643,-125.27630766038294,-4.101939117989309,3.091133797042058,20.754126671721824,-25.26272633115616,3.45,1.55,473.0,116.7,28.0,85.8,2394.0,5.7,746125,657136,663853,642197,646240,666152,680776,678882,641933,54.8,0.991,2.0,2.0,1.0,0.0,3.0,6.0,41,4,Cutter,5,2,5,2,2,6,6,2,Infield shade,Standard,182.0,0.046,1.073,80.4,7.9,3.945,-1.073,116.7,3,3,0.885,0.885,28,29,28,30,3,2,8.0,1.0,6.0,1.0,2.43,-0.33,0.33,45.1,12.220430832641732,-3.8718491412491742,40.49343754423866,38.25847878573598,30.400976333429583
FF,2024-07-21,92.2,-1.23,6.03,"Ohtani, Shohei",660271,676710,field_out,hit_into_play,,,,,6.0,Shohei Ohtani flies out to left fielder Jarren Duran.,R,L,R,LAD,BOS,X,7.0,fly_ball,1,2,2024,-0.6,1.47,0.66,2.26,,,,0,3,Bot,51.72,99.88,,,,,6.0830909687521135,-134.15114308953514,-6.979941107375086,-8.509580684166503,27.00529780739415,-13.094886001841044,3.45,1.55,307.0,98.0,45.0,92.2,2426.0,6.2,746125,657136,663853,642197,646240,666152,680776,678882,641933,54.34,0.024,0.033,0.0,1.0,0.0,0.0,3.0,25,4,4-Seam Fastball,2,2,2,2,2,2,2,2,Infield shade,Standard,206.0,-0.019,-0.186,74.7,7.5,0.06,0.186,98.0,0,0,0.549,0.549,28,29,28,30,2,1,8.0,1.0,6.0,1.0,1.2,0.6,-0.6,47.3,9.573401237578556,-2.9053446193198993,44.14714182549013,28.18341461980763,25.000353731110764
ST,2024-07-20,87.9,-2.13,5.0,"Ohtani, Shohei",660271,678394,double,hit_into_play,,,,,5.0,Shohei Ohtani doubles (25) on a sharp line drive to left fielder Rob Refsnyder.,R,L,R,LAD,BOS,X,7.0,line_drive,2,1,2024,0.47,-0.29,-0.19,2.23,,,,0,6,Bot,92.14,57.24,,,,,3.7546663347053215,-128.113577037154,-0.1024700215667226,4.547238781492253,23.351819736321612,-35.531129316723934,3.45,1.55,200.0,112.7,7.0,88.5,2350.0,6.3,746121,657136,642086,663853,646240,678882,608701,680776,677800,54.19,0.768,0.747,1.25,1.0,1.0,1.0,5.0,46,4,Sweeper,1,2,1,2,2,1,1,2,Infield shade,Standard,35.0,0.102,0.651,82.8,7.5,0.94,-0.651,112.7,-1,-1,0.402,0.402,25,29,25,30,3,2,6.0,1.0,6.0,1.0,3.2,-0.47,0.47,26.2,-0.6414906481133773,15.226236499245484,38.64578262031617,39.594388554866946,14.750493795751506
CH,2024-07-20,88.5,-1.88,5.16,"Ohtani, Shohei",660271,678394,field_out,hit_into_play,,,,,7.0,Shohei Ohtani pops out to third baseman Rafael Devers in foul territory.,R,L,R,LAD,BOS,X,5.0,popup,1,1,2024,-1.3,0.29,-0.51,1.67,,,,1,3,Bot,87.9,186.86,,,,,6.048642698838087,-128.76819853122,-3.067592859209474,-15.72899900505929,25.233075501251303,-28.546259278148444,3.45,1.55,119.0,84.7,72.0,88.7,1864.0,6.3,746121,657136,642086,642197,646240,663853,680776,678882,608701,54.18,0.003,0.002,0.0,1.0,0.0,0.0,3.0,22,3,Changeup,1,0,1,0,0,1,1,0,Infield shade,Standard,251.0,-0.014,-0.243,69.4,8.8,0.003,0.243,88.0,1,1,0.647,0.647,25,29,25,30,2,1,6.0,1.0,6.0,1.0,2.61,1.3,-1.3,28.0,18.371202241607698,-10.478292238730251,39.774959152369114,42.641233637536594,31.023726490917596
FF,2024-07-20,95.6,2.49,5.8,"Ohtani, Shohei",660271,592155,field_out,hit_into_play,,,,,1.0,Shohei Ohtani pops out to third baseman Rafael Devers.,R,L,L,LAD,BOS,X,5.0,popup,1,2,2024,0.77,1.23,-0.7,3.19,,,678246.0,2,7,Bot,97.59,143.25,,,,,-10.150226517097236,-138.87688712510118,-4.065401689388799,12.165723083680689,29.320267098363175,-15.494823006268328,3.45,1.55,163.0,94.1,65.0,95.9,2126.0,6.4,746121,657136,642086,663853,646240,678882,608701,680776,677800,54.08,0.008,0.007,0.0,1.0,0.0,0.0,3.0,60,4,4-Seam Fastball,3,4,3,4,4,3,3,4,Infield shade,Standard,148.0,-0.039,-0.197,77.6,8.0,0.01,0.197,94.1,-1,-1,0.294,0.294,32,29,32,30,1,3,8.0,1.0,2.0,1.0,1.26,0.77,0.77,41.6,8.203582123955881,-0.9171935330057924,25.205054271996804,47.89830928390748,24.191307195881063
ST,2024-07-20,86.8,-2.03,5.18,"Ohtani, Shohei",660271,678394,field_out,hit_into_play,,,,,5.0,"Shohei Ohtani grounds out, first baseman Dominic Smith to pitcher Brayan Bello.",R,L,R,LAD,BOS,X,3.0,ground_ball,0,1,2024,0.65,0.1,0.09,2.48,,,,0,1,Bot,158.77,165.66,,,,,3.718948790546432,-126.43096324865212,-0.5156650748327383,6.259609948130931,24.42278646712917,-31.25191448829086,3.45,1.55,7.0,92.0,-19.0,86.5,2376.0,5.9,746121,657136,642086,642197,646240,663853,680776,678882,608701,54.6,0.108,0.1,0.0,1.0,0.0,0.0,2.0,5,2,Sweeper,0,0,0,0,0,0,0,0,Infield shade,Standard,39.0,-0.019,-0.217,79.9,7.5,0.134,0.217,92.0,0,0,0.545,0.545,25,29,25,30,1,0,6.0,1.0,6.0,1.0,2.91,-0.65,0.65,28.3,12.42612254591998,-2.262189869695044,36.48204463534291,35.62989235279984,27.65963048514208
SI,2024-07-19,91.0,2.96,5.06,"Ohtani, Shohei",660271,657514,double,hit_into_play,,,,,5.0,Shohei Ohtani hits a ground-rule double (24) on a fly ball down the left-field line. Miguel Vargas to 3rd.,R,L,L,LAD,BOS,X,,fly_ball,0,0,2024,1.47,0.36,-0.01,2.59,,,678246.0,1,8,Bot,43.27,120.77,,,,,-10.450610840078747,-132.1339894049705,-1.0279410667706066,19.40809826699717,28.159038696508247,-27.93285212409777,3.46,1.56,282.0,89.6,30.0,90.0,2116.0,5.8,746123,657136,642086,663853,646240,678882,641933,680776,677800,54.71,0.063,0.087,1.25,1.0,1.0,1.0,3.0,59,1,Sinker,0,1,0,1,1,0,0,1,Infield shade,Standard,127.0,0.237,0.811,75.5,7.4,0.141,-0.811,89.6,-1,-1,0.316,0.316,32,29,32,30,1,3,5.0,5.0,4.0,1.0,2.4,1.47,1.47,16.8,2.193124238107547,15.414089970943351,34.34371778535132,38.57445116213056,16.558059622944977
FS,2024-07-14,86.8,-1.9,5.76,"Ohtani, Shohei",660271,628317,single,hit_into_play,,,,,4.0,Shohei Ohtani singles on a ground ball to shortstop Zach McKinstry.,R,L,R,DET,LAD,X,6.0,ground_ball,2,1,2024,-0.48,0.1,-0.33,2.49,,,,2,5,Top,113.31,126.37,,,,,4.734023523398336,-126.58811150777728,-2.05488165416105,-5.9242192290020625,17.038857031703337,-30.92566915098068,3.46,1.6,156.0,108.5,7.0,87.9,1351.0,6.1,746449,608348,628451,690993,570482,656716,668723,663837,672761,54.36,0.653,0.599,0.9,1.0,1.0,0.0,4.0,36,4,Split-Finger,1,3,3,1,3,1,3,1,Infield shade,Standard,243.0,-0.009,0.286,73.3,7.6,0.754,-0.286,108.5,-2,2,0.279,0.721,36,29,36,30,1,2,5.0,1.0,6.0,5.0,2.83,0.48,-0.48,40.1,8.97872026896323,10.68995683465772,33.06539742757681,42.22697934849276,15.876090591092629
SI,2024-07-14,91.8,1.64,5.85,"Ohtani, Shohei",660271,663947,field_out,hit_into_play,,,,,6.0,Shohei Ohtani lines out sharply to right fielder Wenceel Pérez.,R,L,L,DET,LAD,X,9.0,line_drive,2,0,2024,1.07,1.08,0.42,2.24,,,,0,3,Top,174.57,76.01,,,,,-5.43428546160078,-133.54806657995834,-5.622996550155316,14.01156721650954,29.211573060036333,-18.276492349166656,3.46,1.6,328.0,108.1,17.0,92.0,2144.0,6.5,746449,608348,628451,690993,570482,656716,668723,663837,672761,54.01,0.462578947368421,0.6762631578947369,0.0,1.0,0.0,0.0,6.0,17,3,Sinker,0,3,3,0,3,0,3,0,Infield shade,Standard,148.0,0.019,-0.361,80.6,7.8,1.1975789473684206,0.361,108.1,-3,3,0.2,0.8,28,29,28,30,1,1,2.0,1.0,5.0,5.0,1.63,1.07,1.07,43.6,12.649374401568078,2.5977445780897215,38.221348478398575,36.03419105854813,27.317001591362395
FF,2024-07-14,94.2,1.83,6.25,"Ohtani, Shohei",660271,605177,single,hit_into_play,,,,,1.0,Shohei Ohtani singles on a line drive to right fielder Wenceel Pérez.,R,L,L,DET,LAD,X,9.0,line_drive,0,1,2024,0.61,1.3,-0.53,3.37,,,,2,8,Top,149.86,88.01,,,,,-7.510421031096682,-136.82655125648571,-4.624219655592468,9.38355396808086,32.45564697857098,-15.019108751589863,3.46,1.6,210.0,97.2,12.0,94.1,2234.0,6.5,746449,608348,628451,690993,570482,656716,668723,663837,672761,53.97,0.942,0.898,0.9,1.0,1.0,0.0,4.0,60,2,4-Seam Fastball,2,3,3,2,3,2,3,2,Infield shade,Standard,145.0,-0.015,0.373,74.7,7.8,1.101,-0.373,97.2,-1,1,0.298,0.702,34,29,34,30,1,3,1.0,1.0,5.0,5.0,1.29,0.61,0.61,49.7,10.402445048333671,-2.3875778072077476,25.493556300641465,47.35442565992377,24.771624939938608
FF,2024-07-14,95.6,-1.67,5.91,"Ohtani, Shohei",660271,689225,field_out,hit_into_play,,,,,8.0,Shohei Ohtani lines out sharply to center fielder Matt Vierling.,R,L,R,DET,LAD,X,8.0,line_drive,0,0,2024,-0.48,1.47,-0.25,1.99,,,,0,1,Top,95.2,47.94,,,,,4.798970878352152,-139.0507235080772,-8.043871594163557,-7.253938683824372,28.312934289789737,-11.502707108433691,3.47,1.61,381.0,111.3,20.0,95.8,2421.0,6.3,746449,608348,628451,690993,570482,656716,668723,663837,672761,54.25,0.8659999999999999,1.596466666666667,0.0,1.0,0.0,0.0,6.0,1,1,4-Seam Fastball,0,0,0,0,0,0,0,0,Infield shade,Standard,213.0,0.022,-0.254,78.7,8.1,3.0403333333333338,0.254,111.3,0,0,0.5,0.5,26,29,26,30,1,0,2.0,1.0,5.0,5.0,1.01,0.48,-0.48,48.4,10.68982703915907,7.942692441978189,37.7960605487305,41.48479262178876,19.91389973362041
CH,2024-07-13,85.5,-2.64,5.59,"Ohtani, Shohei",660271,672456,home_run,hit_into_play,,,,,5.0,Shohei Ohtani homers (29) on a fly ball to right field.,R,L,R,DET,LAD,X,,fly_ball,1,0,2024,-1.14,0.81,-0.21,2.66,,,,0,5,Top,236.05,94.25,,,,,8.053577213251772,-124.3070668911212,-2.268876729812491,-13.37031786405084,23.098654920423066,-23.540561658961177,3.46,1.6,373.0,107.8,24.0,85.9,1857.0,6.4,746447,608348,628451,690993,663837,595879,669234,682985,668723,54.09,0.9275428571428572,1.8270857142857144,2.0,1.0,0.0,3.0,6.0,36,2,Changeup,2,2,2,2,3,2,3,2,Infield shade,Strategic,231.0,-0.133,1.076,82.2,8.4,3.567200000000002,-1.076,107.8,0,0,0.495,0.505,23,29,24,30,3,2,5.0,1.0,8.0,1.0,2.3,1.14,-1.14,39.5,19.72059531901573,-10.440205053384773,31.828814808117116,40.742872130197526,35.28854539769284
FC,2024-07-13,87.2,1.2,6.23,"Ohtani, Shohei",660271,666214,force_out,hit_into_play,,,,,7.0,"Shohei Ohtani grounds into a force out, second baseman Colt Keith to shortstop Zach McKinstry. Cavan Biggio scores. Austin Barnes out at 2nd. Shohei Ohtani to 1st.",R,L,L,DET,LAD,X,4.0,ground_ball,0,1,2024,-0.03,0.28,-0.61,2.13,624415.0,,605131.0,0,6,Top,156.34,151.91,,,,,-4.306119762347707,-127.01763568057775,-4.376259253678723,0.4827183664347945,22.351600432289544,-28.519319729305685,3.46,1.6,24.0,93.5,-4.0,87.8,2482.0,6.3,746447,608348,628451,690993,663837,656716,669234,682985,668723,54.19,0.297,0.287,0.0,1.0,0.0,0.0,2.0,51,2,Cutter,4,5,5,4,6,4,6,4,Infield shade,Standard,173.0,0.0,-0.243,71.0,8.4,0.367,0.243,93.5,-1,1,0.22,0.78,26,29,27,30,1,3,4.0,1.0,10.0,1.0,2.68,-0.03,-0.03,45.2,12.493510444850864,-5.390313045181798,31.622622880634015,47.73295468982258,27.43996122081646
CH,2024-07-13,86.8,-2.73,5.53,"Ohtani, Shohei",660271,672456,triple,hit_into_play,,,,,4.0,Shohei Ohtani triples (4) on a line drive to right fielder Ryan Vilade.,R,L,R,DET,LAD,X,9.0,line_drive,0,1,2024,-1.31,0.67,-0.61,2.42,,,,0,1,Top,199.43,124.6,,,,,7.76452887763693,-126.25959349979225,-2.737445741876676,-15.567717423632256,22.09148702427497,-24.567605532428956,3.47,1.6,208.0,91.5,15.0,87.5,1949.0,6.5,746447,608348,628451,690993,663837,595879,669234,682985,668723,54.05,0.916,0.869,1.6,1.0,1.0,2.0,4.0,1,2,Changeup,0,0,0,0,0,0,0,0,Infield shade,Strategic,232.0,-0.085,1.023,74.5,8.7,1.079,-1.023,91.5,0,0,0.503,0.497,23,29,24,30,1,0,5.0,1.0,8.0,1.0,2.32,1.31,-1.31,39.9,17.363355283303157,-15.124808754667274,31.4506862626173,45.441742734076705,32.498985759168164
SI,2024-07-12,96.6,1.66,6.09,"Ohtani, Shohei",660271,669373,field_out,hit_into_play,,,,,9.0,Shohei Ohtani flies out to left fielder Justyn-Henry Malloy.,R,L,L,DET,LAD,X,7.0,fly_ball,1,1,2024,1.16,1.14,0.68,2.2,,,,2,5,Top,46.12,100.57,,,,,-5.262457930340059,-140.56843675706034,-7.435927021336255,16.550270708404472,30.551865847254884,-15.523360201450384,3.49,1.63,314.0,95.4,26.0,96.8,2089.0,6.3,746450,668670,570482,628451,663837,595879,669234,682985,668723,54.16,0.211,0.287,0.0,1.0,0.0,0.0,5.0,40,3,Sinker,3,2,2,3,2,3,2,3,Infield shade,Strategic,149.0,0.014,-0.244,77.2,7.2,0.493,0.244,95.4,1,-1,0.694,0.306,27,29,28,30,3,2,5.0,1.0,10.0,1.0,1.29,1.16,1.16,46.5,-0.7072501264326362,15.136982001373624,40.59840073369136,32.688548645002186,18.289293818379484
SL,2024-07-12,90.3,2.03,6.02,"Ohtani, Shohei",660271,669373,field_out,hit_into_play,,,,,2.0,Shohei Ohtani flies out to center fielder Riley Greene.,R,L,L,DET,LAD,X,8.0,fly_ball,2,2,2024,-0.34,0.5,0.21,3.27,,,571771.0,2,3,Top,96.78,107.44,,,,,-3.825883156492608,-131.61714680635453,-2.018113666975302,-3.2463297281089925,26.110356120545408,-26.172126938703,3.49,1.63,241.0,99.4,53.0,90.8,2093.0,6.3,746450,668670,570482,628451,663837,595879,669234,682985,668723,54.17,0.005,0.005,0.0,1.0,0.0,0.0,3.0,22,5,Slider,3,0,0,3,0,3,0,3,Infield shade,Strategic,158.0,0.018,-0.234,78.7,7.3,0.005,0.234,99.4,3,-3,0.821,0.179,27,29,28,30,2,1,5.0,1.0,10.0,1.0,2.27,-0.34,-0.34,48.8,10.221683671591892,-3.064604473761124,26.511902374679437,38.71403327584629,27.681025389469266
SI,2024-07-12,94.3,1.78,5.7,"Ohtani, Shohei",660271,663947,double,hit_into_play,,,,,3.0,Shohei Ohtani hits a ground-rule double (23) on a fly ball to center field. Chris Taylor scores. Austin Barnes to 3rd.,R,L,L,DET,LAD,X,,fly_ball,1,0,2024,1.24,1.03,0.41,2.95,621035.0,,605131.0,2,9,Top,144.17,20.26,,,,,-6.293219456255833,-137.21788440878683,-3.748166348861694,17.01930857368578,30.31914517608415,-18.51123864599947,3.49,1.63,402.0,107.3,24.0,94.2,2332.0,6.2,746450,668670,570482,690993,663837,595879,668723,682985,672761,54.27,0.8668636363636364,1.6922499999999998,1.25,1.0,1.0,1.0,6.0,73,2,Sinker,3,3,3,3,4,3,4,3,Standard,Standard,140.0,-0.336,0.874,81.5,7.4,3.2964318181818184,-0.874,107.3,0,0,0.497,0.503,28,29,28,30,1,4,2.0,1.0,2.0,1.0,1.53,1.24,1.24,39.3,14.083608928846346,0.6798682909927154,32.37547681478821,34.16733517053896,26.196614045097675
SI,2024-07-12,97.5,1.7,6.12,"Ohtani, Shohei",660271,669373,field_out,hit_into_play,,,,,2.0,"Shohei Ohtani grounds out, third baseman Matt Vierling to first baseman Gio Urshela.",R,L,L,DET,LAD,X,5.0,ground_ball,2,2,2024,1.13,0.91,-0.17,3.14,,,,0,1,Top,109.64,158.02,,,,,-7.601656774820778,-141.83912851562823,-4.6475174594593645,16.94819209903089,29.580324205811287,-18.96067813309689,3.49,1.63,57.0,92.4,1.0,97.6,2191.0,6.2,746450,668670,570482,628451,663837,595879,669234,682985,668723,54.32,0.384,0.362,0.0,1.0,0.0,0.0,2.0,1,5,Sinker,0,0,0,0,0,0,0,0,Infield shade,Strategic,151.0,0.02,-0.227,70.0,7.1,0.454,0.227,92.4,0,0,0.502,0.498,27,29,28,30,1,0,5.0,1.0,10.0,1.0,1.47,1.13,1.13,44.9,5.606652666511994,27.284915031980432,25.470032826628596,41.888795910595434,11.977027102183555
SL,2024-07-11,81.1,3.41,5.6,"Ohtani, Shohei",660271,621381,field_out,hit_into_play,,,,,4.0,"Shohei Ohtani grounds out, second baseman Bryson Stott to first baseman Bryce Harper.",R,L,L,PHI,LAD,X,4.0,ground_ball,1,1,2024,-1.4,0.11,-0.63,2.58,,,621035.0,2,7,Top,153.43,152.71,,,,,-6.3670128726292194,-117.98087491794328,-0.2658475571237008,-11.697557001043291,24.275796002448057,-31.357343035958397,3.48,1.65,45.0,81.4,1.0,80.9,2705.0,6.3,745558,596117,547180,681082,664761,607208,669016,679032,592206,54.16,0.226,0.22,0.0,1.0,0.0,0.0,2.0,57,3,Slider,4,1,1,4,1,4,1,4,Standard,Standard,306.0,0.019,-0.256,76.6,8.5,0.266,0.256,88.0,3,-3,0.922,0.0779999999999999,32,29,33,30,1,3,1.0,1.0,3.0,1.0,3.38,-1.4,-1.4,35.7,18.613690395549305,-20.08781059887508,30.51436210214148,46.1958295633208,36.89424517285312
FF,2024-07-11,94.3,-1.64,5.19,"Ohtani, Shohei",660271,605400,field_out,hit_into_play,,,,,11.0,Shohei Ohtani flies out to right fielder Nick Castellanos.,R,L,R,PHI,LAD,X,9.0,fly_ball,2,2,2024,-1.12,1.05,-0.35,3.7,,,,0,1,Top,188.84,106.03,,,,,5.939793805964675,-137.23904306087962,-0.5179954097393329,-15.479777856517936,29.254968658314667,-18.991886869169612,3.48,1.65,278.0,91.5,45.0,95.7,2353.0,7.0,745558,596117,547180,681082,664761,607208,669016,679032,592206,53.52,0.008,0.01,0.0,1.0,0.0,0.0,3.0,1,5,4-Seam Fastball,0,0,0,0,0,0,0,0,Strategic,Standard,229.0,0.02,-0.227,78.7,7.7,0.017,0.227,91.5,0,0,0.502,0.498,31,29,31,30,1,0,6.0,1.0,8.0,1.0,1.51,1.12,-1.12,21.6,11.569117320972016,-11.677370187563325,24.069811227839597,43.02396962891281,31.125649390887453
SI,2024-07-10,95.2,1.91,6.22,"Ohtani, Shohei",660271,650911,single,hit_into_play,,,,,14.0,Shohei Ohtani singles on a line drive to center fielder Brandon Marsh. Enrique Hernández scores. Austin Barnes to 2nd.,R,L,L,PHI,LAD,X,8.0,line_drive,0,1,2024,1.59,0.54,0.95,2.01,571771.0,,605131.0,1,5,Top,96.11,77.93,,,,,-6.143692787640148,-138.44336958428846,-6.721155726658861,21.812119801684876,29.245775586702457,-23.971414772519623,3.48,1.66,229.0,89.8,16.0,96.5,2021.0,6.9,745556,596117,664761,681082,624641,607208,593160,669016,592206,53.57,0.926,0.92,0.9,1.0,1.0,0.0,4.0,35,2,Sinker,2,1,1,2,2,2,2,2,Standard,Standard,121.0,-0.109,0.499,74.5,7.4,1.146,-0.499,89.8,1,-1,0.557,0.4429999999999999,27,29,28,30,3,2,6.0,1.0,10.0,1.0,1.97,1.59,1.59,31.3,2.2004124653164627,7.461121221833987,43.30782946116808,28.85132880098965,19.86811215034981
SI,2024-07-10,94.7,1.86,6.31,"Ohtani, Shohei",660271,650911,field_out,hit_into_play,,,,,14.0,"Shohei Ohtani grounds out, shortstop Trea Turner to first baseman Alec Bohm.",R,L,L,PHI,LAD,X,6.0,ground_ball,3,2,2024,1.4,0.81,1.51,2.47,,,,2,3,Top,130.0,147.09,,,,,-4.09088167875507,-137.79781157348614,-6.255950888685755,18.824167216287183,28.6535969016338,-20.73731160540044,3.48,1.66,9.0,70.9,-14.0,96.2,2263.0,7.0,745556,596117,664761,681082,624641,607208,593160,669016,592206,53.48,0.042,0.079,0.0,1.0,0.0,0.0,2.0,19,6,Sinker,2,0,0,2,0,2,0,2,Infield shade,Standard,119.0,0.012,-0.325,67.6,6.4,0.042,0.325,88.0,2,-2,0.752,0.248,27,29,28,30,2,1,6.0,1.0,10.0,1.0,1.72,1.4,1.4,31.7,-3.6392961807100126,13.6852956861614,46.25568361238298,22.32201934316899,15.439922957734268
SI,2024-07-10,94.0,2.04,6.28,"Ohtani, Shohei",660271,650911,single,hit_into_play,,,,,6.0,Shohei Ohtani singles on a ground ball to right fielder Nick Castellanos.,R,L,L,PHI,LAD,X,9.0,ground_ball,0,0,2024,1.43,0.78,0.41,2.72,,,,0,1,Top,187.81,111.22,,,,,-7.377802816671087,-136.66969288025246,-5.273300060063766,19.51201814587324,29.196830404405674,-21.372724909819564,3.48,1.66,108.0,92.5,7.0,,2110.0,,745556,596117,664761,681082,624641,607208,593160,669016,592206,54.13,0.563,0.509,0.9,1.0,1.0,0.0,4.0,1,1,Sinker,0,0,0,0,0,0,0,0,Infield shade,Standard,124.0,-0.036,0.448,80.1,8.2,0.612,-0.448,92.5,0,0,0.5,0.5,27,29,28,30,1,0,6.0,1.0,10.0,1.0,1.79,1.43,1.43,,17.086196224052888,-9.693499240673638,33.25722201492636,34.84011860023688,25.85960460029723
FC,2024-07-09,91.5,-2.03,5.28,"Ohtani, Shohei",660271,554430,single,hit_into_play,,,,,2.0,Shohei Ohtani singles on a fly ball to left fielder Brandon Marsh.,R,L,R,PHI,LAD,X,7.0,fly_ball,0,1,2024,0.33,0.51,0.18,3.38,,,,1,3,Top,71.05,130.69,,,,,4.931856431921462,-133.28084276821724,-0.0320694332633447,2.910657444943906,28.345901586953104,-26.30537338668415,3.49,1.67,206.0,68.5,46.0,93.0,2568.0,7.1,745557,665561,547180,681082,664761,607208,669016,679032,592206,53.41,0.258,0.249,0.9,1.0,1.0,0.0,3.0,20,2,Cutter,3,0,0,3,0,3,0,3,Standard,Standard,179.0,-0.026,0.458,74.4,6.8,0.308,-0.458,88.0,3,-3,0.818,0.182,34,29,34,30,2,1,6.0,2.0,14.0,1.0,2.21,-0.33,0.33,23.6,2.9334351147937503,17.06640879817647,26.38584336221142,37.64126411953859,17.55320134442386
SI,2024-07-07,89.5,1.34,6.19,"Ohtani, Shohei",660271,572971,field_out,hit_into_play,,,,,5.0,"Shohei Ohtani grounds out, second baseman Brice Turang to first baseman Rhys Hoskins.",R,L,L,LAD,MIL,X,4.0,ground_ball,3,2,2024,1.1,0.27,-0.21,2.75,,500743.0,621035.0,2,4,Bot,158.44,149.61,,,,,-6.03707166810955,-130.30738474519106,-3.025984628227305,13.74548406626586,26.98564345608405,-28.66849545940527,3.5,1.67,5.0,95.4,-28.0,88.3,2085.0,5.5,746122,606992,656555,668930,681962,642715,694192,663368,669003,55.0,0.1,0.094,0.0,1.0,0.0,0.0,2.0,34,8,Sinker,0,2,0,2,2,0,0,2,Standard,Standard,140.0,-0.062,-0.298,76.4,7.2,0.121,0.298,95.4,-2,-2,0.311,0.311,36,29,36,30,3,2,5.0,1.0,6.0,2.0,2.57,1.1,1.1,48.7,5.215636123415455,5.666198955348981,29.493205756195515,41.17810981571973,22.36293798324847
SI,2024-07-07,88.7,1.73,6.16,"Ohtani, Shohei",660271,572971,single,hit_into_play,,,,,1.0,Shohei Ohtani singles on a sharp line drive to center fielder Blake Perkins.,R,L,L,LAD,MIL,X,8.0,line_drive,3,2,2024,1.11,0.35,-0.62,3.06,,,,1,3,Bot,133.66,69.05,,,,,-7.966366507703439,-129.14569625834278,-2.328697714197124,13.985428312874731,23.02513536503978,-28.024452032604103,3.5,1.67,209.0,109.2,11.0,88.3,1949.0,5.7,746122,606992,656555,668930,681962,642715,694192,663368,669003,54.79,0.921,0.948,0.9,1.0,1.0,0.0,5.0,20,6,Sinker,0,0,0,0,0,0,0,0,Standard,Standard,126.0,0.024,0.345,73.2,7.7,1.259,-0.345,109.2,0,0,0.534,0.534,36,29,36,30,2,1,5.0,1.0,6.0,2.0,2.52,1.11,1.11,45.2,6.899040087565739,1.5833738048392396,26.156212380473814,45.86850040780392,22.81486924831541
SI,2024-07-07,87.3,1.77,6.2,"Ohtani, Shohei",660271,572971,field_out,hit_into_play,,,,,1.0,"Shohei Ohtani grounds out, second baseman Brice Turang to first baseman Rhys Hoskins.",R,L,L,LAD,MIL,X,4.0,ground_ball,3,2,2024,1.04,0.34,-0.33,3.1,,,,0,1,Bot,155.37,150.47,,,,,-7.111823907029244,-127.12001748264116,-2.075123735750682,12.678869585885868,23.111075026177524,-28.296678039760135,3.5,1.67,5.0,85.6,-32.0,86.7,2034.0,5.6,746122,606992,656555,668930,681962,642715,694192,663368,669003,54.87,0.066,0.062,0.0,1.0,0.0,0.0,2.0,5,6,Sinker,0,0,0,0,0,0,0,0,Standard,Standard,131.0,-0.027,-0.333,72.6,7.6,0.079,0.333,88.0,0,0,0.553,0.553,36,29,36,30,1,0,5.0,1.0,6.0,2.0,2.62,1.04,1.04,46.0,11.21159620451953,-0.2112579772580506,26.06418631797377,42.548205176326874,24.591339868888912
FC,2024-07-06,90.5,-2.77,5.78,"Ohtani, Shohei",660271,669060,triple,hit_into_play,,,,,6.0,Shohei Ohtani triples (3) on a sharp fly ball to right fielder Sal Frelick.,R,L,R,LAD,MIL,X,9.0,fly_ball,1,2,2024,0.08,0.69,0.48,2.78,,,,2,6,Bot,167.03,52.02,,,,,7.946546880215619,-131.75851702200865,-3.112876067958146,-0.5038534195610275,24.635084944884905,-23.60705214667878,3.51,1.65,377.0,100.6,24.0,91.1,1876.0,6.4,746129,661388,656555,668930,655316,642715,592885,663368,686217,54.13,0.5129375,0.90321875,1.6,1.0,1.0,2.0,6.0,53,6,Cutter,3,2,3,2,2,3,3,2,Strategic,Standard,199.0,0.032,0.73,78.1,7.3,1.6972812499999996,-0.73,100.6,1,1,0.7,0.7,26,29,27,30,1,3,5.0,1.0,3.0,1.0,2.06,-0.08,0.08,45.8,10.652998777863097,1.4672459876343544,36.11253842251432,31.875147835292104,26.23527567854781
FC,2024-07-06,86.1,3.25,5.0,"Ohtani, Shohei",660271,663542,home_run,hit_into_play,,,,,9.0,Shohei Ohtani homers (28) on a fly ball to center field.,R,L,L,LAD,MIL,X,,fly_ball,0,1,2024,-0.16,0.5,0.43,1.96,,,,1,8,Bot,164.35,29.22,,,,,-6.4881651776673115,-125.23626151678656,-1.9671593088683677,-0.2617144480601291,26.47962594792717,-26.77963283209638,3.51,1.65,430.0,109.9,23.0,87.2,2127.0,7.1,746129,661388,656555,668930,655316,642715,592885,663368,686217,53.36,0.9533333333333334,1.867190476190476,2.0,1.0,0.0,3.0,6.0,69,2,Cutter,4,3,4,3,3,5,5,3,Strategic,Standard,147.0,0.081,1.62,81.7,7.8,3.645,-1.62,109.9,1,1,0.851,0.851,27,29,27,30,1,4,1.0,1.0,5.0,1.0,2.59,-0.16,-0.16,14.1,10.795011359528818,-4.9362199695834095,40.370286094698145,34.347542743692735,32.1266156496598
SI,2024-07-05,97.9,-2.67,5.46,"Ohtani, Shohei",660271,665625,field_out,hit_into_play,,,,,8.0,Shohei Ohtani grounds out to first baseman Rhys Hoskins. Miguel Vargas to 3rd. Chris Taylor to 2nd.,R,L,R,LAD,MIL,X,3.0,ground_ball,1,1,2024,-1.45,0.24,0.12,2.06,,678246.0,621035.0,1,8,Bot,158.04,171.39,,,,,11.02877092565334,-142.13389156548828,-4.289499428114567,-22.100738758180185,30.199595998159538,-28.17537814055576,3.53,1.63,3.0,80.4,-39.0,99.6,1952.0,7.2,746127,661388,656555,668930,655316,642715,694192,669003,686217,53.33,0.058,0.074,0.0,1.0,0.0,0.0,2.0,67,3,Sinker,5,5,5,5,5,5,5,5,Standard,Standard,238.0,-0.056,-0.282,77.5,7.5,0.058,0.282,88.0,0,0,0.669,0.669,27,29,27,30,1,4,4.0,1.0,2.0,1.0,2.14,1.45,-1.45,23.1,5.018758545310641,6.443290845468149,38.941604502813014,36.47488730753747,21.536722205556934
ST,2024-07-05,84.5,3.3,4.65,"Ohtani, Shohei",660271,663542,field_out,hit_into_play,,,,,11.0,Shohei Ohtani lines out to left fielder Jackson Chourio.,R,L,L,LAD,MIL,X,7.0,line_drive,1,2,2024,-1.27,0.03,-1.08,2.66,,,,1,7,Bot,61.44,108.15,,,,,-7.8235770701142915,-122.69635147593203,1.8674850317339289,-10.815593649593405,28.458599102286605,-32.627649187108915,3.53,1.63,277.0,97.3,15.0,85.6,1966.0,7.5,746127,661388,656555,668930,655316,642715,694192,669003,686217,52.97,0.811,0.827,0.0,1.0,0.0,0.0,4.0,55,4,Sweeper,4,5,4,5,5,4,4,5,Infield shade,Standard,295.0,-0.028,-0.182,68.8,7.7,1.066,0.182,97.3,-1,-1,0.307,0.307,27,29,27,30,1,3,3.0,1.0,1.0,1.0,3.23,-1.27,-1.27,8.9,0.094095210427876,18.036883524012374,25.295179410556862,54.612741317337225,10.15988276182064
SL,2024-07-03,86.5,-2.58,5.39,"Ohtani, Shohei",660271,686826,field_out,hit_into_play,,,,,8.0,Shohei Ohtani lines out sharply to right fielder Jake McCarthy.,R,L,R,LAD,AZ,X,9.0,line_drive,0,2,2024,0.63,-0.19,-0.13,1.9,,,666158.0,2,4,Bot,184.38,84.66,,,,,4.526949342351018,-126.02201032125126,-1.74926439073284,5.809238669723735,25.07514920495789,-34.01287230889227,3.52,1.59,318.0,110.2,18.0,85.8,2665.0,5.7,746128,672515,572233,606466,553993,672695,666971,682998,664983,54.8,0.6615909090909091,1.0850454545454546,0.0,1.0,0.0,0.0,6.0,42,3,Slider,4,5,4,5,5,4,4,5,Infield shade,Standard,56.0,-0.02,-0.17,74.5,8.4,1.992772727272728,0.17,110.2,-1,-1,0.382,0.382,26,29,27,30,1,2,6.0,1.0,3.0,1.0,3.22,-0.63,0.63,32.2,15.565880959184184,-7.280782201411277,42.095623542516186,38.594819288862034,27.42887455284094
CU,2024-07-03,78.9,3.49,4.95,"Ohtani, Shohei",660271,573009,field_out,hit_into_play,,,,,9.0,Shohei Ohtani flies out to center fielder Corbin Carroll.,R,L,L,LAD,AZ,X,8.0,fly_ball,2,1,2024,-0.82,-0.07,0.83,1.65,,,,1,7,Bot,131.96,88.98,,,,,-4.282358222958576,-114.8866349922112,-0.2746990532936092,-6.549677481974751,20.23670839528897,-32.960154361699644,3.52,1.59,275.0,94.1,47.0,79.1,2348.0,6.3,746128,672515,572233,606466,553993,672695,666971,682998,664983,54.18,0.008,0.01,0.0,1.0,0.0,0.0,3.0,67,4,Curveball,4,8,4,8,8,4,4,8,Infield shade,Standard,308.0,-0.013,-0.302,80.9,8.3,0.016,0.302,94.1,-4,-4,0.055,0.055,33,29,33,30,1,3,1.0,1.0,3.0,1.0,3.71,-0.82,-0.82,13.9,19.69350306162247,-14.028140730105187,46.512478594067176,31.299067564880975,37.666594898839634
CH,2024-07-03,92.6,-1.95,5.98,"Ohtani, Shohei",660271,691441,single,hit_into_play,,,,,13.0,Shohei Ohtani singles on a ground ball to center fielder Corbin Carroll.,R,L,R,LAD,AZ,X,8.0,ground_ball,1,1,2024,-1.2,0.35,-0.9,2.41,,,,0,1,Bot,153.27,105.69,,,,,5.339438711851927,-134.8109871768904,-4.13539269093498,-15.83877805260494,27.49094027997206,-27.2547162321502,3.52,1.59,34.0,87.3,-2.0,93.6,2115.0,6.7,746128,672515,572233,606466,553993,672695,666971,682998,664983,53.81,0.237,0.228,0.9,1.0,1.0,0.0,2.0,7,3,Changeup,0,1,0,1,1,0,0,1,Infield shade,Standard,220.0,0.039,0.46,75.8,8.2,0.26,-0.46,88.0,-1,-1,0.447,0.447,21,29,22,30,1,0,,1.0,,1.0,2.29,1.2,-1.2,43.7,14.187681788411547,2.4541476985063024,32.96094934884068,48.29689986307265,19.6448023812598
FC,2024-07-02,90.5,-1.97,6.03,"Ohtani, Shohei",660271,669194,single,hit_into_play,,,,,12.0,Shohei Ohtani singles on a fly ball to center fielder Alek Thomas.,R,L,R,LAD,AZ,X,8.0,fly_ball,2,1,2024,0.0,0.54,0.85,3.39,,,,1,5,Bot,107.86,92.69,,,,,7.0323480330113455,-131.73469867284274,-1.846039425018633,-1.3694607693579384,26.47523471839997,-25.67414807409621,3.52,1.59,228.0,72.0,26.0,90.7,2030.0,6.3,746133,672515,572233,606466,553993,672695,666971,677950,682998,54.23,0.924,0.867,0.9,1.0,1.0,0.0,4.0,41,4,Cutter,2,2,2,2,2,2,2,2,Infield shade,Standard,195.0,0.029,0.375,71.6,6.2,1.006,-0.375,88.0,0,0,0.54,0.54,26,29,26,30,2,2,6.0,2.0,5.0,1.0,2.23,0.0,0.0,41.8,2.975572427160925,19.681636653823592,32.491898344026524,27.172304694868615,20.40741126111956
SL,2024-07-02,89.7,-2.97,6.29,"Ohtani, Shohei",660271,679885,home_run,hit_into_play,,,,,3.0,Shohei Ohtani homers (27) on a fly ball to right center field. Gavin Lux scores.,R,L,R,LAD,AZ,X,,fly_ball,1,0,2024,0.12,0.49,0.42,3.22,,,666158.0,0,7,Bot,182.52,32.5,,,,,8.207548051786466,-130.43135100408432,-2.6511412828967593,-0.341071043124019,26.63771462570533,-26.21967747469454,3.52,1.59,433.0,112.0,37.0,90.6,2426.0,6.8,746133,672515,572233,606466,553993,672695,666971,677950,682998,53.7,0.901,2.0,2.0,1.0,0.0,3.0,6.0,60,2,Slider,2,3,2,3,3,4,4,3,Strategic,Standard,186.0,0.337,1.014,78.0,7.5,3.598,-1.014,112.0,-1,-1,0.452,0.452,22,29,23,30,1,3,4.0,2.0,2.0,1.0,2.34,-0.12,0.12,46.0,15.385571450335208,-6.754907560095578,35.1499667992324,33.17949792173451,28.85390916915167
SI,2024-07-02,88.0,3.41,5.16,"Ohtani, Shohei",660271,573009,double,hit_into_play,,,,,6.0,Shohei Ohtani doubles (22) on a fly ball to left fielder Lourdes Gurriel Jr.,R,L,L,LAD,AZ,X,7.0,fly_ball,1,1,2024,1.41,0.1,0.73,2.6,,,,0,1,Bot,38.48,108.51,,,,,-9.386238216273894,-127.83825250855232,-0.3263080686322722,17.386646627376777,25.17817618229244,-31.216223831167316,3.52,1.59,311.0,96.3,27.0,87.9,2108.0,6.2,746133,672515,572233,606466,553993,672695,666971,677950,682998,54.27,0.2580999999999999,0.4556,1.25,1.0,1.0,1.0,5.0,5,3,Sinker,0,0,0,0,0,0,0,0,Infield shade,Standard,114.0,0.06,0.705,69.7,6.8,0.8545,-0.705,96.3,0,0,0.547,0.547,33,29,33,30,1,0,2.0,2.0,1.0,1.0,2.84,1.41,1.41,15.7,-0.6778984533263213,15.784519483671485,38.97806401152017,31.76169047378834,17.48034963831868
CH,2024-06-30,87.9,-2.27,5.14,"Ohtani, Shohei",660271,694738,field_out,hit_into_play,,,,,5.0,Shohei Ohtani flies out to right fielder Austin Slater.,R,L,R,SF,LAD,X,9.0,fly_ball,1,1,2024,-1.15,-0.15,-0.23,2.38,,,,0,8,Top,159.53,98.66,,,,,7.3420587858253725,-127.83171866773556,-0.3072503331023166,-14.051779663303,24.17355712939849,-33.95701252546487,3.52,1.59,264.0,93.2,52.0,88.6,1579.0,6.5,745320,672275,681584,666149,656305,605113,682641,671218,596103,53.95,0.003,0.003,0.0,1.0,0.0,0.0,3.0,65,3,Changeup,9,2,2,9,2,9,2,9,Strategic,Standard,256.0,0.002,-0.243,79.1,8.6,0.005,0.243,93.2,7,-7,0.996,0.004,25,29,26,30,1,3,61.0,1.0,40.0,2.0,3.08,1.15,-1.15,23.0,19.51524389891009,-16.077686893317708,34.05618490977692,42.75901233547346,35.71654235324994
FC,2024-06-30,91.1,-1.95,5.95,"Ohtani, Shohei",660271,702352,field_out,hit_into_play,,,,,3.0,"Shohei Ohtani grounds out, first baseman David Villar to pitcher Spencer Bivens.",R,L,R,SF,LAD,X,3.0,ground_ball,1,1,2024,-0.04,0.84,0.48,3.16,,,,0,1,Top,150.5,163.24,,,,,6.170298155501824,-132.6420483899505,-2.982705592948099,-1.6116773337833328,24.963562773850555,-21.75722463531292,3.52,1.59,52.0,93.8,1.0,91.4,1997.0,6.2,745320,672275,681584,666149,656305,605113,682641,671218,596103,54.34,0.387,0.364,0.0,1.0,0.0,0.0,2.0,1,3,Cutter,0,0,0,0,0,0,0,0,Infield shade,Standard,221.0,0.021,-0.243,80.4,7.4,0.445,0.243,93.8,0,0,0.501,0.499,30,29,30,30,1,0,3.0,1.0,5.0,2.0,1.87,0.04,-0.04,29.9,11.547256519076534,0.0027399665803526,34.22840184544064,33.12621910787641,25.737674403561744
SL,2024-06-29,85.6,-2.49,6.19,"Ohtani, Shohei",660271,675921,home_run,hit_into_play,,,,,2.0,Shohei Ohtani homers (26) on a fly ball to center field.,R,L,R,SF,LAD,X,,fly_ball,1,2,2024,0.41,0.27,0.24,2.99,,,,1,3,Top,118.19,32.65,,,,,5.6567736323313,-124.604961503007,-1.8609326194047409,3.214391140759967,23.160109565100463,-29.21520934555985,3.52,1.59,412.0,109.7,35.0,86.3,2017.0,6.5,745317,672275,664774,689172,656305,605113,624424,671218,682641,53.97,0.8875,1.80075,2.0,1.0,0.0,3.0,6.0,18,6,Slider,1,1,1,1,2,1,2,1,Infield shade,Standard,123.0,-0.12,1.657,79.7,7.6,3.5469999999999997,-1.657,109.7,0,0,0.53,0.47,27,29,28,30,1,1,5.0,1.0,12.0,1.0,2.82,-0.41,0.41,39.7,11.691815146380886,-1.5499362244606252,33.16858421811596,35.497125621196304,27.75389236414417
SI,2024-06-29,92.9,1.94,5.71,"Ohtani, Shohei",660271,573124,field_out,hit_into_play,,,,,5.0,Shohei Ohtani flies out to left fielder Michael Conforto.,R,L,L,SF,LAD,X,7.0,fly_ball,1,2,2024,1.17,0.65,-0.24,2.39,,,,2,6,Top,54.88,122.43,,,,,-8.096449421876425,-135.12879966101127,-4.141855577554238,16.0388506621536,27.728952293205246,-23.522703612086215,3.52,1.59,259.0,84.6,42.0,92.5,2005.0,5.9,745317,672275,664774,689172,656305,605113,624424,671218,682641,54.57,0.005,0.008,0.0,1.0,0.0,0.0,3.0,55,4,Sinker,6,6,6,6,6,6,6,6,Infield shade,Standard,123.0,0.013,-0.18,74.1,7.6,0.014,0.18,88.0,0,0,0.563,0.437,33,29,34,30,1,3,4.0,1.0,1.0,1.0,1.98,1.17,1.17,27.3,5.246373842576136,1.6620955038387497,37.541417121667294,43.06319333743872,23.691393586204335
SI,2024-06-28,93.1,-1.55,5.04,"Ohtani, Shohei",660271,657277,field_out,hit_into_play,,,,,5.0,"Shohei Ohtani grounds out, shortstop Nick Ahmed to first baseman LaMonte Wade Jr.",R,L,R,SF,LAD,X,6.0,ground_ball,2,2,2024,-1.05,-0.33,-0.23,2.79,,,,1,3,Top,139.34,140.43,,,,,5.78974151442486,-135.4284127978208,0.8202696048117653,-14.238128939738557,32.412622936939165,-36.70456788303186,3.52,1.57,8.0,107.1,-19.0,94.0,1897.0,7.1,745319,672275,664774,689172,656305,605113,624424,671218,682641,53.43,0.161,0.234,0.0,1.0,0.0,0.0,2.0,17,5,Sinker,0,0,0,0,0,0,0,0,Infield shade,Standard,240.0,0.016,-0.225,77.0,7.4,0.161,0.225,107.1,0,0,0.527,0.473,27,29,28,30,2,1,5.0,2.0,6.0,1.0,2.99,1.05,-1.05,23.3,5.08881027031377,11.80171896727846,30.90999125711946,41.90895412686934,16.154684906837694
SI,2024-06-28,82.6,-3.8,1.21,"Ohtani, Shohei",660271,643511,single,hit_into_play,,,,,12.0,Shohei Ohtani singles on a ground ball to first baseman LaMonte Wade Jr.,R,L,R,SF,LAD,X,3.0,ground_ball,0,2,2024,0.12,-0.93,1.14,3.17,,,,0,8,Top,156.58,164.25,,,,,10.891000450432074,-119.0729398760097,12.784842278590268,-0.8758425690611725,21.865704925955075,-43.81493415239979,3.52,1.57,120.0,68.7,15.0,81.9,1952.0,6.3,745319,672275,664774,689172,656305,605113,624424,671218,682641,54.23,0.432,0.388,0.9,1.0,1.0,0.0,2.0,56,3,Sinker,3,2,2,3,2,3,2,3,Strategic,Standard,330.0,-0.107,0.539,73.1,7.0,0.467,-0.539,88.0,1,-1,0.764,0.236,33,29,34,30,1,3,2.0,2.0,2.0,1.0,4.32,-0.12,0.12,-64.4,11.61552459433886,2.438517316352391,38.74733992249448,24.913307021052155,24.965138320871137
FC,2024-06-26,88.7,-1.29,5.95,"Ohtani, Shohei",660271,607200,field_out,hit_into_play,,,,,3.0,Shohei Ohtani pops out to third baseman Lenyn Sosa in foul territory.,R,L,R,CWS,LAD,X,5.0,popup,0,0,2024,0.1,0.5,0.39,3.46,,,,0,5,Top,95.96,174.44,,,,,3.95059871238841,-129.31398281303268,-1.1816919829680272,0.4242131368908132,23.19871954450127,-26.42448565342034,3.52,1.57,101.0,72.3,70.0,90.2,2083.0,6.8,746777,686676,683734,670032,672820,657557,643217,502054,657757,53.73,0.001,0.0,0.0,1.0,0.0,0.0,3.0,32,1,Cutter,0,4,4,0,4,0,4,0,Infield shade,Standard,177.0,0.008,-0.254,75.8,7.2,0.001,0.254,88.0,-4,4,0.104,0.896,31,29,31,30,3,2,5.0,1.0,7.0,2.0,2.35,-0.1,0.1,40.4,13.467810658292244,5.940910160897358,30.412101498007317,31.470557106354452,23.43843345645761
FC,2024-06-26,90.9,-1.26,5.92,"Ohtani, Shohei",660271,607200,home_run,hit_into_play,,,,,1.0,Shohei Ohtani homers (25) on a fly ball to right center field.,R,L,R,CWS,LAD,X,,fly_ball,3,2,2024,-0.06,0.6,-0.35,2.98,,,,0,1,Top,177.22,29.32,,,,,2.4373747071575913,-132.35040617275325,-2.735705763311241,-1.2146172499783008,29.638958935557135,-24.75055474043507,3.52,1.57,437.0,113.9,26.0,91.3,2084.0,6.6,746777,686676,683734,670032,672820,657557,643217,502054,657757,53.89,0.9948,2.0,2.0,1.0,0.0,3.0,6.0,1,6,Cutter,0,0,0,0,1,0,1,0,Infield shade,Standard,193.0,-0.091,1.035,76.5,7.9,3.9466,-1.035,113.9,0,0,0.495,0.505,31,29,31,30,1,0,5.0,1.0,7.0,2.0,2.17,0.06,-0.06,37.9,12.644077308268754,-2.022710809531193,30.557514366460488,41.227930848037786,28.223206439371587
FC,2024-06-25,89.6,-0.19,6.82,"Ohtani, Shohei",660271,623167,single,hit_into_play,,,,,14.0,Shohei Ohtani singles on a ground ball to right fielder Tommy Pham. Gavin Lux scores. Miguel Vargas to 3rd.,R,L,R,CWS,LAD,X,9.0,ground_ball,0,1,2024,0.55,0.62,1.07,1.5,666158.0,,678246.0,2,4,Top,183.95,112.54,,,,,1.9654367712068863,-130.3570517679625,-8.56998822847028,6.031351531183159,23.72878317985693,-23.695927209229197,3.5,1.57,8.0,109.5,-9.0,90.6,2473.0,6.6,746775,686676,657757,670032,672820,657557,643217,673357,502054,53.89,0.316,0.43,0.9,1.0,1.0,0.0,2.0,36,2,Cutter,3,3,3,3,4,3,4,3,Standard,Standard,167.0,-0.132,0.662,74.0,7.6,0.316,-0.662,109.5,0,0,0.509,0.491,29,29,30,30,3,2,5.0,1.0,7.0,1.0,2.19,-0.55,0.55,70.6,4.714914548535382,4.42712007776726,52.11212231478826,23.933449451105247,21.5699655402016
CU,2024-06-25,72.9,-0.19,6.92,"Ohtani, Shohei",660271,623167,home_run,hit_into_play,,,,,4.0,Shohei Ohtani homers (24) on a fly ball to right center field.,R,L,R,CWS,LAD,X,,fly_ball,2,2,2024,0.62,-1.32,-0.6,2.63,,,,0,1,Top,187.1,59.77,,,,,-1.8973538283134777,-106.0443176750681,1.0656249782273104,5.011297435611681,19.40455659579403,-42.49930725448856,3.5,1.57,376.0,93.8,31.0,72.7,2666.0,6.3,746775,686676,657757,670032,672820,657557,643217,673357,502054,54.21,0.134,0.21,2.0,1.0,0.0,3.0,3.0,1,5,Curveball,0,0,0,0,1,0,1,0,Infield shade,Standard,16.0,-0.098,1.142,75.8,8.4,0.38,-1.142,93.8,0,0,0.502,0.498,29,29,30,30,1,0,5.0,1.0,7.0,1.0,5.64,-0.62,0.62,72.2,21.58253460361423,-14.273854830321245,34.637559709804236,43.88553485067105,33.8976381218674
ST,2024-06-24,85.0,2.46,6.25,"Ohtani, Shohei",660271,676979,field_out,hit_into_play,,,,,7.0,"Shohei Ohtani grounds out, shortstop Paul DeJong to first baseman Andrew Vaughn.",R,L,L,CWS,LAD,X,6.0,ground_ball,0,1,2024,-0.95,-0.29,-0.45,1.86,,,,1,3,Top,132.41,138.76,,,,,-4.972261842332853,-123.68307019857686,-3.422565182494579,-8.734466050698122,25.123139496067445,-34.649030706312864,3.49,1.54,9.0,76.2,-11.0,86.0,2512.0,7.0,746780,686676,683734,664901,672820,657557,667452,673357,502054,53.51,0.058,0.057,0.0,1.0,0.0,0.0,2.0,19,2,Sweeper,0,0,0,0,0,0,0,0,Infield shade,Standard,304.0,0.015,-0.219,75.5,8.4,0.063,0.219,88.0,0,0,0.528,0.472,25,29,25,30,2,1,5.0,2.0,6.0,1.0,3.45,-0.95,-0.95,43.6,16.337856549618497,-11.874458526832337,35.83800348237825,43.15830648878226,35.70880539635692
FC,2024-06-24,90.5,-2.64,5.53,"Ohtani, Shohei",660271,656629,sac_fly,hit_into_play,,,,,2.0,Shohei Ohtani out on a sacrifice fly to center fielder Luis Robert Jr. Chris Taylor scores.,R,L,R,CWS,LAD,X,8.0,fly_ball,0,0,2024,0.45,0.15,-0.25,3.39,621035.0,,,1,9,Top,78.7,72.24,,,,,5.013644967794976,-131.83437002175918,0.2263573929084102,4.29434746433441,26.290487484604736,-30.656243153877487,3.49,1.54,336.0,96.9,37.0,90.9,2384.0,6.3,746780,686676,683734,670032,672820,657557,502054,673357,657757,54.16,0.162,0.315,0.0,1.0,0.0,0.0,3.0,69,1,Cutter,0,2,2,0,3,0,3,0,Strategic,Standard,174.0,-0.014,-0.112,76.4,7.1,0.62,0.112,96.9,-2,2,0.055,0.945,28,29,28,30,1,4,2.0,2.0,3.0,1.0,2.61,-0.45,0.45,38.3,8.48281725364875,4.085405414963202,25.044353940668255,37.82160546975883,20.54182949007201
SL,2024-06-22,84.9,0.0,6.27,"Ohtani, Shohei",660271,668676,home_run,hit_into_play,,,,,8.0,Shohei Ohtani homers (23) on a fly ball to right center field. Cavan Biggio scores.,R,L,R,LAD,LAA,X,,fly_ball,2,0,2024,-0.26,0.55,0.17,2.12,,,624415.0,0,3,Bot,182.05,20.97,,,,,0.9082259933997476,-123.75188388093876,-4.553485031134782,-2.8246218421365827,23.213833586026368,-25.828092853819985,3.49,1.54,459.0,115.5,24.0,85.2,2056.0,6.2,746132,681351,694384,641645,650859,687263,621493,666160,666176,54.26,0.9945,2.0,2.0,1.0,0.0,3.0,6.0,19,3,Slider,1,0,1,0,0,3,3,0,Infield shade,Standard,212.0,0.124,0.946,82.5,8.2,3.886,-0.946,115.5,1,1,0.715,0.715,29,29,29,30,2,1,5.0,1.0,6.0,2.0,2.58,0.26,-0.26,56.5,17.55168671393637,-4.295960184859766,41.92023125950397,34.2193330773863,28.395438617962785
CH,2024-06-22,88.1,-0.81,5.74,"Ohtani, Shohei",660271,672710,field_out,hit_into_play,,,,,13.0,"Shohei Ohtani grounds out, second baseman Michael Stefanic to first baseman Nolan Schanuel.",R,L,R,LAD,LAA,X,4.0,ground_ball,0,0,2024,-1.4,0.84,-1.04,2.33,,,,2,8,Bot,140.67,145.06,,,,,2.3854396818752184,-128.3038575856621,-3.9448934275919374,-15.948755114449073,27.40212346643743,-22.285987669373,3.49,1.54,16.0,81.1,-7.0,88.5,1992.0,6.6,746132,681351,694384,683021,650859,641645,621493,666160,666176,53.95,0.129,0.127,0.0,1.0,0.0,0.0,2.0,65,1,Changeup,7,2,7,2,2,7,7,2,Infield shade,Standard,226.0,0.0,-0.256,73.7,8.3,0.174,0.256,88.0,5,5,0.994,0.994,24,29,25,30,1,4,4.0,1.0,4.0,2.0,2.1,1.4,-1.4,45.5,15.977599235463328,0.2247655324546322,32.532210705447476,49.27036427801605,22.77090240523644
CH,2024-06-22,87.3,-0.99,5.68,"Ohtani, Shohei",660271,668968,field_out,hit_into_play,,,,,7.0,"Shohei Ohtani grounds out, second baseman Michael Stefanic to first baseman Nolan Schanuel.",R,L,R,LAD,LAA,X,4.0,ground_ball,2,2,2024,-1.02,0.22,-0.68,1.75,,,,0,6,Bot,150.78,152.11,,,,,2.7640198955932367,-127.04369190228071,-3.679363473717819,-11.580961255072202,27.986232548309893,-29.22939900724467,3.49,1.54,13.0,87.8,-6.0,85.5,1220.0,5.3,746132,681351,694384,683021,650859,641645,621493,666160,666176,55.22,0.179,0.173,0.0,1.0,0.0,0.0,2.0,48,5,Changeup,7,1,7,1,1,7,7,1,Infield shade,Standard,254.0,-0.001,-0.227,73.3,8.3,0.204,0.227,88.0,6,6,0.986,0.986,25,29,26,30,1,3,,1.0,2.0,2.0,2.79,1.02,-1.02,28.5,12.512324486431949,-5.088067677365246,36.92876759898907,46.14762345972219,28.26012283748674
CH,2024-06-22,85.2,-0.16,6.19,"Ohtani, Shohei",660271,668676,field_out,hit_into_play,,,,,13.0,Shohei Ohtani lines out to right fielder Jo Adell.,R,L,R,LAD,LAA,X,9.0,line_drive,1,2,2024,-0.9,1.1,-1.15,2.24,,,,0,1,Bot,162.13,97.23,,,,,-0.505062485014947,-124.10790860455552,-5.200819415229729,-9.167894422449113,25.16420988633189,-19.97073584431302,3.49,1.54,270.0,80.4,24.0,85.3,1642.0,6.3,746132,681351,694384,641645,650859,687263,621493,666160,666176,54.17,0.516,0.476,0.0,1.0,0.0,0.0,4.0,4,4,Changeup,0,0,0,0,0,0,0,0,Infield shade,Standard,215.0,-0.016,-0.186,68.2,8.4,0.592,0.186,88.0,0,0,0.542,0.542,29,29,29,30,1,0,5.0,1.0,6.0,2.0,2.04,0.9,-0.9,52.2,12.538095039004045,-9.558214748903676,31.367983514046045,50.6431239219214,31.31201600316459
FF,2024-06-21,91.1,0.94,6.32,"Ohtani, Shohei",660271,519043,home_run,hit_into_play,,,,,5.0,Shohei Ohtani homers (22) on a fly ball to right center field. Austin Barnes scores.,R,L,L,LAD,LAA,X,,fly_ball,1,1,2024,0.73,1.39,-0.24,2.6,,,605131.0,2,5,Bot,169.14,35.07,,,,,-4.513593159352253,-132.46815517331856,-6.390309714209036,9.521770472872438,27.728618490247047,-14.675114801070984,3.48,1.57,455.0,113.1,27.0,90.7,2230.0,6.0,746131,681351,694384,683021,650859,687263,621493,666160,666176,54.49,0.9948,2.0,2.0,1.0,0.0,3.0,6.0,38,3,4-Seam Fastball,0,0,0,0,0,2,2,0,Strategic,Standard,137.0,0.257,2.237,79.0,8.2,3.9698,-2.237,113.1,0,0,0.529,0.529,35,29,35,30,1,2,4.0,1.0,5.0,1.0,1.36,0.73,0.73,38.9,16.946612718591528,-1.8460985445920024,35.66058089136113,41.76338110107629,27.614218202970683
FS,2024-06-21,87.5,-2.09,6.32,"Ohtani, Shohei",660271,472610,single,hit_into_play,,,,,5.0,"Shohei Ohtani singles on a line drive to second baseman Michael Stefanic, deflected by pitcher Luis García.",R,L,R,LAD,LAA,X,1.0,line_drive,1,0,2024,-0.46,0.46,0.11,2.79,,,,1,8,Bot,142.96,162.81,,,,,6.281793761452004,-127.38487650317938,-3.42625401865118,-6.204363147959834,22.049040175528045,-26.633817906962175,3.48,1.57,68.0,94.5,4.0,88.5,1341.0,6.5,746131,681351,694384,683021,650859,687263,621493,666160,666176,53.98,0.526,0.498,0.9,1.0,1.0,0.0,4.0,61,2,Split-Finger,2,2,2,2,2,2,2,2,Infield shade,Standard,215.0,0.041,0.383,77.4,7.4,0.599,-0.383,94.5,0,0,0.567,0.567,37,29,37,30,1,3,2.0,1.0,4.0,1.0,2.47,0.46,-0.46,51.1,2.386144397767095,9.526364835518947,33.676854950836095,36.05439066452994,21.065934209329907
CH,2024-06-20,82.7,-1.93,6.18,"Ohtani, Shohei",660271,683627,field_out,hit_into_play,,,,,7.0,Shohei Ohtani flies out to center fielder Brenton Doyle.,R,L,R,COL,LAD,X,8.0,fly_ball,2,2,2024,-0.63,0.5,-0.56,1.87,,,621035.0,0,6,Top,96.34,49.01,,,,,4.335416903888068,-120.59886910063986,-4.526996760626478,-6.844166433352412,16.812278046003392,-26.690474916766544,3.49,1.58,378.0,95.4,38.0,83.9,1725.0,6.4,746539,696100,669911,691182,641857,676701,656248,686668,595909,54.14,0.068,0.13,0.0,1.0,0.0,0.0,3.0,47,5,Changeup,0,5,5,0,5,0,5,0,Infield shade,Standard,231.0,0.005,-0.233,68.2,8.4,0.247,0.233,95.4,-5,5,0.042,0.958,22,29,22,30,1,3,5.0,1.0,5.0,1.0,2.74,0.63,-0.63,51.4,11.810759542641987,-1.3859551787130653,35.95444824806604,45.20675006906305,25.32000631078008
SI,2024-06-20,89.1,3.02,5.69,"Ohtani, Shohei",660271,621389,home_run,hit_into_play,,,,,5.0,Shohei Ohtani homers (21) on a fly ball to center field.,R,L,L,COL,LAD,X,,fly_ball,2,1,2024,0.89,0.47,-0.11,2.37,,,,0,1,Top,123.13,25.97,,,,,-9.363531472346676,-129.74454593909496,-3.256089208183116,11.588328256253943,18.291995983294303,-26.402623047194435,3.49,1.58,427.0,101.5,29.0,88.6,2034.0,5.2,746539,696100,669911,691182,641857,676701,656248,686668,595909,55.26,0.6185434782608698,1.2136304347826088,2.0,1.0,0.0,3.0,6.0,1,4,Sinker,0,0,0,0,1,0,1,0,Infield shade,Standard,124.0,-0.092,1.073,82.3,8.2,2.37658695652174,-1.073,101.5,0,0,0.496,0.504,33,29,34,30,1,0,5.0,1.0,6.0,1.0,2.32,0.89,0.89,17.2,16.141029332064694,-8.118717167571758,34.57592113132812,40.7996043652378,42.68649265012972
FF,2024-06-19,95.3,-1.35,5.44,"Ohtani, Shohei",660271,663372,field_out,hit_into_play,,,,,2.0,"Shohei Ohtani grounds out, third baseman Ryan McMahon to first baseman Michael Toglia.",R,L,R,COL,LAD,X,5.0,ground_ball,0,1,2024,-0.45,0.96,-0.21,3.02,,,,2,4,Top,105.51,159.09,,,,,4.046926112340828,-139.0144297081435,-3.022014770428403,-6.670076254511809,24.2807703628241,-19.158638689503356,3.5,1.61,15.0,106.4,-10.0,96.7,2333.0,6.4,746538,607732,669911,691182,641857,678662,656248,686668,595909,54.05,0.303,0.33,0.0,1.0,0.0,0.0,2.0,32,2,4-Seam Fastball,3,4,4,3,4,3,4,3,Infield shade,Standard,199.0,0.009,-0.215,71.1,6.6,0.303,0.215,106.4,-1,1,0.419,0.581,27,29,28,30,3,2,5.0,1.0,7.0,1.0,1.49,0.45,-0.45,40.4,-2.3988424962786032,28.344267477371613,27.497952804197247,39.41014754232477,8.298137068158727
FF,2024-06-19,96.5,-1.47,5.39,"Ohtani, Shohei",660271,663372,double,hit_into_play,,,,,2.0,Shohei Ohtani doubles (21) on a line drive to center fielder Brenton Doyle. Gavin Lux scores. Cavan Biggio scores. Enrique Hernández scores.,R,L,R,COL,LAD,X,8.0,line_drive,1,1,2024,-0.75,0.93,-0.03,3.05,666158.0,624415.0,571771.0,2,2,Top,106.12,71.22,,,,,5.561493101111895,-140.59491284255793,-2.9137504239676746,-11.078610398080691,26.11398366336916,-19.271490843933694,3.5,1.61,265.0,108.5,12.0,97.7,2439.0,6.5,746538,607732,669911,691182,641857,678662,656248,686668,595909,53.98,0.884,0.918,1.25,1.0,1.0,1.0,5.0,16,3,4-Seam Fastball,3,0,0,3,3,3,3,3,Infield shade,Standard,217.0,-0.237,0.797,76.3,7.3,1.255,-0.797,108.5,3,-3,0.754,0.246,27,29,28,30,2,1,5.0,1.0,7.0,1.0,1.47,0.75,-0.75,36.5,7.392324006609328,13.477030792221274,28.609157378503667,38.587548648056625,18.57382910277344
CU,2024-06-19,82.9,-1.34,6.11,"Ohtani, Shohei",660271,683232,single,hit_into_play,,,,,9.0,Shohei Ohtani singles on a sharp line drive to right fielder Jake Cave.,R,L,R,COL,LAD,X,9.0,line_drive,1,2,2024,-0.01,-1.13,0.28,1.79,,,,2,6,Top,186.66,93.08,,,,,3.751351488784077,-120.72633079420343,-1.2379075095605174,-0.7568810079809236,22.40363818290799,-43.20754154928881,3.5,1.61,222.0,104.3,13.0,83.8,2712.0,6.8,746538,607732,669911,691182,641857,678662,656248,686668,595909,53.74,0.876,0.893,0.9,1.0,1.0,0.0,4.0,48,5,Curveball,4,6,6,4,6,4,6,4,Infield shade,Standard,13.0,-0.011,0.408,79.5,8.0,1.189,-0.408,104.3,-2,2,0.253,0.747,27,29,28,30,1,3,3.0,1.0,2.0,1.0,4.43,0.01,-0.01,63.2,15.74955853080946,-2.4234871947729064,41.933170914481344,35.25209570864836,32.48159565355482
FF,2024-06-19,94.7,-1.15,5.52,"Ohtani, Shohei",660271,663372,field_out,hit_into_play,,,,,2.0,Shohei Ohtani flies out to third baseman Ryan McMahon in foul territory.,R,L,R,COL,LAD,X,5.0,fly_ball,0,0,2024,-0.23,1.05,-0.22,2.92,,,,0,1,Top,60.66,160.91,,,,,2.940069562379586,-137.98613829948772,-3.544938839604927,-3.554875825182137,27.536983661173515,-18.07940267593524,3.5,1.61,206.0,93.4,64.0,95.2,2327.0,6.3,746538,607732,669911,691182,641857,678662,656248,686668,595909,54.22,0.011,0.012,0.0,1.0,0.0,0.0,3.0,1,1,4-Seam Fastball,0,0,0,0,0,0,0,0,Infield shade,Standard,211.0,0.022,-0.254,78.6,7.9,0.017,0.254,93.4,0,0,0.5,0.5,27,29,28,30,1,0,5.0,1.0,7.0,1.0,1.46,0.23,-0.23,41.3,10.885911306892073,1.7882156274306709,32.64830479513175,40.655986129834574,21.23213608599336
SL,2024-06-18,83.9,2.23,6.62,"Ohtani, Shohei",660271,596295,home_run,hit_into_play,,,,,6.0,Shohei Ohtani homers (20) on a fly ball to center field.,R,L,L,COL,LAD,X,,fly_ball,2,0,2024,-0.38,0.18,0.42,2.34,,,,0,6,Top,129.18,5.54,,,,,-3.4681552868444157,-122.27095580991784,-4.013473729639825,-3.297320941637454,19.695515672867096,-29.888652384100343,3.51,1.62,476.0,113.0,30.0,85.3,2353.0,6.7,746542,696100,669911,676701,641857,678662,666134,686668,595909,53.79,0.9901428571428572,2.0,2.0,1.0,0.0,3.0,6.0,45,3,Slider,7,2,2,7,3,7,3,7,Infield shade,Standard,210.0,-0.028,1.007,81.8,7.8,3.9572857142857143,-1.007,113.0,5,-5,0.946,0.054,30,29,31,30,3,2,6.0,1.0,7.0,1.0,3.0,-0.38,-0.38,54.2,11.479657001535314,-0.80896169032247,39.09851554021593,35.19103299094623,29.662452036952462
KC,2024-06-18,76.4,2.09,6.64,"Ohtani, Shohei",660271,596295,field_out,hit_into_play,,,,,12.0,Shohei Ohtani grounds out to first baseman Michael Toglia. Chris Taylor scores.,R,L,L,COL,LAD,X,3.0,ground_ball,0,0,2024,-0.48,-0.84,1.06,3.47,621035.0,,,1,3,Top,153.39,170.61,,,,,-1.330256536492276,-111.36248450119484,1.7437085075263357,-3.822875903382121,16.604563261488018,-39.679996893795426,3.51,1.62,79.0,73.8,6.0,77.5,2530.0,6.6,746542,696100,669911,676701,641857,678662,666134,686668,595909,53.92,0.197,0.212,0.0,1.0,0.0,0.0,2.0,23,1,Knuckle Curve,6,1,1,6,2,6,2,6,Infield shade,Standard,328.0,0.001,-0.261,76.1,7.0,0.214,0.261,88.0,5,-5,0.886,0.1139999999999999,30,29,31,30,2,1,6.0,1.0,7.0,1.0,4.68,-0.48,-0.48,57.1,14.605836555665736,-0.8989649393994374,31.645685005573934,26.959301814611617,29.388694517747663
FF,2024-06-18,94.4,0.65,6.03,"Ohtani, Shohei",660271,656222,field_out,hit_into_play,,,,,2.0,Shohei Ohtani lines out sharply to center fielder Brenton Doyle.,R,L,L,COL,LAD,X,8.0,line_drive,3,1,2024,0.59,1.24,0.01,3.1,,678246.0,621035.0,2,7,Top,154.44,51.65,,,,,-2.9951187387177,-137.54263060714223,-4.780104465613222,8.11554746943657,27.779655340067777,-15.535309087844684,3.51,1.62,371.0,111.7,17.0,95.4,2345.0,6.6,746542,696100,669911,676701,641857,678662,666134,686668,595909,53.89,0.6804545454545455,1.1160909090909092,0.0,1.0,0.0,0.0,6.0,60,5,4-Seam Fastball,8,4,4,8,4,8,4,8,Standard,Standard,155.0,0.039,-0.371,76.6,7.7,2.0441818181818183,0.371,111.7,4,-4,0.932,0.0679999999999999,30,29,31,30,1,3,3.0,1.0,1.0,1.0,1.29,0.59,0.59,49.3,11.581754576342547,-0.7940761563859948,30.038559441996945,40.721279223482306,25.61790274246823
SL,2024-06-18,86.2,2.04,6.48,"Ohtani, Shohei",660271,596295,field_out,hit_into_play,,,,,4.0,"Shohei Ohtani grounds out, second baseman Alan Trejo to first baseman Michael Toglia.",R,L,L,COL,LAD,X,4.0,ground_ball,3,2,2024,-0.37,0.31,-0.29,2.25,,,,0,1,Top,148.83,135.75,,,,,-4.858069928444888,-125.62831229306975,-4.693018032406225,-3.3122771032660956,18.59691447722923,-28.28291072634192,3.51,1.62,6.0,97.7,-21.0,88.6,2302.0,7.1,746542,696100,669911,676701,641857,678662,666134,686668,595909,53.41,0.142,0.154,0.0,1.0,0.0,0.0,2.0,1,6,Slider,0,0,0,0,0,0,0,0,Infield shade,Standard,188.0,0.027,-0.333,76.2,7.6,0.145,0.333,97.7,0,0,0.495,0.505,30,29,31,30,1,0,6.0,1.0,7.0,1.0,2.68,-0.37,-0.37,56.8,6.730271728104953,5.72663196150452,32.15229900595984,43.23621438682626,24.089852958975165
CH,2024-06-18,91.3,-2.58,4.93,"Ohtani, Shohei",660271,680767,single,hit_into_play,,,,,5.0,Shohei Ohtani singles on a ground ball to left fielder Nolan Jones.,R,L,R,COL,LAD,X,7.0,ground_ball,1,1,2024,-0.99,0.19,0.02,2.27,,,,1,9,Top,85.51,110.01,,,,,8.74614652823112,-132.84291187119544,-1.3583047521460785,-13.313133278843573,21.8784704023565,-29.803087307823173,3.51,1.62,29.0,115.3,-3.0,93.0,2067.0,6.8,746542,696100,669911,676701,641857,678662,666134,686668,595909,53.72,0.461,0.414,0.9,1.0,1.0,0.0,4.0,76,3,Changeup,9,8,8,9,8,9,8,9,Infield shade,Strategic,244.0,-0.086,0.434,,,0.484,-0.434,115.3,1,-1,0.911,0.0889999999999999,24,29,25,30,1,4,2.0,1.0,3.0,1.0,2.49,0.99,-0.99,30.2,,,,,
FS,2024-06-17,85.3,-1.46,6.22,"Ohtani, Shohei",660271,615698,double,hit_into_play,,,,,4.0,Shohei Ohtani doubles (19) on a sharp line drive to center fielder Brenton Doyle.,R,L,R,COL,LAD,X,8.0,line_drive,1,2,2024,-0.23,0.0,-0.43,2.83,,,,1,4,Top,163.14,79.47,,,,,2.8990823716898153,-124.35154194220236,-1.7889244531448418,-2.8879812143753463,21.668724101509756,-32.01557712363248,3.51,1.61,311.0,100.2,18.0,86.1,971.0,6.4,746543,607732,660707,691182,676701,678662,666134,686668,669911,54.07,0.397,0.444,1.25,1.0,1.0,1.0,4.0,30,4,Split-Finger,1,3,3,1,3,1,3,1,Standard,Standard,251.0,-0.038,0.731,77.4,7.7,0.657,-0.731,100.2,-2,2,0.292,0.708,29,29,29,30,3,2,6.0,1.0,5.0,1.0,3.08,0.23,-0.23,41.8,14.002539009430803,-0.690599741361346,30.673127792102225,43.93548569270383,27.740821791875938
FS,2024-06-17,85.2,-1.44,6.28,"Ohtani, Shohei",660271,615698,single,hit_into_play,,,,,5.0,Shohei Ohtani singles on a ground ball to right fielder Michael Toglia. Miguel Rojas scores.,R,L,R,COL,LAD,X,9.0,ground_ball,3,2,2024,-0.42,0.38,-0.07,2.44,,500743.0,,2,2,Top,180.66,134.85,,,,,4.087385276109302,-124.21315553176348,-3.6315549994338223,-5.069651478181078,20.956908958691,-27.721758957272616,3.51,1.61,28.0,107.3,-4.0,86.5,906.0,6.6,746543,607732,660707,691182,676701,678662,666134,686668,669911,53.86,0.4,0.38,0.9,1.0,1.0,0.0,2.0,13,6,Split-Finger,0,1,1,0,2,0,2,0,Standard,Standard,244.0,-0.087,0.674,77.6,7.8,0.414,-0.674,107.3,-1,1,0.41,0.5900000000000001,29,29,29,30,2,1,6.0,1.0,5.0,1.0,2.71,0.42,-0.42,42.8,14.368291701203807,-1.625314222221976,34.5971702493487,39.702667678596896,31.400407059614704
SI,2024-06-17,94.6,-2.3,4.46,"Ohtani, Shohei",660271,664875,field_out,hit_into_play,,,,,5.0,"Shohei Ohtani grounds out, second baseman Adael Amador to first baseman Elehuris Montero. Gavin Lux to 3rd.",R,L,R,COL,LAD,X,4.0,ground_ball,1,1,2024,-1.05,-0.13,-0.13,2.33,,666158.0,,0,9,Top,149.15,157.28,,,,,7.985257535562748,-137.71706971052316,0.2985875786788332,-14.971816825114775,25.20994484104685,-34.06460943694322,3.51,1.61,9.0,104.0,-15.0,95.3,2311.0,6.3,746543,607732,660707,691182,676701,678662,666134,686668,669911,54.22,0.211,0.267,0.0,1.0,0.0,0.0,2.0,74,3,Sinker,1,8,8,1,8,1,8,1,Standard,Standard,251.0,0.0,-0.195,75.2,7.5,0.211,0.195,104.0,-7,7,0.001,0.999,29,29,30,30,1,5,23.0,1.0,3.0,1.0,2.64,1.05,-1.05,-2.5,7.240449365580242,12.68202366100057,34.08357771817016,40.24798021275669,20.78246052537896
SI,2024-06-17,95.1,-2.23,5.49,"Ohtani, Shohei",660271,656234,double,hit_into_play,,,,,5.0,Shohei Ohtani doubles (20) on a sharp line drive to left fielder Nolan Jones.,R,L,R,COL,LAD,X,7.0,line_drive,2,0,2024,-0.38,0.19,0.26,2.43,,,,1,6,Top,67.16,127.84,,,,,7.348878749306731,-138.49432925483848,-2.928936235611795,-6.235531490723961,23.91157306359305,-29.29499990888816,3.51,1.61,232.0,104.3,11.0,95.8,2080.0,6.1,746543,607732,660707,691182,676701,678662,666134,686668,669911,54.36,0.921,0.912,1.25,1.0,1.0,1.0,4.0,45,3,Sinker,1,3,3,1,3,1,3,1,Standard,Standard,236.0,-0.028,0.546,74.2,6.9,1.169,-0.546,104.3,-2,2,0.233,0.767,28,29,29,30,1,3,31.0,1.0,2.0,1.0,2.28,0.38,-0.38,20.0,-1.091188621679459,23.69175096449971,38.286176069189494,35.34676228870973,11.428012220958212
SI,2024-06-17,95.6,-1.54,6.25,"Ohtani, Shohei",660271,615698,field_out,hit_into_play,,,,,5.0,"Shohei Ohtani grounds out sharply, shortstop Ezequiel Tovar to first baseman Elehuris Montero.",R,L,R,COL,LAD,X,6.0,ground_ball,2,2,2024,-0.87,0.75,-0.17,2.31,,,,0,1,Top,121.61,139.1,,,,,5.593626582905753,-139.0876454253494,-6.50303938196107,-12.5485254459238,28.683398088666504,-21.266290963152137,3.51,1.61,12.0,107.8,-10.0,96.2,2136.0,6.5,746543,607732,660707,691182,676701,678662,666134,686668,669911,54.04,0.292,0.368,0.0,1.0,0.0,0.0,2.0,1,5,Sinker,0,0,0,0,0,0,0,0,Strategic,Standard,219.0,0.02,-0.227,73.5,7.3,0.292,0.227,107.8,0,0,0.502,0.498,29,29,29,30,1,0,6.0,1.0,5.0,1.0,1.73,0.87,-0.87,42.2,3.749790493843439,20.450133197381486,31.442314611156178,41.222082053514626,14.135185638825806
SL,2024-06-16,79.7,-1.53,5.32,"Ohtani, Shohei",660271,663903,home_run,hit_into_play,,,,,9.0,Shohei Ohtani homers (19) on a fly ball to right field.,R,L,R,LAD,KC,X,,fly_ball,0,0,2024,0.29,-0.36,0.46,2.03,,,,0,6,Bot,211.82,61.24,,,,,3.8671937204098903,-116.01737815899185,0.1876984843387166,1.9170864913148729,21.83384479707698,-35.67484003019521,3.5,1.6,400.0,110.7,39.0,80.5,2370.0,6.9,746130,666023,686469,641658,672580,677951,669004,664728,624428,53.65,0.83,1.696,2.0,1.0,0.0,3.0,6.0,40,1,Slider,1,0,1,0,0,2,2,0,Infield shade,Standard,66.0,0.105,1.114,76.3,8.5,3.3245,-1.114,110.7,1,1,0.74,0.74,27,29,28,30,3,2,5.0,1.0,5.0,1.0,3.95,-0.29,0.29,31.0,22.465274056781116,-21.65277569616439,43.89308443899717,31.717563725577904,38.279174408182584
SI,2024-06-16,92.5,-1.48,5.05,"Ohtani, Shohei",660271,663903,home_run,hit_into_play,,,,,8.0,Shohei Ohtani homers (18) on a fly ball to center field.,R,L,R,LAD,KC,X,,fly_ball,2,1,2024,-1.03,0.72,-0.06,2.17,,,,1,3,Bot,93.71,18.88,,,,,5.972699386833966,-134.66368385601683,-3.206666037722237,-13.761477254249998,25.732120323486285,-22.946369329017713,3.5,1.6,451.0,114.3,27.0,94.5,2253.0,7.2,746130,666023,686469,641658,672580,677951,669004,664728,624428,53.32,0.99325,2.0,2.0,1.0,0.0,3.0,6.0,20,4,Sinker,0,0,0,0,0,1,1,0,Infield shade,Standard,220.0,0.115,1.536,81.1,7.7,3.95175,-1.536,114.3,0,0,0.533,0.533,27,29,28,30,2,1,5.0,1.0,5.0,1.0,1.92,1.03,-1.03,22.7,8.952469883331494,5.613582059313268,39.14343465274497,39.28465080669202,24.16674281770844
SL,2024-06-16,86.9,2.72,5.19,"Ohtani, Shohei",660271,672582,field_out,hit_into_play,,,,,4.0,Shohei Ohtani lines out to center fielder Kyle Isbel.,R,L,L,LAD,KC,X,8.0,line_drive,1,1,2024,-0.52,0.02,-0.72,2.52,,624415.0,500743.0,2,7,Bot,113.33,60.31,,,,,-7.067799560613691,-126.43213804782494,-0.2951987211619397,-4.227467440287371,24.107157410874898,-32.089408575825246,3.5,1.6,346.0,91.8,24.0,85.7,2420.0,5.4,746130,666023,686469,641658,672580,677951,669004,664728,624428,55.11,0.142,0.161,0.0,1.0,0.0,0.0,3.0,53,3,Slider,3,0,3,0,0,3,3,0,Infield shade,Standard,279.0,-0.011,-0.263,72.9,7.9,0.257,0.263,91.8,3,3,0.939,0.939,24,29,25,30,1,3,3.0,1.0,4.0,1.0,2.98,-0.52,-0.52,29.0,9.741614352945687,0.707152127275098,29.10966773161213,49.87784136589639,24.876217978162725
FF,2024-06-15,93.7,-1.34,5.38,"Ohtani, Shohei",660271,607625,field_out,hit_into_play,,,,,5.0,"Shohei Ohtani grounds out, first baseman Vinnie Pasquantino to pitcher Seth Lugo.",R,L,R,LAD,KC,X,3.0,ground_ball,3,2,2024,-0.22,1.14,0.25,2.59,,,,1,5,Bot,160.26,163.6,,,,,4.595731822995533,-136.44821702703243,-4.0311655600349,-3.730737566667651,28.35890363329207,-17.257768399265515,3.5,1.6,8.0,98.5,-17.0,93.7,2392.0,6.1,746135,666023,686469,679845,672580,677951,669004,641658,680118,54.39,0.182,0.207,0.0,1.0,0.0,0.0,2.0,39,8,4-Seam Fastball,2,1,2,1,1,2,2,1,Infield shade,Standard,217.0,-0.019,-0.332,76.2,7.7,0.186,0.332,98.5,1,1,0.69,0.69,34,29,35,30,3,2,5.0,1.0,5.0,1.0,1.44,0.22,-0.22,38.5,11.142619163287122,-1.727297787391287,35.33597767765351,35.65498147536441,24.169247975641397
CU,2024-06-15,82.5,-1.29,5.56,"Ohtani, Shohei",660271,607625,field_out,hit_into_play,,,,,6.0,"Shohei Ohtani grounds out sharply, second baseman Nick Loftin to first baseman Vinnie Pasquantino.",R,L,R,LAD,KC,X,4.0,ground_ball,1,0,2024,1.18,-1.06,0.75,2.41,,,,2,3,Bot,154.01,128.11,,,,,2.3013878984873903,-120.08821330938088,1.4313096238244332,10.873929151881516,25.61832686273146,-42.85579896599558,3.5,1.6,130.0,100.0,8.0,81.4,3368.0,5.7,746135,666023,686469,679845,672580,677951,669004,641658,680118,54.77,0.65,0.618,0.0,1.0,0.0,0.0,4.0,22,2,Curveball,0,0,0,0,0,0,0,0,Infield shade,Standard,45.0,-0.013,-0.295,74.1,7.3,0.763,0.295,100.0,0,0,0.513,0.513,34,29,35,30,2,1,5.0,1.0,5.0,1.0,4.43,-1.18,1.18,33.2,11.511982760038256,1.0689531123620204,42.75646979416001,27.93122111755639,24.36498849473798
FF,2024-06-15,91.9,-1.29,5.46,"Ohtani, Shohei",660271,607625,grounded_into_double_play,hit_into_play,,,,,4.0,"Shohei Ohtani grounds into a double play, second baseman Nick Loftin to shortstop Bobby Witt Jr. to first baseman Vinnie Pasquantino. Mookie Betts out at 2nd. Shohei Ohtani out at 1st.",R,L,R,LAD,KC,X,4.0,ground_ball,0,0,2024,-0.35,1.18,-0.46,2.6,,,605141.0,0,1,Bot,159.33,130.27,,,,,2.840612293500348,-133.9379477020124,-4.01436805162009,-4.796471521483807,26.62855488541847,-17.29708574465389,3.5,1.6,24.0,104.0,-5.0,92.0,2129.0,6.1,746135,666023,686469,679845,672580,677951,669004,641658,680118,54.41,0.35,0.338,0.0,1.0,0.0,0.0,2.0,6,1,4-Seam Fastball,0,0,0,0,0,0,0,0,Infield shade,Standard,216.0,-0.073,-0.353,78.3,7.8,0.376,0.353,104.0,0,0,0.583,0.583,34,29,35,30,1,0,5.0,1.0,5.0,1.0,1.49,0.35,-0.35,31.1,10.563169003811824,1.81698802910222,32.620409932541925,42.95760079467026,23.78934180980444
FC,2024-06-14,91.9,1.06,6.02,"Ohtani, Shohei",660271,666142,single,hit_into_play,,,,,7.0,Shohei Ohtani singles on a line drive to center fielder Kyle Isbel.,R,L,L,LAD,KC,X,8.0,line_drive,2,1,2024,-0.1,0.92,-0.54,1.74,,,,0,6,Bot,134.73,78.48,,,,,-3.832814371921542,-133.83850678302858,-7.147877607085141,-0.5496880122912196,22.96163077245583,-19.833548289376267,3.5,1.6,261.0,87.0,18.0,92.9,2550.0,6.4,746134,521692,686469,679845,672580,677951,669004,664728,671221,54.13,0.824,0.786,0.9,1.0,1.0,0.0,4.0,43,4,Cutter,3,3,3,3,3,3,3,3,Infield shade,Standard,143.0,0.045,0.407,76.6,8.3,0.969,-0.407,88.0,0,0,0.581,0.581,26,29,27,30,3,2,5.0,1.0,5.0,1.0,1.73,-0.1,-0.1,41.3,13.042691101976054,-0.6721726682541894,37.16300657800837,45.549931177066824,28.155050336349326
SL,2024-06-14,86.5,1.11,6.2,"Ohtani, Shohei",660271,666142,single,hit_into_play,,,,,9.0,Shohei Ohtani singles on a sharp ground ball to right fielder Drew Waters.,R,L,L,LAD,KC,X,9.0,ground_ball,2,2,2024,-0.18,-0.14,0.36,1.64,,,,1,4,Bot,156.94,148.55,,,,,-1.4116736556601233,-125.9144067509065,-4.370688212937953,-1.6081713704438454,25.85753579851273,-33.01581614138576,3.5,1.6,79.0,105.8,3.0,86.2,2653.0,6.1,746134,521692,686469,679845,672580,677951,669004,664728,671221,54.37,0.553,0.523,0.9,1.0,1.0,0.0,4.0,26,5,Slider,0,3,0,3,3,0,0,3,Infield shade,Standard,312.0,0.03,0.453,73.5,7.8,0.639,-0.453,105.8,-3,-3,0.189,0.189,26,29,27,30,2,1,5.0,1.0,5.0,1.0,3.19,-0.18,-0.18,42.9,9.857732786067269,-2.664618901889342,44.55514431937748,35.45436688580745,30.852872350255932
SL,2024-06-14,83.0,1.47,6.42,"Ohtani, Shohei",660271,519293,field_out,hit_into_play,,,,,4.0,Shohei Ohtani pops out to shortstop Bobby Witt Jr.,R,L,L,LAD,KC,X,6.0,popup,2,2,2024,-0.64,0.11,-0.58,2.2,,605141.0,,1,8,Bot,85.67,142.33,,,,,-3.433423150596833,-121.07140634860204,-3.5701192266137185,-5.856509499906991,18.0796931441298,-30.671970190579874,3.5,1.6,195.0,83.4,56.0,83.3,2452.0,5.8,746134,666023,686469,679845,672580,677951,669004,664728,671221,54.67,0.016,0.014,0.0,1.0,0.0,0.0,3.0,58,5,Slider,3,3,3,3,3,3,3,3,Infield shade,Standard,315.0,-0.067,-0.203,75.1,7.7,0.016,0.203,88.0,0,0,0.649,0.649,34,29,35,30,1,3,5.0,1.0,4.0,1.0,3.12,-0.64,-0.64,43.4,1.7811836621196424,-5.075757102099997,34.14119354895338,45.728121692297904,27.986518866479734
FF,2024-06-14,98.0,0.86,6.33,"Ohtani, Shohei",660271,666142,field_out,hit_into_play,,,,,8.0,"Shohei Ohtani grounds out, shortstop Bobby Witt Jr.  to first baseman Vinnie Pasquantino.",R,L,L,LAD,KC,X,6.0,ground_ball,0,1,2024,1.01,1.41,-0.03,2.14,,,,1,1,Bot,120.17,147.17,,,,,-4.715174178684473,-142.40854050040244,-9.084180777497863,14.765226875021312,31.85809038936363,-11.071826469016823,3.5,1.6,24.0,99.4,-3.0,97.8,2585.0,6.2,746134,521692,686469,679845,672580,677951,669004,664728,671221,54.28,0.321,0.301,0.0,1.0,0.0,0.0,2.0,5,2,4-Seam Fastball,0,0,0,0,0,0,0,0,Strategic,Standard,143.0,-0.014,-0.219,73.8,7.8,0.376,0.219,99.4,0,0,0.524,0.524,26,29,27,30,1,0,5.0,1.0,5.0,1.0,0.96,1.01,1.01,48.1,0.7046404702526999,12.761375774460836,36.77985236137628,40.06636894676761,15.547837688358417
FC,2024-06-13,91.1,-1.65,5.67,"Ohtani, Shohei",660271,547179,field_out,hit_into_play,,,,,2.0,"Shohei Ohtani grounds out, second baseman Marcus Semien to first baseman Nathaniel Lowe.",R,L,R,LAD,TEX,X,4.0,ground_ball,1,0,2024,-0.17,0.79,0.08,2.95,,,,1,6,Bot,155.08,149.31,,,,,4.676492681615356,-132.6612428702984,-2.6589503938847088,-2.9811416895486795,27.806978922146527,-22.455176538061895,3.5,1.6,11.0,96.1,-13.0,90.6,2424.0,5.9,746136,641680,663993,543760,677649,669701,694671,665750,666969,54.61,0.195,0.184,0.0,1.0,0.0,0.0,2.0,46,2,Cutter,0,3,0,3,3,0,0,3,Infield shade,Standard,211.0,-0.021,-0.295,74.1,7.1,0.214,0.295,96.1,-3,-3,0.138,0.138,32,29,32,30,3,2,6.0,1.0,5.0,1.0,1.95,0.17,-0.17,45.7,5.713983026020504,10.603793386468396,32.51036790205765,36.288038978772065,21.492448808969396
SI,2024-06-13,95.2,-1.56,5.5,"Ohtani, Shohei",660271,547179,field_out,hit_into_play,,,,,5.0,Shohei Ohtani lines out to left fielder Wyatt Langford.,R,L,R,LAD,TEX,X,7.0,line_drive,2,2,2024,-1.41,0.6,0.24,2.27,,,605141.0,2,3,Bot,70.84,98.52,,,,,7.796425452375229,-138.46239497006118,-4.175884284787077,-19.82907747162115,30.61266346595887,-23.646271932583012,3.5,1.6,286.0,98.0,17.0,94.6,2199.0,5.9,746136,641680,663993,543760,677649,669701,694671,665750,666969,54.58,0.445,0.47,0.0,1.0,0.0,0.0,4.0,27,6,Sinker,0,3,0,3,3,0,0,3,Infield shade,Standard,233.0,-0.02,-0.234,74.2,6.9,0.686,0.234,98.0,-3,-3,0.206,0.206,32,29,32,30,2,1,6.0,1.0,5.0,1.0,1.91,1.41,-1.41,39.1,-4.823607358102741,14.606275644052078,40.55968202075504,33.78686032625181,18.49909060071628
CH,2024-06-13,85.8,-1.55,5.79,"Ohtani, Shohei",660271,547179,field_out,hit_into_play,,,,,13.0,"Shohei Ohtani grounds out, second baseman Marcus Semien to first baseman Nathaniel Lowe.",R,L,R,LAD,TEX,X,4.0,ground_ball,0,1,2024,-1.34,0.51,-1.2,2.48,,,,1,1,Bot,144.0,146.77,,,,,3.4880336980401756,-124.87236129904338,-2.58148028756967,-14.75192619884963,24.89470023317903,-26.57292392180937,3.5,1.6,19.0,92.3,-6.0,85.0,2006.0,5.7,746136,641680,663993,543760,677649,669701,694671,665750,666969,54.76,0.208,0.198,0.0,1.0,0.0,0.0,2.0,8,2,Changeup,0,2,0,2,2,0,0,2,Infield shade,Standard,243.0,-0.014,-0.219,70.4,8.1,0.252,0.219,92.3,-2,-2,0.327,0.327,32,29,32,30,1,0,6.0,1.0,5.0,1.0,2.59,1.34,-1.34,40.0,8.29250278114485,1.6917450621108274,30.17289498720116,50.961751306366,24.37697058244178
CH,2024-06-12,89.2,-1.65,5.78,"Ohtani, Shohei",660271,592351,field_out,hit_into_play,,,,,4.0,Shohei Ohtani lines out sharply to right fielder Adolis García.,R,L,R,LAD,TEX,X,9.0,line_drive,1,0,2024,-1.07,0.94,-0.41,2.58,,,605141.0,0,3,Bot,188.56,85.42,,,,,5.323160097057827,-129.8706334984094,-3.8727252891122377,-13.190562395350138,26.025185034527855,-20.95577401217844,3.49,1.58,321.0,112.5,15.0,89.9,1587.0,6.6,746137,641680,663993,543760,677649,669701,694671,665750,666969,53.92,0.4595,0.62525,0.0,1.0,0.0,0.0,6.0,22,2,Changeup,1,0,1,0,0,1,1,0,Infield shade,Standard,233.0,-0.035,-0.287,76.8,8.0,1.0715,0.287,112.5,1,1,0.706,0.706,32,29,33,30,2,1,4.0,1.0,5.0,1.0,1.92,1.07,-1.07,32.5,14.3311840984998,0.5057992888497358,32.47025488342181,41.36714793176508,26.797329551545378
FF,2024-06-12,94.1,1.71,5.79,"Ohtani, Shohei",660271,656641,field_out,hit_into_play,,,,,2.0,Shohei Ohtani flies out sharply to center fielder Leody Taveras.,R,L,L,LAD,TEX,X,8.0,fly_ball,1,2,2024,0.37,1.53,0.02,2.96,,,,2,5,Bot,122.89,108.93,,,,,-5.2472291754321345,-136.8379862553227,-5.016236352948788,5.917900615159456,31.99860377057181,-12.10946583730233,3.49,1.58,228.0,104.4,58.0,94.6,2291.0,6.8,746137,641680,663993,543760,677649,669701,694671,665750,666969,53.75,0.005,0.005,0.0,1.0,0.0,0.0,3.0,43,4,4-Seam Fastball,1,3,1,3,3,1,1,3,Infield shade,Standard,156.0,-0.01,-0.18,76.3,7.7,0.007,0.18,104.4,-2,-2,0.231,0.231,28,29,28,30,1,2,4.0,1.0,4.0,1.0,1.06,0.37,0.37,50.2,19.57959700539779,0.0744308032418407,32.70330049433947,36.57092339444844,29.78028631847376
SL,2024-06-12,89.8,-1.75,5.77,"Ohtani, Shohei",660271,592351,home_run,hit_into_play,,,,,5.0,Shohei Ohtani homers (17) on a fly ball to center field.,R,L,R,LAD,TEX,X,,fly_ball,3,2,2024,0.19,0.48,0.06,2.18,,,,1,1,Bot,164.2,31.41,,,,,4.064769443960178,-130.82088122681566,-3.991203974370832,1.460533020770956,25.173768369108455,-26.06020908359848,3.49,1.58,424.0,105.2,26.0,90.5,2234.0,6.5,746137,641680,663993,543760,677649,669701,694671,665750,666969,54.05,0.8045254237288133,1.5924067796610166,2.0,1.0,0.0,3.0,6.0,6,6,Slider,0,0,0,0,0,1,1,0,Infield shade,Standard,186.0,0.096,1.506,78.6,7.9,3.1230508474576264,-1.506,105.2,0,0,0.53,0.53,32,29,33,30,1,0,4.0,1.0,5.0,1.0,2.32,-0.19,0.19,35.2,13.01970711752901,-11.105858685610098,39.00141934456465,36.50006450658003,29.039459877805044
FF,2024-06-11,92.2,-2.65,4.28,"Ohtani, Shohei",660271,681982,home_run,hit_into_play,,,,,2.0,Shohei Ohtani homers (16) on a fly ball to right center field. Mookie Betts scores.,R,L,R,LAD,TEX,X,,fly_ball,2,2,2024,-1.18,0.65,-0.05,2.95,,,605141.0,1,6,Bot,174.39,30.4,,,,,9.118491634378042,-134.0084860257288,1.022344707656977,-16.10800539766166,28.17783165638008,-24.74612876100334,3.49,1.58,433.0,114.2,23.0,91.8,2303.0,6.0,746139,641680,663993,543760,673995,677649,694671,665750,666969,54.46,0.98575,2.0,2.0,1.0,0.0,3.0,6.0,51,6,4-Seam Fastball,7,1,7,1,1,9,9,1,Infield shade,Standard,255.0,0.01,1.458,,,3.8075,-1.458,114.2,6,6,0.986,0.986,27,29,27,30,1,3,4.0,2.0,26.0,1.0,2.03,1.18,-1.18,-1.6,,,,,
CH,2024-06-09,92.4,-3.04,5.31,"Ohtani, Shohei",660271,661563,field_out,hit_into_play,,,,,1.0,Shohei Ohtani flies out to left fielder Alex Verdugo.,R,L,R,NYY,LAD,X,7.0,fly_ball,0,1,2024,-1.13,0.16,-0.76,2.99,,605141.0,,2,5,Top,62.04,78.84,,,,,8.390672601368637,-134.3821790689028,-0.4121926713006562,-15.560051884077795,29.2401862395641,-30.41648838415825,3.49,1.58,337.0,94.7,37.0,93.8,1784.0,7.1,745736,624431,518934,650402,665828,683011,657077,663757,592450,53.37,0.061,0.105,0.0,1.0,0.0,0.0,3.0,37,2,Changeup,2,2,2,2,2,2,2,2,Infield shade,Standard,229.0,0.039,-0.261,73.7,7.7,0.206,0.261,94.7,0,0,0.528,0.472,26,29,26,30,3,2,5.0,1.0,5.0,2.0,2.52,1.13,-1.13,30.3,5.191859871126364,7.08542855972505,26.90578538810177,46.366958326615936,17.578628426480797
CH,2024-06-09,93.5,-2.8,5.22,"Ohtani, Shohei",660271,661563,field_out,hit_into_play,,,,,8.0,Shohei Ohtani lines out to right fielder Aaron Judge.,R,L,R,NYY,LAD,X,9.0,line_drive,2,1,2024,-1.11,0.52,-0.15,1.75,,,,2,3,Top,157.32,64.55,,,,,9.373795679185692,-135.8611538683633,-4.400602452965881,-15.745508305073416,28.38126986124544,-24.95602802240637,3.49,1.58,342.0,95.2,24.0,94.7,1790.0,6.9,745736,624431,518934,650402,665828,683011,657077,663757,592450,53.55,0.182,0.223,0.0,1.0,0.0,0.0,5.0,18,4,Changeup,0,0,0,0,0,0,0,0,Infield shade,Standard,221.0,0.013,-0.303,76.1,8.1,0.359,0.303,95.2,0,0,0.542,0.4579999999999999,26,29,26,30,2,1,5.0,1.0,5.0,2.0,2.09,1.11,-1.11,25.2,14.665967770757462,1.2100079607994447,40.580198406532176,40.27849321471289,31.05192275101414
FF,2024-06-09,97.1,-1.54,5.8,"Ohtani, Shohei",660271,596133,double,hit_into_play,,,,,12.0,Shohei Ohtani doubles (18) on a ground ball to left fielder Alex Verdugo.,R,L,R,NYY,LAD,X,7.0,ground_ball,1,2,2024,-0.62,1.32,1.0,2.79,,,,0,8,Top,77.62,158.62,,,,,8.149980078299235,-141.04918256097903,-5.492372283661898,-10.158777544142302,32.70135411055695,-13.508604553195664,3.49,1.58,104.0,60.3,14.0,96.4,2507.0,6.0,745736,624431,518934,650402,665828,683011,657077,663757,592450,54.49,0.2,0.203,1.25,1.0,1.0,1.0,2.0,59,5,4-Seam Fastball,5,3,3,5,3,5,3,5,Infield shade,Standard,212.0,-0.104,0.761,68.6,6.3,0.227,-0.761,88.0,2,-2,0.871,0.129,30,29,31,30,1,3,3.0,1.0,3.0,2.0,1.11,0.62,-0.62,50.2,-9.609143938578086,22.836749164181,38.27520329901928,25.384380096927828,16.813516376902594
FF,2024-06-09,97.7,-2.66,5.83,"Ohtani, Shohei",660271,661563,field_out,hit_into_play,,,,,3.0,Shohei Ohtani flies out to center fielder Trent Grisham.,R,L,R,NYY,LAD,X,8.0,fly_ball,1,1,2024,-0.37,1.38,0.37,3.28,,,,1,1,Top,115.78,102.2,,,,,9.076993762893483,-142.06637862652957,-4.5988811788585,-6.984820708349198,30.57221557751858,-12.523607975579846,3.49,1.58,245.0,79.2,48.0,98.7,2596.0,6.7,745736,624431,518934,650402,665828,683011,657077,663757,592450,53.78,0.061,0.062,0.0,1.0,0.0,0.0,3.0,2,3,4-Seam Fastball,0,0,0,0,0,0,0,0,Infield shade,Standard,204.0,0.015,-0.243,78.4,7.5,0.082,0.243,88.0,0,0,0.523,0.477,26,29,26,30,1,0,5.0,1.0,5.0,2.0,1.0,0.37,-0.37,38.3,14.79579071409411,5.915635898817081,31.883185332117883,32.918292370336715,23.840462546546473
ST,2024-06-08,77.7,2.75,4.82,"Ohtani, Shohei",660271,641482,field_out,hit_into_play,,,,,13.0,Shohei Ohtani pops out to third baseman DJ LeMahieu.,R,L,L,NYY,LAD,X,5.0,popup,0,2,2024,-1.48,0.08,-0.24,1.45,,,,0,6,Top,93.9,150.9,,,,,-3.6561593312999423,-113.09543512497686,-0.4193034595505547,-11.976840030344444,21.666757695240083,-31.669478394984505,3.5,1.59,156.0,78.2,64.0,76.7,2672.0,5.7,745735,669224,519203,650402,518934,683011,657077,663757,592450,54.84,0.018,0.025,0.0,1.0,0.0,0.0,3.0,42,3,Sweeper,2,3,3,2,3,2,3,2,Infield shade,Standard,288.0,0.016,-0.163,70.9,8.4,0.034,0.163,88.0,-1,1,0.349,0.651,29,29,30,30,3,2,6.0,1.0,5.0,1.0,3.71,-1.48,-1.48,20.9,12.094985346180952,-20.127595004804604,39.16660837608628,40.22739158850327,36.72920493098329
FF,2024-06-08,95.1,0.51,5.89,"Ohtani, Shohei",660271,641482,single,hit_into_play,,,,,11.0,Shohei Ohtani singles on a line drive to left fielder Alex Verdugo. Enrique Hernández scores. Chris Taylor to 2nd.,R,L,L,NYY,LAD,X,7.0,line_drive,2,2,2024,0.51,1.43,-1.1,3.03,571771.0,,621035.0,1,3,Top,77.37,94.34,,,,,-5.365258865019075,-138.43940772706662,-5.081039401850304,7.737321810655438,30.93364564098951,-12.787293072776787,3.5,1.59,213.0,99.3,10.0,95.1,2287.0,6.3,745735,669224,519203,650402,518934,683011,657077,663757,592450,54.22,0.795,0.748,0.9,1.0,1.0,0.0,4.0,21,6,4-Seam Fastball,1,1,1,1,2,1,2,1,Standard,Standard,161.0,-0.082,0.543,64.6,7.2,0.932,-0.543,99.3,0,0,0.432,0.5680000000000001,29,29,30,30,2,1,6.0,1.0,5.0,1.0,1.08,0.51,0.51,53.6,-2.1581428728417857,15.641609463941029,22.385099362504235,50.79776473612786,15.631137017954996
FF,2024-06-08,95.5,-1.92,6.02,"Ohtani, Shohei",660271,592454,fielders_choice,hit_into_play,,,,,3.0,"Shohei Ohtani reaches on a fielder's choice, fielded by second baseman Gleyber Torres. Mookie Betts to 2nd. Mookie Betts advances to 2nd, on a fielding error by second baseman Gleyber Torres.",R,L,R,NYY,LAD,X,4.0,ground_ball,1,2,2024,-0.26,1.52,0.35,3.34,,,605141.0,0,8,Top,146.69,148.86,,,,,6.562189307690658,-138.9034732441773,-4.811735717451727,-4.91064057408519,33.01692628309535,-11.616436378113232,3.5,1.59,59.0,73.1,3.0,95.4,2232.0,6.4,745735,669224,519203,650402,518934,683011,657077,663757,592450,54.13,0.137,0.131,0.9,1.0,0.0,0.0,2.0,60,4,4-Seam Fastball,2,4,4,2,4,2,4,2,Infield shade,Standard,208.0,-0.031,0.516,73.4,6.8,0.167,-0.516,88.0,-2,2,0.123,0.877,34,29,35,30,1,3,2.0,1.0,4.0,1.0,0.99,0.26,-0.26,46.5,3.2307613317930413,14.250218138766618,26.99115471029705,31.52155927006005,20.53769448913079
SI,2024-06-07,93.4,-1.31,6.34,"Ohtani, Shohei",660271,547001,field_out,hit_into_play,,,,,8.0,Shohei Ohtani lines out sharply to center fielder Trent Grisham.,R,L,R,NYY,LAD,X,8.0,line_drive,0,0,2024,-1.33,0.77,-0.17,1.91,,,605141.0,2,3,Top,138.77,54.62,,,,,5.833360499785479,-135.79260988365553,-7.301546236141663,-17.739667490568802,29.649508981768506,-21.252990739460113,3.49,1.59,359.0,112.8,16.0,92.8,2164.0,6.0,745737,624431,519203,650402,518934,683011,657077,663757,592450,54.53,0.6279999999999999,0.9888,0.0,1.0,0.0,0.0,6.0,20,1,Sinker,0,0,0,0,0,0,0,0,Infield shade,Standard,216.0,0.025,-0.271,77.5,7.8,1.7917999999999998,0.271,112.8,0,0,0.53,0.47,29,29,30,30,2,1,6.0,1.0,5.0,1.0,1.85,1.33,-1.33,44.8,6.826499036215023,3.682137470484526,40.254098459642584,39.227336711755775,25.47385153643921
SL,2024-06-07,90.8,-2.72,5.92,"Ohtani, Shohei",660271,641656,field_out,hit_into_play,,,,,14.0,Shohei Ohtani grounds out to first baseman Anthony Rizzo.,R,L,R,NYY,LAD,X,3.0,ground_ball,1,1,2024,-0.15,0.45,0.52,1.29,,571771.0,605141.0,2,10,Top,159.46,165.27,,,,,8.351649192510102,-131.97450854007928,-6.622243437082086,-3.3864869902091495,26.153744825562303,-25.729944849390503,3.49,1.59,109.0,107.8,5.0,90.3,1550.0,5.9,745737,624431,519203,650402,518934,683011,657077,663757,592450,54.62,0.647,0.612,0.0,1.0,0.0,0.0,4.0,72,3,Slider,0,0,0,0,0,0,0,0,Infield shade,Standard,231.0,0.122,-0.265,75.7,8.4,0.745,0.265,107.8,0,0,0.683,0.3169999999999999,29,29,29,30,1,4,1.0,1.0,3.0,1.0,2.31,0.15,-0.15,39.1,16.82336898885325,-2.405795151788591,46.189763130583074,29.920361672404276,30.830835257863622
SI,2024-06-07,94.3,-1.42,6.25,"Ohtani, Shohei",660271,547001,field_out,hit_into_play,,,,,13.0,"Shohei Ohtani grounds out, second baseman Gleyber Torres to first baseman Anthony Rizzo.",R,L,R,NYY,LAD,X,4.0,ground_ball,3,2,2024,-1.5,0.47,-0.84,2.39,,,,1,1,Top,146.69,162.6,,,,,4.765679367809684,-137.13424734959875,-5.31273538924803,-19.96633348618038,32.09163747864608,-25.17564982158951,3.49,1.59,4.0,98.1,-30.0,93.0,2387.0,5.7,745737,624431,519203,650402,518934,683011,657077,663757,592450,54.83,0.092,0.098,0.0,1.0,0.0,0.0,2.0,2,6,Sinker,0,0,0,0,0,0,0,0,Infield shade,Standard,215.0,0.02,-0.332,72.9,7.8,0.092,0.332,98.1,0,0,0.518,0.482,29,29,30,30,1,0,6.0,1.0,5.0,1.0,2.1,1.5,-1.5,38.5,3.2512932965691843,3.425919760965545,30.886257537924777,46.80079029481319,19.755998530190517
FF,2024-06-07,95.7,2.12,5.66,"Ohtani, Shohei",660271,657571,field_out,hit_into_play,,,,,1.0,Shohei Ohtani flies out to left fielder Alex Verdugo.,R,L,L,NYY,LAD,X,7.0,fly_ball,1,2,2024,0.73,1.29,-0.53,3.02,,,,0,8,Top,54.2,88.89,,,,,-8.68051463542298,-138.99914798622498,-4.200210254761867,11.537560101237371,34.2903193618799,-14.720062364921311,3.49,1.59,325.0,98.7,40.0,95.8,2264.0,6.7,745737,624431,519203,650402,518934,683011,657077,663757,592450,53.84,0.214,0.426,0.0,1.0,0.0,0.0,3.0,54,4,4-Seam Fastball,0,0,0,0,0,0,0,0,Infield shade,Standard,126.0,0.034,-0.186,73.9,7.5,0.843,0.186,98.7,0,0,0.512,0.488,27,29,28,30,1,3,6.0,1.0,2.0,1.0,1.23,0.73,0.73,38.9,2.7285820621381607,4.194131839429295,27.209969078876988,43.91407693737071,22.41644071665073
SL,2024-06-07,86.5,2.45,4.91,"Ohtani, Shohei",660271,624647,field_out,hit_into_play,,,,,7.0,Shohei Ohtani grounds out to first baseman Anthony Rizzo.,R,L,L,NYY,LAD,X,3.0,ground_ball,0,1,2024,-0.03,0.71,-0.35,1.58,,571771.0,605141.0,2,5,Top,153.29,176.33,,,,,-6.615008477380351,-125.98704362153822,-3.277346172799447,0.8060084813750059,20.789753801269704,-24.151805875513286,3.49,1.59,20.0,80.4,-3.0,87.1,2397.0,6.2,745737,624431,519203,650402,518934,683011,657077,663757,592450,54.28,0.105,0.097,0.0,1.0,0.0,0.0,2.0,35,2,Slider,0,0,0,0,0,0,0,0,Infield shade,Standard,124.0,0.05,-0.232,74.9,8.5,0.105,0.232,88.0,0,0,0.517,0.483,28,29,29,30,1,2,1.0,1.0,4.0,1.0,2.29,-0.03,-0.03,20.7,19.42587091981924,-12.863398417943976,39.46724008466184,41.76953008519176,37.7000621846819
FC,2024-06-06,89.4,-1.95,5.49,"Ohtani, Shohei",660271,621294,field_out,hit_into_play,,,,,14.0,"Shohei Ohtani grounds out sharply, second baseman Nick Gonzales to first baseman Rowdy Tellez.",R,L,R,PIT,LAD,X,4.0,ground_ball,0,0,2024,0.14,0.31,0.99,2.05,,,,1,5,Top,152.72,150.64,,,,,6.977923415836971,-130.1144108976096,-3.1894256019913327,0.2092499918351938,25.7789738302355,-28.173737467215787,3.5,1.59,28.0,106.4,-3.0,90.0,2185.0,6.5,745495,680779,642133,693304,663647,665833,668804,669261,658668,53.97,0.426,0.384,0.0,1.0,0.0,0.0,4.0,51,1,Cutter,4,10,10,4,10,4,10,4,Infield shade,Strategic,250.0,0.002,-0.256,71.3,7.2,0.445,0.256,106.4,-6,6,0.041,0.959,32,29,33,30,1,3,,1.0,3.0,1.0,2.53,-0.14,0.14,24.6,2.3049681237817823,2.2761958846949573,43.41767465891249,26.592918413132196,22.681817223443808
SL,2024-06-06,88.7,-2.63,5.12,"Ohtani, Shohei",660271,669387,force_out,hit_into_play,,,,,14.0,"Shohei Ohtani grounds into a force out, first baseman Rowdy Tellez to shortstop Oneil Cruz. Austin Barnes to 3rd. Mookie Betts out at 2nd. Shohei Ohtani to 1st.",R,L,R,PIT,LAD,X,3.0,ground_ball,1,2,2024,0.33,-0.02,0.93,1.59,,605131.0,605141.0,1,9,Top,156.27,163.35,,,,,8.021179684048791,-129.05860396957414,-2.609884552358322,2.2588323545358264,23.625139283064208,-32.06619427586639,3.5,1.59,50.0,103.1,1.0,89.3,2571.0,6.4,745495,680779,642133,693304,663647,665833,668804,669261,658668,54.11,0.489,0.441,0.0,1.0,0.0,0.0,4.0,89,4,Slider,7,11,11,7,11,7,11,7,Standard,Standard,84.0,0.001,-0.242,74.3,7.6,0.512,0.242,103.1,-4,4,0.014,0.986,25,29,25,30,1,5,1.0,1.0,2.0,1.0,2.89,-0.33,0.33,31.4,8.22669490273657,-1.261273244468689,47.23070722571013,27.650763106274784,26.720807525994104
SL,2024-06-06,83.8,1.28,5.7,"Ohtani, Shohei",660271,663559,single,hit_into_play,,,,,11.0,"Dodgers challenged (catch or drop), call on the field was overturned: Shohei Ohtani singles on a line drive to right fielder Edward Olivares. Mookie Betts to 2nd.",R,L,L,PIT,LAD,X,9.0,line_drive,1,2,2024,-0.5,0.31,-0.96,2.89,,,605141.0,0,1,Top,171.41,103.08,,,,,-4.274104646387507,-122.14602203293776,-0.753432316406143,-4.330408814605106,21.309977339499905,-29.145043250076014,3.5,1.59,265.0,84.7,19.0,85.6,2137.0,7.1,745495,680779,642133,693304,663647,665833,668804,669261,658668,53.38,0.803,0.777,0.9,1.0,1.0,0.0,4.0,2,4,Slider,0,0,0,0,0,0,0,0,Infield shade,Strategic,221.0,-0.063,0.506,67.6,8.4,0.956,-0.506,88.0,0,0,0.473,0.527,27,29,27,30,1,0,6.0,1.0,6.0,1.0,2.9,-0.5,-0.5,55.1,10.57885564052463,-14.342924103876152,25.321371402720416,49.91303175175937,31.860959818086357
FF,2024-06-05,98.1,-2.48,5.73,"Ohtani, Shohei",660271,694973,single,hit_into_play,,,,,2.0,Shohei Ohtani singles on a ground ball to right fielder Edward Olivares. Chris Taylor to 2nd.,R,L,R,PIT,LAD,X,9.0,ground_ball,1,1,2024,-1.16,0.92,0.15,3.51,,,621035.0,1,5,Top,165.99,130.86,,,,,9.80522813006552,-142.6109153164419,-2.688799385863467,-18.06150457495372,30.806840195227547,-19.089089739629383,3.5,1.6,92.0,107.6,4.0,98.4,2284.0,6.4,745494,518735,656582,669707,663647,693304,668804,669261,658668,54.11,0.618,0.581,0.9,1.0,1.0,0.0,4.0,40,3,4-Seam Fastball,7,3,3,7,3,7,3,7,Infield shade,Strategic,243.0,-0.035,0.416,78.9,7.4,0.694,-0.416,107.6,4,-4,0.895,0.1049999999999999,22,29,22,30,3,2,7.0,1.0,6.0,1.0,1.44,1.16,-1.16,26.8,10.55942087726828,3.655771725848128,26.502116194845723,36.87085555854717,23.148716519584383
FF,2024-06-05,100.1,-2.59,5.68,"Ohtani, Shohei",660271,694973,home_run,hit_into_play,,,,,2.0,Shohei Ohtani homers (15) on a fly ball to center field. Mookie Betts scores.,R,L,R,PIT,LAD,X,,fly_ball,3,2,2024,-1.13,0.77,0.13,3.04,,,605141.0,2,3,Top,124.18,26.02,,,,,10.20369618151863,-145.5168866208149,-3.790272348122892,-18.403772625462263,31.22375057540216,-20.439398350417235,3.5,1.6,415.0,105.6,32.0,100.6,2349.0,6.5,745494,518735,656582,669707,663647,693304,668804,669261,658668,54.05,0.839,1.692516129032258,2.0,1.0,0.0,3.0,6.0,25,6,4-Seam Fastball,7,0,0,7,2,7,2,7,Infield shade,Strategic,240.0,-0.04,2.174,80.0,7.7,3.327354838709677,-2.174,105.6,7,-7,0.968,0.032,22,29,22,30,2,1,7.0,1.0,6.0,1.0,1.49,1.13,-1.13,28.1,11.900559380847689,1.1329011794160002,32.02591859900571,37.16709251426997,23.26156661669951
FC,2024-06-05,93.9,-1.76,5.77,"Ohtani, Shohei",660271,670059,field_out,hit_into_play,,,,,3.0,Shohei Ohtani flies out sharply to right fielder Edward Olivares.,R,L,R,PIT,LAD,X,9.0,fly_ball,3,2,2024,-0.02,0.58,0.43,3.25,666158.0,605141.0,,2,8,Top,218.7,109.95,,,,,5.73422826257286,-136.81138251589363,-2.162893941485162,-1.4356715680944012,27.86783981345944,-24.551351691531032,3.5,1.6,315.0,100.9,46.0,94.4,2464.0,6.4,745494,518735,656582,669707,663647,693304,668804,669261,658668,54.15,0.029,0.041,0.0,1.0,0.0,0.0,3.0,73,6,Cutter,10,6,6,10,6,10,6,10,Standard,Strategic,219.0,0.03,-0.279,77.7,7.9,0.084,0.279,100.9,4,-4,0.958,0.042,28,29,29,30,1,4,1.0,1.0,2.0,1.0,1.98,0.02,-0.02,32.3,14.87198764991882,-12.527441060209224,30.369984531039275,32.992817897843196,33.6708997588524
CH,2024-06-04,90.4,-1.77,5.54,"Ohtani, Shohei",660271,683003,grounded_into_double_play,hit_into_play,,,,,11.0,"Shohei Ohtani grounds into a double play, shortstop Oneil Cruz to first baseman Rowdy Tellez.   Mookie Betts out at 2nd.    Shohei Ohtani out at 1st.",R,L,R,PIT,LAD,X,6.0,ground_ball,2,1,2024,-1.18,0.54,-0.86,3.16,,,605141.0,0,3,Top,115.09,150.86,,,,,4.822740901938274,-131.5985735549453,-1.1641703646886428,-14.781969462658346,26.77410031777116,-25.79964576215195,3.51,1.61,15.0,101.7,-11.0,90.9,1847.0,6.5,745497,680779,642133,693304,663647,665833,668804,669261,656582,54.01,0.211,0.295,0.0,1.0,0.0,0.0,2.0,18,4,Changeup,0,0,0,0,0,0,0,0,Infield shade,Strategic,224.0,0.09,-0.388,71.2,7.6,0.211,0.388,101.7,0,0,0.453,0.5469999999999999,22,29,23,30,2,1,6.0,2.0,5.0,1.0,2.23,1.18,-1.18,40.2,4.543976825510911,12.543540327439242,22.51360464696291,50.386042380202824,12.621752041613837
FS,2024-06-04,91.8,0.77,5.92,"Ohtani, Shohei",660271,547973,single,hit_into_play,,,,,14.0,Shohei Ohtani singles on a ground ball to center fielder Jack Suwinski.,R,L,L,PIT,LAD,X,8.0,ground_ball,2,2,2024,0.57,0.08,0.22,1.2,,,,0,8,Top,151.45,112.68,,,,,-2.7089637787179863,-133.75302621233985,-6.497667258440781,7.460246784244549,26.336157671537126,-30.06082818336339,3.51,1.61,6.0,100.1,-10.0,94.7,1048.0,7.7,745497,680779,656582,693304,663647,665833,668804,669261,658668,52.81,0.25,0.241,0.9,1.0,1.0,0.0,2.0,57,5,Split-Finger,1,0,0,1,0,1,0,1,Infield shade,Standard,148.0,-0.093,0.476,67.4,7.8,0.274,-0.476,100.1,1,-1,0.75,0.25,36,29,36,30,1,3,4.0,2.0,1.0,1.0,2.59,0.57,0.57,47.5,-0.008740746490239,11.143608315365704,42.71326597014191,36.86034633801688,17.673352884682394
SL,2024-06-02,83.9,2.22,6.48,"Ohtani, Shohei",660271,596295,field_out,hit_into_play,,,,,7.0,Shohei Ohtani flies out to shortstop Ezequiel Tovar.,R,L,L,LAD,COL,X,6.0,fly_ball,1,1,2024,-0.37,0.51,-0.7,1.67,,,,0,1,Bot,102.49,117.53,,,,,-6.033751497198146,-122.11865083700935,-5.803832881935876,-2.6732193165819846,22.185943427213196,-26.149089975797025,3.54,1.63,214.0,76.7,50.0,84.5,2290.0,6.5,746141,607732,592178,676701,641857,678662,696100,686668,453568,53.98,0.068,0.068,0.0,1.0,0.0,0.0,3.0,6,3,Slider,1,0,1,0,0,1,1,0,Infield shade,Standard,200.0,-0.018,-0.243,70.8,8.3,0.097,0.243,88.0,1,1,0.644,0.644,30,29,31,30,1,0,11.0,1.0,5.0,2.0,2.7,-0.37,-0.37,51.4,14.868879768593333,-7.14994690874958,39.63999860909963,46.5615225888154,33.54506017558396
FS,2024-06-01,86.8,-1.44,6.24,"Ohtani, Shohei",660271,615698,field_out,hit_into_play,,,,,4.0,Shohei Ohtani flies out to left fielder Sean Bouchard.,R,L,R,LAD,COL,X,7.0,fly_ball,1,2,2024,-0.62,0.91,-0.44,2.28,,,,1,1,Bot,79.55,124.91,,,,,3.699365327875429,-126.25856997238328,-5.122664230634312,-7.42499812672297,27.314145511671295,-21.575731584876493,3.55,1.65,219.0,94.2,59.0,87.1,1064.0,6.6,746138,553869,660707,663898,641857,678662,656248,686668,453568,53.87,0.016,0.018,0.0,1.0,0.0,0.0,3.0,7,4,Split-Finger,0,0,0,0,0,0,0,0,Infield shade,Standard,242.0,-0.012,-0.182,76.3,8.3,0.025,0.182,94.2,0,0,0.522,0.522,29,29,29,30,1,0,6.0,1.0,5.0,1.0,2.13,0.62,-0.62,44.2,12.583989753936184,-8.51995440766958,36.05986070901643,42.63427628372497,30.81661908569239
FF,2024-06-01,89.9,2.54,5.94,"Ohtani, Shohei",660271,642028,single,hit_into_play,,,,,5.0,Shohei Ohtani singles on a sharp ground ball to center fielder Brenton Doyle.,R,L,L,LAD,COL,X,8.0,ground_ball,1,0,2024,0.69,1.14,0.25,2.39,,,,0,7,Bot,163.72,94.1,,,,,-7.101355926885931,-130.65092447118107,-5.203807278804307,9.390323839247843,28.41604801385316,-18.175464131964873,3.55,1.65,54.0,113.1,0.0,89.4,2142.0,6.2,746138,553869,660707,663898,641857,678662,656248,686668,453568,54.35,0.55,0.504,0.9,1.0,1.0,0.0,4.0,58,2,4-Seam Fastball,4,1,4,1,1,4,4,1,Infield shade,Standard,136.0,0.008,0.41,78.4,7.7,0.591,-0.41,113.1,3,3,0.942,0.942,29,29,30,30,1,3,5.0,1.0,2.0,1.0,1.69,0.69,0.69,34.7,6.001390130547211,5.815855609124384,36.705839273614245,35.86639448274343,23.730420843918665
CU,2024-05-31,80.7,-2.47,5.96,"Ohtani, Shohei",660271,641712,field_out,hit_into_play,,,,,4.0,Shohei Ohtani lines out to second baseman Brendan Rodgers.,R,L,R,LAD,COL,X,4.0,line_drive,2,2,2024,1.35,-0.5,-0.82,2.25,,,,0,4,Bot,152.42,141.62,,,,,1.0983443089226863,-117.51571405801472,-0.6257367081051294,12.237264187534835,23.688311921907665,-36.85289404061506,3.56,1.65,162.0,92.3,11.0,80.1,2430.0,6.0,746140,553869,660707,663898,641857,678662,595909,686668,453568,54.54,0.784,0.737,0.0,1.0,0.0,0.0,4.0,32,6,Curveball,0,4,0,4,4,0,0,4,Infield shade,Standard,42.0,-0.018,-0.227,73.0,8.2,0.885,0.227,92.3,-4,-4,0.142,0.142,29,29,30,30,2,1,6.0,2.0,5.0,1.0,4.01,-1.35,1.35,31.9,16.506855690484908,-8.715030191194744,33.66285295385116,47.485931402949674,30.330161266467528
SI,2024-05-31,91.0,-2.15,5.95,"Ohtani, Shohei",660271,641712,field_out,hit_into_play,,,,,8.0,"Shohei Ohtani grounds out sharply, second baseman Brendan Rodgers to first baseman Elehuris Montero.",R,L,R,LAD,COL,X,4.0,ground_ball,1,0,2024,-1.17,0.32,-0.07,1.97,,,,1,1,Bot,158.03,143.83,,,,,7.732105139922096,-132.31807475163302,-4.824542334623098,-15.354536762592367,25.896013033314304,-27.608777989847184,3.56,1.65,10.0,105.0,-10.0,91.4,1846.0,6.4,746140,553869,660707,663898,641857,678662,595909,686668,453568,54.14,0.329,0.316,0.0,1.0,0.0,0.0,2.0,8,2,Sinker,0,0,0,0,0,0,0,0,Infield shade,Standard,241.0,-0.019,-0.295,80.0,8.0,0.356,0.295,105.0,0,0,0.529,0.529,29,29,30,30,1,0,6.0,2.0,5.0,1.0,2.42,1.17,-1.17,32.3,10.023368162851298,-3.422958598129374,40.35765297218295,37.60567893997446,26.201465895255243
SI,2024-05-29,91.4,2.36,6.15,"Ohtani, Shohei",660271,656849,single,hit_into_play,,,,,14.0,Shohei Ohtani singles on a ground ball to center fielder Harrison Bader. Miguel Vargas scores.,R,L,L,NYM,LAD,X,8.0,ground_ball,0,1,2024,1.13,0.34,0.94,2.22,,678246.0,,1,5,Top,140.1,101.05,,,,,-6.1470548574367765,-133.00612340922385,-4.8332296595882065,14.789432627488708,28.42678010216989,-27.287007399970992,3.56,1.66,21.0,114.1,-5.0,93.0,2006.0,7.2,745817,621512,668901,643446,683146,596019,621438,664056,516782,53.26,0.437,0.4,0.9,1.0,1.0,0.0,4.0,36,2,Sinker,0,2,2,0,3,0,3,0,Standard,Strategic,135.0,-0.074,0.592,,,0.464,-0.592,114.1,-2,2,0.237,0.763,28,29,29,30,3,2,,1.0,6.0,2.0,2.39,1.13,1.13,41.3,,,,,
CH,2024-05-29,85.6,2.36,6.2,"Ohtani, Shohei",660271,656849,field_out,hit_into_play,,,,,5.0,"Shohei Ohtani grounds out, second baseman Jeff McNeil to first baseman Mark Vientos.",R,L,L,NYM,LAD,X,4.0,ground_ball,0,2,2024,1.04,1.03,0.25,2.84,,,,1,3,Top,156.66,146.07,,,,,-7.232352129801147,-124.42848993318724,-3.783506475301744,12.30809882878686,25.06213315821933,-20.89235585947094,3.56,1.66,14.0,96.5,-11.0,87.1,1620.0,7.3,745817,621512,668901,643446,683146,596019,621438,664056,516782,53.19,0.189,0.184,0.0,1.0,0.0,0.0,2.0,18,3,Changeup,0,1,1,0,1,0,1,0,Infield shade,Standard,117.0,0.01,-0.162,72.1,7.0,0.197,0.162,96.5,-1,1,0.416,0.5840000000000001,28,29,29,30,2,1,,1.0,6.0,2.0,2.09,1.04,1.04,40.2,7.009598470134968,3.2272867426966863,31.608030441111712,36.5046097369386,27.37600983232643
SI,2024-05-29,95.9,-1.53,5.53,"Ohtani, Shohei",660271,605347,home_run,hit_into_play,,,,,4.0,Shohei Ohtani homers (14) on a fly ball to left center field. Miguel Vargas scores.,R,L,R,NYM,LAD,X,,fly_ball,0,2,2024,-1.4,0.56,-0.42,2.71,,678246.0,,2,8,Top,54.12,63.01,,,,,6.127134579655503,-139.62502858939072,-3.1630233813244413,-19.75707416967895,29.204094249003425,-24.348076811589387,3.56,1.66,380.0,103.0,34.0,96.5,2083.0,6.5,745817,621512,668901,643446,683146,596019,607043,664056,516782,54.05,0.5684722222222223,1.130027777777778,2.0,1.0,0.0,3.0,6.0,71,4,Sinker,3,7,7,3,9,3,9,3,Standard,Strategic,234.0,-0.03,1.697,68.9,7.3,2.220916666666667,-1.697,103.0,-4,4,0.04,0.96,31,29,31,30,1,4,1.0,1.0,30.0,2.0,1.9,1.4,-1.4,32.9,4.303068373353375,8.265867544982457,31.053369789712615,44.002679538002965,21.512111386545683
FF,2024-05-29,96.5,2.37,6.06,"Ohtani, Shohei",660271,656849,field_out,hit_into_play,,,,,5.0,Shohei Ohtani flies out sharply to left fielder Tyrone Taylor.,R,L,L,NYM,LAD,X,7.0,fly_ball,1,2,2024,0.83,1.16,0.07,2.58,,,,1,1,Top,35.72,98.61,,,,,-8.15502155512727,-140.1995036853134,-6.4371097360758505,12.800067424183991,31.142875352971984,-15.59046688701007,3.56,1.66,333.0,100.8,24.0,98.2,2233.0,7.3,745817,621512,624413,643446,668901,596019,621438,664056,516782,53.19,0.5129375,0.90321875,0.0,1.0,0.0,0.0,6.0,2,4,4-Seam Fastball,0,0,0,0,0,0,0,0,Infield shade,Standard,133.0,0.012,-0.182,76.5,7.1,1.6972812499999996,0.182,100.8,0,0,0.526,0.474,28,29,29,30,1,0,,1.0,6.0,2.0,1.29,0.83,0.83,38.9,1.8481543574320207,11.986664095956598,33.31538855141583,39.41288650632144,19.063372567804343
FC,2024-05-28,90.6,-1.49,5.74,"Ohtani, Shohei",660271,656731,field_out,hit_into_play,,,,,12.0,Shohei Ohtani grounds out to first baseman Pete Alonso.,R,L,R,NYM,LAD,X,3.0,ground_ball,0,1,2024,0.33,0.73,0.96,3.09,,,,0,6,Top,159.13,167.53,,,,,5.522355388926904,-131.9141485266437,-2.322661508728279,2.8172004570209106,26.218357477708008,-23.314442712678627,3.58,1.68,8.0,60.4,-20.0,92.9,2143.0,7.5,745818,621512,624413,643446,683146,596019,607043,621438,621466,53.0,0.058,0.054,0.0,1.0,0.0,0.0,2.0,39,2,Cutter,2,0,0,2,0,2,0,2,Infield shade,Standard,187.0,0.026,-0.217,75.3,7.3,0.07,0.217,88.0,2,-2,0.784,0.2159999999999999,28,29,29,30,3,2,8.0,2.0,6.0,1.0,2.03,-0.33,0.33,37.0,15.119284120144918,4.387540987284713,32.565730450475314,26.811128077907668,25.941350817479233
FC,2024-05-28,90.8,-1.66,5.76,"Ohtani, Shohei",660271,656731,field_out,hit_into_play,,,,,2.0,Shohei Ohtani grounds out to first baseman Pete Alonso. Mookie Betts to 2nd.,R,L,R,NYM,LAD,X,3.0,ground_ball,1,1,2024,0.3,0.68,0.18,3.65,,,605141.0,1,3,Top,149.03,178.13,,,,,4.041167038173598,-132.29716521789393,-0.9253674647314696,2.848454814632441,23.94133029497039,-24.102900904487353,3.58,1.68,4.0,60.6,-44.0,93.2,2072.0,7.3,745818,621512,624413,643446,683146,596019,607043,621438,621466,53.2,0.211,0.237,0.0,1.0,0.0,0.0,2.0,18,3,Cutter,0,0,0,0,0,0,0,0,Infield shade,Standard,192.0,0.019,-0.303,80.4,7.6,0.214,0.303,88.0,0,0,0.499,0.501,28,29,29,30,2,1,8.0,2.0,6.0,1.0,2.04,-0.3,0.3,38.6,15.532035469965049,-2.742388647821244,20.922147181790113,35.18316729325667,26.075997122051863
FF,2024-05-28,97.8,4.09,5.52,"Ohtani, Shohei",660271,518617,force_out,hit_into_play,,,,,8.0,"Shohei Ohtani grounds into a force out, fielded by shortstop Francisco Lindor. Andy Pages to 3rd. Mookie Betts out at 2nd. Shohei Ohtani to 1st.",R,L,L,NYM,LAD,X,6.0,ground_ball,2,2,2024,1.47,0.86,-0.2,1.87,,681624.0,605141.0,1,8,Top,124.79,146.62,,,,,-14.97353190908811,-141.46627199919484,-6.257744694444539,23.2870313531644,34.65437801166563,-19.225867483212895,3.58,1.68,3.0,88.5,-30.0,97.5,2366.0,6.6,745818,621512,624413,643446,683146,596019,607043,664056,621438,53.86,0.053,0.05,0.0,1.0,0.0,0.0,2.0,54,5,4-Seam Fastball,2,0,0,2,0,2,0,2,Standard,Standard,122.0,0.071,-0.277,65.9,7.3,0.07,0.277,88.5,2,-2,0.789,0.2109999999999999,37,29,37,30,1,3,7.0,2.0,1.0,1.0,1.57,1.47,1.47,18.4,-4.2949686349400205,22.116160998521487,32.392133444989405,42.57141179154023,9.915467831269927
CH,2024-05-26,86.2,-1.51,5.3,"Ohtani, Shohei",660271,686730,single,hit_into_play,,,,,5.0,Shohei Ohtani singles on a line drive to first baseman Spencer Steer.,R,L,R,CIN,LAD,X,3.0,line_drive,2,1,2024,-0.95,0.62,-0.03,2.72,,,,1,9,Top,156.9,167.23,,,,,5.489222463612416,-125.44014931495708,-1.1803044451741835,-11.120854533494152,24.47479042075824,-25.62745831109768,3.59,1.68,162.0,113.5,8.0,86.9,1678.0,6.7,746711,571912,668715,663697,669289,682829,674441,656413,641584,53.83,0.803,0.789,0.9,1.0,1.0,0.0,5.0,66,4,Changeup,4,0,0,4,0,4,0,4,Infield shade,Standard,246.0,-0.008,0.375,75.7,8.2,1.023,-0.375,113.5,4,-4,0.993,0.007,26,29,27,30,2,3,4.0,1.0,14.0,2.0,2.44,0.95,-0.95,31.6,14.313895026570076,-4.506275205210214,29.73495673880213,40.04773641122293,33.79945774432717
CH,2024-05-26,80.6,-1.65,6.31,"Ohtani, Shohei",660271,607259,field_out,hit_into_play,,,,,13.0,"Shohei Ohtani grounds out, second baseman Jonathan India to first baseman Spencer Steer.",R,L,R,CIN,LAD,X,4.0,ground_ball,2,2,2024,-1.35,0.53,-0.95,2.05,,,,0,4,Top,154.48,149.65,,,,,4.092756236742447,-117.2549288820925,-3.746248803762205,-13.238167558270078,23.16369331890154,-26.798559531260167,3.59,1.68,6.0,87.3,-18.0,79.8,2154.0,5.8,746711,571912,668715,663697,669289,682829,674441,666181,641584,54.66,0.063,0.067,0.0,1.0,0.0,0.0,2.0,27,5,Changeup,4,0,0,4,0,4,0,4,Infield shade,Standard,246.0,0.016,-0.227,66.2,8.2,0.063,0.227,88.0,4,-4,0.878,0.122,33,29,34,30,1,1,4.0,1.0,7.0,2.0,3.0,1.35,-1.35,62.0,11.942289901778537,-1.2890341737916784,29.00263214555079,50.81482148479951,24.4754971980385
SL,2024-05-26,79.3,3.46,6.61,"Ohtani, Shohei",660271,608718,field_out,hit_into_play,,,,,5.0,"Shohei Ohtani grounds out, first baseman Spencer Steer to second baseman Jonathan India to first baseman Spencer Steer. Mookie Betts to 2nd.",R,L,L,CIN,LAD,X,3.0,ground_ball,0,0,2024,-0.37,-0.04,-0.24,2.72,,,605141.0,0,1,Top,153.87,169.65,,,,,-7.449207042468644,-115.14803491578,-1.524506991361607,-1.6773795743010234,24.762727027852307,-32.40380443539795,3.59,1.68,24.0,82.0,-5.0,79.4,2365.0,6.8,746711,571912,668715,663697,669289,682829,674441,666181,641584,53.69,0.155,0.148,0.0,1.0,0.0,0.0,2.0,2,1,Slider,0,0,0,0,0,0,0,0,Infield shade,Standard,278.0,0.017,-0.353,76.2,8.0,0.192,0.353,88.0,0,0,0.464,0.536,34,29,35,30,1,0,2.0,1.0,2.0,2.0,3.72,-0.37,-0.37,54.6,20.11735824609339,-10.892285311002782,30.777617360452453,41.94244705626778,37.563222750795376
FS,2024-05-25,87.3,-1.8,5.89,"Ohtani, Shohei",660271,668881,triple,hit_into_play,,,,,8.0,Shohei Ohtani triples (2) on a sharp ground ball to right fielder Jake Fraley.,R,L,R,CIN,LAD,X,9.0,ground_ball,1,1,2024,-0.71,0.43,0.26,2.09,,,,1,6,Top,215.69,109.65,,,,,6.4893039187839126,-126.92967874990502,-3.897451365589028,-9.025359279149807,26.009362191533377,-26.88254695070601,3.59,1.68,32.0,102.1,-2.0,88.0,1277.0,6.8,746710,663886,668715,663697,669289,682829,674441,666181,641584,53.71,0.411,0.386,1.6,1.0,1.0,2.0,2.0,40,3,Split-Finger,2,1,1,2,1,2,1,2,Infield shade,Standard,227.0,-0.114,1.1,74.7,8.1,0.449,-1.1,102.1,1,-1,0.697,0.303,24,29,25,30,3,2,6.0,1.0,7.0,1.0,2.56,0.71,-0.71,31.0,15.443890522530578,-7.951682716053544,35.27176304652319,35.890231230753585,34.48094861665488
SI,2024-05-24,95.7,-0.17,6.41,"Ohtani, Shohei",660271,668933,field_out,hit_into_play,,,,,4.0,"Shohei Ohtani grounds out, shortstop Elly De La Cruz to first baseman Jeimer Candelario.",R,L,R,CIN,LAD,X,6.0,ground_ball,0,2,2024,-0.67,0.96,-0.58,2.76,,605141.0,,2,4,Top,133.38,157.39,,,,,0.4320589135790522,-139.3381218011554,-6.089360761109933,-8.88259555052348,31.690677987768087,-18.54667022482324,3.59,1.68,3.0,93.0,-38.0,94.2,2584.0,5.4,746713,663886,600869,663697,669289,682829,668715,656413,674441,55.08,0.055,0.082,0.0,1.0,0.0,0.0,2.0,34,3,Sinker,3,4,4,3,4,3,4,3,Infield shade,Standard,203.0,0.023,-0.193,70.6,7.3,0.055,0.193,93.0,-1,1,0.405,0.595,26,29,26,30,3,2,6.0,2.0,7.0,1.0,1.53,0.67,-0.67,53.1,0.6535652214487131,18.031471472132857,23.71044171053158,47.060029216755375,13.130214349988671
CH,2024-05-24,91.4,-0.61,6.23,"Ohtani, Shohei",660271,668933,field_out,hit_into_play,,,,,13.0,"Shohei Ohtani grounds out, shortstop Elly De La Cruz to first baseman Jeimer Candelario. Andy Pages scores. Mookie Betts to 3rd.",R,L,R,CIN,LAD,X,6.0,ground_ball,0,0,2024,-0.86,0.59,-0.92,2.51,681624.0,605141.0,,1,2,Top,120.04,157.39,,,,,1.0514754313246013,-133.14920847777384,-4.741346451237085,-10.508263132372054,28.801200519568024,-24.29807946821105,3.59,1.68,5.0,97.4,-24.0,90.1,2090.0,5.5,746713,663886,600869,663697,669289,682829,668715,656413,674441,55.03,0.121,0.132,0.0,1.0,0.0,0.0,2.0,17,1,Changeup,3,3,3,3,4,3,4,3,Infield shade,Standard,216.0,-0.002,-0.187,70.5,7.7,0.139,0.187,97.4,0,0,0.409,0.591,26,29,26,30,2,1,6.0,2.0,7.0,1.0,2.13,0.86,-0.86,47.6,2.0913933395902835,14.064795437842337,26.902347563100403,49.76828703359941,11.787875723095665
FF,2024-05-24,94.9,-1.3,5.68,"Ohtani, Shohei",660271,608371,field_out,hit_into_play,,,,,6.0,Shohei Ohtani pops out to shortstop Elly De La Cruz on the infield fly rule.,R,L,R,CIN,LAD,X,6.0,popup,0,0,2024,-0.03,1.22,0.46,2.82,,518792.0,605141.0,1,8,Top,117.01,156.18,,,,,4.639240748480428,-138.10862293059176,-4.5363484138155306,-1.3523760634850128,29.115975461970173,-15.695342016907691,3.59,1.68,131.0,85.2,67.0,94.2,2736.0,5.8,746713,663886,600869,663697,669289,682829,668715,656413,674441,54.75,0.013,0.016,0.0,1.0,0.0,0.0,3.0,74,1,4-Seam Fastball,9,5,5,9,5,9,5,9,Infield shade,Standard,200.0,0.033,-0.239,76.8,8.2,0.021,0.239,88.0,4,-4,0.934,0.0659999999999999,30,29,30,30,1,4,1.0,2.0,3.0,1.0,1.3,0.03,-0.03,41.2,17.80646586431672,-4.596144868228492,34.25601459732875,33.68832933585615,27.07269535929987
ST,2024-05-24,82.7,2.51,5.11,"Ohtani, Shohei",660271,594580,field_out,hit_into_play,,,,,7.0,Shohei Ohtani pops out to shortstop Elly De La Cruz.,R,L,L,CIN,LAD,X,6.0,popup,0,1,2024,-1.52,-0.24,-0.32,1.8,,,,2,6,Top,125.57,128.14,,,,,-3.399176696523438,-120.3110994876286,-0.5472952728270797,-13.89226395175729,25.66587379032829,-34.63293826444156,3.59,1.68,181.0,65.5,51.0,80.0,3169.0,4.7,746713,663886,600869,663697,669289,682829,668715,656413,674441,55.83,0.103,0.092,0.0,1.0,0.0,0.0,3.0,56,2,Sweeper,9,5,5,9,5,9,5,9,Infield shade,Standard,304.0,0.005,-0.215,67.8,8.2,0.116,0.215,88.0,4,-4,0.946,0.054,32,29,32,30,1,3,1.0,2.0,1.0,1.0,3.6,-1.52,-1.52,17.8,15.867240147546656,-15.177399614276,33.86400291899625,44.40310087462976,36.38169297776559
FC,2024-05-24,96.4,-0.19,6.55,"Ohtani, Shohei",660271,668933,force_out,hit_into_play,,,,,6.0,"Shohei Ohtani grounds into a force out, third baseman Santiago Espinal to shortstop Elly De La Cruz. Mookie Betts out at 2nd. Shohei Ohtani to 1st.",R,L,R,CIN,LAD,X,5.0,ground_ball,0,0,2024,-0.03,1.02,0.37,2.84,,,605141.0,0,1,Top,108.52,170.12,,,,,1.5377707706582666,-140.4480905114406,-6.544326139644177,-0.7083932748689358,29.350235857918506,-17.481248986521592,3.59,1.68,34.0,87.6,-2.0,95.2,2364.0,5.4,746713,663886,600869,663697,669289,682829,668715,656413,674441,55.12,0.261,0.251,0.0,1.0,0.0,0.0,2.0,2,1,Cutter,0,0,0,0,0,0,0,0,Infield shade,Standard,209.0,0.034,-0.353,74.7,6.8,0.318,0.353,88.0,0,0,0.464,0.536,26,29,26,30,1,0,6.0,2.0,7.0,1.0,1.42,0.03,-0.03,56.6,-4.07667233933207,22.569138151494613,33.15118903887268,33.95155421347646,12.90344923673286
FC,2024-05-22,90.5,-1.98,5.9,"Ohtani, Shohei",660271,669194,field_out,hit_into_play,,,,,3.0,Shohei Ohtani flies out sharply to center fielder Corbin Carroll. Enrique Hernández to 3rd.,R,L,R,LAD,AZ,X,8.0,fly_ball,0,0,2024,-0.35,1.08,0.37,3.49,,571771.0,605141.0,0,5,Bot,114.94,58.85,,,,,6.660106302986521,-131.72608126378597,-2.422260227620762,-5.440946151825775,26.537642722398235,-19.267152007378,3.59,1.68,349.0,102.3,39.0,91.5,2278.0,6.8,746143,672515,572233,606466,553993,621028,666971,682998,545341,53.71,0.3108181818181819,0.6136363636363635,0.0,1.0,0.0,0.0,5.0,41,1,Cutter,0,3,0,3,3,0,0,3,Standard,Standard,193.0,-0.042,-0.247,75.4,6.6,1.2121818181818182,0.247,102.3,-3,-3,0.31,0.31,26,29,26,30,2,2,5.0,1.0,7.0,2.0,1.69,0.35,-0.35,42.1,6.979286599196651,4.4834858204640335,29.361847882462072,33.22038850077184,24.71172560039994
FF,2024-05-22,96.3,-1.63,5.87,"Ohtani, Shohei",660271,669194,field_out,hit_into_play,,,,,6.0,"Shohei Ohtani grounds out sharply, second baseman Ketel Marte to first baseman Christian Walker. Mookie Betts to 3rd.",R,L,R,LAD,AZ,X,4.0,ground_ball,2,2,2024,-0.8,1.52,0.39,2.79,,605141.0,,1,3,Bot,149.81,150.21,,,,,7.259725460945424,-139.90400716727126,-6.051447357173405,-12.186349920766997,33.84341649096431,-11.034464523545852,3.59,1.68,61.0,101.1,2.0,97.0,2265.0,6.9,746143,672515,572233,606466,553993,621028,666971,682998,545341,53.55,0.524,0.513,0.0,1.0,0.0,0.0,4.0,23,6,4-Seam Fastball,0,0,0,0,0,0,0,0,Standard,Standard,206.0,-0.03,-0.199,74.6,6.8,0.627,0.199,101.1,0,0,0.573,0.573,26,29,26,30,1,1,5.0,1.0,7.0,2.0,0.96,0.8,-0.8,42.4,4.8669573230034615,14.02714080999374,35.723178611083355,32.57541734900472,21.101992570319556
SL,2024-05-22,83.6,2.69,5.22,"Ohtani, Shohei",660271,676714,single,hit_into_play,,,,,11.0,Shohei Ohtani singles on a line drive to left fielder Lourdes Gurriel Jr.,R,L,L,LAD,AZ,X,7.0,line_drive,0,0,2024,-0.42,0.58,-0.86,2.7,,,,1,1,Bot,61.26,129.32,,,,,-7.416781622674391,-121.68066679759156,-0.5464940578183006,-2.7625020425709716,22.635017647035525,-26.51370232986401,3.59,1.68,157.0,73.0,15.0,84.2,2474.0,6.6,746143,672515,572233,606466,553993,621028,666971,682998,545341,53.95,0.553,0.497,0.9,1.0,1.0,0.0,4.0,6,1,Slider,0,0,0,0,0,0,0,0,Standard,Standard,254.0,0.025,0.422,73.5,7.9,0.554,-0.422,88.0,0,0,0.526,0.526,28,29,29,30,1,0,18.0,1.0,4.0,2.0,2.67,-0.42,-0.42,18.1,14.402355054737637,-6.714111097755493,28.778414201568268,49.21365480936347,32.08207264746252
SI,2024-05-22,89.2,3.54,5.08,"Ohtani, Shohei",660271,573009,field_out,hit_into_play,,,,,12.0,"Shohei Ohtani grounds out, first baseman Christian Walker to pitcher Joe Mantiply.",R,L,L,LAD,AZ,X,3.0,ground_ball,0,0,2024,1.6,0.24,1.12,2.78,,,,2,7,Bot,161.32,164.75,,,,,-9.275763778948114,-129.61209396861312,-0.1104613115880494,19.993590982570048,27.545235493851873,-29.69514816788373,3.59,1.68,10.0,94.7,-15.0,88.6,2196.0,6.1,746143,672515,572233,606466,553993,621028,666971,682998,545341,54.44,0.184,0.174,0.0,1.0,0.0,0.0,2.0,57,1,Sinker,0,4,0,4,4,0,0,4,Standard,Standard,107.0,-0.006,-0.256,74.7,7.0,0.21,0.256,94.7,-4,-4,0.042,0.042,33,29,33,30,1,3,1.0,1.0,3.0,2.0,2.64,1.6,1.6,12.5,10.603329768024183,2.2953011785030095,35.34383941391883,26.36865490878111,25.827568639005243
CH,2024-05-21,87.0,-2.09,5.11,"Ohtani, Shohei",660271,694297,single,hit_into_play,,,,,8.0,Shohei Ohtani singles on a sharp ground ball to right fielder Jake McCarthy. Miguel Vargas scores.,R,L,R,LAD,AZ,X,9.0,ground_ball,2,0,2024,-1.46,0.11,-0.28,1.71,678246.0,,,1,6,Bot,159.24,141.24,,,,,7.44029611882874,-126.52821532248468,-2.2528724093633317,-17.217083977591685,25.115167979228342,-30.706528549127448,3.58,1.67,41.0,102.6,0.0,88.2,1991.0,7.0,746145,672515,572233,606466,553993,621028,666971,682998,664983,53.5,0.487,0.456,0.9,1.0,1.0,0.0,4.0,46,3,Changeup,1,4,1,4,4,2,2,4,Standard,Standard,239.0,0.051,0.385,83.9,8.3,0.544,-0.385,102.6,-3,-3,0.215,0.215,25,29,26,30,3,2,6.0,1.0,7.0,1.0,2.89,1.46,-1.46,20.2,7.9039496986320925,1.300768207578716,39.29674996383769,39.736287956436456,26.83249115364606
FF,2024-05-21,95.0,-1.66,5.68,"Ohtani, Shohei",660271,694297,double,hit_into_play,,,,,5.0,Shohei Ohtani doubles (17) on a line drive to left fielder Lourdes Gurriel Jr.,R,L,R,LAD,AZ,X,7.0,line_drive,0,0,2024,-0.61,1.31,0.01,2.64,,,,0,4,Bot,32.85,111.17,,,,,5.799022449366768,-138.33943871511642,-5.360475291494175,-9.126229635565927,28.02759645112296,-14.258900624474778,3.58,1.67,235.0,94.2,14.0,96.2,2646.0,6.7,746145,672515,572233,606466,553993,621028,666971,682998,664983,53.77,0.961,0.938,1.25,1.0,1.0,1.0,4.0,27,1,4-Seam Fastball,0,2,0,2,2,0,0,2,Infield shade,Standard,221.0,0.076,0.693,80.2,6.9,1.174,-0.693,94.2,-2,-2,0.311,0.311,25,29,26,30,2,1,6.0,1.0,7.0,1.0,1.19,0.61,-0.61,34.1,-5.532698203410854,21.879937851607753,37.1960830783712,36.784381935960496,10.608952735031636
CU,2024-05-21,77.4,3.48,5.28,"Ohtani, Shohei",660271,573009,field_out,hit_into_play,,,,,12.0,Shohei Ohtani flies out sharply to right fielder Jake McCarthy.,R,L,L,LAD,AZ,X,9.0,fly_ball,0,0,2024,-0.83,-0.27,1.34,2.69,,,,1,8,Bot,204.07,90.29,,,,,-3.029907244807953,-112.6711382260604,1.914285495294717,-6.422429346696868,21.617397726155627,-35.03692013871635,3.58,1.67,329.0,107.0,46.0,76.7,2455.0,5.9,746145,672515,572233,606466,553993,621028,666971,682998,664983,54.58,0.182,0.364,0.0,1.0,0.0,0.0,5.0,65,1,Curveball,3,7,3,7,7,3,3,7,Standard,Standard,309.0,-0.009,-0.256,77.5,7.8,0.694,0.256,107.0,-4,-4,0.028,0.028,33,29,33,30,1,3,1.0,1.0,1.0,1.0,4.09,-0.83,-0.83,16.7,15.593349781090527,-24.080221805147787,38.63204006586552,24.397243117567378,40.999188219185314
FF,2024-05-20,93.2,-2.21,5.55,"Ohtani, Shohei",660271,677944,field_out,hit_into_play,,,,,5.0,Shohei Ohtani flies out sharply to left fielder Lourdes Gurriel Jr.,R,L,R,LAD,AZ,X,7.0,fly_ball,0,0,2024,-1.04,1.14,0.0,2.66,,,,0,5,Bot,65.53,73.47,,,,,8.009311407668138,-135.50081725415177,-4.148149857571371,-14.661412277425356,30.968431749673027,-17.40319371539195,3.57,1.66,345.0,103.5,40.0,93.5,2148.0,6.6,746146,672515,572233,606466,553993,621028,666971,682998,664983,53.86,0.4253333333333333,0.8616666666666667,0.0,1.0,0.0,0.0,5.0,41,1,4-Seam Fastball,6,1,6,1,1,6,6,1,Strategic,Standard,236.0,-0.003,-0.254,80.1,7.4,1.6963333333333337,0.254,103.5,5,5,0.96,0.96,25,29,25,30,2,2,6.0,1.0,12.0,1.0,1.5,1.04,-1.04,29.3,3.5657723657260223,5.666476130942779,36.078619609933966,37.595017486466475,25.04774336352755
FF,2024-05-20,94.1,-2.47,5.8,"Ohtani, Shohei",660271,686826,field_out,hit_into_play,,,,,2.0,Shohei Ohtani lines out sharply to first baseman Christian Walker.,R,L,R,LAD,AZ,X,3.0,line_drive,0,0,2024,-0.86,1.12,0.22,3.24,,,,0,8,Bot,157.98,159.71,,,,,8.819168934829944,-136.80520095783552,-3.374203995347524,-12.709889177630863,30.667010746425927,-17.512895710134586,3.57,1.66,130.0,114.1,6.0,93.4,1968.0,6.0,746146,672515,572233,606466,553993,621028,666971,682998,664983,54.54,0.761,0.737,0.0,1.0,0.0,0.0,5.0,64,1,4-Seam Fastball,6,4,6,4,4,6,6,4,Infield shade,Standard,223.0,-0.006,-0.254,81.3,7.6,0.911,0.254,114.1,2,2,0.938,0.938,26,29,27,30,1,3,2.0,1.0,2.0,1.0,1.46,0.86,-0.86,40.4,15.665207868295614,-6.133330501036743,31.61723277779984,34.9589504007065,31.43058506095847
SI,2024-05-20,90.2,3.36,5.21,"Ohtani, Shohei",660271,573009,field_error,hit_into_play,,,,,6.0,Shohei Ohtani reaches on a throwing error by pitcher Joe Mantiply.,R,L,L,LAD,AZ,X,1.0,ground_ball,0,0,2024,1.68,-0.09,0.36,2.54,,,,1,1,Bot,120.74,187.43,,,,,-10.976581838226702,-130.8259342343782,-0.4357283995376415,21.622684432792433,29.68643168794125,-33.29045357558415,3.57,1.66,2.0,44.3,-57.0,89.6,2196.0,6.3,746146,672515,572233,606466,553993,621028,666971,682998,664983,54.22,0.266,0.256,0.9,1.0,0.0,0.0,1.0,6,1,Sinker,0,0,0,0,0,0,0,0,Infield shade,Standard,110.0,0.025,0.043,,,0.279,-0.043,88.0,0,0,0.526,0.526,33,29,33,30,1,0,2.0,1.0,1.0,1.0,2.92,1.68,1.68,13.6,,,,,
FS,2024-05-19,86.1,-1.76,6.11,"Ohtani, Shohei",660271,668881,field_out,hit_into_play,,,,,1.0,Shohei Ohtani flies out to left fielder Will Benson.,R,L,R,LAD,CIN,X,7.0,fly_ball,1,1,2024,-0.66,0.47,-0.61,3.44,,,605141.0,2,3,Bot,74.48,91.73,,,,,4.099851340752532,-125.53472935273749,-1.1452904821266396,-7.747824846965678,22.29629830172037,-27.1720711086564,3.57,1.66,296.0,90.6,41.0,87.3,1053.0,6.7,746144,571912,600869,663697,669289,682829,666181,656413,641584,53.82,0.011,0.013,0.0,1.0,0.0,0.0,3.0,22,3,Split-Finger,0,0,0,0,0,0,0,0,Infield shade,Standard,217.0,-0.025,-0.256,74.0,7.4,0.022,0.256,90.6,0,0,0.525,0.525,24,29,25,30,2,1,5.0,1.0,6.0,1.0,2.57,0.66,-0.66,40.9,4.676318023613379,2.440357547111296,24.102015584367457,44.56036504098272,19.57182745468627
FF,2024-05-19,94.0,-1.91,4.3,"Ohtani, Shohei",660271,664747,single,hit_into_play,,,,,9.0,Shohei Ohtani singles on a sharp line drive to right fielder Jake Fraley. Jason Heyward scores. Will Smith to 2nd.,R,L,R,LAD,CIN,X,9.0,line_drive,1,2,2024,-0.32,0.65,0.74,1.79,,518792.0,669257.0,2,10,Bot,200.85,97.59,,,,,7.73565297875126,-136.83618559338962,-2.3538252404603175,-5.437313658154774,24.87144982721619,-23.67486383926436,3.57,1.66,164.0,100.3,11.0,96.8,2659.0,7.4,746144,663886,600869,663697,669289,682829,674441,656413,641584,53.05,0.903,0.87,0.9,1.0,1.0,0.0,4.0,80,6,4-Seam Fastball,2,2,2,2,2,3,3,2,Infield shade,Standard,229.0,0.414,0.655,74.3,7.6,1.088,-0.655,100.3,0,0,0.586,0.586,27,29,28,30,1,4,2.0,1.0,2.0,1.0,1.89,0.32,-0.32,4.2,7.290050505371516,1.3473376192331634,45.44111845883424,30.069026901250272,26.807391284684375
ST,2024-05-19,81.7,2.42,4.85,"Ohtani, Shohei",660271,594580,single,hit_into_play,,,,,13.0,Shohei Ohtani singles on a ground ball to first baseman Jeimer Candelario.,R,L,L,LAD,CIN,X,3.0,ground_ball,2,2,2024,-1.24,-0.31,-0.94,2.37,,,,0,8,Bot,142.81,166.11,,,,,-5.038465505146428,-118.9238513831468,1.4963472477742417,-10.907014650893547,21.777669695287425,-35.638761491067754,3.57,1.66,35.0,80.6,-1.0,79.7,3056.0,4.8,746144,663886,600869,663697,669289,682829,674441,656413,641584,55.72,0.161,0.152,0.9,1.0,1.0,0.0,2.0,62,5,Sweeper,2,2,2,2,2,2,2,2,Infield shade,Standard,304.0,0.067,0.476,66.2,7.8,0.172,-0.476,88.0,0,0,0.603,0.603,32,29,32,30,1,3,3.0,1.0,4.0,1.0,3.71,-1.24,-1.24,13.7,8.291076115744426,-5.773119332068066,27.5944114473181,50.53581340544333,28.378326876360017
SL,2024-05-18,87.4,-0.46,6.1,"Ohtani, Shohei",660271,668933,field_out,hit_into_play,,,,,9.0,Shohei Ohtani flies out to left fielder Jacob Hurtubise.,R,L,R,LAD,CIN,X,7.0,fly_ball,1,2,2024,0.9,0.28,0.54,2.1,,500743.0,,1,5,Bot,74.83,118.8,,,,,0.5490523666355187,-127.36868423591524,-4.128702549970477,9.717213949019207,23.60267568579401,-28.512306014838543,3.57,1.66,238.0,98.9,57.0,87.0,2770.0,5.8,746142,663886,668715,663697,600869,682829,674441,666181,641584,54.74,0.008,0.011,0.0,1.0,0.0,0.0,3.0,36,5,Slider,2,0,2,0,0,2,2,0,Infield shade,Standard,39.0,-0.017,-0.185,79.4,7.6,0.019,0.185,98.9,2,2,0.82,0.82,26,29,26,30,3,2,5.0,1.0,6.0,1.0,2.67,-0.9,0.9,47.1,15.212697010040763,-9.685402369555238,43.4817088750792,32.908932707139286,35.776243999655776
FC,2024-05-18,96.4,-0.13,6.39,"Ohtani, Shohei",660271,668933,field_out,hit_into_play,,,,,3.0,"Shohei Ohtani grounds out, second baseman Jonathan India to first baseman Spencer Steer.",R,L,R,LAD,CIN,X,4.0,ground_ball,1,2,2024,-0.29,0.87,0.48,3.18,571771.0,,,2,3,Bot,151.02,157.79,,,,,2.2568377818651384,-140.42168196120042,-4.938350774732016,-4.324270603520786,28.750493428918187,-19.740927339327676,3.57,1.66,4.0,78.8,-39.0,95.4,2560.0,5.4,746142,663886,668715,663697,600869,682829,674441,666181,641584,55.06,0.061,0.061,0.0,1.0,0.0,0.0,2.0,20,4,Cutter,0,0,0,0,0,0,0,0,Infield shade,Standard,202.0,-0.032,-0.199,74.7,6.6,0.061,0.199,88.0,0,0,0.532,0.532,26,29,26,30,2,1,5.0,1.0,6.0,1.0,1.56,0.29,-0.29,56.3,4.629836753492591,11.683862850105085,29.56569609614672,32.855046372953176,22.174295954164236
CH,2024-05-18,86.8,-1.78,5.18,"Ohtani, Shohei",660271,686730,field_out,hit_into_play,,,,,8.0,Shohei Ohtani grounds out sharply to first baseman Spencer Steer.,R,L,R,LAD,CIN,X,3.0,ground_ball,1,1,2024,-1.25,0.59,-0.24,2.1,,,,2,7,Bot,156.29,165.19,,,,,6.281861370323089,-126.28486497904736,-2.3685532709505406,-14.705156064008843,26.855782380729533,-25.617142858039184,3.57,1.66,60.0,100.7,2.0,87.1,1628.0,6.6,746142,663886,668715,663697,600869,682829,674441,666181,641584,53.92,0.524,0.513,0.0,1.0,0.0,0.0,4.0,52,3,Changeup,3,0,3,0,0,3,3,0,Infield shade,Standard,250.0,-0.003,-0.244,72.8,8.6,0.627,0.244,100.7,3,3,0.931,0.931,26,29,27,30,1,3,39.0,1.0,4.0,1.0,2.45,1.25,-1.25,27.8,17.50481381799084,-12.26768719602672,35.60075132342436,41.49509476797962,29.938818775021648
FC,2024-05-18,97.9,0.03,6.48,"Ohtani, Shohei",660271,668933,field_out,hit_into_play,,,,,3.0,"Shohei Ohtani grounds out, third baseman Jeimer Candelario to first baseman Spencer Steer.",R,L,R,LAD,CIN,X,5.0,ground_ball,3,2,2024,0.01,0.91,0.3,3.41,,,,0,1,Bot,108.69,154.87,,,,,0.7125551365109338,-142.57123347718277,-4.874243825321707,-0.0442304318702047,30.30899829541029,-18.870274156133014,3.57,1.66,17.0,72.7,-10.0,96.6,2306.0,5.4,746142,663886,668715,663697,600869,682829,674441,666181,641584,55.15,0.047,0.055,0.0,1.0,0.0,0.0,2.0,4,7,Cutter,0,0,0,0,0,0,0,0,Infield shade,Standard,207.0,-0.027,-0.333,69.1,6.3,0.048,0.333,88.0,0,0,0.553,0.553,26,29,26,30,1,0,5.0,1.0,6.0,1.0,1.45,-0.01,0.01,53.5,-2.722840220829646,28.86080500441056,24.6187006543197,33.98438827493696,13.665016258015235
FF,2024-05-17,95.3,-1.56,5.69,"Ohtani, Shohei",660271,593423,home_run,hit_into_play,,,,,4.0,Shohei Ohtani homers (13) on a fly ball to left field. Mookie Betts scores.,R,L,R,LAD,CIN,X,,fly_ball,0,0,2024,-0.74,1.09,-0.38,2.67,,,605141.0,1,3,Bot,26.96,87.01,,,,,4.751580123133813,-138.75607210826817,-4.759588057352415,-10.658586172866343,28.456051365046,-17.252713395535725,3.59,1.67,368.0,104.5,28.0,95.2,2350.0,6.0,746148,663886,600869,663697,669289,682829,668715,656413,666181,54.51,0.7573114754098362,1.517754098360656,2.0,1.0,0.0,3.0,6.0,20,1,4-Seam Fastball,1,0,1,0,0,3,3,0,Infield shade,Standard,213.0,0.157,1.436,75.8,7.1,2.973278688524589,-1.436,104.5,1,1,0.671,0.671,31,29,31,30,2,1,5.0,1.0,6.0,1.0,1.4,0.74,-0.74,36.5,-1.3216337357164412,13.06055812371106,34.06197001524625,41.74397814159694,16.90770181133716
FS,2024-05-17,82.2,-0.89,6.12,"Ohtani, Shohei",660271,518585,force_out,hit_into_play,,,,,1.0,"Shohei Ohtani grounds into a force out, first baseman Jeimer Candelario to shortstop Elly De La Cruz. Enrique Hernández out at 2nd. Shohei Ohtani advances to 2nd, on a throwing error by shortstop Elly De La Cruz.",R,L,R,LAD,CIN,X,3.0,ground_ball,1,2,2024,-0.44,0.38,-0.37,3.08,,,571771.0,1,7,Bot,146.34,173.81,,,,,2.0439985006798613,-119.77613623605616,-1.1252240530210529,-4.664181067625505,22.85540429596719,-28.492176840904552,3.59,1.67,38.0,100.5,-3.0,83.2,776.0,6.8,746148,663886,600869,663697,669289,682829,668715,666181,641584,53.68,0.305,0.319,0.0,1.0,0.0,0.0,2.0,55,4,Split-Finger,3,3,3,3,3,3,3,3,Infield shade,Standard,221.0,-0.013,-0.244,74.1,7.7,0.336,0.244,100.5,0,0,0.578,0.578,34,29,34,30,1,3,2.0,1.0,2.0,1.0,2.98,0.44,-0.44,46.7,8.96784074367588,-21.800657054602414,25.96616675321301,40.3468313324226,34.86792084848231
FF,2024-05-17,96.2,-1.44,5.72,"Ohtani, Shohei",660271,593423,field_out,hit_into_play,,,,,6.0,Shohei Ohtani grounds out sharply to first baseman Jeimer Candelario.,R,L,R,LAD,CIN,X,3.0,ground_ball,2,2,2024,-0.48,1.41,0.36,2.51,,,,0,1,Bot,160.86,163.3,,,,,5.819803183951551,-139.99092103875887,-6.161945545872216,-7.545959196621698,28.469932327063916,-12.339558179912908,3.59,1.67,42.0,107.3,-1.0,96.0,2319.0,6.0,746148,663886,600869,663697,669289,682829,668715,656413,666181,54.53,0.484,0.436,0.0,1.0,0.0,0.0,4.0,5,6,4-Seam Fastball,1,0,1,0,0,1,1,0,Infield shade,Standard,212.0,-0.017,-0.227,81.0,7.9,0.511,0.227,107.3,1,1,0.643,0.643,31,29,31,30,1,0,5.0,1.0,6.0,1.0,1.03,0.48,-0.48,35.7,18.379624018519237,-8.176954294963942,36.22251976225394,33.46715653322097,29.720906984294388
CH,2024-05-16,82.8,-1.56,6.3,"Ohtani, Shohei",660271,607259,field_out,hit_into_play,,,,,1.0,Shohei Ohtani pops out to catcher Tyler Stephenson in foul territory.,R,L,R,LAD,CIN,X,2.0,popup,2,2,2024,-1.16,1.04,-0.67,3.31,,,,2,3,Bot,141.76,209.27,,,,,4.256912012901718,-120.58743024483326,-2.4034193909610537,-12.194408343102635,22.58581677064607,-21.723227962505312,3.56,1.67,38.0,85.9,81.0,82.4,1973.0,5.9,746150,663886,668715,669289,600869,682829,668843,666181,641584,54.62,0.011,0.014,0.0,1.0,0.0,0.0,3.0,26,5,Changeup,0,3,0,3,3,0,0,3,Infield shade,Standard,233.0,-0.009,-0.219,74.2,8.0,0.017,0.219,88.0,-3,-3,0.195,0.195,33,29,34,30,1,1,4.0,1.0,6.0,1.0,2.27,1.16,-1.16,64.0,15.241426783943693,-14.504523643265436,26.326762261171112,44.25533348512194,34.09224605251399
SI,2024-05-15,91.9,-1.08,5.08,"Ohtani, Shohei",660271,657277,single,hit_into_play,,,,,5.0,Shohei Ohtani singles on a ground ball to center fielder Luis Matos.,R,L,R,SF,LAD,X,8.0,ground_ball,0,1,2024,-0.56,0.2,0.12,2.63,,,,2,5,Top,141.15,87.23,,,,,4.330723121183844,-134.00856993997763,-0.9041161922545906,-7.568008591682142,25.140537164258525,-29.784145691603324,3.57,1.65,12.0,103.1,-11.0,93.8,1988.0,7.0,745341,592200,664774,642731,656305,669477,671218,682641,573262,53.48,0.276,0.275,0.9,1.0,1.0,0.0,2.0,36,2,Sinker,2,0,0,2,0,2,0,2,Infield shade,Standard,228.0,-0.018,0.373,74.6,7.2,0.286,-0.373,103.1,2,-2,0.802,0.1979999999999999,27,29,28,30,3,2,5.0,1.0,6.0,1.0,2.46,0.56,-0.56,26.2,-0.4373402133944772,15.183069546715682,34.21886186726474,36.85461221050213,15.907068417074342
FC,2024-05-15,101.0,-1.46,5.67,"Ohtani, Shohei",660271,666808,single,hit_into_play,,,,,7.0,Shohei Ohtani singles on a line drive to left fielder Heliot Ramos. Mookie Betts to 2nd.,R,L,R,SF,LAD,X,7.0,line_drive,2,2,2024,-0.53,0.87,-0.58,1.97,,,605141.0,2,9,Top,66.66,115.27,,,,,3.72155837007338,-147.04108763672212,-7.091686186530434,-8.599851654449324,34.086014687942125,-18.138818717088505,3.57,1.65,256.0,95.7,13.0,101.3,2360.0,6.4,745341,592200,664774,642731,656305,669477,671218,682641,573262,54.12,0.945,0.905,0.9,1.0,1.0,0.0,4.0,72,5,Cutter,4,1,1,4,1,4,1,4,Infield shade,Strategic,225.0,-0.025,0.394,64.1,7.6,1.124,-0.394,95.7,3,-3,0.989,0.011,26,29,27,30,1,4,2.0,1.0,4.0,1.0,1.36,0.53,-0.53,20.9,-1.9313973272100855,17.926393611970006,33.27215392248843,45.984880925125566,10.745752234411098
SI,2024-05-14,92.3,-1.12,6.48,"Ohtani, Shohei",660271,676775,single,hit_into_play,,,,,8.0,Shohei Ohtani singles on a sharp line drive to center fielder Luis Matos. Mookie Betts to 2nd.,R,L,R,SF,LAD,X,8.0,line_drive,0,1,2024,-0.93,0.63,-0.04,2.22,,,605141.0,0,5,Top,102.75,68.52,,,,,4.764768990289798,-134.26772133612138,-6.363832400536264,-12.269723836951153,28.519873180719213,-23.380930436069495,3.57,1.65,281.0,109.4,10.0,92.2,2290.0,6.2,745342,666165,664774,642731,656305,669477,671218,682641,573262,54.31,0.908,0.933,0.9,1.0,1.0,0.0,5.0,35,2,Sinker,0,4,4,0,4,0,4,0,Infield shade,Standard,215.0,-0.019,0.491,76.5,7.6,1.217,-0.491,109.4,-4,4,0.093,0.907,26,29,26,30,3,2,5.0,1.0,26.0,1.0,2.04,0.93,-0.93,39.9,3.0372438638456676,4.396769407912568,37.69829933945039,38.41351355525545,18.596164521271614
SL,2024-05-14,88.7,-1.47,6.31,"Ohtani, Shohei",660271,676775,home_run,hit_into_play,,,,,5.0,Shohei Ohtani homers (12) on a fly ball to right center field.,R,L,R,SF,LAD,X,,fly_ball,0,0,2024,0.06,0.17,0.25,2.7,,,,0,4,Top,208.75,37.41,,,,,4.040835623100606,-129.0727988538007,-3.066537184534874,-0.2242555595113426,29.245255069730028,-29.866370596578463,3.57,1.65,446.0,113.4,29.0,88.0,2287.0,6.1,745342,666165,664774,642731,656305,669477,671218,682641,573262,54.44,0.991,2.0,2.0,1.0,0.0,3.0,6.0,23,1,Slider,0,0,0,0,1,0,1,0,Infield shade,Standard,120.0,-0.123,1.114,82.3,8.0,3.956,-1.114,113.4,0,0,0.5,0.5,26,29,26,30,2,1,5.0,1.0,26.0,1.0,2.75,-0.06,0.06,39.3,18.977482157446108,-5.853497016294778,36.31975600762326,36.53627695605665,29.021948877455188
FF,2024-05-14,97.6,-1.75,5.37,"Ohtani, Shohei",660271,678495,double,hit_into_play,,,,,2.0,Shohei Ohtani doubles (16) on a line drive to left fielder Heliot Ramos. Mookie Betts scores.,R,L,R,SF,LAD,X,7.0,line_drive,1,0,2024,-0.41,1.27,-0.21,3.22,605141.0,,,0,7,Top,46.65,121.71,,,,,5.143702737844873,-142.22122541799547,-3.277475986286199,-6.6218958839208755,29.434297952548725,-14.366503202718324,3.57,1.65,236.0,90.4,15.0,99.0,2432.0,6.8,745342,666165,664774,642731,656305,669477,671218,682641,573262,53.74,0.966,0.92,1.25,1.0,1.0,1.0,4.0,54,2,4-Seam Fastball,1,5,5,1,6,1,6,1,Strategic,Standard,206.0,-0.012,0.499,71.1,6.6,1.134,-0.499,90.4,-4,4,0.036,0.964,24,29,25,30,1,3,5.0,1.0,3.0,1.0,1.1,0.41,-0.41,37.8,-5.065265803217133,28.133567225770943,27.298223483836264,40.155411847714774,8.879715903131402
FC,2024-05-14,88.5,-1.81,6.02,"Ohtani, Shohei",660271,687014,field_out,hit_into_play,,,,,4.0,"Shohei Ohtani grounds out, second baseman Thairo Estrada to first baseman LaMonte Wade Jr. Miguel Rojas to 3rd.",R,L,R,SF,LAD,X,4.0,ground_ball,1,2,2024,0.32,0.06,-0.28,2.32,,500743.0,,0,9,Top,150.27,136.34,,,,,3.083998043595383,-129.0123503737018,-3.1663803581360046,2.9797982913160515,25.175499952443523,-31.03172005654426,3.57,1.65,77.0,100.8,4.0,89.0,2258.0,6.3,745342,666165,664774,642731,656305,669477,671218,682641,573262,54.15,0.532,0.492,0.0,1.0,0.0,0.0,4.0,71,4,Cutter,1,7,7,1,7,1,7,1,Infield shade,Standard,126.0,0.0,-0.123,73.1,7.8,0.597,0.123,100.8,-6,6,0.002,0.998,26,29,27,30,1,4,23.0,1.0,10.0,1.0,2.82,-0.32,0.32,45.3,10.84415536080177,4.051971324079481,36.39333223196473,41.9020648466384,27.277825665616312
FF,2024-05-14,97.6,-1.16,6.44,"Ohtani, Shohei",660271,676775,field_out,hit_into_play,,,,,12.0,Shohei Ohtani flies out to left fielder Heliot Ramos.,R,L,R,SF,LAD,X,7.0,fly_ball,2,1,2024,-0.62,1.39,0.89,2.92,,,,1,1,Top,97.78,105.17,,,,,6.91391076576536,-141.78910583812308,-7.071243948041911,-10.011665743752047,35.67180291366515,-11.994841893798892,3.57,1.65,246.0,85.5,53.0,96.9,2293.0,6.2,745342,666165,664774,642731,656305,669477,671218,682641,573262,54.32,0.013,0.014,0.0,1.0,0.0,0.0,3.0,2,4,4-Seam Fastball,0,0,0,0,0,0,0,0,Infield shade,Standard,230.0,0.018,-0.302,76.1,7.1,0.019,0.302,88.0,0,0,0.52,0.48,26,29,26,30,1,0,5.0,1.0,26.0,1.0,1.03,0.62,-0.62,43.0,9.056246217967017,3.314970488891659,38.28344860972756,29.28443966040906,24.788102310099863
SI,2024-05-13,98.6,-1.37,5.89,"Ohtani, Shohei",660271,663855,single,hit_into_play,,,,,7.0,Shohei Ohtani singles on a soft ground ball to second baseman Thairo Estrada. Andy Pages scores.,R,L,R,SF,LAD,X,4.0,ground_ball,3,2,2024,-1.39,0.51,-0.34,2.19,681624.0,,,2,5,Top,140.44,170.81,,,,,6.105733170803947,-143.5024089295431,-5.837979636365753,-20.669817099632624,32.4939109691294,-24.034125010482175,3.59,1.63,2.0,86.8,-46.0,99.6,2003.0,6.8,745343,666165,664774,642731,656305,669477,671218,682641,573262,53.71,0.124,0.115,0.9,1.0,1.0,0.0,2.0,36,6,Sinker,3,1,1,3,2,3,2,3,Infield shade,Standard,217.0,-0.09,0.745,73.9,7.7,0.13,-0.745,88.0,2,-2,0.766,0.2339999999999999,27,29,28,30,3,2,5.0,2.0,6.0,1.0,1.83,1.39,-1.39,38.6,3.1476041095572755,11.934686078628468,34.883884435270296,42.874400649047615,15.907360594027391
SI,2024-05-13,95.2,-1.49,5.84,"Ohtani, Shohei",660271,663855,force_out,hit_into_play,,,,,1.0,"Shohei Ohtani grounds into a force out, second baseman Thairo Estrada to shortstop Casey Schmitt. Mookie Betts out at 2nd. Shohei Ohtani to 1st.",R,L,R,SF,LAD,X,4.0,ground_ball,2,2,2024,-1.44,0.45,-0.37,3.07,,,605141.0,1,3,Top,143.25,126.86,,,,,6.227191485885131,-138.41336497285258,-2.580033471560138,-19.942998035095272,33.94961588811076,-26.00090678209882,3.59,1.63,15.0,109.5,-11.0,95.4,1884.0,6.7,745343,666165,664774,642731,656305,669477,671218,682641,573262,53.84,0.297,0.341,0.0,1.0,0.0,0.0,2.0,21,5,Sinker,3,1,1,3,1,3,1,3,Infield shade,Standard,236.0,0.029,-0.292,77.2,7.5,0.311,0.292,109.5,2,-2,0.712,0.288,27,29,28,30,2,1,5.0,2.0,6.0,1.0,2.09,1.44,-1.44,31.0,6.81206662934436,6.025855021511927,27.40606374572487,43.00413161757447,20.259628412159245
SI,2024-05-13,95.0,-1.61,5.75,"Ohtani, Shohei",660271,663855,single,hit_into_play,,,,,9.0,Shohei Ohtani singles on a sharp line drive to right fielder Mike Yastrzemski.,R,L,R,SF,LAD,X,9.0,line_drive,0,0,2024,-1.27,0.52,0.29,2.11,,,,0,1,Top,186.56,109.86,,,,,7.865857486145906,-138.141444695525,-5.0901920117086545,-17.990080429987543,30.016988840428333,-24.528372279362888,3.59,1.63,194.0,106.0,12.0,95.7,1819.0,6.7,745343,666165,664774,642731,656305,669477,671218,682641,573262,53.85,0.942,0.973,0.9,1.0,1.0,0.0,4.0,2,1,Sinker,0,1,1,0,1,0,1,0,Infield shade,Standard,237.0,-0.032,0.448,81.2,7.8,1.296,-0.448,106.0,-1,1,0.404,0.596,27,29,28,30,1,0,5.0,2.0,6.0,1.0,2.0,1.27,-1.27,32.6,10.129587131514285,-6.5661075748033,39.49867622771277,35.42299694578348,30.19895166591659
KN,2024-05-11,80.8,-1.86,5.3,"Ohtani, Shohei",660271,663362,field_out,hit_into_play,,,,,4.0,Shohei Ohtani flies out sharply to left fielder Jurickson Profar.,R,L,R,SD,LAD,X,7.0,fly_ball,1,1,2024,-0.74,-0.48,-0.61,2.38,,666158.0,,2,3,Top,70.59,68.75,,,,,4.214744757761224,-117.49470670344512,1.1408948189418542,-7.645251695895018,24.19153946869438,-37.07475799384367,3.58,1.61,350.0,100.0,36.0,81.1,156.0,6.7,745422,543309,650333,593428,456781,673490,595777,640492,665487,53.77,0.3272857142857143,0.6437857142857144,0.0,1.0,0.0,0.0,5.0,19,3,Knuckleball,0,1,1,0,1,0,1,0,Infield shade,Standard,350.0,0.032,-0.272,76.1,7.8,1.2770714285714284,0.272,100.0,-1,1,0.405,0.595,27,29,28,30,2,1,6.0,1.0,6.0,2.0,4.0,0.74,-0.74,24.2,4.118487696225286,5.676015525772808,32.82522442904315,44.54527152061976,23.636979707807228
SI,2024-05-11,96.5,-1.12,6.21,"Ohtani, Shohei",660271,666745,field_out,hit_into_play,,,,,2.0,"Shohei Ohtani grounds out, pitcher Jhony Brito to first baseman Luis Arraez. Gavin Lux to 3rd. James Outman to 2nd.",R,L,R,SD,LAD,X,1.0,ground_ball,1,0,2024,-1.46,0.96,0.06,3.36,,666158.0,681546.0,1,7,Top,131.65,179.85,,,,,6.461524814239199,-140.28163819082914,-4.167793168264738,-20.76530796868611,32.857846030977846,-18.766851035414053,3.58,1.61,2.0,68.4,-57.0,96.4,2162.0,6.4,745422,543309,650333,593428,456781,673490,595777,640492,665487,54.13,0.289,0.274,0.0,1.0,0.0,0.0,2.0,51,2,Sinker,0,5,5,0,5,0,5,0,Standard,Standard,217.0,0.005,-0.336,73.6,6.5,0.314,0.336,88.0,-5,5,0.026,0.974,26,29,26,30,1,3,6.0,1.0,4.0,2.0,1.5,1.46,-1.46,55.2,3.880943872913087,17.178573784085874,24.644150360444797,36.22602298515308,19.51416359902553
FF,2024-05-11,92.7,-1.45,5.45,"Ohtani, Shohei",660271,663362,field_out,hit_into_play,,,,,12.0,Shohei Ohtani flies out to left fielder Jurickson Profar.,R,L,R,SD,LAD,X,7.0,fly_ball,2,2,2024,-0.82,1.27,0.04,3.9,,,,1,1,Top,85.43,84.44,,,,,5.660677272036029,-134.80695299168812,-0.8674593414633078,-11.263039970291032,31.649957549560852,-16.86322656268145,3.58,1.61,303.0,88.6,32.0,93.3,2105.0,6.9,745422,543309,650333,593428,456781,673490,595777,640492,665487,53.64,0.047,0.066,0.0,1.0,0.0,0.0,3.0,2,5,4-Seam Fastball,0,0,0,0,0,0,0,0,Infield shade,Standard,224.0,0.014,-0.225,72.9,6.7,0.111,0.225,88.6,0,0,0.524,0.476,27,29,28,30,1,0,6.0,1.0,6.0,2.0,1.41,0.82,-0.82,25.9,5.813761621928931,12.174843720759164,19.670829691961437,36.98414882605792,20.211837222781575
CH,2024-05-10,85.9,-3.01,5.38,"Ohtani, Shohei",660271,650633,field_out,hit_into_play,,,,,13.0,Shohei Ohtani grounds out to first baseman Jake Cronenworth.,R,L,R,SD,LAD,X,3.0,ground_ball,1,1,2024,-1.56,0.39,-1.17,2.14,,,,0,6,Top,155.94,166.68,,,,,7.46527842279413,-124.99905963635352,-2.221016638198962,-17.82700597266141,23.95853879169749,-27.855631864397772,3.58,1.63,47.0,72.2,2.0,85.7,2170.0,6.0,745421,669134,630105,593428,592518,673490,595777,701538,665487,54.46,0.105,0.132,0.0,1.0,0.0,0.0,2.0,36,3,Changeup,1,0,0,1,0,1,0,1,Infield shade,Standard,241.0,0.034,-0.243,81.6,8.7,0.106,0.243,88.0,1,-1,0.662,0.3379999999999999,29,29,29,30,3,2,6.0,2.0,5.0,1.0,2.69,1.56,-1.56,22.8,19.473749256060913,-13.710296028681276,28.4747940900868,52.67892479140966,34.33460479052273
SI,2024-05-10,92.6,-3.02,5.5,"Ohtani, Shohei",660271,650633,single,hit_into_play,,,,,4.0,Shohei Ohtani singles on a line drive to left fielder Jurickson Profar. Mookie Betts to 2nd.,R,L,R,SD,LAD,X,7.0,line_drive,0,1,2024,-1.74,-0.07,-0.47,2.68,,,605141.0,1,3,Top,73.61,115.83,,,,,10.24459039038796,-134.2942103337649,-1.121197027620354,-23.33237830886675,33.54906212377189,-32.991218316379864,3.58,1.63,247.0,78.9,26.0,91.4,2313.0,6.1,745421,669134,630105,593428,592518,673490,595777,701538,665487,54.41,0.324,0.301,0.9,1.0,1.0,0.0,3.0,17,2,Sinker,0,0,0,0,0,0,0,0,Infield shade,Strategic,213.0,-0.047,0.446,72.3,7.2,0.385,-0.446,88.0,0,0,0.502,0.498,29,29,29,30,2,1,6.0,2.0,5.0,1.0,2.78,1.74,-1.74,27.8,-3.4026109622495784,21.84178078922279,29.15922752639778,43.03399471025054,14.957043561872991
SL,2024-05-10,87.1,2.07,5.99,"Ohtani, Shohei",660271,673513,double,hit_into_play,,,,,7.0,Shohei Ohtani doubles (15) on a sharp line drive to left fielder Jurickson Profar. Mookie Betts to 3rd.,R,L,L,SD,LAD,X,7.0,line_drive,1,1,2024,-0.63,0.31,-0.48,2.06,,,605141.0,0,8,Top,86.33,86.04,,,,,-4.81555784027955,-126.905814792005,-3.96835868232772,-5.9282149955470596,23.447398234622888,-28.235896895109025,3.58,1.63,299.0,107.2,13.0,86.8,2666.0,5.8,745421,669134,630105,593428,592518,673490,595777,701538,665487,54.67,0.868,0.899,1.25,1.0,1.0,1.0,5.0,51,3,Slider,1,0,0,1,0,1,0,1,Infield shade,Standard,178.0,-0.248,0.741,76.5,7.5,1.216,-0.741,107.2,1,-1,0.661,0.3389999999999999,28,29,29,30,1,3,3.0,2.0,3.0,1.0,2.66,-0.63,-0.63,57.7,-4.334745428204538,7.447692184452425,35.168760803123185,45.37351701919122,21.169684408416124
SI,2024-05-08,97.1,3.15,5.42,"Ohtani, Shohei",660271,677960,field_out,hit_into_play,,,,,5.0,Shohei Ohtani lines out sharply to left fielder Nick Gordon.,R,L,L,LAD,MIA,X,7.0,line_drive,3,2,2024,1.19,0.94,0.24,2.27,,,,1,6,Bot,59.11,106.62,,,,,-10.428841199732773,-141.14010437884636,-5.054157454868694,18.12640327449738,28.635825496050064,-18.634882567555763,3.59,1.62,284.0,105.0,14.0,96.9,2165.0,6.0,746151,663743,605137,672640,669394,660644,624503,665862,660821,54.53,0.747,0.795,0.0,1.0,0.0,0.0,5.0,42,8,Sinker,1,1,1,1,1,1,1,1,Infield shade,Strategic,131.0,-0.03,-0.332,77.0,7.1,1.102,0.332,105.0,0,0,0.547,0.547,24,29,25,30,3,2,5.0,1.0,6.0,2.0,1.46,1.19,1.19,30.0,-6.688027858449283,11.80081331261271,37.0513590119215,36.37472129942899,18.330997469263743
FF,2024-05-08,95.1,2.9,5.92,"Ohtani, Shohei",660271,677053,field_out,hit_into_play,,,,,11.0,Shohei Ohtani flies out to left fielder Nick Gordon in foul territory.,R,L,L,LAD,MIA,X,7.0,fly_ball,2,2,2024,0.63,1.55,-0.36,3.76,,,605141.0,1,8,Bot,58.57,141.74,,,,,-10.052671679562346,-138.24807166611066,-3.5369521999365015,10.206650372220484,29.60219328231151,-11.621795115994674,3.59,1.62,220.0,91.3,57.0,96.0,2335.0,6.8,746151,663743,605137,672640,669394,660644,624503,665862,660821,53.7,0.003,0.002,0.0,1.0,0.0,0.0,3.0,58,5,4-Seam Fastball,3,1,3,1,1,3,3,1,Infield shade,Strategic,153.0,-0.007,-0.233,73.5,6.9,0.003,0.233,91.3,2,2,0.938,0.938,25,29,26,30,1,3,3.0,1.0,4.0,2.0,0.97,0.63,0.63,50.4,3.4446811590769912,11.34240684493172,19.7029063692565,43.993775465412384,21.896644519199263
CH,2024-05-07,87.9,-1.52,5.51,"Ohtani, Shohei",660271,666277,field_out,hit_into_play,,,,,8.0,Shohei Ohtani lines out sharply to right fielder Jesús Sánchez.,R,L,R,LAD,MIA,X,9.0,line_drive,1,0,2024,-1.5,0.29,-0.08,2.1,,,,0,4,Bot,173.63,69.34,,,,,6.635587808166322,-127.84911050193764,-2.7839929885528596,-17.789168312416148,25.351133410280013,-28.657791026424643,3.59,1.63,342.0,112.8,17.0,88.5,1845.0,6.6,746147,542194,605137,660644,669394,641313,624503,665862,660821,53.88,0.6973333333333334,1.1567777777777777,0.0,1.0,0.0,0.0,6.0,35,2,Changeup,8,1,8,1,1,8,8,1,Infield shade,Standard,247.0,-0.002,-0.292,81.7,7.9,2.137333333333333,0.292,112.8,7,7,0.982,0.982,25,29,25,30,1,2,22.0,1.0,4.0,1.0,2.66,1.5,-1.5,29.8,7.607380952426231,0.3441309021892242,38.25968248142422,38.94640088696707,29.017601696818037
FC,2024-05-07,88.5,-2.87,5.4,"Ohtani, Shohei",660271,572143,field_out,hit_into_play,,,,,6.0,Shohei Ohtani flies out to left fielder Nick Gordon.,R,L,R,LAD,MIA,X,7.0,fly_ball,0,1,2024,0.4,0.1,0.4,2.44,,,500743.0,2,6,Bot,69.87,105.57,,,,,7.230176961160709,-128.87420042030678,-1.4367546704486631,3.085291639974476,24.18987379174278,-31.007207166429144,3.59,1.63,272.0,97.3,47.0,89.7,2394.0,6.8,746147,542194,605137,660644,669394,641313,624503,665862,660821,53.72,0.011,0.017,0.0,1.0,0.0,0.0,3.0,51,2,Cutter,8,2,8,2,2,8,8,2,Infield shade,Standard,147.0,-0.002,-0.224,74.5,7.8,0.03,0.224,97.3,6,6,0.985,0.985,34,29,34,30,1,3,2.0,1.0,4.0,1.0,2.79,-0.4,0.4,28.8,12.65731533475059,-4.202198325416878,42.16456553766162,32.38353540573227,26.84156377621416
CH,2024-05-06,89.4,-0.91,5.68,"Ohtani, Shohei",660271,682610,single,hit_into_play,,,,,8.0,Shohei Ohtani singles on a sharp ground ball to right fielder Jesús Sánchez. Mookie Betts to 3rd.,R,L,R,LAD,MIA,X,9.0,ground_ball,1,1,2024,-1.01,0.87,-0.24,2.08,,,605141.0,1,4,Bot,187.1,117.51,,,,,3.773346700871576,-130.1844634114724,-4.728061144736587,-12.234302080001871,25.11891194770423,-21.500593981024885,3.59,1.63,84.0,101.2,4.0,89.6,1773.0,6.2,746149,663743,605137,660644,669394,641313,624503,665862,660821,54.28,0.532,0.492,0.9,1.0,1.0,0.0,4.0,38,3,Changeup,6,3,6,3,3,6,6,3,Infield shade,Standard,220.0,0.032,0.416,77.6,8.2,0.597,-0.416,101.2,3,3,0.86,0.86,24,29,24,30,3,2,5.0,1.0,33.0,1.0,1.96,1.01,-1.01,42.2,14.99432929629225,-0.2931438020707501,38.09941791885496,40.30298861407098,30.532493097174324
FF,2024-05-06,96.1,-1.35,5.51,"Ohtani, Shohei",660271,682610,home_run,hit_into_play,,,,,1.0,Shohei Ohtani homers (11) on a fly ball to center field. Mookie Betts scores.,R,L,R,LAD,MIA,X,,fly_ball,2,2,2024,-0.81,1.28,-0.45,3.35,,,605141.0,0,1,Bot,127.18,26.36,,,,,4.1714229998663,-139.98669070244068,-3.075381900085249,-11.529391378844682,29.63634972990578,-14.741237048889422,3.59,1.63,441.0,107.6,27.0,95.6,2334.0,5.8,746149,663743,605137,660644,669394,641313,624503,665862,660821,54.68,0.9509117647058823,2.0,2.0,1.0,0.0,3.0,6.0,8,5,4-Seam Fastball,0,2,0,2,2,2,2,2,Infield shade,Standard,231.0,0.161,1.068,74.2,7.7,3.782264705882353,-1.068,107.6,-2,-2,0.387,0.387,24,29,24,30,1,0,5.0,1.0,33.0,1.0,1.17,0.81,-0.81,30.9,11.268079488243371,-2.2225332989908178,26.00889478623113,43.69077012382473,23.325284804472552
SL,2024-05-05,83.4,1.62,5.65,"Ohtani, Shohei",660271,608331,single,hit_into_play,,,,,13.0,Shohei Ohtani singles on a line drive to center fielder Michael Harris II.,R,L,L,LAD,ATL,X,8.0,line_drive,1,2,2024,-0.4,-0.43,-1.06,2.32,,,,0,6,Bot,110.83,93.71,,,,,-5.395238649411803,-121.45256352912608,-0.4571293594001158,-2.9900518529689615,21.436580530056393,-36.54387912963565,3.59,1.63,203.0,75.0,16.0,83.7,2494.0,6.2,746153,644433,621566,645277,663586,606115,594807,671739,660670,54.27,0.771,0.706,0.9,1.0,1.0,0.0,4.0,41,5,Slider,2,0,2,0,0,2,2,0,Strategic,Standard,307.0,0.023,0.516,68.8,7.8,0.838,-0.516,88.0,2,2,0.842,0.842,30,29,30,30,3,2,6.0,1.0,6.0,1.0,3.67,-0.4,-0.4,46.3,5.207123588524157,-0.2999191927974892,29.612120307871177,51.75374076221287,26.95170282038096
FF,2024-05-05,98.4,0.93,5.98,"Ohtani, Shohei",660271,608331,single,hit_into_play,,,,,4.0,Shohei Ohtani singles on a ground ball to left fielder Adam Duvall.,R,L,L,LAD,ATL,X,7.0,ground_ball,2,2,2024,-0.23,0.97,-0.64,2.56,,,,2,3,Bot,86.03,112.96,,,,,-3.730892251153078,-143.31149332783824,-6.157699810634198,-2.4302768028224837,30.115604850408467,-17.597582631082428,3.59,1.63,14.0,97.4,-9.0,99.1,2317.0,6.4,746153,644433,621566,645277,663586,606115,594807,671739,660670,54.06,0.245,0.237,0.9,1.0,1.0,0.0,2.0,21,5,4-Seam Fastball,2,0,2,0,0,2,2,0,Infield shade,Standard,165.0,0.01,0.37,70.4,6.8,0.309,-0.37,97.4,2,2,0.736,0.736,30,29,30,30,2,1,6.0,1.0,6.0,1.0,1.36,-0.23,-0.23,59.4,-8.060994363069076,21.3732673384055,29.519845206106915,46.75834883973967,8.153332869551672
CU,2024-05-05,74.6,1.31,6.04,"Ohtani, Shohei",660271,608331,home_run,hit_into_play,,,,,3.0,Shohei Ohtani homers (9) on a fly ball to center field. Mookie Betts scores.,R,L,L,LAD,ATL,X,,fly_ball,1,2,2024,-0.89,-1.41,0.38,3.0,,,605141.0,0,1,Bot,114.5,30.59,,,,,-0.3369424935608915,-108.44286783196856,3.5072021543078096,-6.912748492009375,20.934057547137453,-44.12908005399365,3.59,1.63,412.0,104.3,31.0,74.3,2831.0,6.3,746153,644433,621566,645277,663586,606115,594807,671739,660670,54.15,0.7176666666666668,1.4390624999999997,2.0,1.0,0.0,3.0,6.0,6,5,Curveball,0,0,0,0,0,2,2,0,Infield shade,Standard,334.0,0.157,1.113,82.6,7.2,2.8275625000000004,-1.113,104.3,0,0,0.575,0.575,30,29,30,30,1,0,6.0,1.0,6.0,1.0,5.55,-0.89,-0.89,54.1,14.79990396858469,-1.8391133001795583,36.4064777482842,32.99250744855199,28.644735523845483
FF,2024-05-05,93.8,2.29,5.75,"Ohtani, Shohei",660271,621345,home_run,hit_into_play,,,,,5.0,Shohei Ohtani homers (10) on a fly ball to center field.,R,L,L,LAD,ATL,X,,fly_ball,0,0,2024,0.54,1.54,-0.03,2.62,,,,0,8,Bot,104.99,11.98,,,,,-7.187933339095951,-136.24868786229248,-5.722618993974452,8.428991559166494,32.029603782164905,-11.98491463303126,3.59,1.63,464.0,110.6,26.0,93.3,2404.0,6.3,746153,518595,621566,645277,663586,606115,594807,671739,660670,54.22,0.975642857142857,2.0,2.0,1.0,0.0,3.0,6.0,58,1,4-Seam Fastball,4,1,4,1,1,5,5,1,Infield shade,Standard,151.0,0.016,1.114,76.9,7.5,3.876,-1.114,110.6,3,3,0.972,0.972,30,29,31,30,1,3,2.0,1.0,5.0,1.0,1.08,0.54,0.54,48.1,9.0223057341058,6.3779723164360895,33.23395701777626,38.96910348141895,24.281264156530717
SI,2024-05-04,90.3,-0.8,6.51,"Ohtani, Shohei",660271,693821,single,hit_into_play,,,,,11.0,Shohei Ohtani singles on a line drive to left fielder Jarred Kelenic.   Gavin Lux scores.    Mookie Betts to 3rd.    Shohei Ohtani to 2nd.,R,L,R,LAD,ATL,X,7.0,line_drive,2,1,2024,-1.16,0.86,-1.16,2.97,,666158.0,605141.0,1,4,Bot,47.96,112.27,,,,,1.5471822276452163,-131.4805907176746,-4.656836989311926,-13.734416289693687,29.344108291786004,-21.45799909411987,3.58,1.62,214.0,95.0,11.0,89.6,1961.0,5.9,746155,518595,621566,645277,663586,606115,672284,671739,660670,54.56,0.853,0.798,0.9,1.0,1.0,0.0,4.0,34,4,Sinker,4,1,4,1,1,5,5,1,Standard,Standard,204.0,0.057,0.462,67.7,7.1,0.967,-0.462,95.0,3,3,0.881,0.881,25,29,25,30,3,2,6.0,1.0,8.0,1.0,1.95,1.16,-1.16,54.5,-2.5343222890506043,23.527429207699093,25.82467419098564,51.30233554425579,7.502700229329011
FF,2024-05-04,90.2,-0.63,6.55,"Ohtani, Shohei",660271,693821,home_run,hit_into_play,,,,,3.0,Shohei Ohtani homers (8) on a fly ball to right center field.,R,L,R,LAD,ATL,X,,fly_ball,0,1,2024,-0.47,1.4,0.71,3.25,,,,0,3,Bot,203.7,59.98,,,,,4.2967636506817755,-131.24050567264308,-5.208963583666806,-6.37940615066634,26.824449582391743,-15.092152164894726,3.58,1.62,392.0,103.4,34.0,89.5,2190.0,5.8,746155,518595,621566,645277,663586,606115,672284,671739,660670,54.71,0.5684722222222223,1.130027777777778,2.0,1.0,0.0,3.0,6.0,20,2,4-Seam Fastball,2,0,2,0,0,3,3,0,Infield shade,Standard,205.0,0.077,1.151,79.2,7.2,2.220916666666667,-1.151,103.4,2,2,0.762,0.762,25,29,25,30,2,1,6.0,1.0,8.0,1.0,1.4,0.47,-0.47,55.4,13.579578605959536,-7.766293061401713,33.593208813412886,28.61245210252054,30.795300664251226
FF,2024-05-04,93.9,1.43,6.31,"Ohtani, Shohei",660271,669276,field_out,hit_into_play,,,,,3.0,Shohei Ohtani flies out to left fielder Jarred Kelenic.,R,L,L,LAD,ATL,X,7.0,fly_ball,2,2,2024,0.52,1.35,0.41,3.37,,,,1,6,Bot,52.23,78.48,,,,,-3.807511865666097,-136.68119358897644,-4.9031773944632535,7.345812570933845,28.6384634044748,-14.360541700287865,3.58,1.62,349.0,97.6,30.0,94.3,2077.0,6.4,746155,518595,621566,645277,663586,606115,672284,671739,660670,54.12,0.3792173913043478,0.7113043478260872,0.0,1.0,0.0,0.0,6.0,52,5,4-Seam Fastball,7,1,7,1,1,7,7,1,Infield shade,Standard,157.0,-0.001,-0.225,70.6,6.5,1.3850000000000002,0.225,97.6,6,6,0.985,0.985,29,29,30,30,1,3,3.0,1.0,4.0,1.0,1.22,0.52,0.52,46.8,4.1520298700767775,12.443984437175818,29.065745931520492,34.4775205625635,19.927160534549635
SI,2024-05-04,91.1,-1.13,5.97,"Ohtani, Shohei",660271,623451,single,hit_into_play,,,,,5.0,Shohei Ohtani singles on a line drive to center fielder Michael Harris II.   Mookie Betts to 2nd.,R,L,R,LAD,ATL,X,8.0,line_drive,0,0,2024,-0.96,0.51,0.26,2.36,,,605141.0,2,7,Bot,82.24,76.86,,,,,5.488733734568481,-132.5827292236172,-4.260496686970727,-12.532274100205829,28.00034322794548,-25.44219904625801,3.58,1.62,288.0,93.7,18.0,90.3,1930.0,5.7,746155,518595,621566,645277,663586,606115,672284,671739,660670,54.75,0.479,0.501,0.9,1.0,1.0,0.0,4.0,65,1,Sinker,10,2,10,2,2,10,10,2,Infield shade,Standard,222.0,0.0,0.357,74.8,7.2,0.671,-0.357,93.7,8,8,0.998,0.998,30,29,30,30,1,4,,1.0,10.0,1.0,2.23,0.96,-0.96,41.4,1.4460927467315758,15.844020076901163,38.74957931661966,35.17351042524797,19.50869685167112
FF,2024-05-03,96.6,-2.45,5.43,"Ohtani, Shohei",660271,450203,field_out,hit_into_play,,,,,5.0,Shohei Ohtani grounds out to first baseman Matt Olson.,R,L,R,LAD,ATL,X,3.0,ground_ball,3,2,2024,-1.17,0.71,-0.19,2.75,,,,1,1,Bot,159.93,168.69,,,,,8.652137147762145,-140.424953292059,-3.1802401093268116,-17.47462189159514,31.99135260413376,-22.191314509954857,3.58,1.62,4.0,92.5,-37.0,96.1,2266.0,6.1,746152,518595,621566,645277,663586,606115,672284,671739,660670,54.43,0.05,0.088,0.0,1.0,0.0,0.0,2.0,6,7,4-Seam Fastball,0,1,0,1,1,0,0,1,Infield shade,Standard,244.0,-0.021,-0.332,77.0,7.4,0.05,0.332,92.5,-1,-1,0.428,0.428,40,29,41,30,1,0,6.0,3.0,7.0,1.0,1.73,1.17,-1.17,21.0,8.710339168109195,7.073503949810971,30.829792745540836,39.22461238545252,24.606642296217977
CH,2024-05-03,88.5,-1.9,5.29,"Ohtani, Shohei",660271,628452,single,hit_into_play,,,,,13.0,Shohei Ohtani singles on a ground ball to center fielder Michael Harris II.   Chris Taylor scores.,R,L,R,LAD,ATL,X,8.0,ground_ball,1,2,2024,-1.26,0.21,-1.11,1.97,,621035.0,,1,10,Bot,129.04,91.76,,,,,4.532391052312329,-128.88736289383084,-2.4873555421092046,-14.986334739793037,25.74045188804676,-29.49038446873094,3.58,1.62,149.0,84.9,8.0,88.2,2128.0,5.9,746152,644433,621566,645277,663586,606115,594807,671739,660670,54.56,0.479,0.46,0.9,1.0,1.0,0.0,4.0,74,4,Changeup,2,3,2,3,3,3,3,3,Strategic,Standard,244.0,0.381,0.634,85.9,8.6,0.552,-0.634,88.0,-1,-1,0.254,0.254,34,29,34,30,1,4,2.0,3.0,4.0,1.0,2.68,1.26,-1.26,29.2,-2.5402230887528985,12.176642260429809,32.2463351686732,51.215279371615466,24.061121476352483
SL,2024-04-30,82.9,2.82,5.33,"Ohtani, Shohei",660271,676714,single,hit_into_play,,,,,1.0,Shohei Ohtani singles on a ground ball to center fielder Corbin Carroll.,R,L,L,AZ,LAD,X,8.0,ground_ball,3,2,2024,0.06,0.61,-0.32,3.26,,,,1,1,Top,138.33,93.79,,,,,-7.307098106953414,-120.51396799209492,0.5735297720729359,1.9753082923989809,23.25429591747152,-26.60185886323992,3.55,1.62,36.0,77.8,-2.0,83.1,2596.0,6.4,747210,672515,572233,606466,553993,621028,666971,682998,664983,54.06,0.1,0.128,0.9,1.0,1.0,0.0,2.0,2,6,Slider,0,0,0,0,0,0,0,0,Infield shade,Standard,259.0,-0.02,0.345,83.1,8.3,0.1,-0.345,88.0,0,0,0.518,0.482,28,29,29,30,1,0,,1.0,1.0,3.0,2.72,0.06,0.06,21.9,11.958652650004856,-24.53738665264988,30.78149533053308,42.42633827926189,40.19399138693565
FF,2024-04-30,93.7,-1.41,6.02,"Ohtani, Shohei",660271,543518,force_out,hit_into_play,,,,,1.0,"Shohei Ohtani grounds into a force out, second baseman Ketel Marte to shortstop Blaze Alexander. Gavin Lux to 3rd. Mookie Betts out at 2nd. Shohei Ohtani to 1st.",R,L,R,AZ,LAD,X,4.0,ground_ball,3,1,2024,-0.72,1.47,-0.41,3.4,,666158.0,605141.0,0,10,Top,147.61,144.32,,,,,4.149441661972344,-136.36080920264934,-4.217492134819612,-9.852859955079785,31.926386553604484,-13.201706708296598,3.55,1.62,11.0,84.5,-16.0,92.8,2415.0,5.9,747210,672515,572233,606466,553993,677942,666971,682998,664983,54.61,0.076,0.069,0.0,1.0,0.0,0.0,2.0,77,5,4-Seam Fastball,2,2,2,2,2,2,2,2,Standard,Standard,204.0,0.097,-0.496,66.3,7.6,0.089,0.496,88.0,0,0,0.387,0.613,34,29,35,30,1,4,1.0,1.0,3.0,3.0,1.14,0.72,-0.72,48.4,7.316656849552125,4.485320828755755,23.042862476765375,42.75200804748413,18.616962949307556
CU,2024-04-29,77.1,1.45,5.85,"Ohtani, Shohei",660271,674072,grounded_into_double_play,hit_into_play,,,,,8.0,"Shohei Ohtani grounds into a double play, second baseman Ketel Marte to shortstop Kevin Newman to first baseman Christian Walker. Mookie Betts out at 2nd. Shohei Ohtani out at 1st.",R,L,L,AZ,LAD,X,4.0,ground_ball,0,0,2024,-0.64,-0.95,-0.1,2.16,571771.0,500743.0,605141.0,1,2,Top,147.33,155.26,,,,,-2.140433009278506,-112.30457855411456,0.881431614130479,-5.006077687286988,21.58301987521793,-40.606758125549426,3.55,1.61,7.0,106.7,-17.0,77.1,2286.0,6.4,747211,672515,572233,606466,553993,621028,666971,682998,545341,54.12,0.192,0.199,0.0,1.0,0.0,0.0,2.0,16,1,Curveball,1,2,2,1,2,1,2,1,Standard,Standard,312.0,0.137,-0.286,74.4,7.1,0.201,0.286,106.7,-1,1,0.306,0.694,26,29,27,30,2,1,6.0,1.0,41.0,1.0,4.8,-0.64,-0.64,44.3,-1.1562553884881566,12.016735017640173,34.830253987153604,40.346680959759595,24.551774795709697
FF,2024-04-29,90.5,1.52,6.02,"Ohtani, Shohei",660271,663531,single,hit_into_play,,,,,2.0,Shohei Ohtani singles on a sharp line drive to left fielder Lourdes Gurriel Jr. Miguel Rojas scores. Mookie Betts to 2nd.,R,L,L,AZ,LAD,X,7.0,line_drive,0,1,2024,0.79,0.59,0.17,3.4,,500743.0,605141.0,0,8,Top,50.68,104.53,,,,,-5.027192885362659,-131.75277168458564,-1.889181098888357,10.205084144447536,26.89782952009764,-25.13518659598974,3.55,1.61,253.0,107.7,12.0,90.3,1613.0,6.0,747211,672515,572233,606466,553993,621028,666971,682998,545341,54.47,0.9,0.918,0.9,1.0,1.0,0.0,5.0,70,2,4-Seam Fastball,4,7,7,4,8,4,8,4,Standard,Standard,128.0,-0.025,0.513,,,1.224,-0.513,107.7,-3,3,0.049,0.951,27,29,27,30,2,4,6.0,1.0,2.0,1.0,2.18,0.79,0.79,40.3,,,,,
CU,2024-04-29,80.0,1.48,5.86,"Ohtani, Shohei",660271,674072,single,hit_into_play,,,,,7.0,Shohei Ohtani singles on a sharp ground ball to center fielder Corbin Carroll.,R,L,L,AZ,LAD,X,8.0,ground_ball,3,2,2024,-0.76,-0.64,-0.63,1.73,,,,1,1,Top,121.03,104.22,,,,,-3.238014025449901,-116.58282625126628,-1.221881785730536,-6.352852361326373,21.28455012428458,-38.05335002571432,3.55,1.61,142.0,102.0,4.0,80.4,2212.0,6.4,747211,672515,572233,606466,553993,621028,666971,682998,545341,54.05,0.561,0.506,0.9,1.0,1.0,0.0,4.0,2,7,Curveball,0,0,0,0,0,0,0,0,Infield shade,Standard,316.0,-0.02,0.345,69.5,8.0,0.608,-0.345,102.0,0,0,0.518,0.482,26,29,27,30,1,0,6.0,1.0,41.0,1.0,4.19,-0.76,-0.76,45.2,6.192108336613671,7.410857221067111,34.49852629621956,46.93971006102592,21.00694460091113
ST,2024-04-29,83.1,1.93,6.04,"Ohtani, Shohei",660271,663531,field_out,hit_into_play,,,,,7.0,"Shohei Ohtani grounds out, shortstop Kevin Newman to first baseman Christian Walker.",R,L,L,AZ,LAD,X,6.0,ground_ball,0,1,2024,-0.8,0.3,-0.37,2.05,,,,0,6,Top,113.8,145.08,,,,,-3.665343986768967,-121.04780465827426,-3.231557298162949,-7.145863008306859,24.47865358938358,-28.756637980362974,3.55,1.61,78.0,79.3,5.0,82.6,2214.0,6.0,747211,672515,572233,606466,553993,621028,666971,682998,545341,54.52,0.245,0.241,0.0,1.0,0.0,0.0,2.0,54,2,Sweeper,4,6,6,4,6,4,6,4,Infield shade,Standard,287.0,0.014,-0.217,75.6,8.0,0.268,0.217,88.0,-2,2,0.224,0.776,27,29,27,30,1,3,6.0,1.0,2.0,1.0,3.0,-0.8,-0.8,44.0,11.115988405784169,-9.36723768607197,36.14883479143128,44.43798544445539,37.24561486411281
FF,2024-04-28,91.7,-2.07,5.99,"Ohtani, Shohei",660271,592332,field_out,hit_into_play,,,,,12.0,Shohei Ohtani lines out to second baseman Cavan Biggio.,R,L,R,TOR,LAD,X,4.0,line_drive,0,0,2024,-0.65,1.54,1.05,3.09,,,,0,4,Top,149.82,145.57,,,,,9.307943513582762,-133.21094637640786,-4.798310695295464,-9.649767263483986,27.56871227761316,-12.996360971689754,3.55,1.63,151.0,66.1,17.0,91.9,2129.0,6.4,744947,672386,457759,624415,643396,666182,676914,662139,543807,54.06,0.463,0.417,0.0,1.0,0.0,0.0,2.0,28,1,4-Seam Fastball,3,0,0,3,0,3,0,3,Infield shade,Standard,210.0,0.022,-0.254,77.5,7.0,0.492,0.254,88.0,3,-3,0.814,0.186,33,29,33,30,2,1,5.0,1.0,6.0,1.0,1.18,0.65,-0.65,43.5,2.725055953421117,-3.617080843034788,42.017858488545734,23.69528195790493,23.429718197399595
FF,2024-04-28,97.1,-2.08,5.25,"Ohtani, Shohei",660271,554340,field_out,hit_into_play,,,,,12.0,Shohei Ohtani pops out to second baseman Cavan Biggio.,R,L,R,TOR,LAD,X,4.0,popup,0,1,2024,-0.83,1.29,0.57,4.01,605131.0,605141.0,,0,8,Top,163.71,145.87,,,,,8.990349975613778,-141.10051639858776,-0.718101552912479,-13.11014846241236,32.08138618186933,-14.99084887160165,3.55,1.63,163.0,82.4,61.0,97.1,2561.0,6.4,744947,672386,457759,624415,643396,666182,676914,662139,543807,54.12,0.018,0.017,0.0,1.0,0.0,0.0,3.0,59,2,4-Seam Fastball,3,1,1,3,1,3,1,3,Standard,Standard,222.0,0.088,-0.181,76.2,7.0,0.024,0.181,88.0,2,-2,0.623,0.377,33,29,34,30,1,3,1.0,1.0,13.0,1.0,1.13,0.83,-0.83,26.1,9.73389238221402,-1.1001332522009075,23.16353805847562,31.49124304166936,27.55781500997871
FS,2024-04-28,83.2,-2.51,5.7,"Ohtani, Shohei",660271,592332,field_out,hit_into_play,,,,,9.0,Shohei Ohtani flies out sharply to center fielder Daulton Varsho.,R,L,R,TOR,LAD,X,8.0,fly_ball,3,2,2024,-1.23,0.18,0.28,1.93,,,,1,1,Top,119.58,36.52,,,,,8.84752889426834,-120.74607439615158,-2.4745544793363203,-13.760786250818011,24.80061613280637,-30.12581058044296,3.55,1.63,401.0,106.6,22.0,83.2,1912.0,6.6,744947,672386,457759,624415,643396,666182,676914,662139,543807,53.92,0.7769772727272728,1.4385,0.0,1.0,0.0,0.0,6.0,2,6,Split-Finger,0,0,0,0,0,0,0,0,Infield shade,Standard,236.0,0.02,-0.332,79.6,7.9,2.7553409090909096,0.332,106.6,0,0,0.518,0.482,33,29,33,30,1,0,5.0,1.0,6.0,1.0,3.15,1.23,-1.23,36.6,10.72337080727104,1.6877194821821029,38.95949425894938,34.837099130835675,25.345647413978114
FF,2024-04-27,98.2,2.65,5.34,"Ohtani, Shohei",660271,579328,single,hit_into_play,,,,,6.0,Shohei Ohtani singles on a line drive to right fielder Addison Barger. Andy Pages scores. Chris Taylor to 2nd.,R,L,L,TOR,LAD,X,9.0,line_drive,2,2,2024,0.56,1.42,0.34,2.91,681624.0,,621035.0,2,2,Top,187.96,117.37,,,,,-7.629280513327782,-142.69437029125362,-4.3884123519646305,9.52247580643677,35.26405791130534,-11.990252171728224,3.54,1.65,153.0,119.2,6.0,98.7,2390.0,6.8,744946,643376,665489,624415,676391,666182,676914,662139,680718,53.66,0.779,0.787,0.9,1.0,1.0,0.0,6.0,14,5,4-Seam Fastball,0,2,2,0,3,0,3,0,Standard,Standard,138.0,-0.08,0.665,80.4,7.5,1.018,-0.665,119.2,-2,2,0.306,0.694,33,29,33,30,2,1,5.0,1.0,6.0,1.0,0.96,0.56,0.56,39.4,6.995616202375879,-12.993683993236106,32.675170790299845,33.34678005684212,31.919793349820964
SL,2024-04-27,85.3,-1.88,5.9,"Ohtani, Shohei",660271,605447,field_out,hit_into_play,,,,,5.0,Shohei Ohtani flies out to left fielder Davis Schneider.,R,L,R,TOR,LAD,X,7.0,fly_ball,3,1,2024,0.2,-0.22,0.03,2.5,,605141.0,,1,9,Top,73.95,65.82,,,,,4.133594448004136,-124.1608680463652,-1.274641763341794,1.313218935472424,24.283005236691853,-34.434849846838596,3.54,1.65,370.0,102.6,34.0,86.6,2024.0,7.0,744946,643376,665489,624415,643396,666182,676914,662139,680718,53.48,0.5684722222222223,1.130027777777778,0.0,1.0,0.0,0.0,6.0,68,5,Slider,1,4,4,1,4,1,4,1,Standard,Standard,62.0,0.006,-0.363,78.2,7.7,2.220916666666667,0.363,102.6,-3,3,0.03,0.97,31,29,31,30,1,4,5.0,1.0,1.0,1.0,3.35,-0.2,0.2,47.1,3.1536251782881837,-3.5723003230799626,39.66558015358875,36.88100504190338,23.043148601180544
FF,2024-04-27,97.3,2.52,5.44,"Ohtani, Shohei",660271,579328,field_out,hit_into_play,,,,,6.0,"Shohei Ohtani grounds out, second baseman Cavan Biggio to first baseman Vladimir Guerrero Jr.",R,L,L,TOR,LAD,X,4.0,ground_ball,1,2,2024,0.61,1.58,0.28,2.68,605141.0,,,0,1,Top,150.97,161.03,,,,,-7.484333974287298,-141.4069520703406,-5.561434912538319,9.93906280756674,33.30634888862535,-9.832198010791414,3.54,1.65,31.0,108.7,-3.0,98.0,2356.0,6.8,744946,643376,665489,624415,676391,666182,676914,662139,680718,53.68,0.432,0.388,0.0,1.0,0.0,0.0,4.0,2,5,4-Seam Fastball,0,0,0,0,0,0,0,0,Strategic,Standard,144.0,0.027,-0.121,73.6,7.3,0.432,0.121,108.7,0,0,0.427,0.573,33,29,33,30,1,0,5.0,1.0,6.0,1.0,0.84,0.61,0.61,41.2,-5.769877154154067,-12.418061626282766,40.39397041158409,34.57423137669586,26.83412900818116
FC,2024-04-27,89.7,2.14,5.65,"Ohtani, Shohei",660271,650893,field_error,hit_into_play,,,,,9.0,Shohei Ohtani reaches on a fielding error by second baseman Cavan Biggio.,R,L,L,TOR,LAD,X,4.0,ground_ball,0,0,2024,-0.13,0.43,0.43,2.07,,,,1,7,Top,148.54,153.75,,,,,-3.905185566512988,-130.61143974938204,-3.733581983708768,-0.7012930117505024,27.70413826312215,-26.68302265398386,3.54,1.65,9.0,76.7,-13.0,89.1,2141.0,5.9,744946,643376,665489,624415,676391,666182,676914,662139,680718,54.62,0.047,0.048,0.9,1.0,0.0,0.0,2.0,51,1,Cutter,0,4,4,0,4,0,4,0,Infield shade,Standard,160.0,-0.005,0.459,80.5,7.8,0.054,-0.459,88.0,-4,4,0.064,0.936,27,29,28,30,1,3,3.0,1.0,2.0,1.0,2.4,-0.13,-0.13,38.6,12.099835752471712,-13.355899063180363,40.50369783235757,32.84295646542024,37.62878554985822
KC,2024-04-26,87.0,1.33,6.09,"Ohtani, Shohei",660271,663893,field_out,hit_into_play,,,,,13.0,"Shohei Ohtani grounds out softly, pitcher Brendon Little to first baseman Vladimir Guerrero Jr. Mookie Betts to 3rd.",R,L,L,TOR,LAD,X,1.0,ground_ball,2,2,2024,-0.4,-0.65,-0.63,0.89,,605141.0,,1,5,Top,126.47,178.26,,,,,-3.850719122443542,-126.69648951710852,-4.946852934594128,-3.527370948920155,25.33577396145236,-38.38292137897195,3.55,1.66,65.0,48.0,14.0,86.1,2043.0,5.6,744949,643376,665489,624415,643396,666182,680718,662139,543807,54.86,0.124,0.148,0.0,1.0,0.0,0.0,1.0,45,5,Knuckle Curve,1,9,9,1,9,1,9,1,Standard,Standard,338.0,0.002,-0.199,60.3,8.3,0.13,0.199,88.0,-8,8,0.011,0.989,27,29,28,30,1,3,,1.0,5.0,1.0,3.65,-0.4,-0.4,43.6,9.365756224195598,-4.648094949939518,39.421553028932976,47.068646299948014,28.08137431670414
CH,2024-04-26,78.6,-2.32,6.34,"Ohtani, Shohei",660271,670950,field_out,hit_into_play,,,,,7.0,Shohei Ohtani grounds out to first baseman Vladimir Guerrero Jr.,R,L,R,TOR,LAD,X,3.0,ground_ball,2,2,2024,-0.87,0.07,-0.68,2.1,,666158.0,605141.0,2,3,Top,150.0,173.0,,,,,5.139378591305596,-114.3976171783754,-2.4619542818461406,-8.57471573217552,22.074037730449977,-31.28277395837956,3.55,1.66,9.0,73.6,-14.0,78.2,2439.0,6.1,744949,643376,665489,624415,643396,666182,680718,662139,543807,54.39,0.055,0.054,0.0,1.0,0.0,0.0,2.0,27,6,Changeup,0,7,7,0,7,0,7,0,Standard,Standard,268.0,0.004,-0.205,71.1,8.6,0.064,0.205,88.0,-7,7,0.041,0.959,31,29,31,30,1,2,2.0,1.0,3.0,1.0,3.63,0.87,-0.87,49.4,30.572207098234156,-9.965199200946088,26.47224541992177,46.302673322417256,39.73856604101172
SL,2024-04-26,83.2,-1.53,5.85,"Ohtani, Shohei",660271,605135,home_run,hit_into_play,,,,,6.0,Shohei Ohtani homers (7) on a fly ball to right center field.,R,L,R,TOR,LAD,X,,fly_ball,1,1,2024,0.63,-0.32,0.72,2.56,,,,1,1,Top,200.6,74.1,,,,,3.928626546594006,-121.0142080746608,-0.3605525084264906,5.2458485884796335,26.744165011235587,-35.4970174844165,3.55,1.66,360.0,96.1,37.0,82.5,2294.0,6.2,744949,643376,665489,624415,643396,666182,680718,662139,543807,54.32,0.082,0.144,2.0,1.0,0.0,3.0,3.0,2,3,Slider,0,0,0,0,1,0,1,0,Infield shade,Standard,101.0,-0.099,1.595,77.9,7.7,0.28,-1.595,96.1,0,0,0.523,0.477,35,29,35,30,1,0,5.0,1.0,5.0,1.0,3.66,-0.63,0.63,46.4,16.3628722747387,-8.465746913453584,40.11093281710747,27.95048072186332,33.93012684815146
SI,2024-04-26,91.7,1.4,6.42,"Ohtani, Shohei",660271,641835,field_out,hit_into_play,,,,,2.0,"Shohei Ohtani grounds out, second baseman Cavan Biggio to first baseman Vladimir Guerrero Jr.",R,L,L,TOR,LAD,X,4.0,ground_ball,2,0,2024,1.23,0.76,-0.11,3.29,,,,0,7,Top,149.31,140.88,,,,,-6.482283756310396,-133.3868606535189,-3.720778487121524,16.076076810184496,28.138066337013743,-22.453126166087753,3.55,1.66,73.0,112.8,1.0,92.2,1965.0,6.5,744949,643376,665489,624415,680718,643396,676914,662139,543807,53.96,0.563,0.515,0.0,1.0,0.0,0.0,4.0,60,3,Sinker,1,11,11,1,11,1,11,1,Infield shade,Standard,134.0,0.0,-0.361,76.4,7.6,0.613,0.361,112.8,-10,10,0.001,0.999,32,29,32,30,1,4,3.0,1.0,2.0,1.0,1.95,1.23,1.23,43.3,13.024319563768415,-0.1526972459165292,24.23158498060168,40.60213568171051,24.424621873327943
FC,2024-04-25,92.5,1.6,6.07,"Ohtani, Shohei",660271,669022,grounded_into_double_play,hit_into_play,,,,,7.0,"Shohei Ohtani grounds into a double play, second baseman Luis García Jr. to shortstop CJ Abrams to first baseman Joey Meneses. Mookie Betts out at 2nd. Shohei Ohtani out at 1st.",R,L,L,WSH,LAD,X,4.0,ground_ball,0,0,2024,-0.19,0.86,-0.59,2.24,605131.0,,605141.0,1,5,Top,144.66,150.9,,,,,-5.253635179792198,-134.57607534884278,-5.966034471348666,-1.2422146668716028,26.831384475854563,-20.650475411427156,3.55,1.67,50.0,89.5,1.0,94.1,2039.0,7.1,744867,660688,608841,671277,545121,682928,592696,696285,608336,53.44,0.292,0.306,0.0,1.0,0.0,0.0,2.0,35,1,Cutter,0,1,1,0,1,0,1,0,Standard,Standard,161.0,0.125,-0.338,72.2,7.8,0.296,0.338,89.5,-1,1,0.29,0.71,25,29,25,30,3,2,6.0,1.0,5.0,1.0,1.79,-0.19,-0.19,51.4,9.46159848639894,-1.1461962687465552,30.80388587692157,45.99382777647425,28.090196427239455
FF,2024-04-25,95.8,-1.85,6.15,"Ohtani, Shohei",660271,607179,field_out,hit_into_play,,,,,12.0,Shohei Ohtani lines out to third baseman Trey Lipscomb.,R,L,R,WSH,LAD,X,5.0,line_drive,3,2,2024,-0.66,1.6,0.94,3.19,,605141.0,,0,8,Top,95.93,167.17,,,,,8.903233878291072,-139.28686903762784,-5.8699894459635935,-10.555813469601556,29.39875125683143,-10.09596277095963,3.55,1.67,131.0,53.0,27.0,96.3,2079.0,6.5,744867,660688,608841,671277,702358,682928,545121,696285,608336,54.0,0.239,0.216,0.0,1.0,0.0,0.0,1.0,56,6,4-Seam Fastball,0,1,1,0,1,0,1,0,Standard,Standard,209.0,0.045,-0.31,66.9,6.2,0.239,0.31,88.0,-1,1,0.188,0.812,31,29,32,30,1,3,2.0,1.0,3.0,1.0,0.87,0.66,-0.66,52.6,-2.653545408150356,16.88701673950184,36.5392219601849,26.43804873543578,14.930182257469433
FC,2024-04-24,89.3,-2.34,5.57,"Ohtani, Shohei",660271,663623,field_out,hit_into_play,,,,,12.0,Shohei Ohtani flies out to center fielder Eddie Rosario.,R,L,R,WSH,LAD,X,8.0,fly_ball,0,1,2024,-0.06,0.67,0.84,2.89,,,605141.0,1,4,Top,147.23,46.49,,,,,8.0684455124416,-129.81195348505108,-2.000455082492627,-2.336820406889942,26.57926086627229,-24.36072968378723,3.56,1.69,381.0,99.4,27.0,90.8,2484.0,7.2,744864,656180,702358,671277,669222,682928,608385,592696,608336,53.32,0.4369999999999999,0.7969473684210527,0.0,1.0,0.0,0.0,6.0,36,2,Cutter,2,4,4,2,4,2,4,2,Infield shade,Standard,199.0,0.02,-0.215,76.9,6.8,1.5223684210526314,0.215,99.4,-2,2,0.272,0.728,27,29,27,30,3,2,7.0,1.0,5.0,1.0,2.19,0.06,-0.06,21.4,7.874886567966374,3.5551761319960757,37.62711629898204,28.839762784440957,27.22262041155548
FC,2024-04-24,90.5,-2.33,5.6,"Ohtani, Shohei",660271,663623,grounded_into_double_play,hit_into_play,,,,,12.0,"Shohei Ohtani grounds into a double play, first baseman Trey Lipscomb to shortstop CJ Abrams to first baseman Trey Lipscomb. Mookie Betts out at 2nd. Shohei Ohtani out at 1st.",R,L,R,WSH,LAD,X,3.0,ground_ball,1,1,2024,-0.5,0.54,0.94,2.95,,,605141.0,1,2,Top,153.72,172.42,,,,,9.360935755799485,-131.6604514561327,-1.94525186393085,-7.558499802707223,23.127385802361488,-25.621884967969375,3.56,1.69,77.0,96.3,4.0,92.5,2597.0,7.1,744864,656180,702358,671277,669222,682928,608385,592696,608336,53.4,0.497,0.453,0.0,1.0,0.0,0.0,4.0,16,3,Cutter,0,3,3,0,3,0,3,0,Infield shade,Standard,216.0,0.031,-0.303,80.2,7.3,0.559,0.303,96.3,-3,3,0.222,0.778,27,29,27,30,2,1,7.0,1.0,5.0,1.0,2.2,0.5,-0.5,22.7,12.829560025260752,-5.115994298813036,35.50644289735938,26.832909408990908,28.801312250392694
FF,2024-04-24,92.8,-1.64,6.46,"Ohtani, Shohei",660271,598264,double,hit_into_play,,,,,1.0,Shohei Ohtani doubles (14) on a sharp fly ball to left fielder Jesse Winker. Andy Pages scores. Mookie Betts to 3rd.,R,L,R,WSH,LAD,X,7.0,fly_ball,1,1,2024,-1.09,1.19,-0.62,3.22,681624.0,,605141.0,2,9,Top,80.48,49.74,,,,,5.053931921707401,-135.01629213052934,-5.179135976527805,-14.402738805636371,29.195315383577373,-16.681158427488818,3.56,1.69,386.0,101.9,29.0,94.0,2008.0,7.0,744864,656180,702358,671277,669222,682928,608385,592696,608336,53.54,0.6185434782608698,1.2136304347826088,1.25,1.0,1.0,1.0,6.0,78,3,4-Seam Fastball,2,8,8,2,9,2,9,2,Infield shade,Strategic,222.0,-0.002,0.919,72.6,7.2,2.37658695652174,-0.919,101.9,-6,6,0.003,0.997,34,29,34,30,1,5,1.0,1.0,3.0,1.0,1.46,1.09,-1.09,41.6,4.436908834197652,8.298594509435318,25.26248713674509,45.84070352206984,18.488543559312987
FF,2024-04-24,93.9,-3.07,6.01,"Ohtani, Shohei",660271,663432,double,hit_into_play,,,,,4.0,Shohei Ohtani doubles (13) on a sharp line drive to right fielder Joey Gallo. Mookie Betts scores.,R,L,R,WSH,LAD,X,9.0,line_drive,1,2,2024,-1.03,1.49,-0.37,2.63,605141.0,,,1,8,Top,164.95,71.48,,,,,9.22436917962318,-136.3667406272717,-6.334192578079044,-14.855277060108834,28.805411144268668,-12.349114271193825,3.56,1.69,250.0,105.7,11.0,93.8,2426.0,6.2,744864,656180,702358,671277,669222,682928,608385,592696,608336,54.26,0.945,0.962,1.25,1.0,1.0,1.0,4.0,66,4,4-Seam Fastball,2,7,7,2,8,2,8,2,Strategic,Standard,224.0,-0.006,0.71,73.1,7.8,1.257,-0.71,105.7,-5,5,0.014,0.986,31,29,32,30,1,4,4.0,1.0,3.0,1.0,1.1,1.03,-1.03,32.6,7.026620335096102,0.0738611135297221,28.90850663186546,42.13810139567026,20.899618358080893
FF,2024-04-24,96.7,-2.28,5.72,"Ohtani, Shohei",660271,663623,double,hit_into_play,,,,,2.0,Shohei Ohtani doubles (12) on a sharp line drive to center fielder Eddie Rosario.,R,L,R,WSH,LAD,X,8.0,line_drive,0,1,2024,-1.14,0.93,-0.1,3.39,,,,1,1,Top,144.2,54.0,,,,,8.537748107510357,-140.58984036602257,-2.8477511332433827,-17.025479948388778,30.00976008646707,-19.35435384572926,3.56,1.69,323.0,115.6,13.0,98.5,2394.0,7.2,744864,656180,702358,671277,669222,682928,608385,592696,608336,53.3,0.797,0.912,1.25,1.0,1.0,1.0,6.0,2,2,4-Seam Fastball,0,0,0,0,0,0,0,0,Infield shade,Strategic,226.0,-0.043,0.694,,,1.347,-0.694,115.6,0,0,0.524,0.476,27,29,27,30,1,0,7.0,1.0,5.0,1.0,1.5,1.14,-1.14,28.2,,,,,
SI,2024-04-23,91.4,2.39,6.29,"Ohtani, Shohei",660271,571578,field_out,hit_into_play,,,,,6.0,Shohei Ohtani flies out sharply to center fielder Jacob Young.,R,L,L,WSH,LAD,X,8.0,fly_ball,2,0,2024,0.9,1.1,0.76,2.57,,605141.0,,2,5,Top,109.84,63.0,,,,,-6.107088169402307,-132.93084040299524,-5.931994433287814,12.02787009201008,28.24979253794629,-18.036170465722453,3.57,1.69,339.0,109.7,46.0,92.5,2105.0,6.9,744863,656180,608841,671277,545121,682928,608385,696285,657041,53.56,0.282,0.58,0.0,1.0,0.0,0.0,6.0,37,3,Sinker,1,0,0,1,0,1,0,1,Standard,Standard,148.0,0.052,-0.339,82.3,7.8,1.108,0.339,109.7,1,-1,0.656,0.344,34,29,35,30,3,2,7.0,2.0,5.0,1.0,1.63,0.9,0.9,37.4,13.822332371930877,-14.312602362470564,37.24188995312948,29.831361024831203,33.635137046585044
SI,2024-04-23,93.1,2.1,6.34,"Ohtani, Shohei",660271,571578,field_out,hit_into_play,,,,,3.0,Shohei Ohtani lines out sharply to center fielder Jacob Young.,R,L,L,WSH,LAD,X,8.0,line_drive,2,2,2024,1.43,0.83,0.53,3.31,,,500743.0,1,3,Top,101.09,77.55,,,,,-7.276282789521674,-135.36681916001453,-3.83477022112538,19.219450502287053,31.108473490294067,-21.27536113056552,3.57,1.69,309.0,101.4,19.0,94.0,2099.0,7.0,744863,656180,608841,671277,545121,682928,608385,696285,657041,53.53,0.395,0.47,0.0,1.0,0.0,0.0,5.0,22,5,Sinker,1,0,0,1,0,1,0,1,Standard,Strategic,144.0,0.031,-0.233,74.8,7.0,0.731,0.233,101.4,1,-1,0.612,0.388,34,29,35,30,2,1,7.0,2.0,5.0,1.0,1.81,1.43,1.43,43.8,8.7553578716848,9.257382330233373,28.919688658880645,33.27219710936853,22.654089079728287
SL,2024-04-23,82.2,2.52,6.39,"Ohtani, Shohei",660271,571578,field_out,hit_into_play,,,,,7.0,"Shohei Ohtani grounds out, second baseman Luis García Jr.  to first baseman Joey Meneses.",R,L,L,WSH,LAD,X,4.0,ground_ball,3,2,2024,-0.07,0.03,-0.58,1.72,,,,1,1,Top,152.05,158.77,,,,,-6.998083619561573,-119.54281821827088,-4.174683751460882,0.5576847556371977,21.337514304076215,-31.356926778476915,3.57,1.69,5.0,59.3,-19.0,83.7,2120.0,7.1,744863,656180,608841,671277,545121,682928,608385,696285,657041,53.38,0.068,0.062,0.0,1.0,0.0,0.0,1.0,2,9,Slider,0,0,0,0,0,0,0,0,Strategic,Strategic,277.0,0.02,-0.332,68.3,8.7,0.096,0.332,88.0,0,0,0.518,0.482,34,29,35,30,1,0,7.0,2.0,5.0,1.0,3.33,-0.07,-0.07,41.3,18.59366596314679,-18.36672166953916,33.119029952939755,45.71798136155411,40.33538030409393
FS,2024-04-23,85.6,-1.89,6.51,"Ohtani, Shohei",660271,598264,home_run,hit_into_play,,,,,5.0,Shohei Ohtani homers (6) on a fly ball to right center field.,R,L,R,WSH,LAD,X,,fly_ball,1,0,2024,-1.13,0.32,0.06,2.95,,,,0,9,Top,213.05,38.09,,,,,6.891054734579554,-124.58584296644852,-2.824305028544893,-13.081169924175985,23.76088687340021,-28.460179494405047,3.57,1.69,450.0,118.7,25.0,86.2,1557.0,6.6,744863,656180,608841,671277,545121,682928,608385,696285,592696,53.94,0.994,2.0,2.0,1.0,0.0,3.0,6.0,71,2,Split-Finger,1,3,3,1,4,1,4,1,Standard,Standard,244.0,-0.041,1.076,81.4,7.9,3.887,-1.076,118.7,-2,2,0.075,0.925,34,29,34,30,1,4,2.0,2.0,1.0,1.0,2.77,1.13,-1.13,41.7,18.403523430978225,-4.59834682027958,32.8607414989951,37.04632171915874,31.36585238236797
SI,2024-04-21,92.8,-1.3,5.79,"Ohtani, Shohei",660271,605288,single,hit_into_play,,,,,14.0,Shohei Ohtani singles on a sharp ground ball to pitcher Adrian Houser. Gavin Lux to 3rd. Mookie Betts to 2nd.,R,L,R,LAD,NYM,X,1.0,ground_ball,1,2,2024,-1.55,0.81,0.91,2.27,,666158.0,605141.0,0,5,Bot,128.2,176.26,,,,,9.072803798802855,-134.91284082627706,-5.035612769258925,-20.86289994886314,27.228326105028646,-21.363148791727543,3.55,1.68,33.0,101.0,-2.0,93.4,2178.0,6.5,746154,621512,624413,643446,683146,596019,607043,664056,516782,53.97,0.397,0.373,0.9,1.0,1.0,0.0,2.0,38,5,Sinker,3,0,3,0,0,3,3,0,Infield shade,Standard,226.0,0.029,0.547,72.2,6.3,0.444,-0.547,101.0,3,3,0.914,0.914,31,29,31,30,3,2,6.0,1.0,6.0,2.0,1.83,1.55,-1.55,39.7,-8.541598428270301,10.14106888605811,46.591149020803336,26.20463386187262,19.024239069075264
SL,2024-04-21,81.7,-1.38,5.85,"Ohtani, Shohei",660271,605288,home_run,hit_into_play,,,,,5.0,Shohei Ohtani homers (5) on a fly ball to right center field. Gavin Lux scores.,R,L,R,LAD,NYM,X,,fly_ball,0,1,2024,0.41,-0.09,-0.1,2.71,,,666158.0,1,3,Bot,205.86,46.92,,,,,2.0949734242990616,-119.08713670606468,-0.3745028152201066,3.5586458191667196,21.745797513825167,-33.123044560462176,3.55,1.68,423.0,110.0,30.0,82.4,2116.0,6.6,746154,621512,624413,643446,683146,596019,607043,664056,516782,53.94,0.9744444444444444,1.9722222222222223,2.0,1.0,0.0,3.0,6.0,21,2,Slider,0,0,0,0,0,2,2,0,Infield shade,Standard,86.0,0.196,1.476,82.8,8.2,3.8874444444444447,-1.476,110.0,0,0,0.553,0.553,31,29,31,30,2,1,6.0,1.0,6.0,2.0,3.47,-0.41,0.41,40.0,16.347533175696906,-19.188858579745336,32.28079167388387,38.15131072251262,34.43327612656986
SL,2024-04-20,87.5,-2.36,5.14,"Ohtani, Shohei",660271,676130,double,hit_into_play,,,,,14.0,Shohei Ohtani hits a ground-rule double (11) on a line drive to right field.,R,L,R,LAD,NYM,X,,line_drive,2,2,2024,0.16,0.21,0.32,1.32,,,,0,5,Bot,235.56,84.58,,,,,6.105609440394176,-127.33819209062652,-3.5065684079253976,0.5349484394363421,25.93556606363592,-29.42375604755964,3.55,1.67,328.0,103.4,21.0,87.3,2607.0,6.1,746156,553882,624413,643446,621563,596019,607043,664056,516782,54.36,0.5465,0.9185384615384616,1.25,1.0,1.0,1.0,6.0,45,5,Slider,1,2,1,2,2,1,1,2,Strategic,Standard,107.0,0.095,0.721,74.5,8.6,1.688923076923077,-0.721,103.4,-1,-1,0.412,0.412,26,29,26,30,3,2,6.0,1.0,6.0,1.0,2.77,-0.16,0.16,32.2,17.97841450644016,-9.334917950071969,46.71487752757775,32.467714694233294,35.82463052810674
ST,2024-04-19,78.6,2.3,5.62,"Ohtani, Shohei",660271,640455,single,hit_into_play,,,,,4.0,Shohei Ohtani singles on a sharp line drive to right fielder Starling Marte. Andy Pages scores. Chris Taylor to 2nd.,R,L,L,LAD,NYM,X,9.0,line_drive,2,2,2024,-0.98,0.28,-0.61,2.76,,681624.0,621035.0,2,5,Bot,164.65,80.8,,,,,-4.55848171061217,-114.43336367050075,0.1131822008566953,-7.765439988834996,20.6314826506728,-29.916165577087853,3.55,1.68,263.0,107.8,11.0,79.8,2217.0,7.0,746160,553882,624413,643446,621563,596019,607043,664056,516782,53.47,0.939,0.953,0.9,1.0,1.0,0.0,5.0,43,6,Sweeper,1,4,1,4,4,2,2,4,Standard,Standard,289.0,0.101,0.639,,,1.245,-0.639,107.8,-3,-3,0.182,0.182,32,29,32,30,3,2,6.0,2.0,5.0,1.0,3.4,-0.98,-0.98,31.9,,,,,
SI,2024-04-19,94.2,2.4,5.38,"Ohtani, Shohei",660271,640455,field_out,hit_into_play,,,,,5.0,"Shohei Ohtani grounds out, second baseman Jeff McNeil to first baseman Pete Alonso.",R,L,L,LAD,NYM,X,4.0,ground_ball,3,2,2024,1.45,0.65,-0.18,2.77,,,,1,1,Bot,146.0,153.55,,,,,-10.173252744518438,-136.84668687884044,-2.5471383464158643,20.48200596791989,29.70572846845924,-23.666636267051093,3.55,1.68,5.0,95.2,-28.0,96.5,2115.0,7.7,746160,682626,624413,643446,621563,596019,607043,664056,516782,52.84,0.1,0.094,0.0,1.0,0.0,0.0,2.0,5,6,Sinker,0,0,0,0,0,0,0,0,Standard,Standard,128.0,-0.02,-0.332,76.6,7.5,0.121,0.332,95.2,0,0,0.53,0.53,32,29,32,30,1,0,6.0,2.0,5.0,1.0,1.93,1.45,1.45,25.9,1.6277155858023549,8.872090045888402,30.848740892462537,39.67948806918629,19.188447440163426
ST,2024-04-19,80.7,4.09,5.45,"Ohtani, Shohei",660271,518617,force_out,hit_into_play,,,,,14.0,"Shohei Ohtani grounds into a force out, second baseman Jeff McNeil to shortstop Francisco Lindor. Mookie Betts out at 2nd. Shohei Ohtani to 1st.",R,L,L,LAD,NYM,X,4.0,ground_ball,1,0,2024,-1.03,0.04,0.23,1.53,,,605141.0,0,9,Bot,153.27,155.36,,,,,-6.685299517164664,-117.4347034781907,-2.17366393403407,-8.363740619946151,20.76456279768528,-31.63352308664154,3.55,1.68,46.0,77.2,2.0,81.5,2619.0,6.7,746160,553882,624413,643446,621563,596019,607043,664056,516782,53.81,0.182,0.177,0.0,1.0,0.0,0.0,2.0,82,2,Sweeper,4,9,4,9,9,4,4,9,Standard,Standard,302.0,-0.014,-0.394,72.6,8.3,0.229,0.394,88.0,-5,-5,0.021,0.021,37,29,37,30,1,4,2.0,2.0,4.0,1.0,3.44,-1.03,-1.03,17.8,18.636215785134425,-18.40259418311165,38.4463504138448,35.263132416711485,39.92739081591547
CU,2024-04-17,80.6,-2.23,5.74,"Ohtani, Shohei",660271,663623,single,hit_into_play,,,,,7.0,Shohei Ohtani singles on a sharp line drive to right fielder Lane Thomas.,R,L,R,LAD,WSH,X,9.0,line_drive,1,2,2024,0.99,-0.85,-0.42,1.66,,,,0,6,Bot,172.3,75.62,,,,,2.1582474210852927,-117.46478744545928,-0.8261325389788593,8.760462887373343,21.66382280276762,-40.13779418273587,3.55,1.68,244.0,106.7,12.0,81.3,2737.0,6.6,746159,656180,608841,671277,669222,682928,608385,592696,657041,53.87,0.921,0.935,0.9,1.0,1.0,0.0,5.0,44,4,Curveball,0,2,0,2,2,0,0,2,Infield shade,Standard,329.0,0.069,0.516,,,1.241,-0.516,106.7,-2,-2,0.251,0.251,27,29,27,30,3,2,5.0,1.0,7.0,2.0,4.34,-0.99,0.99,34.2,,,,,
FF,2024-04-17,96.1,-2.15,5.49,"Ohtani, Shohei",660271,663623,field_out,hit_into_play,,,,,2.0,Shohei Ohtani flies out to left fielder Jesse Winker.,R,L,R,LAD,WSH,X,7.0,fly_ball,0,1,2024,-0.95,0.9,-0.23,3.28,,,,1,3,Bot,55.2,117.53,,,,,7.301675625271166,-139.76237835695937,-2.3312960337567707,-14.045029108149713,30.547265467765772,-20.085488970117503,3.55,1.68,268.0,81.9,35.0,97.3,2367.0,6.9,746159,656180,608841,671277,669222,682928,608385,592696,657041,53.55,0.026,0.033,0.0,1.0,0.0,0.0,3.0,24,2,4-Seam Fastball,0,2,0,2,2,0,0,2,Infield shade,Standard,232.0,-0.016,-0.219,74.4,6.7,0.047,0.219,88.0,-2,-2,0.298,0.298,27,29,27,30,2,1,5.0,1.0,7.0,2.0,1.57,0.95,-0.95,25.7,-0.5385158152456353,19.47321259248773,28.550416751658247,38.45436883404385,16.509374884819564
FF,2024-04-17,98.6,-1.72,5.87,"Ohtani, Shohei",660271,640451,single,hit_into_play,,,,,4.0,Shohei Ohtani singles on a line drive to center fielder Jacob Young.,R,L,R,LAD,WSH,X,8.0,line_drive,2,2,2024,-0.39,1.08,-0.33,2.41,,,,2,8,Bot,96.21,77.42,,,,,4.652358090724987,-143.50568477854168,-6.458758806139533,-6.418348909504964,33.117758225255635,-15.94551795334494,3.55,1.68,276.0,99.0,13.0,98.4,2091.0,6.2,746159,656180,608841,671277,669222,682928,592696,696285,657041,54.32,0.929,0.902,0.9,1.0,1.0,0.0,4.0,59,6,4-Seam Fastball,0,2,0,2,2,0,0,2,Standard,Standard,205.0,0.028,0.37,77.3,7.4,1.141,-0.37,99.0,-2,-2,0.091,0.091,29,29,30,30,1,3,2.0,1.0,3.0,2.0,1.26,0.39,-0.39,48.4,0.1922515548684859,13.286027400801986,32.80890437864704,40.78907274993372,19.91954830771669
FC,2024-04-17,92.3,-2.23,5.8,"Ohtani, Shohei",660271,663623,single,hit_into_play,,,,,6.0,Shohei Ohtani singles on a sharp line drive to right fielder Lane Thomas.,R,L,R,LAD,WSH,X,9.0,line_drive,0,1,2024,-0.11,0.6,0.44,2.48,,,,1,1,Bot,174.38,76.64,,,,,7.1011002890512405,-134.27164003961408,-3.9871833111056025,-2.7723898692597357,27.850236399944517,-24.276100616513915,3.55,1.68,270.0,107.9,15.0,93.1,2600.0,6.7,746159,656180,608841,671277,669222,682928,608385,592696,657041,53.79,0.658,0.717,0.9,1.0,1.0,0.0,5.0,9,2,Cutter,0,2,0,2,2,0,0,2,Infield shade,Standard,201.0,0.028,0.458,79.2,7.5,1.056,-0.458,107.9,-2,-2,0.327,0.327,27,29,27,30,1,0,5.0,1.0,7.0,2.0,2.07,0.11,-0.11,29.7,13.834753865927263,-1.7436282565517929,38.08371506605102,31.735787465871027,27.55710897955419
SI,2024-04-16,91.2,2.34,6.27,"Ohtani, Shohei",660271,571578,field_out,hit_into_play,,,,,4.0,Shohei Ohtani flies out to center fielder Jacob Young. Mookie Betts to 3rd.,R,L,L,LAD,WSH,X,8.0,fly_ball,0,0,2024,1.09,1.09,-0.43,2.75,,605141.0,,0,7,Bot,133.93,70.12,,,,,-9.398414304464405,-132.40929139715587,-5.297744189876882,14.868374475786528,29.098024718492,-18.334197190908544,3.55,1.68,321.0,97.0,43.0,91.9,2046.0,6.9,746157,686452,608336,671277,669222,682928,592696,696285,657041,53.59,0.024,0.037,0.0,1.0,0.0,0.0,3.0,55,1,Sinker,4,2,4,2,2,4,4,2,Standard,Standard,146.0,-0.001,-0.265,77.9,8.0,0.075,0.265,97.0,2,2,0.916,0.916,34,29,35,30,4,3,6.0,1.0,7.0,1.0,1.67,1.09,1.09,41.6,15.486355084100056,-6.964285683307359,31.289957691387,42.447426628056306,32.07588572874196
SI,2024-04-16,92.4,2.31,6.22,"Ohtani, Shohei",660271,571578,field_out,hit_into_play,,,,,4.0,"Shohei Ohtani grounds out, second baseman Luis García Jr. to first baseman Joey Gallo.",R,L,L,LAD,WSH,X,4.0,ground_ball,0,0,2024,1.14,0.71,-0.36,2.51,500743.0,,605141.0,2,4,Bot,150.67,162.31,,,,,-9.407461297639951,-134.25296589486803,-5.210653357776225,15.865112758809069,29.25577093079772,-22.673432228248853,3.55,1.68,5.0,96.9,-26.0,93.3,2156.0,6.9,746157,686452,608336,671277,669222,682928,592696,696285,657041,53.56,0.103,0.12,0.0,1.0,0.0,0.0,2.0,36,1,Sinker,3,2,3,2,2,3,3,2,Standard,Standard,146.0,-0.048,-0.287,,,0.109,0.287,96.9,1,1,0.686,0.686,34,29,35,30,3,2,6.0,1.0,7.0,1.0,1.97,1.14,1.14,40.5,,,,,
SI,2024-04-16,92.3,2.28,6.28,"Ohtani, Shohei",660271,571578,field_out,hit_into_play,,,,,5.0,"Shohei Ohtani grounds out sharply, second baseman Luis García Jr. to first baseman Joey Gallo.",R,L,L,LAD,WSH,X,4.0,ground_ball,0,0,2024,1.06,0.83,-0.27,2.68,605131.0,605141.0,,1,2,Bot,140.94,151.23,,,,,-8.870182639628812,-134.11668839815857,-5.211043087115473,14.674644724596648,28.06153611600605,-21.141756942060347,3.55,1.68,15.0,107.7,-9.0,93.2,2217.0,6.8,746157,686452,608336,671277,669222,682928,592696,696285,657041,53.68,0.324,0.385,0.0,1.0,0.0,0.0,2.0,19,1,Sinker,3,0,3,0,0,3,3,0,Strategic,Standard,147.0,-0.042,-0.187,,,0.324,0.187,107.7,3,3,0.867,0.867,34,29,35,30,2,1,6.0,1.0,7.0,1.0,1.84,1.06,1.06,42.3,,,,,
FF,2024-04-16,94.4,-2.84,5.91,"Ohtani, Shohei",660271,663432,single,hit_into_play,,,,,11.0,Shohei Ohtani singles on a soft ground ball to third baseman Nick Senzel. Mookie Betts to 2nd.,R,L,R,LAD,WSH,X,5.0,ground_ball,2,2,2024,-0.76,1.38,-1.51,3.44,,,605141.0,2,8,Bot,111.28,169.14,,,,,5.173435646127103,-137.3964353281696,-3.809682675108659,-10.800967218683809,29.901614174477785,-14.058858622195958,3.55,1.68,1.0,54.2,-73.0,94.7,2297.0,6.4,746157,686452,608336,671277,669222,682928,592696,696285,657041,54.1,0.161,0.215,0.9,1.0,1.0,0.0,1.0,69,5,4-Seam Fastball,6,2,6,2,2,6,6,2,Standard,Standard,215.0,0.002,0.394,56.8,6.9,0.161,-0.394,88.0,4,4,0.986,0.986,31,29,32,30,1,4,6.0,1.0,3.0,1.0,1.17,0.76,-0.76,33.1,-0.8246164877190214,35.05863049164537,17.033148115217834,54.77707036534753,-0.4769006157629833
SI,2024-04-16,92.4,2.1,6.2,"Ohtani, Shohei",660271,571578,single,hit_into_play,,,,,8.0,Shohei Ohtani singles on a line drive to left fielder Eddie Rosario. Mookie Betts to 2nd.,R,L,L,LAD,WSH,X,7.0,line_drive,0,2,2024,1.21,0.89,-0.09,1.8,,,605141.0,0,1,Bot,77.18,98.85,,,,,-8.32547745275757,-134.19831719922524,-7.401332124249251,16.409794561544263,28.103195742343743,-20.01599085321185,3.55,1.68,238.0,93.1,13.0,93.5,2129.0,7.0,746157,686452,608336,671277,669222,682928,592696,696285,657041,53.5,0.95,0.901,0.9,1.0,1.0,0.0,4.0,7,3,Sinker,0,0,0,0,0,0,0,0,Infield shade,Standard,146.0,0.064,0.54,67.0,7.8,1.097,-0.54,93.1,0,0,0.572,0.572,34,29,35,30,1,0,6.0,1.0,7.0,1.0,1.79,1.21,1.21,42.3,1.3476318962505616,8.551974952003143,39.311963886326424,38.784405303621824,19.066773919042447
CU,2024-04-15,80.6,2.07,5.94,"Ohtani, Shohei",660271,680730,single,hit_into_play,,,,,8.0,Shohei Ohtani singles on a sharp ground ball to right fielder Lane Thomas.,R,L,L,LAD,WSH,X,9.0,ground_ball,2,1,2024,-0.2,-0.66,0.2,2.05,,,,1,1,Bot,172.53,117.56,,,,,-3.800211279683756,-117.4489939848035,-0.82488944625833,-1.2145934184860654,19.89544667379348,-38.393562478057206,3.55,1.67,18.0,107.3,-6.0,81.4,2165.0,6.5,746158,656180,608336,671277,669222,682928,592696,696285,657041,53.95,0.382,0.403,0.9,1.0,1.0,0.0,2.0,6,4,Curveball,0,1,0,1,1,0,0,1,Infield shade,Standard,318.0,0.023,0.375,78.5,7.6,0.385,-0.375,107.3,-1,-1,0.427,0.427,24,29,25,30,1,0,,1.0,6.0,1.0,4.13,-0.2,-0.2,55.8,6.2370352485734655,-3.000514897441587,38.690904630356265,36.61062500341677,28.645918338468828
FF,2024-04-15,98.6,-1.82,5.97,"Ohtani, Shohei",660271,640451,field_out,hit_into_play,,,,,4.0,Shohei Ohtani lines out to center fielder Jacob Young.,R,L,R,LAD,WSH,X,8.0,line_drive,0,2,2024,-0.58,1.29,-0.53,2.29,,681546.0,605141.0,2,7,Bot,99.05,80.43,,,,,4.868214757286533,-143.46803557547017,-7.56196870273299,-9.104929524155608,32.49585459338446,-12.78401567986278,3.55,1.67,303.0,98.4,16.0,98.7,2031.0,6.3,746158,656180,608336,671277,669222,682928,592696,696285,657041,54.17,0.632,0.652,0.0,1.0,0.0,0.0,4.0,60,5,4-Seam Fastball,3,6,3,6,6,3,3,6,Standard,Strategic,208.0,-0.034,-0.185,72.7,7.6,0.876,0.185,98.4,-3,-3,0.106,0.106,29,29,30,30,1,3,2.0,1.0,2.0,1.0,1.05,0.58,-0.58,44.9,1.4519745806541708,10.437951779665894,35.810924515065544,43.84581013384425,18.34134653048769
FC,2024-04-14,92.0,-1.84,5.65,"Ohtani, Shohei",660271,506433,field_out,hit_into_play,,,,,4.0,Shohei Ohtani pops out to third baseman Eguy Rosario.,R,L,R,LAD,SD,X,5.0,popup,3,2,2024,-0.26,0.58,-0.37,2.65,,,,2,3,Bot,72.05,149.16,,,,,4.308896975882696,-133.91656095342023,-3.0838834871126526,-4.042390837508129,27.6728976812318,-24.733630668349708,3.51,1.65,184.0,77.3,61.0,92.8,2454.0,6.7,746164,669134,630105,593428,666703,673490,595777,701538,665487,53.85,0.016,0.015,0.0,1.0,0.0,0.0,3.0,23,6,Cutter,0,0,0,0,0,0,0,0,Infield shade,Strategic,198.0,-0.014,-0.325,71.5,7.9,0.02,0.325,88.0,0,0,0.514,0.514,37,29,38,30,2,1,6.0,1.0,16.0,1.0,2.1,0.26,-0.26,37.5,7.914823850566767,4.22302638403865,30.902558740286256,41.84460219917445,22.283213635244028
CH,2024-04-14,87.7,1.8,5.75,"Ohtani, Shohei",660271,593974,single,hit_into_play,,,,,9.0,"Shohei Ohtani singles on a sharp line drive to center fielder Jackson Merrill, deflected by shortstop Ha-Seong Kim.",R,L,L,LAD,SD,X,6.0,line_drive,0,0,2024,1.38,0.07,0.28,2.2,,,,0,8,Bot,143.66,112.5,,,,,-6.479378750701546,-127.51200842964914,-2.571922575041808,16.37240872147738,26.986173298551304,-31.043604435722965,3.51,1.65,185.0,108.6,8.0,87.1,2059.0,6.0,746164,669134,630105,593428,642180,673490,640492,701538,665487,54.49,0.755,0.736,0.9,1.0,1.0,0.0,4.0,68,1,Changeup,3,6,3,6,6,3,3,6,Infield shade,Standard,124.0,0.053,0.448,75.6,7.4,0.944,-0.448,108.6,-3,-3,0.087,0.087,32,29,33,30,1,3,2.0,1.0,2.0,1.0,2.9,1.38,1.38,41.4,4.383071911784531,7.75088514962472,38.22173003594686,36.37645543271632,22.74843292254318
FC,2024-04-13,86.7,-1.69,5.41,"Ohtani, Shohei",660271,663362,field_out,hit_into_play,,,,,12.0,Shohei Ohtani lines out to third baseman Eguy Rosario in foul territory.,R,L,R,LAD,SD,X,5.0,line_drive,1,0,2024,0.19,0.89,0.96,2.92,666158.0,605141.0,,2,4,Bot,79.94,162.88,,,,,6.018311187700591,-126.20646609315598,-1.5932414384155582,0.8617089673856861,25.473918209253736,-22.587685995200495,3.5,1.64,149.0,55.6,38.0,88.0,2257.0,7.1,746161,543309,630105,642180,666703,673490,595777,701538,665487,53.45,0.237,0.213,0.0,1.0,0.0,0.0,1.0,32,2,Cutter,1,0,1,0,0,1,1,0,Standard,Standard,208.0,-0.056,-0.308,70.5,6.3,0.237,0.308,88.0,1,1,0.694,0.694,27,29,28,30,3,2,6.0,1.0,6.0,1.0,2.14,-0.19,0.19,25.2,-1.2219556864012786,11.110033483411843,41.80568964056532,24.95524540290923,20.235231377274893
FF,2024-04-13,95.6,-1.09,6.2,"Ohtani, Shohei",660271,666745,field_out,hit_into_play,,,,,3.0,Shohei Ohtani flies out sharply to right fielder Fernando Tatis Jr.,R,L,R,LAD,SD,X,9.0,fly_ball,2,1,2024,-0.78,1.32,0.55,3.36,,,571771.0,2,8,Bot,200.92,81.02,,,,,6.049863526445369,-139.08667359360808,-4.831287381783989,-11.414252404465298,30.24521528186509,-14.171369398690606,3.5,1.64,344.0,110.3,43.0,95.3,2144.0,6.1,746161,664954,630105,642180,666703,673490,595777,701538,665487,54.42,0.472,0.962,0.0,1.0,0.0,0.0,6.0,67,4,4-Seam Fastball,5,2,5,2,2,5,5,2,Standard,Strategic,223.0,-0.003,-0.307,86.8,7.7,1.884,0.307,110.3,3,3,0.969,0.969,26,29,26,30,1,4,4.0,1.0,3.0,1.0,1.17,0.78,-0.78,49.2,20.272564012720807,-12.004076170993567,30.990116964173524,31.334365728636687,32.35935575671477
ST,2024-04-13,81.1,2.7,5.57,"Ohtani, Shohei",660271,670970,sac_fly,hit_into_play,,,,,5.0,Shohei Ohtani out on a sacrifice fly to center fielder Jackson Merrill. Gavin Lux scores. Mookie Betts to 3rd.,R,L,L,LAD,SD,X,8.0,fly_ball,1,1,2024,-1.53,-0.09,-0.25,2.39,666158.0,605141.0,,1,6,Bot,135.14,43.62,,,,,-3.7096757769291218,-118.03526369595252,-0.2319222377239549,-13.473391684302932,24.567667194349088,-33.19932972614394,3.5,1.64,384.0,102.7,23.0,81.5,2562.0,6.8,746161,543309,630105,642180,666703,673490,595777,701538,665487,53.73,0.5943809523809522,1.0731190476190478,0.0,1.0,0.0,0.0,6.0,50,3,Sweeper,3,1,3,1,1,4,4,1,Strategic,Standard,300.0,0.015,-0.194,74.2,7.7,2.025023809523809,0.194,102.7,2,2,0.893,0.893,25,29,25,30,1,3,24.0,1.0,3.0,1.0,3.58,-1.53,-1.53,33.8,9.84534982206973,-2.698941389015628,30.51745269602048,43.01566832449147,31.987497589519037
SL,2024-04-12,85.6,-2.59,5.7,"Ohtani, Shohei",660271,650633,double,hit_into_play,,,,,7.0,Shohei Ohtani doubles (9) on a fly ball to left fielder Jurickson Profar.,R,L,R,LAD,SD,X,7.0,fly_ball,1,2,2024,0.36,0.21,-0.56,1.79,,,,0,5,Bot,58.61,137.95,,,,,4.0627315488276725,-124.64498279882676,-3.416130476799437,2.966388326273714,23.46597328831276,-29.496794397482734,3.5,1.64,226.0,85.2,53.0,85.6,2355.0,6.1,746162,669134,630105,593428,642180,673490,595777,701538,665487,54.38,0.013,0.014,1.25,1.0,1.0,1.0,3.0,39,4,Slider,7,3,7,3,3,7,7,3,Infield shade,Strategic,148.0,0.018,0.761,52.2,7.8,0.019,-0.761,88.0,4,4,0.929,0.929,29,29,29,30,3,2,6.0,2.0,5.0,1.0,2.88,-0.36,0.36,36.2,3.2324235782250037,4.112326061904092,38.44262574904822,42.828522649890395,24.222519879195303
FF,2024-04-12,92.9,-2.7,5.76,"Ohtani, Shohei",660271,650633,field_out,hit_into_play,,,,,11.0,Shohei Ohtani lines out sharply to center fielder Jackson Merrill.,R,L,R,LAD,SD,X,8.0,line_drive,1,1,2024,-0.45,1.2,-0.2,3.69,,,,2,2,Bot,89.8,57.99,,,,,7.395398815416502,-135.22927400198213,-2.1907543444612467,-7.087622985806496,27.28866889213317,-17.149782138170565,3.5,1.64,361.0,104.9,19.0,93.2,2170.0,6.3,746162,669134,630105,593428,642180,673490,595777,701538,665487,54.23,0.4904117647058823,0.793,0.0,1.0,0.0,0.0,6.0,20,3,4-Seam Fastball,5,3,5,3,3,5,5,3,Strategic,Strategic,213.0,-0.008,-0.244,77.4,6.9,1.4435294117647062,0.244,104.9,2,2,0.72,0.72,29,29,29,30,2,1,6.0,2.0,5.0,1.0,1.43,0.45,-0.45,41.5,10.62200473481995,14.200242500745418,22.79223547044008,38.38129077164726,18.944209998961476
FS,2024-04-12,86.0,2.14,5.99,"Ohtani, Shohei",660271,673513,double,hit_into_play,,,,,5.0,Shohei Ohtani doubles (10) on a sharp line drive to right fielder Fernando Tatis Jr.,R,L,L,LAD,SD,X,9.0,line_drive,2,1,2024,0.34,0.29,0.04,2.63,,,,1,7,Bot,190.63,127.36,,,,,-5.667807564528233,-125.11993220379895,-2.333947563441852,4.732542382441848,24.579072335372732,-28.818055368241183,3.5,1.64,240.0,107.9,14.0,85.8,1470.0,6.1,746162,669134,630105,593428,642180,673490,595777,701538,665487,54.38,0.753,0.791,1.25,1.0,1.0,1.0,5.0,59,4,Split-Finger,7,7,7,7,7,7,7,7,Strategic,Strategic,143.0,0.072,0.61,77.2,8.2,1.112,-0.61,107.9,0,0,0.554,0.554,28,29,29,30,1,3,2.0,2.0,2.0,1.0,2.78,0.34,0.34,63.5,20.09004815208019,-13.431556697815054,34.168910275773705,38.16421770407743,36.54131192389026
FF,2024-04-12,95.4,-2.7,5.83,"Ohtani, Shohei",660271,650633,home_run,hit_into_play,,,,,11.0,Shohei Ohtani homers (4) on a fly ball to center field.,R,L,R,LAD,SD,X,,fly_ball,1,0,2024,-0.68,1.24,-0.93,3.05,,,,1,1,Bot,83.26,41.81,,,,,6.152849467687322,-138.8122764993702,-4.485121171481683,-10.090975358939584,28.705629044088163,-15.247965485935168,3.5,1.64,403.0,107.3,25.0,95.4,2337.0,6.1,746162,669134,630105,593428,642180,673490,595777,701538,665487,54.4,0.8867906976744185,1.754000000000001,2.0,1.0,0.0,3.0,6.0,7,2,4-Seam Fastball,0,2,0,2,2,1,1,2,Infield shade,Standard,216.0,0.092,1.544,70.8,7.7,3.43346511627907,-1.544,107.3,-2,-2,0.332,0.332,29,29,29,30,1,0,6.0,2.0,5.0,1.0,1.25,0.68,-0.68,40.2,3.610709091828839,8.823096651218695,29.745869679952875,46.356713828875876,16.239239071835414
SI,2024-04-12,90.3,2.51,4.89,"Ohtani, Shohei",660271,676680,field_out,hit_into_play,,,,,12.0,Shohei Ohtani lines out sharply to center fielder Jackson Merrill.,R,L,L,LAD,SD,X,8.0,line_drive,0,1,2024,1.01,0.28,1.28,2.9,,,,1,9,Bot,144.28,59.29,,,,,-5.208101051236121,-131.44381673793663,0.3771051653092748,12.86589570381376,28.037283518041765,-29.203347102773343,3.5,1.64,349.0,102.2,20.0,90.1,2285.0,6.2,746162,669134,630105,593428,642180,673490,595777,701538,665487,54.31,0.3620625,0.5503125,0.0,1.0,0.0,0.0,5.0,75,2,Sinker,7,7,7,7,7,7,7,7,Strategic,Strategic,140.0,-0.039,-0.219,81.1,6.7,0.9841875,0.219,102.2,0,0,0.575,0.575,28,29,28,30,1,4,3.0,2.0,1.0,1.0,2.51,1.01,1.01,16.1,4.7242091474141725,-3.71001725791173,38.74311878681209,23.89455523677833,25.331769633871957
SL,2024-04-10,87.9,-2.38,6.22,"Ohtani, Shohei",660271,663978,single,hit_into_play,,,,,12.0,Shohei Ohtani singles on a sharp line drive to right fielder Alex Kirilloff.,R,L,R,MIN,LAD,X,9.0,line_drive,2,2,2024,0.26,0.51,0.94,2.65,,,,1,5,Top,202.53,91.79,,,,,7.601681633616712,-127.95784714780604,-3.7180811976960393,1.4591481353290756,23.193557402582645,-26.00300424114916,3.5,1.63,276.0,104.3,17.0,89.4,2022.0,6.9,745923,543877,467793,666397,571657,621043,622534,668885,666135,53.56,0.495,0.571,0.9,1.0,1.0,0.0,5.0,38,5,Slider,2,2,2,2,2,2,2,2,Infield shade,Standard,199.0,-0.035,0.453,79.4,7.2,0.869,-0.453,104.3,0,0,0.532,0.4679999999999999,28,29,28,30,3,2,7.0,1.0,6.0,2.0,2.41,-0.26,0.26,47.1,9.292159536076504,-3.13597545120294,38.439394160020086,27.573551252131235,31.516463777392133
SL,2024-04-10,86.8,-2.58,6.22,"Ohtani, Shohei",660271,663978,field_out,hit_into_play,,,,,3.0,Shohei Ohtani flies out to left fielder Manuel Margot.,R,L,R,MIN,LAD,X,7.0,fly_ball,1,0,2024,0.07,0.48,0.61,2.92,,,,1,3,Top,73.01,116.52,,,,,7.568983274013037,-126.3324819683516,-2.7431877792041695,-0.7249245325711337,23.807054996838232,-26.708225066731657,3.5,1.63,245.0,77.4,40.0,88.0,2022.0,6.8,745923,543877,467793,666397,571657,621043,622534,668885,666135,53.66,0.074,0.077,0.0,1.0,0.0,0.0,3.0,20,2,Slider,1,1,1,1,1,1,1,1,Infield shade,Standard,202.0,0.021,-0.295,75.7,6.6,0.098,0.295,88.0,0,0,0.522,0.478,28,29,28,30,2,1,7.0,1.0,6.0,2.0,2.53,-0.07,0.07,44.1,1.3622818000943184,14.061865261813626,35.999827864020006,30.543571901746994,20.17230523311266
FC,2024-04-10,95.2,-1.93,5.5,"Ohtani, Shohei",660271,592779,force_out,hit_into_play,,,,,14.0,"Shohei Ohtani grounds into a force out, second baseman Edouard Julien to shortstop Carlos Correa. Mookie Betts out at 2nd. Shohei Ohtani to 1st.",R,L,R,MIN,LAD,X,4.0,ground_ball,0,1,2024,-0.07,0.79,0.86,2.1,,,605141.0,1,7,Top,147.48,154.96,,,,,7.552710365619968,-138.41482243235305,-5.117562788027534,-2.5011357058306847,29.03154672095226,-21.11342150269319,3.5,1.63,6.0,106.1,-18.0,96.4,2438.0,6.9,745923,543877,467793,666397,571657,621043,622534,668885,666135,53.63,0.168,0.209,0.0,1.0,0.0,0.0,2.0,54,2,Cutter,3,2,2,3,2,3,2,3,Infield shade,Standard,213.0,0.048,-0.273,78.0,7.0,0.168,0.273,106.1,1,-1,0.695,0.305,32,29,33,30,1,3,1.0,1.0,3.0,2.0,1.72,0.07,-0.07,26.8,-0.2771863954383746,7.70721180723923,43.15519425995332,27.640186694540173,21.70804970920993
FF,2024-04-09,94.9,-1.78,5.41,"Ohtani, Shohei",660271,686973,field_out,hit_into_play,,,,,3.0,Shohei Ohtani flies out to left fielder Austin Martin.,R,L,R,MIN,LAD,X,7.0,fly_ball,0,0,2024,-0.59,1.17,0.44,3.18,,,605141.0,0,5,Top,74.56,105.58,,,,,7.2550161790390755,-138.05873455513904,-2.7941540363793496,-9.27030979968478,32.2360625178661,-16.859414349810194,3.5,1.62,266.0,83.7,39.0,96.4,2200.0,7.3,745924,680777,666135,666397,650489,621043,668885,621439,670242,53.24,0.008,0.009,0.0,1.0,0.0,0.0,3.0,33,1,4-Seam Fastball,0,3,3,0,3,0,3,0,Infield shade,Standard,217.0,0.018,-0.246,76.9,6.6,0.018,0.246,88.0,-3,3,0.145,0.855,26,29,27,30,3,2,7.0,1.0,6.0,1.0,1.38,0.59,-0.59,35.0,-1.5705021932288994,10.551256533763745,41.3398587798435,32.45068690396748,23.269711902222625
SL,2024-04-09,89.3,-1.61,5.7,"Ohtani, Shohei",660271,686973,double,hit_into_play,,,,,8.0,Shohei Ohtani doubles (8) on a sharp ground ball to right fielder Matt Wallner.,R,L,R,MIN,LAD,X,9.0,ground_ball,0,1,2024,0.59,0.08,0.27,2.11,,,,2,3,Top,188.33,125.08,,,,,3.435047598885972,-130.12104699751654,-3.096749379363735,6.053900524151156,24.997710846578805,-30.809891678113477,3.5,1.62,121.0,114.0,6.0,91.0,2615.0,7.0,745924,680777,666135,666397,650489,621043,668885,621439,670242,53.47,0.761,0.737,1.25,1.0,1.0,1.0,5.0,17,2,Slider,0,0,0,0,0,0,0,0,Infield shade,Standard,173.0,-0.027,0.655,85.3,8.0,0.911,-0.655,114.0,0,0,0.545,0.4549999999999999,26,29,27,30,2,1,7.0,1.0,6.0,1.0,2.75,-0.59,0.59,41.0,11.076963179641416,-6.95594041004619,39.17586664861569,35.26626810902732,30.87900510774424
FC,2024-04-09,92.6,-1.79,5.49,"Ohtani, Shohei",660271,592779,field_out,hit_into_play,,,,,12.0,"Shohei Ohtani grounds out, second baseman Edouard Julien to first baseman Alex Kirilloff.",R,L,R,MIN,LAD,X,4.0,ground_ball,0,1,2024,0.22,0.51,1.04,3.07,606192.0,666158.0,605141.0,2,8,Top,149.76,154.36,,,,,6.795853464806965,-134.91222463768293,-1.5675157757385347,1.4364087354735438,26.099764851833424,-25.805142984577177,3.5,1.63,43.0,72.0,1.0,94.0,2453.0,6.8,745924,680777,666135,666397,650489,621043,668885,621439,670242,53.73,0.108,0.103,0.0,1.0,0.0,0.0,2.0,62,2,Cutter,0,6,6,0,6,0,6,0,Infield shade,Standard,182.0,0.002,-0.234,70.7,6.3,0.12,0.234,88.0,-6,6,0.008,0.992,32,29,33,30,1,4,6.0,1.0,1.0,1.0,2.12,-0.22,0.22,26.9,6.181221188964944,17.298025556927566,35.61933046206643,25.573838020496098,21.097099678812317
SL,2024-04-08,86.0,-1.22,6.07,"Ohtani, Shohei",660271,641927,field_out,hit_into_play,,,,,3.0,Shohei Ohtani lines out to center fielder Byron Buxton.,R,L,R,MIN,LAD,X,8.0,line_drive,2,2,2024,0.53,0.33,0.66,3.19,,,,2,3,Top,117.94,73.49,,,,,3.4331511456203003,-125.41790926002555,-1.382136062038538,5.010280925978404,22.00753883895298,-28.57609921917653,3.51,1.62,313.0,90.0,22.0,87.9,2144.0,7.1,745925,543877,467793,571657,669304,621043,668885,621439,622534,53.41,0.205,0.232,0.0,1.0,0.0,0.0,3.0,18,5,Slider,0,1,1,0,1,0,1,0,Infield shade,Standard,173.0,0.01,-0.219,75.4,6.6,0.352,0.219,90.0,-1,1,0.427,0.573,28,29,29,30,2,1,8.0,1.0,6.0,1.0,2.7,-0.53,0.53,36.0,0.7518481592167962,5.829304348648069,34.8949340071385,29.02602337278901,23.307429666373057
SL,2024-04-08,85.6,-2.38,5.77,"Ohtani, Shohei",660271,543351,home_run,hit_into_play,,,,,5.0,Shohei Ohtani homers (3) on a fly ball to left center field.,R,L,R,MIN,LAD,X,,fly_ball,2,1,2024,0.31,0.68,-0.03,2.74,,,,2,7,Top,58.24,62.67,,,,,4.955742658805111,-124.51857019315288,-2.205032465755359,2.107221075698621,26.47058344602061,-24.888913824488892,3.51,1.62,362.0,106.9,38.0,85.7,2104.0,6.5,745925,543877,467793,571657,669304,621043,668885,621439,622534,53.99,0.6629999999999999,1.357090909090909,2.0,1.0,0.0,3.0,6.0,51,4,Slider,2,3,3,2,4,2,4,2,Infield shade,Standard,168.0,-0.138,2.548,82.3,7.4,2.662454545454546,-2.548,106.9,-1,1,0.35,0.65,36,29,37,30,1,3,2.0,1.0,4.0,1.0,2.45,-0.31,0.31,33.0,9.030687276847532,-6.234401287803698,40.00819392884664,37.690173008903216,25.677812080537944
FF,2024-04-08,92.5,-1.29,6.01,"Ohtani, Shohei",660271,641927,double,hit_into_play,,,,,4.0,Shohei Ohtani doubles (6) on a sharp line drive to center fielder Byron Buxton. Mookie Betts to 3rd.,R,L,R,MIN,LAD,X,8.0,line_drive,2,2,2024,-0.83,1.46,-0.32,2.88,,,605141.0,0,1,Top,129.56,22.23,,,,,4.424773563234507,-134.61633367912873,-5.5359804633395395,-11.06544779602816,27.57680400241104,-13.393366883379286,3.51,1.62,396.0,110.1,16.0,95.5,2369.0,7.9,745925,543877,467793,571657,669304,621043,668885,621439,622534,52.61,0.504,0.74275,1.25,1.0,1.0,1.0,6.0,2,5,4-Seam Fastball,0,0,0,0,0,0,0,0,Infield shade,Standard,216.0,-0.102,0.746,83.8,7.6,1.31675,-0.746,110.1,0,0,0.467,0.5329999999999999,28,29,29,30,1,0,8.0,1.0,6.0,1.0,1.19,0.83,-0.83,32.8,2.2266854140670462,2.8318023161235533,28.611701218774076,41.5910553946878,22.40277052133594
SI,2024-04-08,92.9,3.1,5.7,"Ohtani, Shohei",660271,595345,double,hit_into_play,,,,,3.0,Shohei Ohtani doubles (7) on a line drive to left fielder Austin Martin.,R,L,L,MIN,LAD,X,7.0,line_drive,0,0,2024,1.43,0.57,0.63,3.23,,,,0,6,Top,44.12,124.04,,,,,-9.581306873089195,-134.97177491232196,-1.816313323138108,19.586521549714153,28.02064677413558,-24.975183312869024,3.51,1.62,249.0,88.3,20.0,94.0,2148.0,6.9,745925,543877,467793,571657,669304,621043,668885,621439,622534,53.56,0.497,0.492,1.25,1.0,1.0,1.0,4.0,39,1,Sinker,2,1,1,2,1,2,1,2,Infield shade,Standard,140.0,-0.099,0.693,68.3,6.5,0.634,-0.693,88.3,1,-1,0.66,0.3399999999999999,32,29,33,30,1,2,5.0,1.0,2.0,1.0,2.07,1.43,1.43,30.9,-7.044730056567741,15.272390415021288,32.532495204262005,32.15499673490007,13.638709580997332
FF,2024-04-07,91.2,2.45,5.71,"Ohtani, Shohei",660271,684007,field_out,hit_into_play,,,,,3.0,Shohei Ohtani pops out to third baseman Christopher Morel in foul territory.,R,L,L,CHC,LAD,X,5.0,popup,0,1,2024,0.85,1.69,0.4,3.04,,,,2,3,Top,78.51,168.31,,,,,-6.978267903766224,-132.5024086302978,-4.393395934747113,11.53472546161156,31.01776569803343,-11.584727852376949,3.51,1.62,147.0,76.6,63.0,90.7,2407.0,6.3,746895,665804,683737,663538,666624,621020,643565,641355,673548,54.2,0.016,0.017,0.0,1.0,0.0,0.0,3.0,24,2,4-Seam Fastball,4,0,0,4,0,4,0,4,Standard,Standard,149.0,0.006,-0.215,74.8,7.5,0.023,0.215,88.0,4,-4,0.888,0.1119999999999999,30,29,31,30,2,1,6.0,1.0,6.0,1.0,1.08,0.85,0.85,43.2,7.63876208987709,-3.877312686382771,29.782416188659266,36.72880004613373,26.24079517127287
FF,2024-04-07,97.0,-2.14,5.43,"Ohtani, Shohei",660271,694037,double,hit_into_play,,,,,6.0,Shohei Ohtani doubles (5) on a sharp line drive to center fielder Cody Bellinger. Mookie Betts scores.,R,L,R,CHC,LAD,X,8.0,line_drive,2,1,2024,-0.81,1.31,0.81,2.44,,,605141.0,2,8,Top,150.37,27.27,,,,,9.898920423560542,-140.94412186806835,-5.549163478306923,-12.8821316266495,29.175113142925543,-13.634819377200468,3.51,1.62,395.0,106.8,20.0,98.8,2133.0,7.2,746895,665804,683737,663538,666624,621020,643565,641355,673548,53.31,0.658290322580645,1.136,1.25,1.0,1.0,1.0,6.0,65,4,4-Seam Fastball,8,0,0,8,1,8,1,8,Infield shade,Standard,217.0,-0.001,0.829,78.1,7.3,2.112967741935484,-0.829,106.8,8,-8,0.999,0.001,24,29,24,30,1,3,,1.0,3.0,1.0,1.11,0.81,-0.81,37.7,7.332959916400047,2.6270743281587348,40.41260333021973,31.053286951685216,25.21181017894289
CU,2024-04-07,72.3,-1.5,5.93,"Ohtani, Shohei",660271,643410,triple,hit_into_play,,,,,5.0,Shohei Ohtani triples (1) on a sharp line drive to right fielder Seiya Suzuki.,R,L,R,CHC,LAD,X,9.0,line_drive,0,0,2024,0.89,-1.41,-0.08,2.25,,,,2,6,Top,161.64,65.48,,,,,1.322051396087566,-105.21298390417664,2.611539598191241,6.279441808623104,20.356519063148923,-43.29837666393922,3.51,1.62,279.0,107.9,16.0,72.0,2292.0,6.4,746895,665804,683737,663538,666624,621020,643565,641355,673548,54.13,0.458,0.651,1.6,1.0,1.0,2.0,6.0,47,1,Curveball,7,0,0,7,0,7,0,7,Standard,Standard,26.0,-0.003,0.655,78.8,7.9,1.131,-0.655,107.9,7,-7,0.992,0.008,33,29,33,30,1,2,1.0,1.0,2.0,1.0,5.82,-0.89,0.89,53.1,10.032482510635166,0.0046036488646211,39.284896689910944,41.33080908819943,27.415402379931844
SI,2024-04-06,91.3,2.26,5.89,"Ohtani, Shohei",660271,696136,single,hit_into_play,,,,,12.0,Shohei Ohtani singles on a line drive to left fielder Ian Happ. Austin Barnes to 2nd.,R,L,L,CHC,LAD,X,7.0,line_drive,1,0,2024,1.54,0.95,1.02,2.94,,,605131.0,1,5,Top,78.01,111.93,,,,,-6.445833533711669,-132.83146925036593,-3.590166379531608,19.58652428726506,29.71967337038266,-20.33085489397603,3.56,1.65,198.0,78.2,17.0,91.1,2150.0,6.3,746896,543228,683737,663538,663611,621020,664023,641355,673548,54.19,0.963,0.898,0.9,1.0,1.0,0.0,4.0,38,2,Sinker,0,0,0,0,0,0,0,0,Standard,Standard,141.0,-0.044,0.369,75.3,6.6,1.062,-0.369,88.0,0,0,0.492,0.508,24,29,25,30,3,2,6.0,1.0,6.0,1.0,1.79,1.54,1.54,44.5,-3.0148276419592825,9.443580171317084,35.689673436933305,30.199061484698067,20.964426731247332
FF,2024-04-06,92.0,1.9,6.07,"Ohtani, Shohei",660271,696136,field_out,hit_into_play,,,,,2.0,Shohei Ohtani flies out to center fielder Cody Bellinger.,R,L,L,CHC,LAD,X,8.0,fly_ball,3,2,2024,0.4,1.41,-0.21,3.25,,,,0,3,Top,126.27,74.4,,,,,-6.216963630321871,-133.81630551317443,-4.367090805775513,6.200727846960311,28.98305255833296,-14.463630665181372,3.56,1.65,310.0,95.1,37.0,91.9,2206.0,6.3,746896,543228,683737,663538,663611,621020,664023,641355,673548,54.22,0.061,0.105,0.0,1.0,0.0,0.0,3.0,23,7,4-Seam Fastball,0,0,0,0,0,0,0,0,Standard,Standard,168.0,0.031,-0.333,78.2,7.8,0.206,0.333,95.1,0,0,0.494,0.506,24,29,25,30,2,1,6.0,1.0,6.0,1.0,1.28,0.4,0.4,51.3,7.367183293460222,-8.771310664969304,25.079210398929412,44.44076608287259,28.295176707723392
ST,2024-04-06,81.9,2.69,6.04,"Ohtani, Shohei",660271,696136,single,hit_into_play,,,,,9.0,Shohei Ohtani singles on a sharp ground ball to right fielder Seiya Suzuki. Mookie Betts to 2nd.,R,L,L,CHC,LAD,X,9.0,ground_ball,1,2,2024,-1.22,-0.01,0.31,2.09,,,605141.0,0,1,Top,173.06,115.34,,,,,-3.0138232484298744,-119.1682158081412,-2.275388924153794,-10.87188190148285,25.688066775272333,-31.977282283359855,3.56,1.65,158.0,106.1,7.0,81.6,2733.0,6.4,746896,543228,683737,663538,663611,621020,664023,641355,673548,54.12,0.642,0.588,0.9,1.0,1.0,0.0,4.0,2,4,Sweeper,0,0,0,0,0,0,0,0,Infield shade,Standard,312.0,-0.063,0.506,,,0.72,-0.506,106.1,0,0,0.473,0.527,24,29,25,30,1,0,6.0,1.0,6.0,1.0,3.44,-1.22,-1.22,47.9,,,,,
CH,2024-04-05,79.4,-2.87,6.06,"Ohtani, Shohei",660271,543294,home_run,hit_into_play,,,,,8.0,Shohei Ohtani homers (2) on a fly ball to right field.    Mookie Betts scores.,R,L,R,CHC,LAD,X,,fly_ball,0,0,2024,-1.4,0.65,-0.09,2.2,,,605141.0,0,5,Top,233.57,91.74,,,,,8.55053160337769,-115.2460588223208,-2.7922399732354215,-14.148498835493625,23.03528193744027,-26.02344567907913,3.54,1.65,379.0,105.2,32.0,77.7,2104.0,5.4,746897,543228,683737,663538,663611,621020,664023,641355,673548,55.09,0.7837878787878786,1.5845454545454545,2.0,1.0,0.0,3.0,6.0,41,1,Changeup,6,2,2,6,4,6,4,6,Standard,Standard,231.0,-0.114,1.056,73.8,8.3,3.115636363636364,-1.056,105.2,4,-4,0.865,0.135,34,29,35,30,3,2,6.0,2.0,5.0,1.0,3.0,1.4,-1.4,42.3,20.08430711931142,-15.295300163694336,35.14212834888035,39.95158689492365,39.62909244800247
CH,2024-04-05,80.8,-2.82,6.12,"Ohtani, Shohei",660271,543294,field_out,hit_into_play,,,,,7.0,"Shohei Ohtani grounds out, first baseman Michael Busch to pitcher Kyle Hendricks.",R,L,R,CHC,LAD,X,3.0,ground_ball,1,2,2024,-1.35,0.78,-0.77,2.12,,,,0,3,Top,161.56,167.38,,,,,6.9643031483016085,-117.36654298204328,-3.609972230555841,-13.808240024911294,24.125959321212576,-24.469676708099097,3.54,1.65,9.0,83.1,-13.0,78.9,2114.0,5.2,746897,543228,683737,663538,663611,621020,664023,641355,673548,55.26,0.095,0.091,0.0,1.0,0.0,0.0,2.0,24,4,Changeup,5,2,2,5,2,5,2,5,Standard,Standard,232.0,0.017,-0.186,71.0,8.6,0.111,0.186,88.0,3,-3,0.799,0.2009999999999999,34,29,35,30,2,1,6.0,2.0,5.0,1.0,2.75,1.35,-1.35,42.5,13.77918524860771,-12.661725540557413,30.35272885562241,48.42247137432474,34.83587654792622
KC,2024-04-05,80.8,1.48,6.55,"Ohtani, Shohei",660271,592767,field_out,hit_into_play,,,,,8.0,Shohei Ohtani lines out to center fielder Cody Bellinger.,R,L,L,CHC,LAD,X,8.0,line_drive,1,1,2024,0.18,-0.01,0.12,2.03,,,,0,7,Top,119.43,85.94,,,,,-3.32902910679159,-117.65516226987592,-3.387937087177148,2.2704208277071096,22.790446303032383,-31.7898005023295,3.54,1.65,284.0,99.2,16.0,80.0,1822.0,5.8,746897,543228,683737,663538,663611,621020,664023,641355,673548,54.75,0.589,0.607,0.0,1.0,0.0,0.0,4.0,59,3,Knuckle Curve,9,5,5,9,5,9,5,9,Standard,Standard,4.0,0.014,-0.243,70.7,7.8,0.84,0.243,99.2,4,-4,0.942,0.058,35,29,35,30,1,3,4.0,2.0,4.0,1.0,3.5,0.18,0.18,49.9,6.48394981408904,4.319975973398639,36.44390436664581,39.578359191864635,25.458915436200215
SL,2024-04-05,84.6,-1.67,6.19,"Ohtani, Shohei",660271,657240,field_out,hit_into_play,,,,,3.0,Shohei Ohtani flies out sharply to center fielder Cody Bellinger.,R,L,R,CHC,LAD,X,8.0,fly_ball,3,2,2024,-0.13,-0.23,0.28,2.96,,621035.0,,2,8,Top,134.13,57.5,,,,,4.8280369492901025,-123.25406718439312,-0.8295245359786183,-2.204378825090415,21.513016151203853,-34.548068507985334,3.54,1.65,351.0,110.2,36.0,85.4,2155.0,6.5,746897,543228,683737,663538,663611,621020,664023,641355,673548,54.04,0.8347142857142857,1.704857142857143,0.0,1.0,0.0,0.0,6.0,72,6,Slider,9,7,7,9,7,9,7,9,Standard,Standard,23.0,0.048,-0.298,73.2,7.2,3.351,0.298,110.2,2,-2,0.89,0.1099999999999999,32,29,33,30,1,4,2.0,2.0,109.0,1.0,3.37,0.13,-0.13,58.5,2.775832804191291,11.090093683385652,33.75338043299261,35.06336170885302,31.674934338469303
SI,2024-04-05,88.2,-2.82,6.0,"Ohtani, Shohei",660271,543294,double,hit_into_play,,,,,7.0,Shohei Ohtani doubles (4) on a sharp line drive to left fielder Ian Happ.,R,L,R,CHC,LAD,X,7.0,line_drive,1,1,2024,-1.16,0.74,-0.43,1.8,,,,1,1,Top,75.57,65.39,,,,,8.083591716585023,-128.1199165021644,-5.608921451759295,-14.415456007932104,24.66744213856176,-23.017796102182043,3.54,1.65,304.0,106.1,12.0,87.0,2015.0,5.5,746897,543228,683737,663538,663611,621020,664023,641355,673548,55.0,0.942,0.973,1.25,1.0,1.0,1.0,4.0,2,3,Sinker,0,0,0,0,0,0,0,0,Infield shade,Standard,215.0,-0.042,0.669,75.1,7.7,1.296,-0.669,106.1,0,0,0.523,0.477,34,29,35,30,1,0,6.0,2.0,5.0,1.0,2.18,1.16,-1.16,43.5,-2.5031657516256622,10.769029748465988,38.004640938085366,44.46890679877462,21.05286549497451
FF,2024-04-03,93.9,1.89,5.11,"Ohtani, Shohei",660271,690986,field_out,hit_into_play,,,,,2.0,Shohei Ohtani lines out to left fielder Michael Conforto.,R,L,L,LAD,SF,X,7.0,line_drive,1,2,2024,1.12,1.46,-0.23,3.01,,,605141.0,2,4,Bot,80.02,85.33,,,,,-8.03683424170543,-136.5391199016501,-2.9577636480387905,15.81032504174748,29.938457077482695,-13.432485210132048,3.55,1.65,305.0,93.5,20.0,94.4,2300.0,6.6,746163,672275,664774,642731,656305,605113,624424,808982,573262,53.9,0.316,0.353,0.0,1.0,0.0,0.0,4.0,35,6,4-Seam Fastball,4,1,4,1,1,4,4,1,Strategic,Standard,134.0,-0.008,-0.197,72.6,7.2,0.519,0.197,93.5,3,3,0.844,0.844,22,29,23,30,3,2,5.0,1.0,6.0,2.0,1.13,1.12,1.12,33.7,-1.8918998277463008,1.8591187092587889,31.082886587089845,41.288397991370765,19.269758956539405
FF,2024-04-03,92.9,1.8,5.07,"Ohtani, Shohei",660271,690986,single,hit_into_play,,,,,12.0,Shohei Ohtani singles on a ground ball to first baseman LaMonte Wade Jr.,R,L,L,LAD,SF,X,3.0,ground_ball,1,0,2024,1.07,1.23,1.09,3.32,,,,0,3,Bot,156.45,150.06,,,,,-4.204116545883498,-135.1959447175785,-1.3917185009805997,14.097169460336625,29.905913379780177,-17.070014627203363,3.55,1.65,103.0,69.7,10.0,93.6,2220.0,6.7,746163,672275,664774,642731,656305,605113,624424,808982,573262,53.77,0.287,0.307,0.9,1.0,1.0,0.0,2.0,21,2,4-Seam Fastball,1,1,1,1,1,1,1,1,Strategic,Standard,127.0,0.036,0.41,74.9,6.7,0.334,-0.41,88.0,0,0,0.559,0.559,22,29,23,30,2,1,5.0,1.0,6.0,2.0,1.42,1.07,1.07,29.1,7.541350155984888,0.8813240122106446,33.4048555840124,24.582887634287783,26.220816263253795
SI,2024-04-03,93.2,1.64,5.64,"Ohtani, Shohei",660271,573124,home_run,hit_into_play,,,,,1.0,Shohei Ohtani homers (1) on a fly ball to right center field.,R,L,L,LAD,SF,X,,fly_ball,3,1,2024,1.22,0.68,-0.5,3.12,,,,2,7,Bot,173.7,31.3,,,,,-8.065121146228803,-135.56460378953088,-2.183006266644828,16.811056353722645,28.65918950521356,-23.52554976768972,3.55,1.65,430.0,105.6,24.0,92.3,2066.0,5.7,746163,672275,664774,642731,656305,605113,624424,808982,573262,54.82,0.8029701492537311,2.0,2.0,1.0,0.0,3.0,6.0,57,5,Sinker,4,3,4,3,3,5,5,3,Strategic,Standard,134.0,0.109,2.436,74.4,8.3,3.0156567164179107,-2.436,105.6,1,1,0.759,0.759,33,29,34,30,1,3,1.0,1.0,5.0,2.0,1.94,1.22,1.22,29.5,14.701242379534667,-7.021472368202382,27.825950964783015,44.19751534349986,28.57951842847494
SI,2024-04-02,91.3,-1.15,5.02,"Ohtani, Shohei",660271,657277,field_out,hit_into_play,,,,,5.0,Shohei Ohtani flies out to center fielder Jung Hoo Lee.,R,L,R,LAD,SF,X,8.0,fly_ball,0,1,2024,-1.17,0.16,0.1,2.7,,,,1,3,Bot,96.58,70.65,,,,,5.777750758699761,-132.86813814465623,-0.2855167541621023,-15.126470539075198,28.03980208522885,-30.440560177196165,3.53,1.65,327.0,92.7,35.0,93.0,1891.0,7.3,746169,672275,527038,642731,656305,605113,624424,808982,573262,53.22,0.149,0.288,0.0,1.0,0.0,0.0,3.0,25,2,Sinker,2,2,2,2,2,2,2,2,Standard,Standard,240.0,-0.015,-0.219,,,0.568,0.219,92.7,0,0,0.527,0.527,27,29,28,30,2,1,5.0,1.0,5.0,1.0,2.57,1.17,-1.17,23.8,,,,,
SI,2024-04-02,92.7,1.88,5.71,"Ohtani, Shohei",660271,573124,field_out,hit_into_play,,,,,1.0,"Shohei Ohtani grounds out, second baseman Thairo Estrada to first baseman Wilmer Flores.",R,L,L,LAD,SF,X,4.0,ground_ball,0,0,2024,1.48,0.83,-0.43,3.32,,681546.0,666158.0,2,6,Bot,155.08,146.28,,,,,-9.046904769554,-134.6780607083737,-2.0832310824131026,19.98511610785874,29.398767577548018,-21.860405884655854,3.53,1.65,8.0,95.1,-22.0,91.8,2036.0,5.9,746169,672275,527038,642731,656305,605113,624424,808982,596103,54.63,0.142,0.151,0.0,1.0,0.0,0.0,2.0,55,1,Sinker,5,4,5,4,4,5,5,4,Standard,Standard,128.0,-0.042,-0.28,,,0.162,0.28,95.1,1,1,0.734,0.734,33,29,34,30,1,3,3.0,1.0,1.0,1.0,1.84,1.48,1.48,30.5,,,,,
FS,2024-04-01,88.6,-1.55,6.02,"Ohtani, Shohei",660271,676775,field_out,hit_into_play,,,,,11.0,Shohei Ohtani flies out to left fielder Michael Conforto.,R,L,R,LAD,SF,X,7.0,fly_ball,3,2,2024,-0.6,-0.17,-1.12,2.85,,,,2,5,Bot,45.24,95.66,,,,,2.3109416673486938,-129.08718496303553,-1.400234845040728,-7.174631270681096,23.91579167324071,-34.04982960009246,3.54,1.66,324.0,95.6,37.0,89.1,1486.0,6.3,746170,608596,527038,642731,656305,605113,624424,808982,596103,54.24,0.082,0.144,0.0,1.0,0.0,0.0,3.0,43,9,Split-Finger,3,0,3,0,0,3,3,0,Standard,Standard,250.0,-0.006,-0.325,,,0.28,0.325,95.6,3,3,0.869,0.869,26,29,26,30,3,2,,1.0,5.0,1.0,3.04,0.6,-0.6,41.4,,,,,
FS,2024-04-01,88.7,-1.52,5.95,"Ohtani, Shohei",660271,676775,double,hit_into_play,,,,,8.0,Shohei Ohtani doubles (3) on a ground ball to right fielder Austin Slater. Mookie Betts to 3rd.,R,L,R,LAD,SF,X,9.0,ground_ball,2,0,2024,-1.01,0.46,-0.07,1.88,,,605141.0,1,3,Bot,193.88,137.73,,,,,5.625549078485101,-129.03451796170023,-4.871896894274007,-12.403991126184229,26.13605249665787,-26.177658745783393,3.54,1.66,87.0,98.9,4.0,88.7,1643.0,6.2,746170,608596,527038,642731,656305,605113,624424,808982,596103,54.27,0.505,0.47,1.25,1.0,1.0,1.0,4.0,25,3,Split-Finger,1,0,1,0,0,1,1,0,Standard,Standard,241.0,0.067,0.719,,,0.574,-0.719,98.9,1,1,0.681,0.681,26,29,26,30,2,1,,1.0,5.0,1.0,2.43,1.01,-1.01,40.0,,,,,
FS,2024-04-01,90.5,-1.45,6.03,"Ohtani, Shohei",660271,676775,field_out,hit_into_play,,,,,7.0,"Shohei Ohtani grounds out sharply, second baseman Thairo Estrada to first baseman Wilmer Flores. Mookie Betts scores.",R,L,R,LAD,SF,X,4.0,ground_ball,1,1,2024,-1.22,-0.17,-0.34,2.03,605141.0,,,0,1,Bot,151.03,151.22,,,,,5.3579937632300325,-131.78027402665268,-3.735183977426161,-15.355816517932311,26.80639651781504,-33.541886436884035,3.54,1.66,61.0,108.8,2.0,90.7,1687.0,6.3,746170,608596,527038,642731,656305,605113,624424,808982,596103,54.24,0.547,0.494,0.0,1.0,0.0,0.0,4.0,7,3,Split-Finger,0,0,0,0,0,1,1,0,Standard,Standard,243.0,-0.003,-0.224,,,0.592,0.224,108.8,0,0,0.629,0.629,26,29,26,30,1,0,,1.0,5.0,1.0,2.94,1.22,-1.22,36.5,,,,,
CH,2024-03-31,83.4,1.55,5.55,"Ohtani, Shohei",660271,571927,double,hit_into_play,,,,,2.0,Shohei Ohtani hits a ground-rule double (2) on a line drive to right field.,R,L,L,LAD,STL,X,,line_drive,0,1,2024,1.14,0.4,0.24,3.1,,,,0,6,Bot,214.04,108.74,,,,,-5.26077821877852,-121.4386998433612,0.0049791812933572,12.294409131253753,23.205535463945107,-28.446192704651924,3.54,1.67,310.0,115.8,16.0,83.9,2217.0,6.5,746166,575929,502671,669357,571448,691026,680977,687363,691023,54.0,0.597,0.93775,1.25,1.0,1.0,1.0,6.0,50,2,Changeup,0,4,0,4,4,0,0,4,Infield shade,Standard,94.0,0.052,0.73,,,1.6885,-0.73,115.8,-4,-4,0.095,0.095,33,29,33,30,3,2,,1.0,6.0,1.0,2.87,1.14,1.14,34.4,,,,,
FF,2024-03-31,96.1,-2.02,6.02,"Ohtani, Shohei",660271,669467,field_out,hit_into_play,,,,,5.0,Shohei Ohtani grounds out to pitcher Andre Pallante.,R,L,R,LAD,STL,X,1.0,ground_ball,2,2,2024,-0.11,0.72,0.07,2.71,,,,2,7,Bot,140.16,181.08,,,,,5.827533568515157,-139.8260923382604,-4.8387835832514705,-2.6741680855542858,30.316782528290965,-21.888285316019605,3.54,1.67,2.0,77.4,-51.0,96.7,2158.0,6.6,746166,575929,502671,669357,571448,691026,680977,687363,672279,53.93,0.232,0.225,0.0,1.0,0.0,0.0,2.0,63,6,4-Seam Fastball,2,4,2,4,4,2,2,4,Infield shade,Standard,184.0,-0.014,-0.219,,,0.251,0.219,88.0,-2,-2,0.152,0.152,25,29,26,30,1,3,3.0,1.0,3.0,1.0,1.74,0.11,-0.11,57.4,,,,,
FF,2024-03-30,91.1,-1.71,6.74,"Ohtani, Shohei",660271,606149,field_out,hit_into_play,,,,,6.0,Shohei Ohtani pops out to shortstop Brandon Crawford.,R,L,R,LAD,STL,X,6.0,popup,2,1,2024,-0.56,1.59,0.36,2.84,621035.0,666158.0,605141.0,2,10,Bot,111.28,119.76,,,,,6.25577795947645,-132.43356452185395,-7.16874175675311,-7.879436929321078,28.123708442109724,-12.137233924566369,3.5,1.63,181.0,103.7,61.0,89.3,2339.0,5.2,746168,671056,502671,669357,571448,543063,680977,687363,672279,55.26,0.005,0.005,0.0,1.0,0.0,0.0,3.0,88,4,4-Seam Fastball,5,6,5,6,6,5,5,6,Standard,Standard,200.0,-0.32,-0.314,,,0.009,0.314,103.7,-1,-1,0.32,0.32,32,29,33,30,1,5,1.0,1.0,3.0,1.0,1.16,0.56,-0.56,57.9,,,,,
CH,2024-03-30,85.3,-3.35,5.48,"Ohtani, Shohei",660271,458681,single,hit_into_play,,,,,4.0,Shohei Ohtani singles on a sharp line drive to right fielder Alec Burleson.   Mookie Betts to 2nd.,R,L,R,LAD,STL,X,9.0,line_drive,2,1,2024,-1.35,0.59,-0.34,2.54,,,605141.0,0,1,Bot,177.11,106.81,,,,,9.836720475193127,-123.87519573143244,-1.782526720638841,-15.859074475473363,24.767359330991837,-25.89356471570162,3.5,1.63,202.0,113.9,11.0,85.6,1713.0,6.6,746168,671056,502671,669357,571448,543063,680977,687363,676475,53.89,0.863,0.931,0.9,1.0,1.0,0.0,6.0,5,4,Changeup,0,0,0,0,0,0,0,0,Infield shade,Standard,229.0,0.048,0.414,,,1.283,-0.414,113.9,0,0,0.588,0.588,37,29,37,30,1,0,,1.0,5.0,1.0,2.55,1.35,-1.35,29.2,,,,,
SL,2024-03-30,85.6,1.65,5.49,"Ohtani, Shohei",660271,668941,field_out,hit_into_play,,,,,13.0,Shohei Ohtani flies out to right fielder Michael Siani.,R,L,L,LAD,STL,X,9.0,fly_ball,1,2,2024,-0.49,0.35,-1.41,2.43,,605141.0,,0,7,Bot,199.96,105.57,,,,,-6.131078874644348,-124.58447019283308,-1.6560893623628936,-3.963641063496491,24.36833869082861,-28.441300855134457,3.5,1.63,217.0,69.5,40.0,84.5,2605.0,5.5,746168,671056,502671,669357,571448,543063,680977,687363,672279,55.01,0.445,0.448,0.0,1.0,0.0,0.0,3.0,59,4,Slider,2,5,2,5,5,2,2,5,Standard,Standard,311.0,-0.04,-0.194,,,0.538,0.194,88.0,-3,-3,0.186,0.186,27,29,28,30,1,3,1.0,1.0,2.0,1.0,2.76,-0.49,-0.49,38.9,,,,,
SL,2024-03-29,81.9,0.78,5.93,"Ohtani, Shohei",660271,668868,grounded_into_double_play,hit_into_play,,,,,2.0,"Shohei Ohtani grounds into a double play, second baseman Nolan Gorman to shortstop Masyn Winn to first baseman Paul Goldschmidt.   Miguel Rojas to 3rd.    Mookie Betts out at 2nd.    Shohei Ohtani out at 1st.",R,L,L,LAD,STL,X,4.0,ground_ball,2,1,2024,-0.12,-0.41,-0.08,3.01,,500743.0,605141.0,0,5,Bot,150.78,158.39,,,,,-1.7123093259933748,-119.2860292725904,0.7385569397276102,-0.8302748075226857,21.820384439983226,-36.455440121641395,3.5,1.63,13.0,81.3,-12.0,82.7,2213.0,6.6,746167,575929,502671,669357,571448,691026,680977,687363,691023,53.86,0.076,0.069,0.0,1.0,0.0,0.0,2.0,36,4,Slider,5,0,5,0,0,5,5,0,Standard,Standard,310.0,-0.015,-0.359,,,0.084,0.359,88.0,5,5,0.974,0.974,26,29,27,30,3,2,,1.0,5.0,1.0,3.79,-0.12,-0.12,55.1,,,,,
SL,2024-03-29,84.5,0.65,5.85,"Ohtani, Shohei",660271,668868,field_out,hit_into_play,,,,,11.0,Shohei Ohtani flies out to left fielder Brendan Donovan.,R,L,L,LAD,STL,X,7.0,fly_ball,0,1,2024,-0.15,0.26,-0.84,2.97,,,,2,3,Bot,82.6,91.58,,,,,-3.1896973633738943,-123.2161866322812,-0.9430079123375844,-0.97143010616071,22.06948691015555,-29.58025949346384,3.5,1.63,289.0,89.2,36.0,85.6,2072.0,6.7,746167,575929,502671,669357,571448,691026,680977,687363,691023,53.81,0.011,0.009,0.0,1.0,0.0,0.0,3.0,20,2,Slider,2,0,2,0,0,2,2,0,Infield shade,Standard,178.0,-0.007,-0.215,,,0.016,0.215,89.2,2,2,0.736,0.736,26,29,27,30,2,1,,1.0,5.0,1.0,2.9,-0.15,-0.15,61.1,,,,,
SL,2024-03-29,82.7,0.45,5.98,"Ohtani, Shohei",660271,668868,field_out,hit_into_play,,,,,7.0,Shohei Ohtani lines out to second baseman Nolan Gorman.,R,L,L,LAD,STL,X,4.0,line_drive,2,2,2024,-0.29,-0.18,-0.49,1.84,,,,0,1,Bot,153.35,146.41,,,,,-1.565527444423295,-120.59667302776566,-2.681504457311636,-2.606546645647042,21.088287490010643,-33.64165078342647,3.5,1.63,153.0,88.5,10.0,83.2,2079.0,6.3,746167,575929,502671,669357,571448,691026,680977,687363,691023,54.24,0.561,0.505,0.0,1.0,0.0,0.0,4.0,5,5,Slider,1,0,1,0,0,1,1,0,Infield shade,Standard,287.0,-0.017,-0.227,,,0.607,0.227,88.5,1,1,0.643,0.643,26,29,27,30,1,0,,1.0,5.0,1.0,3.47,-0.29,-0.29,56.8,,,,,
SL,2024-03-28,87.0,-2.6,6.61,"Ohtani, Shohei",660271,571945,single,hit_into_play,,,,,8.0,Shohei Ohtani singles on a sharp ground ball to right fielder Jordan Walker.,R,L,R,LAD,STL,X,9.0,ground_ball,2,1,2024,0.35,0.43,0.03,1.99,,,,1,5,Bot,154.08,104.24,,,,,5.484512103845429,-126.45003715963976,-5.631211634624895,2.582863476340824,27.44095483015996,-26.618604005766937,3.48,1.61,121.0,113.0,7.0,85.2,2211.0,5.3,746165,575929,502671,669357,571448,691026,680977,687363,691023,55.17,0.768,0.747,0.9,1.0,1.0,0.0,5.0,39,4,Slider,5,1,5,1,1,5,5,1,Strategic,Standard,205.0,0.006,0.375,,,0.94,-0.375,113.0,4,4,0.926,0.926,35,29,36,30,3,2,,7.0,5.0,1.0,2.61,-0.35,0.35,47.2,,,,,
CH,2024-03-28,86.9,-2.55,6.48,"Ohtani, Shohei",660271,571945,double,hit_into_play,,,,,7.0,"Shohei Ohtani doubles (1) on a line drive to right fielder Jordan Walker. Shohei Ohtani out at 3rd on the throw, right fielder Jordan Walker to first baseman Paul Goldschmidt to shortstop Masyn Winn. Mookie Betts to 3rd.",R,L,R,LAD,STL,X,9.0,line_drive,1,2,2024,-1.26,0.73,-0.62,1.59,,,605141.0,0,1,Bot,198.8,121.44,,,,,7.125799837365155,-126.37579973012122,-7.0126220325386255,-14.88899652845966,23.538942589100735,-23.160411591716827,3.48,1.61,218.0,91.5,15.0,86.4,1599.0,5.8,746165,575929,502671,669357,571448,691026,680977,687363,691023,54.67,0.916,0.869,1.25,1.0,1.0,1.0,4.0,6,4,Changeup,0,0,0,0,0,0,0,0,Infield shade,Standard,229.0,0.02,0.79,,,1.079,-0.79,91.5,0,0,0.575,0.575,35,29,36,30,1,0,,7.0,5.0,1.0,2.27,1.26,-1.26,43.7,,,,,
SI,2024-03-25,93.3,1.4,6.15,"Ohtani, Shohei",660271,672282,field_out,hit_into_play,,,,,3.0,"Shohei Ohtani grounds out, shortstop Zach Neto to first baseman Nolan Schanuel.",S,L,L,LAD,LAA,X,6.0,ground_ball,0,0,2024,1.04,1.25,0.59,3.34,,,,0,3,Bot,127.24,128.64,,,,,-4.372053101444841,-135.74587742053302,-4.184422977671517,13.840002174998878,32.33073937990346,-15.99837360190722,3.39,1.46,52.0,82.7,1.0,92.8,2074.0,6.2,747811,681351,694384,592273,593934,687263,621493,545361,543305,54.32,0.226,,0.0,,0.0,0.0,2.0,24,1,Sinker,0,4,0,4,4,0,0,4,Infield shade,Standard,144.0,-0.02,-0.254,,,0.261,0.254,88.0,-4,-4,0.164,0.164,24,29,25,30,2,1,,,,,1.38,1.04,1.04,,,,,,
SL,2024-03-25,85.6,1.52,6.12,"Ohtani, Shohei",660271,672282,field_out,hit_into_play,,,,,3.0,"Shohei Ohtani grounds out, third baseman Miguel Sanó to first baseman Nolan Schanuel.",S,L,L,LAD,LAA,X,5.0,ground_ball,1,2,2024,0.04,-0.28,0.36,2.94,,,,1,1,Bot,99.53,140.38,,,,,-2.833751851174243,-124.69490368529073,-0.6657245336290232,0.9969345624679884,25.605740105498548,-35.19516299566588,3.39,1.46,99.0,91.9,5.0,85.5,2045.0,6.2,747811,681351,694384,592273,593934,687263,621493,545361,543305,54.3,0.511,,0.0,,0.0,0.0,4.0,5,4,Slider,0,0,0,0,0,0,0,0,Infield shade,Standard,298.0,-0.012,-0.182,,,0.597,0.182,91.9,0,0,0.522,0.522,24,29,25,30,1,0,,,,,3.39,0.04,0.04,,,,,,
,2024-03-24,,,,"Ohtani, Shohei",660271,656288,field_out,hit_into_play,,,,,,Shohei Ohtani flies out to left fielder Taylor Ward.,S,L,R,LAD,LAA,X,7.0,fly_ball,1,0,2024,,,,,,,,1,1,Bot,64.9,96.91,,,,,,,,,,,,,,,,,,,747822,681351,592273,650859,543685,687263,621493,545361,543305,,,,0.0,,0.0,0.0,,5,2,,0,0,0,0,0,0,0,0,,,,-0.019,-0.295,,,,0.295,,0,0,0.529,0.529,28,29,28,30,1,0,,,,,,,,,,,,,
CH,2024-03-21,87.8,-1.58,6.32,"Ohtani, Shohei",660271,605397,sac_fly,hit_into_play,,,,,4.0,Shohei Ohtani out on a sacrifice fly to right fielder Fernando Tatis Jr. Gavin Lux scores. Mookie Betts to 3rd.,R,L,R,LAD,SD,X,9.0,fly_ball,1,0,2024,-1.31,0.06,-0.79,2.73,666158.0,605141.0,,1,2,Bot,204.41,77.97,,,,,4.2830086,-127.29117,-2.6328838,-14.008698,29.976826,-30.727274,3.48,1.61,357.0,98.5,32.0,85.7,1959.0,5.5,746175,669134,630105,593428,642180,673490,595777,701538,665487,55.05,0.3965652173913043,0.7835652173913045,0.0,1.0,0.0,0.0,5.0,25,2,Changeup,1,5,1,5,5,2,2,5,,,272.0,-0.017,-0.256,,,1.541130434782609,0.256,98.5,-4,-4,0.256,0.256,31,29,32,30,2,1,,1.0,8.0,7.0,3.06,1.31,-1.31,,,,,,
CH,2024-03-21,87.3,-2.87,5.49,"Ohtani, Shohei",660271,650633,field_out,hit_into_play,,,,,7.0,Shohei Ohtani lines out sharply to right fielder Fernando Tatis Jr.,R,L,R,LAD,SD,X,9.0,line_drive,1,2,2024,-1.67,0.59,-0.6,2.03,,,,1,5,Bot,177.55,62.15,,,,,8.560544,-126.451485,-3.3063288,-18.648127,27.445969,-25.243416,3.48,1.61,372.0,102.4,20.0,86.2,2186.0,6.0,746175,669134,630105,593428,642180,673490,595777,701538,665487,54.55,0.3620625,0.5503125,0.0,1.0,0.0,0.0,5.0,60,4,Changeup,8,10,8,10,10,8,8,10,,,254.0,-0.017,-0.182,,,0.9841875,0.182,102.4,-2,-2,0.252,0.252,29,29,29,30,1,3,,1.0,10.0,7.0,2.49,1.67,-1.67,,,,,,
ST,2024-03-21,78.2,2.67,4.71,"Ohtani, Shohei",660271,676680,field_out,hit_into_play,,,,,8.0,"Shohei Ohtani grounds out softly, pitcher Tom Cosgrove to first baseman Jake Cronenworth.",R,L,L,LAD,SD,X,1.0,ground_ball,2,2,2024,-1.8,0.41,-0.21,2.13,,605141.0,,2,3,Bot,124.92,193.4,,,,,-3.165666,-113.221306,0.62002957,-13.166316,23.949785,-28.952908,3.48,1.61,2.0,49.4,-54.0,75.4,2757.0,4.9,746175,669134,630105,593428,642180,673490,595777,701538,665487,55.61,0.242,0.233,0.0,1.0,0.0,0.0,1.0,42,6,Sweeper,6,9,6,9,9,6,6,9,,,262.0,-0.028,-0.248,,,0.258,0.248,88.0,-3,-3,0.214,0.214,28,29,28,30,1,2,1.0,1.0,7.0,7.0,3.61,-1.8,-1.8,,,,,,
FC,2024-03-21,89.9,-1.35,6.56,"Ohtani, Shohei",660271,605397,single,hit_into_play,,,,,5.0,Shohei Ohtani singles on a sharp line drive to right fielder Fernando Tatis Jr.,R,L,R,LAD,SD,X,9.0,line_drive,0,0,2024,0.26,0.7,0.22,2.8,,,,1,1,Bot,159.16,127.77,,,,,3.3337336,-130.38747,-4.669052,2.0520866,28.454338,-23.553064,3.48,1.61,201.0,108.7,12.0,88.1,2648.0,5.4,746175,669134,630105,593428,642180,673490,595777,701538,665487,55.11,0.884,0.918,0.9,1.0,1.0,0.0,5.0,11,1,Cutter,0,5,0,5,5,0,0,5,,,156.0,0.017,0.422,,,1.255,-0.422,108.7,-5,-5,0.125,0.125,31,29,32,30,1,0,,1.0,8.0,7.0,2.25,-0.26,0.26,,,,,,
CH,2024-03-21,90.1,-1.29,6.02,"Ohtani, Shohei",660271,663158,field_out,hit_into_play,,,,,5.0,"Shohei Ohtani grounds out, first baseman Jake Cronenworth to pitcher Robert Suarez.",R,L,R,LAD,SD,X,3.0,ground_ball,0,0,2024,-1.47,0.73,0.03,2.5,,605141.0,,2,8,Bot,160.36,163.02,,,,,6.2320213,-130.78688,-4.294475,-17.467772,29.262217,-22.970652,3.48,1.61,29.0,81.2,-2.0,89.8,2010.0,6.4,746175,669134,630105,593428,666703,673490,640492,701538,665487,54.11,0.139,0.15,0.0,1.0,0.0,0.0,2.0,93,1,Changeup,11,12,11,12,12,11,11,12,,,247.0,-0.102,-0.3,,,0.153,0.3,88.0,-1,-1,0.267,0.267,33,29,33,30,1,5,,1.0,7.0,7.0,2.1,1.47,-1.47,,,,,,
FS,2024-03-21,85.3,2.14,6.1,"Ohtani, Shohei",660271,673513,field_out,hit_into_play,,,,,8.0,Shohei Ohtani flies out sharply to right fielder Fernando Tatis Jr.,R,L,L,LAD,SD,X,9.0,fly_ball,0,0,2024,0.1,0.82,-0.02,1.89,,,605141.0,1,7,Bot,174.74,52.8,,,,,-5.12727,-123.46817,-4.973855,2.0832741,26.762182,-23.24138,3.48,1.61,382.0,100.3,31.0,83.0,1139.0,5.2,746175,669134,630105,593428,666703,673490,640492,701538,665487,55.27,0.4855000000000001,0.950714285714286,0.0,1.0,0.0,0.0,6.0,81,1,Split-Finger,8,12,8,12,12,8,8,12,,,172.0,-0.023,-0.255,,,1.8626904761904763,0.255,100.3,-4,-4,0.073,0.073,28,29,29,30,1,4,1.0,1.0,7.0,7.0,2.5,0.1,0.1,,,,,,
SI,2024-03-20,94.7,-2.21,5.6,"Ohtani, Shohei",660271,506433,single,hit_into_play,,,,,11.0,Shohei Ohtani singles on a sharp line drive to right fielder Fernando Tatis Jr.,R,L,R,SD,LAD,X,9.0,line_drive,2,2,2024,-1.43,0.96,-0.47,3.6,,,,2,3,Top,167.19,123.88,,,,,7.4484677,-137.33353,-1.5565683,-18.750774,32.209633,-20.221624,3.48,1.61,220.0,112.3,11.0,93.6,2322.0,5.9,745444,669134,630105,593428,642180,673490,595777,701538,665487,54.56,0.866,0.909,0.9,1.0,1.0,0.0,5.0,18,5,Sinker,0,0,0,0,0,0,0,0,,,239.0,-0.014,0.37,,,1.246,-0.37,112.3,0,0,0.544,0.4559999999999999,37,29,38,30,2,1,,,8.0,1.0,1.65,1.43,-1.43,,,,,,
SI,2024-03-20,91.7,2.48,5.0,"Ohtani, Shohei",660271,676680,force_out,hit_into_play,,,,,14.0,"Shohei Ohtani grounds into a force out, third baseman Tyler Wade to shortstop Ha-Seong Kim. Mookie Betts out at 2nd. Shohei Ohtani to 1st.",R,L,L,SD,LAD,X,5.0,ground_ball,1,0,2024,1.69,0.09,0.86,2.47,,,605141.0,0,5,Top,112.26,161.51,,,,,-7.3374896,-132.71802,-0.66005903,20.103981,34.29051,-30.659525,3.48,1.61,11.0,89.5,-12.0,89.7,2312.0,5.8,745444,669134,630105,593428,642180,673490,595777,701538,665487,54.7,0.116,0.108,0.0,1.0,0.0,0.0,2.0,37,2,Sinker,2,1,1,2,1,2,1,2,,,89.0,0.057,-0.394,,,0.126,0.394,89.5,1,-1,0.577,0.423,28,29,28,30,1,2,,,1.0,1.0,2.75,1.69,1.69,,,,,,
CH,2024-03-20,91.1,-2.05,5.58,"Ohtani, Shohei",660271,506433,force_out,hit_into_play,,,,,4.0,"Shohei Ohtani grounds into a force out, shortstop Ha-Seong Kim to second baseman Xander Bogaerts. Mookie Betts out at 2nd. Shohei Ohtani to 1st.",R,L,R,SD,LAD,X,6.0,ground_ball,2,1,2024,-1.33,0.22,-0.8,2.82,,,605141.0,0,1,Top,116.82,150.37,,,,,5.7089796,-132.28339,-1.5654658,-15.793567,28.176693,-29.133963,3.48,1.61,11.0,77.9,-13.0,90.1,1502.0,5.8,745444,669134,630105,593428,642180,673490,595777,701538,665487,54.72,0.05,0.064,0.0,1.0,0.0,0.0,2.0,2,4,Changeup,0,0,0,0,0,0,0,0,,,264.0,0.039,-0.388,,,0.051,0.388,88.0,0,0,0.459,0.5409999999999999,37,29,38,30,1,0,,,8.0,1.0,2.6,1.33,-1.33,,,,,,
CH,2024-03-20,86.3,1.98,5.92,"Ohtani, Shohei",660271,593974,field_out,hit_into_play,,,,,9.0,"Shohei Ohtani grounds out softly, pitcher Wandy Peralta to first baseman Jake Cronenworth.",R,L,L,SD,LAD,X,1.0,ground_ball,1,1,2024,1.48,0.5,0.43,1.78,,,,1,7,Top,139.1,189.86,,,,,-6.2363453,-124.90988,-4.4295897,15.4831705,28.389593,-26.185154,3.48,1.61,,82.9,-21.0,83.8,2172.0,5.2,745444,669134,630105,593428,642180,673490,595777,701538,665487,55.28,0.071,0.065,0.0,1.0,0.0,0.0,2.0,52,3,Changeup,2,1,1,2,1,2,1,2,,,104.0,0.03,-0.243,,,0.088,0.243,88.0,1,-1,0.738,0.262,32,29,33,30,1,3,,,11.0,1.0,2.76,1.48,1.48,,,,,,
SI,2024-03-20,98.3,2.57,6.01,"Ohtani, Shohei",660271,670970,single,hit_into_play,,,,,14.0,Shohei Ohtani singles on a line drive to left fielder José Azocar. Gavin Lux scores. Mookie Betts to 2nd.,R,L,L,SD,LAD,X,7.0,line_drive,0,0,2024,1.41,1.33,1.17,2.17,,666158.0,605141.0,1,8,Top,101.18,118.68,,,,,-6.6726804,-142.14902,-7.623048,19.184196,37.687336,-13.341758,3.48,1.61,215.0,74.6,22.0,96.0,2571.0,5.7,745444,669134,630105,593428,642180,673490,640492,701538,665487,54.83,0.971,0.899,0.9,1.0,1.0,0.0,4.0,65,1,Sinker,2,4,4,2,5,2,5,2,,,131.0,-0.057,0.48,,,1.054,-0.48,88.0,-2,2,0.118,0.882,25,29,25,30,1,4,,,24.0,1.0,1.15,1.41,1.41,,,,,,
