pitch_type,game_date,release_speed,release_pos_x,release_pos_z,player_name,batter,pitcher,events,description,spin_dir,spin_rate_deprecated,break_angle_deprecated,break_length_deprecated,zone,des,game_type,stand,p_throws,home_team,away_team,type,hit_location,bb_type,balls,strikes,game_year,pfx_x,pfx_z,plate_x,plate_z,on_3b,on_2b,on_1b,outs_when_up,inning,inning_topbot,hc_x,hc_y,tfs_deprecated,tfs_zulu_deprecated,umpire,sv_id,vx0,vy0,vz0,ax,ay,az,sz_top,sz_bot,hit_distance_sc,launch_speed,launch_angle,effective_speed,release_spin_rate,release_extension,game_pk,fielder_2,fielder_3,fielder_4,fielder_5,fielder_6,fielder_7,fielder_8,fielder_9,release_pos_y,estimated_ba_using_speedangle,estimated_woba_using_speedangle,woba_value,woba_denom,babip_value,iso_value,launch_speed_angle,at_bat_number,pitch_number,pitch_name,home_score,away_score,bat_score,fld_score,post_away_score,post_home_score,post_bat_score,post_fld_score,if_fielding_alignment,of_fielding_alignment,spin_axis,delta_home_win_exp,delta_run_exp,bat_speed,swing_length,estimated_slg_using_speedangle,delta_pitcher_run_exp,hyper_speed,home_score_diff,bat_score_diff,home_win_exp,bat_win_exp,age_pit_legacy,age_bat_legacy,age_pit,age_bat,n_thruorder_pitcher,n_priorpa_thisgame_player_at_bat,pitcher_days_since_prev_game,batter_days_since_prev_game,pitcher_days_until_next_game,batter_days_until_next_game,api_break_z_with_gravity,api_break_x_arm,api_break_x_batter_in,arm_angle,attack_angle,attack_direction,swing_path_tilt,intercept_ball_minus_batter_pos_x_inches,intercept_ball_minus_batter_pos_y_inches
CH,2025-11-01,87.4,-3.09,5.64,"Ohtani, Shohei",660271,453286,field_out,hit_into_play,,,,,4.0,Shohei Ohtani lines out sharply to left fielder Nathan Lukes.,W,L,R,TOR,LAD,X,7.0,line_drive,0,0,2025,-1.38,0.49,-0.54,2.52,,,,2,3,Top,70.08,62.7,,,,,8.979544571210731,-126.93960662945362,-2.3477340671658244,-16.82425100101977,26.93466299004177,-26.542781012996187,3.52,1.64,364.0,104.4,21.0,87.2,1528.0,6.4,813024,672386,665489,666182,676391,665926,664770,662139,680718,54.14,0.5314864864864864,0.8816486486486483,0.0,1.0,0.0,0.0,6.0,19,1,Changeup,0,0,0,0,0,0,0,0,Infield shade,Standard,241.0,0.012,-0.26,73.7,7.4,1.6404054054054054,0.26,104.4,0,0,0.543,0.4569999999999999,40,30,41,31,2,1,5.0,1.0,,,2.51,1.38,-1.38,33.6,1.8287144986624355,16.79690263460376,31.79077402209708,45.852912240493126,15.137074713260343
FS,2025-11-01,88.6,-2.51,5.53,"Ohtani, Shohei",660271,656546,field_out,hit_into_play,,,,,9.0,Shohei Ohtani flies out sharply to left fielder Myles Straw.,W,L,R,TOR,LAD,X,7.0,fly_ball,0,0,2025,-1.34,0.44,0.53,2.06,,,,1,9,Top,57.99,84.95,,,,,10.304426660773546,-128.62285233344085,-3.3355192249838046,-16.98459228010694,26.985098217124406,-26.754290419583256,3.52,1.64,328.0,107.1,46.0,89.2,1338.0,6.8,813024,672386,665489,666182,676391,665926,664702,662139,680718,53.7,0.134,0.25,0.0,1.0,0.0,0.0,5.0,75,1,Split-Finger,4,4,4,4,4,4,4,4,Infield shade,Standard,243.0,0.047,-0.254,82.5,7.8,0.497,0.254,107.1,0,0,0.558,0.4419999999999999,32,30,32,31,1,4,3.0,1.0,,,2.48,1.34,-1.34,34.1,13.499793016380089,2.3828300999728036,44.74783821150168,33.765153530752194,27.796609653755088
CH,2025-11-01,86.6,-3.22,5.53,"Ohtani, Shohei",660271,453286,single,hit_into_play,,,,,14.0,Shohei Ohtani singles on a sharp line drive to center fielder Daulton Varsho.,W,L,R,TOR,LAD,X,8.0,line_drive,2,1,2025,-1.32,0.3,0.28,1.42,,,,0,1,Top,159.25,56.2,,,,,11.04329757398996,-125.59826577741852,-4.176172279470386,-16.176574942181258,25.41280394700002,-28.351125616314448,3.52,1.64,315.0,100.2,19.0,86.6,1580.0,6.5,813024,672386,665489,666182,676391,665926,664770,662139,680718,54.03,0.332,0.371,0.9,1.0,1.0,0.0,5.0,1,4,Changeup,0,0,0,0,0,0,0,0,Infield shade,Standard,240.0,-0.032,0.392,76.4,8.2,0.587,-0.392,100.2,0,0,0.496,0.504,40,30,41,31,1,0,5.0,1.0,,,2.76,1.32,-1.32,30.2,9.897852661813468,-4.8021561554447025,47.12015059804452,37.729177691328246,28.752347041483016
FC,2025-11-01,88.0,-1.63,5.64,"Ohtani, Shohei",660271,669456,field_out,hit_into_play,,,,,12.0,"Shohei Ohtani grounds out, second baseman Isiah Kiner-Falefa to first baseman Vladimir Guerrero Jr.",W,L,R,TOR,LAD,X,4.0,ground_ball,0,0,2025,0.29,0.71,1.28,2.69,,,,1,11,Top,148.95,140.1,,,,,6.425539712099343,-128.07293080407234,-2.4892878392873605,1.8581672728584169,27.18148954317115,-24.07684776228923,3.52,1.64,126.0,60.4,17.0,87.7,2581.0,6.1,813024,672386,665489,643396,676391,665926,664702,662139,680718,54.37,0.22,0.198,0.0,1.0,0.0,0.0,2.0,93,1,Cutter,4,4,4,4,4,4,4,4,Infield shade,Standard,210.0,0.047,-0.254,75.1,6.8,0.22,0.254,88.0,0,0,0.558,0.4419999999999999,30,30,30,31,1,5,4.0,1.0,,,2.24,-0.29,0.29,38.5,2.811187999285667,9.083095702894132,46.15968182718337,23.127273781813173,23.14807818755002
KC,2025-11-01,88.0,-3.18,5.6,"Ohtani, Shohei",660271,686973,single,hit_into_play,,,,,9.0,Shohei Ohtani singles on a sharp ground ball to right fielder Addison Barger. Miguel Rojas to 2nd.,W,L,R,TOR,LAD,X,9.0,ground_ball,0,2,2025,0.32,-0.66,0.67,1.92,,,500743.0,1,5,Top,190.04,128.26,,,,,8.716762371784236,-127.993892230465,-1.4748382584533108,1.8601194300735584,25.147846968080867,-39.41787983811876,3.52,1.64,12.0,101.0,-9.0,88.7,2528.0,6.6,813024,672386,665489,666182,676391,665926,664770,662139,680718,53.88,0.304,0.29,0.9,1.0,1.0,0.0,2.0,40,3,Knuckle Curve,3,1,1,3,1,3,1,3,Infield shade,Standard,36.0,-0.065,0.493,78.1,7.7,0.337,-0.493,101.0,2,-2,0.76,0.24,27,30,28,31,1,2,1.0,1.0,,,3.6,-0.32,0.32,37.9,14.625011692851684,2.5047741305008606,42.73256372382037,31.384147274206864,25.382425833501557
FS,2025-10-31,84.6,-2.37,5.53,"Ohtani, Shohei",660271,592332,field_out,hit_into_play,,,,,8.0,Shohei Ohtani grounds out to first baseman Vladimir Guerrero Jr.,W,L,R,TOR,LAD,X,3.0,ground_ball,3,2,2025,-1.27,0.45,0.17,1.88,,,,1,5,Top,161.17,164.78,,,,,8.534127002706159,-122.90418651370628,-3.029144917210409,-14.637231596417156,25.6856957818954,-27.181111753924775,3.52,1.64,18.0,97.5,-5.0,85.2,1380.0,6.9,813025,672386,665489,666182,676391,665926,664770,662139,680718,53.61,0.311,0.298,0.0,1.0,0.0,0.0,2.0,33,9,Split-Finger,1,3,3,1,3,1,3,1,Infield shade,Standard,236.0,0.016,-0.332,80.4,8.2,0.343,0.332,97.5,-2,2,0.264,0.736,34,30,34,31,3,2,6.0,2.0,,1.0,2.76,1.27,-1.27,36.6,17.396133583509183,-5.959809351948519,41.76295985525578,38.11087816868092,33.2911257187622
ST,2025-10-31,82.6,3.41,5.84,"Ohtani, Shohei",660271,689254,double,hit_into_play,,,,,14.0,Shohei Ohtani doubles (3) on a sharp fly ball to left fielder Nathan Lukes.,W,L,L,TOR,LAD,X,7.0,fly_ball,2,2,2025,-1.15,-0.32,0.2,1.51,,,,1,8,Top,89.52,47.05,,,,,-5.1155600700453805,-120.18581998387192,-2.6558378831191307,-9.910867776964531,26.520001599469456,-34.896853427783846,3.52,1.64,386.0,100.6,28.0,83.2,2844.0,7.0,813025,672386,665489,666182,676391,665926,664770,662139,680718,53.48,0.5566,1.0655600000000005,1.25,1.0,1.0,1.0,6.0,55,5,Sweeper,1,3,3,1,3,1,3,1,Infield shade,Standard,304.0,-0.026,0.668,75.1,7.8,2.0738000000000003,-0.668,100.6,-2,2,0.151,0.849,23,30,24,31,1,3,3.0,2.0,,1.0,3.7,-1.15,-1.15,37.3,2.6621960704270404,0.4252185612629995,43.88745718071872,38.30594844652677,29.656889759848653
SL,2025-10-29,87.6,-0.56,7.05,"Ohtani, Shohei",660271,702056,field_out,hit_into_play,,,,,8.0,Shohei Ohtani lines out sharply to right fielder Addison Barger.,W,L,R,LAD,TOR,X,9.0,line_drive,1,2,2025,-0.57,0.22,0.24,2.21,,,,0,6,Bot,177.74,87.49,,,,,3.0863152082582346,-127.5107516158762,-6.0134025615612385,-6.85098162257301,26.1278127942424,-28.70850792658947,3.53,1.64,305.0,117.3,17.0,87.2,2066.0,6.0,813022,672386,665489,643396,676391,665926,676914,662139,680718,54.49,0.862,1.485,0.0,1.0,0.0,0.0,6.0,44,4,Slider,1,3,1,3,3,1,1,3,Infield shade,Standard,214.0,-0.026,-0.189,82.5,8.0,2.787,0.189,117.3,-2,-2,0.251,0.251,21,30,22,31,3,2,5.0,1.0,3.0,2.0,2.74,0.57,-0.57,65.2,16.300564648129615,-2.8748830780527963,40.75309820157446,37.01760365870132,28.368012275025265
FS,2025-10-29,86.1,-1.63,5.78,"Ohtani, Shohei",660271,622554,field_out,hit_into_play,,,,,5.0,Shohei Ohtani grounds out to first baseman Vladimir Guerrero Jr.,W,L,R,LAD,TOR,X,3.0,ground_ball,0,0,2025,-0.54,0.48,-0.03,2.62,,,669743.0,2,8,Bot,151.51,175.41,,,,,4.904363704812642,-125.17100917997544,-2.1281234389741317,-6.739057283615002,29.9764500740621,-26.95684509970659,3.53,1.64,39.0,99.3,-1.0,85.6,957.0,6.5,813022,672386,665489,643396,676391,665926,664702,662139,680718,54.03,0.385,0.369,0.0,1.0,0.0,0.0,2.0,66,1,Split-Finger,1,6,1,6,6,1,1,6,Infield shade,Standard,259.0,-0.005,-0.271,80.7,8.2,0.413,0.271,99.3,-5,-5,0.011,0.011,30,30,31,31,1,3,2.0,1.0,2.0,2.0,2.65,0.54,-0.54,34.3,20.850463585018048,-4.326049146775757,34.422824276415106,38.89638344664978,31.551558648367575
FF,2025-10-29,95.4,-0.37,7.03,"Ohtani, Shohei",660271,702056,field_out,hit_into_play,,,,,13.0,"Shohei Ohtani grounds out, pitcher Trey Yesavage to first baseman Vladimir Guerrero Jr.",W,L,R,LAD,TOR,X,1.0,ground_ball,2,2,2025,-0.55,1.37,-0.99,2.56,,,,0,1,Bot,128.7,178.45,,,,,-0.3713774201916215,-138.66573268895107,-9.107937412698664,-7.008514122395602,33.714922416670746,-12.648001904219084,3.53,1.64,,,,94.8,2178.0,6.2,813022,672386,665489,643396,676391,665926,676914,662139,680718,54.31,,,0.0,,0.0,0.0,,7,6,4-Seam Fastball,0,2,0,2,2,0,0,2,Infield shade,Standard,197.0,-0.021,-0.232,63.0,7.1,,0.232,,-2,-2,0.35,0.35,21,30,22,31,1,0,5.0,1.0,3.0,2.0,1.16,0.55,-0.55,63.2,-7.3272314797252704,24.509340483263497,28.45423390875764,51.966946722644586,2.980708841572409
FF,2025-10-28,94.7,-1.69,5.15,"Ohtani, Shohei",660271,605135,field_out,hit_into_play,,,,,12.0,"Shohei Ohtani grounds out, second baseman Isiah Kiner-Falefa to first baseman Vladimir Guerrero Jr.",W,L,R,LAD,TOR,X,4.0,ground_ball,2,1,2025,-0.65,1.01,1.08,2.89,,,,2,7,Bot,140.59,161.98,,,,,8.6708034132748,-137.66640456293752,-2.4755509836597858,-10.128148007731497,30.429364146953304,-18.98996110301883,3.52,1.64,15.0,64.7,-9.0,94.8,2248.0,6.4,813023,672386,665489,643396,676391,665926,664702,662139,680718,54.14,0.056,0.056,0.0,1.0,0.0,0.0,2.0,60,4,4-Seam Fastball,1,6,1,6,6,1,1,6,Infield shade,Standard,228.0,-0.003,-0.296,69.5,6.4,0.064,0.296,88.0,-5,-5,0.021,0.021,36,30,36,31,1,3,1.0,1.0,3.0,1.0,1.54,0.65,-0.65,28.9,2.1329064083157214,15.76289063328339,41.349930558386205,26.313061566466715,18.35688263652728
FF,2025-10-27,95.1,-3.05,5.66,"Ohtani, Shohei",660271,453286,home_run,hit_into_play,,,,,12.0,Shohei Ohtani homers (7) on a fly ball to right field.,W,L,R,LAD,TOR,X,,fly_ball,1,2,2025,-0.54,1.33,0.88,3.25,,,,1,3,Bot,229.82,79.69,,,,,11.483089665156172,-138.00943476127668,-3.625492596844849,-9.482064471313295,30.37500845644001,-14.504058302382983,3.52,1.64,389.0,101.5,32.0,94.9,2429.0,6.3,813032,672386,665489,666182,676391,665926,664770,662139,680718,54.19,0.4838749999999999,0.9436250000000002,2.0,1.0,0.0,3.0,6.0,21,6,4-Seam Fastball,1,0,1,0,0,2,2,0,Infield shade,Standard,215.0,0.105,1.657,82.0,7.5,1.8672187499999997,-1.657,101.5,1,1,0.644,0.644,40,30,41,31,2,1,11.0,2.0,5.0,1.0,1.2,0.54,-0.54,34.0,21.75892389208536,-2.107796973953515,35.34347834225524,29.962366590075703,31.602286560475903
FF,2025-10-27,97.6,-2.05,5.53,"Ohtani, Shohei",660271,622554,home_run,hit_into_play,,,,,5.0,Shohei Ohtani homers (8) on a fly ball to left center field.,W,L,R,LAD,TOR,X,,fly_ball,0,0,2025,-0.46,1.35,-0.06,2.57,,,,1,7,Bot,71.76,46.02,,,,,6.39529907483571,-141.86387892440948,-5.523118654406468,-7.678476159431574,33.57427451603738,-12.825593232101134,3.52,1.64,401.0,107.8,26.0,97.1,2478.0,6.2,813032,672386,665489,643396,676391,665926,664770,662139,680718,54.33,0.926808510638298,1.863085106382979,2.0,1.0,0.0,3.0,6.0,61,1,4-Seam Fastball,4,5,4,5,5,5,5,5,Infield shade,Standard,213.0,0.234,1.583,79.6,7.5,3.683000000000001,-1.583,107.8,-1,-1,0.316,0.316,30,30,31,31,1,3,3.0,2.0,2.0,1.0,1.05,0.46,-0.46,27.5,7.097285259377041,10.111935752258017,36.74942831091518,39.49906347906324,20.983987178076116
ST,2025-10-27,82.6,3.6,5.79,"Ohtani, Shohei",660271,689254,double,hit_into_play,,,,,3.0,Shohei Ohtani doubles (2) on a fly ball to left fielder Nathan Lukes. Enrique Hernández scores.,W,L,L,LAD,TOR,X,7.0,fly_ball,3,2,2025,-1.31,0.1,0.46,3.08,,,571771.0,1,5,Bot,80.67,51.08,,,,,-4.635166004469462,-120.26156060127424,0.1281194652517616,-11.890361576511834,22.61724257320022,-31.47534421297995,3.52,1.64,351.0,98.7,24.0,83.4,2792.0,6.7,813032,672386,665489,666182,676391,665926,664770,662139,680718,53.76,0.3299473684210526,0.5507368421052632,1.25,1.0,1.0,1.0,5.0,42,6,Sweeper,2,4,2,4,4,3,3,4,Infield shade,Standard,291.0,0.143,0.726,76.9,6.6,1.0308947368421055,-0.726,98.7,-2,-2,0.302,0.302,23,30,24,31,1,2,3.0,2.0,1.0,1.0,3.23,-1.31,-1.31,36.5,3.6958885978577816,9.604697592727684,33.58737435396383,35.69590654666765,22.998591552660496
CU,2025-10-27,79.2,-3.08,5.76,"Ohtani, Shohei",660271,453286,double,hit_into_play,,,,,6.0,Shohei Ohtani hits a ground-rule double (1) on a line drive down the right-field line.,W,L,R,LAD,TOR,X,,line_drive,0,1,2025,0.92,-0.58,0.55,2.29,,,,0,1,Bot,197.99,131.54,,,,,6.218450743215058,-115.25085556835948,0.277057062659213,7.081250000716175,21.008347399011324,-37.64924534685157,3.52,1.64,244.0,113.8,16.0,79.3,2808.0,6.3,813032,672386,665489,666182,676391,665926,664770,662139,680718,54.19,0.6947142857142857,1.116,1.25,1.0,1.0,1.0,6.0,4,2,Curveball,0,0,0,0,0,0,0,0,Infield shade,Standard,62.0,0.062,0.756,83.8,7.8,2.023285714285714,-0.756,113.8,0,0,0.545,0.545,40,30,41,31,1,0,11.0,2.0,5.0,1.0,4.21,-0.92,0.92,35.7,22.452203683951687,-5.533389467961513,44.49252832932564,33.75744987647268,35.38453931396696
FF,2025-10-25,95.6,-2.35,5.71,"Ohtani, Shohei",660271,592332,field_out,hit_into_play,,,,,3.0,Shohei Ohtani pops out to third baseman Ernie Clement in foul territory.,W,L,R,TOR,LAD,X,5.0,popup,1,1,2025,-0.89,1.4,0.67,3.26,,,,1,6,Top,91.18,188.08,,,,,9.979030621294967,-138.8046619194545,-3.930261901430071,-13.832826231840032,33.83252794948461,-13.405712418359142,3.53,1.65,100.0,70.7,73.0,95.4,2227.0,6.5,813026,672386,665489,643396,676391,665926,664770,662139,680718,53.98,0.001,0.0,0.0,1.0,0.0,0.0,3.0,39,3,4-Seam Fastball,1,1,1,1,1,1,1,1,Infield shade,Standard,223.0,0.024,-0.244,76.3,7.1,0.001,0.244,88.0,0,0,0.535,0.4649999999999999,34,30,34,31,3,2,5.0,1.0,6.0,2.0,1.12,0.89,-0.89,38.2,12.650467104619311,6.413489109841826,32.28056491024254,32.52489632583718,21.280442471522647
FF,2025-10-25,95.5,-2.35,5.73,"Ohtani, Shohei",660271,592332,field_out,hit_into_play,,,,,12.0,Shohei Ohtani pops out to third baseman Ernie Clement in foul territory.,W,L,R,TOR,LAD,X,5.0,popup,1,1,2025,-0.73,1.48,0.18,3.91,,,,1,3,Top,74.58,166.37,,,,,8.367256916771009,-138.73321128125914,-2.4437377713995456,-11.430697480156995,35.17090879382729,-12.84752565508145,3.53,1.65,153.0,79.0,64.0,95.6,2141.0,6.7,813026,672386,665489,643396,676391,665926,664770,662139,680718,53.77,0.008,0.008,0.0,1.0,0.0,0.0,3.0,19,3,4-Seam Fastball,0,1,1,0,1,0,1,0,Infield shade,Standard,222.0,0.015,-0.244,70.7,6.7,0.01,0.244,88.0,-1,1,0.411,0.589,34,30,34,31,2,1,5.0,1.0,6.0,2.0,1.05,0.73,-0.73,39.5,8.46890990253041,14.433719700274503,22.428172452289058,38.19961848101686,17.910595933992997
CH,2025-10-25,94.4,-3.25,5.42,"Ohtani, Shohei",660271,686973,single,hit_into_play,,,,,14.0,"Blue Jays challenged (tag play), call on the field was upheld: Shohei Ohtani singles on a ground ball to right fielder Addison Barger. Andy Pages to 2nd.",W,L,R,TOR,LAD,X,9.0,ground_ball,0,1,2025,-1.03,0.19,0.69,1.13,,,681624.0,1,8,Top,178.88,126.23,,,,,12.560388969123183,-136.80951334779235,-5.854911363253427,-15.700437663531524,30.22338364036172,-28.652659517771507,3.53,1.65,57.0,92.5,3.0,94.5,1716.0,6.6,813026,672386,665489,666182,676391,665926,664770,662139,680718,53.95,0.446,0.407,0.9,1.0,1.0,0.0,4.0,54,2,Changeup,1,3,3,1,3,1,3,1,Infield shade,Standard,231.0,-0.021,0.446,80.2,8.1,0.495,-0.446,92.5,-2,2,0.139,0.861,27,30,28,31,1,3,5.0,1.0,2.0,2.0,2.39,1.03,-1.03,36.4,13.889793167168731,-3.592956340967371,50.71387382849186,31.36261208615212,27.868958113355795
FF,2025-10-25,96.2,-2.24,5.83,"Ohtani, Shohei",660271,592332,field_out,hit_into_play,,,,,7.0,Shohei Ohtani flies out to left fielder Nathan Lukes.,W,L,R,TOR,LAD,X,7.0,fly_ball,0,2,2025,-1.21,1.2,-0.34,2.14,,,,0,1,Top,37.08,111.33,,,,,7.81498673126692,-139.55925045992177,-6.813791030623302,-17.647753329147076,38.5010534090457,-15.085133976726109,3.53,1.65,308.0,98.2,33.0,95.7,2398.0,6.7,813026,672386,665489,643396,676391,665926,664770,662139,680718,53.82,0.2791875,0.52825,0.0,1.0,0.0,0.0,5.0,1,3,4-Seam Fastball,0,0,0,0,0,0,0,0,Infield shade,Standard,224.0,0.014,-0.165,73.1,7.5,1.0410624999999998,0.165,98.2,0,0,0.508,0.492,34,30,34,31,1,0,5.0,1.0,6.0,2.0,1.32,1.21,-1.21,40.9,-0.2807665371012967,11.22757866057044,36.78035938691834,43.31203911986188,15.527363879663552
SL,2025-10-24,88.2,-0.66,7.19,"Ohtani, Shohei",660271,702056,field_out,hit_into_play,,,,,14.0,Shohei Ohtani grounds out to first baseman Vladimir Guerrero Jr.,W,L,R,TOR,LAD,X,3.0,ground_ball,2,1,2025,-0.31,0.28,0.04,1.45,571970.0,571771.0,669242.0,2,2,Top,163.68,162.23,,,,,2.3183779372989473,-128.17663503517835,-8.344154333444498,-3.896503674244221,27.496906841450077,-27.527857572660956,3.51,1.65,10.0,77.6,-8.0,87.4,2126.0,5.9,813027,672386,665489,666182,676391,665926,676914,662139,664702,54.57,0.071,0.069,0.0,1.0,0.0,0.0,2.0,16,4,Slider,0,1,1,0,1,0,1,0,Infield shade,Standard,203.0,0.078,-0.285,79.2,8.3,0.076,0.285,88.0,-1,1,0.365,0.635,21,30,22,31,2,1,5.0,7.0,5.0,1.0,2.67,0.31,-0.31,63.8,15.405572727716928,-10.101797048632765,45.90257973781,39.97773314879565,36.52020246388112
CU,2025-10-24,85.0,0.57,6.55,"Ohtani, Shohei",660271,680755,home_run,hit_into_play,,,,,9.0,Shohei Ohtani homers (6) on a fly ball to right field. Tommy Edman scores.,W,L,R,TOR,LAD,X,,fly_ball,1,2,2025,0.08,-1.12,0.32,2.06,,,669242.0,1,7,Top,219.11,87.89,,,,,-0.7535021409823747,-123.6951979947812,-1.8668294092213304,0.9944052922604742,28.20328026607439,-43.41335682406675,3.51,1.65,357.0,103.7,41.0,83.4,2541.0,5.5,813027,672386,665489,643396,676391,665926,664770,662139,680718,54.95,0.2706666666666666,0.5331666666666667,2.0,1.0,0.0,3.0,5.0,61,5,Curveball,11,2,2,11,4,11,4,11,Infield shade,Standard,9.0,-0.004,1.542,80.9,8.7,1.0553333333333332,-1.542,103.7,9,-9,0.998,0.002,24,30,25,31,1,3,9.0,7.0,1.0,1.0,4.32,-0.08,0.08,49.5,27.773526350363873,-18.70909834681158,40.22140547578277,37.07464405385667,38.57854601173305
FC,2025-10-17,89.3,-1.17,5.31,"Ohtani, Shohei",660271,694477,home_run,hit_into_play,,,,,14.0,Shohei Ohtani homers (4) on a fly ball to right center field.,L,L,R,LAD,MIL,X,,fly_ball,3,1,2025,0.81,1.01,1.02,2.02,,,,2,4,Bot,199.7,22.83,,,,,3.651553492065033,-129.9734620123261,-4.183146122113701,8.433284779539017,27.905697671025507,-20.110107245598524,3.51,1.65,469.0,116.9,33.0,88.9,2591.0,6.1,813031,661388,641343,668930,702332,687401,694192,663368,686217,54.44,0.99,2.0,2.0,1.0,0.0,3.0,6.0,33,5,Cutter,3,0,3,0,0,4,4,0,Infield shade,Standard,137.0,0.056,2.442,80.1,8.0,3.971,-2.442,116.9,3,3,0.844,0.844,26,30,27,31,1,2,4.0,1.0,,7.0,1.86,-0.81,0.81,29.2,20.87021575302859,-3.79242377759656,48.29139913915331,28.76801223004862,33.24185406541317
FF,2025-10-17,98.9,0.13,6.52,"Ohtani, Shohei",660271,656730,home_run,hit_into_play,,,,,6.0,Shohei Ohtani homers (5) on a fly ball to center field.,L,L,R,LAD,MIL,X,,fly_ball,1,2,2025,-0.19,1.6,0.35,2.4,,,,1,7,Bot,97.98,28.56,,,,,1.031155074778502,-143.6347371883491,-9.50419428963189,-2.8088315775379464,37.11916290373589,-7.984820895237295,3.51,1.65,427.0,113.6,26.0,98.9,2469.0,6.7,813031,661388,683734,668930,702332,655316,686555,686217,694192,53.85,0.99525,2.00575,2.0,1.0,0.0,3.0,6.0,52,4,4-Seam Fastball,4,0,4,0,0,5,5,0,Strategic,Standard,197.0,0.016,1.657,80.5,7.3,3.9605,-1.657,113.6,4,4,0.968,0.968,31,30,32,31,1,3,4.0,1.0,,7.0,0.76,0.19,-0.19,55.6,8.95215973835256,4.906960394839463,40.491292222821585,35.53485639910339,25.37931429616728
SV,2025-10-17,79.2,2.45,5.58,"Ohtani, Shohei",660271,500779,home_run,hit_into_play,,,,,9.0,Shohei Ohtani homers (3) on a fly ball to right field.,L,L,L,LAD,MIL,X,,fly_ball,3,2,2025,-0.83,0.04,0.47,2.08,,,,0,1,Bot,225.55,46.92,,,,,-2.7932312565244075,-115.47043185874992,-0.993714644066989,-6.927571733286634,20.4567046292446,-31.828911508982017,3.51,1.65,446.0,116.5,25.0,79.6,2179.0,6.3,813031,661388,641343,668930,702332,687401,694192,663368,686217,54.17,0.995,2.0,2.0,1.0,0.0,3.0,6.0,5,6,Slurve,0,0,0,0,0,1,1,0,Strategic,Standard,291.0,0.092,1.029,,,3.924,-1.029,116.5,0,0,0.553,0.553,36,30,36,31,1,0,9.0,1.0,,7.0,3.56,-0.83,-0.83,40.1,,,,,
SL,2025-10-16,94.8,-1.9,4.92,"Ohtani, Shohei",660271,694819,field_out,hit_into_play,,,,,14.0,"Shohei Ohtani grounds out sharply, second baseman Brice Turang to first baseman Andrew Vaughn.",L,L,R,LAD,MIL,X,4.0,ground_ball,1,0,2025,0.29,0.55,0.94,1.76,,,681624.0,2,2,Bot,142.77,158.34,,,,,6.999865211722765,-137.97116089681225,-3.993492238514456,2.3027749643060544,27.222578620088356,-24.52039453360714,3.51,1.64,46.0,96.4,1.0,98.1,2559.0,7.9,813033,661388,683734,668930,702332,687401,641343,686217,694192,52.63,0.494,0.487,0.0,1.0,0.0,0.0,4.0,20,2,Slider,1,1,1,1,1,1,1,1,Infield shade,Standard,190.0,-0.026,-0.306,76.1,7.6,0.586,0.306,96.4,0,0,0.526,0.526,23,30,23,31,1,1,5.0,2.0,,1.0,1.97,-0.29,0.29,22.4,6.373402722044378,9.6487227796033,50.93513786242204,28.49514553445374,22.054909169340075
SL,2025-10-16,84.4,0.7,6.36,"Ohtani, Shohei",660271,676879,triple,hit_into_play,,,,,7.0,Shohei Ohtani triples (1) on a line drive to right fielder Jackson Chourio.,L,L,L,LAD,MIL,X,9.0,line_drive,1,2,2025,-0.73,-0.47,-0.75,1.57,,,,0,1,Bot,179.9,142.72,,,,,-1.9024126699374364,-123.04573906972688,-3.886562060025288,-7.130450798230083,22.64358374997084,-36.49819704754658,3.51,1.64,195.0,81.9,17.0,83.5,2656.0,5.4,813033,661388,683734,668930,702332,687401,641343,686217,694192,55.08,0.992,0.941,1.6,1.0,1.0,2.0,4.0,6,5,Slider,0,0,0,0,0,0,0,0,Strategic,Standard,335.0,0.089,0.993,55.8,8.5,1.138,-0.993,88.0,0,0,0.542,0.542,27,30,27,31,1,0,2.0,2.0,,1.0,3.64,-0.73,-0.73,47.3,20.55024418393752,-16.571921163547984,38.16033906814794,47.317729924446766,36.32475414590826
CU,2025-10-14,78.0,-3.5,5.41,"Ohtani, Shohei",660271,642547,field_out,hit_into_play,,,,,14.0,Shohei Ohtani lines out sharply to right fielder Jackson Chourio.,L,L,R,MIL,LAD,X,9.0,line_drive,0,2,2025,0.41,-0.36,1.03,2.06,,681624.0,,2,2,Top,185.48,100.54,,,,,8.974043412768566,-113.32031882891631,0.3736606497700097,1.8141199083411592,21.281730718008298,-35.576901327118236,3.5,1.65,285.0,115.2,16.0,77.8,2134.0,6.3,813034,661388,683734,668930,702332,687401,641343,686217,694192,54.19,0.7213333333333333,1.1796666666666666,0.0,1.0,0.0,0.0,6.0,14,3,Curveball,1,2,2,1,2,1,2,1,Infield shade,Standard,62.0,0.021,-0.193,79.1,7.2,2.1536666666666666,0.193,115.2,-1,1,0.422,0.5780000000000001,29,30,29,31,2,1,5.0,1.0,,2.0,4.13,-0.41,0.41,37.7,11.093124123112403,-4.796036345955508,47.91087428942151,27.060340669609054,30.23423369710269
CH,2025-10-14,92.9,0.34,6.37,"Ohtani, Shohei",660271,676879,single,hit_into_play,,,,,9.0,Shohei Ohtani singles on a ground ball to right fielder Jackson Chourio. Enrique Hernández scores.,L,L,L,MIL,LAD,X,9.0,ground_ball,2,2,2025,1.44,0.32,0.32,2.08,571771.0,,,1,7,Top,192.92,111.88,,,,,-3.1318447130059743,-135.13254488268376,-5.7182466453507885,18.30716541952252,32.87693124758749,-27.146975299491224,3.5,1.65,22.0,98.0,-4.0,90.7,1880.0,5.2,813034,661388,683734,668930,702332,687401,641343,686217,694192,55.29,0.286,0.273,0.9,1.0,1.0,0.0,2.0,51,7,Changeup,1,3,3,1,4,1,4,1,Strategic,Standard,135.0,-0.044,0.542,70.6,7.6,0.297,-0.542,98.0,-2,2,0.15,0.85,27,30,27,31,1,3,1.0,1.0,2.0,2.0,2.35,1.44,1.44,48.7,7.634786027262656,-3.189259830218025,40.87008328789516,35.62474428886928,24.535669263035597
FC,2025-10-13,91.5,-2.17,5.89,"Ohtani, Shohei",660271,682990,field_out,hit_into_play,,,,,9.0,Shohei Ohtani flies out to left fielder Isaac Collins.,L,L,R,MIL,LAD,X,7.0,fly_ball,3,2,2025,0.14,0.67,0.67,1.93,,,,1,3,Top,44.01,109.33,,,,,6.868349012722353,-133.064970398753,-5.5903071361916705,0.2851111863447298,27.540446976009832,-23.243861576878537,3.5,1.65,300.0,92.5,39.0,91.8,2349.0,6.4,813036,661388,683734,668930,702332,687401,686555,686217,694192,54.1,0.035,0.056,0.0,1.0,0.0,0.0,3.0,16,8,Cutter,0,0,0,0,0,0,0,0,Strategic,Standard,207.0,0.022,-0.332,76.1,7.7,0.1,0.332,92.5,0,0,0.521,0.479,24,30,25,31,1,1,5.0,4.0,,1.0,2.05,-0.14,0.14,41.3,8.783037138044167,5.699238381310025,48.220936033046634,31.698284108225103,23.356028919776666
SI,2025-10-13,95.5,2.33,5.95,"Ohtani, Shohei",660271,657649,field_out,hit_into_play,,,,,9.0,Shohei Ohtani grounds out sharply to first baseman Andrew Vaughn.,L,L,L,MIL,LAD,X,3.0,ground_ball,2,0,2025,1.3,0.98,0.49,2.04,,,,1,7,Top,165.93,151.08,,,,,-7.750655637170777,-138.72987838749705,-6.797544637523968,18.610475349620664,34.119113721132926,-18.142876365097106,3.5,1.65,92.0,99.8,5.0,94.8,2469.0,6.2,813036,661388,683734,668930,702332,687401,686555,686217,694192,54.32,0.618,0.6,0.0,1.0,0.0,0.0,4.0,46,3,Sinker,0,1,1,0,1,0,1,0,Strategic,Standard,148.0,0.027,-0.364,81.0,8.2,0.717,0.364,99.8,-1,1,0.324,0.6759999999999999,31,30,31,31,1,3,5.0,4.0,3.0,1.0,1.55,1.3,1.3,34.5,17.970825310512595,-8.927188154756601,41.37204894720703,35.549898548813516,34.521150799148224
SI,2025-10-09,96.7,1.87,5.81,"Ohtani, Shohei",660271,650911,fielders_choice,hit_into_play,,,,,9.0,"Shohei Ohtani reaches on a fielder's choice. Enrique Hernández to 3rd. Enrique Hernández advances to 3rd, on a fielding error by third baseman Alec Bohm.",D,L,L,LAD,PHI,X,5.0,ground_ball,0,1,2025,1.38,0.28,0.47,1.79,,,571771.0,2,3,Bot,110.96,162.27,,,,,-6.958606376455163,-140.61822217805687,-5.862580531847101,19.855203003435776,30.273761642331277,-27.378206424352204,3.51,1.65,30.0,96.5,-2.0,98.0,2164.0,7.0,813042,592663,547180,681082,664761,607208,596146,669016,592206,53.55,0.349,0.333,0.9,1.0,0.0,0.0,2.0,21,2,Sinker,0,0,0,0,0,0,0,0,Strategic,Standard,121.0,0.033,0.39,73.6,7.3,0.375,-0.39,96.5,0,0,0.522,0.522,28,30,29,31,2,1,5.0,1.0,,4.0,2.15,1.38,1.38,30.1,-6.541956479733244,17.99624019299327,44.8882176202242,35.35904571803073,15.863902230385296
SI,2025-10-09,94.9,1.83,6.0,"Ohtani, Shohei",660271,650911,field_out,hit_into_play,,,,,6.0,Shohei Ohtani pops out to third baseman Alec Bohm in foul territory.,D,L,L,LAD,PHI,X,5.0,popup,0,0,2025,1.49,0.41,0.76,2.9,,,,0,1,Bot,92.02,181.58,,,,,-6.178257294795727,-138.04557344688837,-3.403000139026932,20.403089819906445,30.003253184527843,-26.42082682469751,3.51,1.65,146.0,70.1,61.0,95.9,2169.0,6.8,813042,592663,547180,681082,664761,607208,596146,669016,592206,53.67,0.008,0.007,0.0,1.0,0.0,0.0,3.0,6,1,Sinker,0,0,0,0,0,0,0,0,Infield shade,Standard,122.0,-0.022,-0.259,78.5,7.4,0.008,0.259,88.0,0,0,0.548,0.548,28,30,29,31,1,0,5.0,1.0,,4.0,2.12,1.49,1.49,32.1,13.512748889025566,5.162077954265122,37.504409819479655,31.77399857163783,24.39845876455644
SI,2025-10-08,91.4,2.17,5.76,"Ohtani, Shohei",660271,624133,field_out,hit_into_play,,,,,6.0,Shohei Ohtani flies out sharply to left fielder Max Kepler.,D,L,L,LAD,PHI,X,7.0,fly_ball,1,1,2025,1.1,0.5,0.67,2.48,,,,2,7,Bot,59.44,68.71,,,,,-6.1339992187459895,-132.964618121761,-3.453967030619015,14.42936810376697,29.011930978888053,-25.692898405713308,3.51,1.65,361.0,103.0,36.0,91.2,1973.0,6.2,813041,592663,547180,681082,664761,607208,596146,669016,592206,54.25,0.4957272727272727,0.9757727272727272,0.0,1.0,0.0,0.0,6.0,60,3,Sinker,1,3,1,3,3,1,1,3,Strategic,Standard,136.0,-0.015,-0.244,81.9,7.5,1.9351363636363632,0.244,103.0,-2,-2,0.153,0.153,29,30,30,31,3,3,11.0,2.0,,1.0,2.23,1.1,1.1,39.9,9.557732171196344,0.6898328789560418,40.34251670490923,33.6138797514283,28.27114542956759
KC,2025-10-08,79.4,-1.74,5.01,"Ohtani, Shohei",660271,605400,field_out,hit_into_play,,,,,9.0,Shohei Ohtani flies out sharply to left fielder Max Kepler.,D,L,R,LAD,PHI,X,7.0,fly_ball,1,2,2025,1.39,-0.77,0.3,2.12,,,,0,1,Bot,82.27,107.07,,,,,1.8706008872909567,-115.61824855385072,1.983778752455556,11.979172049156434,23.511813873059175,-39.70489989244221,3.51,1.65,254.0,102.7,53.0,79.8,2745.0,6.8,813041,592663,547180,681082,664761,607208,596146,669016,592206,53.74,0.023,0.035,0.0,1.0,0.0,0.0,3.0,5,4,Knuckle Curve,0,0,0,0,0,0,0,0,Infield shade,Standard,52.0,-0.016,-0.189,82.1,8.1,0.056,0.189,102.7,0,0,0.542,0.542,32,30,32,31,1,0,12.0,2.0,,1.0,4.41,-1.39,1.39,20.7,16.142213777477888,-3.39574619040204,42.66899485289623,38.180763491577665,32.20129548300956
SI,2025-10-08,92.7,2.28,5.74,"Ohtani, Shohei",660271,624133,field_out,hit_into_play,,,,,14.0,"Shohei Ohtani grounds out, first baseman Bryce Harper to pitcher Ranger Suárez.",D,L,L,LAD,PHI,X,3.0,ground_ball,0,0,2025,1.38,0.66,1.09,2.16,,,,0,3,Bot,160.94,165.36,,,,,-6.070429099859563,-134.7400653515452,-4.756576521053011,18.121295215353847,31.18284150299397,-23.244607039857776,3.51,1.65,3.0,87.4,-31.0,92.4,2131.0,6.3,813041,592663,547180,681082,664761,607208,596146,669016,592206,54.19,0.048,0.051,0.0,1.0,0.0,0.0,2.0,20,1,Sinker,1,0,1,0,0,1,1,0,Infield shade,Standard,138.0,-0.021,-0.259,71.6,7.4,0.051,0.259,88.0,1,1,0.669,0.669,29,30,30,31,1,1,11.0,2.0,,1.0,2.01,1.38,1.38,37.7,6.9351657865162295,6.087353976933383,42.29068923449064,28.41748131946365,23.020064913612856
ST,2025-10-08,82.3,2.78,6.25,"Ohtani, Shohei",660271,621383,field_out,hit_into_play,,,,,4.0,Shohei Ohtani flies out to right fielder Nick Castellanos.,D,L,L,LAD,PHI,X,9.0,fly_ball,0,0,2025,-0.82,0.0,-0.33,2.37,571970.0,,669242.0,2,9,Bot,171.15,119.0,,,,,-5.371710885957263,-119.7520560610902,-2.1668560110053647,-6.651505086701584,26.38465055450416,-31.947425784401503,3.51,1.65,230.0,83.4,53.0,80.6,2294.0,5.4,813041,592663,547180,681082,664761,607208,596146,669016,592206,55.08,0.025,0.023,0.0,1.0,0.0,0.0,3.0,81,1,Sweeper,2,8,2,8,8,2,2,8,Strategic,Standard,289.0,-0.002,-0.272,69.7,8.2,0.03,0.272,88.0,-6,-6,0.002,0.002,33,30,34,31,1,4,2.0,2.0,,1.0,3.41,-0.82,-0.82,49.3,19.868796876324662,-14.989599552682495,34.76632787227582,44.82323113866177,36.996958141493366
CH,2025-10-06,88.4,2.36,5.63,"Ohtani, Shohei",660271,666200,field_out,hit_into_play,,,,,7.0,Shohei Ohtani grounds out to first baseman Bryce Harper.,D,L,L,PHI,LAD,X,3.0,ground_ball,2,2,2025,1.37,0.77,-0.36,2.21,,,,1,6,Top,168.82,157.4,,,,,-9.37341463344039,-128.3167665293118,-3.772917974295341,17.161062276655308,27.532175517605875,-23.03411370543517,3.56,1.66,9.0,85.2,-14.0,87.3,1961.0,5.8,813052,592663,547180,624641,664761,607208,805249,669016,592206,54.66,0.099,0.095,0.0,1.0,0.0,0.0,2.0,37,5,Changeup,0,0,0,0,0,0,0,0,Strategic,Standard,113.0,0.023,-0.228,70.2,8.4,0.105,0.228,88.0,0,0,0.536,0.4639999999999999,27,30,28,31,3,2,12.0,2.0,3.0,2.0,2.17,1.37,1.37,29.2,10.684687453563075,-11.2690126444273,32.6708705633842,46.18310140966646,35.08792757365559
SI,2025-10-06,97.9,1.99,5.88,"Ohtani, Shohei",660271,666200,field_out,hit_into_play,,,,,6.0,"Shohei Ohtani grounds out, second baseman Edmundo Sosa to first baseman Bryce Harper.",D,L,L,PHI,LAD,X,4.0,ground_ball,0,0,2025,1.45,0.92,0.55,2.27,,,,1,3,Top,151.75,156.95,,,,,-7.205237176772122,-142.16904145011796,-6.263798642443638,21.3431936165906,36.30011540533106,-18.3397002754684,3.56,1.66,3.0,90.3,-38.0,96.8,2335.0,6.0,813052,592663,547180,624641,664761,607208,805249,669016,592206,54.46,0.043,0.047,0.0,1.0,0.0,0.0,2.0,17,1,Sinker,0,0,0,0,0,0,0,0,Standard,Standard,134.0,0.018,-0.254,,,0.043,0.254,90.3,0,0,0.525,0.475,27,30,28,31,2,1,12.0,2.0,3.0,2.0,1.49,1.45,1.45,35.0,,,,,
SI,2025-10-06,93.1,3.49,5.45,"Ohtani, Shohei",660271,621381,single,hit_into_play,,,,,6.0,Shohei Ohtani singles on a sharp ground ball to right fielder Nick Castellanos. Max Muncy scores. Will Smith to 3rd.,D,L,L,PHI,LAD,X,9.0,ground_ball,0,1,2025,1.39,0.9,0.69,2.64,,571970.0,669257.0,2,7,Top,158.34,111.89,,,,,-10.19084726988029,-135.19693115293458,-3.3482056474973625,19.341323623868114,31.35461367915635,-20.540843437505966,3.56,1.66,88.0,111.6,5.0,92.4,2545.0,6.1,813052,592663,547180,624641,664761,607208,805249,669016,592206,54.36,0.678,0.648,0.9,1.0,1.0,0.0,4.0,51,2,Sinker,0,3,3,0,4,0,4,0,Standard,Standard,133.0,-0.053,0.588,75.4,7.0,0.801,-0.588,111.6,-3,3,0.112,0.888,33,30,34,31,1,3,2.0,2.0,3.0,2.0,1.75,1.39,1.39,29.6,8.631501701934527,12.37492516109228,36.329666383101745,32.95708838373095,24.928280568914893
FS,2025-10-01,84.8,-0.65,6.08,"Ohtani, Shohei",660271,641793,field_out,hit_into_play,,,,,4.0,"Shohei Ohtani grounds out, second baseman Matt McLain to first baseman Sal Stewart. Ben Rortvedt to 3rd.",F,L,R,LAD,CIN,X,4.0,ground_ball,0,0,2025,-1.37,-0.42,-0.75,2.39,,666163.0,,0,3,Bot,149.78,151.43,,,,,2.5117072748348015,-123.42998630911976,-1.355660337917802,-14.447313882173905,28.1383870564424,-36.340102990642734,3.55,1.66,6.0,106.1,-21.0,84.0,1097.0,6.1,813068,663886,701398,680574,663647,682829,668715,670770,669720,54.39,0.139,0.134,0.0,1.0,0.0,0.0,2.0,22,1,Split-Finger,0,2,0,2,2,0,0,2,Infield shade,Standard,243.0,-0.02,-0.225,72.6,7.6,0.16,0.225,106.1,-2,-2,0.398,0.398,29,30,30,31,2,1,5.0,1.0,,3.0,3.62,1.37,-1.37,36.9,5.125385921966704,12.469754914497658,31.958739981020063,48.88772371694327,17.308818531386052
CH,2025-10-01,81.4,-1.53,6.06,"Ohtani, Shohei",660271,607259,single,hit_into_play,,,,,8.0,Shohei Ohtani singles on a sharp ground ball to right fielder Austin Hays. Enrique Hernández scores. Ben Rortvedt to 3rd.,F,L,R,LAD,CIN,X,9.0,ground_ball,2,2,2025,-0.98,0.06,-0.26,1.74,571771.0,,666163.0,1,6,Bot,192.18,118.11,,,,,4.7026912366086036,-118.5326511747209,-3.2466701596732315,-10.130834720332016,21.44951866781401,-31.184467917497695,3.55,1.66,32.0,102.2,-1.0,81.3,2188.0,6.0,813068,663886,701398,680574,663647,682829,668715,670770,669720,54.46,0.451,0.455,0.9,1.0,1.0,0.0,4.0,52,7,Changeup,3,2,3,2,2,4,4,2,Infield shade,Standard,250.0,0.087,0.533,75.0,8.0,0.545,-0.533,102.2,1,1,0.798,0.798,34,30,35,31,1,3,4.0,1.0,,3.0,3.36,0.98,-0.98,59.6,12.112525233741543,-2.2186073786311153,39.97250255126795,42.4147162849744,30.610279566700136
FS,2025-10-01,85.6,-0.69,6.09,"Ohtani, Shohei",660271,641793,field_out,hit_into_play,,,,,4.0,"Shohei Ohtani grounds out, first baseman Sal Stewart to pitcher Zack Littell.",F,L,R,LAD,CIN,X,3.0,ground_ball,1,2,2025,-0.82,0.14,-0.44,2.76,,,,0,1,Bot,163.87,151.57,,,,,2.243689839475652,-124.76927870104424,-1.8862835550993933,-9.014781608202073,24.81754762298255,-30.561852001857787,3.55,1.66,4.0,83.6,-32.0,85.3,1381.0,6.0,813068,663886,701398,680574,663647,682829,668715,670770,669720,54.54,0.041,0.045,0.0,1.0,0.0,0.0,2.0,7,4,Split-Finger,0,2,0,2,2,0,0,2,Infield shade,Standard,243.0,-0.017,-0.189,71.0,8.0,0.041,0.189,88.0,-2,-2,0.346,0.346,29,30,30,31,1,0,5.0,1.0,,3.0,2.96,0.82,-0.82,37.3,20.46709974821116,6.381591534472611,26.443490823806727,45.4277107746944,22.973089320561712
CU,2025-10-01,81.9,3.67,5.49,"Ohtani, Shohei",660271,666157,field_out,hit_into_play,,,,,12.0,Shohei Ohtani flies out to right fielder Austin Hays. Miguel Rojas to 3rd.,F,L,L,LAD,CIN,X,9.0,fly_ball,0,0,2025,-0.57,0.02,1.3,2.73,,500743.0,666163.0,1,4,Bot,175.53,66.84,,,,,-4.211321317218797,-119.26948088308322,0.237398386044831,-4.669552431412587,21.85076246411788,-32.218160416276845,3.55,1.66,348.0,95.8,39.0,81.4,2314.0,5.8,813068,663886,701398,680574,663647,682829,668715,670770,669720,54.71,0.169,0.328,0.0,1.0,0.0,0.0,3.0,34,1,Curveball,3,2,3,2,2,3,3,2,Standard,Standard,299.0,-0.035,-0.243,75.4,7.4,0.659,0.243,95.8,1,1,0.721,0.721,27,30,27,31,1,2,3.0,1.0,,3.0,3.36,-0.57,-0.57,17.8,17.077109504716955,-8.999166354860288,40.758181772055664,25.40872070697988,32.12825142702738
ST,2025-09-30,85.9,-1.88,5.56,"Ohtani, Shohei",660271,683175,home_run,hit_into_play,,,,,6.0,Shohei Ohtani homers (2) on a fly ball to right center field. Enrique Hernández scores.,F,L,R,LAD,CIN,X,,fly_ball,1,1,2025,1.37,0.07,0.28,2.39,,,571771.0,2,6,Bot,180.06,22.84,,,,,2.3115291538652047,-125.10244155894694,-1.4220132786437734,13.997023542024658,24.54815213799205,-31.36169359345373,3.6,1.66,454.0,113.5,34.0,85.3,2671.0,5.8,813069,663886,668715,680574,663647,682829,669720,670770,682622,54.72,0.9725,2.0,2.0,1.0,0.0,3.0,6.0,48,3,Sweeper,6,0,6,0,0,8,8,0,Infield shade,Standard,60.0,0.011,2.241,80.7,8.0,3.904,-2.241,113.5,6,6,0.985,0.985,24,30,24,31,1,3,2.0,2.0,,1.0,3.01,-1.37,1.37,33.2,18.44414491135062,-5.045668683456517,40.49761145244989,37.31770118103479,30.5128776560844
FF,2025-09-30,100.4,-1.09,6.24,"Ohtani, Shohei",660271,668881,home_run,hit_into_play,,,,,6.0,Shohei Ohtani homers (1) on a fly ball to right field.,F,L,R,LAD,CIN,X,,fly_ball,2,1,2025,-0.51,1.61,0.6,2.51,,,,0,1,Bot,207.56,70.61,,,,,5.918369713896769,-145.89124365883862,-8.802451343418797,-8.73401646915536,34.59999585792457,-7.27207805753991,3.6,1.66,375.0,117.7,21.0,100.7,2431.0,6.6,813069,663886,668715,680574,663647,682829,669720,670770,682622,53.95,0.959,1.805,2.0,1.0,0.0,3.0,6.0,4,4,4-Seam Fastball,0,0,0,0,0,1,1,0,Infield shade,Standard,202.0,0.094,1.068,82.8,7.9,3.484,-1.068,117.7,0,0,0.551,0.551,25,30,26,31,1,0,6.0,2.0,,1.0,0.66,0.51,-0.51,44.2,19.90981104982086,-2.9528155513003087,39.73816120429319,33.74150928003225,28.80495338025768
FS,2025-09-28,85.4,-1.04,5.19,"Ohtani, Shohei",660271,682243,single,hit_into_play,,,,,8.0,Shohei Ohtani singles on a sharp line drive to right fielder Leo Rivas.,R,L,R,SEA,LAD,X,9.0,line_drive,3,2,2025,-1.1,0.21,-0.08,2.14,,,,0,3,Top,193.93,97.13,,,,,4.470058618857542,-124.25172836943123,-1.2808870305385704,-12.24602561541007,26.380099499250107,-29.91502036349115,3.6,1.66,251.0,103.6,15.0,85.4,947.0,6.4,776139,641598,670156,702284,553993,641487,668227,670042,660844,54.08,0.638,0.668,0.9,1.0,1.0,0.0,5.0,17,7,Split-Finger,0,2,2,0,2,0,2,0,Infield shade,Standard,236.0,-0.024,0.353,76.7,8.2,0.933,-0.353,103.6,-2,2,0.284,0.716,26,30,27,31,2,1,5.0,2.0,10.0,2.0,2.93,1.1,-1.1,34.2,19.52349047701798,-4.455453936919973,39.07304579626235,42.63322393679765,32.57478187222838
FF,2025-09-28,95.1,1.73,5.35,"Ohtani, Shohei",660271,642100,home_run,hit_into_play,,,,,2.0,Shohei Ohtani homers (55) on a fly ball to center field.,R,L,L,SEA,LAD,X,,fly_ball,0,2,2025,0.79,1.18,-0.06,3.19,,,,2,7,Top,101.74,34.3,,,,,-6.396873181557645,-138.34331940411704,-2.6275105921544437,11.531442486086076,31.464293551251203,-16.694749746265376,3.6,1.66,412.0,109.5,32.0,94.3,2205.0,5.9,776139,641598,670156,702284,553993,641487,668227,670042,660844,54.62,0.9267142857142856,1.8708571428571423,2.0,1.0,0.0,3.0,6.0,51,3,4-Seam Fastball,0,4,4,0,5,0,5,0,Infield shade,Standard,135.0,-0.032,2.696,73.2,7.4,3.691357142857143,-2.696,109.5,-4,4,0.069,0.931,30,30,30,31,1,3,2.0,2.0,6.0,2.0,1.35,0.79,0.79,30.8,11.8807185443944,0.654661311100093,31.920081438891792,43.22260319095854,25.226107588757984
FS,2025-09-28,85.8,-1.03,5.41,"Ohtani, Shohei",660271,682243,double,hit_into_play,,,,,5.0,Shohei Ohtani doubles (25) on a line drive to right fielder Leo Rivas.,R,L,R,SEA,LAD,X,9.0,line_drive,1,1,2025,-1.08,0.33,0.04,2.56,,,,0,1,Top,202.14,112.43,,,,,4.721571234797501,-124.92258040234304,-1.115113353380452,-12.275002664874286,26.839686673474223,-28.729471557879176,3.6,1.66,242.0,95.1,18.0,85.6,1037.0,6.3,776139,641598,670156,702284,553993,641487,668227,670042,660844,54.21,0.441,0.468,1.25,1.0,1.0,1.0,4.0,1,3,Split-Finger,0,0,0,0,0,0,0,0,Infield shade,Standard,233.0,-0.06,0.725,79.9,8.2,0.648,-0.725,95.1,0,0,0.501,0.499,26,30,27,31,1,0,5.0,2.0,10.0,2.0,2.78,1.08,-1.08,37.0,20.75941438440951,-13.750107540069708,36.77943336969362,41.62324303980106,36.3377889342217
SI,2025-09-26,97.0,-1.64,5.61,"Ohtani, Shohei",660271,669923,field_out,hit_into_play,,,,,12.0,Shohei Ohtani flies out to center fielder Julio Rodríguez.,R,L,R,SEA,LAD,X,8.0,fly_ball,2,2,2025,-1.3,0.75,1.0,2.67,,,666163.0,1,5,Top,103.85,61.92,,,,,10.083251220991077,-140.9069712018943,-4.050133475598889,-19.666240176085132,31.88858743436164,-21.40968999388568,3.6,1.66,345.0,96.5,25.0,97.4,2323.0,6.6,776168,663728,670042,702284,553993,641487,668227,677594,686527,53.88,0.187,0.262,0.0,1.0,0.0,0.0,5.0,36,5,Sinker,1,2,2,1,2,1,2,1,Infield shade,Standard,222.0,0.028,-0.223,77.8,7.1,0.456,0.223,96.5,-1,1,0.363,0.637,27,30,27,31,3,2,6.0,1.0,8.0,2.0,1.68,1.3,-1.3,29.6,10.685394796666792,1.7579639139843093,42.41171758376626,29.263028742753313,23.990067698769828
SL,2025-09-26,87.6,-2.38,6.18,"Ohtani, Shohei",660271,592426,field_out,hit_into_play,,,,,8.0,Shohei Ohtani flies out to center fielder Julio Rodríguez.,R,L,R,SEA,LAD,X,8.0,fly_ball,0,0,2025,0.0,-0.77,-0.01,1.92,,,,1,7,Top,130.06,70.72,,,,,5.745560578593815,-127.50957602658714,-2.578527010117819,-1.1855104703817945,26.55793385736682,-40.211871676671535,3.6,1.66,319.0,87.6,33.0,88.1,2363.0,6.6,776168,663728,670042,702284,553993,641487,668227,677594,686527,53.91,0.01,0.009,0.0,1.0,0.0,0.0,3.0,53,1,Slider,1,3,3,1,3,1,3,1,Infield shade,Standard,21.0,0.011,-0.254,80.8,8.4,0.019,0.254,88.0,-2,2,0.201,0.7989999999999999,33,30,34,31,1,3,2.0,1.0,2.0,2.0,3.74,0.0,0.0,50.0,19.569278884956443,-7.322917422996205,43.91268404962084,40.8173991327849,33.16271153854787
CH,2025-09-25,82.4,-2.58,5.54,"Ohtani, Shohei",660271,622503,home_run,hit_into_play,,,,,13.0,Shohei Ohtani homers (54) on a fly ball to right center field. Enrique Hernández scores.,R,L,R,AZ,LAD,X,,fly_ball,1,1,2025,-0.71,0.42,-0.07,1.4,571771.0,,,1,4,Top,179.63,43.8,,,,,7.135483684221075,-119.71973962860493,-3.677853575602178,-8.241334228754015,24.564341300635935,-27.635259102009357,3.59,1.65,406.0,102.3,29.0,82.9,1487.0,6.9,776185,672515,694374,606466,677942,672695,664983,677950,682998,53.64,0.6147313432835819,1.2029701492537312,2.0,1.0,0.0,3.0,6.0,31,3,Changeup,0,4,4,0,6,0,6,0,Infield shade,Standard,251.0,-0.049,1.058,73.6,8.7,2.3611343283582102,-1.058,102.3,-4,4,0.102,0.898,30,30,31,31,2,2,4.0,1.0,,1.0,2.97,0.71,-0.71,30.5,17.408503593774213,-4.88551615678188,44.44711800558424,41.92404467042401,31.477285091257137
FS,2025-09-25,86.4,-0.38,6.47,"Ohtani, Shohei",660271,688497,field_out,hit_into_play,,,,,4.0,Shohei Ohtani flies out to center fielder Alek Thomas.,R,L,R,AZ,LAD,X,8.0,fly_ball,0,1,2025,-1.01,0.46,-0.53,2.53,,,500743.0,2,7,Top,140.44,78.91,,,,,1.716434210128526,-125.79423203133813,-4.11220514459688,-11.081821997816888,25.877802950925886,-26.709811535942535,3.59,1.65,301.0,84.9,41.0,87.0,1497.0,6.7,776185,672515,694374,606466,677942,672695,664983,677950,682998,53.82,0.01,0.011,0.0,1.0,0.0,0.0,3.0,61,2,Split-Finger,0,8,8,0,8,0,8,0,Infield shade,Standard,216.0,0.0,-0.229,78.4,8.2,0.019,0.229,88.0,-8,8,0.005,0.995,29,30,29,31,1,4,4.0,1.0,2.0,1.0,2.6,1.01,-1.01,66.1,16.126125612111156,-10.889288629978562,36.01014339249016,45.93093486600151,34.426400073139156
SL,2025-09-25,85.1,-1.25,5.63,"Ohtani, Shohei",660271,687166,field_out,hit_into_play,,,,,8.0,"Shohei Ohtani grounds out sharply, second baseman Ketel Marte to first baseman Tim Tawa.",R,L,R,AZ,LAD,X,4.0,ground_ball,0,2,2025,0.11,-0.64,-0.04,1.98,,,687221.0,2,5,Top,147.99,151.11,,,,,2.627855004738808,-123.96485748923324,-1.014127570931452,0.677814201768606,23.3723727957204,-38.84801213671095,3.59,1.65,19.0,102.5,-5.0,86.0,2669.0,6.7,776185,672515,694374,606466,677942,672695,664983,677950,682998,53.83,0.37,0.349,0.0,1.0,0.0,0.0,2.0,45,5,Slider,0,8,8,0,8,0,8,0,Infield shade,Standard,51.0,0.001,-0.174,74.3,7.8,0.412,0.174,102.5,-8,8,0.014,0.986,26,30,27,31,1,3,,1.0,,1.0,3.77,-0.11,0.11,46.5,7.895068381727678,5.475265957839032,41.24391754083708,41.621999290155834,24.30389113410902
FF,2025-09-25,95.5,1.07,5.82,"Ohtani, Shohei",660271,656222,field_out,hit_into_play,,,,,8.0,Shohei Ohtani flies out sharply to center fielder Alek Thomas.,R,L,L,AZ,LAD,X,8.0,fly_ball,0,2,2025,0.73,1.11,-0.11,2.05,,,,0,1,Top,119.98,39.57,,,,,-4.770363278200873,-138.89888887759653,-6.824877547106234,10.49595092260423,30.81679198688143,-16.439589917181504,3.59,1.65,394.0,100.5,29.0,96.0,2172.0,6.6,776185,672515,694374,606466,677942,672695,664983,677950,682998,53.94,0.5613947368421052,1.097,0.0,1.0,0.0,0.0,6.0,1,3,4-Seam Fastball,0,0,0,0,0,0,0,0,Infield shade,Standard,143.0,0.014,-0.165,75.5,8.1,2.1429473684210523,0.165,100.5,0,0,0.508,0.492,31,30,32,31,1,0,2.0,1.0,,1.0,1.39,0.73,0.73,44.1,14.400929863292347,-8.437326165288393,37.778948567358704,42.42726931913067,30.055675511269182
FF,2025-09-24,97.2,-0.73,6.23,"Ohtani, Shohei",660271,669194,field_out,hit_into_play,,,,,3.0,Shohei Ohtani flies out to center fielder Jorge Barrosa.,R,L,R,AZ,LAD,X,8.0,fly_ball,0,2,2025,-0.13,1.75,0.63,3.1,,,500743.0,2,4,Top,100.54,60.38,,,,,4.0118197352083556,-141.34415530251445,-6.953768665570933,-2.7006928000127375,32.75487323898191,-7.301707756832405,3.57,1.65,349.0,96.7,38.0,98.4,2367.0,7.1,776193,543510,545121,606466,677942,672695,694374,678489,682998,53.44,0.099,0.187,0.0,1.0,0.0,0.0,3.0,32,3,4-Seam Fastball,1,3,3,1,3,1,3,1,Infield shade,Standard,189.0,0.012,-0.173,73.6,7.1,0.354,0.173,96.7,-2,2,0.299,0.7010000000000001,27,30,27,31,3,2,5.0,1.0,,1.0,0.67,0.13,-0.13,56.5,12.302054470940616,5.05169265486276,34.31268798776594,33.805339163542726,23.798361964828132
SI,2025-09-24,89.6,1.04,6.28,"Ohtani, Shohei",660271,685314,grounded_into_double_play,hit_into_play,,,,,8.0,"Shohei Ohtani grounds into a double play, first baseman Ildemaro Vargas to shortstop Geraldo Perdomo. Ben Rortvedt out at 2nd. Shohei Ohtani out at 1st.",R,L,L,AZ,LAD,X,3.0,ground_ball,0,0,2025,0.77,0.4,0.24,2.09,,,666163.0,1,7,Top,150.01,176.87,,,,,-3.5901322461271437,-130.4756463288592,-5.203273035777199,9.497927543663916,26.441401878778898,-26.725559911256585,3.57,1.65,27.0,91.1,-3.0,89.4,2301.0,6.0,776193,543510,545121,606466,677942,672695,694374,678489,682998,54.48,0.261,0.248,0.0,1.0,0.0,0.0,2.0,51,1,Sinker,1,3,3,1,3,1,3,1,Strategic,Standard,158.0,0.037,-0.318,76.5,8.4,0.317,0.318,91.1,-2,2,0.184,0.8160000000000001,27,30,28,31,1,3,8.0,1.0,2.0,1.0,2.43,0.77,0.77,47.9,22.068414121265363,-15.049807508120235,36.56381386525398,40.06162674806502,33.54499687998013
FF,2025-09-24,95.2,-1.11,6.16,"Ohtani, Shohei",660271,669194,triple,hit_into_play,,,,,6.0,Shohei Ohtani triples (9) on a sharp fly ball to right fielder Corbin Carroll.,R,L,R,AZ,LAD,X,9.0,fly_ball,3,1,2025,-0.19,1.68,0.8,2.63,,,,0,1,Top,142.01,62.33,,,,,5.52189100108865,-138.40360555817804,-7.488528692712304,-3.74169555798328,31.289830759906472,-9.118729318464128,3.57,1.65,419.0,108.7,36.0,96.4,2143.0,7.0,776193,543510,545121,606466,677942,672695,694374,678489,682998,53.46,0.8130769230769231,1.644769230769231,1.6,1.0,1.0,2.0,6.0,1,5,4-Seam Fastball,0,0,0,0,0,0,0,0,Infield shade,Standard,196.0,-0.068,0.743,83.7,7.6,3.240384615384616,-0.743,108.7,0,0,0.486,0.514,27,30,27,31,1,0,5.0,1.0,,1.0,0.84,0.19,-0.19,55.1,21.395171459555815,-2.9420222324259635,40.00341298100956,32.13171718049261,28.485183022705932
FC,2025-09-23,91.5,-2.5,5.58,"Ohtani, Shohei",660271,694297,field_out,hit_into_play,,,,,6.0,Shohei Ohtani pops out to third baseman Blaze Alexander.,R,L,R,AZ,LAD,X,5.0,popup,0,0,2025,0.02,0.64,0.65,2.89,,,,1,3,Top,91.69,144.93,,,,,7.95950622874695,-133.20680240237826,-2.343573868166121,-1.3109912652681917,25.88539813895603,-24.230021822261477,3.55,1.64,156.0,88.3,68.0,92.3,2728.0,6.5,776213,543510,545121,606466,677942,672695,664983,677950,682998,53.98,0.008,0.007,0.0,1.0,0.0,0.0,3.0,16,1,Cutter,0,1,1,0,1,0,1,0,Infield shade,Standard,215.0,0.016,-0.254,83.0,7.5,0.008,0.254,88.3,-1,1,0.41,0.5900000000000001,26,30,27,31,2,1,6.0,2.0,5.0,1.0,2.06,-0.02,0.02,27.7,15.055352148167596,1.3321681375958314,37.44810811249411,32.348833569715936,30.83424208988733
FC,2025-09-23,91.7,-2.49,5.59,"Ohtani, Shohei",660271,694297,field_out,hit_into_play,,,,,3.0,"Shohei Ohtani grounds out, second baseman Ketel Marte to first baseman Ildemaro Vargas.",R,L,R,AZ,LAD,X,4.0,ground_ball,1,2,2025,0.05,0.42,0.81,2.98,,,,0,1,Top,148.91,146.44,,,,,8.225597477402808,-133.38176835732244,-1.667294821000648,-1.10942582788355,28.581599775730993,-27.018368149601024,3.55,1.64,102.0,69.2,11.0,91.9,2727.0,6.4,776213,543510,545121,606466,677942,672695,664983,677950,682998,54.06,0.281,0.253,0.0,1.0,0.0,0.0,2.0,1,5,Cutter,0,0,0,0,0,0,0,0,Infield shade,Standard,191.0,0.016,-0.189,78.0,7.1,0.308,0.189,88.0,0,0,0.506,0.494,26,30,27,31,1,0,6.0,2.0,5.0,1.0,2.29,-0.05,0.05,25.1,5.394526909896353,9.191357588028096,35.9841210338931,31.41218189202091,24.820915026346785
CH,2025-09-21,83.5,-1.71,5.06,"Ohtani, Shohei",660271,686790,single,hit_into_play,,,,,13.0,Shohei Ohtani singles on a line drive to right fielder Drew Gilbert.,R,L,R,LAD,SF,X,9.0,line_drive,2,2,2025,-1.4,0.18,-1.15,1.45,,,,0,6,Bot,176.81,113.36,,,,,4.115921402030851,-121.54785164321932,-2.2747630760949873,-14.666985833326644,22.908784939207493,-30.149176399396055,3.54,1.62,196.0,71.3,20.0,84.9,1866.0,7.1,776227,668800,805811,683766,656305,642715,671218,808982,687551,53.39,0.906,0.836,0.9,1.0,1.0,0.0,4.0,40,5,Changeup,0,0,0,0,0,0,0,0,Standard,Standard,243.0,0.053,0.465,64.3,8.7,0.97,-0.465,88.0,0,0,0.573,0.573,24,30,24,31,3,2,5.0,1.0,5.0,2.0,3.08,1.4,-1.4,30.2,17.790870192732086,-12.78238366159666,38.192605814923645,53.23726775877747,33.36843317848377
CU,2025-09-21,87.5,-1.76,5.19,"Ohtani, Shohei",660271,686790,field_out,hit_into_play,,,,,14.0,Shohei Ohtani lines out to right fielder Drew Gilbert.,R,L,R,LAD,SF,X,9.0,line_drive,2,2,2025,0.76,-0.57,0.55,1.36,,,,2,3,Bot,176.21,98.69,,,,,4.0224283585536655,-127.39228670104087,-1.9677427043036675,7.493402808176185,25.14732970934688,-38.20889780669501,3.54,1.62,278.0,83.5,23.0,88.0,2848.0,6.5,776227,668800,805811,683766,656305,642715,671218,808982,687551,53.99,0.357,0.355,0.0,1.0,0.0,0.0,3.0,22,5,Curveball,0,0,0,0,0,0,0,0,Standard,Standard,23.0,-0.011,-0.224,76.5,8.3,0.479,0.224,88.0,0,0,0.511,0.511,24,30,24,31,2,1,5.0,1.0,5.0,2.0,3.53,-0.76,0.76,30.5,21.580187384279665,-10.049587530682135,50.857534733909375,33.74894454674059,36.44813806368103
FF,2025-09-20,99.9,-0.68,6.19,"Ohtani, Shohei",660271,666711,home_run,hit_into_play,,,,,1.0,Shohei Ohtani homers (53) on a fly ball to left center field.,R,L,R,LAD,SF,X,,fly_ball,2,2,2025,-0.86,1.02,-0.33,3.36,,,,0,6,Bot,56.16,51.16,,,,,2.8985707297646273,-145.50040078394775,-4.764437964124613,-12.876092857011258,32.12609204410027,-16.806155324573766,3.53,1.62,403.0,107.4,33.0,98.0,2285.0,5.0,776233,672275,646240,669477,656305,642715,671218,808982,666464,55.45,0.80575,1.6211785714285711,2.0,1.0,0.0,3.0,6.0,56,5,4-Seam Fastball,5,4,5,4,4,6,6,4,Standard,Standard,218.0,0.107,1.141,77.1,7.4,3.199749999999999,-1.141,107.4,1,1,0.738,0.738,28,30,28,31,1,3,3.0,1.0,2.0,1.0,1.25,0.86,-0.86,42.3,8.351535690023336,6.830624781499477,28.002183367079297,44.64638875478499,19.230041845391195
FF,2025-09-19,95.5,2.59,6.07,"Ohtani, Shohei",660271,592662,home_run,hit_into_play,,,,,1.0,Shohei Ohtani homers (52) on a fly ball to left field. Andy Pages scores. Enrique Hernández scores.,R,L,L,LAD,SF,X,,fly_ball,2,2,2025,0.6,1.48,-0.74,3.25,,681624.0,571771.0,2,5,Bot,23.52,89.02,,,,,-10.038586113352489,-138.72379634427682,-5.105804071697506,9.939240160312796,29.085885616746328,-12.1011171437894,3.53,1.62,370.0,100.2,30.0,95.0,2409.0,6.0,776256,672275,527038,669477,656305,642715,671218,687551,666464,54.52,0.4818888888888888,0.9411666666666668,2.0,1.0,0.0,3.0,6.0,42,5,4-Seam Fastball,1,2,1,2,2,4,4,2,Standard,Standard,144.0,0.386,1.742,69.0,7.2,1.8469166666666672,-1.742,100.2,-1,-1,0.4,0.4,33,30,34,31,3,2,5.0,1.0,,1.0,1.02,0.6,0.6,46.3,-0.9919374075732488,13.146078850806,24.202751684564586,49.29691799685668,17.385445021036976
FF,2025-09-19,94.6,2.41,6.09,"Ohtani, Shohei",660271,592662,field_out,hit_into_play,,,,,2.0,Shohei Ohtani lines out sharply to center fielder Drew Gilbert.,R,L,L,LAD,SF,X,8.0,line_drive,0,1,2025,0.79,1.29,-0.15,2.98,,,,1,3,Bot,106.49,57.61,,,,,-8.367274499379366,-137.43496849404883,-5.263477960533433,11.908910264305964,31.49211227103248,-14.792634055006518,3.53,1.62,359.0,105.5,19.0,93.9,2360.0,6.1,776256,672275,527038,669477,656305,642715,671218,687551,666464,54.45,0.4285,0.6652777777777777,0.0,1.0,0.0,0.0,6.0,26,2,4-Seam Fastball,1,2,1,2,2,1,1,2,Standard,Standard,141.0,-0.016,-0.215,77.1,7.5,1.1996111111111114,0.215,105.5,-1,-1,0.406,0.406,33,30,34,31,2,1,5.0,1.0,,1.0,1.27,0.79,0.79,44.1,4.908836871516616,9.256625757911005,29.192783611094235,42.5238747345498,23.184156375393876
FF,2025-09-19,93.9,2.26,6.15,"Ohtani, Shohei",660271,592662,field_out,hit_into_play,,,,,3.0,Shohei Ohtani flies out to center fielder Drew Gilbert.,R,L,L,LAD,SF,X,8.0,fly_ball,0,2,2025,0.64,1.57,0.48,3.34,,,,0,1,Bot,108.72,113.43,,,,,-5.980188424737316,-136.5926932790258,-5.009574099688786,9.29526730915324,30.501063752535988,-11.570947477225952,3.53,1.62,221.0,86.5,56.0,93.2,2325.0,5.9,776256,672275,527038,669477,656305,642715,671218,687551,666464,54.6,0.018,0.017,0.0,1.0,0.0,0.0,3.0,7,3,4-Seam Fastball,0,1,0,1,1,0,0,1,Standard,Standard,144.0,-0.016,-0.165,76.4,7.1,0.021,0.165,88.0,-1,-1,0.44,0.44,33,30,34,31,1,0,5.0,1.0,,1.0,1.02,0.64,0.64,45.0,9.60448733162436,-3.635474913663848,30.035745156592533,34.88962029601056,27.42677968233894
ST,2025-09-18,84.4,-1.69,4.72,"Ohtani, Shohei",660271,657277,double,hit_into_play,,,,,5.0,Shohei Ohtani doubles (23) on a sharp fly ball to right fielder Drew Gilbert. Ben Rortvedt to 3rd.,R,L,R,LAD,SF,X,9.0,fly_ball,0,0,2025,1.21,0.01,0.18,2.51,,,666163.0,1,6,Bot,191.55,68.44,,,,,1.935578002969779,-122.89472167183024,1.2267202557578043,11.897290239223477,24.55232272485036,-32.583177524210996,3.55,1.64,360.0,107.8,23.0,84.9,2485.0,6.6,776271,672275,646240,669477,656305,642715,671218,808982,687551,53.93,0.8606071428571429,1.671750000000001,1.25,1.0,1.0,1.0,6.0,43,1,Sweeper,0,0,0,0,0,0,0,0,Infield shade,Standard,59.0,0.124,0.791,79.9,7.9,3.2619464285714277,-0.791,107.8,0,0,0.578,0.578,28,30,29,31,3,2,5.0,1.0,5.0,1.0,3.19,-1.21,1.21,17.5,15.508796962157026,0.8686677719336555,38.83852804754393,38.16924594403128,27.968111450094057
CH,2025-09-18,86.6,-1.81,4.67,"Ohtani, Shohei",660271,657277,grounded_into_double_play,hit_into_play,,,,,8.0,"Shohei Ohtani grounds into a double play, second baseman Casey Schmitt to shortstop Willy Adames to first baseman Rafael Devers. Ben Rortvedt out at 2nd. Shohei Ohtani out at 1st.",R,L,R,LAD,SF,X,4.0,ground_ball,0,1,2025,-0.64,-0.37,-0.22,1.84,,,666163.0,1,3,Bot,151.79,150.21,,,,,5.135024749765033,-126.11498989419964,0.1651961618197464,-7.790724767293289,24.08391653900574,-36.39427158121819,3.55,1.64,37.0,104.7,-1.0,87.6,1530.0,6.7,776271,672275,646240,669477,656305,642715,671218,808982,687551,53.75,0.496,0.468,0.0,1.0,0.0,0.0,4.0,22,2,Changeup,0,0,0,0,0,0,0,0,Infield shade,Standard,263.0,-0.053,-0.278,77.4,7.9,0.553,0.278,104.7,0,0,0.553,0.553,28,30,29,31,2,1,5.0,1.0,5.0,1.0,3.39,0.64,-0.64,17.6,8.42864599577668,3.9571273949018546,38.60652856206503,42.542299947841066,23.03625314819012
SI,2025-09-18,93.4,1.94,5.95,"Ohtani, Shohei",660271,664192,double,hit_into_play,,,,,8.0,Shohei Ohtani doubles (24) on a sharp line drive to center fielder Jung Hoo Lee.,R,L,L,LAD,SF,X,8.0,line_drive,1,1,2025,0.96,1.04,-0.03,2.15,,,,1,8,Bot,88.8,54.51,,,,,-7.11919514156729,-135.78214021096463,-6.315653316390192,13.333387489037394,27.36271313331007,-18.08735652747777,3.55,1.64,357.0,107.4,17.0,93.1,2334.0,6.0,776271,672275,646240,669477,656305,642715,671218,808982,687551,54.49,0.3768571428571428,0.5465714285714286,1.25,1.0,1.0,1.0,6.0,62,3,Sinker,2,1,2,1,1,2,2,1,Standard,Standard,158.0,0.028,0.652,76.6,7.9,0.9598571428571429,-0.652,107.4,1,1,0.852,0.852,32,30,32,31,1,3,2.0,1.0,3.0,1.0,1.56,0.96,0.96,53.6,6.499732188996192,3.504269184501824,36.42741248847805,44.236476212598305,20.32485214281187
ST,2025-09-17,88.9,2.08,5.59,"Ohtani, Shohei",660271,666200,home_run,hit_into_play,,,,,4.0,Shohei Ohtani homers (51) on a fly ball to center field.,R,L,L,LAD,PHI,X,,fly_ball,2,2,2025,-0.81,-0.03,-0.3,2.62,,,,0,8,Bot,156.44,36.88,,,,,-4.092568351736829,-129.43541790584194,-1.1713844445620294,-8.294358942451064,27.08837354513178,-32.45061914232657,3.54,1.63,408.0,107.8,32.0,87.8,2278.0,5.6,776280,592663,547180,642215,805249,681082,596146,664056,592206,54.95,0.888,1.788,2.0,1.0,0.0,3.0,6.0,56,6,Sweeper,3,0,3,0,0,4,4,0,Infield shade,Standard,333.0,0.016,1.141,79.2,8.1,3.530043478260869,-1.141,107.8,3,3,0.972,0.972,27,30,28,31,4,3,6.0,1.0,7.0,1.0,2.91,-0.81,-0.81,39.3,18.4617063830708,-2.876918524536888,34.35188715274821,45.48551511596678,31.221076420159328
FF,2025-09-17,97.9,2.21,5.79,"Ohtani, Shohei",660271,666200,field_out,hit_into_play,,,,,11.0,Shohei Ohtani lines out to left fielder Max Kepler.,R,L,L,LAD,PHI,X,7.0,line_drive,0,2,2025,1.24,1.39,-0.9,3.11,681624.0,,666163.0,2,2,Bot,78.85,62.23,,,,,-11.113693825918752,-142.12781329028934,-4.906820644359719,19.2878390659277,31.18110449417444,-12.338618207077127,3.54,1.63,358.0,97.1,23.0,97.0,2267.0,5.8,776280,592663,547180,642215,805249,681082,596146,664056,592206,54.69,0.253,0.334,0.0,1.0,0.0,0.0,5.0,16,3,4-Seam Fastball,2,0,2,0,0,2,2,0,Standard,Standard,126.0,-0.023,-0.181,65.6,7.4,0.532,0.181,97.1,2,2,0.735,0.735,27,30,28,31,2,1,6.0,1.0,7.0,1.0,0.99,1.24,1.24,32.7,8.05302795267685,10.145675071193129,26.70646267463218,53.11955270439502,19.849875905439788
FF,2025-09-17,96.6,2.26,5.79,"Ohtani, Shohei",660271,666200,field_out,hit_into_play,,,,,4.0,"Shohei Ohtani grounds out, second baseman Weston Wilson to first baseman Bryce Harper.",R,L,L,LAD,PHI,X,4.0,ground_ball,0,0,2025,1.15,0.89,-0.48,2.82,,,,0,1,Bot,139.5,148.8,,,,,-9.767658543181737,-140.29445038715951,-4.327235416943501,17.43151424884849,31.39478736950252,-19.55840797440544,3.54,1.63,3.0,80.2,-45.0,95.2,2084.0,5.6,776280,592663,547180,642215,805249,681082,596146,664056,592206,54.93,0.104,0.101,0.0,1.0,0.0,0.0,2.0,4,1,4-Seam Fastball,0,0,0,0,0,0,0,0,Strategic,Standard,127.0,-0.022,-0.259,65.7,7.5,0.104,0.259,88.0,0,0,0.548,0.548,27,30,28,31,1,0,6.0,1.0,7.0,1.0,1.56,1.15,1.15,37.6,12.75502256777206,17.426844703998054,28.95016815587727,47.555836152556346,14.803640278257774
FS,2025-09-16,99.2,-2.34,5.86,"Ohtani, Shohei",660271,661395,field_out,hit_into_play,,,,,8.0,"Shohei Ohtani grounds out sharply, pitcher Jhoan Duran to first baseman Bryce Harper.",R,L,R,LAD,PHI,X,1.0,ground_ball,3,1,2025,-1.07,0.26,0.03,1.75,,,,2,9,Bot,128.38,183.6,,,,,8.944413111517719,-144.16120681062506,-6.414119770286391,-16.959660077091552,31.13920560674739,-27.3402861558746,3.53,1.62,8.0,104.3,-11.0,99.0,1878.0,6.1,776297,665561,547180,642215,805249,681082,669016,664056,596146,54.4,0.301,0.283,0.0,1.0,0.0,0.0,2.0,75,5,Split-Finger,6,9,6,9,9,6,6,9,Standard,Standard,242.0,-0.009,-0.414,73.7,7.4,0.341,0.414,104.3,-3,-3,0.009,0.009,27,30,27,31,1,4,1.0,1.0,5.0,1.0,2.05,1.07,-1.07,31.6,0.0731372067528512,18.842497678836587,41.69398551603643,40.52605217580667,14.34593960362324
SI,2025-09-16,96.3,1.91,5.87,"Ohtani, Shohei",660271,650911,single,hit_into_play,,,,,4.0,Shohei Ohtani singles on a sharp ground ball to second baseman Weston Wilson.,R,L,L,LAD,PHI,X,4.0,ground_ball,1,1,2025,1.33,0.32,-0.31,2.91,,,,0,1,Bot,150.77,150.92,,,,,-8.983669550578561,-140.09386862646178,-3.07310172968243,19.53862934742364,28.70580284985422,-27.46319151642116,3.53,1.62,16.0,102.9,-10.0,97.3,2209.0,6.7,776297,665561,547180,642215,805249,681082,669016,664056,596146,53.83,0.266,0.258,0.9,1.0,1.0,0.0,2.0,5,3,Sinker,0,0,0,0,0,0,0,0,Infield shade,Standard,123.0,0.036,0.447,71.7,7.6,0.266,-0.447,102.9,0,0,0.547,0.547,28,30,29,31,1,0,6.0,1.0,7.0,1.0,2.12,1.33,1.33,30.6,8.452985723483183,4.122573030934519,30.23415585792981,46.38122697209896,24.27630699847336
FC,2025-09-16,90.2,-2.81,5.74,"Ohtani, Shohei",660271,502085,home_run,hit_into_play,,,,,12.0,Shohei Ohtani homers (50) on a fly ball to right field.,R,L,R,LAD,PHI,X,,fly_ball,1,0,2025,0.4,1.14,0.86,3.0,,,,0,8,Bot,225.21,52.28,,,,,8.271648904411315,-131.21041367181078,-3.3485069425850846,3.1083156948221093,24.20093164929798,-18.416694221659572,3.53,1.62,430.0,113.4,37.0,90.7,2689.0,6.3,776297,665561,547180,642215,805249,681082,669016,664056,596146,54.2,0.919,1.872,2.0,1.0,0.0,3.0,6.0,60,2,Cutter,4,6,4,6,6,5,5,6,Standard,Standard,187.0,0.133,1.073,81.4,7.8,3.686,-1.073,113.4,-2,-2,0.175,0.175,40,30,40,31,1,3,1.0,1.0,7.0,1.0,1.63,-0.4,0.4,39.9,24.975382623385048,-11.2240741689554,39.51260988927253,30.25907989935044,33.53256612310935
CU,2025-09-15,76.1,2.14,5.71,"Ohtani, Shohei",660271,624133,double,hit_into_play,,,,,7.0,Shohei Ohtani doubles (22) on a ground ball to right fielder Max Kepler. Chuckie Robinson to 3rd.,R,L,L,LAD,PHI,X,9.0,ground_ball,0,1,2025,-0.71,-0.68,-0.5,1.95,,,642020.0,1,5,Bot,211.29,107.95,,,,,-4.275229682249205,-110.87820366448597,0.3319153248165591,-5.11955456721125,18.956563477837012,-38.03529345515451,3.55,1.62,86.0,89.0,6.0,76.5,2008.0,6.4,776311,592663,547180,642215,805249,681082,669016,664056,596146,54.12,0.491,0.467,1.25,1.0,1.0,1.0,4.0,38,2,Curveball,2,1,2,1,1,2,2,1,Infield shade,Standard,313.0,0.084,0.832,66.7,8.8,0.555,-0.832,89.0,1,1,0.706,0.706,29,30,30,31,3,2,6.0,1.0,6.0,1.0,4.59,-0.71,-0.71,42.0,19.592946730369952,-19.57213795080488,35.567883018841705,46.64247869783517,35.25092939374797
FF,2025-09-14,95.2,2.54,6.26,"Ohtani, Shohei",660271,592662,field_out,hit_into_play,,,,,11.0,Shohei Ohtani flies out to left fielder Heliot Ramos.,R,L,L,SF,LAD,X,7.0,fly_ball,0,1,2025,0.59,1.41,-0.21,3.8,,,666163.0,2,4,Top,69.76,128.5,,,,,-8.515343725000916,-138.4543021294235,-3.981259532999072,9.452289694569496,30.20834616226661,-13.347094287233912,3.56,1.62,226.0,91.2,54.0,95.2,2434.0,6.3,776325,672275,527038,669477,656305,642715,671218,808982,687551,54.23,0.008,0.007,0.0,1.0,0.0,0.0,3.0,33,2,4-Seam Fastball,1,2,2,1,2,1,2,1,Standard,Standard,147.0,0.02,-0.229,70.2,7.0,0.011,0.229,91.2,-1,1,0.408,0.5920000000000001,33,30,34,31,3,2,5.0,1.0,5.0,1.0,1.11,0.59,0.59,46.2,6.882377853731216,9.38098597522866,22.99160272301797,42.72998523852084,19.576736101251925
FF,2025-09-14,100.3,-0.83,6.23,"Ohtani, Shohei",660271,666711,field_out,hit_into_play,,,,,1.0,Shohei Ohtani flies out to left fielder Heliot Ramos.,R,L,R,SF,LAD,X,7.0,fly_ball,2,2,2025,-0.6,1.15,-0.68,3.54,624424.0,,666163.0,2,5,Top,72.51,69.04,,,,,1.7966807823030266,-146.0035339303524,-4.7038116825066405,-8.990425879017145,35.402247082924994,-14.82560868153704,3.56,1.62,348.0,95.8,32.0,98.3,2183.0,5.2,776325,672275,527038,669477,656305,642715,671218,808982,687551,55.28,0.2058461538461538,0.4006153846153846,0.0,1.0,0.0,0.0,5.0,45,7,4-Seam Fastball,1,6,6,1,6,1,6,1,Standard,Strategic,212.0,0.01,-0.224,68.3,7.2,0.7816923076923078,0.224,95.8,-5,5,0.065,0.935,28,30,28,31,1,3,2.0,1.0,1.0,1.0,1.12,0.6,-0.6,50.3,1.1365426624838857,7.181470818489112,21.49051272094771,49.325037886550845,17.504575958276547
SI,2025-09-14,95.4,-2.34,6.47,"Ohtani, Shohei",660271,664141,field_out,hit_into_play,,,,,6.0,Shohei Ohtani flies out sharply to center fielder Jung Hoo Lee.,R,L,R,SF,LAD,X,8.0,fly_ball,0,0,2025,-1.18,0.94,0.54,2.84,,,,1,7,Top,127.72,44.28,,,,,10.08430616943338,-138.5531004675783,-5.965108159837577,-17.435554663242385,29.69348429181092,-18.89032790140961,3.56,1.62,382.0,108.6,41.0,94.3,27.0,5.7,776325,668800,527038,669477,656305,642715,671218,808982,687551,54.83,0.529,1.0725,0.0,1.0,0.0,0.0,6.0,60,1,Sinker,1,8,8,1,8,1,8,1,Standard,Standard,232.0,0.001,-0.254,77.4,7.5,2.1075,0.254,108.6,-7,7,0.009,0.991,31,30,32,31,1,4,4.0,1.0,6.0,1.0,1.57,1.18,-1.18,44.8,17.008684087501965,-0.7401481432878759,36.040935361659486,32.31213813854908,27.553760315841323
FC,2025-09-14,92.5,-2.02,6.03,"Ohtani, Shohei",660271,693313,single,hit_into_play,,,,,2.0,Shohei Ohtani singles on a fly ball to center fielder Jung Hoo Lee.,R,L,R,SF,LAD,X,8.0,fly_ball,0,0,2025,-0.05,0.4,-0.09,3.5,,,,0,9,Top,122.45,112.28,,,,,5.020809735825693,-134.66633734633913,-1.5233951425331995,-1.6284673276029027,28.755817921900015,-27.2400713616795,3.56,1.62,220.0,83.8,53.0,92.7,2297.0,6.3,776325,668800,527038,669477,656305,642715,671218,808982,687551,54.18,0.028,0.032,0.9,1.0,1.0,0.0,3.0,80,1,Cutter,2,9,9,2,9,2,9,2,Standard,Standard,241.0,0.0,0.438,76.0,7.8,0.041,-0.438,88.0,-7,7,0.001,0.999,26,30,27,31,1,5,4.0,1.0,5.0,1.0,2.26,0.05,-0.05,38.9,13.17389057923176,2.359729387076167,28.276684799198552,39.71087872416922,23.37711669377702
SI,2025-09-13,92.1,-1.37,5.06,"Ohtani, Shohei",660271,657277,home_run,hit_into_play,,,,,5.0,Shohei Ohtani homers (49) on a fly ball to center field.,R,L,R,SF,LAD,X,,fly_ball,1,0,2025,-1.34,0.11,0.21,2.86,,,,0,3,Top,119.05,15.14,,,,,6.944524207695189,-133.9687673507617,0.0001682450152895,-17.633431703207922,28.438368255218087,-31.004739993948405,3.56,1.61,454.0,114.8,25.0,92.6,1935.0,6.6,776328,672275,646240,669477,656305,642715,671218,682641,666464,53.9,0.991,2.0,2.0,1.0,0.0,3.0,6.0,25,2,Sinker,4,1,1,4,2,4,2,4,Infield shade,Standard,247.0,-0.078,1.073,78.3,7.5,3.933,-1.073,114.8,3,-3,0.79,0.2099999999999999,28,30,29,31,2,1,5.0,1.0,5.0,1.0,2.57,1.34,-1.34,24.7,16.14250953717309,0.7273790590439146,35.04679753540502,38.15667883882004,24.2905868054385
SL,2025-09-13,86.3,2.45,6.25,"Ohtani, Shohei",660271,657424,field_out,hit_into_play,,,,,4.0,Shohei Ohtani lines out to right fielder Jerar Encarnacion.,R,L,L,SF,LAD,X,9.0,line_drive,1,0,2025,-0.43,0.08,-0.65,2.37,500743.0,,,2,6,Top,167.3,83.62,,,,,-6.504122172621776,-125.51837492528712,-3.133194532465156,-3.1186553690046463,27.46045314060734,-30.832907405181764,3.56,1.61,305.0,89.1,25.0,86.2,2351.0,6.4,776328,672275,646240,669477,656305,642715,671218,682641,666464,54.07,0.111,0.132,0.0,1.0,0.0,0.0,3.0,65,2,Slider,7,12,12,7,12,7,12,7,Standard,Standard,249.0,0.008,-0.303,69.7,8.3,0.204,0.303,89.1,-5,5,0.049,0.951,32,30,32,31,1,4,4.0,1.0,2.0,1.0,3.0,-0.43,-0.43,50.7,16.801558256516234,-4.991453996027227,32.86296317741879,48.84146075827768,29.922199763573985
FF,2025-09-13,96.4,-1.29,6.54,"Ohtani, Shohei",660271,676775,single,hit_into_play,,,,,11.0,Shohei Ohtani singles on a ground ball to right fielder Jerar Encarnacion.,R,L,R,SF,LAD,X,9.0,ground_ball,0,0,2025,-0.93,1.22,-0.96,3.66,,,,1,9,Top,153.34,98.98,,,,,2.9775466899377636,-140.3586268494033,-4.8751346038101,-12.938257268837194,30.213242073273953,-15.190769861862355,3.56,1.61,26.0,88.6,-6.0,96.3,2306.0,6.1,776328,672275,646240,669477,656305,642715,671218,682641,666464,54.43,0.157,0.151,0.9,1.0,1.0,0.0,2.0,85,1,4-Seam Fastball,7,12,12,7,12,7,12,7,Standard,Standard,219.0,-0.001,0.414,72.5,7.4,0.175,-0.414,88.6,-5,5,0.007,0.993,27,30,27,31,1,5,3.0,1.0,2.0,1.0,1.22,0.93,-0.93,44.0,9.143975809131817,6.797582735272177,26.599327776387177,50.90879404567232,19.589232477303486
SI,2025-09-13,92.0,-1.58,5.1,"Ohtani, Shohei",660271,657277,single,hit_into_play,,,,,1.0,Shohei Ohtani singles on a ground ball to shortstop Willy Adames.,R,L,R,SF,LAD,X,6.0,ground_ball,1,2,2025,-1.22,0.06,-0.46,3.16,,,,0,1,Top,109.76,151.68,,,,,5.5334362487406255,-133.95965161385996,0.7326386527411891,-15.926966501367096,25.50466739644756,-31.804605210302032,3.56,1.61,26.0,96.0,-5.0,93.4,1963.0,6.8,776328,672275,646240,669477,656305,642715,671218,682641,666464,53.69,0.306,0.287,0.9,1.0,1.0,0.0,2.0,1,4,Sinker,0,0,0,0,0,0,0,0,Standard,Standard,246.0,-0.042,0.508,66.7,6.7,0.352,-0.508,96.0,0,0,0.506,0.494,28,30,29,31,1,0,5.0,1.0,5.0,1.0,2.61,1.22,-1.22,24.1,-13.960517943580738,10.683310619155082,29.883978295397085,46.028444840497514,9.653044953022386
SL,2025-09-12,86.2,-2.05,7.24,"Ohtani, Shohei",660271,434378,field_out,hit_into_play,,,,,14.0,Shohei Ohtani flies out to center fielder Jung Hoo Lee.,R,L,R,SF,LAD,X,8.0,fly_ball,0,2,2025,0.42,0.3,0.02,1.2,,,,2,5,Top,102.89,105.93,,,,,4.023955607468844,-125.31976697527168,-8.677035985237554,3.694211943912904,23.567904154064426,-27.585141562273133,3.55,1.61,241.0,79.0,45.0,85.7,2603.0,5.8,776350,672275,527038,669477,656305,642715,671218,808982,687551,54.66,0.053,0.055,0.0,1.0,0.0,0.0,3.0,33,3,Slider,1,0,0,1,0,1,0,1,Standard,Standard,171.0,0.01,-0.16,66.6,8.7,0.072,0.16,88.0,1,-1,0.698,0.302,42,30,42,31,3,2,6.0,2.0,5.0,1.0,2.76,-0.42,0.42,56.5,23.522929169570695,-9.942710636096214,46.92759434297425,39.10277893697077,33.89954968920507
CH,2025-09-12,83.7,-2.47,7.1,"Ohtani, Shohei",660271,434378,field_out,hit_into_play,,,,,13.0,"Shohei Ohtani grounds out, second baseman Casey Schmitt to first baseman Dominic Smith.",R,L,R,SF,LAD,X,4.0,ground_ball,0,2,2025,-0.88,0.74,-1.42,2.12,,,,0,1,Top,155.23,145.71,,,,,4.129014131453737,-121.78792948803418,-6.4770907702369405,-9.61398980432612,23.847341244320923,-23.737948649679403,3.55,1.61,90.0,70.9,8.0,82.9,1751.0,5.7,776350,672275,642086,669477,656305,642715,671218,808982,687551,54.76,0.284,0.271,0.0,1.0,0.0,0.0,2.0,1,4,Changeup,0,0,0,0,0,0,0,0,Standard,Standard,233.0,0.014,-0.165,56.7,8.6,0.317,0.165,88.0,0,0,0.508,0.492,42,30,42,31,1,0,6.0,2.0,5.0,1.0,2.51,0.88,-0.88,47.9,23.86418264589676,-8.003308725996787,30.200440857510824,57.933716002764,21.505214172635423
KC,2025-09-10,84.5,2.69,5.56,"Ohtani, Shohei",660271,607536,field_out,hit_into_play,,,,,5.0,Shohei Ohtani lines out softly to third baseman Kyle Karros.,R,L,L,LAD,COL,X,5.0,line_drive,0,2,2025,-0.22,-0.58,0.1,2.31,,666163.0,,2,4,Bot,106.9,159.98,,,,,-5.6318239237208525,-123.12694386745412,-0.1422898262456893,-1.3199595077825732,21.36843838144759,-38.27051440277327,3.56,1.61,116.0,57.8,16.0,85.8,2278.0,6.8,776380,690924,571657,606115,691720,678662,687597,686668,671289,53.73,0.187,0.169,0.0,1.0,0.0,0.0,1.0,34,3,Knuckle Curve,4,0,4,0,0,4,4,0,Standard,Standard,320.0,-0.008,-0.193,62.4,7.3,0.187,0.193,88.0,4,4,0.904,0.904,32,30,32,31,3,2,5.0,1.0,6.0,2.0,3.73,-0.22,-0.22,24.3,-1.849000805439336,19.816688258714624,32.31058831470715,41.9075502245841,14.85576595454071
ST,2025-09-10,83.2,2.79,5.55,"Ohtani, Shohei",660271,607536,single,hit_into_play,,,,,6.0,Shohei Ohtani singles on a sharp ground ball to right fielder Tyler Freeman. Andy Pages scores.,R,L,L,LAD,COL,X,9.0,ground_ball,0,0,2025,-0.92,-0.16,0.69,2.9,681624.0,,,2,2,Bot,179.28,105.53,,,,,-3.027464694883598,-121.14681773528947,0.7027676338267517,-8.406156762582647,24.65948267924108,-34.086319248853556,3.56,1.61,22.0,103.8,-6.0,83.1,2240.0,6.3,776380,690924,571657,606115,691720,678662,687597,686668,671289,54.21,0.365,0.344,0.9,1.0,1.0,0.0,2.0,17,1,Sweeper,2,0,2,0,0,3,3,0,Standard,Standard,314.0,0.067,0.729,76.4,7.1,0.406,-0.729,103.8,2,2,0.74,0.74,32,30,32,31,2,1,5.0,1.0,6.0,2.0,3.46,-0.92,-0.92,24.8,10.150767078255942,3.1321574870269866,36.40446573912645,33.081928862055875,27.965365189759822
FF,2025-09-10,90.5,2.57,5.95,"Ohtani, Shohei",660271,607536,field_out,hit_into_play,,,,,3.0,Shohei Ohtani flies out sharply to center fielder Brenton Doyle.,R,L,L,LAD,COL,X,8.0,fly_ball,0,0,2025,0.54,1.29,0.42,3.33,,,,0,1,Bot,101.83,59.52,,,,,-6.548559431092974,-131.66734380480156,-3.412403616573428,7.574704376208753,26.297476906266063,-16.629155556702543,3.56,1.61,351.0,108.5,45.0,91.2,2274.0,6.6,776380,690924,571657,606115,691720,678662,687597,686668,671289,53.93,0.251,0.505,0.0,1.0,0.0,0.0,6.0,5,1,4-Seam Fastball,0,0,0,0,0,0,0,0,Infield shade,Standard,145.0,-0.022,-0.259,78.1,7.3,0.982,0.259,108.5,0,0,0.548,0.548,32,30,32,31,1,0,5.0,1.0,6.0,2.0,1.48,0.54,0.54,33.5,16.38818908458532,2.616454010326751,34.274034887613254,35.81754774652645,27.57462562695617
KC,2025-09-09,85.9,-1.83,6.27,"Ohtani, Shohei",660271,608566,single,hit_into_play,,,,,5.0,Shohei Ohtani singles on a sharp ground ball to right fielder Mickey Moniak. Andy Pages scores.,R,L,R,LAD,COL,X,9.0,ground_ball,0,1,2025,0.34,-0.03,0.2,2.46,,681624.0,,1,5,Bot,193.19,104.93,,,,,4.076489369054602,-125.06988016629998,-2.7229372097501656,2.7562510818025903,23.826838335628327,-32.2025725507883,3.54,1.61,48.0,105.8,0.0,84.9,2615.0,5.5,776389,696100,669911,671289,691720,678662,687597,686668,666160,55.02,0.506,0.459,0.9,1.0,1.0,0.0,4.0,34,2,Knuckle Curve,4,0,4,0,0,5,5,0,Standard,Standard,48.0,0.026,0.577,82.1,7.9,0.544,-0.577,105.8,4,4,0.935,0.935,30,30,30,31,3,2,6.0,1.0,5.0,1.0,3.1,-0.34,0.34,47.2,17.29453535525205,-8.174077873034932,37.05248328897285,36.20822575370778,29.808456118581994
CU,2025-09-09,80.4,-0.78,6.25,"Ohtani, Shohei",660271,672710,field_out,hit_into_play,,,,,7.0,Shohei Ohtani grounds out to first baseman Michael Toglia.,R,L,R,LAD,COL,X,3.0,ground_ball,1,2,2025,0.34,-0.4,-0.78,1.58,,,,1,7,Bot,161.11,169.02,,,,,-0.6445256463697369,-117.15779454482072,-2.897249199761105,3.28364758988129,23.00148219290534,-35.51531911816107,3.54,1.61,5.0,80.2,-17.0,80.1,2598.0,6.1,776389,696100,669911,671289,691720,678662,687597,686668,666160,54.42,0.058,0.058,0.0,1.0,0.0,0.0,2.0,52,4,Curveball,5,1,5,1,1,5,5,1,Strategic,Standard,43.0,-0.002,-0.18,65.4,8.5,0.058,0.18,88.0,4,4,0.968,0.968,25,30,26,31,1,3,3.0,1.0,5.0,1.0,3.93,-0.34,0.34,46.7,17.872337563030772,-4.8775860582735655,38.8681005386987,48.225656209891056,29.908988400648436
FF,2025-09-09,92.6,-2.05,6.22,"Ohtani, Shohei",660271,608566,field_out,hit_into_play,,,,,4.0,Shohei Ohtani flies out sharply to center fielder Brenton Doyle.,R,L,R,LAD,COL,X,8.0,fly_ball,2,0,2025,-1.09,1.11,-0.61,2.47,,,,0,1,Bot,97.35,79.2,,,,,5.887448757606763,-134.63283846643623,-6.056456483072127,-14.499498939981454,28.89239865319778,-17.57727287872898,3.54,1.61,306.0,105.9,48.0,90.7,2219.0,5.2,776389,696100,669911,671289,691720,678662,687597,686668,666160,55.33,0.073,0.131,0.0,1.0,0.0,0.0,5.0,4,3,4-Seam Fastball,0,0,0,0,0,0,0,0,Infield shade,Standard,226.0,-0.032,-0.378,76.4,8.2,0.254,0.378,105.9,0,0,0.558,0.558,30,30,30,31,1,0,6.0,1.0,5.0,1.0,1.55,1.09,-1.09,36.4,14.94069801224169,1.6218462313508932,35.43354234491923,47.253273218471854,27.047473797515735
CH,2025-09-08,90.5,-1.48,5.78,"Ohtani, Shohei",660271,683409,double,hit_into_play,,,,,14.0,Shohei Ohtani doubles (21) on a sharp line drive to right fielder Tyler Freeman. Andy Pages to 3rd.,R,L,R,LAD,COL,X,9.0,line_drive,2,1,2025,-1.38,0.4,0.84,1.71,,,681624.0,2,7,Bot,175.42,126.09,,,,,8.69588965718127,-131.45707947206873,-5.065009654887928,-17.80312775891958,27.024401497343245,-26.640420245172617,3.54,1.61,151.0,114.3,9.0,90.2,1996.0,6.1,776408,696100,571657,690022,691720,678662,687597,666160,671289,54.35,0.762,0.751,1.25,1.0,1.0,1.0,5.0,51,4,Changeup,1,1,1,1,1,1,1,1,Strategic,Standard,244.0,0.052,0.878,79.7,7.9,1.003,-0.878,114.3,0,0,0.545,0.545,22,30,23,31,1,3,2.0,1.0,2.0,1.0,2.39,1.38,-1.38,35.4,15.6171699797684,-3.188730406167657,50.29041333878555,30.65436262100241,29.30843759627615
FF,2025-09-07,94.9,-2.48,6.03,"Ohtani, Shohei",660271,608372,home_run,hit_into_play,,,,,6.0,Shohei Ohtani homers (48) on a fly ball to center field.,R,L,R,BAL,LAD,X,,fly_ball,2,0,2025,-0.59,1.25,0.6,2.56,,,,0,3,Top,139.08,38.22,,,,,9.320959676135452,-137.81708657131665,-6.2039716811059025,-9.46355608153705,29.20017286661298,-14.995594049613434,3.51,1.61,399.0,108.2,27.0,94.6,2335.0,6.1,776427,656577,691723,676679,656896,683002,666185,622761,669236,54.36,0.926,1.8696000000000008,2.0,1.0,0.0,3.0,6.0,17,3,4-Seam Fastball,0,1,1,0,2,0,2,0,Infield shade,Standard,201.0,-0.09,0.996,76.3,7.7,3.698025,-0.996,108.2,-1,1,0.378,0.622,35,30,36,31,2,1,7.0,1.0,6.0,1.0,1.28,0.59,-0.59,35.7,14.139533251353788,0.8461078516432962,42.27412456518337,31.54985449987896,25.62766406164714
SI,2025-09-07,94.4,-2.57,6.1,"Ohtani, Shohei",660271,608372,home_run,hit_into_play,,,,,11.0,Shohei Ohtani homers (47) on a fly ball to center field.,R,L,R,BAL,LAD,X,,fly_ball,1,0,2025,-1.04,1.14,-0.85,3.39,,,,0,1,Top,150.09,34.47,,,,,6.756027775327913,-137.3702889774985,-3.8898564851504887,-14.601463090925805,30.291224106133885,-17.11119061652183,3.51,1.61,411.0,109.8,23.0,94.1,2205.0,6.1,776427,656577,691723,676679,656896,683002,666185,622761,669236,54.38,0.9290384615384611,1.8238846153846155,2.0,1.0,0.0,3.0,6.0,1,2,Sinker,0,0,0,0,1,0,1,0,Strategic,Standard,207.0,-0.092,1.073,75.0,7.6,3.577230769230769,-1.073,109.8,0,0,0.496,0.504,35,30,36,31,1,0,7.0,1.0,6.0,1.0,1.42,1.04,-1.04,43.2,11.429338091742627,5.3034619619205685,28.71051465972524,49.25774483687583,23.29402041811362
SL,2025-09-06,82.7,1.91,5.7,"Ohtani, Shohei",660271,669432,field_out,hit_into_play,,,,,13.0,"Shohei Ohtani grounds out, shortstop Gunnar Henderson to first baseman Coby Mayo. Miguel Rojas scores. Enrique Hernández to 3rd.",R,L,L,BAL,LAD,X,6.0,ground_ball,0,0,2025,-0.5,0.36,-0.97,1.98,500743.0,571771.0,,1,3,Top,114.82,155.74,,,,,-5.635468427980433,-120.38807981268108,-2.722187981158687,-3.838105384711524,21.955786848607797,-28.401742306894675,3.51,1.62,4.0,67.6,-28.0,83.4,2224.0,6.6,776443,694212,691723,702616,656896,683002,687637,681297,669236,53.9,0.038,0.046,0.0,1.0,0.0,0.0,2.0,16,1,Slider,0,0,0,0,1,0,1,0,Standard,Standard,217.0,-0.004,-0.229,70.3,8.6,0.038,0.229,88.0,0,0,0.403,0.597,27,30,28,31,2,1,7.0,1.0,6.0,1.0,2.96,-0.5,-0.5,22.1,14.340389704960806,-19.699205849183663,34.122325500222495,51.290805943409225,34.30412485416136
FF,2025-09-06,94.6,-1.41,6.54,"Ohtani, Shohei",660271,544150,field_out,hit_into_play,,,,,11.0,"Shohei Ohtani grounds out, second baseman Jackson Holliday to first baseman Coby Mayo.",R,L,R,BAL,LAD,X,4.0,ground_ball,2,2,2025,-0.36,1.19,-0.5,3.83,,,,1,9,Top,144.72,145.6,,,,,3.1887171325106194,-137.56033278368312,-3.9464117269533623,-5.282447550755536,35.19990117109977,-16.461460179292708,3.51,1.62,9.0,89.3,-21.0,94.2,2560.0,6.5,776443,656577,691723,702616,656896,683002,687637,681297,669236,54.04,0.063,0.062,0.0,1.0,0.0,0.0,2.0,62,6,4-Seam Fastball,0,3,3,0,3,0,3,0,Infield shade,Standard,215.0,0.003,-0.228,75.9,7.2,0.063,0.228,89.3,-3,3,0.038,0.962,35,30,36,31,2,4,4.0,1.0,4.0,1.0,1.39,0.36,-0.36,46.8,11.630958465608469,10.95328266257987,20.760864955164553,44.923892720305034,17.702553730272687
SI,2025-09-06,94.4,2.03,5.88,"Ohtani, Shohei",660271,669432,single,hit_into_play,,,,,3.0,Shohei Ohtani singles on a line drive to right fielder Jeremiah Jackson.,R,L,L,BAL,LAD,X,9.0,line_drive,3,2,2025,1.39,0.86,0.81,2.96,,,,0,1,Top,161.21,91.64,,,,,-6.291122744469995,-137.3243037619061,-3.80791058772024,18.924001130801702,31.173634339807876,-20.60579501954203,3.51,1.62,232.0,84.4,19.0,94.7,2418.0,6.5,776443,694212,691723,702616,656896,683002,687637,681297,669236,53.98,0.838,0.812,0.9,1.0,1.0,0.0,4.0,1,6,Sinker,0,0,0,0,0,0,0,0,Standard,Standard,128.0,-0.031,0.353,79.6,7.6,0.994,-0.353,88.0,0,0,0.495,0.505,27,30,28,31,1,0,7.0,1.0,6.0,1.0,1.7,1.39,1.39,22.7,15.562077358391074,1.201100645978156,35.117535232425325,31.767036386760957,25.282144033946423
FF,2025-09-06,93.2,-1.53,6.34,"Ohtani, Shohei",660271,544150,field_out,hit_into_play,,,,,1.0,Shohei Ohtani lines out to left fielder Dylan Beavers.,R,L,R,BAL,LAD,X,7.0,line_drive,0,0,2025,-0.54,1.34,-0.46,3.06,,,666163.0,0,7,Top,76.28,72.24,,,,,3.962298581732437,-135.66651591983273,-5.6389049443970105,-7.50983110999394,30.55751604028914,-14.581023682326697,3.51,1.62,338.0,96.9,23.0,93.8,2421.0,6.7,776443,656577,691723,702616,656896,683002,687637,681297,669236,53.82,0.253,0.334,0.0,1.0,0.0,0.0,5.0,47,1,4-Seam Fastball,0,2,2,0,2,0,2,0,Standard,Standard,215.0,0.022,-0.242,77.4,7.3,0.532,0.242,96.9,-2,2,0.162,0.838,35,30,36,31,1,3,4.0,1.0,4.0,1.0,1.29,0.54,-0.54,42.2,2.1417992383761537,13.752499187373138,29.032967039854043,43.5798233551696,15.71085525088754
FF,2025-09-05,94.6,1.71,6.38,"Ohtani, Shohei",660271,608650,grounded_into_double_play,hit_into_play,,,,,4.0,"Shohei Ohtani grounds into a double play, shortstop Gunnar Henderson to first baseman Coby Mayo. Miguel Rojas out at 2nd. Shohei Ohtani out at 1st.",R,L,L,BAL,LAD,X,6.0,ground_ball,0,0,2025,0.47,1.37,-0.4,2.66,,,500743.0,0,5,Top,119.89,145.09,,,,,-6.530089958794838,-137.5607525792184,-7.059899326462729,7.39371437987768,29.86615287130911,-13.41231472486796,3.51,1.62,25.0,110.9,-4.0,94.5,2086.0,6.2,776454,694212,691723,702616,656896,683002,687637,681297,669236,54.27,0.423,0.381,0.0,1.0,0.0,0.0,4.0,36,1,4-Seam Fastball,0,0,0,0,0,0,0,0,Standard,Standard,152.0,0.1,-0.336,76.2,7.3,0.437,0.336,110.9,0,0,0.452,0.548,34,30,34,31,1,2,4.0,1.0,4.0,1.0,1.18,0.47,0.47,49.6,-0.2977817287182057,11.035574538780567,32.3959207401701,45.74292994955945,16.71647373099478
SI,2025-09-05,97.5,2.1,6.26,"Ohtani, Shohei",660271,664991,field_out,hit_into_play,,,,,6.0,"Shohei Ohtani grounds out, second baseman Jackson Holliday to first baseman Coby Mayo.",R,L,L,BAL,LAD,X,4.0,ground_ball,0,0,2025,1.26,0.99,0.8,2.71,,,,1,7,Top,145.74,151.18,,,,,-6.39946742001562,-141.85851179729852,-6.326079806473651,18.408929296635915,30.86047352950746,-17.54625094900052,3.51,1.62,21.0,99.5,-6.0,97.8,2263.0,6.4,776454,694212,691723,702616,656896,683002,687637,681297,669236,54.15,0.278,0.267,0.0,1.0,0.0,0.0,2.0,54,1,Sinker,1,1,1,1,1,1,1,1,Infield shade,Standard,141.0,0.029,-0.254,73.9,7.0,0.291,0.254,99.5,0,0,0.539,0.4609999999999999,28,30,29,31,1,3,7.0,1.0,2.0,1.0,1.4,1.26,1.26,39.3,5.791999442492886,10.020134852306098,39.15484299828875,33.81784851175049,21.84609477414201
ST,2025-09-04,81.2,4.1,4.48,"Ohtani, Shohei",660271,681895,field_out,hit_into_play,,,,,4.0,Shohei Ohtani pops out to second baseman Nick Gonzales.,R,L,L,PIT,LAD,X,4.0,popup,2,2,2025,-1.2,0.84,-0.34,2.8,,,,2,8,Top,150.67,160.12,,,,,-7.673224712512338,-117.96496859698776,1.317180384982645,-9.632885488881367,23.64545792029594,-24.877329046758955,3.54,1.64,184.0,86.2,61.0,81.4,2342.0,6.6,776461,680779,687462,693304,687478,669707,502054,672744,668804,53.89,0.015,0.014,0.0,1.0,0.0,0.0,3.0,61,5,Sweeper,5,0,0,5,0,5,0,5,Standard,Standard,274.0,0.002,-0.224,62.1,7.9,0.018,0.224,88.0,5,-5,0.993,0.007,28,30,28,31,1,3,1.0,1.0,2.0,1.0,2.64,-1.2,-1.2,5.3,19.81126984323399,-11.64847893468773,32.733035076304795,46.1447900675395,34.55489224674873
CU,2025-09-03,85.0,-0.85,6.29,"Ohtani, Shohei",660271,677952,field_out,hit_into_play,,,,,12.0,Shohei Ohtani pops out to shortstop Jared Triolo.,R,L,R,PIT,LAD,X,6.0,popup,2,2,2025,0.8,-0.88,0.95,3.01,,,,0,3,Top,111.97,166.35,,,,,2.6161964567738383,-123.89332056156596,0.3936716666923334,7.720305451649789,24.287297253910964,-41.568365469868525,3.54,1.63,96.0,63.3,69.0,85.4,2786.0,6.4,776479,663698,687462,693304,687478,669707,502054,665833,668804,54.07,0.001,0.0,0.0,1.0,0.0,0.0,3.0,20,5,Curveball,2,0,0,2,0,2,0,2,Strategic,Standard,39.0,0.022,-0.232,72.8,7.7,0.001,0.232,88.0,2,-2,0.714,0.286,25,30,26,31,2,1,6.0,1.0,6.0,1.0,4.02,-0.8,0.8,43.4,18.261455791340744,-8.073317538018362,40.37916016869356,28.268768208957923,26.90194426560285
CH,2025-09-03,89.2,-2.17,5.95,"Ohtani, Shohei",660271,681347,double,hit_into_play,,,,,8.0,Shohei Ohtani doubles (20) on a sharp line drive to center fielder Oneil Cruz.,R,L,R,PIT,LAD,X,8.0,line_drive,0,2,2025,-1.25,0.49,0.23,2.17,,,,0,5,Top,153.65,40.94,,,,,8.594642037167375,-129.62894966744102,-4.290512823507275,-15.883293002866184,27.91735341623107,-25.964808960281523,3.54,1.63,368.0,108.7,17.0,89.7,1348.0,6.7,776479,663698,687462,693304,687478,669707,502054,665833,668804,53.77,0.4697999999999999,0.7100000000000001,1.25,1.0,1.0,1.0,6.0,37,3,Changeup,2,0,0,2,0,2,0,2,Strategic,Standard,236.0,-0.086,0.811,75.5,7.6,1.268333333333333,-0.811,108.7,2,-2,0.761,0.239,25,30,26,31,1,2,4.0,1.0,6.0,1.0,2.39,1.25,-1.25,45.5,12.48249989972038,2.747959245986904,41.021049260773175,36.74284827985083,25.193930834782265
SI,2025-09-03,90.3,3.69,5.07,"Ohtani, Shohei",660271,681895,single,hit_into_play,,,,,12.0,Shohei Ohtani singles on a ground ball to third baseman Cam Devanney.,R,L,L,PIT,LAD,X,5.0,ground_ball,1,1,2025,1.53,0.41,1.94,3.48,,,,1,7,Top,105.32,165.43,,,,,-7.695039029909643,-131.17342732864154,1.1817958342978456,19.302852000902018,29.74127596823785,-27.961009209032813,3.54,1.63,4.0,65.6,-42.0,90.9,2101.0,6.9,776479,663698,687462,693304,687478,669707,502054,665833,668804,53.62,0.149,0.144,0.9,1.0,1.0,0.0,2.0,55,3,Sinker,3,0,0,3,0,3,0,3,Strategic,Standard,133.0,-0.028,0.425,57.7,5.2,0.155,-0.425,88.0,3,-3,0.918,0.0819999999999999,28,30,28,31,1,3,4.0,1.0,1.0,1.0,2.41,1.53,1.53,22.4,-12.809835664323924,36.318909221026495,38.19075211275312,18.35566299868218,14.821889681940664
FF,2025-09-02,99.9,-0.74,5.94,"Ohtani, Shohei",660271,696149,field_out,hit_into_play,,,,,9.0,"Shohei Ohtani grounds out, shortstop Jared Triolo to first baseman Nick Yorke.",R,L,R,PIT,LAD,X,6.0,ground_ball,1,1,2025,-0.3,1.56,0.44,1.83,,,,2,4,Top,133.73,142.57,,,,,3.97507712157236,-145.17875349172732,-9.638621599499396,-5.241242003568391,34.26515541278683,-8.1088325341254,3.54,1.64,,,,100.2,,6.5,776496,680779,694377,693304,687478,669707,502054,672744,668804,53.95,,,0.0,,0.0,0.0,,34,3,4-Seam Fastball,4,4,4,4,4,4,4,4,Strategic,Standard,,0.012,-0.244,75.9,7.3,,0.244,,0,0,0.548,0.4519999999999999,22,30,23,31,2,2,6.0,2.0,5.0,1.0,0.74,0.3,-0.3,49.1,-5.950761585397708,20.292479800664104,45.57411897326072,33.23176878174462,12.405191344244534
FF,2025-09-02,99.2,-1.04,5.9,"Ohtani, Shohei",660271,696149,home_run,hit_into_play,,,,,9.0,Shohei Ohtani homers (46) on a fly ball to right field.,R,L,R,PIT,LAD,X,,fly_ball,3,1,2025,-0.51,1.52,0.52,2.08,,,,1,3,Top,222.7,82.44,,,,,5.506123906012859,-144.16950346145717,-8.578491599202597,-8.454888844814295,35.77230314043623,-9.212263361290107,3.54,1.64,373.0,120.0,23.0,99.6,,6.7,776496,680779,694377,693304,687478,669707,502054,672744,668804,53.79,0.977,1.89,2.0,1.0,0.0,3.0,6.0,22,5,4-Seam Fastball,4,1,1,4,2,4,2,4,Strategic,Standard,,-0.07,1.418,82.0,8.3,3.681,-1.418,120.0,3,-3,0.806,0.1939999999999999,22,30,23,31,1,1,6.0,2.0,5.0,1.0,0.82,0.51,-0.51,50.8,18.166032030131124,-2.6951502707031736,44.65150143964802,33.433900591100034,30.496563010175414
FF,2025-09-02,94.9,-2.05,5.71,"Ohtani, Shohei",660271,642701,double,hit_into_play,,,,,6.0,Shohei Ohtani doubles (19) on a sharp fly ball to left fielder Tommy Pham. Hyeseong Kim scores.,R,L,R,PIT,LAD,X,7.0,fly_ball,1,1,2025,-1.01,1.13,0.31,2.75,,,808975.0,0,9,Top,93.45,42.66,,,,,8.406138690259173,-137.91584829124753,-4.539702746920142,-14.851052407649432,32.07464680525643,-16.982786323533112,3.54,1.64,394.0,104.9,30.0,94.4,,6.2,776496,680779,687462,693304,687478,669707,502054,665833,668804,54.35,0.7133333333333334,1.4232222222222224,1.25,1.0,1.0,1.0,6.0,76,3,4-Seam Fastball,9,6,6,9,7,9,7,9,Strategic,Standard,,-0.099,0.74,85.6,7.4,2.8105,-0.74,104.9,3,-3,0.927,0.0729999999999999,29,30,29,31,1,4,4.0,2.0,1.0,1.0,1.42,1.01,-1.01,30.5,3.872663219244457,15.390538990734637,35.31567898856442,35.20930256918163,24.2321557775056
FF,2025-09-02,96.8,-1.53,5.93,"Ohtani, Shohei",660271,676755,double,hit_into_play,,,,,11.0,Shohei Ohtani doubles (18) on a sharp line drive to left fielder Tommy Pham. Miguel Rojas to 3rd.,R,L,R,PIT,LAD,X,7.0,line_drive,1,2,2025,-0.95,1.43,-0.92,2.78,,,500743.0,0,7,Top,80.39,73.69,,,,,3.836600049876227,-140.79591169181805,-6.1232420056992645,-13.4614617610167,35.10462571138176,-12.014242444341956,3.54,1.64,331.0,100.9,18.0,97.5,,6.9,776496,680779,687462,693304,687478,669707,502054,665833,668804,53.58,0.403,0.463,1.25,1.0,1.0,1.0,5.0,57,4,4-Seam Fastball,7,4,4,7,4,7,4,7,Strategic,Standard,,-0.128,0.809,71.9,7.3,0.717,-0.809,100.9,3,-3,0.859,0.141,29,30,30,31,1,3,4.0,2.0,1.0,1.0,1.03,0.95,-0.95,52.2,2.0967822940180425,15.629751736807004,26.9191751991243,48.610176334060206,17.126522382964925
FF,2025-09-02,95.8,-1.65,5.61,"Ohtani, Shohei",660271,669387,field_out,hit_into_play,,,,,4.0,Shohei Ohtani flies out to left fielder Tommy Pham.,R,L,R,PIT,LAD,X,7.0,fly_ball,0,0,2025,-0.79,1.1,-0.7,2.91,,,,0,1,Top,70.57,120.22,,,,,4.25269576170468,-139.67446443268062,-4.092724993327587,-11.222583594509771,26.415388366954364,-16.987788376523795,3.54,1.64,240.0,98.4,59.0,96.0,,5.9,776496,680779,694377,693304,687478,669707,502054,672744,668804,54.57,0.015,0.018,0.0,1.0,0.0,0.0,3.0,1,1,4-Seam Fastball,0,0,0,0,0,0,0,0,Infield shade,Standard,,0.022,-0.259,76.6,7.9,0.023,0.259,98.4,0,0,0.5,0.5,26,30,26,31,1,0,6.0,2.0,3.0,1.0,1.34,0.79,-0.79,35.8,11.217099024864806,0.7911237518992985,32.32218633753818,48.092528315178626,24.805293126292863
CU,2025-08-31,82.3,-2.64,5.41,"Ohtani, Shohei",660271,694297,field_out,hit_into_play,,,,,7.0,Shohei Ohtani lines out to right fielder Corbin Carroll.,R,L,R,LAD,AZ,X,9.0,line_drive,1,1,2025,0.95,-0.85,-0.64,1.85,690976.0,,500743.0,2,4,Bot,178.84,106.92,,,,,2.6930268782092917,-119.8689186096333,0.0910316255939027,8.624988847528195,23.263667988235763,-40.62926166046546,3.55,1.66,265.0,94.4,19.0,82.4,2676.0,6.3,776509,680728,682988,677942,691783,672695,664983,677950,682998,54.16,0.337,0.363,0.0,1.0,0.0,0.0,4.0,34,3,Curveball,3,1,3,1,1,3,3,1,Infield shade,Standard,52.0,-0.033,-0.244,68.2,8.7,0.512,0.244,94.4,2,2,0.784,0.784,26,30,27,31,3,2,5.0,1.0,6.0,2.0,4.21,-0.95,0.95,30.9,25.90119154805032,-0.6620943031490497,37.53338492664786,47.610019346106114,29.81410310946769
SI,2025-08-31,96.1,1.77,5.31,"Ohtani, Shohei",660271,805299,field_out,hit_into_play,,,,,6.0,Shohei Ohtani flies out to left fielder Jake McCarthy.,R,L,L,LAD,AZ,X,7.0,fly_ball,1,0,2025,1.39,0.08,0.42,2.42,,,,0,7,Bot,45.61,97.88,,,,,-6.588724779456941,-139.85414921980205,-2.231087141751468,19.735812505377577,31.94681791454387,-30.83595305171228,3.55,1.66,319.0,94.8,38.0,94.6,2320.0,5.4,776509,680728,682988,677942,691783,672695,664983,677950,682998,55.09,0.063,0.111,0.0,1.0,0.0,0.0,3.0,53,2,Sinker,4,1,4,1,1,4,4,1,Infield shade,Standard,118.0,-0.006,-0.301,78.2,7.6,0.208,0.301,94.8,3,3,0.942,0.942,25,30,25,31,1,3,33.0,1.0,8.0,2.0,2.39,1.39,1.39,12.8,8.256662431651193,8.477628290509665,37.918694567304776,36.409291766666186,25.09651955551369
SI,2025-08-31,93.1,-2.54,5.51,"Ohtani, Shohei",660271,694297,single,hit_into_play,,,,,8.0,Shohei Ohtani singles on a sharp line drive to right fielder Corbin Carroll.,R,L,R,LAD,AZ,X,9.0,line_drive,1,1,2025,-1.14,0.72,-0.14,1.65,,,,0,1,Bot,162.33,88.32,,,,,8.692844108682344,-135.19847857658195,-5.717480825691172,-15.881242663578108,28.75711394353479,-22.244602283986943,3.55,1.66,194.0,100.9,11.0,93.5,2398.0,6.6,776509,680728,682988,677942,691783,672695,664983,677950,682998,53.9,0.919,0.894,0.9,1.0,1.0,0.0,4.0,4,3,Sinker,0,0,0,0,0,0,0,0,Infield shade,Standard,226.0,0.036,0.447,78.4,8.4,1.129,-0.447,100.9,0,0,0.547,0.547,26,30,27,31,1,0,5.0,1.0,6.0,2.0,1.91,1.14,-1.14,26.0,18.00387884505697,0.5393888019432095,42.19891440861718,41.55758641305718,27.095056716703027
SI,2025-08-30,91.7,1.01,5.9,"Ohtani, Shohei",660271,593958,double_play,hit_into_play,,,,,3.0,"Dodgers challenged (tag play), call on the field was upheld: Shohei Ohtani flies into a double play, left fielder Lourdes Gurriel Jr. to catcher Gabriel Moreno. Enrique Hernández out at home. Miguel Rojas to 3rd.",R,L,L,LAD,AZ,X,7.0,fly_ball,0,0,2025,0.7,0.76,0.37,3.37,571771.0,500743.0,,0,5,Bot,70.23,92.29,,,,,-3.1521724246683136,-133.64737586761748,-2.260836898908482,9.11415376442092,24.851809267053163,-22.780398104820655,3.58,1.68,300.0,86.1,29.0,92.4,2357.0,6.3,776523,672515,682988,545121,677942,672695,666971,664983,682998,54.16,0.058,0.072,0.0,1.0,0.0,0.0,3.0,35,1,Sinker,0,0,0,0,0,0,0,0,Standard,Standard,162.0,-0.187,-0.207,78.1,6.7,0.114,0.207,88.0,0,0,0.741,0.741,32,30,32,31,3,2,5.0,1.0,6.0,1.0,1.92,0.7,0.7,46.3,3.772437765194379,13.965025988645763,31.71239313574499,35.15996848023839,18.99279970234895
FF,2025-08-30,91.8,1.09,5.8,"Ohtani, Shohei",660271,593958,field_out,hit_into_play,,,,,7.0,"Shohei Ohtani grounds out, second baseman Ildemaro Vargas to first baseman Tyler Locklear.",R,L,L,LAD,AZ,X,4.0,ground_ball,0,0,2025,0.41,1.23,-0.32,1.81,,,,0,1,Bot,142.58,146.42,,,,,-4.43871184181131,-133.59139910357197,-6.9985592680956,5.741638251874932,24.330533315851284,-16.20826186812427,3.58,1.68,60.0,92.1,3.0,92.5,2274.0,6.4,776523,672515,682988,545121,677942,672695,666971,664983,682998,54.13,0.446,0.407,0.0,1.0,0.0,0.0,4.0,4,1,4-Seam Fastball,0,0,0,0,0,0,0,0,Infield shade,Standard,154.0,-0.022,-0.259,83.0,8.4,0.495,0.259,92.1,0,0,0.548,0.548,32,30,32,31,1,0,5.0,1.0,6.0,1.0,1.44,0.41,0.41,39.5,23.540399272200123,9.207346257166169,38.8477688277136,43.3648600702658,25.641238502676863
FF,2025-08-29,93.9,-2.71,5.88,"Ohtani, Shohei",660271,668678,field_out,hit_into_play,,,,,1.0,Shohei Ohtani pops out to third baseman Jordan Lawlar in foul territory.,R,L,R,LAD,AZ,X,5.0,popup,3,1,2025,-0.65,1.44,-0.51,3.19,,,,1,6,Bot,65.78,149.16,,,,,7.186728533075096,-136.72603057932557,-4.540517424003401,-9.611650058913153,26.46286447005056,-13.18628217769104,3.58,1.67,195.0,98.7,66.0,95.0,2295.0,6.6,776534,672515,682988,677942,691783,672695,666971,677950,682998,53.88,0.013,0.014,0.0,1.0,0.0,0.0,3.0,45,5,4-Seam Fastball,0,3,0,3,3,0,0,3,Infield shade,Strategic,207.0,-0.031,-0.419,69.9,7.8,0.016,0.419,98.7,-3,-3,0.148,0.148,29,30,30,31,3,2,5.0,2.0,5.0,1.0,1.11,0.65,-0.65,47.8,11.821139272765938,1.1617325422914235,29.50249282956819,45.623339957564625,24.289716530093767
KC,2025-08-29,82.5,-2.82,5.79,"Ohtani, Shohei",660271,668678,single,hit_into_play,,,,,14.0,Shohei Ohtani singles on a ground ball to first baseman Tyler Locklear.,R,L,R,LAD,AZ,X,3.0,ground_ball,2,1,2025,0.16,-1.05,0.38,1.47,,,,2,3,Bot,150.92,166.26,,,,,6.99983164742805,-119.9822145618766,-1.3049825840435678,0.2341980349698691,21.925089312351904,-42.2968038716116,3.58,1.67,50.0,80.1,3.0,83.1,2445.0,6.6,776534,672515,682988,677942,691783,672695,666971,677950,682998,53.88,0.246,0.235,0.9,1.0,1.0,0.0,2.0,21,4,Knuckle Curve,0,0,0,0,0,0,0,0,Infield shade,Strategic,27.0,0.013,0.289,85.1,8.7,0.285,-0.289,88.0,0,0,0.513,0.513,29,30,30,31,2,1,5.0,2.0,5.0,1.0,4.38,-0.16,0.16,41.5,27.424229974739227,-12.428395864733105,46.22688310108933,36.372924146475555,39.980511024668026
SI,2025-08-29,93.3,3.03,4.34,"Ohtani, Shohei",660271,679775,field_out,hit_into_play,,,,,8.0,"Shohei Ohtani grounds out sharply, shortstop Geraldo Perdomo to first baseman Tyler Locklear.",R,L,L,LAD,AZ,X,6.0,ground_ball,0,2,2025,1.62,0.22,0.06,2.05,,,,1,8,Bot,124.87,146.28,,,,,-11.390917759821257,-135.41981879484098,-0.6037265280069739,22.43974323099123,28.569119675216363,-29.545549954153515,3.58,1.67,4.0,100.8,-23.0,95.0,2416.0,7.3,776534,672515,682988,677942,691783,672695,666971,677950,682998,53.18,0.091,0.089,0.0,1.0,0.0,0.0,2.0,61,4,Sinker,0,3,0,3,3,0,0,3,Strategic,Standard,103.0,-0.011,-0.163,69.7,7.1,0.091,0.163,100.8,-3,-3,0.054,0.054,27,30,27,31,1,3,2.0,2.0,3.0,1.0,2.4,1.62,1.62,12.4,-9.702975318593383,18.620694101081114,38.123397733634,42.00815826266965,9.488497637631768
CU,2025-08-27,82.4,3.6,5.39,"Ohtani, Shohei",660271,666157,field_out,hit_into_play,,,,,13.0,"Shohei Ohtani grounds out, shortstop Elly De La Cruz to first baseman Spencer Steer.",R,L,L,LAD,CIN,X,6.0,ground_ball,0,2,2025,-0.77,0.21,-0.88,2.42,,,,0,5,Bot,120.52,144.75,,,,,-8.61501071406921,-119.73971304757856,-0.6151964042402112,-5.782187908670521,23.114862699427132,-30.27075708859782,3.55,1.67,48.0,86.4,0.0,81.8,2505.0,6.0,776562,624431,668715,680574,663647,682829,669720,670770,682622,54.53,0.228,0.224,0.0,1.0,0.0,0.0,2.0,38,3,Curveball,4,1,4,1,1,4,4,1,Infield shade,Standard,292.0,-0.006,-0.165,59.5,7.3,0.245,0.165,88.0,3,3,0.881,0.881,27,30,27,31,3,2,23.0,1.0,12.0,2.0,3.16,-0.77,-0.77,16.5,-0.0529253287410271,6.834066160352942,29.98594391897723,54.13445132142934,19.02736053527979
CH,2025-08-27,88.5,3.46,5.36,"Ohtani, Shohei",660271,666157,single,hit_into_play,,,,,6.0,Shohei Ohtani singles on a sharp ground ball to right fielder Noelvi Marte.,R,L,L,LAD,CIN,X,9.0,ground_ball,2,1,2025,1.43,0.14,0.8,2.57,,,,0,4,Bot,175.38,121.02,,,,,-9.510347941109396,-128.56874058034882,-1.0207109327953878,17.858246664357306,25.796729677338902,-30.628224257314123,3.55,1.67,109.0,102.7,7.0,88.9,1760.0,6.5,776562,624431,668715,680574,663647,682829,669720,670770,682622,53.97,0.648,0.608,0.9,1.0,1.0,0.0,4.0,26,4,Changeup,0,1,0,1,1,0,0,1,Strategic,Standard,109.0,0.044,0.392,80.0,7.6,0.74,-0.392,102.7,-1,-1,0.433,0.433,27,30,27,31,2,1,23.0,1.0,12.0,2.0,2.77,1.43,1.43,18.3,12.3393105241017,0.0935731335730035,39.61729138241,32.979467724745035,29.53538777137764
FF,2025-08-27,88.5,3.11,6.04,"Ohtani, Shohei",660271,608718,field_out,hit_into_play,,,,,2.0,Shohei Ohtani flies out sharply to left fielder Austin Hays.,R,L,L,LAD,CIN,X,7.0,fly_ball,0,0,2025,-0.37,1.04,0.09,3.05,,,687221.0,2,8,Bot,37.01,93.92,,,,,-6.73798219440884,-128.7727535002661,-3.5135580878682715,-2.90475765653994,23.78251076481467,-20.048313259463107,3.55,1.67,353.0,103.4,41.0,90.9,2241.0,7.5,776562,624431,668715,680574,663647,682829,669720,670770,682622,53.02,0.2322499999999999,0.45275,0.0,1.0,0.0,0.0,5.0,71,1,4-Seam Fastball,5,1,5,1,1,5,5,1,Strategic,Standard,171.0,-0.001,-0.271,73.6,7.1,0.9005,0.271,103.4,4,4,0.986,0.986,35,30,36,31,1,4,1.0,1.0,3.0,2.0,1.85,-0.37,-0.37,51.5,6.968851315604842,8.336716305217669,32.61488839089408,41.06796207573794,22.376307088501935
ST,2025-08-27,82.2,2.41,4.75,"Ohtani, Shohei",660271,594580,field_out,hit_into_play,,,,,14.0,Shohei Ohtani lines out sharply to center fielder TJ Friedl.,R,L,L,LAD,CIN,X,8.0,line_drive,0,1,2025,-1.42,-0.23,0.9,1.75,,,690976.0,0,7,Bot,106.0,69.11,,,,,-0.6701284803487433,-119.72073913051165,0.1691565856900698,-13.44316131259282,24.11250375867256,-34.64986748376323,3.55,1.67,329.0,101.8,21.0,80.0,2923.0,4.8,776562,624431,668715,680574,663647,682829,669720,670770,682622,55.68,0.406736842105263,0.6542631578947369,0.0,1.0,0.0,0.0,5.0,57,2,Sweeper,4,1,4,1,1,4,4,1,Infield shade,Standard,297.0,-0.007,-0.199,67.7,7.4,1.2052105263157893,0.199,101.8,3,3,0.949,0.949,33,30,33,31,1,3,2.0,1.0,4.0,2.0,3.61,-1.42,-1.42,15.0,2.688859015775111,4.673749842306453,49.556870546656995,31.47929889956613,22.62790045203849
FF,2025-08-27,92.9,3.6,5.47,"Ohtani, Shohei",660271,666157,field_out,hit_into_play,,,,,6.0,Shohei Ohtani flies out to left fielder Austin Hays.,R,L,L,LAD,CIN,X,7.0,fly_ball,0,1,2025,1.4,0.78,0.31,2.74,,,,0,1,Bot,54.86,84.51,,,,,-11.406303897986884,-134.85897063450372,-2.8554702481106617,19.553258319316637,30.017044126454053,-22.265480786872025,3.55,1.67,334.0,97.8,27.0,92.3,2336.0,6.1,776562,624431,668715,680574,663647,682829,669720,670770,682622,54.4,0.3424,0.6272500000000001,0.0,1.0,0.0,0.0,6.0,5,2,4-Seam Fastball,0,0,0,0,0,0,0,0,Strategic,Standard,114.0,-0.019,-0.22,72.7,7.5,1.2099500000000003,0.22,97.8,0,0,0.545,0.545,27,30,27,31,1,0,23.0,1.0,12.0,2.0,1.88,1.4,1.4,14.7,5.9821787465780085,8.59117504463807,34.52578163240393,38.87356736920475,21.995864387377765
FF,2025-08-26,93.1,-1.8,5.93,"Ohtani, Shohei",660271,607259,field_out,hit_into_play,,,,,2.0,Shohei Ohtani flies out to left fielder Austin Hays.,R,L,R,LAD,CIN,X,7.0,fly_ball,0,1,2025,-0.45,1.27,-0.27,3.5,,,,0,5,Bot,59.53,96.54,,,,,4.871917039701817,-135.5381934948544,-3.2571622424698585,-6.566306882910529,28.610551859324573,-16.004154999458894,3.56,1.68,303.0,98.2,48.0,92.5,2331.0,5.8,776574,624431,668715,680574,663647,682829,669720,682622,669289,54.69,0.01,0.012,0.0,1.0,0.0,0.0,3.0,36,2,4-Seam Fastball,2,1,2,1,1,2,2,1,Infield shade,Standard,215.0,-0.018,-0.22,72.8,7.2,0.025,0.22,98.2,1,1,0.705,0.705,34,30,35,31,3,2,6.0,1.0,3.0,1.0,1.35,0.45,-0.45,47.8,4.488087701318046,10.844487999681384,25.72218194807984,43.48708279445517,20.547182646755108
SL,2025-08-26,81.1,3.44,6.16,"Ohtani, Shohei",660271,608718,single,hit_into_play,,,,,9.0,Shohei Ohtani singles on a sharp ground ball to right fielder Santiago Espinal. Miguel Rojas scores.,R,L,L,LAD,CIN,X,9.0,ground_ball,1,1,2025,-0.52,-0.24,0.3,2.22,,500743.0,,2,6,Bot,173.25,105.09,,,,,-6.124443519841305,-118.01536148163277,-1.7754007830762673,-3.840259490208131,20.836368210263476,-34.291859182436745,3.56,1.68,59.0,111.3,1.0,82.7,2355.0,7.2,776574,624431,668715,680574,663647,682829,669720,682622,669289,53.31,0.582,0.539,0.9,1.0,1.0,0.0,4.0,49,3,Slider,5,1,5,1,1,6,6,1,Infield shade,Standard,275.0,0.023,0.698,78.9,7.6,0.636,-0.698,111.3,4,4,0.948,0.948,35,30,36,31,1,3,3.0,1.0,1.0,1.0,3.68,-0.52,-0.52,48.9,7.193559872318835,-4.687747482192511,38.10720558963477,39.10278644993455,30.964535715945743
FS,2025-08-25,90.3,-1.7,5.55,"Ohtani, Shohei",660271,668881,field_out,hit_into_play,,,,,8.0,Shohei Ohtani grounds out to first baseman Spencer Steer.,R,L,R,LAD,CIN,X,3.0,ground_ball,1,2,2025,-1.04,0.01,0.13,1.7,,,,1,5,Bot,154.47,169.36,,,,,6.851116409460462,-131.47159802242288,-3.7538322882555057,-13.503260154691512,25.106555875992324,-31.55117251009711,3.53,1.65,3.0,93.2,-26.0,91.7,1326.0,6.9,776594,624431,668715,680574,663647,682829,669720,670770,682622,53.62,0.066,0.065,0.0,1.0,0.0,0.0,2.0,37,4,Split-Finger,3,0,3,0,0,3,3,0,Infield shade,Standard,224.0,-0.005,-0.18,,,0.077,0.18,93.2,3,3,0.873,0.873,25,30,26,31,3,2,6.0,1.0,7.0,1.0,2.76,1.04,-1.04,25.7,,,,,
SL,2025-08-25,92.6,-1.54,5.86,"Ohtani, Shohei",660271,668881,field_out,hit_into_play,,,,,5.0,Shohei Ohtani flies out to third baseman Ke'Bryan Hayes.,R,L,R,LAD,CIN,X,5.0,fly_ball,3,2,2025,0.59,-0.03,0.22,2.3,,,,0,1,Bot,87.24,141.43,,,,,3.193907123916635,-134.93131787839977,-3.2478215322263537,6.564641759010532,28.998585233145704,-32.0696574996535,3.53,1.65,176.0,76.6,61.0,93.1,2497.0,6.5,776594,624431,668715,680574,663647,682829,669720,670770,682622,54.03,0.01,0.009,0.0,1.0,0.0,0.0,3.0,4,6,Slider,0,0,0,0,0,0,0,0,Strategic,Standard,142.0,-0.027,-0.345,72.6,7.9,0.01,0.345,88.0,0,0,0.553,0.553,25,30,26,31,1,0,6.0,1.0,7.0,1.0,2.68,-0.59,0.59,35.2,11.07737630470299,3.1077367602827097,38.73077571813863,36.87638579801689,23.43902449226568
ST,2025-08-25,82.3,2.57,4.69,"Ohtani, Shohei",660271,594580,field_out,hit_into_play,,,,,7.0,"Shohei Ohtani grounds out sharply, second baseman Matt McLain to first baseman Spencer Steer.",R,L,L,LAD,CIN,X,4.0,ground_ball,1,2,2025,-1.57,-0.44,-0.59,1.58,,,,0,7,Bot,152.7,142.48,,,,,-4.000029189322184,-119.6948539186296,0.3542013627273914,-14.06786846123306,26.058445420859503,-36.70325496355671,3.53,1.65,7.0,110.0,-10.0,79.3,3071.0,4.5,776594,624431,668715,680574,663647,682829,669720,670770,682622,55.96,0.324,0.308,0.0,1.0,0.0,0.0,2.0,53,4,Sweeper,5,0,5,0,0,5,5,0,Strategic,Standard,295.0,-0.002,-0.189,,,0.341,0.189,110.0,5,5,0.986,0.986,33,30,33,31,1,3,3.0,1.0,2.0,1.0,3.85,-1.57,-1.57,6.9,,,,,
FF,2025-08-24,93.5,-1.58,6.35,"Ohtani, Shohei",660271,601713,field_out,hit_into_play,,,,,5.0,Shohei Ohtani flies out sharply to center fielder Ramón Laureano.,R,L,R,SD,LAD,X,8.0,fly_ball,2,1,2025,-0.58,1.61,-0.22,2.71,,,,2,5,Top,107.72,65.48,,,,,4.823753146878148,-135.81660807289333,-7.09033407278188,-8.335690279340342,35.8232759049606,-10.916561265438398,3.54,1.65,334.0,108.0,46.0,93.3,2336.0,6.7,776603,553869,650333,630105,592518,593428,657757,657656,665487,53.79,0.187,0.376,0.0,1.0,0.0,0.0,5.0,33,4,4-Seam Fastball,2,1,1,2,1,2,1,2,Infield shade,Standard,205.0,0.017,-0.296,80.4,7.8,0.733,0.296,108.0,1,-1,0.691,0.309,32,30,32,31,3,2,5.0,1.0,6.0,1.0,1.05,0.58,-0.58,46.0,14.034963829174536,2.346037656509675,33.91831119250609,41.28446621444941,25.903791074413505
FF,2025-08-24,94.1,1.88,6.23,"Ohtani, Shohei",660271,673513,home_run,hit_into_play,,,,,2.0,Shohei Ohtani homers (45) on a fly ball to right center field.,R,L,L,SD,LAD,X,,fly_ball,1,2,2025,0.2,1.46,0.11,3.53,,,,1,9,Top,181.76,42.96,,,,,-4.993416683564623,-136.8744120530869,-4.452591924858046,3.678960851119883,31.65974790167659,-13.041176357921612,3.54,1.65,409.0,108.9,28.0,93.0,2508.0,5.8,776603,553869,650333,630105,592518,593428,657757,657656,665487,54.74,0.9584,1.9375999999999995,2.0,1.0,0.0,3.0,6.0,67,5,4-Seam Fastball,2,7,7,2,8,2,8,2,Infield shade,Standard,164.0,-0.004,1.657,79.3,7.5,3.8321333333333327,-1.657,108.9,-5,5,0.007,0.993,29,30,30,31,1,4,4.0,1.0,1.0,1.0,1.12,0.2,0.2,58.7,16.87581580309319,-3.775059108843864,29.060372484713824,39.01766410444836,28.549681636758308
FF,2025-08-23,89.9,0.53,5.76,"Ohtani, Shohei",660271,641482,field_out,hit_into_play,,,,,6.0,Shohei Ohtani flies out sharply to center fielder Ramón Laureano.,R,L,L,SD,LAD,X,8.0,fly_ball,1,1,2025,0.12,1.62,0.3,2.93,,,500743.0,2,6,Top,115.58,55.41,,,,,-0.7991099781336785,-130.73962872958575,-4.382421920728812,1.500800903791468,31.13893522372036,-13.001702343146354,3.54,1.65,356.0,108.8,44.0,89.2,2241.0,6.2,776617,666023,656811,630105,592518,593428,657757,657656,665487,54.31,0.269,0.549,0.0,1.0,0.0,0.0,6.0,40,3,4-Seam Fastball,3,0,0,3,0,3,0,3,Infield shade,Standard,164.0,0.02,-0.255,80.0,7.4,1.072,0.255,108.8,3,-3,0.891,0.1089999999999999,30,30,31,31,3,2,5.0,1.0,6.0,1.0,1.24,0.12,0.12,57.7,11.712614403409356,-2.281924046777163,33.95841579625892,37.38140261790774,32.27382877456009
FC,2025-08-23,88.4,0.97,5.7,"Ohtani, Shohei",660271,641482,field_out,hit_into_play,,,,,4.0,Shohei Ohtani lines out sharply to right fielder Fernando Tatis Jr.,R,L,L,SD,LAD,X,9.0,line_drive,0,1,2025,-0.21,1.2,-0.32,2.84,,,,0,4,Top,171.99,75.48,,,,,-2.6680140751767314,-128.74172694186754,-3.4313471667812228,-1.8482325496377032,24.94596456385144,-18.25152830121371,3.54,1.65,327.0,104.5,20.0,88.0,2210.0,5.8,776617,666023,656811,630105,592518,593428,657757,657656,665487,54.68,0.4604642857142856,0.7378214285714286,0.0,1.0,0.0,0.0,6.0,21,2,Cutter,0,0,0,0,0,0,0,0,Infield shade,Standard,179.0,0.023,-0.22,81.9,8.0,1.3467857142857145,0.22,104.5,0,0,0.504,0.496,30,30,31,31,2,1,5.0,1.0,6.0,1.0,1.69,-0.21,-0.21,52.1,9.01980094048123,-11.070308452569286,35.055616952342234,44.873910193779835,29.965981695199968
SL,2025-08-23,87.0,2.76,5.94,"Ohtani, Shohei",660271,670970,field_out,hit_into_play,,,,,8.0,Shohei Ohtani flies out to right fielder Fernando Tatis Jr.,R,L,L,SD,LAD,X,9.0,fly_ball,2,1,2025,-0.43,0.15,-0.15,2.24,,,,1,9,Top,169.19,78.64,,,,,-6.118835021425762,-126.61460994338614,-3.0386040030259056,-3.368484807750248,25.209170146368603,-30.155840745323378,3.54,1.65,317.0,87.3,34.0,87.2,2853.0,6.4,776617,666023,656811,630105,592518,593428,657656,669369,665487,54.13,0.005,0.005,0.0,1.0,0.0,0.0,3.0,61,4,Slider,5,1,1,5,1,5,1,5,Infield shade,Standard,282.0,0.006,-0.298,87.0,8.2,0.006,0.298,88.0,4,-4,0.993,0.007,26,30,26,31,1,3,2.0,1.0,3.0,1.0,2.85,-0.43,-0.43,42.0,16.346683080042105,-6.485785990269701,35.79953391485873,43.23176962502427,34.99662638968812
FC,2025-08-22,92.3,-2.59,5.16,"Ohtani, Shohei",660271,506433,field_out,hit_into_play,,,,,14.0,Shohei Ohtani lines out sharply to right fielder Fernando Tatis Jr.,R,L,R,SD,LAD,X,9.0,line_drive,0,0,2025,0.09,0.97,0.84,2.51,,,671083.0,1,3,Top,191.83,91.91,,,,,8.572333301813076,-134.09802561093116,-2.979428368783464,-0.9369212910270618,31.58804222162132,-20.0467901635799,3.54,1.65,311.0,115.0,21.0,92.2,2604.0,6.5,776636,666023,650333,630105,592518,593428,657757,657656,665487,53.98,0.966,1.83275,0.0,1.0,0.0,0.0,6.0,16,1,Cutter,0,1,1,0,1,0,1,0,Infield shade,Standard,210.0,0.028,-0.256,79.1,7.4,3.5405,0.256,115.0,-1,1,0.386,0.614,38,30,39,31,2,1,5.0,2.0,5.0,1.0,1.73,-0.09,0.09,23.8,12.701783553335469,-5.5305536127518895,45.6828825374623,29.6808904458209,28.39669111360103
SL,2025-08-22,87.9,-2.56,5.4,"Ohtani, Shohei",660271,506433,field_out,hit_into_play,,,,,5.0,Shohei Ohtani grounds out to first baseman Luis Arraez.,R,L,R,SD,LAD,X,3.0,ground_ball,2,2,2025,0.45,-0.13,0.12,2.37,,,,0,1,Top,160.94,165.36,,,,,5.577200622404778,-127.97699371842566,-0.9994389280861024,3.860605384201499,25.023450703562073,-33.63007131386259,3.54,1.65,39.0,92.1,-1.0,88.4,2845.0,6.4,776636,666023,650333,630105,592518,593428,657757,657656,665487,54.06,0.309,0.29,0.0,1.0,0.0,0.0,2.0,1,6,Slider,0,0,0,0,0,0,0,0,Infield shade,Standard,102.0,0.02,-0.232,75.3,8.0,0.344,0.232,92.1,0,0,0.502,0.498,38,30,39,31,1,0,5.0,2.0,5.0,1.0,3.07,-0.45,0.45,28.9,4.606493601799257,-21.6784320545115,41.57497457419488,38.274090460368846,33.791921223861046
FF,2025-08-22,98.5,-1.51,6.18,"Ohtani, Shohei",660271,663158,field_out,hit_into_play,,,,,1.0,Shohei Ohtani flies out sharply to center fielder Bryce Johnson.,R,L,R,SD,LAD,X,8.0,fly_ball,1,1,2025,-0.49,1.57,-0.38,3.21,,,,0,9,Top,101.9,44.44,,,,,4.241594000281049,-143.0989083713332,-6.2104891664719,-7.802434768052516,38.55999077297678,-9.437502367370165,3.54,1.65,387.0,108.5,35.0,98.5,2563.0,6.8,776636,666023,650333,630105,592518,593428,657656,669369,665487,53.74,0.795,1.607875,0.0,1.0,0.0,0.0,6.0,59,3,4-Seam Fastball,2,1,1,2,1,2,1,2,Infield shade,Standard,207.0,0.069,-0.251,77.9,7.5,3.16875,0.251,108.5,1,-1,0.839,0.161,34,30,34,31,1,3,1.0,2.0,4.0,1.0,0.82,0.49,-0.49,41.0,11.591508625918324,5.494191037390086,27.96767559157336,44.49025766961774,21.570619494945277
CH,2025-08-20,83.2,-2.64,6.19,"Ohtani, Shohei",660271,685299,field_out,hit_into_play,,,,,1.0,Shohei Ohtani flies out to center fielder Brenton Doyle.,R,L,R,COL,LAD,X,8.0,fly_ball,2,1,2025,-0.63,0.81,-0.37,2.96,,,671083.0,1,3,Top,122.83,72.19,,,,,6.462394774050417,-121.20290354591098,-2.710864877113658,-7.319251007892196,18.618418784755523,-23.75449174374562,3.54,1.64,315.0,99.2,54.0,84.3,2182.0,6.5,776660,696100,682653,690022,606115,678662,687597,686668,666160,54.03,0.013,0.018,0.0,1.0,0.0,0.0,3.0,19,4,Changeup,2,0,0,2,0,2,0,2,Standard,Standard,243.0,0.036,-0.297,77.2,8.0,0.027,0.297,99.2,2,-2,0.705,0.295,27,30,28,31,2,1,5.0,1.0,6.0,2.0,2.41,0.63,-0.63,47.1,14.13359910168488,-5.365385659718774,31.837239145805267,46.134547581029224,29.91050502700693
CH,2025-08-20,82.5,-2.77,6.29,"Ohtani, Shohei",660271,685299,double,hit_into_play,,,,,5.0,Shohei Ohtani doubles (17) on a sharp line drive to right fielder Mickey Moniak.,R,L,R,COL,LAD,X,9.0,line_drive,0,0,2025,-0.7,0.71,-0.12,2.46,,,,0,1,Top,208.65,128.14,,,,,7.386429757069615,-120.01777257601329,-3.696421105677567,-8.040994344644924,19.40260764676376,-24.77862099122995,3.54,1.64,146.0,101.5,9.0,82.9,2183.0,6.2,776660,696100,682653,690022,606115,678662,687597,686668,666160,54.28,0.729,0.669,1.25,1.0,1.0,1.0,4.0,1,1,Changeup,0,0,0,0,0,0,0,0,Strategic,Standard,238.0,-0.059,0.716,74.8,8.6,0.823,-0.716,101.5,0,0,0.5,0.5,27,30,28,31,1,0,5.0,1.0,6.0,2.0,2.6,0.7,-0.7,46.8,31.631974869785996,-18.969717575682445,38.38500973499902,42.26677633654545,36.52704747715572
FF,2025-08-19,90.6,1.92,6.59,"Ohtani, Shohei",660271,596295,home_run,hit_into_play,,,,,9.0,Shohei Ohtani homers (44) on a line drive to right center field.,R,L,L,COL,LAD,X,,line_drive,1,1,2025,0.58,1.3,0.62,2.19,,,,2,2,Top,180.81,40.91,,,,,-4.532129014119118,-131.8195950211309,-8.029559696784672,7.660877768929644,23.258531412782347,-15.557706376817809,3.55,1.65,413.0,115.9,19.0,92.3,2179.0,7.0,776671,696100,682653,690022,691720,678662,666160,686668,671289,53.55,0.9025,1.62025,2.0,1.0,0.0,3.0,6.0,13,3,4-Seam Fastball,0,3,3,0,4,0,4,0,Infield shade,Standard,154.0,-0.07,2.612,81.4,7.8,3.08475,-2.612,115.9,-3,3,0.246,0.754,31,30,32,31,2,1,6.0,1.0,,1.0,1.44,0.58,0.58,55.3,9.674273188370003,-4.590034715852513,40.72810091679024,35.05638155767811,30.099478614731424
FF,2025-08-19,95.7,-1.53,6.07,"Ohtani, Shohei",660271,683627,field_out,hit_into_play,,,,,13.0,"Shohei Ohtani grounds out, second baseman Ryan Ritter to first baseman Warming Bernabel.",R,L,R,COL,LAD,X,4.0,ground_ball,3,2,2025,-0.44,0.93,-0.88,2.54,,,,0,6,Top,145.23,148.64,,,,,2.709920019527613,-139.38653519905222,-5.903523878461771,-6.302694569681628,26.74937136461798,-18.901481661598485,3.55,1.65,5.0,89.6,-24.0,96.3,2091.0,6.3,776671,696100,682653,690022,691720,678662,666160,686668,671289,54.25,0.051,0.054,0.0,1.0,0.0,0.0,2.0,48,6,4-Seam Fastball,2,7,7,2,7,2,7,2,Strategic,Standard,220.0,0.005,-0.345,62.1,7.8,0.054,0.345,89.6,-5,5,0.047,0.953,23,30,23,31,1,3,2.0,1.0,3.0,1.0,1.52,0.44,-0.44,45.4,5.03015333995638,6.703411638926296,27.60846305310553,51.05253823229077,13.951382615946644
FS,2025-08-19,86.7,-0.6,5.84,"Ohtani, Shohei",660271,699911,field_out,hit_into_play,,,,,5.0,Shohei Ohtani pops out to third baseman Kyle Karros.,R,L,R,COL,LAD,X,5.0,popup,2,2,2025,-0.36,0.62,-0.08,2.95,,,500743.0,1,9,Top,90.62,160.59,,,,,1.9995568755602513,-126.42284709207156,-2.0971181183713252,-4.236361031767894,22.773378383887785,-25.300692900239625,3.55,1.65,134.0,94.0,72.0,88.4,1191.0,7.0,776671,696100,682653,690022,691720,678662,687597,686668,671289,53.51,0.001,0.0,0.0,1.0,0.0,0.0,3.0,79,5,Split-Finger,4,10,10,4,10,4,10,4,Standard,Standard,233.0,0.0,-0.223,77.8,7.8,0.001,0.223,94.0,-6,6,0.003,0.997,28,30,28,31,1,5,2.0,1.0,2.0,1.0,2.37,0.36,-0.36,53.8,17.010221684035248,-5.750882018164816,32.18111223896088,41.28805774567248,31.52557664515603
CH,2025-08-19,87.7,-1.1,6.3,"Ohtani, Shohei",660271,623433,force_out,hit_into_play,,,,,9.0,"Shohei Ohtani grounds into a force out, first baseman Warming Bernabel to shortstop Ezequiel Tovar. Alex Call scores. Alex Freeland out at 2nd. Shohei Ohtani to 1st.",R,L,R,COL,LAD,X,3.0,ground_ball,1,1,2025,-0.92,0.22,0.32,1.64,669743.0,,690976.0,1,7,Top,150.3,168.4,,,,,5.316275013852863,-127.69756008619248,-5.708052928396493,-11.108960414302777,21.43485224629658,-28.942220275769635,3.55,1.65,14.0,72.5,-6.0,88.3,1660.0,6.2,776671,696100,682653,690022,691720,678662,666160,686668,671289,54.26,0.063,0.062,0.0,1.0,0.0,0.0,2.0,62,3,Changeup,4,8,8,4,9,4,9,4,Standard,Standard,242.0,-0.009,-0.262,72.9,8.3,0.076,0.262,88.0,-4,4,0.044,0.956,34,30,35,31,1,4,3.0,1.0,2.0,1.0,2.7,0.92,-0.92,50.9,23.1012075102604,-18.439991472298704,43.74096654373149,36.36236787528112,42.32938381773303
FF,2025-08-19,90.6,2.05,6.6,"Ohtani, Shohei",660271,596295,field_out,hit_into_play,,,,,12.0,Shohei Ohtani flies out to third baseman Kyle Karros in foul territory.,R,L,L,COL,LAD,X,5.0,fly_ball,1,2,2025,0.41,1.29,1.48,2.9,,,,0,1,Top,69.94,150.11,,,,,-2.3481486617141663,-132.0685169399299,-6.263105280532907,5.321711781712646,22.170697118589427,-15.99913029556736,3.55,1.65,187.0,68.2,55.0,92.5,2203.0,6.8,776671,696100,682653,690022,691720,678662,666160,686668,671289,53.67,0.051,0.046,0.0,1.0,0.0,0.0,3.0,1,4,4-Seam Fastball,0,0,0,0,0,0,0,0,Infield shade,Standard,156.0,0.016,-0.189,68.8,6.5,0.058,0.189,88.0,0,0,0.506,0.494,31,30,32,31,1,0,6.0,1.0,,1.0,1.43,0.41,0.41,52.0,5.4208684424198585,-0.6094941720618111,44.25347751294201,22.74565873181853,23.742824419874488
ST,2025-08-18,83.0,2.57,5.74,"Ohtani, Shohei",660271,607536,single,hit_into_play,,,,,2.0,"Shohei Ohtani singles on a ground ball to center fielder Brenton Doyle, deflected by shortstop Ezequiel Tovar. Miguel Rojas scores.",R,L,L,COL,LAD,X,6.0,ground_ball,0,1,2025,-0.66,-0.27,-0.04,3.23,500743.0,,,2,2,Top,123.95,89.86,,,,,-4.71554041704962,-120.86346933206832,1.185131143428206,-5.736855299814814,20.57575864097136,-35.21404284641568,3.55,1.66,138.0,106.5,7.0,83.9,2172.0,6.5,776693,696100,682653,690022,691720,678662,687597,686668,666160,53.96,0.673,0.61,0.9,1.0,1.0,0.0,4.0,13,2,Sweeper,0,1,1,0,2,0,2,0,Standard,Standard,327.0,-0.089,0.772,73.3,7.4,0.732,-0.772,106.5,-1,1,0.412,0.5880000000000001,32,30,32,31,2,1,6.0,1.0,5.0,1.0,3.54,-0.66,-0.66,27.9,5.695007858020653,6.6185235650889345,28.209380328589713,43.26784941259961,20.11310830332257
FF,2025-08-18,96.7,-1.3,5.81,"Ohtani, Shohei",660271,677955,field_out,hit_into_play,,,,,1.0,Shohei Ohtani lines out to shortstop Ezequiel Tovar.,R,L,R,COL,LAD,X,6.0,line_drive,1,2,2025,-0.94,0.98,-0.68,2.98,,,,0,5,Top,124.45,140.53,,,,,3.752160773855726,-141.03025519384877,-4.337241639957735,-13.391894830258192,24.696743748592603,-18.33352451398181,3.55,1.66,168.0,101.0,7.0,97.1,2377.0,5.9,776693,696100,682653,690022,691720,678662,687597,686668,666160,54.61,0.623,0.569,0.0,1.0,0.0,0.0,4.0,34,4,4-Seam Fastball,2,2,2,2,2,2,2,2,Infield shade,Standard,226.0,0.022,-0.189,66.5,7.4,0.69,0.189,101.0,0,0,0.508,0.492,25,30,26,31,1,2,2.0,1.0,2.0,1.0,1.41,0.94,-0.94,24.9,6.133868474197365,8.735616660902085,26.14676735635058,49.09912079310021,15.520133089267896
KC,2025-08-18,81.4,2.68,5.62,"Ohtani, Shohei",660271,607536,single,hit_into_play,,,,,9.0,Shohei Ohtani singles on a sharp line drive to right fielder Mickey Moniak.,R,L,L,COL,LAD,X,9.0,line_drive,1,0,2025,-0.01,-0.26,0.55,1.93,,,,0,1,Top,195.43,95.53,,,,,-4.769018494571216,-118.64633972642032,-1.3556142586194846,0.5444848089004624,17.089099855581786,-34.66118970906822,3.55,1.66,202.0,110.9,10.0,82.8,2232.0,6.6,776693,696100,682653,690022,691720,678662,687597,686668,666160,53.95,0.863,0.892,0.9,1.0,1.0,0.0,5.0,1,2,Knuckle Curve,0,0,0,0,0,0,0,0,Infield shade,Standard,324.0,-0.032,0.396,75.6,8.2,1.195,-0.396,110.9,0,0,0.496,0.504,32,30,32,31,1,0,6.0,1.0,5.0,1.0,3.62,-0.01,-0.01,27.0,19.89599587356572,-6.945217021663781,40.3674542509043,35.127285202771716,30.252041354415404
SI,2025-08-17,95.1,-2.88,5.06,"Ohtani, Shohei",660271,506433,field_out,hit_into_play,,,,,5.0,Shohei Ohtani flies out sharply to left fielder Ramón Laureano.,R,L,R,LAD,SD,X,7.0,fly_ball,0,0,2025,-1.37,0.37,-0.1,2.43,,,690976.0,1,2,Bot,32.68,94.23,,,,,10.420058585616207,-138.24234213240263,-2.1300499954637813,-19.812491641430157,27.632497709773304,-27.085150689590588,3.55,1.66,345.0,104.0,41.0,95.9,2246.0,6.6,776697,666023,656811,630105,592518,593428,657656,701538,665487,53.9,0.2706666666666666,0.5331666666666667,0.0,1.0,0.0,0.0,5.0,17,1,Sinker,4,0,4,0,0,4,4,0,Infield shade,Standard,239.0,-0.011,-0.256,78.9,7.8,1.0553333333333332,0.256,104.0,4,4,0.878,0.878,38,30,39,31,2,1,6.0,1.0,5.0,1.0,2.13,1.37,-1.37,21.7,12.801950717149849,9.350898384115608,36.923152805052325,40.745804178883155,20.91280126424019
SL,2025-08-17,85.3,2.84,5.79,"Ohtani, Shohei",660271,670970,field_out,hit_into_play,,,,,6.0,Shohei Ohtani flies out sharply to center fielder Ramón Laureano.,R,L,L,LAD,SD,X,8.0,fly_ball,0,2,2025,-0.77,-0.35,0.35,2.28,,,,2,7,Bot,108.74,46.21,,,,,-4.295841927927874,-124.28162085580968,-1.3146855509786708,-7.233356688299736,23.581308463995732,-35.77283659774506,3.55,1.66,380.0,101.5,26.0,85.7,3107.0,6.3,776697,666023,656811,630105,592518,593428,657757,657656,665487,54.16,0.573018867924528,1.0802641509433963,0.0,1.0,0.0,0.0,6.0,59,3,Slider,4,3,4,3,3,4,4,3,Infield shade,Standard,297.0,-0.007,-0.16,72.8,7.5,2.0882264150943395,0.16,101.5,1,1,0.752,0.752,26,30,26,31,1,3,5.0,1.0,2.0,1.0,3.46,-0.77,-0.77,40.3,10.028457000520534,3.5799942218869454,35.79195115441706,38.66543177212506,24.46221537723544
FF,2025-08-17,95.6,-2.71,5.18,"Ohtani, Shohei",660271,506433,single,hit_into_play,,,,,8.0,Shohei Ohtani singles on a sharp line drive to right fielder Fernando Tatis Jr.,R,L,R,LAD,SD,X,9.0,line_drive,2,2,2025,-0.85,1.09,-0.23,1.61,,,,0,1,Bot,179.43,114.08,,,,,8.452253439208572,-138.89958928687847,-6.264065835079904,-12.769168742939586,28.483419739591685,-16.88608221556575,3.55,1.66,167.0,101.0,10.0,95.9,2334.0,6.4,776697,666023,656811,630105,592518,593428,657656,701538,665487,54.12,0.833,0.781,0.9,1.0,1.0,0.0,4.0,5,5,4-Seam Fastball,0,0,0,0,0,0,0,0,Infield shade,Standard,228.0,0.037,0.465,69.7,8.3,0.967,-0.465,101.0,0,0,0.546,0.546,38,30,39,31,1,0,6.0,1.0,5.0,1.0,1.4,0.85,-0.85,25.0,15.074387436163946,-0.967320683018766,42.20425172673711,42.05460113117038,23.63705372540981
KC,2025-08-16,84.4,-1.55,6.18,"Ohtani, Shohei",660271,656302,single,hit_into_play,,,,,13.0,Shohei Ohtani singles on a line drive to center fielder Jackson Merrill.,R,L,R,LAD,SD,X,8.0,line_drive,2,2,2025,0.12,-1.32,-0.92,1.73,,,,1,4,Bot,150.24,85.1,,,,,1.2328554030239174,-122.980614060705,-1.3413256224759549,0.9510916800183298,25.130890899065506,-45.504147607781846,3.53,1.6,180.0,84.6,14.0,84.6,2990.0,6.4,776717,666023,650333,630105,592518,593428,657656,701538,665487,54.09,0.901,0.856,0.9,1.0,1.0,0.0,4.0,34,5,Knuckle Curve,5,0,5,0,0,5,5,0,Infield shade,Standard,12.0,0.005,0.44,57.4,8.1,1.042,-0.44,88.0,5,5,0.942,0.942,29,30,30,31,3,2,6.0,1.0,5.0,1.0,4.52,-0.12,0.12,55.5,11.852806506085884,5.7780838419251275,36.100335934245464,48.93310646937586,19.87909571926325
ST,2025-08-16,82.6,1.79,6.02,"Ohtani, Shohei",660271,673513,field_out,hit_into_play,,,,,5.0,Shohei Ohtani pops out to first baseman Luis Arraez in foul territory.,R,L,L,LAD,SD,X,3.0,popup,0,1,2025,-0.84,0.43,-0.27,2.55,,,624424.0,2,6,Bot,165.38,192.92,,,,,-3.0493796130301023,-120.2587767022516,-2.203669973458271,-7.45154971113007,24.74593644456136,-27.7883652912942,3.53,1.6,102.0,83.5,74.0,81.7,2845.0,5.8,776717,666023,650333,630105,592518,593428,657656,701538,665487,54.73,0.005,0.005,0.0,1.0,0.0,0.0,3.0,51,2,Sweeper,6,0,6,0,0,6,6,0,Infield shade,Standard,312.0,-0.002,-0.229,66.9,8.7,0.005,0.229,88.0,6,6,0.985,0.985,29,30,30,31,1,3,1.0,1.0,4.0,1.0,2.92,-0.84,-0.84,58.1,27.090330787891528,-25.99236628674384,35.48341549536543,44.05002684194891,37.12077934074212
FF,2025-08-15,94.6,-2.15,6.0,"Ohtani, Shohei",660271,681190,force_out,hit_into_play,,,,,11.0,"Shohei Ohtani grounds into a force out, second baseman Jake Cronenworth to shortstop Xander Bogaerts. Michael Conforto scores. Alex Freeland to 3rd. Miguel Rojas out at 2nd. Shohei Ohtani to 1st.",R,L,R,LAD,SD,X,4.0,ground_ball,2,2,2025,-0.99,1.25,-1.35,2.73,624424.0,690976.0,500743.0,0,3,Bot,154.49,143.47,,,,,4.268451530320112,-137.74543075547848,-5.667449986423235,-13.52004987520951,29.57139226935008,-15.148850222135716,3.53,1.6,112.0,73.5,10.0,94.5,2472.0,6.1,776727,666023,650333,630105,592518,593428,657656,701538,665487,54.35,0.271,0.244,0.0,1.0,0.0,0.0,2.0,21,5,4-Seam Fastball,0,1,0,1,1,1,1,1,Infield shade,Standard,215.0,0.004,-0.187,67.6,8.3,0.271,0.187,88.0,-1,-1,0.626,0.626,26,30,27,31,1,1,13.0,2.0,22.0,1.0,1.28,0.99,-0.99,35.0,14.437513263039378,-11.013904240406362,25.34928747244853,55.47290464400315,23.876624180816584
SI,2025-08-15,96.2,0.12,6.11,"Ohtani, Shohei",660271,593974,field_out,hit_into_play,,,,,1.0,Shohei Ohtani lines out sharply to center fielder Jackson Merrill.,R,L,L,LAD,SD,X,8.0,line_drive,3,2,2025,1.22,0.57,-0.34,3.13,,,,0,1,Bot,125.09,48.9,,,,,-3.9348696177088223,-140.04285183845994,-3.584875682404407,16.925132220924134,31.15773172222258,-24.07502834863288,3.53,1.6,372.0,107.3,20.0,95.3,2013.0,5.7,776727,666023,650333,630105,592518,593428,657656,701538,665487,54.76,0.648457142857143,1.1067714285714283,0.0,1.0,0.0,0.0,6.0,4,7,Sinker,0,0,0,0,0,0,0,0,Infield shade,Standard,134.0,-0.027,-0.345,73.0,7.4,2.0654,0.345,107.3,0,0,0.553,0.553,33,30,34,31,1,0,2.0,2.0,3.0,1.0,1.89,1.22,1.22,46.9,12.512342472847378,7.912111939630503,30.76409883479675,44.77901797388927,21.562916295698617
CH,2025-08-13,80.2,-2.62,6.21,"Ohtani, Shohei",660271,543294,triple,hit_into_play,,,,,5.0,Shohei Ohtani triples (8) on a sharp line drive to right fielder Jo Adell.,R,L,R,LAA,LAD,X,9.0,line_drive,2,2,2025,-1.15,0.98,-0.25,2.72,,,,0,1,Top,201.74,119.53,,,,,7.295082941117919,-116.6368737512488,-2.8368238865823567,-11.87008141759893,21.91306975713794,-22.89183810183195,3.52,1.56,202.0,107.2,12.0,79.0,2059.0,5.5,776752,681351,694384,650859,660162,687263,621493,669326,666176,55.02,0.911,0.93,1.6,1.0,1.0,2.0,5.0,1,6,Changeup,0,0,0,0,0,0,0,0,Infield shade,Standard,229.0,-0.084,0.95,74.3,8.1,1.225,-0.95,107.2,0,0,0.502,0.498,35,30,36,31,1,0,5.0,1.0,6.0,2.0,2.57,1.15,-1.15,43.1,20.291554185846092,-10.415518286482625,32.359108524576605,43.501685724065275,33.58651701368197
FF,2025-08-12,97.1,1.69,6.35,"Ohtani, Shohei",660271,656271,triple_play,hit_into_play,,,,,4.0,"Shohei Ohtani lines into a triple play, shortstop Zach Neto to first baseman Nolan Schanuel. Miguel Rojas out at 2nd. Dalton Rushing out at 1st.",R,L,L,LAA,LAD,X,6.0,line_drive,2,2,2025,0.54,1.32,-0.61,2.35,,500743.0,687221.0,0,6,Top,124.57,133.04,,,,,-7.506861793093879,-141.11034286436183,-8.328878073178958,8.852676890238094,31.09857151278307,-12.7923871124209,3.53,1.57,170.0,86.8,8.0,98.5,2274.0,7.1,776763,681351,694384,650859,660162,687263,621493,669326,666176,53.42,0.461,0.417,0.0,1.0,0.0,0.0,4.0,50,5,4-Seam Fastball,5,5,5,5,5,5,5,5,Standard,Standard,147.0,0.198,-0.23,62.2,7.4,0.497,0.23,88.0,0,0,0.378,0.622,28,30,29,31,1,3,3.0,1.0,1.0,1.0,1.1,0.54,0.54,45.3,1.8455328339056851,3.9767085194405127,31.859205677070083,48.88914053117935,21.889340177088783
SI,2025-08-12,89.2,1.85,6.77,"Ohtani, Shohei",660271,605177,field_out,hit_into_play,,,,,12.0,Shohei Ohtani pops out to first baseman Nolan Schanuel.,R,L,L,LAA,LAD,X,3.0,popup,2,1,2025,1.24,1.25,1.44,3.59,,,,1,5,Top,141.26,163.75,,,,,-3.610205630755902,-129.79660720969304,-4.39264469254326,14.762468404156577,28.596438871811927,-17.344313339314354,3.53,1.57,103.0,63.6,67.0,89.0,2131.0,6.3,776763,681351,694384,650859,660162,687263,621493,669326,666176,54.22,0.001,0.0,0.0,1.0,0.0,0.0,3.0,38,4,Sinker,5,3,3,5,3,5,3,5,Infield shade,Standard,153.0,0.023,-0.298,79.5,7.2,0.001,0.298,88.0,2,-2,0.777,0.2229999999999999,35,30,35,31,1,2,4.0,1.0,1.0,1.0,1.63,1.24,1.24,55.0,30.396773546448124,0.4626768973106491,30.785759148215075,24.304018385368405,25.3501244511914
FC,2025-08-12,92.4,-2.43,6.31,"Ohtani, Shohei",660271,445276,home_run,hit_into_play,,,,,2.0,Shohei Ohtani homers (43) on a fly ball to right field.,R,L,R,LAA,LAD,X,,fly_ball,1,0,2025,0.05,1.74,-0.17,2.97,,,,0,9,Top,235.33,75.87,,,,,5.6890677123830695,-134.2717748431764,-6.515742853347355,-0.6701556326300598,30.035660675486117,-9.860464576900585,3.53,1.57,404.0,114.8,29.0,93.0,2603.0,6.8,776763,681351,694384,695681,650859,687263,621493,669326,666176,53.72,0.997,2.018,2.0,1.0,0.0,3.0,6.0,70,2,Cutter,5,5,5,5,6,5,6,5,Infield shade,Standard,194.0,-0.327,1.073,82.4,8.2,3.995,-1.073,114.8,0,0,0.492,0.508,37,30,38,31,1,4,1.0,1.0,1.0,1.0,0.94,-0.05,0.05,45.1,21.508881310765677,-7.926433613558176,34.75910768035673,42.05584300979897,31.868015907919357
SL,2025-08-11,89.5,-1.91,5.83,"Ohtani, Shohei",660271,641312,home_run,hit_into_play,,,,,9.0,Shohei Ohtani homers (42) on a fly ball to right center field.,R,L,R,LAA,LAD,X,,fly_ball,3,2,2025,0.65,0.34,0.74,2.22,,,,1,8,Top,178.59,50.93,,,,,5.232424887074794,-130.3483170276838,-3.678953007422676,6.3539273120031545,26.158014863861116,-27.73822558827353,3.55,1.62,389.0,100.0,33.0,90.6,2708.0,6.8,776779,518595,694384,650859,672724,687263,621493,669326,672569,53.7,0.4176470588235295,0.8148529411764704,2.0,1.0,0.0,3.0,6.0,62,6,Slider,7,0,0,7,1,7,1,7,Infield shade,Standard,139.0,-0.003,1.505,77.3,7.9,1.6080000000000003,-1.505,100.0,7,-7,0.998,0.002,30,30,31,31,1,3,63.0,1.0,,1.0,2.49,-0.65,0.65,39.1,14.761067732302209,-3.4297294542740704,42.79575121576877,30.093461060553786,27.136698011230195
SI,2025-08-11,98.7,-1.37,5.68,"Ohtani, Shohei",660271,667755,field_out,hit_into_play,,,,,6.0,"Shohei Ohtani grounds out sharply, second baseman Luis Rengifo to first baseman Nolan Schanuel.",R,L,R,LAA,LAD,X,4.0,ground_ball,3,1,2025,-1.11,0.09,0.68,2.48,,,,0,1,Top,158.1,156.65,,,,,8.185112294002288,-143.60171607964955,-3.5064440917360717,-17.2009866214165,30.48516916520725,-30.404640567806123,3.55,1.62,16.0,100.1,-8.0,99.3,2063.0,6.5,776779,518595,694384,650859,660162,687263,621493,669326,666176,54.04,0.281,0.265,0.0,1.0,0.0,0.0,2.0,1,5,Sinker,0,0,0,0,0,0,0,0,Infield shade,Standard,231.0,0.036,-0.439,79.1,7.4,0.308,0.439,100.1,0,0,0.486,0.514,26,30,27,31,1,0,6.0,1.0,6.0,1.0,2.24,1.11,-1.11,29.8,12.993090362745075,6.000247720200739,39.18364461163373,32.12433380961543,24.254137079155623
FF,2025-08-10,97.2,-2.03,5.49,"Ohtani, Shohei",660271,622554,single,hit_into_play,,,,,2.0,Shohei Ohtani singles on a line drive to center fielder Daulton Varsho.,R,L,R,LAD,TOR,X,8.0,line_drive,2,2,2025,-0.39,1.14,0.23,3.08,,,,1,6,Bot,150.13,88.41,,,,,6.932972596478016,-141.54563231233814,-3.60961136660976,-6.658977083776246,27.868671818498463,-16.13105221965048,3.56,1.63,212.0,91.9,16.0,97.5,2356.0,6.1,776788,623168,665489,676391,680718,666182,694388,662139,664770,54.37,0.846,0.823,0.9,1.0,1.0,0.0,4.0,52,6,4-Seam Fastball,3,2,3,2,2,3,3,2,Infield shade,Standard,213.0,0.025,0.44,76.5,7.4,1.033,-0.44,91.9,1,1,0.717,0.717,30,30,31,31,1,3,1.0,1.0,4.0,1.0,1.24,0.39,-0.39,32.6,11.61444339442528,7.627279877705503,32.657721398430795,37.44203275885265,21.231589925204155
FC,2025-08-10,86.7,1.98,6.25,"Ohtani, Shohei",660271,641778,home_run,hit_into_play,,,,,8.0,Shohei Ohtani homers (41) on a fly ball to right center field.,R,L,L,LAD,TOR,X,,fly_ball,1,2,2025,-0.19,0.56,0.11,2.01,,,,0,1,Bot,203.95,56.52,,,,,-4.076078144842297,-126.42283989874252,-5.213740289591617,-1.3967893505541882,20.284815239836725,-25.361593005350407,3.56,1.63,400.0,106.3,25.0,86.9,2164.0,5.8,776788,623168,665489,676391,680718,666182,694388,662139,664770,54.68,0.7939374999999997,1.5645781250000006,2.0,1.0,0.0,3.0,6.0,6,4,Cutter,0,1,0,1,1,1,1,1,Infield shade,Standard,163.0,0.106,1.184,76.7,8.4,3.0643125000000015,-1.184,106.3,-1,-1,0.442,0.442,30,30,30,31,1,0,6.0,1.0,6.0,1.0,2.41,-0.19,-0.19,46.0,22.4847967015247,-9.77767159388986,39.913423090255755,39.40504594457795,34.81847087136447
CH,2025-08-09,86.2,-1.67,5.09,"Ohtani, Shohei",660271,605135,home_run,hit_into_play,,,,,4.0,Shohei Ohtani homers (40) on a fly ball to center field.,R,L,R,LAD,TOR,X,,fly_ball,3,1,2025,-1.37,-0.07,-0.59,2.54,,,,1,5,Bot,124.42,30.26,,,,,5.355982685902661,-125.42832490738532,0.3518074924953411,-15.504327243870684,26.431683054763617,-33.202970405344765,3.58,1.65,417.0,107.8,27.0,86.4,2082.0,6.5,776808,672386,664034,676391,671083,666182,676914,662139,664702,54.0,0.926,1.8696000000000008,2.0,1.0,0.0,3.0,6.0,40,5,Changeup,2,0,2,0,0,3,3,0,Infield shade,Standard,247.0,0.072,1.418,72.7,8.1,3.698025,-1.418,107.8,2,2,0.803,0.803,36,30,36,31,3,2,6.0,1.0,6.0,1.0,3.15,1.37,-1.37,26.2,14.271491411727988,4.5447993559127955,34.06990535491728,45.98496722456416,20.814317525831065
FC,2025-08-09,91.5,-1.52,5.26,"Ohtani, Shohei",660271,605135,single,hit_into_play,,,,,5.0,Shohei Ohtani singles on a sharp line drive to center fielder Daulton Varsho. Dalton Rushing to 3rd.,R,L,R,LAD,TOR,X,8.0,line_drive,0,0,2025,-0.14,0.92,0.06,2.27,,,687221.0,2,3,Bot,148.04,101.46,,,,,4.305537266594023,-133.20751670590388,-3.6653292252397542,-2.593682136054282,27.271974351210023,-20.65457824569352,3.58,1.65,251.0,112.0,14.0,91.8,2218.0,6.3,776808,672386,664034,676391,671083,666182,676914,662139,664702,54.17,0.694,0.741,0.9,1.0,1.0,0.0,6.0,22,1,Cutter,0,0,0,0,0,0,0,0,Infield shade,Standard,224.0,0.029,0.346,80.9,7.8,1.099,-0.346,112.0,0,0,0.526,0.526,36,30,36,31,2,1,6.0,1.0,6.0,1.0,1.79,0.14,-0.14,28.1,15.526427641234044,7.217411087392041,39.85683726761361,37.373449272560435,24.531720340765595
SL,2025-08-09,90.2,0.46,6.37,"Ohtani, Shohei",660271,680755,field_error,hit_into_play,,,,,5.0,Shohei Ohtani reaches on a throwing error by shortstop Bo Bichette.,R,L,R,LAD,TOR,X,6.0,ground_ball,3,2,2025,0.01,0.21,-0.1,2.94,,,,2,7,Bot,126.41,150.89,,,,,-1.3847088526868263,-131.32456484684428,-3.0190156110893165,0.4236596083100744,28.11151081711425,-29.313634757773738,3.58,1.65,83.0,76.3,8.0,89.3,2326.0,5.7,776808,672386,664034,676391,671083,666182,676914,662139,664702,54.76,0.281,0.27,0.9,1.0,0.0,0.0,2.0,65,6,Slider,9,0,9,0,0,9,9,0,Infield shade,Standard,162.0,0.0,0.301,77.8,8.6,0.297,-0.301,88.0,9,9,0.999,0.999,24,30,25,31,1,4,3.0,1.0,1.0,1.0,2.59,-0.01,0.01,48.9,26.256576799714782,-25.346956625350437,33.54140879854323,40.89297952715775,41.22233139467165
SL,2025-08-08,89.6,-2.98,5.4,"Ohtani, Shohei",660271,453286,double,hit_into_play,,,,,8.0,Shohei Ohtani hits a ground-rule double (16) on a line drive to right-center field.,R,L,R,LAD,TOR,X,,line_drive,2,2,2025,0.27,0.36,-0.22,1.94,,,,2,5,Bot,171.03,64.44,,,,,6.241210969943058,-130.3769282780124,-3.3382871332119928,1.866228709551044,25.828344042375072,-27.62235275679988,3.58,1.65,351.0,101.5,22.0,89.7,2440.0,6.3,776823,672386,665489,676391,680718,666182,676914,662139,664702,54.25,0.3904782608695653,0.6398260869565217,1.25,1.0,1.0,1.0,5.0,39,5,Slider,0,1,0,1,1,0,0,1,Infield shade,Standard,188.0,0.036,0.615,74.6,8.3,1.1776956521739128,-0.615,101.5,-1,-1,0.355,0.355,40,30,41,31,3,2,6.0,2.0,6.0,1.0,2.47,-0.27,0.27,39.0,15.859004819938187,-6.0560512160638815,38.55119892815852,43.71769963614197,30.616856814169516
CH,2025-08-08,85.6,-3.12,5.44,"Ohtani, Shohei",660271,453286,field_out,hit_into_play,,,,,13.0,"Shohei Ohtani grounds out, second baseman Ernie Clement to first baseman Vladimir Guerrero Jr.",R,L,R,LAD,TOR,X,4.0,ground_ball,0,2,2025,-1.24,-0.03,-1.4,2.35,,,,0,3,Bot,150.31,151.12,,,,,6.5972455030330135,-124.57755071383724,-0.941723040105857,-14.19648233878536,25.106373041359184,-32.51701249452274,3.58,1.65,22.0,77.6,-4.0,86.0,1417.0,6.6,776823,672386,665489,676391,680718,666182,676914,662139,664702,53.93,0.127,0.118,0.0,1.0,0.0,0.0,2.0,23,3,Changeup,0,1,0,1,1,0,0,1,Infield shade,Standard,247.0,-0.018,-0.165,57.9,8.4,0.154,0.165,88.0,-1,-1,0.427,0.427,40,30,41,31,2,1,6.0,2.0,6.0,1.0,3.14,1.24,-1.24,29.0,11.014371134999472,-5.853516631913721,29.402458526226145,56.786700357313805,21.269884157781178
SI,2025-08-08,93.7,2.04,5.77,"Ohtani, Shohei",660271,663893,single,hit_into_play,,,,,4.0,"Shohei Ohtani singles on a ground ball to right fielder Nathan Lukes, deflected by first baseman Vladimir Guerrero Jr. Alex Freeland to 3rd.",R,L,L,LAD,TOR,X,3.0,ground_ball,0,0,2025,1.1,-0.14,-0.4,2.29,,,690976.0,0,7,Bot,179.99,126.29,,,,,-8.6116100896372,-136.31857796473963,-2.9310232506155613,15.620452066462876,28.633486026978115,-33.548301112391854,3.58,1.65,4.0,78.6,-30.0,92.5,2030.0,5.5,776823,672386,665489,676391,680718,666182,676914,662139,664770,55.01,0.028,0.039,0.9,1.0,1.0,0.0,2.0,55,1,Sinker,2,1,2,1,1,2,2,1,Infield shade,Standard,112.0,0.07,0.469,74.1,8.2,0.028,-0.469,88.0,1,1,0.817,0.817,28,30,29,31,1,3,5.0,2.0,2.0,1.0,2.73,1.1,1.1,24.5,13.614418483412244,-2.469370848028245,32.111376554068,46.68277256274368,25.07031527659784
CU,2025-08-08,78.0,-2.93,5.88,"Ohtani, Shohei",660271,453286,single,hit_into_play,,,,,7.0,Shohei Ohtani singles on a sharp line drive to center fielder Daulton Varsho.,R,L,R,LAD,TOR,X,8.0,line_drive,1,1,2025,1.08,-0.91,-0.55,2.23,,,,0,1,Bot,144.48,91.84,,,,,3.118783771345824,-113.50242750363206,0.7294617676831234,8.721492383547234,21.994246320866125,-40.338267742599264,3.58,1.65,273.0,102.9,18.0,77.8,2793.0,6.3,776823,672386,665489,676391,680718,666182,676914,662139,664702,54.21,0.43,0.505,0.9,1.0,1.0,0.0,5.0,4,3,Curveball,0,0,0,0,0,0,0,0,Infield shade,Standard,54.0,0.036,0.447,75.0,8.0,0.799,-0.447,102.9,0,0,0.547,0.547,40,30,41,31,1,0,6.0,2.0,6.0,1.0,4.67,-1.08,1.08,39.2,12.59967186329624,8.936124223668635,36.247244806057424,46.67199071831377,21.528922123612716
SI,2025-08-06,92.6,0.5,6.54,"Ohtani, Shohei",660271,669461,home_run,hit_into_play,,,,,5.0,Shohei Ohtani homers (39) on a fly ball to center field. Alex Call scores.,R,L,L,LAD,STL,X,,fly_ball,1,1,2025,0.71,1.06,0.25,2.47,,669743.0,,1,3,Bot,88.64,24.74,,,,,-2.191073112704073,-134.86194675949432,-6.971385337254339,9.203125537249406,25.555217622875,-17.967227280200643,3.58,1.62,421.0,109.5,33.0,93.0,2033.0,6.2,776839,686780,676475,680977,669357,691026,663457,687363,691023,54.3,0.926625,1.8797500000000005,2.0,1.0,0.0,3.0,6.0,21,3,Sinker,0,1,0,1,1,2,2,1,Standard,Standard,151.0,0.19,1.306,79.3,7.8,3.7015,-1.306,109.5,-1,-1,0.458,0.458,25,30,26,31,2,1,5.0,1.0,6.0,2.0,1.57,0.71,0.71,48.0,11.137171060220789,-1.403386161771606,40.082856706602925,36.01341417575905,29.0040450498433
FF,2025-08-06,93.2,0.58,6.52,"Ohtani, Shohei",660271,669461,field_error,hit_into_play,,,,,4.0,Shohei Ohtani reaches on a fielding error by first baseman Alec Burleson.,R,L,L,LAD,STL,X,3.0,ground_ball,0,0,2025,0.37,1.24,-0.41,2.86,,,,0,1,Bot,158.72,165.66,,,,,-3.361804230163042,-135.6139939135819,-6.3866300344384745,5.252402544098989,27.969399632846283,-15.700177648585647,3.58,1.62,5.0,83.9,-31.0,93.5,2225.0,6.3,776839,686780,676475,680977,669357,691026,663457,687363,691023,54.16,0.053,0.055,0.9,1.0,0.0,0.0,2.0,4,1,4-Seam Fastball,0,0,0,0,0,0,0,0,Standard,Standard,153.0,0.035,0.485,80.7,8.1,0.062,-0.485,88.0,0,0,0.548,0.548,25,30,26,31,1,0,5.0,1.0,6.0,2.0,1.37,0.37,0.37,47.0,15.086626317006711,-3.2388445660379905,32.34415692711328,45.85013896293168,31.056036366670444
CH,2025-08-05,87.6,-2.13,6.41,"Ohtani, Shohei",660271,571945,grounded_into_double_play,hit_into_play,,,,,7.0,"Shohei Ohtani grounds into a double play, shortstop Masyn Winn to first baseman Willson Contreras. Dalton Rushing out at 2nd. Shohei Ohtani out at 1st.",R,L,R,LAD,STL,X,6.0,ground_ball,2,1,2025,-1.14,0.61,-0.68,2.09,,690976.0,687221.0,1,2,Bot,114.5,146.88,,,,,5.884730288007696,-127.40392847568104,-5.5841941749789585,-13.625029213670375,25.379666456418853,-24.561914315655997,3.58,1.6,5.0,82.2,-23.0,87.8,1795.0,6.4,776858,650968,575929,680977,669357,691026,676475,663457,691023,54.12,0.041,0.045,0.0,1.0,0.0,0.0,2.0,18,4,Changeup,2,2,2,2,2,2,2,2,Infield shade,Standard,223.0,-0.099,-0.347,79.8,8.5,0.041,0.347,88.0,0,0,0.599,0.599,36,30,37,31,2,1,6.0,1.0,6.0,1.0,2.35,1.14,-1.14,46.5,20.00130510043819,-8.368544168525936,35.530788175947464,48.60730974920954,30.84540297715229
SL,2025-08-05,82.6,-0.82,6.27,"Ohtani, Shohei",660271,701552,single,hit_into_play,,,,,4.0,Shohei Ohtani singles on a soft ground ball to third baseman Nolan Gorman.,R,L,R,LAD,STL,X,5.0,ground_ball,0,2,2025,0.35,-0.05,-0.35,2.4,,,,0,8,Bot,107.18,166.46,,,,,0.4015731654693328,-120.288240721794,-2.2174191251420683,3.336785973199625,23.196060320523173,-32.455525695887005,3.58,1.6,2.0,52.5,-49.0,82.4,2265.0,6.1,776858,650968,575929,680977,669357,691026,676475,663457,691023,54.41,0.289,0.272,0.9,1.0,1.0,0.0,1.0,71,4,Slider,10,4,10,4,4,10,10,4,Infield shade,Standard,70.0,0.0,0.532,65.4,9.1,0.319,-0.532,88.0,6,6,0.998,0.998,25,30,25,31,1,4,9.0,1.0,11.0,1.0,3.38,-0.35,0.35,45.8,33.67118023777367,-32.3508788952351,36.37129944726059,43.79397353673867,47.324012025143894
FF,2025-08-05,94.4,-2.26,6.51,"Ohtani, Shohei",660271,571945,double,hit_into_play,,,,,2.0,Shohei Ohtani doubles (15) on a sharp ground ball to right fielder Jordan Walker.,R,L,R,LAD,STL,X,9.0,ground_ball,1,2,2025,-1.07,1.06,-0.25,3.39,,,,0,1,Bot,177.49,86.92,,,,,7.628635460218955,-137.21628366236718,-4.777740834012594,-15.252391979022203,29.833557480832148,-17.86450507094886,3.58,1.6,141.0,108.3,7.0,94.3,2085.0,6.3,776858,650968,575929,680977,669357,691026,676475,663457,691023,54.25,0.656,0.597,1.25,1.0,1.0,1.0,4.0,4,4,4-Seam Fastball,0,0,0,0,0,0,0,0,Strategic,Standard,224.0,0.065,0.786,,,0.736,-0.786,108.3,0,0,0.542,0.542,36,30,37,31,1,0,6.0,1.0,6.0,1.0,1.5,1.07,-1.07,41.4,,,,,
FF,2025-08-04,92.5,-0.59,5.44,"Ohtani, Shohei",660271,543243,field_out,hit_into_play,,,,,5.0,"Shohei Ohtani grounds out, second baseman Brendan Donovan to first baseman Willson Contreras.",R,L,R,LAD,STL,X,4.0,ground_ball,3,2,2025,0.2,0.9,-0.09,2.66,,,,2,3,Bot,153.27,154.76,,,,,0.8514187375042807,-134.81220011159374,-3.3317126077588703,2.2626708623466816,26.607319409279658,-20.674288973452743,3.57,1.61,8.0,90.6,-17.0,93.1,2469.0,6.3,776870,686780,575929,680977,695336,691026,676475,687363,663457,54.16,0.129,0.126,0.0,1.0,0.0,0.0,2.0,23,7,4-Seam Fastball,0,1,0,1,1,0,0,1,Standard,Standard,206.0,-0.015,-0.328,76.0,8.1,0.143,0.328,90.6,-1,-1,0.392,0.392,35,30,36,31,2,1,6.0,1.0,6.0,1.0,1.74,-0.2,0.2,46.7,19.18256081278741,7.1293447724749255,28.972847162034583,41.855579043921395,20.18873822351123
SL,2025-08-04,84.0,2.38,5.29,"Ohtani, Shohei",660271,668941,single,hit_into_play,,,,,5.0,Shohei Ohtani singles on a sharp line drive to right fielder Lars Nootbaar.,R,L,L,LAD,STL,X,9.0,line_drive,0,0,2025,-0.9,-0.07,-0.27,2.48,,,,0,9,Bot,151.0,99.76,,,,,-4.268198011247504,-122.384287161486,-0.0130811613107482,-8.161871637974647,24.084934438661804,-33.04234443961505,3.57,1.61,257.0,109.2,13.0,82.4,2796.0,5.2,776870,650968,676475,680977,695336,691026,641658,687363,663457,55.34,0.759,0.785,0.9,1.0,1.0,0.0,5.0,64,1,Slider,2,3,2,3,3,2,2,3,Strategic,Standard,305.0,0.135,0.438,72.9,7.8,1.09,-0.438,109.2,-1,-1,0.204,0.204,28,30,29,31,1,3,2.0,1.0,2.0,1.0,3.29,-0.9,-0.9,27.9,1.5218924301412349,9.025917214655928,32.29362721286304,45.605073021538786,22.787067688664266
CH,2025-08-03,87.5,-1.38,5.92,"Ohtani, Shohei",660271,669438,single,hit_into_play,,,,,4.0,Shohei Ohtani singles on a ground ball to catcher Hunter Feduccia.,R,L,R,TB,LAD,X,2.0,ground_ball,1,1,2025,-0.95,0.13,-0.56,2.21,,,,1,7,Top,123.99,197.62,,,,,3.934895254939816,-127.37902835469504,-3.090834097602787,-11.156204100508624,25.861182358643017,-30.370604937240664,3.56,1.59,0.0,60.1,-84.0,87.5,2064.0,6.2,776889,676439,664040,673490,691406,670764,663968,676356,666139,54.28,0.205,0.202,0.9,1.0,1.0,0.0,2.0,52,3,Changeup,0,1,1,0,1,0,1,0,Infield shade,Standard,233.0,-0.027,0.425,75.5,8.8,0.205,-0.425,88.0,-1,1,0.333,0.667,25,30,26,31,1,3,4.0,1.0,6.0,1.0,2.84,0.95,-0.95,43.9,27.02418333652517,-12.763599451862513,34.52731190156421,48.15700487431924,34.88329876947991
CH,2025-08-03,91.8,-0.51,5.51,"Ohtani, Shohei",660271,643377,double,hit_into_play,,,,,4.0,"Shohei Ohtani doubles (14) on a ground ball to right fielder Josh Lowe, deflected by second baseman Ha-Seong Kim. Alex Call to 3rd.",R,L,R,TB,LAD,X,4.0,ground_ball,3,2,2025,-1.38,0.46,-0.81,2.82,,,669743.0,1,9,Top,152.83,107.6,,,,,2.228718922449783,-133.77457130595343,-1.9934399165103176,-17.01772320596699,28.227788689376297,-26.37223991513917,3.56,1.59,30.0,97.9,-4.0,92.2,1848.0,6.4,776889,676439,664040,673490,691406,670764,663968,676356,666139,54.08,0.286,0.273,1.25,1.0,1.0,1.0,2.0,68,6,Changeup,0,2,2,0,2,0,2,0,Infield shade,Standard,231.0,-0.027,0.726,73.0,8.0,0.297,-0.726,97.9,-2,2,0.074,0.926,30,30,31,31,1,4,4.0,1.0,2.0,1.0,2.23,1.38,-1.38,43.0,11.601069613048749,-0.6389343323012756,29.110628579331436,51.27329637138316,22.81602098307604
SI,2025-08-02,95.6,1.29,5.3,"Ohtani, Shohei",660271,664076,single,hit_into_play,,,,,9.0,Shohei Ohtani singles on a sharp line drive to right fielder Josh Lowe. Miguel Rojas to 2nd.,R,L,L,TB,LAD,X,9.0,line_drive,0,0,2025,1.34,0.71,0.81,1.94,,,500743.0,1,6,Top,174.91,126.19,,,,,-4.242448535096469,-139.2494276151288,-4.88377447210724,18.453733454327494,28.163331485912696,-21.995206844072836,3.55,1.58,142.0,105.4,9.0,95.6,2422.0,6.0,776901,676439,650490,673490,691406,670764,666624,676356,666139,54.5,0.803,0.777,0.9,1.0,1.0,0.0,4.0,40,1,Sinker,3,0,0,3,0,3,0,3,Infield shade,Standard,132.0,-0.046,0.406,76.7,7.9,0.984,-0.406,105.4,3,-3,0.859,0.141,31,30,31,31,1,2,1.0,1.0,4.0,1.0,1.75,1.34,1.34,28.7,11.575354278985136,2.37690264178631,43.548338790115736,32.96279906094873,27.990006468221804
KC,2025-08-01,87.5,-1.5,5.91,"Ohtani, Shohei",660271,669358,single,hit_into_play,,,,,4.0,"Shohei Ohtani singles on a ground ball to right fielder Josh Lowe, deflected by second baseman Brandon Lowe. Alex Freeland to 3rd.",R,L,R,TB,LAD,X,4.0,ground_ball,1,2,2025,0.4,-0.71,-0.58,2.37,,,690976.0,2,4,Top,165.01,133.35,,,,,1.3884933040560787,-127.52787705680508,-0.982463526354758,4.068984244451384,24.432502341461152,-40.01597505541412,3.55,1.58,136.0,93.1,9.0,87.8,2755.0,6.2,776918,663743,650490,664040,691406,673490,663968,676356,666139,54.29,0.562,0.506,0.9,1.0,1.0,0.0,4.0,33,4,Knuckle Curve,0,4,4,0,4,0,4,0,Infield shade,Standard,37.0,-0.013,0.434,84.0,8.4,0.594,-0.434,93.1,-4,4,0.137,0.863,26,30,26,31,3,2,5.0,2.0,5.0,1.0,3.66,-0.4,0.4,37.4,11.29274868561438,-3.882942979770562,34.34239820519765,48.29538828374146,28.692526607229325
CH,2025-08-01,92.2,-1.48,5.69,"Ohtani, Shohei",660271,669358,single,hit_into_play,,,,,11.0,Shohei Ohtani singles on a ground ball to second baseman Brandon Lowe.,R,L,R,TB,LAD,X,4.0,ground_ball,1,1,2025,-1.48,0.8,-0.86,2.72,,,,1,3,Top,145.07,170.21,,,,,4.790476132218557,-134.18600028135083,-3.509043227771638,-18.94178256723667,27.18793715547677,-21.935089611279427,3.55,1.58,2.0,60.3,-47.0,92.5,2339.0,6.3,776918,663743,650490,664040,691406,673490,663968,676356,666139,54.16,0.195,0.19,0.9,1.0,1.0,0.0,2.0,20,3,Changeup,0,2,2,0,2,0,2,0,Infield shade,Standard,230.0,-0.02,0.425,84.1,8.5,0.195,-0.425,88.0,-2,2,0.307,0.6930000000000001,26,30,26,31,2,1,5.0,2.0,5.0,1.0,1.87,1.48,-1.48,34.8,15.685316500773462,-6.868436032104698,34.03067841021714,50.71281457684259,28.1068785869898
FF,2025-07-30,92.8,-1.78,6.08,"Ohtani, Shohei",660271,607259,field_out,hit_into_play,,,,,12.0,"Shohei Ohtani grounds out, second baseman Matt McLain to pitcher Nick Martinez.",R,L,R,CIN,LAD,X,4.0,ground_ball,1,2,2025,-0.4,1.14,0.86,3.38,,,,0,4,Top,155.36,154.22,,,,,7.558856968791466,-134.98679253535164,-3.59777985759128,-6.444636414089557,28.306157639636503,-17.60339155567315,3.54,1.62,20.0,85.8,-8.0,92.1,2302.0,5.8,776941,663886,668715,680574,669289,682829,666158,666181,682622,54.67,0.114,0.111,0.0,1.0,0.0,0.0,2.0,24,5,4-Seam Fastball,1,0,0,1,0,1,0,1,Infield shade,Standard,212.0,0.022,-0.189,75.3,6.6,0.117,0.189,88.0,1,-1,0.63,0.37,34,30,35,31,2,1,5.0,1.0,5.0,2.0,1.5,0.4,-0.4,49.6,8.861079690628367,10.337866702226211,30.68603014326936,30.982907179691654,22.804560520066623
FF,2025-07-30,97.1,-2.42,5.22,"Ohtani, Shohei",660271,663574,field_out,hit_into_play,,,,,5.0,Shohei Ohtani lines out sharply to center fielder Will Benson.,R,L,R,CIN,LAD,X,8.0,line_drive,1,1,2025,-1.16,0.97,-0.16,2.9,,690976.0,,2,9,Top,106.7,57.1,,,,,8.645351059765094,-141.2246609515775,-2.8940254514374812,-17.56241755076819,32.26029019363405,-18.695653070652277,3.54,1.62,355.0,104.5,20.0,96.5,2415.0,6.0,776941,663886,668715,680574,669289,682829,656582,666181,682622,54.5,0.5058857142857143,0.8082285714285716,0.0,1.0,0.0,0.0,6.0,75,3,4-Seam Fastball,5,2,2,5,2,5,2,5,Standard,Standard,228.0,0.012,-0.264,76.2,7.4,1.486857142857143,0.264,104.5,3,-3,0.988,0.012,28,30,28,31,1,4,1.0,1.0,2.0,2.0,1.45,1.16,-1.16,23.3,7.762842619984787,13.543129957469636,31.145922457750313,42.483067765015875,18.572565078543516
CH,2025-07-30,80.1,-1.7,6.09,"Ohtani, Shohei",660271,607259,field_out,hit_into_play,,,,,7.0,Shohei Ohtani grounds out to first baseman Spencer Steer.,R,L,R,CIN,LAD,X,3.0,ground_ball,0,2,2025,-1.04,0.04,-0.34,1.55,,,,1,1,Top,149.79,170.43,,,,,4.9168066326353,-116.49937379059102,-3.382747517512332,-10.363551471919974,22.080689801821386,-31.38700349393328,3.54,1.62,17.0,90.4,-5.0,79.7,2064.0,6.0,776941,663886,668715,680574,669289,682829,666158,666181,682622,54.47,0.187,0.18,0.0,1.0,0.0,0.0,2.0,2,3,Changeup,0,0,0,0,0,0,0,0,Infield shade,Standard,252.0,0.01,-0.163,65.6,8.6,0.221,0.163,90.4,0,0,0.528,0.472,34,30,35,31,1,0,5.0,1.0,5.0,2.0,3.52,1.04,-1.04,57.5,19.43724111361123,-6.198386502906904,39.830218116267744,44.500165167799274,32.237078625487555
ST,2025-07-30,81.7,2.69,4.72,"Ohtani, Shohei",660271,594580,field_out,hit_into_play,,,,,7.0,Shohei Ohtani pops out to third baseman Santiago Espinal in foul territory.,R,L,L,CIN,LAD,X,5.0,popup,1,2,2025,-1.14,-0.38,-0.35,1.68,,,,0,8,Top,89.49,192.73,,,,,-4.509705796102663,-118.83679277580154,0.4447232863193477,-9.820359081776896,24.332922330218455,-36.11486499222587,3.54,1.62,107.0,75.3,72.0,78.9,2984.0,4.5,776941,663886,668715,680574,669289,682829,666158,666181,682622,56.01,0.001,0.0,0.0,1.0,0.0,0.0,3.0,58,4,Sweeper,2,2,2,2,2,2,2,2,Infield shade,Standard,309.0,0.034,-0.189,61.8,8.4,0.001,0.189,88.0,0,0,0.512,0.488,33,30,33,31,1,3,2.0,1.0,1.0,2.0,3.82,-1.14,-1.14,6.8,14.945634000113005,-8.876518532574314,37.026562278924615,46.83566801975579,30.51535125950496
FS,2025-07-29,83.6,-1.53,5.52,"Ohtani, Shohei",660271,641941,field_out,hit_into_play,,,,,5.0,Shohei Ohtani lines out to right fielder Connor Joe.,R,L,R,CIN,LAD,X,9.0,line_drive,2,2,2025,-0.51,0.2,-0.17,2.32,,,681546.0,1,9,Top,190.73,95.34,,,,,4.204258046329308,-121.78120640704049,-1.4281130901059007,-5.8224336456841845,21.626392487921024,-30.111182792475763,3.53,1.62,303.0,87.2,25.0,85.4,939.0,7.2,776963,624431,668715,680574,669289,682829,666158,666181,656582,53.33,0.132,0.147,0.0,1.0,0.0,0.0,3.0,73,5,Split-Finger,4,4,4,4,4,4,4,4,Infield shade,Standard,245.0,0.067,-0.223,71.4,8.6,0.221,0.223,88.0,0,0,0.507,0.493,34,30,34,31,1,4,2.0,1.0,2.0,1.0,3.03,0.51,-0.51,42.4,18.20731958721869,-8.05237580668402,34.076584566714374,43.2330560229814,29.059799715399805
FF,2025-07-28,99.4,-1.54,6.43,"Ohtani, Shohei",660271,695505,double,hit_into_play,,,,,8.0,Shohei Ohtani doubles (13) on a sharp line drive to center fielder TJ Friedl. Miguel Rojas scores. Mookie Betts scores.,R,L,R,CIN,LAD,X,8.0,line_drive,0,1,2025,-0.19,1.47,-0.12,2.2,500743.0,,605141.0,1,5,Top,140.46,54.22,,,,,4.344493652240036,-144.50110701986424,-9.674557079878364,-3.6126279291282346,32.215985336607105,-9.554824152127578,3.52,1.6,361.0,110.7,17.0,99.8,2688.0,6.5,776967,663886,668715,680574,682622,682829,669720,670770,666181,54.04,0.6130625000000001,0.97475,1.25,1.0,1.0,1.0,6.0,37,2,4-Seam Fastball,1,1,1,1,3,1,3,1,Strategic,Standard,200.0,-0.19,0.756,78.1,8.3,1.7780624999999997,-0.756,110.7,0,0,0.423,0.577,22,30,22,31,3,2,6.0,1.0,5.0,1.0,0.83,0.19,-0.19,52.4,11.259154139254075,3.9877176931152474,37.81659255585082,42.16989187557424,21.00290626102923
CH,2025-07-28,91.9,-2.08,6.35,"Ohtani, Shohei",660271,695505,field_out,hit_into_play,,,,,11.0,"Shohei Ohtani grounds out, shortstop Elly De La Cruz to first baseman Spencer Steer.",R,L,R,CIN,LAD,X,6.0,ground_ball,0,0,2025,-1.01,0.85,-1.16,3.16,,,,1,3,Top,115.97,140.71,,,,,4.5301232692757205,-133.7518830739385,-4.100241541070784,-13.102751293105438,27.614460300586007,-21.33302807316614,3.52,1.6,47.0,71.5,2.0,92.1,1621.0,6.3,776967,663886,668715,680574,682622,682829,669720,670770,666181,54.21,0.137,0.132,0.0,1.0,0.0,0.0,2.0,20,1,Changeup,1,1,1,1,1,1,1,1,Infield shade,Standard,229.0,0.018,-0.254,74.7,8.7,0.148,0.254,88.0,0,0,0.525,0.475,22,30,22,31,2,1,6.0,1.0,5.0,1.0,1.84,1.01,-1.01,45.0,19.59213509424063,-10.939966654893606,29.33118739537564,54.149903644006855,29.853093104757313
FF,2025-07-28,97.0,-1.74,6.44,"Ohtani, Shohei",660271,695505,field_out,hit_into_play,,,,,4.0,"Shohei Ohtani grounds out, second baseman Matt McLain to first baseman Spencer Steer. Mookie Betts to 3rd.",R,L,R,CIN,LAD,X,4.0,ground_ball,0,2,2025,-0.45,1.4,-0.34,2.52,,605141.0,,0,1,Top,149.59,127.43,,,,,4.756330909758102,-141.01715971871005,-8.124294662403651,-7.054044422478894,33.652510645609546,-11.830842221355605,3.52,1.6,100.0,94.0,6.0,96.9,2571.0,6.4,776967,663886,668715,680574,682622,682829,669720,670770,666181,54.09,0.511,0.46,0.0,1.0,0.0,0.0,4.0,2,3,4-Seam Fastball,0,0,0,0,0,0,0,0,Standard,Standard,206.0,-0.001,-0.111,68.8,8.1,0.547,0.111,94.0,0,0,0.455,0.5449999999999999,22,30,22,31,1,0,6.0,1.0,5.0,1.0,1.04,0.45,-0.45,52.5,7.913822319942001,5.847742864604237,30.901780863540107,44.95545237684102,17.544165258640284
CH,2025-07-27,90.4,-1.58,5.33,"Ohtani, Shohei",660271,621111,single,hit_into_play,,,,,7.0,Shohei Ohtani singles on a ground ball to right fielder Wilyer Abreu. Mookie Betts to 3rd.,R,L,R,BOS,LAD,X,9.0,ground_ball,1,1,2025,-1.14,-0.13,-0.71,1.74,,,605141.0,2,4,Top,159.42,103.04,,,,,4.5831029464044555,-131.6050616509579,-2.7333474530567647,-14.166049776683025,27.72533400991277,-33.32611766730215,3.52,1.6,44.0,86.4,1.0,90.4,1564.0,6.3,776983,665966,647351,678882,608324,596115,701350,680776,677800,54.23,0.263,0.255,0.9,1.0,1.0,0.0,2.0,33,3,Changeup,1,3,3,1,3,1,3,1,Infield shade,Standard,243.0,-0.022,0.361,71.7,8.3,0.294,-0.361,88.0,-2,2,0.293,0.7070000000000001,30,30,31,31,3,2,6.0,1.0,6.0,1.0,2.92,1.14,-1.14,36.2,12.975475826463878,7.904295036556174,37.183781561402256,49.04375524375921,23.08184131445621
FC,2025-07-27,92.1,-1.13,5.46,"Ohtani, Shohei",660271,621111,single,hit_into_play,,,,,5.0,Shohei Ohtani singles on a sharp line drive to center fielder Jarren Duran. Miguel Rojas to 2nd.,R,L,R,BOS,LAD,X,8.0,line_drive,2,1,2025,0.2,0.98,0.27,2.51,,,500743.0,2,3,Top,144.15,94.13,,,,,3.1475433179594257,-134.25607220602282,-3.8832374857823946,1.7909894567273232,26.71592558040307,-19.615017682106256,3.52,1.6,165.0,108.9,10.0,92.9,2250.0,6.5,776983,665966,647351,678882,608324,596115,701350,680776,677800,54.01,0.924,0.955,0.9,1.0,1.0,0.0,5.0,21,4,Cutter,1,0,0,1,0,1,0,1,Infield shade,Standard,179.0,-0.022,0.307,79.0,7.5,1.256,-0.307,108.9,1,-1,0.64,0.36,30,30,31,31,2,1,6.0,1.0,6.0,1.0,1.68,-0.2,0.2,43.7,10.79523195210018,10.587891659286518,38.744705471756234,37.27148320689887,23.227555456127075
SL,2025-07-27,86.0,0.28,6.08,"Ohtani, Shohei",660271,547973,field_out,hit_into_play,,,,,1.0,Shohei Ohtani flies out to left fielder Roman Anthony.,R,L,L,BOS,LAD,X,7.0,fly_ball,0,1,2025,-1.05,0.33,-0.32,3.47,,500743.0,605141.0,0,8,Top,54.37,108.39,,,,,0.7227040975193895,-125.31847821970636,-0.65162693235632,-11.22958015395462,24.001633299831877,-28.75761236299033,3.52,1.6,287.0,96.7,49.0,88.4,2307.0,7.6,776983,665966,647351,678882,608324,596115,701350,680776,677800,52.91,0.008,0.008,0.0,1.0,0.0,0.0,3.0,68,2,Slider,4,3,3,4,3,4,3,4,Standard,Standard,284.0,0.099,-0.21,72.0,7.3,0.013,0.21,96.7,1,-1,0.55,0.4499999999999999,37,30,37,31,1,4,1.0,1.0,2.0,1.0,2.73,-1.05,-1.05,56.8,8.01211183234405,9.422147794771004,26.30874281426338,45.86399644813285,15.792568883828164
FF,2025-07-26,97.0,2.61,6.11,"Ohtani, Shohei",660271,676979,home_run,hit_into_play,,,,,5.0,Shohei Ohtani homers (38) on a fly ball to center field.,R,L,L,BOS,LAD,X,,fly_ball,1,1,2025,0.63,1.32,0.24,2.64,,,,0,1,Top,132.64,31.56,,,,,-7.822336094703367,-140.9659564603557,-6.763709980361986,10.208341073938076,32.69375329940527,-13.198662786294324,3.51,1.59,403.0,108.4,35.0,97.6,2615.0,6.7,776998,665966,647351,663853,608324,596115,680776,678882,701350,53.77,0.795,1.607875,2.0,1.0,0.0,3.0,6.0,1,3,4-Seam Fastball,0,0,0,0,1,0,1,0,Infield shade,Standard,144.0,-0.097,1.123,80.0,8.1,3.16875,-1.123,108.4,0,0,0.501,0.499,26,30,26,31,1,0,6.0,1.0,10.0,1.0,1.11,0.63,0.63,34.6,11.138155988781843,1.4248136208491444,35.187824836708785,39.79052644721681,27.322075985583385
FF,2025-07-25,95.4,-1.37,5.42,"Ohtani, Shohei",660271,678394,single,hit_into_play,,,,,14.0,Shohei Ohtani singles on a ground ball to right fielder Wilyer Abreu.,R,L,R,BOS,LAD,X,9.0,ground_ball,3,2,2025,-0.61,1.05,1.27,2.53,,,,1,3,Top,179.18,109.12,,,,,8.322886343386914,-138.6681046208575,-4.335797315477022,-9.698883379915106,30.47937564649111,-17.821901092759024,3.51,1.59,139.0,76.0,14.0,95.6,2170.0,6.5,777012,657136,647351,678882,608324,596115,701350,680776,677800,54.05,0.58,0.525,0.9,1.0,1.0,0.0,4.0,18,6,4-Seam Fastball,0,1,1,0,1,0,1,0,Infield shade,Standard,226.0,-0.02,0.336,78.3,7.6,0.621,-0.336,88.0,-1,1,0.406,0.594,26,30,26,31,2,1,6.0,2.0,5.0,1.0,1.46,0.61,-0.61,36.2,12.948893114106852,-0.1380903773676186,44.75086457981295,24.72935308507404,25.419409979738624
SI,2025-07-25,89.8,2.93,5.01,"Ohtani, Shohei",660271,657514,field_out,hit_into_play,,,,,2.0,Shohei Ohtani pops out to catcher Connor Wong in foul territory.,R,L,L,BOS,LAD,X,2.0,popup,2,1,2025,1.0,0.33,0.07,3.09,,,500743.0,1,9,Top,115.84,204.89,,,,,-9.055827280856802,-130.56820279817222,0.4905977193499651,13.312778522169095,26.487122640518336,-28.676505990015656,3.51,1.59,16.0,73.5,81.0,88.6,2043.0,5.5,777012,657136,663853,678882,608324,596115,608701,680776,701350,55.01,0.013,0.016,0.0,1.0,0.0,0.0,3.0,68,4,Sinker,2,5,5,2,5,2,5,2,Infield shade,Standard,120.0,0.005,-0.297,77.9,8.3,0.018,0.297,88.0,-3,3,0.034,0.966,33,30,33,31,1,4,2.0,2.0,2.0,1.0,2.49,1.0,1.0,17.5,20.782936540194747,-2.5803684571526073,32.55636856349875,41.99186093666845,27.612518372033257
CU,2025-07-23,79.0,-1.94,6.22,"Ohtani, Shohei",660271,663978,home_run,hit_into_play,,,,,5.0,Shohei Ohtani homers (37) on a fly ball to center field.,R,L,R,LAD,MIN,X,,fly_ball,0,2,2025,0.2,-1.05,-0.1,2.59,,,,1,1,Bot,94.27,23.03,,,,,3.6670385246103514,-115.07727584455058,0.841852192499474,1.073583581472024,20.887720058884227,-41.89435132764542,3.51,1.57,441.0,110.3,34.0,79.7,2071.0,6.6,777022,680777,664034,665019,668904,686797,650489,621439,663616,53.86,0.9179999999999998,2.0,2.0,1.0,0.0,3.0,6.0,6,3,Curveball,0,0,0,0,0,1,1,0,Infield shade,Standard,17.0,0.106,1.674,75.9,7.9,3.680222222222222,-1.674,110.3,0,0,0.52,0.52,29,30,29,31,1,0,5.0,1.0,7.0,2.0,4.69,-0.2,0.2,50.5,16.142785270600708,-0.5870317491560022,38.364084929842335,40.978486629766145,27.076616931920405
FF,2025-07-23,98.5,-1.82,5.25,"Ohtani, Shohei",660271,592779,field_out,hit_into_play,,,,,9.0,Shohei Ohtani flies out to left fielder Harrison Bader.,R,L,R,LAD,MIN,X,7.0,fly_ball,1,2,2025,-1.01,0.93,0.45,2.08,,,,0,8,Bot,35.89,105.29,,,,,8.506332480041571,-143.2577424930485,-5.3202922634429965,-15.846852689679508,31.052464727716533,-18.350168181962133,3.51,1.57,321.0,99.3,38.0,98.7,2717.0,6.3,777022,680777,664034,665019,650489,686797,664056,621439,680577,54.19,0.2208571428571428,0.4398571428571429,0.0,1.0,0.0,0.0,3.0,60,4,4-Seam Fastball,2,3,2,3,3,2,2,3,Infield shade,Standard,227.0,-0.047,-0.189,73.9,7.6,0.8712857142857143,0.189,99.3,-1,-1,0.292,0.292,33,30,34,31,1,3,1.0,1.0,4.0,2.0,1.41,1.01,-1.01,22.0,6.862313503701891,9.595139328129754,47.52312527008933,33.0960219125754,22.9877331057665
FS,2025-07-22,100.1,-2.24,6.08,"Ohtani, Shohei",660271,661395,home_run,hit_into_play,,,,,4.0,Shohei Ohtani homers (36) on a fly ball to left center field. James Outman scores.,R,L,R,LAD,MIN,X,,fly_ball,1,1,2025,-1.33,0.28,-0.49,2.35,681546.0,,,2,9,Bot,54.92,61.48,,,,,7.971628028217031,-145.59564571466117,-5.610029901993099,-20.825827645545935,32.83342375750805,-27.09146252834715,3.5,1.57,405.0,107.5,28.0,100.2,1889.0,6.3,777039,543877,664034,650489,668904,621043,664056,621439,680577,54.21,0.9049642857142858,1.825178571428572,2.0,1.0,0.0,3.0,6.0,83,3,Split-Finger,5,10,5,10,10,7,7,10,Infield shade,Standard,238.0,0.003,1.469,73.0,8.1,3.606053571428571,-1.469,107.5,-5,-5,0.002,0.002,27,30,27,31,1,4,2.0,1.0,3.0,1.0,1.99,1.33,-1.33,34.6,10.277500930701663,6.534293457142913,35.18790844413219,44.99760332838023,17.354607403278443
CH,2025-07-22,93.1,-0.78,5.5,"Ohtani, Shohei",660271,643377,force_out,hit_into_play,,,,,13.0,"Shohei Ohtani grounds into a force out, second baseman Willi Castro to shortstop Carlos Correa. Mookie Betts out at 2nd. Shohei Ohtani to 1st.",R,L,R,LAD,MIN,X,4.0,ground_ball,2,2,2025,-1.28,0.17,-1.06,2.35,,,605141.0,1,7,Bot,145.86,149.9,,,,,2.116930831783202,-135.42249419576595,-2.631072565518053,-16.08631725979637,33.5326044123583,-29.64619307433939,3.5,1.57,7.0,89.7,-19.0,92.9,1930.0,6.5,777039,543877,664034,650489,668904,621043,664056,621439,680577,54.02,0.096,0.093,0.0,1.0,0.0,0.0,2.0,66,6,Changeup,5,9,5,9,9,5,5,9,Infield shade,Standard,231.0,-0.021,-0.285,66.6,8.4,0.104,0.285,89.7,-4,-4,0.071,0.071,30,30,31,31,1,3,2.0,1.0,1.0,1.0,2.49,1.28,-1.28,43.8,14.16669931068342,3.656445070473452,29.647861291792488,52.977039527554496,23.024397694259484
FF,2025-07-22,98.7,-1.73,5.33,"Ohtani, Shohei",660271,592779,field_out,hit_into_play,,,,,12.0,Shohei Ohtani flies out to center fielder Byron Buxton.,R,L,R,LAD,MIN,X,8.0,fly_ball,1,2,2025,-0.87,1.21,0.99,2.79,,,,2,5,Bot,145.07,66.56,,,,,9.444700098994216,-143.40287504687225,-4.247717938070235,-14.30025677983915,35.14415981722102,-14.708915688318555,3.5,1.57,332.0,97.4,43.0,98.6,2699.0,6.4,777039,543877,664034,650489,668904,621043,664056,621439,670242,54.06,0.041,0.069,0.0,1.0,0.0,0.0,3.0,42,6,4-Seam Fastball,3,3,3,3,3,3,3,3,Infield shade,Standard,224.0,-0.011,-0.182,81.2,7.7,0.127,0.182,97.4,0,0,0.511,0.511,33,30,34,31,1,2,3.0,1.0,1.0,1.0,1.15,0.87,-0.87,26.9,20.271385270281336,-1.041911562975195,40.434914904301344,29.163870054376876,29.108542423531595
CH,2025-07-21,86.6,-2.08,5.94,"Ohtani, Shohei",660271,701581,home_run,hit_into_play,,,,,2.0,Shohei Ohtani homers (35) on a fly ball to center field. Mookie Betts scores.,R,L,R,LAD,MIN,X,,fly_ball,2,1,2025,-0.95,0.33,-0.12,3.13,,,605141.0,0,1,Bot,126.35,20.17,,,,,6.679711969947906,-125.97595264600749,-1.2308686038502132,-11.465937343332786,23.614694437610417,-28.635111975187353,3.5,1.57,441.0,113.4,26.0,87.6,1736.0,6.8,777051,680777,665019,650489,668904,621043,664056,621439,670242,53.73,0.995,2.0,2.0,1.0,0.0,3.0,6.0,7,4,Changeup,0,1,0,1,1,2,2,1,Infield shade,Standard,220.0,0.153,1.023,78.0,7.5,3.9615,-1.023,113.4,-1,-1,0.492,0.492,25,30,25,31,1,0,12.0,1.0,,1.0,2.7,0.95,-0.95,51.7,9.422102145407704,4.820356788804868,31.010664828049205,41.92987710040089,22.52028921301001
SV,2025-07-20,78.2,2.62,5.67,"Ohtani, Shohei",660271,500779,field_out,hit_into_play,,,,,5.0,"Shohei Ohtani grounds out, first baseman Andrew Vaughn to pitcher Jose Quintana.",R,L,L,LAD,MIL,X,3.0,ground_ball,1,0,2025,-0.46,-0.01,-0.26,2.24,,,,0,6,Bot,161.28,169.29,,,,,-5.372339380488566,-113.9316062033765,-0.5834990988378117,-3.1849095792885107,18.886722163453875,-32.38110944672297,3.5,1.56,9.0,85.5,-13.0,78.8,2163.0,6.4,777070,606992,683734,655316,702332,687401,686555,663368,694192,54.09,0.101,0.099,0.0,1.0,0.0,0.0,2.0,51,2,Slurve,4,6,4,6,6,4,4,6,Strategic,Standard,302.0,-0.041,-0.301,73.3,8.3,0.106,0.301,88.0,-2,-2,0.266,0.266,36,30,36,31,3,2,11.0,1.0,6.0,1.0,3.7,-0.46,-0.46,38.4,22.661353899216195,-8.976853047084665,33.78237634870924,44.57228649109453,33.24773392678882
SI,2025-07-20,91.1,2.2,5.64,"Ohtani, Shohei",660271,500779,home_run,hit_into_play,,,,,5.0,Shohei Ohtani homers (34) on a fly ball to left field. Mookie Betts scores.,R,L,L,LAD,MIL,X,,fly_ball,2,0,2025,1.21,1.03,-0.14,2.21,,,605141.0,2,3,Bot,30.22,79.01,,,,,-8.481989529034275,-132.3931797219858,-4.953554882525543,15.9703909340921,26.786743523484613,-19.163805201057837,3.5,1.56,378.0,108.7,22.0,91.5,1976.0,6.5,777070,606992,683734,655316,702332,687401,686555,663368,694192,54.03,0.883525,1.690175,2.0,1.0,0.0,3.0,6.0,22,3,Sinker,1,0,1,0,0,3,3,0,Strategic,Standard,145.0,0.169,2.143,71.5,7.5,3.2955749999999995,-2.143,108.7,1,1,0.65,0.65,36,30,36,31,2,1,11.0,1.0,6.0,1.0,1.71,1.21,1.21,41.8,-2.2827204583779768,26.98926609093635,38.54070943781632,42.60277534998666,16.975023504634592
CU,2025-07-19,79.8,-3.18,5.44,"Ohtani, Shohei",660271,642547,field_out,hit_into_play,,,,,8.0,Shohei Ohtani lines out sharply to first baseman Andrew Vaughn.,R,L,R,LAD,MIL,X,3.0,line_drive,2,0,2025,0.22,-0.37,-0.15,2.03,,,,2,4,Bot,163.39,152.83,,,,,6.317782043570293,-116.12980474685531,-0.1314858864739723,0.9005860084151928,19.592850905972693,-35.691219068129826,3.51,1.57,152.0,102.8,10.0,81.0,2188.0,6.9,777085,661388,683734,668930,702332,687401,686555,663368,694192,53.61,0.82,0.763,0.0,1.0,0.0,0.0,4.0,39,3,Curveball,4,5,4,5,5,4,4,5,Strategic,Standard,56.0,-0.019,-0.362,76.4,8.6,0.964,0.362,102.8,-1,-1,0.381,0.381,29,30,29,31,3,2,6.0,1.0,6.0,1.0,3.92,-0.22,0.22,41.8,19.19756442101516,-4.768897810429053,41.96747669417088,41.42631202320853,32.58142206946283
CH,2025-07-19,90.0,-3.62,4.99,"Ohtani, Shohei",660271,642547,home_run,hit_into_play,,,,,5.0,Shohei Ohtani homers (33) on a fly ball to center field. Miguel Rojas scores.,R,L,R,LAD,MIL,X,,fly_ball,0,0,2025,-1.14,0.29,0.05,2.46,,,500743.0,0,3,Bot,82.57,22.43,,,,,11.588122273040025,-130.67005475616517,-0.9225709471658226,-15.414669515947688,25.88073446428766,-28.91125408287535,3.51,1.57,448.0,113.9,28.0,90.7,2089.0,6.7,777085,661388,683734,668930,702332,687401,686555,663368,694192,53.77,0.9936666666666666,2.0,2.0,1.0,0.0,3.0,6.0,25,1,Changeup,0,4,0,4,4,2,2,4,Infield shade,Standard,244.0,0.131,1.059,78.5,7.5,3.9696666666666665,-1.059,113.9,-4,-4,0.197,0.197,29,30,29,31,2,1,6.0,1.0,6.0,1.0,2.53,1.14,-1.14,31.6,9.325518438592844,9.6291752435968,39.68160700966158,37.12291413649908,23.670686985847254
SI,2025-07-19,98.5,0.33,6.44,"Ohtani, Shohei",660271,676879,single,hit_into_play,,,,,6.0,Shohei Ohtani singles on a line drive to left fielder Isaac Collins. Tommy Edman scores. Miguel Rojas to 2nd.,R,L,L,LAD,MIL,X,7.0,line_drive,0,0,2025,1.04,0.47,0.6,2.64,,669242.0,500743.0,2,6,Bot,61.16,115.28,,,,,-1.653501524590427,-143.47020477839564,-5.931190104349987,14.809990408507732,30.684270668848814,-24.562606658298524,3.51,1.57,230.0,92.6,15.0,97.4,1988.0,5.4,777085,661388,683734,668930,702332,687401,686555,663368,694192,55.07,0.899,0.858,0.9,1.0,1.0,0.0,4.0,56,1,Sinker,4,6,4,6,6,5,5,6,Standard,Standard,146.0,0.132,0.542,73.3,7.2,1.056,-0.542,92.6,-2,-2,0.254,0.254,27,30,27,31,1,3,10.0,1.0,2.0,1.0,1.86,1.04,1.04,46.3,0.1068326170567494,22.925035224219577,38.74879209109755,33.73363004804614,16.487122352648914
FC,2025-07-19,91.3,3.06,5.72,"Ohtani, Shohei",660271,657649,field_out,hit_into_play,,,,,5.0,Shohei Ohtani flies out to center fielder Blake Perkins.,R,L,L,LAD,MIL,X,8.0,fly_ball,1,0,2025,-0.37,0.62,-0.12,2.27,,,,2,8,Bot,110.04,48.63,,,,,-7.188726586987924,-132.99660993459327,-4.210032158759603,-3.09065845488609,24.101338594048126,-24.16603444808528,3.51,1.57,374.0,98.6,31.0,91.3,2623.0,5.9,777085,661388,683734,668930,702332,687401,686555,663368,694192,54.6,0.390235294117647,0.7534117647058826,0.0,1.0,0.0,0.0,6.0,76,2,Cutter,7,8,7,8,8,7,7,8,Strategic,Standard,150.0,-0.036,-0.297,73.6,8.0,1.4800882352941178,0.297,98.6,-1,-1,0.201,0.201,31,30,31,31,1,4,1.0,1.0,3.0,1.0,2.08,-0.37,-0.37,25.5,11.386447453276224,2.582395664892192,39.18685893912568,43.57079488704422,28.12293899145003
FC,2025-07-18,91.2,-1.82,6.07,"Ohtani, Shohei",660271,682990,force_out,hit_into_play,,,,,6.0,"Shohei Ohtani grounds into a force out, first baseman Andrew Vaughn to shortstop Joey Ortiz. Hyeseong Kim out at 2nd. Shohei Ohtani to 1st.",R,L,R,LAD,MIL,X,3.0,ground_ball,0,0,2025,-0.04,0.94,0.76,2.62,,,808975.0,1,6,Bot,148.96,177.64,,,,,6.560429627100643,-132.67805673842895,-4.881592891825215,-1.7088433220052006,25.220227061876813,-20.172708278970216,3.51,1.57,13.0,83.9,-11.0,91.6,2384.0,6.3,777103,661388,683734,668930,702332,687401,641343,694192,686555,54.18,0.122,0.113,0.0,1.0,0.0,0.0,2.0,42,1,Cutter,0,1,0,1,1,0,0,1,Infield shade,Standard,200.0,-0.052,-0.318,80.4,8.1,0.14,0.318,88.0,-1,-1,0.401,0.401,24,30,25,31,3,2,7.0,5.0,5.0,1.0,1.77,0.04,-0.04,48.5,20.408470815536567,-2.4216910692506852,39.7851541683387,31.426150910051295,28.45310770552396
SI,2025-07-18,95.4,-1.92,6.0,"Ohtani, Shohei",660271,682990,field_out,hit_into_play,,,,,13.0,"Shohei Ohtani grounds out, third baseman Caleb Durbin to first baseman Andrew Vaughn.",R,L,R,LAD,MIL,X,5.0,ground_ball,0,0,2025,-1.3,0.61,-0.89,2.31,,,,2,3,Bot,103.77,155.36,,,,,5.624163592429824,-138.85890617077533,-5.482544815303054,-18.07482923574015,29.0739857164932,-23.326923418427366,3.51,1.57,45.0,94.6,0.0,95.7,2106.0,6.3,777103,661388,683734,668930,702332,687401,641343,694192,686555,54.17,0.392,0.372,0.0,1.0,0.0,0.0,2.0,21,1,Sinker,0,0,0,0,0,0,0,0,Strategic,Standard,220.0,-0.012,-0.26,73.3,7.5,0.447,0.26,94.6,0,0,0.512,0.512,24,30,25,31,2,1,7.0,5.0,5.0,1.0,1.88,1.3,-1.3,44.3,-0.472875624152017,23.635572330074943,34.09416945141834,50.7733986117238,9.248001744945295
FF,2025-07-18,98.7,-0.03,6.57,"Ohtani, Shohei",660271,656730,field_out,hit_into_play,,,,,6.0,Shohei Ohtani flies out sharply to left fielder Isaac Collins.,R,L,R,LAD,MIL,X,7.0,fly_ball,0,0,2025,-0.1,1.56,0.3,2.36,,,,1,9,Bot,55.48,106.98,,,,,1.1502048626031929,-143.39096225072382,-9.634411758803868,-1.6582851081945158,37.44733395449211,-8.601818396973236,3.51,1.57,287.0,106.7,54.0,98.7,2454.0,6.7,777103,661388,683734,668930,702332,687401,686555,663368,694192,53.83,0.03,0.047,0.0,1.0,0.0,0.0,3.0,66,1,4-Seam Fastball,0,2,0,2,2,0,0,2,Strategic,Standard,197.0,-0.032,-0.254,81.3,8.3,0.076,0.254,106.7,-2,-2,0.047,0.047,31,30,32,31,1,3,9.0,5.0,1.0,1.0,0.81,0.1,-0.1,53.9,17.206656911641844,-1.8888488782422364,43.02597838092062,36.46953877926897,24.8722304144235
KC,2025-07-13,81.4,2.74,6.27,"Ohtani, Shohei",660271,592662,single,hit_into_play,,,,,8.0,Shohei Ohtani singles on a sharp line drive to right fielder Mike Yastrzemski.,R,L,L,SF,LAD,X,9.0,line_drive,1,2,2025,-0.32,-0.56,-0.04,1.62,,,,2,5,Top,173.07,125.17,,,,,-5.5895689238108535,-118.5937987791244,-2.917411788887799,-2.218776712483574,17.3785463191931,-37.25944886428301,3.53,1.61,164.0,101.2,11.0,81.5,1925.0,5.8,777119,672275,527038,669477,656305,642715,671218,808982,573262,54.72,0.919,0.894,0.9,1.0,1.0,0.0,4.0,34,5,Knuckle Curve,0,2,2,0,2,0,2,0,Standard,Standard,308.0,-0.012,0.403,73.3,8.3,1.129,-0.403,101.2,-2,2,0.282,0.718,33,30,34,31,3,2,5.0,1.0,7.0,5.0,3.93,-0.32,-0.32,44.5,17.57883934106163,-0.8631086399818316,40.38538255836988,41.811892722835346,33.052207793431656
FF,2025-07-13,97.4,-2.08,5.71,"Ohtani, Shohei",660271,678495,field_out,hit_into_play,,,,,3.0,Shohei Ohtani flies out to center fielder Jung Hoo Lee.,R,L,R,SF,LAD,X,8.0,fly_ball,1,1,2025,-0.08,1.52,0.39,2.98,,,,1,8,Top,121.11,61.82,,,,,6.8486489382151925,-141.67394891625293,-5.316121373124487,-2.587298871355426,32.11240208034925,-10.69456206688312,3.53,1.61,341.0,93.0,33.0,97.9,2633.0,6.6,777119,672275,527038,669477,656305,642715,671218,808982,573262,53.95,0.109,0.2,0.0,1.0,0.0,0.0,3.0,54,3,4-Seam Fastball,0,2,2,0,2,0,2,0,Standard,Standard,198.0,0.01,-0.244,82.6,7.7,0.362,0.244,93.0,-2,2,0.15,0.85,25,30,26,31,1,3,2.0,1.0,6.0,5.0,0.89,0.08,-0.08,44.0,15.800196184317542,4.875833614987581,34.286741825117566,35.474261371553595,23.442654283953793
FF,2025-07-13,93.9,2.62,6.29,"Ohtani, Shohei",660271,592662,field_out,hit_into_play,,,,,2.0,Shohei Ohtani flies out sharply to left fielder Heliot Ramos.,R,L,L,SF,LAD,X,7.0,fly_ball,1,1,2025,0.71,1.36,0.01,3.18,,,,0,1,Top,58.52,69.11,,,,,-8.253851814750533,-136.45535449741791,-5.321285165136079,10.662860583701535,27.88458002099733,-14.177919032458911,3.53,1.61,362.0,104.4,37.0,93.5,2288.0,6.0,777119,672275,527038,669477,656305,642715,671218,808982,573262,54.51,0.5035217391304347,0.9991739130434784,0.0,1.0,0.0,0.0,6.0,1,3,4-Seam Fastball,0,0,0,0,0,0,0,0,Standard,Standard,142.0,0.021,-0.251,74.7,7.5,1.9682173913043477,0.251,104.4,0,0,0.501,0.499,33,30,34,31,1,0,5.0,1.0,7.0,5.0,1.22,0.71,0.71,43.3,14.5415439978011,14.779232786183446,31.5560050596763,41.7806396219478,21.83091031289115
CU,2025-07-12,77.8,-2.47,5.61,"Ohtani, Shohei",660271,694738,field_out,hit_into_play,,,,,5.0,"Shohei Ohtani grounds out, second baseman Casey Schmitt to first baseman Dominic Smith.",R,L,R,SF,LAD,X,4.0,ground_ball,0,0,2025,1.41,-0.37,-0.24,2.68,,,,0,3,Top,154.41,154.22,,,,,2.19115831351626,-113.2840774805062,1.2555778447213322,11.800255102435512,20.141725489315064,-35.76448134343377,3.55,1.6,12.0,87.3,-12.0,77.5,3054.0,6.0,777127,672275,642086,669477,656305,642715,671218,808982,573262,54.52,0.114,0.11,0.0,1.0,0.0,0.0,2.0,17,1,Curveball,0,1,1,0,1,0,1,0,Standard,Standard,65.0,0.022,-0.259,77.3,8.0,0.127,0.259,88.0,-1,1,0.388,0.612,26,30,27,31,2,1,5.0,1.0,10.0,1.0,4.12,-1.41,1.41,26.1,18.967496850776847,1.554600481127548,35.668540813358746,42.773450527294976,24.277900423476087
CU,2025-07-12,78.8,-2.46,5.61,"Ohtani, Shohei",660271,694738,field_out,hit_into_play,,,,,8.0,Shohei Ohtani grounds out to first baseman Dominic Smith.,R,L,R,SF,LAD,X,3.0,ground_ball,0,1,2025,1.42,-0.57,-0.18,2.17,,,,0,1,Top,157.95,170.43,,,,,2.3317492408084632,-114.73988159703246,0.4528688924947777,12.045252289172812,22.65716374321516,-37.50969700394277,3.56,1.61,4.0,78.1,-26.0,79.3,3005.0,6.7,777127,672275,642086,669477,656305,642715,671218,808982,573262,53.77,0.033,0.042,0.0,1.0,0.0,0.0,2.0,1,2,Curveball,0,0,0,0,0,0,0,0,Standard,Standard,61.0,0.019,-0.22,70.8,8.1,0.033,0.22,88.0,0,0,0.503,0.497,26,30,27,31,1,0,5.0,1.0,10.0,1.0,4.26,-1.42,1.42,26.4,21.35701032094234,2.7383263633093677,38.68641084715079,43.07841488860404,28.517928387637827
ST,2025-07-11,83.3,-2.09,4.81,"Ohtani, Shohei",660271,657277,field_out,hit_into_play,,,,,5.0,Shohei Ohtani flies out sharply to center fielder Jung Hoo Lee.,R,L,R,SF,LAD,X,8.0,fly_ball,2,2,2025,1.06,0.29,0.17,2.29,,,681624.0,2,5,Top,83.07,51.46,,,,,3.130229703273028,-121.2430437383314,0.1345541313643257,9.747451653243973,25.27739978740657,-29.585478136164937,3.57,1.6,380.0,103.2,29.0,83.7,2487.0,6.7,777143,672275,642086,669477,656305,642715,671218,808982,573262,53.8,0.6560246913580249,1.294395061728395,0.0,1.0,0.0,0.0,6.0,35,6,Sweeper,3,2,2,3,2,3,2,3,Standard,Standard,66.0,0.029,-0.216,78.1,7.8,2.5330493827160505,0.216,103.2,1,-1,0.679,0.3209999999999999,28,30,29,31,3,2,6.0,2.0,8.0,1.0,3.01,-1.06,1.06,17.9,8.784913323937872,5.740328121181053,39.808233994330294,37.674625739218385,24.05845414565552
FC,2025-07-11,91.1,-1.93,5.15,"Ohtani, Shohei",660271,657277,home_run,hit_into_play,,,,,6.0,Shohei Ohtani homers (32) on a fly ball to right field. Hyeseong Kim scores.,R,L,R,SF,LAD,X,,fly_ball,0,0,2025,-0.29,0.65,0.39,2.4,808975.0,,,1,3,Top,230.01,68.45,,,,,6.513788692749743,-132.64265280839948,-2.4743617270974263,-4.648421523014484,25.522537981659895,-24.15214999391292,3.57,1.6,410.0,106.0,30.0,92.4,2280.0,6.8,777143,672275,642086,669477,656305,642715,671218,808982,573262,53.66,0.8117674418604651,1.6295813953488372,2.0,1.0,0.0,3.0,6.0,17,1,Cutter,1,0,0,1,2,1,2,1,Strategic,Standard,239.0,-0.149,1.038,77.4,8.4,3.215511627906977,-1.038,106.0,1,-1,0.559,0.4409999999999999,28,30,29,31,2,1,6.0,2.0,8.0,1.0,2.07,0.29,-0.29,24.1,15.031524367171496,-7.858390226901826,41.155024926772086,34.82814314087864,28.969905243037296
FF,2025-07-11,97.2,-2.66,5.73,"Ohtani, Shohei",660271,678495,field_out,hit_into_play,,,,,4.0,"Shohei Ohtani grounds out, shortstop Willy Adames to first baseman Dominic Smith.",R,L,R,SF,LAD,X,6.0,ground_ball,1,0,2025,-0.63,1.78,-0.73,2.83,,,,0,7,Top,121.47,144.59,,,,,6.603315486031421,-141.24463856389085,-6.251937172800508,-10.042295413251,34.60714840408268,-7.200281320714582,3.57,1.6,42.0,74.2,1.0,96.9,2764.0,6.4,777143,672275,642086,669477,656305,642715,671218,808982,573262,54.11,0.144,0.135,0.0,1.0,0.0,0.0,2.0,58,2,4-Seam Fastball,8,6,6,8,6,8,6,8,Standard,Standard,203.0,0.04,-0.301,81.5,8.7,0.166,0.301,88.0,2,-2,0.809,0.1909999999999999,25,30,26,31,1,3,5.0,2.0,2.0,1.0,0.66,0.63,-0.63,48.0,12.36198043674436,-5.974658414752859,36.24009372185973,48.582655165934,27.81651610548193
SL,2025-07-11,90.1,-1.47,5.39,"Ohtani, Shohei",660271,666808,field_out,hit_into_play,,,,,7.0,"Shohei Ohtani grounds out, shortstop Willy Adames to first baseman Dominic Smith.",R,L,R,SF,LAD,X,6.0,ground_ball,1,2,2025,0.53,-0.14,-0.63,1.93,,,,0,9,Top,127.55,142.56,,,,,0.9848160376254702,-131.27380057891028,-2.4043954953850446,5.934405614218931,25.4364064449602,-33.551085118620804,3.57,1.6,12.0,99.1,-8.0,91.1,2486.0,6.6,777143,672275,642086,669477,656305,642715,671218,808982,573262,53.88,0.251,0.243,0.0,1.0,0.0,0.0,2.0,75,4,Slider,8,7,7,8,7,8,7,8,Standard,Standard,88.0,0.055,-0.189,,,0.258,0.189,99.1,1,-1,0.853,0.147,27,30,28,31,1,4,4.0,2.0,2.0,1.0,2.92,-0.53,0.53,17.8,,,,,
SV,2025-07-09,78.2,2.32,5.54,"Ohtani, Shohei",660271,500779,field_out,hit_into_play,,,,,7.0,Shohei Ohtani flies out to center fielder Jackson Chourio.,R,L,L,MIL,LAD,X,8.0,fly_ball,2,2,2025,-1.26,-0.06,-0.55,1.6,,,,2,3,Top,111.54,103.46,,,,,-3.9078700014103496,-113.75725468206332,-1.4637990635816625,-10.120508575793748,22.390290000152856,-32.67064895371591,3.55,1.59,243.0,71.7,36.0,78.7,2196.0,6.8,777175,661388,641343,668930,702332,687401,686555,694192,686217,53.71,0.471,0.467,0.0,1.0,0.0,0.0,3.0,19,5,Slurve,0,0,0,0,0,0,0,0,Strategic,Standard,296.0,0.011,-0.224,70.9,8.6,0.573,0.224,88.0,0,0,0.544,0.4559999999999999,36,30,36,31,2,1,6.0,1.0,11.0,2.0,3.82,-1.26,-1.26,43.3,18.32101112036385,-15.496995582560157,40.17877770866613,48.99218796790622,35.12334942251053
SI,2025-07-08,97.8,-1.34,5.68,"Ohtani, Shohei",660271,682842,field_out,hit_into_play,,,,,8.0,"Shohei Ohtani grounds out, second baseman Brice Turang to first baseman Andrew Vaughn.",R,L,R,MIL,LAD,X,4.0,ground_ball,1,1,2025,-1.23,0.07,-0.06,1.48,,,,1,8,Top,145.74,148.64,,,,,6.265288768250441,-142.22773252380517,-5.961904355674928,-18.073823119801354,33.375355165685114,-30.04449476861536,3.55,1.59,4.0,87.8,-17.0,97.7,2400.0,6.3,777193,661388,683734,668930,655316,687401,686555,694192,686217,54.17,0.114,0.106,0.0,1.0,0.0,0.0,2.0,55,3,Sinker,2,1,1,2,1,2,1,2,Strategic,Standard,224.0,0.039,-0.244,76.6,7.9,0.133,0.244,88.0,1,-1,0.801,0.1989999999999999,25,30,25,31,1,3,2.0,1.0,1.0,1.0,2.32,1.23,-1.23,31.2,5.382186809321163,9.382325634313908,43.49324146893185,42.031560236136265,18.240799368719472
CU,2025-07-08,88.2,-1.56,5.3,"Ohtani, Shohei",660271,694819,home_run,hit_into_play,,,,,9.0,Shohei Ohtani homers (31) on a fly ball to center field.,R,L,R,MIL,LAD,X,,fly_ball,0,2,2025,0.41,-0.77,0.39,2.08,,,,0,1,Top,143.99,25.31,,,,,3.974172850085566,-128.37029457579993,-0.0878305149167062,3.65559644095431,27.5061233681354,-40.8988120500926,3.55,1.59,431.0,108.4,27.0,89.8,2612.0,7.3,777193,661388,683734,668930,655316,687401,686555,694192,686217,53.17,0.926,2.0,2.0,1.0,0.0,3.0,6.0,1,3,Curveball,0,0,0,0,1,0,1,0,Strategic,Standard,50.0,-0.104,1.209,76.6,8.0,3.698025,-1.209,108.4,0,0,0.508,0.492,23,30,23,31,1,0,6.0,1.0,14.0,1.0,3.71,-0.41,0.41,33.6,16.633637717230346,-3.5722399822255255,43.60231297788629,36.827440346533606,26.413493946668524
CU,2025-07-07,76.0,-3.42,5.36,"Ohtani, Shohei",660271,642547,field_out,hit_into_play,,,,,5.0,Shohei Ohtani flies out to right fielder Sal Frelick.,R,L,R,MIL,LAD,X,9.0,fly_ball,2,2,2025,0.22,-0.58,-0.02,2.57,,681546.0,,1,3,Top,162.55,99.5,,,,,6.756310426094398,-110.40309146279824,2.3283114369162172,0.5362337867541602,20.089266132891535,-37.565830086769544,3.55,1.58,264.0,81.6,43.0,76.2,2285.0,6.6,777201,661388,683734,668930,702332,655316,686555,694192,686217,53.91,0.018,0.019,0.0,1.0,0.0,0.0,3.0,23,7,Curveball,5,0,0,5,0,5,0,5,Standard,Standard,57.0,0.018,-0.213,77.6,8.7,0.026,0.213,88.0,5,-5,0.899,0.1009999999999999,29,30,29,31,2,1,5.0,1.0,6.0,1.0,4.54,-0.22,0.22,42.4,28.921605959232448,-25.54995951366208,38.34980705731991,42.66847413579541,40.68376735260286
SL,2025-07-07,83.9,0.57,6.27,"Ohtani, Shohei",660271,676879,single,hit_into_play,,,,,4.0,Shohei Ohtani singles on a ground ball to right fielder Sal Frelick.,R,L,L,MIL,LAD,X,9.0,ground_ball,1,1,2025,-1.13,-0.67,-0.4,2.82,,,,0,8,Top,167.55,140.02,,,,,-0.0158384909960627,-122.16898874730894,-0.2239807921508994,-11.28930335952228,26.00774360601375,-39.0578667090856,3.55,1.58,61.0,87.5,3.0,82.0,2730.0,5.2,777201,661388,641343,668930,702332,655316,686555,694192,686217,55.31,0.387,0.367,0.9,1.0,1.0,0.0,2.0,62,3,Slider,9,0,0,9,0,9,0,9,Strategic,Standard,325.0,-0.001,0.447,66.0,8.1,0.441,-0.447,88.0,9,-9,0.999,0.001,27,30,27,31,1,3,3.0,1.0,2.0,1.0,3.93,-1.13,-1.13,44.5,22.455100646956964,-3.0847028800441203,31.57147580265656,48.15556604610826,28.755975753194193
CU,2025-07-07,78.2,-3.46,5.44,"Ohtani, Shohei",660271,642547,single,hit_into_play,,,,,4.0,Shohei Ohtani singles on a soft ground ball to third baseman Caleb Durbin.,R,L,R,MIL,LAD,X,5.0,ground_ball,0,1,2025,0.21,-0.66,-0.64,2.42,,,,0,1,Top,100.75,178.05,,,,,5.745888818408619,-113.79130876614394,1.581883937535634,0.8125809909969095,20.072480494509133,-38.44337025142166,3.55,1.58,3.0,54.5,-40.0,78.8,2368.0,6.6,777201,661388,683734,668930,702332,655316,686555,694192,686217,53.89,0.19,0.179,0.9,1.0,1.0,0.0,1.0,1,2,Curveball,0,0,0,0,0,0,0,0,Infield shade,Standard,47.0,-0.039,0.477,82.5,8.6,0.212,-0.477,88.0,0,0,0.503,0.497,29,30,29,31,1,0,5.0,1.0,6.0,1.0,4.38,-0.21,0.21,39.5,23.949466891750887,-12.77209772663701,36.9141922558151,48.45175297073004,37.739008695655
CH,2025-07-06,87.9,-2.25,5.55,"Ohtani, Shohei",660271,687473,field_out,hit_into_play,,,,,11.0,Shohei Ohtani flies out to third baseman Mauricio Dubón.,R,L,R,LAD,HOU,X,5.0,fly_ball,0,2,2025,-1.4,0.53,-1.5,2.77,,,,2,5,Bot,82.26,124.08,,,,,4.7103011208088486,-128.02605535680172,-1.8031618035857344,-16.33638577907147,23.932816499580888,-26.15666807295843,3.56,1.59,218.0,79.2,52.0,88.2,1949.0,6.2,777206,673237,572233,514888,643289,670097,669450,676694,701358,54.27,0.066,0.079,0.0,1.0,0.0,0.0,3.0,40,5,Changeup,1,1,1,1,1,1,1,1,Infield shade,Strategic,246.0,-0.01,-0.16,64.4,8.2,0.108,0.16,88.0,0,0,0.51,0.51,26,30,26,31,3,2,8.0,1.0,5.0,1.0,2.39,1.4,-1.4,37.7,10.801624502448838,6.346501283036431,25.544258022101246,57.829592010320745,17.818925027333943
CU,2025-07-06,81.9,-2.14,5.8,"Ohtani, Shohei",660271,687473,field_out,hit_into_play,,,,,6.0,Shohei Ohtani flies out sharply to right fielder Cam Smith.,R,L,R,LAD,HOU,X,9.0,fly_ball,0,0,2025,0.66,-0.84,0.32,2.42,,,,0,3,Bot,167.57,92.85,,,,,4.25943726638662,-119.25229577071995,0.5110101161774072,5.566057581464065,22.122901994738235,-40.51314967873029,3.56,1.59,283.0,104.2,51.0,81.8,2532.0,6.1,777206,673237,572233,514888,643289,670097,669450,676694,701358,54.36,0.028,0.04,0.0,1.0,0.0,0.0,3.0,23,1,Curveball,1,1,1,1,1,1,1,1,Infield shade,Strategic,28.0,-0.025,-0.259,82.3,8.5,0.067,0.259,104.2,0,0,0.555,0.555,26,30,26,31,2,1,8.0,1.0,5.0,1.0,4.22,-0.66,0.66,46.0,26.888777702801047,-12.5648473711597,42.16245948725937,36.37589958272921,33.446786469596
FF,2025-07-06,95.0,-1.97,5.89,"Ohtani, Shohei",660271,687473,field_out,hit_into_play,,,,,2.0,Shohei Ohtani flies out to center fielder Jake Meyers.,R,L,R,LAD,HOU,X,8.0,fly_ball,2,1,2025,-0.49,1.48,0.26,3.08,,,,0,1,Bot,130.04,86.31,,,,,6.908860872208696,-138.10230664044744,-5.006379173761355,-7.738329630021571,30.42806353795997,-12.341665020794794,3.56,1.59,282.0,98.7,53.0,94.9,2427.0,6.3,777206,673237,572233,514888,643289,670097,669450,676694,701358,54.25,0.008,0.008,0.0,1.0,0.0,0.0,3.0,6,4,4-Seam Fastball,0,0,0,0,0,0,0,0,Infield shade,Strategic,205.0,-0.025,-0.305,76.7,8.0,0.014,0.305,98.7,0,0,0.551,0.551,26,30,26,31,1,0,8.0,1.0,5.0,1.0,1.05,0.49,-0.49,46.3,19.25100098342626,-0.2239498216009646,36.20424637156216,38.107252018794064,25.027409777624683
SI,2025-07-05,95.7,1.18,5.89,"Ohtani, Shohei",660271,664285,force_out,hit_into_play,,,,,8.0,"Shohei Ohtani grounds into a force out, second baseman Jose Altuve to shortstop Zack Short. Miguel Rojas out at 2nd.",R,L,L,LAD,HOU,X,4.0,ground_ball,0,0,2025,1.47,0.37,-0.1,2.1,,,500743.0,2,6,Bot,145.52,147.49,,,,,-6.624114053930932,-139.1330396251586,-5.165464280815934,20.62744281572759,32.223641103442795,-26.415181411479843,3.54,1.58,5.0,98.1,-22.0,94.9,2217.0,5.9,777221,673237,572233,514888,670623,670097,669450,643289,701358,54.58,0.089,0.086,0.0,1.0,0.0,0.0,2.0,53,1,Sinker,4,5,4,5,5,4,4,5,Infield shade,Standard,136.0,-0.041,-0.271,75.1,8.1,0.093,0.271,98.1,-1,-1,0.349,0.349,31,30,32,31,4,3,6.0,1.0,7.0,1.0,2.13,1.47,1.47,42.3,14.745473487583048,11.402179075419012,36.00053342500345,42.10587360999297,18.33415780217847
FF,2025-07-05,94.6,0.5,5.85,"Ohtani, Shohei",660271,664285,field_out,hit_into_play,,,,,4.0,"Shohei Ohtani grounds out, second baseman Jose Altuve to first baseman Christian Walker.",R,L,L,LAD,HOU,X,4.0,ground_ball,0,0,2025,0.81,0.41,-0.44,2.65,,,500743.0,2,2,Bot,146.32,144.9,,,,,-4.2377491088738495,-137.68769434049418,-3.5797905641911756,11.243585878953295,31.112977628302605,-26.314051752095526,3.54,1.58,54.0,99.9,1.0,93.9,2137.0,5.9,777221,673237,572233,514888,670623,670097,669450,643289,701358,54.58,0.468,0.437,0.0,1.0,0.0,0.0,4.0,16,1,4-Seam Fastball,2,0,2,0,0,2,2,0,Infield shade,Strategic,142.0,-0.016,-0.271,72.6,8.3,0.521,0.271,99.9,2,2,0.728,0.728,31,30,32,31,2,1,6.0,1.0,7.0,1.0,2.14,0.81,0.81,41.4,14.82506287195334,-1.8021492657709997,33.39581111412053,46.51121494319864,24.431535173527003
SL,2025-07-05,85.3,3.2,5.17,"Ohtani, Shohei",660271,623352,single,hit_into_play,,,,,9.0,Shohei Ohtani singles on a line drive to right fielder Cam Smith.,R,L,L,LAD,HOU,X,9.0,line_drive,2,2,2025,-0.44,-0.04,0.37,1.83,,,,0,9,Bot,159.99,153.17,,,,,-5.780946956601071,-124.05211028567123,-1.4357146668889502,-3.3565136685185335,25.751086489749586,-32.539461423471955,3.54,1.58,146.0,91.9,10.0,85.6,2539.0,6.6,777221,673237,572233,514888,670623,643289,666211,676694,701358,53.89,0.605,0.545,0.9,1.0,1.0,0.0,4.0,73,7,Slider,4,6,4,6,6,4,4,6,Infield shade,Standard,312.0,0.102,0.465,82.5,8.0,0.639,-0.465,91.9,-2,-2,0.09,0.09,31,30,31,31,1,4,4.0,1.0,3.0,1.0,3.19,-0.44,-0.44,22.2,14.929837006260396,-10.055617141326918,44.19415531035769,36.27234892287281,37.9419407786236
SI,2025-07-05,97.0,0.23,6.21,"Ohtani, Shohei",660271,664285,field_out,hit_into_play,,,,,5.0,"Shohei Ohtani grounds out, first baseman Christian Walker to pitcher Framber Valdez.",R,L,L,LAD,HOU,X,3.0,ground_ball,1,1,2025,1.24,0.5,0.15,2.91,,,,0,1,Bot,159.2,168.91,,,,,-3.0069029624302335,-141.12237229465308,-4.334406943054303,17.20825950311128,34.87888636705138,-24.734520184779328,3.54,1.58,6.0,89.2,-25.0,95.4,2300.0,5.6,777221,673237,572233,514888,670623,670097,669450,643289,701358,54.9,0.041,0.046,0.0,1.0,0.0,0.0,2.0,4,3,Sinker,0,0,0,0,0,0,0,0,Infield shade,Strategic,143.0,-0.021,-0.251,80.2,8.1,0.041,0.251,89.2,0,0,0.547,0.547,31,30,32,31,1,0,6.0,1.0,7.0,1.0,1.94,1.24,1.24,50.0,19.66049126687017,-8.7620546117507,35.17722595577708,39.75755915780307,31.573619798596404
KC,2025-07-04,84.4,-2.13,5.08,"Ohtani, Shohei",660271,621121,field_out,hit_into_play,,,,,8.0,"Shohei Ohtani lines out sharply, pitcher Lance McCullers Jr. to shortstop Mauricio Dubón.",R,L,R,LAD,HOU,X,1.0,line_drive,1,1,2025,1.15,-0.83,0.04,2.02,,,,1,3,Bot,127.97,185.34,,,,,2.7540017165195243,-122.89812401816148,0.8514055554801558,11.190969138553752,23.532312900038008,-40.972446869748225,3.54,1.6,147.0,96.1,3.0,84.4,3045.0,6.2,777235,605170,572233,514888,670623,643289,666211,676694,701358,54.32,0.473,0.441,0.0,1.0,0.0,0.0,4.0,28,3,Knuckle Curve,1,6,1,6,6,1,1,6,Infield shade,Standard,60.0,-0.01,-0.244,74.8,7.7,0.54,0.244,96.1,-5,-5,0.095,0.095,31,30,32,31,2,1,6.0,1.0,7.0,1.0,4.02,-1.15,1.15,28.5,4.981580644839174,16.925863447774592,40.82354610601985,38.81797086784009,17.16951250756641
CH,2025-07-04,81.7,-2.01,5.22,"Ohtani, Shohei",660271,669920,force_out,hit_into_play,,,,,13.0,"Shohei Ohtani grounds into a force out, second baseman Shay Whitcomb to shortstop Zack Short. Tommy Edman out at 2nd. Shohei Ohtani to 1st.",R,L,R,LAD,HOU,X,4.0,ground_ball,1,2,2025,-1.45,0.24,-1.3,1.6,,,669242.0,1,7,Bot,138.5,165.41,,,,,4.420239692733543,-118.98605990709194,-2.0501513517154137,-14.582494194183823,22.583787259132972,-29.752220492638024,3.54,1.6,39.0,64.4,2.0,82.3,1707.0,6.6,777235,605170,572233,694376,670623,670097,669450,643289,701358,53.91,0.114,0.111,0.0,1.0,0.0,0.0,2.0,74,4,Changeup,1,18,1,18,18,1,1,18,Infield shade,Standard,269.0,0.0,-0.241,65.4,8.6,0.121,0.241,88.0,-17,-17,0.001,0.001,32,30,32,31,1,3,17.0,1.0,20.0,1.0,3.17,1.45,-1.45,19.5,14.44614492217038,-9.543048072135957,34.90026179705326,55.319661047508085,30.270871270268785
SI,2025-07-03,90.7,4.07,4.52,"Ohtani, Shohei",660271,656457,field_out,hit_into_play,,,,,6.0,"Shohei Ohtani grounds out, second baseman Lenyn Sosa to first baseman Miguel Vargas.",R,L,L,LAD,CWS,X,4.0,ground_ball,0,1,2025,1.51,0.16,0.49,2.27,,,,0,7,Bot,141.26,156.24,,,,,-12.031342834923269,-131.53736050736208,-0.0264653606882551,20.02276444424457,26.163125119458797,-30.54594909549909,3.54,1.6,3.0,92.4,-31.0,89.9,2220.0,5.8,777253,691019,678246,672820,668942,805367,643217,681460,643565,54.68,0.053,0.054,0.0,1.0,0.0,0.0,2.0,52,2,Sinker,5,0,5,0,0,5,5,0,Infield shade,Standard,117.0,-0.002,-0.22,71.3,6.8,0.062,0.22,92.4,5,5,0.986,0.986,31,30,32,31,1,3,4.0,1.0,5.0,1.0,2.62,1.51,1.51,3.8,-10.558672024832838,26.72752804066077,38.84619598942947,36.23098112481202,11.459226434121636
FF,2025-07-02,94.4,-2.51,6.09,"Ohtani, Shohei",660271,680732,single,hit_into_play,,,,,12.0,Shohei Ohtani singles on a fly ball to right fielder Mike Tauchman. Tommy Edman to 2nd.,R,L,R,LAD,CWS,X,9.0,fly_ball,2,1,2025,-0.33,1.44,1.1,3.37,,,669242.0,1,7,Bot,153.22,110.95,,,,,10.258487438042362,-137.1635441516989,-4.678992144674335,-6.300167045597362,27.68432216950919,-13.03251005713464,3.54,1.61,214.0,66.7,32.0,95.8,2590.0,7.0,777267,700337,678246,672820,681962,805367,596103,681460,643565,53.5,0.868,0.839,0.9,1.0,1.0,0.0,4.0,58,4,4-Seam Fastball,2,4,2,4,4,2,2,4,Standard,Standard,205.0,0.066,0.364,75.4,7.1,0.988,-0.364,88.0,-2,-2,0.235,0.235,25,30,26,31,3,3,7.0,1.0,5.0,1.0,1.1,0.33,-0.33,38.6,14.846604840832835,10.649175870939189,38.210964751184264,27.043943844773803,23.645202740293293
FF,2025-07-02,96.5,-2.4,6.14,"Ohtani, Shohei",660271,680732,field_out,hit_into_play,,,,,12.0,Shohei Ohtani flies out to shortstop Chase Meidroth.,R,L,R,LAD,CWS,X,6.0,fly_ball,3,2,2025,-0.38,1.64,0.98,2.87,,808975.0,,1,5,Bot,128.07,122.05,,,,,9.9843529180376,-139.9828273682089,-6.903139625297751,-7.328371866974432,32.830077587580085,-9.21121819986111,3.54,1.61,186.0,74.9,55.0,97.5,2748.0,7.1,777267,700337,678246,672820,681962,805367,596103,572191,643565,53.36,0.071,0.073,0.0,1.0,0.0,0.0,3.0,43,6,4-Seam Fastball,2,4,2,4,4,2,2,4,Standard,Standard,206.0,-0.054,-0.281,77.4,7.6,0.097,0.281,88.0,-2,-2,0.319,0.319,25,30,26,31,2,2,7.0,1.0,5.0,1.0,0.83,0.38,-0.38,44.2,13.34028179214724,-3.0707668138593376,41.986903547141885,28.37951346381209,25.725254867628173
FF,2025-07-02,98.3,-0.7,5.7,"Ohtani, Shohei",660271,691799,force_out,hit_into_play,,,,,5.0,"Shohei Ohtani grounds into a force out, second baseman Lenyn Sosa to shortstop Chase Meidroth. Michael Conforto scores. Tommy Edman to 3rd. Hyeseong Kim out at 2nd. Shohei Ohtani to 1st.",R,L,R,LAD,CWS,X,4.0,ground_ball,1,1,2025,0.24,1.3,0.02,2.77,624424.0,669242.0,808975.0,0,9,Bot,152.3,154.15,,,,,1.445371942374162,-143.25198165450934,-5.678226669046903,2.9894031753827277,28.654525199856003,-13.18948287532961,3.54,1.61,6.0,86.0,-23.0,101.1,2432.0,7.5,777267,700337,678246,672820,668942,805367,596103,681460,643565,53.04,0.066,0.065,0.0,1.0,0.0,0.0,2.0,75,3,4-Seam Fastball,2,4,2,4,4,3,3,4,Standard,Standard,190.0,-0.032,-0.254,72.5,7.4,0.08,0.254,88.0,-2,-2,0.497,0.497,23,30,23,31,1,4,4.0,1.0,2.0,1.0,1.03,-0.24,0.24,56.9,2.5255268856001547,12.944379956670858,32.37546409411592,39.61221134444534,14.27457660922485
FF,2025-07-02,95.1,-2.41,6.09,"Ohtani, Shohei",660271,680732,field_out,hit_into_play,,,,,2.0,Shohei Ohtani flies out to third baseman Vinny Capra.,R,L,R,LAD,CWS,X,5.0,fly_ball,1,0,2025,-0.64,1.39,-0.24,3.19,,,,0,3,Bot,90.15,142.5,,,,,7.213568185820236,-138.22247707605632,-5.107115075626906,-9.80216991286828,30.54260038842968,-13.43643316229058,3.54,1.61,170.0,96.9,66.0,96.1,2497.0,6.9,777267,700337,678246,672820,681962,805367,596103,572191,643565,53.59,0.01,0.01,0.0,1.0,0.0,0.0,3.0,26,2,4-Seam Fastball,2,4,2,4,4,2,2,4,Infield shade,Standard,207.0,-0.031,-0.301,82.8,8.3,0.011,0.301,96.9,-2,-2,0.332,0.332,25,30,26,31,1,1,7.0,1.0,5.0,1.0,1.14,0.64,-0.64,35.3,21.325866392318915,-1.0608525264442188,32.57474105825495,42.42878321097805,22.203988344944104
SL,2025-07-02,85.5,4.04,4.95,"Ohtani, Shohei",660271,685126,field_out,hit_into_play,,,,,5.0,Shohei Ohtani grounds out sharply to first baseman Miguel Vargas.,R,L,L,LAD,CWS,X,3.0,ground_ball,2,1,2025,-0.1,0.38,0.2,2.6,,,,0,1,Bot,159.22,157.88,,,,,-8.97413659431163,-124.221964445535,-0.012538239369208,0.7173491556825645,24.11392222229659,-28.471694997219167,3.54,1.61,23.0,100.5,-5.0,86.7,2192.0,7.1,777267,700337,678246,672820,681962,805367,596103,572191,643565,53.42,0.314,0.297,0.0,1.0,0.0,0.0,2.0,7,4,Slider,0,1,0,1,1,0,0,1,Standard,Standard,180.0,-0.028,-0.305,75.9,8.0,0.34,0.305,100.5,-1,-1,0.452,0.452,27,30,27,31,1,0,3.0,1.0,3.0,1.0,2.74,-0.1,-0.1,31.9,16.24656599427865,-7.59606526183907,33.72084238378343,39.83936045256221,32.912761205388826
SL,2025-07-01,90.3,-2.38,5.55,"Ohtani, Shohei",660271,681343,home_run,hit_into_play,,,,,9.0,Shohei Ohtani homers (30) on a fly ball to right center field.,R,L,R,LAD,CWS,X,,fly_ball,3,2,2025,0.02,0.2,0.76,2.13,,,,2,4,Bot,176.06,41.79,,,,,7.82641486254564,-131.31112324287704,-3.0185781287219156,-1.3243367955651189,27.028276954454068,-29.38329556481632,3.54,1.61,408.0,116.3,42.0,91.1,2227.0,6.8,777280,691019,678246,672820,668942,805367,643217,681460,572191,53.74,0.71,1.453,2.0,1.0,0.0,3.0,6.0,35,6,Slider,5,1,5,1,1,6,6,1,Infield shade,Standard,180.0,0.038,2.528,80.9,8.4,2.853,-2.528,116.3,4,4,0.901,0.901,25,30,25,31,3,2,8.0,2.0,5.0,1.0,2.59,-0.02,0.02,33.3,21.806913217947237,-6.250365584979111,47.28884763362261,30.95297748317484,32.056314879082905
CH,2025-07-01,91.9,-2.48,5.52,"Ohtani, Shohei",660271,681343,field_out,hit_into_play,,,,,7.0,"Shohei Ohtani grounds out sharply, second baseman Lenyn Sosa to first baseman Miguel Vargas.",R,L,R,LAD,CWS,X,4.0,ground_ball,0,1,2025,-1.27,0.08,-0.44,1.86,,,,0,1,Bot,145.1,147.66,,,,,7.992414932540322,-133.56394682937673,-3.6306530773151886,-16.8750364685462,28.88726989321096,-30.60382430777729,3.54,1.61,10.0,100.7,-9.0,92.7,1588.0,6.8,777280,691019,678246,672820,668942,805367,643217,681460,572191,53.67,0.304,0.29,0.0,1.0,0.0,0.0,2.0,4,2,Changeup,0,0,0,0,0,0,0,0,Infield shade,Standard,243.0,-0.019,-0.22,73.3,8.2,0.337,0.22,100.7,0,0,0.545,0.545,25,30,25,31,1,0,8.0,2.0,5.0,1.0,2.62,1.27,-1.27,26.4,13.1209214135141,7.086686469277726,35.16054134658311,46.925386493077696,22.706163202121775
ST,2025-06-29,82.5,2.19,5.58,"Ohtani, Shohei",660271,663460,grounded_into_double_play,hit_into_play,,,,,4.0,"Shohei Ohtani grounds into a double play, shortstop Bobby Witt Jr. to first baseman Salvador Perez. Miguel Rojas out at 2nd. Shohei Ohtani out at 1st.",R,L,L,KC,LAD,X,6.0,ground_ball,0,2,2025,-1.01,-0.67,-0.52,2.79,,,500743.0,1,5,Top,126.48,150.67,,,,,-4.240213309262827,-120.12777408729798,1.5107610160916811,-8.865119542790236,24.598959110135535,-39.14952001142875,3.52,1.62,5.0,93.7,-27.0,83.1,2786.0,6.8,777304,666023,521692,663697,672580,677951,592192,671221,695506,53.75,0.066,0.064,0.0,1.0,0.0,0.0,2.0,35,3,Sweeper,1,2,2,1,2,1,2,1,Infield shade,Standard,325.0,0.044,-0.231,69.4,7.3,0.072,0.231,93.7,-1,1,0.371,0.629,27,30,28,31,3,2,5.0,1.0,5.0,2.0,4.03,-1.01,-1.01,36.2,8.277137509979905,19.51539663951515,25.642371012622633,49.46701406486416,12.585651667249644
ST,2025-06-29,84.8,2.27,5.54,"Ohtani, Shohei",660271,663460,field_out,hit_into_play,,,,,7.0,Shohei Ohtani flies out to center fielder Drew Waters.,R,L,L,KC,LAD,X,8.0,fly_ball,1,2,2025,-0.69,-0.5,-0.73,1.95,,,500743.0,2,2,Top,145.39,58.8,,,,,-5.699930989985036,-123.46330874170523,-1.0515572233198012,-5.854206775302159,25.309130863813305,-37.315197377306845,3.52,1.62,351.0,91.4,27.0,85.6,2670.0,6.8,777304,666023,521692,663697,672580,677951,592192,671221,695506,53.66,0.078,0.106,0.0,1.0,0.0,0.0,3.0,15,4,Sweeper,1,2,2,1,2,1,2,1,Infield shade,Standard,328.0,0.016,-0.182,65.7,8.5,0.176,0.182,91.4,-1,1,0.427,0.573,27,30,28,31,2,1,5.0,1.0,5.0,2.0,3.68,-0.69,-0.69,32.9,16.204860005557983,-1.3834077836318697,35.90528741049409,50.1123105641786,27.610665410462666
ST,2025-06-29,83.7,2.34,5.55,"Ohtani, Shohei",660271,663460,field_out,hit_into_play,,,,,2.0,Shohei Ohtani flies out to left fielder Mark Canha.,R,L,L,KC,LAD,X,7.0,fly_ball,3,2,2025,-0.99,-0.18,0.17,3.61,,,,0,1,Top,48.57,95.67,,,,,-3.0883427117803546,-121.94896839312035,2.273986467865857,-9.354267018765112,22.61979385052998,-34.60492098806626,3.52,1.62,319.0,98.9,44.0,84.5,2573.0,6.6,777304,666023,521692,663697,672580,677951,592192,671221,695506,53.85,0.058,0.106,0.0,1.0,0.0,0.0,3.0,1,8,Sweeper,0,0,0,0,0,0,0,0,Infield shade,Standard,318.0,0.027,-0.345,75.5,6.5,0.201,0.345,98.9,0,0,0.495,0.505,27,30,28,31,1,0,5.0,1.0,5.0,2.0,3.41,-0.99,-0.99,33.5,6.494028022145704,15.38296901450351,24.30676720399941,39.520529380244994,21.654812112263137
FC,2025-06-28,89.7,-1.48,5.71,"Ohtani, Shohei",660271,607625,field_out,hit_into_play,,,,,2.0,Shohei Ohtani flies out sharply to center fielder Kyle Isbel.,R,L,R,KC,LAD,X,8.0,fly_ball,3,2,2025,0.12,0.71,0.23,3.21,,,,0,5,Top,165.06,46.26,,,,,3.956697742157348,-130.7337696376797,-1.7508519360234365,0.5640657594051849,25.548412760888827,-23.797792433299637,3.52,1.6,389.0,110.6,45.0,89.4,2417.0,5.8,777319,521692,686469,663697,679845,672580,671221,664728,695506,54.67,0.324,0.67,0.0,1.0,0.0,0.0,6.0,35,7,Cutter,2,0,0,2,0,2,0,2,Infield shade,Standard,191.0,0.036,-0.345,79.2,7.9,1.288,0.345,110.6,2,-2,0.744,0.256,35,30,36,31,3,2,6.0,1.0,5.0,1.0,2.09,-0.12,0.12,30.9,19.571483355386192,-5.430260726168817,34.63436962845767,38.04127430173801,28.132022855177304
FF,2025-06-27,93.4,0.79,6.33,"Ohtani, Shohei",660271,702070,triple,hit_into_play,,,,,3.0,Shohei Ohtani triples (7) on a sharp line drive to right fielder Jac Caglianone. Enrique Hernández scores.,R,L,L,KC,LAD,X,9.0,line_drive,1,1,2025,0.28,1.53,0.37,3.26,,,571771.0,0,5,Top,154.4,79.9,,,,,-1.6893691103586967,-135.98269566634153,-5.554115331075428,3.827352758443751,28.883496725668664,-12.209368935997514,3.52,1.6,233.0,112.4,13.0,94.0,2281.0,6.5,777335,666023,521692,663697,672580,677951,670231,664728,695506,53.99,0.754,0.808,1.6,1.0,1.0,2.0,6.0,39,3,4-Seam Fastball,4,3,3,4,4,4,4,4,Infield shade,Standard,165.0,-0.203,0.911,76.1,7.1,1.149,-0.911,112.4,1,-1,0.587,0.413,25,30,26,31,3,2,6.0,1.0,5.0,1.0,1.08,0.28,0.28,62.2,12.297580743328991,2.9271208008712835,32.97213949533489,36.57285026190479,24.507160013520537
CH,2025-06-27,78.1,1.94,6.47,"Ohtani, Shohei",660271,702070,home_run,hit_into_play,,,,,6.0,Shohei Ohtani homers (29) on a fly ball to right center field.,R,L,L,KC,LAD,X,,fly_ball,1,2,2025,1.08,1.03,0.49,2.49,,,,0,1,Top,185.23,35.28,,,,,-5.071625720421421,-113.55942796857204,-3.527049184502605,10.287945797660717,21.69778191299757,-22.869275566245065,3.52,1.6,429.0,110.4,35.0,77.6,1501.0,6.1,777335,666023,521692,663697,672580,677951,670231,664728,695506,54.44,0.910923076923077,1.8469230769230771,2.0,1.0,0.0,3.0,6.0,1,4,Changeup,0,0,0,0,1,0,1,0,Infield shade,Standard,143.0,-0.102,1.184,77.6,7.7,3.6404615384615377,-1.184,110.4,0,0,0.506,0.494,25,30,26,31,1,0,6.0,1.0,5.0,1.0,2.73,1.08,1.08,47.3,18.40013840907192,-8.842380711301866,41.839922400640226,36.71958198217683,33.920416212873924
KC,2025-06-26,78.8,2.06,6.38,"Ohtani, Shohei",660271,596295,field_out,hit_into_play,,,,,7.0,"Shohei Ohtani grounds out, first baseman Michael Toglia to pitcher Austin Gomber.",R,L,L,COL,LAD,X,3.0,ground_ball,0,2,2025,-0.21,-0.66,-0.56,1.72,669242.0,,,2,5,Top,156.87,161.08,,,,,-5.358805174942269,-114.76917672281948,-2.1744779044733593,-1.0195967314819765,18.46058793992317,-37.89867582451671,3.53,1.61,11.0,64.7,-9.0,80.0,2571.0,6.8,777344,690924,669911,642731,606115,690022,687597,686668,671289,53.74,0.056,0.056,0.0,1.0,0.0,0.0,2.0,33,4,Knuckle Curve,1,1,1,1,1,1,1,1,Infield shade,Standard,327.0,0.034,-0.168,64.6,8.8,0.064,0.168,88.0,0,0,0.533,0.4669999999999999,31,30,32,31,3,2,6.0,1.0,6.0,1.0,4.29,-0.21,-0.21,52.4,18.749116497982488,-18.908751633605547,37.75309246770091,47.77100679725337,40.065130864797055
SL,2025-06-26,87.4,-0.88,6.39,"Ohtani, Shohei",660271,641755,home_run,hit_into_play,,,,,8.0,Shohei Ohtani homers (28) on a fly ball to center field.,R,L,R,COL,LAD,X,,fly_ball,2,2,2025,0.2,-0.25,0.13,2.09,,,,2,7,Top,166.16,34.27,,,,,1.9835980264112612,-127.38210395462308,-3.782626131591294,1.895818627739128,22.78981262693768,-34.413231990577685,3.53,1.61,419.0,107.8,40.0,86.9,2702.0,5.6,777344,690924,669911,642731,606115,690022,687597,686668,671289,54.9,0.5331111111111111,1.0806666666666669,2.0,1.0,0.0,3.0,6.0,48,7,Slider,1,2,2,1,3,1,3,1,Infield shade,Standard,86.0,-0.14,2.632,78.4,8.6,2.124222222222222,-2.632,107.8,-1,1,0.352,0.648,34,30,34,31,1,3,1.0,1.0,2.0,1.0,3.19,-0.2,0.2,42.7,24.000265788528573,-10.761185243011806,41.83514282051482,39.7777088880712,33.97225108987273
FF,2025-06-26,89.8,2.02,6.61,"Ohtani, Shohei",660271,596295,field_out,hit_into_play,,,,,2.0,"Shohei Ohtani grounds out, second baseman Thairo Estrada to first baseman Michael Toglia.",R,L,L,COL,LAD,X,4.0,ground_ball,0,1,2025,0.62,1.33,-0.13,3.37,,,,0,1,Top,146.24,151.68,,,,,-6.6600999811957475,-130.7172736268457,-4.935562363791627,8.39009155923259,23.585684733616045,-16.02030337507763,3.53,1.61,18.0,92.8,-10.0,90.7,2125.0,6.5,777344,690924,669911,642731,606115,690022,687597,686668,671289,54.03,0.21,0.206,0.0,1.0,0.0,0.0,2.0,1,2,4-Seam Fastball,0,0,0,0,0,0,0,0,Infield shade,Standard,149.0,0.019,-0.22,77.5,8.0,0.239,0.22,92.8,0,0,0.503,0.497,31,30,32,31,1,0,6.0,1.0,6.0,1.0,1.46,0.62,0.62,50.4,20.068131702842948,-8.55644271020424,32.90302639314026,43.14298327744593,29.54648671440627
SI,2025-06-25,98.2,-2.1,5.24,"Ohtani, Shohei",660271,801403,single,hit_into_play,,,,,7.0,Shohei Ohtani singles on a line drive to left fielder Jordan Beck. Dalton Rushing to 2nd.,R,L,R,COL,LAD,X,7.0,line_drive,0,0,2025,-1.09,0.43,-0.34,1.65,,,687221.0,0,6,Top,73.35,88.91,,,,,7.239982192322555,-142.89048504510964,-5.296366662502652,-16.58606264646741,27.97028908663298,-25.39698909642474,3.53,1.61,267.0,88.7,19.0,98.2,2372.0,6.0,777358,696100,669911,642731,641857,606115,687597,656541,666160,54.54,0.562,0.553,0.9,1.0,1.0,0.0,4.0,35,1,Sinker,0,0,0,0,0,0,0,0,Infield shade,Standard,237.0,-0.076,0.469,75.3,8.1,0.708,-0.469,88.7,0,0,0.447,0.5529999999999999,23,30,24,31,3,2,6.0,1.0,6.0,1.0,1.91,1.09,-1.09,19.6,-4.387264211228221,2.622855207841128,45.93947408391331,44.73819311801989,18.211711043429805
CU,2025-06-25,78.8,-1.99,5.41,"Ohtani, Shohei",660271,801403,field_out,hit_into_play,,,,,4.0,Shohei Ohtani flies out to shortstop Orlando Arcia.,R,L,R,COL,LAD,X,6.0,fly_ball,2,2,2025,0.96,-0.65,-0.61,2.75,,,,0,1,Top,113.09,124.4,,,,,1.201526687768509,-114.85017222514128,2.1292223781010877,8.428042600824682,18.525278804130384,-38.48472398986077,3.53,1.61,193.0,88.1,60.0,79.3,2887.0,6.2,777358,696100,669911,642731,641857,606115,687597,656541,666160,54.26,0.018,0.016,0.0,1.0,0.0,0.0,3.0,1,5,Curveball,0,0,0,0,0,0,0,0,Infield shade,Standard,67.0,0.02,-0.232,69.7,8.2,0.022,0.232,88.1,0,0,0.502,0.498,23,30,24,31,1,0,6.0,1.0,6.0,1.0,4.27,-0.96,0.96,27.4,22.36857178649567,-5.385184298049851,33.02963053808871,48.019094641063255,29.045041864464096
KC,2025-06-24,87.2,-2.16,6.24,"Ohtani, Shohei",660271,608566,field_out,hit_into_play,,,,,4.0,Shohei Ohtani flies out to left fielder Jordan Beck.,R,L,R,COL,LAD,X,7.0,fly_ball,1,0,2025,0.03,-0.02,-0.35,2.59,,624424.0,,1,3,Top,47.26,95.31,,,,,4.243418924959935,-127.07209603238444,-2.649989414830274,-0.4169245153140785,22.594034522093427,-32.13000684332837,3.54,1.6,321.0,93.8,42.0,86.5,2662.0,5.5,777379,696100,669911,642731,641857,690022,687597,686668,671289,55.04,0.03,0.057,0.0,1.0,0.0,0.0,3.0,19,2,Knuckle Curve,1,0,0,1,0,1,0,1,Standard,Standard,46.0,0.044,-0.29,76.2,7.7,0.101,0.29,93.8,1,-1,0.587,0.413,30,30,30,31,2,1,6.0,2.0,5.0,1.0,2.98,-0.03,0.03,44.9,11.242976631507972,6.836581519457601,34.13448996953501,44.0202709845876,21.230748503407693
FF,2025-06-24,92.7,2.08,5.95,"Ohtani, Shohei",660271,669020,home_run,hit_into_play,,,,,2.0,Shohei Ohtani homers (27) on a fly ball to left field. Tommy Edman scores.,R,L,L,COL,LAD,X,,fly_ball,1,0,2025,0.19,0.78,0.23,3.1,,,669242.0,0,6,Top,39.6,75.17,,,,,-5.164963571331159,-135.01450707357114,-3.327352312127876,3.298017816747753,24.66593709725587,-22.056641571002295,3.54,1.6,373.0,101.6,27.0,93.8,2259.0,6.6,777379,696100,669911,642731,641857,690022,687597,686668,671289,53.94,0.5852888888888889,1.1219555555555558,2.0,1.0,0.0,3.0,6.0,52,2,4-Seam Fastball,3,6,6,3,8,3,8,3,Infield shade,Standard,169.0,-0.071,1.019,74.3,7.5,2.1820222222222228,-1.019,101.6,-3,3,0.119,0.881,27,30,28,31,1,3,4.0,2.0,3.0,1.0,1.83,0.19,0.19,42.4,10.526917944817049,14.991025646837215,28.8400333228565,40.733882308988015,16.46427654380585
CH,2025-06-24,88.8,-1.74,5.88,"Ohtani, Shohei",660271,683409,field_out,hit_into_play,,,,,6.0,"Shohei Ohtani grounds out softly, pitcher Angel Chivilli to first baseman Michael Toglia.",R,L,R,COL,LAD,X,1.0,ground_ball,2,1,2025,-0.83,0.59,0.6,2.61,,,,0,8,Top,123.87,183.26,,,,,7.447419798994479,-129.22400478283896,-3.2640617777043737,-10.713818251127478,23.864785340680463,-25.0735948985195,3.54,1.6,1.0,47.0,-62.0,89.1,1894.0,6.2,777379,696100,669911,642731,641857,690022,687597,686668,671289,54.28,0.195,0.192,0.0,1.0,0.0,0.0,1.0,70,4,Changeup,4,8,8,4,8,4,8,4,Infield shade,Standard,247.0,0.005,-0.305,79.3,8.8,0.195,0.305,88.0,-4,4,0.035,0.965,22,30,23,31,1,4,31.0,2.0,2.0,1.0,2.27,0.83,-0.83,37.0,35.914495303188176,-29.170805821990832,39.750405881773425,35.28675600343819,47.68159409865243
FF,2025-06-24,94.1,-2.32,6.1,"Ohtani, Shohei",660271,608566,field_out,hit_into_play,,,,,5.0,Shohei Ohtani flies out sharply to center fielder Brenton Doyle.,R,L,R,COL,LAD,X,8.0,fly_ball,2,0,2025,-0.85,0.93,-0.12,2.44,,,,0,1,Top,110.07,38.72,,,,,7.452395217422425,-136.9945818745257,-5.889788481423607,-12.088107830478512,23.038045954235624,-19.43137629880369,3.54,1.6,397.0,109.7,40.0,93.7,2260.0,5.5,777379,696100,669911,642731,641857,690022,687597,686668,671289,54.97,0.601,1.223,0.0,1.0,0.0,0.0,6.0,1,3,4-Seam Fastball,0,0,0,0,0,0,0,0,Infield shade,Strategic,220.0,0.033,-0.378,80.2,8.0,2.405,0.378,109.7,0,0,0.489,0.511,30,30,30,31,1,0,6.0,2.0,5.0,1.0,1.6,0.85,-0.85,42.5,15.805450473849827,2.473633127766964,37.1907888459158,41.395264536190595,25.578014248759015
SL,2025-06-22,87.5,-1.42,5.92,"Ohtani, Shohei",660271,702795,triple,hit_into_play,,,,,9.0,Shohei Ohtani triples (6) on a sharp ground ball to right fielder Daylen Lile. Hyeseong Kim scores. Michael Conforto scores. Dalton Rushing scores.,R,L,R,LAD,WSH,X,9.0,ground_ball,0,1,2025,0.32,-0.45,0.82,1.89,808975.0,624424.0,687221.0,0,7,Bot,208.71,106.91,,,,,4.732039728536587,-127.4599802514409,-2.680126339358091,2.5085541465791317,25.3448239906475,-36.80122243687314,3.56,1.62,20.0,101.3,-4.0,87.5,2401.0,6.1,777398,660688,663993,671277,691781,682928,695578,696285,695734,54.37,0.357,0.337,1.6,1.0,1.0,2.0,2.0,57,2,Slider,4,3,4,3,3,7,7,3,Standard,Standard,32.0,0.083,0.783,79.6,7.6,0.392,-0.783,101.3,1,1,0.9,0.9,26,30,26,31,1,3,3.0,1.0,6.0,2.0,3.42,-0.32,0.32,35.5,13.011551749520232,-0.5473057698804176,44.513705490527016,30.15920931083884,31.736189776553736
FF,2025-06-22,95.2,-2.25,5.98,"Ohtani, Shohei",660271,671131,home_run,hit_into_play,,,,,4.0,"Umpire reviewed (home run), call on the field was overturned: Shohei Ohtani homers (26) on a fly ball to center field. Dalton Rushing scores.",R,L,R,LAD,WSH,X,,fly_ball,1,0,2025,-0.82,1.28,-0.63,2.92,,,687221.0,1,8,Bot,88.71,49.13,,,,,6.059548812956461,-138.5783052579257,-5.260672306803216,-11.850632142008054,29.271168082616747,-14.671942239096012,3.56,1.62,383.0,101.3,37.0,95.2,2397.0,6.1,777398,660688,663993,671277,691781,682928,669743,696285,695734,54.35,0.3400499999999999,0.67435,2.0,1.0,0.0,3.0,5.0,72,2,4-Seam Fastball,11,3,11,3,3,13,13,3,Infield shade,Standard,221.0,0.0,1.43,76.2,8.0,1.3392,-1.43,101.3,8,8,0.999,0.999,26,30,26,31,1,4,2.0,1.0,6.0,2.0,1.22,0.82,-0.82,33.3,16.927395684433968,2.9194012171079935,29.994277145688923,48.15030120062184,21.08568920539998
SI,2025-06-21,98.9,3.0,5.71,"Ohtani, Shohei",660271,678606,field_out,hit_into_play,,,,,14.0,"Shohei Ohtani grounds out, shortstop CJ Abrams to first baseman Nathaniel Lowe.",R,L,L,LAD,WSH,X,6.0,ground_ball,0,0,2025,1.54,0.28,1.06,2.31,,,,2,7,Bot,117.04,143.47,,,,,-8.830009952617289,-143.74218405077957,-4.456179392298421,23.327690559288328,32.68990438447321,-27.500762961055813,3.56,1.6,6.0,88.3,-19.0,98.5,2066.0,6.1,777416,660688,663993,671277,691781,682928,695578,696285,695734,54.4,0.073,0.071,0.0,1.0,0.0,0.0,2.0,58,1,Sinker,2,5,2,5,5,2,2,5,Infield shade,Standard,112.0,-0.009,-0.26,66.8,6.9,0.073,0.26,88.3,-3,-3,0.081,0.081,25,30,25,31,1,3,2.0,1.0,1.0,1.0,2.06,1.54,1.54,32.9,-5.662974611761142,24.562773582958123,40.54743019999577,30.23101345185962,12.245503698506468
FF,2025-06-21,93.6,-1.82,5.52,"Ohtani, Shohei",660271,663623,field_out,hit_into_play,,,,,6.0,Shohei Ohtani flies out to center fielder Jacob Young.,R,L,R,LAD,WSH,X,8.0,fly_ball,0,0,2025,-0.81,1.16,0.75,2.85,,,,0,1,Bot,117.95,90.71,,,,,8.577257205014877,-136.07019381594523,-3.8147768784750022,-11.86051263999391,27.275444798581866,-17.061234653709263,3.56,1.6,272.0,99.7,54.0,95.6,2285.0,7.3,777416,660688,663993,671277,691781,682928,695578,696285,695734,53.2,0.013,0.017,0.0,1.0,0.0,0.0,3.0,4,1,4-Seam Fastball,0,0,0,0,0,0,0,0,Infield shade,Standard,225.0,-0.022,-0.259,80.6,7.5,0.026,0.259,99.7,0,0,0.548,0.548,28,30,28,31,1,0,5.0,1.0,6.0,1.0,1.43,0.81,-0.81,28.6,18.254093974799417,-2.980205261032457,38.55206040374581,30.90112584289593,30.47538382966878
FF,2025-06-20,95.8,1.77,5.58,"Ohtani, Shohei",660271,669022,single,hit_into_play,,,,,5.0,Shohei Ohtani singles on a ground ball to right fielder Alex Call. Miguel Rojas scores.,R,L,L,LAD,WSH,X,9.0,ground_ball,1,0,2025,0.6,1.38,-0.07,2.26,500743.0,,,2,4,Bot,160.03,137.23,,,,,-6.27274142800129,-139.30985015894046,-6.31688248208052,9.26728826284776,30.531879281751976,-13.007600643043094,3.56,1.6,10.0,82.7,-12.0,96.5,2318.0,6.7,777427,656180,663993,642708,691781,682928,695578,696285,669743,53.83,0.096,0.092,0.9,1.0,1.0,0.0,2.0,35,2,4-Seam Fastball,3,1,3,1,1,4,4,1,Standard,Standard,150.0,0.067,0.701,78.1,8.3,0.098,-0.701,88.0,2,2,0.78,0.78,26,30,26,31,3,2,5.0,1.0,5.0,1.0,1.11,0.6,0.6,44.1,17.553643800326928,-6.30964150147852,38.6254921384163,42.44910842150134,26.294392779888582
SI,2025-06-20,96.3,-2.61,5.86,"Ohtani, Shohei",660271,671131,field_out,hit_into_play,,,,,11.0,Shohei Ohtani flies out to left fielder James Wood.,R,L,R,LAD,WSH,X,7.0,fly_ball,0,0,2025,-1.42,0.85,-1.02,3.45,,,,2,6,Bot,71.69,119.65,,,,,7.41688463224375,-140.1499669167394,-2.762417504046689,-20.405345685054566,30.593711295400382,-20.582735312012403,3.56,1.6,240.0,84.9,52.0,96.1,2256.0,6.1,777427,656180,663993,642708,691781,682928,695578,696285,669743,54.38,0.013,0.011,0.0,1.0,0.0,0.0,3.0,53,1,Sinker,6,2,6,2,2,6,6,2,Infield shade,Standard,234.0,-0.002,-0.26,73.4,7.6,0.016,0.26,88.0,4,4,0.943,0.943,26,30,26,31,1,3,3.0,1.0,2.0,1.0,1.6,1.42,-1.42,25.9,9.764171013395964,9.919197652768734,26.158976872851294,52.0942665724703,19.4979818360651
CH,2025-06-19,87.5,-1.99,5.68,"Ohtani, Shohei",660271,686701,single,hit_into_play,,,,,4.0,Shohei Ohtani singles on a line drive to right fielder Fernando Tatis Jr. Tommy Edman to 3rd.,R,L,R,LAD,SD,X,9.0,line_drive,0,0,2025,-1.06,1.26,-0.31,2.32,,,669242.0,2,3,Bot,184.14,131.58,,,,,6.271040009653049,-127.28210996552878,-4.58644485324032,-12.83722770313555,27.071357833924793,-17.702440075209367,3.56,1.61,179.0,95.5,12.0,87.7,1752.0,6.5,777442,455117,650333,630105,592518,593428,657757,669369,665487,53.96,0.939,0.896,0.9,1.0,1.0,0.0,4.0,20,1,Changeup,0,1,0,1,1,0,0,1,Infield shade,Standard,235.0,0.033,0.346,77.1,8.6,1.101,-0.346,95.5,-1,-1,0.404,0.404,25,30,25,31,2,1,5.0,1.0,5.0,1.0,1.72,1.06,-1.06,40.4,19.33408473580522,-10.045012283682246,38.04873273766483,44.2147218001728,33.67173621517858
ST,2025-06-19,83.6,-1.97,5.88,"Ohtani, Shohei",660271,686701,field_out,hit_into_play,,,,,8.0,Shohei Ohtani flies out to right fielder Fernando Tatis Jr.,R,L,R,LAD,SD,X,9.0,fly_ball,1,1,2025,0.46,0.42,-0.11,2.17,,,,0,1,Bot,153.02,108.54,,,,,3.4063977821997944,-121.82251726014192,-3.0209232582522625,3.9582422826177304,22.023266781489305,-27.64668795550189,3.56,1.61,237.0,87.8,50.0,84.1,2761.0,6.3,777442,455117,650333,630105,592518,593428,657757,669369,665487,54.15,0.008,0.008,0.0,1.0,0.0,0.0,3.0,4,3,Sweeper,0,0,0,0,0,0,0,0,Infield shade,Standard,58.0,-0.021,-0.251,79.6,8.6,0.013,0.251,88.0,0,0,0.547,0.547,25,30,25,31,1,0,5.0,1.0,5.0,1.0,2.81,-0.46,0.46,45.9,22.18498155480893,-16.569679804338406,38.919903675211145,41.35236626677044,37.6280808103603
SL,2025-06-19,89.5,2.69,5.75,"Ohtani, Shohei",660271,670970,field_out,hit_into_play,,,,,7.0,"Shohei Ohtani grounds out softly, pitcher Adrian Morejon to first baseman Luis Arraez.",R,L,L,LAD,SD,X,1.0,ground_ball,0,1,2025,-0.24,0.19,-0.49,1.59,669242.0,,808975.0,2,5,Bot,131.53,190.29,,,,,-7.33823295702488,-130.23726516303003,-4.729021915263395,-1.3933202341353328,23.44817818568797,-29.347415615277946,3.56,1.61,1.0,49.2,-66.0,90.0,3001.0,6.3,777442,455117,650333,630105,592518,593428,657757,669369,665487,54.24,0.228,0.224,0.0,1.0,0.0,0.0,1.0,38,2,Slider,0,2,0,2,2,0,0,2,Infield shade,Standard,267.0,-0.058,-0.242,36.2,7.1,0.228,0.242,88.0,-2,-2,0.279,0.279,26,30,26,31,1,2,2.0,1.0,2.0,1.0,2.63,-0.24,-0.24,39.0,6.82279629571792,28.815768277137675,34.34899155519962,48.504486441538944,11.576613002647298
FF,2025-06-18,93.7,-2.7,5.21,"Ohtani, Shohei",660271,663568,grounded_into_double_play,hit_into_play,,,,,4.0,"Shohei Ohtani grounds into a double play, third baseman Manny Machado to shortstop Xander Bogaerts to first baseman Luis Arraez. Dalton Rushing out at 2nd. Shohei Ohtani out at 1st.",R,L,R,LAD,SD,X,5.0,ground_ball,1,2,2025,-0.4,0.96,-0.62,2.28,,,687221.0,1,5,Bot,110.82,150.52,,,,,6.225410982243784,-136.44174253040904,-4.011406520315696,-6.233053472403276,27.436537927207844,-19.48597141521207,3.57,1.63,61.0,97.0,1.0,94.0,2298.0,6.2,777457,553869,650333,630105,592518,593428,657757,669369,665487,54.25,0.468,0.432,0.0,1.0,0.0,0.0,4.0,37,5,4-Seam Fastball,3,1,3,1,1,3,3,1,Infield shade,Standard,233.0,-0.029,-0.241,66.0,7.8,0.518,0.241,97.0,2,2,0.808,0.808,28,30,28,31,3,2,5.0,1.0,5.0,1.0,1.62,0.4,-0.4,34.0,-0.9586684550945216,15.489083298790325,32.756520926610875,45.691926356583366,9.757673938858527
FF,2025-06-18,93.5,-2.71,5.34,"Ohtani, Shohei",660271,663568,field_out,hit_into_play,,,,,3.0,Shohei Ohtani flies out sharply to center fielder Bryce Johnson.,R,L,R,LAD,SD,X,8.0,fly_ball,1,1,2025,-0.69,1.2,0.37,3.27,,,,2,3,Bot,132.79,41.33,,,,,9.418278353132164,-135.78228051459547,-2.1800813651930255,-10.641945356569822,30.57000702930058,-17.02062456332489,3.57,1.63,390.0,101.6,30.0,93.1,2205.0,6.2,777457,553869,650333,630105,592518,593428,657757,669369,665487,54.3,0.6014727272727275,1.1996545454545455,0.0,1.0,0.0,0.0,6.0,22,3,4-Seam Fastball,0,1,0,1,1,0,0,1,Infield shade,Standard,228.0,-0.012,-0.244,76.3,7.1,2.353218181818182,0.244,101.6,-1,-1,0.389,0.389,28,30,28,31,2,1,5.0,1.0,5.0,1.0,1.42,0.69,-0.69,36.1,10.465947536993763,9.689793758430053,29.929632556707745,34.25616248666543,24.605335420441733
FC,2025-06-18,90.0,-2.91,5.09,"Ohtani, Shohei",660271,663568,field_out,hit_into_play,,,,,8.0,Shohei Ohtani flies out sharply to center fielder Bryce Johnson.,R,L,R,LAD,SD,X,8.0,fly_ball,2,1,2025,-0.12,0.63,0.25,2.16,,,,0,1,Bot,85.44,58.6,,,,,8.096634710017126,-131.0235196499008,-2.7682178698623754,-2.859988187127584,22.96284983559418,-24.46062136571772,3.57,1.63,361.0,108.3,42.0,90.7,2405.0,6.3,777457,553869,650333,630105,592518,593428,657757,669369,665487,54.2,0.392,0.813,0.0,1.0,0.0,0.0,6.0,5,4,Cutter,0,0,0,0,0,0,0,0,Infield shade,Standard,226.0,-0.025,-0.305,81.2,8.2,1.56,0.305,108.3,0,0,0.551,0.551,28,30,28,31,1,0,5.0,1.0,5.0,1.0,2.14,0.12,-0.12,31.4,15.776386817487264,-0.1369603952282846,42.65756035116621,36.48021403130956,25.595482911193063
FF,2025-06-16,98.3,-1.38,6.1,"Ohtani, Shohei",660271,656302,single,hit_into_play,,,,,12.0,Shohei Ohtani singles on a line drive to right fielder Fernando Tatis Jr. Andy Pages scores. Tommy Edman to 3rd.,R,L,R,LAD,SD,X,9.0,line_drive,0,1,2025,-0.29,1.35,0.58,4.0,,681624.0,669242.0,2,4,Bot,161.29,94.97,,,,,5.9664997280998895,-143.14064819299674,-3.3974233871431676,-5.290035123852105,32.71902852417506,-12.97449180659688,3.57,1.65,274.0,87.9,25.0,98.2,2563.0,6.2,777490,455117,650333,630105,592518,593428,657757,642180,665487,54.32,0.111,0.126,0.9,1.0,1.0,0.0,3.0,36,2,4-Seam Fastball,4,2,4,2,2,5,5,2,Infield shade,Standard,193.0,0.083,0.588,73.0,7.0,0.201,-0.588,88.0,2,2,0.777,0.777,29,30,30,31,3,2,6.0,1.0,5.0,1.0,1.0,0.29,-0.29,50.5,16.56904692311996,3.9148400128603047,26.64675037934773,32.71283826731725,23.874222579832317
SL,2025-06-16,91.5,-1.66,5.87,"Ohtani, Shohei",660271,656302,double,hit_into_play,,,,,7.0,Shohei Ohtani doubles (12) on a sharp line drive to center fielder Tyler Wade. Andy Pages scores.,R,L,R,LAD,SD,X,8.0,line_drive,1,0,2025,0.02,0.2,-0.32,1.9,681624.0,,,2,3,Bot,87.22,53.05,,,,,3.3303853939508854,-133.26165463138224,-4.621518828583805,-0.3972471857091438,27.19915356253005,-29.022600692791308,3.57,1.65,337.0,105.2,17.0,91.9,2825.0,6.3,777490,455117,650333,630105,592518,593428,657757,642180,665487,54.15,0.504,0.59,1.25,1.0,1.0,1.0,5.0,22,2,Slider,0,1,0,1,1,1,1,1,Infield shade,Standard,114.0,0.115,0.785,76.0,7.9,0.89,-0.785,105.2,-1,-1,0.423,0.423,29,30,30,31,2,1,6.0,1.0,5.0,1.0,2.51,-0.02,0.02,41.9,8.677541886747692,9.222902446753611,39.41020418486466,43.05502024373419,22.358090700848106
CU,2025-06-15,75.4,2.24,6.4,"Ohtani, Shohei",660271,664192,single,hit_into_play,,,,,2.0,Shohei Ohtani singles on a sharp line drive to left fielder Heliot Ramos.,R,L,L,LAD,SF,X,7.0,line_drive,0,0,2025,-0.18,-0.52,0.07,3.12,,,,0,5,Bot,79.18,74.34,,,,,-4.153702468348992,-109.81495433613622,1.1069362339248423,-0.788882504580921,17.109960213144483,-36.7671775054294,3.6,1.68,247.0,101.2,13.0,75.0,2156.0,5.6,777498,682515,642086,666149,683766,642715,671218,808982,573262,54.86,0.929,0.921,0.9,1.0,1.0,0.0,4.0,45,1,Curveball,2,3,2,3,3,2,2,3,Strategic,Standard,347.0,0.056,0.438,73.3,7.1,1.184,-0.438,101.2,-1,-1,0.415,0.415,32,30,32,31,1,2,,1.0,3.0,1.0,4.48,-0.18,-0.18,55.9,2.7776644067769176,14.81969900862069,29.68083502455655,42.242291554047895,17.902700981088152
SI,2025-06-15,97.3,2.17,6.12,"Ohtani, Shohei",660271,669062,single,hit_into_play,,,,,6.0,Shohei Ohtani singles on a ground ball to first baseman Dominic Smith.,R,L,L,LAD,SF,X,3.0,ground_ball,1,1,2025,1.48,0.41,0.75,2.92,,,,0,7,Bot,143.6,171.37,,,,,-7.270613324779889,-141.5685379569952,-4.041138169594814,21.5692281650705,30.440978343061037,-25.91038910419916,3.6,1.68,2.0,74.0,-60.0,98.2,2383.0,6.7,777498,682515,642086,666149,683766,642715,671218,808982,573262,53.83,0.268,0.259,0.9,1.0,1.0,0.0,2.0,61,3,Sinker,5,3,5,3,3,5,5,3,Strategic,Standard,128.0,0.016,0.447,72.1,6.9,0.28,-0.447,88.0,2,2,0.886,0.886,27,30,27,31,1,3,3.0,1.0,2.0,1.0,1.98,1.48,1.48,31.6,9.599791518661831,20.14726214760423,30.006678900065044,34.87994034070296,16.567045842673974
SI,2025-06-15,94.1,-1.44,6.25,"Ohtani, Shohei",660271,663546,single,hit_into_play,,,,,1.0,Shohei Ohtani singles on a sharp ground ball to right fielder Mike Yastrzemski.,R,L,R,LAD,SF,X,9.0,ground_ball,0,0,2025,-1.05,0.49,-0.45,3.22,,,,0,1,Bot,170.23,83.02,,,,,4.9446461232900365,-137.0477747004578,-3.3602331627869444,-14.322077329837043,27.050611181502283,-25.41827472744224,3.6,1.68,50.0,104.8,-1.0,95.3,2260.0,6.7,777498,682515,642086,683766,669477,642715,671218,808982,573262,53.81,0.496,0.468,0.9,1.0,1.0,0.0,4.0,4,1,Sinker,0,0,0,0,0,0,0,0,Infield shade,Standard,217.0,0.035,0.438,76.3,7.7,0.553,-0.438,104.8,0,0,0.548,0.548,28,30,28,31,1,0,3.0,1.0,3.0,1.0,2.05,1.05,-1.05,30.4,15.663231155490116,8.680350001190886,30.449522213990093,45.76312500683203,20.50266108930764
SL,2025-06-14,91.1,-2.54,5.85,"Ohtani, Shohei",660271,663941,force_out,hit_into_play,,,,,9.0,"Shohei Ohtani grounds into a force out, second baseman Tyler Fitzgerald to shortstop Christian Koss. Michael Conforto out at 2nd. Shohei Ohtani to 1st.",R,L,R,LAD,SF,X,4.0,ground_ball,0,1,2025,0.19,0.53,0.75,2.1,,,624424.0,1,7,Bot,153.19,155.36,,,,,7.882338590247404,-132.51255551474517,-4.754845373224077,0.8038060471878613,24.688251787700754,-25.144852150942967,3.6,1.67,4.0,100.3,-29.0,92.1,2370.0,6.6,777506,668800,642086,666149,669477,683766,669288,808982,666464,53.9,0.078,0.075,0.0,1.0,0.0,0.0,2.0,61,2,Slider,10,0,10,0,0,10,10,0,Infield shade,Standard,185.0,0.0,-0.278,72.5,7.2,0.078,0.278,100.3,10,10,0.999,0.999,29,30,29,31,2,4,3.0,1.0,24.0,1.0,2.19,-0.19,0.19,43.6,2.062073260002536,17.131672014938786,42.11240967587344,30.37879396345803,19.862685085062907
CU,2025-06-14,77.7,-2.07,5.89,"Ohtani, Shohei",660271,663941,home_run,hit_into_play,,,,,11.0,Shohei Ohtani homers (25) on a fly ball to right center field.,R,L,R,LAD,SF,X,,fly_ball,3,2,2025,0.74,-1.23,-0.97,2.89,,,,0,6,Bot,175.06,51.67,,,,,1.0180777554369076,-113.1175399584732,2.7890101468379336,6.191002950804361,20.861626478258252,-43.42975665125879,3.6,1.67,384.0,101.2,26.0,78.7,2282.0,7.0,777506,668800,642086,666149,669477,642715,671218,808982,666464,53.53,0.5155714285714285,0.9708809523809524,2.0,1.0,0.0,3.0,6.0,49,6,Curveball,7,0,7,0,0,8,8,0,Infield shade,Standard,28.0,0.003,1.029,70.9,8.4,1.8674047619047616,-1.029,101.2,7,7,0.993,0.993,29,30,29,31,1,3,3.0,1.0,24.0,1.0,5.0,-0.74,0.74,52.9,18.534985401480643,1.9928028226474863,29.653530443602353,50.62904688303135,23.776326795595036
FC,2025-06-14,90.7,-2.34,5.26,"Ohtani, Shohei",660271,694738,home_run,hit_into_play,,,,,5.0,Shohei Ohtani homers (24) on a fly ball to right center field.,R,L,R,LAD,SF,X,,fly_ball,2,1,2025,-0.26,0.75,0.19,2.88,,,,0,1,Bot,177.7,37.32,,,,,6.90014011171171,-132.01544251965544,-1.6938538059790726,-4.344267305977711,24.41694833135117,-23.20486849830635,3.6,1.67,419.0,110.3,27.0,91.3,2303.0,6.4,777506,668800,642086,666149,669477,642715,671218,808982,666464,54.14,0.97175,1.963,2.0,1.0,0.0,3.0,6.0,4,4,Cutter,0,0,0,0,0,1,1,0,Infield shade,Standard,223.0,0.094,1.068,80.7,7.9,3.8838999999999992,-1.068,110.3,0,0,0.551,0.551,26,30,27,31,1,0,6.0,1.0,7.0,1.0,1.99,0.26,-0.26,22.1,16.877785360423903,0.0555385097346823,34.518093759083904,38.26715611880938,26.22381313334543
CH,2025-06-13,85.8,-2.18,4.8,"Ohtani, Shohei",660271,657277,field_out,hit_into_play,,,,,8.0,"Shohei Ohtani grounds out, shortstop Willy Adames to first baseman Dominic Smith.",R,L,R,LAD,SF,X,6.0,ground_ball,0,0,2025,-0.67,-0.42,-0.19,1.66,,,,1,3,Bot,127.63,149.83,,,,,6.113050978703179,-125.00917249990874,-0.4151874829312295,-8.200222246563937,22.05259604320464,-36.742967000778606,3.58,1.67,129.0,83.7,11.0,86.8,1476.0,6.6,777522,668800,642086,666149,669477,642715,671218,808982,573262,53.9,0.552,0.497,0.0,1.0,0.0,0.0,4.0,27,1,Changeup,1,5,1,5,5,1,1,5,Infield shade,Standard,279.0,-0.013,-0.254,79.6,8.1,0.587,0.254,88.0,-4,-4,0.144,0.144,28,30,29,31,2,1,6.0,2.0,6.0,1.0,3.48,0.67,-0.67,21.0,16.472648802918705,-2.117921037246388,43.55764111601992,41.77847857876439,30.87455207428559
SI,2025-06-13,83.1,-3.86,1.21,"Ohtani, Shohei",660271,643511,field_out,hit_into_play,,,,,7.0,"Shohei Ohtani grounds out, second baseman Tyler Fitzgerald to first baseman Dominic Smith.",R,L,R,LAD,SF,X,4.0,ground_ball,2,1,2025,-0.26,-1.18,-0.55,1.98,,,,2,8,Bot,146.98,154.76,,,,,7.982439255849789,-120.15883275258558,10.517461008267407,-4.081544428388196,23.91496861982732,-46.03857981951209,3.58,1.67,4.0,87.5,-28.0,82.0,1993.0,6.0,777522,668800,642086,666149,669477,642715,671218,808982,573262,54.51,0.053,0.054,0.0,1.0,0.0,0.0,2.0,65,4,Sinker,2,6,2,6,6,2,2,6,Strategic,Standard,321.0,-0.005,-0.296,76.0,7.6,0.063,0.296,88.0,-4,-4,0.02,0.02,34,30,35,31,1,3,2.0,2.0,2.0,1.0,4.53,0.26,-0.26,-64.3,-0.4779133180335916,18.764183707544085,35.53192515507434,44.59935893872,13.741975214656357
ST,2025-06-11,83.3,-1.82,5.83,"Ohtani, Shohei",660271,681190,field_out,hit_into_play,,,,,5.0,Shohei Ohtani flies out to left fielder Gavin Sheets.,R,L,R,SD,LAD,X,7.0,fly_ball,0,0,2025,0.64,0.88,-0.14,2.6,,,808975.0,0,3,Top,61.31,87.27,,,,,2.5843504673656623,-121.18859877939104,-2.6034612050226777,5.716967044162921,26.837063352413587,-23.229090986608476,3.59,1.67,320.0,97.9,43.0,82.5,2897.0,6.1,777543,455117,650333,630105,592518,578428,657757,701538,665487,54.4,0.058,0.108,0.0,1.0,0.0,0.0,3.0,20,1,Sweeper,1,0,0,1,0,1,0,1,Infield shade,Standard,85.0,0.04,-0.242,76.7,7.7,0.197,0.242,97.9,1,-1,0.569,0.431,26,30,27,31,2,1,5.0,1.0,6.0,2.0,2.44,-0.64,0.64,32.6,9.5897587563883,15.512749846608587,36.85358119137941,41.475863094458674,21.75768518691065
SI,2025-06-11,97.9,2.39,5.94,"Ohtani, Shohei",660271,670970,field_out,hit_into_play,,,,,6.0,"Shohei Ohtani grounds out, shortstop Jose Iglesias to first baseman Luis Arraez.",R,L,L,SD,LAD,X,6.0,ground_ball,3,2,2025,1.49,0.86,0.73,2.76,,,,2,5,Top,114.95,145.43,,,,,-7.910685464481213,-142.10733132308224,-4.944055602612268,22.023185564435344,38.97410533185247,-19.59853727712757,3.59,1.67,76.0,90.3,4.0,97.1,2504.0,6.4,777543,455117,650333,630105,592518,578428,657757,701538,665487,54.09,0.451,0.427,0.0,1.0,0.0,0.0,4.0,35,6,Sinker,1,1,1,1,1,1,1,1,Infield shade,Standard,148.0,0.017,-0.328,73.5,7.3,0.521,0.328,90.3,0,0,0.55,0.4499999999999999,26,30,26,31,1,2,2.0,1.0,3.0,2.0,1.57,1.49,1.49,45.1,10.09291341783795,7.779649678894214,38.47790183716817,33.493742428232736,19.540254383286157
SL,2025-06-11,87.7,0.68,6.06,"Ohtani, Shohei",660271,593974,triple,hit_into_play,,,,,5.0,Shohei Ohtani triples (5) on a sharp line drive to right fielder Fernando Tatis Jr.,R,L,L,SD,LAD,X,9.0,line_drive,0,0,2025,-0.32,0.35,-0.22,2.31,,,,1,9,Top,157.79,57.67,,,,,-1.5050644618674436,-127.64344339924116,-3.5898288962271443,-3.1138370073951496,28.14322228050939,-27.84743030081331,3.59,1.67,359.0,106.2,18.0,86.5,2232.0,5.7,777543,553869,650333,630105,592518,642180,657757,701538,665487,54.84,0.411,0.6296875,1.6,1.0,1.0,2.0,6.0,70,1,Slider,2,4,4,2,4,2,4,2,Infield shade,Standard,163.0,-0.029,1.074,72.8,8.3,1.1223124999999998,-1.074,106.2,-2,2,0.084,0.916,33,30,34,31,1,4,2.0,1.0,2.0,2.0,2.63,-0.32,-0.32,49.6,17.197605458370834,-3.711941789943052,34.1999729484087,44.372746906108794,26.93456818231738
KC,2025-06-10,84.3,-1.19,6.24,"Ohtani, Shohei",660271,656302,single,hit_into_play,,,,,8.0,Shohei Ohtani singles on a sharp ground ball to right fielder Fernando Tatis Jr.,R,L,R,SD,LAD,X,9.0,ground_ball,0,0,2025,0.31,-1.36,-0.04,1.96,,,,1,5,Top,178.51,123.12,,,,,2.034959184304369,-122.64059959303307,-0.7544606396329547,2.5852662426414827,28.85790670447803,-45.810498680871135,3.59,1.67,69.0,101.1,3.0,83.5,2741.0,6.2,777560,455117,650333,630105,592518,593428,642180,701538,665487,54.3,0.499,0.449,0.9,1.0,1.0,0.0,4.0,38,1,Knuckle Curve,4,0,0,4,0,4,0,4,Infield shade,Standard,21.0,-0.02,0.414,77.2,8.3,0.534,-0.414,101.1,4,-4,0.914,0.0859999999999999,29,30,30,31,3,2,5.0,1.0,6.0,1.0,4.62,-0.31,0.31,54.8,15.354242783105812,-0.6721017693409413,38.93510233003834,40.788531520785114,29.841265689926843
SL,2025-06-10,90.3,-1.89,6.05,"Ohtani, Shohei",660271,656302,force_out,hit_into_play,,,,,8.0,"Shohei Ohtani grounds into a force out, second baseman Jake Cronenworth to shortstop Xander Bogaerts. Dalton Rushing out at 2nd. Shohei Ohtani to 1st.",R,L,R,SD,LAD,X,4.0,ground_ball,0,0,2025,-0.06,0.12,-0.13,1.8,,,687221.0,1,3,Top,152.52,154.05,,,,,4.514935497160765,-131.34671961504267,-4.865199139859991,-1.7256063168645075,29.808393827969113,-29.888412389844103,3.59,1.67,30.0,86.6,-1.0,90.2,2715.0,6.4,777560,455117,650333,630105,592518,593428,642180,701538,665487,54.06,0.241,0.234,0.0,1.0,0.0,0.0,2.0,17,1,Slider,0,0,0,0,0,0,0,0,Infield shade,Standard,136.0,0.033,-0.318,78.5,8.1,0.279,0.318,88.0,0,0,0.497,0.503,29,30,30,31,2,1,5.0,1.0,6.0,1.0,2.69,0.06,-0.06,44.8,14.21886755310772,4.340675631975785,39.605337320275225,41.131572846941886,28.33746974046543
ST,2025-06-09,82.7,2.07,6.03,"Ohtani, Shohei",660271,673513,field_out,hit_into_play,,,,,8.0,Shohei Ohtani grounds out to first baseman Luis Arraez.,R,L,L,SD,LAD,X,3.0,ground_ball,1,1,2025,-1.08,-0.08,-0.11,2.04,,808975.0,,2,5,Top,158.4,168.4,,,,,-2.8577234233843596,-120.46477208502802,-2.393829774631831,-9.807278134370694,25.359088160628417,-32.65001833934935,3.61,1.69,16.0,65.6,-6.0,81.6,2883.0,5.7,777579,553869,650333,630105,592518,593428,642180,701538,665487,54.82,0.078,0.071,0.0,1.0,0.0,0.0,2.0,49,3,Sweeper,6,6,6,6,6,6,6,6,Infield shade,Standard,313.0,0.044,-0.263,64.3,8.7,0.099,0.263,88.0,0,0,0.523,0.477,29,30,30,31,1,3,1.0,1.0,2.0,1.0,3.43,-1.08,-1.08,53.4,21.231684115912152,-23.091290325852395,36.730356706366834,43.121587456094126,40.977997269017614
SL,2025-06-09,87.4,0.44,6.11,"Ohtani, Shohei",660271,593974,force_out,hit_into_play,,,,,7.0,"Shohei Ohtani grounds into a force out, shortstop Xander Bogaerts to third baseman Manny Machado. Tommy Edman out at 2nd. Shohei Ohtani to 1st.",R,L,L,SD,LAD,X,6.0,ground_ball,3,2,2025,-0.22,0.33,-0.43,2.23,,,669242.0,1,10,Top,135.6,146.62,,,,,-1.6473636219166303,-127.21205310351884,-3.8284849120618776,-2.0338740713159633,26.581829924687632,-28.065838090112255,3.61,1.69,37.0,75.6,0.0,86.4,2307.0,5.7,777579,553869,650333,630105,592518,593428,663604,701538,665487,54.83,0.129,0.122,0.0,1.0,0.0,0.0,2.0,84,6,Slider,6,8,8,6,8,6,8,6,Infield shade,Standard,153.0,0.026,-0.383,83.8,8.4,0.149,0.383,88.0,-2,2,0.167,0.833,33,30,34,31,1,5,1.0,1.0,2.0,1.0,2.66,-0.22,-0.22,46.7,22.07256984348018,-8.38018967763523,32.40499015672199,48.8587196951307,30.617333999533468
SL,2025-06-09,88.1,2.66,5.68,"Ohtani, Shohei",660271,670970,field_error,hit_into_play,,,,,8.0,Shohei Ohtani reaches on a throwing error by pitcher Adrian Morejon. Shohei Ohtani to 2nd.,R,L,L,SD,LAD,X,1.0,ground_ball,2,2,2025,-0.64,-0.24,-0.22,2.17,,,,2,8,Top,124.79,174.23,,,,,-5.65330151640702,-128.0841557859855,-1.8111962145083096,-5.642021504990604,30.259171150239805,-34.64302894902269,3.61,1.69,5.0,64.4,-25.0,87.6,2872.0,6.4,777579,553869,650333,630105,592518,593428,663604,701538,665487,54.13,0.041,0.046,0.9,1.0,0.0,0.0,2.0,68,5,Slider,6,6,6,6,6,6,6,6,Infield shade,Standard,281.0,-0.057,0.405,67.0,8.5,0.041,-0.405,88.0,0,0,0.585,0.415,26,30,26,31,1,4,2.0,1.0,2.0,1.0,3.22,-0.64,-0.64,37.6,19.043491386011382,-12.394808297743497,36.916966866170824,46.130717782734536,36.56710487705706
FF,2025-06-09,94.5,-0.9,6.8,"Ohtani, Shohei",660271,601713,double,hit_into_play,,,,,2.0,Shohei Ohtani doubles (11) on a sharp line drive to right fielder Fernando Tatis Jr.,R,L,R,SD,LAD,X,9.0,line_drive,3,2,2025,-0.21,1.51,-0.25,3.44,,,,0,1,Top,169.95,68.75,,,,,2.205730148562795,-137.4525492282467,-6.466180547984795,-3.1540302154899686,32.740744060313844,-11.86229530279607,3.61,1.69,341.0,111.2,17.0,95.2,2275.0,6.9,777579,553869,650333,630105,592518,593428,642180,701538,665487,53.62,0.6130625000000001,0.97475,1.25,1.0,1.0,1.0,6.0,1,6,4-Seam Fastball,0,0,0,0,0,0,0,0,Infield shade,Standard,190.0,-0.054,0.631,74.7,7.8,1.7780624999999997,-0.631,111.2,0,0,0.495,0.505,32,30,32,31,1,0,5.0,1.0,6.0,1.0,1.06,0.21,-0.21,56.8,16.228078891340722,-0.8233946229253061,24.60857775134865,42.90871597237977,24.698396976891154
FF,2025-06-08,93.1,-2.27,5.77,"Ohtani, Shohei",660271,700241,field_out,hit_into_play,,,,,5.0,Shohei Ohtani flies out to left fielder Lars Nootbaar.,R,L,R,STL,LAD,X,7.0,fly_ball,3,2,2025,-0.76,1.2,-0.06,2.99,,669242.0,,2,4,Top,102.38,115.2,,,,,7.428492354121973,-135.40870497878265,-4.035370774617459,-11.016797805049857,30.754845045000508,-16.716504660022075,3.6,1.68,220.0,97.7,61.0,94.2,2307.0,7.1,777582,686780,575929,680977,571448,691026,663457,676480,676475,53.43,0.01,0.009,0.0,1.0,0.0,0.0,3.0,30,6,4-Seam Fastball,0,4,4,0,4,0,4,0,Strategic,Standard,219.0,0.015,-0.277,75.5,8.1,0.01,0.277,97.7,-4,4,0.129,0.871,24,30,25,31,3,2,35.0,1.0,11.0,1.0,1.44,0.76,-0.76,35.9,20.751144245086248,-0.4074763910821309,33.83476964478279,39.8861837161571,26.96615678582257
ST,2025-06-08,83.9,-2.66,5.72,"Ohtani, Shohei",660271,700241,field_out,hit_into_play,,,,,8.0,Shohei Ohtani grounds out to first baseman Willson Contreras.,R,L,R,STL,LAD,X,3.0,ground_ball,2,1,2025,1.17,0.04,-0.03,2.18,808975.0,,,1,2,Top,157.11,169.42,,,,,3.813362481429364,-122.17798111858528,-1.8739502072732983,11.000262524370008,24.189676519751934,-31.623225646560424,3.6,1.68,10.0,79.7,-12.0,84.7,2515.0,6.8,777582,686780,575929,680977,571448,691026,663457,676480,676475,53.74,0.081,0.075,0.0,1.0,0.0,0.0,2.0,14,4,Sweeper,0,3,3,0,3,0,3,0,Strategic,Standard,52.0,0.039,-0.297,76.7,8.0,0.101,0.297,88.0,-3,3,0.189,0.8109999999999999,24,30,25,31,2,1,35.0,1.0,11.0,1.0,3.2,-1.17,1.17,28.3,17.22398180961606,-5.720254945561542,39.31145447108458,40.37260980265316,32.79046934005835
SI,2025-06-08,93.3,1.96,5.52,"Ohtani, Shohei",660271,667463,field_out,hit_into_play,,,,,2.0,"Shohei Ohtani grounds out, shortstop Masyn Winn to first baseman Willson Contreras.",R,L,L,STL,LAD,X,6.0,ground_ball,0,0,2025,1.05,0.08,0.25,3.16,,,,1,7,Top,114.54,151.68,,,,,-6.657750294564162,-135.826156473581,-0.5049319489533056,14.413361612687677,29.577468278240108,-31.28312759206615,3.6,1.68,15.0,82.9,-10.0,93.1,2185.0,6.1,777582,686780,575929,680977,571448,691026,663457,676480,676475,54.4,0.132,0.125,0.0,1.0,0.0,0.0,2.0,54,1,Sinker,2,4,4,2,4,2,4,2,Infield shade,Standard,130.0,0.011,-0.254,75.9,7.3,0.164,0.254,88.0,-2,2,0.201,0.7989999999999999,30,30,31,31,1,3,3.0,1.0,2.0,1.0,2.53,1.05,1.05,25.0,0.0943374144392804,16.4649388574383,29.830713136465263,40.122283597083154,15.9003991223706
SI,2025-06-08,94.4,-2.58,5.89,"Ohtani, Shohei",660271,700241,double,hit_into_play,,,,,4.0,Shohei Ohtani doubles (10) on a sharp line drive to center fielder José Barrero.,R,L,R,STL,LAD,X,8.0,line_drive,0,0,2025,-1.36,0.28,-0.69,2.79,,,,0,1,Top,95.51,56.24,,,,,7.966374851297811,-137.29899298486123,-3.002076858155046,-18.95328606602513,30.306342110982307,-28.18350553219863,3.6,1.68,361.0,106.5,19.0,94.7,2315.0,6.5,777582,686780,575929,680977,571448,691026,663457,676480,676475,54.03,0.5295757575757576,0.8630606060606062,1.25,1.0,1.0,1.0,6.0,1,1,Sinker,0,0,0,0,0,0,0,0,Infield shade,Standard,230.0,-0.059,0.716,75.6,7.9,1.5833939393939394,-0.716,106.5,0,0,0.5,0.5,24,30,25,31,1,0,35.0,1.0,11.0,1.0,2.28,1.36,-1.36,29.6,13.579165273223406,8.100016640863512,31.593544577397104,46.82475397518721,20.779220804610652
FC,2025-06-07,91.1,-1.25,5.85,"Ohtani, Shohei",660271,607200,field_out,hit_into_play,,,,,14.0,Shohei Ohtani lines out to center fielder Victor Scott II.,R,L,R,STL,LAD,X,8.0,line_drive,2,2,2025,0.19,0.86,0.94,2.26,,808975.0,,0,5,Top,125.3,74.17,,,,,5.161895257933745,-132.62900310116393,-5.03151191465793,1.1093196069974285,27.83870514737102,-21.186950825998046,3.59,1.68,311.0,89.2,26.0,92.1,2275.0,6.8,777601,686780,575929,680977,669357,691026,663457,687363,676475,53.66,0.106,0.145,0.0,1.0,0.0,0.0,3.0,36,6,Cutter,0,0,0,0,0,0,0,0,Strategic,Standard,200.0,0.049,-0.237,74.9,7.5,0.229,0.237,89.2,0,0,0.424,0.5760000000000001,32,30,32,31,3,2,6.0,1.0,6.0,1.0,1.88,-0.19,0.19,37.7,10.961210980019828,2.4009780600740696,45.57356291037042,28.743814310502444,26.085960999023968
CH,2025-06-07,84.0,2.04,5.61,"Ohtani, Shohei",660271,571927,field_out,hit_into_play,,,,,12.0,Shohei Ohtani pops out to shortstop Masyn Winn.,R,L,L,STL,LAD,X,6.0,popup,0,1,2025,1.45,0.35,0.94,3.04,,,808975.0,0,7,Top,116.34,140.53,,,,,-5.450680929326818,-122.27578381416484,-0.2588388741797566,15.61139655861427,24.10841150123099,-28.782598905375604,3.59,1.68,144.0,85.3,62.0,84.6,2495.0,6.6,777601,686780,575929,680977,669357,691026,663457,687363,676475,53.87,0.018,0.019,0.0,1.0,0.0,0.0,3.0,53,2,Changeup,0,0,0,0,0,0,0,0,Infield shade,Standard,97.0,0.048,-0.199,84.9,8.1,0.024,0.199,88.0,0,0,0.449,0.5509999999999999,34,30,34,31,1,3,1.0,1.0,6.0,1.0,2.87,1.45,1.45,32.0,24.628778237169374,-8.951190458344055,36.3155867368249,30.067014207869608,31.811729587048532
FF,2025-06-07,99.7,0.01,6.17,"Ohtani, Shohei",660271,664854,single,hit_into_play,,,,,11.0,Shohei Ohtani singles on a ground ball to second baseman Brendan Donovan.,R,L,R,STL,LAD,X,4.0,ground_ball,1,0,2025,-0.12,1.09,-0.84,2.73,,,,1,9,Top,119.39,142.56,,,,,-2.0442688975073953,-145.1817832057267,-6.7112920722600045,-1.2509216819481046,31.39187435258195,-15.477807411077428,3.59,1.68,7.0,83.3,-20.0,100.4,2337.0,6.5,777601,686780,575929,680977,669357,691026,663457,687363,676475,54.04,0.068,0.067,0.9,1.0,1.0,0.0,2.0,71,2,4-Seam Fastball,1,0,0,1,0,1,0,1,Infield shade,Strategic,197.0,-0.075,0.375,68.4,7.8,0.084,-0.375,88.0,1,-1,0.9,0.0999999999999999,30,30,31,31,1,4,2.0,1.0,2.0,1.0,1.19,0.12,-0.12,63.7,9.516377301421402,18.16255751580795,27.915920491188427,51.4617232003407,13.69887305084536
FC,2025-06-07,91.4,-1.18,5.82,"Ohtani, Shohei",660271,607200,field_out,hit_into_play,,,,,9.0,"Shohei Ohtani grounds out sharply, second baseman Brendan Donovan to first baseman Willson Contreras.",R,L,R,STL,LAD,X,4.0,ground_ball,3,2,2025,0.12,1.05,0.46,2.13,,,,0,1,Top,151.53,146.01,,,,,3.909429103760324,-133.05573763899528,-5.756587857159509,0.5788718144109081,28.11752883020997,-18.68228571272256,3.59,1.68,31.0,100.2,-2.0,92.2,2217.0,6.7,777601,686780,575929,680977,669357,691026,663457,687363,676475,53.78,0.357,0.343,0.0,1.0,0.0,0.0,2.0,1,6,Cutter,0,0,0,0,0,0,0,0,Infield shade,Standard,206.0,0.027,-0.345,79.1,8.0,0.375,0.345,100.2,0,0,0.495,0.505,32,30,32,31,1,0,6.0,1.0,6.0,1.0,1.67,-0.12,0.12,37.5,15.524033180729155,5.989136052324011,41.095983823500646,36.68854670960597,23.89798699716907
CH,2025-06-06,87.5,-0.86,5.41,"Ohtani, Shohei",660271,543243,field_out,hit_into_play,,,,,13.0,"Shohei Ohtani grounds out, shortstop Masyn Winn to first baseman Willson Contreras.",R,L,R,STL,LAD,X,6.0,ground_ball,0,0,2025,-1.44,0.6,-0.53,1.43,,,,1,5,Top,121.41,156.75,,,,,3.796650429376628,-127.23527770669568,-4.660059322398351,-16.408496121112115,28.743779386512912,-24.86929568432561,3.59,1.68,2.0,70.5,-41.0,87.5,1803.0,6.6,777620,686780,575929,680977,571448,691026,663457,687363,668723,53.93,0.144,0.138,0.0,1.0,0.0,0.0,2.0,35,1,Changeup,2,0,0,2,0,2,0,2,Infield shade,Standard,217.0,0.02,-0.254,80.5,8.6,0.154,0.254,88.0,2,-2,0.78,0.2199999999999999,35,30,36,31,3,2,6.0,1.0,6.0,1.0,2.41,1.44,-1.44,44.8,15.447680571006538,-5.348078575410145,44.182928452139315,46.11573533242374,34.31765878926453
SI,2025-06-06,92.7,-0.68,5.56,"Ohtani, Shohei",660271,543243,single,hit_into_play,,,,,6.0,Shohei Ohtani singles on a sharp line drive to right fielder Ryan Vilade.,R,L,R,STL,LAD,X,9.0,line_drive,1,2,2025,-0.88,0.58,0.55,2.95,,,,0,3,Top,178.28,115.21,,,,,5.099279632859653,-134.86691876774802,-2.088443712458519,-11.896256200017056,32.068291788050935,-24.850071783958164,3.59,1.68,161.0,113.4,8.0,92.6,2327.0,6.5,777620,686780,575929,680977,571448,691026,663457,687363,668723,54.02,0.759,0.752,0.9,1.0,1.0,0.0,5.0,19,4,Sinker,2,0,0,2,0,2,0,2,Infield shade,Standard,207.0,-0.048,0.508,79.7,7.4,0.985,-0.508,113.4,2,-2,0.718,0.282,35,30,36,31,2,1,6.0,1.0,6.0,1.0,2.09,0.88,-0.88,46.2,13.83546941150479,1.5969874996625686,35.08495614121166,33.80283465535379,30.470333503697223
FC,2025-06-06,90.1,-0.82,5.69,"Ohtani, Shohei",660271,543243,field_out,hit_into_play,,,,,6.0,"Shohei Ohtani grounds out, second baseman Brendan Donovan to first baseman Willson Contreras.",R,L,R,STL,LAD,X,4.0,ground_ball,0,1,2025,0.32,0.59,0.79,2.72,,,,0,1,Top,144.72,153.2,,,,,3.338750311009536,-131.25034618243754,-2.740969982018621,3.021427962923168,26.04199668706519,-24.94713020158988,3.59,1.68,84.0,101.8,4.0,90.6,2617.0,6.4,777620,686780,575929,680977,571448,691026,663457,687363,668723,54.13,0.554,0.505,0.0,1.0,0.0,0.0,4.0,1,2,Cutter,0,0,0,0,0,0,0,0,Infield shade,Standard,174.0,0.019,-0.22,78.2,7.3,0.618,0.22,101.8,0,0,0.503,0.497,35,30,36,31,1,0,6.0,1.0,6.0,1.0,2.19,-0.32,0.32,46.8,11.212762884441934,7.714133068567079,39.56027570931234,29.902846933604717,24.481131427891626
SI,2025-06-06,94.1,1.88,5.39,"Ohtani, Shohei",660271,668941,grounded_into_double_play,hit_into_play,,,,,6.0,"Shohei Ohtani grounds into a double play, second baseman Brendan Donovan to shortstop Masyn Winn to first baseman Willson Contreras. Tommy Edman out at 2nd. Shohei Ohtani out at 1st.",R,L,L,STL,LAD,X,4.0,ground_ball,1,0,2025,1.41,0.27,0.4,2.72,,,669242.0,1,7,Top,146.75,151.68,,,,,-6.854349431088743,-136.8496324780395,-1.764537203507547,19.22870467008883,31.440814993476582,-28.64547818071758,3.59,1.68,9.0,100.0,-16.0,92.5,2201.0,5.5,777620,686780,575929,680977,571448,691026,663457,687363,668723,55.03,0.162,0.156,0.0,1.0,0.0,0.0,2.0,54,2,Sinker,4,0,0,4,0,4,0,4,Infield shade,Standard,126.0,0.035,-0.353,75.4,7.4,0.162,0.353,100.0,4,-4,0.936,0.0639999999999999,28,30,29,31,1,3,1.0,1.0,8.0,1.0,2.32,1.41,1.41,27.6,11.207626973740629,7.202625188576079,32.67116679225804,37.06420563024787,25.430369597630527
SI,2025-06-05,92.5,2.32,6.1,"Ohtani, Shohei",660271,656849,single,hit_into_play,,,,,14.0,Shohei Ohtani singles on a sharp ground ball to right fielder Juan Soto.,R,L,L,LAD,NYM,X,9.0,ground_ball,0,0,2025,1.05,0.7,0.84,1.92,,,,1,5,Bot,178.33,120.2,,,,,-6.15229170399901,-134.46753732030834,-6.4536117603672265,14.058996683326487,29.67670681593288,-22.423978484607247,3.56,1.63,9.0,102.0,-11.0,93.8,2004.0,7.1,777631,682626,624413,643446,683146,682668,607043,621438,665742,53.36,0.296,0.278,0.9,1.0,1.0,0.0,2.0,47,1,Sinker,3,4,3,4,4,3,3,4,Infield shade,Standard,146.0,0.038,0.414,73.9,7.7,0.331,-0.414,102.0,-1,-1,0.382,0.382,29,30,30,31,3,2,6.0,1.0,6.0,1.0,1.97,1.05,1.05,40.1,9.240943613455276,7.251824215233319,43.85415860243675,31.621778913471697,26.844648164840365
SI,2025-06-05,91.3,2.38,6.01,"Ohtani, Shohei",660271,656849,single,hit_into_play,,,,,14.0,Shohei Ohtani singles on a ground ball to center fielder Tyrone Taylor. Miguel Rojas to 3rd.,R,L,L,LAD,NYM,X,8.0,ground_ball,1,0,2025,1.17,0.53,1.28,2.07,,,500743.0,1,3,Bot,137.25,128.82,,,,,-5.369316806566003,-132.73820465996215,-5.190083393208319,15.015041145620614,30.455279341604214,-24.924293253149543,3.56,1.63,6.0,86.9,-19.0,92.2,2070.0,7.1,777631,682626,624413,643446,683146,682668,607043,621438,665742,53.44,0.076,0.073,0.9,1.0,1.0,0.0,2.0,27,2,Sinker,0,4,0,4,4,0,0,4,Infield shade,Standard,150.0,0.05,0.371,70.9,7.0,0.089,-0.371,88.0,-4,-4,0.17,0.17,29,30,30,31,2,1,6.0,1.0,6.0,1.0,2.22,1.17,1.17,40.1,-7.114417803987949,16.842031405734954,46.081255287279205,25.502900809721805,16.84467988098224
FF,2025-06-04,94.4,-1.05,5.74,"Ohtani, Shohei",660271,656288,single,hit_into_play,,,,,3.0,Shohei Ohtani singles on a sharp line drive to right fielder Juan Soto.,R,L,R,LAD,NYM,X,9.0,line_drive,0,0,2025,-0.67,1.29,0.63,3.64,,,,2,3,Bot,181.47,114.27,,,,,5.83225710111509,-137.4958751601516,-2.704433781828591,-9.785606883066457,27.969056358270407,-15.37062113029122,3.54,1.6,197.0,106.9,13.0,94.3,2174.0,6.0,777638,620443,624413,683146,677595,596019,607043,643446,665742,54.52,0.81,0.823,0.9,1.0,1.0,0.0,5.0,24,1,4-Seam Fastball,0,3,0,3,3,0,0,3,Infield shade,Standard,216.0,0.012,0.325,77.5,7.0,1.104,-0.325,106.9,-3,-3,0.196,0.196,29,30,29,31,2,1,7.0,1.0,6.0,1.0,1.25,0.67,-0.67,46.6,14.573976416194045,3.2339861923786923,28.44785023261072,32.10963485110557,28.93111184101478
SL,2025-06-04,83.5,3.42,5.87,"Ohtani, Shohei",660271,620454,single,hit_into_play,,,,,5.0,Shohei Ohtani singles on a sharp ground ball to right fielder Juan Soto.,R,L,L,LAD,NYM,X,9.0,ground_ball,3,2,2025,-0.43,-0.34,0.18,2.93,,,,0,8,Bot,173.08,126.34,,,,,-6.602585220268519,-121.60057748754514,0.2912455555231079,-3.0819542953462427,22.195888794407622,-35.81651132982702,3.54,1.6,26.0,105.6,-5.0,83.7,2572.0,6.2,777638,620443,624413,682668,683146,596019,607043,621438,665742,54.27,0.375,0.359,0.9,1.0,1.0,0.0,2.0,62,6,Slider,0,6,0,6,6,0,0,6,Infield shade,Standard,301.0,0.008,0.353,78.7,7.7,0.399,-0.353,105.6,-6,-6,0.011,0.011,29,30,29,31,1,3,2.0,1.0,3.0,1.0,3.58,-0.43,-0.43,35.5,13.9106731470683,-1.3231846511359375,32.303480986631904,39.62593298395421,30.124160263332943
CH,2025-06-04,91.1,-1.32,5.73,"Ohtani, Shohei",660271,656288,field_out,hit_into_play,,,,,4.0,Shohei Ohtani flies out sharply to center fielder Jeff McNeil.,R,L,R,LAD,NYM,X,8.0,fly_ball,2,1,2025,-1.3,0.43,-0.49,2.76,,,,0,1,Bot,122.17,65.58,,,,,4.787064405676517,-132.6717593368348,-2.533982437600465,-16.337268248653594,26.27908732299338,-26.730631036851623,3.54,1.6,331.0,104.4,47.0,90.1,1565.0,5.5,777638,620443,624413,683146,677595,596019,607043,643446,665742,55.03,0.058,0.097,0.0,1.0,0.0,0.0,3.0,7,4,Changeup,0,3,0,3,3,0,0,3,Infield shade,Standard,241.0,-0.025,-0.305,73.5,8.2,0.188,0.305,104.4,-3,-3,0.271,0.271,29,30,29,31,1,0,7.0,1.0,6.0,1.0,2.29,1.3,-1.3,40.0,20.869445005541984,0.5507293525602105,36.18096306047056,45.13862869295009,27.61984309942325
FF,2025-06-03,96.1,-2.72,5.74,"Ohtani, Shohei",660271,656731,field_out,hit_into_play,,,,,1.0,Shohei Ohtani flies out to left fielder Brandon Nimmo.,R,L,R,LAD,NYM,X,7.0,fly_ball,2,2,2025,-0.37,1.18,-0.42,3.31,,,,2,2,Bot,46.45,121.44,,,,,7.031583903275657,-139.80357466999212,-3.5827112745868757,-6.331714934015661,30.293955387732343,-16.126244974246163,3.55,1.59,275.0,93.0,50.0,97.9,2256.0,7.2,777657,682626,624413,643446,677595,596019,607043,621438,665742,53.26,0.01,0.012,0.0,1.0,0.0,0.0,3.0,19,5,4-Seam Fastball,4,1,4,1,1,4,4,1,Infield shade,Standard,213.0,-0.005,-0.224,73.7,7.4,0.018,0.224,93.0,3,3,0.799,0.799,29,30,30,31,2,1,7.0,1.0,5.0,1.0,1.29,0.37,-0.37,37.4,10.555663314725305,12.675144054114211,29.17567898114608,42.77991767613139,16.543584053334236
CH,2025-06-02,86.3,-2.35,5.76,"Ohtani, Shohei",660271,621112,field_out,hit_into_play,,,,,11.0,"Shohei Ohtani grounds out, second baseman Jeff McNeil to first baseman Pete Alonso.",R,L,R,LAD,NYM,X,4.0,ground_ball,3,1,2025,-0.99,0.11,-0.91,2.72,,669242.0,808975.0,2,5,Bot,160.3,157.48,,,,,5.430809294410608,-125.66021438484496,-1.3098817504232354,-11.52248412231054,22.26198665184594,-30.907266922125157,3.54,1.59,8.0,84.7,-19.0,86.8,1709.0,6.3,777675,682626,624413,643446,683146,596019,607043,621438,665742,54.24,0.073,0.069,0.0,1.0,0.0,0.0,2.0,41,5,Changeup,0,2,0,2,2,0,0,2,Infield shade,Standard,223.0,-0.08,-0.392,80.1,8.6,0.086,0.392,88.0,-2,-2,0.301,0.301,31,30,32,31,3,2,,1.0,6.0,1.0,2.91,0.99,-0.99,40.3,16.909801684360335,-4.171247361896898,31.52383585380666,49.9974168977243,25.62276612861106
FF,2025-06-02,99.9,-1.94,4.65,"Ohtani, Shohei",660271,621242,sac_fly,hit_into_play,,,,,9.0,Shohei Ohtani out on a sacrifice fly to left fielder Brandon Nimmo. Tommy Edman scores.,R,L,R,LAD,NYM,X,7.0,fly_ball,1,1,2025,-1.15,1.08,0.49,1.78,669242.0,,808975.0,1,9,Bot,33.61,100.39,,,,,9.611822141660548,-145.1588937516675,-5.158470774584488,-18.429818347871507,33.28813525410194,-15.801605184062296,3.54,1.59,333.0,101.8,37.0,102.0,2380.0,7.5,777675,682626,624413,682668,683146,596019,607043,621438,665742,53.02,0.4235,0.8455,0.0,1.0,0.0,0.0,5.0,72,3,4-Seam Fastball,1,2,1,2,2,2,2,2,Strategic,Standard,234.0,0.111,-0.108,75.2,7.7,1.6645,0.108,101.8,-1,-1,0.452,0.452,31,30,31,31,1,4,1.0,1.0,4.0,1.0,1.2,1.15,-1.15,18.0,5.424765017139314,9.481005863647404,45.9732751235871,33.21215449609884,22.72966635764822
CU,2025-06-02,80.8,-2.43,5.89,"Ohtani, Shohei",660271,668820,home_run,hit_into_play,,,,,8.0,Shohei Ohtani homers (23) on a fly ball to right field.,R,L,R,LAD,NYM,X,,fly_ball,0,0,2025,0.64,-0.34,0.15,2.16,,,,2,7,Bot,226.14,58.27,,,,,4.567500706169015,-117.65037319367612,-0.9830097118582256,4.999817312858853,23.741188066132352,-35.337576332981605,3.54,1.59,414.0,114.0,37.0,81.4,2400.0,6.8,777675,682626,624413,643446,683146,596019,607043,621438,665742,53.7,0.923,1.88,2.0,1.0,0.0,3.0,6.0,57,1,Curveball,0,2,0,2,2,1,1,2,Infield shade,Standard,61.0,0.125,2.596,82.2,8.6,3.703,-2.596,114.0,-2,-2,0.154,0.154,27,30,28,31,1,3,8.0,1.0,11.0,1.0,3.84,-0.64,0.64,48.2,25.67492522998472,-8.514055407574272,44.30375400095052,37.36778080433479,37.78120132373667
SI,2025-06-01,86.5,3.16,4.88,"Ohtani, Shohei",660271,642232,field_out,hit_into_play,,,,,12.0,"Shohei Ohtani grounds out, third baseman Oswald Peraza to first baseman Paul Goldschmidt.",R,L,L,LAD,NYY,X,5.0,ground_ball,1,1,2025,1.37,0.32,1.42,2.75,,,,0,6,Bot,113.73,155.85,,,,,-6.902189588615246,-125.87837434588263,0.4392615654806883,15.920166120817974,23.223439010105956,-29.074733528414775,3.54,1.58,120.0,67.0,13.0,86.5,1859.0,6.1,777682,669224,502671,518934,672724,683011,641355,663757,592450,54.41,0.271,0.244,0.0,1.0,0.0,0.0,2.0,52,3,Sinker,1,6,1,6,6,1,1,6,Infield shade,Standard,105.0,-0.012,-0.251,73.8,6.5,0.283,0.251,88.0,-5,-5,0.056,0.056,33,30,34,31,3,2,6.0,1.0,6.0,1.0,2.71,1.37,1.37,9.2,-0.0191412535573036,18.444598047819714,39.306640756354945,24.92973059055026,20.341142460846157
FC,2025-06-01,82.4,3.41,4.62,"Ohtani, Shohei",660271,642232,field_out,hit_into_play,,,,,5.0,Shohei Ohtani flies out sharply to center fielder Trent Grisham.,R,L,L,LAD,NYY,X,8.0,fly_ball,2,1,2025,-0.52,0.38,0.17,2.55,,,,2,3,Bot,112.55,80.28,,,,,-6.327571681103568,-119.83581501854192,1.0750435952470674,-3.7411491183140417,23.34012288506959,-28.969345146874073,3.54,1.58,298.0,101.6,48.0,82.1,2219.0,6.1,777682,669224,502671,518934,672724,683011,691176,663757,592450,54.39,0.025,0.035,0.0,1.0,0.0,0.0,3.0,28,4,Cutter,1,4,1,4,4,1,1,4,Infield shade,Standard,167.0,-0.011,-0.296,79.8,8.1,0.067,0.296,101.6,-3,-3,0.197,0.197,33,30,34,31,2,1,6.0,1.0,6.0,1.0,2.98,-0.52,-0.52,6.9,17.51140268013107,-3.080044581762509,36.68021006443137,40.14236980032271,30.89043298564805
CH,2025-06-01,84.5,-2.5,5.12,"Ohtani, Shohei",660271,642207,field_out,hit_into_play,,,,,4.0,"Shohei Ohtani grounds out, second baseman DJ LeMahieu to first baseman Paul Goldschmidt.",R,L,R,LAD,NYY,X,4.0,ground_ball,0,0,2025,-1.76,-0.34,-0.4,2.31,,,,1,8,Bot,157.44,154.76,,,,,8.527054207615734,-122.73043233754876,0.5806421323822424,-19.495530373953716,25.98859274797655,-36.0031245098212,3.54,1.58,64.0,89.5,4.0,85.3,2745.0,7.1,777682,669224,502671,518934,672724,683011,641355,663757,592450,53.41,0.423,0.385,0.0,1.0,0.0,0.0,4.0,68,1,Changeup,3,6,3,6,6,3,3,6,Infield shade,Standard,280.0,-0.017,-0.254,81.3,8.4,0.469,0.254,89.5,-3,-3,0.06,0.06,30,30,31,31,1,3,1.0,1.0,2.0,1.0,3.57,1.76,-1.76,16.9,17.490123945898894,-6.813637951035329,37.14507059011034,43.99893115497949,29.919392817348086
FS,2025-05-31,87.4,-1.1,5.8,"Ohtani, Shohei",660271,643410,single,hit_into_play,,,,,13.0,Shohei Ohtani singles on a ground ball to right fielder Cody Bellinger. Hyeseong Kim to 3rd.,R,L,R,LAD,NYY,X,9.0,ground_ball,0,2,2025,-0.32,0.13,-0.35,1.19,,,808975.0,0,5,Bot,181.21,123.28,,,,,2.4944690740267315,-127.39089858181202,-5.3306216485018325,-3.966463191998338,23.546695478584233,-29.9824775183666,3.55,1.6,4.0,88.5,-17.0,88.6,682.0,6.7,777698,669224,502671,518934,678391,683011,691176,663757,641355,53.77,0.116,0.114,0.9,1.0,1.0,0.0,2.0,47,3,Split-Finger,10,1,10,1,1,10,10,1,Infield shade,Standard,238.0,0.001,0.565,69.0,8.5,0.133,-0.565,88.5,9,9,0.997,0.997,34,30,34,31,1,3,3.0,1.0,3.0,1.0,2.82,0.32,-0.32,49.0,10.112713691082568,-3.6011632761359964,42.818130787707574,43.159554831699765,24.750358126467777
ST,2025-05-31,84.2,-2.71,5.38,"Ohtani, Shohei",660271,701542,single,hit_into_play,,,,,8.0,Shohei Ohtani singles on a sharp ground ball to right fielder Cody Bellinger.,R,L,R,LAD,NYY,X,9.0,ground_ball,1,0,2025,1.51,0.05,0.08,2.06,,,,0,1,Bot,189.68,118.41,,,,,3.4791789042052477,-122.69272645009912,-1.4160085267981644,14.525479668494665,24.917045245993897,-31.61852830074313,3.55,1.6,32.0,102.3,-2.0,84.1,3099.0,6.2,777698,669224,502671,518934,678391,683011,691176,663757,641355,54.31,0.375,0.356,0.9,1.0,1.0,0.0,2.0,4,2,Sweeper,0,0,0,0,0,0,0,0,Infield shade,Standard,64.0,0.032,0.396,82.3,8.5,0.391,-0.396,102.3,0,0,0.551,0.551,26,30,26,31,1,0,6.0,1.0,6.0,1.0,3.16,-1.51,1.51,24.4,19.508253808102747,0.1359160388556906,40.733611854829505,39.73366026896667,28.21295725723883
FC,2025-05-30,92.5,1.78,5.86,"Ohtani, Shohei",660271,608331,home_run,hit_into_play,,,,,2.0,Shohei Ohtani homers (22) on a fly ball to right center field.,R,L,L,LAD,NYY,X,,fly_ball,3,1,2025,-0.08,0.69,0.01,3.14,,,,0,6,Bot,195.94,60.61,,,,,-4.371203101651483,-134.72927291736238,-2.695036975575203,-0.0941528838217146,26.236165709373125,-23.422178570541003,3.55,1.6,377.0,112.5,42.0,93.5,2267.0,6.6,777708,669224,502671,678391,672724,683011,641355,663757,592450,53.91,0.594,1.211,2.0,1.0,0.0,3.0,6.0,46,5,Cutter,2,5,2,5,5,3,3,5,Infield shade,Standard,165.0,0.078,0.935,80.6,8.2,2.383,-0.935,112.5,-3,-3,0.182,0.182,31,30,31,31,3,2,6.0,2.0,6.0,1.0,1.95,-0.08,-0.08,44.0,22.194896575845835,-4.203383085733525,31.157172097960935,42.43144250044257,31.121631014405537
FF,2025-05-30,94.7,1.25,6.37,"Ohtani, Shohei",660271,687396,field_out,hit_into_play,,,,,2.0,Shohei Ohtani pops out to third baseman Pablo Reyes.,R,L,L,LAD,NYY,X,5.0,popup,2,1,2025,0.73,1.64,0.16,2.95,,,,2,8,Bot,98.4,139.62,,,,,-4.524886103697499,-137.72489646003388,-7.033696923508923,10.259858001996378,28.95283918011814,-9.884805893834391,3.55,1.6,168.0,102.8,64.0,96.1,2461.0,7.0,777708,669224,502671,518934,622569,683011,641355,663757,592450,53.51,0.01,0.009,0.0,1.0,0.0,0.0,3.0,73,4,4-Seam Fastball,8,5,8,5,5,8,8,5,Infield shade,Standard,146.0,-0.001,-0.296,79.8,8.2,0.011,0.296,102.8,3,3,0.967,0.967,27,30,28,31,1,4,7.0,2.0,1.0,1.0,0.89,0.73,0.73,43.0,18.84035566120938,-5.725771398875986,33.51258051866647,41.602380417180086,27.5772975901232
SL,2025-05-30,85.1,4.12,3.11,"Ohtani, Shohei",660271,657612,field_out,hit_into_play,,,,,4.0,Shohei Ohtani flies out to shortstop Anthony Volpe.,R,L,L,LAD,NYY,X,6.0,fly_ball,0,1,2025,0.41,0.2,-0.41,2.78,,,,0,7,Bot,110.38,107.13,,,,,-11.453593577340772,-123.37079731687427,5.171426027635145,6.268453646006269,22.4871420173168,-31.367715903068422,3.55,1.6,235.0,73.9,41.0,85.5,2096.0,6.6,777708,669224,502671,678391,672724,683011,641355,663757,592450,53.94,0.23,0.234,0.0,1.0,0.0,0.0,3.0,59,2,Slider,6,5,6,5,5,6,6,5,Infield shade,Standard,104.0,-0.016,-0.22,70.4,8.4,0.296,0.22,88.0,1,1,0.786,0.786,35,30,35,31,1,3,2.0,2.0,2.0,1.0,2.95,0.41,0.41,-21.3,20.069825464442104,-10.137411091908342,29.80290354778276,48.48196438501549,29.389667686415756
SI,2025-05-30,93.7,1.56,6.12,"Ohtani, Shohei",660271,608331,home_run,hit_into_play,,,,,3.0,Shohei Ohtani homers (21) on a fly ball to center field.,R,L,L,LAD,NYY,X,,fly_ball,0,0,2025,0.73,0.33,0.31,2.96,,,,0,1,Bot,97.42,32.81,,,,,-4.8436862525343445,-136.48781268031047,-3.2799627240372593,10.100318036957876,26.20732573219727,-27.49550606293169,3.55,1.6,417.0,105.5,31.0,94.6,2202.0,6.5,777708,669224,502671,678391,672724,683011,641355,663757,592450,54.03,0.774891891891892,1.5606756756756754,2.0,1.0,0.0,3.0,6.0,7,1,Sinker,0,1,0,1,1,1,1,1,Infield shade,Standard,151.0,0.1,1.114,76.0,7.6,3.0791621621621617,-1.114,105.5,-1,-1,0.448,0.448,31,30,31,31,1,0,6.0,2.0,6.0,1.0,2.23,0.73,0.73,49.8,11.639750135655744,7.314587495654079,32.45400519121282,38.996249721876325,24.27848005213125
CH,2025-05-28,81.5,2.06,5.49,"Ohtani, Shohei",660271,663465,field_out,hit_into_play,,,,,9.0,"Shohei Ohtani grounds out, second baseman Daniel Schneemann to first baseman Carlos Santana.",R,L,L,CLE,LAD,X,4.0,ground_ball,0,2,2025,1.17,0.46,0.65,1.51,,,,2,3,Top,137.24,145.59,,,,,-5.378880963541848,-118.6194947128573,-3.253040083325895,12.0554009800432,21.24176209309015,-27.45706454876516,3.57,1.61,27.0,76.5,-1.0,81.3,1567.0,6.0,777739,595978,467793,682177,669717,672356,680757,682657,678877,54.51,0.122,0.117,0.0,1.0,0.0,0.0,2.0,20,4,Changeup,1,0,0,1,0,1,0,1,Infield shade,Standard,130.0,0.008,-0.16,75.7,8.7,0.141,0.16,88.0,1,-1,0.661,0.3389999999999999,27,30,28,31,2,1,9.0,1.0,6.0,2.0,2.96,1.17,1.17,43.1,24.35100935203428,-17.921307282753517,48.35623592066229,36.515466419610654,37.214682326872534
FS,2025-05-28,87.0,-2.85,5.81,"Ohtani, Shohei",660271,671922,field_out,hit_into_play,,,,,4.0,Shohei Ohtani flies out to left fielder Nolan Jones.,R,L,R,CLE,LAD,X,7.0,fly_ball,2,1,2025,-0.6,-0.18,-0.69,2.33,,,,2,5,Top,76.03,110.38,,,,,6.511171796198035,-126.54179358856186,-1.8273392807475035,-7.751816299529235,25.006838912269643,-33.9030610636408,3.57,1.61,328.0,92.4,33.0,88.6,805.0,7.2,777739,595978,467793,682177,669717,672356,666134,682657,678877,53.29,0.081,0.134,0.0,1.0,0.0,0.0,3.0,36,4,Split-Finger,1,2,2,1,2,1,2,1,Infield shade,Standard,264.0,0.012,-0.296,70.0,7.9,0.237,0.296,92.4,-1,1,0.403,0.597,26,30,26,31,1,2,4.0,1.0,2.0,2.0,3.18,0.6,-0.6,33.6,10.22086113851282,11.559810874492609,34.01275099211996,50.49101660186061,16.621738059471745
FC,2025-05-27,83.9,-2.57,6.04,"Ohtani, Shohei",660271,676440,home_run,hit_into_play,,,,,4.0,Shohei Ohtani homers (20) on a fly ball to left field. Tommy Edman scores.,R,L,R,CLE,LAD,X,,fly_ball,0,0,2025,0.91,0.46,-0.42,2.59,,,669242.0,2,4,Top,36.27,82.6,,,,,3.2116053324097833,-122.31471755455148,-2.5711364816828626,8.610351329124887,22.43571946001519,-27.235173162541148,3.57,1.63,362.0,104.5,39.0,84.9,2609.0,6.7,777753,666310,467793,682177,608070,672356,680757,682657,666134,53.81,0.4329999999999999,0.870153846153846,2.0,1.0,0.0,3.0,6.0,30,1,Cutter,0,2,2,0,4,0,4,0,Infield shade,Strategic,63.0,-0.153,2.225,75.3,7.6,1.7096153846153848,-2.225,104.5,-2,2,0.292,0.708,26,30,26,31,3,2,5.0,1.0,7.0,1.0,2.75,-0.91,0.91,46.3,14.272098125691992,12.66261415414983,33.99375661455417,44.199111044733606,18.300703590568872
CH,2025-05-26,77.8,0.44,5.94,"Ohtani, Shohei",660271,676282,field_out,hit_into_play,,,,,12.0,Shohei Ohtani pops out to catcher Bo Naylor in foul territory.,R,L,L,CLE,LAD,X,2.0,popup,1,1,2025,0.91,1.25,0.55,3.79,,,,1,8,Top,134.29,216.59,,,,,-1.4645467840867,-113.30427737635016,-0.0308615434781931,8.14076650905784,20.01252827764726,-21.566921571846663,3.57,1.63,36.0,77.8,84.0,79.5,1557.0,7.3,777769,666310,700932,669717,608070,672356,680757,682657,682177,53.18,0.005,0.005,0.0,1.0,0.0,0.0,3.0,66,3,Changeup,2,6,6,2,6,2,6,2,Infield shade,Standard,136.0,0.002,-0.244,66.3,7.8,0.005,0.244,88.0,-4,4,0.04,0.96,25,30,26,31,1,4,2.0,1.0,38.0,1.0,2.5,0.91,0.91,52.4,18.58737363917919,-9.250133529085652,29.333076329079127,36.702318996837874,29.09143373831874
FF,2025-05-26,96.5,-2.91,5.97,"Ohtani, Shohei",660271,668909,home_run,hit_into_play,,,,,14.0,Shohei Ohtani homers (19) on a fly ball to right field.,R,L,R,CLE,LAD,X,,fly_ball,0,0,2025,-0.83,1.24,0.86,2.29,,,,0,1,Top,227.33,83.18,,,,,11.887039945266451,-140.01766241408734,-7.042636456080897,-13.525764595064832,29.2877661168455,-14.388639019429409,3.57,1.63,378.0,115.0,28.0,96.4,2148.0,6.2,777769,666310,700932,669717,608070,672356,680757,682657,682177,54.28,0.999,2.018,2.0,1.0,0.0,3.0,6.0,1,1,4-Seam Fastball,0,0,0,0,1,0,1,0,Infield shade,Standard,249.0,-0.096,1.114,76.3,8.0,3.991,-1.114,115.0,0,0,0.5,0.5,25,30,26,31,1,0,5.0,1.0,6.0,1.0,1.21,0.83,-0.83,35.0,24.120398473434335,-2.960132506788878,41.99990970680871,30.936346953951087,33.75660710100623
FO,2025-05-25,83.9,-2.05,5.88,"Ohtani, Shohei",660271,673540,field_out,hit_into_play,,,,,4.0,Shohei Ohtani flies out to center fielder Tyrone Taylor.,R,L,R,NYM,LAD,X,8.0,fly_ball,2,2,2025,-0.74,0.32,-0.42,2.82,,,624424.0,1,5,Top,156.31,81.76,,,,,5.2482385099538575,-122.14382729604723,-1.367703829378855,-8.396606366899386,22.79080171710108,-28.8693409685444,3.56,1.6,301.0,99.8,45.0,84.3,957.0,6.4,777773,620443,624413,683146,668901,596019,643446,621438,665742,54.09,0.048,0.079,0.0,1.0,0.0,0.0,3.0,36,6,Forkball,3,1,1,3,1,3,1,3,Infield shade,Standard,256.0,0.033,-0.223,75.1,8.5,0.155,0.223,99.8,2,-2,0.751,0.249,32,30,32,31,3,2,6.0,1.0,6.0,1.0,2.9,0.74,-0.74,41.5,22.926050811710997,-4.559307284892596,34.9473155344994,45.25329498860563,29.467479792190417
CU,2025-05-25,80.4,-2.02,6.13,"Ohtani, Shohei",660271,668820,field_out,hit_into_play,,,,,14.0,Shohei Ohtani flies out to center fielder Tyrone Taylor.,R,L,R,NYM,LAD,X,8.0,fly_ball,1,1,2025,1.08,-0.64,1.06,2.24,,,,2,7,Top,136.78,104.16,,,,,4.8227181637989744,-116.99260234594948,-0.6459444721492327,8.804286382490485,24.396574820187105,-38.08259926375136,3.56,1.6,240.0,75.5,47.0,80.7,2566.0,6.7,777773,620443,624413,683146,668901,596019,643446,621438,665742,53.79,0.111,0.113,0.0,1.0,0.0,0.0,3.0,52,3,Curveball,3,1,1,3,1,3,1,3,Infield shade,Standard,49.0,0.013,-0.244,76.3,8.0,0.146,0.244,88.0,2,-2,0.874,0.126,27,30,28,31,1,3,2.0,1.0,8.0,1.0,4.19,-1.08,1.08,48.1,18.55387343594278,-5.665496336920314,45.779588267752416,27.313387087503788,30.782947561877094
FF,2025-05-25,94.8,-2.05,5.98,"Ohtani, Shohei",660271,673540,home_run,hit_into_play,,,,,8.0,Shohei Ohtani homers (18) on a fly ball to right center field.,R,L,R,NYM,LAD,X,,fly_ball,1,0,2025,-0.93,1.33,0.1,2.05,,,,0,1,Top,207.2,53.07,,,,,7.687166772064617,-137.64699315595274,-7.474620114572032,-13.615675951052328,34.25576063664074,-13.797185166968031,3.56,1.6,411.0,108.2,31.0,94.3,2290.0,6.4,777773,620443,624413,683146,668901,596019,643446,621438,665742,54.13,0.91940625,1.8544375,2.0,1.0,0.0,3.0,6.0,1,2,4-Seam Fastball,0,0,0,0,1,0,1,0,Infield shade,Standard,220.0,-0.092,1.073,82.0,8.4,3.667843749999999,-1.073,108.2,0,0,0.496,0.504,32,30,32,31,1,0,6.0,1.0,6.0,1.0,1.25,0.93,-0.93,40.3,20.407824098374697,-4.21482828588162,43.63419808196846,39.75105715359843,33.38765386176886
CH,2025-05-24,85.9,2.07,6.27,"Ohtani, Shohei",660271,656849,field_out,hit_into_play,,,,,12.0,Shohei Ohtani lines out to center fielder Tyrone Taylor.,R,L,L,NYM,LAD,X,8.0,line_drive,1,2,2025,1.22,0.48,1.06,2.61,,,,0,3,Top,118.18,83.76,,,,,-4.9471969954667445,-124.87073213812936,-3.285485219384991,13.783851047037327,29.79969788222264,-26.702201506535054,3.55,1.59,289.0,79.7,29.0,86.6,1542.0,7.2,777789,620443,624413,643446,683146,596019,516782,621438,665742,53.31,0.162,0.17,0.0,1.0,0.0,0.0,3.0,20,4,Changeup,1,2,2,1,2,1,2,1,Infield shade,Standard,129.0,0.016,-0.189,74.0,7.3,0.236,0.189,88.0,-1,1,0.394,0.606,29,30,30,31,2,1,6.0,1.0,6.0,1.0,2.67,1.22,1.22,45.7,10.21245427300008,4.000694791128805,41.25040864910725,28.800783473110883,26.082379076769698
SI,2025-05-23,96.6,0.73,5.99,"Ohtani, Shohei",660271,650893,single,hit_into_play,,,,,14.0,Shohei Ohtani singles on a sharp line drive to right fielder Juan Soto.,R,L,L,NYM,LAD,X,9.0,line_drive,2,1,2025,1.1,1.31,1.2,2.07,,,,1,9,Top,183.0,100.0,,,,,-1.2302908746366636,-140.55143715031178,-7.798022375719634,14.833457200886714,33.20603942842588,-13.25299904747462,3.54,1.6,209.0,104.0,14.0,95.8,2351.0,5.9,777808,682626,624413,682668,683146,596019,643446,621438,665742,54.58,0.77,0.797,0.9,1.0,1.0,0.0,4.0,66,4,Sinker,2,5,5,2,5,2,5,2,Infield shade,Standard,149.0,-0.004,0.37,,,1.062,-0.37,104.0,-3,3,0.038,0.962,28,30,29,31,1,4,5.0,2.0,7.0,1.0,1.14,1.1,1.1,50.2,,,,,
FC,2025-05-23,93.1,-1.99,5.68,"Ohtani, Shohei",660271,657585,field_out,hit_into_play,,,,,12.0,Shohei Ohtani flies out to right fielder Juan Soto. Tommy Edman to 3rd.,R,L,R,NYM,LAD,X,9.0,fly_ball,0,1,2025,0.27,0.72,1.35,2.68,,669242.0,,0,12,Top,207.2,121.08,,,,,7.912876232964627,-135.54819370774584,-3.5665047311142866,1.838242606280671,26.61129915823883,-22.665076057292836,3.54,1.6,276.0,88.0,47.0,92.9,2676.0,5.9,777808,682626,620443,682668,683146,596019,643446,621438,665742,54.58,0.003,0.002,0.0,1.0,0.0,0.0,3.0,92,2,Cutter,5,5,5,5,5,5,5,5,Infield shade,Standard,190.0,-0.003,-0.246,85.9,8.2,0.003,0.246,88.0,0,0,0.516,0.484,32,30,32,31,1,5,2.0,2.0,2.0,1.0,1.88,-0.27,0.27,36.7,24.20834001475936,-17.649649598932232,42.31912365885969,24.64371046144012,30.902123333422622
SI,2025-05-23,92.4,3.05,6.17,"Ohtani, Shohei",660271,620454,field_out,hit_into_play,,,,,3.0,"Shohei Ohtani grounds out, first baseman Pete Alonso to pitcher José Castillo.",R,L,L,NYM,LAD,X,3.0,ground_ball,0,0,2025,1.31,0.38,0.68,3.26,,,,1,6,Top,156.94,162.25,,,,,-8.870644249755424,-134.04989719622577,-2.2728655829457693,17.825917725563276,35.272230464642355,-27.285042490977656,3.54,1.6,9.0,63.5,-17.0,91.5,2007.0,6.4,777808,682626,624413,682668,683146,596019,643446,621438,665742,54.08,0.046,0.049,0.0,1.0,0.0,0.0,2.0,47,1,Sinker,2,5,5,2,5,2,5,2,Infield shade,Standard,147.0,0.009,-0.254,77.7,7.8,0.051,0.254,88.0,-3,3,0.148,0.852,29,30,29,31,1,3,4.0,2.0,3.0,1.0,2.35,1.31,1.31,46.9,18.16872964932966,2.884917558814944,32.37550656480671,33.78291027594828,25.451950465116376
SL,2025-05-23,88.9,-1.11,5.79,"Ohtani, Shohei",660271,656288,field_out,hit_into_play,,,,,9.0,"Shohei Ohtani grounds out softly, pitcher Griffin Canning to first baseman Pete Alonso.",R,L,R,NYM,LAD,X,1.0,ground_ball,2,2,2025,0.03,-0.36,0.5,1.52,,,,0,1,Top,134.74,185.69,,,,,3.85708094208123,-129.4708415401044,-3.6540314197292383,-0.440129550918773,27.139601990268304,-35.67978499017809,3.54,1.6,1.0,52.7,-55.0,88.5,2711.0,6.0,777808,682626,624413,682668,683146,596019,607043,621438,665742,54.51,0.261,0.252,0.0,1.0,0.0,0.0,1.0,1,6,Slider,0,0,0,0,0,0,0,0,Infield shade,Standard,43.0,0.02,-0.232,54.1,6.8,0.269,0.232,88.0,0,0,0.502,0.498,29,30,29,31,1,0,6.0,2.0,5.0,1.0,3.24,-0.03,0.03,43.4,-4.15848828660561,17.88867863206745,36.35235387076868,34.259676316118544,21.07381015461364
FC,2025-05-21,94.6,-0.59,5.83,"Ohtani, Shohei",660271,669203,field_out,hit_into_play,,,,,6.0,Shohei Ohtani flies out sharply to right fielder Corbin Carroll.,R,L,R,LAD,AZ,X,9.0,fly_ball,0,0,2025,0.12,1.15,0.66,2.67,,,500743.0,0,6,Bot,199.37,72.74,,,,,3.0061070564787338,-137.7421714449305,-5.117687042651152,0.8949713304973897,31.205256493436213,-16.6706135314539,3.53,1.58,354.0,100.3,40.0,94.7,2597.0,6.3,777824,672515,647304,606466,553993,672695,694374,677950,682998,54.15,0.2925,0.578,0.0,1.0,0.0,0.0,3.0,43,1,Cutter,0,1,0,1,1,0,0,1,Infield shade,Standard,198.0,-0.059,-0.242,80.7,8.2,1.15325,0.242,100.3,-1,-1,0.46,0.46,30,30,31,31,3,2,5.0,1.0,6.0,2.0,1.4,-0.12,0.12,38.0,24.706320079439337,-3.996761757093472,38.832600987716205,31.6078431938944,31.860228406257857
FC,2025-05-21,94.1,-0.64,5.79,"Ohtani, Shohei",660271,669203,field_out,hit_into_play,,,,,8.0,"Shohei Ohtani grounds out sharply, second baseman Ketel Marte to first baseman Josh Naylor.",R,L,R,LAD,AZ,X,4.0,ground_ball,2,2,2025,0.31,0.86,0.05,2.06,,,,0,4,Bot,155.8,152.01,,,,,1.1033891166403769,-137.06544213972273,-5.932465551845304,3.660313723871472,29.069816537358403,-20.239904673475507,3.53,1.58,75.0,109.0,3.0,94.5,2817.0,6.4,777824,672515,647304,606466,553993,672695,694374,677950,682998,54.14,0.595,0.547,0.0,1.0,0.0,0.0,4.0,25,6,Cutter,0,1,0,1,1,0,0,1,Infield shade,Standard,183.0,-0.027,-0.232,73.6,8.1,0.656,0.232,109.0,-1,-1,0.425,0.425,30,30,31,31,2,1,5.0,1.0,6.0,2.0,1.7,-0.31,0.31,44.9,10.58509714988511,1.8601479552103404,36.623161374744846,39.24995086313567,23.658936163981156
FF,2025-05-20,95.7,-1.09,5.94,"Ohtani, Shohei",660271,669194,field_out,hit_into_play,,,,,9.0,"Shohei Ohtani grounds out sharply, second baseman Ketel Marte to first baseman Josh Naylor.",R,L,R,LAD,AZ,X,4.0,ground_ball,2,2,2025,-0.36,1.63,0.73,1.67,,,,0,4,Bot,144.3,139.51,,,,,5.690537301448559,-139.08120250940786,-9.415319768220918,-5.991339129384258,30.86501161112197,-9.083185349113355,3.53,1.57,105.0,95.5,5.0,96.9,2199.0,7.0,777838,672515,647304,606466,691783,672695,666971,677950,682998,53.5,0.509,0.473,0.0,1.0,0.0,0.0,4.0,23,5,4-Seam Fastball,0,0,0,0,0,0,0,0,Infield shade,Standard,196.0,-0.024,-0.232,74.8,7.7,0.575,0.232,95.5,0,0,0.557,0.557,27,30,27,31,2,1,6.0,1.0,6.0,1.0,0.86,0.36,-0.36,52.0,6.624462120268797,11.931683897941552,45.662151847767,29.974348346202305,23.249481300795075
CH,2025-05-20,92.4,-1.86,5.67,"Ohtani, Shohei",660271,666661,field_out,hit_into_play,,,,,13.0,"Shohei Ohtani grounds out, second baseman Ketel Marte to first baseman Josh Naylor.",R,L,R,LAD,AZ,X,4.0,ground_ball,2,2,2025,-1.19,0.51,-1.05,1.74,,,,0,6,Bot,152.77,149.61,,,,,4.642967103044167,-134.5267656985454,-5.339980416002824,-15.476376563833613,27.67076625688777,-25.08987578400279,3.53,1.57,46.0,95.2,1.0,92.5,2020.0,6.2,777838,672515,647304,606466,691783,672695,666971,677950,682998,54.31,0.448,0.427,0.0,1.0,0.0,0.0,2.0,38,5,Changeup,1,0,1,0,0,1,1,0,Infield shade,Standard,241.0,-0.019,-0.232,64.3,8.2,0.508,0.232,95.2,1,1,0.738,0.738,26,30,26,31,1,2,1.0,1.0,3.0,1.0,2.15,1.19,-1.19,42.2,9.227589227958696,6.89999633082619,34.30649541030114,51.37014709929772,20.388149137869178
FF,2025-05-20,96.3,-1.42,5.94,"Ohtani, Shohei",660271,669194,field_out,hit_into_play,,,,,6.0,Shohei Ohtani flies out to left fielder Lourdes Gurriel Jr.,R,L,R,LAD,AZ,X,7.0,fly_ball,2,1,2025,-0.33,1.55,0.62,2.67,,,,0,1,Bot,65.12,91.82,,,,,6.1954335178681,-140.01497120323282,-6.699339839112351,-5.652578502359399,29.85328494616389,-10.391227419278374,3.53,1.57,306.0,89.4,32.0,97.4,2263.0,6.8,777838,672515,647304,606466,691783,672695,666971,677950,682998,53.69,0.023,0.03,0.0,1.0,0.0,0.0,3.0,4,4,4-Seam Fastball,0,0,0,0,0,0,0,0,Infield shade,Standard,197.0,-0.025,-0.305,75.8,7.1,0.053,0.305,89.4,0,0,0.551,0.551,27,30,27,31,1,0,6.0,1.0,6.0,1.0,0.9,0.33,-0.33,51.7,7.409637852136972,8.925958286313367,39.640262342537945,31.776159241621283,21.190872812070968
FF,2025-05-20,95.6,0.8,5.92,"Ohtani, Shohei",660271,656222,double,hit_into_play,,,,,1.0,Shohei Ohtani doubles (9) on a line drive to center fielder Tim Tawa.,R,L,L,LAD,AZ,X,8.0,line_drive,0,0,2025,0.59,1.27,-0.59,3.1,,,,1,8,Bot,79.69,57.09,,,,,-5.063400622541313,-139.15673609392513,-4.730925047869121,8.82782064692574,29.5823026360233,-14.722218838646643,3.53,1.57,333.0,99.3,20.0,96.5,1957.0,6.7,777838,672515,647304,606466,553993,672695,666971,694374,682998,53.81,0.311,0.361,1.25,1.0,1.0,1.0,5.0,58,1,4-Seam Fastball,1,0,1,0,0,1,1,0,Infield shade,Standard,152.0,0.027,0.642,72.8,7.7,0.565,-0.642,99.3,1,1,0.853,0.853,31,30,32,31,1,3,3.0,1.0,1.0,1.0,1.21,0.59,0.59,48.2,10.55265935495161,12.698407442158954,28.497866144234457,46.62118017402778,17.5525715680422
ST,2025-05-19,84.0,-2.08,5.47,"Ohtani, Shohei",660271,694297,home_run,hit_into_play,,,,,4.0,Shohei Ohtani homers (17) on a fly ball to left field.,R,L,R,LAD,AZ,X,,fly_ball,1,1,2025,1.06,0.33,-0.72,2.68,,,,1,6,Bot,42.21,65.36,,,,,1.0697238136806573,-122.4102627852317,-0.7602044635478475,10.520358909160688,22.921582298049564,-28.917391709240142,3.52,1.57,389.0,107.4,28.0,84.7,2829.0,6.5,777854,672515,647304,606466,553993,672695,666971,694374,682998,53.97,0.9049642857142858,1.825178571428572,2.0,1.0,0.0,3.0,6.0,49,3,Sweeper,1,7,1,7,7,2,2,7,Infield shade,Standard,72.0,0.02,1.593,73.9,7.8,3.606053571428571,-1.593,107.4,-6,-6,0.024,0.024,26,30,27,31,3,2,6.0,1.0,6.0,1.0,2.88,-1.06,1.06,25.3,9.920799430496734,6.194618166627487,32.17570359216606,46.583962114874645,17.023635096338083
CH,2025-05-19,88.1,-2.04,5.36,"Ohtani, Shohei",660271,694297,field_out,hit_into_play,,,,,7.0,Shohei Ohtani lines out to center fielder Tim Tawa.,R,L,R,LAD,AZ,X,8.0,line_drive,1,0,2025,-1.5,0.23,-0.82,2.17,,,,0,4,Bot,117.68,69.76,,,,,6.129338559203673,-128.27023504192053,-2.1731554784596243,-17.79985297159585,26.034347417419728,-29.389051814298732,3.52,1.57,322.0,98.3,16.0,88.9,2231.0,6.7,777854,672515,647304,606466,553993,672695,666971,694374,682998,53.76,0.603,0.622,0.0,1.0,0.0,0.0,4.0,33,2,Changeup,0,7,0,7,7,0,0,7,Infield shade,Standard,237.0,-0.008,-0.301,74.0,8.2,0.854,0.301,98.3,-7,-7,0.037,0.037,26,30,27,31,2,1,6.0,1.0,6.0,1.0,2.7,1.5,-1.5,22.8,12.467493556328918,3.389797327810115,34.70364496117167,48.02845744475311,22.02233249147152
FF,2025-05-19,94.1,-1.27,5.87,"Ohtani, Shohei",660271,543518,field_out,hit_into_play,,,,,2.0,"Shohei Ohtani grounds out, second baseman Ketel Marte to first baseman Josh Naylor.",R,L,R,LAD,AZ,X,4.0,ground_ball,2,2,2025,-0.56,1.33,0.18,3.28,,,,1,8,Bot,152.06,155.36,,,,,4.941415371676215,-136.8150551097258,-3.8636787281371263,-8.223875626039938,32.90375282771627,-14.866466259547426,3.52,1.57,89.0,98.6,5.0,92.7,2451.0,5.7,777854,672515,647304,606466,553993,672695,666971,677950,682998,54.82,0.552,0.501,0.0,1.0,0.0,0.0,4.0,66,5,4-Seam Fastball,3,9,3,9,9,3,3,9,Infield shade,Standard,207.0,-0.002,-0.228,72.1,7.0,0.605,0.228,98.6,-6,-6,0.006,0.006,35,30,36,31,1,3,3.0,1.0,4.0,1.0,1.27,0.56,-0.56,44.1,11.367970606641906,9.564878308030812,30.77388034285067,35.675170054929886,22.580536978642535
CH,2025-05-19,90.2,-1.9,5.46,"Ohtani, Shohei",660271,694297,field_out,hit_into_play,,,,,7.0,"Shohei Ohtani grounds out, second baseman Ketel Marte to first baseman Josh Naylor.",R,L,R,LAD,AZ,X,4.0,ground_ball,3,2,2025,-1.28,0.09,-0.63,1.83,,,,0,1,Bot,158.12,154.76,,,,,5.903508336574411,-131.2003634781084,-3.277110226484272,-16.009063130241515,27.80633764766233,-30.677286540269236,3.52,1.57,12.0,86.7,-8.0,90.6,2148.0,6.6,777854,672515,647304,606466,553993,672695,666971,694374,682998,53.94,0.127,0.123,0.0,1.0,0.0,0.0,2.0,7,6,Changeup,0,2,0,2,2,0,0,2,Infield shade,Standard,237.0,-0.029,-0.345,73.2,8.0,0.128,0.345,88.0,-2,-2,0.358,0.358,26,30,27,31,1,0,6.0,1.0,6.0,1.0,2.72,1.28,-1.28,24.7,12.234548117521834,4.866409745951464,37.35524780438352,45.52718473289032,25.240190248817576
CH,2025-05-18,85.0,2.59,5.3,"Ohtani, Shohei",660271,579328,single,hit_into_play,,,,,14.0,Shohei Ohtani singles on a sharp line drive to right fielder Matthew Lugo. Enrique Hernández scores. Shohei Ohtani to 2nd.,R,L,L,LAD,LAA,X,9.0,line_drive,3,2,2025,0.92,0.21,1.12,2.37,,571771.0,,2,5,Bot,181.3,117.51,,,,,-5.3551580099101805,-123.76842094795444,-1.0416252428911732,10.484099855423,22.010733811857424,-30.031319189856905,3.5,1.56,234.0,100.8,15.0,86.4,1363.0,6.9,777866,518595,694384,650859,660162,687263,621493,677347,683090,53.61,0.686,0.713,0.9,1.0,1.0,0.0,4.0,44,6,Changeup,0,4,0,4,4,1,1,4,Infield shade,Standard,125.0,0.063,0.685,77.1,7.1,0.967,-0.685,100.8,-4,-4,0.107,0.107,34,30,34,31,3,2,6.0,1.0,5.0,1.0,2.92,0.92,0.92,41.8,8.17437541772578,0.4928389581996774,41.70408723310305,28.04249827448717,30.529751895994444
FF,2025-05-18,96.9,2.79,5.16,"Ohtani, Shohei",660271,579328,single,hit_into_play,,,,,12.0,Shohei Ohtani singles on a line drive to left fielder Taylor Ward.,R,L,L,LAD,LAA,X,7.0,line_drive,2,2,2025,0.71,1.23,0.91,3.3,,,,2,3,Bot,76.39,117.96,,,,,-6.695221105012236,-140.87784731165354,-2.1988707377636487,11.032017650765898,34.161859115607534,-15.51335405706721,3.5,1.56,204.0,78.9,18.0,97.2,2255.0,6.7,777866,518595,694384,650859,660162,687263,621493,677347,683090,53.81,0.98,0.917,0.9,1.0,1.0,0.0,4.0,26,6,4-Seam Fastball,0,4,0,4,4,0,0,4,Infield shade,Standard,132.0,0.011,0.362,69.8,6.3,1.106,-0.362,88.0,-4,-4,0.13,0.13,34,30,34,31,2,1,6.0,1.0,5.0,1.0,1.21,0.71,0.71,31.4,1.5900143494320922,20.415232326196147,31.49239888482965,31.72545884886616,16.072372325632305
SL,2025-05-18,90.8,2.08,6.24,"Ohtani, Shohei",660271,656271,single,hit_into_play,,,,,11.0,Shohei Ohtani singles on a ground ball to first baseman Nolan Schanuel. Michael Conforto to 2nd.,R,L,L,LAD,LAA,X,3.0,ground_ball,1,1,2025,-0.09,0.72,-1.04,3.1,,,624424.0,1,7,Bot,141.33,175.65,,,,,-7.684642902758364,-132.10902081437354,-3.562791912329301,0.4735090217049231,25.411710732417763,-23.16703252916544,3.5,1.56,2.0,68.0,-60.0,91.8,2249.0,6.7,777866,518595,694384,650859,660162,687263,621493,677347,683090,53.82,0.248,0.244,0.9,1.0,1.0,0.0,2.0,59,3,Slider,1,4,1,4,4,1,1,4,Infield shade,Standard,153.0,0.06,0.427,65.6,7.6,0.248,-0.427,88.0,-3,-3,0.13,0.13,28,30,29,31,1,3,4.0,1.0,2.0,1.0,2.02,-0.09,-0.09,41.5,9.712484754972618,3.971668137217655,24.072117287992576,54.412410857144074,20.790139086469026
SL,2025-05-18,90.1,2.84,5.22,"Ohtani, Shohei",660271,579328,field_out,hit_into_play,,,,,5.0,Shohei Ohtani flies out sharply to center fielder Kyren Paris.,R,L,L,LAD,LAA,X,8.0,fly_ball,1,1,2025,-0.28,0.9,0.26,2.56,,,,0,1,Bot,94.53,61.52,,,,,-5.870166543839503,-131.28086205251466,-2.664413506102279,-2.206729412079638,24.491937990855593,-21.399456249963137,3.5,1.56,349.0,102.4,40.0,91.4,2142.0,6.7,777866,518595,694384,650859,660162,687263,621493,677347,683090,53.75,0.241,0.477,0.0,1.0,0.0,0.0,5.0,8,3,Slider,0,3,0,3,3,0,0,3,Infield shade,Standard,146.0,-0.02,-0.251,82.7,7.7,0.942,0.251,102.4,-3,-3,0.266,0.266,34,30,34,31,1,0,6.0,1.0,5.0,1.0,1.88,-0.28,-0.28,31.5,14.14264792957752,-8.739670714545523,36.52892935784027,37.23036983941492,29.97967208109393
FF,2025-05-17,90.2,1.3,6.21,"Ohtani, Shohei",660271,542881,field_out,hit_into_play,,,,,13.0,Shohei Ohtani lines out to center fielder Matthew Lugo.,R,L,L,LAD,LAA,X,8.0,line_drive,3,2,2025,0.31,1.46,-0.93,2.4,,,,2,2,Bot,113.72,78.58,,,,,-6.159984782568465,-131.15955177063609,-6.610120369635657,4.873667029889884,26.33914293352369,-14.04478941458694,3.5,1.56,353.0,95.4,22.0,89.7,2144.0,5.9,777884,681351,694384,650859,621028,687263,621493,683090,666176,54.57,0.215,0.268,0.0,1.0,0.0,0.0,3.0,21,6,4-Seam Fastball,3,3,3,3,3,3,3,3,Infield shade,Standard,157.0,-0.013,-0.328,68.5,8.1,0.419,0.328,95.4,0,0,0.513,0.513,35,30,36,31,2,1,6.0,1.0,5.0,1.0,1.33,0.31,0.31,52.5,9.597953560421992,2.328557971791265,32.91434361038798,50.03417760996267,21.207886893788903
SI,2025-05-17,92.6,-1.5,6.43,"Ohtani, Shohei",660271,445276,force_out,hit_into_play,,,,,1.0,"Shohei Ohtani grounds into a force out, second baseman Tim Anderson to shortstop Zach Neto. Hyeseong Kim out at 2nd. Shohei Ohtani to 1st.",R,L,R,LAD,LAA,X,4.0,ground_ball,0,1,2025,-0.67,1.64,-0.49,3.17,,,808975.0,1,9,Bot,150.99,149.96,,,,,4.086935399753453,-134.72506321984338,-6.172255498956702,-9.002089228244866,28.856036655423814,-11.09279523673984,3.5,1.56,6.0,87.7,-28.0,93.8,2366.0,7.0,777884,681351,694384,641313,621028,687263,621493,683090,666176,53.53,0.053,0.054,0.0,1.0,0.0,0.0,2.0,91,2,Sinker,9,11,9,11,11,9,9,11,Infield shade,Standard,179.0,-0.056,-0.278,73.1,7.4,0.063,0.278,88.0,-2,-2,0.102,0.102,37,30,38,31,1,5,1.0,1.0,2.0,1.0,1.02,0.67,-0.67,68.4,16.638332501897267,5.637478919434695,28.37419619158735,44.54832058241495,21.683981545433056
FF,2025-05-17,96.0,1.56,5.94,"Ohtani, Shohei",660271,672282,grounded_into_double_play,hit_into_play,,,,,3.0,"Shohei Ohtani grounds into a double play, shortstop Zach Neto to first baseman Nolan Schanuel. Dalton Rushing scores. Miguel Rojas out at 2nd. Shohei Ohtani out at 1st.",R,L,L,LAD,LAA,X,6.0,ground_ball,0,0,2025,0.75,1.49,0.28,3.38,687221.0,,500743.0,0,6,Bot,123.24,145.99,,,,,-5.102336314529795,-139.73606566369392,-4.581319874711172,11.002190518936166,30.790060475404836,-11.825730765687894,3.5,1.56,53.0,99.4,0.0,96.1,2079.0,6.3,777884,681351,694384,650859,621028,687263,621493,683090,666176,54.23,0.408,0.367,0.0,1.0,0.0,0.0,4.0,55,1,4-Seam Fastball,6,5,6,5,5,7,7,5,Infield shade,Standard,147.0,-0.027,-0.259,72.8,6.6,0.436,0.259,99.4,1,1,0.849,0.849,25,30,26,31,1,3,3.0,1.0,3.0,1.0,0.98,0.75,0.75,44.5,1.4244927814920725,20.33674322875765,27.421906027005036,36.41705966123929,16.655397690065104
ST,2025-05-17,84.1,-2.12,5.96,"Ohtani, Shohei",660271,666171,field_out,hit_into_play,,,,,9.0,"Shohei Ohtani grounds out, second baseman Luis Rengifo to first baseman Nolan Schanuel.",R,L,R,LAD,LAA,X,4.0,ground_ball,0,0,2025,0.82,0.21,0.45,1.88,,,,0,8,Bot,152.58,157.89,,,,,4.330420671033896,-122.41278976760292,-3.5266207535434235,7.422860035151539,22.9627770301491,-29.55886806050564,3.5,1.56,5.0,72.4,-21.0,84.0,2598.0,6.1,777884,681351,694384,650859,621028,687263,621493,683090,666176,54.44,0.033,0.042,0.0,1.0,0.0,0.0,2.0,78,1,Sweeper,8,10,8,10,10,8,8,10,Infield shade,Standard,64.0,-0.044,-0.259,85.5,8.5,0.033,0.259,88.0,-2,-2,0.167,0.167,27,30,27,31,1,4,1.0,1.0,2.0,1.0,2.99,-0.82,0.82,36.9,29.60031540356292,-20.812524656129813,45.45179678954907,34.01676439662913,43.933860908877506
CH,2025-05-16,87.6,-1.88,5.77,"Ohtani, Shohei",660271,686799,grounded_into_double_play,hit_into_play,,,,,1.0,"Shohei Ohtani grounds into a double play, second baseman Tim Anderson to shortstop Zach Neto to first baseman Nolan Schanuel. Hyeseong Kim out at 2nd. Shohei Ohtani out at 1st.",R,L,R,LAD,LAA,X,4.0,ground_ball,1,1,2025,-0.59,0.33,-0.31,3.01,,,808975.0,1,5,Bot,155.31,152.33,,,,,5.02195291759406,-127.60309978096056,-1.272362695486009,-7.427945490123122,23.848734269305748,-28.448089325449807,3.51,1.57,85.0,104.3,4.0,88.4,1955.0,6.5,777899,681351,694384,641313,660162,687263,621493,683090,624585,53.97,0.62,0.583,0.0,1.0,0.0,0.0,4.0,43,3,Changeup,1,4,1,4,4,1,1,4,Infield shade,Standard,236.0,-0.056,-0.297,80.1,7.8,0.706,0.297,104.3,-3,-3,0.193,0.193,24,30,25,31,3,2,6.0,1.0,5.0,1.0,2.61,0.59,-0.59,29.8,15.9011079319227,-2.983958084982519,28.455070353809905,43.5650437534058,26.353112654505797
SL,2025-05-16,89.6,-1.59,6.43,"Ohtani, Shohei",660271,666171,home_run,hit_into_play,,,,,9.0,Shohei Ohtani homers (16) on a fly ball to center field.,R,L,R,LAD,LAA,X,,fly_ball,0,1,2025,0.46,-0.12,0.7,2.02,,,,1,8,Bot,150.17,32.45,,,,,4.68523792552697,-130.45095015803787,-4.702284274413522,4.277227721562857,26.70989578488508,-32.737704950396605,3.51,1.57,433.0,114.9,27.0,89.9,2585.0,6.4,777899,681351,694384,641313,660162,687263,621493,683090,624585,54.12,0.9973333333333332,2.0,2.0,1.0,0.0,3.0,6.0,62,2,Slider,1,4,1,4,4,2,2,4,Infield shade,Standard,89.0,0.066,1.622,80.2,7.8,3.9766666666666666,-1.622,114.9,-3,-3,0.057,0.057,27,30,27,31,1,3,3.0,1.0,1.0,1.0,2.95,-0.46,0.46,51.5,14.44586655842981,0.3477053943558075,44.71145908331232,32.12176263845234,28.14594285650329
SI,2025-05-16,96.5,-2.08,5.7,"Ohtani, Shohei",660271,686799,single,hit_into_play,,,,,4.0,Shohei Ohtani singles on a sharp ground ball to center fielder Matthew Lugo.,R,L,R,LAD,LAA,X,8.0,ground_ball,3,1,2025,-1.27,-0.01,-0.39,2.23,,,,0,1,Bot,154.1,96.0,,,,,7.416714036279344,-140.4965223917622,-3.720683987129542,-18.445357904722417,28.924266468081,-31.705150711560115,3.51,1.57,9.0,104.3,-13.0,97.4,2003.0,6.6,777899,681351,694384,641313,660162,687263,621493,683090,624585,53.94,0.276,0.266,0.9,1.0,1.0,0.0,2.0,6,5,Sinker,0,2,0,2,2,0,0,2,Infield shade,Standard,236.0,0.023,0.258,79.8,7.6,0.291,-0.258,104.3,-2,-2,0.367,0.367,24,30,25,31,1,0,6.0,1.0,5.0,1.0,2.44,1.27,-1.27,28.5,5.8112015696828925,11.946169553414276,35.40008183273658,44.98223086042477,19.153452417276892
SI,2025-05-15,90.3,-1.81,5.25,"Ohtani, Shohei",660271,669920,home_run,hit_into_play,,,,,8.0,Shohei Ohtani homers (15) on a line drive to center field. Hyeseong Kim scores.,R,L,R,LAD,ATH,X,,line_drive,3,1,2025,-1.44,0.09,-0.11,2.02,,,808975.0,1,4,Bot,110.74,30.49,,,,,7.31779228322965,-131.31907043211342,-2.3024743990605794,-18.18822409247778,26.508352072403973,-30.87397941601875,3.51,1.58,418.0,109.6,21.0,90.8,2059.0,6.5,777946,669127,701762,680474,570482,805779,691016,664913,671732,54.0,0.8553243243243245,1.5903513513513516,2.0,1.0,0.0,3.0,6.0,44,5,Sinker,13,2,13,2,2,15,15,2,Standard,Standard,249.0,0.0,1.315,78.7,7.8,3.0621081081081076,-1.315,109.6,11,11,0.998,0.998,32,30,32,31,2,3,28.0,1.0,33.0,1.0,2.7,1.44,-1.44,17.6,12.289029228960072,6.000369111957481,41.3454318177544,40.22467148092672,23.673182890424144
SL,2025-05-15,86.6,-2.3,5.88,"Ohtani, Shohei",660271,674370,sac_fly,hit_into_play,,,,,5.0,Shohei Ohtani out on a sacrifice fly to right fielder Lawrence Butler. Dalton Rushing scores.,R,L,R,LAD,ATH,X,9.0,fly_ball,0,0,2025,0.23,0.38,-0.08,2.37,687221.0,,808975.0,1,2,Bot,186.93,74.73,,,,,4.791366412043067,-125.87788360465515,-2.827915869779787,1.3187949308313982,30.0329856307537,-27.734003725995176,3.51,1.58,341.0,102.4,43.0,85.7,2024.0,6.2,777946,669127,701762,680474,570482,805779,691016,664913,671732,54.31,0.114,0.211,0.0,1.0,0.0,0.0,3.0,20,1,Slider,3,2,3,2,2,4,4,2,Infield shade,Standard,71.0,0.013,-0.138,78.0,8.4,0.413,0.138,102.4,1,1,0.715,0.715,29,30,30,31,2,1,6.0,1.0,19.0,1.0,2.71,-0.23,0.23,34.1,20.54261925936469,-11.485149402888412,38.04862152632564,40.84443484787034,35.92432528405838
FC,2025-05-15,90.5,-2.46,6.0,"Ohtani, Shohei",660271,687765,force_out,hit_into_play,,,,,6.0,"Shohei Ohtani grounds into a force out, second baseman Max Schuemann to shortstop Jacob Wilson. Hyeseong Kim out at 2nd. Shohei Ohtani to 1st.",R,L,R,LAD,ATH,X,4.0,ground_ball,0,1,2025,0.43,0.4,0.64,2.28,,,808975.0,1,6,Bot,153.21,154.15,,,,,6.811825631773755,-131.66660690409287,-4.241467745653841,3.717322222266177,25.445304023003327,-26.86177733782955,3.51,1.58,21.0,102.9,-5.0,90.8,2611.0,6.3,777946,669127,701762,680474,570482,805779,691016,664913,671732,54.21,0.377,0.356,0.0,1.0,0.0,0.0,2.0,59,2,Cutter,16,2,16,2,2,16,16,2,Infield shade,Standard,143.0,0.0,-0.278,73.5,7.4,0.431,0.278,102.9,14,14,0.999,0.999,27,30,27,31,1,4,4.0,1.0,4.0,1.0,2.37,-0.43,0.43,44.0,9.987758141265289,8.227806506458423,42.50250215978609,30.421305379115513,22.08038628651124
CH,2025-05-15,81.8,-1.43,5.63,"Ohtani, Shohei",660271,669920,home_run,hit_into_play,,,,,4.0,Shohei Ohtani homers (14) on a fly ball to left center field. James Outman scores. Hyeseong Kim scores.,R,L,R,LAD,ATH,X,,fly_ball,2,0,2025,-1.4,0.28,-0.67,2.37,,681546.0,808975.0,1,3,Bot,67.57,55.93,,,,,4.448394096855429,-119.09475611225714,-1.374413631354153,-14.210417636684696,21.25186461457809,-29.40016684895322,3.51,1.58,382.0,102.9,28.0,82.6,1753.0,6.6,777946,669127,701762,680474,570482,805779,691016,664913,671732,53.86,0.6115357142857144,1.1891428571428568,2.0,1.0,0.0,3.0,6.0,32,3,Changeup,7,2,7,2,2,10,10,2,Infield shade,Standard,262.0,0.039,1.093,72.8,7.8,2.321196428571428,-1.093,102.9,5,5,0.945,0.945,32,30,32,31,1,2,28.0,1.0,33.0,1.0,3.1,1.4,-1.4,28.1,4.820086010094019,13.289680176121998,31.94847273468856,48.01521248441814,19.93568028826396
ST,2025-05-14,82.8,-2.56,5.92,"Ohtani, Shohei",660271,680684,field_out,hit_into_play,,,,,5.0,"Shohei Ohtani grounds out sharply, second baseman Luis Urías to first baseman Nick Kurtz.",R,L,R,LAD,ATH,X,4.0,ground_ball,0,0,2025,0.61,0.42,-0.04,2.43,,,,0,5,Bot,144.91,158.11,,,,,4.585154616692499,-120.55218431593588,-2.3420733551977864,5.139912912467846,22.53736448886259,-27.82523534443449,3.5,1.58,60.0,107.3,2.0,83.5,2633.0,6.7,777917,669127,701762,649966,609280,805779,691016,668709,671732,53.84,0.582,0.545,0.0,1.0,0.0,0.0,4.0,39,1,Sweeper,3,3,3,3,3,3,3,3,Infield shade,Strategic,80.0,-0.03,-0.259,76.7,8.0,0.651,0.259,107.3,0,0,0.567,0.567,25,30,26,31,3,2,7.0,1.0,6.0,1.0,2.89,-0.61,0.61,46.9,15.732207615760863,1.778855824367035,37.3777155367722,39.08471828311171,25.055843578435542
CH,2025-05-14,87.2,-2.38,5.97,"Ohtani, Shohei",660271,680684,field_out,hit_into_play,,,,,4.0,"Shohei Ohtani grounds out, second baseman Luis Urías to first baseman Nick Kurtz.",R,L,R,LAD,ATH,X,4.0,ground_ball,1,1,2025,-1.39,0.32,-0.73,2.48,,,808975.0,2,2,Bot,156.32,152.03,,,,,6.907936356176699,-126.79077387607587,-2.903875359023095,-16.4047650471066,24.910585994077707,-28.292510027329392,3.5,1.58,58.0,88.5,3.0,88.1,1452.0,6.8,777917,669127,701762,649966,609280,805779,691016,668709,671732,53.69,0.41,0.392,0.0,1.0,0.0,0.0,2.0,17,3,Changeup,2,0,2,0,0,2,2,0,Infield shade,Standard,233.0,-0.015,-0.256,77.0,8.0,0.466,0.256,88.5,2,2,0.727,0.727,25,30,26,31,2,1,7.0,1.0,6.0,1.0,2.67,1.39,-1.39,50.2,12.940745175685912,0.8407045974585701,33.75228149516079,47.95999625099135,26.68178084195852
ST,2025-05-14,79.1,2.6,5.78,"Ohtani, Shohei",660271,663687,single,hit_into_play,,,,,13.0,Shohei Ohtani singles on a soft ground ball to third baseman Miguel Andujar. Miguel Rojas to 3rd.,R,L,L,LAD,ATH,X,5.0,ground_ball,2,1,2025,-1.26,-0.5,-0.94,2.29,,500743.0,,2,6,Bot,108.37,176.85,,,,,-5.408559399260079,-115.07542401659146,0.1808551805705101,-10.09009391380627,22.482545667895064,-36.84258003638418,3.5,1.58,2.0,54.2,-45.0,79.6,2505.0,6.7,777917,669127,701762,649966,609280,805779,691016,668709,671732,53.76,0.266,0.252,0.9,1.0,1.0,0.0,1.0,52,4,Sweeper,4,3,4,3,3,4,4,3,Infield shade,Standard,319.0,0.012,0.677,65.9,8.7,0.306,-0.677,88.0,1,1,0.728,0.728,28,30,29,31,1,3,3.0,1.0,6.0,1.0,4.16,-1.26,-1.26,47.8,21.314784274996544,-16.45538508371557,31.52657224274619,51.18918286638566,37.10846222935888
SL,2025-05-14,91.2,-2.38,6.13,"Ohtani, Shohei",660271,680684,home_run,hit_into_play,,,,,6.0,Shohei Ohtani homers (13) on a fly ball to right field.,R,L,R,LAD,ATH,X,,fly_ball,1,1,2025,0.09,1.53,0.62,2.52,,,,0,1,Bot,214.55,61.42,,,,,7.407491380598017,-132.47489583790917,-6.482353051891432,-0.5575991371780595,29.15041434534366,-12.90893258072676,3.5,1.58,403.0,108.2,28.0,91.7,2528.0,6.7,777917,669127,701762,649966,609280,805779,691016,668709,671732,53.76,0.9484545454545454,1.9146060606060609,2.0,1.0,0.0,3.0,6.0,4,3,Slider,0,0,0,0,0,1,1,0,Infield shade,Standard,200.0,0.098,1.123,80.2,7.8,3.7895151515151513,-1.123,108.2,0,0,0.547,0.547,25,30,26,31,1,0,7.0,1.0,6.0,1.0,1.22,-0.09,0.09,47.4,16.928999624068314,-1.622295089134115,41.92664140028147,32.400338904351514,30.978430904485684
FF,2025-05-13,89.8,2.42,5.79,"Ohtani, Shohei",660271,605488,field_out,hit_into_play,,,,,1.0,Shohei Ohtani pops out to third baseman Miguel Andujar in foul territory.,R,L,L,LAD,ATH,X,5.0,popup,2,2,2025,1.05,1.45,-0.47,2.91,,624424.0,,2,7,Bot,83.44,180.45,,,,,-9.40136169936742,-130.51680435702008,-4.24582768869898,13.935103932200068,26.19381480134178,-14.894001621923218,3.49,1.58,113.0,86.2,72.0,90.3,2281.0,6.5,777937,669127,701762,649966,609280,805779,691016,668709,671732,53.95,0.005,0.005,0.0,1.0,0.0,0.0,3.0,63,5,4-Seam Fastball,1,8,1,8,8,1,1,8,Infield shade,Standard,134.0,-0.003,-0.22,74.7,8.1,0.005,0.22,88.0,-7,-7,0.007,0.007,32,30,33,31,4,3,7.0,2.0,5.0,1.0,1.38,1.05,1.05,40.8,12.533992591377055,-1.9841213784354317,30.240185371885957,45.996486055064366,27.914814169642145
SL,2025-05-13,84.6,2.34,6.02,"Ohtani, Shohei",660271,605488,field_out,hit_into_play,,,,,4.0,"Shohei Ohtani grounds out, second baseman Luis Urías to first baseman Nick Kurtz.",R,L,L,LAD,ATH,X,4.0,ground_ball,3,2,2025,-0.33,0.43,-0.76,2.62,,,,1,5,Bot,144.69,161.37,,,,,-6.553335467995343,-123.1184040007212,-2.491717171864883,-2.2560173666329546,21.967108508498868,-27.54850234795405,3.49,1.58,46.0,84.0,1.0,85.0,2116.0,6.3,777937,669127,701762,649966,609280,805779,691016,668709,671732,54.19,0.248,0.238,0.0,1.0,0.0,0.0,2.0,43,6,Slider,1,6,1,6,6,1,1,6,Infield shade,Standard,176.0,-0.011,-0.332,74.6,8.4,0.32,0.332,88.0,-5,-5,0.063,0.063,32,30,33,31,3,2,7.0,2.0,5.0,1.0,2.73,-0.33,-0.33,48.5,15.926361529221396,-9.021416876010418,32.629334634396905,49.467933953004355,30.152457899110857
SL,2025-05-13,81.4,2.41,5.96,"Ohtani, Shohei",660271,605488,field_out,hit_into_play,,,,,5.0,Shohei Ohtani lines out sharply to right fielder Lawrence Butler. Chris Taylor to 3rd.,R,L,L,LAD,ATH,X,9.0,line_drive,1,0,2025,-0.39,-0.17,-0.03,2.77,,621035.0,,0,3,Bot,180.84,80.06,,,,,-4.718018016226771,-118.56578501329952,-0.3412991014660104,-2.988448673101068,19.501304000268203,-33.89167528198538,3.49,1.58,325.0,107.9,18.0,81.7,2312.0,6.1,777937,669127,701762,649966,609280,805779,691016,668709,671732,54.4,0.4868636363636364,0.7612272727272728,0.0,1.0,0.0,0.0,6.0,22,2,Slider,0,2,0,2,2,0,0,2,Standard,Standard,266.0,-0.024,-0.321,75.8,8.0,1.390954545454545,0.321,107.9,-2,-2,0.402,0.402,32,30,33,31,2,1,7.0,2.0,5.0,1.0,3.56,-0.39,-0.39,43.3,16.47169573483427,-1.2196235196621066,34.710050695360444,41.19848742932068,26.974867349276444
CH,2025-05-11,87.3,-2.96,5.75,"Ohtani, Shohei",660271,668678,single,hit_into_play,,,,,4.0,Shohei Ohtani singles on a sharp ground ball to center fielder Alek Thomas.,R,L,R,AZ,LAD,X,8.0,ground_ball,1,1,2025,-0.95,0.46,-0.68,2.21,,,,0,5,Top,145.0,87.0,,,,,7.429489760235349,-126.88231523193238,-3.3266558850281855,-11.72169332034014,25.515762428514453,-26.73409586225497,3.48,1.58,77.0,102.1,3.0,87.3,1490.0,6.3,777954,645444,656976,694374,553993,672695,666971,677950,682998,54.15,0.524,0.489,0.9,1.0,1.0,0.0,4.0,35,3,Changeup,0,1,1,0,1,0,1,0,Infield shade,Standard,225.0,-0.038,0.447,72.8,8.0,0.599,-0.447,102.1,-1,1,0.363,0.637,29,30,30,31,3,2,5.0,1.0,6.0,2.0,2.54,0.95,-0.95,33.8,7.340842114502449,7.514152877818547,32.88728644383038,48.2269061202862,17.218777945189863
SL,2025-05-11,84.4,3.27,5.81,"Ohtani, Shohei",660271,620454,field_out,hit_into_play,,,,,7.0,"Shohei Ohtani grounds out, first baseman Tim Tawa to pitcher José Castillo.",R,L,L,AZ,LAD,X,3.0,ground_ball,1,2,2025,-0.05,-0.19,-0.44,2.15,,,,0,9,Top,153.92,156.11,,,,,-8.524485486686839,-122.69359770984892,-1.7563971821138518,1.171927344791584,23.63843555760272,-33.980965667985814,3.48,1.58,9.0,85.9,-14.0,84.4,2550.0,6.3,777954,645444,694374,606466,553993,672695,666971,677950,682998,54.23,0.106,0.102,0.0,1.0,0.0,0.0,2.0,70,4,Slider,1,5,5,1,5,1,5,1,Infield shade,Standard,305.0,0.002,-0.189,66.9,8.4,0.114,0.189,88.0,-4,4,0.015,0.985,29,30,29,31,1,4,4.0,1.0,8.0,2.0,3.39,-0.05,-0.05,35.6,14.747199699639957,-5.915124521582938,31.511010051154813,49.304131506088105,27.80702343471148
CH,2025-05-11,89.5,-2.99,5.74,"Ohtani, Shohei",660271,668678,field_out,hit_into_play,,,,,13.0,"Shohei Ohtani grounds out, first baseman Pavin Smith to pitcher Zac Gallen.",R,L,R,AZ,LAD,X,3.0,ground_ball,2,1,2025,-1.22,0.48,-0.26,1.29,,,,0,1,Top,154.13,160.91,,,,,9.310607547785835,-130.0450971110768,-6.035461877683975,-15.687302806239812,24.362041065560103,-25.645572839740353,3.48,1.58,5.0,72.7,-15.0,89.9,1549.0,6.4,777954,645444,656976,694374,553993,672695,666971,677950,682998,54.13,0.046,0.049,0.0,1.0,0.0,0.0,2.0,1,4,Changeup,0,0,0,0,0,0,0,0,Infield shade,Standard,231.0,0.026,-0.305,76.5,8.7,0.046,0.305,88.0,0,0,0.496,0.504,29,30,30,31,1,0,5.0,1.0,6.0,2.0,2.35,1.22,-1.22,30.7,17.52132466944603,-2.6710924163463594,41.8803482235573,44.45197982926606,28.273580870300307
CU,2025-05-11,80.1,3.68,5.27,"Ohtani, Shohei",660271,573009,single,hit_into_play,,,,,6.0,Shohei Ohtani singles on a sharp line drive to right fielder Corbin Carroll. Michael Conforto scores.,R,L,L,AZ,LAD,X,9.0,line_drive,1,1,2025,-0.48,-0.08,0.41,2.68,624424.0,,,2,6,Top,194.11,90.76,,,,,-6.3017829447225555,-116.42044291881372,1.1896334247722122,-3.102935046416422,23.414502134307916,-33.390293756085015,3.48,1.58,268.0,111.0,15.0,79.7,2495.0,6.2,777954,645444,656976,694374,553993,672695,666971,677950,682998,54.26,0.4519999999999999,0.619,0.9,1.0,1.0,0.0,6.0,48,3,Curveball,0,3,3,0,4,0,4,0,Infield shade,Standard,327.0,-0.053,0.743,77.9,7.8,1.0563333333333331,-0.743,111.0,-3,3,0.143,0.857,34,30,34,31,1,3,23.0,1.0,2.0,2.0,3.66,-0.48,-0.48,15.0,13.499477608889196,-4.952167983571665,31.14389275818771,38.80724840649061,30.785789137178003
FC,2025-05-10,95.6,-0.87,5.78,"Ohtani, Shohei",660271,669203,field_out,hit_into_play,,,,,14.0,"Shohei Ohtani grounds out, second baseman Ketel Marte to first baseman Josh Naylor. Hyeseong Kim to 3rd.",R,L,R,AZ,LAD,X,4.0,ground_ball,0,0,2025,0.32,0.89,1.18,2.07,,808975.0,,1,5,Top,153.39,157.6,,,,,4.730643131223899,-139.2363174053493,-6.286048323822355,3.2462178688076264,27.143374433789752,-19.409309200362923,3.48,1.58,6.0,72.8,-17.0,96.9,2696.0,6.7,777975,672515,647304,606466,553993,672695,694374,677950,682998,53.83,0.048,0.051,0.0,1.0,0.0,0.0,2.0,36,1,Cutter,1,0,0,1,0,1,0,1,Standard,Standard,187.0,0.044,-0.259,76.5,7.4,0.048,0.259,88.0,1,-1,0.611,0.389,30,30,31,31,3,2,10.0,1.0,6.0,1.0,1.57,-0.32,0.32,39.1,4.102086843015237,10.104367405026425,46.252431001220145,25.5208674571138,20.775182622224552
FC,2025-05-10,92.7,-1.53,5.92,"Ohtani, Shohei",660271,669194,field_out,hit_into_play,,,,,12.0,Shohei Ohtani lines out to right fielder Corbin Carroll.,R,L,R,AZ,LAD,X,9.0,line_drive,1,1,2025,0.51,0.56,1.17,2.92,,,,0,8,Top,182.29,103.35,,,,,5.834669093118687,-134.886986481835,-3.131209221867861,5.057732737191602,28.291585684343023,-24.87807873985328,3.48,1.58,276.0,91.7,22.0,93.7,2245.0,6.8,777975,672515,647304,606466,553993,672695,694374,677950,682998,53.67,0.142,0.134,0.0,1.0,0.0,0.0,3.0,56,3,Cutter,2,0,0,2,0,2,0,2,Infield shade,Standard,177.0,0.036,-0.251,77.9,7.0,0.218,0.251,91.7,2,-2,0.864,0.136,27,30,27,31,1,3,5.0,1.0,4.0,1.0,2.09,-0.51,0.51,46.7,12.834964117096703,2.362593850144768,38.706752300037635,26.316738573716357,27.0129903054479
FC,2025-05-10,94.9,-0.96,5.79,"Ohtani, Shohei",660271,669203,single,hit_into_play,,,,,9.0,Shohei Ohtani singles on a sharp ground ball to right fielder Corbin Carroll.,R,L,R,AZ,LAD,X,9.0,ground_ball,1,0,2025,0.14,1.02,0.41,1.87,,,,0,1,Top,188.38,115.52,,,,,3.2980045948483734,-138.22866133546455,-6.975116694772389,1.190731555426766,28.26090166973697,-17.81380845972744,3.48,1.58,85.0,109.5,4.0,95.7,2654.0,6.5,777975,672515,647304,606466,553993,672695,694374,677950,682998,53.97,0.603,0.55,0.9,1.0,1.0,0.0,4.0,1,2,Cutter,0,0,0,0,0,0,0,0,Infield shade,Standard,192.0,-0.032,0.396,80.1,8.5,0.673,-0.396,109.5,0,0,0.496,0.504,30,30,31,31,1,0,10.0,1.0,6.0,1.0,1.49,-0.14,0.14,39.2,19.5512783641471,-3.3589532515446727,43.48270420753915,35.12596102133206,28.76270142253939
FF,2025-05-09,92.8,1.23,5.91,"Ohtani, Shohei",660271,593958,double,hit_into_play,,,,,3.0,Shohei Ohtani doubles (8) on a sharp fly ball to center fielder Alek Thomas. Miguel Rojas scores.,R,L,L,AZ,LAD,X,8.0,fly_ball,0,1,2025,0.33,1.34,0.32,3.44,,,500743.0,2,2,Top,75.22,56.51,,,,,-3.039203477755974,-135.0559576033278,-3.4611736194206624,4.721122601964107,29.907915307132985,-15.180891088636011,3.46,1.56,374.0,107.5,22.0,92.6,2326.0,6.2,777988,672515,647304,606466,553993,672695,666971,677950,682998,54.31,0.7896999999999998,1.4911833333333333,1.25,1.0,1.0,1.0,6.0,16,2,4-Seam Fastball,3,2,2,3,3,3,3,3,Infield shade,Standard,148.0,-0.119,0.958,71.1,6.7,2.8785999999999996,-0.958,107.5,1,-1,0.636,0.364,32,30,32,31,2,1,5.0,1.0,5.0,1.0,1.3,0.33,0.33,40.7,8.793611791203142,15.465587310844484,28.23507190206554,37.57101615422408,21.648960848770187
FS,2025-05-09,85.9,-1.53,5.36,"Ohtani, Shohei",660271,571946,field_out,hit_into_play,,,,,4.0,Shohei Ohtani lines out to right fielder Corbin Carroll.,R,L,R,AZ,LAD,X,9.0,line_drive,3,2,2025,-1.13,0.17,-0.51,2.77,,,,1,8,Top,181.51,89.92,,,,,4.7864706659432805,-125.0420109043483,-0.2548913559394243,-12.792611618207037,23.324086968755196,-30.565074721644844,3.46,1.56,304.0,89.4,23.0,87.4,1911.0,7.0,777988,672515,647304,606466,553993,672695,666971,677950,682998,53.48,0.17,0.175,0.0,1.0,0.0,0.0,3.0,74,8,Split-Finger,9,8,8,9,8,9,8,9,Infield shade,Standard,240.0,0.05,-0.332,72.0,8.4,0.252,0.332,89.4,1,-1,0.79,0.2099999999999999,34,30,35,31,1,4,3.0,1.0,3.0,1.0,2.9,1.13,-1.13,43.7,15.780357771434955,-7.911578511695977,32.10882296153217,46.642080868066984,29.38217227527588
SL,2025-05-09,83.5,1.25,5.92,"Ohtani, Shohei",660271,593958,double,hit_into_play,,,,,5.0,Shohei Ohtani doubles (7) on a sharp fly ball to center fielder Alek Thomas.,R,L,L,AZ,LAD,X,8.0,fly_ball,2,1,2025,-0.67,0.43,-0.27,2.79,,,,0,1,Top,131.25,60.66,,,,,-2.195331883697416,-121.62102648781526,-1.6638482688794891,-6.246281982179897,22.427610825829223,-27.816180258583383,3.46,1.56,422.0,107.9,23.0,83.9,2149.0,6.4,777988,672515,647304,606466,553993,672695,666971,677950,682998,54.12,0.8606071428571429,1.671750000000001,1.25,1.0,1.0,1.0,6.0,1,4,Slider,0,0,0,0,0,0,0,0,Infield shade,Standard,275.0,-0.055,0.671,72.1,7.9,3.2619464285714277,-0.671,107.9,0,0,0.496,0.504,32,30,32,31,1,0,5.0,1.0,5.0,1.0,2.82,-0.67,-0.67,39.9,10.685534650091292,-0.9299874374368128,30.243910868553193,44.87599996895699,24.19034111930886
FS,2025-05-09,81.1,-3.84,4.11,"Ohtani, Shohei",660271,657044,home_run,hit_into_play,,,,,9.0,Shohei Ohtani homers (12) on a fly ball to right center field. Hyeseong Kim scores. Michael Conforto scores.,R,L,R,AZ,LAD,X,,fly_ball,1,2,2025,-0.25,0.09,0.35,2.06,,808975.0,624424.0,1,9,Top,200.78,42.87,,,,,10.092111699795469,-117.6221807197571,2.0452780998889137,-4.340366630115074,23.55375943678291,-32.05022254740956,3.46,1.56,426.0,113.0,26.0,82.8,860.0,7.7,777988,672515,647304,606466,553993,672695,666971,677950,682998,52.78,0.995,2.00575,2.0,1.0,0.0,3.0,6.0,88,4,Split-Finger,11,11,11,11,14,11,14,11,Standard,Standard,289.0,-0.405,1.267,,,3.9615,-1.267,113.0,0,0,0.443,0.5569999999999999,33,30,33,31,1,5,4.0,1.0,5.0,1.0,3.42,0.25,-0.25,2.0,,,,,
FF,2025-05-08,93.7,-1.69,5.62,"Ohtani, Shohei",660271,694297,field_out,hit_into_play,,,,,6.0,"Shohei Ohtani grounds out sharply, second baseman Ketel Marte to first baseman Josh Naylor.",R,L,R,AZ,LAD,X,4.0,ground_ball,1,1,2025,-0.69,1.25,0.68,2.52,,,,2,5,Top,149.64,122.5,,,,,7.641046443538588,-136.25276440021187,-5.044231163015171,-10.182618850285266,28.089561657890236,-15.70355962396598,3.52,1.62,130.0,103.0,9.0,94.0,2622.0,6.3,777999,672515,647304,606466,553993,672695,666971,677950,682998,54.16,0.744,0.712,0.0,1.0,0.0,0.0,4.0,37,3,4-Seam Fastball,4,0,0,4,0,4,0,4,Infield shade,Standard,231.0,0.006,-0.244,76.4,7.3,0.876,0.244,103.0,4,-4,0.925,0.0749999999999999,26,30,27,31,3,2,5.0,1.0,5.0,1.0,1.34,0.69,-0.69,30.0,5.368050474588208,9.365932267695714,39.9343528214293,32.94552881373083,24.424752618706364
CH,2025-05-08,86.8,-1.99,5.37,"Ohtani, Shohei",660271,694297,field_out,hit_into_play,,,,,8.0,Shohei Ohtani flies out to left fielder Lourdes Gurriel Jr.,R,L,R,AZ,LAD,X,7.0,fly_ball,0,1,2025,-1.59,0.33,-0.1,1.95,,,,1,3,Top,80.87,74.05,,,,,7.842461614137829,-126.0961408678928,-2.66768581870067,-18.56040010822665,26.374591974418127,-28.263309123532125,3.52,1.62,329.0,96.8,40.0,87.4,2145.0,6.8,777999,672515,647304,606466,553993,672695,666971,677950,682998,53.69,0.051,0.091,0.0,1.0,0.0,0.0,3.0,18,2,Changeup,0,0,0,0,0,0,0,0,Infield shade,Standard,231.0,0.015,-0.215,83.6,8.0,0.179,0.215,96.8,0,0,0.528,0.472,26,30,27,31,2,1,5.0,1.0,5.0,1.0,2.71,1.59,-1.59,22.4,15.486778210141614,0.2954544678670547,39.00678579989124,41.62666422157243,29.483523909597057
FF,2025-05-08,95.9,-1.87,6.45,"Ohtani, Shohei",660271,656464,home_run,hit_into_play,,,,,2.0,Shohei Ohtani homers (11) on a fly ball to center field.,R,L,R,AZ,LAD,X,,fly_ball,3,2,2025,-0.58,1.45,0.12,2.97,,,,2,9,Top,165.37,30.98,,,,,6.625957763016957,-139.32752633903343,-6.931653971504729,-9.01569103873635,31.5509402747852,-11.902168324957788,3.52,1.62,426.0,112.9,22.0,96.8,2435.0,6.9,777999,672515,647304,606466,553993,672695,666971,677950,682998,53.6,0.9626,1.8584,2.0,1.0,0.0,3.0,6.0,71,7,4-Seam Fastball,5,2,2,5,3,5,3,5,Infield shade,Standard,223.0,-0.007,2.528,75.9,7.8,3.623,-2.528,112.9,3,-3,0.995,0.005,31,30,31,31,1,4,2.0,1.0,1.0,1.0,1.04,0.58,-0.58,46.1,14.140820132846413,0.6208803066466625,33.655592280773966,39.209422247600266,23.449815105489144
SI,2025-05-08,93.9,-1.72,5.65,"Ohtani, Shohei",660271,694297,field_out,hit_into_play,,,,,8.0,Shohei Ohtani lines out to center fielder Alek Thomas.,R,L,R,AZ,LAD,X,8.0,line_drive,1,0,2025,-1.29,0.69,-0.08,1.74,,,,0,1,Top,113.11,60.11,,,,,7.083945856370479,-136.49137694481587,-5.873078548871253,-17.642209349513468,31.59300431371046,-22.434147300780012,3.52,1.62,346.0,94.2,24.0,93.6,2437.0,6.3,777999,672515,647304,606466,553993,672695,666971,677950,682998,54.2,0.142,0.171,0.0,1.0,0.0,0.0,3.0,1,2,Sinker,0,0,0,0,0,0,0,0,Infield shade,Standard,224.0,0.026,-0.301,76.8,8.0,0.282,0.301,94.2,0,0,0.496,0.504,26,30,27,31,1,0,5.0,1.0,5.0,1.0,1.91,1.29,-1.29,29.3,7.944701644141118,-2.245524341642187,43.405426370651895,40.86855322687643,27.856507916724446
CH,2025-05-07,91.7,-2.76,5.07,"Ohtani, Shohei",660271,678692,field_out,hit_into_play,,,,,8.0,Shohei Ohtani flies out to center fielder Dane Myers.,R,L,R,MIA,LAD,X,8.0,fly_ball,0,1,2025,-1.58,0.28,0.0,1.52,,571771.0,808975.0,2,8,Top,98.54,52.43,,,,,10.424970002393746,-133.05039978216973,-3.619833527655563,-21.166995092740784,32.83567002775965,-28.24715272405127,3.54,1.62,369.0,99.2,24.0,91.4,1602.0,6.6,778017,682663,676572,691594,688363,669364,669065,667472,660821,53.9,0.3299473684210526,0.5507368421052632,0.0,1.0,0.0,0.0,5.0,62,2,Changeup,0,7,7,0,7,0,7,0,Standard,Standard,242.0,0.001,-0.235,74.0,8.2,1.0308947368421055,0.235,99.2,-7,7,0.004,0.996,25,30,25,31,1,4,5.0,1.0,2.0,1.0,2.48,1.58,-1.58,33.2,7.74673476321658,-1.9257380618623587,41.99459540062463,40.01568524794311,25.910699099445
ST,2025-05-07,83.5,1.39,5.59,"Ohtani, Shohei",660271,806188,triple,hit_into_play,,,,,4.0,Shohei Ohtani triples (4) on a sharp line drive to right fielder Jesús Sánchez.,R,L,L,MIA,LAD,X,9.0,line_drive,2,2,2025,-0.96,-0.09,-0.43,2.44,,,,1,6,Top,161.55,61.87,,,,,-2.2769975571651906,-121.57477088832294,-0.5645824459678492,-8.869184254482649,27.31340900632027,-33.14412605326609,3.54,1.62,304.0,107.0,16.0,82.7,3009.0,6.1,778017,682663,676572,691594,688363,669364,669065,667472,660821,54.43,0.537,0.611,1.6,1.0,1.0,2.0,5.0,37,6,Sweeper,0,0,0,0,0,0,0,0,Infield shade,Standard,303.0,-0.115,1.1,72.5,8.0,0.938,-1.1,107.0,0,0,0.536,0.4639999999999999,27,30,27,31,1,2,17.0,1.0,2.0,1.0,3.39,-0.96,-0.96,38.8,12.55932492507298,-0.8328734219326311,31.3188072224038,47.10691250134025,25.36701344530431
SL,2025-05-06,86.0,-2.43,4.89,"Ohtani, Shohei",660271,622786,field_out,hit_into_play,,,,,13.0,"Shohei Ohtani grounds out, first baseman Eric Wagaman to pitcher Jesus Tinoco.",R,L,R,MIA,LAD,X,3.0,ground_ball,2,2,2025,0.57,-0.13,-0.5,1.42,,,,2,9,Top,151.88,170.4,,,,,3.3971111146978905,-125.22224438791174,-1.723982601654925,5.333822721968721,24.89220996475849,-33.425942723522724,3.56,1.65,3.0,77.0,-26.0,85.8,2721.0,6.1,778035,663743,676572,691594,681393,669364,669065,667472,660821,54.41,0.03,0.041,0.0,1.0,0.0,0.0,2.0,73,5,Slider,4,4,4,4,4,4,4,4,Infield shade,Standard,53.0,0.031,-0.224,66.4,8.2,0.03,0.224,88.0,0,0,0.608,0.392,30,30,30,31,1,4,2.0,1.0,4.0,1.0,3.21,-0.57,0.57,21.7,8.974092510260435,4.066039744736266,39.05828876813503,46.63072110913262,22.733474106588364
ST,2025-05-06,87.6,-1.44,5.63,"Ohtani, Shohei",660271,676534,double,hit_into_play,,,,,9.0,Shohei Ohtani doubles (6) on a line drive to right fielder Jesús Sánchez. Hyeseong Kim scores.,R,L,R,MIA,LAD,X,9.0,line_drive,3,2,2025,1.01,0.42,0.53,1.89,,,808975.0,1,7,Top,197.87,131.68,,,,,2.657081537464108,-127.58297943865232,-3.774160921563745,10.49502384723121,26.04385925392007,-27.044597097312145,3.56,1.65,271.0,110.5,17.0,86.9,2817.0,5.8,778035,689414,670223,682927,681393,669364,669065,667472,660821,54.71,0.5429285714285715,0.8443571428571428,1.25,1.0,1.0,1.0,6.0,55,7,Sweeper,4,3,3,4,4,4,4,4,Infield shade,Standard,47.0,-0.212,0.726,78.8,8.2,1.528285714285714,-0.726,110.5,1,-1,0.675,0.3249999999999999,29,30,30,31,1,3,2.0,1.0,4.0,1.0,2.55,-1.01,1.01,37.1,17.62113580068947,-5.7376702686331695,39.03823110878184,35.84653029306611,36.92919901081546
SL,2025-05-06,86.1,2.15,6.12,"Ohtani, Shohei",660271,685107,home_run,hit_into_play,,,,,6.0,Shohei Ohtani homers (10) on a fly ball to right field.,R,L,L,MIA,LAD,X,,fly_ball,0,0,2025,-0.24,0.19,0.38,2.56,,,,0,6,Top,219.54,64.57,,,,,-3.6929126168146222,-125.3220215905939,-2.605536315853268,-1.7328656758222376,25.30320825958914,-29.833430288685108,3.56,1.65,403.0,109.0,33.0,85.5,2429.0,5.9,778035,689414,670223,682927,681393,669364,669065,667472,660821,54.64,0.926625,1.8797500000000005,2.0,1.0,0.0,3.0,6.0,40,1,Slider,2,1,1,2,2,2,2,2,Standard,Standard,279.0,-0.16,1.114,75.7,8.4,3.7015,-1.114,109.0,1,-1,0.66,0.3399999999999999,27,30,28,31,1,2,2.0,1.0,5.0,1.0,2.88,-0.24,-0.24,37.4,30.53900985064531,-14.48541016771169,31.819246976589348,36.80714109633072,35.661738504151394
FF,2025-05-05,97.7,-1.54,5.96,"Ohtani, Shohei",660271,645261,home_run,hit_into_play,,,,,5.0,Shohei Ohtani homers (9) on a line drive to right center field. Hyeseong Kim scores.,R,L,R,MIA,LAD,X,,line_drive,3,2,2025,-1.14,1.03,-0.04,2.62,,808975.0,,0,5,Top,195.22,58.74,,,,,6.604527925959275,-141.8930828902086,-5.723546333032305,-16.958394223595782,37.2049471049928,-17.1558168119898,3.53,1.63,386.0,117.9,20.0,96.3,2229.0,5.9,778047,663743,676572,691594,688363,669364,669065,667472,660821,54.56,0.942,1.7375,2.0,1.0,0.0,3.0,6.0,34,6,4-Seam Fastball,0,3,3,0,5,0,5,0,Standard,Standard,237.0,-0.064,0.944,81.8,7.8,3.333,-0.944,117.9,-3,3,0.128,0.872,29,30,30,31,3,2,6.0,1.0,6.0,1.0,1.4,1.14,-1.14,32.7,9.88193285226369,-2.241194076836886,32.37641922510529,41.043871195991336,28.087436289701387
FS,2025-05-05,87.0,-1.02,5.84,"Ohtani, Shohei",660271,663969,field_out,hit_into_play,,,,,6.0,Shohei Ohtani flies out sharply to left fielder Kyle Stowers.,R,L,R,MIA,LAD,X,7.0,fly_ball,0,1,2025,-0.67,0.51,0.45,2.25,624424.0,,808975.0,2,6,Top,86.11,76.37,,,,,4.930870850349622,-126.69807069507704,-3.5159058722064724,-8.194584381359718,25.645727658635163,-26.153159877220748,3.53,1.63,320.0,102.8,44.0,87.6,1246.0,6.6,778047,663743,676572,691594,688363,669364,669065,667472,660821,53.87,0.111,0.213,0.0,1.0,0.0,0.0,3.0,47,2,Split-Finger,0,6,6,0,6,0,6,0,Standard,Standard,242.0,0.004,-0.237,78.9,7.8,0.416,0.237,102.8,-6,6,0.028,0.972,27,30,28,31,1,3,3.0,1.0,2.0,1.0,2.49,0.67,-0.67,30.6,12.8276525925058,-1.6120311178950422,40.264750825466194,35.54085920012345,30.158240443977103
SL,2025-05-04,85.1,-0.65,6.52,"Ohtani, Shohei",660271,693821,field_out,hit_into_play,,,,,6.0,Shohei Ohtani flies out sharply to center fielder Michael Harris II.,R,L,R,ATL,LAD,X,8.0,fly_ball,1,2,2025,0.14,-0.02,0.45,2.46,,,,2,5,Top,139.41,38.43,,,,,2.289654170926162,-123.90180472595831,-3.1528451377382334,1.0049220545975657,25.95103504883173,-31.92606902292764,3.5,1.62,397.0,110.1,39.0,84.9,2443.0,6.2,778060,686948,621566,645277,663586,669397,657077,671739,642201,54.27,0.6900000000000001,1.40775,0.0,1.0,0.0,0.0,6.0,38,4,Slider,4,1,1,4,1,4,1,4,Infield shade,Standard,54.0,0.007,-0.182,79.7,7.8,2.7647500000000003,0.182,110.1,3,-3,0.877,0.123,26,30,26,31,3,2,6.0,1.0,5.0,1.0,3.17,-0.14,0.14,54.0,12.787284519312248,-3.319031285767705,38.44647772924658,34.48986995822855,32.45027182439384
FF,2025-05-04,95.4,1.48,6.65,"Ohtani, Shohei",660271,669276,double,hit_into_play,,,,,2.0,Shohei Ohtani doubles (5) on a sharp line drive to center fielder Michael Harris II.,R,L,L,ATL,LAD,X,8.0,line_drive,2,2,2025,0.75,1.68,-0.15,3.23,,,,2,7,Top,155.93,76.3,,,,,-5.962637297199584,-138.77994202440547,-7.135008839499777,11.02772017884852,30.182300021750752,-9.086121498302616,3.5,1.62,210.0,109.5,12.0,95.3,2349.0,6.2,778060,686948,621566,645277,663586,669397,657077,671739,642201,54.33,0.846,0.874,1.25,1.0,1.0,1.0,5.0,55,5,4-Seam Fastball,4,3,3,4,3,4,3,4,Infield shade,Standard,157.0,-0.047,0.615,72.7,7.8,1.189,-0.615,109.5,1,-1,0.77,0.2299999999999999,30,30,31,31,1,3,2.0,1.0,3.0,1.0,0.82,0.75,0.75,48.1,11.735759577190723,0.1843725957441576,29.738140750142687,42.87841247076963,24.136724163275527
FC,2025-05-03,95.3,-2.08,5.49,"Ohtani, Shohei",660271,680885,single,hit_into_play,,,,,8.0,Shohei Ohtani singles on a ground ball to center fielder Michael Harris II.,R,L,R,ATL,LAD,X,8.0,ground_ball,2,1,2025,-0.14,0.86,0.03,2.2,,,,2,4,Top,141.4,89.47,,,,,5.921783884357279,-138.6875279621457,-5.054017296548286,-3.0775581886877155,27.973465796766668,-20.114472032709763,3.52,1.63,102.0,110.0,4.0,96.8,2257.0,6.9,778076,669221,621566,645277,663586,669397,657077,671739,642201,53.59,0.641,0.609,0.9,1.0,1.0,0.0,4.0,33,4,Cutter,1,3,3,1,3,1,3,1,Infield shade,Standard,206.0,-0.009,0.289,77.9,7.9,0.742,-0.289,110.0,-2,2,0.301,0.6990000000000001,25,30,25,31,3,2,6.0,1.0,5.0,1.0,1.63,0.14,-0.14,31.7,9.503452830188625,8.470367864317772,36.9227349487329,38.97404339113512,20.938063990475996
CU,2025-05-03,79.0,-2.2,5.4,"Ohtani, Shohei",660271,680885,home_run,hit_into_play,,,,,8.0,Shohei Ohtani homers (8) on a fly ball to center field.,R,L,R,ATL,LAD,X,,fly_ball,0,0,2025,0.9,-0.87,-0.03,2.18,,,,0,3,Top,108.59,32.17,,,,,3.0683607075218005,-114.97857743893417,1.463878459384636,7.413351714312786,21.773527987570855,-40.39192266067237,3.52,1.63,415.0,107.3,35.0,79.8,2309.0,6.9,778076,669221,621566,645277,663586,669397,657077,671739,642201,53.62,0.7577894736842105,1.5221052631578948,2.0,1.0,0.0,3.0,6.0,20,1,Curveball,1,1,1,1,2,1,2,1,Infield shade,Standard,41.0,-0.112,1.114,76.2,7.8,3.0061052631578953,-1.114,107.3,0,0,0.5,0.5,25,30,25,31,2,1,6.0,1.0,5.0,1.0,4.53,-0.9,0.9,36.4,14.60442410475476,3.928224359127601,40.28873754416178,40.25196925838383,27.64862123510759
FF,2025-05-03,98.6,-2.1,5.63,"Ohtani, Shohei",660271,680885,single,hit_into_play,,,,,5.0,Shohei Ohtani singles on a line drive to center fielder Michael Harris II.,R,L,R,ATL,LAD,X,8.0,line_drive,1,2,2025,-0.53,1.36,0.17,2.55,,,,0,1,Top,138.45,64.78,,,,,7.48528790099766,-143.3675569777894,-6.12562655964265,-9.074394912320262,33.784957207465496,-12.164430127061824,3.52,1.63,267.0,99.6,13.0,99.4,2385.0,6.8,778076,669221,621566,645277,663586,669397,657077,671739,642201,53.7,0.919,0.911,0.9,1.0,1.0,0.0,4.0,1,6,4-Seam Fastball,0,0,0,0,0,0,0,0,Infield shade,Standard,217.0,-0.042,0.508,77.6,7.8,1.173,-0.508,99.6,0,0,0.506,0.494,25,30,25,31,1,0,6.0,1.0,5.0,1.0,0.99,0.53,-0.53,34.2,8.064410684228834,3.48594684187382,34.7911229086575,38.30150907125767,21.450400518147273
FC,2025-05-02,91.4,-2.49,5.88,"Ohtani, Shohei",660271,656550,field_out,hit_into_play,,,,,6.0,"Shohei Ohtani grounds out, second baseman Ozzie Albies to first baseman Matt Olson.",R,L,R,ATL,LAD,X,4.0,ground_ball,0,0,2025,-0.01,0.74,0.35,2.46,,,,0,6,Top,143.41,147.41,,,,,7.144682534578859,-132.99169806546607,-4.351953090531897,-1.4669787245374546,25.057964092381585,-22.704304554340062,3.52,1.63,110.0,110.8,6.0,91.2,2507.0,5.9,778092,669221,621566,645277,663586,669397,657077,671739,642201,54.59,0.686,0.663,0.0,1.0,0.0,0.0,4.0,36,1,Cutter,0,1,1,0,1,0,1,0,Infield shade,Standard,214.0,0.025,-0.259,78.5,7.9,0.831,0.259,110.8,-1,1,0.34,0.6599999999999999,29,30,29,31,3,2,6.0,2.0,5.0,1.0,1.97,0.01,-0.01,34.8,13.507007563103324,2.5182619193712124,37.03432140926448,34.1908063832114,23.683205667629775
SL,2025-05-02,87.7,-1.73,5.93,"Ohtani, Shohei",660271,678226,field_out,hit_into_play,,,,,5.0,Shohei Ohtani lines out to right fielder Eli White.,R,L,R,ATL,LAD,X,9.0,line_drive,3,1,2025,0.34,0.01,-0.04,2.3,,,621035.0,1,8,Top,177.29,95.37,,,,,3.3873742201359156,-127.7660842750411,-2.7080262499634538,3.0899041166354047,24.86731665096156,-31.76348305613324,3.52,1.63,345.0,110.3,20.0,87.8,2773.0,6.1,778092,669221,621566,645277,663586,669397,657077,671739,642201,54.36,0.7808285714285714,1.3927714285714283,0.0,1.0,0.0,0.0,6.0,53,5,Slider,1,2,2,1,2,1,2,1,Infield shade,Standard,124.0,0.043,-0.406,76.8,8.3,2.6388,0.406,110.3,-1,1,0.24,0.76,28,30,29,31,1,3,4.0,2.0,2.0,1.0,2.94,-0.34,0.34,37.2,15.110825464884188,-0.4486547405287825,37.34216550390777,40.45617261332576,26.235543154371975
FS,2025-04-30,86.6,-1.32,6.27,"Ohtani, Shohei",660271,615698,force_out,hit_into_play,,,,,11.0,"Shohei Ohtani grounds into a force out, pitcher Cal Quantrill to shortstop Xavier Edwards. Michael Conforto to 3rd. Austin Barnes out at 2nd. Shohei Ohtani to 1st.",R,L,R,LAD,MIA,X,1.0,ground_ball,1,2,2025,-1.16,0.35,-1.41,2.7,,624424.0,605131.0,0,3,Bot,128.34,180.45,,,,,2.1541566777353474,-126.04405360239504,-3.0194949260440564,-12.786255264419554,27.002544144344885,-28.014483435384832,3.49,1.62,2.0,68.3,-46.0,86.6,1250.0,6.4,778109,689414,670223,672640,681393,669364,676572,660821,669065,54.08,0.175,0.168,0.0,1.0,0.0,0.0,2.0,20,4,Split-Finger,1,0,1,0,0,1,1,0,Standard,Standard,233.0,-0.007,-0.242,65.2,7.9,0.175,0.242,88.0,1,1,0.737,0.737,30,30,30,31,2,1,5.0,1.0,6.0,2.0,2.7,1.16,-1.16,43.6,10.944478344651614,-4.298395779042045,22.29322040492944,56.93540267911753,24.28519113393384
FF,2025-04-30,93.8,2.27,5.99,"Ohtani, Shohei",660271,685107,field_out,hit_into_play,,,,,6.0,Shohei Ohtani pops out sharply to third baseman Connor Norby.,R,L,L,LAD,MIA,X,5.0,popup,2,1,2025,0.67,1.1,0.62,2.63,,,605131.0,2,4,Bot,96.87,135.06,,,,,-5.728585900731919,-136.51689429814917,-5.375470205120511,9.702143963095091,30.0581522462685,-17.453417361442753,3.49,1.62,154.0,101.3,67.0,93.3,2181.0,6.0,778109,689414,670223,672640,681393,669364,676572,660821,669065,54.51,0.008,0.007,0.0,1.0,0.0,0.0,3.0,34,4,4-Seam Fastball,4,2,4,2,2,4,4,2,Infield shade,Standard,137.0,-0.017,-0.309,80.3,7.9,0.008,0.309,101.3,2,2,0.768,0.768,27,30,28,31,1,2,2.0,1.0,3.0,2.0,1.49,0.67,0.67,35.3,17.225547439177173,-8.870720227468858,38.11517283059091,33.17325280113859,34.119737078891674
FS,2025-04-30,81.3,-1.14,5.96,"Ohtani, Shohei",660271,678215,triple,hit_into_play,,,,,8.0,Shohei Ohtani triples (3) on a sharp fly ball to center fielder Jesús Sánchez.,R,L,R,LAD,MIA,X,8.0,fly_ball,1,1,2025,-0.26,0.09,-0.26,2.01,,,,0,8,Bot,117.51,38.13,,,,,2.464954196526169,-118.57754109661728,-2.555347241916519,-2.828778075318598,18.852914435536707,-31.061375732118428,3.49,1.62,398.0,101.5,24.0,81.7,1181.0,6.0,778109,689414,676572,672640,681393,669364,691594,660821,669065,54.47,0.5408285714285713,0.9651714285714286,1.6,1.0,1.0,2.0,6.0,67,3,Split-Finger,9,3,9,3,3,9,9,3,Strategic,Standard,222.0,0.001,0.932,73.5,7.9,1.8485142857142856,-0.932,101.5,6,6,0.998,0.998,24,30,25,31,1,4,3.0,1.0,126.0,2.0,3.29,0.26,-0.26,35.0,7.134498454834774,4.143253073670576,37.15614322475861,42.20042125687105,25.50990668457413
SI,2025-04-30,92.0,-1.25,6.38,"Ohtani, Shohei",660271,615698,field_out,hit_into_play,,,,,4.0,Shohei Ohtani flies out to shortstop Xavier Edwards.,R,L,R,LAD,MIA,X,6.0,fly_ball,2,0,2025,-1.1,1.18,-0.44,2.54,,,,0,1,Bot,98.08,132.04,,,,,4.443280680279573,-133.85452803433805,-6.433850050296895,-14.18740582894914,29.324286576551085,-16.824947505353204,3.49,1.62,189.0,97.4,63.0,91.9,2104.0,6.3,778109,689414,670223,672640,681393,669364,676572,660821,669065,54.21,0.013,0.012,0.0,1.0,0.0,0.0,3.0,4,3,Sinker,0,0,0,0,0,0,0,0,Infield shade,Standard,220.0,-0.032,-0.378,79.8,8.6,0.015,0.378,97.4,0,0,0.558,0.558,30,30,30,31,1,0,5.0,1.0,6.0,2.0,1.52,1.1,-1.1,45.0,18.426336549040528,-8.42349851379497,33.76990531185094,45.28723024318182,29.141111296520048
FF,2025-04-29,94.3,-1.34,5.92,"Ohtani, Shohei",660271,663969,field_out,hit_into_play,,,,,5.0,"Shohei Ohtani grounds out sharply, second baseman Otto Lopez to first baseman Eric Wagaman.",R,L,R,LAD,MIA,X,4.0,ground_ball,1,1,2025,-0.13,0.85,0.26,2.31,,,,2,5,Bot,148.37,148.98,,,,,4.467135745337949,-137.2704641847466,-5.585108156657235,-2.617314677388482,29.1485511366684,-20.452112860759495,3.48,1.6,95.0,108.0,5.0,94.5,2183.0,6.3,778123,682663,676572,672640,681393,669364,691594,667472,660821,54.19,0.628,0.594,0.0,1.0,0.0,0.0,4.0,46,3,4-Seam Fastball,7,1,7,1,1,7,7,1,Infield shade,Standard,214.0,-0.001,-0.244,77.5,7.8,0.718,0.244,108.0,6,6,0.974,0.974,27,30,28,31,1,3,2.0,1.0,3.0,1.0,1.71,0.13,-0.13,32.1,11.99373564798447,9.133834105562537,37.73194355267723,35.92763944438926,22.861040486203628
SI,2025-04-29,95.5,-1.83,5.97,"Ohtani, Shohei",660271,645261,home_run,hit_into_play,,,,,9.0,Shohei Ohtani homers (7) on a fly ball to right field.,R,L,R,LAD,MIA,X,,fly_ball,0,0,2025,-1.65,0.74,0.36,2.18,,,,0,1,Bot,228.25,80.6,,,,,9.38462485940951,-138.69727138147388,-5.9160337635237745,-23.440762133590653,31.488480179345324,-21.47558154348452,3.48,1.6,394.0,114.1,23.0,94.5,2323.0,5.8,778123,682663,676572,672640,681393,669364,691594,667472,660821,54.67,0.9808,1.9414,2.0,1.0,0.0,3.0,6.0,6,1,Sinker,0,1,0,1,1,1,1,1,Infield shade,Standard,234.0,0.1,1.114,80.5,8.1,3.8134,-1.114,114.1,-1,-1,0.448,0.448,29,30,30,31,1,0,6.0,1.0,6.0,1.0,1.77,1.65,-1.65,29.9,18.463877807823852,-7.55189032654764,39.17255445178233,34.80167079137857,32.4328475909648
SL,2025-04-28,88.9,-1.81,5.79,"Ohtani, Shohei",660271,665795,single,hit_into_play,,,,,8.0,Shohei Ohtani singles on a sharp line drive to right fielder Kyle Stowers.,R,L,R,LAD,MIA,X,9.0,line_drive,2,1,2025,-0.06,0.12,-0.04,1.86,,,,0,1,Bot,184.72,108.47,,,,,4.465616982403267,-129.4789362961944,-3.881858645702728,-1.5348713776206024,25.39964694014171,-30.27823533481479,3.46,1.6,268.0,101.3,18.0,89.4,2437.0,6.4,778132,682663,670223,672640,688363,669364,676572,660821,669065,54.1,0.403,0.463,0.9,1.0,1.0,0.0,5.0,4,4,Slider,0,0,0,0,0,0,0,0,Infield shade,Standard,191.0,0.032,0.392,77.9,8.4,0.717,-0.392,101.3,0,0,0.551,0.551,27,30,27,31,1,0,6.0,1.0,6.0,1.0,2.75,0.06,-0.06,31.3,18.39765645033525,-8.165274565819667,41.93596869258811,40.622847846608174,32.500310477151864
SI,2025-04-27,92.0,1.53,5.79,"Ohtani, Shohei",660271,663559,double,hit_into_play,,,,,14.0,Shohei Ohtani doubles (4) on a sharp line drive to right fielder Bryan Reynolds. Enrique Hernández to 3rd.,R,L,L,LAD,PIT,X,9.0,line_drive,2,0,2025,0.62,1.57,0.87,2.38,,,571771.0,1,2,Bot,204.65,120.95,,,,,-3.05184998325278,-133.88798737446209,-6.300872925573632,8.14384543797671,28.683036793887464,-12.129698048285762,3.46,1.59,273.0,113.3,16.0,93.3,1872.0,7.0,778145,663698,665839,624428,663647,643396,502054,665833,668804,53.48,0.5993999999999999,0.926,1.25,1.0,1.0,1.0,6.0,18,3,Sinker,4,2,4,2,2,4,4,2,Standard,Standard,165.0,0.052,0.688,80.4,8.0,1.6523,-0.688,113.3,2,2,0.756,0.756,28,30,28,31,2,1,5.0,1.0,6.0,1.0,1.12,0.62,0.62,51.6,21.67483659116832,-11.684449565837836,39.95160005878358,31.103564645245463,35.17810927117138
FC,2025-04-27,91.5,-1.7,5.64,"Ohtani, Shohei",660271,670059,single,hit_into_play,,,,,5.0,Shohei Ohtani singles on a ground ball to right fielder Bryan Reynolds.,R,L,R,LAD,PIT,X,9.0,ground_ball,1,0,2025,0.08,0.53,0.08,2.65,,,,1,7,Bot,185.54,115.69,,,,,4.3316168458497035,-133.30136472011867,-2.909578889829083,0.1386584884482378,24.934450847542987,-25.476158459220706,3.46,1.59,11.0,97.1,-14.0,92.3,2387.0,6.4,778145,663698,685301,624428,663647,643396,502054,665833,668804,54.06,0.154,0.149,0.9,1.0,1.0,0.0,2.0,64,2,Cutter,9,2,9,2,2,9,9,2,Infield shade,Standard,202.0,0.001,0.375,80.6,7.9,0.154,-0.375,97.1,7,7,0.996,0.996,29,30,30,31,1,4,1.0,1.0,2.0,1.0,2.16,-0.08,0.08,28.1,13.14845308488485,-3.647487762792492,35.420261276157056,38.48180021760284,27.172025002900767
CH,2025-04-26,88.9,-1.76,5.86,"Ohtani, Shohei",660271,656605,triple,hit_into_play,,,,,9.0,Shohei Ohtani triples (2) on a line drive to right fielder Bryan Reynolds.,R,L,R,LAD,PIT,X,9.0,line_drive,3,2,2025,-0.96,0.05,0.3,2.06,,,,1,5,Bot,217.96,108.07,,,,,7.028244389649158,-129.3221557816705,-3.36908348311516,-12.239371267430146,27.440294975773455,-31.137660131405912,3.49,1.59,190.0,99.3,12.0,88.6,1708.0,6.1,778163,663698,665839,624428,663647,643396,502054,665833,668804,54.35,0.937,0.913,1.6,1.0,1.0,2.0,4.0,40,7,Changeup,2,3,2,3,3,2,2,3,Strategic,Standard,249.0,0.101,0.996,76.9,8.4,1.136,-0.996,99.3,-1,-1,0.388,0.388,29,30,29,31,3,2,6.0,1.0,6.0,1.0,2.84,0.96,-0.96,39.7,15.52684262606677,-7.323265397323147,39.38599394665756,36.02812516111932,32.6025056222253
FF,2025-04-26,93.5,0.95,6.22,"Ohtani, Shohei",660271,666214,field_out,hit_into_play,,,,,1.0,Shohei Ohtani lines out sharply to second baseman Adam Frazier.,R,L,L,LAD,PIT,X,4.0,line_drive,1,1,2025,0.17,1.51,-0.42,3.09,571970.0,,681624.0,0,8,Bot,142.62,164.38,,,,,-3.960569528150911,-136.07313489159435,-5.771978398261048,2.9121067211199083,28.94774974523717,-12.28439789851829,3.49,1.59,112.0,100.1,6.0,95.3,2317.0,7.3,778163,663698,669707,624428,663647,643396,502054,665833,668804,53.25,0.595,0.548,0.0,1.0,0.0,0.0,4.0,73,3,4-Seam Fastball,8,4,8,4,4,8,8,4,Strategic,Standard,159.0,-0.002,-0.235,72.4,7.8,0.676,0.235,100.1,4,4,0.994,0.994,27,30,28,31,1,4,6.0,1.0,3.0,1.0,1.09,0.17,0.17,57.8,11.580444028874656,-7.702004692563179,28.023475512962214,44.675170053906456,27.00685726388522
FF,2025-04-26,93.2,2.29,5.85,"Ohtani, Shohei",660271,657571,double,hit_into_play,,,,,5.0,Shohei Ohtani doubles (3) on a sharp line drive to center fielder Oneil Cruz. Andy Pages scores.,R,L,L,LAD,PIT,X,8.0,line_drive,0,2,2025,0.42,1.23,0.15,2.35,,,681624.0,1,7,Bot,79.05,58.38,,,,,-6.431300471807379,-135.63630270304455,-5.9911507995681275,6.54444633027741,26.99866374046018,-15.888101271723746,3.49,1.59,331.0,107.7,16.0,93.6,2184.0,6.3,778163,663698,669707,624428,663647,643396,502054,665833,668804,54.18,0.58,0.672,1.25,1.0,1.0,1.0,6.0,59,5,4-Seam Fastball,3,4,3,4,4,4,4,4,Standard,Standard,146.0,0.278,0.878,72.1,7.4,1.01,-0.878,107.7,-1,-1,0.348,0.348,28,30,29,31,1,3,3.0,1.0,4.0,1.0,1.38,0.42,0.42,46.2,1.7698281722526876,6.360799310000615,36.13005050604879,38.25781979593622,19.873744380682204
ST,2025-04-26,81.4,-1.94,5.68,"Ohtani, Shohei",660271,656605,double,hit_into_play,,,,,3.0,Shohei Ohtani doubles (2) on a sharp line drive to center fielder Oneil Cruz.,R,L,R,LAD,PIT,X,8.0,line_drive,0,1,2025,1.62,0.12,0.49,2.94,,,,0,1,Bot,166.0,53.2,,,,,2.349461224261431,-118.51328111823004,0.2735792752372254,14.663730084824548,24.770617701262218,-31.36959232968147,3.49,1.59,326.0,100.8,22.0,81.1,2693.0,6.3,778163,663698,665839,624428,663647,643396,502054,665833,668804,54.23,0.3904782608695653,0.6398260869565217,1.25,1.0,1.0,1.0,5.0,5,2,Sweeper,0,1,0,1,1,0,0,1,Standard,Standard,54.0,0.066,0.756,80.2,7.4,1.1776956521739128,-0.756,100.8,-1,-1,0.444,0.444,29,30,29,31,1,0,6.0,1.0,6.0,1.0,3.35,-1.62,1.62,32.9,12.457326590039813,3.8088871201121,36.21406458951803,33.581717767026234,27.14660599273123
CH,2025-04-25,88.6,-2.82,5.53,"Ohtani, Shohei",660271,694973,fielders_choice_out,hit_into_play,,,,,13.0,"Shohei Ohtani reaches on a fielder's choice out, pitcher Paul Skenes to third baseman Ke'Bryan Hayes to shortstop Isiah Kiner-Falefa to pitcher Paul Skenes to third baseman Ke'Bryan Hayes to shortstop Isiah Kiner-Falefa. Andy Pages out at 3rd. Shohei Ohtani to 2nd.",R,L,R,LAD,PIT,X,1.0,ground_ball,2,2,2025,-1.45,0.35,-1.72,1.48,,681624.0,,1,3,Bot,127.53,179.44,,,,,5.711726993112707,-128.85216000233802,-4.5265824511671235,-17.389381557089575,27.22877273791776,-27.568363077008073,3.49,1.6,2.0,59.2,-31.0,88.3,1790.0,6.2,778176,680779,665839,624428,663647,643396,502054,665833,668804,54.3,0.084,0.082,0.0,1.0,0.0,0.0,1.0,24,6,Changeup,0,1,0,1,1,0,0,1,Standard,Standard,265.0,-0.039,-0.211,55.8,8.7,0.085,0.211,88.0,-1,-1,0.456,0.456,23,30,23,31,2,1,6.0,2.0,6.0,1.0,2.57,1.45,-1.45,16.1,16.065661458553773,-2.55772993570937,32.380302374323165,59.74297046225471,22.201703527861227
SL,2025-04-25,86.4,-1.99,5.7,"Ohtani, Shohei",660271,642701,field_out,hit_into_play,,,,,8.0,Shohei Ohtani flies out sharply to center fielder Oneil Cruz.,R,L,R,LAD,PIT,X,8.0,fly_ball,2,1,2025,0.25,0.1,0.23,2.13,,,681624.0,0,8,Bot,120.33,67.92,,,,,4.758421709375397,-125.81391061787237,-2.542596337658014,1.8713865507561784,22.51000487299807,-30.84861689672135,3.49,1.6,325.0,106.5,45.0,86.4,2361.0,6.0,778176,680779,669707,624428,663647,643396,502054,665833,668804,54.53,0.157,0.306,0.0,1.0,0.0,0.0,5.0,62,4,Slider,0,3,0,3,3,0,0,3,Standard,Standard,177.0,-0.057,-0.278,76.3,8.2,0.597,0.278,106.5,-3,-3,0.149,0.149,29,30,29,31,1,3,2.0,2.0,9.0,1.0,2.92,-0.25,0.25,33.7,15.038281447678004,-9.421424800875764,44.398068373656926,36.5640302382226,32.17461274075937
FF,2025-04-25,99.0,-2.81,5.53,"Ohtani, Shohei",660271,694973,field_out,hit_into_play,,,,,1.0,Shohei Ohtani flies out to center fielder Oneil Cruz.,R,L,R,LAD,PIT,X,8.0,fly_ball,3,2,2025,-1.0,0.92,-0.6,3.52,,,,0,1,Bot,142.67,65.75,,,,,8.355759901766438,-143.862454617463,-2.178470495804979,-15.81986944832578,34.54382950213697,-19.08923169754069,3.49,1.6,333.0,99.2,38.0,98.9,2121.0,6.4,778176,680779,665839,624428,663647,643396,502054,665833,668804,54.1,0.2208571428571428,0.4398571428571429,0.0,1.0,0.0,0.0,3.0,7,6,4-Seam Fastball,0,1,0,1,1,0,0,1,Standard,Standard,240.0,-0.03,-0.345,77.4,7.6,0.8712857142857143,0.345,99.2,-1,-1,0.454,0.454,23,30,23,31,1,0,6.0,2.0,6.0,1.0,1.42,1.0,-1.0,23.6,13.610919067464948,0.5147015040938879,23.71337117943248,46.49195391639476,26.731992062728125
FF,2025-04-23,94.6,2.43,5.34,"Ohtani, Shohei",660271,571510,field_out,hit_into_play,,,,,12.0,Shohei Ohtani pops out to shortstop Dansby Swanson.,R,L,L,CHC,LAD,X,6.0,popup,1,1,2025,1.13,1.21,1.49,3.41,624424.0,605131.0,,2,6,Top,105.55,153.12,,,,,-4.987057065649572,-137.68444809045988,-2.0134863000094265,15.4507115682136,33.40324643144265,-16.635789623074384,3.52,1.61,132.0,56.4,53.0,94.8,2438.0,6.6,778205,608348,683737,663538,542932,621020,664023,691718,663656,53.92,0.025,0.023,0.0,1.0,0.0,0.0,1.0,54,3,4-Seam Fastball,7,6,6,7,6,7,6,7,Standard,Standard,125.0,0.091,-0.271,72.7,6.5,0.025,0.271,88.0,1,-1,0.649,0.351,34,30,34,31,4,3,7.0,1.0,7.0,2.0,1.36,1.13,1.13,19.8,6.97448988700984,7.114662295870544,37.11190715962175,23.383960969811103,23.921303327284765
FF,2025-04-23,93.3,2.45,5.35,"Ohtani, Shohei",660271,571510,field_out,hit_into_play,,,,,2.0,Shohei Ohtani flies out to left fielder Ian Happ.,R,L,L,CHC,LAD,X,7.0,fly_ball,0,1,2025,0.94,1.12,0.15,3.27,,500743.0,605131.0,0,5,Top,62.41,103.42,,,,,-8.034126691001857,-135.7181094626363,-2.082528597537834,13.399590329401804,30.03339975455087,-18.064905657684218,3.52,1.61,285.0,88.6,44.0,93.9,2332.0,6.7,778205,608348,683737,663538,542932,621020,664023,691718,663656,53.8,0.001,0.0,0.0,1.0,0.0,0.0,3.0,37,2,4-Seam Fastball,3,2,2,3,2,3,2,3,Standard,Standard,126.0,0.061,-0.21,75.1,7.4,0.001,0.21,88.6,1,-1,0.518,0.482,34,30,34,31,3,2,7.0,1.0,7.0,2.0,1.5,0.94,0.94,19.5,3.056810416630189,4.454429736280884,26.65639946339062,40.710660616135016,23.13967655999319
SL,2025-04-23,84.7,2.87,4.9,"Ohtani, Shohei",660271,571510,single,hit_into_play,,,,,5.0,Shohei Ohtani singles on a fly ball to right fielder Kyle Tucker. Michael Conforto to 3rd. Austin Barnes to 2nd.,R,L,L,CHC,LAD,X,9.0,fly_ball,0,2,2025,0.04,0.1,-0.15,2.41,,624424.0,605131.0,1,3,Top,165.31,115.34,,,,,-7.142551829196596,-123.23224062012176,0.3084108125467228,1.7967879688257808,23.104016205820464,-31.459055108142127,3.52,1.61,224.0,67.9,34.0,84.8,2590.0,6.2,778205,608348,683737,663538,542932,621020,664023,691718,663656,54.28,0.828,0.829,0.9,1.0,1.0,0.0,4.0,17,3,Slider,0,0,0,0,0,0,0,0,Standard,Standard,312.0,-0.084,0.564,61.0,8.3,0.979,-0.564,88.0,0,0,0.473,0.527,34,30,34,31,2,1,7.0,1.0,7.0,2.0,3.07,0.04,0.04,12.5,10.938451172931869,-12.75458193051802,31.821341566097644,43.967888513665955,28.61422637451007
FF,2025-04-23,94.9,2.47,5.46,"Ohtani, Shohei",660271,571510,field_out,hit_into_play,,,,,6.0,Shohei Ohtani flies out sharply to left fielder Ian Happ.,R,L,L,CHC,LAD,X,7.0,fly_ball,0,0,2025,1.27,1.07,0.77,2.27,,,,0,1,Top,49.49,97.13,,,,,-7.310773532806383,-137.98119628611937,-5.1095659595154785,17.807615527892008,29.55419353442281,-17.544290710327545,3.52,1.61,315.0,100.1,44.0,95.2,2327.0,6.4,778205,608348,683737,663538,542932,621020,664023,691718,663656,54.05,0.068,0.119,0.0,1.0,0.0,0.0,3.0,1,1,4-Seam Fastball,0,0,0,0,0,0,0,0,Infield shade,Standard,122.0,0.022,-0.259,84.0,8.0,0.223,0.259,100.1,0,0,0.5,0.5,34,30,34,31,1,0,7.0,1.0,7.0,2.0,1.46,1.27,1.27,20.9,14.028786608770073,-4.760155269022496,38.581878281774486,33.16438972958979,27.759613586201056
FF,2025-04-22,91.5,2.47,5.49,"Ohtani, Shohei",660271,684007,single,hit_into_play,,,,,5.0,"Shohei Ohtani singles on a ground ball to shortstop Dansby Swanson, deflected by third baseman Gage Workman.",R,L,L,CHC,LAD,X,5.0,ground_ball,1,0,2025,0.8,1.54,0.06,2.24,,,,0,1,Top,106.16,135.4,,,,,-7.768840747529997,-132.84482539446805,-5.561407944554227,11.288855517509408,31.380679228489168,-12.946732386840935,3.53,1.6,95.0,77.1,9.0,90.8,2536.0,6.2,778220,665804,683737,663538,669398,621020,664023,691718,663656,54.29,0.299,0.269,0.9,1.0,1.0,0.0,2.0,1,2,4-Seam Fastball,0,0,0,0,0,0,0,0,Infield shade,Standard,146.0,-0.032,0.396,77.6,8.5,0.299,-0.396,88.0,0,0,0.496,0.504,31,30,32,31,1,0,7.0,2.0,7.0,1.0,1.22,0.8,0.8,38.0,21.898395483116765,-18.804178501189817,37.88946707350792,40.46411638490458,44.30040303154826
FC,2025-04-20,85.1,-1.99,5.44,"Ohtani, Shohei",660271,641816,field_out,hit_into_play,,,,,5.0,Shohei Ohtani grounds out to first baseman Jake Burger.,R,L,R,TEX,LAD,X,3.0,ground_ball,0,0,2025,-0.07,0.74,-0.02,2.6,,,,2,5,Top,159.42,164.86,,,,,4.759152420973379,-123.88052966411068,-1.83584760972196,-1.7048890222206106,25.07395785961404,-24.382719988154612,3.53,1.59,14.0,78.7,-11.0,85.0,2326.0,6.2,778234,641680,669394,543760,673962,608369,694671,687957,666969,54.26,0.061,0.06,0.0,1.0,0.0,0.0,2.0,35,1,Cutter,0,0,0,0,0,0,0,0,Infield shade,Standard,194.0,0.015,-0.26,82.0,8.3,0.063,0.26,88.0,0,0,0.552,0.4479999999999999,30,30,31,31,3,2,5.0,4.0,6.0,2.0,2.41,0.07,-0.07,37.6,18.342276269202273,-11.75712256683537,35.591971880163214,39.49143290234053,38.304790823044186
FS,2025-04-20,83.6,-2.05,5.62,"Ohtani, Shohei",660271,641816,field_out,hit_into_play,,,,,11.0,"Shohei Ohtani grounds out, second baseman Marcus Semien to first baseman Jake Burger.",R,L,R,TEX,LAD,X,4.0,ground_ball,2,2,2025,-1.15,0.55,-1.62,2.64,,,,0,1,Top,142.35,153.37,,,,,3.2561354366227024,-121.6811564532724,-1.5070446616009412,-12.020669110520622,25.346013748648048,-26.63148674869364,3.53,1.59,17.0,82.0,-7.0,83.9,1657.0,6.6,778234,641680,669394,543760,673962,608369,694671,687957,666969,53.91,0.099,0.096,0.0,1.0,0.0,0.0,2.0,1,5,Split-Finger,0,0,0,0,0,0,0,0,Infield shade,Standard,224.0,0.02,-0.232,61.1,8.5,0.109,0.232,88.0,0,0,0.502,0.498,30,30,31,31,1,0,5.0,4.0,6.0,2.0,2.72,1.15,-1.15,38.1,8.591324089330625,-7.812160542535297,23.780599349015375,59.184978656986,22.83515083764727
FF,2025-04-16,95.3,-1.59,6.14,"Ohtani, Shohei",660271,608566,single,hit_into_play,,,,,8.0,Shohei Ohtani singles on a sharp line drive to right fielder Nick Martini. Austin Barnes scores.,R,L,R,LAD,COL,X,9.0,line_drive,0,0,2025,-0.86,1.2,0.24,1.82,,605131.0,,2,1,Bot,164.28,90.16,,,,,6.633169262326967,-138.47997030228538,-8.2753924980046,-12.56738250850122,30.275789754763416,-15.01019066470775,3.53,1.59,287.0,108.5,15.0,93.8,2235.0,5.4,778287,690924,669911,691182,641857,571657,656248,666160,605361,55.06,0.633,0.726,0.9,1.0,1.0,0.0,5.0,16,1,4-Seam Fastball,6,1,6,1,1,7,7,1,Standard,Standard,219.0,0.03,0.673,78.0,7.9,1.07,-0.673,108.5,5,5,0.902,0.902,30,30,30,31,2,1,5.0,1.0,8.0,4.0,1.31,0.86,-0.86,40.2,12.147015274790787,3.1540420675108396,43.789160926244136,36.50012949494612,27.17994125172751
FF,2025-04-16,95.5,-0.67,6.41,"Ohtani, Shohei",660271,641755,field_out,hit_into_play,,,,,6.0,"Shohei Ohtani grounds out, first baseman Michael Toglia to pitcher Tyler Kinley.",R,L,R,LAD,COL,X,3.0,ground_ball,0,0,2025,-0.06,1.16,0.71,2.58,,,,1,8,Bot,174.57,154.39,,,,,3.73888534504216,-138.99107028898433,-7.032818419088446,-1.5828857198806323,29.052301117125484,-15.752999971794502,3.53,1.59,12.0,96.0,-12.0,94.5,2308.0,5.6,778287,690924,669911,691182,641857,571657,656248,666160,605361,54.94,0.172,0.166,0.0,1.0,0.0,0.0,2.0,72,1,4-Seam Fastball,8,7,8,7,7,8,8,7,Standard,Standard,207.0,-0.01,-0.254,76.5,7.6,0.185,0.254,96.0,1,1,0.853,0.853,34,30,34,31,1,4,2.0,1.0,3.0,4.0,1.32,0.06,-0.06,45.3,15.714161524082929,-1.5613569932203506,39.0674022450004,30.659214745949292,28.60418458348924
KC,2025-04-16,85.1,-1.4,6.3,"Ohtani, Shohei",660271,608566,home_run,hit_into_play,,,,,6.0,Shohei Ohtani homers (6) on a fly ball to right field.,R,L,R,LAD,COL,X,,fly_ball,1,2,2025,0.76,0.16,0.28,2.71,,,,0,1,Bot,220.43,53.0,,,,,2.4001136967563923,-123.99982571915196,-2.435060765050873,7.364243668481727,24.460371305271597,-30.2990576564556,3.53,1.59,448.0,111.0,32.0,83.8,2583.0,5.3,778287,690924,669911,691182,641857,571657,656248,666160,605361,55.15,0.971,2.0,2.0,1.0,0.0,3.0,6.0,7,4,Knuckle Curve,0,1,0,1,1,1,1,1,Strategic,Standard,19.0,0.106,1.184,80.4,8.0,3.89,-1.184,111.0,-1,-1,0.442,0.442,30,30,30,31,1,0,5.0,1.0,8.0,4.0,2.98,-0.76,0.76,44.6,19.8802181031091,-10.26573563290458,35.64008089459071,35.94464576765327,33.13438494316043
FS,2025-04-15,92.6,-2.63,5.67,"Ohtani, Shohei",660271,678020,force_out,hit_into_play,,,,,11.0,"Shohei Ohtani grounds into a force out, pitcher Seth Halvorsen to shortstop Ezequiel Tovar. Andy Pages out at 2nd. Shohei Ohtani to 1st.",R,L,R,LAD,COL,X,1.0,ground_ball,0,2,2025,-1.09,0.19,-1.55,2.71,,,681624.0,0,8,Bot,128.16,185.89,,,,,5.209458466347434,-134.79439624187845,-2.1883660502194964,-14.452110536855931,29.10686068388644,-29.61828640766657,3.53,1.59,6.0,66.8,-21.0,93.7,1701.0,6.9,778302,607732,571657,691182,641857,678662,691728,666160,605361,53.62,0.028,0.039,0.0,1.0,0.0,0.0,2.0,71,3,Split-Finger,5,2,5,2,2,5,5,2,Strategic,Standard,236.0,-0.003,-0.24,57.7,7.8,0.028,0.24,88.0,3,3,0.976,0.976,25,30,25,31,1,4,5.0,1.0,5.0,1.0,2.47,1.09,-1.09,38.0,2.995388125953724,7.73732738405234,23.439252037975052,58.57768787432601,8.472612527319999
SI,2025-04-15,93.6,-2.72,5.09,"Ohtani, Shohei",660271,656234,force_out,hit_into_play,,,,,13.0,"Shohei Ohtani grounds into a force out, second baseman Adael Amador to shortstop Ezequiel Tovar. Andy Pages out at 2nd.",R,L,R,LAD,COL,X,4.0,ground_ball,0,0,2025,-1.11,-0.06,-0.88,1.87,571970.0,621035.0,681624.0,2,3,Bot,145.1,148.98,,,,,7.115958489962501,-136.168596786958,-2.4534932204442343,-15.337484014713738,28.67903066802064,-32.59738828683356,3.53,1.59,18.0,87.0,-5.0,92.9,1822.0,5.8,778302,607732,571657,691182,641857,678662,691728,666160,605361,54.73,0.17,0.162,0.0,1.0,0.0,0.0,2.0,31,1,Sinker,5,0,5,0,0,5,5,0,Standard,Standard,241.0,-0.016,-0.255,69.7,8.3,0.198,0.255,88.0,5,5,0.937,0.937,29,30,30,31,1,2,2.0,1.0,4.0,1.0,2.65,1.11,-1.11,16.8,9.794683678532245,3.5868121607396053,32.9545041040305,50.160497786696574,21.96648191168306
CH,2025-04-14,86.6,-2.29,6.17,"Ohtani, Shohei",660271,622608,field_out,hit_into_play,,,,,4.0,Shohei Ohtani flies out sharply to right fielder Nick Martini.,R,L,R,LAD,COL,X,9.0,fly_ball,3,2,2025,-0.39,0.71,-0.37,2.29,571970.0,,571771.0,2,4,Bot,161.08,48.82,,,,,5.3798329148241555,-126.07663580053618,-4.524988197947783,-5.26186203284136,24.252007849833237,-23.923312197249228,3.52,1.58,381.0,104.9,34.0,86.5,2147.0,6.1,778326,696100,669911,691182,641857,678662,691728,666160,605361,54.45,0.6186666666666666,1.2438888888888888,0.0,1.0,0.0,0.0,6.0,33,6,Changeup,3,0,3,0,0,3,3,0,Standard,Standard,203.0,-0.025,-0.286,74.5,8.3,2.455444444444444,0.286,104.9,3,3,0.861,0.861,30,30,30,31,3,2,5.0,1.0,6.0,1.0,2.32,0.39,-0.39,44.8,12.938512223608116,-6.194498778586138,36.74172238716644,43.303678306385535,28.232737755782164
FF,2025-04-14,97.9,-2.07,6.34,"Ohtani, Shohei",660271,622608,home_run,hit_into_play,,,,,1.0,Shohei Ohtani homers (5) on a fly ball to center field.,R,L,R,LAD,COL,X,,fly_ball,2,2,2025,-0.57,1.29,-0.59,3.19,,,,0,3,Bot,117.35,34.26,,,,,5.316086587861236,-142.49021844091888,-5.958488874618295,-8.989438831681143,32.862864539273914,-13.48180155789838,3.52,1.58,408.0,112.0,30.0,97.7,2177.0,6.1,778326,696100,669911,691182,641857,678662,691728,666160,605361,54.35,0.983,1.9868,2.0,1.0,0.0,3.0,6.0,20,6,4-Seam Fastball,2,0,2,0,0,3,3,0,Strategic,Standard,204.0,0.077,1.141,74.3,7.7,3.9318,-1.141,112.0,2,2,0.762,0.762,30,30,30,31,2,1,5.0,1.0,6.0,1.0,1.09,0.57,-0.57,53.4,7.784972081699751,4.5405748940375465,26.542964591908163,46.08966761158917,22.317469132875235
CU,2025-04-14,79.1,2.41,5.05,"Ohtani, Shohei",660271,678821,single,hit_into_play,,,,,7.0,Shohei Ohtani singles on a ground ball to second baseman Adael Amador.,R,L,L,LAD,COL,X,4.0,ground_ball,2,2,2025,-0.86,-0.25,-0.63,1.46,,,,1,6,Bot,155.66,151.54,,,,,-4.958001638282934,-115.10948672958082,-0.5886844807318364,-6.775366647951432,21.22630130385936,-34.495254980855194,3.52,1.58,9.0,76.1,-9.0,78.5,2182.0,5.8,778326,696100,669911,691182,641857,678662,691728,666160,605361,54.66,0.056,0.056,0.9,1.0,1.0,0.0,2.0,50,5,Curveball,4,1,4,1,1,4,4,1,Strategic,Standard,322.0,0.009,0.44,67.0,8.4,0.06,-0.44,88.0,3,3,0.903,0.903,24,30,24,31,1,3,3.0,1.0,2.0,1.0,3.89,-0.86,-0.86,26.6,11.75677246875982,-12.035348011501323,34.873805377305516,47.61200028192012,31.04607861751379
CU,2025-04-14,80.4,-2.35,6.2,"Ohtani, Shohei",660271,622608,single,hit_into_play,,,,,7.0,Shohei Ohtani singles on a sharp line drive to right fielder Nick Martini.,R,L,R,LAD,COL,X,9.0,line_drive,2,2,2025,0.58,-0.44,-0.67,1.76,,,,0,1,Bot,180.83,87.78,,,,,2.618510992716842,-117.16944756610803,-2.434545946195149,4.948774107606267,19.251210694776113,-36.083683865013995,3.52,1.58,263.0,102.9,14.0,80.4,2054.0,5.9,778326,696100,669911,691182,641857,678662,691728,666160,605361,54.56,0.77,0.783,0.9,1.0,1.0,0.0,4.0,5,5,Curveball,0,0,0,0,0,0,0,0,Strategic,Standard,72.0,0.037,0.465,71.8,8.5,1.056,-0.465,102.9,0,0,0.546,0.546,30,30,30,31,1,0,5.0,1.0,6.0,1.0,3.92,-0.58,0.58,52.9,15.608827747005924,-7.2260952664879134,36.92208518187465,46.62909838743365,29.4111511036473
FF,2025-04-14,96.9,-2.03,5.11,"Ohtani, Shohei",660271,680767,field_out,hit_into_play,,,,,2.0,Shohei Ohtani flies out sharply to left fielder Zac Veen.,R,L,R,LAD,COL,X,7.0,fly_ball,1,0,2025,-0.66,1.2,0.06,2.98,,,,0,8,Bot,81.15,53.63,,,,,7.174699738828522,-141.03087700835482,-2.939729990559744,-10.398071687984746,31.784880946911407,-15.713094543444557,3.52,1.58,376.0,103.4,34.0,98.2,2224.0,7.0,778326,696100,669911,691182,641857,678662,691728,666160,605361,53.53,0.5292,1.0625,0.0,1.0,0.0,0.0,6.0,69,2,4-Seam Fastball,5,3,5,3,3,5,5,3,Standard,Standard,222.0,-0.007,-0.301,77.2,7.4,2.0945,0.301,103.4,2,2,0.939,0.939,25,30,26,31,1,4,1.0,1.0,2.0,1.0,1.23,0.66,-0.66,32.9,7.956455717034795,7.607104861276932,30.20123544842876,38.31794184438346,20.57190622728846
FF,2025-04-13,93.7,-1.64,5.44,"Ohtani, Shohei",660271,607067,field_out,hit_into_play,,,,,2.0,Shohei Ohtani flies out to left fielder Ian Happ.,R,L,R,LAD,CHC,X,7.0,fly_ball,2,1,2025,-0.57,1.31,-0.14,3.54,,,,0,3,Bot,63.65,115.81,,,,,5.156277865548894,-136.45527900725682,-2.098677385027094,-8.207683941337947,29.89371109846683,-15.501127294940186,3.52,1.58,259.0,91.4,51.0,94.5,2166.0,6.7,778331,608348,683737,663538,807713,621020,664023,691718,663656,53.79,0.01,0.012,0.0,1.0,0.0,0.0,3.0,21,4,4-Seam Fastball,1,1,1,1,1,1,1,1,Infield shade,Standard,220.0,-0.029,-0.305,76.7,7.0,0.016,0.305,91.4,0,0,0.559,0.559,34,30,35,31,2,1,6.0,1.0,5.0,1.0,1.28,0.57,-0.57,28.2,8.298295013431487,15.119996157933269,25.796782661305972,40.52511747479545,20.027664487946595
FF,2025-04-13,98.8,-1.5,6.36,"Ohtani, Shohei",660271,641745,field_out,hit_into_play,,,,,11.0,"Shohei Ohtani grounds out, second baseman Nico Hoerner to first baseman Michael Busch.",R,L,R,LAD,CHC,X,4.0,ground_ball,0,0,2025,-0.22,1.07,-0.43,3.67,,,,1,5,Bot,162.22,140.15,,,,,3.3992271530451013,-143.7113824519809,-4.319581703131946,-3.949831965657306,36.42218644841207,-16.54093105224155,3.52,1.58,12.0,94.9,-16.0,97.6,2358.0,5.8,778331,608348,683737,663538,807713,621020,664023,691718,663656,54.67,0.182,0.171,0.0,1.0,0.0,0.0,2.0,38,1,4-Seam Fastball,1,1,1,1,1,1,1,1,Infield shade,Standard,197.0,-0.022,-0.254,,,0.226,0.254,94.9,0,0,0.537,0.537,29,30,30,31,1,2,7.0,1.0,1.0,1.0,1.28,0.22,-0.22,46.3,,,,,
FF,2025-04-13,93.4,-0.66,5.66,"Ohtani, Shohei",660271,519151,field_out,hit_into_play,,,,,6.0,Shohei Ohtani grounds out to first baseman Michael Busch.,R,L,R,LAD,CHC,X,3.0,ground_ball,0,2,2025,-0.04,1.28,0.3,2.37,,,,2,9,Bot,161.38,159.35,,,,,2.5789376397233488,-135.99650602803746,-5.58695782619594,-1.0888103928621655,28.25707297898227,-15.232341441953412,3.52,1.58,10.0,89.6,-12.0,93.9,2562.0,6.5,778331,665804,683737,663538,807713,621020,664023,691718,663656,54.05,0.137,0.132,0.0,1.0,0.0,0.0,2.0,75,3,4-Seam Fastball,2,4,2,4,4,2,2,4,Infield shade,Standard,206.0,-0.015,-0.16,75.9,7.8,0.158,0.16,89.6,-2,-2,0.015,0.015,36,30,37,31,1,4,5.0,1.0,2.0,1.0,1.32,0.04,-0.04,53.9,8.874325153181962,1.1845162622287464,38.752922386005714,33.88328206181913,25.01434512117534
FF,2025-04-13,97.9,-1.82,6.02,"Ohtani, Shohei",660271,657240,field_out,hit_into_play,,,,,2.0,Shohei Ohtani lines out sharply to right fielder Kyle Tucker.,R,L,R,LAD,CHC,X,9.0,line_drive,1,2,2025,-0.56,1.47,-0.23,3.54,,,,0,7,Bot,183.02,73.55,,,,,5.637770758656336,-142.43570617007697,-4.6403940436948545,-8.940345294266944,33.3266354369007,-11.244814304734536,3.52,1.58,341.0,107.5,17.0,98.5,2358.0,6.7,778331,665804,683737,663538,807713,621020,664023,691718,663656,53.83,0.3864285714285714,0.5574285714285714,0.0,1.0,0.0,0.0,6.0,56,4,4-Seam Fastball,2,3,2,3,3,2,2,3,Standard,Standard,209.0,-0.036,-0.189,75.2,7.4,0.9881428571428572,0.189,107.5,-1,-1,0.352,0.352,33,30,34,31,1,3,1.0,1.0,2.0,1.0,0.91,0.56,-0.56,54.2,10.971946397461592,1.8374597081548056,24.890106411840268,40.5975078778777,26.70290619578513
KC,2025-04-12,86.6,-1.59,6.44,"Ohtani, Shohei",660271,676962,field_out,hit_into_play,,,,,8.0,Shohei Ohtani flies out to right fielder Kyle Tucker.,R,L,R,LAD,CHC,X,9.0,fly_ball,2,2,2025,0.16,-0.52,-0.18,1.87,,,,0,6,Bot,183.08,64.47,,,,,3.0615442512253983,-126.1273975662284,-3.679033807672565,1.0559087083387069,25.746173100825875,-37.165525868591814,3.51,1.59,360.0,94.2,30.0,87.2,2252.0,6.6,778345,608348,683737,663538,669398,621020,664023,691718,663656,53.89,0.122,0.188,0.0,1.0,0.0,0.0,3.0,45,5,Knuckle Curve,0,2,0,2,2,0,0,2,Infield shade,Standard,60.0,-0.032,-0.232,78.5,8.3,0.349,0.232,94.2,-2,-2,0.257,0.257,25,30,26,31,3,2,6.0,1.0,7.0,1.0,3.55,-0.16,0.16,45.7,16.148863408916757,-5.700035865096491,41.88561194674845,40.174006754086946,34.39225009650136
FF,2025-04-12,95.9,-1.62,6.27,"Ohtani, Shohei",660271,676962,field_out,hit_into_play,,,,,5.0,"Shohei Ohtani grounds out sharply, second baseman Nico Hoerner to first baseman Michael Busch.",R,L,R,LAD,CHC,X,4.0,ground_ball,0,0,2025,-0.68,1.44,0.19,2.43,,,,1,3,Bot,151.77,149.51,,,,,6.369417474168799,-139.45437935089652,-7.889724436781701,-10.287354273659524,30.33004239913304,-11.813433332546518,3.51,1.59,61.0,105.8,2.0,96.8,2221.0,6.8,778345,608348,683737,663538,457759,621020,664023,691718,663656,53.71,0.582,0.552,0.0,1.0,0.0,0.0,4.0,23,1,4-Seam Fastball,0,1,0,1,1,0,0,1,Standard,Standard,211.0,-0.019,-0.254,80.5,7.8,0.667,0.254,105.8,-1,-1,0.409,0.409,25,30,26,31,2,1,6.0,1.0,7.0,1.0,1.04,0.68,-0.68,47.7,11.2466006008038,-1.2655121211224056,39.040047088505034,36.12432866983622,26.72830523992059
FF,2025-04-12,95.9,-1.49,6.35,"Ohtani, Shohei",660271,676962,single,hit_into_play,,,,,8.0,Shohei Ohtani singles on a line drive to right fielder Kyle Tucker.,R,L,R,LAD,CHC,X,9.0,line_drive,2,2,2025,-0.56,1.38,0.22,2.18,,,,0,1,Bot,158.49,79.45,,,,,5.853478065057551,-139.45188146377205,-8.638992557398392,-8.563669763157684,29.03309427879494,-12.43725191975754,3.51,1.59,246.0,82.8,20.0,97.0,2155.0,6.8,778345,608348,683737,663538,457759,621020,664023,691718,663656,53.74,0.77,0.735,0.9,1.0,1.0,0.0,4.0,4,5,4-Seam Fastball,0,0,0,0,0,0,0,0,Infield shade,Standard,215.0,0.037,0.465,73.6,7.9,0.909,-0.465,88.0,0,0,0.546,0.546,25,30,26,31,1,0,6.0,1.0,7.0,1.0,1.09,0.56,-0.56,42.3,5.935597959843151,6.705999116179711,40.83394670110446,35.5247920350817,22.178827107097614
FF,2025-04-11,94.0,2.51,5.24,"Ohtani, Shohei",660271,571510,field_out,hit_into_play,,,,,3.0,Shohei Ohtani flies out to left fielder Ian Happ.,R,L,L,LAD,CHC,X,7.0,fly_ball,2,0,2025,1.21,0.93,0.31,2.92,,,624424.0,2,5,Bot,94.62,101.09,,,,,-8.382370283757439,-136.58814053776277,-2.302535418521255,17.015284137665986,33.08898689796266,-20.249336601541625,3.51,1.59,258.0,82.4,42.0,93.8,2419.0,6.5,778356,665804,683737,663538,807713,621020,664023,691718,663656,54.02,0.015,0.014,0.0,1.0,0.0,0.0,3.0,35,3,4-Seam Fastball,0,0,0,0,0,0,0,0,Infield shade,Standard,125.0,-0.039,-0.353,81.9,7.8,0.018,0.353,88.0,0,0,0.539,0.539,34,30,34,31,3,2,6.0,2.0,5.0,1.0,1.68,1.21,1.21,21.0,10.656414419630083,0.5939740106420084,34.44096339771091,36.45007646288883,22.84900921827151
FF,2025-04-11,94.6,2.46,5.42,"Ohtani, Shohei",660271,571510,field_out,hit_into_play,,,,,14.0,Shohei Ohtani grounds out to first baseman Michael Busch.,R,L,L,LAD,CHC,X,3.0,ground_ball,0,0,2025,1.12,1.04,1.01,2.53,,,,0,1,Bot,161.57,166.43,,,,,-6.293604246224478,-137.73238067990553,-4.202222735914205,15.598086600331898,28.97158478189172,-18.136108560738656,3.51,1.59,70.0,86.7,4.0,94.9,2432.0,6.3,778356,665804,683737,663538,807713,621020,664023,691718,663656,54.21,0.357,0.34,0.0,1.0,0.0,0.0,2.0,4,1,4-Seam Fastball,0,0,0,0,0,0,0,0,Infield shade,Standard,124.0,-0.022,-0.259,79.2,7.7,0.38,0.259,88.0,0,0,0.548,0.548,34,30,34,31,1,0,6.0,2.0,5.0,1.0,1.49,1.12,1.12,25.5,13.190545216946958,-3.4556099255608066,40.8459560200632,28.67853874989146,29.70541320345052
FF,2025-04-09,95.2,-1.65,5.74,"Ohtani, Shohei",660271,674285,single,hit_into_play,,,,,14.0,"Shohei Ohtani singles on a ground ball to pitcher Eduardo Salazar, deflected by second baseman Luis García Jr.",R,L,R,WSH,LAD,X,4.0,ground_ball,2,2,2025,-0.74,1.21,0.95,2.48,,,,1,7,Top,140.16,166.38,,,,,8.528706640418275,-138.36430910396652,-5.690494843917813,-11.27448857835797,28.372375253880957,-15.541242162412477,3.51,1.64,3.0,72.0,-42.0,96.2,2146.0,6.8,778392,660688,663993,671277,657557,682928,695578,686611,669743,53.75,0.154,0.144,0.9,1.0,1.0,0.0,2.0,55,5,4-Seam Fastball,5,5,5,5,5,5,5,5,Infield shade,Standard,219.0,-0.045,0.44,64.7,6.2,0.175,-0.44,88.0,0,0,0.542,0.4579999999999999,27,30,27,31,1,3,2.0,1.0,3.0,2.0,1.3,0.74,-0.74,37.9,-6.698032892993109,19.534949245547867,40.334805257510034,26.96058416733443,14.92741041561829
ST,2025-04-09,84.3,-0.97,5.72,"Ohtani, Shohei",660271,608371,field_out,hit_into_play,,,,,8.0,"Shohei Ohtani grounds out, pitcher Lucas Sims to first baseman Nathaniel Lowe.",R,L,R,WSH,LAD,X,1.0,ground_ball,0,2,2025,1.7,0.61,0.25,2.0,,,,1,9,Top,132.77,183.41,,,,,-0.530272865091365,-122.686799522638,-3.383775547002127,17.173547624291775,27.074286022317935,-25.5267633590018,3.51,1.64,2.0,64.9,-45.0,83.2,2989.0,5.8,778392,660688,663993,642708,657557,682928,695578,686611,669743,54.67,0.165,0.159,0.0,1.0,0.0,0.0,2.0,71,3,Sweeper,5,6,6,5,6,5,6,5,Infield shade,Standard,68.0,0.008,-0.163,66.4,7.0,0.165,0.163,88.0,-1,1,0.186,0.8140000000000001,31,30,31,31,1,4,2.0,1.0,2.0,2.0,2.62,-1.7,1.7,43.7,-1.7448842205509574,19.65176718883373,39.85602119933299,34.71912676647819,13.855395497114358
CH,2025-04-09,88.9,-2.49,5.47,"Ohtani, Shohei",660271,663623,single,hit_into_play,,,,,8.0,Shohei Ohtani singles on a sharp line drive to right fielder Alex Call.,R,L,R,WSH,LAD,X,9.0,line_drive,1,0,2025,-1.32,0.12,0.07,1.75,,,,0,1,Top,176.14,101.01,,,,,9.166615482429677,-129.16223250424989,-3.3251515273632073,-16.743867877920312,27.068572628973076,-30.351657497620277,3.51,1.64,200.0,106.7,12.0,90.0,2085.0,7.1,778392,660688,663993,671277,657557,682928,695578,686611,669743,53.43,0.911,0.93,0.9,1.0,1.0,0.0,5.0,1,2,Changeup,0,0,0,0,0,0,0,0,Infield shade,Standard,240.0,-0.032,0.396,79.7,8.4,1.225,-0.396,106.7,0,0,0.496,0.504,28,30,28,31,1,0,5.0,1.0,6.0,2.0,2.78,1.32,-1.32,19.8,17.98202290474573,-9.132190274314585,43.386461338609955,37.49122160409773,31.582649015304227
SI,2025-04-08,94.1,-1.76,6.27,"Ohtani, Shohei",660271,687377,field_out,hit_into_play,,,,,13.0,Shohei Ohtani lines out to left fielder Alex Call.,R,L,R,WSH,LAD,X,7.0,line_drive,0,0,2025,-1.59,0.69,-0.96,2.09,,,681624.0,1,7,Top,75.03,110.51,,,,,5.583370446936815,-136.79116765579195,-6.61600479075414,-21.211392218417696,30.960401769643024,-22.25387658274665,3.51,1.64,255.0,76.8,29.0,93.8,2481.0,6.2,778409,660688,663993,671277,642708,657557,669743,696285,686611,54.26,0.263,0.237,0.0,1.0,0.0,0.0,3.0,59,1,Sinker,8,1,1,8,1,8,1,8,Infield shade,Standard,214.0,0.004,-0.256,72.6,8.3,0.286,0.256,88.0,7,-7,0.991,0.009,27,30,27,31,2,3,4.0,1.0,116.0,1.0,1.9,1.59,-1.59,32.1,12.189323180005184,2.999069229845158,35.92654266822816,50.02967609605028,20.550825587483946
FC,2025-04-08,87.9,-2.2,6.04,"Ohtani, Shohei",660271,671131,single,hit_into_play,,,,,3.0,Shohei Ohtani singles on a ground ball to right fielder Dylan Crews.,R,L,R,WSH,LAD,X,9.0,ground_ball,2,1,2025,0.1,0.81,0.52,3.29,,,,0,9,Top,193.37,116.21,,,,,6.3817502370519374,-127.86422634130372,-2.1857521262662916,-0.3481195351199823,28.47036034815445,-23.050617588223897,3.51,1.64,77.0,105.5,3.0,87.5,2215.0,6.2,778409,656180,663993,671277,642708,657557,669743,696285,686611,54.27,0.605,0.584,0.9,1.0,1.0,0.0,4.0,75,4,Cutter,8,2,2,8,2,8,2,8,Infield shade,Standard,190.0,-0.003,0.392,77.8,7.6,0.708,-0.392,105.5,6,-6,0.997,0.003,26,30,26,31,1,4,,1.0,4.0,1.0,2.16,-0.1,0.1,33.0,22.12939391037101,-7.664825140475235,33.37197035053759,34.43172234728151,32.16886623129819
CH,2025-04-08,84.5,-1.85,6.22,"Ohtani, Shohei",660271,687377,field_out,hit_into_play,,,,,13.0,"Shohei Ohtani grounds out, second baseman Luis García Jr. to first baseman Nathaniel Lowe.",R,L,R,WSH,LAD,X,4.0,ground_ball,1,2,2025,-0.9,0.55,-0.85,2.21,,,,1,5,Top,163.47,150.16,,,,,4.157853202021428,-123.08008905776092,-4.208590245339028,-9.910556157606552,21.32046715933164,-25.98366391533013,3.51,1.64,50.0,86.0,2.0,85.7,1813.0,6.7,778409,660688,663993,671277,642708,657557,669743,696285,686611,53.8,0.294,0.278,0.0,1.0,0.0,0.0,2.0,41,4,Changeup,8,1,1,8,1,8,1,8,Strategic,Standard,233.0,0.002,-0.18,69.7,8.1,0.341,0.18,88.0,7,-7,0.984,0.016,27,30,27,31,1,2,4.0,1.0,116.0,1.0,2.6,0.9,-0.9,33.2,8.620902029439522,-7.976162007594783,31.45078975918245,50.03152577219135,27.21022775213521
SL,2025-04-07,87.3,1.66,5.84,"Ohtani, Shohei",660271,669022,triple,hit_into_play,,,,,5.0,Shohei Ohtani triples (1) on a sharp fly ball to right fielder Alex Call.,R,L,L,WSH,LAD,X,9.0,fly_ball,0,2,2025,0.18,0.21,-0.22,2.46,,,,2,5,Top,145.18,41.54,,,,,-4.965964978529421,-127.0538570880138,-2.373504235043443,3.044704888593607,29.106070010473516,-29.598987010564187,3.52,1.66,392.0,104.9,36.0,87.9,2105.0,6.9,778418,660688,663993,671277,677588,657557,695578,686611,669743,53.59,0.5809032258064516,1.1637096774193545,1.6,1.0,1.0,2.0,6.0,38,3,Slider,3,2,2,3,2,3,2,3,Infield shade,Standard,99.0,-0.043,0.733,75.7,8.1,2.29,-0.733,104.9,1,-1,0.698,0.302,26,30,26,31,3,2,5.0,1.0,6.0,1.0,2.81,0.18,0.18,54.8,15.237295664332922,-3.9222886132648775,33.97874557737077,42.151122214919866,30.321354978170255
FF,2025-04-07,94.4,1.67,5.91,"Ohtani, Shohei",660271,669022,home_run,hit_into_play,,,,,5.0,Shohei Ohtani homers (4) on a fly ball to right field. Chris Taylor scores.,R,L,L,WSH,LAD,X,,fly_ball,2,0,2025,0.31,1.53,0.06,2.5,,,621035.0,2,3,Top,215.0,74.28,,,,,-4.93515133125354,-137.28018994632345,-6.61748168076644,5.094132768580809,31.186167366303355,-11.587651200127173,3.52,1.66,378.0,101.9,28.0,95.1,2255.0,6.8,778418,660688,663993,671277,677588,657557,695578,686611,669743,53.71,0.585532258064516,1.134258064516129,2.0,1.0,0.0,3.0,6.0,21,3,4-Seam Fastball,2,0,0,2,2,2,2,2,Strategic,Standard,153.0,-0.191,2.143,80.8,8.4,2.2086290322580644,-2.143,101.9,2,-2,0.734,0.266,26,30,26,31,2,1,5.0,1.0,6.0,1.0,1.04,0.31,0.31,46.0,19.90269650468357,-10.034685577855509,36.84399019334925,40.37415880844089,35.63833059018581
FF,2025-04-07,95.7,2.07,5.77,"Ohtani, Shohei",660271,669022,single,hit_into_play,,,,,8.0,Shohei Ohtani singles on a ground ball to second baseman Luis García Jr.,R,L,L,WSH,LAD,X,4.0,ground_ball,1,0,2025,0.6,1.55,0.19,2.22,,,,0,1,Top,143.46,144.61,,,,,-6.35609399214967,-139.06235702116072,-7.29715108050657,9.152748148871517,30.226371928177382,-10.620932709051978,3.52,1.66,148.0,113.1,6.0,96.5,2275.0,6.7,778418,660688,663993,671277,677588,657557,695578,686611,669743,53.75,0.701,0.677,0.9,1.0,1.0,0.0,5.0,1,2,4-Seam Fastball,0,0,0,0,0,0,0,0,Standard,Standard,142.0,-0.032,0.396,76.9,7.8,0.854,-0.396,113.1,0,0,0.496,0.504,26,30,26,31,1,0,5.0,1.0,6.0,1.0,0.94,0.6,0.6,42.0,5.852823227257381,4.5288171421564005,36.37447603789386,38.36121996316717,25.70314165018615
SI,2025-04-06,99.5,1.21,6.59,"Ohtani, Shohei",660271,621237,field_out,hit_into_play,,,,,6.0,Shohei Ohtani grounds out to first baseman Bryce Harper.,R,L,L,PHI,LAD,X,3.0,ground_ball,0,1,2025,1.42,1.11,0.44,2.58,,,,0,9,Top,152.74,170.79,,,,,-5.521774370675022,-144.6499536550449,-8.280188896564017,21.23960678936306,33.98758185263102,-14.845749891568328,3.51,1.65,2.0,69.7,-52.0,100.7,2129.0,7.0,778434,665561,547180,681082,624641,607208,596146,669016,592206,53.49,0.235,0.23,0.0,1.0,0.0,0.0,2.0,77,2,Sinker,8,7,7,8,7,8,7,8,Standard,Standard,151.0,0.062,-0.22,71.3,7.4,0.241,0.22,88.0,1,-1,0.846,0.154,30,30,30,31,1,4,3.0,1.0,3.0,1.0,1.2,1.42,1.42,58.1,4.523767748011575,15.190858121759607,32.078894313989714,35.008967584214446,17.67584558302614
KC,2025-04-05,78.0,-2.24,5.18,"Ohtani, Shohei",660271,605400,field_out,hit_into_play,,,,,7.0,"Shohei Ohtani grounds out, second baseman Bryson Stott to first baseman Bryce Harper.",R,L,R,PHI,LAD,X,4.0,ground_ball,0,1,2025,1.27,-0.94,-0.65,2.16,,,,1,5,Top,141.99,147.97,,,,,1.079541660217366,-113.53143812237909,2.203498906837045,10.646478706459948,23.60804850526131,-40.9172649573792,3.5,1.64,103.0,90.3,8.0,77.7,2588.0,6.4,778448,592663,547180,681082,664761,607208,596146,669016,592206,54.13,0.516,0.474,0.0,1.0,0.0,0.0,4.0,34,2,Knuckle Curve,1,2,2,1,2,1,2,1,Strategic,Standard,57.0,0.015,-0.215,78.4,8.3,0.572,0.215,90.3,-1,1,0.389,0.611,32,30,32,31,3,2,6.0,1.0,6.0,1.0,4.73,-1.27,1.27,20.6,16.10992619552901,-3.5901105355051315,35.439640845096825,47.663220191212055,25.417519009957683
FF,2025-04-05,94.5,-2.53,5.96,"Ohtani, Shohei",660271,605452,field_out,hit_into_play,,,,,5.0,Shohei Ohtani flies out sharply to center fielder Brandon Marsh.,R,L,R,PHI,LAD,X,8.0,fly_ball,0,0,2025,-0.59,1.28,0.15,2.73,,,,2,7,Top,136.99,69.78,,,,,8.373260049984506,-137.30802304734053,-5.574188920399027,-9.378190624668187,32.273826490672405,-14.979365573411783,3.5,1.64,322.0,110.5,41.0,95.0,2084.0,6.8,778448,592663,547180,681082,664761,607208,596146,669016,592206,53.69,0.623,1.2635,0.0,1.0,0.0,0.0,6.0,50,1,4-Seam Fastball,1,3,3,1,3,1,3,1,Strategic,Standard,217.0,0.009,-0.26,82.4,7.9,2.487,0.26,110.5,-2,2,0.212,0.788,32,30,32,31,1,3,5.0,1.0,4.0,1.0,1.3,0.59,-0.59,35.1,16.786412246173924,-5.520150137227102,36.50370500518917,37.61720015516934,30.624850418262376
FF,2025-04-04,97.1,2.21,5.89,"Ohtani, Shohei",660271,666200,field_out,hit_into_play,,,,,2.0,Shohei Ohtani flies out sharply to center fielder Brandon Marsh.,R,L,L,PHI,LAD,X,8.0,fly_ball,0,0,2025,0.97,1.22,-0.21,2.95,,,,2,3,Top,104.88,45.91,,,,,-8.635900454598744,-141.05630899418344,-5.039437306079809,15.032873685520968,36.26416938500708,-14.973517417504643,3.43,1.63,343.0,110.1,32.0,96.0,2220.0,6.0,778459,592663,547180,681082,664761,607208,596146,669016,592206,54.48,0.9604166666666666,1.9441666666666668,0.0,1.0,0.0,0.0,6.0,18,1,4-Seam Fastball,1,0,0,1,0,1,0,1,Standard,Standard,126.0,0.012,-0.26,78.7,8.0,3.839833333333333,0.26,110.1,1,-1,0.657,0.3429999999999999,27,30,28,31,2,1,6.0,2.0,6.0,1.0,1.23,0.97,0.97,32.7,14.389785152234577,-2.222308829017742,29.65637443978003,42.873955664398224,26.56819429730867
FF,2025-04-04,90.6,3.49,5.39,"Ohtani, Shohei",660271,621381,single,hit_into_play,,,,,3.0,Shohei Ohtani singles on a sharp ground ball to right fielder Nick Castellanos. Miguel Rojas to 3rd.,R,L,L,PHI,LAD,X,9.0,ground_ball,2,1,2025,1.28,1.37,0.63,3.14,,,500743.0,2,8,Top,197.69,112.9,,,,,-9.871997760430547,-131.54392254865388,-2.5650144649249693,16.97323315323592,29.52121475460992,-15.931061701520102,3.43,1.63,40.0,104.3,-3.0,90.3,2469.0,6.3,778459,592663,547180,681082,664761,607208,596146,669016,592206,54.16,0.365,0.349,0.9,1.0,1.0,0.0,2.0,58,4,4-Seam Fastball,3,0,0,3,0,3,0,3,Standard,Standard,131.0,-0.025,0.307,80.1,7.7,0.386,-0.307,104.3,3,-3,0.952,0.048,33,30,34,31,1,3,2.0,2.0,2.0,1.0,1.43,1.28,1.28,31.5,14.763909786312816,-7.64073098319961,31.54775270971536,34.34155607542249,31.553021455059948
FF,2025-04-04,98.5,2.17,5.97,"Ohtani, Shohei",660271,666200,field_out,hit_into_play,,,,,5.0,Shohei Ohtani flies out sharply to left fielder Max Kepler.,R,L,L,PHI,LAD,X,7.0,fly_ball,2,1,2025,1.12,1.46,-0.07,2.6,,,,0,1,Top,79.31,118.21,,,,,-8.625577235294376,-142.9357553682396,-6.923149524144805,17.539744767382633,38.45307230175915,-10.752870259614308,3.43,1.63,234.0,100.5,52.0,97.0,2367.0,5.9,778459,592663,547180,681082,664761,607208,596146,669016,592206,54.55,0.02,0.034,0.0,1.0,0.0,0.0,3.0,1,4,4-Seam Fastball,0,0,0,0,0,0,0,0,Strategic,Standard,131.0,0.026,-0.305,78.8,8.3,0.054,0.305,100.5,0,0,0.496,0.504,27,30,28,31,1,0,6.0,2.0,6.0,1.0,0.94,1.12,1.12,42.4,16.206427220366763,-4.111716713805389,32.74678321588599,43.06516181673242,26.56024125920136
SL,2025-04-02,84.3,-0.57,6.39,"Ohtani, Shohei",660271,693821,field_out,hit_into_play,,,,,5.0,Shohei Ohtani flies out sharply to right fielder Stuart Fairchild.,R,L,R,LAD,ATL,X,9.0,fly_ball,2,2,2025,0.32,-0.08,0.07,2.59,,,,1,3,Bot,168.96,84.48,,,,,0.8405839923811965,-122.89504892856988,-2.3197559481895307,3.105029776426464,23.658326602308374,-32.74775941797034,3.38,1.62,303.0,110.3,50.0,83.8,2319.0,5.8,778472,644433,621566,645277,663586,669397,650559,642201,656413,54.74,0.104,0.195,0.0,1.0,0.0,0.0,5.0,27,6,Slider,2,5,2,5,5,2,2,5,Infield shade,Standard,27.0,-0.014,-0.228,81.7,8.5,0.375,0.228,110.3,-3,-3,0.21,0.21,26,30,26,31,2,1,,1.0,9.0,2.0,3.27,-0.32,0.32,58.2,21.31234363203326,-17.189853126054096,38.41534512652271,38.9497798916783,36.999621823083054
CH,2025-04-02,88.9,-1.91,5.39,"Ohtani, Shohei",660271,628452,home_run,hit_into_play,,,,,4.0,Shohei Ohtani homers (3) on a fly ball to center field.,R,L,R,LAD,ATL,X,,fly_ball,0,0,2025,-1.38,0.41,-0.76,2.62,,,,1,9,Bot,103.84,39.53,,,,,5.674078932594172,-129.3994248005521,-1.610239918714194,-16.694321486873722,26.319469274888643,-27.451151490395816,3.38,1.62,399.0,102.5,31.0,88.3,2064.0,5.8,778472,644433,621566,645277,663586,669397,672284,671739,656413,54.66,0.6044583333333331,1.195166666666667,2.0,1.0,0.0,3.0,6.0,78,1,Changeup,5,5,5,5,5,6,6,5,Infield shade,Standard,237.0,0.418,1.583,74.0,8.1,2.361083333333332,-1.583,102.5,0,0,0.582,0.582,35,30,35,31,1,4,2.0,1.0,6.0,2.0,2.47,1.38,-1.38,31.8,9.537494942231778,5.634404353613877,29.915918599522865,48.09068963433292,20.725460957546343
FF,2025-04-02,93.7,1.61,6.34,"Ohtani, Shohei",660271,669276,single,hit_into_play,,,,,12.0,Shohei Ohtani singles on a fly ball to left fielder Jarred Kelenic.,R,L,L,LAD,ATL,X,7.0,fly_ball,1,1,2025,0.71,1.58,0.93,3.41,,,,2,7,Bot,65.29,125.46,,,,,-3.312968468848391,-136.4113715915966,-5.328133861661244,9.58450487435792,29.17735175864749,-11.492784089669716,3.38,1.62,210.0,68.4,31.0,93.5,2414.0,6.1,778472,644433,621566,645277,663586,669397,672284,671739,656413,54.39,0.899,0.874,0.9,1.0,1.0,0.0,4.0,63,3,4-Seam Fastball,3,5,3,5,5,3,3,5,Infield shade,Standard,153.0,0.023,0.342,71.7,6.4,1.023,-0.342,88.0,-2,-2,0.153,0.153,30,30,31,31,1,3,1.0,1.0,6.0,2.0,1.01,0.71,0.71,47.2,1.578705828097437,17.7372935767081,32.873661429522905,28.734481509274115,16.23090262997469
FF,2025-04-02,94.6,-1.89,5.42,"Ohtani, Shohei",660271,660853,single,hit_into_play,,,,,4.0,Shohei Ohtani singles on a sharp line drive to right fielder Stuart Fairchild. Andy Pages to 3rd.,R,L,R,LAD,ATL,X,9.0,line_drive,2,2,2025,-0.79,1.13,-0.54,2.23,,,681624.0,0,5,Bot,190.64,91.98,,,,,5.253499609519791,-137.63128414097713,-5.115283861993622,-11.235710866954962,30.80772384940767,-16.931681094383165,3.38,1.62,268.0,101.6,15.0,94.0,2157.0,6.0,778472,644433,621566,645277,663586,669397,650559,642201,656413,54.53,0.648,0.664,0.9,1.0,1.0,0.0,4.0,44,5,4-Seam Fastball,3,5,3,5,5,3,3,5,Infield shade,Standard,231.0,0.122,0.511,75.1,8.5,0.904,-0.511,101.6,-2,-2,0.338,0.338,29,30,30,31,1,2,2.0,1.0,3.0,2.0,1.42,0.79,-0.79,24.0,11.037722147252142,-8.41075231605341,33.319944926629134,46.2169539395303,30.006067726188977
CH,2025-04-02,86.5,-0.85,6.48,"Ohtani, Shohei",660271,693821,field_out,hit_into_play,,,,,7.0,"Shohei Ohtani grounds out, first baseman Matt Olson to pitcher Bryce Elder.",R,L,R,LAD,ATL,X,3.0,ground_ball,0,2,2025,-1.02,0.52,-0.38,1.58,,,,0,1,Bot,155.09,161.17,,,,,3.184802722362132,-125.9733776847326,-6.622901476839861,-11.59618907933896,19.593643450834893,-25.666198316770043,3.38,1.62,39.0,91.2,0.0,86.6,2045.0,5.8,778472,644433,621566,645277,663586,669397,650559,642201,656413,54.71,0.337,0.321,0.0,1.0,0.0,0.0,2.0,7,4,Changeup,0,2,0,2,2,0,0,2,Infield shade,Standard,222.0,-0.015,-0.165,69.8,9.1,0.381,0.165,91.2,-2,-2,0.344,0.344,26,30,26,31,1,0,,1.0,9.0,2.0,2.46,1.02,-1.02,50.3,17.37348719148977,-11.052940957482338,39.33104375987851,44.09774914436629,34.092074949010666
SL,2025-04-01,79.0,3.12,4.7,"Ohtani, Shohei",660271,519242,single,hit_into_play,,,,,7.0,Shohei Ohtani singles on a line drive to right fielder Jarred Kelenic.,R,L,L,LAD,ATL,X,9.0,line_drive,0,2,2025,-1.23,-0.5,-0.34,1.84,,,,0,6,Bot,186.56,104.74,,,,,-5.2590522246513665,-115.01935458882686,1.4966373132275448,-9.930581840750763,21.283336144528967,-37.13560458936151,3.38,1.62,191.0,86.5,12.0,79.3,2369.0,6.4,778487,686948,621566,645277,663586,669397,650559,671739,672284,54.06,0.724,0.701,0.9,1.0,1.0,0.0,4.0,42,3,Slider,0,1,0,1,1,0,0,1,Infield shade,Standard,307.0,0.078,0.532,69.8,8.2,0.863,-0.532,88.0,-1,-1,0.382,0.382,36,30,36,31,3,2,5.0,1.0,7.0,1.0,4.15,-1.23,-1.23,6.4,6.816316081626717,-12.80103829002792,33.90564595609935,45.3533801890515,32.76583893253358
FF,2025-04-01,95.7,3.08,4.81,"Ohtani, Shohei",660271,519242,field_out,hit_into_play,,,,,6.0,"Shohei Ohtani grounds out sharply, shortstop Nick Allen to first baseman Matt Olson.",R,L,L,LAD,ATL,X,6.0,ground_ball,3,2,2025,1.08,0.6,0.34,2.79,,,,1,3,Bot,121.61,138.66,,,,,-9.676489229522671,-139.0761636453624,-1.0904637868487046,16.059662116941514,28.882707388398032,-24.28365587430423,3.38,1.62,55.0,103.8,0.0,96.3,2264.0,6.5,778487,686948,621566,645277,663586,669397,650559,671739,672284,53.96,0.466,0.424,0.0,1.0,0.0,0.0,4.0,21,8,4-Seam Fastball,0,1,0,1,1,0,0,1,Infield shade,Standard,114.0,-0.024,-0.332,72.3,7.2,0.508,0.332,103.8,-1,-1,0.414,0.414,36,30,36,31,2,1,5.0,1.0,7.0,1.0,1.88,1.08,1.08,7.9,0.919300527389344,16.15769707981968,31.017716267615224,37.806481882878934,18.196042339614237
FF,2025-04-01,94.2,1.48,6.47,"Ohtani, Shohei",660271,669276,field_out,hit_into_play,,,,,4.0,"Shohei Ohtani grounds out, second baseman Ozzie Albies to first baseman Matt Olson.",R,L,L,LAD,ATL,X,4.0,ground_ball,0,0,2025,0.36,1.63,-0.7,2.79,,,,2,7,Bot,137.88,139.96,,,,,-6.466168282711497,-136.98683039237875,-7.52768896533348,5.9148284811116,28.42422150718531,-10.092972543102238,3.38,1.62,28.0,95.9,-4.0,94.5,2160.0,6.4,778487,686948,621566,645277,663586,669397,650559,671739,642201,54.14,0.291,0.278,0.0,1.0,0.0,0.0,2.0,54,1,4-Seam Fastball,3,1,3,1,1,3,3,1,Infield shade,Standard,158.0,-0.006,-0.26,73.0,8.2,0.324,0.26,95.9,2,2,0.868,0.868,30,30,31,31,1,3,4.0,1.0,1.0,1.0,0.92,0.36,0.36,52.0,11.459341663083707,1.6944161217721485,29.0829252007402,48.59915693823913,21.05852521495735
SI,2025-04-01,91.6,3.04,4.61,"Ohtani, Shohei",660271,519242,field_out,hit_into_play,,,,,5.0,"Shohei Ohtani grounds out sharply, second baseman Ozzie Albies to first baseman Matt Olson.",R,L,L,LAD,ATL,X,4.0,ground_ball,0,1,2025,1.27,0.15,0.13,2.75,,,,0,1,Bot,150.53,145.27,,,,,-10.09557876045216,-133.0552355833725,0.8317408244460973,17.179436737275186,26.378432256725247,-30.801905741275956,3.38,1.62,14.0,100.0,-10.0,92.0,2012.0,6.4,778487,686948,621566,645277,663586,669397,650559,671739,672284,54.06,0.271,0.262,0.0,1.0,0.0,0.0,2.0,4,2,Sinker,0,0,0,0,0,0,0,0,Infield shade,Strategic,111.0,-0.019,-0.22,76.9,7.8,0.295,0.22,100.0,0,0,0.545,0.545,36,30,36,31,1,0,5.0,1.0,7.0,1.0,2.56,1.27,1.27,5.3,10.826595834127174,3.6736771447744454,29.992071236501825,40.32680498889589,25.06164979752453
FF,2025-03-29,95.1,-2.81,6.05,"Ohtani, Shohei",660271,681857,field_out,hit_into_play,,,,,2.0,Shohei Ohtani flies out sharply to left fielder Riley Greene.,R,L,R,LAD,DET,X,7.0,fly_ball,3,0,2025,-0.8,1.08,0.26,3.05,,,,0,3,Bot,89.84,110.52,,,,,9.733191528478072,-138.2085041478592,-4.573084765906841,-12.397471466316386,30.238223640247497,-17.5328241555733,3.36,1.6,240.0,101.5,57.0,94.1,2163.0,5.7,778533,668670,679529,690993,656716,700242,682985,668952,622534,54.75,0.01,0.011,0.0,1.0,0.0,0.0,3.0,26,4,4-Seam Fastball,2,2,2,2,2,2,2,2,Infield shade,Standard,224.0,-0.049,-0.529,80.0,7.7,0.018,0.529,101.5,0,0,0.579,0.579,25,30,26,31,2,1,,1.0,7.0,2.0,1.45,0.8,-0.8,42.6,16.25820404618061,-2.0362001255536857,33.40040984558603,35.33942938804117,25.099181042266192
KC,2025-03-28,78.1,-2.96,4.98,"Ohtani, Shohei",660271,656427,field_out,hit_into_play,,,,,7.0,"Shohei Ohtani grounds out sharply, second baseman Zach McKinstry to first baseman Colt Keith.",R,L,R,LAD,DET,X,4.0,ground_ball,2,1,2025,1.08,-0.69,-0.33,1.86,,,,0,6,Bot,149.76,144.79,,,,,3.687062768524111,-113.65283858295491,1.4339315282052716,8.696058178142895,21.13482308825801,-38.60070953712402,3.4,1.61,67.0,105.3,3.0,78.3,2382.0,6.5,778544,693307,690993,656716,595879,700242,682985,668952,681481,54.03,0.605,0.584,0.0,1.0,0.0,0.0,4.0,44,4,Knuckle Curve,0,2,0,2,2,0,0,2,Infield shade,Standard,56.0,-0.041,-0.305,76.5,8.2,0.708,0.305,105.3,-2,-2,0.266,0.266,29,30,30,31,3,2,,1.0,7.0,1.0,4.43,-1.08,1.08,24.3,13.246199107447891,6.550429346608728,41.0762463662899,42.51938439973379,25.565259506781093
FF,2025-03-28,92.5,-2.7,5.23,"Ohtani, Shohei",660271,656427,field_out,hit_into_play,,,,,2.0,Shohei Ohtani flies out sharply to center fielder Ryan Kreidler.,R,L,R,LAD,DET,X,8.0,fly_ball,1,0,2025,-0.07,1.12,0.2,3.07,,,,0,4,Bot,130.79,100.71,,,,,7.584543609972122,-134.63075192739026,-2.1648783907045868,-2.4420156204109507,27.450352461917976,-18.27879768575612,3.4,1.61,247.0,110.6,58.0,93.2,2179.0,6.5,778544,693307,690993,650402,656716,700242,682985,668952,681481,53.96,0.023,0.031,0.0,1.0,0.0,0.0,3.0,28,2,4-Seam Fastball,0,2,0,2,2,0,0,2,Infield shade,Standard,213.0,-0.034,-0.301,80.0,8.1,0.049,0.301,110.6,-2,-2,0.316,0.316,29,30,30,31,2,1,,1.0,7.0,1.0,1.53,0.07,-0.07,25.2,22.42987406815858,-7.477563705441192,34.57446987917867,36.593143151788254,31.54272911298405
FF,2025-03-28,96.1,-1.49,6.12,"Ohtani, Shohei",660271,689225,single,hit_into_play,,,,,7.0,Shohei Ohtani singles on a sharp ground ball to right fielder Manuel Margot. Will Smith to 3rd.,R,L,R,LAD,DET,X,9.0,ground_ball,1,0,2025,-0.33,1.44,-0.34,2.16,,,669257.0,1,10,Bot,179.83,122.37,,,,,3.733539669523041,-139.730932436488,-8.102476240154026,-5.091847742893695,29.934823493100374,-11.65770860973357,3.4,1.61,15.0,100.2,-8.0,95.4,2549.0,5.8,778544,693307,628451,656716,595879,700242,682985,668952,622534,54.68,0.281,0.265,0.9,1.0,1.0,0.0,2.0,81,2,4-Seam Fastball,5,5,5,5,5,5,5,5,Standard,Standard,202.0,0.182,0.371,82.3,8.5,0.308,-0.371,100.2,0,0,0.642,0.642,27,30,27,31,1,4,1.0,1.0,4.0,1.0,1.02,0.33,-0.33,48.3,13.110102304916143,-6.556835047697771,38.0910985788451,42.49955716002006,27.95084388637586
SI,2025-03-27,99.2,1.8,6.29,"Ohtani, Shohei",660271,669373,force_out,hit_into_play,,,,,6.0,"Shohei Ohtani grounds into a force out, second baseman Gleyber Torres to shortstop Javier Báez. Andy Pages out at 2nd. Shohei Ohtani to 1st.",R,L,L,LAD,DET,X,4.0,ground_ball,2,2,2025,1.05,1.11,0.65,2.66,,,681624.0,1,5,Bot,148.85,152.61,,,,,-5.58906326813872,-144.35941584607596,-7.140025861894668,15.948349941581055,32.27941904954298,-15.191521895507654,3.4,1.62,6.0,77.6,-24.0,99.5,2162.0,6.3,778546,668670,690993,650402,628451,595879,682985,668952,622534,54.15,0.056,0.056,0.0,1.0,0.0,0.0,2.0,43,5,Sinker,1,2,1,2,2,1,1,2,Infield shade,Standard,148.0,-0.04,-0.285,68.1,7.0,0.072,0.285,88.0,-1,-1,0.415,0.415,28,30,29,31,3,2,,8.0,6.0,1.0,1.2,1.05,1.05,48.1,1.638826875740968,14.633968158932555,35.89056193419452,32.25677845024861,17.768622963820974
SL,2025-03-27,91.9,1.74,6.36,"Ohtani, Shohei",660271,669373,single,hit_into_play,,,,,5.0,"Shohei Ohtani singles on a sharp ground ball to right fielder Manuel Margot, deflected by second baseman Gleyber Torres.",R,L,L,LAD,DET,X,4.0,ground_ball,2,2,2025,-0.37,0.2,0.13,2.27,,,,2,3,Bot,164.59,96.34,,,,,-3.271485248044867,-133.78767825170524,-4.972127331342747,-3.813825310775645,27.214280670623097,-28.93668506494666,3.4,1.62,54.0,109.0,0.0,92.0,2218.0,6.2,778546,668670,690993,650402,628451,595879,682985,668952,622534,54.3,0.489,0.44,0.9,1.0,1.0,0.0,4.0,22,5,Slider,1,0,1,0,0,1,1,0,Infield shade,Standard,181.0,0.012,0.362,79.5,7.8,0.496,-0.362,109.0,1,1,0.632,0.632,28,30,29,31,2,1,,8.0,6.0,1.0,2.48,-0.37,-0.37,49.7,8.778577905656611,-1.742408998201889,36.71806193916484,38.88323682616995,29.1271312729255
SI,2025-03-27,95.8,-2.85,5.55,"Ohtani, Shohei",660271,669724,home_run,hit_into_play,,,,,4.0,Shohei Ohtani homers (2) on a fly ball to left field.,R,L,R,LAD,DET,X,,fly_ball,3,2,2025,-1.26,0.44,-0.37,2.81,,,,2,7,Bot,45.38,64.87,,,,,9.366905556605165,-139.22850490679744,-2.617644120645953,-18.443269534365776,29.368237216019413,-26.033070713686257,3.4,1.62,391.0,108.9,25.0,95.6,2022.0,6.1,778546,668670,690993,650402,628451,656716,681481,682985,622534,54.38,0.9418529411764708,1.8855588235294116,2.0,1.0,0.0,3.0,6.0,61,6,Sinker,4,3,4,3,3,5,5,3,Infield shade,Standard,249.0,0.112,2.528,74.8,7.3,3.7178529411764702,-2.528,108.9,1,1,0.756,0.756,27,30,27,31,1,3,,8.0,4.0,1.0,2.04,1.26,-1.26,30.4,1.0128499036703025,14.958281524847571,32.042858505824455,43.859416273458365,16.76807501658061
FF,2025-03-27,98.0,1.18,6.41,"Ohtani, Shohei",660271,669373,field_out,hit_into_play,,,,,5.0,Shohei Ohtani grounds out sharply to first baseman Colt Keith.,R,L,L,LAD,DET,X,3.0,ground_ball,0,0,2025,0.43,1.33,-0.09,2.59,,,,0,1,Bot,164.3,163.55,,,,,-4.43615996139653,-142.65181450407687,-7.996810985624894,6.839055112447354,28.24991353930423,-12.456886099686177,3.4,1.62,4.0,109.6,-34.0,99.0,2230.0,6.5,778546,668670,690993,650402,628451,595879,682985,668952,622534,54.0,0.094,0.091,0.0,1.0,0.0,0.0,2.0,4,1,4-Seam Fastball,0,0,0,0,0,0,0,0,Infield shade,Standard,157.0,-0.022,-0.259,78.9,8.2,0.105,0.259,109.6,0,0,0.548,0.548,28,30,29,31,1,0,,8.0,6.0,1.0,1.02,0.43,0.43,59.2,10.363262435034894,0.5878211089242609,30.8959204652689,42.154054038894635,25.68538505150084
SI,2025-03-25,95.7,-1.81,6.1,"Ohtani, Shohei",660271,686799,double,hit_into_play,,,,,14.0,Shohei Ohtani doubles (3) on a line drive to center fielder Jo Adell.,S,L,R,LAA,LAD,X,8.0,line_drive,3,2,2025,-1.28,0.33,0.4,1.49,,,,1,3,Top,157.08,47.98,,,,,8.754824111492635,-138.97186925178465,-7.269026584316655,-18.600399900492313,31.838146299292667,-26.422418902276277,3.4,1.62,380.0,99.3,23.0,95.8,2240.0,6.5,787997,681351,694384,621028,650859,641313,621493,666176,624585,53.99,0.3188333333333333,,1.25,,1.0,1.0,5.0,18,6,Sinker,0,2,2,0,2,0,2,0,Infield shade,Standard,221.0,-0.031,0.563,78.6,8.4,0.9523333333333333,-0.563,99.3,-2,2,0.303,0.6970000000000001,24,30,25,31,2,1,,,,,2.18,1.28,-1.28,,14.336173412336445,-7.108425788412213,46.301444364775016,35.73642513859829,29.63944360556304
SL,2025-03-25,88.8,-2.0,5.99,"Ohtani, Shohei",660271,686799,field_out,hit_into_play,,,,,5.0,Shohei Ohtani flies out to left fielder Taylor Ward.,S,L,R,LAA,LAD,X,7.0,fly_ball,2,1,2025,0.1,0.16,0.25,2.77,,,,0,1,Top,44.31,111.47,,,,,5.298019570455616,-129.1580174627377,-2.0716431857381825,-0.108225711105467,30.01138887900572,-30.199825301618464,3.4,1.62,296.0,96.2,48.0,88.6,2742.0,6.5,787997,681351,694384,621028,650859,641313,621493,666176,624585,54.03,0.015,,0.0,,0.0,0.0,3.0,1,4,Slider,0,0,0,0,0,0,0,0,Infield shade,Standard,42.0,0.026,-0.305,78.8,7.6,0.04,0.305,96.2,0,0,0.496,0.504,24,30,25,31,1,0,,,,,2.77,-0.1,0.1,,11.191684077816578,0.2296904489283611,37.527194498013216,37.37761164542863,26.12146875044856
SI,2025-03-23,97.3,-1.01,6.03,"Ohtani, Shohei",660271,667755,field_out,hit_into_play,,,,,5.0,"Shohei Ohtani grounds out, second baseman Tim Anderson to first baseman Nolan Schanuel.",S,L,R,LAD,LAA,X,4.0,ground_ball,1,2,2025,-1.16,0.36,-0.03,2.29,,,,0,4,Bot,162.6,142.23,,,,,5.303837020419286,-141.70829612022783,-5.415586936611467,-16.78743373867795,29.84452725990724,-26.299260226850834,3.4,1.62,6.0,95.5,-21.0,98.1,1855.0,6.5,787998,681351,694384,641313,650859,621028,621493,666176,545361,53.98,0.091,,0.0,,0.0,0.0,2.0,26,4,Sinker,0,1,0,1,1,0,0,1,Infield shade,Standard,229.0,-0.022,-0.189,71.8,7.9,0.102,0.189,95.5,-1,-1,0.42,0.42,26,30,27,31,2,1,,,,,2.03,1.16,-1.16,,15.4905083940138,1.2627325987220472,36.95722819808899,39.62129342425949,24.191583508690464
SL,2025-03-19,83.8,2.18,6.0,"Ohtani, Shohei",660271,657006,field_out,hit_into_play,,,,,4.0,Shohei Ohtani grounds out to first baseman Michael Busch.,R,L,L,CHC,LAD,X,3.0,ground_ball,0,2,2025,-0.98,0.03,-0.33,2.41,,,,1,3,Top,160.56,156.93,,,,,-3.856537036497244,-121.99086584179396,-1.923794612122822,-8.998444249140253,25.27656098150134,-31.72422723101313,3.4,1.62,37.0,89.9,-1.0,83.6,2690.0,6.2,778564,608348,683737,542932,807713,621020,664023,691718,663656,54.27,0.291,0.274,0.0,1.0,0.0,0.0,2.0,17,3,Slider,0,2,2,0,2,0,2,0,,,302.0,0.008,-0.163,74.9,8.5,0.363,0.163,89.9,-2,2,0.311,0.6890000000000001,29,30,30,31,2,1,,1.0,8.0,8.0,3.23,-0.98,-0.98,,22.622677747344067,-7.521545786672059,30.70252247106673,,
FF,2025-03-19,99.1,-0.84,5.58,"Ohtani, Shohei",660271,663878,home_run,hit_into_play,,,,,8.0,"Umpire reviewed (home run), call on the field was upheld: Shohei Ohtani homers (1) on a fly ball to right center field.",R,L,R,CHC,LAD,X,,fly_ball,2,2,2025,-0.73,1.69,0.07,2.15,,,,1,5,Top,175.34,48.16,,,,,4.243490619318685,-143.99956743981843,-7.920354942433826,-11.103365590919571,37.83437128434704,-7.040841077797352,3.4,1.62,389.0,108.4,35.0,99.6,2390.0,7.0,778564,608348,683737,542932,807713,621020,664023,691718,663656,53.53,0.795,1.607875,2.0,1.0,0.0,3.0,6.0,39,5,4-Seam Fastball,2,5,5,2,6,2,6,2,Infield shade,Standard,212.0,-0.065,1.609,76.0,8.5,3.16875,-1.609,108.4,-3,3,0.177,0.823,28,30,29,31,1,2,,1.0,8.0,8.0,0.66,0.73,-0.73,43.7,12.65740515597529,-1.937935039660128,38.86562183073242,39.34048200719234,28.18359175960897
FF,2025-03-19,91.6,1.92,5.98,"Ohtani, Shohei",660271,657006,field_out,hit_into_play,,,,,2.0,Shohei Ohtani flies out to left fielder Ian Happ.,R,L,L,CHC,LAD,X,7.0,fly_ball,0,0,2025,0.29,1.41,-0.18,2.92,,,,0,1,Top,66.85,99.87,,,,,-5.9520589883214,-133.2992103341683,-4.969321288816611,4.71824954279433,29.10454127453185,-14.461387109323075,3.4,1.62,324.0,105.1,41.0,92.0,2375.0,6.6,778564,608348,683737,542932,807713,621020,664023,691718,663656,53.92,0.2845,0.56875,0.0,1.0,0.0,0.0,5.0,1,1,4-Seam Fastball,0,0,0,0,0,0,0,0,Infield shade,Standard,151.0,0.022,-0.259,78.0,8.0,1.12075,0.259,105.1,0,0,0.5,0.5,29,30,30,31,1,0,,1.0,8.0,8.0,1.31,0.29,0.29,,14.112526152600353,7.300934061169685,34.5240891804655,43.351722864496466,17.03464511589258
ST,2025-03-18,81.7,2.88,5.34,"Ohtani, Shohei",660271,684007,field_out,hit_into_play,,,,,1.0,Shohei Ohtani lines out to second baseman Jon Berti.,R,L,L,CHC,LAD,X,4.0,line_drive,2,2,2025,-1.21,0.51,-0.42,3.51,,,,1,3,Top,151.88,135.14,,,,,-5.073825505788887,-118.85889994225992,1.4573281004647534,-10.402607374932098,23.61546228332027,-27.831771134487997,3.4,1.62,176.0,96.6,10.0,81.2,2606.0,6.0,778563,665804,683737,542932,807713,621020,664023,691718,663656,54.46,0.744,0.677,0.0,1.0,0.0,0.0,4.0,19,5,Sweeper,1,0,0,1,0,1,0,1,Standard,Standard,279.0,0.017,-0.228,,,0.83,0.228,96.6,1,-1,0.64,0.36,31,30,32,31,2,1,,,11.0,1.0,2.91,-1.21,-1.21,34.4,,,,,
KC,2025-03-18,85.6,-1.47,6.59,"Ohtani, Shohei",660271,676962,single,hit_into_play,,,,,11.0,Shohei Ohtani singles on a sharp ground ball to right fielder Kyle Tucker. Andy Pages to 3rd.,R,L,R,CHC,LAD,X,9.0,ground_ball,0,2,2025,0.21,-0.06,-0.48,3.67,,,681624.0,1,5,Top,187.0,116.09,,,,,1.9331192761225555,-124.62752437109587,-0.4988705574737736,1.8249102529261336,25.3239376717829,-32.87344277021401,3.4,1.62,138.0,107.4,7.0,86.4,2479.0,6.8,778563,665804,683737,542932,807713,621020,664023,691718,663656,53.73,0.686,0.654,0.9,1.0,1.0,0.0,4.0,35,4,Knuckle Curve,1,0,0,1,0,1,0,1,Standard,Standard,71.0,-0.106,0.493,77.6,8.5,0.792,-0.493,107.4,1,-1,0.649,0.351,25,30,26,31,1,2,,,13.0,1.0,3.17,-0.21,0.21,50.0,16.157878068223592,-14.089669936118089,23.12674550938921,46.67821609493102,29.595931423969375
SL,2025-03-18,85.0,-1.42,5.81,"Ohtani, Shohei",660271,518489,double,hit_into_play,,,,,14.0,Shohei Ohtani doubles (1) on a sharp line drive to right fielder Kyle Tucker.,R,L,R,CHC,LAD,X,9.0,line_drive,2,2,2025,0.55,0.2,0.26,1.43,,,,0,9,Top,180.36,136.75,,,,,2.8680461697411377,-123.69928879546907,-4.35791550963676,5.05023247418765,24.870422638621495,-29.506088730883057,3.4,1.62,207.0,107.8,12.0,85.9,2477.0,6.9,778563,665804,683737,542932,807713,621020,664023,691718,663656,53.62,0.901,0.932,1.25,1.0,1.0,1.0,5.0,66,5,Slider,1,3,3,1,3,1,3,1,Infield shade,Standard,141.0,-0.023,0.744,76.1,8.9,1.242,-0.744,107.8,-2,2,0.077,0.923,37,30,38,31,1,4,,,67.0,1.0,2.96,-0.55,0.55,42.9,17.000608031158414,-10.417970262749366,43.94581953882206,36.89223700096184,32.998907257370064
FF,2025-03-18,93.1,2.45,5.46,"Ohtani, Shohei",660271,684007,field_out,hit_into_play,,,,,5.0,"Shohei Ohtani grounds out, second baseman Jon Berti to first baseman Michael Busch.",R,L,L,CHC,LAD,X,4.0,ground_ball,1,1,2025,1.06,1.66,-0.14,2.61,,,,0,1,Top,148.47,156.14,,,,,-8.947780123947547,-135.12106211363852,-5.039528608067547,15.10625630843935,34.55213335967046,-11.020533888017605,3.4,1.62,7.0,76.0,-20.0,92.1,2664.0,6.2,778563,665804,683737,542932,807713,621020,664023,691718,663656,54.29,0.071,0.07,0.0,1.0,0.0,0.0,2.0,1,3,4-Seam Fastball,0,0,0,0,0,0,0,0,Infield shade,Standard,147.0,0.021,-0.251,81.6,8.7,0.095,0.251,88.0,0,0,0.501,0.499,31,30,32,31,1,0,,,11.0,1.0,1.02,1.06,1.06,39.3,21.212752252041923,-17.459293963947527,32.491473385426204,43.0026571066421,37.667496787009185
